"AD_Org_ID[Name]","ZZLearnershipTitle","ZZLearnershipCode","ZZLearnershipType","ZZQualification_ID[ZZSaqaQualificationCode]","ZZNqfLevel","ZZCredits","ZZQualityAssuranceBody","Registrationstartdate","Registrationenddate","ZZMinimumElectiveCredits","IsActive","ZZMigrationCode/K","ZZMigrateValues",_LOG_
*,National Certificate Professional Driving Level 3,"26Q260009212053",,"13716","3",140,,2005-04-11 00:00:00.000,2005-04-11 00:00:00.000,0,Y,1,,"<ZZLearnership>: Inserted GenericPO[Table=1000257ID=1000786] / <ZZLearnership>: Inserted GenericPO[Table=1000257ID=1000786] / "
*,NQF 4 National Diploma In Abet Practices,"07Q070004121204",,"20838","4",120,,1900-01-01 00:00:00.000,1900-01-01 00:00:00.000,0,Y,2,,"<ZZLearnership>: Inserted GenericPO[Table=1000257ID=1000787] / <ZZLearnership>: Inserted GenericPO[Table=1000257ID=1000787] / "
*,Customer Management,"23Q230017211344",,"20907","4",134,,2005-09-13 00:00:00.000,2005-09-13 00:00:00.000,0,Y,3,,"<ZZLearnership>: Inserted GenericPO[Table=1000257ID=1000788] / <ZZLearnership>: Inserted GenericPO[Table=1000257ID=1000788] / "
*,National Certificate: Mining Operations: Underground Coal: Wall Mining,"16Q160080421273",,"21812","3",127,,2007-11-14 00:00:00.000,2007-11-14 00:00:00.000,0,Y,4,ZZLkpOfoOccupation:ZZLkpOfoOccupation_id:49,"<ZZLearnership>: Inserted GenericPO[Table=1000257ID=1000789] / <ZZLearnership>: Inserted GenericPO[Table=1000257ID=1000789] / "
*,National Certificate: Mining Operations: Underground Coal: Continuous Mining,"16Q1600746441303",,"21812","3",127,,2002-03-22 00:00:00.000,2002-03-22 00:00:00.000,0,Y,5,ZZLkpOfoOccupation:ZZLkpOfoOccupation_id:49,"<ZZLearnership>: Inserted GenericPO[Table=1000257ID=1000790] / <ZZLearnership>: Inserted GenericPO[Table=1000257ID=1000790] / "
*,National Certificate: Mining Operations: Underground Coal: Blasting Operations,"16Q160082441503",,"21812","3",149,,2007-11-14 00:00:00.000,2007-11-14 00:00:00.000,0,Y,6,ZZLkpOfoOccupation:ZZLkpOfoOccupation_id:49,"<ZZLearnership>: Inserted GenericPO[Table=1000257ID=1000791] / <ZZLearnership>: Inserted GenericPO[Table=1000257ID=1000791] / "
*,National Certificate: Engineering Maintenance and Repairing for Underground Coal Mining: Breaking Services,"16Q160058661842",,"21814","2",184,,1900-01-01 00:00:00.000,1900-01-01 00:00:00.000,0,Y,7,ZZLkpOfoOccupation:ZZLkpOfoOccupation_id:49,"<ZZLearnership>: Inserted GenericPO[Table=1000257ID=1000792] / <ZZLearnership>: Inserted GenericPO[Table=1000257ID=1000792] / "
*,National Certificate: Engineering Maintenance and Repairing for Underground Coal Mining: Wall Mining,"16Q160057581672",,"21814","2",167,,1900-01-01 00:00:00.000,1900-01-01 00:00:00.000,0,Y,8,ZZLkpOfoOccupation:ZZLkpOfoOccupation_id:49,"<ZZLearnership>: Inserted GenericPO[Table=1000257ID=1000793] / <ZZLearnership>: Inserted GenericPO[Table=1000257ID=1000793] / "
*,National Certificate: Engineering Maintenance and Repairing for Underground Coal Mining: Continuous Mining,"16Q160056692062",,"21814","2",206,,1900-01-01 00:00:00.000,1900-01-01 00:00:00.000,0,Y,9,ZZLkpOfoOccupation:ZZLkpOfoOccupation_id:49,"<ZZLearnership>: Inserted GenericPO[Table=1000257ID=1000794] / <ZZLearnership>: Inserted GenericPO[Table=1000257ID=1000794] / "
*,National Certificate: Engineering Maintenance and Repairing for Underground Coal Mining: Conventional Mining,"16Q160055702072",,"21814","2",207,,1900-01-01 00:00:00.000,1900-01-01 00:00:00.000,0,Y,10,ZZLkpOfoOccupation:ZZLkpOfoOccupation_id:49,"<ZZLearnership>: Inserted GenericPO[Table=1000257ID=1000795] / <ZZLearnership>: Inserted GenericPO[Table=1000257ID=1000795] / "
*,National Certificate: Engineering Maintenance: Underground Hard Rock (Metalliferous) : Horizontal Transport,"16Q160048501622",,"21815","3",139,,2002-03-22 00:00:00.000,2002-03-22 00:00:00.000,0,Y,11,ZZLkpOfoOccupation:ZZLkpOfoOccupation_id:49,"<ZZLearnership>: Inserted GenericPO[Table=1000257ID=1000796] / <ZZLearnership>: Inserted GenericPO[Table=1000257ID=1000796] / "
*,National Certificate: Engineering Maintenance: Underground Hard Rock (Metalliferous) : Stoping and Developing,"16Q16004951732",,"21815","3",173,,1900-01-01 00:00:00.000,1900-01-01 00:00:00.000,0,Y,12,ZZLkpOfoOccupation:ZZLkpOfoOccupation_id:49,"<ZZLearnership>: Inserted GenericPO[Table=1000257ID=1000797] / <ZZLearnership>: Inserted GenericPO[Table=1000257ID=1000797] / "
*,National Certificate: Engineering Maintenance: Underground Hard Rock (Metalliferous) :Horizontal Transport Services,"16Q160050611922",,"21815","3",197,,1900-01-01 00:00:00.000,1900-01-01 00:00:00.000,0,Y,13,ZZLkpOfoOccupation:ZZLkpOfoOccupation_id:49,"<ZZLearnership>: Inserted GenericPO[Table=1000257ID=1000798] / <ZZLearnership>: Inserted GenericPO[Table=1000257ID=1000798] / "
*,National Certificate: Winding Engine Driving,"16Q160007351763",,"21841","2",127,,2010-02-20 00:00:00.000,2010-02-20 00:00:00.000,0,Y,14,ZZLkpOfoOccupation:ZZLkpOfoOccupation_id:1396,"<ZZLearnership>: Inserted GenericPO[Table=1000257ID=1000799] / <ZZLearnership>: Inserted GenericPO[Table=1000257ID=1000799] / "
*,National Certificate: Surface Mining Rockbreaking,"16Q160001411572",,"21842","3",158,,2005-08-29 00:00:00.000,2005-08-29 00:00:00.000,0,Y,15,,"<ZZLearnership>: Inserted GenericPO[Table=1000257ID=1000800] / <ZZLearnership>: Inserted GenericPO[Table=1000257ID=1000800] / "
*,National Certificate: Jewellery Manufacture in a Mass Production Environment,"16Q160043271593",,"21844","3",159,,2003-06-02 00:00:00.000,2003-06-02 00:00:00.000,0,Y,16,,"<ZZLearnership>: Inserted GenericPO[Table=1000257ID=1000801] / <ZZLearnership>: Inserted GenericPO[Table=1000257ID=1000801] / "
*,National Certificate: Diamond Processing Operator: Bottom Sawn,"16Q160045551462",,"21846","2",129,,1900-01-01 00:00:00.000,1900-01-01 00:00:00.000,0,Y,17,,"<ZZLearnership>: Inserted GenericPO[Table=1000257ID=1000802] / <ZZLearnership>: Inserted GenericPO[Table=1000257ID=1000802] / "
*,National Certificate: Diamond Processing Operator: Bottom Makeable,"16Q160046551462",,"21846","2",129,,1900-01-01 00:00:00.000,1900-01-01 00:00:00.000,0,Y,18,,"<ZZLearnership>: Inserted GenericPO[Table=1000257ID=1000803] / <ZZLearnership>: Inserted GenericPO[Table=1000257ID=1000803] / "
*,National Certificate: Diamond Processing Operator: Top Makeable,"16Q160047601632",,"21846","2",129,,1900-01-01 00:00:00.000,1900-01-01 00:00:00.000,0,Y,19,,"<ZZLearnership>: Inserted GenericPO[Table=1000257ID=1000804] / <ZZLearnership>: Inserted GenericPO[Table=1000257ID=1000804] / "
*,National Certificate: Diamond Processing Operator: Top Sawn,"16Q160044551382",,"21846","2",129,,1900-01-01 00:00:00.000,1900-01-01 00:00:00.000,0,Y,20,,"<ZZLearnership>: Inserted GenericPO[Table=1000257ID=1000805] / <ZZLearnership>: Inserted GenericPO[Table=1000257ID=1000805] / "
*,Construction Plumber,"05Q050015201593",,"21853","3",146,,2005-04-07 00:00:00.000,2005-04-07 00:00:00.000,0,Y,21,,"<ZZLearnership>: Inserted GenericPO[Table=1000257ID=1000806] / <ZZLearnership>: Inserted GenericPO[Table=1000257ID=1000806] / "
*,General Security Officer's Learnership Level 3,"19Q190005321353",,"22490","3",135,,2005-04-26 00:00:00.000,2005-04-26 00:00:00.000,0,Y,22,,"<ZZLearnership>: Inserted GenericPO[Table=1000257ID=1000807] / <ZZLearnership>: Inserted GenericPO[Table=1000257ID=1000807] / "
*,Construction Carpenter (Formwork),"05Q050031211223",,"22670","3",122,,2005-04-07 00:00:00.000,2005-04-07 00:00:00.000,0,Y,23,,"<ZZLearnership>: Inserted GenericPO[Table=1000257ID=1000808] / <ZZLearnership>: Inserted GenericPO[Table=1000257ID=1000808] / "
*,Construction Mason (Face Brick Laying),"05Q050018181223",,"22671","3",122,,2005-04-07 00:00:00.000,2005-04-07 00:00:00.000,0,Y,24,,"<ZZLearnership>: Inserted GenericPO[Table=1000257ID=1000809] / <ZZLearnership>: Inserted GenericPO[Table=1000257ID=1000809] / "
*,Autotronics L2,"17Q170030001282",,"22858","2",128,,2002-12-04 00:00:00.000,2002-12-04 00:00:00.000,0,Y,25,,"<ZZLearnership>: Inserted GenericPO[Table=1000257ID=1000810] / <ZZLearnership>: Inserted GenericPO[Table=1000257ID=1000810] / "
*,National Certificate in Autotronics L3,"17q170030001413",,"22859","3",141,,2011-10-30 00:00:00.000,2011-10-30 00:00:00.000,0,Y,26,,"<ZZLearnership>: Inserted GenericPO[Table=1000257ID=1000811] / <ZZLearnership>: Inserted GenericPO[Table=1000257ID=1000811] / "
*,National Certificate: Diesel Mechanic: Surface Diamonds,"16Q160014001373",,"23624","3",146,,1900-01-01 00:00:00.000,1900-01-01 00:00:00.000,0,Y,27,ZZLkpOfoOccupation:ZZLkpOfoOccupation_id:1105,"<ZZLearnership>: Inserted GenericPO[Table=1000257ID=1000812] / <ZZLearnership>: Inserted GenericPO[Table=1000257ID=1000812] / "
*,National Certificate: Diesel Mechanic: Metalliferous,"16Q160013001493",,"23624","3",149,,2003-02-06 00:00:00.000,2003-02-06 00:00:00.000,0,Y,28,ZZLkpOfoOccupation:ZZLkpOfoOccupation_id:1105,"<ZZLearnership>: Inserted GenericPO[Table=1000257ID=1000813] / <ZZLearnership>: Inserted GenericPO[Table=1000257ID=1000813] / "
*,National Certificate: Diesel Mechanic: Coal,"16Q160012001623",,"23624","4",162,,2003-02-06 00:00:00.000,2003-02-06 00:00:00.000,0,Y,29,ZZLkpOfoOccupation:ZZLkpOfoOccupation_id:1105,"<ZZLearnership>: Inserted GenericPO[Table=1000257ID=1000814] / <ZZLearnership>: Inserted GenericPO[Table=1000257ID=1000814] / "
*,National Certificate Plater/Welder - Underground Diamonds,"16Q160015001683",,"21846","3",168,,2003-05-06 00:00:00.000,2003-05-06 00:00:00.000,0,Y,30,,"<ZZLearnership>: Inserted GenericPO[Table=1000257ID=1000815] / <ZZLearnership>: Inserted GenericPO[Table=1000257ID=1000815] / "
*,National Certificate: Electrical: Metalliferous,"16Q160041003404",,"23625","4",340,,2003-02-06 00:00:00.000,2003-02-06 00:00:00.000,0,Y,31,ZZLkpOfoOccupation:ZZLkpOfoOccupation_id:1165,"<ZZLearnership>: Inserted GenericPO[Table=1000257ID=1000816] / <ZZLearnership>: Inserted GenericPO[Table=1000257ID=1000816] / "
*,National Certificate: Electrical: Opencast,"16Q160040003294",,"23625","4",329,,2003-02-06 00:00:00.000,2003-02-06 00:00:00.000,0,Y,32,ZZLkpOfoOccupation:ZZLkpOfoOccupation_id:1165,"<ZZLearnership>: Inserted GenericPO[Table=1000257ID=1000817] / <ZZLearnership>: Inserted GenericPO[Table=1000257ID=1000817] / "
*,National Certificate: Electrical: Surface Coal,"16Q160039003444",,"23625","4",344,,2003-02-06 00:00:00.000,2003-02-06 00:00:00.000,0,Y,33,ZZLkpOfoOccupation:ZZLkpOfoOccupation_id:1165,"<ZZLearnership>: Inserted GenericPO[Table=1000257ID=1000818] / <ZZLearnership>: Inserted GenericPO[Table=1000257ID=1000818] / "
*,National Certificate: Electrical: Surface Diamonds,"16Q160042003014",,"23625","4",301,,2003-02-06 00:00:00.000,2003-02-06 00:00:00.000,0,Y,34,ZZLkpOfoOccupation:ZZLkpOfoOccupation_id:1165,"<ZZLearnership>: Inserted GenericPO[Table=1000257ID=1000819] / <ZZLearnership>: Inserted GenericPO[Table=1000257ID=1000819] / "
*,National Certificate: Electrical: Underground Coal,"16Q160038003494",,"23625","4",349,,2003-02-06 00:00:00.000,2003-02-06 00:00:00.000,0,Y,35,ZZLkpOfoOccupation:ZZLkpOfoOccupation_id:1165,"<ZZLearnership>: Inserted GenericPO[Table=1000257ID=1000820] / <ZZLearnership>: Inserted GenericPO[Table=1000257ID=1000820] / "
*,National Certificate: Electrical: Underground Diamonds,"16Q160037003134",,"23625","4",313,,2003-02-06 00:00:00.000,2003-02-06 00:00:00.000,0,Y,36,ZZLkpOfoOccupation:ZZLkpOfoOccupation_id:1165,"<ZZLearnership>: Inserted GenericPO[Table=1000257ID=1000821] / <ZZLearnership>: Inserted GenericPO[Table=1000257ID=1000821] / "
*,National Certificate: Fitting and Turning: Underground Diamonds,"16Q160032001593",,"23626","3",159,,2003-02-06 00:00:00.000,2003-02-06 00:00:00.000,0,Y,37,ZZLkpOfoOccupation:ZZLkpOfoOccupation_id:1090,"<ZZLearnership>: Inserted GenericPO[Table=1000257ID=1000822] / <ZZLearnership>: Inserted GenericPO[Table=1000257ID=1000822] / "
*,National Certificate: Fitting and Turning: Open Cast,"16Q160054001463",,"23626","3",146,,1900-01-01 00:00:00.000,1900-01-01 00:00:00.000,0,Y,38,ZZLkpOfoOccupation:ZZLkpOfoOccupation_id:1090,"<ZZLearnership>: Inserted GenericPO[Table=1000257ID=1000823] / <ZZLearnership>: Inserted GenericPO[Table=1000257ID=1000823] / "
*,National Certificate: Fitting and Turning: Surface Coal,"16Q160034001463",,"23626","3",146,,2003-02-06 00:00:00.000,2003-02-06 00:00:00.000,0,Y,39,ZZLkpOfoOccupation:ZZLkpOfoOccupation_id:1090,"<ZZLearnership>: Inserted GenericPO[Table=1000257ID=1000824] / <ZZLearnership>: Inserted GenericPO[Table=1000257ID=1000824] / "
*,National Certificate: Fitting and Turning: Surface Diamonds,"16Q160036001403",,"23626","3",140,,2003-02-06 00:00:00.000,2003-02-06 00:00:00.000,0,Y,40,ZZLkpOfoOccupation:ZZLkpOfoOccupation_id:1090,"<ZZLearnership>: Inserted GenericPO[Table=1000257ID=1000825] / <ZZLearnership>: Inserted GenericPO[Table=1000257ID=1000825] / "
*,National Certificate: Fitting and Turning: Underground Coal,"16Q160033001853",,"23626","3",185,,2003-02-06 00:00:00.000,2003-02-06 00:00:00.000,0,Y,41,ZZLkpOfoOccupation:ZZLkpOfoOccupation_id:1090,"<ZZLearnership>: Inserted GenericPO[Table=1000257ID=1000826] / <ZZLearnership>: Inserted GenericPO[Table=1000257ID=1000826] / "
*,National Certificate: Fitting and Turning: Metalliferous,"16Q160035002763",,"23626","3",276,,2003-02-06 00:00:00.000,2003-02-06 00:00:00.000,0,Y,42,ZZLkpOfoOccupation:ZZLkpOfoOccupation_id:1090,"<ZZLearnership>: Inserted GenericPO[Table=1000257ID=1000827] / <ZZLearnership>: Inserted GenericPO[Table=1000257ID=1000827] / "
*,National Certificate: Fitting (including machining) : Underground Coal,"16Q160024001533",,"23627","3",153,,2003-02-06 00:00:00.000,2003-02-06 00:00:00.000,0,Y,43,ZZLkpOfoOccupation:ZZLkpOfoOccupation_id:1102,"<ZZLearnership>: Inserted GenericPO[Table=1000257ID=1000828] / <ZZLearnership>: Inserted GenericPO[Table=1000257ID=1000828] / "
*,National Certificate: Fitting (including machining) : Underground Daimonds,"16Q160023001273",,"23627","3",127,,2003-02-06 00:00:00.000,2003-02-06 00:00:00.000,0,Y,44,ZZLkpOfoOccupation:ZZLkpOfoOccupation_id:1102,"<ZZLearnership>: Inserted GenericPO[Table=1000257ID=1000829] / <ZZLearnership>: Inserted GenericPO[Table=1000257ID=1000829] / "
*,National Certificate: Fitting (including machining) : Metalliferous,"16Q160026002443",,"23627","3",153,,2003-02-06 00:00:00.000,2003-02-06 00:00:00.000,0,Y,45,ZZLkpOfoOccupation:ZZLkpOfoOccupation_id:1102,"<ZZLearnership>: Inserted GenericPO[Table=1000257ID=1000830] / <ZZLearnership>: Inserted GenericPO[Table=1000257ID=1000830] / "
*,National Certificate: Fitting (including machining) : Surface Coal,"16Q160025001283",,"23627","3",128,,2003-02-06 00:00:00.000,2003-02-06 00:00:00.000,0,Y,46,ZZLkpOfoOccupation:ZZLkpOfoOccupation_id:1102,"<ZZLearnership>: Inserted GenericPO[Table=1000257ID=1000831] / <ZZLearnership>: Inserted GenericPO[Table=1000257ID=1000831] / "
*,National Certificate: Fitting (including machining) : Surface Diamonds,"16Q160027001203",,"23627","3",120,,2003-02-06 00:00:00.000,2003-02-06 00:00:00.000,0,Y,47,ZZLkpOfoOccupation:ZZLkpOfoOccupation_id:1102,"<ZZLearnership>: Inserted GenericPO[Table=1000257ID=1000832] / <ZZLearnership>: Inserted GenericPO[Table=1000257ID=1000832] / "
*,National Certificate: Fitting (including machining) : Open Cast,"16Q160053001463",,"23627","3",146,,1900-01-01 00:00:00.000,1900-01-01 00:00:00.000,0,Y,48,ZZLkpOfoOccupation:ZZLkpOfoOccupation_id:1102,"<ZZLearnership>: Inserted GenericPO[Table=1000257ID=1000833] / <ZZLearnership>: Inserted GenericPO[Table=1000257ID=1000833] / "
*,National Certificate: Instrumentation Mechanician,"16Q160008001764",,"23628","4",176,,2003-02-06 00:00:00.000,2003-02-06 00:00:00.000,0,Y,49,ZZLkpOfoOccupation:ZZLkpOfoOccupation_id:1174,"<ZZLearnership>: Inserted GenericPO[Table=1000257ID=1000834] / <ZZLearnership>: Inserted GenericPO[Table=1000257ID=1000834] / "
*,Management,"23Q230027371203",Non MQA learnership,"23654","3",120,,2003-10-08 00:00:00.000,2025-06-30 00:00:00.000,0,Y,50,,"<ZZLearnership>: Inserted GenericPO[Table=1000257ID=1000835] / <ZZLearnership>: Inserted GenericPO[Table=1000257ID=1000835] / "
*,Learnership Towards National Certificate - Supervisor,"23Q230028561404",,"23656","4",140,,2004-11-03 00:00:00.000,2004-11-03 00:00:00.000,0,Y,51,,"<ZZLearnership>: Inserted GenericPO[Table=1000257ID=1000836] / <ZZLearnership>: Inserted GenericPO[Table=1000257ID=1000836] / "
*,National Certificate: Rigger Ropesman: Open Cast,"16Q160010001273",,"23813","3",127,,2003-02-06 00:00:00.000,2003-02-06 00:00:00.000,0,Y,52,ZZLkpOfoOccupation:ZZLkpOfoOccupation_id:1079,"<ZZLearnership>: Inserted GenericPO[Table=1000257ID=1000837] / <ZZLearnership>: Inserted GenericPO[Table=1000257ID=1000837] / "
*,National Certificate: Rigger Ropesman: Surface / Underground,"16Q160009001273",,"23813","3",127,,2012-06-30 00:00:00.000,2012-06-30 00:00:00.000,0,Y,53,ZZLkpOfoOccupation:ZZLkpOfoOccupation_id:1079,"<ZZLearnership>: Inserted GenericPO[Table=1000257ID=1000838] / <ZZLearnership>: Inserted GenericPO[Table=1000257ID=1000838] / "
*,Community House Builder (Entrepreneurial),"05Q050061251552",,"24273","2",155,,2005-04-07 00:00:00.000,2005-04-07 00:00:00.000,0,Y,54,,"<ZZLearnership>: Inserted GenericPO[Table=1000257ID=1000839] / <ZZLearnership>: Inserted GenericPO[Table=1000257ID=1000839] / "
*,First Line Management,Q230033 34 152 5,,"24493","5",152,,2003-10-08 00:00:00.000,2003-10-08 00:00:00.000,0,Y,55,,"<ZZLearnership>: Inserted GenericPO[Table=1000257ID=1000840] / <ZZLearnership>: Inserted GenericPO[Table=1000257ID=1000840] / "
*,First Line Manager,"23Q230033341525",,"24493","5",152,,1900-01-01 00:00:00.000,1900-01-01 00:00:00.000,0,Y,56,,"<ZZLearnership>: Inserted GenericPO[Table=1000257ID=1000841] / <ZZLearnership>: Inserted GenericPO[Table=1000257ID=1000841] / "
*,Payroll Administration,"23Q230031261534",,"35927","3",153,,2005-04-07 00:00:00.000,2005-04-07 00:00:00.000,0,Y,57,,"<ZZLearnership>: Inserted GenericPO[Table=1000257ID=1000842] / <ZZLearnership>: Inserted GenericPO[Table=1000257ID=1000842] / "
*,National Certificate in Measurement Control and Instrumentation,"08Q080034281392",,"48695","2",139,,2004-04-07 00:00:00.000,2004-04-07 00:00:00.000,0,Y,58,ZZLkpOfoOccupation:ZZLkpOfoOccupation_id:1112,"<ZZLearnership>: Inserted GenericPO[Table=1000257ID=1000843] / <ZZLearnership>: Inserted GenericPO[Table=1000257ID=1000843] / "
*,National Certificate in Measurement Control and Instrumentaion,"08Q080035251503",,"48696 ","3",150,,2004-04-07 00:00:00.000,2004-04-07 00:00:00.000,0,Y,59,ZZLkpOfoOccupation:ZZLkpOfoOccupation_id:1112,"<ZZLearnership>: Inserted GenericPO[Table=1000257ID=1000844] / <ZZLearnership>: Inserted GenericPO[Table=1000257ID=1000844] / "
*,"National Certificate: Occupational Safety, Hygiene and Environment","16Q160065571412",,"48804","1",135,,2006-06-12 00:00:00.000,2006-06-12 00:00:00.000,0,Y,60,,"<ZZLearnership>: Inserted GenericPO[Table=1000257ID=1000845] / <ZZLearnership>: Inserted GenericPO[Table=1000257ID=1000845] / "
*,Chartered Accountant: Financial Management,"01Q010002004807",,"48912","7",480,,2003-08-13 00:00:00.000,2003-08-13 00:00:00.000,0,Y,61,,"<ZZLearnership>: Inserted GenericPO[Table=1000257ID=1000846] / <ZZLearnership>: Inserted GenericPO[Table=1000257ID=1000846] / "
*,Associate General Accountant,"01Q0100030036066",,"48914","6",606,,2003-08-13 00:00:00.000,2003-08-13 00:00:00.000,0,Y,62,,"<ZZLearnership>: Inserted GenericPO[Table=1000257ID=1000847] / <ZZLearnership>: Inserted GenericPO[Table=1000257ID=1000847] / "
*,"National Certificate: Mineral Processing, Gold Extraction","16Q160071421243",,"49044","1",124,,2007-03-07 00:00:00.000,2007-03-07 00:00:00.000,0,Y,63,,"<ZZLearnership>: Inserted GenericPO[Table=1000257ID=1000848] / <ZZLearnership>: Inserted GenericPO[Table=1000257ID=1000848] / "
*,National Certificate: Lump Ore Beneficiation: Jig Concentration,"16Q160064611632",,"49045","2",163,,2005-09-20 00:00:00.000,2005-09-20 00:00:00.000,0,Y,64,,"<ZZLearnership>: Inserted GenericPO[Table=1000257ID=1000849] / <ZZLearnership>: Inserted GenericPO[Table=1000257ID=1000849] / "
*,National Certificate: Lump Ore Beneficiation: Dense Medium Separation,"16Q160062611632",,"49045","2",163,,2005-09-20 00:00:00.000,2005-09-20 00:00:00.000,0,Y,65,,"<ZZLearnership>: Inserted GenericPO[Table=1000257ID=1000850] / <ZZLearnership>: Inserted GenericPO[Table=1000257ID=1000850] / "
*,Learnership National Certificate Furniture Making Wood,"10Q100028001332",,"49091","2",133,,2004-08-02 00:00:00.000,2004-08-02 00:00:00.000,0,Y,66,,"<ZZLearnership>: Inserted GenericPO[Table=1000257ID=1000851] / <ZZLearnership>: Inserted GenericPO[Table=1000257ID=1000851] / "
*,Further Education and Training Certificate: Minerals ,"16Q160069441484",,"50082","4",148,,2006-12-08 00:00:00.000,2006-12-08 00:00:00.000,0,Y,67,ZZLkpOfoOccupation:ZZLkpOfoOccupation_id:528,"<ZZLearnership>: Inserted GenericPO[Table=1000257ID=1000852] / <ZZLearnership>: Inserted GenericPO[Table=1000257ID=1000852] / "
*,National Certificate: Rockbreaking: Quarrying: Quarries,"16Q160072483693",,"57121","3",160,,2007-03-07 00:00:00.000,2007-03-07 00:00:00.000,0,Y,68,,"<ZZLearnership>: Inserted GenericPO[Table=1000257ID=1000853] / <ZZLearnership>: Inserted GenericPO[Table=1000257ID=1000853] / "
*,National Certificate: Rockbreaking: Quarrying: Dimension Stone,"16Q160073481603",,"57121","3",160,,2007-03-07 00:00:00.000,2007-03-07 00:00:00.000,0,Y,69,,"<ZZLearnership>: Inserted GenericPO[Table=1000257ID=1000854] / <ZZLearnership>: Inserted GenericPO[Table=1000257ID=1000854] / "
*,Further Education and Training Certificate: Carbonate Materials Manufacturing Processes: Lime Manufacturing,"16Q160075261594",,"57692","4",170,,2007-03-07 00:00:00.000,2007-03-07 00:00:00.000,0,Y,70,ZZLkpOfoOccupation:ZZLkpOfoOccupation_id:1444,"<ZZLearnership>: Inserted GenericPO[Table=1000257ID=1000855] / <ZZLearnership>: Inserted GenericPO[Table=1000257ID=1000855] / "
*,Further Education and Training Certificate: Jewellery Designing,"16Q160079311464",,"57875","4",146,,2007-10-08 00:00:00.000,2007-10-08 00:00:00.000,0,Y,71,ZZLkpOfoOccupation:ZZLkpOfoOccupation_id:1117,"<ZZLearnership>: Inserted GenericPO[Table=1000257ID=1000856] / <ZZLearnership>: Inserted GenericPO[Table=1000257ID=1000856] / "
*,Further Education and Training Certificate: Jewellery Manufacturing Operations,"16Q160078291504",,"57876","4",150,,2007-10-11 00:00:00.000,2007-10-11 00:00:00.000,0,Y,72,ZZLkpOfoOccupation:ZZLkpOfoOccupation_id:1272,"<ZZLearnership>: Inserted GenericPO[Table=1000257ID=1000857] / <ZZLearnership>: Inserted GenericPO[Table=1000257ID=1000857] / "
*,National Certificate: Electro-Mechanics: Mining and Minerals,"16Q160083471662 ",,"60293","2",166,,2007-05-02 00:00:00.000,2007-05-02 00:00:00.000,0,Y,73,,"<ZZLearnership>: Inserted GenericPO[Table=1000257ID=1000858] / <ZZLearnership>: Inserted GenericPO[Table=1000257ID=1000858] / "
*,Further Education and Training Certificate: Electro-Mechanics: Mining and Minerals,"16Q160085291714 ",,"60295","4",171,,2007-05-02 00:00:00.000,2007-05-02 00:00:00.000,0,Y,74,ZZLkpOfoOccupation:ZZLkpOfoOccupation_id:1167,"<ZZLearnership>: Inserted GenericPO[Table=1000257ID=1000859] / <ZZLearnership>: Inserted GenericPO[Table=1000257ID=1000859] / "
*,National Certificate: Electro-Mechanics: Mining and Minerals,"16Q160077471413",,"60294","3",141,,2007-05-02 00:00:00.000,2007-05-02 00:00:00.000,0,Y,75,ZZLkpOfoOccupation:ZZLkpOfoOccupation_id:1167,"<ZZLearnership>: Inserted GenericPO[Table=1000257ID=1000860] / <ZZLearnership>: Inserted GenericPO[Table=1000257ID=1000860] / "
*,National Certificate: Electro-Mechanics: Mining and Minerals,"16Q160084441413 ",,"60294","3",141,,2007-05-02 00:00:00.000,2007-05-02 00:00:00.000,0,Y,76,ZZLkpOfoOccupation:ZZLkpOfoOccupation_id:1167,"<ZZLearnership>: Inserted GenericPO[Table=1000257ID=1000861] / <ZZLearnership>: Inserted GenericPO[Table=1000257ID=1000861] / "
*,Further Education and Training Certificate: Engineering Fabrication ,"16Q160092282344",,"60292","4",234,,2007-08-16 00:00:00.000,2007-08-16 00:00:00.000,0,Y,77,ZZLkpOfoOccupation:ZZLkpOfoOccupation_id:192,"<ZZLearnership>: Inserted GenericPO[Table=1000257ID=1000862] / <ZZLearnership>: Inserted GenericPO[Table=1000257ID=1000862] / "
*,National Certificate: Mining Operations for Underground Hard Rock: Conventional Mining,"16Q160086991302 ",,"58739","2",130,,2007-08-16 00:00:00.000,2007-08-16 00:00:00.000,0,Y,78,ZZLkpOfoOccupation:ZZLkpOfoOccupation_id:1256,"<ZZLearnership>: Inserted GenericPO[Table=1000257ID=1000863] / <ZZLearnership>: Inserted GenericPO[Table=1000257ID=1000863] / "
*,National Certificate: Mining Operations for Underground Hard Rock: Mechanised Mining,"16Q160089991302",,"58739","2",130,,2007-08-16 00:00:00.000,2007-08-16 00:00:00.000,0,Y,79,ZZLkpOfoOccupation:ZZLkpOfoOccupation_id:1256,"<ZZLearnership>: Inserted GenericPO[Table=1000257ID=1000864] / <ZZLearnership>: Inserted GenericPO[Table=1000257ID=1000864] / "
*,National Certificate: Rock Breaking Underground Hard Rock: Conventional Mining,"16Q160088331263 ",,"58760","3",126,,2012-06-30 00:00:00.000,2012-06-30 00:00:00.000,0,Y,80,ZZLkpOfoOccupation:ZZLkpOfoOccupation_id:1256,"<ZZLearnership>: Inserted GenericPO[Table=1000257ID=1000865] / <ZZLearnership>: Inserted GenericPO[Table=1000257ID=1000865] / "
*,National Certificate: Rock Breaking Underground Hard Rock: Mechanised Mining,"16Q160087331293",,"58760","3",126,,2007-08-16 00:00:00.000,2007-08-16 00:00:00.000,0,Y,81,ZZLkpOfoOccupation:ZZLkpOfoOccupation_id:1256,"<ZZLearnership>: Inserted GenericPO[Table=1000257ID=1000866] / <ZZLearnership>: Inserted GenericPO[Table=1000257ID=1000866] / "
*,National Certificate: Mineral Processing: Base Metals,"16Q160094641292",,"59305","2",129,,2007-11-28 00:00:00.000,2007-11-28 00:00:00.000,0,Y,82,ZZLkpOfoOccupation:ZZLkpOfoOccupation_id:1258,"<ZZLearnership>: Inserted GenericPO[Table=1000257ID=1000867] / <ZZLearnership>: Inserted GenericPO[Table=1000257ID=1000867] / "
*,National Certificate: Lump Ore Beneficiation: Diamonds,"16Q160061611632",,"49045","2",163,,2004-12-02 00:00:00.000,1900-01-01 00:00:00.000,0,Y,83,,"<ZZLearnership>: Inserted GenericPO[Table=1000257ID=1000868] / <ZZLearnership>: Inserted GenericPO[Table=1000257ID=1000868] / "
*,National Certificate: Lump Ore Beneficiation: Heavy Minerals,"16Q160063611632",,"49045","2",0,,2004-12-02 00:00:00.000,1900-01-01 00:00:00.000,0,Y,84,,"<ZZLearnership>: Inserted GenericPO[Table=1000257ID=1000869] / <ZZLearnership>: Inserted GenericPO[Table=1000257ID=1000869] / "
*,National Certificate: Engineering Fabrication,"16Q160090442142",,"60290","2",148,,2007-08-16 00:00:00.000,2007-08-16 00:00:00.000,0,Y,85,ZZLkpOfoOccupation:ZZLkpOfoOccupation_id:192,"<ZZLearnership>: Inserted GenericPO[Table=1000257ID=1000870] / <ZZLearnership>: Inserted GenericPO[Table=1000257ID=1000870] / "
*,National Certificate: Engineering Fabrication,"16Q160091512863",,"60291","3",0,,1900-01-01 00:00:00.000,1900-01-01 00:00:00.000,0,Y,86,ZZLkpOfoOccupation:ZZLkpOfoOccupation_id:192,"<ZZLearnership>: Inserted GenericPO[Table=1000257ID=1000871] / <ZZLearnership>: Inserted GenericPO[Table=1000257ID=1000871] / "
*,National Certificate: Occupational Hygiene and Safety,"16Q160068541443",,"79826","3",144,,2008-10-20 00:00:00.000,2008-10-20 00:00:00.000,0,Y,87,,"<ZZLearnership>: Inserted GenericPO[Table=1000257ID=1000872] / <ZZLearnership>: Inserted GenericPO[Table=1000257ID=1000872] / "
*,National Certificate: Plater/Boilermaker: Coal,"16Q160020001343",,"23630","3",0,,1900-01-01 00:00:00.000,1900-01-01 00:00:00.000,0,Y,88,ZZLkpOfoOccupation:ZZLkpOfoOccupation_id:1074,"<ZZLearnership>: Inserted GenericPO[Table=1000257ID=1000873] / <ZZLearnership>: Inserted GenericPO[Table=1000257ID=1000873] / "
*,National Certificate: Plater/Boilermaker: Diamonds Open Cast,"16Q160022001493",,"23630","3",0,,1900-01-01 00:00:00.000,1900-01-01 00:00:00.000,0,Y,89,ZZLkpOfoOccupation:ZZLkpOfoOccupation_id:1074,"<ZZLearnership>: Inserted GenericPO[Table=1000257ID=1000874] / <ZZLearnership>: Inserted GenericPO[Table=1000257ID=1000874] / "
*,National Certificate: Plater/Boilermaker: Metalliferous,"16Q160021001733",,"23630","3",0,,1900-01-01 00:00:00.000,1900-01-01 00:00:00.000,0,Y,90,ZZLkpOfoOccupation:ZZLkpOfoOccupation_id:1074,"<ZZLearnership>: Inserted GenericPO[Table=1000257ID=1000875] / <ZZLearnership>: Inserted GenericPO[Table=1000257ID=1000875] / "
*,National Certificate: Plater/Boilermaker: Opencast,"16Q160019001323",,"23630","3",0,,1900-01-01 00:00:00.000,1900-01-01 00:00:00.000,0,Y,91,ZZLkpOfoOccupation:ZZLkpOfoOccupation_id:1074,"<ZZLearnership>: Inserted GenericPO[Table=1000257ID=1000876] / <ZZLearnership>: Inserted GenericPO[Table=1000257ID=1000876] / "
*,National Certificate Plater/Welder - Coal,"16Q160016001333",,"23631","3",0,,1900-01-01 00:00:00.000,1900-01-01 00:00:00.000,0,Y,92,ZZLkpOfoOccupation:ZZLkpOfoOccupation_id:1070,"<ZZLearnership>: Inserted GenericPO[Table=1000257ID=1000877] / <ZZLearnership>: Inserted GenericPO[Table=1000257ID=1000877] / "
*,National Certificate: Plater/Welder: Metalliferous,"16Q160017001773",,"23631","3",0,,1900-01-01 00:00:00.000,1900-01-01 00:00:00.000,0,Y,93,ZZLkpOfoOccupation:ZZLkpOfoOccupation_id:1070,"<ZZLearnership>: Inserted GenericPO[Table=1000257ID=1000878] / <ZZLearnership>: Inserted GenericPO[Table=1000257ID=1000878] / "
*,National Certificate: Plater/Welder: Open Cast,"16Q160051001463",,"23631","3",0,,1900-01-01 00:00:00.000,1900-01-01 00:00:00.000,0,Y,94,ZZLkpOfoOccupation:ZZLkpOfoOccupation_id:1070,"<ZZLearnership>: Inserted GenericPO[Table=1000257ID=1000879] / <ZZLearnership>: Inserted GenericPO[Table=1000257ID=1000879] / "
*,National Certificate: Plater/Welder: Underground Diamonds,"16Q160018001623",,"23631","3",0,,1900-01-01 00:00:00.000,1900-01-01 00:00:00.000,0,Y,95,ZZLkpOfoOccupation:ZZLkpOfoOccupation_id:1070,"<ZZLearnership>: Inserted GenericPO[Table=1000257ID=1000880] / <ZZLearnership>: Inserted GenericPO[Table=1000257ID=1000880] / "
*,National Certificate: Plater/Welder: Diamonds Opencast,"16Q160018001523",,"23631","3",0,,1900-01-01 00:00:00.000,1900-01-01 00:00:00.000,0,Y,96,ZZLkpOfoOccupation:ZZLkpOfoOccupation_id:1070,"<ZZLearnership>: Inserted GenericPO[Table=1000257ID=1000881] / <ZZLearnership>: Inserted GenericPO[Table=1000257ID=1000881] / "
*,National Certificate: Rockbreaking: Underground Hard Rock,"16Q160067321303",,"49014","3",130,,2007-04-03 00:00:00.000,2007-04-03 00:00:00.000,0,Y,97,,"<ZZLearnership>: Inserted GenericPO[Table=1000257ID=1000882] / <ZZLearnership>: Inserted GenericPO[Table=1000257ID=1000882] / "
*,National Certificate: Mining Operations: Underground Hard Rock,"16Q160066551402",,"49013","2",140,,1900-01-01 00:00:00.000,1900-01-01 00:00:00.000,0,Y,98,,"<ZZLearnership>: Inserted GenericPO[Table=1000257ID=1000883] / <ZZLearnership>: Inserted GenericPO[Table=1000257ID=1000883] / "
*,Further Education and Training Certificate: Carbonate Materials Manufacturing Processes: Cement Manufacturing,"16Q160074271594",,"57692","4",159,,2007-03-07 00:00:00.000,2007-03-07 00:00:00.000,0,Y,99,ZZLkpOfoOccupation:ZZLkpOfoOccupation_id:1444,"<ZZLearnership>: Inserted GenericPO[Table=1000257ID=1000884] / <ZZLearnership>: Inserted GenericPO[Table=1000257ID=1000884] / "
*,Occupationally Directed Education and Training Practices,"07Q070003151335",,"48873","5",133,,2004-11-01 00:00:00.000,2004-11-01 00:00:00.000,0,Y,100,,"<ZZLearnership>: Inserted GenericPO[Table=1000257ID=1000885] / <ZZLearnership>: Inserted GenericPO[Table=1000257ID=1000885] / "
*,National Certificate: Mining Operations Underground Hard Rock Tabular,"16Q160059991692",,"21839","2",169,,1900-01-01 00:00:00.000,1900-01-01 00:00:00.000,0,Y,101,,"<ZZLearnership>: Inserted GenericPO[Table=1000257ID=1000886] / <ZZLearnership>: Inserted GenericPO[Table=1000257ID=1000886] / "
*,National Certificate: Millwright: Metalliferous,"16Q160030004444",,"23633","4",444,,2003-02-06 00:00:00.000,2003-02-06 00:00:00.000,0,Y,102,ZZLkpOfoOccupation:ZZLkpOfoOccupation_id:1167,"<ZZLearnership>: Inserted GenericPO[Table=1000257ID=1000887] / <ZZLearnership>: Inserted GenericPO[Table=1000257ID=1000887] / "
*,National Certificate: Millwright: Opencast,"16Q160031003814",,"23633","4",381,,2003-02-06 00:00:00.000,2003-02-06 00:00:00.000,0,Y,103,ZZLkpOfoOccupation:ZZLkpOfoOccupation_id:1167,"<ZZLearnership>: Inserted GenericPO[Table=1000257ID=1000888] / <ZZLearnership>: Inserted GenericPO[Table=1000257ID=1000888] / "
*,National Certificate: Millwright: Coal,"16Q160029004094",,"23633","4",409,,2003-02-06 00:00:00.000,2003-02-06 00:00:00.000,0,Y,104,ZZLkpOfoOccupation:ZZLkpOfoOccupation_id:1167,"<ZZLearnership>: Inserted GenericPO[Table=1000257ID=1000889] / <ZZLearnership>: Inserted GenericPO[Table=1000257ID=1000889] / "
*,National Certificate: Rockbreaking for Underground Hard Rock Tabular Ore Bodies ,"16Q160060391203",,"21840","3",120,,1900-01-01 00:00:00.000,1900-01-01 00:00:00.000,0,Y,105,,"<ZZLearnership>: Inserted GenericPO[Table=1000257ID=1000890] / <ZZLearnership>: Inserted GenericPO[Table=1000257ID=1000890] / "
*,National Certificate: Strata Control Operations: Underground Hard Rock Mining,"16Q160103401232 ",,"59549","2",123,,2009-02-02 00:00:00.000,2008-10-27 00:00:00.000,0,Y,106,ZZLkpOfoOccupation:ZZLkpOfoOccupation_id:57,"<ZZLearnership>: Inserted GenericPO[Table=1000257ID=1000891] / <ZZLearnership>: Inserted GenericPO[Table=1000257ID=1000891] / "
*,National Certificate: Strata Control Operations: Massive Mining,"16Q160104391232",,"59549","3",150,,2008-02-02 00:00:00.000,2008-10-27 00:00:00.000,0,Y,107,ZZLkpOfoOccupation:ZZLkpOfoOccupation_id:57,"<ZZLearnership>: Inserted GenericPO[Table=1000257ID=1000892] / <ZZLearnership>: Inserted GenericPO[Table=1000257ID=1000892] / "
*,National Certificate: Diamond Processing: Preparation,"16Q160097281503 ",,"59851","3",150,,2009-02-02 00:00:00.000,2008-10-27 00:00:00.000,0,Y,108,ZZLkpOfoOccupation:ZZLkpOfoOccupation_id:1117,"<ZZLearnership>: Inserted GenericPO[Table=1000257ID=1000893] / <ZZLearnership>: Inserted GenericPO[Table=1000257ID=1000893] / "
*,National Certificate: Diamond Processing: Top Polishing,"16Q160100291503",,"59851","3",150,,2009-02-02 00:00:00.000,2008-10-27 00:00:00.000,0,Y,109,ZZLkpOfoOccupation:ZZLkpOfoOccupation_id:1117,"<ZZLearnership>: Inserted GenericPO[Table=1000257ID=1000894] / <ZZLearnership>: Inserted GenericPO[Table=1000257ID=1000894] / "
*,National Certificate: Strata Control Operations: Underground Coal Mining,"16Q160102411232 ",,"59549","2",123,,2009-02-02 00:00:00.000,2008-10-27 00:00:00.000,0,Y,110,ZZLkpOfoOccupation:ZZLkpOfoOccupation_id:57,"<ZZLearnership>: Inserted GenericPO[Table=1000257ID=1000895] / <ZZLearnership>: Inserted GenericPO[Table=1000257ID=1000895] / "
*,National Certificate: Strata Control Operations: Surface Mining,"16Q160105411232 ",,"59549","2",123,,2008-02-02 00:00:00.000,2008-10-27 00:00:00.000,0,Y,111,ZZLkpOfoOccupation:ZZLkpOfoOccupation_id:57,"<ZZLearnership>: Inserted GenericPO[Table=1000257ID=1000896] / <ZZLearnership>: Inserted GenericPO[Table=1000257ID=1000896] / "
*,National Certificate: Diamond Processing: Bottom Polishing,"16Q160099291503 ",,"59851","3",150,,2009-02-02 00:00:00.000,2008-10-27 00:00:00.000,0,Y,112,ZZLkpOfoOccupation:ZZLkpOfoOccupation_id:1117,"<ZZLearnership>: Inserted GenericPO[Table=1000257ID=1000897] / <ZZLearnership>: Inserted GenericPO[Table=1000257ID=1000897] / "
*,National Certificate: Diamond Processing: Automatic Polishing,"16Q160101301503 ",,"59851","3",150,,2008-02-02 00:00:00.000,2008-10-27 00:00:00.000,0,Y,113,ZZLkpOfoOccupation:ZZLkpOfoOccupation_id:1117,"<ZZLearnership>: Inserted GenericPO[Table=1000257ID=1000898] / <ZZLearnership>: Inserted GenericPO[Table=1000257ID=1000898] / "
*,National Certificate: Diesel Mechanic: Open Cast,"16Q160052001463",,"23624","3",146,,1900-01-01 00:00:00.000,1900-01-01 00:00:00.000,0,Y,114,ZZLkpOfoOccupation:ZZLkpOfoOccupation_id:1105,"<ZZLearnership>: Inserted GenericPO[Table=1000257ID=1000899] / <ZZLearnership>: Inserted GenericPO[Table=1000257ID=1000899] / "
*,National Certificate Millwright – Diamond,"16Q160028003394",,"23633","4",339,,2003-02-06 00:00:00.000,2003-02-06 00:00:00.000,0,Y,115,ZZLkpOfoOccupation:ZZLkpOfoOccupation_id:1167,"<ZZLearnership>: Inserted GenericPO[Table=1000257ID=1000900] / <ZZLearnership>: Inserted GenericPO[Table=1000257ID=1000900] / "
*,National Certificate: Diesel Mechanic: Underground Diamonds,"16Q160011001303",,"23624","2",168,,2003-01-01 00:00:00.000,2003-01-01 00:00:00.000,0,Y,116,ZZLkpOfoOccupation:ZZLkpOfoOccupation_id:1105,"<ZZLearnership>: Inserted GenericPO[Table=1000257ID=1000901] / <ZZLearnership>: Inserted GenericPO[Table=1000257ID=1000901] / "
*,National Certificate: Engineering Maintenance: Underground Hard Rock (Metalliferous) : Stoping and Developing,"16Q160049591732",,"21815","2",173,,2003-01-01 00:00:00.000,2003-01-01 00:00:00.000,0,Y,117,ZZLkpOfoOccupation:ZZLkpOfoOccupation_id:49,"<ZZLearnership>: Inserted GenericPO[Table=1000257ID=1000902] / <ZZLearnership>: Inserted GenericPO[Table=1000257ID=1000902] / "
*,Further Education and Training Certificate: Carbonate Materials Manufacturing Processes: Cement Manufacturing,"16Q1600742715944",,"57692","2",159,,2003-01-01 00:00:00.000,2003-01-01 00:00:00.000,0,Y,118,ZZLkpOfoOccupation:ZZLkpOfoOccupation_id:1444,"<ZZLearnership>: Inserted GenericPO[Table=1000257ID=1000903] / <ZZLearnership>: Inserted GenericPO[Table=1000257ID=1000903] / "
*,Further Education and Training Certificate: Carbonate Materials Manufacturing Processes: Lime Manufacturing,"16Q1600752615944",,"57692","2",170,,2003-01-01 00:00:00.000,2003-01-01 00:00:00.000,0,Y,119,ZZLkpOfoOccupation:ZZLkpOfoOccupation_id:1444,"<ZZLearnership>: Inserted GenericPO[Table=1000257ID=1000904] / <ZZLearnership>: Inserted GenericPO[Table=1000257ID=1000904] / "
*,National Certificate: Mineral Processing: Base Metals,"16Q1600714212433",,"62769",,130,,2003-01-01 00:00:00.000,2003-01-01 00:00:00.000,0,Y,120,ZZLkpOfoOccupation:ZZLkpOfoOccupation_id:1258,"<ZZLearnership>: Inserted GenericPO[Table=1000257ID=1000905] / <ZZLearnership>: Inserted GenericPO[Table=1000257ID=1000905] / "
*,National Certificate: Rockbreaking: Quarrying: Dimension Stone ,"16Q1600734816033",,"57121","2",160,,2003-01-01 00:00:00.000,2003-01-01 00:00:00.000,0,Y,121,,"<ZZLearnership>: Inserted GenericPO[Table=1000257ID=1000906] / <ZZLearnership>: Inserted GenericPO[Table=1000257ID=1000906] / "
*,National Certificate: Rockbreaking: Quarrying:Quarries,"16Q1600724836933",,"57121","2",160,,2003-01-01 00:00:00.000,2003-01-01 00:00:00.000,0,Y,122,,"<ZZLearnership>: Inserted GenericPO[Table=1000257ID=1000907] / <ZZLearnership>: Inserted GenericPO[Table=1000257ID=1000907] / "
*,Engineering Fabrication Level 2,"16Q16160090442142",,"60290","2",214,,2003-01-01 00:00:00.000,2003-01-01 00:00:00.000,0,Y,123,ZZLkpOfoOccupation:ZZLkpOfoOccupation_id:192,"<ZZLearnership>: Inserted GenericPO[Table=1000257ID=1000908] / <ZZLearnership>: Inserted GenericPO[Table=1000257ID=1000908] / "
*,National Certificate: Diamond Processing: Cutting,"16Q160098271503",,"59851","3",150,,2003-01-01 00:00:00.000,2003-01-01 00:00:00.000,0,Y,124,ZZLkpOfoOccupation:ZZLkpOfoOccupation_id:1117,"<ZZLearnership>: Inserted GenericPO[Table=1000257ID=1000909] / <ZZLearnership>: Inserted GenericPO[Table=1000257ID=1000909] / "
*,National Certificate in Autotronics Level 4,"17Q1700311354",,"22860","4",135,,2011-10-20 00:00:00.000,2011-10-20 00:00:00.000,0,Y,125,,"<ZZLearnership>: Inserted GenericPO[Table=1000257ID=1000910] / <ZZLearnership>: Inserted GenericPO[Table=1000257ID=1000910] / "
*,NQF 5 NATIONAL DIPLOMA IN ABET PRACITICES,"07q07002152405",,"20159","5",240,,1900-01-01 00:00:00.000,1900-01-01 00:00:00.000,0,Y,126,,"<ZZLearnership>: Inserted GenericPO[Table=1000257ID=1000911] / <ZZLearnership>: Inserted GenericPO[Table=1000257ID=1000911] / "
*,National Certificate in Electrical Engineering (Electrical Construction),"08q080031321562",,"48473","2",156,,2005-04-11 00:00:00.000,2005-04-11 00:00:00.000,0,Y,127,,"<ZZLearnership>: Inserted GenericPO[Table=1000257ID=1000912] / <ZZLearnership>: Inserted GenericPO[Table=1000257ID=1000912] / "
*,National Certificate General Security Practices,"19Q0000055292743",,"03","3",274,,1900-01-01 00:00:00.000,1900-01-01 00:00:00.000,0,Y,128,,"<ZZLearnership>: Inserted GenericPO[Table=1000257ID=1000913] / <ZZLearnership>: Inserted GenericPO[Table=1000257ID=1000913] / "
*,National Certificate Instrumentation Mechanician ,"16Q160008001764 (V2)",,"23628","4",259,,2003-06-02 00:00:00.000,2003-06-02 00:00:00.000,0,Y,129,ZZLkpOfoOccupation:ZZLkpOfoOccupation_id:1174,"<ZZLearnership>: Inserted GenericPO[Table=1000257ID=1000914] / <ZZLearnership>: Inserted GenericPO[Table=1000257ID=1000914] / "
*,National Certificate: Mineral Processing: Lump Ore Beneficiation,"16Q160093561292",,"59305","1",129,,2007-11-28 00:00:00.000,2007-11-28 00:00:00.000,0,Y,130,ZZLkpOfoOccupation:ZZLkpOfoOccupation_id:1258,"<ZZLearnership>: Inserted GenericPO[Table=1000257ID=1000915] / <ZZLearnership>: Inserted GenericPO[Table=1000257ID=1000915] / "
*,"National Certificate: Occupational Health, Safety and Environment","16Q160147511202",,"74292",,120,,2008-11-26 00:00:00.000,2008-11-26 00:00:00.000,0,Y,131,ZZLkpOfoOccupation:ZZLkpOfoOccupation_id:316,"<ZZLearnership>: Inserted GenericPO[Table=1000257ID=1000916] / <ZZLearnership>: Inserted GenericPO[Table=1000257ID=1000916] / "
*,National Certificate: Rockbreaking: Surface Excavations: Dimension Stone Operations ,"16Q160107361413",,"62869","3",141,,2008-09-17 00:00:00.000,2008-09-17 00:00:00.000,0,Y,132,ZZLkpOfoOccupation:ZZLkpOfoOccupation_id:1236,"<ZZLearnership>: Inserted GenericPO[Table=1000257ID=1000917] / <ZZLearnership>: Inserted GenericPO[Table=1000257ID=1000917] / "
*,National Certificate: Rockbreaking: Surface Excavations: Surface Mining and Quarrying ,"16Q160106431413",,"62869","3",141,,2008-09-17 00:00:00.000,2008-09-17 00:00:00.000,0,Y,133,ZZLkpOfoOccupation:ZZLkpOfoOccupation_id:1236,"<ZZLearnership>: Inserted GenericPO[Table=1000257ID=1000918] / <ZZLearnership>: Inserted GenericPO[Table=1000257ID=1000918] / "
*,Further Education and Training Certificate: Diamond Processing: Brillianteering ,"16Q160135361614",,"64729","4",161,,2009-02-18 00:00:00.000,2009-02-18 00:00:00.000,0,Y,134,ZZLkpOfoOccupation:ZZLkpOfoOccupation_id:1117,"<ZZLearnership>: Inserted GenericPO[Table=1000257ID=1000919] / <ZZLearnership>: Inserted GenericPO[Table=1000257ID=1000919] / "
*,Further Education and Training Certificate: Diamond Processing: Crossworking ,"16Q160134281614",,"64729","4",161,,2009-02-18 00:00:00.000,2009-02-18 00:00:00.000,0,Y,135,ZZLkpOfoOccupation:ZZLkpOfoOccupation_id:1117,"<ZZLearnership>: Inserted GenericPO[Table=1000257ID=1000920] / <ZZLearnership>: Inserted GenericPO[Table=1000257ID=1000920] / "
*,Further Education and Training Certificate: Diamond Processing: Bruting ,"16Q160133331614",,"64729","4",161,,2009-02-18 00:00:00.000,2009-02-18 00:00:00.000,0,Y,136,ZZLkpOfoOccupation:ZZLkpOfoOccupation_id:1117,"<ZZLearnership>: Inserted GenericPO[Table=1000257ID=1000921] / <ZZLearnership>: Inserted GenericPO[Table=1000257ID=1000921] / "
*,National Certificate: Mineral Processing: Lump Ore Beneficiation,"16Q160110381303",,"62769","3",130,,2008-08-20 00:00:00.000,2008-08-20 00:00:00.000,0,Y,137,ZZLkpOfoOccupation:ZZLkpOfoOccupation_id:1258,"<ZZLearnership>: Inserted GenericPO[Table=1000257ID=1000922] / <ZZLearnership>: Inserted GenericPO[Table=1000257ID=1000922] / "
*,National Certificate: Jewellery Manufacturing,"16Q160126301342",,"65049","2",134,,2009-12-03 00:00:00.000,2009-12-03 00:00:00.000,0,Y,138,ZZLkpOfoOccupation:ZZLkpOfoOccupation_id:1259,"<ZZLearnership>: Inserted GenericPO[Table=1000257ID=1000923] / <ZZLearnership>: Inserted GenericPO[Table=1000257ID=1000923] / "
*,National Certificate: Jewellery Manufacturing,"16Q160127391373",,"65209","3",137,,2009-03-12 00:00:00.000,2009-03-12 00:00:00.000,0,Y,139,,"<ZZLearnership>: Inserted GenericPO[Table=1000257ID=1000924] / <ZZLearnership>: Inserted GenericPO[Table=1000257ID=1000924] / "
*,National Certificate: Electrical Engineering,"16Q160137391402",,"67429","2",140,,2009-02-18 00:00:00.000,2009-02-18 00:00:00.000,0,Y,140,ZZLkpOfoOccupation:ZZLkpOfoOccupation_id:1165,"<ZZLearnership>: Inserted GenericPO[Table=1000257ID=1000925] / <ZZLearnership>: Inserted GenericPO[Table=1000257ID=1000925] / "
*,National Certificate: Electrical Engineering,"16Q160138381333",,"72071","3",133,,2009-02-18 00:00:00.000,2009-02-18 00:00:00.000,0,Y,141,,"<ZZLearnership>: Inserted GenericPO[Table=1000257ID=1000926] / <ZZLearnership>: Inserted GenericPO[Table=1000257ID=1000926] / "
*,Further Education and Training Certificate: Electrical Engineering,"16Q160139421304",,"72069","4",130,,2009-02-18 00:00:00.000,2009-02-18 00:00:00.000,0,Y,142,ZZLkpOfoOccupation:ZZLkpOfoOccupation_id:1165,"<ZZLearnership>: Inserted GenericPO[Table=1000257ID=1000927] / <ZZLearnership>: Inserted GenericPO[Table=1000257ID=1000927] / "
*,Further Education and Training Certificate: Mineral Processing,"16Q160140361347",,"64889","4",137,,2009-02-18 00:00:00.000,2009-02-18 00:00:00.000,0,Y,143,,"<ZZLearnership>: Inserted GenericPO[Table=1000257ID=1000928] / <ZZLearnership>: Inserted GenericPO[Table=1000257ID=1000928] / "
*,National Certificate: Automotive Repair and Maintenance,"16Q160141351252",,"78543","2",125,,2009-02-18 00:00:00.000,2009-02-18 00:00:00.000,0,Y,144,,"<ZZLearnership>: Inserted GenericPO[Table=1000257ID=1000929] / <ZZLearnership>: Inserted GenericPO[Table=1000257ID=1000929] / "
*,Further Education and Training Certificate: Automotive Repair and Maintenance,"16Q160143441594",,"78545","4",159,,2009-02-18 00:00:00.000,2009-02-18 00:00:00.000,0,Y,145,,"<ZZLearnership>: Inserted GenericPO[Table=1000257ID=1000930] / <ZZLearnership>: Inserted GenericPO[Table=1000257ID=1000930] / "
*,National Certificate: Measurement Control and Instrumentation,"16Q160120211203",,"74552","3",120,,2009-02-18 00:00:00.000,2009-02-18 00:00:00.000,0,Y,146,,"<ZZLearnership>: Inserted GenericPO[Table=1000257ID=1000931] / <ZZLearnership>: Inserted GenericPO[Table=1000257ID=1000931] / "
*,National Certificate: Measurement Control and Instrumentation,"16Q160121321332",,"74550","2",133,,2009-02-18 00:00:00.000,2009-02-18 00:00:00.000,0,Y,147,,"<ZZLearnership>: Inserted GenericPO[Table=1000257ID=1000932] / <ZZLearnership>: Inserted GenericPO[Table=1000257ID=1000932] / "
*,Further Education and Training Certificate: Measurement Control and Instrumentation,"16Q160119211344",,"74551","4",134,,2009-02-18 00:00:00.000,2009-02-18 00:00:00.000,0,Y,148,,"<ZZLearnership>: Inserted GenericPO[Table=1000257ID=1000933] / <ZZLearnership>: Inserted GenericPO[Table=1000257ID=1000933] / "
*,Further Education and Training Certificate: Autotronics,"17Q170250351344",,"78883","4",134,,2011-06-20 00:00:00.000,2011-06-20 00:00:00.000,0,Y,149,,"<ZZLearnership>: Inserted GenericPO[Table=1000257ID=1000934] / <ZZLearnership>: Inserted GenericPO[Table=1000257ID=1000934] / "
*,National Certificate: Metals Production,"16Q160114431202",,"65190","2",120,,2012-06-30 00:00:00.000,2009-06-30 00:00:00.000,0,Y,150,ZZLkpOfoOccupation:ZZLkpOfoOccupation_id:1073,"<ZZLearnership>: Inserted GenericPO[Table=1000257ID=1000935] / <ZZLearnership>: Inserted GenericPO[Table=1000257ID=1000935] / "
*,National Certificate: Metals Production,"16Q160115261203",,"65192","3",120,,2009-06-30 00:00:00.000,2009-06-30 00:00:00.000,0,Y,151,ZZLkpOfoOccupation:ZZLkpOfoOccupation_id:1073,"<ZZLearnership>: Inserted GenericPO[Table=1000257ID=1000936] / <ZZLearnership>: Inserted GenericPO[Table=1000257ID=1000936] / "
*,Further Education and Training Certificate: Metals Production,"160Q160116351404",,"65194","4",140,,2009-06-30 00:00:00.000,2009-06-30 00:00:00.000,0,Y,152,ZZLkpOfoOccupation:ZZLkpOfoOccupation_id:1073,"<ZZLearnership>: Inserted GenericPO[Table=1000257ID=1000937] / <ZZLearnership>: Inserted GenericPO[Table=1000257ID=1000937] / "
*,National Certificate: Autotronics,"17Q170248311272",,"78944","2",127,,2011-03-31 00:00:00.000,2011-03-31 00:00:00.000,0,Y,153,,"<ZZLearnership>: Inserted GenericPO[Table=1000257ID=1000938] / <ZZLearnership>: Inserted GenericPO[Table=1000257ID=1000938] / "
*,National Certificate: Autotronics,"17Q170249261323",,"78923","3",132,,2011-03-31 00:00:00.000,2011-03-31 00:00:00.000,0,Y,154,,"<ZZLearnership>: Inserted GenericPO[Table=1000257ID=1000939] / <ZZLearnership>: Inserted GenericPO[Table=1000257ID=1000939] / "
*,Natiional Certificate: Instrumentation Mechanician ,"16Q160008001764 (V3)",,"23628","4",237,,2011-09-28 00:00:00.000,2011-09-28 00:00:00.000,0,Y,155,ZZLkpOfoOccupation:ZZLkpOfoOccupation_id:1174,"<ZZLearnership>: Inserted GenericPO[Table=1000257ID=1000940] / <ZZLearnership>: Inserted GenericPO[Table=1000257ID=1000940] / "
*,National Certificate: Mineral Processing: Platinum,"16Q160109401303",,"62769","3",130,,2011-11-22 00:00:00.000,2011-11-22 00:00:00.000,0,Y,156,ZZLkpOfoOccupation:ZZLkpOfoOccupation_id:1258,"<ZZLearnership>: Inserted GenericPO[Table=1000257ID=1000941] / <ZZLearnership>: Inserted GenericPO[Table=1000257ID=1000941] / "
*,National Certificate: Mineral Processing : Gold,"16Q160112541303",,"62769","3",130,,2011-11-22 00:00:00.000,2011-11-22 00:00:00.000,0,Y,157,ZZLkpOfoOccupation:ZZLkpOfoOccupation_id:1258,"<ZZLearnership>: Inserted GenericPO[Table=1000257ID=1000942] / <ZZLearnership>: Inserted GenericPO[Table=1000257ID=1000942] / "
*,National Certificate: Mineral Processing: Mineral Sands,"16Q160113311303",,"62769","3",130,,2011-11-23 00:00:00.000,2011-11-23 00:00:00.000,0,Y,158,ZZLkpOfoOccupation:ZZLkpOfoOccupation_id:1258,"<ZZLearnership>: Inserted GenericPO[Table=1000257ID=1000943] / <ZZLearnership>: Inserted GenericPO[Table=1000257ID=1000943] / "
*,Further Education and Training Certificate: Diamond Design and Evaluation: Rough Evaluation,"16Q160128371644",,"64249","4",150,,2011-11-25 00:00:00.000,2011-11-25 00:00:00.000,0,Y,159,ZZLkpOfoOccupation:ZZLkpOfoOccupation_id:1117,"<ZZLearnership>: Inserted GenericPO[Table=1000257ID=1000944] / <ZZLearnership>: Inserted GenericPO[Table=1000257ID=1000944] / "
*,Further Education and Training Certificate: Diamond Design and Evaluation: Basic Marking and Design,"16Q160129391644",,"64249","4",0,,2011-11-25 00:00:00.000,2011-11-25 00:00:00.000,0,Y,160,ZZLkpOfoOccupation:ZZLkpOfoOccupation_id:1117,"<ZZLearnership>: Inserted GenericPO[Table=1000257ID=1000945] / <ZZLearnership>: Inserted GenericPO[Table=1000257ID=1000945] / "
*,Further Education and Training Certificate: Diamond Design and Evaluation: Grading Polished Daimonds,"16Q160130381644",,"64249","4",0,,2011-11-30 00:00:00.000,2011-11-30 00:00:00.000,0,Y,161,ZZLkpOfoOccupation:ZZLkpOfoOccupation_id:1117,"<ZZLearnership>: Inserted GenericPO[Table=1000257ID=1000946] / <ZZLearnership>: Inserted GenericPO[Table=1000257ID=1000946] / "
*,Further Education and Training Certificate: Diamond Design and Evaluation: Inspecting,"16Q160131381644",,"64249","4",0,,2011-11-30 00:00:00.000,2011-11-30 00:00:00.000,0,Y,162,ZZLkpOfoOccupation:ZZLkpOfoOccupation_id:1117,"<ZZLearnership>: Inserted GenericPO[Table=1000257ID=1000947] / <ZZLearnership>: Inserted GenericPO[Table=1000257ID=1000947] / "
*,Further Education and Training Certificate: Diamond Processing: Fancy Stone Making,"16Q160136391614",,"64729","4",0,,2011-12-01 00:00:00.000,2011-12-01 00:00:00.000,0,Y,163,ZZLkpOfoOccupation:ZZLkpOfoOccupation_id:1117,"<ZZLearnership>: Inserted GenericPO[Table=1000257ID=1000948] / <ZZLearnership>: Inserted GenericPO[Table=1000257ID=1000948] / "
*,Further Education and Training Certificate: Mineral Processing,"16Q160140361374",,"64889","4",137,,2011-12-01 00:00:00.000,2011-12-01 00:00:00.000,0,Y,164,,"<ZZLearnership>: Inserted GenericPO[Table=1000257ID=1000949] / <ZZLearnership>: Inserted GenericPO[Table=1000257ID=1000949] / "
*,National Certificate: Laboratory Practice:General,"16Q160144541202",,"73309","2",120,,2011-02-12 00:00:00.000,2011-02-12 00:00:00.000,0,Y,165,,"<ZZLearnership>: Inserted GenericPO[Table=1000257ID=1000950] / <ZZLearnership>: Inserted GenericPO[Table=1000257ID=1000950] / "
*,National Certificate: Laboratory Practice: Precious Metal,"16Q160145541202",,"73310","2",120,,2011-02-12 00:00:00.000,2011-02-12 00:00:00.000,0,Y,166,ZZLkpOfoOccupation:ZZLkpOfoOccupation_id:102,"<ZZLearnership>: Inserted GenericPO[Table=1000257ID=1000951] / <ZZLearnership>: Inserted GenericPO[Table=1000257ID=1000951] / "
*,National Certificate: Chemical Operations: Mineral Extraction and Refining,"16Q160124391203",,"78903","3",120,,2011-05-12 00:00:00.000,2011-05-12 00:00:00.000,0,Y,167,,"<ZZLearnership>: Inserted GenericPO[Table=1000257ID=1000952] / <ZZLearnership>: Inserted GenericPO[Table=1000257ID=1000952] / "
*,National Certificate: Chemical Operations: Sulphuric Acid Manufacturing,"16Q160123321203",,"78903","3",0,,2011-12-05 00:00:00.000,2011-12-05 00:00:00.000,0,Y,168,,"<ZZLearnership>: Inserted GenericPO[Table=1000257ID=1000953] / <ZZLearnership>: Inserted GenericPO[Table=1000257ID=1000953] / "
*,Further Education and Training Certificate: Mining Operations: Underground Hard  Rock Mining ,"16Q160156311634",,"74490","4",160,,2011-12-05 00:00:00.000,2011-12-05 00:00:00.000,0,Y,169,,"<ZZLearnership>: Inserted GenericPO[Table=1000257ID=1000954] / <ZZLearnership>: Inserted GenericPO[Table=1000257ID=1000954] / "
*,National Certificate: Chemical Operations,"16Q160122311352",,"78547","2",135,,2011-05-12 00:00:00.000,2011-05-12 00:00:00.000,0,Y,170,,"<ZZLearnership>: Inserted GenericPO[Table=1000257ID=1000955] / <ZZLearnership>: Inserted GenericPO[Table=1000257ID=1000955] / "
*,Further Education and Training Certificate: Mining Operations:Surface Excavations,"16Q160151261604",,"74490","4",160,,2011-12-05 00:00:00.000,2011-12-05 00:00:00.000,0,Y,171,,"<ZZLearnership>: Inserted GenericPO[Table=1000257ID=1000956] / <ZZLearnership>: Inserted GenericPO[Table=1000257ID=1000956] / "
*,National Certificate: Generic Management: Cement Manufacturing,"16Q160125221625",,"64869","5",0,,2011-12-05 00:00:00.000,2011-12-05 00:00:00.000,0,Y,172,,"<ZZLearnership>: Inserted GenericPO[Table=1000257ID=1000957] / <ZZLearnership>: Inserted GenericPO[Table=1000257ID=1000957] / "
*,National Certificate: Strata Control Operations: Underground Coal Mining,"16Q160153391363",,"60369","3",0,,2011-05-12 00:00:00.000,2011-05-12 00:00:00.000,0,Y,173,ZZLkpOfoOccupation:ZZLkpOfoOccupation_id:57,"<ZZLearnership>: Inserted GenericPO[Table=1000257ID=1000958] / <ZZLearnership>: Inserted GenericPO[Table=1000257ID=1000958] / "
*,National Certificate: Strata Control Operations: Massive Mining,"16Q160155391363",,"60369","3",0,,2011-12-05 00:00:00.000,2011-12-05 00:00:00.000,0,Y,174,ZZLkpOfoOccupation:ZZLkpOfoOccupation_id:57,"<ZZLearnership>: Inserted GenericPO[Table=1000257ID=1000959] / <ZZLearnership>: Inserted GenericPO[Table=1000257ID=1000959] / "
*,National Certificate: Strata Control Operations: Surface Mining,"16Q160154391363",,"60369","3",0,,2011-12-05 00:00:00.000,2011-12-05 00:00:00.000,0,Y,175,ZZLkpOfoOccupation:ZZLkpOfoOccupation_id:57,"<ZZLearnership>: Inserted GenericPO[Table=1000257ID=1000960] / <ZZLearnership>: Inserted GenericPO[Table=1000257ID=1000960] / "
*,National Certificate: Mineral Processing: Mineral Sands,"16Q160152291292",,"59305","2",129,,2011-05-12 00:00:00.000,2011-05-12 00:00:00.000,0,Y,176,ZZLkpOfoOccupation:ZZLkpOfoOccupation_id:1258,"<ZZLearnership>: Inserted GenericPO[Table=1000257ID=1000961] / <ZZLearnership>: Inserted GenericPO[Table=1000257ID=1000961] / "
*,Further Education and Training Certificate: Strata Control Operations,"16Q160148401654",,"62796","4",0,,2011-12-06 00:00:00.000,2011-12-06 00:00:00.000,0,Y,177,ZZLkpOfoOccupation:ZZLkpOfoOccupation_id:57,"<ZZLearnership>: Inserted GenericPO[Table=1000257ID=1000962] / <ZZLearnership>: Inserted GenericPO[Table=1000257ID=1000962] / "
*,National Certificate: Mineral Processing: Platinum,"16Q160096591292",,"59305","2",129,,2012-06-02 00:00:00.000,2012-02-06 00:00:00.000,0,Y,178,ZZLkpOfoOccupation:ZZLkpOfoOccupation_id:1258,"<ZZLearnership>: Inserted GenericPO[Table=1000257ID=1000963] / <ZZLearnership>: Inserted GenericPO[Table=1000257ID=1000963] / "
*,National Certificate: Mining Technical Support: Geology,"16Q160142361252",,"60349","2",125,,2012-12-03 00:00:00.000,2012-12-03 00:00:00.000,0,Y,179,ZZLkpOfoOccupation:ZZLkpOfoOccupation_id:814,"<ZZLearnership>: Inserted GenericPO[Table=1000257ID=1000964] / <ZZLearnership>: Inserted GenericPO[Table=1000257ID=1000964] / "
*,National Certificate: Mining Technical Support: Sampling,"16Q160118321252",,"60349","2",125,,2012-12-03 00:00:00.000,2012-12-03 00:00:00.000,0,Y,180,ZZLkpOfoOccupation:ZZLkpOfoOccupation_id:814,"<ZZLearnership>: Inserted GenericPO[Table=1000257ID=1000965] / <ZZLearnership>: Inserted GenericPO[Table=1000257ID=1000965] / "
*,National Certificate: Mining Technical Support: Surveying,"16Q160117321252",,"60349","2",125,,2012-12-03 00:00:00.000,2012-12-03 00:00:00.000,0,Y,181,ZZLkpOfoOccupation:ZZLkpOfoOccupation_id:814,"<ZZLearnership>: Inserted GenericPO[Table=1000257ID=1000966] / <ZZLearnership>: Inserted GenericPO[Table=1000257ID=1000966] / "
*,Further Education and Training Certificate: Mining Operations: Underground Coal Mining,"16Q160150301624",,"74490","1",160,,2012-04-17 00:00:00.000,2012-04-17 00:00:00.000,0,Y,182,,"<ZZLearnership>: Inserted GenericPO[Table=1000257ID=1000967] / <ZZLearnership>: Inserted GenericPO[Table=1000257ID=1000967] / "
*,National Certificate: Mineral Processing: Uranium,"16Q160108331303",,"62769","3",130,,2012-04-17 00:00:00.000,2012-04-17 00:00:00.000,0,Y,183,ZZLkpOfoOccupation:ZZLkpOfoOccupation_id:1258,"<ZZLearnership>: Inserted GenericPO[Table=1000257ID=1000968] / <ZZLearnership>: Inserted GenericPO[Table=1000257ID=1000968] / "
*,"987","987",,"21842","4",120,,2011-01-07 00:00:00.000,2010-01-06 00:00:00.000,0,Y,184,,"<ZZLearnership>: Inserted GenericPO[Table=1000257ID=1000969] / <ZZLearnership>: Inserted GenericPO[Table=1000257ID=1000969] / "
*,Further Education and Training Certificate: Jewellery Manufacturing Operations: Gemstone Setting,"16Q160081261464",,"57876","4",150,,2012-08-01 00:00:00.000,2012-08-01 00:00:00.000,0,Y,185,ZZLkpOfoOccupation:ZZLkpOfoOccupation_id:1272,"<ZZLearnership>: Inserted GenericPO[Table=1000257ID=1000970] / <ZZLearnership>: Inserted GenericPO[Table=1000257ID=1000970] / "
*,National Certificate: Lamproom Operations,"16Q160170321263",,"78323","3",126,,2014-11-13 00:00:00.000,2014-11-13 00:00:00.000,0,Y,186,,"<ZZLearnership>: Inserted GenericPO[Table=1000257ID=1000971] / <ZZLearnership>: Inserted GenericPO[Table=1000257ID=1000971] / "
*,National Certificate Millwright – Diamond,"16Q160028003394 (V2)",,"23633","4",359,,2003-02-06 00:00:00.000,2003-02-06 00:00:00.000,0,Y,187,ZZLkpOfoOccupation:ZZLkpOfoOccupation_id:1167,"<ZZLearnership>: Inserted GenericPO[Table=1000257ID=1000972] / <ZZLearnership>: Inserted GenericPO[Table=1000257ID=1000972] / "
*,National Certificate Plater/Welder - Coal,"16Q160016001333 (V2)",,"23631","3",152,,1900-01-01 00:00:00.000,1900-01-01 00:00:00.000,0,Y,188,ZZLkpOfoOccupation:ZZLkpOfoOccupation_id:1070,"<ZZLearnership>: Inserted GenericPO[Table=1000257ID=1000973] / <ZZLearnership>: Inserted GenericPO[Table=1000257ID=1000973] / "
*,National Certificate: Diesel Mechanic: Coal,"16Q160012001623 (V2)",,"23624","4",191,,2003-02-06 00:00:00.000,2003-02-06 00:00:00.000,0,Y,189,ZZLkpOfoOccupation:ZZLkpOfoOccupation_id:1105,"<ZZLearnership>: Inserted GenericPO[Table=1000257ID=1000974] / <ZZLearnership>: Inserted GenericPO[Table=1000257ID=1000974] / "
*,National Certificate: Diesel Mechanic: Metalliferous,"16Q160013001493 (V2)",,"23624","3",171,,2003-02-06 00:00:00.000,2003-02-06 00:00:00.000,0,Y,190,ZZLkpOfoOccupation:ZZLkpOfoOccupation_id:1105,"<ZZLearnership>: Inserted GenericPO[Table=1000257ID=1000975] / <ZZLearnership>: Inserted GenericPO[Table=1000257ID=1000975] / "
*,National Certificate: Diesel Mechanic: Open Cast,"16Q160052001463 (V2)",,"23624","3",184,,1900-01-01 00:00:00.000,1900-01-01 00:00:00.000,0,Y,191,ZZLkpOfoOccupation:ZZLkpOfoOccupation_id:1105,"<ZZLearnership>: Inserted GenericPO[Table=1000257ID=1000976] / <ZZLearnership>: Inserted GenericPO[Table=1000257ID=1000976] / "
*,National Certificate: Diesel Mechanic: Surface Diamonds,"16Q160014001373 (V2)",,"23624","3",186,,1900-01-01 00:00:00.000,1900-01-01 00:00:00.000,0,Y,192,ZZLkpOfoOccupation:ZZLkpOfoOccupation_id:1105,"<ZZLearnership>: Inserted GenericPO[Table=1000257ID=1000977] / <ZZLearnership>: Inserted GenericPO[Table=1000257ID=1000977] / "
*,National Certificate: Diesel Mechanic: Underground Diamonds,"16Q160011001303 (V2)",,"23624","2",182,,2003-01-01 00:00:00.000,2003-01-01 00:00:00.000,0,Y,193,ZZLkpOfoOccupation:ZZLkpOfoOccupation_id:1105,"<ZZLearnership>: Inserted GenericPO[Table=1000257ID=1000978] / <ZZLearnership>: Inserted GenericPO[Table=1000257ID=1000978] / "
*,National Certificate: Electrical: Metalliferous,"16Q160041003404 (V2)",,"23625","4",204,,2003-02-06 00:00:00.000,2003-02-06 00:00:00.000,0,Y,194,ZZLkpOfoOccupation:ZZLkpOfoOccupation_id:1165,"<ZZLearnership>: Inserted GenericPO[Table=1000257ID=1000979] / <ZZLearnership>: Inserted GenericPO[Table=1000257ID=1000979] / "
*,National Certificate: Electrical: Opencast,"16Q160040003294 (V2)",,"23625","4",215,,2003-02-06 00:00:00.000,2003-02-06 00:00:00.000,0,Y,195,ZZLkpOfoOccupation:ZZLkpOfoOccupation_id:1165,"<ZZLearnership>: Inserted GenericPO[Table=1000257ID=1000980] / <ZZLearnership>: Inserted GenericPO[Table=1000257ID=1000980] / "
*,National Certificate: Electrical: Surface Coal,"16Q160039003444 (V2)",,"23625","4",209,,2003-02-06 00:00:00.000,2003-02-06 00:00:00.000,0,Y,196,ZZLkpOfoOccupation:ZZLkpOfoOccupation_id:1165,"<ZZLearnership>: Inserted GenericPO[Table=1000257ID=1000981] / <ZZLearnership>: Inserted GenericPO[Table=1000257ID=1000981] / "
*,National Certificate: Electrical: Surface Diamonds,"16Q160042003014 (V2)",,"23625","4",223,,2003-02-06 00:00:00.000,2003-02-06 00:00:00.000,0,Y,197,ZZLkpOfoOccupation:ZZLkpOfoOccupation_id:1165,"<ZZLearnership>: Inserted GenericPO[Table=1000257ID=1000982] / <ZZLearnership>: Inserted GenericPO[Table=1000257ID=1000982] / "
*,National Certificate: Electrical: Underground Coal,"16Q160038003494 (V2)",,"23625","4",215,,2003-02-06 00:00:00.000,2003-02-06 00:00:00.000,0,Y,198,ZZLkpOfoOccupation:ZZLkpOfoOccupation_id:1165,"<ZZLearnership>: Inserted GenericPO[Table=1000257ID=1000983] / <ZZLearnership>: Inserted GenericPO[Table=1000257ID=1000983] / "
*,National Certificate: Electrical: Underground Diamonds,"16Q160037003134 (V2)",,"23625","4",217,,2003-02-06 00:00:00.000,2003-02-06 00:00:00.000,0,Y,199,ZZLkpOfoOccupation:ZZLkpOfoOccupation_id:1165,"<ZZLearnership>: Inserted GenericPO[Table=1000257ID=1000984] / <ZZLearnership>: Inserted GenericPO[Table=1000257ID=1000984] / "
*,National Certificate: Fitting (including machining) : Metalliferous,"16Q160026002443 (V2)",,"23627","3",152,,2003-02-06 00:00:00.000,2003-02-06 00:00:00.000,0,Y,200,ZZLkpOfoOccupation:ZZLkpOfoOccupation_id:1102,"<ZZLearnership>: Inserted GenericPO[Table=1000257ID=1000985] / <ZZLearnership>: Inserted GenericPO[Table=1000257ID=1000985] / "
*,National Certificate: Fitting (including machining) : Open Cast,"16Q160053001463 (V2)",,"23627","3",111,,1900-01-01 00:00:00.000,1900-01-01 00:00:00.000,0,Y,201,ZZLkpOfoOccupation:ZZLkpOfoOccupation_id:1102,"<ZZLearnership>: Inserted GenericPO[Table=1000257ID=1000986] / <ZZLearnership>: Inserted GenericPO[Table=1000257ID=1000986] / "
*,National Certificate: Fitting (including machining) : Surface Coal,"16Q160025001283 (V2)",,"23627","3",134,,2003-02-06 00:00:00.000,2003-02-06 00:00:00.000,0,Y,202,ZZLkpOfoOccupation:ZZLkpOfoOccupation_id:1102,"<ZZLearnership>: Inserted GenericPO[Table=1000257ID=1000987] / <ZZLearnership>: Inserted GenericPO[Table=1000257ID=1000987] / "
*,National Certificate: Fitting (including machining) : Surface Diamonds,"16Q160027001203 (V2)",,"23627","3",119,,2003-02-06 00:00:00.000,2003-02-06 00:00:00.000,0,Y,203,ZZLkpOfoOccupation:ZZLkpOfoOccupation_id:1102,"<ZZLearnership>: Inserted GenericPO[Table=1000257ID=1000988] / <ZZLearnership>: Inserted GenericPO[Table=1000257ID=1000988] / "
*,National Certificate: Fitting (including machining) : Underground Coal,"16Q160024001533 (V2)",,"23627","3",144,,2003-02-06 00:00:00.000,2003-02-06 00:00:00.000,0,Y,204,ZZLkpOfoOccupation:ZZLkpOfoOccupation_id:1102,"<ZZLearnership>: Inserted GenericPO[Table=1000257ID=1000989] / <ZZLearnership>: Inserted GenericPO[Table=1000257ID=1000989] / "
*,National Certificate: Fitting (including machining) : Underground Daimonds,"16Q160023001273 (V2)",,"23627","3",140,,2003-02-06 00:00:00.000,2003-02-06 00:00:00.000,0,Y,205,ZZLkpOfoOccupation:ZZLkpOfoOccupation_id:1102,"<ZZLearnership>: Inserted GenericPO[Table=1000257ID=1000990] / <ZZLearnership>: Inserted GenericPO[Table=1000257ID=1000990] / "
*,National Certificate: Fitting and Turning: Metalliferous,"16Q160035002763 (V2)",,"23626","3",184,,2003-02-06 00:00:00.000,2003-02-06 00:00:00.000,0,Y,206,ZZLkpOfoOccupation:ZZLkpOfoOccupation_id:1090,"<ZZLearnership>: Inserted GenericPO[Table=1000257ID=1000991] / <ZZLearnership>: Inserted GenericPO[Table=1000257ID=1000991] / "
*,National Certificate: Fitting and Turning: Open Cast,"16Q160054001463 (V2)",,"23626","3",146,,1900-01-01 00:00:00.000,1900-01-01 00:00:00.000,0,Y,207,ZZLkpOfoOccupation:ZZLkpOfoOccupation_id:1090,"<ZZLearnership>: Inserted GenericPO[Table=1000257ID=1000992] / <ZZLearnership>: Inserted GenericPO[Table=1000257ID=1000992] / "
*,National Certificate: Fitting and Turning: Surface Coal,"16Q160034001463 (V2)",,"23626","3",163,,2003-02-06 00:00:00.000,2003-02-06 00:00:00.000,0,Y,208,ZZLkpOfoOccupation:ZZLkpOfoOccupation_id:1090,"<ZZLearnership>: Inserted GenericPO[Table=1000257ID=1000993] / <ZZLearnership>: Inserted GenericPO[Table=1000257ID=1000993] / "
*,National Certificate: Fitting and Turning: Surface Diamonds,"16Q160036001403 (V2)",,"23626","3",152,,2003-02-06 00:00:00.000,2003-02-06 00:00:00.000,0,Y,209,ZZLkpOfoOccupation:ZZLkpOfoOccupation_id:1090,"<ZZLearnership>: Inserted GenericPO[Table=1000257ID=1000994] / <ZZLearnership>: Inserted GenericPO[Table=1000257ID=1000994] / "
*,National Certificate: Fitting and Turning: Underground Coal,"16Q160033001853 (V2)",,"23626","3",177,,2003-02-06 00:00:00.000,2003-02-06 00:00:00.000,0,Y,210,ZZLkpOfoOccupation:ZZLkpOfoOccupation_id:1090,"<ZZLearnership>: Inserted GenericPO[Table=1000257ID=1000995] / <ZZLearnership>: Inserted GenericPO[Table=1000257ID=1000995] / "
*,National Certificate: Fitting and Turning: Underground Diamonds,"16Q160032001593 (V2)",,"23626","3",172,,2003-02-06 00:00:00.000,2003-02-06 00:00:00.000,0,Y,211,ZZLkpOfoOccupation:ZZLkpOfoOccupation_id:1090,"<ZZLearnership>: Inserted GenericPO[Table=1000257ID=1000996] / <ZZLearnership>: Inserted GenericPO[Table=1000257ID=1000996] / "
*,National Certificate: Millwright: Coal,"16Q160029004094 (V2)",,"23633","4",378,,2003-02-06 00:00:00.000,2003-02-06 00:00:00.000,0,Y,212,ZZLkpOfoOccupation:ZZLkpOfoOccupation_id:1167,"<ZZLearnership>: Inserted GenericPO[Table=1000257ID=1000997] / <ZZLearnership>: Inserted GenericPO[Table=1000257ID=1000997] / "
*,National Certificate: Millwright: Metalliferous,"16Q160030004444 (V2)",,"23633","4",386,,2003-02-06 00:00:00.000,2003-02-06 00:00:00.000,0,Y,213,ZZLkpOfoOccupation:ZZLkpOfoOccupation_id:1167,"<ZZLearnership>: Inserted GenericPO[Table=1000257ID=1000998] / <ZZLearnership>: Inserted GenericPO[Table=1000257ID=1000998] / "
*,National Certificate: Millwright: Opencast,"16Q160031003814 (V2)",,"23633","4",359,,2003-02-06 00:00:00.000,2003-02-06 00:00:00.000,0,Y,214,ZZLkpOfoOccupation:ZZLkpOfoOccupation_id:1167,"<ZZLearnership>: Inserted GenericPO[Table=1000257ID=1000999] / <ZZLearnership>: Inserted GenericPO[Table=1000257ID=1000999] / "
*,National Certificate: Plater/Boilermaker: Coal,"16Q160020001343 (V2)",,"23630","3",148,,1900-01-01 00:00:00.000,1900-01-01 00:00:00.000,0,Y,215,ZZLkpOfoOccupation:ZZLkpOfoOccupation_id:1074,"<ZZLearnership>: Inserted GenericPO[Table=1000257ID=1001000] / <ZZLearnership>: Inserted GenericPO[Table=1000257ID=1001000] / "
*,National Certificate: Plater/Boilermaker: Diamonds Open Cast,"16Q160022001493 (V2)",,"23630","3",145,,1900-01-01 00:00:00.000,1900-01-01 00:00:00.000,0,Y,216,ZZLkpOfoOccupation:ZZLkpOfoOccupation_id:1074,"<ZZLearnership>: Inserted GenericPO[Table=1000257ID=1001001] / <ZZLearnership>: Inserted GenericPO[Table=1000257ID=1001001] / "
*,National Certificate: Plater/Boilermaker: Metalliferous,"16Q160021001733 (V2)",,"23630","3",146,,1900-01-01 00:00:00.000,1900-01-01 00:00:00.000,0,Y,217,ZZLkpOfoOccupation:ZZLkpOfoOccupation_id:1074,"<ZZLearnership>: Inserted GenericPO[Table=1000257ID=1001002] / <ZZLearnership>: Inserted GenericPO[Table=1000257ID=1001002] / "
*,National Certificate: Plater/Boilermaker: Opencast,"16Q160019001323 (V2)",,"23630","3",139,,1900-01-01 00:00:00.000,1900-01-01 00:00:00.000,0,Y,218,ZZLkpOfoOccupation:ZZLkpOfoOccupation_id:1074,"<ZZLearnership>: Inserted GenericPO[Table=1000257ID=1001003] / <ZZLearnership>: Inserted GenericPO[Table=1000257ID=1001003] / "
*,National Certificate: Plater/Welder: Diamonds Opencast,"16Q160018001523 (V2)",,"23631","3",141,,1900-01-01 00:00:00.000,1900-01-01 00:00:00.000,0,Y,219,ZZLkpOfoOccupation:ZZLkpOfoOccupation_id:1070,"<ZZLearnership>: Inserted GenericPO[Table=1000257ID=1001004] / <ZZLearnership>: Inserted GenericPO[Table=1000257ID=1001004] / "
*,National Certificate: Plater/Welder: Metalliferous,"16Q160017001773 (V2)",,"23631","3",150,,1900-01-01 00:00:00.000,1900-01-01 00:00:00.000,0,Y,220,ZZLkpOfoOccupation:ZZLkpOfoOccupation_id:1070,"<ZZLearnership>: Inserted GenericPO[Table=1000257ID=1001005] / <ZZLearnership>: Inserted GenericPO[Table=1000257ID=1001005] / "
*,National Certificate: Plater/Welder: Open Cast,"16Q160051001463 (V2)",,"23631","3",145,,1900-01-01 00:00:00.000,1900-01-01 00:00:00.000,0,Y,221,ZZLkpOfoOccupation:ZZLkpOfoOccupation_id:1070,"<ZZLearnership>: Inserted GenericPO[Table=1000257ID=1001006] / <ZZLearnership>: Inserted GenericPO[Table=1000257ID=1001006] / "
*,National Certificate: Plater/Welder: Underground Diamonds,"16Q160018001623 (V2)",,"23631","3",149,,1900-01-01 00:00:00.000,1900-01-01 00:00:00.000,0,Y,222,ZZLkpOfoOccupation:ZZLkpOfoOccupation_id:1070,"<ZZLearnership>: Inserted GenericPO[Table=1000257ID=1001007] / <ZZLearnership>: Inserted GenericPO[Table=1000257ID=1001007] / "
*,National Certificate: Rigger Ropesman: Open Cast,"16Q160010001273 (V2)",,"23813","3",127,,2003-02-06 00:00:00.000,2003-02-06 00:00:00.000,0,Y,223,ZZLkpOfoOccupation:ZZLkpOfoOccupation_id:1079,"<ZZLearnership>: Inserted GenericPO[Table=1000257ID=1001008] / <ZZLearnership>: Inserted GenericPO[Table=1000257ID=1001008] / "
*,National Certificate: Rigger Ropesman: Surface / Underground,"16Q160009001273 (V2)",,"23813","3",140,,2012-06-30 00:00:00.000,2012-06-30 00:00:00.000,0,Y,224,ZZLkpOfoOccupation:ZZLkpOfoOccupation_id:1079,"<ZZLearnership>: Inserted GenericPO[Table=1000257ID=1001009] / <ZZLearnership>: Inserted GenericPO[Table=1000257ID=1001009] / "
*,National Certificate: Laboratory Practice: Coal,"16Q160146541202",,"73311","2",120,,2011-12-02 00:00:00.000,2011-12-02 00:00:00.000,0,Y,225,,"<ZZLearnership>: Inserted GenericPO[Table=1000257ID=1001010] / <ZZLearnership>: Inserted GenericPO[Table=1000257ID=1001010] / "
*,National Certificate: Mining Technical Support: Survey,"16Q160187471383",,"65549","3",138,,2016-07-27 00:00:00.000,2016-07-27 00:00:00.000,0,Y,226,,"<ZZLearnership>: Inserted GenericPO[Table=1000257ID=1001011] / <ZZLearnership>: Inserted GenericPO[Table=1000257ID=1001011] / "
*,Further Education Training Certificate: Mining Geology,"16Q160186541604",,"77963","4",160,,2017-07-27 00:00:00.000,2016-07-27 00:00:00.000,0,Y,227,,"<ZZLearnership>: Inserted GenericPO[Table=1000257ID=1001012] / <ZZLearnership>: Inserted GenericPO[Table=1000257ID=1001012] / "
*,Further Education Training Certificate: Exploration Geology,"16Q160183611604",,"77963","4",160,,2016-07-27 00:00:00.000,2016-07-27 00:00:00.000,0,Y,228,,"<ZZLearnership>: Inserted GenericPO[Table=1000257ID=1001013] / <ZZLearnership>: Inserted GenericPO[Table=1000257ID=1001013] / "
*,National Certificate: Mechanical Engineering: Fitting,"16Q160182451203",,"63471","3",120,,2016-02-27 00:00:00.000,2016-07-27 00:00:00.000,0,Y,229,ZZLkpOfoOccupation:ZZLkpOfoOccupation_id:1090,"<ZZLearnership>: Inserted GenericPO[Table=1000257ID=1001014] / <ZZLearnership>: Inserted GenericPO[Table=1000257ID=1001014] / "
*,Further Education and Training Certificate: Mechanical Engineering: Fitting,"16Q160179301204",,"63481","4",120,,2016-02-27 00:00:00.000,2016-07-27 00:00:00.000,0,Y,230,ZZLkpOfoOccupation:ZZLkpOfoOccupation_id:1090,"<ZZLearnership>: Inserted GenericPO[Table=1000257ID=1001015] / <ZZLearnership>: Inserted GenericPO[Table=1000257ID=1001015] / "
*,National Certificate: Mechanical Engineering: Fitting,"16Q160185681302",,"63477","2",130,,2016-07-27 00:00:00.000,2016-07-27 00:00:00.000,0,Y,231,ZZLkpOfoOccupation:ZZLkpOfoOccupation_id:1090,"<ZZLearnership>: Inserted GenericPO[Table=1000257ID=1001016] / <ZZLearnership>: Inserted GenericPO[Table=1000257ID=1001016] / "
*,National Certificate: Mining Technical Support: Sampling,"16Q160184421383",,"65549","3",138,,2016-07-27 00:00:00.000,2016-07-27 00:00:00.000,0,Y,232,,"<ZZLearnership>: Inserted GenericPO[Table=1000257ID=1001017] / <ZZLearnership>: Inserted GenericPO[Table=1000257ID=1001017] / "
*,Further Education and Training: Laboratory Analysis: Mining and Minerals,"16Q160193001404 (A)",,"73312","4",140,,2017-05-09 00:00:00.000,2017-02-06 00:00:00.000,0,Y,233,,"<ZZLearnership>: Inserted GenericPO[Table=1000257ID=1001018] / <ZZLearnership>: Inserted GenericPO[Table=1000257ID=1001018] / "
*,National Certificate: Mining Technical Support: Geology,"16Q160177511383",,"65549","3",138,,2017-07-27 00:00:00.000,2017-07-27 00:00:00.000,0,Y,234,,"<ZZLearnership>: Inserted GenericPO[Table=1000257ID=1001019] / <ZZLearnership>: Inserted GenericPO[Table=1000257ID=1001019] / "
*,Automotive electrician mining,"61305",,"61305",,120,,2018-01-07 00:00:00.000,2018-01-07 00:00:00.000,0,Y,235,,"<ZZLearnership>: Inserted GenericPO[Table=1000257ID=1001020] / <ZZLearnership>: Inserted GenericPO[Table=1000257ID=1001020] / "
*,Heavy Equipment Mechanic,"96276",,"96276",,120,,2018-01-07 00:00:00.000,2018-01-07 00:00:00.000,0,Y,236,,"<ZZLearnership>: Inserted GenericPO[Table=1000257ID=1001021] / <ZZLearnership>: Inserted GenericPO[Table=1000257ID=1001021] / "
*,GoldSmith,"96283",,"96283",,120,,2018-07-01 00:00:00.000,2018-07-01 00:00:00.000,0,Y,237,,"<ZZLearnership>: Inserted GenericPO[Table=1000257ID=1001022] / <ZZLearnership>: Inserted GenericPO[Table=1000257ID=1001022] / "
*,Diamond and gemstone setter,"96284",,"96284",,120,,2018-01-07 00:00:00.000,2018-01-07 00:00:00.000,0,Y,238,,"<ZZLearnership>: Inserted GenericPO[Table=1000257ID=1001023] / <ZZLearnership>: Inserted GenericPO[Table=1000257ID=1001023] / "
*,Diamond Cutter,"96349",,"96349",,120,,2018-07-01 00:00:00.000,2018-07-01 00:00:00.000,0,Y,239,,"<ZZLearnership>: Inserted GenericPO[Table=1000257ID=1001024] / <ZZLearnership>: Inserted GenericPO[Table=1000257ID=1001024] / "
*,Earth Moving Mechanic,"97388",,"97388",,120,,2018-01-07 00:00:00.000,2018-01-07 00:00:00.000,0,Y,240,,"<ZZLearnership>: Inserted GenericPO[Table=1000257ID=1001025] / <ZZLearnership>: Inserted GenericPO[Table=1000257ID=1001025] / "
*,National Certificate Instrumentation Mechanician  (V4),"16Q160008001764 (V4)",,"23628","4",176,,2003-02-06 00:00:00.000,2003-02-06 00:00:00.000,0,Y,241,,"<ZZLearnership>: Inserted GenericPO[Table=1000257ID=1001026] / <ZZLearnership>: Inserted GenericPO[Table=1000257ID=1001026] / "
*,National Certificate Rigger Ropesman - Surface/Underground (V3),"16Q160009001273 (V3)",,"23813","3",127,,2003-02-06 00:00:00.000,2003-02-06 00:00:00.000,0,Y,242,,"<ZZLearnership>: Inserted GenericPO[Table=1000257ID=1001027] / <ZZLearnership>: Inserted GenericPO[Table=1000257ID=1001027] / "
*,National Certificate Rigger Ropesman - Opencast (V3),"16Q160010001273 (V3)",,"23813","3",127,,2003-02-06 00:00:00.000,2003-02-06 00:00:00.000,0,Y,243,,"<ZZLearnership>: Inserted GenericPO[Table=1000257ID=1001028] / <ZZLearnership>: Inserted GenericPO[Table=1000257ID=1001028] / "
*,National Certificate Diesel Mechanic - Metalliferous (V3),"16Q160013001493 (V3)",,"23624","3",178,,2003-06-02 00:00:00.000,2003-06-02 00:00:00.000,0,Y,244,ZZLkpOfoOccupation:ZZLkpOfoOccupation_id:1105,"<ZZLearnership>: Inserted GenericPO[Table=1000257ID=1001029] / <ZZLearnership>: Inserted GenericPO[Table=1000257ID=1001029] / "
*,National Certificate Plater/Welder - Coal (V3),"16Q160016001333 (V3)",,"23631","3",0,,1900-01-01 00:00:00.000,1900-01-01 00:00:00.000,0,Y,245,,"<ZZLearnership>: Inserted GenericPO[Table=1000257ID=1001030] / <ZZLearnership>: Inserted GenericPO[Table=1000257ID=1001030] / "
*,National Certificate Plater/Welder - Metalliferous (V3),"16Q160017001773 (V3)",,"23631","3",0,,1900-01-01 00:00:00.000,1900-01-01 00:00:00.000,0,Y,246,ZZLkpOfoOccupation:ZZLkpOfoOccupation_id:1070,"<ZZLearnership>: Inserted GenericPO[Table=1000257ID=1001031] / <ZZLearnership>: Inserted GenericPO[Table=1000257ID=1001031] / "
*,National Certificate Plater/Welder-Diamond Opencast (V3),"16Q160018001523 (V3)",,"23631","3",0,,1900-01-01 00:00:00.000,1900-01-01 00:00:00.000,0,Y,247,,"<ZZLearnership>: Inserted GenericPO[Table=1000257ID=1001032] / <ZZLearnership>: Inserted GenericPO[Table=1000257ID=1001032] / "
*,National Certificate Plater/Welder - Underground Diamonds (V3),"16Q160018001623 (V3)",,"23631","3",0,,1900-01-01 00:00:00.000,1900-01-01 00:00:00.000,0,Y,248,,"<ZZLearnership>: Inserted GenericPO[Table=1000257ID=1001033] / <ZZLearnership>: Inserted GenericPO[Table=1000257ID=1001033] / "
*,National Certificate Plater/Boilermaker - Opencast (V3),"16Q160019001323 (V3)",,"23630","3",0,,1900-01-01 00:00:00.000,1900-01-01 00:00:00.000,0,Y,249,ZZLkpOfoOccupation:ZZLkpOfoOccupation_id:1074,"<ZZLearnership>: Inserted GenericPO[Table=1000257ID=1001034] / <ZZLearnership>: Inserted GenericPO[Table=1000257ID=1001034] / "
*,National Certificate Plater/Boilermaker - Coal (V3),"16Q160020001343 (V3)",,"23630","3",0,,1900-01-01 00:00:00.000,1900-01-01 00:00:00.000,0,Y,250,,"<ZZLearnership>: Inserted GenericPO[Table=1000257ID=1001035] / <ZZLearnership>: Inserted GenericPO[Table=1000257ID=1001035] / "
*,National Certificate Plater/Boilermaker - Metalliferous (V3),"16Q160021001733 (V3)",,"23630","3",0,,1900-01-01 00:00:00.000,1900-01-01 00:00:00.000,0,Y,251,,"<ZZLearnership>: Inserted GenericPO[Table=1000257ID=1001036] / <ZZLearnership>: Inserted GenericPO[Table=1000257ID=1001036] / "
*,National Certificate Plater/Boilermaker - Diamond Opencast (V3),"16Q160022001493 (V3)",,"23630","3",0,,1900-01-01 00:00:00.000,1900-01-01 00:00:00.000,0,Y,252,,"<ZZLearnership>: Inserted GenericPO[Table=1000257ID=1001037] / <ZZLearnership>: Inserted GenericPO[Table=1000257ID=1001037] / "
*,National Certificate Fitting (including machining) - Underground Diamonds (V3),"16Q160023001273 (V3)",,"23627","3",140,,2003-02-06 00:00:00.000,2003-02-06 00:00:00.000,0,Y,253,,"<ZZLearnership>: Inserted GenericPO[Table=1000257ID=1001038] / <ZZLearnership>: Inserted GenericPO[Table=1000257ID=1001038] / "
*,National Certificate Fitting (including machining) - Underground Coal (V3),"16Q160024001533 (V3)",,"23627","3",144,,2003-02-06 00:00:00.000,2003-02-06 00:00:00.000,0,Y,254,,"<ZZLearnership>: Inserted GenericPO[Table=1000257ID=1001039] / <ZZLearnership>: Inserted GenericPO[Table=1000257ID=1001039] / "
*,National Certificate Fitting (including machining) - Surface Coal (V3),"16Q160025001283 (V3)",,"23627","3",134,,2003-02-06 00:00:00.000,2003-02-06 00:00:00.000,0,Y,255,,"<ZZLearnership>: Inserted GenericPO[Table=1000257ID=1001040] / <ZZLearnership>: Inserted GenericPO[Table=1000257ID=1001040] / "
*,National Certificate Fitting (including machining) -Metalliferous (V3),"16Q160026002443 (V3)",,"23627","3",148,,2003-02-06 00:00:00.000,2003-02-06 00:00:00.000,0,Y,256,ZZLkpOfoOccupation:ZZLkpOfoOccupation_id:1102,"<ZZLearnership>: Inserted GenericPO[Table=1000257ID=1001041] / <ZZLearnership>: Inserted GenericPO[Table=1000257ID=1001041] / "
*,National Certificate Fitting (including machining) - Surface Diamonds (V3),"16Q160027001203 (V3)",,"23627","3",119,,2003-02-06 00:00:00.000,2003-02-06 00:00:00.000,0,Y,257,,"<ZZLearnership>: Inserted GenericPO[Table=1000257ID=1001042] / <ZZLearnership>: Inserted GenericPO[Table=1000257ID=1001042] / "
*,National Certificate Millwright - Diamonds (V3),"16Q160028003394 (V3)",,"23633","4",339,,2003-02-06 00:00:00.000,2003-02-06 00:00:00.000,0,Y,258,,"<ZZLearnership>: Inserted GenericPO[Table=1000257ID=1001043] / <ZZLearnership>: Inserted GenericPO[Table=1000257ID=1001043] / "
*,National Certificate Millwright - Coal (V3),"16Q160029004094 (V3)",,"23633","4",409,,2003-02-06 00:00:00.000,2003-02-06 00:00:00.000,0,Y,259,,"<ZZLearnership>: Inserted GenericPO[Table=1000257ID=1001044] / <ZZLearnership>: Inserted GenericPO[Table=1000257ID=1001044] / "
*,National Certificate Millwright - Metalliferous (V3),"16Q160030004444 (V3)",,"23633","4",444,,2003-02-06 00:00:00.000,2003-02-06 00:00:00.000,0,Y,260,,"<ZZLearnership>: Inserted GenericPO[Table=1000257ID=1001045] / <ZZLearnership>: Inserted GenericPO[Table=1000257ID=1001045] / "
*,National Certificate Millwright - Opencast (V3),"16Q160031003814 (V3)",,"23633","4",381,,2003-02-06 00:00:00.000,2003-02-06 00:00:00.000,0,Y,261,ZZLkpOfoOccupation:ZZLkpOfoOccupation_id:1167,"<ZZLearnership>: Inserted GenericPO[Table=1000257ID=1001046] / <ZZLearnership>: Inserted GenericPO[Table=1000257ID=1001046] / "
*,National Certificate Fitting and Turning - Underground Diamonds (V3),"16Q160032001593 (V3)",,"23626","3",172,,2003-02-06 00:00:00.000,2003-02-06 00:00:00.000,0,Y,262,,"<ZZLearnership>: Inserted GenericPO[Table=1000257ID=1001047] / <ZZLearnership>: Inserted GenericPO[Table=1000257ID=1001047] / "
*,National Certificate Fitting and Turning - Underground Coal (V3),"16Q160033001853 (V3)",,"23626","3",177,,2003-02-06 00:00:00.000,2003-02-06 00:00:00.000,0,Y,263,,"<ZZLearnership>: Inserted GenericPO[Table=1000257ID=1001048] / <ZZLearnership>: Inserted GenericPO[Table=1000257ID=1001048] / "
*,National Certificate: Fitting and Turning: Surface Coal (V3),"16Q160034001463 (V3)",,"23626","3",167,,2003-02-06 00:00:00.000,2003-02-06 00:00:00.000,0,Y,264,,"<ZZLearnership>: Inserted GenericPO[Table=1000257ID=1001049] / <ZZLearnership>: Inserted GenericPO[Table=1000257ID=1001049] / "
*,National Certificate Fitting and Turning - Metalliferous (V3),"16Q160035002763 (V3)",,"23626","3",181,,2003-02-06 00:00:00.000,2003-02-06 00:00:00.000,0,Y,265,,"<ZZLearnership>: Inserted GenericPO[Table=1000257ID=1001050] / <ZZLearnership>: Inserted GenericPO[Table=1000257ID=1001050] / "
*,National Certificate Fitting and Turning - Surface Diamonds (V3),"16Q160036001403 (V3)",,"23626","3",152,,2003-02-06 00:00:00.000,2003-02-06 00:00:00.000,0,Y,266,,"<ZZLearnership>: Inserted GenericPO[Table=1000257ID=1001051] / <ZZLearnership>: Inserted GenericPO[Table=1000257ID=1001051] / "
*,National Certificate Electrical - Underground Diamonds (V3),"16Q160037003134 (V3)",,"23625","4",479,,2007-01-01 00:00:00.000,2003-02-06 00:00:00.000,0,Y,267,,"<ZZLearnership>: Inserted GenericPO[Table=1000257ID=1001052] / <ZZLearnership>: Inserted GenericPO[Table=1000257ID=1001052] / "
*,National Certificate Electrical - Underground Coal (V3),"16Q160038003494 (V3)",,"23625","4",428,,2007-01-01 00:00:00.000,2003-02-06 00:00:00.000,0,Y,268,,"<ZZLearnership>: Inserted GenericPO[Table=1000257ID=1001053] / <ZZLearnership>: Inserted GenericPO[Table=1000257ID=1001053] / "
*,National Certificate Electrical - Surface Coal (V3),"16Q160039003444 (V3)",,"23625","4",436,,2007-01-01 00:00:00.000,2003-02-06 00:00:00.000,0,Y,269,,"<ZZLearnership>: Inserted GenericPO[Table=1000257ID=1001054] / <ZZLearnership>: Inserted GenericPO[Table=1000257ID=1001054] / "
*,National Certificate Electrical - Opencast (V3),"16Q160040003294 (V3)",,"23625","4",435,,2007-01-01 00:00:00.000,2003-02-06 00:00:00.000,0,Y,270,ZZLkpOfoOccupation:ZZLkpOfoOccupation_id:1165,"<ZZLearnership>: Inserted GenericPO[Table=1000257ID=1001055] / <ZZLearnership>: Inserted GenericPO[Table=1000257ID=1001055] / "
*,National Certificate Electrical - Metalliferous (V3),"16Q160041003404 (V3)",,"23625","4",443,,2007-01-01 00:00:00.000,2003-02-06 00:00:00.000,0,Y,271,ZZLkpOfoOccupation:ZZLkpOfoOccupation_id:1165,"<ZZLearnership>: Inserted GenericPO[Table=1000257ID=1001056] / <ZZLearnership>: Inserted GenericPO[Table=1000257ID=1001056] / "
*,National Certificate Electrical - Surface (V3),"16Q160042003014 (V3)",,"23625","3",478,,2007-01-01 00:00:00.000,2003-02-06 00:00:00.000,0,Y,272,,"<ZZLearnership>: Inserted GenericPO[Table=1000257ID=1001057] / <ZZLearnership>: Inserted GenericPO[Table=1000257ID=1001057] / "
*,National Certificate Plater/Welder - Opencast (V3),"16Q160051001463 (V3)",,"23631","3",0,,1900-01-01 00:00:00.000,1900-01-01 00:00:00.000,0,Y,273,ZZLkpOfoOccupation:ZZLkpOfoOccupation_id:1070,"<ZZLearnership>: Inserted GenericPO[Table=1000257ID=1001058] / <ZZLearnership>: Inserted GenericPO[Table=1000257ID=1001058] / "
*,National Certificate Diesel Mechanic – Open Cast (V3),"16Q160052001463 (V3)",,"23624","3",186,,1900-01-01 00:00:00.000,1900-01-01 00:00:00.000,0,Y,274,ZZLkpOfoOccupation:ZZLkpOfoOccupation_id:1105,"<ZZLearnership>: Inserted GenericPO[Table=1000257ID=1001059] / <ZZLearnership>: Inserted GenericPO[Table=1000257ID=1001059] / "
*,National Certificate Fitting including Machining - Open Cast (V3),"16Q160053001463 (V3)",,"23627","3",111,,1900-01-01 00:00:00.000,1900-01-01 00:00:00.000,0,N,275,ZZLkpOfoOccupation:ZZLkpOfoOccupation_id:1102,"<ZZLearnership>: Inserted GenericPO[Table=1000257ID=1001060] / <ZZLearnership>: Inserted GenericPO[Table=1000257ID=1001060] / "
*,National Certificate Fitter and Turner - Open Cast (V3),"16Q160054001463 (V3)",,"23626","3",146,,1900-01-01 00:00:00.000,1900-01-01 00:00:00.000,0,Y,276,ZZLkpOfoOccupation:ZZLkpOfoOccupation_id:1090,"<ZZLearnership>: Inserted GenericPO[Table=1000257ID=1001061] / <ZZLearnership>: Inserted GenericPO[Table=1000257ID=1001061] / "
*,Diesel Mechanic – Underground Diamonds  (V3),"16Q160011001303 (V3)",,"23624","2",443,,2003-01-01 00:00:00.000,2003-01-01 00:00:00.000,0,Y,277,,"<ZZLearnership>: Inserted GenericPO[Table=1000257ID=1001062] / <ZZLearnership>: Inserted GenericPO[Table=1000257ID=1001062] / "
*,National Certificate Diesel Mechanic - Coal (V3),"16Q160012001623 (V3)",,"23624","4",443,,2003-02-06 00:00:00.000,2003-02-06 00:00:00.000,0,Y,278,,"<ZZLearnership>: Inserted GenericPO[Table=1000257ID=1001063] / <ZZLearnership>: Inserted GenericPO[Table=1000257ID=1001063] / "
*,National Certificate Diesel Mechanic - Surface Diamonds (V3),"16Q160014001373 (V3)",,"23624","3",443,,1900-01-01 00:00:00.000,1900-01-01 00:00:00.000,0,Y,279,,"<ZZLearnership>: Inserted GenericPO[Table=1000257ID=1001064] / <ZZLearnership>: Inserted GenericPO[Table=1000257ID=1001064] / "
*,National Certificate: Mineral Processing: Gold,"16Q160095671292",,"59305","2",129,,2012-06-02 00:00:00.000,2012-02-06 00:00:00.000,0,Y,280,,"<ZZLearnership>: Inserted GenericPO[Table=1000257ID=1001065] / <ZZLearnership>: Inserted GenericPO[Table=1000257ID=1001065] / "
*,Test learnership,Test16q887780887654,Standard Qualification,"59305","2",120,"585",2023-01-26 00:00:00.000,2027-01-26 00:00:00.000,18,Y,281,,"<ZZLearnership>: Inserted GenericPO[Table=1000257ID=1001066] / <ZZLearnership>: Inserted GenericPO[Table=1000257ID=1001066] / "
*,Learnership shell test,"16Q20231123",Non MQA learnership,,"4",120,"585",2023-10-01 00:00:00.000,2028-11-23 00:00:00.000,20,Y,282,,"<ZZLearnership>: Inserted GenericPO[Table=1000257ID=1001067] / <ZZLearnership>: Inserted GenericPO[Table=1000257ID=1001067] / "
*,Learenrship Shell2,"16Q20231127",Non MQA learnership,,"4",120,"585",2023-11-01 00:00:00.000,2028-11-27 00:00:00.000,20,Y,283,,"<ZZLearnership>: Inserted GenericPO[Table=1000257ID=1001068] / <ZZLearnership>: Inserted GenericPO[Table=1000257ID=1001068] / "
*,FETC:Generic management NQF5,"23Q230073291625",Non MQA learnership,"59201","5",163,"585",2018-07-01 00:00:00.000,2026-06-30 00:00:00.000,100,Y,284,ZZLkpOfoOccupation:ZZLkpOfoOccupation_id:485,"<ZZLearnership>: Inserted GenericPO[Table=1000257ID=1001069] / <ZZLearnership>: Inserted GenericPO[Table=1000257ID=1001069] / "
*,Project Management,"23Q2300082012044R",Non MQA learnership,,"4",136,"585",2024-04-01 00:00:00.000,2025-03-31 00:00:00.000,120388,Y,285,,"<ZZLearnership>: Inserted GenericPO[Table=1000257ID=1001070] / <ZZLearnership>: Inserted GenericPO[Table=1000257ID=1001070] / "
*,Further Education and Training Certificate: Generic Management,"23Q230074261504",Non MQA learnership,,"4",154,"585",2024-04-24 00:00:00.000,2025-04-30 00:00:00.000,242818,Y,286,ZZLkpOfoOccupation:ZZLkpOfoOccupation_id:4340,"<ZZLearnership>: Inserted GenericPO[Table=1000257ID=1001071] / <ZZLearnership>: Inserted GenericPO[Table=1000257ID=1001071] / "
*,General education and training certificate: Business practice,"23Q230071391211",Non MQA learnership,"61755","1",121,"585",2024-05-29 00:00:00.000,2025-05-30 00:00:00.000,121,Y,287,,"<ZZLearnership>: Inserted GenericPO[Table=1000257ID=1001072] / <ZZLearnership>: Inserted GenericPO[Table=1000257ID=1001072] / "
*,NC: Business Administration,"23Q230025391592",Non MQA learnership,"23833","3",130,"585",2018-07-01 00:00:00.000,2026-06-30 00:00:00.000,130,Y,288,,"<ZZLearnership>: Inserted GenericPO[Table=1000257ID=1001073] / <ZZLearnership>: Inserted GenericPO[Table=1000257ID=1001073] / "
*,Project Management,"23Q230068281364",Non MQA learnership,,"4",136,"585",2024-05-02 00:00:00.000,2025-05-01 00:00:00.000,136,Y,289,,"<ZZLearnership>: Inserted GenericPO[Table=1000257ID=1001074] / <ZZLearnership>: Inserted GenericPO[Table=1000257ID=1001074] / "
*,Marketing,"23Q230081451394",Non MQA learnership,,"4",141,"585",2024-05-01 00:00:00.000,2025-05-01 00:00:00.000,141,Y,290,,"<ZZLearnership>: Inserted GenericPO[Table=1000257ID=1001075] / <ZZLearnership>: Inserted GenericPO[Table=1000257ID=1001075] / "
*,NC:Bookkeeping,"01Q010027261203",Non MQA learnership,"58375","3",120,"585",2024-04-01 00:00:00.000,2025-04-30 00:00:00.000,120,Y,291,,"<ZZLearnership>: Inserted GenericPO[Table=1000257ID=1001076] / <ZZLearnership>: Inserted GenericPO[Table=1000257ID=1001076] / "
*,FETC: Bookkeeping,"01Q01002828130/4",Non MQA learnership,"58376","4",130,"585",2024-04-01 00:00:00.000,2025-04-01 00:00:00.000,130,Y,292,,"<ZZLearnership>: Inserted GenericPO[Table=1000257ID=1001077] / <ZZLearnership>: Inserted GenericPO[Table=1000257ID=1001077] / "
*,FETC: Business Administration,"23Q230032541404",Non MQA learnership,"61595","4",140,"585",2024-04-01 00:00:00.000,2026-06-30 00:00:00.000,140,Y,293,,"<ZZLearnership>: Inserted GenericPO[Table=1000257ID=1001078] / <ZZLearnership>: Inserted GenericPO[Table=1000257ID=1001078] / "
*,NC:business administration,"23Q230026461303",Non MQA learnership,"67465","3",120,"585",2024-04-01 00:00:00.000,2026-07-30 00:00:00.000,120,Y,294,,"<ZZLearnership>: Inserted GenericPO[Table=1000257ID=1001079] / <ZZLearnership>: Inserted GenericPO[Table=1000257ID=1001079] / "
*,business administration,"23Q00225391592",Non MQA learnership,"23833","2",130,"585",2024-05-01 00:00:00.000,2025-05-01 00:00:00.000,130,Y,295,,"<ZZLearnership>: Inserted GenericPO[Table=1000257ID=1001080] / <ZZLearnership>: Inserted GenericPO[Table=1000257ID=1001080] / "
*,National Certificate: Project Management,"23Q230070231205",Non MQA learnership,"58395","4",140,"585",2024-04-01 00:00:00.000,2025-04-01 00:00:00.000,143,Y,296,,"<ZZLearnership>: Inserted GenericPO[Table=1000257ID=1001081] / <ZZLearnership>: Inserted GenericPO[Table=1000257ID=1001081] / "
*,TestLearnership,"1Test234567890",Qualification Electives,"123456","6",120,"585",2024-04-08 00:00:00.000,2025-06-18 00:00:00.000,8,Y,297,,"<ZZLearnership>: Inserted GenericPO[Table=1000257ID=1001082] / <ZZLearnership>: Inserted GenericPO[Table=1000257ID=1001082] / "
*,Human Resource Management and Support,"21Q210014331404",Non MQA learnership,"49691","4",140,"585",2024-06-19 00:00:00.000,2025-06-19 00:00:00.000,140,Y,298,,"<ZZLearnership>: Inserted GenericPO[Table=1000257ID=1001083] / <ZZLearnership>: Inserted GenericPO[Table=1000257ID=1001083] / "
*,National Certificate -Animal production,"30Q300002421404",Non MQA learnership,"48979","4",140,"585",2024-06-18 00:00:00.000,2025-06-30 00:00:00.000,140,Y,299,,"<ZZLearnership>: Inserted GenericPO[Table=1000257ID=1001084] / <ZZLearnership>: Inserted GenericPO[Table=1000257ID=1001084] / "
*,Procurement in the Supply Chain,"26Q260081151505",Non MQA learnership,"74149","5",154,"585",2024-06-18 00:00:00.000,2025-07-30 00:00:00.000,154,Y,300,,"<ZZLearnership>: Inserted GenericPO[Table=1000257ID=1001085] / <ZZLearnership>: Inserted GenericPO[Table=1000257ID=1001085] / "
*,National Certificate: Management: Stores and Warehousing,"17Q170262221213",Non MQA learnership,"83986","4",120,"585",2024-06-18 00:00:00.000,2025-06-30 00:00:00.000,120,Y,301,,"<ZZLearnership>: Inserted GenericPO[Table=1000257ID=1001086] / <ZZLearnership>: Inserted GenericPO[Table=1000257ID=1001086] / "
*,test21062024,test21062024,Standard Qualification,"123456","6",120,"629",2024-06-17 00:00:00.000,2026-06-21 00:00:00.000,0,Y,302,,"<ZZLearnership>: Inserted GenericPO[Table=1000257ID=1001087] / <ZZLearnership>: Inserted GenericPO[Table=1000257ID=1001087] / "
*,National Certificate: Information Technology: End User Computing,"12Q120020401303",Non MQA learnership,"61591","3",120,"585",2024-06-27 00:00:00.000,2025-06-27 00:00:00.000,120,Y,303,,"<ZZLearnership>: Inserted GenericPO[Table=1000257ID=1001088] / <ZZLearnership>: Inserted GenericPO[Table=1000257ID=1001088] / "
*,Payroll Administration,"23Q23008324205",Non MQA learnership,"67229","4",120,"585",2024-07-01 00:00:00.000,2025-06-30 00:00:00.000,120,Y,304,,"<ZZLearnership>: Inserted GenericPO[Table=1000257ID=1001089] / <ZZLearnership>: Inserted GenericPO[Table=1000257ID=1001089] / "
*,FETC: New Venture Creation,"23Q230079271494",Non MQA learnership,"66249","4",149,"585",2024-07-01 00:00:00.000,2025-06-30 00:00:00.000,11,Y,305,,"<ZZLearnership>: Inserted GenericPO[Table=1000257ID=1001090] / <ZZLearnership>: Inserted GenericPO[Table=1000257ID=1001090] / "
*,National Certificate: Craft Production,"15Q150038421412",Non MQA learnership,"48806","2",141,"585",2024-07-01 00:00:00.000,2025-05-30 00:00:00.000,141,Y,306,,"<ZZLearnership>: Inserted GenericPO[Table=1000257ID=1001091] / <ZZLearnership>: Inserted GenericPO[Table=1000257ID=1001091] / "
*,Occupational Certificate Maintenance Planner,"32Q32003119265",Non MQA learnership,"101874","5",261,"585",2018-07-01 00:00:00.000,2025-12-30 00:00:00.000,261,Y,307,,"<ZZLearnership>: Inserted GenericPO[Table=1000257ID=1001092] / <ZZLearnership>: Inserted GenericPO[Table=1000257ID=1001092] / "
*,Occupation Certificate: Early Childhood Development Practitioner,"32Q320045171314",Non MQA learnership,"97542","4",131,"585",2018-07-01 00:00:00.000,2025-12-30 00:00:00.000,131,Y,308,,"<ZZLearnership>: Inserted GenericPO[Table=1000257ID=1001093] / <ZZLearnership>: Inserted GenericPO[Table=1000257ID=1001093] / "
*,"Occupational Certificate: Safety, Health and quality Practitioner","32Q320063202565",Non MQA learnership,"99714","5",256,"585",2018-07-01 00:00:00.000,2025-12-30 00:00:00.000,256,Y,309,,"<ZZLearnership>: Inserted GenericPO[Table=1000257ID=1001094] / <ZZLearnership>: Inserted GenericPO[Table=1000257ID=1001094] / "
*,Training & Development Practitioner,"32Q320041211905",Non MQA learnership,"101321","5",190,"585",2018-07-01 00:00:00.000,2025-12-30 00:00:00.000,190,Y,310,,"<ZZLearnership>: Inserted GenericPO[Table=1000257ID=1001095] / <ZZLearnership>: Inserted GenericPO[Table=1000257ID=1001095] / "
*,Occupational Certificate: Design Thinking Innovation Lead,"32Q320172201604",Non MQA learnership,"118788","4",160,"585",2022-02-03 00:00:00.000,2025-12-31 00:00:00.000,160,Y,311,,"<ZZLearnership>: Inserted GenericPO[Table=1000257ID=1001096] / <ZZLearnership>: Inserted GenericPO[Table=1000257ID=1001096] / "
*,National Certificate: Information Technology: Systems Support,"12Q120014001205",Non MQA learnership,"48573","5",147,"629",2024-07-01 00:00:00.000,2026-06-30 00:00:00.000,147,Y,312,,"<ZZLearnership>: Inserted GenericPO[Table=1000257ID=1001097] / <ZZLearnership>: Inserted GenericPO[Table=1000257ID=1001097] / "
*,"National Certificate: Occupationally Directed Education, Training and Development Practices","07Q070031361456",Non MQA learnership,"50331","6",145,"629",2024-10-16 00:00:00.000,2026-10-16 00:00:00.000,145,Y,313,,"<ZZLearnership>: Inserted GenericPO[Table=1000257ID=1001098] / <ZZLearnership>: Inserted GenericPO[Table=1000257ID=1001098] / "
*,National Certificate: Interactive Media,"15Q150039231305",Non MQA learnership,"49121","5",130,"585",2024-06-30 00:00:00.000,2026-06-30 00:00:00.000,130,Y,314,,"<ZZLearnership>: Inserted GenericPO[Table=1000257ID=1001099] / <ZZLearnership>: Inserted GenericPO[Table=1000257ID=1001099] / "
*,National Certificate: Business Advising Operations,"23Q230116161386",Non MQA learnership,"48967","6",138,"585",2024-10-16 00:00:00.000,2026-10-16 00:00:00.000,138,Y,315,,"<ZZLearnership>: Inserted GenericPO[Table=1000257ID=1001100] / <ZZLearnership>: Inserted GenericPO[Table=1000257ID=1001100] / "
*,Further Education and Training Certificate: Early Childhood Development,"07Q070030261404",Non MQA learnership,"58761","4",140,"585",2024-07-30 00:00:00.000,2026-10-16 00:00:00.000,140,Y,316,,"<ZZLearnership>: Inserted GenericPO[Table=1000257ID=1001101] / <ZZLearnership>: Inserted GenericPO[Table=1000257ID=1001101] / "
*,National Certificate: Community Development,"14Q140018271204",Non MQA learnership,"66749","3",120,"629",2024-07-01 00:00:00.000,2026-06-30 00:00:00.000,120,Y,317,,"<ZZLearnership>: Inserted GenericPO[Table=1000257ID=1001102] / <ZZLearnership>: Inserted GenericPO[Table=1000257ID=1001102] / "
*,National Diploma: Early Childhood Development,"07Q070017212405",Non MQA learnership,"23118","5",240,"629",2024-07-01 00:00:00.000,2026-10-16 00:00:00.000,240,Y,318,,"<ZZLearnership>: Inserted GenericPO[Table=1000257ID=1001103] / <ZZLearnership>: Inserted GenericPO[Table=1000257ID=1001103] / "
*,General Education and Training Certificate: Poultry Production,"30Q300004312241",Non MQA learnership,"49580","1",134,"585",2024-10-16 00:00:00.000,2026-10-16 00:00:00.000,134,Y,319,,"<ZZLearnership>: Inserted GenericPO[Table=1000257ID=1001104] / <ZZLearnership>: Inserted GenericPO[Table=1000257ID=1001104] / "
*,National Certificate: Mixed Farming Systems,"20Q200016461202",Non MQA learnership,"48977","2",120,"585",2024-10-16 00:00:00.000,2026-10-16 00:00:00.000,120,Y,320,,"<ZZLearnership>: Inserted GenericPO[Table=1000257ID=1001105] / <ZZLearnership>: Inserted GenericPO[Table=1000257ID=1001105] / "
*,Occupational Certificate: Project Manager,"23Q230065282405",Non MQA learnership,"101869","5",240,"585",2018-07-01 00:00:00.000,2025-12-30 00:00:00.000,240,Y,321,,"<ZZLearnership>: Inserted GenericPO[Table=1000257ID=1001106] / <ZZLearnership>: Inserted GenericPO[Table=1000257ID=1001106] / "
*,Further Education and Training Certificate: Information Technology: Technical Support,"12Q120035301634",Non MQA learnership,"78964","4",163,"585",2018-07-01 00:00:00.000,2027-06-30 00:00:00.000,163,Y,322,,"<ZZLearnership>: Inserted GenericPO[Table=1000257ID=1001107] / <ZZLearnership>: Inserted GenericPO[Table=1000257ID=1001107] / "
*,National Certificate: Contact Centre and Business Process Outsourcing Support,"23Q230087261243",Non MQA learnership,"93997","3",124,"629",2021-07-01 00:00:00.000,2025-07-30 00:00:00.000,124,Y,323,,"<ZZLearnership>: Inserted GenericPO[Table=1000257ID=1001108] / <ZZLearnership>: Inserted GenericPO[Table=1000257ID=1001108] / "
*,National Certificate: Information Technology: End User Computing,"12Q121002041303",Non MQA learnership,"61591","3",130,"585",2021-07-01 00:00:00.000,2027-06-30 00:00:00.000,130,Y,324,,"<ZZLearnership>: Inserted GenericPO[Table=1000257ID=1001109] / <ZZLearnership>: Inserted GenericPO[Table=1000257ID=1001109] / "
*,"4IR LEARNERSHIP","4IR",Non MQA learnership,,"6",120,"585",2024-11-27 00:00:00.000,2025-11-27 00:00:00.000,0,Y,325,,"<ZZLearnership>: Inserted GenericPO[Table=1000257ID=1001110] / <ZZLearnership>: Inserted GenericPO[Table=1000257ID=1001110] / "
*,National Certificate: New Venture Creation,"23Q230065381382",Non MQA learnership,"49648","2",138,"585",2026-06-30 00:00:00.000,2029-07-01 00:00:00.000,138,Y,326,,"<ZZLearnership>: Inserted GenericPO[Table=1000257ID=1001111] / <ZZLearnership>: Inserted GenericPO[Table=1000257ID=1001111] / "
*,National Certificate: Environmental Management,"07Q070026241215",Non MQA learnership,"66789","5",134,"585",2024-12-04 00:00:00.000,2026-06-30 00:00:00.000,134,Y,327,,"<ZZLearnership>: Inserted GenericPO[Table=1000257ID=1001112] / <ZZLearnership>: Inserted GenericPO[Table=1000257ID=1001112] / "
*,National Certificate: Hygiene and Cleaning Supervision,"23Q230045351203",Non MQA learnership,"20175","3",120,"585",2018-07-01 00:00:00.000,2026-06-30 00:00:00.000,120,Y,328,,"<ZZLearnership>: Inserted GenericPO[Table=1000257ID=1001113] / <ZZLearnership>: Inserted GenericPO[Table=1000257ID=1001113] / "
*,Occupational Certificate: Internet-of-Things Developer,"32Q320184201414",Non MQA learnership,"119262","4",141,"585",2022-06-21 00:00:00.000,2025-12-31 00:00:00.000,141,Y,329,,"<ZZLearnership>: Inserted GenericPO[Table=1000257ID=1001114] / <ZZLearnership>: Inserted GenericPO[Table=1000257ID=1001114] / "
*,QAtest,"16Q2025030",Standard Qualification,"202503","5",120,"585",2025-01-01 00:00:00.000,2027-12-31 00:00:00.000,10,Y,330,,"<ZZLearnership>: Inserted GenericPO[Table=1000257ID=1001115] / <ZZLearnership>: Inserted GenericPO[Table=1000257ID=1001115] / "
*,Occupational Certificate: Data Science Practitioner,"32Q320170251855",Non MQA learnership,"118708","5",185,"585",2022-02-02 00:00:00.000,2025-12-31 00:00:00.000,185,Y,331,ZZLkpOfoOccupation:ZZLkpOfoOccupation_id:2163,"<ZZLearnership>: Inserted GenericPO[Table=1000257ID=1001116] / <ZZLearnership>: Inserted GenericPO[Table=1000257ID=1001116] / "
*,Occupational Certificate: Cloud Administrator,"118699",Non MQA learnership,"118699","4",149,"585",2022-02-03 00:00:00.000,2025-12-31 00:00:00.000,149,Y,332,ZZLkpOfoOccupation:ZZLkpOfoOccupation_id:485,"<ZZLearnership>: Inserted GenericPO[Table=1000257ID=1001117] / <ZZLearnership>: Inserted GenericPO[Table=1000257ID=1001117] / "
*,National Certificate: Specialist Hygiene and Cleaning Services,"23Q230044381202",Non MQA learnership,"36233","2",120,"585",2018-07-01 00:00:00.000,2026-06-30 00:00:00.000,120,Y,333,ZZLkpOfoOccupation:ZZLkpOfoOccupation_id:2159,"<ZZLearnership>: Inserted GenericPO[Table=1000257ID=1001118] / <ZZLearnership>: Inserted GenericPO[Table=1000257ID=1001118] / "
*,AI Software Developer,"32Q320159262095",Non MQA learnership,"118792","5",209,"585",2022-02-03 00:00:00.000,2026-12-31 00:00:00.000,209,Y,334,ZZLkpOfoOccupation:ZZLkpOfoOccupation_id:2415,"<ZZLearnership>: Inserted GenericPO[Table=1000257ID=1001119] / <ZZLearnership>: Inserted GenericPO[Table=1000257ID=1001119] / "
