"AD_Org_ID[Name]","ZZModuleCode","ZZModuleTitle","ZZQualityAssuranceBody","ZZCredits","Registrationstartdate","Registrationenddate","ZZLastEnrolmentDate","ZZLastAchievementDate","ZZNqfLevel","ZZLearningType","ZZModuleType","IsActive","ZZMigrationCode/K","ZZMigrateValues",_LOG_
*,QModule1,QCTO module1,"629",20,2023-12-13 00:00:00.000,2025-12-13 00:00:00.000,2024-12-13 00:00:00.000,2026-12-13 00:00:00.000,"2",Application,Core,Y,1,ZZLkpOfoOccupation:ZZLkpOfoOccupation_id:4758,"<ZZQctoModule>: Inserted GenericPO[Table=1000258ID=1000579] / <ZZQctoModule>: Inserted GenericPO[Table=1000258ID=1000579] / "
*,QModule2,QCTO module Expired,"629",10,2022-12-13 00:00:00.000,2023-12-01 00:00:00.000,2023-11-02 00:00:00.000,2023-12-30 00:00:00.000,"2",Knowledge,Elective,Y,2,,"<ZZQctoModule>: Inserted GenericPO[Table=1000258ID=1000580] / <ZZQctoModule>: Inserted GenericPO[Table=1000258ID=1000580] / "
*,QMod3,Module3,"629",60,2023-12-14 00:00:00.000,2025-12-14 00:00:00.000,2026-12-14 00:00:00.000,2027-12-14 00:00:00.000,"2",Work experience,Core,Y,3,,"<ZZQctoModule>: Inserted GenericPO[Table=1000258ID=1000581] / <ZZQctoModule>: Inserted GenericPO[Table=1000258ID=1000581] / "
*,QMod4,Module4,"629",60,2023-12-14 00:00:00.000,2025-12-14 00:00:00.000,2025-12-14 00:00:00.000,2026-12-14 00:00:00.000,"3",Knowledge,Elective,Y,4,,"<ZZQctoModule>: Inserted GenericPO[Table=1000258ID=1000582] / <ZZQctoModule>: Inserted GenericPO[Table=1000258ID=1000582] / "
*,QCTOm1601,QCTOlive module1,"629",5,2024-01-01 00:00:00.000,2028-01-16 00:00:00.000,2027-01-16 00:00:00.000,2028-01-31 00:00:00.000,"2",Application,Core,Y,5,ZZLkpOfoOccupation:ZZLkpOfoOccupation_id:4758,"<ZZQctoModule>: Inserted GenericPO[Table=1000258ID=1000583] / <ZZQctoModule>: Inserted GenericPO[Table=1000258ID=1000583] / "
*,"651302000-KM-01",Introduction to Boilermaker Trade,"629",9,2018-07-01 00:00:00.000,2023-06-30 00:00:00.000,2024-06-30 00:00:00.000,2027-06-30 00:00:00.000,"4",Knowledge,Core,Y,6,,"<ZZQctoModule>: Inserted GenericPO[Table=1000258ID=1000584] / <ZZQctoModule>: Inserted GenericPO[Table=1000258ID=1000584] / "
*,"651302000-KM-02","Boilermaker Tools, Equipment, Machines and Materials","629",10,2018-07-01 00:00:00.000,2023-06-30 00:00:00.000,2024-06-30 00:00:00.000,2027-06-30 00:00:00.000,"4",Knowledge,Core,Y,7,,"<ZZQctoModule>: Inserted GenericPO[Table=1000258ID=1000585] / <ZZQctoModule>: Inserted GenericPO[Table=1000258ID=1000585] / "
*,"651302000-KM-03",Fabrication and Pipework,"629",23,2018-07-01 00:00:00.000,2023-06-30 00:00:00.000,2024-06-30 00:00:00.000,2027-06-30 00:00:00.000,"4",Knowledge,Core,Y,8,,"<ZZQctoModule>: Inserted GenericPO[Table=1000258ID=1000586] / <ZZQctoModule>: Inserted GenericPO[Table=1000258ID=1000586] / "
*,"651302000-KM-04",Assembling and Joining,"629",14,2018-07-01 00:00:00.000,2023-06-30 00:00:00.000,2024-06-30 00:00:00.000,2027-06-30 00:00:00.000,"4",Knowledge,Core,Y,9,,"<ZZQctoModule>: Inserted GenericPO[Table=1000258ID=1000587] / <ZZQctoModule>: Inserted GenericPO[Table=1000258ID=1000587] / "
*,"651302000-KM-05",Cutting and Welding,"629",20,2018-07-01 00:00:00.000,2023-06-30 00:00:00.000,2024-06-30 00:00:00.000,2027-06-30 00:00:00.000,"4",Knowledge,Core,Y,10,,"<ZZQctoModule>: Inserted GenericPO[Table=1000258ID=1000588] / <ZZQctoModule>: Inserted GenericPO[Table=1000258ID=1000588] / "
*,"651302000-KM-06",Boilermaker’s Drawings,"629",9,2018-07-01 00:00:00.000,2023-06-30 00:00:00.000,2024-06-30 00:00:00.000,2027-06-30 00:00:00.000,"4",Knowledge,Core,Y,11,,"<ZZQctoModule>: Inserted GenericPO[Table=1000258ID=1000589] / <ZZQctoModule>: Inserted GenericPO[Table=1000258ID=1000589] / "
*,"651302000-PM-01",Visualise structures and components and develop templates according to set tolerances and / or standards,"629",18,2018-07-01 00:00:00.000,2023-06-30 00:00:00.000,2024-06-30 00:00:00.000,2027-06-30 00:00:00.000,"4",Application,Core,Y,12,,"<ZZQctoModule>: Inserted GenericPO[Table=1000258ID=1000590] / <ZZQctoModule>: Inserted GenericPO[Table=1000258ID=1000590] / "
*,"651302000-PM-02","Maintain and use tools, equipment and machinery whilst applying safety measures","629",15,2018-07-01 00:00:00.000,2023-06-30 00:00:00.000,2024-06-30 00:00:00.000,2027-06-30 00:00:00.000,"4",Application,Core,Y,13,,"<ZZQctoModule>: Inserted GenericPO[Table=1000258ID=1000591] / <ZZQctoModule>: Inserted GenericPO[Table=1000258ID=1000591] / "
*,"651302000-PM-03","Weld and gas cut components required for fabrication of a specific task such as metal pipes, construction and fabricated plate work and conduct visual and mechanical inspections for compliance with legal requirements","629",28,2018-07-01 00:00:00.000,2023-06-30 00:00:00.000,2024-06-30 00:00:00.000,2027-06-30 00:00:00.000,"4",Application,Core,Y,14,,"<ZZQctoModule>: Inserted GenericPO[Table=1000258ID=1000592] / <ZZQctoModule>: Inserted GenericPO[Table=1000258ID=1000592] / "
*,"651302000-PM-04",Manipulate and fabricate profiles and metal sections accurately using heating and cold bending processes whilst applying safety measures,"629",41,2018-07-01 00:00:00.000,2023-06-30 00:00:00.000,2024-06-30 00:00:00.000,2027-06-30 00:00:00.000,"4",Application,Core,Y,15,,"<ZZQctoModule>: Inserted GenericPO[Table=1000258ID=1000593] / <ZZQctoModule>: Inserted GenericPO[Table=1000258ID=1000593] / "
*,"651302000-PM-05","Erect, assemble and repair metal structures accurately whilst applying safety measures","629",28,2018-07-01 00:00:00.000,2023-06-30 00:00:00.000,2024-06-30 00:00:00.000,2027-06-30 00:00:00.000,"4",Work experience,Core,Y,16,,"<ZZQctoModule>: Inserted GenericPO[Table=1000258ID=1000594] / <ZZQctoModule>: Inserted GenericPO[Table=1000258ID=1000594] / "
*,"651302000-WM-01",Pattern and template development processes,"629",30,2018-07-01 00:00:00.000,2023-06-30 00:00:00.000,2024-06-30 00:00:00.000,2027-06-30 00:00:00.000,"4",Work experience,Core,Y,17,,"<ZZQctoModule>: Inserted GenericPO[Table=1000258ID=1000595] / <ZZQctoModule>: Inserted GenericPO[Table=1000258ID=1000595] / "
*,"651302000-WM-02","Tools, equipment and machinery maintenance and operation processes","629",30,2018-07-01 00:00:00.000,2023-06-30 00:00:00.000,2024-06-30 00:00:00.000,2027-06-30 00:00:00.000,"4",Work experience,Core,Y,18,,"<ZZQctoModule>: Inserted GenericPO[Table=1000258ID=1000596] / <ZZQctoModule>: Inserted GenericPO[Table=1000258ID=1000596] / "
*,"651302000-WM-03",Workshop or on-site cutting and welding processes,"629",43,2018-07-01 00:00:00.000,2023-06-30 00:00:00.000,2024-06-30 00:00:00.000,2027-06-30 00:00:00.000,"4",Work experience,Core,Y,19,,"<ZZQctoModule>: Inserted GenericPO[Table=1000258ID=1000597] / <ZZQctoModule>: Inserted GenericPO[Table=1000258ID=1000597] / "
*,"651302000-WM-04","Fabrication, assembling and repairing of metal components and structures","629",43,2018-07-01 00:00:00.000,2023-06-30 00:00:00.000,2024-06-30 00:00:00.000,2027-06-30 00:00:00.000,"4",Work experience,Core,Y,20,,"<ZZQctoModule>: Inserted GenericPO[Table=1000258ID=1000598] / <ZZQctoModule>: Inserted GenericPO[Table=1000258ID=1000598] / "
*,"651302000-WM-05",Assembling and erecting processes for structures and components,"629",34,2018-07-01 00:00:00.000,2023-06-30 00:00:00.000,2024-06-30 00:00:00.000,2027-06-30 00:00:00.000,"4",Work experience,Core,Y,21,,"<ZZQctoModule>: Inserted GenericPO[Table=1000258ID=1000599] / <ZZQctoModule>: Inserted GenericPO[Table=1000258ID=1000599] / "
*,"312102-001-00-KM-01","Health, Safety, and the Environment for Mining Operations","629",12,2022-11-22 00:00:00.000,2027-11-22 00:00:00.000,2028-11-22 00:00:00.000,2031-11-22 00:00:00.000,"2",Knowledge,Core,Y,22,,"<ZZQctoModule>: Inserted GenericPO[Table=1000258ID=1000600] / <ZZQctoModule>: Inserted GenericPO[Table=1000258ID=1000600] / "
*,"312102-001-00-KM-02",Mining Operations,"629",8,2022-11-22 00:00:00.000,2027-11-22 00:00:00.000,2028-11-22 00:00:00.000,2031-11-22 00:00:00.000,"3",Knowledge,Core,Y,23,,"<ZZQctoModule>: Inserted GenericPO[Table=1000258ID=1000601] / <ZZQctoModule>: Inserted GenericPO[Table=1000258ID=1000601] / "
*,"312102-001-00-KM-03",Supervision,"629",12,2022-11-22 00:00:00.000,2027-11-22 00:00:00.000,2028-11-22 00:00:00.000,2031-11-22 00:00:00.000,"3",Knowledge,Core,Y,24,,"<ZZQctoModule>: Inserted GenericPO[Table=1000258ID=1000602] / <ZZQctoModule>: Inserted GenericPO[Table=1000258ID=1000602] / "
*,"312102-001-00-KM-04",Mining Production Operations,"629",12,2022-11-22 00:00:00.000,2027-11-22 00:00:00.000,2028-11-22 00:00:00.000,2031-11-22 00:00:00.000,"3",Knowledge,Core,Y,25,,"<ZZQctoModule>: Inserted GenericPO[Table=1000258ID=1000603] / <ZZQctoModule>: Inserted GenericPO[Table=1000258ID=1000603] / "
*,"312102-001-00-PM-01","Oversee, Apply, Exercise, and Ensure Safety, Health and Environmental Measures, Processes and Procedures, Mining Operations","629",16,2022-11-22 00:00:00.000,2027-11-22 00:00:00.000,2028-11-22 00:00:00.000,2031-11-22 00:00:00.000,"3",Application,Core,Y,26,,"<ZZQctoModule>: Inserted GenericPO[Table=1000258ID=1000604] / <ZZQctoModule>: Inserted GenericPO[Table=1000258ID=1000604] / "
*,"312102-001-00-PM-02",Conduct Blasting Operations,"629",40,2022-11-22 00:00:00.000,2027-11-22 00:00:00.000,2028-11-22 00:00:00.000,2031-11-22 00:00:00.000,"3",Application,Core,Y,27,,"<ZZQctoModule>: Inserted GenericPO[Table=1000258ID=1000605] / <ZZQctoModule>: Inserted GenericPO[Table=1000258ID=1000605] / "
*,"312102-001-00-PM-03",Supervise and Complete Mining Production Operations,"629",40,2022-11-22 00:00:00.000,2027-11-22 00:00:00.000,2028-11-22 00:00:00.000,2031-11-22 00:00:00.000,"3",Application,Core,Y,28,,"<ZZQctoModule>: Inserted GenericPO[Table=1000258ID=1000606] / <ZZQctoModule>: Inserted GenericPO[Table=1000258ID=1000606] / "
*,"312102-001-00-WM-01",Underground Hardrock Blasting Operations,"629",20,2022-11-22 00:00:00.000,2027-11-22 00:00:00.000,2028-11-22 00:00:00.000,2031-11-22 00:00:00.000,"3",Work experience,Elective,Y,29,,"<ZZQctoModule>: Inserted GenericPO[Table=1000258ID=1000607] / <ZZQctoModule>: Inserted GenericPO[Table=1000258ID=1000607] / "
*,"312102-001-00-WM-02",Underground Hardrock Production Operations,"629",20,2022-11-22 00:00:00.000,2027-11-22 00:00:00.000,2028-11-22 00:00:00.000,2031-11-22 00:00:00.000,"3",Work experience,Elective,Y,30,,"<ZZQctoModule>: Inserted GenericPO[Table=1000258ID=1000608] / <ZZQctoModule>: Inserted GenericPO[Table=1000258ID=1000608] / "
*,"312102-001-00-WM-03",Underground Coal Blasting Operations,"629",20,2022-11-22 00:00:00.000,2027-11-22 00:00:00.000,2028-11-22 00:00:00.000,2031-11-22 00:00:00.000,"3",Work experience,Elective,Y,31,,"<ZZQctoModule>: Inserted GenericPO[Table=1000258ID=1000609] / <ZZQctoModule>: Inserted GenericPO[Table=1000258ID=1000609] / "
*,"312102-001-00-WM-04",Underground Coal Production Operations,"629",20,2022-11-22 00:00:00.000,2027-11-22 00:00:00.000,2028-11-22 00:00:00.000,2031-11-22 00:00:00.000,"3",Work experience,Elective,Y,32,,"<ZZQctoModule>: Inserted GenericPO[Table=1000258ID=1000610] / <ZZQctoModule>: Inserted GenericPO[Table=1000258ID=1000610] / "
*,"312101-001-00-KM-01","Health, Safety, and the Environment","629",8,2022-06-21 00:00:00.000,2027-06-21 00:00:00.000,2028-06-21 00:00:00.000,2031-06-21 00:00:00.000,"4",Knowledge,Core,Y,33,,"<ZZQctoModule>: Inserted GenericPO[Table=1000258ID=1000611] / <ZZQctoModule>: Inserted GenericPO[Table=1000258ID=1000611] / "
*,"312101-001-00-KM-02",Mining Operations,"629",46,2021-06-21 00:00:00.000,2027-06-21 00:00:00.000,2028-06-21 00:00:00.000,2031-06-21 00:00:00.000,"4",Knowledge,Core,Y,34,,"<ZZQctoModule>: Inserted GenericPO[Table=1000258ID=1000612] / <ZZQctoModule>: Inserted GenericPO[Table=1000258ID=1000612] / "
*,"312101-001-00-KM-03",Supervision,"629",12,2022-06-21 00:00:00.000,2027-06-21 00:00:00.000,2028-06-21 00:00:00.000,2031-06-21 00:00:00.000,"4",Knowledge,Core,Y,35,,"<ZZQctoModule>: Inserted GenericPO[Table=1000258ID=1000613] / <ZZQctoModule>: Inserted GenericPO[Table=1000258ID=1000613] / "
*,"312101-001-00-KM-04",Production Operations,"629",12,2022-06-21 00:00:00.000,2027-06-21 00:00:00.000,2028-06-21 00:00:00.000,2031-06-21 00:00:00.000,"4",Knowledge,Core,Y,36,,"<ZZQctoModule>: Inserted GenericPO[Table=1000258ID=1000614] / <ZZQctoModule>: Inserted GenericPO[Table=1000258ID=1000614] / "
*,"312101-001-00-PM-01","Oversee, Apply, Exercise, and Ensure Safety, Health, and Environmental Measures, Processes, and Procedures","629",16,2022-06-21 00:00:00.000,2027-06-21 00:00:00.000,2028-06-21 00:00:00.000,2031-06-21 00:00:00.000,"4",Application,Core,Y,37,,"<ZZQctoModule>: Inserted GenericPO[Table=1000258ID=1000615] / <ZZQctoModule>: Inserted GenericPO[Table=1000258ID=1000615] / "
*,"312101-001-00-PM-02","Facilitate, Apply, Revise, where required, Reconcile, and Supervise the Planning Processes to Achieve the Required Mining Cycle/Target","629",16,2022-06-21 00:00:00.000,2027-06-21 00:00:00.000,2028-06-21 00:00:00.000,2031-06-21 00:00:00.000,"4",Application,Core,Y,38,,"<ZZQctoModule>: Inserted GenericPO[Table=1000258ID=1000616] / <ZZQctoModule>: Inserted GenericPO[Table=1000258ID=1000616] / "
*,"312101-001-00-PM-03","Monitor, Supervise, Coordinate, Inspect, Consult, and Record Production Operations","629",46,2022-06-21 00:00:00.000,2027-06-21 00:00:00.000,2028-06-21 00:00:00.000,2031-06-21 00:00:00.000,"4",Application,Core,Y,39,,"<ZZQctoModule>: Inserted GenericPO[Table=1000258ID=1000617] / <ZZQctoModule>: Inserted GenericPO[Table=1000258ID=1000617] / "
*,"312101-001-00-WM-01",Underground Hard Rock Production Operations,"629",40,2022-06-21 00:00:00.000,2027-06-21 00:00:00.000,2028-06-21 00:00:00.000,2031-06-21 00:00:00.000,"4",Work experience,Elective,Y,40,,"<ZZQctoModule>: Inserted GenericPO[Table=1000258ID=1000618] / <ZZQctoModule>: Inserted GenericPO[Table=1000258ID=1000618] / "
*,"312101-001-00-WM-02",Underground Coal Production Operations,"629",40,2022-06-21 00:00:00.000,2027-06-21 00:00:00.000,2028-06-21 00:00:00.000,2031-06-21 00:00:00.000,"4",Work experience,Elective,Y,41,,"<ZZQctoModule>: Inserted GenericPO[Table=1000258ID=1000619] / <ZZQctoModule>: Inserted GenericPO[Table=1000258ID=1000619] / "
*,"312101-001-00-WM-03",Surface Production Operations,"629",40,2022-06-21 00:00:00.000,2027-06-21 00:00:00.000,2028-06-21 00:00:00.000,2031-06-21 00:00:00.000,"4",Work experience,Elective,Y,42,,"<ZZQctoModule>: Inserted GenericPO[Table=1000258ID=1000620] / <ZZQctoModule>: Inserted GenericPO[Table=1000258ID=1000620] / "
*,"671101000-KM-01","Health, Safety, Quality and Legislation","597",5,2018-07-01 00:00:00.000,2023-06-30 00:00:00.000,2024-06-30 00:00:00.000,2027-06-30 00:00:00.000,"4",Knowledge,Core,Y,43,,"<ZZQctoModule>: Inserted GenericPO[Table=1000258ID=1000621] / <ZZQctoModule>: Inserted GenericPO[Table=1000258ID=1000621] / "
*,"671101000-KM-02","Tools, Equipment and Materials","597",8,2018-07-01 00:00:00.000,2023-06-30 00:00:00.000,2024-06-30 00:00:00.000,2027-06-30 00:00:00.000,"4",Knowledge,Core,Y,44,,"<ZZQctoModule>: Inserted GenericPO[Table=1000258ID=1000622] / <ZZQctoModule>: Inserted GenericPO[Table=1000258ID=1000622] / "
*,"671101000-KM-03",Electricity and electronics,"597",13,2018-07-01 00:00:00.000,2023-06-30 00:00:00.000,2024-06-30 00:00:00.000,2027-06-30 00:00:00.000,"4",Knowledge,Core,Y,45,,"<ZZQctoModule>: Inserted GenericPO[Table=1000258ID=1000623] / <ZZQctoModule>: Inserted GenericPO[Table=1000258ID=1000623] / "
*,"671101000-KM-04",Industry Context,"597",2,2018-07-01 00:00:00.000,2023-06-30 00:00:00.000,2024-06-30 00:00:00.000,2027-06-30 00:00:00.000,"3",Knowledge,Core,Y,46,,"<ZZQctoModule>: Inserted GenericPO[Table=1000258ID=1000624] / <ZZQctoModule>: Inserted GenericPO[Table=1000258ID=1000624] / "
*,"671101000-KM-05",Wire ways and wiring,"597",11,2018-07-01 00:00:00.000,2023-06-30 00:00:00.000,2024-06-30 00:00:00.000,2027-06-30 00:00:00.000,"4",Knowledge,Core,Y,47,,"<ZZQctoModule>: Inserted GenericPO[Table=1000258ID=1000625] / <ZZQctoModule>: Inserted GenericPO[Table=1000258ID=1000625] / "
*,"671101000-KM-06",Rotating electrical machinery,"597",13,2018-07-01 00:00:00.000,2023-06-30 00:00:00.000,2024-06-30 00:00:00.000,2027-06-30 00:00:00.000,"4",Knowledge,Core,Y,48,,"<ZZQctoModule>: Inserted GenericPO[Table=1000258ID=1000626] / <ZZQctoModule>: Inserted GenericPO[Table=1000258ID=1000626] / "
*,"671101000-KM-07",Electrical supply systems and components,"597",31,2018-07-01 00:00:00.000,2023-06-30 00:00:00.000,2024-06-30 00:00:00.000,2027-06-30 00:00:00.000,"4",Knowledge,Core,Y,49,,"<ZZQctoModule>: Inserted GenericPO[Table=1000258ID=1000627] / <ZZQctoModule>: Inserted GenericPO[Table=1000258ID=1000627] / "
*,"671101000-KM-08",Low Voltage protection,"597",5,2018-07-01 00:00:00.000,2023-06-30 00:00:00.000,2024-06-30 00:00:00.000,2027-06-30 00:00:00.000,"4",Knowledge,Core,Y,50,,"<ZZQctoModule>: Inserted GenericPO[Table=1000258ID=1000628] / <ZZQctoModule>: Inserted GenericPO[Table=1000258ID=1000628] / "
*,"671101000-KM-9",Fault Finding,"597",3,2018-07-01 00:00:00.000,2023-06-30 00:00:00.000,2024-06-30 00:00:00.000,2027-06-30 00:00:00.000,"4",Knowledge,Core,Y,51,,"<ZZQctoModule>: Inserted GenericPO[Table=1000258ID=1000629] / <ZZQctoModule>: Inserted GenericPO[Table=1000258ID=1000629] / "
*,"671101000-PM-01","Use hand, power and measuring tools","597",22,2018-07-01 00:00:00.000,2023-06-30 00:00:00.000,2024-06-30 00:00:00.000,2027-06-30 00:00:00.000,"3",Application,Core,Y,52,,"<ZZQctoModule>: Inserted GenericPO[Table=1000258ID=1000630] / <ZZQctoModule>: Inserted GenericPO[Table=1000258ID=1000630] / "
*,"671101000-PS-02","Plan worksite set up for installing, wiring and connecting electrical equipment and control systems","597",5,2018-07-01 00:00:00.000,2023-06-30 00:00:00.000,2024-06-30 00:00:00.000,2027-06-30 00:00:00.000,"3",Application,Core,Y,53,,"<ZZQctoModule>: Inserted GenericPO[Table=1000258ID=1000631] / <ZZQctoModule>: Inserted GenericPO[Table=1000258ID=1000631] / "
*,"671101000-PS-03","Prepare worksite set up for installing, wiring and connecting electrical equipment and control systems","629",3,2018-07-01 00:00:00.000,2023-06-30 00:00:00.000,2024-06-30 00:00:00.000,2027-06-30 00:00:00.000,"3",Application,Core,Y,54,,"<ZZQctoModule>: Inserted GenericPO[Table=1000258ID=1000632] / <ZZQctoModule>: Inserted GenericPO[Table=1000258ID=1000632] / "
*,"671101000-PS-04",Install wire-ways,"597",5,2018-07-01 00:00:00.000,2023-06-30 00:00:00.000,2024-06-30 00:00:00.000,2027-06-30 00:00:00.000,"4",Application,Core,Y,55,,"<ZZQctoModule>: Inserted GenericPO[Table=1000258ID=1000633] / <ZZQctoModule>: Inserted GenericPO[Table=1000258ID=1000633] / "
*,"671101000-PS-05","Install, wire and connect electrical equipment and control systems","597",38,2018-07-01 00:00:00.000,2023-06-30 00:00:00.000,2024-06-30 00:00:00.000,2027-06-30 00:00:00.000,"4",Application,Core,Y,56,,"<ZZQctoModule>: Inserted GenericPO[Table=1000258ID=1000634] / <ZZQctoModule>: Inserted GenericPO[Table=1000258ID=1000634] / "
*,"671101000-PS-06",Conduct pre-commission inspection (power off) and test new and existing installations,"597",5,2018-07-01 00:00:00.000,2023-06-30 00:00:00.000,2024-06-30 00:00:00.000,2027-06-30 00:00:00.000,"4",Application,Core,Y,57,,"<ZZQctoModule>: Inserted GenericPO[Table=1000258ID=1000635] / <ZZQctoModule>: Inserted GenericPO[Table=1000258ID=1000635] / "
*,"671101000-PS-07",Carry out commissioning tests,"597",13,2018-07-01 00:00:00.000,2023-06-30 00:00:00.000,2024-06-30 00:00:00.000,2027-06-30 00:00:00.000,"4",Application,Core,Y,58,,"<ZZQctoModule>: Inserted GenericPO[Table=1000258ID=1000636] / <ZZQctoModule>: Inserted GenericPO[Table=1000258ID=1000636] / "
*,"671101000-PS-08",Fault find and repair electrical control systems and electrical installations,"597",22,2018-07-01 00:00:00.000,2023-06-30 00:00:00.000,2024-06-30 00:00:00.000,2027-06-30 00:00:00.000,"4",Application,Core,Y,59,,"<ZZQctoModule>: Inserted GenericPO[Table=1000258ID=1000637] / <ZZQctoModule>: Inserted GenericPO[Table=1000258ID=1000637] / "
*,"671101000-WM-01","Planning and preparation process for the wiring, connection, testing, inspecting, commissioning and maintaining of electrical installations and control systems","597",8,2018-07-01 00:00:00.000,2023-06-30 00:00:00.000,2024-06-30 00:00:00.000,2027-06-30 00:00:00.000,"4",Work experience,Core,Y,60,,"<ZZQctoModule>: Inserted GenericPO[Table=1000258ID=1000638] / <ZZQctoModule>: Inserted GenericPO[Table=1000258ID=1000638] / "
*,"671101000-WM-02","Processes of installing, wiring and connecting of electrical equipment and control systems","597",74,2018-07-01 00:00:00.000,2023-06-30 00:00:00.000,2024-06-30 00:00:00.000,2027-06-30 00:00:00.000,"4",Work experience,Core,Y,61,,"<ZZQctoModule>: Inserted GenericPO[Table=1000258ID=1000639] / <ZZQctoModule>: Inserted GenericPO[Table=1000258ID=1000639] / "
*,"671101000-WM-03","Processes of testing and inspecting of electrical equipment, control systems and installations","597",15,2018-07-01 00:00:00.000,2023-06-30 00:00:00.000,2024-06-30 00:00:00.000,2027-06-30 00:00:00.000,"4",Work experience,Core,Y,62,,"<ZZQctoModule>: Inserted GenericPO[Table=1000258ID=1000640] / <ZZQctoModule>: Inserted GenericPO[Table=1000258ID=1000640] / "
*,"671101000-WM-04",Processes of commissioning electrical installations and control systems,"597",15,2018-07-01 00:00:00.000,2023-06-30 00:00:00.000,2024-06-30 00:00:00.000,2027-06-30 00:00:00.000,"4",Work experience,Core,Y,63,,"<ZZQctoModule>: Inserted GenericPO[Table=1000258ID=1000641] / <ZZQctoModule>: Inserted GenericPO[Table=1000258ID=1000641] / "
*,"671101000-WM-05",Maintenance processes for electrical installations and control systems,"597",44,2018-07-01 00:00:00.000,2023-06-30 00:00:00.000,2024-06-30 00:00:00.000,2027-06-30 00:00:00.000,"4",Work experience,Core,Y,64,,"<ZZQctoModule>: Inserted GenericPO[Table=1000258ID=1000642] / <ZZQctoModule>: Inserted GenericPO[Table=1000258ID=1000642] / "
*,"671202000-KM-01",Workplace fundamentals,"599",9,2018-07-01 00:00:00.000,2023-06-30 00:00:00.000,2024-06-30 00:00:00.000,2027-06-30 00:00:00.000,"2",Knowledge,Core,Y,65,,"<ZZQctoModule>: Inserted GenericPO[Table=1000258ID=1000643] / <ZZQctoModule>: Inserted GenericPO[Table=1000258ID=1000643] / "
*,"671202000-KM-02",The Millwright's world of work,"599",8,2018-07-01 00:00:00.000,2023-06-30 00:00:00.000,2024-06-30 00:00:00.000,2027-06-30 00:00:00.000,"2",Knowledge,Core,Y,66,,"<ZZQctoModule>: Inserted GenericPO[Table=1000258ID=1000644] / <ZZQctoModule>: Inserted GenericPO[Table=1000258ID=1000644] / "
*,"671202000-KM-03",Basic engineering theory,"629",24,2018-07-01 00:00:00.000,2023-06-30 00:00:00.000,2024-06-30 00:00:00.000,2027-06-30 00:00:00.000,"3",Knowledge,Core,Y,67,,"<ZZQctoModule>: Inserted GenericPO[Table=1000258ID=1000645] / <ZZQctoModule>: Inserted GenericPO[Table=1000258ID=1000645] / "
*,"671202000-KM-04",Fitting theory,"599",38,2018-07-01 00:00:00.000,2023-06-30 00:00:00.000,2024-06-30 00:00:00.000,2027-06-30 00:00:00.000,"4",Knowledge,Core,Y,68,,"<ZZQctoModule>: Inserted GenericPO[Table=1000258ID=1000646] / <ZZQctoModule>: Inserted GenericPO[Table=1000258ID=1000646] / "
*,"671202000-KM-05",Tools and equipment for electrical work,"599",8,2018-07-01 00:00:00.000,2023-06-30 00:00:00.000,2024-06-30 00:00:00.000,2027-06-30 00:00:00.000,"4",Knowledge,Core,Y,69,,"<ZZQctoModule>: Inserted GenericPO[Table=1000258ID=1000647] / <ZZQctoModule>: Inserted GenericPO[Table=1000258ID=1000647] / "
*,"671202000-KM-06",Electricity and electronics,"599",13,2018-07-01 00:00:00.000,2023-06-30 00:00:00.000,2024-06-30 00:00:00.000,2027-06-30 00:00:00.000,"4",Knowledge,Core,Y,70,,"<ZZQctoModule>: Inserted GenericPO[Table=1000258ID=1000648] / <ZZQctoModule>: Inserted GenericPO[Table=1000258ID=1000648] / "
*,"671202000-KM-07",Wireways and wiring,"599",11,2018-07-01 00:00:00.000,2023-06-30 00:00:00.000,2024-06-30 00:00:00.000,2027-06-30 00:00:00.000,"4",Knowledge,Core,Y,71,,"<ZZQctoModule>: Inserted GenericPO[Table=1000258ID=1000649] / <ZZQctoModule>: Inserted GenericPO[Table=1000258ID=1000649] / "
*,"671202000-KM-08",Rotating electrical machinery,"599",13,2018-07-01 00:00:00.000,2023-06-30 00:00:00.000,2024-06-30 00:00:00.000,2027-06-30 00:00:00.000,"4",Knowledge,Core,Y,72,,"<ZZQctoModule>: Inserted GenericPO[Table=1000258ID=1000650] / <ZZQctoModule>: Inserted GenericPO[Table=1000258ID=1000650] / "
*,"671202000-KM-09",Electrical supply systems and components,"599",31,2018-07-01 00:00:00.000,2023-06-30 00:00:00.000,2024-06-30 00:00:00.000,2027-06-30 00:00:00.000,"4",Knowledge,Core,Y,73,,"<ZZQctoModule>: Inserted GenericPO[Table=1000258ID=1000651] / <ZZQctoModule>: Inserted GenericPO[Table=1000258ID=1000651] / "
*,"671202000-KM-10",Low Voltage protection,"599",5,2018-07-01 00:00:00.000,2023-06-30 00:00:00.000,2024-06-30 00:00:00.000,2027-06-30 00:00:00.000,"4",Knowledge,Core,Y,74,,"<ZZQctoModule>: Inserted GenericPO[Table=1000258ID=1000652] / <ZZQctoModule>: Inserted GenericPO[Table=1000258ID=1000652] / "
*,"671202000-KM-11",Faultfinding on electrical circuits,"599",3,2018-07-01 00:00:00.000,2023-06-30 00:00:00.000,2024-06-30 00:00:00.000,2027-06-30 00:00:00.000,"4",Knowledge,Core,Y,75,,"<ZZQctoModule>: Inserted GenericPO[Table=1000258ID=1000653] / <ZZQctoModule>: Inserted GenericPO[Table=1000258ID=1000653] / "
*,"671202000-PM-01",Work safely and respond to emergencies,"599",15,2018-07-01 00:00:00.000,2023-06-30 00:00:00.000,2024-06-30 00:00:00.000,2027-06-30 00:00:00.000,"2",Application,Core,Y,76,,"<ZZQctoModule>: Inserted GenericPO[Table=1000258ID=1000654] / <ZZQctoModule>: Inserted GenericPO[Table=1000258ID=1000654] / "
*,"671202000-PM-02",Fabricate simple components or workpieces using basic hand skills and hand tools,"599",6,2018-07-01 00:00:00.000,2023-06-30 00:00:00.000,2024-06-30 00:00:00.000,2027-06-30 00:00:00.000,"2",Application,Core,Y,77,,"<ZZQctoModule>: Inserted GenericPO[Table=1000258ID=1000655] / <ZZQctoModule>: Inserted GenericPO[Table=1000258ID=1000655] / "
*,"671202000-PM-03",Fabricate components or workpieces using power tools and machinery,"599",6,2018-07-01 00:00:00.000,2023-06-30 00:00:00.000,2024-06-30 00:00:00.000,2027-06-30 00:00:00.000,"3",Application,Core,Y,78,,"<ZZQctoModule>: Inserted GenericPO[Table=1000258ID=1000656] / <ZZQctoModule>: Inserted GenericPO[Table=1000258ID=1000656] / "
*,"671202000-PM-04",Build flow circuits,"599",2,2018-07-01 00:00:00.000,2023-06-30 00:00:00.000,2024-06-30 00:00:00.000,2027-06-30 00:00:00.000,"2",Application,Core,Y,79,,"<ZZQctoModule>: Inserted GenericPO[Table=1000258ID=1000657] / <ZZQctoModule>: Inserted GenericPO[Table=1000258ID=1000657] / "
*,"671202000-PM-05",Work with electrical components,"599",10,2018-07-01 00:00:00.000,2023-06-30 00:00:00.000,2024-06-30 00:00:00.000,2027-06-30 00:00:00.000,"3",Application,Core,Y,80,,"<ZZQctoModule>: Inserted GenericPO[Table=1000258ID=1000658] / <ZZQctoModule>: Inserted GenericPO[Table=1000258ID=1000658] / "
*,"671202000-PM-06","Install and connect electrical equipment, switch- and control gear","599",61,2018-07-01 00:00:00.000,2023-06-30 00:00:00.000,2024-06-30 00:00:00.000,2027-06-30 00:00:00.000,"3",Application,Core,Y,81,,"<ZZQctoModule>: Inserted GenericPO[Table=1000258ID=1000659] / <ZZQctoModule>: Inserted GenericPO[Table=1000258ID=1000659] / "
*,"671202000-PM-07",Work with electronic components,"599",10,2018-07-01 00:00:00.000,2023-06-30 00:00:00.000,2024-06-30 00:00:00.000,2027-06-30 00:00:00.000,"3",Application,Core,Y,82,,"<ZZQctoModule>: Inserted GenericPO[Table=1000258ID=1000660] / <ZZQctoModule>: Inserted GenericPO[Table=1000258ID=1000660] / "
*,"671202000-PM-08","Disassemble, clean and inspect mechanical sub-assemblies and machines","599",6,2018-07-01 00:00:00.000,2023-06-30 00:00:00.000,2024-06-30 00:00:00.000,2027-06-30 00:00:00.000,"3",Application,Core,Y,83,,"<ZZQctoModule>: Inserted GenericPO[Table=1000258ID=1000661] / <ZZQctoModule>: Inserted GenericPO[Table=1000258ID=1000661] / "
*,"671202000-PM-09",Replace components and assemble mechanical sub-assemblies and machines,"599",6,2018-07-01 00:00:00.000,2023-06-30 00:00:00.000,2024-06-30 00:00:00.000,2027-06-30 00:00:00.000,"3",Application,Core,Y,84,,"<ZZQctoModule>: Inserted GenericPO[Table=1000258ID=1000662] / <ZZQctoModule>: Inserted GenericPO[Table=1000258ID=1000662] / "
*,"671202000-PM-10",Do fault-finding on mechanical sub-assemblies and machines,"599",12,2018-07-01 00:00:00.000,2023-06-30 00:00:00.000,2024-06-30 00:00:00.000,2027-06-30 00:00:00.000,"4",Application,Core,Y,85,,"<ZZQctoModule>: Inserted GenericPO[Table=1000258ID=1000663] / <ZZQctoModule>: Inserted GenericPO[Table=1000258ID=1000663] / "
*,"671202000-PM-11",Repair mechanical sub-assemblies and machines,"599",12,2018-07-01 00:00:00.000,2023-06-30 00:00:00.000,2024-06-30 00:00:00.000,2027-06-30 00:00:00.000,"4",Application,Core,Y,86,,"<ZZQctoModule>: Inserted GenericPO[Table=1000258ID=1000664] / <ZZQctoModule>: Inserted GenericPO[Table=1000258ID=1000664] / "
*,"671202000-PM-12",Perform fault-finding on and repair electrical and electronic circuits,"599",14,2018-07-01 00:00:00.000,2023-06-30 00:00:00.000,2024-06-30 00:00:00.000,2027-06-30 00:00:00.000,"3",Application,Core,Y,87,,"<ZZQctoModule>: Inserted GenericPO[Table=1000258ID=1000665] / <ZZQctoModule>: Inserted GenericPO[Table=1000258ID=1000665] / "
*,"671202000-PM-13","Dismantle, test and reassemble electrical machinery","599",12,2018-07-01 00:00:00.000,2023-06-30 00:00:00.000,2024-06-30 00:00:00.000,2027-06-30 00:00:00.000,"3",Application,Core,Y,88,,"<ZZQctoModule>: Inserted GenericPO[Table=1000258ID=1000666] / <ZZQctoModule>: Inserted GenericPO[Table=1000258ID=1000666] / "
*,"671202000-PM-14",Install and commission mechanical sub-assemblies and machines,"599",12,2018-07-01 00:00:00.000,2023-06-30 00:00:00.000,2024-06-30 00:00:00.000,2027-06-30 00:00:00.000,"4",Application,Core,Y,89,,"<ZZQctoModule>: Inserted GenericPO[Table=1000258ID=1000667] / <ZZQctoModule>: Inserted GenericPO[Table=1000258ID=1000667] / "
*,"671202000-PM-15",Test and verify electrical equipment and systems,"599",10,2018-07-01 00:00:00.000,2023-06-30 00:00:00.000,2024-06-30 00:00:00.000,2027-06-30 00:00:00.000,"3",Application,Core,Y,90,,"<ZZQctoModule>: Inserted GenericPO[Table=1000258ID=1000668] / <ZZQctoModule>: Inserted GenericPO[Table=1000258ID=1000668] / "
*,"671202000-PM-16",Design and modify electrical circuits,"599",10,2018-07-01 00:00:00.000,2023-06-30 00:00:00.000,2024-06-30 00:00:00.000,2027-06-30 00:00:00.000,"4",Application,Core,Y,91,,"<ZZQctoModule>: Inserted GenericPO[Table=1000258ID=1000669] / <ZZQctoModule>: Inserted GenericPO[Table=1000258ID=1000669] / "
*,"671202000-PM-17",Design flow circuits,"599",4,2018-07-01 00:00:00.000,2023-06-30 00:00:00.000,2024-06-30 00:00:00.000,2027-06-30 00:00:00.000,"4",Application,Core,Y,92,,"<ZZQctoModule>: Inserted GenericPO[Table=1000258ID=1000670] / <ZZQctoModule>: Inserted GenericPO[Table=1000258ID=1000670] / "
*,"671202000-WM-01",Maintenance processes for industrial machinery,"599",48,2018-07-01 00:00:00.000,2023-06-30 00:00:00.000,2024-06-30 00:00:00.000,2027-06-30 00:00:00.000,"3",Work experience,Core,Y,93,,"<ZZQctoModule>: Inserted GenericPO[Table=1000258ID=1000671] / <ZZQctoModule>: Inserted GenericPO[Table=1000258ID=1000671] / "
*,"671202000-WM-02",Fabrication of mechanical components,"599",8,2018-07-01 00:00:00.000,2023-06-30 00:00:00.000,2024-06-30 00:00:00.000,2027-06-30 00:00:00.000,"3",Application,Core,Y,94,,"<ZZQctoModule>: Inserted GenericPO[Table=1000258ID=1000672] / <ZZQctoModule>: Inserted GenericPO[Table=1000258ID=1000672] / "
*,"671202000-WM-03",Fault-finding and repair of industrial machinery,"599",108,2018-07-01 00:00:00.000,2023-06-30 00:00:00.000,2024-06-30 00:00:00.000,2027-06-30 00:00:00.000,"4",Work experience,Core,Y,95,,"<ZZQctoModule>: Inserted GenericPO[Table=1000258ID=1000673] / <ZZQctoModule>: Inserted GenericPO[Table=1000258ID=1000673] / "
*,"671202000-WM-04",Overhauling of electrical and mechanical sub-assemblies and machines,"599",54,2018-07-01 00:00:00.000,2023-06-30 00:00:00.000,2024-06-30 00:00:00.000,2027-06-30 00:00:00.000,"4",Work experience,Core,Y,96,,"<ZZQctoModule>: Inserted GenericPO[Table=1000258ID=1000674] / <ZZQctoModule>: Inserted GenericPO[Table=1000258ID=1000674] / "
*,"671202000-WM-05",Installation and commissioning of industrial machinery,"599",108,2018-07-01 00:00:00.000,2023-06-30 00:00:00.000,2024-06-30 00:00:00.000,2027-06-30 00:00:00.000,"4",Work experience,Core,Y,97,,"<ZZQctoModule>: Inserted GenericPO[Table=1000258ID=1000675] / <ZZQctoModule>: Inserted GenericPO[Table=1000258ID=1000675] / "
*,"653306-000-01-KM-01",Workplace Fundamentals,"599",9,2020-07-30 00:00:00.000,2025-07-30 00:00:00.000,2026-07-30 00:00:00.000,2029-07-30 00:00:00.000,"2",Knowledge,Core,Y,98,,"<ZZQctoModule>: Inserted GenericPO[Table=1000258ID=1000676] / <ZZQctoModule>: Inserted GenericPO[Table=1000258ID=1000676] / "
*,"653306-000-01-KM-02",Foundational Concepts for Mechanics,"599",14,2020-07-30 00:00:00.000,2025-07-30 00:00:00.000,2026-07-30 00:00:00.000,2029-07-30 00:00:00.000,"2",Knowledge,Core,Y,99,,"<ZZQctoModule>: Inserted GenericPO[Table=1000258ID=1000677] / <ZZQctoModule>: Inserted GenericPO[Table=1000258ID=1000677] / "
*,"653306-000-01-KM-03",Vehicle and Equipment Fundamentals,"599",8,2020-07-30 00:00:00.000,2025-07-30 00:00:00.000,2026-07-30 00:00:00.000,2029-07-30 00:00:00.000,"2",Knowledge,Core,Y,100,,"<ZZQctoModule>: Inserted GenericPO[Table=1000258ID=1000678] / <ZZQctoModule>: Inserted GenericPO[Table=1000258ID=1000678] / "
*,"653306-000-01-KM-04",Basic Engine Systems,"599",8,2020-07-30 00:00:00.000,2025-07-30 00:00:00.000,2026-07-30 00:00:00.000,2029-07-30 00:00:00.000,"2",Knowledge,Core,Y,101,,"<ZZQctoModule>: Inserted GenericPO[Table=1000258ID=1000679] / <ZZQctoModule>: Inserted GenericPO[Table=1000258ID=1000679] / "
*,"653306-000-01-KM-05","Vehicle, Equipment and Propulsion Systems","599",13,2020-07-30 00:00:00.000,2025-07-30 00:00:00.000,2026-07-30 00:00:00.000,2029-07-30 00:00:00.000,"3",Knowledge,Core,Y,102,,"<ZZQctoModule>: Inserted GenericPO[Table=1000258ID=1000680] / <ZZQctoModule>: Inserted GenericPO[Table=1000258ID=1000680] / "
*,"653306-000-01-KM-06","Electrical Systems and Basic Electronic, Hydraulic and Pneumatic Principles","599",16,2020-07-30 00:00:00.000,2025-07-30 00:00:00.000,2026-07-30 00:00:00.000,2029-07-30 00:00:00.000,"3",Knowledge,Core,Y,103,,"<ZZQctoModule>: Inserted GenericPO[Table=1000258ID=1000681] / <ZZQctoModule>: Inserted GenericPO[Table=1000258ID=1000681] / "
*,"653306-000-01-KM-07",Advanced Vehicle and Equipment Systems,"599",30,2020-07-30 00:00:00.000,2025-07-30 00:00:00.000,2026-07-30 00:00:00.000,2029-07-30 00:00:00.000,"4",Knowledge,Core,Y,104,,"<ZZQctoModule>: Inserted GenericPO[Table=1000258ID=1000682] / <ZZQctoModule>: Inserted GenericPO[Table=1000258ID=1000682] / "
*,"653306-000-01-KM-08",Problem Solving and Engine Optimisation,"599",10,2020-07-30 00:00:00.000,2025-07-30 00:00:00.000,2026-07-30 00:00:00.000,2029-07-30 00:00:00.000,"4",Knowledge,Core,Y,105,,"<ZZQctoModule>: Inserted GenericPO[Table=1000258ID=1000683] / <ZZQctoModule>: Inserted GenericPO[Table=1000258ID=1000683] / "
*,"653306-000-01-PM-01",Work Safely and Respond to Emergencies,"599",6,2020-07-30 00:00:00.000,2025-07-30 00:00:00.000,2026-07-30 00:00:00.000,2029-07-30 00:00:00.000,"2",Application,Core,Y,106,,"<ZZQctoModule>: Inserted GenericPO[Table=1000258ID=1000684] / <ZZQctoModule>: Inserted GenericPO[Table=1000258ID=1000684] / "
*,"653306-000-01-PM-02",Use Tools and Equipment,"599",20,2020-07-30 00:00:00.000,2025-07-30 00:00:00.000,2026-07-30 00:00:00.000,2029-07-30 00:00:00.000,"2",Application,Core,Y,107,,"<ZZQctoModule>: Inserted GenericPO[Table=1000258ID=1000685] / <ZZQctoModule>: Inserted GenericPO[Table=1000258ID=1000685] / "
*,"653306-000-01-PM-03",Cut and Join Metals,"599",5,2020-07-30 00:00:00.000,2025-07-30 00:00:00.000,2026-07-30 00:00:00.000,2029-07-30 00:00:00.000,"2",Application,Core,Y,108,,"<ZZQctoModule>: Inserted GenericPO[Table=1000258ID=1000686] / <ZZQctoModule>: Inserted GenericPO[Table=1000258ID=1000686] / "
*,"653306-000-01-PM-04","Remove and Install Mechanical Components (Gaskets, Seals, Bearings and Locking Devices)","599",6,2020-07-30 00:00:00.000,2025-07-30 00:00:00.000,2026-07-30 00:00:00.000,2029-07-30 00:00:00.000,"2",Application,Core,Y,109,,"<ZZQctoModule>: Inserted GenericPO[Table=1000258ID=1000687] / <ZZQctoModule>: Inserted GenericPO[Table=1000258ID=1000687] / "
*,"653306-000-01-PM-05",Work with Auto-electric and Auto-electronic Components,"599",2,2020-07-30 00:00:00.000,2025-07-30 00:00:00.000,2026-07-30 00:00:00.000,2029-07-30 00:00:00.000,"2",Application,Core,Y,110,,"<ZZQctoModule>: Inserted GenericPO[Table=1000258ID=1000688] / <ZZQctoModule>: Inserted GenericPO[Table=1000258ID=1000688] / "
*,"653306-000-01-PM-06",Work with Fluid Power Components,"599",2,2020-07-30 00:00:00.000,2025-07-30 00:00:00.000,2026-07-30 00:00:00.000,2029-07-30 00:00:00.000,"2",Application,Core,Y,111,,"<ZZQctoModule>: Inserted GenericPO[Table=1000258ID=1000689] / <ZZQctoModule>: Inserted GenericPO[Table=1000258ID=1000689] / "
*,"653306-000-01-PM-07",Maintain and Service Vehicles and Vehicle Components,"599",5,2020-07-30 00:00:00.000,2025-07-30 00:00:00.000,2026-07-30 00:00:00.000,2029-07-30 00:00:00.000,"2",Application,Core,Y,112,,"<ZZQctoModule>: Inserted GenericPO[Table=1000258ID=1000690] / <ZZQctoModule>: Inserted GenericPO[Table=1000258ID=1000690] / "
*,"653306-000-01-PM-08","Dismantle, Assess and Reassemble Engines and Engine Sub-assemblies","599",16,2020-07-30 00:00:00.000,2025-07-30 00:00:00.000,2026-07-30 00:00:00.000,2029-07-30 00:00:00.000,"3",Application,Core,Y,113,,"<ZZQctoModule>: Inserted GenericPO[Table=1000258ID=1000691] / <ZZQctoModule>: Inserted GenericPO[Table=1000258ID=1000691] / "
*,"653306-000-01-PM-09","Dismantle, Assess and Reassemble Cooling Systems","599",8,2020-07-30 00:00:00.000,2025-07-30 00:00:00.000,2026-07-30 00:00:00.000,2029-07-30 00:00:00.000,"4",Application,Core,Y,114,,"<ZZQctoModule>: Inserted GenericPO[Table=1000258ID=1000692] / <ZZQctoModule>: Inserted GenericPO[Table=1000258ID=1000692] / "
*,"653306-000-01-PM-10","Dismantle, Assess and Reassemble Brake Systems (including Hydraulic and Pneumatic Components)","599",5,2020-07-30 00:00:00.000,2025-07-30 00:00:00.000,2025-07-30 00:00:00.000,2029-07-30 00:00:00.000,"3",Application,Core,Y,115,,"<ZZQctoModule>: Inserted GenericPO[Table=1000258ID=1000693] / <ZZQctoModule>: Inserted GenericPO[Table=1000258ID=1000693] / "
*,"653306-000-01-PM-11","Dismantle, Assess and Reassemble Drive Train System Components","599",5,2020-07-30 00:00:00.000,2025-07-30 00:00:00.000,2025-07-30 00:00:00.000,2029-07-30 00:00:00.000,"3",Application,Core,Y,116,,"<ZZQctoModule>: Inserted GenericPO[Table=1000258ID=1000694] / <ZZQctoModule>: Inserted GenericPO[Table=1000258ID=1000694] / "
*,"653306-000-01-PM-12","Dismantle, Assess and Reassemble Steering and Suspension Systems (including Hydraulic and Pneumatic Components)","599",5,2020-07-30 00:00:00.000,2025-07-30 00:00:00.000,2026-07-30 00:00:00.000,2029-07-30 00:00:00.000,"3",Application,Core,Y,117,,"<ZZQctoModule>: Inserted GenericPO[Table=1000258ID=1000695] / <ZZQctoModule>: Inserted GenericPO[Table=1000258ID=1000695] / "
*,"653306-000-01-PM-13","Dismantle, Assess and Reassemble Basic Hydraulic Systems","599",5,2020-07-30 00:00:00.000,2025-07-30 00:00:00.000,2026-07-30 00:00:00.000,2029-07-30 00:00:00.000,"3",Application,Core,Y,118,,"<ZZQctoModule>: Inserted GenericPO[Table=1000258ID=1000696] / <ZZQctoModule>: Inserted GenericPO[Table=1000258ID=1000696] / "
*,"653306-000-01-PM-14","Remove, Test, Repair and Refit Engines and Vehicle Components","599",15,2020-07-30 00:00:00.000,2025-07-30 00:00:00.000,2026-07-30 00:00:00.000,2029-07-30 00:00:00.000,"3",Application,Core,Y,119,,"<ZZQctoModule>: Inserted GenericPO[Table=1000258ID=1000697] / <ZZQctoModule>: Inserted GenericPO[Table=1000258ID=1000697] / "
*,"653306-000-01-PM-15",Diagnose and Repair Vehicle Systems,"599",30,2020-07-30 00:00:00.000,2025-07-30 00:00:00.000,2026-07-30 00:00:00.000,2029-07-30 00:00:00.000,"4",Application,Core,Y,120,,"<ZZQctoModule>: Inserted GenericPO[Table=1000258ID=1000698] / <ZZQctoModule>: Inserted GenericPO[Table=1000258ID=1000698] / "
*,"653306-000-01-PM-16",Diagnose and Repair Electrical Systems,"599",12,2020-07-30 00:00:00.000,2025-07-30 00:00:00.000,2026-07-30 00:00:00.000,2029-07-30 00:00:00.000,"4",Application,Core,Y,121,,"<ZZQctoModule>: Inserted GenericPO[Table=1000258ID=1000699] / <ZZQctoModule>: Inserted GenericPO[Table=1000258ID=1000699] / "
*,"653306-000-01-PM-17",Diagnose and Repair Electronically Controlled Vehicle Systems,"599",10,2020-07-30 00:00:00.000,2025-07-30 00:00:00.000,2026-07-30 00:00:00.000,2029-07-30 00:00:00.000,"4",Application,Core,Y,122,,"<ZZQctoModule>: Inserted GenericPO[Table=1000258ID=1000700] / <ZZQctoModule>: Inserted GenericPO[Table=1000258ID=1000700] / "
*,"653306-000-01-PM-18",Diagnose and Repair Air Conditioning System,"599",5,2020-07-30 00:00:00.000,2025-07-30 00:00:00.000,2026-07-30 00:00:00.000,2029-07-30 00:00:00.000,"4",Application,Core,Y,123,,"<ZZQctoModule>: Inserted GenericPO[Table=1000258ID=1000701] / <ZZQctoModule>: Inserted GenericPO[Table=1000258ID=1000701] / "
*,"653306-000-01-WM-01",Routine Scheduled Services,"599",16,2020-07-30 00:00:00.000,2025-07-30 00:00:00.000,2026-07-30 00:00:00.000,2029-07-30 00:00:00.000,"2",Work experience,Core,Y,124,,"<ZZQctoModule>: Inserted GenericPO[Table=1000258ID=1000702] / <ZZQctoModule>: Inserted GenericPO[Table=1000258ID=1000702] / "
*,"653306-000-01-WM-02",Removal and Replacement of Engine Sub-system Components (including Batteries),"599",16,2020-07-30 00:00:00.000,2025-07-30 00:00:00.000,2026-07-30 00:00:00.000,2029-07-30 00:00:00.000,"3",Work experience,Core,Y,125,,"<ZZQctoModule>: Inserted GenericPO[Table=1000258ID=1000703] / <ZZQctoModule>: Inserted GenericPO[Table=1000258ID=1000703] / "
*,"653306-000-01-WM-03",Removal and Replacement of Other Vehicle Sub-system Components,"599",20,2020-07-30 00:00:00.000,2025-07-30 00:00:00.000,2025-07-30 00:00:00.000,2029-07-30 00:00:00.000,"3",Work experience,Core,Y,126,,"<ZZQctoModule>: Inserted GenericPO[Table=1000258ID=1000704] / <ZZQctoModule>: Inserted GenericPO[Table=1000258ID=1000704] / "
*,"653306-000-01-WM-04",Engine Removal and Installation Processes,"599",18,2020-07-30 00:00:00.000,2025-07-30 00:00:00.000,2026-07-30 00:00:00.000,2029-07-30 00:00:00.000,"3",Work experience,Core,Y,127,,"<ZZQctoModule>: Inserted GenericPO[Table=1000258ID=1000705] / <ZZQctoModule>: Inserted GenericPO[Table=1000258ID=1000705] / "
*,"653306-000-01-WM-05",Repair Processes for Vehicle Sub-systems,"599",50,2020-07-30 00:00:00.000,2025-07-30 00:00:00.000,2026-07-30 00:00:00.000,2029-07-30 00:00:00.000,"3",Work experience,Core,Y,128,,"<ZZQctoModule>: Inserted GenericPO[Table=1000258ID=1000706] / <ZZQctoModule>: Inserted GenericPO[Table=1000258ID=1000706] / "
*,•  653306-000-01-WM-06,Removal and Replacement of Cooling System,"599",20,2020-07-30 00:00:00.000,2025-07-30 00:00:00.000,2026-07-30 00:00:00.000,2029-07-30 00:00:00.000,"3",Work experience,Core,Y,129,,"<ZZQctoModule>: Inserted GenericPO[Table=1000258ID=1000707] / <ZZQctoModule>: Inserted GenericPO[Table=1000258ID=1000707] / "
*,"653306-000-01-WM-07","Diagnosis and Repair of Electrical Systems (Charging, Starting, Lighting and Auxiliary)","599",18,2020-07-30 00:00:00.000,2025-07-30 00:00:00.000,2026-07-30 00:00:00.000,2029-07-30 00:00:00.000,"4",Work experience,Core,Y,130,,"<ZZQctoModule>: Inserted GenericPO[Table=1000258ID=1000708] / <ZZQctoModule>: Inserted GenericPO[Table=1000258ID=1000708] / "
*,"653306-000-01-WM-08",Diagnose and Repair Air Conditioning System,"599",8,2020-07-30 00:00:00.000,2025-07-30 00:00:00.000,2026-07-30 00:00:00.000,2029-07-30 00:00:00.000,"4",Work experience,Core,Y,131,,"<ZZQctoModule>: Inserted GenericPO[Table=1000258ID=1000709] / <ZZQctoModule>: Inserted GenericPO[Table=1000258ID=1000709] / "
*,"653306-000-01-WM-09",Diagnosis and Repair of Electronic Control Systems,"599",18,2020-07-30 00:00:00.000,2025-07-30 00:00:00.000,2025-07-30 00:00:00.000,2029-07-30 00:00:00.000,"4",Work experience,Core,Y,132,,"<ZZQctoModule>: Inserted GenericPO[Table=1000258ID=1000710] / <ZZQctoModule>: Inserted GenericPO[Table=1000258ID=1000710] / "
*,"653306-000-01-WM-10",Diagnosis and Repair of Engines and Engine Sub-systems,"599",18,2020-07-30 00:00:00.000,2025-07-30 00:00:00.000,2026-07-30 00:00:00.000,2029-07-30 00:00:00.000,"4",Work experience,Core,Y,133,,"<ZZQctoModule>: Inserted GenericPO[Table=1000258ID=1000711] / <ZZQctoModule>: Inserted GenericPO[Table=1000258ID=1000711] / "
*,"653306-000-01-WM-11",Diagnosis and Repair of Hydraulic and Pneumatic Systems,"599",18,2020-07-30 00:00:00.000,2025-07-30 00:00:00.000,2026-07-30 00:00:00.000,2029-07-30 00:00:00.000,"4",Work experience,Core,Y,134,,"<ZZQctoModule>: Inserted GenericPO[Table=1000258ID=1000712] / <ZZQctoModule>: Inserted GenericPO[Table=1000258ID=1000712] / "
*,"653306-000-01-WM-12",Diagnosis and Repair of Brake Systems,"599",18,2020-07-30 00:00:00.000,2025-07-30 00:00:00.000,2025-07-30 00:00:00.000,2029-07-30 00:00:00.000,"4",Work experience,Core,Y,135,,"<ZZQctoModule>: Inserted GenericPO[Table=1000258ID=1000713] / <ZZQctoModule>: Inserted GenericPO[Table=1000258ID=1000713] / "
*,"653306-000-01-WM-13",Diagnosis and Repair of Drive Train Systems,"599",18,2020-07-30 00:00:00.000,2025-07-30 00:00:00.000,2026-07-30 00:00:00.000,2029-07-30 00:00:00.000,"4",Work experience,Core,Y,136,,"<ZZQctoModule>: Inserted GenericPO[Table=1000258ID=1000714] / <ZZQctoModule>: Inserted GenericPO[Table=1000258ID=1000714] / "
*,"653306-000-01-WM-14",Diagnosis and Repair of Steering and Suspension Systems,"599",18,2020-07-30 00:00:00.000,2025-07-30 00:00:00.000,2025-07-30 00:00:00.000,2029-07-30 00:00:00.000,"4",Work experience,Core,Y,137,,"<ZZQctoModule>: Inserted GenericPO[Table=1000258ID=1000715] / <ZZQctoModule>: Inserted GenericPO[Table=1000258ID=1000715] / "
*,"653306-000-01-WM-06",Removal and Replacement of Cooling System,"599",20,2021-07-30 00:00:00.000,2025-07-30 00:00:00.000,2026-07-30 00:00:00.000,2029-07-30 00:00:00.000,"3",Work experience,Core,Y,138,,"<ZZQctoModule>: Inserted GenericPO[Table=1000258ID=1000716] / <ZZQctoModule>: Inserted GenericPO[Table=1000258ID=1000716] / "
*,"661301-KM-01-KT01",Metal and Jewellery Arts 1,"629",44,2018-07-01 00:00:00.000,2023-06-30 00:00:00.000,2024-06-30 00:00:00.000,2027-06-30 00:00:00.000,"2",Knowledge,Core,Y,139,,"<ZZQctoModule>: Inserted GenericPO[Table=1000258ID=1000717] / <ZZQctoModule>: Inserted GenericPO[Table=1000258ID=1000717] / "
*,"661301-KM-02",Industrial Design Drawings 1,"629",24,2018-07-01 00:00:00.000,2023-06-30 00:00:00.000,2024-06-30 00:00:00.000,2027-06-30 00:00:00.000,"3",Knowledge,Core,Y,140,,"<ZZQctoModule>: Inserted GenericPO[Table=1000258ID=1000718] / <ZZQctoModule>: Inserted GenericPO[Table=1000258ID=1000718] / "
*,"661301-KM-03",Metal and Jewellery Arts 2,"629",26,2018-07-01 00:00:00.000,2023-06-30 00:00:00.000,2024-06-30 00:00:00.000,2027-06-30 00:00:00.000,"3",Knowledge,Core,Y,141,,"<ZZQctoModule>: Inserted GenericPO[Table=1000258ID=1000719] / <ZZQctoModule>: Inserted GenericPO[Table=1000258ID=1000719] / "
*,"661301-KM-04",Metal and Jewellery Arts 3,"629",24,2018-07-01 00:00:00.000,2023-06-30 00:00:00.000,2024-06-30 00:00:00.000,2027-06-30 00:00:00.000,"4",Knowledge,Core,Y,142,,"<ZZQctoModule>: Inserted GenericPO[Table=1000258ID=1000720] / <ZZQctoModule>: Inserted GenericPO[Table=1000258ID=1000720] / "
*,"661301-PM-01",Conduct basic metal work,"629",25,2018-07-01 00:00:00.000,2023-06-30 00:00:00.000,2024-06-30 00:00:00.000,2027-06-30 00:00:00.000,"2",Application,Core,Y,143,,"<ZZQctoModule>: Inserted GenericPO[Table=1000258ID=1000721] / <ZZQctoModule>: Inserted GenericPO[Table=1000258ID=1000721] / "
*,"661301-PM-02",Execute cold joining,"629",4,2018-07-01 00:00:00.000,2023-06-30 00:00:00.000,2024-06-30 00:00:00.000,2027-06-30 00:00:00.000,"2",Application,Core,Y,144,,"<ZZQctoModule>: Inserted GenericPO[Table=1000258ID=1000722] / <ZZQctoModule>: Inserted GenericPO[Table=1000258ID=1000722] / "
*,"661301-PM-03",Manufacture basic jewellery,"629",45,2018-07-01 00:00:00.000,2023-06-30 00:00:00.000,2024-06-30 00:00:00.000,2027-06-30 00:00:00.000,"2",Application,Core,Y,145,,"<ZZQctoModule>: Inserted GenericPO[Table=1000258ID=1000723] / <ZZQctoModule>: Inserted GenericPO[Table=1000258ID=1000723] / "
*,"661301-PM-04",Produce jewellery using re-production techniques,"629",7,2018-07-01 00:00:00.000,2023-06-30 00:00:00.000,2024-06-30 00:00:00.000,2027-06-30 00:00:00.000,"3",Application,Core,Y,146,,"<ZZQctoModule>: Inserted GenericPO[Table=1000258ID=1000724] / <ZZQctoModule>: Inserted GenericPO[Table=1000258ID=1000724] / "
*,"661301-PM-05",Interpret jewellery designs,"629",7,2018-07-01 00:00:00.000,2023-06-30 00:00:00.000,2024-06-30 00:00:00.000,2027-06-30 00:00:00.000,"3",Application,Core,Y,147,,"<ZZQctoModule>: Inserted GenericPO[Table=1000258ID=1000725] / <ZZQctoModule>: Inserted GenericPO[Table=1000258ID=1000725] / "
*,"661301-PM-06",Manufacture a variety of jewellery item,"629",48,2018-07-01 00:00:00.000,2023-06-30 00:00:00.000,2024-06-30 00:00:00.000,2027-06-30 00:00:00.000,"3",Application,Core,Y,148,,"<ZZQctoModule>: Inserted GenericPO[Table=1000258ID=1000726] / <ZZQctoModule>: Inserted GenericPO[Table=1000258ID=1000726] / "
*,"661301-PM-07",Identify and separate natural gemstones from their simulants,"629",4,2018-07-01 00:00:00.000,2023-06-30 00:00:00.000,2024-06-30 00:00:00.000,2027-06-30 00:00:00.000,"3",Application,Core,Y,149,,"<ZZQctoModule>: Inserted GenericPO[Table=1000258ID=1000727] / <ZZQctoModule>: Inserted GenericPO[Table=1000258ID=1000727] / "
*,"661301-PM-08",Manufacture complex jewellery items,"629",48,2018-07-01 00:00:00.000,2023-06-30 00:00:00.000,2024-06-30 00:00:00.000,2027-06-30 00:00:00.000,"4",Application,Core,Y,150,,"<ZZQctoModule>: Inserted GenericPO[Table=1000258ID=1000728] / <ZZQctoModule>: Inserted GenericPO[Table=1000258ID=1000728] / "
*,"661301-PM-09",Conduct basic setting of gemstones,"629",4,2018-07-01 00:00:00.000,2023-06-30 00:00:00.000,2024-06-30 00:00:00.000,2027-06-30 00:00:00.000,"4",Application,Core,Y,151,,"<ZZQctoModule>: Inserted GenericPO[Table=1000258ID=1000729] / <ZZQctoModule>: Inserted GenericPO[Table=1000258ID=1000729] / "
*,"661301-PM-10",Repair complex jewellery pieces,"629",10,2018-07-01 00:00:00.000,2023-06-30 00:00:00.000,2024-06-30 00:00:00.000,2027-06-30 00:00:00.000,"4",Application,Core,Y,152,,"<ZZQctoModule>: Inserted GenericPO[Table=1000258ID=1000730] / <ZZQctoModule>: Inserted GenericPO[Table=1000258ID=1000730] / "
*,"661301-WM-01",Metal work processes,"629",50,2018-07-01 00:00:00.000,2023-06-30 00:00:00.000,2024-06-30 00:00:00.000,2027-06-30 00:00:00.000,"2",Work experience,Core,Y,153,,"<ZZQctoModule>: Inserted GenericPO[Table=1000258ID=1000731] / <ZZQctoModule>: Inserted GenericPO[Table=1000258ID=1000731] / "
*,"661301-WM-02",Jewellery assembly and finishing processes,"629",14,2018-07-01 00:00:00.000,2023-06-30 00:00:00.000,2024-06-30 00:00:00.000,2027-06-30 00:00:00.000,"2",Work experience,Core,Y,154,,"<ZZQctoModule>: Inserted GenericPO[Table=1000258ID=1000732] / <ZZQctoModule>: Inserted GenericPO[Table=1000258ID=1000732] / "
*,"661301-WM-03",Jewellery Workshop processes and tools,"629",12,2018-07-01 00:00:00.000,2023-06-30 00:00:00.000,2024-06-30 00:00:00.000,2027-06-30 00:00:00.000,"2",Work experience,Core,Y,155,,"<ZZQctoModule>: Inserted GenericPO[Table=1000258ID=1000733] / <ZZQctoModule>: Inserted GenericPO[Table=1000258ID=1000733] / "
*,"661301-WM-04",Jewellery manufacturing processes,"629",100,2018-07-01 00:00:00.000,2023-06-30 00:00:00.000,2024-06-30 00:00:00.000,2027-06-30 00:00:00.000,"2",Work experience,Core,Y,156,,"<ZZQctoModule>: Inserted GenericPO[Table=1000258ID=1000734] / <ZZQctoModule>: Inserted GenericPO[Table=1000258ID=1000734] / "
*,"661301-WM-05",Jewellery manufacturing planning processes,"629",8,2018-07-01 00:00:00.000,2023-06-30 00:00:00.000,2024-06-30 00:00:00.000,2027-06-30 00:00:00.000,"3",Work experience,Core,Y,157,,"<ZZQctoModule>: Inserted GenericPO[Table=1000258ID=1000735] / <ZZQctoModule>: Inserted GenericPO[Table=1000258ID=1000735] / "
*,"661301-WM-06",Materials management processes,"629",6,2018-07-01 00:00:00.000,2023-06-30 00:00:00.000,2024-06-30 00:00:00.000,2027-06-30 00:00:00.000,"3",Work experience,Core,Y,158,,"<ZZQctoModule>: Inserted GenericPO[Table=1000258ID=1000736] / <ZZQctoModule>: Inserted GenericPO[Table=1000258ID=1000736] / "
*,"661301-WM-07",Stone setting processes,"629",12,2018-07-01 00:00:00.000,2023-06-30 00:00:00.000,2024-06-30 00:00:00.000,2027-06-30 00:00:00.000,"4",Work experience,Core,Y,159,,"<ZZQctoModule>: Inserted GenericPO[Table=1000258ID=1000737] / <ZZQctoModule>: Inserted GenericPO[Table=1000258ID=1000737] / "
*,"661301-WM-08",Jewellery repair and planning processes,"629",14,2018-07-01 00:00:00.000,2023-06-30 00:00:00.000,2024-06-30 00:00:00.000,2027-06-30 00:00:00.000,"4",Work experience,Core,Y,160,,"<ZZQctoModule>: Inserted GenericPO[Table=1000258ID=1000738] / <ZZQctoModule>: Inserted GenericPO[Table=1000258ID=1000738] / "
*,"661301-WM-09",Specialised jewellery manufacturing techniques and processes,"629",39,2018-07-01 00:00:00.000,2023-06-30 00:00:00.000,2024-06-30 00:00:00.000,2027-06-30 00:00:00.000,"4",Work experience,Core,Y,161,,"<ZZQctoModule>: Inserted GenericPO[Table=1000258ID=1000739] / <ZZQctoModule>: Inserted GenericPO[Table=1000258ID=1000739] / "
*,"661302-000-00-00-KM-01",Introduction to Stone Setting,"629",38,2021-03-25 00:00:00.000,2026-03-25 00:00:00.000,2027-03-25 00:00:00.000,2030-03-25 00:00:00.000,"3",Knowledge,Core,Y,162,,"<ZZQctoModule>: Inserted GenericPO[Table=1000258ID=1000740] / <ZZQctoModule>: Inserted GenericPO[Table=1000258ID=1000740] / "
*,"661302-000-00-00-KM-02",Diamond and Gemstone Setter Theory,"629",15,2021-03-25 00:00:00.000,2026-03-25 00:00:00.000,2027-03-25 00:00:00.000,2030-03-25 00:00:00.000,"3",Knowledge,Core,Y,163,,"<ZZQctoModule>: Inserted GenericPO[Table=1000258ID=1000741] / <ZZQctoModule>: Inserted GenericPO[Table=1000258ID=1000741] / "
*,"661302-000-00-00-KM-03",Advanced Setting,"629",56,2021-03-25 00:00:00.000,2026-03-25 00:00:00.000,2027-03-25 00:00:00.000,2030-03-25 00:00:00.000,"4",Knowledge,Core,Y,164,,"<ZZQctoModule>: Inserted GenericPO[Table=1000258ID=1000742] / <ZZQctoModule>: Inserted GenericPO[Table=1000258ID=1000742] / "
*,"661302-000-00-00-PM-01",Conduct Basic Setting Techniques,"629",48,2021-03-25 00:00:00.000,2026-03-25 00:00:00.000,2027-03-25 00:00:00.000,2030-03-25 00:00:00.000,"3",Application,Core,Y,165,,"<ZZQctoModule>: Inserted GenericPO[Table=1000258ID=1000743] / <ZZQctoModule>: Inserted GenericPO[Table=1000258ID=1000743] / "
*,"661302-000-00-00-PM-02",Prepare for Stone Setting,"629",40,2021-03-25 00:00:00.000,2026-03-25 00:00:00.000,2027-03-25 00:00:00.000,2030-03-25 00:00:00.000,"3",Application,Core,Y,166,,"<ZZQctoModule>: Inserted GenericPO[Table=1000258ID=1000744] / <ZZQctoModule>: Inserted GenericPO[Table=1000258ID=1000744] / "
*,"661302-000-00-00-PM-03",Conduct Basic Setting,"629",10,2021-03-25 00:00:00.000,2026-03-25 00:00:00.000,2027-03-25 00:00:00.000,2030-03-25 00:00:00.000,"3",Application,Core,Y,167,,"<ZZQctoModule>: Inserted GenericPO[Table=1000258ID=1000745] / <ZZQctoModule>: Inserted GenericPO[Table=1000258ID=1000745] / "
*,"661302-000-00-00-PM-04",Identify and Examine Gemstones,"629",8,2021-03-25 00:00:00.000,2026-03-25 00:00:00.000,2027-03-25 00:00:00.000,2030-03-25 00:00:00.000,"3",Application,Core,Y,168,,"<ZZQctoModule>: Inserted GenericPO[Table=1000258ID=1000746] / <ZZQctoModule>: Inserted GenericPO[Table=1000258ID=1000746] / "
*,"661302-000-00-00-PM-05",Set Stones in a Variety of Jewellery Items,"629",38,2021-03-25 00:00:00.000,2026-03-25 00:00:00.000,2027-03-25 00:00:00.000,2030-03-25 00:00:00.000,"4",Application,Core,Y,169,,"<ZZQctoModule>: Inserted GenericPO[Table=1000258ID=1000747] / <ZZQctoModule>: Inserted GenericPO[Table=1000258ID=1000747] / "
*,"661302-000-00-00-PM-06",Set Stones in a Variety of Settings,"629",24,2021-03-25 00:00:00.000,2026-03-25 00:00:00.000,2027-03-25 00:00:00.000,2030-03-25 00:00:00.000,"4",Application,Core,Y,170,,"<ZZQctoModule>: Inserted GenericPO[Table=1000258ID=1000748] / <ZZQctoModule>: Inserted GenericPO[Table=1000258ID=1000748] / "
*,"661302-000-00-00-PM-07",Set Stones in Complex Jewellery Using Advanced Setting Techniques,"629",30,2021-03-25 00:00:00.000,2026-03-25 00:00:00.000,2027-03-25 00:00:00.000,2030-03-25 00:00:00.000,"4",Application,Core,Y,171,,"<ZZQctoModule>: Inserted GenericPO[Table=1000258ID=1000749] / <ZZQctoModule>: Inserted GenericPO[Table=1000258ID=1000749] / "
*,"661302-000-00-00-PM-08","Remove, Reset & Replace Stones into Jewellery Items","629",10,2021-03-25 00:00:00.000,2026-03-25 00:00:00.000,2027-03-25 00:00:00.000,2030-03-25 00:00:00.000,"4",Application,Core,Y,172,,"<ZZQctoModule>: Inserted GenericPO[Table=1000258ID=1000750] / <ZZQctoModule>: Inserted GenericPO[Table=1000258ID=1000750] / "
*,"661302-000-00-00-WM-01",Preparation Processes for Setting,"629",5,2021-03-25 00:00:00.000,2026-03-25 00:00:00.000,2027-03-25 00:00:00.000,2030-03-25 00:00:00.000,"3",Work experience,Core,Y,173,,"<ZZQctoModule>: Inserted GenericPO[Table=1000258ID=1000751] / <ZZQctoModule>: Inserted GenericPO[Table=1000258ID=1000751] / "
*,"661302-000-00-00-WM-02",Health and Safety for Stone Setting Workshop Processes and Tools,"629",5,2021-03-25 00:00:00.000,2026-03-25 00:00:00.000,2027-03-25 00:00:00.000,2030-03-25 00:00:00.000,"3",Work experience,Core,Y,174,,"<ZZQctoModule>: Inserted GenericPO[Table=1000258ID=1000752] / <ZZQctoModule>: Inserted GenericPO[Table=1000258ID=1000752] / "
*,"661302-000-00-00-WM-03",Stone Setting Processes,"629",25,2021-03-25 00:00:00.000,2026-03-25 00:00:00.000,2027-03-25 00:00:00.000,2030-03-25 00:00:00.000,"3",Work experience,Core,Y,175,,"<ZZQctoModule>: Inserted GenericPO[Table=1000258ID=1000753] / <ZZQctoModule>: Inserted GenericPO[Table=1000258ID=1000753] / "
*,"661302-000-00-00-WM-04",Removal and Resetting of Stones and Restoring pf Jewellery Items,"629",25,2021-03-25 00:00:00.000,2026-03-25 00:00:00.000,2027-03-25 00:00:00.000,2030-03-25 00:00:00.000,"4",Work experience,Core,Y,176,,"<ZZQctoModule>: Inserted GenericPO[Table=1000258ID=1000754] / <ZZQctoModule>: Inserted GenericPO[Table=1000258ID=1000754] / "
*,"661302-000-00-00WM-05",Specialised and Advanced Setting Processes,"629",148,2021-03-25 00:00:00.000,2026-03-25 00:00:00.000,2027-03-25 00:00:00.000,2030-03-25 00:00:00.000,"4",Work experience,Core,Y,177,,"<ZZQctoModule>: Inserted GenericPO[Table=1000258ID=1000755] / <ZZQctoModule>: Inserted GenericPO[Table=1000258ID=1000755] / "
*,"661302-000-00-00-WM-06","Material, Tools Consumables Management Processes","629",5,2021-03-25 00:00:00.000,2026-03-25 00:00:00.000,2027-03-25 00:00:00.000,2030-03-25 00:00:00.000,"4",Work experience,Core,Y,178,,"<ZZQctoModule>: Inserted GenericPO[Table=1000258ID=1000756] / <ZZQctoModule>: Inserted GenericPO[Table=1000258ID=1000756] / "
*,"672105000-KM-01",Occupational Health and Safety legislation,"53",6,2018-07-01 00:00:00.000,2023-06-30 00:00:00.000,2024-06-30 00:00:00.000,2027-06-30 00:00:00.000,"4",Knowledge,Core,Y,179,,"<ZZQctoModule>: Inserted GenericPO[Table=1000258ID=1000757] / <ZZQctoModule>: Inserted GenericPO[Table=1000258ID=1000757] / "
*,"672105000-KM-02",Electricity and Electronics,"53",13,2018-07-01 00:00:00.000,2023-06-30 00:00:00.000,2024-06-30 00:00:00.000,2027-06-30 00:00:00.000,"4",Knowledge,Core,Y,180,,"<ZZQctoModule>: Inserted GenericPO[Table=1000258ID=1000758] / <ZZQctoModule>: Inserted GenericPO[Table=1000258ID=1000758] / "
*,"672105000-KM-03",Complex electronic components and circuits,"53",20,2018-07-01 00:00:00.000,2023-06-30 00:00:00.000,2024-06-30 00:00:00.000,2027-06-30 00:00:00.000,"5",Knowledge,Core,Y,181,,"<ZZQctoModule>: Inserted GenericPO[Table=1000258ID=1000759] / <ZZQctoModule>: Inserted GenericPO[Table=1000258ID=1000759] / "
*,"672105000-KM-04",Introduction to Instrumentation,"53",3,2018-07-01 00:00:00.000,2023-06-30 00:00:00.000,2024-06-30 00:00:00.000,2027-06-30 00:00:00.000,"4",Knowledge,Core,Y,182,,"<ZZQctoModule>: Inserted GenericPO[Table=1000258ID=1000760] / <ZZQctoModule>: Inserted GenericPO[Table=1000258ID=1000760] / "
*,"672105000-KM-05",Engineering tools and Test Equipment,"53",10,2018-07-01 00:00:00.000,2023-06-30 00:00:00.000,2024-06-30 00:00:00.000,2027-06-30 00:00:00.000,"4",Knowledge,Core,Y,183,,"<ZZQctoModule>: Inserted GenericPO[Table=1000258ID=1000761] / <ZZQctoModule>: Inserted GenericPO[Table=1000258ID=1000761] / "
*,"672105000-KM-06",Pressure and pressure measurement,"53",5,2018-07-01 00:00:00.000,2023-06-30 00:00:00.000,2024-06-30 00:00:00.000,2027-06-30 00:00:00.000,"4",Knowledge,Core,Y,184,,"<ZZQctoModule>: Inserted GenericPO[Table=1000258ID=1000762] / <ZZQctoModule>: Inserted GenericPO[Table=1000258ID=1000762] / "
*,"672105000-KM-07",Flow and flow measurement,"53",5,2018-07-01 00:00:00.000,2023-06-30 00:00:00.000,2024-06-30 00:00:00.000,2027-06-30 00:00:00.000,"4",Knowledge,Core,Y,185,,"<ZZQctoModule>: Inserted GenericPO[Table=1000258ID=1000763] / <ZZQctoModule>: Inserted GenericPO[Table=1000258ID=1000763] / "
*,"672105000-KM-08",Level and level measurement,"629",5,2018-07-01 00:00:00.000,2023-06-30 00:00:00.000,2024-06-30 00:00:00.000,2027-06-30 00:00:00.000,"4",Knowledge,Core,Y,186,,"<ZZQctoModule>: Inserted GenericPO[Table=1000258ID=1000764] / <ZZQctoModule>: Inserted GenericPO[Table=1000258ID=1000764] / "
*,"672105000-KM-09",Temperature and temperature measurement,"629",5,2018-07-01 00:00:00.000,2023-06-30 00:00:00.000,2024-06-30 00:00:00.000,2027-06-30 00:00:00.000,"4",Knowledge,Core,Y,187,,"<ZZQctoModule>: Inserted GenericPO[Table=1000258ID=1000765] / <ZZQctoModule>: Inserted GenericPO[Table=1000258ID=1000765] / "
*,"672105000-KM-10",Final control elements,"53",5,2018-07-01 00:00:00.000,2023-06-30 00:00:00.000,2024-06-30 00:00:00.000,2027-06-30 00:00:00.000,"4",Knowledge,Core,Y,188,,"<ZZQctoModule>: Inserted GenericPO[Table=1000258ID=1000766] / <ZZQctoModule>: Inserted GenericPO[Table=1000258ID=1000766] / "
*,"672105000-KM-11",Pneumatic system,"53",4,2018-07-01 00:00:00.000,2023-06-30 00:00:00.000,2024-06-30 00:00:00.000,2027-03-06 00:00:00.000,"4",Knowledge,Core,Y,189,,"<ZZQctoModule>: Inserted GenericPO[Table=1000258ID=1000767] / <ZZQctoModule>: Inserted GenericPO[Table=1000258ID=1000767] / "
*,"672105000-KM-12",Hydraulic System,"53",4,2018-07-01 00:00:00.000,2023-06-30 00:00:00.000,2024-06-30 00:00:00.000,2027-06-30 00:00:00.000,"4",Knowledge,Core,Y,190,,"<ZZQctoModule>: Inserted GenericPO[Table=1000258ID=1000768] / <ZZQctoModule>: Inserted GenericPO[Table=1000258ID=1000768] / "
*,"672105000-KM-13",Relay logic circuits,"53",8,2018-07-01 00:00:00.000,2023-06-01 00:00:00.000,2024-06-30 00:00:00.000,2027-06-30 00:00:00.000,"5",Knowledge,Core,Y,191,,"<ZZQctoModule>: Inserted GenericPO[Table=1000258ID=1000769] / <ZZQctoModule>: Inserted GenericPO[Table=1000258ID=1000769] / "
*,"672105000-KM-14",Introduction to Programmable Logic Controllers (PLC),"53",10,2018-07-01 00:00:00.000,2023-06-30 00:00:00.000,2024-06-30 00:00:00.000,2027-06-30 00:00:00.000,"5",Knowledge,Core,Y,192,,"<ZZQctoModule>: Inserted GenericPO[Table=1000258ID=1000770] / <ZZQctoModule>: Inserted GenericPO[Table=1000258ID=1000770] / "
*,"672105000-KM-15",Programmable Instrumentation (SMART),"629",6,2018-07-01 00:00:00.000,2023-06-30 00:00:00.000,2024-06-30 00:00:00.000,2027-06-30 00:00:00.000,"5",Knowledge,Core,Y,193,,"<ZZQctoModule>: Inserted GenericPO[Table=1000258ID=1000771] / <ZZQctoModule>: Inserted GenericPO[Table=1000258ID=1000771] / "
*,"652302000-KM-01",Basic engineering theory,"599",32,2018-07-01 00:00:00.000,2023-06-30 00:00:00.000,2024-06-30 00:00:00.000,2027-06-30 00:00:00.000,"3",Knowledge,Core,Y,194,,"<ZZQctoModule>: Inserted GenericPO[Table=1000258ID=1000772] / <ZZQctoModule>: Inserted GenericPO[Table=1000258ID=1000772] / "
*,"672105000-KM-16",Process Control Loops and Automatic Control,"53",15,2018-07-01 00:00:00.000,2023-06-30 00:00:00.000,2024-06-30 00:00:00.000,2027-06-30 00:00:00.000,"5",Knowledge,Core,Y,195,,"<ZZQctoModule>: Inserted GenericPO[Table=1000258ID=1000773] / <ZZQctoModule>: Inserted GenericPO[Table=1000258ID=1000773] / "
*,"672105000-KM-17",Instrumentation Drawings,"53",3,2018-07-01 00:00:00.000,2023-06-30 00:00:00.000,2024-06-30 00:00:00.000,2027-06-30 00:00:00.000,"5",Knowledge,Core,Y,196,,"<ZZQctoModule>: Inserted GenericPO[Table=1000258ID=1000774] / <ZZQctoModule>: Inserted GenericPO[Table=1000258ID=1000774] / "
*,"652302000-KM-02",Fitting Theory,"599",38,2018-07-01 00:00:00.000,2023-06-30 00:00:00.000,2024-06-30 00:00:00.000,2027-06-30 00:00:00.000,"4",Knowledge,Core,Y,197,,"<ZZQctoModule>: Inserted GenericPO[Table=1000258ID=1000775] / <ZZQctoModule>: Inserted GenericPO[Table=1000258ID=1000775] / "
*,"672105000-KM-18",Process communication systems,"53",10,2018-07-01 00:00:00.000,2023-06-30 00:00:00.000,2024-06-30 00:00:00.000,2027-06-30 00:00:00.000,"6",Knowledge,Core,Y,198,,"<ZZQctoModule>: Inserted GenericPO[Table=1000258ID=1000776] / <ZZQctoModule>: Inserted GenericPO[Table=1000258ID=1000776] / "
*,"672105000-KM-19",Fault finding on instrumentation equipment and systems,"53",5,2018-07-01 00:00:00.000,2023-06-30 00:00:00.000,2024-06-30 00:00:00.000,2027-06-30 00:00:00.000,"6",Knowledge,Core,Y,199,,"<ZZQctoModule>: Inserted GenericPO[Table=1000258ID=1000777] / <ZZQctoModule>: Inserted GenericPO[Table=1000258ID=1000777] / "
*,"672105000-PM-01","Select, use and care of engineering hand and power tools and test equipment","53",25,2018-07-01 00:00:00.000,2023-06-30 00:00:00.000,2024-06-30 00:00:00.000,2027-06-30 00:00:00.000,"4",Application,Core,Y,200,,"<ZZQctoModule>: Inserted GenericPO[Table=1000258ID=1000778] / <ZZQctoModule>: Inserted GenericPO[Table=1000258ID=1000778] / "
*,"672105000-PM-02","Analyse, design and construct an electronic circuit","53",10,2018-07-01 00:00:00.000,2023-06-30 00:00:00.000,2024-06-30 00:00:00.000,2027-06-30 00:00:00.000,"5",Application,Core,Y,201,,"<ZZQctoModule>: Inserted GenericPO[Table=1000258ID=1000779] / <ZZQctoModule>: Inserted GenericPO[Table=1000258ID=1000779] / "
*,"652302000-KM-03",Machining Theory,"599",36,2018-07-01 00:00:00.000,2023-06-30 00:00:00.000,2024-06-30 00:00:00.000,2027-06-30 00:00:00.000,"4",Knowledge,Core,Y,202,,"<ZZQctoModule>: Inserted GenericPO[Table=1000258ID=1000780] / <ZZQctoModule>: Inserted GenericPO[Table=1000258ID=1000780] / "
*,"672105000-PM-03",Calibrate and test instrumentation equipment within specifications,"53",50,2018-07-01 00:00:00.000,2023-06-30 00:00:00.000,2024-06-30 00:00:00.000,2027-06-30 00:00:00.000,"4",Application,Core,Y,203,,"<ZZQctoModule>: Inserted GenericPO[Table=1000258ID=1000781] / <ZZQctoModule>: Inserted GenericPO[Table=1000258ID=1000781] / "
*,"672105000-PM-04",Install/remove instruments and components within manufacturer's specifications and plant standards,"53",12,2018-07-01 00:00:00.000,2023-06-30 00:00:00.000,2024-06-30 00:00:00.000,2027-06-30 00:00:00.000,"4",Application,Core,Y,204,,"<ZZQctoModule>: Inserted GenericPO[Table=1000258ID=1000782] / <ZZQctoModule>: Inserted GenericPO[Table=1000258ID=1000782] / "
*,"672105000-PM-05",Compare measured variable values and adjust process loops,"53",25,2018-07-01 00:00:00.000,2023-06-30 00:00:00.000,2023-06-30 00:00:00.000,2027-06-30 00:00:00.000,"5",Application,Core,Y,205,,"<ZZQctoModule>: Inserted GenericPO[Table=1000258ID=1000783] / <ZZQctoModule>: Inserted GenericPO[Table=1000258ID=1000783] / "
*,"652302000-PS-01",Fabricate simple components or work pieces using basic hand skills and hand tools,"599",6,2018-07-01 00:00:00.000,2023-06-30 00:00:00.000,2024-06-30 00:00:00.000,2027-06-30 00:00:00.000,"2",Application,Core,Y,206,,"<ZZQctoModule>: Inserted GenericPO[Table=1000258ID=1000784] / <ZZQctoModule>: Inserted GenericPO[Table=1000258ID=1000784] / "
*,"672105000-PM-06",Carry out fault diagnosis and repair faults on Instruments,"53",20,2018-07-01 00:00:00.000,2023-06-30 00:00:00.000,2024-06-30 00:00:00.000,2027-06-30 00:00:00.000,"5",Application,Core,Y,207,,"<ZZQctoModule>: Inserted GenericPO[Table=1000258ID=1000785] / <ZZQctoModule>: Inserted GenericPO[Table=1000258ID=1000785] / "
*,"672105000-PM-07","Maintain systems, instruments and components","53",20,2018-07-01 00:00:00.000,2023-06-30 00:00:00.000,2024-06-30 00:00:00.000,2027-06-30 00:00:00.000,"4",Application,Core,Y,208,,"<ZZQctoModule>: Inserted GenericPO[Table=1000258ID=1000786] / <ZZQctoModule>: Inserted GenericPO[Table=1000258ID=1000786] / "
*,"652302000-PS-02",Fabricate components or work pieces using power tools or machinery,"599",6,2018-07-01 00:00:00.000,2023-06-30 00:00:00.000,2024-06-30 00:00:00.000,2027-06-30 00:00:00.000,"3",Application,Core,Y,209,,"<ZZQctoModule>: Inserted GenericPO[Table=1000258ID=1000787] / <ZZQctoModule>: Inserted GenericPO[Table=1000258ID=1000787] / "
*,"672105000-WM-01",Calibration processes and procedures for instrumentation equipment,"53",40,2018-07-01 00:00:00.000,2023-06-30 00:00:00.000,2024-06-30 00:00:00.000,2027-06-30 00:00:00.000,"4",Work experience,Core,Y,210,,"<ZZQctoModule>: Inserted GenericPO[Table=1000258ID=1000788] / <ZZQctoModule>: Inserted GenericPO[Table=1000258ID=1000788] / "
*,"652302000-PS-03","Dissemble, clean and inspect mechanical sub-assemblies","599",6,2018-07-01 00:00:00.000,2023-06-30 00:00:00.000,2024-06-30 00:00:00.000,2027-06-30 00:00:00.000,"3",Application,Core,Y,211,,"<ZZQctoModule>: Inserted GenericPO[Table=1000258ID=1000789] / <ZZQctoModule>: Inserted GenericPO[Table=1000258ID=1000789] / "
*,"672105000-WM-02",Processes of removal and installation of instrumentation equipment,"53",15,2018-07-01 00:00:00.000,2023-06-30 00:00:00.000,2024-06-30 00:00:00.000,2027-06-30 00:00:00.000,"4",Work experience,Core,Y,212,,"<ZZQctoModule>: Inserted GenericPO[Table=1000258ID=1000790] / <ZZQctoModule>: Inserted GenericPO[Table=1000258ID=1000790] / "
*,"672105000-WM-03",Processes of optimising process control loop and control loops,"53",50,2018-07-01 00:00:00.000,2023-06-30 00:00:00.000,2024-06-30 00:00:00.000,2027-06-30 00:00:00.000,"5",Work experience,Core,Y,213,,"<ZZQctoModule>: Inserted GenericPO[Table=1000258ID=1000791] / <ZZQctoModule>: Inserted GenericPO[Table=1000258ID=1000791] / "
*,"672105000-WM-04",Diagnostic processes for fault finding for instrumentation equipment and control systems,"53",30,2018-07-01 00:00:00.000,2023-06-30 00:00:00.000,2024-06-30 00:00:00.000,2027-06-30 00:00:00.000,"5",Work experience,Core,Y,214,,"<ZZQctoModule>: Inserted GenericPO[Table=1000258ID=1000792] / <ZZQctoModule>: Inserted GenericPO[Table=1000258ID=1000792] / "
*,"652302000-PS-04",Replace components and assemble mechanical subassemblies and machines,"599",6,2018-07-01 00:00:00.000,2023-06-30 00:00:00.000,2024-06-30 00:00:00.000,2027-06-30 00:00:00.000,"3",Application,Core,Y,215,,"<ZZQctoModule>: Inserted GenericPO[Table=1000258ID=1000793] / <ZZQctoModule>: Inserted GenericPO[Table=1000258ID=1000793] / "
*,"672105000-WM-05",Maintenance processes for instrumentation equipment reliability,"53",30,2018-07-01 00:00:00.000,2023-06-30 00:00:00.000,2024-06-30 00:00:00.000,2027-06-30 00:00:00.000,"5",Work experience,Core,Y,216,,"<ZZQctoModule>: Inserted GenericPO[Table=1000258ID=1000794] / <ZZQctoModule>: Inserted GenericPO[Table=1000258ID=1000794] / "
*,"652302000-PS-05",Do fault finding on mechanical sub-assemblies and machines,"599",12,2018-07-01 00:00:00.000,2023-06-30 00:00:00.000,2024-06-30 00:00:00.000,2027-06-30 00:00:00.000,"4",Application,Core,Y,217,,"<ZZQctoModule>: Inserted GenericPO[Table=1000258ID=1000795] / <ZZQctoModule>: Inserted GenericPO[Table=1000258ID=1000795] / "
*,"652302000-PS-06",Repair mechanical sub-assemblies and machines,"599",12,2018-07-01 00:00:00.000,2023-06-30 00:00:00.000,2024-06-30 00:00:00.000,2027-06-30 00:00:00.000,"4",Application,Core,Y,218,,"<ZZQctoModule>: Inserted GenericPO[Table=1000258ID=1000796] / <ZZQctoModule>: Inserted GenericPO[Table=1000258ID=1000796] / "
*,"652302000-PS-07",Install and commission mechanical sub-assemblies and machines,"599",12,2018-07-01 00:00:00.000,2023-06-30 00:00:00.000,2024-06-30 00:00:00.000,2027-06-30 00:00:00.000,"4",Application,Core,Y,219,,"<ZZQctoModule>: Inserted GenericPO[Table=1000258ID=1000797] / <ZZQctoModule>: Inserted GenericPO[Table=1000258ID=1000797] / "
*,"652302000-PS-08",Overhaul mechanical sub-assemblies and machines,"599",20,2018-07-01 00:00:00.000,2023-06-30 00:00:00.000,2024-06-30 00:00:00.000,2027-06-30 00:00:00.000,"4",Application,Core,Y,220,,"<ZZQctoModule>: Inserted GenericPO[Table=1000258ID=1000798] / <ZZQctoModule>: Inserted GenericPO[Table=1000258ID=1000798] / "
*,"652302000-PS-09",Produce simple components by setting up and attending to the operation an engineering machine,"599",6,2018-07-01 00:00:00.000,2023-06-30 00:00:00.000,2024-06-30 00:00:00.000,2027-06-30 00:00:00.000,"2",Application,Core,Y,221,,"<ZZQctoModule>: Inserted GenericPO[Table=1000258ID=1000799] / <ZZQctoModule>: Inserted GenericPO[Table=1000258ID=1000799] / "
*,"652302000-PS-10",Produce components of intermediate complexity by performing engineering machining operations,"599",12,2018-07-01 00:00:00.000,2023-06-30 00:00:00.000,2024-06-30 00:00:00.000,2027-06-30 00:00:00.000,"3",Application,Core,Y,222,,"<ZZQctoModule>: Inserted GenericPO[Table=1000258ID=1000800] / <ZZQctoModule>: Inserted GenericPO[Table=1000258ID=1000800] / "
*,"652302000-PS-11","Perform complex machining operations,","599",24,2018-07-01 00:00:00.000,2023-06-30 00:00:00.000,2024-06-30 00:00:00.000,2027-06-30 00:00:00.000,"4",Application,Core,Y,223,,"<ZZQctoModule>: Inserted GenericPO[Table=1000258ID=1000801] / <ZZQctoModule>: Inserted GenericPO[Table=1000258ID=1000801] / "
*,"652302000-WM-01",Fabrication processes in an engineering workshop,"599",20,2018-07-01 00:00:00.000,2023-06-30 00:00:00.000,2024-06-30 00:00:00.000,2027-06-30 00:00:00.000,"2",Work experience,Core,Y,224,,"<ZZQctoModule>: Inserted GenericPO[Table=1000258ID=1000802] / <ZZQctoModule>: Inserted GenericPO[Table=1000258ID=1000802] / "
*,"652302000-WM-02",Routine mechanical component and machine maintenance processes,"599",40,2018-07-01 00:00:00.000,2023-06-30 00:00:00.000,2024-06-30 00:00:00.000,2027-06-30 00:00:00.000,"3",Work experience,Core,Y,225,,"<ZZQctoModule>: Inserted GenericPO[Table=1000258ID=1000803] / <ZZQctoModule>: Inserted GenericPO[Table=1000258ID=1000803] / "
*,"652302000-WM-03",Maintenance planning and communication processes,"599",10,2018-07-01 00:00:00.000,2023-06-30 00:00:00.000,2024-06-30 00:00:00.000,2027-06-30 00:00:00.000,"3",Work experience,Core,Y,226,,"<ZZQctoModule>: Inserted GenericPO[Table=1000258ID=1000804] / <ZZQctoModule>: Inserted GenericPO[Table=1000258ID=1000804] / "
*,"652302000-WM-04",Repair mechanical faults on mechanical sub-assemblies and machines,"599",60,2018-07-01 00:00:00.000,2023-06-30 00:00:00.000,2024-06-30 00:00:00.000,2027-06-30 00:00:00.000,"4",Work experience,Core,Y,227,,"<ZZQctoModule>: Inserted GenericPO[Table=1000258ID=1000805] / <ZZQctoModule>: Inserted GenericPO[Table=1000258ID=1000805] / "
*,"652302000-WM-05",Overhauling processes in an engineering workshop,"599",60,2018-07-01 00:00:00.000,2023-06-30 00:00:00.000,2024-06-30 00:00:00.000,2027-06-30 00:00:00.000,"4",Work experience,Core,Y,228,,"<ZZQctoModule>: Inserted GenericPO[Table=1000258ID=1000806] / <ZZQctoModule>: Inserted GenericPO[Table=1000258ID=1000806] / "
*,MQA/R/003233,Basic engineering theory,"599",32,2018-07-01 00:00:00.000,2023-06-30 00:00:00.000,2024-06-30 00:00:00.000,2027-06-30 00:00:00.000,"3",Knowledge,Core,Y,229,,"<ZZQctoModule>: Inserted GenericPO[Table=1000258ID=1000807] / <ZZQctoModule>: Inserted GenericPO[Table=1000258ID=1000807] / "
*,"653303000-KM-02",Fitting Theory,"599",38,2018-07-01 00:00:00.000,2023-06-30 00:00:00.000,2024-06-30 00:00:00.000,2027-06-30 00:00:00.000,"4",Knowledge,Core,Y,230,,"<ZZQctoModule>: Inserted GenericPO[Table=1000258ID=1000808] / <ZZQctoModule>: Inserted GenericPO[Table=1000258ID=1000808] / "
*,"652302000-WM-06",Structured planning and communication processes in the workplace,"599",60,2018-07-01 00:00:00.000,2023-06-30 00:00:00.000,2024-06-30 00:00:00.000,2027-06-30 00:00:00.000,"4",Work experience,Core,Y,231,,"<ZZQctoModule>: Inserted GenericPO[Table=1000258ID=1000809] / <ZZQctoModule>: Inserted GenericPO[Table=1000258ID=1000809] / "
*,"653303000-PS-01",Fabricate simple components or work pieces using basic hand skills and hand tools,"599",6,2018-07-01 00:00:00.000,2023-06-30 00:00:00.000,2024-06-30 00:00:00.000,2027-06-30 00:00:00.000,"2",Application,Core,Y,232,,"<ZZQctoModule>: Inserted GenericPO[Table=1000258ID=1000810] / <ZZQctoModule>: Inserted GenericPO[Table=1000258ID=1000810] / "
*,"653303000-PS-02",Fabricate components or work pieces using power tools or machinery,"599",6,2018-07-01 00:00:00.000,2023-06-30 00:00:00.000,2024-06-30 00:00:00.000,2027-06-30 00:00:00.000,"3",Application,Core,Y,233,,"<ZZQctoModule>: Inserted GenericPO[Table=1000258ID=1000811] / <ZZQctoModule>: Inserted GenericPO[Table=1000258ID=1000811] / "
*,"652302000-WM-07",Machining processes to design specifications of a range of work pieces from different materials,"599",60,2018-07-01 00:00:00.000,2023-06-30 00:00:00.000,2024-06-30 00:00:00.000,2027-06-30 00:00:00.000,"4",Work experience,Core,Y,234,,"<ZZQctoModule>: Inserted GenericPO[Table=1000258ID=1000812] / <ZZQctoModule>: Inserted GenericPO[Table=1000258ID=1000812] / "
*,"653303000-PS-03","Dissemble, clean and inspect mechanical sub assemblies","599",6,2018-07-01 00:00:00.000,2023-06-30 00:00:00.000,2024-06-30 00:00:00.000,2027-06-30 00:00:00.000,"3",Application,Core,Y,235,,"<ZZQctoModule>: Inserted GenericPO[Table=1000258ID=1000813] / <ZZQctoModule>: Inserted GenericPO[Table=1000258ID=1000813] / "
*,"652302000-WM-08",Engineering workshop control processes,"599",10,2018-07-01 00:00:00.000,2023-06-30 00:00:00.000,2024-06-30 00:00:00.000,2027-06-30 00:00:00.000,"4",Work experience,Core,Y,236,,"<ZZQctoModule>: Inserted GenericPO[Table=1000258ID=1000814] / <ZZQctoModule>: Inserted GenericPO[Table=1000258ID=1000814] / "
*,"653303000-PS-04",Replace components and assemble mechanical sub-assemblies and machines,"599",6,2018-07-01 00:00:00.000,2023-06-30 00:00:00.000,2024-06-30 00:00:00.000,2027-06-30 00:00:00.000,"3",Application,Core,Y,237,,"<ZZQctoModule>: Inserted GenericPO[Table=1000258ID=1000815] / <ZZQctoModule>: Inserted GenericPO[Table=1000258ID=1000815] / "
*,"653303000-PS-05",Do fault finding on mechanical sub-assemblies and machines,"629",12,2018-07-01 00:00:00.000,2023-06-30 00:00:00.000,2024-06-30 00:00:00.000,2027-06-30 00:00:00.000,"4",Knowledge,Core,Y,238,,"<ZZQctoModule>: Inserted GenericPO[Table=1000258ID=1000816] / <ZZQctoModule>: Inserted GenericPO[Table=1000258ID=1000816] / "
*,"653303000-PS-06",Repair mechanical sub-assemblies and machines,"599",12,2018-07-01 00:00:00.000,2023-06-30 00:00:00.000,2024-06-30 00:00:00.000,2027-06-30 00:00:00.000,"4",Application,Core,Y,239,,"<ZZQctoModule>: Inserted GenericPO[Table=1000258ID=1000817] / <ZZQctoModule>: Inserted GenericPO[Table=1000258ID=1000817] / "
*,"653303000-PS-07",Install and commission mechanical sub-assemblies and machines,"599",12,2018-07-01 00:00:00.000,2023-06-30 00:00:00.000,2024-06-30 00:00:00.000,2027-06-30 00:00:00.000,"4",Application,Core,Y,240,,"<ZZQctoModule>: Inserted GenericPO[Table=1000258ID=1000818] / <ZZQctoModule>: Inserted GenericPO[Table=1000258ID=1000818] / "
*,"653303000-PS-08",Overhaul mechanical sub-assemblies and machines,"599",20,2018-07-01 00:00:00.000,2023-06-30 00:00:00.000,2024-06-30 00:00:00.000,2027-06-30 00:00:00.000,"4",Application,Core,Y,241,,"<ZZQctoModule>: Inserted GenericPO[Table=1000258ID=1000819] / <ZZQctoModule>: Inserted GenericPO[Table=1000258ID=1000819] / "
*,"653303000-WM-01",Fabrication processes in an engineering workshop,"599",6,2018-07-01 00:00:00.000,2023-06-30 00:00:00.000,2024-06-30 00:00:00.000,2027-06-30 00:00:00.000,"2",Work experience,Core,Y,242,,"<ZZQctoModule>: Inserted GenericPO[Table=1000258ID=1000820] / <ZZQctoModule>: Inserted GenericPO[Table=1000258ID=1000820] / "
*,"653303000-WM-02",Routine mechanical component and machine maintenance processes,"599",40,2018-07-01 00:00:00.000,2023-06-30 00:00:00.000,2024-06-30 00:00:00.000,2027-06-30 00:00:00.000,"3",Work experience,Core,Y,243,,"<ZZQctoModule>: Inserted GenericPO[Table=1000258ID=1000821] / <ZZQctoModule>: Inserted GenericPO[Table=1000258ID=1000821] / "
*,"653303000-WM-03",Maintenance planning and communication processes,"599",10,2018-07-01 00:00:00.000,2023-06-30 00:00:00.000,2024-06-30 00:00:00.000,2027-06-30 00:00:00.000,"3",Work experience,Core,Y,244,,"<ZZQctoModule>: Inserted GenericPO[Table=1000258ID=1000822] / <ZZQctoModule>: Inserted GenericPO[Table=1000258ID=1000822] / "
*,"653303000-WM-04",Repair mechanical faults on mechanical sub-assemblies and machines,"599",12,2018-07-01 00:00:00.000,2023-06-30 00:00:00.000,2024-06-30 00:00:00.000,2027-06-30 00:00:00.000,"4",Work experience,Core,Y,245,,"<ZZQctoModule>: Inserted GenericPO[Table=1000258ID=1000823] / <ZZQctoModule>: Inserted GenericPO[Table=1000258ID=1000823] / "
*,"653303000-WM-05",Overhauling processes in an engineering workshop,"599",20,2018-07-01 00:00:00.000,2023-06-30 00:00:00.000,2024-06-30 00:00:00.000,2027-06-30 00:00:00.000,"4",Work experience,Core,Y,246,,"<ZZQctoModule>: Inserted GenericPO[Table=1000258ID=1000824] / <ZZQctoModule>: Inserted GenericPO[Table=1000258ID=1000824] / "
*,"653303000-WM-06",Structured planning and communication processes in the workplace,"599",60,2018-07-01 00:00:00.000,2023-06-30 00:00:00.000,2024-06-30 00:00:00.000,2027-06-30 00:00:00.000,"4",Work experience,Core,Y,247,,"<ZZQctoModule>: Inserted GenericPO[Table=1000258ID=1000825] / <ZZQctoModule>: Inserted GenericPO[Table=1000258ID=1000825] / "
*,"653303000-WM-07",Engineering workshop control processes,"599",10,2018-07-01 00:00:00.000,2023-06-30 00:00:00.000,2024-06-30 00:00:00.000,2027-06-30 00:00:00.000,"4",Work experience,Core,Y,248,,"<ZZQctoModule>: Inserted GenericPO[Table=1000258ID=1000826] / <ZZQctoModule>: Inserted GenericPO[Table=1000258ID=1000826] / "
*,"653303000-KM-01",Basic engineering theory,"599",32,2018-07-01 00:00:00.000,2023-06-30 00:00:00.000,2024-06-30 00:00:00.000,2027-06-30 00:00:00.000,"3",Knowledge,Core,Y,249,,"<ZZQctoModule>: Inserted GenericPO[Table=1000258ID=1000827] / <ZZQctoModule>: Inserted GenericPO[Table=1000258ID=1000827] / "
*,"651202000-KM-01",Introduction to the welding trade,"559",2,2018-07-01 00:00:00.000,2023-06-30 00:00:00.000,2024-06-30 00:00:00.000,2027-06-30 00:00:00.000,"2",Knowledge,Core,Y,250,,"<ZZQctoModule>: Inserted GenericPO[Table=1000258ID=1000828] / <ZZQctoModule>: Inserted GenericPO[Table=1000258ID=1000828] / "
*,"651202000-KM-02","Occupational Safety, Health and Environmental Protection","559",4,2018-07-01 00:00:00.000,2023-06-30 00:00:00.000,2024-06-30 00:00:00.000,2027-06-30 00:00:00.000,"2",Knowledge,Core,Y,251,,"<ZZQctoModule>: Inserted GenericPO[Table=1000258ID=1000829] / <ZZQctoModule>: Inserted GenericPO[Table=1000258ID=1000829] / "
*,"651202000-KM-03","Welding schematics, calculations, welds and welded joints","559",6,2018-07-01 00:00:00.000,2023-06-30 00:00:00.000,2024-06-30 00:00:00.000,2027-06-30 00:00:00.000,"2",Knowledge,Core,Y,252,,"<ZZQctoModule>: Inserted GenericPO[Table=1000258ID=1000830] / <ZZQctoModule>: Inserted GenericPO[Table=1000258ID=1000830] / "
*,"651202000-KM-04",Weld imperfections,"559",2,2018-07-01 00:00:00.000,2023-06-30 00:00:00.000,2024-06-30 00:00:00.000,2027-06-30 00:00:00.000,"2",Knowledge,Core,Y,253,,"<ZZQctoModule>: Inserted GenericPO[Table=1000258ID=1000831] / <ZZQctoModule>: Inserted GenericPO[Table=1000258ID=1000831] / "
*,"651202000-KM-05",Cutting and gouging,"559",2,2018-07-01 00:00:00.000,2023-06-30 00:00:00.000,2024-06-30 00:00:00.000,2027-06-30 00:00:00.000,"2",Knowledge,Core,Y,254,,"<ZZQctoModule>: Inserted GenericPO[Table=1000258ID=1000832] / <ZZQctoModule>: Inserted GenericPO[Table=1000258ID=1000832] / "
*,"651202000-KM-06",Welding consumable classification and handling,"559",4,2018-07-01 00:00:00.000,2023-06-30 00:00:00.000,2024-06-30 00:00:00.000,2027-06-30 00:00:00.000,"2",Knowledge,Core,Y,255,,"<ZZQctoModule>: Inserted GenericPO[Table=1000258ID=1000833] / <ZZQctoModule>: Inserted GenericPO[Table=1000258ID=1000833] / "
*,"651202000-KM-07",Metals and weldability of metals,"559",8,2018-07-01 00:00:00.000,2023-06-30 00:00:00.000,2024-06-30 00:00:00.000,2027-06-30 00:00:00.000,"3",Knowledge,Core,Y,256,,"<ZZQctoModule>: Inserted GenericPO[Table=1000258ID=1000834] / <ZZQctoModule>: Inserted GenericPO[Table=1000258ID=1000834] / "
*,"651202000-KM-08",Fusion welding,"559",6,2018-07-01 00:00:00.000,2023-06-30 00:00:00.000,2024-06-30 00:00:00.000,2027-06-30 00:00:00.000,"3",Knowledge,Core,Y,257,,"<ZZQctoModule>: Inserted GenericPO[Table=1000258ID=1000835] / <ZZQctoModule>: Inserted GenericPO[Table=1000258ID=1000835] / "
*,"651202000-KM-09",Arc welding,"559",8,2018-07-01 00:00:00.000,2023-06-30 00:00:00.000,2024-06-30 00:00:00.000,2027-06-30 00:00:00.000,"3",Knowledge,Core,Y,258,,"<ZZQctoModule>: Inserted GenericPO[Table=1000258ID=1000836] / <ZZQctoModule>: Inserted GenericPO[Table=1000258ID=1000836] / "
*,"651202000-KM-10",Gas welding and cutting,"559",4,2018-07-01 00:00:00.000,2023-06-30 00:00:00.000,2024-06-30 00:00:00.000,2027-06-30 00:00:00.000,"3",Knowledge,Core,Y,259,,"<ZZQctoModule>: Inserted GenericPO[Table=1000258ID=1000837] / <ZZQctoModule>: Inserted GenericPO[Table=1000258ID=1000837] / "
*,"651202000-KM-11","Welding codes, standards and parameters","559",6,2018-06-30 00:00:00.000,2023-06-30 00:00:00.000,2024-06-30 00:00:00.000,2027-06-30 00:00:00.000,"4",Knowledge,Core,Y,260,,"<ZZQctoModule>: Inserted GenericPO[Table=1000258ID=1000838] / <ZZQctoModule>: Inserted GenericPO[Table=1000258ID=1000838] / "
*,"651202000-KM-12","Shrinkage, residual stress and distortion","559",4,2018-07-01 00:00:00.000,2023-06-30 00:00:00.000,2024-06-30 00:00:00.000,2027-06-30 00:00:00.000,"4",Knowledge,Core,Y,261,,"<ZZQctoModule>: Inserted GenericPO[Table=1000258ID=1000839] / <ZZQctoModule>: Inserted GenericPO[Table=1000258ID=1000839] / "
*,"651202000-KM-13",Manual Metal Arc (MMA) welding process,"559",7,2018-07-01 00:00:00.000,2023-06-30 00:00:00.000,2024-06-30 00:00:00.000,2027-06-30 00:00:00.000,"4",Knowledge,Core,Y,262,,"<ZZQctoModule>: Inserted GenericPO[Table=1000258ID=1000840] / <ZZQctoModule>: Inserted GenericPO[Table=1000258ID=1000840] / "
*,"651202000-KM-14",The Metal Inert Gas/Metal Active Gas/Flux Cored Arc (MIG/MAG/FCAW) welding process,"559",7,2018-07-01 00:00:00.000,2023-06-30 00:00:00.000,2024-06-30 00:00:00.000,2027-06-30 00:00:00.000,"7",Knowledge,Core,Y,263,,"<ZZQctoModule>: Inserted GenericPO[Table=1000258ID=1000841] / <ZZQctoModule>: Inserted GenericPO[Table=1000258ID=1000841] / "
*,"651202000-KM-15",Manual Metal Arc (MMA) welding process,"559",7,2018-07-01 00:00:00.000,2023-06-30 00:00:00.000,2024-06-30 00:00:00.000,2027-06-30 00:00:00.000,"4",Knowledge,Core,Y,264,,"<ZZQctoModule>: Inserted GenericPO[Table=1000258ID=1000842] / <ZZQctoModule>: Inserted GenericPO[Table=1000258ID=1000842] / "
*,"651202000-KM-16",Welding inspection and quality,"559",4,2018-07-01 00:00:00.000,2023-06-30 00:00:00.000,2024-06-30 00:00:00.000,2027-06-30 00:00:00.000,"4",Knowledge,Core,Y,265,,"<ZZQctoModule>: Inserted GenericPO[Table=1000258ID=1000843] / <ZZQctoModule>: Inserted GenericPO[Table=1000258ID=1000843] / "
*,"651202000-PM-01",Fabricate simple components or work pieces,"559",4,2018-07-01 00:00:00.000,2023-06-30 00:00:00.000,2024-06-30 00:00:00.000,2027-06-30 00:00:00.000,"2",Application,Core,Y,266,,"<ZZQctoModule>: Inserted GenericPO[Table=1000258ID=1000844] / <ZZQctoModule>: Inserted GenericPO[Table=1000258ID=1000844] / "
*,"651202000-PM-02","Cut, gouge and gas weld material manually","559",12,2018-07-01 00:00:00.000,2023-06-30 00:00:00.000,2024-06-30 00:00:00.000,2027-06-30 00:00:00.000,"2",Application,Core,Y,267,,"<ZZQctoModule>: Inserted GenericPO[Table=1000258ID=1000845] / <ZZQctoModule>: Inserted GenericPO[Table=1000258ID=1000845] / "
*,"651202000-PM-03",Perform fillet welds using the Shielded Metal Arc Welding process,"559",12,2018-07-01 00:00:00.000,2023-06-30 00:00:00.000,2024-06-30 00:00:00.000,2027-06-30 00:00:00.000,"3",Application,Core,Y,268,,"<ZZQctoModule>: Inserted GenericPO[Table=1000258ID=1000846] / <ZZQctoModule>: Inserted GenericPO[Table=1000258ID=1000846] / "
*,"651202000-PM-04",Perform fillet welds using the Gas Metal Arc Welding process,"559",12,2018-07-01 00:00:00.000,2023-06-30 00:00:00.000,2024-06-30 00:00:00.000,2027-06-30 00:00:00.000,"3",Application,Core,Y,269,,"<ZZQctoModule>: Inserted GenericPO[Table=1000258ID=1000847] / <ZZQctoModule>: Inserted GenericPO[Table=1000258ID=1000847] / "
*,"651202000-PM-05",Perform fillet welds using the Gas Tungsten Arc Welding process,"559",16,2018-07-01 00:00:00.000,2023-06-30 00:00:00.000,2024-06-30 00:00:00.000,2027-06-30 00:00:00.000,"3",Application,Core,Y,270,,"<ZZQctoModule>: Inserted GenericPO[Table=1000258ID=1000848] / <ZZQctoModule>: Inserted GenericPO[Table=1000258ID=1000848] / "
*,"651202-PM-06",Perform plate butt welds using the Shielded Metal Arc Welding process,"559",16,2018-07-01 00:00:00.000,2023-06-30 00:00:00.000,2024-06-30 00:00:00.000,2027-06-30 00:00:00.000,"4",Application,Core,Y,271,,"<ZZQctoModule>: Inserted GenericPO[Table=1000258ID=1000849] / <ZZQctoModule>: Inserted GenericPO[Table=1000258ID=1000849] / "
*,"651202000-PM-07",Perform plate butt welds using the Gas Metal Arc Welding process,"559",16,2018-07-01 00:00:00.000,2023-06-30 00:00:00.000,2024-06-30 00:00:00.000,2027-06-30 00:00:00.000,"4",Application,Core,Y,272,,"<ZZQctoModule>: Inserted GenericPO[Table=1000258ID=1000850] / <ZZQctoModule>: Inserted GenericPO[Table=1000258ID=1000850] / "
*,"651202000-PM-08",Perform plate butt welds using the Gas Tungsten Arc Welding process,"559",16,2018-07-01 00:00:00.000,2023-06-30 00:00:00.000,2024-06-30 00:00:00.000,2027-06-30 00:00:00.000,"4",Application,Core,Y,273,,"<ZZQctoModule>: Inserted GenericPO[Table=1000258ID=1000851] / <ZZQctoModule>: Inserted GenericPO[Table=1000258ID=1000851] / "
*,"651202000-PM-09",Perform pipe welds using the Shielded Metal Arc Welding process,"559",16,2018-07-01 00:00:00.000,2023-06-30 00:00:00.000,2024-06-30 00:00:00.000,2027-06-30 00:00:00.000,"4",Application,Core,Y,274,,"<ZZQctoModule>: Inserted GenericPO[Table=1000258ID=1000852] / <ZZQctoModule>: Inserted GenericPO[Table=1000258ID=1000852] / "
*,"651202000-PM-10",Perform pipe welds using the Gas Metal Arc Welding process,"559",16,2018-07-01 00:00:00.000,2023-06-30 00:00:00.000,2024-06-30 00:00:00.000,2027-06-30 00:00:00.000,"4",Application,Core,Y,275,,"<ZZQctoModule>: Inserted GenericPO[Table=1000258ID=1000853] / <ZZQctoModule>: Inserted GenericPO[Table=1000258ID=1000853] / "
*,"651202000-PM-11",Perform pipe welds using the Gas Tungsten Arc Welding process,"559",20,2018-07-01 00:00:00.000,2023-06-30 00:00:00.000,2024-06-30 00:00:00.000,2027-06-30 00:00:00.000,"4",Application,Core,Y,276,,"<ZZQctoModule>: Inserted GenericPO[Table=1000258ID=1000854] / <ZZQctoModule>: Inserted GenericPO[Table=1000258ID=1000854] / "
*,"651202000-WM-01",Cut and gouge a range of materials in the workplace,"559",8,2018-07-01 00:00:00.000,2023-06-30 00:00:00.000,2024-06-30 00:00:00.000,2027-06-30 00:00:00.000,"2",Work experience,Core,Y,277,,"<ZZQctoModule>: Inserted GenericPO[Table=1000258ID=1000855] / <ZZQctoModule>: Inserted GenericPO[Table=1000258ID=1000855] / "
*,"651202000-WM-02",Produce a range of fillet welds using various welding processes in a workplace,"559",40,2018-07-01 00:00:00.000,2023-06-30 00:00:00.000,2024-06-30 00:00:00.000,2027-06-30 00:00:00.000,"4",Work experience,Core,Y,278,,"<ZZQctoModule>: Inserted GenericPO[Table=1000258ID=1000856] / <ZZQctoModule>: Inserted GenericPO[Table=1000258ID=1000856] / "
*,"651202000-WM-03","Care for, control and handle consumables and materials in a workshop","559",4,2018-07-01 00:00:00.000,2023-06-30 00:00:00.000,2024-06-30 00:00:00.000,2027-06-30 00:00:00.000,"2",Work experience,Core,Y,279,,"<ZZQctoModule>: Inserted GenericPO[Table=1000258ID=1000857] / <ZZQctoModule>: Inserted GenericPO[Table=1000258ID=1000857] / "
*,"651202000-WM-04",Produce a range of plate welds using various welding processes in a workplace,"559",40,2018-07-01 00:00:00.000,2023-06-30 00:00:00.000,2024-06-30 00:00:00.000,2027-06-30 00:00:00.000,"4",Work experience,Core,Y,280,,"<ZZQctoModule>: Inserted GenericPO[Table=1000258ID=1000858] / <ZZQctoModule>: Inserted GenericPO[Table=1000258ID=1000858] / "
*,"651202000-WM-05","Team work, communication and reporting in the workplace","559",8,2018-07-01 00:00:00.000,2023-06-30 00:00:00.000,2024-06-30 00:00:00.000,2027-06-30 00:00:00.000,"3",Work experience,Core,Y,281,,"<ZZQctoModule>: Inserted GenericPO[Table=1000258ID=1000859] / <ZZQctoModule>: Inserted GenericPO[Table=1000258ID=1000859] / "
*,"651202-WM-06",Produce a range of pipe welds using various welding processes in a workplace,"559",52,2018-07-01 00:00:00.000,2023-06-30 00:00:00.000,2024-06-30 00:00:00.000,2027-06-30 00:00:00.000,"4",Work experience,Core,Y,282,,"<ZZQctoModule>: Inserted GenericPO[Table=1000258ID=1000860] / <ZZQctoModule>: Inserted GenericPO[Table=1000258ID=1000860] / "
*,"653307000-KM-01",Workplace fundamentals,"599",9,2018-07-01 00:00:00.000,2023-06-30 00:00:00.000,2024-06-30 00:00:00.000,2027-06-30 00:00:00.000,"2",Knowledge,Core,Y,283,,"<ZZQctoModule>: Inserted GenericPO[Table=1000258ID=1000861] / <ZZQctoModule>: Inserted GenericPO[Table=1000258ID=1000861] / "
*,"653307000-KM-02",Foundational concepts for mechanics,"599",14,2018-07-01 00:00:00.000,2023-06-30 00:00:00.000,2024-06-30 00:00:00.000,2027-06-30 00:00:00.000,"2",Knowledge,Core,Y,284,,"<ZZQctoModule>: Inserted GenericPO[Table=1000258ID=1000862] / <ZZQctoModule>: Inserted GenericPO[Table=1000258ID=1000862] / "
*,"653307000-KM-03",Vehicle and equipment fundamentals,"599",8,2018-07-01 00:00:00.000,2023-06-30 00:00:00.000,2024-06-30 00:00:00.000,2027-06-30 00:00:00.000,"2",Knowledge,Core,Y,285,,"<ZZQctoModule>: Inserted GenericPO[Table=1000258ID=1000863] / <ZZQctoModule>: Inserted GenericPO[Table=1000258ID=1000863] / "
*,"653307000-KM-04",Basic engine systems,"599",8,2018-07-01 00:00:00.000,2023-06-30 00:00:00.000,2024-06-30 00:00:00.000,2027-06-30 00:00:00.000,"2",Knowledge,Core,Y,286,,"<ZZQctoModule>: Inserted GenericPO[Table=1000258ID=1000864] / <ZZQctoModule>: Inserted GenericPO[Table=1000258ID=1000864] / "
*,"653307000-KM-05","Vehicle, equipment and propulsion systems","599",13,2018-07-01 00:00:00.000,2023-06-30 00:00:00.000,2024-07-01 00:00:00.000,2027-06-30 00:00:00.000,"3",Knowledge,Core,Y,287,,"<ZZQctoModule>: Inserted GenericPO[Table=1000258ID=1000865] / <ZZQctoModule>: Inserted GenericPO[Table=1000258ID=1000865] / "
*,"653307000-KM-06","Electrical systems and basic electronic, hydraulic and pneumatic principles","599",16,2018-07-01 00:00:00.000,2023-06-30 00:00:00.000,2024-06-30 00:00:00.000,2027-06-30 00:00:00.000,"3",Knowledge,Core,Y,288,,"<ZZQctoModule>: Inserted GenericPO[Table=1000258ID=1000866] / <ZZQctoModule>: Inserted GenericPO[Table=1000258ID=1000866] / "
*,"653307000-KM-07",Advanced vehicle and equipment systems,"599",30,2018-07-01 00:00:00.000,2023-06-30 00:00:00.000,2024-06-30 00:00:00.000,2027-06-30 00:00:00.000,"4",Knowledge,Core,Y,289,,"<ZZQctoModule>: Inserted GenericPO[Table=1000258ID=1000867] / <ZZQctoModule>: Inserted GenericPO[Table=1000258ID=1000867] / "
*,"653307000-KM-08",Problem solving and engine optimisation,"599",10,2018-07-01 00:00:00.000,2023-06-30 00:00:00.000,2024-06-30 00:00:00.000,2027-06-30 00:00:00.000,"4",Knowledge,Core,Y,290,,"<ZZQctoModule>: Inserted GenericPO[Table=1000258ID=1000868] / <ZZQctoModule>: Inserted GenericPO[Table=1000258ID=1000868] / "
*,"653307000-PM-01",Work safely,"629",10,2018-07-01 00:00:00.000,2023-06-30 00:00:00.000,2024-06-30 00:00:00.000,2027-06-30 00:00:00.000,"2",Application,Core,Y,291,,"<ZZQctoModule>: Inserted GenericPO[Table=1000258ID=1000869] / <ZZQctoModule>: Inserted GenericPO[Table=1000258ID=1000869] / "
*,"653307000-PM-02",Use tools and equipment,"599",12,2018-07-01 00:00:00.000,2023-06-30 00:00:00.000,2024-06-30 00:00:00.000,2027-06-30 00:00:00.000,"2",Application,Core,Y,292,,"<ZZQctoModule>: Inserted GenericPO[Table=1000258ID=1000870] / <ZZQctoModule>: Inserted GenericPO[Table=1000258ID=1000870] / "
*,"653307000-PM-03","Remove and install mechanical components (gaskets, seals, bearings and locking devices)","599",10,2018-07-01 00:00:00.000,2023-06-30 00:00:00.000,2024-06-30 00:00:00.000,2027-06-30 00:00:00.000,"2",Application,Core,Y,293,,"<ZZQctoModule>: Inserted GenericPO[Table=1000258ID=1000871] / <ZZQctoModule>: Inserted GenericPO[Table=1000258ID=1000871] / "
*,"653307000-PM-04",Work with electrical and fluid power components,"599",10,2018-07-01 00:00:00.000,2023-06-30 00:00:00.000,2024-06-30 00:00:00.000,2027-06-30 00:00:00.000,"2",Application,Core,Y,294,,"<ZZQctoModule>: Inserted GenericPO[Table=1000258ID=1000872] / <ZZQctoModule>: Inserted GenericPO[Table=1000258ID=1000872] / "
*,"653307000-PM-05",Maintain and service heavy equipment system components,"599",15,2018-07-01 00:00:00.000,2023-06-30 00:00:00.000,2024-06-30 00:00:00.000,2027-06-30 00:00:00.000,"2",Application,Core,Y,295,,"<ZZQctoModule>: Inserted GenericPO[Table=1000258ID=1000873] / <ZZQctoModule>: Inserted GenericPO[Table=1000258ID=1000873] / "
*,"653307000-PM-06","Dismantle, assess and reassemble heavy equipment diesel cylinder heads and sub-assemblies","599",20,2018-07-01 00:00:00.000,2023-06-30 00:00:00.000,2024-06-30 00:00:00.000,2027-06-30 00:00:00.000,"3",Application,Core,Y,296,,"<ZZQctoModule>: Inserted GenericPO[Table=1000258ID=1000874] / <ZZQctoModule>: Inserted GenericPO[Table=1000258ID=1000874] / "
*,"653307000-PM-07","Dismantle, assess and reassemble heavy equipment power train systems","599",20,2018-07-01 00:00:00.000,2023-06-30 00:00:00.000,2024-06-30 00:00:00.000,2027-06-30 00:00:00.000,"3",Application,Core,Y,297,,"<ZZQctoModule>: Inserted GenericPO[Table=1000258ID=1000875] / <ZZQctoModule>: Inserted GenericPO[Table=1000258ID=1000875] / "
*,"653307000-PM-08","Remove, test, repair and refit heavy equipment components and parts","599",15,2018-07-01 00:00:00.000,2023-06-30 00:00:00.000,2024-06-30 00:00:00.000,2027-06-30 00:00:00.000,"3",Application,Core,Y,298,,"<ZZQctoModule>: Inserted GenericPO[Table=1000258ID=1000876] / <ZZQctoModule>: Inserted GenericPO[Table=1000258ID=1000876] / "
*,"653307000-PM-09",Diagnose and repair Heavy Equipment Mechanical systems,"599",26,2018-07-01 00:00:00.000,2023-06-30 00:00:00.000,2024-06-30 00:00:00.000,2027-06-30 00:00:00.000,"4",Application,Core,Y,299,,"<ZZQctoModule>: Inserted GenericPO[Table=1000258ID=1000877] / <ZZQctoModule>: Inserted GenericPO[Table=1000258ID=1000877] / "
*,"653307000-PM-10",Diagnose and repair heavy equipment electrical systems,"629",12,2018-07-01 00:00:00.000,2023-06-30 00:00:00.000,2024-06-30 00:00:00.000,2027-06-30 00:00:00.000,"4",Application,Core,Y,300,,"<ZZQctoModule>: Inserted GenericPO[Table=1000258ID=1000878] / <ZZQctoModule>: Inserted GenericPO[Table=1000258ID=1000878] / "
*,"653307000-PM-11",Diagnose and repair heavy equipment electronically controlled systems,"599",12,2018-07-01 00:00:00.000,2023-06-30 00:00:00.000,2024-06-30 00:00:00.000,2027-06-30 00:00:00.000,"4",Application,Core,Y,301,,"<ZZQctoModule>: Inserted GenericPO[Table=1000258ID=1000879] / <ZZQctoModule>: Inserted GenericPO[Table=1000258ID=1000879] / "
*,"653307000-WM-01",Routine scheduled services,"599",24,2018-07-01 00:00:00.000,2023-06-30 00:00:00.000,2024-06-30 00:00:00.000,2027-06-30 00:00:00.000,"2",Work experience,Core,Y,302,,"<ZZQctoModule>: Inserted GenericPO[Table=1000258ID=1000880] / <ZZQctoModule>: Inserted GenericPO[Table=1000258ID=1000880] / "
*,"653307000-WM-03",Removal and replacement of heavy equipment drive train components,"599",32,2018-07-01 00:00:00.000,2023-06-30 00:00:00.000,2024-06-30 00:00:00.000,2027-06-30 00:00:00.000,"3",Work experience,Core,Y,303,,"<ZZQctoModule>: Inserted GenericPO[Table=1000258ID=1000881] / <ZZQctoModule>: Inserted GenericPO[Table=1000258ID=1000881] / "
*,"653307000-WM-04",Heavy equipment diesel engine removal and installation processes,"599",6,2018-07-01 00:00:00.000,2023-06-30 00:00:00.000,2024-06-30 00:00:00.000,2027-06-30 00:00:00.000,"3",Work experience,Core,Y,304,,"<ZZQctoModule>: Inserted GenericPO[Table=1000258ID=1000882] / <ZZQctoModule>: Inserted GenericPO[Table=1000258ID=1000882] / "
*,"653307000-WM-05",Removal and replacement of heavy equipment hydraulic system components,"599",32,2018-07-01 00:00:00.000,2023-06-30 00:00:00.000,2024-06-30 00:00:00.000,2027-06-30 00:00:00.000,"3",Work experience,Core,Y,305,,"<ZZQctoModule>: Inserted GenericPO[Table=1000258ID=1000883] / <ZZQctoModule>: Inserted GenericPO[Table=1000258ID=1000883] / "
*,"653307000-WM-06","Diagnosis and repair of heavy equipment electrical systems (charging, starting, lighting and auxiliary)","599",12,2018-07-01 00:00:00.000,2023-06-30 00:00:00.000,2024-06-30 00:00:00.000,2027-06-30 00:00:00.000,"4",Work experience,Core,Y,306,,"<ZZQctoModule>: Inserted GenericPO[Table=1000258ID=1000884] / <ZZQctoModule>: Inserted GenericPO[Table=1000258ID=1000884] / "
*,"653307000-WM-07",Diagnosis and repair of heavy equipment diesel engine electronic control systems,"599",20,2018-07-01 00:00:00.000,2023-06-30 00:00:00.000,2024-06-30 00:00:00.000,2027-06-30 00:00:00.000,"4",Work experience,Core,Y,307,,"<ZZQctoModule>: Inserted GenericPO[Table=1000258ID=1000885] / <ZZQctoModule>: Inserted GenericPO[Table=1000258ID=1000885] / "
*,"653307000-WM-08",Diagnosis and repair of heavy equipment diesel engines and engine sub-systems,"599",20,2018-07-01 00:00:00.000,2023-06-30 00:00:00.000,2024-06-30 00:00:00.000,2027-06-30 00:00:00.000,"4",Work experience,Core,Y,308,,"<ZZQctoModule>: Inserted GenericPO[Table=1000258ID=1000886] / <ZZQctoModule>: Inserted GenericPO[Table=1000258ID=1000886] / "
*,"653307000-WM-09",Diagnosis and repair of heavy equipment hydraulic systems,"599",30,2018-07-01 00:00:00.000,2023-06-30 00:00:00.000,2024-06-30 00:00:00.000,2027-06-30 00:00:00.000,"4",Work experience,Core,Y,309,,"<ZZQctoModule>: Inserted GenericPO[Table=1000258ID=1000887] / <ZZQctoModule>: Inserted GenericPO[Table=1000258ID=1000887] / "
*,"653307000-WM-10",Diagnosis and repair of heavy equipment brake systems,"599",20,2018-07-01 00:00:00.000,2023-06-30 00:00:00.000,2024-06-30 00:00:00.000,2027-06-30 00:00:00.000,"4",Work experience,Core,Y,310,,"<ZZQctoModule>: Inserted GenericPO[Table=1000258ID=1000888] / <ZZQctoModule>: Inserted GenericPO[Table=1000258ID=1000888] / "
*,"653307000-WM-11",Diagnosis and repair of heavy equipment drive train systems,"599",30,2018-07-01 00:00:00.000,2023-06-30 00:00:00.000,2024-06-30 00:00:00.000,2027-06-30 00:00:00.000,"4",Work experience,Core,Y,311,,"<ZZQctoModule>: Inserted GenericPO[Table=1000258ID=1000889] / <ZZQctoModule>: Inserted GenericPO[Table=1000258ID=1000889] / "
*,"653307000-WM-12",Diagnosis and repair of heavy equipment steering and suspension systems,"599",20,2018-07-01 00:00:00.000,2023-06-30 00:00:00.000,2024-06-30 00:00:00.000,2027-06-30 00:00:00.000,"4",Work experience,Core,Y,312,,"<ZZQctoModule>: Inserted GenericPO[Table=1000258ID=1000890] / <ZZQctoModule>: Inserted GenericPO[Table=1000258ID=1000890] / "
*,"653307000-WM-02",Removal and replacement of heavy equipment diesel engine sub-system components (including batteries),"599",24,2018-07-01 00:00:00.000,2023-06-30 00:00:00.000,2024-06-30 00:00:00.000,2027-06-30 00:00:00.000,"3",Work experience,Core,Y,313,,"<ZZQctoModule>: Inserted GenericPO[Table=1000258ID=1000891] / <ZZQctoModule>: Inserted GenericPO[Table=1000258ID=1000891] / "
*,"651501-000-00-00-KM-01",The world of the rigger,"629",8,2018-09-12 00:00:00.000,2023-09-12 00:00:00.000,2024-09-12 00:00:00.000,2027-09-12 00:00:00.000,"3",Knowledge,Core,Y,314,,"<ZZQctoModule>: Inserted GenericPO[Table=1000258ID=1000892] / <ZZQctoModule>: Inserted GenericPO[Table=1000258ID=1000892] / "
*,"651501-000-00-00-KM-02",Shielded metal arc welding and gas-cutting,"629",3,2018-09-12 00:00:00.000,2023-09-12 00:00:00.000,2024-09-12 00:00:00.000,2027-09-12 00:00:00.000,"2",Knowledge,Core,Y,315,,"<ZZQctoModule>: Inserted GenericPO[Table=1000258ID=1000893] / <ZZQctoModule>: Inserted GenericPO[Table=1000258ID=1000893] / "
*,"651501-000-00-00-KM-03",Tools and equipment,"629",7,2018-09-12 00:00:00.000,2023-09-12 00:00:00.000,2024-09-12 00:00:00.000,2027-09-12 00:00:00.000,"2",Knowledge,Core,Y,316,,"<ZZQctoModule>: Inserted GenericPO[Table=1000258ID=1000894] / <ZZQctoModule>: Inserted GenericPO[Table=1000258ID=1000894] / "
*,"651501-000-00-00-KM-04","Engineering materials, drawings and sketches","629",5,2018-09-12 00:00:00.000,2023-09-12 00:00:00.000,2024-09-12 00:00:00.000,2027-09-12 00:00:00.000,"2",Knowledge,Core,Y,317,,"<ZZQctoModule>: Inserted GenericPO[Table=1000258ID=1000895] / <ZZQctoModule>: Inserted GenericPO[Table=1000258ID=1000895] / "
*,"651501-000-00-00-KM-05","Scaffolding, working at heights, fall protection systems and ladders","629",16,2018-09-12 00:00:00.000,2023-09-12 00:00:00.000,2024-09-12 00:00:00.000,2027-09-12 00:00:00.000,"2",Knowledge,Core,Y,318,,"<ZZQctoModule>: Inserted GenericPO[Table=1000258ID=1000896] / <ZZQctoModule>: Inserted GenericPO[Table=1000258ID=1000896] / "
*,"651501-000-00-00-KM-06",Supervision of scaffolding operations up to 6m,"629",11,2018-09-12 00:00:00.000,2023-09-12 00:00:00.000,2024-09-12 00:00:00.000,2027-09-12 00:00:00.000,"3",Knowledge,Core,Y,319,,"<ZZQctoModule>: Inserted GenericPO[Table=1000258ID=1000897] / <ZZQctoModule>: Inserted GenericPO[Table=1000258ID=1000897] / "
*,"651501-000-00-00-KM-07",Access scaffolding inspection,"629",10,2018-09-12 00:00:00.000,2023-09-12 00:00:00.000,2024-09-12 00:00:00.000,2027-09-12 00:00:00.000,"4",Knowledge,Core,Y,320,,"<ZZQctoModule>: Inserted GenericPO[Table=1000258ID=1000898] / <ZZQctoModule>: Inserted GenericPO[Table=1000258ID=1000898] / "
*,"651501-000-00-00-KM-08","Ropes, knots, bends and hitches, lashings, attachments and splices","629",10,2018-09-12 00:00:00.000,2023-09-12 00:00:00.000,2024-09-12 00:00:00.000,2027-09-12 00:00:00.000,"2",Knowledge,Core,Y,321,,"<ZZQctoModule>: Inserted GenericPO[Table=1000258ID=1000899] / <ZZQctoModule>: Inserted GenericPO[Table=1000258ID=1000899] / "
*,"651501-000-00-00-KM-09",Steel wire ropes,"629",8,2018-09-12 00:00:00.000,2023-09-12 00:00:00.000,2024-09-12 00:00:00.000,2027-09-12 00:00:00.000,"3",Knowledge,Core,Y,322,,"<ZZQctoModule>: Inserted GenericPO[Table=1000258ID=1000900] / <ZZQctoModule>: Inserted GenericPO[Table=1000258ID=1000900] / "
*,"651501-000-00-00-KM-10","Winder ropes, safety detaching hooks and sheave wheels","629",11,2018-09-12 00:00:00.000,2023-09-12 00:00:00.000,2024-09-12 00:00:00.000,2027-09-12 00:00:00.000,"4",Knowledge,Core,Y,323,,"<ZZQctoModule>: Inserted GenericPO[Table=1000258ID=1000901] / <ZZQctoModule>: Inserted GenericPO[Table=1000258ID=1000901] / "
*,"651501-000-00-00-KM-11","Basic slinging and lifting, and load securing operations","629",15,2018-09-12 00:00:00.000,2023-09-12 00:00:00.000,2024-09-12 00:00:00.000,2027-09-12 00:00:00.000,"2",Knowledge,Core,Y,324,,"<ZZQctoModule>: Inserted GenericPO[Table=1000258ID=1000902] / <ZZQctoModule>: Inserted GenericPO[Table=1000258ID=1000902] / "
*,"651501-000-00-00-KM-12",Slinging and intermediate lifting methods,"629",25,2018-09-12 00:00:00.000,2023-09-12 00:00:00.000,2024-09-12 00:00:00.000,2027-09-12 00:00:00.000,"3",Knowledge,Core,Y,325,,"<ZZQctoModule>: Inserted GenericPO[Table=1000258ID=1000903] / <ZZQctoModule>: Inserted GenericPO[Table=1000258ID=1000903] / "
*,"651501-000-00-00-KM-13",Lifting equipment and machines (excluding hand powered lifting devices),"629",6,2018-09-12 00:00:00.000,2023-09-12 00:00:00.000,2024-09-12 00:00:00.000,2027-09-12 00:00:00.000,"3",Knowledge,Core,Y,326,,"<ZZQctoModule>: Inserted GenericPO[Table=1000258ID=1000904] / <ZZQctoModule>: Inserted GenericPO[Table=1000258ID=1000904] / "
*,"651501-000-00-00-KM-14",Advanced lifting methods,"629",24,2018-09-12 00:00:00.000,2023-09-12 00:00:00.000,2024-09-12 00:00:00.000,2027-09-12 00:00:00.000,"4",Knowledge,Core,Y,327,,"<ZZQctoModule>: Inserted GenericPO[Table=1000258ID=1000905] / <ZZQctoModule>: Inserted GenericPO[Table=1000258ID=1000905] / "
*,"651501-000-00-00-KM-15",Management-related activities,"629",4,2018-09-12 00:00:00.000,2023-09-12 00:00:00.000,2024-09-12 00:00:00.000,2027-09-12 00:00:00.000,"4",Knowledge,Core,Y,328,,"<ZZQctoModule>: Inserted GenericPO[Table=1000258ID=1000906] / <ZZQctoModule>: Inserted GenericPO[Table=1000258ID=1000906] / "
*,"651501-000-00-00-PM-01",Work safely and respond to emergencies,"629",4,2018-09-12 00:00:00.000,2023-09-12 00:00:00.000,2024-09-12 00:00:00.000,2027-09-12 00:00:00.000,"2",Application,Core,Y,329,,"<ZZQctoModule>: Inserted GenericPO[Table=1000258ID=1000907] / <ZZQctoModule>: Inserted GenericPO[Table=1000258ID=1000907] / "
*,"651501-000-00-00-PM-02","Fabricate simple components, manufacture basic rigging hand tools using hand, power and measuring tools and equipment","629",16,2018-09-12 00:00:00.000,2023-09-12 00:00:00.000,2024-09-12 00:00:00.000,2027-09-12 00:00:00.000,"2",Application,Core,Y,330,,"<ZZQctoModule>: Inserted GenericPO[Table=1000258ID=1000908] / <ZZQctoModule>: Inserted GenericPO[Table=1000258ID=1000908] / "
*,"651501-000-00-00-PM-03",Arc weld and gas cut metals,"629",5,2018-09-12 00:00:00.000,2023-09-12 00:00:00.000,2023-09-12 00:00:00.000,2027-09-12 00:00:00.000,"2",Application,Core,Y,331,,"<ZZQctoModule>: Inserted GenericPO[Table=1000258ID=1000909] / <ZZQctoModule>: Inserted GenericPO[Table=1000258ID=1000909] / "
*,"651501-000-00-00-PM-04",Interpret engineering drawings,"629",3,2018-09-12 00:00:00.000,2023-09-12 00:00:00.000,2024-09-12 00:00:00.000,2027-09-12 00:00:00.000,"2",Application,Core,Y,332,,"<ZZQctoModule>: Inserted GenericPO[Table=1000258ID=1000910] / <ZZQctoModule>: Inserted GenericPO[Table=1000258ID=1000910] / "
*,"651501-000-00-00-PM-05",Work at heights,"629",4,2018-09-12 00:00:00.000,2023-09-12 00:00:00.000,2024-09-12 00:00:00.000,2027-09-12 00:00:00.000,"2",Application,Core,Y,333,,"<ZZQctoModule>: Inserted GenericPO[Table=1000258ID=1000911] / <ZZQctoModule>: Inserted GenericPO[Table=1000258ID=1000911] / "
*,"651501-000-00-00-PM-06","Erect and dismantle scaffolding, and use ladders","629",8,2018-09-12 00:00:00.000,2023-09-12 00:00:00.000,2024-09-12 00:00:00.000,2027-09-12 00:00:00.000,"2",Application,Core,Y,334,,"<ZZQctoModule>: Inserted GenericPO[Table=1000258ID=1000912] / <ZZQctoModule>: Inserted GenericPO[Table=1000258ID=1000912] / "
*,"651501-000-00-00-PM-07",Supervise scaffolding operations up to 6m,"629",8,2018-09-12 00:00:00.000,2023-09-12 00:00:00.000,2024-09-12 00:00:00.000,2027-09-12 00:00:00.000,"3",Application,Core,Y,335,,"<ZZQctoModule>: Inserted GenericPO[Table=1000258ID=1000913] / <ZZQctoModule>: Inserted GenericPO[Table=1000258ID=1000913] / "
*,"651501-000-00-00-PM-08",Inspect access scaffolding,"629",8,2018-09-12 00:00:00.000,2023-09-12 00:00:00.000,2024-09-12 00:00:00.000,2027-09-12 00:00:00.000,"4",Application,Core,Y,336,,"<ZZQctoModule>: Inserted GenericPO[Table=1000258ID=1000914] / <ZZQctoModule>: Inserted GenericPO[Table=1000258ID=1000914] / "
*,"651501-000-00-00-PM-09","Work with fibre rope, make a steel wire rope specimen","629",8,2018-09-12 00:00:00.000,2023-09-12 00:00:00.000,2024-09-12 00:00:00.000,2027-09-12 00:00:00.000,"2",Application,Core,Y,337,,"<ZZQctoModule>: Inserted GenericPO[Table=1000258ID=1000915] / <ZZQctoModule>: Inserted GenericPO[Table=1000258ID=1000915] / "
*,"651501-000-00-00-PM-10",Work with steel wire ropes,"629",9,2018-09-12 00:00:00.000,2023-09-12 00:00:00.000,2024-09-12 00:00:00.000,2027-09-12 00:00:00.000,"3",Application,Core,Y,338,,"<ZZQctoModule>: Inserted GenericPO[Table=1000258ID=1000916] / <ZZQctoModule>: Inserted GenericPO[Table=1000258ID=1000916] / "
*,"651501-000-00-00-PM-11",Work with winder ropes and sheave wheel,"629",9,2018-09-12 00:00:00.000,2023-09-12 00:00:00.000,2024-09-12 00:00:00.000,2027-09-12 00:00:00.000,"4",Application,Core,Y,339,,"<ZZQctoModule>: Inserted GenericPO[Table=1000258ID=1000917] / <ZZQctoModule>: Inserted GenericPO[Table=1000258ID=1000917] / "
*,"651501-000-00-00-PM-12","Sling, lift and secure loads for transportation","629",13,2018-09-12 00:00:00.000,2023-09-12 00:00:00.000,2024-09-12 00:00:00.000,2027-09-12 00:00:00.000,"2",Application,Core,Y,340,,"<ZZQctoModule>: Inserted GenericPO[Table=1000258ID=1000918] / <ZZQctoModule>: Inserted GenericPO[Table=1000258ID=1000918] / "
*,"651501-000-00-00-PM-13",Sling complex loads and use intermediate lifting methods to lift loads,"629",26,2018-09-12 00:00:00.000,2023-09-12 00:00:00.000,2024-09-12 00:00:00.000,2027-09-12 00:00:00.000,"3",Application,Core,Y,341,,"<ZZQctoModule>: Inserted GenericPO[Table=1000258ID=1000919] / <ZZQctoModule>: Inserted GenericPO[Table=1000258ID=1000919] / "
*,"651501-000-00-00-PM-14",Lift loads using advanced lifting methods,"629",38,2018-09-12 00:00:00.000,2023-09-12 00:00:00.000,2024-09-12 00:00:00.000,2027-09-12 00:00:00.000,"4",Application,Core,Y,342,,"<ZZQctoModule>: Inserted GenericPO[Table=1000258ID=1000920] / <ZZQctoModule>: Inserted GenericPO[Table=1000258ID=1000920] / "
*,"651501-000-00-00-PM-15",Perform management-related tasks,"629",5,2018-09-12 00:00:00.000,2023-09-12 00:00:00.000,2024-09-12 00:00:00.000,2027-09-12 00:00:00.000,"4",Application,Core,Y,343,,"<ZZQctoModule>: Inserted GenericPO[Table=1000258ID=1000921] / <ZZQctoModule>: Inserted GenericPO[Table=1000258ID=1000921] / "
*,"671208001-KM-01","Concepts of Occupational Health, Safety and Quality","629",6,2018-07-01 00:00:00.000,2023-06-30 00:00:00.000,2024-06-30 00:00:00.000,2027-06-30 00:00:00.000,"2",Knowledge,Core,Y,344,,"<ZZQctoModule>: Inserted GenericPO[Table=1000258ID=1000922] / <ZZQctoModule>: Inserted GenericPO[Table=1000258ID=1000922] / "
*,"671208001-KM-02","Tools, Equipment, Materials in the Auto Electrical Environment","629",3,2018-07-01 00:00:00.000,2023-06-30 00:00:00.000,2024-06-30 00:00:00.000,2027-06-30 00:00:00.000,"2",Knowledge,Core,Y,345,,"<ZZQctoModule>: Inserted GenericPO[Table=1000258ID=1000923] / <ZZQctoModule>: Inserted GenericPO[Table=1000258ID=1000923] / "
*,"671208001-KM-03",Fundamentals of Auxiliary Auto-Electrical Equipment,"629",4,2018-07-01 00:00:00.000,2023-06-30 00:00:00.000,2024-06-30 00:00:00.000,2027-06-30 00:00:00.000,"3",Knowledge,Core,Y,346,,"<ZZQctoModule>: Inserted GenericPO[Table=1000258ID=1000924] / <ZZQctoModule>: Inserted GenericPO[Table=1000258ID=1000924] / "
*,"671208001-KM-04",Fundamentals of Fuel Injection and Engine Control,"629",7,2018-07-01 00:00:00.000,2023-06-30 00:00:00.000,2024-06-30 00:00:00.000,2027-06-30 00:00:00.000,"4",Knowledge,Core,Y,347,,"<ZZQctoModule>: Inserted GenericPO[Table=1000258ID=1000925] / <ZZQctoModule>: Inserted GenericPO[Table=1000258ID=1000925] / "
*,"671208001-KM-05",Fundamentals of Automotive Mechanical Technology,"629",6,2018-07-01 00:00:00.000,2023-06-30 00:00:00.000,2024-06-30 00:00:00.000,2027-06-30 00:00:00.000,"3",Knowledge,Core,Y,348,,"<ZZQctoModule>: Inserted GenericPO[Table=1000258ID=1000926] / <ZZQctoModule>: Inserted GenericPO[Table=1000258ID=1000926] / "
*,"671208001-KM-06",Theory and Principles of Auto Electricity,"629",8,2018-07-01 00:00:00.000,2023-06-30 00:00:00.000,2024-06-30 00:00:00.000,2027-06-30 00:00:00.000,"2",Knowledge,Core,Y,349,,"<ZZQctoModule>: Inserted GenericPO[Table=1000258ID=1000927] / <ZZQctoModule>: Inserted GenericPO[Table=1000258ID=1000927] / "
*,"671208001-KM-07",Principles of Electricity and Electronics for Trouble Shooting and Repair,"629",7,2018-07-01 00:00:00.000,2023-06-30 00:00:00.000,2024-06-30 00:00:00.000,2027-06-30 00:00:00.000,"3",Knowledge,Core,Y,350,,"<ZZQctoModule>: Inserted GenericPO[Table=1000258ID=1000928] / <ZZQctoModule>: Inserted GenericPO[Table=1000258ID=1000928] / "
*,"671208001-KM-08",Fundamentals of Technical Information for Auto-electrical Systems,"629",4,2018-07-01 00:00:00.000,2023-06-30 00:00:00.000,2024-06-30 00:00:00.000,2027-06-30 00:00:00.000,"3",Knowledge,Core,Y,351,,"<ZZQctoModule>: Inserted GenericPO[Table=1000258ID=1000929] / <ZZQctoModule>: Inserted GenericPO[Table=1000258ID=1000929] / "
*,"671208001-KM-09",Automobile Batteries and Battery System Components,"629",3,2018-07-01 00:00:00.000,2023-06-30 00:00:00.000,2024-06-30 00:00:00.000,2027-06-30 00:00:00.000,"2",Knowledge,Core,Y,352,,"<ZZQctoModule>: Inserted GenericPO[Table=1000258ID=1000930] / <ZZQctoModule>: Inserted GenericPO[Table=1000258ID=1000930] / "
*,"671208001-KM-10","Automotive Systems (Networking and Data Transfer Systems, Climate control systems, Convenience systems)","629",10,2018-07-01 00:00:00.000,2023-06-30 00:00:00.000,2024-06-30 00:00:00.000,2027-06-30 00:00:00.000,"4",Knowledge,Core,Y,353,,"<ZZQctoModule>: Inserted GenericPO[Table=1000258ID=1000931] / <ZZQctoModule>: Inserted GenericPO[Table=1000258ID=1000931] / "
*,"671208001-KM-11","Automotive Systems (Ignition, Starting, Charging)","629",10,2018-07-01 00:00:00.000,2023-06-30 00:00:00.000,2024-06-30 00:00:00.000,2027-06-30 00:00:00.000,"3",Knowledge,Core,Y,354,,"<ZZQctoModule>: Inserted GenericPO[Table=1000258ID=1000932] / <ZZQctoModule>: Inserted GenericPO[Table=1000258ID=1000932] / "
*,"671208001-KM-12",Safety and drive control systems,"629",6,2018-07-01 00:00:00.000,2023-06-30 00:00:00.000,2024-06-30 00:00:00.000,2027-06-30 00:00:00.000,"4",Knowledge,Core,Y,355,,"<ZZQctoModule>: Inserted GenericPO[Table=1000258ID=1000933] / <ZZQctoModule>: Inserted GenericPO[Table=1000258ID=1000933] / "
*,"671208001-PM-01",Remove and replace auto electrical components,"629",6,2018-07-01 00:00:00.000,2023-06-30 00:00:00.000,2024-06-30 00:00:00.000,2027-06-30 00:00:00.000,"2",Application,Core,Y,356,,"<ZZQctoModule>: Inserted GenericPO[Table=1000258ID=1000934] / <ZZQctoModule>: Inserted GenericPO[Table=1000258ID=1000934] / "
*,"671208001-PM-02",Test and diagnose automotive batteries,"629",3,2018-07-01 00:00:00.000,2023-06-30 00:00:00.000,2024-06-30 00:00:00.000,2027-06-30 00:00:00.000,"2",Application,Core,Y,357,,"<ZZQctoModule>: Inserted GenericPO[Table=1000258ID=1000935] / <ZZQctoModule>: Inserted GenericPO[Table=1000258ID=1000935] / "
*,"671208001-PM-03",Build and conduct fault finding on auto electrical circuits,"629",8,2018-07-01 00:00:00.000,2023-06-30 00:00:00.000,2024-06-30 00:00:00.000,2027-06-30 00:00:00.000,"2",Application,Core,Y,358,,"<ZZQctoModule>: Inserted GenericPO[Table=1000258ID=1000936] / <ZZQctoModule>: Inserted GenericPO[Table=1000258ID=1000936] / "
*,"671208001-PM-04",Build auto electrical circuits and install auto electrical equipment and/or components/systems,"629",8,2018-07-01 00:00:00.000,2023-06-30 00:00:00.000,2024-06-30 00:00:00.000,2027-06-30 00:00:00.000,"3",Application,Core,Y,359,,"<ZZQctoModule>: Inserted GenericPO[Table=1000258ID=1000937] / <ZZQctoModule>: Inserted GenericPO[Table=1000258ID=1000937] / "
*,"671208001-PM-05",Conduct fault finding and repair on intermediate auto electrical systems,"629",12,2018-07-01 00:00:00.000,2023-06-30 00:00:00.000,2024-06-30 00:00:00.000,2027-06-30 00:00:00.000,"3",Application,Core,Y,360,,"<ZZQctoModule>: Inserted GenericPO[Table=1000258ID=1000938] / <ZZQctoModule>: Inserted GenericPO[Table=1000258ID=1000938] / "
*,"671208001-PM-06",Diagnose and repair climate control and convenience systems,"629",12,2018-07-01 00:00:00.000,2023-06-30 00:00:00.000,2024-06-30 00:00:00.000,2027-06-30 00:00:00.000,"4",Application,Core,Y,361,,"<ZZQctoModule>: Inserted GenericPO[Table=1000258ID=1000939] / <ZZQctoModule>: Inserted GenericPO[Table=1000258ID=1000939] / "
*,"671208001-PM-07",Diagnose and repair safety and drive control systems,"629",10,2018-07-01 00:00:00.000,2023-06-30 00:00:00.000,2024-06-30 00:00:00.000,2027-06-30 00:00:00.000,"4",Application,Core,Y,362,,"<ZZQctoModule>: Inserted GenericPO[Table=1000258ID=1000940] / <ZZQctoModule>: Inserted GenericPO[Table=1000258ID=1000940] / "
*,"671208001-PM-08",Diagnose and repair safety and drive control systems,"629",10,2018-07-01 00:00:00.000,2023-06-30 00:00:00.000,2024-06-30 00:00:00.000,2027-06-30 00:00:00.000,"4",Application,Core,Y,363,,"<ZZQctoModule>: Inserted GenericPO[Table=1000258ID=1000941] / <ZZQctoModule>: Inserted GenericPO[Table=1000258ID=1000941] / "
*,"671208001-WM-01",Processes and procedures for diagnosing and fault finding of automotive electrical wiring and electrical/electronic components /systems,"629",70,2018-07-01 00:00:00.000,2023-06-30 00:00:00.000,2024-06-30 00:00:00.000,2027-06-30 00:00:00.000,"4",Work experience,Core,Y,364,,"<ZZQctoModule>: Inserted GenericPO[Table=1000258ID=1000942] / <ZZQctoModule>: Inserted GenericPO[Table=1000258ID=1000942] / "
*,"671208001-WM-02","Processes and procedures for removing, repairing and/or replacing auto electrical/electronic components /systems","629",86,2018-07-01 00:00:00.000,2023-06-30 00:00:00.000,2024-06-30 00:00:00.000,2027-06-30 00:00:00.000,"4",Work experience,Core,Y,365,,"<ZZQctoModule>: Inserted GenericPO[Table=1000258ID=1000943] / <ZZQctoModule>: Inserted GenericPO[Table=1000258ID=1000943] / "
*,"671208001-WM-03",Processes and procedures for the installation of automotive electrical equipment and/or components/systems,"629",60,2018-07-01 00:00:00.000,2023-06-30 00:00:00.000,2024-06-30 00:00:00.000,2027-06-30 00:00:00.000,"4",Work experience,Core,Y,366,,"<ZZQctoModule>: Inserted GenericPO[Table=1000258ID=1000944] / <ZZQctoModule>: Inserted GenericPO[Table=1000258ID=1000944] / "
*,"651501-000-00-00-WM-06","Processes to lift loads using intermediate lifting techniques, and work with steel wire ropes","629",68,2018-09-12 00:00:00.000,2023-09-12 00:00:00.000,2024-09-12 00:00:00.000,2027-09-12 00:00:00.000,"3",Work experience,Core,Y,367,,"<ZZQctoModule>: Inserted GenericPO[Table=1000258ID=1000945] / <ZZQctoModule>: Inserted GenericPO[Table=1000258ID=1000945] / "
*,"651501-000-00-00-WM-08",Processes to lift loads using advanced lifting techniques,"629",84,2018-09-12 00:00:00.000,2023-09-12 00:00:00.000,2024-09-12 00:00:00.000,2027-09-12 00:00:00.000,"4",Work experience,Core,Y,368,,"<ZZQctoModule>: Inserted GenericPO[Table=1000258ID=1000946] / <ZZQctoModule>: Inserted GenericPO[Table=1000258ID=1000946] / "
*,"651501-000-00-00-WM-10","Processes to lift loads using advanced lifting techniques, and to examine and replace a winder rope and sheave wheel (mining sector)","629",84,2018-09-12 00:00:00.000,2023-09-12 00:00:00.000,2024-09-12 00:00:00.000,2027-09-12 00:00:00.000,"4",Work experience,Core,Y,369,,"<ZZQctoModule>: Inserted GenericPO[Table=1000258ID=1000947] / <ZZQctoModule>: Inserted GenericPO[Table=1000258ID=1000947] / "
*,"651501-000-00-00-WM-11",Workplace fundamentals and health and safety processes,"629",8,2018-09-12 00:00:00.000,2023-09-12 00:00:00.000,2024-09-12 00:00:00.000,2027-09-12 00:00:00.000,"3",Work experience,Core,Y,370,,"<ZZQctoModule>: Inserted GenericPO[Table=1000258ID=1000948] / <ZZQctoModule>: Inserted GenericPO[Table=1000258ID=1000948] / "
*,"651501-000-00-00-WM-01",Processes to implement fall protection plans and install lifelines,"629",8,2018-09-12 00:00:00.000,2023-09-12 00:00:00.000,2024-09-12 00:00:00.000,2027-09-12 00:00:00.000,"2",Work experience,Core,Y,371,,"<ZZQctoModule>: Inserted GenericPO[Table=1000258ID=1000949] / <ZZQctoModule>: Inserted GenericPO[Table=1000258ID=1000949] / "
*,"651501-000-00-00-WM-02",Processes to erect and dismantle access scaffolding up to 6,"629",12,2018-09-12 00:00:00.000,2023-09-12 00:00:00.000,2024-09-12 00:00:00.000,2027-09-12 00:00:00.000,"2",Work experience,Core,Y,372,,"<ZZQctoModule>: Inserted GenericPO[Table=1000258ID=1000950] / <ZZQctoModule>: Inserted GenericPO[Table=1000258ID=1000950] / "
*,"651501-000-00-00-WM-03",Processes to supervise scaffolding operations up to 6m,"629",12,2018-09-12 00:00:00.000,2023-09-12 00:00:00.000,2023-09-12 00:00:00.000,2027-09-12 00:00:00.000,"3",Work experience,Core,Y,373,,"<ZZQctoModule>: Inserted GenericPO[Table=1000258ID=1000951] / <ZZQctoModule>: Inserted GenericPO[Table=1000258ID=1000951] / "
*,"651501-000-00-00-WM-04","Processes to sling, lift and secure loads using basic lifting techniques, and to work with fibre and steel ropes","629",40,2018-09-12 00:00:00.000,2023-09-12 00:00:00.000,2024-09-12 00:00:00.000,2027-09-12 00:00:00.000,"2",Work experience,Core,Y,374,,"<ZZQctoModule>: Inserted GenericPO[Table=1000258ID=1000952] / <ZZQctoModule>: Inserted GenericPO[Table=1000258ID=1000952] / "
*,"671208-001-01-00- KM-01",Workplace Fundamentals,"629",9,2020-05-28 00:00:00.000,2025-05-28 00:00:00.000,2026-05-28 00:00:00.000,2029-05-28 00:00:00.000,"2",Knowledge,Core,Y,375,,"<ZZQctoModule>: Inserted GenericPO[Table=1000258ID=1000953] / <ZZQctoModule>: Inserted GenericPO[Table=1000258ID=1000953] / "
*,"671208-001-01-00- KM-02","Concepts of Occupational Health, Safety and Quality","629",6,2020-05-28 00:00:00.000,2025-05-28 00:00:00.000,2026-05-28 00:00:00.000,2029-05-28 00:00:00.000,"2",Knowledge,Core,Y,376,,"<ZZQctoModule>: Inserted GenericPO[Table=1000258ID=1000954] / <ZZQctoModule>: Inserted GenericPO[Table=1000258ID=1000954] / "
*,"671208-001-01-00- KM-03",Foundational Concepts for Automotive Electricians,"629",12,2020-05-28 00:00:00.000,2025-05-28 00:00:00.000,2026-05-28 00:00:00.000,2029-05-28 00:00:00.000,"2",Knowledge,Core,Y,377,,"<ZZQctoModule>: Inserted GenericPO[Table=1000258ID=1000955] / <ZZQctoModule>: Inserted GenericPO[Table=1000258ID=1000955] / "
*,"671208-001-01-00- KM-04",Automotive Mechanical Technology,"629",12,2020-05-28 00:00:00.000,2025-05-28 00:00:00.000,2026-05-28 00:00:00.000,2029-05-28 00:00:00.000,"2",Knowledge,Core,Y,378,,"<ZZQctoModule>: Inserted GenericPO[Table=1000258ID=1000956] / <ZZQctoModule>: Inserted GenericPO[Table=1000258ID=1000956] / "
*,"671208-001-01-00- KM-05",Theory and Principles of Electricity,"629",6,2020-05-28 00:00:00.000,2025-05-28 00:00:00.000,2026-05-28 00:00:00.000,2029-05-28 00:00:00.000,"2",Knowledge,Core,Y,379,,"<ZZQctoModule>: Inserted GenericPO[Table=1000258ID=1000957] / <ZZQctoModule>: Inserted GenericPO[Table=1000258ID=1000957] / "
*,"671208-001-01-00- KM-06",Automotive Battery Systems,"629",2,2020-05-28 00:00:00.000,2025-05-28 00:00:00.000,2026-05-28 00:00:00.000,2029-05-28 00:00:00.000,"2",Knowledge,Core,Y,380,,"<ZZQctoModule>: Inserted GenericPO[Table=1000258ID=1000958] / <ZZQctoModule>: Inserted GenericPO[Table=1000258ID=1000958] / "
*,"671208-001-01-00- KM-07",Vehicle Servicing in an Auto- electrical Environment,"629",6,2020-05-28 00:00:00.000,2025-05-28 00:00:00.000,2026-05-28 00:00:00.000,2029-05-28 00:00:00.000,"2",Knowledge,Core,Y,381,,"<ZZQctoModule>: Inserted GenericPO[Table=1000258ID=1000959] / <ZZQctoModule>: Inserted GenericPO[Table=1000258ID=1000959] / "
*,"671208-001-01-00- KM-08","Electrical, Auto-electrical and Electronics in Automotive Vehicles","629",12,2020-05-28 00:00:00.000,2025-05-28 00:00:00.000,2026-05-28 00:00:00.000,2029-05-28 00:00:00.000,"3",Knowledge,Core,Y,382,,"<ZZQctoModule>: Inserted GenericPO[Table=1000258ID=1000960] / <ZZQctoModule>: Inserted GenericPO[Table=1000258ID=1000960] / "
*,"671208-001-01-00- KM-09",Aftermarket Auto-electrical Systems,"629",6,2020-05-28 00:00:00.000,2025-05-28 00:00:00.000,2026-05-28 00:00:00.000,2029-05-28 00:00:00.000,"3",Knowledge,Core,Y,383,,"<ZZQctoModule>: Inserted GenericPO[Table=1000258ID=1000961] / <ZZQctoModule>: Inserted GenericPO[Table=1000258ID=1000961] / "
*,"671208-001-01-00- KM-10",Conventional Charging and Starting Systems,"629",6,2020-05-28 00:00:00.000,2025-05-28 00:00:00.000,2026-05-28 00:00:00.000,2029-05-28 00:00:00.000,"4",Knowledge,Core,Y,384,,"<ZZQctoModule>: Inserted GenericPO[Table=1000258ID=1000962] / <ZZQctoModule>: Inserted GenericPO[Table=1000258ID=1000962] / "
*,"671208-001-01-00- KM-11",Conventional and Basic Electronic Ignition Systems,"629",3,2020-05-28 00:00:00.000,2025-05-28 00:00:00.000,2026-05-28 00:00:00.000,2029-05-28 00:00:00.000,"4",Knowledge,Core,Y,385,,"<ZZQctoModule>: Inserted GenericPO[Table=1000258ID=1000963] / <ZZQctoModule>: Inserted GenericPO[Table=1000258ID=1000963] / "
*,"671208-001-01-00- KM-12",Integrated Engine Management (Fuel injection and Ignition) Systems,"629",10,2020-05-28 00:00:00.000,2025-05-28 00:00:00.000,2026-05-28 00:00:00.000,2029-05-28 00:00:00.000,"4",Knowledge,Core,Y,386,,"<ZZQctoModule>: Inserted GenericPO[Table=1000258ID=1000964] / <ZZQctoModule>: Inserted GenericPO[Table=1000258ID=1000964] / "
*,"671208-001-01-00- KM-13",Networking and Data Transfer Systems,"629",4,2020-05-28 00:00:00.000,2025-05-28 00:00:00.000,2026-05-28 00:00:00.000,2029-05-28 00:00:00.000,"4",Knowledge,Core,Y,387,,"<ZZQctoModule>: Inserted GenericPO[Table=1000258ID=1000965] / <ZZQctoModule>: Inserted GenericPO[Table=1000258ID=1000965] / "
*,"671208-001-01-00- KM-14",Supplemental Restraint Systems (SRS),"629",3,2020-05-28 00:00:00.000,2025-05-28 00:00:00.000,2026-05-28 00:00:00.000,2029-05-28 00:00:00.000,"4",Knowledge,Core,Y,388,,"<ZZQctoModule>: Inserted GenericPO[Table=1000258ID=1000966] / <ZZQctoModule>: Inserted GenericPO[Table=1000258ID=1000966] / "
*,"671208-001-01-00- KM-15",Alternative Drives/Hybrid and Electric Vehicles,"629",6,2020-05-28 00:00:00.000,2025-05-28 00:00:00.000,2026-05-28 00:00:00.000,2029-05-28 00:00:00.000,"4",Knowledge,Core,Y,389,,"<ZZQctoModule>: Inserted GenericPO[Table=1000258ID=1000967] / <ZZQctoModule>: Inserted GenericPO[Table=1000258ID=1000967] / "
*,"671208-001-01-00- KM-16","Heating, Ventilation and Air-conditioning (HVAC) and Climate Control Systems","629",6,2020-05-28 00:00:00.000,2025-05-28 00:00:00.000,2026-05-28 00:00:00.000,2029-05-28 00:00:00.000,"4",Knowledge,Core,Y,390,,"<ZZQctoModule>: Inserted GenericPO[Table=1000258ID=1000968] / <ZZQctoModule>: Inserted GenericPO[Table=1000258ID=1000968] / "
*,"671208-001-01-00- KM-17","Convenience, Security and Telematics Systems","629",7,2020-05-28 00:00:00.000,2025-05-28 00:00:00.000,2026-05-28 00:00:00.000,2029-05-28 00:00:00.000,"4",Knowledge,Core,Y,391,,"<ZZQctoModule>: Inserted GenericPO[Table=1000258ID=1000969] / <ZZQctoModule>: Inserted GenericPO[Table=1000258ID=1000969] / "
*,"671208-001-01-00- KM-18","Vehicle Stability, Traction and Drive Control (VSTDC), Transmission, Braking, and Advanced Driver Assistance Systems","629",5,2020-05-28 00:00:00.000,2025-05-28 00:00:00.000,2026-05-28 00:00:00.000,2029-05-28 00:00:00.000,"4",Knowledge,Core,Y,392,,"<ZZQctoModule>: Inserted GenericPO[Table=1000258ID=1000970] / <ZZQctoModule>: Inserted GenericPO[Table=1000258ID=1000970] / "
*,"671208-001-01-00- KM-19",Auto-electrical Systems,"629",5,2020-05-28 00:00:00.000,2025-05-28 00:00:00.000,2026-05-28 00:00:00.000,2029-05-28 00:00:00.000,"4",Knowledge,Core,Y,393,,"<ZZQctoModule>: Inserted GenericPO[Table=1000258ID=1000971] / <ZZQctoModule>: Inserted GenericPO[Table=1000258ID=1000971] / "
*,"671208-001-01-00- PM-01",Work Safely and Respond to Emergencies,"629",2,2020-05-28 00:00:00.000,2025-05-28 00:00:00.000,2026-05-28 00:00:00.000,2029-05-28 00:00:00.000,"2",Application,Core,Y,394,,"<ZZQctoModule>: Inserted GenericPO[Table=1000258ID=1000972] / <ZZQctoModule>: Inserted GenericPO[Table=1000258ID=1000972] / "
*,"671208-001-01-00- PM-02",Use Tools and Equipment,"629",20,2020-05-28 00:00:00.000,2025-05-28 00:00:00.000,2026-05-28 00:00:00.000,2029-05-28 00:00:00.000,"2",Application,Core,Y,395,,"<ZZQctoModule>: Inserted GenericPO[Table=1000258ID=1000973] / <ZZQctoModule>: Inserted GenericPO[Table=1000258ID=1000973] / "
*,"671208-001-01-00- PM-03",Build and Conduct Fault-finding Activities on Auto-Electrical Circuits,"629",9,2020-05-28 00:00:00.000,2025-05-28 00:00:00.000,2026-05-28 00:00:00.000,2029-05-28 00:00:00.000,"2",Application,Core,Y,396,,"<ZZQctoModule>: Inserted GenericPO[Table=1000258ID=1000974] / <ZZQctoModule>: Inserted GenericPO[Table=1000258ID=1000974] / "
*,"671208-001-01-00- PM-04","Test, Diagnose, Replace and Service Automotive Batteries and related Components","629",8,2020-05-28 00:00:00.000,2025-05-28 00:00:00.000,2026-05-28 00:00:00.000,2029-05-28 00:00:00.000,"2",Application,Core,Y,397,,"<ZZQctoModule>: Inserted GenericPO[Table=1000258ID=1000975] / <ZZQctoModule>: Inserted GenericPO[Table=1000258ID=1000975] / "
*,"671208-001-01-00- PM-05",Service and Maintain Automotive Vehicles in an Auto-Electrical Environment,"629",15,2020-05-28 00:00:00.000,2025-05-28 00:00:00.000,2026-05-28 00:00:00.000,2029-05-28 00:00:00.000,"2",Application,Core,Y,398,,"<ZZQctoModule>: Inserted GenericPO[Table=1000258ID=1000976] / <ZZQctoModule>: Inserted GenericPO[Table=1000258ID=1000976] / "
*,"671208-001-01-00- PM-06",Remove and Replace Original and/or Aftermarket Auto-electrical Systems and/or Components,"629",8,2020-05-28 00:00:00.000,2025-05-28 00:00:00.000,2026-05-28 00:00:00.000,2029-05-28 00:00:00.000,"3",Application,Core,Y,399,,"<ZZQctoModule>: Inserted GenericPO[Table=1000258ID=1000977] / <ZZQctoModule>: Inserted GenericPO[Table=1000258ID=1000977] / "
*,"671208-001-01-00- PM-07","Test, Diagnose and Repair Conventional Starting and Charging Systems","629",8,2020-05-28 00:00:00.000,2025-05-28 00:00:00.000,2026-05-28 00:00:00.000,2029-05-28 00:00:00.000,"4",Application,Core,Y,400,,"<ZZQctoModule>: Inserted GenericPO[Table=1000258ID=1000978] / <ZZQctoModule>: Inserted GenericPO[Table=1000258ID=1000978] / "
*,"671208-001-01-00- PM-08","Test, Diagnose and Repair Conventional and Basic Electronic Ignition Systems","629",12,2020-05-28 00:00:00.000,2025-05-28 00:00:00.000,2025-05-28 00:00:00.000,2029-05-28 00:00:00.000,"4",Application,Core,Y,401,,"<ZZQctoModule>: Inserted GenericPO[Table=1000258ID=1000979] / <ZZQctoModule>: Inserted GenericPO[Table=1000258ID=1000979] / "
*,"671208-001-01-00- PM-09","Test, Diagnose and Repair Auto- electrical Systems","629",8,2020-05-28 00:00:00.000,2025-05-28 00:00:00.000,2026-05-28 00:00:00.000,2029-05-28 00:00:00.000,"4",Application,Core,Y,402,,"<ZZQctoModule>: Inserted GenericPO[Table=1000258ID=1000980] / <ZZQctoModule>: Inserted GenericPO[Table=1000258ID=1000980] / "
*,"671208-001-01-00- PM-10","Test, Diagnose and Repair Integrated Engine Management (Fuel Injection and Ignition) Systems","629",8,2020-05-28 00:00:00.000,2025-05-28 00:00:00.000,2026-05-28 00:00:00.000,2029-05-28 00:00:00.000,"4",Application,Core,Y,403,,"<ZZQctoModule>: Inserted GenericPO[Table=1000258ID=1000981] / <ZZQctoModule>: Inserted GenericPO[Table=1000258ID=1000981] / "
*,"671208-001-01-00- PM-11","Test, Diagnose and Repair Networking and Data Transfer Systems","629",8,2020-05-28 00:00:00.000,2025-05-28 00:00:00.000,2026-05-28 00:00:00.000,2029-05-28 00:00:00.000,"4",Application,Core,Y,404,,"<ZZQctoModule>: Inserted GenericPO[Table=1000258ID=1000982] / <ZZQctoModule>: Inserted GenericPO[Table=1000258ID=1000982] / "
*,"671208-001-01-00- PM-12","Test, Diagnose and Repair Supplemental Restraint Systems (SRS)","629",8,2020-05-28 00:00:00.000,2025-05-28 00:00:00.000,2026-05-28 00:00:00.000,2029-05-28 00:00:00.000,"4",Application,Core,Y,405,,"<ZZQctoModule>: Inserted GenericPO[Table=1000258ID=1000983] / <ZZQctoModule>: Inserted GenericPO[Table=1000258ID=1000983] / "
*,"671208-001-01-00- PM-13","Test, Diagnose and Repair Heating, Ventilation and Air-conditioning (HVAC) and Climate Control Systems","629",8,2020-05-28 00:00:00.000,2025-05-28 00:00:00.000,2026-05-28 00:00:00.000,2029-05-28 00:00:00.000,"4",Application,Core,Y,406,,"<ZZQctoModule>: Inserted GenericPO[Table=1000258ID=1000984] / <ZZQctoModule>: Inserted GenericPO[Table=1000258ID=1000984] / "
*,"671208-001-01-00- PM-14","Test, Diagnose and Repair Convenience, Security and Telematics Systems","629",8,2020-05-28 00:00:00.000,2025-05-28 00:00:00.000,2026-05-28 00:00:00.000,2029-05-28 00:00:00.000,"4",Application,Core,Y,407,,"<ZZQctoModule>: Inserted GenericPO[Table=1000258ID=1000985] / <ZZQctoModule>: Inserted GenericPO[Table=1000258ID=1000985] / "
*,"671208-001-01-00- PM-15","Test, Diagnose and Repair Vehicle Stability, Traction and Drive Control (VSTDC), ABS Braking, Transmission and Driver Assistance Systems","629",10,2020-05-28 00:00:00.000,2025-05-28 00:00:00.000,2026-05-28 00:00:00.000,2029-05-28 00:00:00.000,"4",Application,Core,Y,408,,"<ZZQctoModule>: Inserted GenericPO[Table=1000258ID=1000986] / <ZZQctoModule>: Inserted GenericPO[Table=1000258ID=1000986] / "
*,"671208-001-01-00- WM-01","Processes for Testing, Diagnosing and Replacing Automotive Batteries and Battery System Components","629",16,2020-05-28 00:00:00.000,2025-05-28 00:00:00.000,2026-05-28 00:00:00.000,2029-05-28 00:00:00.000,"2",Work experience,Core,Y,409,,"<ZZQctoModule>: Inserted GenericPO[Table=1000258ID=1000987] / <ZZQctoModule>: Inserted GenericPO[Table=1000258ID=1000987] / "
*,"671208-001-01-00- WM-02",Processes to Remove and Replace Original and/or Aftermarket Auto- electrical Systems and/or Components,"629",28,2020-05-28 00:00:00.000,2025-05-28 00:00:00.000,2026-05-28 00:00:00.000,2029-05-28 00:00:00.000,"3",Work experience,Core,Y,410,,"<ZZQctoModule>: Inserted GenericPO[Table=1000258ID=1000988] / <ZZQctoModule>: Inserted GenericPO[Table=1000258ID=1000988] / "
*,"671208-001-01-00- WM-03","Processes for Testing, Diagnosing and Repairing Conventional Charging and Starting Systems","629",28,2020-05-28 00:00:00.000,2025-05-28 00:00:00.000,2026-05-28 00:00:00.000,2029-05-28 00:00:00.000,"4",Work experience,Core,Y,411,,"<ZZQctoModule>: Inserted GenericPO[Table=1000258ID=1000989] / <ZZQctoModule>: Inserted GenericPO[Table=1000258ID=1000989] / "
*,"671208-001-01-00- WM-04","Processes for Testing, Diagnosing and Repairing Auto-electrical Systems","629",24,2020-05-28 00:00:00.000,2025-05-28 00:00:00.000,2026-05-28 00:00:00.000,2029-05-28 00:00:00.000,"4",Work experience,Core,Y,412,,"<ZZQctoModule>: Inserted GenericPO[Table=1000258ID=1000990] / <ZZQctoModule>: Inserted GenericPO[Table=1000258ID=1000990] / "
*,"671208-001-01-00- WM-05","Processes for Testing, Diagnosing and Repairing Integrated Engine Management (Fuel Injection and Ignition) Systems","629",36,2020-05-28 00:00:00.000,2025-05-28 00:00:00.000,2026-05-28 00:00:00.000,2029-05-28 00:00:00.000,"4",Work experience,Core,Y,413,,"<ZZQctoModule>: Inserted GenericPO[Table=1000258ID=1000991] / <ZZQctoModule>: Inserted GenericPO[Table=1000258ID=1000991] / "
*,"671208-001-01-00- WM-06","Processes for Testing, Diagnosing and Repairing Networking and Data Transfer Systems","629",32,2020-05-28 00:00:00.000,2025-05-28 00:00:00.000,2026-05-28 00:00:00.000,2029-05-28 00:00:00.000,"4",Work experience,Core,Y,414,,"<ZZQctoModule>: Inserted GenericPO[Table=1000258ID=1000992] / <ZZQctoModule>: Inserted GenericPO[Table=1000258ID=1000992] / "
*,"671208-001-01-00- WM-07","Processes for Testing, Diagnosing and Repairing Supplemental Restraint Systems (SRS)","629",28,2020-05-28 00:00:00.000,2025-05-28 00:00:00.000,2026-05-28 00:00:00.000,2029-05-28 00:00:00.000,"4",Work experience,Core,Y,415,,"<ZZQctoModule>: Inserted GenericPO[Table=1000258ID=1000993] / <ZZQctoModule>: Inserted GenericPO[Table=1000258ID=1000993] / "
*,"671208-001-01-00- WM-08","Processes for Testing, Diagnosing and Repairing Heating, Ventilation and Air-conditioning (HVAC) and Climate Control Systems","629",28,2020-05-28 00:00:00.000,2025-05-28 00:00:00.000,2026-05-28 00:00:00.000,2029-05-28 00:00:00.000,"4",Work experience,Core,Y,416,,"<ZZQctoModule>: Inserted GenericPO[Table=1000258ID=1000994] / <ZZQctoModule>: Inserted GenericPO[Table=1000258ID=1000994] / "
*,"671208-001-01-00- WM-09","Processes for Testing, Diagnosing and Repairing Convenience, Security and Telematics Systems","629",36,2020-05-28 00:00:00.000,2025-05-28 00:00:00.000,2026-05-28 00:00:00.000,2029-05-28 00:00:00.000,"4",Work experience,Core,Y,417,,"<ZZQctoModule>: Inserted GenericPO[Table=1000258ID=1000995] / <ZZQctoModule>: Inserted GenericPO[Table=1000258ID=1000995] / "
*,"671208-000-00-00- WM-10","Processes for Testing, Diagnosing and Repairing Vehicle Stability, Traction and Drive Control (VSTDC)","629",32,2020-05-28 00:00:00.000,2025-05-28 00:00:00.000,2026-05-28 00:00:00.000,2029-05-28 00:00:00.000,"4",Work experience,Core,Y,418,,"<ZZQctoModule>: Inserted GenericPO[Table=1000258ID=1000996] / <ZZQctoModule>: Inserted GenericPO[Table=1000258ID=1000996] / "
*,"311701003-KM-01",Emergency Preparedness for Mine Ventilation (001),"629",11,2018-07-01 00:00:00.000,2026-12-30 00:00:00.000,2026-12-30 00:00:00.000,2029-12-30 00:00:00.000,"3",Knowledge,Core,Y,419,,"<ZZQctoModule>: Inserted GenericPO[Table=1000258ID=1000997] / <ZZQctoModule>: Inserted GenericPO[Table=1000258ID=1000997] / "
*,"311701003-KM-02",Mine and Mineral Legislation for Ventilation (001),"629",6,2018-07-01 00:00:00.000,2026-12-30 00:00:00.000,2026-12-30 00:00:00.000,2029-12-30 00:00:00.000,"3",Knowledge,Core,Y,420,,"<ZZQctoModule>: Inserted GenericPO[Table=1000258ID=1000998] / <ZZQctoModule>: Inserted GenericPO[Table=1000258ID=1000998] / "
*,"311701003-KM-03",Mine Ventilation Engineering Practice (001),"629",10,2018-07-01 00:00:00.000,2026-12-30 00:00:00.000,2026-12-30 00:00:00.000,2029-12-30 00:00:00.000,"3",Knowledge,Core,Y,421,,"<ZZQctoModule>: Inserted GenericPO[Table=1000258ID=1000999] / <ZZQctoModule>: Inserted GenericPO[Table=1000258ID=1000999] / "
*,"311701003-KM-04",Occupational Hygiene Practice (001),"629",13,2018-07-01 00:00:00.000,2026-12-30 00:00:00.000,2026-12-30 00:00:00.000,2029-12-30 00:00:00.000,"3",Knowledge,Core,Y,422,,"<ZZQctoModule>: Inserted GenericPO[Table=1000258ID=1001000] / <ZZQctoModule>: Inserted GenericPO[Table=1000258ID=1001000] / "
*,"311701003-PM-01","Select, check, use and maintain ventilation and occupational hygiene measurement instruments","629",16,2018-07-01 00:00:00.000,2026-12-30 00:00:00.000,2026-12-30 00:00:00.000,2029-12-30 00:00:00.000,"3",Application,Core,Y,423,,"<ZZQctoModule>: Inserted GenericPO[Table=1000258ID=1001001] / <ZZQctoModule>: Inserted GenericPO[Table=1000258ID=1001001] / "
*,"311701003-PM-02",Compile mine occupational environmental condition reports,"629",8,2018-07-01 00:00:00.000,2026-12-30 00:00:00.000,2026-12-30 00:00:00.000,2029-12-30 00:00:00.000,"3",Application,Core,Y,424,,"<ZZQctoModule>: Inserted GenericPO[Table=1000258ID=1001002] / <ZZQctoModule>: Inserted GenericPO[Table=1000258ID=1001002] / "
*,"311701003-PM-03",Inform workers and management regarding sub standard mine occupational environmental conditions,"629",8,2018-07-01 00:00:00.000,2026-12-30 00:00:00.000,2026-12-30 00:00:00.000,2029-12-30 00:00:00.000,"3",Application,Core,Y,425,,"<ZZQctoModule>: Inserted GenericPO[Table=1000258ID=1001003] / <ZZQctoModule>: Inserted GenericPO[Table=1000258ID=1001003] / "
*,"311701003-WM-01",Exposure to the taking and recording of mine occupational environmental measurements,"629",40,2018-07-01 00:00:00.000,2026-12-30 00:00:00.000,2026-12-30 00:00:00.000,2029-12-30 00:00:00.000,"3",Work experience,Core,Y,426,,"<ZZQctoModule>: Inserted GenericPO[Table=1000258ID=1001004] / <ZZQctoModule>: Inserted GenericPO[Table=1000258ID=1001004] / "
*,"311701003-WM-02",Exposure to the mining process relevant to the specific mining process being practiced on the mine,"629",25,2018-07-01 00:00:00.000,2026-12-30 00:00:00.000,2026-12-30 00:00:00.000,2029-12-30 00:00:00.000,"3",Work experience,Core,Y,427,,"<ZZQctoModule>: Inserted GenericPO[Table=1000258ID=1001005] / <ZZQctoModule>: Inserted GenericPO[Table=1000258ID=1001005] / "
*,"311701004-KM-01",Emergency Preparedness (VENT) (II),"629",6,2018-07-01 00:00:00.000,2026-12-30 00:00:00.000,2026-12-30 00:00:00.000,2029-12-30 00:00:00.000,"4",Knowledge,Core,Y,428,,"<ZZQctoModule>: Inserted GenericPO[Table=1000258ID=1001006] / <ZZQctoModule>: Inserted GenericPO[Table=1000258ID=1001006] / "
*,"311701004-KM-02",Mine Ventilation Engineering Practice (VENT) (II),"629",24,2018-07-01 00:00:00.000,2026-12-30 00:00:00.000,2026-12-30 00:00:00.000,2029-12-30 00:00:00.000,"4",Knowledge,Core,Y,429,,"<ZZQctoModule>: Inserted GenericPO[Table=1000258ID=1001007] / <ZZQctoModule>: Inserted GenericPO[Table=1000258ID=1001007] / "
*,"311701004-KM-03",Mines and Minerals Legislative Requirements,"629",12,2018-07-01 00:00:00.000,2026-12-30 00:00:00.000,2026-12-30 00:00:00.000,2029-12-30 00:00:00.000,"4",Knowledge,Core,Y,430,,"<ZZQctoModule>: Inserted GenericPO[Table=1000258ID=1001008] / <ZZQctoModule>: Inserted GenericPO[Table=1000258ID=1001008] / "
*,"311701004-KM-04",Occupational Hygiene Practice (VENT) (II),"629",6,2018-07-01 00:00:00.000,2026-12-30 00:00:00.000,2026-12-30 00:00:00.000,2029-12-30 00:00:00.000,"4",Knowledge,Core,Y,431,,"<ZZQctoModule>: Inserted GenericPO[Table=1000258ID=1001009] / <ZZQctoModule>: Inserted GenericPO[Table=1000258ID=1001009] / "
*,"311701004-KM-05",Operations Management and Supervision (VENT) (II),"629",13,2018-07-01 00:00:00.000,2026-12-30 00:00:00.000,2026-12-30 00:00:00.000,2029-12-30 00:00:00.000,"4",Knowledge,Core,Y,432,,"<ZZQctoModule>: Inserted GenericPO[Table=1000258ID=1001010] / <ZZQctoModule>: Inserted GenericPO[Table=1000258ID=1001010] / "
*,"311701004-PM-01",Design basic ventilation layouts and assist with the design of complex ventilation layouts,"629",14,2018-07-01 00:00:00.000,2026-12-30 00:00:00.000,2026-12-30 00:00:00.000,2029-12-30 00:00:00.000,"4",Application,Core,Y,433,,"<ZZQctoModule>: Inserted GenericPO[Table=1000258ID=1001011] / <ZZQctoModule>: Inserted GenericPO[Table=1000258ID=1001011] / "
*,"311701004-PM-02",Measure and test the effectiveness of the ventilation system,"629",8,2018-07-01 00:00:00.000,2026-12-30 00:00:00.000,2026-12-30 00:00:00.000,2029-12-30 00:00:00.000,"4",Application,Core,Y,434,,"<ZZQctoModule>: Inserted GenericPO[Table=1000258ID=1001012] / <ZZQctoModule>: Inserted GenericPO[Table=1000258ID=1001012] / "
*,"311701004-PM-03",Make recommendations regarding Mine Ventilation and Occupational Hygiene issues,"629",6,2018-07-01 00:00:00.000,2026-12-30 00:00:00.000,2026-12-30 00:00:00.000,2029-12-30 00:00:00.000,"4",Application,Core,Y,435,,"<ZZQctoModule>: Inserted GenericPO[Table=1000258ID=1001013] / <ZZQctoModule>: Inserted GenericPO[Table=1000258ID=1001013] / "
*,"311701004-PM-04",Implement and review mine ventilation and occupational hygiene standards,"629",6,2018-07-01 00:00:00.000,2026-12-30 00:00:00.000,2026-12-30 00:00:00.000,2029-12-30 00:00:00.000,"4",Application,Core,Y,436,,"<ZZQctoModule>: Inserted GenericPO[Table=1000258ID=1001014] / <ZZQctoModule>: Inserted GenericPO[Table=1000258ID=1001014] / "
*,"311701004-PM-05",Execute performance management for a team of Ventilation Observers,"629",6,2018-07-01 00:00:00.000,2026-12-30 00:00:00.000,2026-12-30 00:00:00.000,2029-12-30 00:00:00.000,"4",Application,Core,Y,437,,"<ZZQctoModule>: Inserted GenericPO[Table=1000258ID=1001015] / <ZZQctoModule>: Inserted GenericPO[Table=1000258ID=1001015] / "
*,"311701004-PM-06",Oversee the compilation and submission of mine ventilation reports for a designated area of the mine,"629",6,2018-07-01 00:00:00.000,2026-12-30 00:00:00.000,2026-12-30 00:00:00.000,2029-12-30 00:00:00.000,"4",Application,Core,Y,438,,"<ZZQctoModule>: Inserted GenericPO[Table=1000258ID=1001016] / <ZZQctoModule>: Inserted GenericPO[Table=1000258ID=1001016] / "
*,"311701004-PM-07","Measure, record and report the effectiveness of the refrigeration plant and accessories (bulk air cooler, cooling cars and heat exchangers)","629",6,2018-07-01 00:00:00.000,2026-12-30 00:00:00.000,2026-12-30 00:00:00.000,2029-12-30 00:00:00.000,"4",Application,Core,Y,439,,"<ZZQctoModule>: Inserted GenericPO[Table=1000258ID=1001017] / <ZZQctoModule>: Inserted GenericPO[Table=1000258ID=1001017] / "
*,"311701004-WM-01",Exposure to the processes for designing and implementing mine ventilation systems,"629",18,2018-07-01 00:00:00.000,2026-12-30 00:00:00.000,2026-12-30 00:00:00.000,2029-12-30 00:00:00.000,"4",Work experience,Core,Y,440,,"<ZZQctoModule>: Inserted GenericPO[Table=1000258ID=1001018] / <ZZQctoModule>: Inserted GenericPO[Table=1000258ID=1001018] / "
*,"311701004-WM-02",Exposure to occupational hygiene sampling strategies and schedules,"629",21,2018-07-01 00:00:00.000,2026-12-30 00:00:00.000,2026-12-30 00:00:00.000,2029-12-30 00:00:00.000,"4",Work experience,Core,Y,441,,"<ZZQctoModule>: Inserted GenericPO[Table=1000258ID=1001019] / <ZZQctoModule>: Inserted GenericPO[Table=1000258ID=1001019] / "
*,"311701004-WM-03",Exposure to the processes of conducting air balances of shafts,"629",6,2018-07-01 00:00:00.000,2026-12-30 00:00:00.000,2026-12-30 00:00:00.000,2029-12-30 00:00:00.000,"4",Work experience,Core,Y,442,,"<ZZQctoModule>: Inserted GenericPO[Table=1000258ID=1001020] / <ZZQctoModule>: Inserted GenericPO[Table=1000258ID=1001020] / "
*,"311701004-WM-04",Exposure to mine ventilation and occupational hygiene projects,"629",26,2018-07-01 00:00:00.000,2026-12-30 00:00:00.000,2026-12-30 00:00:00.000,2029-12-30 00:00:00.000,"4",Work experience,Core,Y,443,,"<ZZQctoModule>: Inserted GenericPO[Table=1000258ID=1001021] / <ZZQctoModule>: Inserted GenericPO[Table=1000258ID=1001021] / "
*,"311701004-WM-05",Exposure to the processes for reviewing mine ventilation and occupational hygiene standards,"629",6,2018-07-01 00:00:00.000,2026-12-30 00:00:00.000,2026-12-30 00:00:00.000,2029-12-30 00:00:00.000,"4",Work experience,Core,Y,444,,"<ZZQctoModule>: Inserted GenericPO[Table=1000258ID=1001022] / <ZZQctoModule>: Inserted GenericPO[Table=1000258ID=1001022] / "
*,"311701004-WM-06",Exposure to the emergency preparedness and response processes,"629",6,2018-07-01 00:00:00.000,2026-12-30 00:00:00.000,2026-12-30 00:00:00.000,2029-12-30 00:00:00.000,"4",Work experience,Core,Y,445,,"<ZZQctoModule>: Inserted GenericPO[Table=1000258ID=1001023] / <ZZQctoModule>: Inserted GenericPO[Table=1000258ID=1001023] / "
*,"311701004-WM-07",Exposure to the internal and external Mine Ventilation and Occupational Hygiene audit processes,"629",6,2018-07-01 00:00:00.000,2026-12-30 00:00:00.000,2026-12-30 00:00:00.000,2029-12-30 00:00:00.000,"4",Work experience,Core,Y,446,,"<ZZQctoModule>: Inserted GenericPO[Table=1000258ID=1001024] / <ZZQctoModule>: Inserted GenericPO[Table=1000258ID=1001024] / "
*,"311701004-WM-08",Exposure to the processes of evaluating the effectiveness and accuracy of environmental monitoring systems,"629",6,2018-07-01 00:00:00.000,2026-12-30 00:00:00.000,2026-12-30 00:00:00.000,2029-12-30 00:00:00.000,"4",Work experience,Core,Y,447,,"<ZZQctoModule>: Inserted GenericPO[Table=1000258ID=1001025] / <ZZQctoModule>: Inserted GenericPO[Table=1000258ID=1001025] / "
*,"311701004-WM-09",Exposure to the conducting of surveys on secondary cooling installations,"629",6,2018-07-01 00:00:00.000,2026-12-30 00:00:00.000,2026-12-30 00:00:00.000,2029-12-30 00:00:00.000,"4",Work experience,Core,Y,448,,"<ZZQctoModule>: Inserted GenericPO[Table=1000258ID=1001026] / <ZZQctoModule>: Inserted GenericPO[Table=1000258ID=1001026] / "
*,"311704001-KM-01",Workplace fundamentals,"629",6,2018-07-01 00:00:00.000,2025-12-30 00:00:00.000,2026-12-30 00:00:00.000,2029-12-30 00:00:00.000,"2",Knowledge,Core,Y,449,,"<ZZQctoModule>: Inserted GenericPO[Table=1000258ID=1001027] / <ZZQctoModule>: Inserted GenericPO[Table=1000258ID=1001027] / "
*,"311704001-KM-02","Safety, health and the environment","629",8,2018-07-01 00:00:00.000,2025-12-30 00:00:00.000,2026-12-30 00:00:00.000,2029-12-30 00:00:00.000,"2",Knowledge,Core,Y,450,,"<ZZQctoModule>: Inserted GenericPO[Table=1000258ID=1001028] / <ZZQctoModule>: Inserted GenericPO[Table=1000258ID=1001028] / "
*,"311704001-KM-03",Mines and mining operations,"629",4,2018-07-01 00:00:00.000,2025-12-30 00:00:00.000,2026-12-30 00:00:00.000,2029-12-30 00:00:00.000,"2",Knowledge,Core,Y,451,,"<ZZQctoModule>: Inserted GenericPO[Table=1000258ID=1001029] / <ZZQctoModule>: Inserted GenericPO[Table=1000258ID=1001029] / "
*,"311704001",Geology,"629",40,2018-07-01 00:00:00.000,2025-12-30 00:00:00.000,2026-12-30 00:00:00.000,2029-12-30 00:00:00.000,"2",Knowledge,Core,Y,452,,"<ZZQctoModule>: Inserted GenericPO[Table=1000258ID=1001030] / <ZZQctoModule>: Inserted GenericPO[Table=1000258ID=1001030] / "
*,"311704001-KM-05",Work team supervision,"629",4,2018-07-01 00:00:00.000,2025-12-30 00:00:00.000,2026-12-30 00:00:00.000,2029-12-30 00:00:00.000,"3",Knowledge,Core,Y,453,,"<ZZQctoModule>: Inserted GenericPO[Table=1000258ID=1001031] / <ZZQctoModule>: Inserted GenericPO[Table=1000258ID=1001031] / "
*,"311704001-KM-06",Geology,"629",84,2018-07-01 00:00:00.000,2025-12-30 00:00:00.000,2026-12-30 00:00:00.000,2029-12-30 00:00:00.000,"4",Knowledge,Core,Y,454,,"<ZZQctoModule>: Inserted GenericPO[Table=1000258ID=1001032] / <ZZQctoModule>: Inserted GenericPO[Table=1000258ID=1001032] / "
*,"311704001-PM-01",Work safely and respond to underground mining emergencies,"629",4,2018-07-01 00:00:00.000,2025-12-30 00:00:00.000,2026-12-30 00:00:00.000,2029-12-30 00:00:00.000,"2",Application,Core,Y,455,,"<ZZQctoModule>: Inserted GenericPO[Table=1000258ID=1001033] / <ZZQctoModule>: Inserted GenericPO[Table=1000258ID=1001033] / "
*,"311704001-PM-02",Perform underground mining sampling activities,"629",20,2018-07-01 00:00:00.000,2025-12-30 00:00:00.000,2026-12-30 00:00:00.000,2029-12-30 00:00:00.000,"2",Application,Core,Y,456,,"<ZZQctoModule>: Inserted GenericPO[Table=1000258ID=1001034] / <ZZQctoModule>: Inserted GenericPO[Table=1000258ID=1001034] / "
*,"311704001-PM-03",Collect underground mining geological data,"629",20,2018-07-01 00:00:00.000,2025-12-30 00:00:00.000,2026-12-30 00:00:00.000,2029-12-30 00:00:00.000,"2",Application,Core,Y,457,,"<ZZQctoModule>: Inserted GenericPO[Table=1000258ID=1001035] / <ZZQctoModule>: Inserted GenericPO[Table=1000258ID=1001035] / "
*,"311704001-PM-04",Supervise the work team,"629",12,2018-07-01 00:00:00.000,2025-12-30 00:00:00.000,2026-12-30 00:00:00.000,2029-12-30 00:00:00.000,"3",Application,Core,Y,458,,"<ZZQctoModule>: Inserted GenericPO[Table=1000258ID=1001036] / <ZZQctoModule>: Inserted GenericPO[Table=1000258ID=1001036] / "
*,"311704001-PM-05",Collect underground mining geological data,"629",48,2018-07-01 00:00:00.000,2025-12-30 00:00:00.000,2026-12-30 00:00:00.000,2029-12-30 00:00:00.000,"4",Application,Core,Y,459,,"<ZZQctoModule>: Inserted GenericPO[Table=1000258ID=1001037] / <ZZQctoModule>: Inserted GenericPO[Table=1000258ID=1001037] / "
*,"311704001-PM-06",Process geological data,"629",72,2018-07-01 00:00:00.000,2025-12-30 00:00:00.000,2026-12-30 00:00:00.000,2029-12-30 00:00:00.000,"4",Application,Core,Y,460,,"<ZZQctoModule>: Inserted GenericPO[Table=1000258ID=1001038] / <ZZQctoModule>: Inserted GenericPO[Table=1000258ID=1001038] / "
*,"311704001-WM-01",Underground mining geological operations,"629",98,2018-07-01 00:00:00.000,2025-12-30 00:00:00.000,2026-12-30 00:00:00.000,2029-12-30 00:00:00.000,"2",Work experience,Core,Y,461,,"<ZZQctoModule>: Inserted GenericPO[Table=1000258ID=1001039] / <ZZQctoModule>: Inserted GenericPO[Table=1000258ID=1001039] / "
*,"311704001-WM-02",Underground mining geological operations,"629",120,2018-07-01 00:00:00.000,2025-12-30 00:00:00.000,2026-12-30 00:00:00.000,2029-12-30 00:00:00.000,"4",Work experience,Core,Y,462,,"<ZZQctoModule>: Inserted GenericPO[Table=1000258ID=1001040] / <ZZQctoModule>: Inserted GenericPO[Table=1000258ID=1001040] / "
*,"311704001-KM-04",Geology,"629",40,2018-07-01 00:00:00.000,2025-12-30 00:00:00.000,2026-12-30 00:00:00.000,2029-12-30 00:00:00.000,"2",Knowledge,Core,Y,463,,"<ZZQctoModule>: Inserted GenericPO[Table=1000258ID=1001041] / <ZZQctoModule>: Inserted GenericPO[Table=1000258ID=1001041] / "
*,"311704003-KM-01",Workplace Fundamentals,"629",6,2018-07-01 00:00:00.000,2025-12-30 00:00:00.000,2026-12-30 00:00:00.000,2029-12-30 00:00:00.000,"2",Knowledge,Core,Y,464,,"<ZZQctoModule>: Inserted GenericPO[Table=1000258ID=1001042] / <ZZQctoModule>: Inserted GenericPO[Table=1000258ID=1001042] / "
*,"311704003-KM-02","Safety, Health and the Environment","629",8,2018-07-01 00:00:00.000,2025-12-30 00:00:00.000,2026-12-30 00:00:00.000,2029-12-30 00:00:00.000,"2",Knowledge,Core,Y,465,,"<ZZQctoModule>: Inserted GenericPO[Table=1000258ID=1001043] / <ZZQctoModule>: Inserted GenericPO[Table=1000258ID=1001043] / "
*,"311704003-KM-03",Mines and Mining Operations,"629",4,2018-07-01 00:00:00.000,2025-12-30 00:00:00.000,2026-12-30 00:00:00.000,2029-12-30 00:00:00.000,"2",Knowledge,Core,Y,466,,"<ZZQctoModule>: Inserted GenericPO[Table=1000258ID=1001044] / <ZZQctoModule>: Inserted GenericPO[Table=1000258ID=1001044] / "
*,"311704003-KM-04",Geology,"629",36,2018-07-01 00:00:00.000,2025-12-30 00:00:00.000,2026-12-30 00:00:00.000,2029-12-30 00:00:00.000,"2",Knowledge,Core,Y,467,,"<ZZQctoModule>: Inserted GenericPO[Table=1000258ID=1001045] / <ZZQctoModule>: Inserted GenericPO[Table=1000258ID=1001045] / "
*,"311704003-KM-05",Teamwork,"629",4,2018-07-01 00:00:00.000,2025-12-30 00:00:00.000,2026-12-30 00:00:00.000,2029-12-30 00:00:00.000,"3",Knowledge,Core,Y,468,,"<ZZQctoModule>: Inserted GenericPO[Table=1000258ID=1001046] / <ZZQctoModule>: Inserted GenericPO[Table=1000258ID=1001046] / "
*,"311704003-KM-06",Geology,"629",68,2018-07-01 00:00:00.000,2025-12-30 00:00:00.000,2026-12-30 00:00:00.000,2029-12-30 00:00:00.000,"4",Knowledge,Core,Y,469,,"<ZZQctoModule>: Inserted GenericPO[Table=1000258ID=1001047] / <ZZQctoModule>: Inserted GenericPO[Table=1000258ID=1001047] / "
*,"311704003-PM-01",Work safely and respond to marine mining emergencies,"629",24,2018-07-01 00:00:00.000,2025-12-30 00:00:00.000,2026-12-30 00:00:00.000,2029-12-30 00:00:00.000,"3",Application,Core,Y,470,,"<ZZQctoModule>: Inserted GenericPO[Table=1000258ID=1001048] / <ZZQctoModule>: Inserted GenericPO[Table=1000258ID=1001048] / "
*,"311704003-PM-02",Monitor marine mining plant operations and collect geological data,"629",32,2018-07-01 00:00:00.000,2025-12-30 00:00:00.000,2026-12-30 00:00:00.000,2029-12-30 00:00:00.000,"4",Application,Core,Y,471,,"<ZZQctoModule>: Inserted GenericPO[Table=1000258ID=1001049] / <ZZQctoModule>: Inserted GenericPO[Table=1000258ID=1001049] / "
*,"311704003-PM-03",Process geological data,"629",48,2018-07-01 00:00:00.000,2025-12-30 00:00:00.000,2026-12-30 00:00:00.000,2029-12-30 00:00:00.000,"4",Application,Core,Y,472,,"<ZZQctoModule>: Inserted GenericPO[Table=1000258ID=1001050] / <ZZQctoModule>: Inserted GenericPO[Table=1000258ID=1001050] / "
*,"311704003-WM-01",Marine mining geological operations,"629",48,2018-07-01 00:00:00.000,2025-12-30 00:00:00.000,2026-12-30 00:00:00.000,2029-12-30 00:00:00.000,"2",Work experience,Core,Y,473,,"<ZZQctoModule>: Inserted GenericPO[Table=1000258ID=1001051] / <ZZQctoModule>: Inserted GenericPO[Table=1000258ID=1001051] / "
*,"311704003-WM-02",Marine mining geological operations,"629",48,2018-07-01 00:00:00.000,2025-12-30 00:00:00.000,2026-12-30 00:00:00.000,2029-12-30 00:00:00.000,"2",Work experience,Core,Y,474,,"<ZZQctoModule>: Inserted GenericPO[Table=1000258ID=1001052] / <ZZQctoModule>: Inserted GenericPO[Table=1000258ID=1001052] / "
*,"311704002-KM-01",Workplace fundamentals,"629",6,2018-07-01 00:00:00.000,2025-12-30 00:00:00.000,2026-12-30 00:00:00.000,2029-12-30 00:00:00.000,"2",Knowledge,Core,Y,475,,"<ZZQctoModule>: Inserted GenericPO[Table=1000258ID=1001053] / <ZZQctoModule>: Inserted GenericPO[Table=1000258ID=1001053] / "
*,"311704002-KM-02","Safety, health and the environment","629",8,2018-07-01 00:00:00.000,2025-12-30 00:00:00.000,2026-12-30 00:00:00.000,2029-12-30 00:00:00.000,"2",Knowledge,Core,Y,476,,"<ZZQctoModule>: Inserted GenericPO[Table=1000258ID=1001054] / <ZZQctoModule>: Inserted GenericPO[Table=1000258ID=1001054] / "
*,"311704002-KM-03",Mines and mining operations,"629",4,2018-07-01 00:00:00.000,2025-12-30 00:00:00.000,2026-12-30 00:00:00.000,2029-12-30 00:00:00.000,"2",Knowledge,Core,Y,477,,"<ZZQctoModule>: Inserted GenericPO[Table=1000258ID=1001055] / <ZZQctoModule>: Inserted GenericPO[Table=1000258ID=1001055] / "
*,"311704002-KM-04",Geology,"629",40,2018-07-01 00:00:00.000,2025-12-30 00:00:00.000,2026-12-30 00:00:00.000,2029-12-30 00:00:00.000,"2",Knowledge,Core,Y,478,,"<ZZQctoModule>: Inserted GenericPO[Table=1000258ID=1001056] / <ZZQctoModule>: Inserted GenericPO[Table=1000258ID=1001056] / "
*,"311704002-KM-05",Work team supervision,"629",4,2018-07-01 00:00:00.000,2025-12-30 00:00:00.000,2026-12-30 00:00:00.000,2029-12-30 00:00:00.000,"3",Knowledge,Core,Y,479,,"<ZZQctoModule>: Inserted GenericPO[Table=1000258ID=1001057] / <ZZQctoModule>: Inserted GenericPO[Table=1000258ID=1001057] / "
*,"311704002-KM-06",Geology,"629",94,2018-07-01 00:00:00.000,2025-12-30 00:00:00.000,2026-12-30 00:00:00.000,2029-12-30 00:00:00.000,"4",Knowledge,Core,Y,480,,"<ZZQctoModule>: Inserted GenericPO[Table=1000258ID=1001058] / <ZZQctoModule>: Inserted GenericPO[Table=1000258ID=1001058] / "
*,"311704002-PM-01",Work safely and respond to surface mining emergencies,"629",4,2018-07-01 00:00:00.000,2025-12-30 00:00:00.000,2026-12-30 00:00:00.000,2029-12-30 00:00:00.000,"2",Application,Core,Y,481,,"<ZZQctoModule>: Inserted GenericPO[Table=1000258ID=1001059] / <ZZQctoModule>: Inserted GenericPO[Table=1000258ID=1001059] / "
*,"311704002-PM-02",Perform surface mining sampling activities,"629",20,2018-07-01 00:00:00.000,2025-12-30 00:00:00.000,2026-12-30 00:00:00.000,2029-12-30 00:00:00.000,"2",Application,Core,Y,482,,"<ZZQctoModule>: Inserted GenericPO[Table=1000258ID=1001060] / <ZZQctoModule>: Inserted GenericPO[Table=1000258ID=1001060] / "
*,"311704002-PM-03",Collect surface mining geological data,"629",20,2018-07-01 00:00:00.000,2025-12-30 00:00:00.000,2026-12-30 00:00:00.000,2029-12-30 00:00:00.000,"2",Application,Core,Y,483,,"<ZZQctoModule>: Inserted GenericPO[Table=1000258ID=1001061] / <ZZQctoModule>: Inserted GenericPO[Table=1000258ID=1001061] / "
*,"311704002-PM-04",Supervise the work team,"629",24,2018-07-01 00:00:00.000,2025-12-30 00:00:00.000,2026-12-30 00:00:00.000,2029-12-30 00:00:00.000,"3",Application,Core,Y,484,,"<ZZQctoModule>: Inserted GenericPO[Table=1000258ID=1001062] / <ZZQctoModule>: Inserted GenericPO[Table=1000258ID=1001062] / "
*,"311704002-PM-05",Collect surface mining geological data,"629",52,2018-07-01 00:00:00.000,2025-12-30 00:00:00.000,2026-12-30 00:00:00.000,2029-12-30 00:00:00.000,"4",Application,Core,Y,485,,"<ZZQctoModule>: Inserted GenericPO[Table=1000258ID=1001063] / <ZZQctoModule>: Inserted GenericPO[Table=1000258ID=1001063] / "
*,"311704002-PM-06",Process geological data,"629",76,2018-07-01 00:00:00.000,2025-12-30 00:00:00.000,2026-12-30 00:00:00.000,2029-12-30 00:00:00.000,"4",Application,Core,Y,486,,"<ZZQctoModule>: Inserted GenericPO[Table=1000258ID=1001064] / <ZZQctoModule>: Inserted GenericPO[Table=1000258ID=1001064] / "
*,"311704002-WM-01",Surface mining geological operations,"629",96,2018-07-01 00:00:00.000,2025-12-30 00:00:00.000,2026-12-30 00:00:00.000,2029-12-30 00:00:00.000,"2",Work experience,Core,Y,487,,"<ZZQctoModule>: Inserted GenericPO[Table=1000258ID=1001065] / <ZZQctoModule>: Inserted GenericPO[Table=1000258ID=1001065] / "
*,"311704002-WM-02",Surface mining geological operations,"629",120,2018-07-01 00:00:00.000,2025-12-30 00:00:00.000,2026-12-30 00:00:00.000,2029-12-30 00:00:00.000,"4",Work experience,Core,Y,488,,"<ZZQctoModule>: Inserted GenericPO[Table=1000258ID=1001066] / <ZZQctoModule>: Inserted GenericPO[Table=1000258ID=1001066] / "
*,"312101000-KM-01",Fluid Dynamics,"629",39,2018-07-01 00:00:00.000,2025-12-30 00:00:00.000,2026-12-30 00:00:00.000,2029-12-30 00:00:00.000,"7",Knowledge,Core,Y,489,,"<ZZQctoModule>: Inserted GenericPO[Table=1000258ID=1001067] / <ZZQctoModule>: Inserted GenericPO[Table=1000258ID=1001067] / "
*,"312101000-KM-02",Thermal Engineering,"629",80,2018-07-01 00:00:00.000,2025-12-30 00:00:00.000,2026-12-30 00:00:00.000,2029-12-30 00:00:00.000,"7",Knowledge,Core,Y,490,,"<ZZQctoModule>: Inserted GenericPO[Table=1000258ID=1001068] / <ZZQctoModule>: Inserted GenericPO[Table=1000258ID=1001068] / "
*,"312101000-KM-03",Operations Management and Supervision,"629",72,2018-07-01 00:00:00.000,2025-12-30 00:00:00.000,2026-12-30 00:00:00.000,2029-12-30 00:00:00.000,"6",Knowledge,Core,Y,491,,"<ZZQctoModule>: Inserted GenericPO[Table=1000258ID=1001069] / <ZZQctoModule>: Inserted GenericPO[Table=1000258ID=1001069] / "
*,"312101000-KM-04",Mine Ventilation and Occupational Environmental Engineering,"629",56,2018-07-01 00:00:00.000,2025-12-30 00:00:00.000,2026-12-30 00:00:00.000,2029-12-30 00:00:00.000,"6",Knowledge,Core,Y,492,,"<ZZQctoModule>: Inserted GenericPO[Table=1000258ID=1001070] / <ZZQctoModule>: Inserted GenericPO[Table=1000258ID=1001070] / "
*,"312101000-KM-05",Occupational Health and Hygiene,"629",72,2018-07-01 00:00:00.000,2025-12-30 00:00:00.000,2026-12-30 00:00:00.000,2029-12-30 00:00:00.000,"5",Knowledge,Core,Y,493,,"<ZZQctoModule>: Inserted GenericPO[Table=1000258ID=1001071] / <ZZQctoModule>: Inserted GenericPO[Table=1000258ID=1001071] / "
*,"312101000-PM-01",Anticipate all hazards and risks associated with occupational hygiene stressors that may be present in an existing or new mining operations,"629",36,2018-07-01 00:00:00.000,2025-12-30 00:00:00.000,2026-12-30 00:00:00.000,2029-12-30 00:00:00.000,"5",Application,Core,Y,494,,"<ZZQctoModule>: Inserted GenericPO[Table=1000258ID=1001072] / <ZZQctoModule>: Inserted GenericPO[Table=1000258ID=1001072] / "
*,"312101000-PM-02","Confirm by measurement, observation and experience the presence of occupational hygiene and other hazards and risks","629",12,2018-07-01 00:00:00.000,2025-12-30 00:00:00.000,2026-12-30 00:00:00.000,2029-12-30 00:00:00.000,"5",Application,Core,Y,495,,"<ZZQctoModule>: Inserted GenericPO[Table=1000258ID=1001073] / <ZZQctoModule>: Inserted GenericPO[Table=1000258ID=1001073] / "
*,"312101000-PM-03",Evaluate to determine the degree of the occupational hygiene and other hazards and risks,"629",20,2018-07-01 00:00:00.000,2025-12-30 00:00:00.000,2026-12-30 00:00:00.000,2029-12-30 00:00:00.000,"6",Application,Core,Y,496,,"<ZZQctoModule>: Inserted GenericPO[Table=1000258ID=1001074] / <ZZQctoModule>: Inserted GenericPO[Table=1000258ID=1001074] / "
*,"312101000-PM-04",Manage or control occupational hygiene stressors in order to safeguard occupational health,"629",16,2018-07-01 00:00:00.000,2025-12-30 00:00:00.000,2026-12-30 00:00:00.000,2029-12-30 00:00:00.000,"6",Application,Core,Y,497,,"<ZZQctoModule>: Inserted GenericPO[Table=1000258ID=1001075] / <ZZQctoModule>: Inserted GenericPO[Table=1000258ID=1001075] / "
*,"312101000-PM-05","Prepare and submit routine, short - medium and long-term mine environmental control plans Including impacts of occupational hygiene stressors, ventilation, refrigeration","629",16,2018-07-01 00:00:00.000,2025-12-30 00:00:00.000,2026-12-30 00:00:00.000,2029-12-30 00:00:00.000,"6",Application,Core,Y,498,,"<ZZQctoModule>: Inserted GenericPO[Table=1000258ID=1001076] / <ZZQctoModule>: Inserted GenericPO[Table=1000258ID=1001076] / "
*,"312101000-PM-06","Develop and ensure implementation and alignment of applicable codes of practices, guidelines and leading practices relating to mine environmental control","629",8,2018-07-01 00:00:00.000,2025-12-30 00:00:00.000,2026-12-30 00:00:00.000,2029-12-30 00:00:00.000,"6",Application,Core,Y,499,,"<ZZQctoModule>: Inserted GenericPO[Table=1000258ID=1001077] / <ZZQctoModule>: Inserted GenericPO[Table=1000258ID=1001077] / "
*,"312101000-PM-07",Determine the sufficiency of current monitoring practices and systems,"629",6,2018-07-01 00:00:00.000,2025-12-30 00:00:00.000,2026-12-30 00:00:00.000,2029-12-30 00:00:00.000,"7",Application,Core,Y,500,,"<ZZQctoModule>: Inserted GenericPO[Table=1000258ID=1001078] / <ZZQctoModule>: Inserted GenericPO[Table=1000258ID=1001078] / "
*,"312101000-PM-08",Manage and coordinate the financial activities of the department,"629",12,2018-07-01 00:00:00.000,2025-12-30 00:00:00.000,2026-12-30 00:00:00.000,2029-12-30 00:00:00.000,"7",Application,Core,Y,501,,"<ZZQctoModule>: Inserted GenericPO[Table=1000258ID=1001079] / <ZZQctoModule>: Inserted GenericPO[Table=1000258ID=1001079] / "
*,"312101000-PM-09",Manage the operations of an environmental control function for a mine or designated area of a mine,"629",8,2018-07-01 00:00:00.000,2025-12-30 00:00:00.000,2026-12-30 00:00:00.000,2029-12-30 00:00:00.000,"7",Application,Core,Y,502,,"<ZZQctoModule>: Inserted GenericPO[Table=1000258ID=1001080] / <ZZQctoModule>: Inserted GenericPO[Table=1000258ID=1001080] / "
*,"312101000-WM-01","Anticipate, recognise, evaluate and control all occupational hygiene stressors for the designated area on an underground mine","629",48,2018-07-01 00:00:00.000,2025-12-30 00:00:00.000,2026-12-30 00:00:00.000,2029-12-30 00:00:00.000,"5",Work experience,Core,Y,503,,"<ZZQctoModule>: Inserted GenericPO[Table=1000258ID=1001081] / <ZZQctoModule>: Inserted GenericPO[Table=1000258ID=1001081] / "
*,"312101000-WM-02","Anticipate, recognise, evaluate and control all occupational hygiene stressors for the designated area within a mineral processing plant","629",32,2018-07-01 00:00:00.000,2025-12-30 00:00:00.000,2026-12-30 00:00:00.000,2029-12-30 00:00:00.000,"6",Work experience,Core,Y,504,,"<ZZQctoModule>: Inserted GenericPO[Table=1000258ID=1001082] / <ZZQctoModule>: Inserted GenericPO[Table=1000258ID=1001082] / "
*,"312101000-WM-03",Mine Radiation Protection Officer,"629",16,2018-07-01 00:00:00.000,2025-12-30 00:00:00.000,2026-12-30 00:00:00.000,2029-12-30 00:00:00.000,"5",Work experience,Core,Y,505,,"<ZZQctoModule>: Inserted GenericPO[Table=1000258ID=1001083] / <ZZQctoModule>: Inserted GenericPO[Table=1000258ID=1001083] / "
*,"312101000-WM-04",Mine Ventilation Practices,"629",48,2018-07-01 00:00:00.000,2025-12-30 00:00:00.000,2026-12-30 00:00:00.000,2029-12-30 00:00:00.000,"6",Work experience,Core,Y,506,,"<ZZQctoModule>: Inserted GenericPO[Table=1000258ID=1001084] / <ZZQctoModule>: Inserted GenericPO[Table=1000258ID=1001084] / "
*,"312101000-WM-05",Act as a legally appointed Mine Environmental Control supervisor,"629",64,2018-07-01 00:00:00.000,2025-12-30 00:00:00.000,2026-12-30 00:00:00.000,2029-12-30 00:00:00.000,"7",Work experience,Core,Y,507,,"<ZZQctoModule>: Inserted GenericPO[Table=1000258ID=1001085] / <ZZQctoModule>: Inserted GenericPO[Table=1000258ID=1001085] / "
*,"312102-000-00-KM-01","Health, Safety, and the Environment","629",4,2023-11-14 00:00:00.000,2028-11-14 00:00:00.000,2029-11-14 00:00:00.000,2031-11-14 00:00:00.000,"2",Knowledge,Core,Y,508,,"<ZZQctoModule>: Inserted GenericPO[Table=1000258ID=1001086] / <ZZQctoModule>: Inserted GenericPO[Table=1000258ID=1001086] / "
*,"312102-000-00-KM-02",Mining Operations,"629",4,2023-11-14 00:00:00.000,2028-11-14 00:00:00.000,2029-11-14 00:00:00.000,2031-11-14 00:00:00.000,"2",Knowledge,Core,Y,509,,"<ZZQctoModule>: Inserted GenericPO[Table=1000258ID=1001087] / <ZZQctoModule>: Inserted GenericPO[Table=1000258ID=1001087] / "
*,"312102-000-00-KM-03",Crew Supervision,"629",4,2023-11-14 00:00:00.000,2028-11-14 00:00:00.000,2029-11-14 00:00:00.000,2031-11-14 00:00:00.000,"2",Knowledge,Core,Y,510,,"<ZZQctoModule>: Inserted GenericPO[Table=1000258ID=1001088] / <ZZQctoModule>: Inserted GenericPO[Table=1000258ID=1001088] / "
*,"312102-000-00-KM-04",Production Operations,"629",8,2023-11-14 00:00:00.000,2028-11-14 00:00:00.000,2029-11-14 00:00:00.000,2031-11-14 00:00:00.000,"2",Knowledge,Core,Y,511,,"<ZZQctoModule>: Inserted GenericPO[Table=1000258ID=1001089] / <ZZQctoModule>: Inserted GenericPO[Table=1000258ID=1001089] / "
*,"312102-000-00-KM-05",Team Leadership,"629",8,2023-11-14 00:00:00.000,2028-11-14 00:00:00.000,2029-11-14 00:00:00.000,2031-11-14 00:00:00.000,"3",Knowledge,Core,Y,512,,"<ZZQctoModule>: Inserted GenericPO[Table=1000258ID=1001090] / <ZZQctoModule>: Inserted GenericPO[Table=1000258ID=1001090] / "
*,"312102-000-00-PM-01","Apply, Exercise, and Ensure Safety, Health and Environmental Principles and Procedures","629",8,2023-11-14 00:00:00.000,2028-11-14 00:00:00.000,2029-11-14 00:00:00.000,2031-11-14 00:00:00.000,"2",Application,Core,Y,513,,"<ZZQctoModule>: Inserted GenericPO[Table=1000258ID=1001091] / <ZZQctoModule>: Inserted GenericPO[Table=1000258ID=1001091] / "
*,"312102-000-00-PM-02",Conduct Entry Examinations and Safe Declarations,"629",8,2023-11-14 00:00:00.000,2028-11-14 00:00:00.000,2029-11-14 00:00:00.000,2031-11-14 00:00:00.000,"2",Application,Core,Y,514,,"<ZZQctoModule>: Inserted GenericPO[Table=1000258ID=1001092] / <ZZQctoModule>: Inserted GenericPO[Table=1000258ID=1001092] / "
*,"312102-000-00-PM-03",Supervise Production Operations,"629",26,2023-11-14 00:00:00.000,2028-11-14 00:00:00.000,2029-11-14 00:00:00.000,2031-11-14 00:00:00.000,"2",Application,Core,Y,515,,"<ZZQctoModule>: Inserted GenericPO[Table=1000258ID=1001093] / <ZZQctoModule>: Inserted GenericPO[Table=1000258ID=1001093] / "
*,"312102-000-00-WM-01",Mine Safe Declaration Operations,"629",8,2023-11-14 00:00:00.000,2028-11-14 00:00:00.000,2029-11-14 00:00:00.000,2031-11-14 00:00:00.000,"2",Work experience,Core,Y,516,,"<ZZQctoModule>: Inserted GenericPO[Table=1000258ID=1001094] / <ZZQctoModule>: Inserted GenericPO[Table=1000258ID=1001094] / "
*,"312102-000-00-WM-02",Mining Production Operations,"629",32,2023-11-14 00:00:00.000,2028-11-14 00:00:00.000,2029-11-14 00:00:00.000,2031-11-14 00:00:00.000,"2",Work experience,Core,Y,517,,"<ZZQctoModule>: Inserted GenericPO[Table=1000258ID=1001095] / <ZZQctoModule>: Inserted GenericPO[Table=1000258ID=1001095] / "
*,"684201-001-00-KM-01",Workplace Fundamentals,"629",4,2023-11-14 00:00:00.000,2028-11-14 00:00:00.000,2029-11-14 00:00:00.000,2032-11-14 00:00:00.000,"2",Knowledge,Core,Y,518,,"<ZZQctoModule>: Inserted GenericPO[Table=1000258ID=1001096] / <ZZQctoModule>: Inserted GenericPO[Table=1000258ID=1001096] / "
*,"684201-001-00-KM-02","Health, Safety, and The Environment","629",4,2023-11-14 00:00:00.000,2028-11-14 00:00:00.000,2029-11-14 00:00:00.000,2032-11-14 00:00:00.000,"2",Knowledge,Core,Y,519,,"<ZZQctoModule>: Inserted GenericPO[Table=1000258ID=1001097] / <ZZQctoModule>: Inserted GenericPO[Table=1000258ID=1001097] / "
*,"684201-001-00-KM-03",Mining Operations,"629",4,2023-11-14 00:00:00.000,2028-11-14 00:00:00.000,2029-11-14 00:00:00.000,2032-11-14 00:00:00.000,"2",Knowledge,Core,Y,520,,"<ZZQctoModule>: Inserted GenericPO[Table=1000258ID=1001098] / <ZZQctoModule>: Inserted GenericPO[Table=1000258ID=1001098] / "
*,"684201-001-00-KM-04","Health, Safety, and The Environment","629",8,2023-11-14 00:00:00.000,2028-11-14 00:00:00.000,2029-11-14 00:00:00.000,2032-11-14 00:00:00.000,"3",Knowledge,Core,Y,521,,"<ZZQctoModule>: Inserted GenericPO[Table=1000258ID=1001099] / <ZZQctoModule>: Inserted GenericPO[Table=1000258ID=1001099] / "
*,"684201-001-00-KM-05",Mining Operations,"629",4,2023-11-14 00:00:00.000,2028-11-14 00:00:00.000,2029-11-14 00:00:00.000,2032-11-14 00:00:00.000,"3",Knowledge,Core,Y,522,,"<ZZQctoModule>: Inserted GenericPO[Table=1000258ID=1001100] / <ZZQctoModule>: Inserted GenericPO[Table=1000258ID=1001100] / "
*,"684201-001-00-KM-06",Crew Supervision,"629",4,2023-11-14 00:00:00.000,2028-11-14 00:00:00.000,2029-11-14 00:00:00.000,2032-11-14 00:00:00.000,"2",Knowledge,Core,Y,523,,"<ZZQctoModule>: Inserted GenericPO[Table=1000258ID=1001101] / <ZZQctoModule>: Inserted GenericPO[Table=1000258ID=1001101] / "
*,"684201-001-00-KM-07",Production Operations,"629",8,2023-11-14 00:00:00.000,2028-11-14 00:00:00.000,2029-11-14 00:00:00.000,2032-11-14 00:00:00.000,"3",Knowledge,Core,Y,524,,"<ZZQctoModule>: Inserted GenericPO[Table=1000258ID=1001102] / <ZZQctoModule>: Inserted GenericPO[Table=1000258ID=1001102] / "
*,"684201-001-00-PM-01","Apply, Exercise, and ensure Safety, Health and Environmental Principles and Procedures","629",4,2023-11-14 00:00:00.000,2028-11-14 00:00:00.000,2029-11-14 00:00:00.000,2032-11-14 00:00:00.000,"2",Application,Core,Y,525,,"<ZZQctoModule>: Inserted GenericPO[Table=1000258ID=1001103] / <ZZQctoModule>: Inserted GenericPO[Table=1000258ID=1001103] / "
*,"684201-001-00-PM-02",Handle Explosives,"629",4,2023-11-14 00:00:00.000,2028-11-14 00:00:00.000,2029-11-14 00:00:00.000,2032-11-14 00:00:00.000,"2",Application,Core,Y,526,,"<ZZQctoModule>: Inserted GenericPO[Table=1000258ID=1001104] / <ZZQctoModule>: Inserted GenericPO[Table=1000258ID=1001104] / "
*,"684201-001-00-PM-03",Use Explosives,"629",4,2023-11-14 00:00:00.000,2028-11-14 00:00:00.000,2029-11-14 00:00:00.000,2032-11-14 00:00:00.000,"2",Application,Core,Y,527,,"<ZZQctoModule>: Inserted GenericPO[Table=1000258ID=1001105] / <ZZQctoModule>: Inserted GenericPO[Table=1000258ID=1001105] / "
*,"684201-001-00-PM-04","Apply Safety, Health and Environmental Measures, Processes, and Procedures","629",12,2023-11-14 00:00:00.000,2028-11-14 00:00:00.000,2029-11-14 00:00:00.000,2032-11-14 00:00:00.000,"3",Application,Core,Y,528,,"<ZZQctoModule>: Inserted GenericPO[Table=1000258ID=1001106] / <ZZQctoModule>: Inserted GenericPO[Table=1000258ID=1001106] / "
*,"684201-001-00-PM-05",Conduct Blasting Operations,"629",32,2023-11-14 00:00:00.000,2028-11-14 00:00:00.000,2029-11-14 00:00:00.000,2032-11-14 00:00:00.000,"3",Application,Core,Y,529,,"<ZZQctoModule>: Inserted GenericPO[Table=1000258ID=1001107] / <ZZQctoModule>: Inserted GenericPO[Table=1000258ID=1001107] / "
*,"684201-001-00-WM-01",Explosive Handling,"629",4,2023-11-14 00:00:00.000,2028-11-14 00:00:00.000,2029-11-14 00:00:00.000,2032-11-14 00:00:00.000,"2",Work experience,Core,Y,530,,"<ZZQctoModule>: Inserted GenericPO[Table=1000258ID=1001108] / <ZZQctoModule>: Inserted GenericPO[Table=1000258ID=1001108] / "
*,"684201-001-00-WM-02",Blasting Operations,"629",24,2023-11-14 00:00:00.000,2028-11-14 00:00:00.000,2029-11-14 00:00:00.000,2032-11-14 00:00:00.000,"3",Work experience,Core,Y,531,,"<ZZQctoModule>: Inserted GenericPO[Table=1000258ID=1001109] / <ZZQctoModule>: Inserted GenericPO[Table=1000258ID=1001109] / "
*,"312101-002-00-KM-01","Health, Safety, and the Environment","629",24,2022-06-21 00:00:00.000,2027-06-21 00:00:00.000,2028-06-21 00:00:00.000,2031-06-21 00:00:00.000,"5",Knowledge,Core,Y,532,,"<ZZQctoModule>: Inserted GenericPO[Table=1000258ID=1001110] / <ZZQctoModule>: Inserted GenericPO[Table=1000258ID=1001110] / "
*,"312101-002-00-KM-02",Mining Operations,"629",32,2022-06-21 00:00:00.000,2027-06-21 00:00:00.000,2028-06-21 00:00:00.000,2031-06-21 00:00:00.000,"5",Knowledge,Core,Y,533,,"<ZZQctoModule>: Inserted GenericPO[Table=1000258ID=1001111] / <ZZQctoModule>: Inserted GenericPO[Table=1000258ID=1001111] / "
*,"312101-002-00-KM-04",Supervision and Management,"629",8,2022-06-21 00:00:00.000,2027-06-21 00:00:00.000,2028-06-21 00:00:00.000,2031-06-21 00:00:00.000,"5",Knowledge,Core,Y,534,,"<ZZQctoModule>: Inserted GenericPO[Table=1000258ID=1001112] / <ZZQctoModule>: Inserted GenericPO[Table=1000258ID=1001112] / "
*,"312101-002-00-KM-05",Business Administration,"629",8,2022-06-21 00:00:00.000,2027-06-21 00:00:00.000,2028-06-21 00:00:00.000,2031-06-21 00:00:00.000,"5",Knowledge,Core,Y,535,,"<ZZQctoModule>: Inserted GenericPO[Table=1000258ID=1001113] / <ZZQctoModule>: Inserted GenericPO[Table=1000258ID=1001113] / "
*,"312101-002-00-PM-01","Oversee, Apply and Ensure Safety, Health and Environmental Statutory, Regulatory and Organisational Compliance for Mining Operations","629",24,2022-06-21 00:00:00.000,2027-06-21 00:00:00.000,2028-06-21 00:00:00.000,2031-06-21 00:00:00.000,"5",Application,Core,Y,536,,"<ZZQctoModule>: Inserted GenericPO[Table=1000258ID=1001114] / <ZZQctoModule>: Inserted GenericPO[Table=1000258ID=1001114] / "
*,"312101-002-00-PM-02","Contribute to the Mine Layouts; Develop Plans and Schedules, for Mining Operations","629",16,2022-06-21 00:00:00.000,2027-06-21 00:00:00.000,2028-06-21 00:00:00.000,2031-06-21 00:00:00.000,"5",Application,Core,Y,537,,"<ZZQctoModule>: Inserted GenericPO[Table=1000258ID=1001115] / <ZZQctoModule>: Inserted GenericPO[Table=1000258ID=1001115] / "
*,"312101-002-00-PM-03","Oversee, Organise, Direct, Monitor, Control, and Coordinate Mining Production Operations","629",36,2022-06-21 00:00:00.000,2027-06-21 00:00:00.000,2028-06-21 00:00:00.000,2031-06-21 00:00:00.000,"5",Application,Core,Y,538,,"<ZZQctoModule>: Inserted GenericPO[Table=1000258ID=1001116] / <ZZQctoModule>: Inserted GenericPO[Table=1000258ID=1001116] / "
*,"312101-002-00-WM-01",Underground Hard Rock Production Operations,"629",40,2022-06-21 00:00:00.000,2027-06-21 00:00:00.000,2028-06-21 00:00:00.000,2031-06-21 00:00:00.000,"5",Work experience,Elective,Y,539,,"<ZZQctoModule>: Inserted GenericPO[Table=1000258ID=1001117] / <ZZQctoModule>: Inserted GenericPO[Table=1000258ID=1001117] / "
*,"312101-002-00-WM-02",Underground Coal Production Operations,"629",40,2022-06-21 00:00:00.000,2027-06-21 00:00:00.000,2028-02-17 00:00:00.000,2031-06-21 00:00:00.000,"5",Work experience,Elective,Y,540,,"<ZZQctoModule>: Inserted GenericPO[Table=1000258ID=1001118] / <ZZQctoModule>: Inserted GenericPO[Table=1000258ID=1001118] / "
*,"312101-002-00-WM-03",Surface Production Operations,"629",40,2022-06-21 00:00:00.000,2027-06-21 00:00:00.000,2028-06-21 00:00:00.000,2031-06-21 00:00:00.000,"5",Work experience,Elective,Y,541,,"<ZZQctoModule>: Inserted GenericPO[Table=1000258ID=1001119] / <ZZQctoModule>: Inserted GenericPO[Table=1000258ID=1001119] / "
*,"226302-000-01-KM-01",Occupational Health and Safety Management Systems,"629",11,2024-01-30 00:00:00.000,2029-01-30 00:00:00.000,2030-01-30 00:00:00.000,2033-01-30 00:00:00.000,"5",Knowledge,Core,Y,542,,"<ZZQctoModule>: Inserted GenericPO[Table=1000258ID=1001120] / <ZZQctoModule>: Inserted GenericPO[Table=1000258ID=1001120] / "
*,"226302-000-01-KM-02",Governance and Sustainability within the OHS Context,"629",11,2024-01-30 00:00:00.000,2029-01-30 00:00:00.000,2030-01-30 00:00:00.000,2033-01-30 00:00:00.000,"5",Knowledge,Core,Y,543,,"<ZZQctoModule>: Inserted GenericPO[Table=1000258ID=1001121] / <ZZQctoModule>: Inserted GenericPO[Table=1000258ID=1001121] / "
*,"226302-000-01-KM-03",Fundamentals of Operations Management for OHS Practitioners,"629",12,2024-01-30 00:00:00.000,2029-01-30 00:00:00.000,2030-01-30 00:00:00.000,2033-01-30 00:00:00.000,"5",Knowledge,Core,Y,544,,"<ZZQctoModule>: Inserted GenericPO[Table=1000258ID=1001122] / <ZZQctoModule>: Inserted GenericPO[Table=1000258ID=1001122] / "
*,"226302-000-01-PM-01",Develop a Risk Profile and Legal Register for a Designated Work Area,"629",12,2024-01-30 00:00:00.000,2029-01-30 00:00:00.000,2030-01-30 00:00:00.000,2033-01-30 00:00:00.000,"5",Application,Core,Y,545,,"<ZZQctoModule>: Inserted GenericPO[Table=1000258ID=1001123] / <ZZQctoModule>: Inserted GenericPO[Table=1000258ID=1001123] / "
*,"226302-000-01-PM-02","Establish, Maintain and Improve the Health and Safety Documentation and Reporting Systems","629",12,2024-01-30 00:00:00.000,2029-01-30 00:00:00.000,2030-01-30 00:00:00.000,2033-01-30 00:00:00.000,"5",Application,Core,Y,546,,"<ZZQctoModule>: Inserted GenericPO[Table=1000258ID=1001124] / <ZZQctoModule>: Inserted GenericPO[Table=1000258ID=1001124] / "
*,"226302-000-01-PM-03",Advise on the Establishment Maintenance and Improvement of Emergency Response and preparedness,"629",12,2024-01-30 00:00:00.000,2029-01-30 00:00:00.000,2030-01-30 00:00:00.000,2033-01-30 00:00:00.000,"5",Application,Core,Y,547,,"<ZZQctoModule>: Inserted GenericPO[Table=1000258ID=1001125] / <ZZQctoModule>: Inserted GenericPO[Table=1000258ID=1001125] / "
*,"226302-000-01-PM-04",Manage the Effectiveness of Operational Occupational Health and Safety Systems,"629",12,2024-01-30 00:00:00.000,2029-01-30 00:00:00.000,2030-01-30 00:00:00.000,2033-01-30 00:00:00.000,"5",Application,Core,Y,548,,"<ZZQctoModule>: Inserted GenericPO[Table=1000258ID=1001126] / <ZZQctoModule>: Inserted GenericPO[Table=1000258ID=1001126] / "
*,"226302-000-01-WM-01",Operational Planning and Review Processes,"629",19,2024-01-30 00:00:00.000,2029-01-30 00:00:00.000,2030-01-30 00:00:00.000,2033-02-17 00:00:00.000,"5",Work experience,Core,Y,549,,"<ZZQctoModule>: Inserted GenericPO[Table=1000258ID=1001127] / <ZZQctoModule>: Inserted GenericPO[Table=1000258ID=1001127] / "
*,"226302-000-01-WM-02",Management and Supervision Processes,"629",19,2024-01-30 00:00:00.000,2029-01-30 00:00:00.000,2030-01-30 00:00:00.000,2033-01-30 00:00:00.000,"5",Work experience,Core,Y,550,,"<ZZQctoModule>: Inserted GenericPO[Table=1000258ID=1001128] / <ZZQctoModule>: Inserted GenericPO[Table=1000258ID=1001128] / "
*,"226302-001-01-KM-01",Fundamentals of Occupational Health and Safety,"629",4,2024-01-30 00:00:00.000,2029-01-30 00:00:00.000,2030-01-30 00:00:00.000,2033-01-30 00:00:00.000,"3",Knowledge,Core,Y,551,,"<ZZQctoModule>: Inserted GenericPO[Table=1000258ID=1001129] / <ZZQctoModule>: Inserted GenericPO[Table=1000258ID=1001129] / "
*,"226302-001-01-KM-02",Fundamentals of Representing Employees Regarding OHS Issues,"629",4,2024-01-30 00:00:00.000,2029-01-30 00:00:00.000,2030-01-30 00:00:00.000,2033-01-30 00:00:00.000,"3",Knowledge,Core,Y,552,,"<ZZQctoModule>: Inserted GenericPO[Table=1000258ID=1001130] / <ZZQctoModule>: Inserted GenericPO[Table=1000258ID=1001130] / "
*,"226302-001-01-KM-03",Fundamentals of Communication within the OHS Discipline,"629",4,2024-01-30 00:00:00.000,2029-01-30 00:00:00.000,2030-01-30 00:00:00.000,2033-01-30 00:00:00.000,"3",Knowledge,Core,Y,553,,"<ZZQctoModule>: Inserted GenericPO[Table=1000258ID=1001131] / <ZZQctoModule>: Inserted GenericPO[Table=1000258ID=1001131] / "
*,"226302-001-01-KM-04",OHS Administration and Record Management,"629",16,2024-01-30 00:00:00.000,2029-01-30 00:00:00.000,2030-01-30 00:00:00.000,2033-01-30 00:00:00.000,"4",Knowledge,Core,Y,554,,"<ZZQctoModule>: Inserted GenericPO[Table=1000258ID=1001132] / <ZZQctoModule>: Inserted GenericPO[Table=1000258ID=1001132] / "
*,"226302-001-01-KM-05",Occupational Health and Safety Applications,"629",22,2024-01-30 00:00:00.000,2029-01-30 00:00:00.000,2030-01-30 00:00:00.000,2033-01-30 00:00:00.000,"4",Knowledge,Core,Y,555,,"<ZZQctoModule>: Inserted GenericPO[Table=1000258ID=1001133] / <ZZQctoModule>: Inserted GenericPO[Table=1000258ID=1001133] / "
*,"226302-001-01-PM-01",Represent the Needs of Employees with regard to Occupational Health and Safety matters,"629",1,2024-01-30 00:00:00.000,2029-01-30 00:00:00.000,2030-01-30 00:00:00.000,2033-01-30 00:00:00.000,"3",Application,Core,Y,556,,"<ZZQctoModule>: Inserted GenericPO[Table=1000258ID=1001134] / <ZZQctoModule>: Inserted GenericPO[Table=1000258ID=1001134] / "
*,"226302-001-01-PM-02","Inspect Workplaces, Identify Hazards and Risks and take Immediate Action to Ensure Health and Safety in the Workplace","629",1,2024-01-30 00:00:00.000,2029-01-30 00:00:00.000,2030-01-30 00:00:00.000,2033-01-30 00:00:00.000,"3",Application,Core,Y,557,,"<ZZQctoModule>: Inserted GenericPO[Table=1000258ID=1001135] / <ZZQctoModule>: Inserted GenericPO[Table=1000258ID=1001135] / "
*,"226302-001-01-PM-03","Conduct Workplace Inspections, Check the Application of Fundamental Workplace Standards and Report on Compliance Variations","629",10,2024-01-30 00:00:00.000,2029-01-30 00:00:00.000,2030-01-30 00:00:00.000,2033-01-30 00:00:00.000,"3",Application,Core,Y,558,,"<ZZQctoModule>: Inserted GenericPO[Table=1000258ID=1001136] / <ZZQctoModule>: Inserted GenericPO[Table=1000258ID=1001136] / "
*,"226302-001-01-PM-04",Administer the Key Activities of an OHS Function,"629",16,2024-01-30 00:00:00.000,2029-01-30 00:00:00.000,2030-01-30 00:00:00.000,2033-01-30 00:00:00.000,"4",Application,Core,Y,559,,"<ZZQctoModule>: Inserted GenericPO[Table=1000258ID=1001137] / <ZZQctoModule>: Inserted GenericPO[Table=1000258ID=1001137] / "
*,"226302-001-01-PM-05",Participate and Contribute Towards the Development of Hazard and Risk Assessments,"629",6,2024-01-30 00:00:00.000,2029-01-30 00:00:00.000,2030-01-30 00:00:00.000,2033-01-30 00:00:00.000,"4",Application,Core,Y,560,,"<ZZQctoModule>: Inserted GenericPO[Table=1000258ID=1001138] / <ZZQctoModule>: Inserted GenericPO[Table=1000258ID=1001138] / "
*,"226302-001-01-PM-06",Supervise the Smooth Execution of the Activities of an OHS Function,"629",4,2024-01-30 00:00:00.000,2029-01-30 00:00:00.000,2030-01-30 00:00:00.000,2033-01-30 00:00:00.000,"4",Application,Core,Y,561,,"<ZZQctoModule>: Inserted GenericPO[Table=1000258ID=1001139] / <ZZQctoModule>: Inserted GenericPO[Table=1000258ID=1001139] / "
*,"226302-001-01-PM-07","Coordinate the Work Activities of Occupational, Health and Safety Representatives","629",6,2024-01-30 00:00:00.000,2029-01-30 00:00:00.000,2030-01-30 00:00:00.000,2033-01-30 00:00:00.000,"4",Application,Core,Y,562,,"<ZZQctoModule>: Inserted GenericPO[Table=1000258ID=1001140] / <ZZQctoModule>: Inserted GenericPO[Table=1000258ID=1001140] / "
*,"226302-001-01-WM-01",Processes of Representing Employees Regarding their Workplace OHS Needs,"629",4,2024-01-30 00:00:00.000,2029-01-30 00:00:00.000,2030-01-30 00:00:00.000,2033-01-30 00:00:00.000,"3",Work experience,Core,Y,563,,"<ZZQctoModule>: Inserted GenericPO[Table=1000258ID=1001141] / <ZZQctoModule>: Inserted GenericPO[Table=1000258ID=1001141] / "
*,"226302-001-01-WM-02",Processes of Executing OHS Administration and Document Management,"629",4,2024-01-30 00:00:00.000,2029-01-30 00:00:00.000,2030-01-30 00:00:00.000,2033-01-30 00:00:00.000,"4",Work experience,Core,Y,564,,"<ZZQctoModule>: Inserted GenericPO[Table=1000258ID=1001142] / <ZZQctoModule>: Inserted GenericPO[Table=1000258ID=1001142] / "
*,"226302-001-01-WM-03","Processes of Managing Workplace Accidents, Incidents and other Emergencies","629",8,2024-01-30 00:00:00.000,2029-01-30 00:00:00.000,2030-01-30 00:00:00.000,2033-01-30 00:00:00.000,"4",Work experience,Core,Y,565,,"<ZZQctoModule>: Inserted GenericPO[Table=1000258ID=1001143] / <ZZQctoModule>: Inserted GenericPO[Table=1000258ID=1001143] / "
*,"226302-001-01-WM-04",Incident Investigation Processes,"629",10,2024-01-30 00:00:00.000,2029-01-30 00:00:00.000,2030-01-30 00:00:00.000,2033-01-30 00:00:00.000,"4",Work experience,Core,Y,566,,"<ZZQctoModule>: Inserted GenericPO[Table=1000258ID=1001144] / <ZZQctoModule>: Inserted GenericPO[Table=1000258ID=1001144] / "
*,"831101-006-00-KM-01",Supervision,"629",4,2023-11-14 00:00:00.000,2028-11-14 00:00:00.000,2029-11-14 00:00:00.000,2030-11-13 00:00:00.000,"2",Knowledge,Core,Y,567,,"<ZZQctoModule>: Inserted GenericPO[Table=1000258ID=1001145] / <ZZQctoModule>: Inserted GenericPO[Table=1000258ID=1001145] / "
*,"831101-006-00-00-PM-01","Conduct the shift procedures, the waiting-place/ assembly point procedures, and the entry examination; makes the workplace safe; and declare the workplace safe, for underground hardrock mining operations","629",4,2023-11-14 00:00:00.000,2028-11-14 00:00:00.000,2029-11-14 00:00:00.000,2030-11-13 00:00:00.000,"2",Application,Core,Y,568,,"<ZZQctoModule>: Inserted GenericPO[Table=1000258ID=1001146] / <ZZQctoModule>: Inserted GenericPO[Table=1000258ID=1001146] / "
*,"831101-006-00-00-PM-02","Conduct the shift procedures, the waiting-place/ assembly point procedures, and the entry examination; makes the workplace safe; and declare the workplace safe, for underground coal mining operations","629",8,2023-11-14 00:00:00.000,2028-11-14 00:00:00.000,2029-11-14 00:00:00.000,2030-11-13 00:00:00.000,"2",Application,Core,Y,569,,"<ZZQctoModule>: Inserted GenericPO[Table=1000258ID=1001147] / <ZZQctoModule>: Inserted GenericPO[Table=1000258ID=1001147] / "
*,"831101-006-00-00-PM-03","Conduct the shift procedures, the waiting-place/ assembly point procedures, and the entry examination; makes the workplace safe; and declare the workplace safe, for surface mining operations","629",8,2023-11-14 00:00:00.000,2028-11-14 00:00:00.000,2029-11-14 00:00:00.000,2030-11-13 00:00:00.000,"2",Application,Core,Y,570,,"<ZZQctoModule>: Inserted GenericPO[Table=1000258ID=1001148] / <ZZQctoModule>: Inserted GenericPO[Table=1000258ID=1001148] / "
*,"900217-000-00- KM-01",Mines rescue and emergency work,"629",8,2023-03-25 00:00:00.000,2028-03-25 00:00:00.000,2029-03-25 00:00:00.000,2032-03-25 00:00:00.000,"4",Knowledge,Core,Y,571,,"<ZZQctoModule>: Inserted GenericPO[Table=1000258ID=1001149] / <ZZQctoModule>: Inserted GenericPO[Table=1000258ID=1001149] / "
*,"900217-000-00- PM-01",Locate and evaluate the extent of the fire and apply the method of managing the fire,"629",10,2023-03-25 00:00:00.000,2028-03-25 00:00:00.000,2029-03-25 00:00:00.000,2032-03-25 00:00:00.000,"4",Application,Core,Y,572,,"<ZZQctoModule>: Inserted GenericPO[Table=1000258ID=1001150] / <ZZQctoModule>: Inserted GenericPO[Table=1000258ID=1001150] / "
*,"900217-000-00- PM-02",Locate and extricate persons and monitor and evaluate rescue operations,"629",6,2023-03-25 00:00:00.000,2028-03-25 00:00:00.000,2029-03-25 00:00:00.000,2032-03-25 00:00:00.000,"4",Application,Core,Y,573,,"<ZZQctoModule>: Inserted GenericPO[Table=1000258ID=1001151] / <ZZQctoModule>: Inserted GenericPO[Table=1000258ID=1001151] / "
*,"900187-000-00-KM-01","Health, safety, and the environment, for mining operations","629",4,2023-03-25 00:00:00.000,2028-03-25 00:00:00.000,2029-03-25 00:00:00.000,2032-03-25 00:00:00.000,"2",Knowledge,Core,Y,574,,"<ZZQctoModule>: Inserted GenericPO[Table=1000258ID=1001152] / <ZZQctoModule>: Inserted GenericPO[Table=1000258ID=1001152] / "
*,"900173-000-00-KM-01",Mining operations,"629",8,2023-03-25 00:00:00.000,2028-03-25 00:00:00.000,2029-03-25 00:00:00.000,2032-03-25 00:00:00.000,"2",Knowledge,Core,Y,575,,"<ZZQctoModule>: Inserted GenericPO[Table=1000258ID=1001153] / <ZZQctoModule>: Inserted GenericPO[Table=1000258ID=1001153] / "
*,"900187-000-00-PM-01","Apply, exercise, and ensure safety, health and environmental measures and procedures for mining operations","629",4,2023-03-25 00:00:00.000,2028-03-25 00:00:00.000,2029-03-25 00:00:00.000,2032-03-25 00:00:00.000,"2",Application,Core,Y,576,,"<ZZQctoModule>: Inserted GenericPO[Table=1000258ID=1001154] / <ZZQctoModule>: Inserted GenericPO[Table=1000258ID=1001154] / "
*,"900187-000-00-PM-02",Complete underground hardrock firefighting operations,"629",8,2023-03-25 00:00:00.000,2028-03-25 00:00:00.000,2029-03-25 00:00:00.000,2032-03-25 00:00:00.000,"2",Application,Elective,Y,577,,"<ZZQctoModule>: Inserted GenericPO[Table=1000258ID=1001155] / <ZZQctoModule>: Inserted GenericPO[Table=1000258ID=1001155] / "
*,"900188-000-00-PM-03",Complete underground coal firefighting operations,"629",8,2023-03-25 00:00:00.000,2028-03-25 00:00:00.000,2029-03-25 00:00:00.000,2032-03-25 00:00:00.000,"2",Application,Elective,Y,578,,"<ZZQctoModule>: Inserted GenericPO[Table=1000258ID=1001156] / <ZZQctoModule>: Inserted GenericPO[Table=1000258ID=1001156] / "
*,"900189-000-00-PM-04",Complete surface mining firefighting operations,"629",8,2023-03-25 00:00:00.000,2028-03-25 00:00:00.000,2029-03-25 00:00:00.000,2032-03-25 00:00:00.000,"2",Application,Elective,Y,579,,"<ZZQctoModule>: Inserted GenericPO[Table=1000258ID=1001157] / <ZZQctoModule>: Inserted GenericPO[Table=1000258ID=1001157] / "
