"AD_Org_ID[Name]","ZZMigrationCode/K","IsActive","ZZMigrateValues"
*,1,Y,ZZUnitStandard:ZZUnitStandard_ID:83;ZZLearnership:ZZLearnership_ID:4;ref:ZZLkpUnitStandardType:ZZUnitStandardType:3
*,2,Y,ZZUnitStandard:ZZUnitStandard_ID:84;ZZLearnership:ZZLearnership_ID:4;ref:ZZLkpUnitStandardType:ZZUnitStandardType:1
*,3,Y,ZZUnitStandard:ZZUnitStandard_ID:85;ZZLearnership:ZZLearnership_ID:4;ref:ZZLkpUnitStandardType:ZZUnitStandardType:3
*,4,Y,ZZUnitStandard:ZZUnitStandard_ID:87;ZZLearnership:ZZLearnership_ID:4;ref:ZZLkpUnitStandardType:ZZUnitStandardType:3
*,5,Y,ZZUnitStandard:ZZUnitStandard_ID:88;ZZLearnership:ZZLearnership_ID:4;ref:ZZLkpUnitStandardType:ZZUnitStandardType:1
*,6,Y,ZZUnitStandard:ZZUnitStandard_ID:89;ZZLearnership:ZZLearnership_ID:4;ref:ZZLkpUnitStandardType:ZZUnitStandardType:1
*,7,Y,ZZUnitStandard:ZZUnitStandard_ID:90;ZZLearnership:ZZLearnership_ID:4;ref:ZZLkpUnitStandardType:ZZUnitStandardType:1
*,8,Y,ZZUnitStandard:ZZUnitStandard_ID:91;ZZLearnership:ZZLearnership_ID:4;ref:ZZLkpUnitStandardType:ZZUnitStandardType:1
*,9,Y,ZZUnitStandard:ZZUnitStandard_ID:349;ZZLearnership:ZZLearnership_ID:4;ref:ZZLkpUnitStandardType:ZZUnitStandardType:1
*,10,Y,ZZUnitStandard:ZZUnitStandard_ID:350;ZZLearnership:ZZLearnership_ID:4;ref:ZZLkpUnitStandardType:ZZUnitStandardType:3
*,11,Y,ZZUnitStandard:ZZUnitStandard_ID:351;ZZLearnership:ZZLearnership_ID:4;ref:ZZLkpUnitStandardType:ZZUnitStandardType:3
*,12,Y,ZZUnitStandard:ZZUnitStandard_ID:352;ZZLearnership:ZZLearnership_ID:4;ref:ZZLkpUnitStandardType:ZZUnitStandardType:3
*,13,Y,ZZUnitStandard:ZZUnitStandard_ID:353;ZZLearnership:ZZLearnership_ID:4;ref:ZZLkpUnitStandardType:ZZUnitStandardType:3
*,14,Y,ZZUnitStandard:ZZUnitStandard_ID:354;ZZLearnership:ZZLearnership_ID:4;ref:ZZLkpUnitStandardType:ZZUnitStandardType:1
*,15,Y,ZZUnitStandard:ZZUnitStandard_ID:355;ZZLearnership:ZZLearnership_ID:4;ref:ZZLkpUnitStandardType:ZZUnitStandardType:1
*,16,Y,ZZUnitStandard:ZZUnitStandard_ID:569;ZZLearnership:ZZLearnership_ID:4;ref:ZZLkpUnitStandardType:ZZUnitStandardType:3
*,17,Y,ZZUnitStandard:ZZUnitStandard_ID:587;ZZLearnership:ZZLearnership_ID:4;ref:ZZLkpUnitStandardType:ZZUnitStandardType:3
*,18,Y,ZZUnitStandard:ZZUnitStandard_ID:588;ZZLearnership:ZZLearnership_ID:4;ref:ZZLkpUnitStandardType:ZZUnitStandardType:3
*,19,Y,ZZUnitStandard:ZZUnitStandard_ID:589;ZZLearnership:ZZLearnership_ID:4;ref:ZZLkpUnitStandardType:ZZUnitStandardType:3
*,20,Y,ZZUnitStandard:ZZUnitStandard_ID:590;ZZLearnership:ZZLearnership_ID:4;ref:ZZLkpUnitStandardType:ZZUnitStandardType:3
*,21,Y,ZZUnitStandard:ZZUnitStandard_ID:591;ZZLearnership:ZZLearnership_ID:4;ref:ZZLkpUnitStandardType:ZZUnitStandardType:3
*,22,Y,ZZUnitStandard:ZZUnitStandard_ID:593;ZZLearnership:ZZLearnership_ID:4;ref:ZZLkpUnitStandardType:ZZUnitStandardType:3
*,23,Y,ZZUnitStandard:ZZUnitStandard_ID:594;ZZLearnership:ZZLearnership_ID:4;ref:ZZLkpUnitStandardType:ZZUnitStandardType:3
*,24,Y,ZZUnitStandard:ZZUnitStandard_ID:595;ZZLearnership:ZZLearnership_ID:4;ref:ZZLkpUnitStandardType:ZZUnitStandardType:3
*,25,Y,ZZUnitStandard:ZZUnitStandard_ID:596;ZZLearnership:ZZLearnership_ID:4;ref:ZZLkpUnitStandardType:ZZUnitStandardType:3
*,26,Y,ZZUnitStandard:ZZUnitStandard_ID:598;ZZLearnership:ZZLearnership_ID:4;ref:ZZLkpUnitStandardType:ZZUnitStandardType:3
*,27,Y,ZZUnitStandard:ZZUnitStandard_ID:599;ZZLearnership:ZZLearnership_ID:4;ref:ZZLkpUnitStandardType:ZZUnitStandardType:3
*,28,Y,ZZUnitStandard:ZZUnitStandard_ID:601;ZZLearnership:ZZLearnership_ID:4;ref:ZZLkpUnitStandardType:ZZUnitStandardType:3
*,29,Y,ZZUnitStandard:ZZUnitStandard_ID:602;ZZLearnership:ZZLearnership_ID:4;ref:ZZLkpUnitStandardType:ZZUnitStandardType:3
*,30,Y,ZZUnitStandard:ZZUnitStandard_ID:822;ZZLearnership:ZZLearnership_ID:4;ref:ZZLkpUnitStandardType:ZZUnitStandardType:1
*,31,Y,ZZUnitStandard:ZZUnitStandard_ID:829;ZZLearnership:ZZLearnership_ID:4;ref:ZZLkpUnitStandardType:ZZUnitStandardType:1
*,32,Y,ZZUnitStandard:ZZUnitStandard_ID:985;ZZLearnership:ZZLearnership_ID:4;ref:ZZLkpUnitStandardType:ZZUnitStandardType:1
*,33,Y,ZZUnitStandard:ZZUnitStandard_ID:1165;ZZLearnership:ZZLearnership_ID:4;ref:ZZLkpUnitStandardType:ZZUnitStandardType:2
*,34,Y,ZZUnitStandard:ZZUnitStandard_ID:1166;ZZLearnership:ZZLearnership_ID:4;ref:ZZLkpUnitStandardType:ZZUnitStandardType:2
*,35,Y,ZZUnitStandard:ZZUnitStandard_ID:1173;ZZLearnership:ZZLearnership_ID:4;ref:ZZLkpUnitStandardType:ZZUnitStandardType:2
*,36,Y,ZZUnitStandard:ZZUnitStandard_ID:1176;ZZLearnership:ZZLearnership_ID:4;ref:ZZLkpUnitStandardType:ZZUnitStandardType:2
*,37,Y,ZZUnitStandard:ZZUnitStandard_ID:1188;ZZLearnership:ZZLearnership_ID:4;ref:ZZLkpUnitStandardType:ZZUnitStandardType:2
*,38,Y,ZZUnitStandard:ZZUnitStandard_ID:1190;ZZLearnership:ZZLearnership_ID:4;ref:ZZLkpUnitStandardType:ZZUnitStandardType:2
*,39,Y,ZZUnitStandard:ZZUnitStandard_ID:1196;ZZLearnership:ZZLearnership_ID:4;ref:ZZLkpUnitStandardType:ZZUnitStandardType:2
*,40,Y,ZZUnitStandard:ZZUnitStandard_ID:1326;ZZLearnership:ZZLearnership_ID:4;ref:ZZLkpUnitStandardType:ZZUnitStandardType:1
*,41,Y,ZZUnitStandard:ZZUnitStandard_ID:1518;ZZLearnership:ZZLearnership_ID:4;ref:ZZLkpUnitStandardType:ZZUnitStandardType:2
*,42,Y,ZZUnitStandard:ZZUnitStandard_ID:1728;ZZLearnership:ZZLearnership_ID:4;ref:ZZLkpUnitStandardType:ZZUnitStandardType:1
*,43,Y,ZZUnitStandard:ZZUnitStandard_ID:83;ZZLearnership:ZZLearnership_ID:5;ref:ZZLkpUnitStandardType:ZZUnitStandardType:3
*,44,Y,ZZUnitStandard:ZZUnitStandard_ID:84;ZZLearnership:ZZLearnership_ID:5;ref:ZZLkpUnitStandardType:ZZUnitStandardType:1
*,45,Y,ZZUnitStandard:ZZUnitStandard_ID:85;ZZLearnership:ZZLearnership_ID:5;ref:ZZLkpUnitStandardType:ZZUnitStandardType:3
*,46,Y,ZZUnitStandard:ZZUnitStandard_ID:87;ZZLearnership:ZZLearnership_ID:5;ref:ZZLkpUnitStandardType:ZZUnitStandardType:3
*,47,Y,ZZUnitStandard:ZZUnitStandard_ID:88;ZZLearnership:ZZLearnership_ID:5;ref:ZZLkpUnitStandardType:ZZUnitStandardType:1
*,48,Y,ZZUnitStandard:ZZUnitStandard_ID:89;ZZLearnership:ZZLearnership_ID:5;ref:ZZLkpUnitStandardType:ZZUnitStandardType:1
*,49,Y,ZZUnitStandard:ZZUnitStandard_ID:90;ZZLearnership:ZZLearnership_ID:5;ref:ZZLkpUnitStandardType:ZZUnitStandardType:1
*,50,Y,ZZUnitStandard:ZZUnitStandard_ID:91;ZZLearnership:ZZLearnership_ID:5;ref:ZZLkpUnitStandardType:ZZUnitStandardType:1
*,51,Y,ZZUnitStandard:ZZUnitStandard_ID:349;ZZLearnership:ZZLearnership_ID:5;ref:ZZLkpUnitStandardType:ZZUnitStandardType:1
*,52,Y,ZZUnitStandard:ZZUnitStandard_ID:350;ZZLearnership:ZZLearnership_ID:5;ref:ZZLkpUnitStandardType:ZZUnitStandardType:3
*,53,Y,ZZUnitStandard:ZZUnitStandard_ID:351;ZZLearnership:ZZLearnership_ID:5;ref:ZZLkpUnitStandardType:ZZUnitStandardType:3
*,54,Y,ZZUnitStandard:ZZUnitStandard_ID:352;ZZLearnership:ZZLearnership_ID:5;ref:ZZLkpUnitStandardType:ZZUnitStandardType:3
*,55,Y,ZZUnitStandard:ZZUnitStandard_ID:353;ZZLearnership:ZZLearnership_ID:5;ref:ZZLkpUnitStandardType:ZZUnitStandardType:3
*,56,Y,ZZUnitStandard:ZZUnitStandard_ID:354;ZZLearnership:ZZLearnership_ID:5;ref:ZZLkpUnitStandardType:ZZUnitStandardType:1
*,57,Y,ZZUnitStandard:ZZUnitStandard_ID:355;ZZLearnership:ZZLearnership_ID:5;ref:ZZLkpUnitStandardType:ZZUnitStandardType:1
*,58,Y,ZZUnitStandard:ZZUnitStandard_ID:569;ZZLearnership:ZZLearnership_ID:5;ref:ZZLkpUnitStandardType:ZZUnitStandardType:3
*,59,Y,ZZUnitStandard:ZZUnitStandard_ID:587;ZZLearnership:ZZLearnership_ID:5;ref:ZZLkpUnitStandardType:ZZUnitStandardType:3
*,60,Y,ZZUnitStandard:ZZUnitStandard_ID:588;ZZLearnership:ZZLearnership_ID:5;ref:ZZLkpUnitStandardType:ZZUnitStandardType:3
*,61,Y,ZZUnitStandard:ZZUnitStandard_ID:589;ZZLearnership:ZZLearnership_ID:5;ref:ZZLkpUnitStandardType:ZZUnitStandardType:3
*,62,Y,ZZUnitStandard:ZZUnitStandard_ID:590;ZZLearnership:ZZLearnership_ID:5;ref:ZZLkpUnitStandardType:ZZUnitStandardType:3
*,63,Y,ZZUnitStandard:ZZUnitStandard_ID:591;ZZLearnership:ZZLearnership_ID:5;ref:ZZLkpUnitStandardType:ZZUnitStandardType:3
*,64,Y,ZZUnitStandard:ZZUnitStandard_ID:593;ZZLearnership:ZZLearnership_ID:5;ref:ZZLkpUnitStandardType:ZZUnitStandardType:3
*,65,Y,ZZUnitStandard:ZZUnitStandard_ID:594;ZZLearnership:ZZLearnership_ID:5;ref:ZZLkpUnitStandardType:ZZUnitStandardType:3
*,66,Y,ZZUnitStandard:ZZUnitStandard_ID:596;ZZLearnership:ZZLearnership_ID:5;ref:ZZLkpUnitStandardType:ZZUnitStandardType:3
*,67,Y,ZZUnitStandard:ZZUnitStandard_ID:598;ZZLearnership:ZZLearnership_ID:5;ref:ZZLkpUnitStandardType:ZZUnitStandardType:3
*,68,Y,ZZUnitStandard:ZZUnitStandard_ID:599;ZZLearnership:ZZLearnership_ID:5;ref:ZZLkpUnitStandardType:ZZUnitStandardType:3
*,69,Y,ZZUnitStandard:ZZUnitStandard_ID:602;ZZLearnership:ZZLearnership_ID:5;ref:ZZLkpUnitStandardType:ZZUnitStandardType:3
*,70,Y,ZZUnitStandard:ZZUnitStandard_ID:658;ZZLearnership:ZZLearnership_ID:5;ref:ZZLkpUnitStandardType:ZZUnitStandardType:3
*,71,Y,ZZUnitStandard:ZZUnitStandard_ID:822;ZZLearnership:ZZLearnership_ID:5;ref:ZZLkpUnitStandardType:ZZUnitStandardType:1
*,72,Y,ZZUnitStandard:ZZUnitStandard_ID:829;ZZLearnership:ZZLearnership_ID:5;ref:ZZLkpUnitStandardType:ZZUnitStandardType:1
*,73,Y,ZZUnitStandard:ZZUnitStandard_ID:985;ZZLearnership:ZZLearnership_ID:5;ref:ZZLkpUnitStandardType:ZZUnitStandardType:1
*,74,Y,ZZUnitStandard:ZZUnitStandard_ID:1165;ZZLearnership:ZZLearnership_ID:5;ref:ZZLkpUnitStandardType:ZZUnitStandardType:2
*,75,Y,ZZUnitStandard:ZZUnitStandard_ID:1166;ZZLearnership:ZZLearnership_ID:5;ref:ZZLkpUnitStandardType:ZZUnitStandardType:2
*,76,Y,ZZUnitStandard:ZZUnitStandard_ID:1173;ZZLearnership:ZZLearnership_ID:5;ref:ZZLkpUnitStandardType:ZZUnitStandardType:2
*,77,Y,ZZUnitStandard:ZZUnitStandard_ID:1176;ZZLearnership:ZZLearnership_ID:5;ref:ZZLkpUnitStandardType:ZZUnitStandardType:2
*,78,Y,ZZUnitStandard:ZZUnitStandard_ID:1188;ZZLearnership:ZZLearnership_ID:5;ref:ZZLkpUnitStandardType:ZZUnitStandardType:2
*,79,Y,ZZUnitStandard:ZZUnitStandard_ID:1190;ZZLearnership:ZZLearnership_ID:5;ref:ZZLkpUnitStandardType:ZZUnitStandardType:2
*,80,Y,ZZUnitStandard:ZZUnitStandard_ID:1196;ZZLearnership:ZZLearnership_ID:5;ref:ZZLkpUnitStandardType:ZZUnitStandardType:2
*,81,Y,ZZUnitStandard:ZZUnitStandard_ID:1326;ZZLearnership:ZZLearnership_ID:5;ref:ZZLkpUnitStandardType:ZZUnitStandardType:1
*,82,Y,ZZUnitStandard:ZZUnitStandard_ID:1518;ZZLearnership:ZZLearnership_ID:5;ref:ZZLkpUnitStandardType:ZZUnitStandardType:2
*,83,Y,ZZUnitStandard:ZZUnitStandard_ID:1728;ZZLearnership:ZZLearnership_ID:5;ref:ZZLkpUnitStandardType:ZZUnitStandardType:1
*,84,Y,ZZUnitStandard:ZZUnitStandard_ID:83;ZZLearnership:ZZLearnership_ID:6;ref:ZZLkpUnitStandardType:ZZUnitStandardType:3
*,85,Y,ZZUnitStandard:ZZUnitStandard_ID:84;ZZLearnership:ZZLearnership_ID:6;ref:ZZLkpUnitStandardType:ZZUnitStandardType:1
*,86,Y,ZZUnitStandard:ZZUnitStandard_ID:85;ZZLearnership:ZZLearnership_ID:6;ref:ZZLkpUnitStandardType:ZZUnitStandardType:3
*,87,Y,ZZUnitStandard:ZZUnitStandard_ID:87;ZZLearnership:ZZLearnership_ID:6;ref:ZZLkpUnitStandardType:ZZUnitStandardType:3
*,88,Y,ZZUnitStandard:ZZUnitStandard_ID:88;ZZLearnership:ZZLearnership_ID:6;ref:ZZLkpUnitStandardType:ZZUnitStandardType:1
*,89,Y,ZZUnitStandard:ZZUnitStandard_ID:89;ZZLearnership:ZZLearnership_ID:6;ref:ZZLkpUnitStandardType:ZZUnitStandardType:1
*,90,Y,ZZUnitStandard:ZZUnitStandard_ID:90;ZZLearnership:ZZLearnership_ID:6;ref:ZZLkpUnitStandardType:ZZUnitStandardType:1
*,91,Y,ZZUnitStandard:ZZUnitStandard_ID:91;ZZLearnership:ZZLearnership_ID:6;ref:ZZLkpUnitStandardType:ZZUnitStandardType:1
*,92,Y,ZZUnitStandard:ZZUnitStandard_ID:349;ZZLearnership:ZZLearnership_ID:6;ref:ZZLkpUnitStandardType:ZZUnitStandardType:1
*,93,Y,ZZUnitStandard:ZZUnitStandard_ID:350;ZZLearnership:ZZLearnership_ID:6;ref:ZZLkpUnitStandardType:ZZUnitStandardType:3
*,94,Y,ZZUnitStandard:ZZUnitStandard_ID:351;ZZLearnership:ZZLearnership_ID:6;ref:ZZLkpUnitStandardType:ZZUnitStandardType:3
*,95,Y,ZZUnitStandard:ZZUnitStandard_ID:352;ZZLearnership:ZZLearnership_ID:6;ref:ZZLkpUnitStandardType:ZZUnitStandardType:3
*,96,Y,ZZUnitStandard:ZZUnitStandard_ID:353;ZZLearnership:ZZLearnership_ID:6;ref:ZZLkpUnitStandardType:ZZUnitStandardType:3
*,97,Y,ZZUnitStandard:ZZUnitStandard_ID:354;ZZLearnership:ZZLearnership_ID:6;ref:ZZLkpUnitStandardType:ZZUnitStandardType:1
*,98,Y,ZZUnitStandard:ZZUnitStandard_ID:355;ZZLearnership:ZZLearnership_ID:6;ref:ZZLkpUnitStandardType:ZZUnitStandardType:1
*,99,Y,ZZUnitStandard:ZZUnitStandard_ID:569;ZZLearnership:ZZLearnership_ID:6;ref:ZZLkpUnitStandardType:ZZUnitStandardType:3
*,100,Y,ZZUnitStandard:ZZUnitStandard_ID:587;ZZLearnership:ZZLearnership_ID:6;ref:ZZLkpUnitStandardType:ZZUnitStandardType:3
*,101,Y,ZZUnitStandard:ZZUnitStandard_ID:588;ZZLearnership:ZZLearnership_ID:6;ref:ZZLkpUnitStandardType:ZZUnitStandardType:3
*,102,Y,ZZUnitStandard:ZZUnitStandard_ID:590;ZZLearnership:ZZLearnership_ID:6;ref:ZZLkpUnitStandardType:ZZUnitStandardType:3
*,103,Y,ZZUnitStandard:ZZUnitStandard_ID:591;ZZLearnership:ZZLearnership_ID:6;ref:ZZLkpUnitStandardType:ZZUnitStandardType:3
*,104,Y,ZZUnitStandard:ZZUnitStandard_ID:593;ZZLearnership:ZZLearnership_ID:6;ref:ZZLkpUnitStandardType:ZZUnitStandardType:3
*,105,Y,ZZUnitStandard:ZZUnitStandard_ID:594;ZZLearnership:ZZLearnership_ID:6;ref:ZZLkpUnitStandardType:ZZUnitStandardType:3
*,106,Y,ZZUnitStandard:ZZUnitStandard_ID:596;ZZLearnership:ZZLearnership_ID:6;ref:ZZLkpUnitStandardType:ZZUnitStandardType:3
*,107,Y,ZZUnitStandard:ZZUnitStandard_ID:598;ZZLearnership:ZZLearnership_ID:6;ref:ZZLkpUnitStandardType:ZZUnitStandardType:3
*,108,Y,ZZUnitStandard:ZZUnitStandard_ID:599;ZZLearnership:ZZLearnership_ID:6;ref:ZZLkpUnitStandardType:ZZUnitStandardType:3
*,109,Y,ZZUnitStandard:ZZUnitStandard_ID:600;ZZLearnership:ZZLearnership_ID:6;ref:ZZLkpUnitStandardType:ZZUnitStandardType:3
*,110,Y,ZZUnitStandard:ZZUnitStandard_ID:602;ZZLearnership:ZZLearnership_ID:6;ref:ZZLkpUnitStandardType:ZZUnitStandardType:3
*,111,Y,ZZUnitStandard:ZZUnitStandard_ID:819;ZZLearnership:ZZLearnership_ID:6;ref:ZZLkpUnitStandardType:ZZUnitStandardType:3
*,112,Y,ZZUnitStandard:ZZUnitStandard_ID:820;ZZLearnership:ZZLearnership_ID:6;ref:ZZLkpUnitStandardType:ZZUnitStandardType:3
*,113,Y,ZZUnitStandard:ZZUnitStandard_ID:821;ZZLearnership:ZZLearnership_ID:6;ref:ZZLkpUnitStandardType:ZZUnitStandardType:3
*,114,Y,ZZUnitStandard:ZZUnitStandard_ID:822;ZZLearnership:ZZLearnership_ID:6;ref:ZZLkpUnitStandardType:ZZUnitStandardType:1
*,115,Y,ZZUnitStandard:ZZUnitStandard_ID:829;ZZLearnership:ZZLearnership_ID:6;ref:ZZLkpUnitStandardType:ZZUnitStandardType:1
*,116,Y,ZZUnitStandard:ZZUnitStandard_ID:985;ZZLearnership:ZZLearnership_ID:6;ref:ZZLkpUnitStandardType:ZZUnitStandardType:1
*,117,Y,ZZUnitStandard:ZZUnitStandard_ID:1165;ZZLearnership:ZZLearnership_ID:6;ref:ZZLkpUnitStandardType:ZZUnitStandardType:2
*,118,Y,ZZUnitStandard:ZZUnitStandard_ID:1166;ZZLearnership:ZZLearnership_ID:6;ref:ZZLkpUnitStandardType:ZZUnitStandardType:2
*,119,Y,ZZUnitStandard:ZZUnitStandard_ID:1173;ZZLearnership:ZZLearnership_ID:6;ref:ZZLkpUnitStandardType:ZZUnitStandardType:2
*,120,Y,ZZUnitStandard:ZZUnitStandard_ID:1176;ZZLearnership:ZZLearnership_ID:6;ref:ZZLkpUnitStandardType:ZZUnitStandardType:2
*,121,Y,ZZUnitStandard:ZZUnitStandard_ID:1188;ZZLearnership:ZZLearnership_ID:6;ref:ZZLkpUnitStandardType:ZZUnitStandardType:2
*,122,Y,ZZUnitStandard:ZZUnitStandard_ID:1190;ZZLearnership:ZZLearnership_ID:6;ref:ZZLkpUnitStandardType:ZZUnitStandardType:2
*,123,Y,ZZUnitStandard:ZZUnitStandard_ID:1196;ZZLearnership:ZZLearnership_ID:6;ref:ZZLkpUnitStandardType:ZZUnitStandardType:2
*,124,Y,ZZUnitStandard:ZZUnitStandard_ID:1326;ZZLearnership:ZZLearnership_ID:6;ref:ZZLkpUnitStandardType:ZZUnitStandardType:1
*,125,Y,ZZUnitStandard:ZZUnitStandard_ID:1518;ZZLearnership:ZZLearnership_ID:6;ref:ZZLkpUnitStandardType:ZZUnitStandardType:2
*,126,Y,ZZUnitStandard:ZZUnitStandard_ID:1728;ZZLearnership:ZZLearnership_ID:6;ref:ZZLkpUnitStandardType:ZZUnitStandardType:1
*,127,Y,ZZUnitStandard:ZZUnitStandard_ID:149;ZZLearnership:ZZLearnership_ID:12;ref:ZZLkpUnitStandardType:ZZUnitStandardType:3
*,128,Y,ZZUnitStandard:ZZUnitStandard_ID:150;ZZLearnership:ZZLearnership_ID:12;ref:ZZLkpUnitStandardType:ZZUnitStandardType:3
*,129,Y,ZZUnitStandard:ZZUnitStandard_ID:155;ZZLearnership:ZZLearnership_ID:12;ref:ZZLkpUnitStandardType:ZZUnitStandardType:1
*,130,Y,ZZUnitStandard:ZZUnitStandard_ID:160;ZZLearnership:ZZLearnership_ID:12;ref:ZZLkpUnitStandardType:ZZUnitStandardType:3
*,131,Y,ZZUnitStandard:ZZUnitStandard_ID:171;ZZLearnership:ZZLearnership_ID:12;ref:ZZLkpUnitStandardType:ZZUnitStandardType:3
*,132,Y,ZZUnitStandard:ZZUnitStandard_ID:172;ZZLearnership:ZZLearnership_ID:12;ref:ZZLkpUnitStandardType:ZZUnitStandardType:3
*,133,Y,ZZUnitStandard:ZZUnitStandard_ID:173;ZZLearnership:ZZLearnership_ID:12;ref:ZZLkpUnitStandardType:ZZUnitStandardType:3
*,134,Y,ZZUnitStandard:ZZUnitStandard_ID:174;ZZLearnership:ZZLearnership_ID:12;ref:ZZLkpUnitStandardType:ZZUnitStandardType:3
*,135,Y,ZZUnitStandard:ZZUnitStandard_ID:203;ZZLearnership:ZZLearnership_ID:12;ref:ZZLkpUnitStandardType:ZZUnitStandardType:3
*,136,Y,ZZUnitStandard:ZZUnitStandard_ID:204;ZZLearnership:ZZLearnership_ID:12;ref:ZZLkpUnitStandardType:ZZUnitStandardType:3
*,137,Y,ZZUnitStandard:ZZUnitStandard_ID:205;ZZLearnership:ZZLearnership_ID:12;ref:ZZLkpUnitStandardType:ZZUnitStandardType:3
*,138,Y,ZZUnitStandard:ZZUnitStandard_ID:208;ZZLearnership:ZZLearnership_ID:12;ref:ZZLkpUnitStandardType:ZZUnitStandardType:3
*,139,Y,ZZUnitStandard:ZZUnitStandard_ID:245;ZZLearnership:ZZLearnership_ID:12;ref:ZZLkpUnitStandardType:ZZUnitStandardType:3
*,140,Y,ZZUnitStandard:ZZUnitStandard_ID:247;ZZLearnership:ZZLearnership_ID:12;ref:ZZLkpUnitStandardType:ZZUnitStandardType:3
*,141,Y,ZZUnitStandard:ZZUnitStandard_ID:248;ZZLearnership:ZZLearnership_ID:12;ref:ZZLkpUnitStandardType:ZZUnitStandardType:3
*,142,Y,ZZUnitStandard:ZZUnitStandard_ID:250;ZZLearnership:ZZLearnership_ID:12;ref:ZZLkpUnitStandardType:ZZUnitStandardType:3
*,143,Y,ZZUnitStandard:ZZUnitStandard_ID:255;ZZLearnership:ZZLearnership_ID:12;ref:ZZLkpUnitStandardType:ZZUnitStandardType:3
*,144,Y,ZZUnitStandard:ZZUnitStandard_ID:257;ZZLearnership:ZZLearnership_ID:12;ref:ZZLkpUnitStandardType:ZZUnitStandardType:3
*,145,Y,ZZUnitStandard:ZZUnitStandard_ID:259;ZZLearnership:ZZLearnership_ID:12;ref:ZZLkpUnitStandardType:ZZUnitStandardType:3
*,146,Y,ZZUnitStandard:ZZUnitStandard_ID:260;ZZLearnership:ZZLearnership_ID:12;ref:ZZLkpUnitStandardType:ZZUnitStandardType:3
*,147,Y,ZZUnitStandard:ZZUnitStandard_ID:262;ZZLearnership:ZZLearnership_ID:12;ref:ZZLkpUnitStandardType:ZZUnitStandardType:3
*,148,Y,ZZUnitStandard:ZZUnitStandard_ID:264;ZZLearnership:ZZLearnership_ID:12;ref:ZZLkpUnitStandardType:ZZUnitStandardType:3
*,149,Y,ZZUnitStandard:ZZUnitStandard_ID:269;ZZLearnership:ZZLearnership_ID:12;ref:ZZLkpUnitStandardType:ZZUnitStandardType:3
*,150,Y,ZZUnitStandard:ZZUnitStandard_ID:282;ZZLearnership:ZZLearnership_ID:12;ref:ZZLkpUnitStandardType:ZZUnitStandardType:3
*,151,Y,ZZUnitStandard:ZZUnitStandard_ID:289;ZZLearnership:ZZLearnership_ID:12;ref:ZZLkpUnitStandardType:ZZUnitStandardType:3
*,152,Y,ZZUnitStandard:ZZUnitStandard_ID:290;ZZLearnership:ZZLearnership_ID:12;ref:ZZLkpUnitStandardType:ZZUnitStandardType:3
*,153,Y,ZZUnitStandard:ZZUnitStandard_ID:291;ZZLearnership:ZZLearnership_ID:12;ref:ZZLkpUnitStandardType:ZZUnitStandardType:3
*,154,Y,ZZUnitStandard:ZZUnitStandard_ID:307;ZZLearnership:ZZLearnership_ID:12;ref:ZZLkpUnitStandardType:ZZUnitStandardType:3
*,155,Y,ZZUnitStandard:ZZUnitStandard_ID:332;ZZLearnership:ZZLearnership_ID:12;ref:ZZLkpUnitStandardType:ZZUnitStandardType:3
*,156,Y,ZZUnitStandard:ZZUnitStandard_ID:333;ZZLearnership:ZZLearnership_ID:12;ref:ZZLkpUnitStandardType:ZZUnitStandardType:3
*,157,Y,ZZUnitStandard:ZZUnitStandard_ID:334;ZZLearnership:ZZLearnership_ID:12;ref:ZZLkpUnitStandardType:ZZUnitStandardType:3
*,158,Y,ZZUnitStandard:ZZUnitStandard_ID:335;ZZLearnership:ZZLearnership_ID:12;ref:ZZLkpUnitStandardType:ZZUnitStandardType:3
*,159,Y,ZZUnitStandard:ZZUnitStandard_ID:336;ZZLearnership:ZZLearnership_ID:12;ref:ZZLkpUnitStandardType:ZZUnitStandardType:3
*,160,Y,ZZUnitStandard:ZZUnitStandard_ID:337;ZZLearnership:ZZLearnership_ID:12;ref:ZZLkpUnitStandardType:ZZUnitStandardType:1
*,161,Y,ZZUnitStandard:ZZUnitStandard_ID:338;ZZLearnership:ZZLearnership_ID:12;ref:ZZLkpUnitStandardType:ZZUnitStandardType:3
*,162,Y,ZZUnitStandard:ZZUnitStandard_ID:343;ZZLearnership:ZZLearnership_ID:12;ref:ZZLkpUnitStandardType:ZZUnitStandardType:1
*,163,Y,ZZUnitStandard:ZZUnitStandard_ID:344;ZZLearnership:ZZLearnership_ID:12;ref:ZZLkpUnitStandardType:ZZUnitStandardType:3
*,164,Y,ZZUnitStandard:ZZUnitStandard_ID:345;ZZLearnership:ZZLearnership_ID:12;ref:ZZLkpUnitStandardType:ZZUnitStandardType:3
*,165,Y,ZZUnitStandard:ZZUnitStandard_ID:346;ZZLearnership:ZZLearnership_ID:12;ref:ZZLkpUnitStandardType:ZZUnitStandardType:1
*,166,Y,ZZUnitStandard:ZZUnitStandard_ID:348;ZZLearnership:ZZLearnership_ID:12;ref:ZZLkpUnitStandardType:ZZUnitStandardType:1
*,167,Y,ZZUnitStandard:ZZUnitStandard_ID:356;ZZLearnership:ZZLearnership_ID:12;ref:ZZLkpUnitStandardType:ZZUnitStandardType:1
*,168,Y,ZZUnitStandard:ZZUnitStandard_ID:357;ZZLearnership:ZZLearnership_ID:12;ref:ZZLkpUnitStandardType:ZZUnitStandardType:1
*,169,Y,ZZUnitStandard:ZZUnitStandard_ID:360;ZZLearnership:ZZLearnership_ID:12;ref:ZZLkpUnitStandardType:ZZUnitStandardType:3
*,170,Y,ZZUnitStandard:ZZUnitStandard_ID:361;ZZLearnership:ZZLearnership_ID:12;ref:ZZLkpUnitStandardType:ZZUnitStandardType:1
*,171,Y,ZZUnitStandard:ZZUnitStandard_ID:362;ZZLearnership:ZZLearnership_ID:12;ref:ZZLkpUnitStandardType:ZZUnitStandardType:1
*,172,Y,ZZUnitStandard:ZZUnitStandard_ID:363;ZZLearnership:ZZLearnership_ID:12;ref:ZZLkpUnitStandardType:ZZUnitStandardType:1
*,173,Y,ZZUnitStandard:ZZUnitStandard_ID:364;ZZLearnership:ZZLearnership_ID:12;ref:ZZLkpUnitStandardType:ZZUnitStandardType:1
*,174,Y,ZZUnitStandard:ZZUnitStandard_ID:365;ZZLearnership:ZZLearnership_ID:12;ref:ZZLkpUnitStandardType:ZZUnitStandardType:1
*,175,Y,ZZUnitStandard:ZZUnitStandard_ID:367;ZZLearnership:ZZLearnership_ID:12;ref:ZZLkpUnitStandardType:ZZUnitStandardType:1
*,176,Y,ZZUnitStandard:ZZUnitStandard_ID:368;ZZLearnership:ZZLearnership_ID:12;ref:ZZLkpUnitStandardType:ZZUnitStandardType:1
*,177,Y,ZZUnitStandard:ZZUnitStandard_ID:369;ZZLearnership:ZZLearnership_ID:12;ref:ZZLkpUnitStandardType:ZZUnitStandardType:1
*,178,Y,ZZUnitStandard:ZZUnitStandard_ID:370;ZZLearnership:ZZLearnership_ID:12;ref:ZZLkpUnitStandardType:ZZUnitStandardType:3
*,179,Y,ZZUnitStandard:ZZUnitStandard_ID:371;ZZLearnership:ZZLearnership_ID:12;ref:ZZLkpUnitStandardType:ZZUnitStandardType:3
*,180,Y,ZZUnitStandard:ZZUnitStandard_ID:372;ZZLearnership:ZZLearnership_ID:12;ref:ZZLkpUnitStandardType:ZZUnitStandardType:3
*,181,Y,ZZUnitStandard:ZZUnitStandard_ID:373;ZZLearnership:ZZLearnership_ID:12;ref:ZZLkpUnitStandardType:ZZUnitStandardType:1
*,182,Y,ZZUnitStandard:ZZUnitStandard_ID:374;ZZLearnership:ZZLearnership_ID:12;ref:ZZLkpUnitStandardType:ZZUnitStandardType:1
*,183,Y,ZZUnitStandard:ZZUnitStandard_ID:576;ZZLearnership:ZZLearnership_ID:12;ref:ZZLkpUnitStandardType:ZZUnitStandardType:3
*,184,Y,ZZUnitStandard:ZZUnitStandard_ID:635;ZZLearnership:ZZLearnership_ID:12;ref:ZZLkpUnitStandardType:ZZUnitStandardType:1
*,185,Y,ZZUnitStandard:ZZUnitStandard_ID:637;ZZLearnership:ZZLearnership_ID:12;ref:ZZLkpUnitStandardType:ZZUnitStandardType:3
*,186,Y,ZZUnitStandard:ZZUnitStandard_ID:654;ZZLearnership:ZZLearnership_ID:12;ref:ZZLkpUnitStandardType:ZZUnitStandardType:3
*,187,Y,ZZUnitStandard:ZZUnitStandard_ID:702;ZZLearnership:ZZLearnership_ID:12;ref:ZZLkpUnitStandardType:ZZUnitStandardType:3
*,188,Y,ZZUnitStandard:ZZUnitStandard_ID:710;ZZLearnership:ZZLearnership_ID:12;ref:ZZLkpUnitStandardType:ZZUnitStandardType:3
*,189,Y,ZZUnitStandard:ZZUnitStandard_ID:711;ZZLearnership:ZZLearnership_ID:12;ref:ZZLkpUnitStandardType:ZZUnitStandardType:3
*,190,Y,ZZUnitStandard:ZZUnitStandard_ID:770;ZZLearnership:ZZLearnership_ID:12;ref:ZZLkpUnitStandardType:ZZUnitStandardType:1
*,191,Y,ZZUnitStandard:ZZUnitStandard_ID:930;ZZLearnership:ZZLearnership_ID:12;ref:ZZLkpUnitStandardType:ZZUnitStandardType:3
*,192,Y,ZZUnitStandard:ZZUnitStandard_ID:980;ZZLearnership:ZZLearnership_ID:12;ref:ZZLkpUnitStandardType:ZZUnitStandardType:3
*,193,Y,ZZUnitStandard:ZZUnitStandard_ID:981;ZZLearnership:ZZLearnership_ID:12;ref:ZZLkpUnitStandardType:ZZUnitStandardType:3
*,194,Y,ZZUnitStandard:ZZUnitStandard_ID:1080;ZZLearnership:ZZLearnership_ID:12;ref:ZZLkpUnitStandardType:ZZUnitStandardType:1
*,195,Y,ZZUnitStandard:ZZUnitStandard_ID:1095;ZZLearnership:ZZLearnership_ID:12;ref:ZZLkpUnitStandardType:ZZUnitStandardType:2
*,196,Y,ZZUnitStandard:ZZUnitStandard_ID:1161;ZZLearnership:ZZLearnership_ID:12;ref:ZZLkpUnitStandardType:ZZUnitStandardType:2
*,197,Y,ZZUnitStandard:ZZUnitStandard_ID:1162;ZZLearnership:ZZLearnership_ID:12;ref:ZZLkpUnitStandardType:ZZUnitStandardType:2
*,198,Y,ZZUnitStandard:ZZUnitStandard_ID:1163;ZZLearnership:ZZLearnership_ID:12;ref:ZZLkpUnitStandardType:ZZUnitStandardType:2
*,199,Y,ZZUnitStandard:ZZUnitStandard_ID:1184;ZZLearnership:ZZLearnership_ID:12;ref:ZZLkpUnitStandardType:ZZUnitStandardType:2
*,200,Y,ZZUnitStandard:ZZUnitStandard_ID:1185;ZZLearnership:ZZLearnership_ID:12;ref:ZZLkpUnitStandardType:ZZUnitStandardType:2
*,201,Y,ZZUnitStandard:ZZUnitStandard_ID:1186;ZZLearnership:ZZLearnership_ID:12;ref:ZZLkpUnitStandardType:ZZUnitStandardType:2
*,202,Y,ZZUnitStandard:ZZUnitStandard_ID:1191;ZZLearnership:ZZLearnership_ID:12;ref:ZZLkpUnitStandardType:ZZUnitStandardType:2
*,203,Y,ZZUnitStandard:ZZUnitStandard_ID:1194;ZZLearnership:ZZLearnership_ID:12;ref:ZZLkpUnitStandardType:ZZUnitStandardType:2
*,204,Y,ZZUnitStandard:ZZUnitStandard_ID:2025;ZZLearnership:ZZLearnership_ID:12;ref:ZZLkpUnitStandardType:ZZUnitStandardType:1
*,205,Y,ZZUnitStandard:ZZUnitStandard_ID:919;ZZLearnership:ZZLearnership_ID:14;ref:ZZLkpUnitStandardType:ZZUnitStandardType:1
*,206,Y,ZZUnitStandard:ZZUnitStandard_ID:930;ZZLearnership:ZZLearnership_ID:14;ref:ZZLkpUnitStandardType:ZZUnitStandardType:1
*,207,Y,ZZUnitStandard:ZZUnitStandard_ID:1188;ZZLearnership:ZZLearnership_ID:14;ref:ZZLkpUnitStandardType:ZZUnitStandardType:2
*,208,Y,ZZUnitStandard:ZZUnitStandard_ID:1190;ZZLearnership:ZZLearnership_ID:14;ref:ZZLkpUnitStandardType:ZZUnitStandardType:2
*,209,Y,ZZUnitStandard:ZZUnitStandard_ID:1196;ZZLearnership:ZZLearnership_ID:14;ref:ZZLkpUnitStandardType:ZZUnitStandardType:2
*,210,Y,ZZUnitStandard:ZZUnitStandard_ID:1466;ZZLearnership:ZZLearnership_ID:14;ref:ZZLkpUnitStandardType:ZZUnitStandardType:1
*,211,Y,ZZUnitStandard:ZZUnitStandard_ID:1502;ZZLearnership:ZZLearnership_ID:14;ref:ZZLkpUnitStandardType:ZZUnitStandardType:3
*,212,Y,ZZUnitStandard:ZZUnitStandard_ID:1518;ZZLearnership:ZZLearnership_ID:14;ref:ZZLkpUnitStandardType:ZZUnitStandardType:2
*,213,Y,ZZUnitStandard:ZZUnitStandard_ID:2201;ZZLearnership:ZZLearnership_ID:14;ref:ZZLkpUnitStandardType:ZZUnitStandardType:2
*,214,Y,ZZUnitStandard:ZZUnitStandard_ID:2202;ZZLearnership:ZZLearnership_ID:14;ref:ZZLkpUnitStandardType:ZZUnitStandardType:2
*,215,Y,ZZUnitStandard:ZZUnitStandard_ID:2218;ZZLearnership:ZZLearnership_ID:14;ref:ZZLkpUnitStandardType:ZZUnitStandardType:2
*,216,Y,ZZUnitStandard:ZZUnitStandard_ID:2221;ZZLearnership:ZZLearnership_ID:14;ref:ZZLkpUnitStandardType:ZZUnitStandardType:2
*,217,Y,ZZUnitStandard:ZZUnitStandard_ID:3411;ZZLearnership:ZZLearnership_ID:14;ref:ZZLkpUnitStandardType:ZZUnitStandardType:1
*,218,Y,ZZUnitStandard:ZZUnitStandard_ID:3417;ZZLearnership:ZZLearnership_ID:14;ref:ZZLkpUnitStandardType:ZZUnitStandardType:1
*,219,Y,ZZUnitStandard:ZZUnitStandard_ID:3418;ZZLearnership:ZZLearnership_ID:14;ref:ZZLkpUnitStandardType:ZZUnitStandardType:1
*,220,Y,ZZUnitStandard:ZZUnitStandard_ID:3419;ZZLearnership:ZZLearnership_ID:14;ref:ZZLkpUnitStandardType:ZZUnitStandardType:1
*,221,Y,ZZUnitStandard:ZZUnitStandard_ID:3426;ZZLearnership:ZZLearnership_ID:14;ref:ZZLkpUnitStandardType:ZZUnitStandardType:1
*,222,Y,ZZUnitStandard:ZZUnitStandard_ID:3438;ZZLearnership:ZZLearnership_ID:14;ref:ZZLkpUnitStandardType:ZZUnitStandardType:3
*,223,Y,ZZUnitStandard:ZZUnitStandard_ID:3442;ZZLearnership:ZZLearnership_ID:14;ref:ZZLkpUnitStandardType:ZZUnitStandardType:1
*,224,Y,ZZUnitStandard:ZZUnitStandard_ID:3551;ZZLearnership:ZZLearnership_ID:14;ref:ZZLkpUnitStandardType:ZZUnitStandardType:1
*,225,Y,ZZUnitStandard:ZZUnitStandard_ID:3552;ZZLearnership:ZZLearnership_ID:14;ref:ZZLkpUnitStandardType:ZZUnitStandardType:1
*,226,Y,ZZUnitStandard:ZZUnitStandard_ID:3553;ZZLearnership:ZZLearnership_ID:14;ref:ZZLkpUnitStandardType:ZZUnitStandardType:1
*,227,Y,ZZUnitStandard:ZZUnitStandard_ID:3554;ZZLearnership:ZZLearnership_ID:14;ref:ZZLkpUnitStandardType:ZZUnitStandardType:1
*,228,Y,ZZUnitStandard:ZZUnitStandard_ID:3555;ZZLearnership:ZZLearnership_ID:14;ref:ZZLkpUnitStandardType:ZZUnitStandardType:1
*,229,Y,ZZUnitStandard:ZZUnitStandard_ID:3556;ZZLearnership:ZZLearnership_ID:14;ref:ZZLkpUnitStandardType:ZZUnitStandardType:1
*,230,Y,ZZUnitStandard:ZZUnitStandard_ID:3557;ZZLearnership:ZZLearnership_ID:14;ref:ZZLkpUnitStandardType:ZZUnitStandardType:3
*,231,Y,ZZUnitStandard:ZZUnitStandard_ID:3558;ZZLearnership:ZZLearnership_ID:14;ref:ZZLkpUnitStandardType:ZZUnitStandardType:3
*,232,Y,ZZUnitStandard:ZZUnitStandard_ID:3568;ZZLearnership:ZZLearnership_ID:14;ref:ZZLkpUnitStandardType:ZZUnitStandardType:1
*,233,Y,ZZUnitStandard:ZZUnitStandard_ID:4;ZZLearnership:ZZLearnership_ID:67;ref:ZZLkpUnitStandardType:ZZUnitStandardType:3
*,234,Y,ZZUnitStandard:ZZUnitStandard_ID:6;ZZLearnership:ZZLearnership_ID:67;ref:ZZLkpUnitStandardType:ZZUnitStandardType:1
*,235,Y,ZZUnitStandard:ZZUnitStandard_ID:7;ZZLearnership:ZZLearnership_ID:67;ref:ZZLkpUnitStandardType:ZZUnitStandardType:1
*,236,Y,ZZUnitStandard:ZZUnitStandard_ID:8;ZZLearnership:ZZLearnership_ID:67;ref:ZZLkpUnitStandardType:ZZUnitStandardType:1
*,237,Y,ZZUnitStandard:ZZUnitStandard_ID:475;ZZLearnership:ZZLearnership_ID:67;ref:ZZLkpUnitStandardType:ZZUnitStandardType:1
*,238,Y,ZZUnitStandard:ZZUnitStandard_ID:484;ZZLearnership:ZZLearnership_ID:67;ref:ZZLkpUnitStandardType:ZZUnitStandardType:1
*,239,Y,ZZUnitStandard:ZZUnitStandard_ID:485;ZZLearnership:ZZLearnership_ID:67;ref:ZZLkpUnitStandardType:ZZUnitStandardType:1
*,240,Y,ZZUnitStandard:ZZUnitStandard_ID:489;ZZLearnership:ZZLearnership_ID:67;ref:ZZLkpUnitStandardType:ZZUnitStandardType:3
*,241,Y,ZZUnitStandard:ZZUnitStandard_ID:931;ZZLearnership:ZZLearnership_ID:67;ref:ZZLkpUnitStandardType:ZZUnitStandardType:3
*,242,Y,ZZUnitStandard:ZZUnitStandard_ID:934;ZZLearnership:ZZLearnership_ID:67;ref:ZZLkpUnitStandardType:ZZUnitStandardType:3
*,243,Y,ZZUnitStandard:ZZUnitStandard_ID:942;ZZLearnership:ZZLearnership_ID:67;ref:ZZLkpUnitStandardType:ZZUnitStandardType:3
*,244,Y,ZZUnitStandard:ZZUnitStandard_ID:943;ZZLearnership:ZZLearnership_ID:67;ref:ZZLkpUnitStandardType:ZZUnitStandardType:3
*,245,Y,ZZUnitStandard:ZZUnitStandard_ID:952;ZZLearnership:ZZLearnership_ID:67;ref:ZZLkpUnitStandardType:ZZUnitStandardType:3
*,246,Y,ZZUnitStandard:ZZUnitStandard_ID:1164;ZZLearnership:ZZLearnership_ID:67;ref:ZZLkpUnitStandardType:ZZUnitStandardType:2
*,247,Y,ZZUnitStandard:ZZUnitStandard_ID:1165;ZZLearnership:ZZLearnership_ID:67;ref:ZZLkpUnitStandardType:ZZUnitStandardType:2
*,248,Y,ZZUnitStandard:ZZUnitStandard_ID:1167;ZZLearnership:ZZLearnership_ID:67;ref:ZZLkpUnitStandardType:ZZUnitStandardType:2
*,249,Y,ZZUnitStandard:ZZUnitStandard_ID:1168;ZZLearnership:ZZLearnership_ID:67;ref:ZZLkpUnitStandardType:ZZUnitStandardType:2
*,250,Y,ZZUnitStandard:ZZUnitStandard_ID:1169;ZZLearnership:ZZLearnership_ID:67;ref:ZZLkpUnitStandardType:ZZUnitStandardType:2
*,251,Y,ZZUnitStandard:ZZUnitStandard_ID:1172;ZZLearnership:ZZLearnership_ID:67;ref:ZZLkpUnitStandardType:ZZUnitStandardType:2
*,252,Y,ZZUnitStandard:ZZUnitStandard_ID:1176;ZZLearnership:ZZLearnership_ID:67;ref:ZZLkpUnitStandardType:ZZUnitStandardType:2
*,253,Y,ZZUnitStandard:ZZUnitStandard_ID:1177;ZZLearnership:ZZLearnership_ID:67;ref:ZZLkpUnitStandardType:ZZUnitStandardType:2
*,254,Y,ZZUnitStandard:ZZUnitStandard_ID:1189;ZZLearnership:ZZLearnership_ID:67;ref:ZZLkpUnitStandardType:ZZUnitStandardType:2
*,255,Y,ZZUnitStandard:ZZUnitStandard_ID:1197;ZZLearnership:ZZLearnership_ID:67;ref:ZZLkpUnitStandardType:ZZUnitStandardType:2
*,256,Y,ZZUnitStandard:ZZUnitStandard_ID:1198;ZZLearnership:ZZLearnership_ID:67;ref:ZZLkpUnitStandardType:ZZUnitStandardType:2
*,257,Y,ZZUnitStandard:ZZUnitStandard_ID:1213;ZZLearnership:ZZLearnership_ID:67;ref:ZZLkpUnitStandardType:ZZUnitStandardType:3
*,258,Y,ZZUnitStandard:ZZUnitStandard_ID:1216;ZZLearnership:ZZLearnership_ID:67;ref:ZZLkpUnitStandardType:ZZUnitStandardType:3
*,259,Y,ZZUnitStandard:ZZUnitStandard_ID:1217;ZZLearnership:ZZLearnership_ID:67;ref:ZZLkpUnitStandardType:ZZUnitStandardType:3
*,260,Y,ZZUnitStandard:ZZUnitStandard_ID:1337;ZZLearnership:ZZLearnership_ID:67;ref:ZZLkpUnitStandardType:ZZUnitStandardType:3
*,261,Y,ZZUnitStandard:ZZUnitStandard_ID:1643;ZZLearnership:ZZLearnership_ID:67;ref:ZZLkpUnitStandardType:ZZUnitStandardType:3
*,262,Y,ZZUnitStandard:ZZUnitStandard_ID:1946;ZZLearnership:ZZLearnership_ID:67;ref:ZZLkpUnitStandardType:ZZUnitStandardType:3
*,263,Y,ZZUnitStandard:ZZUnitStandard_ID:1947;ZZLearnership:ZZLearnership_ID:67;ref:ZZLkpUnitStandardType:ZZUnitStandardType:3
*,264,Y,ZZUnitStandard:ZZUnitStandard_ID:1948;ZZLearnership:ZZLearnership_ID:67;ref:ZZLkpUnitStandardType:ZZUnitStandardType:3
*,265,Y,ZZUnitStandard:ZZUnitStandard_ID:2047;ZZLearnership:ZZLearnership_ID:67;ref:ZZLkpUnitStandardType:ZZUnitStandardType:1
*,266,Y,ZZUnitStandard:ZZUnitStandard_ID:2191;ZZLearnership:ZZLearnership_ID:67;ref:ZZLkpUnitStandardType:ZZUnitStandardType:1
*,267,Y,ZZUnitStandard:ZZUnitStandard_ID:2192;ZZLearnership:ZZLearnership_ID:67;ref:ZZLkpUnitStandardType:ZZUnitStandardType:1
*,268,Y,ZZUnitStandard:ZZUnitStandard_ID:2193;ZZLearnership:ZZLearnership_ID:67;ref:ZZLkpUnitStandardType:ZZUnitStandardType:1
*,269,Y,ZZUnitStandard:ZZUnitStandard_ID:2194;ZZLearnership:ZZLearnership_ID:67;ref:ZZLkpUnitStandardType:ZZUnitStandardType:1
*,270,Y,ZZUnitStandard:ZZUnitStandard_ID:2195;ZZLearnership:ZZLearnership_ID:67;ref:ZZLkpUnitStandardType:ZZUnitStandardType:1
*,271,Y,ZZUnitStandard:ZZUnitStandard_ID:2196;ZZLearnership:ZZLearnership_ID:67;ref:ZZLkpUnitStandardType:ZZUnitStandardType:1
*,272,Y,ZZUnitStandard:ZZUnitStandard_ID:2197;ZZLearnership:ZZLearnership_ID:67;ref:ZZLkpUnitStandardType:ZZUnitStandardType:1
*,273,Y,ZZUnitStandard:ZZUnitStandard_ID:2198;ZZLearnership:ZZLearnership_ID:67;ref:ZZLkpUnitStandardType:ZZUnitStandardType:1
*,274,Y,ZZUnitStandard:ZZUnitStandard_ID:2199;ZZLearnership:ZZLearnership_ID:67;ref:ZZLkpUnitStandardType:ZZUnitStandardType:1
*,275,Y,ZZUnitStandard:ZZUnitStandard_ID:2200;ZZLearnership:ZZLearnership_ID:67;ref:ZZLkpUnitStandardType:ZZUnitStandardType:3
*,276,Y,ZZUnitStandard:ZZUnitStandard_ID:219;ZZLearnership:ZZLearnership_ID:70;ref:ZZLkpUnitStandardType:ZZUnitStandardType:1
*,277,Y,ZZUnitStandard:ZZUnitStandard_ID:222;ZZLearnership:ZZLearnership_ID:70;ref:ZZLkpUnitStandardType:ZZUnitStandardType:1
*,278,Y,ZZUnitStandard:ZZUnitStandard_ID:224;ZZLearnership:ZZLearnership_ID:70;ref:ZZLkpUnitStandardType:ZZUnitStandardType:3
*,279,Y,ZZUnitStandard:ZZUnitStandard_ID:229;ZZLearnership:ZZLearnership_ID:70;ref:ZZLkpUnitStandardType:ZZUnitStandardType:3
*,280,Y,ZZUnitStandard:ZZUnitStandard_ID:231;ZZLearnership:ZZLearnership_ID:70;ref:ZZLkpUnitStandardType:ZZUnitStandardType:3
*,281,Y,ZZUnitStandard:ZZUnitStandard_ID:1189;ZZLearnership:ZZLearnership_ID:70;ref:ZZLkpUnitStandardType:ZZUnitStandardType:2
*,282,Y,ZZUnitStandard:ZZUnitStandard_ID:1197;ZZLearnership:ZZLearnership_ID:70;ref:ZZLkpUnitStandardType:ZZUnitStandardType:2
*,283,Y,ZZUnitStandard:ZZUnitStandard_ID:1198;ZZLearnership:ZZLearnership_ID:70;ref:ZZLkpUnitStandardType:ZZUnitStandardType:2
*,284,Y,ZZUnitStandard:ZZUnitStandard_ID:1338;ZZLearnership:ZZLearnership_ID:70;ref:ZZLkpUnitStandardType:ZZUnitStandardType:3
*,285,Y,ZZUnitStandard:ZZUnitStandard_ID:1803;ZZLearnership:ZZLearnership_ID:70;ref:ZZLkpUnitStandardType:ZZUnitStandardType:3
*,286,Y,ZZUnitStandard:ZZUnitStandard_ID:2187;ZZLearnership:ZZLearnership_ID:70;ref:ZZLkpUnitStandardType:ZZUnitStandardType:1
*,287,Y,ZZUnitStandard:ZZUnitStandard_ID:2201;ZZLearnership:ZZLearnership_ID:70;ref:ZZLkpUnitStandardType:ZZUnitStandardType:2
*,288,Y,ZZUnitStandard:ZZUnitStandard_ID:2202;ZZLearnership:ZZLearnership_ID:70;ref:ZZLkpUnitStandardType:ZZUnitStandardType:2
*,289,Y,ZZUnitStandard:ZZUnitStandard_ID:2204;ZZLearnership:ZZLearnership_ID:70;ref:ZZLkpUnitStandardType:ZZUnitStandardType:1
*,290,Y,ZZUnitStandard:ZZUnitStandard_ID:2205;ZZLearnership:ZZLearnership_ID:70;ref:ZZLkpUnitStandardType:ZZUnitStandardType:3
*,291,Y,ZZUnitStandard:ZZUnitStandard_ID:2206;ZZLearnership:ZZLearnership_ID:70;ref:ZZLkpUnitStandardType:ZZUnitStandardType:3
*,292,Y,ZZUnitStandard:ZZUnitStandard_ID:2207;ZZLearnership:ZZLearnership_ID:70;ref:ZZLkpUnitStandardType:ZZUnitStandardType:3
*,293,Y,ZZUnitStandard:ZZUnitStandard_ID:2208;ZZLearnership:ZZLearnership_ID:70;ref:ZZLkpUnitStandardType:ZZUnitStandardType:3
*,294,Y,ZZUnitStandard:ZZUnitStandard_ID:2209;ZZLearnership:ZZLearnership_ID:70;ref:ZZLkpUnitStandardType:ZZUnitStandardType:3
*,295,Y,ZZUnitStandard:ZZUnitStandard_ID:2214;ZZLearnership:ZZLearnership_ID:70;ref:ZZLkpUnitStandardType:ZZUnitStandardType:2
*,296,Y,ZZUnitStandard:ZZUnitStandard_ID:2215;ZZLearnership:ZZLearnership_ID:70;ref:ZZLkpUnitStandardType:ZZUnitStandardType:2
*,297,Y,ZZUnitStandard:ZZUnitStandard_ID:2217;ZZLearnership:ZZLearnership_ID:70;ref:ZZLkpUnitStandardType:ZZUnitStandardType:2
*,298,Y,ZZUnitStandard:ZZUnitStandard_ID:2218;ZZLearnership:ZZLearnership_ID:70;ref:ZZLkpUnitStandardType:ZZUnitStandardType:2
*,299,Y,ZZUnitStandard:ZZUnitStandard_ID:2219;ZZLearnership:ZZLearnership_ID:70;ref:ZZLkpUnitStandardType:ZZUnitStandardType:2
*,300,Y,ZZUnitStandard:ZZUnitStandard_ID:2406;ZZLearnership:ZZLearnership_ID:70;ref:ZZLkpUnitStandardType:ZZUnitStandardType:2
*,301,Y,ZZUnitStandard:ZZUnitStandard_ID:136;ZZLearnership:ZZLearnership_ID:71;ref:ZZLkpUnitStandardType:ZZUnitStandardType:3
*,302,Y,ZZUnitStandard:ZZUnitStandard_ID:137;ZZLearnership:ZZLearnership_ID:71;ref:ZZLkpUnitStandardType:ZZUnitStandardType:3
*,303,Y,ZZUnitStandard:ZZUnitStandard_ID:138;ZZLearnership:ZZLearnership_ID:71;ref:ZZLkpUnitStandardType:ZZUnitStandardType:3
*,304,Y,ZZUnitStandard:ZZUnitStandard_ID:139;ZZLearnership:ZZLearnership_ID:71;ref:ZZLkpUnitStandardType:ZZUnitStandardType:3
*,305,Y,ZZUnitStandard:ZZUnitStandard_ID:140;ZZLearnership:ZZLearnership_ID:71;ref:ZZLkpUnitStandardType:ZZUnitStandardType:3
*,306,Y,ZZUnitStandard:ZZUnitStandard_ID:141;ZZLearnership:ZZLearnership_ID:71;ref:ZZLkpUnitStandardType:ZZUnitStandardType:3
*,307,Y,ZZUnitStandard:ZZUnitStandard_ID:142;ZZLearnership:ZZLearnership_ID:71;ref:ZZLkpUnitStandardType:ZZUnitStandardType:1
*,308,Y,ZZUnitStandard:ZZUnitStandard_ID:143;ZZLearnership:ZZLearnership_ID:71;ref:ZZLkpUnitStandardType:ZZUnitStandardType:3
*,309,Y,ZZUnitStandard:ZZUnitStandard_ID:144;ZZLearnership:ZZLearnership_ID:71;ref:ZZLkpUnitStandardType:ZZUnitStandardType:1
*,310,Y,ZZUnitStandard:ZZUnitStandard_ID:494;ZZLearnership:ZZLearnership_ID:71;ref:ZZLkpUnitStandardType:ZZUnitStandardType:3
*,311,Y,ZZUnitStandard:ZZUnitStandard_ID:496;ZZLearnership:ZZLearnership_ID:71;ref:ZZLkpUnitStandardType:ZZUnitStandardType:3
*,312,Y,ZZUnitStandard:ZZUnitStandard_ID:497;ZZLearnership:ZZLearnership_ID:71;ref:ZZLkpUnitStandardType:ZZUnitStandardType:3
*,313,Y,ZZUnitStandard:ZZUnitStandard_ID:499;ZZLearnership:ZZLearnership_ID:71;ref:ZZLkpUnitStandardType:ZZUnitStandardType:3
*,314,Y,ZZUnitStandard:ZZUnitStandard_ID:646;ZZLearnership:ZZLearnership_ID:71;ref:ZZLkpUnitStandardType:ZZUnitStandardType:3
*,315,Y,ZZUnitStandard:ZZUnitStandard_ID:647;ZZLearnership:ZZLearnership_ID:71;ref:ZZLkpUnitStandardType:ZZUnitStandardType:3
*,316,Y,ZZUnitStandard:ZZUnitStandard_ID:1189;ZZLearnership:ZZLearnership_ID:71;ref:ZZLkpUnitStandardType:ZZUnitStandardType:2
*,317,Y,ZZUnitStandard:ZZUnitStandard_ID:1191;ZZLearnership:ZZLearnership_ID:71;ref:ZZLkpUnitStandardType:ZZUnitStandardType:2
*,318,Y,ZZUnitStandard:ZZUnitStandard_ID:1197;ZZLearnership:ZZLearnership_ID:71;ref:ZZLkpUnitStandardType:ZZUnitStandardType:2
*,319,Y,ZZUnitStandard:ZZUnitStandard_ID:1312;ZZLearnership:ZZLearnership_ID:71;ref:ZZLkpUnitStandardType:ZZUnitStandardType:1
*,320,Y,ZZUnitStandard:ZZUnitStandard_ID:1313;ZZLearnership:ZZLearnership_ID:71;ref:ZZLkpUnitStandardType:ZZUnitStandardType:1
*,321,Y,ZZUnitStandard:ZZUnitStandard_ID:1314;ZZLearnership:ZZLearnership_ID:71;ref:ZZLkpUnitStandardType:ZZUnitStandardType:1
*,322,Y,ZZUnitStandard:ZZUnitStandard_ID:2013;ZZLearnership:ZZLearnership_ID:71;ref:ZZLkpUnitStandardType:ZZUnitStandardType:1
*,323,Y,ZZUnitStandard:ZZUnitStandard_ID:2014;ZZLearnership:ZZLearnership_ID:71;ref:ZZLkpUnitStandardType:ZZUnitStandardType:1
*,324,Y,ZZUnitStandard:ZZUnitStandard_ID:2201;ZZLearnership:ZZLearnership_ID:71;ref:ZZLkpUnitStandardType:ZZUnitStandardType:2
*,325,Y,ZZUnitStandard:ZZUnitStandard_ID:2202;ZZLearnership:ZZLearnership_ID:71;ref:ZZLkpUnitStandardType:ZZUnitStandardType:2
*,326,Y,ZZUnitStandard:ZZUnitStandard_ID:2214;ZZLearnership:ZZLearnership_ID:71;ref:ZZLkpUnitStandardType:ZZUnitStandardType:2
*,327,Y,ZZUnitStandard:ZZUnitStandard_ID:2215;ZZLearnership:ZZLearnership_ID:71;ref:ZZLkpUnitStandardType:ZZUnitStandardType:2
*,328,Y,ZZUnitStandard:ZZUnitStandard_ID:2217;ZZLearnership:ZZLearnership_ID:71;ref:ZZLkpUnitStandardType:ZZUnitStandardType:2
*,329,Y,ZZUnitStandard:ZZUnitStandard_ID:2218;ZZLearnership:ZZLearnership_ID:71;ref:ZZLkpUnitStandardType:ZZUnitStandardType:2
*,330,Y,ZZUnitStandard:ZZUnitStandard_ID:2221;ZZLearnership:ZZLearnership_ID:71;ref:ZZLkpUnitStandardType:ZZUnitStandardType:2
*,331,Y,ZZUnitStandard:ZZUnitStandard_ID:2406;ZZLearnership:ZZLearnership_ID:71;ref:ZZLkpUnitStandardType:ZZUnitStandardType:2
*,332,Y,ZZUnitStandard:ZZUnitStandard_ID:136;ZZLearnership:ZZLearnership_ID:72;ref:ZZLkpUnitStandardType:ZZUnitStandardType:3
*,333,Y,ZZUnitStandard:ZZUnitStandard_ID:137;ZZLearnership:ZZLearnership_ID:72;ref:ZZLkpUnitStandardType:ZZUnitStandardType:3
*,334,Y,ZZUnitStandard:ZZUnitStandard_ID:138;ZZLearnership:ZZLearnership_ID:72;ref:ZZLkpUnitStandardType:ZZUnitStandardType:3
*,335,Y,ZZUnitStandard:ZZUnitStandard_ID:139;ZZLearnership:ZZLearnership_ID:72;ref:ZZLkpUnitStandardType:ZZUnitStandardType:3
*,336,Y,ZZUnitStandard:ZZUnitStandard_ID:140;ZZLearnership:ZZLearnership_ID:72;ref:ZZLkpUnitStandardType:ZZUnitStandardType:3
*,337,Y,ZZUnitStandard:ZZUnitStandard_ID:141;ZZLearnership:ZZLearnership_ID:72;ref:ZZLkpUnitStandardType:ZZUnitStandardType:3
*,338,Y,ZZUnitStandard:ZZUnitStandard_ID:142;ZZLearnership:ZZLearnership_ID:72;ref:ZZLkpUnitStandardType:ZZUnitStandardType:3
*,339,Y,ZZUnitStandard:ZZUnitStandard_ID:143;ZZLearnership:ZZLearnership_ID:72;ref:ZZLkpUnitStandardType:ZZUnitStandardType:1
*,340,Y,ZZUnitStandard:ZZUnitStandard_ID:494;ZZLearnership:ZZLearnership_ID:72;ref:ZZLkpUnitStandardType:ZZUnitStandardType:1
*,341,Y,ZZUnitStandard:ZZUnitStandard_ID:496;ZZLearnership:ZZLearnership_ID:72;ref:ZZLkpUnitStandardType:ZZUnitStandardType:3
*,342,Y,ZZUnitStandard:ZZUnitStandard_ID:497;ZZLearnership:ZZLearnership_ID:72;ref:ZZLkpUnitStandardType:ZZUnitStandardType:1
*,343,Y,ZZUnitStandard:ZZUnitStandard_ID:499;ZZLearnership:ZZLearnership_ID:72;ref:ZZLkpUnitStandardType:ZZUnitStandardType:3
*,344,Y,ZZUnitStandard:ZZUnitStandard_ID:646;ZZLearnership:ZZLearnership_ID:72;ref:ZZLkpUnitStandardType:ZZUnitStandardType:1
*,345,Y,ZZUnitStandard:ZZUnitStandard_ID:647;ZZLearnership:ZZLearnership_ID:72;ref:ZZLkpUnitStandardType:ZZUnitStandardType:3
*,346,Y,ZZUnitStandard:ZZUnitStandard_ID:1189;ZZLearnership:ZZLearnership_ID:72;ref:ZZLkpUnitStandardType:ZZUnitStandardType:2
*,347,Y,ZZUnitStandard:ZZUnitStandard_ID:1191;ZZLearnership:ZZLearnership_ID:72;ref:ZZLkpUnitStandardType:ZZUnitStandardType:2
*,348,Y,ZZUnitStandard:ZZUnitStandard_ID:1197;ZZLearnership:ZZLearnership_ID:72;ref:ZZLkpUnitStandardType:ZZUnitStandardType:2
*,349,Y,ZZUnitStandard:ZZUnitStandard_ID:1312;ZZLearnership:ZZLearnership_ID:72;ref:ZZLkpUnitStandardType:ZZUnitStandardType:1
*,350,Y,ZZUnitStandard:ZZUnitStandard_ID:1313;ZZLearnership:ZZLearnership_ID:72;ref:ZZLkpUnitStandardType:ZZUnitStandardType:3
*,351,Y,ZZUnitStandard:ZZUnitStandard_ID:1314;ZZLearnership:ZZLearnership_ID:72;ref:ZZLkpUnitStandardType:ZZUnitStandardType:3
*,352,Y,ZZUnitStandard:ZZUnitStandard_ID:2013;ZZLearnership:ZZLearnership_ID:72;ref:ZZLkpUnitStandardType:ZZUnitStandardType:3
*,353,Y,ZZUnitStandard:ZZUnitStandard_ID:2014;ZZLearnership:ZZLearnership_ID:72;ref:ZZLkpUnitStandardType:ZZUnitStandardType:3
*,354,Y,ZZUnitStandard:ZZUnitStandard_ID:2201;ZZLearnership:ZZLearnership_ID:72;ref:ZZLkpUnitStandardType:ZZUnitStandardType:2
*,355,Y,ZZUnitStandard:ZZUnitStandard_ID:2202;ZZLearnership:ZZLearnership_ID:72;ref:ZZLkpUnitStandardType:ZZUnitStandardType:2
*,356,Y,ZZUnitStandard:ZZUnitStandard_ID:2214;ZZLearnership:ZZLearnership_ID:72;ref:ZZLkpUnitStandardType:ZZUnitStandardType:2
*,357,Y,ZZUnitStandard:ZZUnitStandard_ID:2215;ZZLearnership:ZZLearnership_ID:72;ref:ZZLkpUnitStandardType:ZZUnitStandardType:2
*,358,Y,ZZUnitStandard:ZZUnitStandard_ID:2217;ZZLearnership:ZZLearnership_ID:72;ref:ZZLkpUnitStandardType:ZZUnitStandardType:2
*,359,Y,ZZUnitStandard:ZZUnitStandard_ID:2218;ZZLearnership:ZZLearnership_ID:72;ref:ZZLkpUnitStandardType:ZZUnitStandardType:2
*,360,Y,ZZUnitStandard:ZZUnitStandard_ID:2221;ZZLearnership:ZZLearnership_ID:72;ref:ZZLkpUnitStandardType:ZZUnitStandardType:2
*,361,Y,ZZUnitStandard:ZZUnitStandard_ID:2406;ZZLearnership:ZZLearnership_ID:72;ref:ZZLkpUnitStandardType:ZZUnitStandardType:2
*,362,Y,ZZUnitStandard:ZZUnitStandard_ID:259;ZZLearnership:ZZLearnership_ID:73;ref:ZZLkpUnitStandardType:ZZUnitStandardType:3
*,363,Y,ZZUnitStandard:ZZUnitStandard_ID:357;ZZLearnership:ZZLearnership_ID:73;ref:ZZLkpUnitStandardType:ZZUnitStandardType:1
*,364,Y,ZZUnitStandard:ZZUnitStandard_ID:363;ZZLearnership:ZZLearnership_ID:73;ref:ZZLkpUnitStandardType:ZZUnitStandardType:1
*,365,Y,ZZUnitStandard:ZZUnitStandard_ID:364;ZZLearnership:ZZLearnership_ID:73;ref:ZZLkpUnitStandardType:ZZUnitStandardType:1
*,366,Y,ZZUnitStandard:ZZUnitStandard_ID:366;ZZLearnership:ZZLearnership_ID:73;ref:ZZLkpUnitStandardType:ZZUnitStandardType:3
*,367,Y,ZZUnitStandard:ZZUnitStandard_ID:1185;ZZLearnership:ZZLearnership_ID:73;ref:ZZLkpUnitStandardType:ZZUnitStandardType:2
*,368,Y,ZZUnitStandard:ZZUnitStandard_ID:1186;ZZLearnership:ZZLearnership_ID:73;ref:ZZLkpUnitStandardType:ZZUnitStandardType:2
*,369,Y,ZZUnitStandard:ZZUnitStandard_ID:1194;ZZLearnership:ZZLearnership_ID:73;ref:ZZLkpUnitStandardType:ZZUnitStandardType:2
*,370,Y,ZZUnitStandard:ZZUnitStandard_ID:1450;ZZLearnership:ZZLearnership_ID:73;ref:ZZLkpUnitStandardType:ZZUnitStandardType:1
*,371,Y,ZZUnitStandard:ZZUnitStandard_ID:1461;ZZLearnership:ZZLearnership_ID:73;ref:ZZLkpUnitStandardType:ZZUnitStandardType:1
*,372,Y,ZZUnitStandard:ZZUnitStandard_ID:1469;ZZLearnership:ZZLearnership_ID:73;ref:ZZLkpUnitStandardType:ZZUnitStandardType:1
*,373,Y,ZZUnitStandard:ZZUnitStandard_ID:1514;ZZLearnership:ZZLearnership_ID:73;ref:ZZLkpUnitStandardType:ZZUnitStandardType:2
*,374,Y,ZZUnitStandard:ZZUnitStandard_ID:1516;ZZLearnership:ZZLearnership_ID:73;ref:ZZLkpUnitStandardType:ZZUnitStandardType:2
*,375,Y,ZZUnitStandard:ZZUnitStandard_ID:1722;ZZLearnership:ZZLearnership_ID:73;ref:ZZLkpUnitStandardType:ZZUnitStandardType:1
*,376,Y,ZZUnitStandard:ZZUnitStandard_ID:1727;ZZLearnership:ZZLearnership_ID:73;ref:ZZLkpUnitStandardType:ZZUnitStandardType:1
*,377,Y,ZZUnitStandard:ZZUnitStandard_ID:1890;ZZLearnership:ZZLearnership_ID:73;ref:ZZLkpUnitStandardType:ZZUnitStandardType:1
*,378,Y,ZZUnitStandard:ZZUnitStandard_ID:1891;ZZLearnership:ZZLearnership_ID:73;ref:ZZLkpUnitStandardType:ZZUnitStandardType:1
*,379,Y,ZZUnitStandard:ZZUnitStandard_ID:1892;ZZLearnership:ZZLearnership_ID:73;ref:ZZLkpUnitStandardType:ZZUnitStandardType:1
*,380,Y,ZZUnitStandard:ZZUnitStandard_ID:1893;ZZLearnership:ZZLearnership_ID:73;ref:ZZLkpUnitStandardType:ZZUnitStandardType:1
*,381,Y,ZZUnitStandard:ZZUnitStandard_ID:1894;ZZLearnership:ZZLearnership_ID:73;ref:ZZLkpUnitStandardType:ZZUnitStandardType:3
*,382,Y,ZZUnitStandard:ZZUnitStandard_ID:1895;ZZLearnership:ZZLearnership_ID:73;ref:ZZLkpUnitStandardType:ZZUnitStandardType:3
*,383,Y,ZZUnitStandard:ZZUnitStandard_ID:1896;ZZLearnership:ZZLearnership_ID:73;ref:ZZLkpUnitStandardType:ZZUnitStandardType:3
*,384,Y,ZZUnitStandard:ZZUnitStandard_ID:1900;ZZLearnership:ZZLearnership_ID:73;ref:ZZLkpUnitStandardType:ZZUnitStandardType:3
*,385,Y,ZZUnitStandard:ZZUnitStandard_ID:1901;ZZLearnership:ZZLearnership_ID:73;ref:ZZLkpUnitStandardType:ZZUnitStandardType:3
*,386,Y,ZZUnitStandard:ZZUnitStandard_ID:2020;ZZLearnership:ZZLearnership_ID:73;ref:ZZLkpUnitStandardType:ZZUnitStandardType:1
*,387,Y,ZZUnitStandard:ZZUnitStandard_ID:2025;ZZLearnership:ZZLearnership_ID:73;ref:ZZLkpUnitStandardType:ZZUnitStandardType:1
*,388,Y,ZZUnitStandard:ZZUnitStandard_ID:2139;ZZLearnership:ZZLearnership_ID:73;ref:ZZLkpUnitStandardType:ZZUnitStandardType:3
*,389,Y,ZZUnitStandard:ZZUnitStandard_ID:2140;ZZLearnership:ZZLearnership_ID:73;ref:ZZLkpUnitStandardType:ZZUnitStandardType:3
*,390,Y,ZZUnitStandard:ZZUnitStandard_ID:2325;ZZLearnership:ZZLearnership_ID:73;ref:ZZLkpUnitStandardType:ZZUnitStandardType:3
*,391,Y,ZZUnitStandard:ZZUnitStandard_ID:2326;ZZLearnership:ZZLearnership_ID:73;ref:ZZLkpUnitStandardType:ZZUnitStandardType:1
*,392,Y,ZZUnitStandard:ZZUnitStandard_ID:2327;ZZLearnership:ZZLearnership_ID:73;ref:ZZLkpUnitStandardType:ZZUnitStandardType:3
*,393,Y,ZZUnitStandard:ZZUnitStandard_ID:2328;ZZLearnership:ZZLearnership_ID:73;ref:ZZLkpUnitStandardType:ZZUnitStandardType:3
*,394,Y,ZZUnitStandard:ZZUnitStandard_ID:2340;ZZLearnership:ZZLearnership_ID:73;ref:ZZLkpUnitStandardType:ZZUnitStandardType:2
*,395,Y,ZZUnitStandard:ZZUnitStandard_ID:2363;ZZLearnership:ZZLearnership_ID:73;ref:ZZLkpUnitStandardType:ZZUnitStandardType:3
*,396,Y,ZZUnitStandard:ZZUnitStandard_ID:2404;ZZLearnership:ZZLearnership_ID:73;ref:ZZLkpUnitStandardType:ZZUnitStandardType:1
*,397,Y,ZZUnitStandard:ZZUnitStandard_ID:2405;ZZLearnership:ZZLearnership_ID:73;ref:ZZLkpUnitStandardType:ZZUnitStandardType:1
*,398,Y,ZZUnitStandard:ZZUnitStandard_ID:2446;ZZLearnership:ZZLearnership_ID:73;ref:ZZLkpUnitStandardType:ZZUnitStandardType:1
*,399,Y,ZZUnitStandard:ZZUnitStandard_ID:2450;ZZLearnership:ZZLearnership_ID:73;ref:ZZLkpUnitStandardType:ZZUnitStandardType:2
*,400,Y,ZZUnitStandard:ZZUnitStandard_ID:2452;ZZLearnership:ZZLearnership_ID:73;ref:ZZLkpUnitStandardType:ZZUnitStandardType:2
*,401,Y,ZZUnitStandard:ZZUnitStandard_ID:2453;ZZLearnership:ZZLearnership_ID:73;ref:ZZLkpUnitStandardType:ZZUnitStandardType:2
*,402,Y,ZZUnitStandard:ZZUnitStandard_ID:2455;ZZLearnership:ZZLearnership_ID:73;ref:ZZLkpUnitStandardType:ZZUnitStandardType:1
*,403,Y,ZZUnitStandard:ZZUnitStandard_ID:2456;ZZLearnership:ZZLearnership_ID:73;ref:ZZLkpUnitStandardType:ZZUnitStandardType:1
*,404,Y,ZZUnitStandard:ZZUnitStandard_ID:2457;ZZLearnership:ZZLearnership_ID:73;ref:ZZLkpUnitStandardType:ZZUnitStandardType:1
*,405,Y,ZZUnitStandard:ZZUnitStandard_ID:2458;ZZLearnership:ZZLearnership_ID:73;ref:ZZLkpUnitStandardType:ZZUnitStandardType:1
*,406,Y,ZZUnitStandard:ZZUnitStandard_ID:2459;ZZLearnership:ZZLearnership_ID:73;ref:ZZLkpUnitStandardType:ZZUnitStandardType:1
*,407,Y,ZZUnitStandard:ZZUnitStandard_ID:2460;ZZLearnership:ZZLearnership_ID:73;ref:ZZLkpUnitStandardType:ZZUnitStandardType:3
*,408,Y,ZZUnitStandard:ZZUnitStandard_ID:2462;ZZLearnership:ZZLearnership_ID:73;ref:ZZLkpUnitStandardType:ZZUnitStandardType:3
*,409,Y,ZZUnitStandard:ZZUnitStandard_ID:152;ZZLearnership:ZZLearnership_ID:74;ref:ZZLkpUnitStandardType:ZZUnitStandardType:3
*,410,Y,ZZUnitStandard:ZZUnitStandard_ID:185;ZZLearnership:ZZLearnership_ID:74;ref:ZZLkpUnitStandardType:ZZUnitStandardType:3
*,411,Y,ZZUnitStandard:ZZUnitStandard_ID:285;ZZLearnership:ZZLearnership_ID:74;ref:ZZLkpUnitStandardType:ZZUnitStandardType:3
*,412,Y,ZZUnitStandard:ZZUnitStandard_ID:1189;ZZLearnership:ZZLearnership_ID:74;ref:ZZLkpUnitStandardType:ZZUnitStandardType:2
*,413,Y,ZZUnitStandard:ZZUnitStandard_ID:1197;ZZLearnership:ZZLearnership_ID:74;ref:ZZLkpUnitStandardType:ZZUnitStandardType:2
*,414,Y,ZZUnitStandard:ZZUnitStandard_ID:1198;ZZLearnership:ZZLearnership_ID:74;ref:ZZLkpUnitStandardType:ZZUnitStandardType:2
*,415,Y,ZZUnitStandard:ZZUnitStandard_ID:1289;ZZLearnership:ZZLearnership_ID:74;ref:ZZLkpUnitStandardType:ZZUnitStandardType:3
*,416,Y,ZZUnitStandard:ZZUnitStandard_ID:1477;ZZLearnership:ZZLearnership_ID:74;ref:ZZLkpUnitStandardType:ZZUnitStandardType:1
*,417,Y,ZZUnitStandard:ZZUnitStandard_ID:2201;ZZLearnership:ZZLearnership_ID:74;ref:ZZLkpUnitStandardType:ZZUnitStandardType:2
*,418,Y,ZZUnitStandard:ZZUnitStandard_ID:2202;ZZLearnership:ZZLearnership_ID:74;ref:ZZLkpUnitStandardType:ZZUnitStandardType:2
*,419,Y,ZZUnitStandard:ZZUnitStandard_ID:2214;ZZLearnership:ZZLearnership_ID:74;ref:ZZLkpUnitStandardType:ZZUnitStandardType:2
*,420,Y,ZZUnitStandard:ZZUnitStandard_ID:2215;ZZLearnership:ZZLearnership_ID:74;ref:ZZLkpUnitStandardType:ZZUnitStandardType:2
*,421,Y,ZZUnitStandard:ZZUnitStandard_ID:2217;ZZLearnership:ZZLearnership_ID:74;ref:ZZLkpUnitStandardType:ZZUnitStandardType:2
*,422,Y,ZZUnitStandard:ZZUnitStandard_ID:2218;ZZLearnership:ZZLearnership_ID:74;ref:ZZLkpUnitStandardType:ZZUnitStandardType:2
*,423,Y,ZZUnitStandard:ZZUnitStandard_ID:2221;ZZLearnership:ZZLearnership_ID:74;ref:ZZLkpUnitStandardType:ZZUnitStandardType:2
*,424,Y,ZZUnitStandard:ZZUnitStandard_ID:2406;ZZLearnership:ZZLearnership_ID:74;ref:ZZLkpUnitStandardType:ZZUnitStandardType:2
*,425,Y,ZZUnitStandard:ZZUnitStandard_ID:2424;ZZLearnership:ZZLearnership_ID:74;ref:ZZLkpUnitStandardType:ZZUnitStandardType:1
*,426,Y,ZZUnitStandard:ZZUnitStandard_ID:2427;ZZLearnership:ZZLearnership_ID:74;ref:ZZLkpUnitStandardType:ZZUnitStandardType:3
*,427,Y,ZZUnitStandard:ZZUnitStandard_ID:2451;ZZLearnership:ZZLearnership_ID:74;ref:ZZLkpUnitStandardType:ZZUnitStandardType:1
*,428,Y,ZZUnitStandard:ZZUnitStandard_ID:2465;ZZLearnership:ZZLearnership_ID:74;ref:ZZLkpUnitStandardType:ZZUnitStandardType:1
*,429,Y,ZZUnitStandard:ZZUnitStandard_ID:2466;ZZLearnership:ZZLearnership_ID:74;ref:ZZLkpUnitStandardType:ZZUnitStandardType:1
*,430,Y,ZZUnitStandard:ZZUnitStandard_ID:2467;ZZLearnership:ZZLearnership_ID:74;ref:ZZLkpUnitStandardType:ZZUnitStandardType:1
*,431,Y,ZZUnitStandard:ZZUnitStandard_ID:2468;ZZLearnership:ZZLearnership_ID:74;ref:ZZLkpUnitStandardType:ZZUnitStandardType:1
*,432,Y,ZZUnitStandard:ZZUnitStandard_ID:2469;ZZLearnership:ZZLearnership_ID:74;ref:ZZLkpUnitStandardType:ZZUnitStandardType:1
*,433,Y,ZZUnitStandard:ZZUnitStandard_ID:2470;ZZLearnership:ZZLearnership_ID:74;ref:ZZLkpUnitStandardType:ZZUnitStandardType:1
*,434,Y,ZZUnitStandard:ZZUnitStandard_ID:2471;ZZLearnership:ZZLearnership_ID:74;ref:ZZLkpUnitStandardType:ZZUnitStandardType:3
*,435,Y,ZZUnitStandard:ZZUnitStandard_ID:2472;ZZLearnership:ZZLearnership_ID:74;ref:ZZLkpUnitStandardType:ZZUnitStandardType:3
*,436,Y,ZZUnitStandard:ZZUnitStandard_ID:2473;ZZLearnership:ZZLearnership_ID:74;ref:ZZLkpUnitStandardType:ZZUnitStandardType:3
*,437,Y,ZZUnitStandard:ZZUnitStandard_ID:2474;ZZLearnership:ZZLearnership_ID:74;ref:ZZLkpUnitStandardType:ZZUnitStandardType:3
*,438,Y,ZZUnitStandard:ZZUnitStandard_ID:151;ZZLearnership:ZZLearnership_ID:75;ref:ZZLkpUnitStandardType:ZZUnitStandardType:3
*,439,Y,ZZUnitStandard:ZZUnitStandard_ID:161;ZZLearnership:ZZLearnership_ID:75;ref:ZZLkpUnitStandardType:ZZUnitStandardType:3
*,440,Y,ZZUnitStandard:ZZUnitStandard_ID:245;ZZLearnership:ZZLearnership_ID:75;ref:ZZLkpUnitStandardType:ZZUnitStandardType:3
*,441,Y,ZZUnitStandard:ZZUnitStandard_ID:248;ZZLearnership:ZZLearnership_ID:75;ref:ZZLkpUnitStandardType:ZZUnitStandardType:3
*,442,Y,ZZUnitStandard:ZZUnitStandard_ID:265;ZZLearnership:ZZLearnership_ID:75;ref:ZZLkpUnitStandardType:ZZUnitStandardType:3
*,443,Y,ZZUnitStandard:ZZUnitStandard_ID:271;ZZLearnership:ZZLearnership_ID:75;ref:ZZLkpUnitStandardType:ZZUnitStandardType:3
*,444,Y,ZZUnitStandard:ZZUnitStandard_ID:275;ZZLearnership:ZZLearnership_ID:75;ref:ZZLkpUnitStandardType:ZZUnitStandardType:3
*,445,Y,ZZUnitStandard:ZZUnitStandard_ID:276;ZZLearnership:ZZLearnership_ID:75;ref:ZZLkpUnitStandardType:ZZUnitStandardType:3
*,446,Y,ZZUnitStandard:ZZUnitStandard_ID:277;ZZLearnership:ZZLearnership_ID:75;ref:ZZLkpUnitStandardType:ZZUnitStandardType:3
*,447,Y,ZZUnitStandard:ZZUnitStandard_ID:289;ZZLearnership:ZZLearnership_ID:75;ref:ZZLkpUnitStandardType:ZZUnitStandardType:3
*,448,Y,ZZUnitStandard:ZZUnitStandard_ID:328;ZZLearnership:ZZLearnership_ID:75;ref:ZZLkpUnitStandardType:ZZUnitStandardType:3
*,449,Y,ZZUnitStandard:ZZUnitStandard_ID:340;ZZLearnership:ZZLearnership_ID:75;ref:ZZLkpUnitStandardType:ZZUnitStandardType:3
*,450,Y,ZZUnitStandard:ZZUnitStandard_ID:341;ZZLearnership:ZZLearnership_ID:75;ref:ZZLkpUnitStandardType:ZZUnitStandardType:3
*,451,Y,ZZUnitStandard:ZZUnitStandard_ID:346;ZZLearnership:ZZLearnership_ID:75;ref:ZZLkpUnitStandardType:ZZUnitStandardType:3
*,452,Y,ZZUnitStandard:ZZUnitStandard_ID:374;ZZLearnership:ZZLearnership_ID:75;ref:ZZLkpUnitStandardType:ZZUnitStandardType:1
*,453,Y,ZZUnitStandard:ZZUnitStandard_ID:1188;ZZLearnership:ZZLearnership_ID:75;ref:ZZLkpUnitStandardType:ZZUnitStandardType:2
*,454,Y,ZZUnitStandard:ZZUnitStandard_ID:1190;ZZLearnership:ZZLearnership_ID:75;ref:ZZLkpUnitStandardType:ZZUnitStandardType:2
*,455,Y,ZZUnitStandard:ZZUnitStandard_ID:1196;ZZLearnership:ZZLearnership_ID:75;ref:ZZLkpUnitStandardType:ZZUnitStandardType:2
*,456,Y,ZZUnitStandard:ZZUnitStandard_ID:1476;ZZLearnership:ZZLearnership_ID:75;ref:ZZLkpUnitStandardType:ZZUnitStandardType:1
*,457,Y,ZZUnitStandard:ZZUnitStandard_ID:1477;ZZLearnership:ZZLearnership_ID:75;ref:ZZLkpUnitStandardType:ZZUnitStandardType:1
*,458,Y,ZZUnitStandard:ZZUnitStandard_ID:1508;ZZLearnership:ZZLearnership_ID:75;ref:ZZLkpUnitStandardType:ZZUnitStandardType:1
*,459,Y,ZZUnitStandard:ZZUnitStandard_ID:1509;ZZLearnership:ZZLearnership_ID:75;ref:ZZLkpUnitStandardType:ZZUnitStandardType:3
*,460,Y,ZZUnitStandard:ZZUnitStandard_ID:1518;ZZLearnership:ZZLearnership_ID:75;ref:ZZLkpUnitStandardType:ZZUnitStandardType:2
*,461,Y,ZZUnitStandard:ZZUnitStandard_ID:2002;ZZLearnership:ZZLearnership_ID:75;ref:ZZLkpUnitStandardType:ZZUnitStandardType:3
*,462,Y,ZZUnitStandard:ZZUnitStandard_ID:2201;ZZLearnership:ZZLearnership_ID:75;ref:ZZLkpUnitStandardType:ZZUnitStandardType:2
*,463,Y,ZZUnitStandard:ZZUnitStandard_ID:2202;ZZLearnership:ZZLearnership_ID:75;ref:ZZLkpUnitStandardType:ZZUnitStandardType:2
*,464,Y,ZZUnitStandard:ZZUnitStandard_ID:2218;ZZLearnership:ZZLearnership_ID:75;ref:ZZLkpUnitStandardType:ZZUnitStandardType:2
*,465,Y,ZZUnitStandard:ZZUnitStandard_ID:2221;ZZLearnership:ZZLearnership_ID:75;ref:ZZLkpUnitStandardType:ZZUnitStandardType:2
*,466,Y,ZZUnitStandard:ZZUnitStandard_ID:2409;ZZLearnership:ZZLearnership_ID:75;ref:ZZLkpUnitStandardType:ZZUnitStandardType:1
*,467,Y,ZZUnitStandard:ZZUnitStandard_ID:2410;ZZLearnership:ZZLearnership_ID:75;ref:ZZLkpUnitStandardType:ZZUnitStandardType:1
*,468,Y,ZZUnitStandard:ZZUnitStandard_ID:2411;ZZLearnership:ZZLearnership_ID:75;ref:ZZLkpUnitStandardType:ZZUnitStandardType:1
*,469,Y,ZZUnitStandard:ZZUnitStandard_ID:2412;ZZLearnership:ZZLearnership_ID:75;ref:ZZLkpUnitStandardType:ZZUnitStandardType:1
*,470,Y,ZZUnitStandard:ZZUnitStandard_ID:2413;ZZLearnership:ZZLearnership_ID:75;ref:ZZLkpUnitStandardType:ZZUnitStandardType:1
*,471,Y,ZZUnitStandard:ZZUnitStandard_ID:2414;ZZLearnership:ZZLearnership_ID:75;ref:ZZLkpUnitStandardType:ZZUnitStandardType:1
*,472,Y,ZZUnitStandard:ZZUnitStandard_ID:2415;ZZLearnership:ZZLearnership_ID:75;ref:ZZLkpUnitStandardType:ZZUnitStandardType:1
*,473,Y,ZZUnitStandard:ZZUnitStandard_ID:2416;ZZLearnership:ZZLearnership_ID:75;ref:ZZLkpUnitStandardType:ZZUnitStandardType:1
*,474,Y,ZZUnitStandard:ZZUnitStandard_ID:2417;ZZLearnership:ZZLearnership_ID:75;ref:ZZLkpUnitStandardType:ZZUnitStandardType:1
*,475,Y,ZZUnitStandard:ZZUnitStandard_ID:2418;ZZLearnership:ZZLearnership_ID:75;ref:ZZLkpUnitStandardType:ZZUnitStandardType:3
*,476,Y,ZZUnitStandard:ZZUnitStandard_ID:2419;ZZLearnership:ZZLearnership_ID:75;ref:ZZLkpUnitStandardType:ZZUnitStandardType:3
*,477,Y,ZZUnitStandard:ZZUnitStandard_ID:2420;ZZLearnership:ZZLearnership_ID:75;ref:ZZLkpUnitStandardType:ZZUnitStandardType:3
*,478,Y,ZZUnitStandard:ZZUnitStandard_ID:2421;ZZLearnership:ZZLearnership_ID:75;ref:ZZLkpUnitStandardType:ZZUnitStandardType:3
*,479,Y,ZZUnitStandard:ZZUnitStandard_ID:2422;ZZLearnership:ZZLearnership_ID:75;ref:ZZLkpUnitStandardType:ZZUnitStandardType:3
*,480,Y,ZZUnitStandard:ZZUnitStandard_ID:2423;ZZLearnership:ZZLearnership_ID:75;ref:ZZLkpUnitStandardType:ZZUnitStandardType:3
*,481,Y,ZZUnitStandard:ZZUnitStandard_ID:2424;ZZLearnership:ZZLearnership_ID:75;ref:ZZLkpUnitStandardType:ZZUnitStandardType:3
*,482,Y,ZZUnitStandard:ZZUnitStandard_ID:2425;ZZLearnership:ZZLearnership_ID:75;ref:ZZLkpUnitStandardType:ZZUnitStandardType:3
*,483,Y,ZZUnitStandard:ZZUnitStandard_ID:2426;ZZLearnership:ZZLearnership_ID:75;ref:ZZLkpUnitStandardType:ZZUnitStandardType:3
*,484,Y,ZZUnitStandard:ZZUnitStandard_ID:2427;ZZLearnership:ZZLearnership_ID:75;ref:ZZLkpUnitStandardType:ZZUnitStandardType:3
*,485,Y,ZZUnitStandard:ZZUnitStandard_ID:2464;ZZLearnership:ZZLearnership_ID:75;ref:ZZLkpUnitStandardType:ZZUnitStandardType:3
*,486,Y,ZZUnitStandard:ZZUnitStandard_ID:151;ZZLearnership:ZZLearnership_ID:76;ref:ZZLkpUnitStandardType:ZZUnitStandardType:3
*,487,Y,ZZUnitStandard:ZZUnitStandard_ID:161;ZZLearnership:ZZLearnership_ID:76;ref:ZZLkpUnitStandardType:ZZUnitStandardType:3
*,488,Y,ZZUnitStandard:ZZUnitStandard_ID:245;ZZLearnership:ZZLearnership_ID:76;ref:ZZLkpUnitStandardType:ZZUnitStandardType:3
*,489,Y,ZZUnitStandard:ZZUnitStandard_ID:248;ZZLearnership:ZZLearnership_ID:76;ref:ZZLkpUnitStandardType:ZZUnitStandardType:3
*,490,Y,ZZUnitStandard:ZZUnitStandard_ID:265;ZZLearnership:ZZLearnership_ID:76;ref:ZZLkpUnitStandardType:ZZUnitStandardType:3
*,491,Y,ZZUnitStandard:ZZUnitStandard_ID:271;ZZLearnership:ZZLearnership_ID:76;ref:ZZLkpUnitStandardType:ZZUnitStandardType:3
*,492,Y,ZZUnitStandard:ZZUnitStandard_ID:275;ZZLearnership:ZZLearnership_ID:76;ref:ZZLkpUnitStandardType:ZZUnitStandardType:3
*,493,Y,ZZUnitStandard:ZZUnitStandard_ID:276;ZZLearnership:ZZLearnership_ID:76;ref:ZZLkpUnitStandardType:ZZUnitStandardType:3
*,494,Y,ZZUnitStandard:ZZUnitStandard_ID:277;ZZLearnership:ZZLearnership_ID:76;ref:ZZLkpUnitStandardType:ZZUnitStandardType:3
*,495,Y,ZZUnitStandard:ZZUnitStandard_ID:289;ZZLearnership:ZZLearnership_ID:76;ref:ZZLkpUnitStandardType:ZZUnitStandardType:3
*,496,Y,ZZUnitStandard:ZZUnitStandard_ID:328;ZZLearnership:ZZLearnership_ID:76;ref:ZZLkpUnitStandardType:ZZUnitStandardType:3
*,497,Y,ZZUnitStandard:ZZUnitStandard_ID:340;ZZLearnership:ZZLearnership_ID:76;ref:ZZLkpUnitStandardType:ZZUnitStandardType:3
*,498,Y,ZZUnitStandard:ZZUnitStandard_ID:341;ZZLearnership:ZZLearnership_ID:76;ref:ZZLkpUnitStandardType:ZZUnitStandardType:3
*,499,Y,ZZUnitStandard:ZZUnitStandard_ID:346;ZZLearnership:ZZLearnership_ID:76;ref:ZZLkpUnitStandardType:ZZUnitStandardType:3
*,500,Y,ZZUnitStandard:ZZUnitStandard_ID:374;ZZLearnership:ZZLearnership_ID:76;ref:ZZLkpUnitStandardType:ZZUnitStandardType:1
*,501,Y,ZZUnitStandard:ZZUnitStandard_ID:1188;ZZLearnership:ZZLearnership_ID:76;ref:ZZLkpUnitStandardType:ZZUnitStandardType:2
*,502,Y,ZZUnitStandard:ZZUnitStandard_ID:1190;ZZLearnership:ZZLearnership_ID:76;ref:ZZLkpUnitStandardType:ZZUnitStandardType:2
*,503,Y,ZZUnitStandard:ZZUnitStandard_ID:1196;ZZLearnership:ZZLearnership_ID:76;ref:ZZLkpUnitStandardType:ZZUnitStandardType:2
*,504,Y,ZZUnitStandard:ZZUnitStandard_ID:1476;ZZLearnership:ZZLearnership_ID:76;ref:ZZLkpUnitStandardType:ZZUnitStandardType:1
*,505,Y,ZZUnitStandard:ZZUnitStandard_ID:1477;ZZLearnership:ZZLearnership_ID:76;ref:ZZLkpUnitStandardType:ZZUnitStandardType:1
*,506,Y,ZZUnitStandard:ZZUnitStandard_ID:1508;ZZLearnership:ZZLearnership_ID:76;ref:ZZLkpUnitStandardType:ZZUnitStandardType:1
*,507,Y,ZZUnitStandard:ZZUnitStandard_ID:1509;ZZLearnership:ZZLearnership_ID:76;ref:ZZLkpUnitStandardType:ZZUnitStandardType:3
*,508,Y,ZZUnitStandard:ZZUnitStandard_ID:1518;ZZLearnership:ZZLearnership_ID:76;ref:ZZLkpUnitStandardType:ZZUnitStandardType:2
*,509,Y,ZZUnitStandard:ZZUnitStandard_ID:2002;ZZLearnership:ZZLearnership_ID:76;ref:ZZLkpUnitStandardType:ZZUnitStandardType:3
*,510,Y,ZZUnitStandard:ZZUnitStandard_ID:2201;ZZLearnership:ZZLearnership_ID:76;ref:ZZLkpUnitStandardType:ZZUnitStandardType:2
*,511,Y,ZZUnitStandard:ZZUnitStandard_ID:2202;ZZLearnership:ZZLearnership_ID:76;ref:ZZLkpUnitStandardType:ZZUnitStandardType:2
*,512,Y,ZZUnitStandard:ZZUnitStandard_ID:2218;ZZLearnership:ZZLearnership_ID:76;ref:ZZLkpUnitStandardType:ZZUnitStandardType:2
*,513,Y,ZZUnitStandard:ZZUnitStandard_ID:2221;ZZLearnership:ZZLearnership_ID:76;ref:ZZLkpUnitStandardType:ZZUnitStandardType:2
*,514,Y,ZZUnitStandard:ZZUnitStandard_ID:2409;ZZLearnership:ZZLearnership_ID:76;ref:ZZLkpUnitStandardType:ZZUnitStandardType:1
*,515,Y,ZZUnitStandard:ZZUnitStandard_ID:2410;ZZLearnership:ZZLearnership_ID:76;ref:ZZLkpUnitStandardType:ZZUnitStandardType:1
*,516,Y,ZZUnitStandard:ZZUnitStandard_ID:2411;ZZLearnership:ZZLearnership_ID:76;ref:ZZLkpUnitStandardType:ZZUnitStandardType:1
*,517,Y,ZZUnitStandard:ZZUnitStandard_ID:2412;ZZLearnership:ZZLearnership_ID:76;ref:ZZLkpUnitStandardType:ZZUnitStandardType:1
*,518,Y,ZZUnitStandard:ZZUnitStandard_ID:2413;ZZLearnership:ZZLearnership_ID:76;ref:ZZLkpUnitStandardType:ZZUnitStandardType:1
*,519,Y,ZZUnitStandard:ZZUnitStandard_ID:2414;ZZLearnership:ZZLearnership_ID:76;ref:ZZLkpUnitStandardType:ZZUnitStandardType:1
*,520,Y,ZZUnitStandard:ZZUnitStandard_ID:2415;ZZLearnership:ZZLearnership_ID:76;ref:ZZLkpUnitStandardType:ZZUnitStandardType:1
*,521,Y,ZZUnitStandard:ZZUnitStandard_ID:2416;ZZLearnership:ZZLearnership_ID:76;ref:ZZLkpUnitStandardType:ZZUnitStandardType:1
*,522,Y,ZZUnitStandard:ZZUnitStandard_ID:2417;ZZLearnership:ZZLearnership_ID:76;ref:ZZLkpUnitStandardType:ZZUnitStandardType:1
*,523,Y,ZZUnitStandard:ZZUnitStandard_ID:2418;ZZLearnership:ZZLearnership_ID:76;ref:ZZLkpUnitStandardType:ZZUnitStandardType:3
*,524,Y,ZZUnitStandard:ZZUnitStandard_ID:2419;ZZLearnership:ZZLearnership_ID:76;ref:ZZLkpUnitStandardType:ZZUnitStandardType:3
*,525,Y,ZZUnitStandard:ZZUnitStandard_ID:2420;ZZLearnership:ZZLearnership_ID:76;ref:ZZLkpUnitStandardType:ZZUnitStandardType:3
*,526,Y,ZZUnitStandard:ZZUnitStandard_ID:2421;ZZLearnership:ZZLearnership_ID:76;ref:ZZLkpUnitStandardType:ZZUnitStandardType:3
*,527,Y,ZZUnitStandard:ZZUnitStandard_ID:2422;ZZLearnership:ZZLearnership_ID:76;ref:ZZLkpUnitStandardType:ZZUnitStandardType:3
*,528,Y,ZZUnitStandard:ZZUnitStandard_ID:2423;ZZLearnership:ZZLearnership_ID:76;ref:ZZLkpUnitStandardType:ZZUnitStandardType:3
*,529,Y,ZZUnitStandard:ZZUnitStandard_ID:2424;ZZLearnership:ZZLearnership_ID:76;ref:ZZLkpUnitStandardType:ZZUnitStandardType:3
*,530,Y,ZZUnitStandard:ZZUnitStandard_ID:2425;ZZLearnership:ZZLearnership_ID:76;ref:ZZLkpUnitStandardType:ZZUnitStandardType:3
*,531,Y,ZZUnitStandard:ZZUnitStandard_ID:2426;ZZLearnership:ZZLearnership_ID:76;ref:ZZLkpUnitStandardType:ZZUnitStandardType:3
*,532,Y,ZZUnitStandard:ZZUnitStandard_ID:2427;ZZLearnership:ZZLearnership_ID:76;ref:ZZLkpUnitStandardType:ZZUnitStandardType:3
*,533,Y,ZZUnitStandard:ZZUnitStandard_ID:2464;ZZLearnership:ZZLearnership_ID:76;ref:ZZLkpUnitStandardType:ZZUnitStandardType:3
*,534,Y,ZZUnitStandard:ZZUnitStandard_ID:281;ZZLearnership:ZZLearnership_ID:77;ref:ZZLkpUnitStandardType:ZZUnitStandardType:3
*,535,Y,ZZUnitStandard:ZZUnitStandard_ID:1127;ZZLearnership:ZZLearnership_ID:77;ref:ZZLkpUnitStandardType:ZZUnitStandardType:3
*,536,Y,ZZUnitStandard:ZZUnitStandard_ID:1189;ZZLearnership:ZZLearnership_ID:77;ref:ZZLkpUnitStandardType:ZZUnitStandardType:2
*,537,Y,ZZUnitStandard:ZZUnitStandard_ID:1197;ZZLearnership:ZZLearnership_ID:77;ref:ZZLkpUnitStandardType:ZZUnitStandardType:2
*,538,Y,ZZUnitStandard:ZZUnitStandard_ID:1198;ZZLearnership:ZZLearnership_ID:77;ref:ZZLkpUnitStandardType:ZZUnitStandardType:2
*,539,Y,ZZUnitStandard:ZZUnitStandard_ID:1702;ZZLearnership:ZZLearnership_ID:77;ref:ZZLkpUnitStandardType:ZZUnitStandardType:1
*,540,Y,ZZUnitStandard:ZZUnitStandard_ID:2201;ZZLearnership:ZZLearnership_ID:77;ref:ZZLkpUnitStandardType:ZZUnitStandardType:2
*,541,Y,ZZUnitStandard:ZZUnitStandard_ID:2202;ZZLearnership:ZZLearnership_ID:77;ref:ZZLkpUnitStandardType:ZZUnitStandardType:2
*,542,Y,ZZUnitStandard:ZZUnitStandard_ID:2214;ZZLearnership:ZZLearnership_ID:77;ref:ZZLkpUnitStandardType:ZZUnitStandardType:2
*,543,Y,ZZUnitStandard:ZZUnitStandard_ID:2215;ZZLearnership:ZZLearnership_ID:77;ref:ZZLkpUnitStandardType:ZZUnitStandardType:2
*,544,Y,ZZUnitStandard:ZZUnitStandard_ID:2217;ZZLearnership:ZZLearnership_ID:77;ref:ZZLkpUnitStandardType:ZZUnitStandardType:2
*,545,Y,ZZUnitStandard:ZZUnitStandard_ID:2218;ZZLearnership:ZZLearnership_ID:77;ref:ZZLkpUnitStandardType:ZZUnitStandardType:2
*,546,Y,ZZUnitStandard:ZZUnitStandard_ID:2221;ZZLearnership:ZZLearnership_ID:77;ref:ZZLkpUnitStandardType:ZZUnitStandardType:2
*,547,Y,ZZUnitStandard:ZZUnitStandard_ID:2406;ZZLearnership:ZZLearnership_ID:77;ref:ZZLkpUnitStandardType:ZZUnitStandardType:2
*,548,Y,ZZUnitStandard:ZZUnitStandard_ID:2509;ZZLearnership:ZZLearnership_ID:77;ref:ZZLkpUnitStandardType:ZZUnitStandardType:3
*,549,Y,ZZUnitStandard:ZZUnitStandard_ID:2513;ZZLearnership:ZZLearnership_ID:77;ref:ZZLkpUnitStandardType:ZZUnitStandardType:1
*,550,Y,ZZUnitStandard:ZZUnitStandard_ID:2514;ZZLearnership:ZZLearnership_ID:77;ref:ZZLkpUnitStandardType:ZZUnitStandardType:1
*,551,Y,ZZUnitStandard:ZZUnitStandard_ID:2515;ZZLearnership:ZZLearnership_ID:77;ref:ZZLkpUnitStandardType:ZZUnitStandardType:1
*,552,Y,ZZUnitStandard:ZZUnitStandard_ID:2516;ZZLearnership:ZZLearnership_ID:77;ref:ZZLkpUnitStandardType:ZZUnitStandardType:3
*,553,Y,ZZUnitStandard:ZZUnitStandard_ID:2517;ZZLearnership:ZZLearnership_ID:77;ref:ZZLkpUnitStandardType:ZZUnitStandardType:3
*,554,Y,ZZUnitStandard:ZZUnitStandard_ID:2518;ZZLearnership:ZZLearnership_ID:77;ref:ZZLkpUnitStandardType:ZZUnitStandardType:3
*,555,Y,ZZUnitStandard:ZZUnitStandard_ID:2519;ZZLearnership:ZZLearnership_ID:77;ref:ZZLkpUnitStandardType:ZZUnitStandardType:3
*,556,Y,ZZUnitStandard:ZZUnitStandard_ID:2520;ZZLearnership:ZZLearnership_ID:77;ref:ZZLkpUnitStandardType:ZZUnitStandardType:3
*,557,Y,ZZUnitStandard:ZZUnitStandard_ID:2521;ZZLearnership:ZZLearnership_ID:77;ref:ZZLkpUnitStandardType:ZZUnitStandardType:3
*,558,Y,ZZUnitStandard:ZZUnitStandard_ID:2522;ZZLearnership:ZZLearnership_ID:77;ref:ZZLkpUnitStandardType:ZZUnitStandardType:3
*,559,Y,ZZUnitStandard:ZZUnitStandard_ID:2523;ZZLearnership:ZZLearnership_ID:77;ref:ZZLkpUnitStandardType:ZZUnitStandardType:3
*,560,Y,ZZUnitStandard:ZZUnitStandard_ID:2524;ZZLearnership:ZZLearnership_ID:77;ref:ZZLkpUnitStandardType:ZZUnitStandardType:1
*,561,Y,ZZUnitStandard:ZZUnitStandard_ID:2525;ZZLearnership:ZZLearnership_ID:77;ref:ZZLkpUnitStandardType:ZZUnitStandardType:3
*,562,Y,ZZUnitStandard:ZZUnitStandard_ID:260;ZZLearnership:ZZLearnership_ID:78;ref:ZZLkpUnitStandardType:ZZUnitStandardType:3
*,563,Y,ZZUnitStandard:ZZUnitStandard_ID:654;ZZLearnership:ZZLearnership_ID:78;ref:ZZLkpUnitStandardType:ZZUnitStandardType:3
*,564,Y,ZZUnitStandard:ZZUnitStandard_ID:770;ZZLearnership:ZZLearnership_ID:78;ref:ZZLkpUnitStandardType:ZZUnitStandardType:1
*,565,Y,ZZUnitStandard:ZZUnitStandard_ID:920;ZZLearnership:ZZLearnership_ID:78;ref:ZZLkpUnitStandardType:ZZUnitStandardType:1
*,566,Y,ZZUnitStandard:ZZUnitStandard_ID:940;ZZLearnership:ZZLearnership_ID:78;ref:ZZLkpUnitStandardType:ZZUnitStandardType:3
*,567,Y,ZZUnitStandard:ZZUnitStandard_ID:980;ZZLearnership:ZZLearnership_ID:78;ref:ZZLkpUnitStandardType:ZZUnitStandardType:3
*,568,Y,ZZUnitStandard:ZZUnitStandard_ID:2222;ZZLearnership:ZZLearnership_ID:78;ref:ZZLkpUnitStandardType:ZZUnitStandardType:1
*,569,Y,ZZUnitStandard:ZZUnitStandard_ID:2227;ZZLearnership:ZZLearnership_ID:78;ref:ZZLkpUnitStandardType:ZZUnitStandardType:1
*,570,Y,ZZUnitStandard:ZZUnitStandard_ID:2228;ZZLearnership:ZZLearnership_ID:78;ref:ZZLkpUnitStandardType:ZZUnitStandardType:1
*,571,Y,ZZUnitStandard:ZZUnitStandard_ID:2230;ZZLearnership:ZZLearnership_ID:78;ref:ZZLkpUnitStandardType:ZZUnitStandardType:3
*,572,Y,ZZUnitStandard:ZZUnitStandard_ID:2233;ZZLearnership:ZZLearnership_ID:78;ref:ZZLkpUnitStandardType:ZZUnitStandardType:3
*,573,Y,ZZUnitStandard:ZZUnitStandard_ID:2235;ZZLearnership:ZZLearnership_ID:78;ref:ZZLkpUnitStandardType:ZZUnitStandardType:3
*,574,Y,ZZUnitStandard:ZZUnitStandard_ID:2236;ZZLearnership:ZZLearnership_ID:78;ref:ZZLkpUnitStandardType:ZZUnitStandardType:3
*,575,Y,ZZUnitStandard:ZZUnitStandard_ID:2237;ZZLearnership:ZZLearnership_ID:78;ref:ZZLkpUnitStandardType:ZZUnitStandardType:3
*,576,Y,ZZUnitStandard:ZZUnitStandard_ID:2238;ZZLearnership:ZZLearnership_ID:78;ref:ZZLkpUnitStandardType:ZZUnitStandardType:3
*,577,Y,ZZUnitStandard:ZZUnitStandard_ID:2239;ZZLearnership:ZZLearnership_ID:78;ref:ZZLkpUnitStandardType:ZZUnitStandardType:3
*,578,Y,ZZUnitStandard:ZZUnitStandard_ID:2240;ZZLearnership:ZZLearnership_ID:78;ref:ZZLkpUnitStandardType:ZZUnitStandardType:3
*,579,Y,ZZUnitStandard:ZZUnitStandard_ID:2241;ZZLearnership:ZZLearnership_ID:78;ref:ZZLkpUnitStandardType:ZZUnitStandardType:3
*,580,Y,ZZUnitStandard:ZZUnitStandard_ID:2243;ZZLearnership:ZZLearnership_ID:78;ref:ZZLkpUnitStandardType:ZZUnitStandardType:3
*,581,Y,ZZUnitStandard:ZZUnitStandard_ID:2244;ZZLearnership:ZZLearnership_ID:78;ref:ZZLkpUnitStandardType:ZZUnitStandardType:3
*,582,Y,ZZUnitStandard:ZZUnitStandard_ID:2245;ZZLearnership:ZZLearnership_ID:78;ref:ZZLkpUnitStandardType:ZZUnitStandardType:3
*,583,Y,ZZUnitStandard:ZZUnitStandard_ID:2246;ZZLearnership:ZZLearnership_ID:78;ref:ZZLkpUnitStandardType:ZZUnitStandardType:3
*,584,Y,ZZUnitStandard:ZZUnitStandard_ID:2247;ZZLearnership:ZZLearnership_ID:78;ref:ZZLkpUnitStandardType:ZZUnitStandardType:3
*,585,Y,ZZUnitStandard:ZZUnitStandard_ID:2248;ZZLearnership:ZZLearnership_ID:78;ref:ZZLkpUnitStandardType:ZZUnitStandardType:3
*,586,Y,ZZUnitStandard:ZZUnitStandard_ID:2249;ZZLearnership:ZZLearnership_ID:78;ref:ZZLkpUnitStandardType:ZZUnitStandardType:1
*,587,Y,ZZUnitStandard:ZZUnitStandard_ID:2250;ZZLearnership:ZZLearnership_ID:78;ref:ZZLkpUnitStandardType:ZZUnitStandardType:1
*,588,Y,ZZUnitStandard:ZZUnitStandard_ID:2253;ZZLearnership:ZZLearnership_ID:78;ref:ZZLkpUnitStandardType:ZZUnitStandardType:1
*,589,Y,ZZUnitStandard:ZZUnitStandard_ID:2254;ZZLearnership:ZZLearnership_ID:78;ref:ZZLkpUnitStandardType:ZZUnitStandardType:3
*,590,Y,ZZUnitStandard:ZZUnitStandard_ID:2255;ZZLearnership:ZZLearnership_ID:78;ref:ZZLkpUnitStandardType:ZZUnitStandardType:1
*,591,Y,ZZUnitStandard:ZZUnitStandard_ID:2256;ZZLearnership:ZZLearnership_ID:78;ref:ZZLkpUnitStandardType:ZZUnitStandardType:3
*,592,Y,ZZUnitStandard:ZZUnitStandard_ID:2257;ZZLearnership:ZZLearnership_ID:78;ref:ZZLkpUnitStandardType:ZZUnitStandardType:3
*,593,Y,ZZUnitStandard:ZZUnitStandard_ID:2260;ZZLearnership:ZZLearnership_ID:78;ref:ZZLkpUnitStandardType:ZZUnitStandardType:3
*,594,Y,ZZUnitStandard:ZZUnitStandard_ID:2261;ZZLearnership:ZZLearnership_ID:78;ref:ZZLkpUnitStandardType:ZZUnitStandardType:3
*,595,Y,ZZUnitStandard:ZZUnitStandard_ID:2263;ZZLearnership:ZZLearnership_ID:78;ref:ZZLkpUnitStandardType:ZZUnitStandardType:1
*,596,Y,ZZUnitStandard:ZZUnitStandard_ID:2264;ZZLearnership:ZZLearnership_ID:78;ref:ZZLkpUnitStandardType:ZZUnitStandardType:1
*,597,Y,ZZUnitStandard:ZZUnitStandard_ID:2265;ZZLearnership:ZZLearnership_ID:78;ref:ZZLkpUnitStandardType:ZZUnitStandardType:1
*,598,Y,ZZUnitStandard:ZZUnitStandard_ID:2266;ZZLearnership:ZZLearnership_ID:78;ref:ZZLkpUnitStandardType:ZZUnitStandardType:1
*,599,Y,ZZUnitStandard:ZZUnitStandard_ID:2267;ZZLearnership:ZZLearnership_ID:78;ref:ZZLkpUnitStandardType:ZZUnitStandardType:3
*,600,Y,ZZUnitStandard:ZZUnitStandard_ID:2269;ZZLearnership:ZZLearnership_ID:78;ref:ZZLkpUnitStandardType:ZZUnitStandardType:1
*,601,Y,ZZUnitStandard:ZZUnitStandard_ID:2270;ZZLearnership:ZZLearnership_ID:78;ref:ZZLkpUnitStandardType:ZZUnitStandardType:3
*,602,Y,ZZUnitStandard:ZZUnitStandard_ID:2271;ZZLearnership:ZZLearnership_ID:78;ref:ZZLkpUnitStandardType:ZZUnitStandardType:3
*,603,Y,ZZUnitStandard:ZZUnitStandard_ID:2273;ZZLearnership:ZZLearnership_ID:78;ref:ZZLkpUnitStandardType:ZZUnitStandardType:3
*,604,Y,ZZUnitStandard:ZZUnitStandard_ID:2279;ZZLearnership:ZZLearnership_ID:78;ref:ZZLkpUnitStandardType:ZZUnitStandardType:3
*,605,Y,ZZUnitStandard:ZZUnitStandard_ID:2282;ZZLearnership:ZZLearnership_ID:78;ref:ZZLkpUnitStandardType:ZZUnitStandardType:3
*,606,Y,ZZUnitStandard:ZZUnitStandard_ID:2283;ZZLearnership:ZZLearnership_ID:78;ref:ZZLkpUnitStandardType:ZZUnitStandardType:1
*,607,Y,ZZUnitStandard:ZZUnitStandard_ID:2284;ZZLearnership:ZZLearnership_ID:78;ref:ZZLkpUnitStandardType:ZZUnitStandardType:1
*,608,Y,ZZUnitStandard:ZZUnitStandard_ID:2285;ZZLearnership:ZZLearnership_ID:78;ref:ZZLkpUnitStandardType:ZZUnitStandardType:1
*,609,Y,ZZUnitStandard:ZZUnitStandard_ID:2286;ZZLearnership:ZZLearnership_ID:78;ref:ZZLkpUnitStandardType:ZZUnitStandardType:3
*,610,Y,ZZUnitStandard:ZZUnitStandard_ID:2287;ZZLearnership:ZZLearnership_ID:78;ref:ZZLkpUnitStandardType:ZZUnitStandardType:3
*,611,Y,ZZUnitStandard:ZZUnitStandard_ID:2288;ZZLearnership:ZZLearnership_ID:78;ref:ZZLkpUnitStandardType:ZZUnitStandardType:3
*,612,Y,ZZUnitStandard:ZZUnitStandard_ID:2289;ZZLearnership:ZZLearnership_ID:78;ref:ZZLkpUnitStandardType:ZZUnitStandardType:3
*,613,Y,ZZUnitStandard:ZZUnitStandard_ID:2290;ZZLearnership:ZZLearnership_ID:78;ref:ZZLkpUnitStandardType:ZZUnitStandardType:3
*,614,Y,ZZUnitStandard:ZZUnitStandard_ID:2291;ZZLearnership:ZZLearnership_ID:78;ref:ZZLkpUnitStandardType:ZZUnitStandardType:3
*,615,Y,ZZUnitStandard:ZZUnitStandard_ID:2292;ZZLearnership:ZZLearnership_ID:78;ref:ZZLkpUnitStandardType:ZZUnitStandardType:3
*,616,Y,ZZUnitStandard:ZZUnitStandard_ID:2293;ZZLearnership:ZZLearnership_ID:78;ref:ZZLkpUnitStandardType:ZZUnitStandardType:3
*,617,Y,ZZUnitStandard:ZZUnitStandard_ID:2294;ZZLearnership:ZZLearnership_ID:78;ref:ZZLkpUnitStandardType:ZZUnitStandardType:3
*,618,Y,ZZUnitStandard:ZZUnitStandard_ID:2295;ZZLearnership:ZZLearnership_ID:78;ref:ZZLkpUnitStandardType:ZZUnitStandardType:3
*,619,Y,ZZUnitStandard:ZZUnitStandard_ID:2296;ZZLearnership:ZZLearnership_ID:78;ref:ZZLkpUnitStandardType:ZZUnitStandardType:3
*,620,Y,ZZUnitStandard:ZZUnitStandard_ID:2297;ZZLearnership:ZZLearnership_ID:78;ref:ZZLkpUnitStandardType:ZZUnitStandardType:3
*,621,Y,ZZUnitStandard:ZZUnitStandard_ID:2298;ZZLearnership:ZZLearnership_ID:78;ref:ZZLkpUnitStandardType:ZZUnitStandardType:3
*,622,Y,ZZUnitStandard:ZZUnitStandard_ID:2299;ZZLearnership:ZZLearnership_ID:78;ref:ZZLkpUnitStandardType:ZZUnitStandardType:3
*,623,Y,ZZUnitStandard:ZZUnitStandard_ID:2300;ZZLearnership:ZZLearnership_ID:78;ref:ZZLkpUnitStandardType:ZZUnitStandardType:3
*,624,Y,ZZUnitStandard:ZZUnitStandard_ID:2301;ZZLearnership:ZZLearnership_ID:78;ref:ZZLkpUnitStandardType:ZZUnitStandardType:3
*,625,Y,ZZUnitStandard:ZZUnitStandard_ID:2302;ZZLearnership:ZZLearnership_ID:78;ref:ZZLkpUnitStandardType:ZZUnitStandardType:3
*,626,Y,ZZUnitStandard:ZZUnitStandard_ID:2303;ZZLearnership:ZZLearnership_ID:78;ref:ZZLkpUnitStandardType:ZZUnitStandardType:3
*,627,Y,ZZUnitStandard:ZZUnitStandard_ID:2304;ZZLearnership:ZZLearnership_ID:78;ref:ZZLkpUnitStandardType:ZZUnitStandardType:3
*,628,Y,ZZUnitStandard:ZZUnitStandard_ID:2305;ZZLearnership:ZZLearnership_ID:78;ref:ZZLkpUnitStandardType:ZZUnitStandardType:3
*,629,Y,ZZUnitStandard:ZZUnitStandard_ID:2306;ZZLearnership:ZZLearnership_ID:78;ref:ZZLkpUnitStandardType:ZZUnitStandardType:3
*,630,Y,ZZUnitStandard:ZZUnitStandard_ID:2307;ZZLearnership:ZZLearnership_ID:78;ref:ZZLkpUnitStandardType:ZZUnitStandardType:3
*,631,Y,ZZUnitStandard:ZZUnitStandard_ID:2308;ZZLearnership:ZZLearnership_ID:78;ref:ZZLkpUnitStandardType:ZZUnitStandardType:3
*,632,Y,ZZUnitStandard:ZZUnitStandard_ID:2309;ZZLearnership:ZZLearnership_ID:78;ref:ZZLkpUnitStandardType:ZZUnitStandardType:3
*,633,Y,ZZUnitStandard:ZZUnitStandard_ID:2310;ZZLearnership:ZZLearnership_ID:78;ref:ZZLkpUnitStandardType:ZZUnitStandardType:3
*,634,Y,ZZUnitStandard:ZZUnitStandard_ID:2311;ZZLearnership:ZZLearnership_ID:78;ref:ZZLkpUnitStandardType:ZZUnitStandardType:3
*,635,Y,ZZUnitStandard:ZZUnitStandard_ID:2312;ZZLearnership:ZZLearnership_ID:78;ref:ZZLkpUnitStandardType:ZZUnitStandardType:3
*,636,Y,ZZUnitStandard:ZZUnitStandard_ID:2313;ZZLearnership:ZZLearnership_ID:78;ref:ZZLkpUnitStandardType:ZZUnitStandardType:3
*,637,Y,ZZUnitStandard:ZZUnitStandard_ID:2314;ZZLearnership:ZZLearnership_ID:78;ref:ZZLkpUnitStandardType:ZZUnitStandardType:3
*,638,Y,ZZUnitStandard:ZZUnitStandard_ID:2315;ZZLearnership:ZZLearnership_ID:78;ref:ZZLkpUnitStandardType:ZZUnitStandardType:3
*,639,Y,ZZUnitStandard:ZZUnitStandard_ID:2316;ZZLearnership:ZZLearnership_ID:78;ref:ZZLkpUnitStandardType:ZZUnitStandardType:3
*,640,Y,ZZUnitStandard:ZZUnitStandard_ID:2317;ZZLearnership:ZZLearnership_ID:78;ref:ZZLkpUnitStandardType:ZZUnitStandardType:3
*,641,Y,ZZUnitStandard:ZZUnitStandard_ID:2318;ZZLearnership:ZZLearnership_ID:78;ref:ZZLkpUnitStandardType:ZZUnitStandardType:3
*,642,Y,ZZUnitStandard:ZZUnitStandard_ID:2319;ZZLearnership:ZZLearnership_ID:78;ref:ZZLkpUnitStandardType:ZZUnitStandardType:3
*,643,Y,ZZUnitStandard:ZZUnitStandard_ID:2320;ZZLearnership:ZZLearnership_ID:78;ref:ZZLkpUnitStandardType:ZZUnitStandardType:3
*,644,Y,ZZUnitStandard:ZZUnitStandard_ID:2321;ZZLearnership:ZZLearnership_ID:78;ref:ZZLkpUnitStandardType:ZZUnitStandardType:3
*,645,Y,ZZUnitStandard:ZZUnitStandard_ID:2322;ZZLearnership:ZZLearnership_ID:78;ref:ZZLkpUnitStandardType:ZZUnitStandardType:3
*,646,Y,ZZUnitStandard:ZZUnitStandard_ID:2323;ZZLearnership:ZZLearnership_ID:78;ref:ZZLkpUnitStandardType:ZZUnitStandardType:3
*,647,Y,ZZUnitStandard:ZZUnitStandard_ID:2324;ZZLearnership:ZZLearnership_ID:78;ref:ZZLkpUnitStandardType:ZZUnitStandardType:3
*,648,Y,ZZUnitStandard:ZZUnitStandard_ID:2362;ZZLearnership:ZZLearnership_ID:78;ref:ZZLkpUnitStandardType:ZZUnitStandardType:3
*,649,Y,ZZUnitStandard:ZZUnitStandard_ID:2363;ZZLearnership:ZZLearnership_ID:78;ref:ZZLkpUnitStandardType:ZZUnitStandardType:3
*,650,Y,ZZUnitStandard:ZZUnitStandard_ID:2364;ZZLearnership:ZZLearnership_ID:78;ref:ZZLkpUnitStandardType:ZZUnitStandardType:3
*,651,Y,ZZUnitStandard:ZZUnitStandard_ID:2365;ZZLearnership:ZZLearnership_ID:78;ref:ZZLkpUnitStandardType:ZZUnitStandardType:3
*,652,Y,ZZUnitStandard:ZZUnitStandard_ID:2366;ZZLearnership:ZZLearnership_ID:78;ref:ZZLkpUnitStandardType:ZZUnitStandardType:3
*,653,Y,ZZUnitStandard:ZZUnitStandard_ID:2441;ZZLearnership:ZZLearnership_ID:78;ref:ZZLkpUnitStandardType:ZZUnitStandardType:3
*,654,Y,ZZUnitStandard:ZZUnitStandard_ID:2442;ZZLearnership:ZZLearnership_ID:78;ref:ZZLkpUnitStandardType:ZZUnitStandardType:3
*,655,Y,ZZUnitStandard:ZZUnitStandard_ID:2443;ZZLearnership:ZZLearnership_ID:78;ref:ZZLkpUnitStandardType:ZZUnitStandardType:3
*,656,Y,ZZUnitStandard:ZZUnitStandard_ID:2444;ZZLearnership:ZZLearnership_ID:78;ref:ZZLkpUnitStandardType:ZZUnitStandardType:3
*,657,Y,ZZUnitStandard:ZZUnitStandard_ID:2445;ZZLearnership:ZZLearnership_ID:78;ref:ZZLkpUnitStandardType:ZZUnitStandardType:1
*,658,Y,ZZUnitStandard:ZZUnitStandard_ID:2526;ZZLearnership:ZZLearnership_ID:78;ref:ZZLkpUnitStandardType:ZZUnitStandardType:2
*,659,Y,ZZUnitStandard:ZZUnitStandard_ID:2527;ZZLearnership:ZZLearnership_ID:78;ref:ZZLkpUnitStandardType:ZZUnitStandardType:2
*,660,Y,ZZUnitStandard:ZZUnitStandard_ID:2528;ZZLearnership:ZZLearnership_ID:78;ref:ZZLkpUnitStandardType:ZZUnitStandardType:2
*,661,Y,ZZUnitStandard:ZZUnitStandard_ID:2529;ZZLearnership:ZZLearnership_ID:78;ref:ZZLkpUnitStandardType:ZZUnitStandardType:2
*,662,Y,ZZUnitStandard:ZZUnitStandard_ID:2530;ZZLearnership:ZZLearnership_ID:78;ref:ZZLkpUnitStandardType:ZZUnitStandardType:2
*,663,Y,ZZUnitStandard:ZZUnitStandard_ID:2531;ZZLearnership:ZZLearnership_ID:78;ref:ZZLkpUnitStandardType:ZZUnitStandardType:2
*,664,Y,ZZUnitStandard:ZZUnitStandard_ID:2532;ZZLearnership:ZZLearnership_ID:78;ref:ZZLkpUnitStandardType:ZZUnitStandardType:2
*,665,Y,ZZUnitStandard:ZZUnitStandard_ID:2613;ZZLearnership:ZZLearnership_ID:78;ref:ZZLkpUnitStandardType:ZZUnitStandardType:3
*,666,Y,ZZUnitStandard:ZZUnitStandard_ID:260;ZZLearnership:ZZLearnership_ID:79;ref:ZZLkpUnitStandardType:ZZUnitStandardType:3
*,667,Y,ZZUnitStandard:ZZUnitStandard_ID:654;ZZLearnership:ZZLearnership_ID:79;ref:ZZLkpUnitStandardType:ZZUnitStandardType:3
*,668,Y,ZZUnitStandard:ZZUnitStandard_ID:770;ZZLearnership:ZZLearnership_ID:79;ref:ZZLkpUnitStandardType:ZZUnitStandardType:1
*,669,Y,ZZUnitStandard:ZZUnitStandard_ID:920;ZZLearnership:ZZLearnership_ID:79;ref:ZZLkpUnitStandardType:ZZUnitStandardType:1
*,670,Y,ZZUnitStandard:ZZUnitStandard_ID:940;ZZLearnership:ZZLearnership_ID:79;ref:ZZLkpUnitStandardType:ZZUnitStandardType:3
*,671,Y,ZZUnitStandard:ZZUnitStandard_ID:980;ZZLearnership:ZZLearnership_ID:79;ref:ZZLkpUnitStandardType:ZZUnitStandardType:3
*,672,Y,ZZUnitStandard:ZZUnitStandard_ID:2222;ZZLearnership:ZZLearnership_ID:79;ref:ZZLkpUnitStandardType:ZZUnitStandardType:1
*,673,Y,ZZUnitStandard:ZZUnitStandard_ID:2227;ZZLearnership:ZZLearnership_ID:79;ref:ZZLkpUnitStandardType:ZZUnitStandardType:1
*,674,Y,ZZUnitStandard:ZZUnitStandard_ID:2228;ZZLearnership:ZZLearnership_ID:79;ref:ZZLkpUnitStandardType:ZZUnitStandardType:1
*,675,Y,ZZUnitStandard:ZZUnitStandard_ID:2230;ZZLearnership:ZZLearnership_ID:79;ref:ZZLkpUnitStandardType:ZZUnitStandardType:3
*,676,Y,ZZUnitStandard:ZZUnitStandard_ID:2233;ZZLearnership:ZZLearnership_ID:79;ref:ZZLkpUnitStandardType:ZZUnitStandardType:3
*,677,Y,ZZUnitStandard:ZZUnitStandard_ID:2235;ZZLearnership:ZZLearnership_ID:79;ref:ZZLkpUnitStandardType:ZZUnitStandardType:3
*,678,Y,ZZUnitStandard:ZZUnitStandard_ID:2236;ZZLearnership:ZZLearnership_ID:79;ref:ZZLkpUnitStandardType:ZZUnitStandardType:3
*,679,Y,ZZUnitStandard:ZZUnitStandard_ID:2237;ZZLearnership:ZZLearnership_ID:79;ref:ZZLkpUnitStandardType:ZZUnitStandardType:3
*,680,Y,ZZUnitStandard:ZZUnitStandard_ID:2238;ZZLearnership:ZZLearnership_ID:79;ref:ZZLkpUnitStandardType:ZZUnitStandardType:3
*,681,Y,ZZUnitStandard:ZZUnitStandard_ID:2239;ZZLearnership:ZZLearnership_ID:79;ref:ZZLkpUnitStandardType:ZZUnitStandardType:3
*,682,Y,ZZUnitStandard:ZZUnitStandard_ID:2240;ZZLearnership:ZZLearnership_ID:79;ref:ZZLkpUnitStandardType:ZZUnitStandardType:3
*,683,Y,ZZUnitStandard:ZZUnitStandard_ID:2241;ZZLearnership:ZZLearnership_ID:79;ref:ZZLkpUnitStandardType:ZZUnitStandardType:3
*,684,Y,ZZUnitStandard:ZZUnitStandard_ID:2243;ZZLearnership:ZZLearnership_ID:79;ref:ZZLkpUnitStandardType:ZZUnitStandardType:3
*,685,Y,ZZUnitStandard:ZZUnitStandard_ID:2244;ZZLearnership:ZZLearnership_ID:79;ref:ZZLkpUnitStandardType:ZZUnitStandardType:3
*,686,Y,ZZUnitStandard:ZZUnitStandard_ID:2245;ZZLearnership:ZZLearnership_ID:79;ref:ZZLkpUnitStandardType:ZZUnitStandardType:3
*,687,Y,ZZUnitStandard:ZZUnitStandard_ID:2246;ZZLearnership:ZZLearnership_ID:79;ref:ZZLkpUnitStandardType:ZZUnitStandardType:3
*,688,Y,ZZUnitStandard:ZZUnitStandard_ID:2247;ZZLearnership:ZZLearnership_ID:79;ref:ZZLkpUnitStandardType:ZZUnitStandardType:3
*,689,Y,ZZUnitStandard:ZZUnitStandard_ID:2248;ZZLearnership:ZZLearnership_ID:79;ref:ZZLkpUnitStandardType:ZZUnitStandardType:3
*,690,Y,ZZUnitStandard:ZZUnitStandard_ID:2249;ZZLearnership:ZZLearnership_ID:79;ref:ZZLkpUnitStandardType:ZZUnitStandardType:1
*,691,Y,ZZUnitStandard:ZZUnitStandard_ID:2250;ZZLearnership:ZZLearnership_ID:79;ref:ZZLkpUnitStandardType:ZZUnitStandardType:1
*,692,Y,ZZUnitStandard:ZZUnitStandard_ID:2253;ZZLearnership:ZZLearnership_ID:79;ref:ZZLkpUnitStandardType:ZZUnitStandardType:1
*,693,Y,ZZUnitStandard:ZZUnitStandard_ID:2254;ZZLearnership:ZZLearnership_ID:79;ref:ZZLkpUnitStandardType:ZZUnitStandardType:3
*,694,Y,ZZUnitStandard:ZZUnitStandard_ID:2255;ZZLearnership:ZZLearnership_ID:79;ref:ZZLkpUnitStandardType:ZZUnitStandardType:1
*,695,Y,ZZUnitStandard:ZZUnitStandard_ID:2256;ZZLearnership:ZZLearnership_ID:79;ref:ZZLkpUnitStandardType:ZZUnitStandardType:3
*,696,Y,ZZUnitStandard:ZZUnitStandard_ID:2257;ZZLearnership:ZZLearnership_ID:79;ref:ZZLkpUnitStandardType:ZZUnitStandardType:3
*,697,Y,ZZUnitStandard:ZZUnitStandard_ID:2260;ZZLearnership:ZZLearnership_ID:79;ref:ZZLkpUnitStandardType:ZZUnitStandardType:3
*,698,Y,ZZUnitStandard:ZZUnitStandard_ID:2261;ZZLearnership:ZZLearnership_ID:79;ref:ZZLkpUnitStandardType:ZZUnitStandardType:3
*,699,Y,ZZUnitStandard:ZZUnitStandard_ID:2263;ZZLearnership:ZZLearnership_ID:79;ref:ZZLkpUnitStandardType:ZZUnitStandardType:1
*,700,Y,ZZUnitStandard:ZZUnitStandard_ID:2264;ZZLearnership:ZZLearnership_ID:79;ref:ZZLkpUnitStandardType:ZZUnitStandardType:1
*,701,Y,ZZUnitStandard:ZZUnitStandard_ID:2265;ZZLearnership:ZZLearnership_ID:79;ref:ZZLkpUnitStandardType:ZZUnitStandardType:1
*,702,Y,ZZUnitStandard:ZZUnitStandard_ID:2266;ZZLearnership:ZZLearnership_ID:79;ref:ZZLkpUnitStandardType:ZZUnitStandardType:1
*,703,Y,ZZUnitStandard:ZZUnitStandard_ID:2267;ZZLearnership:ZZLearnership_ID:79;ref:ZZLkpUnitStandardType:ZZUnitStandardType:3
*,704,Y,ZZUnitStandard:ZZUnitStandard_ID:2269;ZZLearnership:ZZLearnership_ID:79;ref:ZZLkpUnitStandardType:ZZUnitStandardType:1
*,705,Y,ZZUnitStandard:ZZUnitStandard_ID:2270;ZZLearnership:ZZLearnership_ID:79;ref:ZZLkpUnitStandardType:ZZUnitStandardType:3
*,706,Y,ZZUnitStandard:ZZUnitStandard_ID:2271;ZZLearnership:ZZLearnership_ID:79;ref:ZZLkpUnitStandardType:ZZUnitStandardType:3
*,707,Y,ZZUnitStandard:ZZUnitStandard_ID:2272;ZZLearnership:ZZLearnership_ID:79;ref:ZZLkpUnitStandardType:ZZUnitStandardType:3
*,708,Y,ZZUnitStandard:ZZUnitStandard_ID:2273;ZZLearnership:ZZLearnership_ID:79;ref:ZZLkpUnitStandardType:ZZUnitStandardType:3
*,709,Y,ZZUnitStandard:ZZUnitStandard_ID:2279;ZZLearnership:ZZLearnership_ID:79;ref:ZZLkpUnitStandardType:ZZUnitStandardType:3
*,710,Y,ZZUnitStandard:ZZUnitStandard_ID:2282;ZZLearnership:ZZLearnership_ID:79;ref:ZZLkpUnitStandardType:ZZUnitStandardType:3
*,711,Y,ZZUnitStandard:ZZUnitStandard_ID:2283;ZZLearnership:ZZLearnership_ID:79;ref:ZZLkpUnitStandardType:ZZUnitStandardType:1
*,712,Y,ZZUnitStandard:ZZUnitStandard_ID:2284;ZZLearnership:ZZLearnership_ID:79;ref:ZZLkpUnitStandardType:ZZUnitStandardType:1
*,713,Y,ZZUnitStandard:ZZUnitStandard_ID:2285;ZZLearnership:ZZLearnership_ID:79;ref:ZZLkpUnitStandardType:ZZUnitStandardType:1
*,714,Y,ZZUnitStandard:ZZUnitStandard_ID:2286;ZZLearnership:ZZLearnership_ID:79;ref:ZZLkpUnitStandardType:ZZUnitStandardType:3
*,715,Y,ZZUnitStandard:ZZUnitStandard_ID:2287;ZZLearnership:ZZLearnership_ID:79;ref:ZZLkpUnitStandardType:ZZUnitStandardType:3
*,716,Y,ZZUnitStandard:ZZUnitStandard_ID:2288;ZZLearnership:ZZLearnership_ID:79;ref:ZZLkpUnitStandardType:ZZUnitStandardType:3
*,717,Y,ZZUnitStandard:ZZUnitStandard_ID:2289;ZZLearnership:ZZLearnership_ID:79;ref:ZZLkpUnitStandardType:ZZUnitStandardType:3
*,718,Y,ZZUnitStandard:ZZUnitStandard_ID:2290;ZZLearnership:ZZLearnership_ID:79;ref:ZZLkpUnitStandardType:ZZUnitStandardType:3
*,719,Y,ZZUnitStandard:ZZUnitStandard_ID:2291;ZZLearnership:ZZLearnership_ID:79;ref:ZZLkpUnitStandardType:ZZUnitStandardType:3
*,720,Y,ZZUnitStandard:ZZUnitStandard_ID:2292;ZZLearnership:ZZLearnership_ID:79;ref:ZZLkpUnitStandardType:ZZUnitStandardType:3
*,721,Y,ZZUnitStandard:ZZUnitStandard_ID:2293;ZZLearnership:ZZLearnership_ID:79;ref:ZZLkpUnitStandardType:ZZUnitStandardType:3
*,722,Y,ZZUnitStandard:ZZUnitStandard_ID:2294;ZZLearnership:ZZLearnership_ID:79;ref:ZZLkpUnitStandardType:ZZUnitStandardType:3
*,723,Y,ZZUnitStandard:ZZUnitStandard_ID:2295;ZZLearnership:ZZLearnership_ID:79;ref:ZZLkpUnitStandardType:ZZUnitStandardType:3
*,724,Y,ZZUnitStandard:ZZUnitStandard_ID:2296;ZZLearnership:ZZLearnership_ID:79;ref:ZZLkpUnitStandardType:ZZUnitStandardType:3
*,725,Y,ZZUnitStandard:ZZUnitStandard_ID:2297;ZZLearnership:ZZLearnership_ID:79;ref:ZZLkpUnitStandardType:ZZUnitStandardType:3
*,726,Y,ZZUnitStandard:ZZUnitStandard_ID:2298;ZZLearnership:ZZLearnership_ID:79;ref:ZZLkpUnitStandardType:ZZUnitStandardType:3
*,727,Y,ZZUnitStandard:ZZUnitStandard_ID:2299;ZZLearnership:ZZLearnership_ID:79;ref:ZZLkpUnitStandardType:ZZUnitStandardType:3
*,728,Y,ZZUnitStandard:ZZUnitStandard_ID:2300;ZZLearnership:ZZLearnership_ID:79;ref:ZZLkpUnitStandardType:ZZUnitStandardType:3
*,729,Y,ZZUnitStandard:ZZUnitStandard_ID:2301;ZZLearnership:ZZLearnership_ID:79;ref:ZZLkpUnitStandardType:ZZUnitStandardType:3
*,730,Y,ZZUnitStandard:ZZUnitStandard_ID:2302;ZZLearnership:ZZLearnership_ID:79;ref:ZZLkpUnitStandardType:ZZUnitStandardType:3
*,731,Y,ZZUnitStandard:ZZUnitStandard_ID:2303;ZZLearnership:ZZLearnership_ID:79;ref:ZZLkpUnitStandardType:ZZUnitStandardType:3
*,732,Y,ZZUnitStandard:ZZUnitStandard_ID:2304;ZZLearnership:ZZLearnership_ID:79;ref:ZZLkpUnitStandardType:ZZUnitStandardType:3
*,733,Y,ZZUnitStandard:ZZUnitStandard_ID:2305;ZZLearnership:ZZLearnership_ID:79;ref:ZZLkpUnitStandardType:ZZUnitStandardType:3
*,734,Y,ZZUnitStandard:ZZUnitStandard_ID:2306;ZZLearnership:ZZLearnership_ID:79;ref:ZZLkpUnitStandardType:ZZUnitStandardType:3
*,735,Y,ZZUnitStandard:ZZUnitStandard_ID:2307;ZZLearnership:ZZLearnership_ID:79;ref:ZZLkpUnitStandardType:ZZUnitStandardType:3
*,736,Y,ZZUnitStandard:ZZUnitStandard_ID:2308;ZZLearnership:ZZLearnership_ID:79;ref:ZZLkpUnitStandardType:ZZUnitStandardType:3
*,737,Y,ZZUnitStandard:ZZUnitStandard_ID:2309;ZZLearnership:ZZLearnership_ID:79;ref:ZZLkpUnitStandardType:ZZUnitStandardType:3
*,738,Y,ZZUnitStandard:ZZUnitStandard_ID:2310;ZZLearnership:ZZLearnership_ID:79;ref:ZZLkpUnitStandardType:ZZUnitStandardType:3
*,739,Y,ZZUnitStandard:ZZUnitStandard_ID:2311;ZZLearnership:ZZLearnership_ID:79;ref:ZZLkpUnitStandardType:ZZUnitStandardType:3
*,740,Y,ZZUnitStandard:ZZUnitStandard_ID:2312;ZZLearnership:ZZLearnership_ID:79;ref:ZZLkpUnitStandardType:ZZUnitStandardType:3
*,741,Y,ZZUnitStandard:ZZUnitStandard_ID:2313;ZZLearnership:ZZLearnership_ID:79;ref:ZZLkpUnitStandardType:ZZUnitStandardType:3
*,742,Y,ZZUnitStandard:ZZUnitStandard_ID:2314;ZZLearnership:ZZLearnership_ID:79;ref:ZZLkpUnitStandardType:ZZUnitStandardType:3
*,743,Y,ZZUnitStandard:ZZUnitStandard_ID:2315;ZZLearnership:ZZLearnership_ID:79;ref:ZZLkpUnitStandardType:ZZUnitStandardType:3
*,744,Y,ZZUnitStandard:ZZUnitStandard_ID:2316;ZZLearnership:ZZLearnership_ID:79;ref:ZZLkpUnitStandardType:ZZUnitStandardType:3
*,745,Y,ZZUnitStandard:ZZUnitStandard_ID:2317;ZZLearnership:ZZLearnership_ID:79;ref:ZZLkpUnitStandardType:ZZUnitStandardType:3
*,746,Y,ZZUnitStandard:ZZUnitStandard_ID:2318;ZZLearnership:ZZLearnership_ID:79;ref:ZZLkpUnitStandardType:ZZUnitStandardType:3
*,747,Y,ZZUnitStandard:ZZUnitStandard_ID:2319;ZZLearnership:ZZLearnership_ID:79;ref:ZZLkpUnitStandardType:ZZUnitStandardType:3
*,748,Y,ZZUnitStandard:ZZUnitStandard_ID:2320;ZZLearnership:ZZLearnership_ID:79;ref:ZZLkpUnitStandardType:ZZUnitStandardType:3
*,749,Y,ZZUnitStandard:ZZUnitStandard_ID:2321;ZZLearnership:ZZLearnership_ID:79;ref:ZZLkpUnitStandardType:ZZUnitStandardType:3
*,750,Y,ZZUnitStandard:ZZUnitStandard_ID:2322;ZZLearnership:ZZLearnership_ID:79;ref:ZZLkpUnitStandardType:ZZUnitStandardType:3
*,751,Y,ZZUnitStandard:ZZUnitStandard_ID:2323;ZZLearnership:ZZLearnership_ID:79;ref:ZZLkpUnitStandardType:ZZUnitStandardType:3
*,752,Y,ZZUnitStandard:ZZUnitStandard_ID:2324;ZZLearnership:ZZLearnership_ID:79;ref:ZZLkpUnitStandardType:ZZUnitStandardType:3
*,753,Y,ZZUnitStandard:ZZUnitStandard_ID:2362;ZZLearnership:ZZLearnership_ID:79;ref:ZZLkpUnitStandardType:ZZUnitStandardType:3
*,754,Y,ZZUnitStandard:ZZUnitStandard_ID:2363;ZZLearnership:ZZLearnership_ID:79;ref:ZZLkpUnitStandardType:ZZUnitStandardType:3
*,755,Y,ZZUnitStandard:ZZUnitStandard_ID:2364;ZZLearnership:ZZLearnership_ID:79;ref:ZZLkpUnitStandardType:ZZUnitStandardType:3
*,756,Y,ZZUnitStandard:ZZUnitStandard_ID:2365;ZZLearnership:ZZLearnership_ID:79;ref:ZZLkpUnitStandardType:ZZUnitStandardType:3
*,757,Y,ZZUnitStandard:ZZUnitStandard_ID:2366;ZZLearnership:ZZLearnership_ID:79;ref:ZZLkpUnitStandardType:ZZUnitStandardType:3
*,758,Y,ZZUnitStandard:ZZUnitStandard_ID:2441;ZZLearnership:ZZLearnership_ID:79;ref:ZZLkpUnitStandardType:ZZUnitStandardType:3
*,759,Y,ZZUnitStandard:ZZUnitStandard_ID:2442;ZZLearnership:ZZLearnership_ID:79;ref:ZZLkpUnitStandardType:ZZUnitStandardType:3
*,760,Y,ZZUnitStandard:ZZUnitStandard_ID:2443;ZZLearnership:ZZLearnership_ID:79;ref:ZZLkpUnitStandardType:ZZUnitStandardType:3
*,761,Y,ZZUnitStandard:ZZUnitStandard_ID:2444;ZZLearnership:ZZLearnership_ID:79;ref:ZZLkpUnitStandardType:ZZUnitStandardType:3
*,762,Y,ZZUnitStandard:ZZUnitStandard_ID:2445;ZZLearnership:ZZLearnership_ID:79;ref:ZZLkpUnitStandardType:ZZUnitStandardType:1
*,763,Y,ZZUnitStandard:ZZUnitStandard_ID:2526;ZZLearnership:ZZLearnership_ID:79;ref:ZZLkpUnitStandardType:ZZUnitStandardType:2
*,764,Y,ZZUnitStandard:ZZUnitStandard_ID:2527;ZZLearnership:ZZLearnership_ID:79;ref:ZZLkpUnitStandardType:ZZUnitStandardType:2
*,765,Y,ZZUnitStandard:ZZUnitStandard_ID:2528;ZZLearnership:ZZLearnership_ID:79;ref:ZZLkpUnitStandardType:ZZUnitStandardType:2
*,766,Y,ZZUnitStandard:ZZUnitStandard_ID:2529;ZZLearnership:ZZLearnership_ID:79;ref:ZZLkpUnitStandardType:ZZUnitStandardType:2
*,767,Y,ZZUnitStandard:ZZUnitStandard_ID:2530;ZZLearnership:ZZLearnership_ID:79;ref:ZZLkpUnitStandardType:ZZUnitStandardType:2
*,768,Y,ZZUnitStandard:ZZUnitStandard_ID:2531;ZZLearnership:ZZLearnership_ID:79;ref:ZZLkpUnitStandardType:ZZUnitStandardType:2
*,769,Y,ZZUnitStandard:ZZUnitStandard_ID:2532;ZZLearnership:ZZLearnership_ID:79;ref:ZZLkpUnitStandardType:ZZUnitStandardType:2
*,770,Y,ZZUnitStandard:ZZUnitStandard_ID:2613;ZZLearnership:ZZLearnership_ID:79;ref:ZZLkpUnitStandardType:ZZUnitStandardType:3
*,771,Y,ZZUnitStandard:ZZUnitStandard_ID:976;ZZLearnership:ZZLearnership_ID:80;ref:ZZLkpUnitStandardType:ZZUnitStandardType:3
*,772,Y,ZZUnitStandard:ZZUnitStandard_ID:1588;ZZLearnership:ZZLearnership_ID:80;ref:ZZLkpUnitStandardType:ZZUnitStandardType:2
*,773,Y,ZZUnitStandard:ZZUnitStandard_ID:2158;ZZLearnership:ZZLearnership_ID:80;ref:ZZLkpUnitStandardType:ZZUnitStandardType:3
*,774,Y,ZZUnitStandard:ZZUnitStandard_ID:2223;ZZLearnership:ZZLearnership_ID:80;ref:ZZLkpUnitStandardType:ZZUnitStandardType:3
*,775,Y,ZZUnitStandard:ZZUnitStandard_ID:2224;ZZLearnership:ZZLearnership_ID:80;ref:ZZLkpUnitStandardType:ZZUnitStandardType:3
*,776,Y,ZZUnitStandard:ZZUnitStandard_ID:2225;ZZLearnership:ZZLearnership_ID:80;ref:ZZLkpUnitStandardType:ZZUnitStandardType:1
*,777,Y,ZZUnitStandard:ZZUnitStandard_ID:2226;ZZLearnership:ZZLearnership_ID:80;ref:ZZLkpUnitStandardType:ZZUnitStandardType:3
*,778,Y,ZZUnitStandard:ZZUnitStandard_ID:2229;ZZLearnership:ZZLearnership_ID:80;ref:ZZLkpUnitStandardType:ZZUnitStandardType:3
*,779,Y,ZZUnitStandard:ZZUnitStandard_ID:2231;ZZLearnership:ZZLearnership_ID:80;ref:ZZLkpUnitStandardType:ZZUnitStandardType:1
*,780,Y,ZZUnitStandard:ZZUnitStandard_ID:2232;ZZLearnership:ZZLearnership_ID:80;ref:ZZLkpUnitStandardType:ZZUnitStandardType:1
*,781,Y,ZZUnitStandard:ZZUnitStandard_ID:2234;ZZLearnership:ZZLearnership_ID:80;ref:ZZLkpUnitStandardType:ZZUnitStandardType:3
*,782,Y,ZZUnitStandard:ZZUnitStandard_ID:2242;ZZLearnership:ZZLearnership_ID:80;ref:ZZLkpUnitStandardType:ZZUnitStandardType:3
*,783,Y,ZZUnitStandard:ZZUnitStandard_ID:2251;ZZLearnership:ZZLearnership_ID:80;ref:ZZLkpUnitStandardType:ZZUnitStandardType:1
*,784,Y,ZZUnitStandard:ZZUnitStandard_ID:2252;ZZLearnership:ZZLearnership_ID:80;ref:ZZLkpUnitStandardType:ZZUnitStandardType:1
*,785,Y,ZZUnitStandard:ZZUnitStandard_ID:2258;ZZLearnership:ZZLearnership_ID:80;ref:ZZLkpUnitStandardType:ZZUnitStandardType:3
*,786,Y,ZZUnitStandard:ZZUnitStandard_ID:2259;ZZLearnership:ZZLearnership_ID:80;ref:ZZLkpUnitStandardType:ZZUnitStandardType:3
*,787,Y,ZZUnitStandard:ZZUnitStandard_ID:2262;ZZLearnership:ZZLearnership_ID:80;ref:ZZLkpUnitStandardType:ZZUnitStandardType:3
*,788,Y,ZZUnitStandard:ZZUnitStandard_ID:2268;ZZLearnership:ZZLearnership_ID:80;ref:ZZLkpUnitStandardType:ZZUnitStandardType:1
*,789,Y,ZZUnitStandard:ZZUnitStandard_ID:2272;ZZLearnership:ZZLearnership_ID:80;ref:ZZLkpUnitStandardType:ZZUnitStandardType:3
*,790,Y,ZZUnitStandard:ZZUnitStandard_ID:2274;ZZLearnership:ZZLearnership_ID:80;ref:ZZLkpUnitStandardType:ZZUnitStandardType:1
*,791,Y,ZZUnitStandard:ZZUnitStandard_ID:2275;ZZLearnership:ZZLearnership_ID:80;ref:ZZLkpUnitStandardType:ZZUnitStandardType:1
*,792,Y,ZZUnitStandard:ZZUnitStandard_ID:2276;ZZLearnership:ZZLearnership_ID:80;ref:ZZLkpUnitStandardType:ZZUnitStandardType:1
*,793,Y,ZZUnitStandard:ZZUnitStandard_ID:2277;ZZLearnership:ZZLearnership_ID:80;ref:ZZLkpUnitStandardType:ZZUnitStandardType:3
*,794,Y,ZZUnitStandard:ZZUnitStandard_ID:2278;ZZLearnership:ZZLearnership_ID:80;ref:ZZLkpUnitStandardType:ZZUnitStandardType:3
*,795,Y,ZZUnitStandard:ZZUnitStandard_ID:2279;ZZLearnership:ZZLearnership_ID:80;ref:ZZLkpUnitStandardType:ZZUnitStandardType:3
*,796,Y,ZZUnitStandard:ZZUnitStandard_ID:2280;ZZLearnership:ZZLearnership_ID:80;ref:ZZLkpUnitStandardType:ZZUnitStandardType:3
*,797,Y,ZZUnitStandard:ZZUnitStandard_ID:2281;ZZLearnership:ZZLearnership_ID:80;ref:ZZLkpUnitStandardType:ZZUnitStandardType:3
*,798,Y,ZZUnitStandard:ZZUnitStandard_ID:2282;ZZLearnership:ZZLearnership_ID:80;ref:ZZLkpUnitStandardType:ZZUnitStandardType:3
*,799,Y,ZZUnitStandard:ZZUnitStandard_ID:2332;ZZLearnership:ZZLearnership_ID:80;ref:ZZLkpUnitStandardType:ZZUnitStandardType:2
*,800,Y,ZZUnitStandard:ZZUnitStandard_ID:2333;ZZLearnership:ZZLearnership_ID:80;ref:ZZLkpUnitStandardType:ZZUnitStandardType:2
*,801,Y,ZZUnitStandard:ZZUnitStandard_ID:2334;ZZLearnership:ZZLearnership_ID:80;ref:ZZLkpUnitStandardType:ZZUnitStandardType:2
*,802,Y,ZZUnitStandard:ZZUnitStandard_ID:2335;ZZLearnership:ZZLearnership_ID:80;ref:ZZLkpUnitStandardType:ZZUnitStandardType:2
*,803,Y,ZZUnitStandard:ZZUnitStandard_ID:2336;ZZLearnership:ZZLearnership_ID:80;ref:ZZLkpUnitStandardType:ZZUnitStandardType:2
*,804,Y,ZZUnitStandard:ZZUnitStandard_ID:2337;ZZLearnership:ZZLearnership_ID:80;ref:ZZLkpUnitStandardType:ZZUnitStandardType:2
*,805,Y,ZZUnitStandard:ZZUnitStandard_ID:2338;ZZLearnership:ZZLearnership_ID:80;ref:ZZLkpUnitStandardType:ZZUnitStandardType:2
*,806,Y,ZZUnitStandard:ZZUnitStandard_ID:976;ZZLearnership:ZZLearnership_ID:81;ref:ZZLkpUnitStandardType:ZZUnitStandardType:3
*,807,Y,ZZUnitStandard:ZZUnitStandard_ID:1588;ZZLearnership:ZZLearnership_ID:81;ref:ZZLkpUnitStandardType:ZZUnitStandardType:2
*,808,Y,ZZUnitStandard:ZZUnitStandard_ID:2158;ZZLearnership:ZZLearnership_ID:81;ref:ZZLkpUnitStandardType:ZZUnitStandardType:3
*,809,Y,ZZUnitStandard:ZZUnitStandard_ID:2223;ZZLearnership:ZZLearnership_ID:81;ref:ZZLkpUnitStandardType:ZZUnitStandardType:3
*,810,Y,ZZUnitStandard:ZZUnitStandard_ID:2224;ZZLearnership:ZZLearnership_ID:81;ref:ZZLkpUnitStandardType:ZZUnitStandardType:3
*,811,Y,ZZUnitStandard:ZZUnitStandard_ID:2225;ZZLearnership:ZZLearnership_ID:81;ref:ZZLkpUnitStandardType:ZZUnitStandardType:1
*,812,Y,ZZUnitStandard:ZZUnitStandard_ID:2226;ZZLearnership:ZZLearnership_ID:81;ref:ZZLkpUnitStandardType:ZZUnitStandardType:3
*,813,Y,ZZUnitStandard:ZZUnitStandard_ID:2229;ZZLearnership:ZZLearnership_ID:81;ref:ZZLkpUnitStandardType:ZZUnitStandardType:3
*,814,Y,ZZUnitStandard:ZZUnitStandard_ID:2231;ZZLearnership:ZZLearnership_ID:81;ref:ZZLkpUnitStandardType:ZZUnitStandardType:1
*,815,Y,ZZUnitStandard:ZZUnitStandard_ID:2232;ZZLearnership:ZZLearnership_ID:81;ref:ZZLkpUnitStandardType:ZZUnitStandardType:1
*,816,Y,ZZUnitStandard:ZZUnitStandard_ID:2234;ZZLearnership:ZZLearnership_ID:81;ref:ZZLkpUnitStandardType:ZZUnitStandardType:3
*,817,Y,ZZUnitStandard:ZZUnitStandard_ID:2242;ZZLearnership:ZZLearnership_ID:81;ref:ZZLkpUnitStandardType:ZZUnitStandardType:3
*,818,Y,ZZUnitStandard:ZZUnitStandard_ID:2251;ZZLearnership:ZZLearnership_ID:81;ref:ZZLkpUnitStandardType:ZZUnitStandardType:1
*,819,Y,ZZUnitStandard:ZZUnitStandard_ID:2252;ZZLearnership:ZZLearnership_ID:81;ref:ZZLkpUnitStandardType:ZZUnitStandardType:1
*,820,Y,ZZUnitStandard:ZZUnitStandard_ID:2258;ZZLearnership:ZZLearnership_ID:81;ref:ZZLkpUnitStandardType:ZZUnitStandardType:3
*,821,Y,ZZUnitStandard:ZZUnitStandard_ID:2259;ZZLearnership:ZZLearnership_ID:81;ref:ZZLkpUnitStandardType:ZZUnitStandardType:3
*,822,Y,ZZUnitStandard:ZZUnitStandard_ID:2262;ZZLearnership:ZZLearnership_ID:81;ref:ZZLkpUnitStandardType:ZZUnitStandardType:3
*,823,Y,ZZUnitStandard:ZZUnitStandard_ID:2268;ZZLearnership:ZZLearnership_ID:81;ref:ZZLkpUnitStandardType:ZZUnitStandardType:1
*,824,Y,ZZUnitStandard:ZZUnitStandard_ID:2272;ZZLearnership:ZZLearnership_ID:81;ref:ZZLkpUnitStandardType:ZZUnitStandardType:3
*,825,Y,ZZUnitStandard:ZZUnitStandard_ID:2274;ZZLearnership:ZZLearnership_ID:81;ref:ZZLkpUnitStandardType:ZZUnitStandardType:1
*,826,Y,ZZUnitStandard:ZZUnitStandard_ID:2275;ZZLearnership:ZZLearnership_ID:81;ref:ZZLkpUnitStandardType:ZZUnitStandardType:1
*,827,Y,ZZUnitStandard:ZZUnitStandard_ID:2276;ZZLearnership:ZZLearnership_ID:81;ref:ZZLkpUnitStandardType:ZZUnitStandardType:1
*,828,Y,ZZUnitStandard:ZZUnitStandard_ID:2277;ZZLearnership:ZZLearnership_ID:81;ref:ZZLkpUnitStandardType:ZZUnitStandardType:3
*,829,Y,ZZUnitStandard:ZZUnitStandard_ID:2278;ZZLearnership:ZZLearnership_ID:81;ref:ZZLkpUnitStandardType:ZZUnitStandardType:3
*,830,Y,ZZUnitStandard:ZZUnitStandard_ID:2279;ZZLearnership:ZZLearnership_ID:81;ref:ZZLkpUnitStandardType:ZZUnitStandardType:3
*,831,Y,ZZUnitStandard:ZZUnitStandard_ID:2280;ZZLearnership:ZZLearnership_ID:81;ref:ZZLkpUnitStandardType:ZZUnitStandardType:3
*,832,Y,ZZUnitStandard:ZZUnitStandard_ID:2281;ZZLearnership:ZZLearnership_ID:81;ref:ZZLkpUnitStandardType:ZZUnitStandardType:3
*,833,Y,ZZUnitStandard:ZZUnitStandard_ID:2282;ZZLearnership:ZZLearnership_ID:81;ref:ZZLkpUnitStandardType:ZZUnitStandardType:3
*,834,Y,ZZUnitStandard:ZZUnitStandard_ID:2332;ZZLearnership:ZZLearnership_ID:81;ref:ZZLkpUnitStandardType:ZZUnitStandardType:2
*,835,Y,ZZUnitStandard:ZZUnitStandard_ID:2333;ZZLearnership:ZZLearnership_ID:81;ref:ZZLkpUnitStandardType:ZZUnitStandardType:2
*,836,Y,ZZUnitStandard:ZZUnitStandard_ID:2334;ZZLearnership:ZZLearnership_ID:81;ref:ZZLkpUnitStandardType:ZZUnitStandardType:2
*,837,Y,ZZUnitStandard:ZZUnitStandard_ID:2335;ZZLearnership:ZZLearnership_ID:81;ref:ZZLkpUnitStandardType:ZZUnitStandardType:2
*,838,Y,ZZUnitStandard:ZZUnitStandard_ID:2336;ZZLearnership:ZZLearnership_ID:81;ref:ZZLkpUnitStandardType:ZZUnitStandardType:2
*,839,Y,ZZUnitStandard:ZZUnitStandard_ID:2337;ZZLearnership:ZZLearnership_ID:81;ref:ZZLkpUnitStandardType:ZZUnitStandardType:2
*,840,Y,ZZUnitStandard:ZZUnitStandard_ID:2338;ZZLearnership:ZZLearnership_ID:81;ref:ZZLkpUnitStandardType:ZZUnitStandardType:2
*,841,Y,ZZUnitStandard:ZZUnitStandard_ID:130;ZZLearnership:ZZLearnership_ID:82;ref:ZZLkpUnitStandardType:ZZUnitStandardType:3
*,842,Y,ZZUnitStandard:ZZUnitStandard_ID:375;ZZLearnership:ZZLearnership_ID:82;ref:ZZLkpUnitStandardType:ZZUnitStandardType:3
*,843,Y,ZZUnitStandard:ZZUnitStandard_ID:376;ZZLearnership:ZZLearnership_ID:82;ref:ZZLkpUnitStandardType:ZZUnitStandardType:3
*,844,Y,ZZUnitStandard:ZZUnitStandard_ID:382;ZZLearnership:ZZLearnership_ID:82;ref:ZZLkpUnitStandardType:ZZUnitStandardType:3
*,845,Y,ZZUnitStandard:ZZUnitStandard_ID:396;ZZLearnership:ZZLearnership_ID:82;ref:ZZLkpUnitStandardType:ZZUnitStandardType:3
*,846,Y,ZZUnitStandard:ZZUnitStandard_ID:407;ZZLearnership:ZZLearnership_ID:82;ref:ZZLkpUnitStandardType:ZZUnitStandardType:3
*,847,Y,ZZUnitStandard:ZZUnitStandard_ID:529;ZZLearnership:ZZLearnership_ID:82;ref:ZZLkpUnitStandardType:ZZUnitStandardType:1
*,848,Y,ZZUnitStandard:ZZUnitStandard_ID:530;ZZLearnership:ZZLearnership_ID:82;ref:ZZLkpUnitStandardType:ZZUnitStandardType:3
*,849,Y,ZZUnitStandard:ZZUnitStandard_ID:531;ZZLearnership:ZZLearnership_ID:82;ref:ZZLkpUnitStandardType:ZZUnitStandardType:3
*,850,Y,ZZUnitStandard:ZZUnitStandard_ID:606;ZZLearnership:ZZLearnership_ID:82;ref:ZZLkpUnitStandardType:ZZUnitStandardType:3
*,851,Y,ZZUnitStandard:ZZUnitStandard_ID:618;ZZLearnership:ZZLearnership_ID:82;ref:ZZLkpUnitStandardType:ZZUnitStandardType:3
*,852,Y,ZZUnitStandard:ZZUnitStandard_ID:643;ZZLearnership:ZZLearnership_ID:82;ref:ZZLkpUnitStandardType:ZZUnitStandardType:3
*,853,Y,ZZUnitStandard:ZZUnitStandard_ID:770;ZZLearnership:ZZLearnership_ID:82;ref:ZZLkpUnitStandardType:ZZUnitStandardType:3
*,854,Y,ZZUnitStandard:ZZUnitStandard_ID:930;ZZLearnership:ZZLearnership_ID:82;ref:ZZLkpUnitStandardType:ZZUnitStandardType:1
*,855,Y,ZZUnitStandard:ZZUnitStandard_ID:985;ZZLearnership:ZZLearnership_ID:82;ref:ZZLkpUnitStandardType:ZZUnitStandardType:1
*,856,Y,ZZUnitStandard:ZZUnitStandard_ID:1024;ZZLearnership:ZZLearnership_ID:82;ref:ZZLkpUnitStandardType:ZZUnitStandardType:3
*,857,Y,ZZUnitStandard:ZZUnitStandard_ID:1029;ZZLearnership:ZZLearnership_ID:82;ref:ZZLkpUnitStandardType:ZZUnitStandardType:3
*,858,Y,ZZUnitStandard:ZZUnitStandard_ID:1034;ZZLearnership:ZZLearnership_ID:82;ref:ZZLkpUnitStandardType:ZZUnitStandardType:1
*,859,Y,ZZUnitStandard:ZZUnitStandard_ID:1043;ZZLearnership:ZZLearnership_ID:82;ref:ZZLkpUnitStandardType:ZZUnitStandardType:3
*,860,Y,ZZUnitStandard:ZZUnitStandard_ID:1049;ZZLearnership:ZZLearnership_ID:82;ref:ZZLkpUnitStandardType:ZZUnitStandardType:1
*,861,Y,ZZUnitStandard:ZZUnitStandard_ID:1185;ZZLearnership:ZZLearnership_ID:82;ref:ZZLkpUnitStandardType:ZZUnitStandardType:2
*,862,Y,ZZUnitStandard:ZZUnitStandard_ID:1186;ZZLearnership:ZZLearnership_ID:82;ref:ZZLkpUnitStandardType:ZZUnitStandardType:2
*,863,Y,ZZUnitStandard:ZZUnitStandard_ID:1194;ZZLearnership:ZZLearnership_ID:82;ref:ZZLkpUnitStandardType:ZZUnitStandardType:2
*,864,Y,ZZUnitStandard:ZZUnitStandard_ID:1229;ZZLearnership:ZZLearnership_ID:82;ref:ZZLkpUnitStandardType:ZZUnitStandardType:3
*,865,Y,ZZUnitStandard:ZZUnitStandard_ID:1234;ZZLearnership:ZZLearnership_ID:82;ref:ZZLkpUnitStandardType:ZZUnitStandardType:1
*,866,Y,ZZUnitStandard:ZZUnitStandard_ID:1514;ZZLearnership:ZZLearnership_ID:82;ref:ZZLkpUnitStandardType:ZZUnitStandardType:2
*,867,Y,ZZUnitStandard:ZZUnitStandard_ID:1516;ZZLearnership:ZZLearnership_ID:82;ref:ZZLkpUnitStandardType:ZZUnitStandardType:2
*,868,Y,ZZUnitStandard:ZZUnitStandard_ID:1726;ZZLearnership:ZZLearnership_ID:82;ref:ZZLkpUnitStandardType:ZZUnitStandardType:1
*,869,Y,ZZUnitStandard:ZZUnitStandard_ID:2340;ZZLearnership:ZZLearnership_ID:82;ref:ZZLkpUnitStandardType:ZZUnitStandardType:2
*,870,Y,ZZUnitStandard:ZZUnitStandard_ID:2353;ZZLearnership:ZZLearnership_ID:82;ref:ZZLkpUnitStandardType:ZZUnitStandardType:3
*,871,Y,ZZUnitStandard:ZZUnitStandard_ID:2354;ZZLearnership:ZZLearnership_ID:82;ref:ZZLkpUnitStandardType:ZZUnitStandardType:3
*,872,Y,ZZUnitStandard:ZZUnitStandard_ID:2355;ZZLearnership:ZZLearnership_ID:82;ref:ZZLkpUnitStandardType:ZZUnitStandardType:3
*,873,Y,ZZUnitStandard:ZZUnitStandard_ID:2356;ZZLearnership:ZZLearnership_ID:82;ref:ZZLkpUnitStandardType:ZZUnitStandardType:1
*,874,Y,ZZUnitStandard:ZZUnitStandard_ID:2357;ZZLearnership:ZZLearnership_ID:82;ref:ZZLkpUnitStandardType:ZZUnitStandardType:3
*,875,Y,ZZUnitStandard:ZZUnitStandard_ID:2358;ZZLearnership:ZZLearnership_ID:82;ref:ZZLkpUnitStandardType:ZZUnitStandardType:3
*,876,Y,ZZUnitStandard:ZZUnitStandard_ID:2359;ZZLearnership:ZZLearnership_ID:82;ref:ZZLkpUnitStandardType:ZZUnitStandardType:3
*,877,Y,ZZUnitStandard:ZZUnitStandard_ID:2360;ZZLearnership:ZZLearnership_ID:82;ref:ZZLkpUnitStandardType:ZZUnitStandardType:3
*,878,Y,ZZUnitStandard:ZZUnitStandard_ID:2361;ZZLearnership:ZZLearnership_ID:82;ref:ZZLkpUnitStandardType:ZZUnitStandardType:3
*,879,Y,ZZUnitStandard:ZZUnitStandard_ID:2450;ZZLearnership:ZZLearnership_ID:82;ref:ZZLkpUnitStandardType:ZZUnitStandardType:2
*,880,Y,ZZUnitStandard:ZZUnitStandard_ID:2452;ZZLearnership:ZZLearnership_ID:82;ref:ZZLkpUnitStandardType:ZZUnitStandardType:2
*,881,Y,ZZUnitStandard:ZZUnitStandard_ID:2453;ZZLearnership:ZZLearnership_ID:82;ref:ZZLkpUnitStandardType:ZZUnitStandardType:2
*,882,Y,ZZUnitStandard:ZZUnitStandard_ID:2533;ZZLearnership:ZZLearnership_ID:82;ref:ZZLkpUnitStandardType:ZZUnitStandardType:1
*,883,Y,ZZUnitStandard:ZZUnitStandard_ID:2534;ZZLearnership:ZZLearnership_ID:82;ref:ZZLkpUnitStandardType:ZZUnitStandardType:1
*,884,Y,ZZUnitStandard:ZZUnitStandard_ID:2535;ZZLearnership:ZZLearnership_ID:82;ref:ZZLkpUnitStandardType:ZZUnitStandardType:1
*,885,Y,ZZUnitStandard:ZZUnitStandard_ID:2536;ZZLearnership:ZZLearnership_ID:82;ref:ZZLkpUnitStandardType:ZZUnitStandardType:1
*,886,Y,ZZUnitStandard:ZZUnitStandard_ID:2537;ZZLearnership:ZZLearnership_ID:82;ref:ZZLkpUnitStandardType:ZZUnitStandardType:1
*,887,Y,ZZUnitStandard:ZZUnitStandard_ID:2539;ZZLearnership:ZZLearnership_ID:82;ref:ZZLkpUnitStandardType:ZZUnitStandardType:3
*,888,Y,ZZUnitStandard:ZZUnitStandard_ID:2541;ZZLearnership:ZZLearnership_ID:82;ref:ZZLkpUnitStandardType:ZZUnitStandardType:1
*,889,Y,ZZUnitStandard:ZZUnitStandard_ID:2542;ZZLearnership:ZZLearnership_ID:82;ref:ZZLkpUnitStandardType:ZZUnitStandardType:3
*,890,Y,ZZUnitStandard:ZZUnitStandard_ID:2543;ZZLearnership:ZZLearnership_ID:82;ref:ZZLkpUnitStandardType:ZZUnitStandardType:1
*,891,Y,ZZUnitStandard:ZZUnitStandard_ID:2544;ZZLearnership:ZZLearnership_ID:82;ref:ZZLkpUnitStandardType:ZZUnitStandardType:3
*,892,Y,ZZUnitStandard:ZZUnitStandard_ID:2545;ZZLearnership:ZZLearnership_ID:82;ref:ZZLkpUnitStandardType:ZZUnitStandardType:3
*,893,Y,ZZUnitStandard:ZZUnitStandard_ID:2546;ZZLearnership:ZZLearnership_ID:82;ref:ZZLkpUnitStandardType:ZZUnitStandardType:3
*,894,Y,ZZUnitStandard:ZZUnitStandard_ID:2547;ZZLearnership:ZZLearnership_ID:82;ref:ZZLkpUnitStandardType:ZZUnitStandardType:3
*,895,Y,ZZUnitStandard:ZZUnitStandard_ID:2548;ZZLearnership:ZZLearnership_ID:82;ref:ZZLkpUnitStandardType:ZZUnitStandardType:3
*,896,Y,ZZUnitStandard:ZZUnitStandard_ID:2549;ZZLearnership:ZZLearnership_ID:82;ref:ZZLkpUnitStandardType:ZZUnitStandardType:3
*,897,Y,ZZUnitStandard:ZZUnitStandard_ID:2550;ZZLearnership:ZZLearnership_ID:82;ref:ZZLkpUnitStandardType:ZZUnitStandardType:1
*,898,Y,ZZUnitStandard:ZZUnitStandard_ID:2551;ZZLearnership:ZZLearnership_ID:82;ref:ZZLkpUnitStandardType:ZZUnitStandardType:1
*,899,Y,ZZUnitStandard:ZZUnitStandard_ID:2552;ZZLearnership:ZZLearnership_ID:82;ref:ZZLkpUnitStandardType:ZZUnitStandardType:3
*,900,Y,ZZUnitStandard:ZZUnitStandard_ID:2553;ZZLearnership:ZZLearnership_ID:82;ref:ZZLkpUnitStandardType:ZZUnitStandardType:3
*,901,Y,ZZUnitStandard:ZZUnitStandard_ID:2554;ZZLearnership:ZZLearnership_ID:82;ref:ZZLkpUnitStandardType:ZZUnitStandardType:3
*,902,Y,ZZUnitStandard:ZZUnitStandard_ID:2555;ZZLearnership:ZZLearnership_ID:82;ref:ZZLkpUnitStandardType:ZZUnitStandardType:3
*,903,Y,ZZUnitStandard:ZZUnitStandard_ID:2633;ZZLearnership:ZZLearnership_ID:82;ref:ZZLkpUnitStandardType:ZZUnitStandardType:1
*,904,Y,ZZUnitStandard:ZZUnitStandard_ID:2634;ZZLearnership:ZZLearnership_ID:82;ref:ZZLkpUnitStandardType:ZZUnitStandardType:3
*,905,Y,ZZUnitStandard:ZZUnitStandard_ID:2636;ZZLearnership:ZZLearnership_ID:82;ref:ZZLkpUnitStandardType:ZZUnitStandardType:3
*,906,Y,ZZUnitStandard:ZZUnitStandard_ID:3357;ZZLearnership:ZZLearnership_ID:82;ref:ZZLkpUnitStandardType:ZZUnitStandardType:3
*,907,Y,ZZUnitStandard:ZZUnitStandard_ID:3407;ZZLearnership:ZZLearnership_ID:82;ref:ZZLkpUnitStandardType:ZZUnitStandardType:3
*,908,Y,ZZUnitStandard:ZZUnitStandard_ID:198;ZZLearnership:ZZLearnership_ID:85;ref:ZZLkpUnitStandardType:ZZUnitStandardType:3
*,909,Y,ZZUnitStandard:ZZUnitStandard_ID:267;ZZLearnership:ZZLearnership_ID:85;ref:ZZLkpUnitStandardType:ZZUnitStandardType:3
*,910,Y,ZZUnitStandard:ZZUnitStandard_ID:637;ZZLearnership:ZZLearnership_ID:85;ref:ZZLkpUnitStandardType:ZZUnitStandardType:3
*,911,Y,ZZUnitStandard:ZZUnitStandard_ID:695;ZZLearnership:ZZLearnership_ID:85;ref:ZZLkpUnitStandardType:ZZUnitStandardType:3
*,912,Y,ZZUnitStandard:ZZUnitStandard_ID:822;ZZLearnership:ZZLearnership_ID:85;ref:ZZLkpUnitStandardType:ZZUnitStandardType:3
*,913,Y,ZZUnitStandard:ZZUnitStandard_ID:930;ZZLearnership:ZZLearnership_ID:85;ref:ZZLkpUnitStandardType:ZZUnitStandardType:3
*,914,Y,ZZUnitStandard:ZZUnitStandard_ID:980;ZZLearnership:ZZLearnership_ID:85;ref:ZZLkpUnitStandardType:ZZUnitStandardType:3
*,915,Y,ZZUnitStandard:ZZUnitStandard_ID:985;ZZLearnership:ZZLearnership_ID:85;ref:ZZLkpUnitStandardType:ZZUnitStandardType:3
*,916,Y,ZZUnitStandard:ZZUnitStandard_ID:1185;ZZLearnership:ZZLearnership_ID:85;ref:ZZLkpUnitStandardType:ZZUnitStandardType:2
*,917,Y,ZZUnitStandard:ZZUnitStandard_ID:1186;ZZLearnership:ZZLearnership_ID:85;ref:ZZLkpUnitStandardType:ZZUnitStandardType:2
*,918,Y,ZZUnitStandard:ZZUnitStandard_ID:1187;ZZLearnership:ZZLearnership_ID:85;ref:ZZLkpUnitStandardType:ZZUnitStandardType:2
*,919,Y,ZZUnitStandard:ZZUnitStandard_ID:1194;ZZLearnership:ZZLearnership_ID:85;ref:ZZLkpUnitStandardType:ZZUnitStandardType:2
*,920,Y,ZZUnitStandard:ZZUnitStandard_ID:1205;ZZLearnership:ZZLearnership_ID:85;ref:ZZLkpUnitStandardType:ZZUnitStandardType:1
*,921,Y,ZZUnitStandard:ZZUnitStandard_ID:1206;ZZLearnership:ZZLearnership_ID:85;ref:ZZLkpUnitStandardType:ZZUnitStandardType:3
*,922,Y,ZZUnitStandard:ZZUnitStandard_ID:1466;ZZLearnership:ZZLearnership_ID:85;ref:ZZLkpUnitStandardType:ZZUnitStandardType:3
*,923,Y,ZZUnitStandard:ZZUnitStandard_ID:1469;ZZLearnership:ZZLearnership_ID:85;ref:ZZLkpUnitStandardType:ZZUnitStandardType:1
*,924,Y,ZZUnitStandard:ZZUnitStandard_ID:1514;ZZLearnership:ZZLearnership_ID:85;ref:ZZLkpUnitStandardType:ZZUnitStandardType:2
*,925,Y,ZZUnitStandard:ZZUnitStandard_ID:1667;ZZLearnership:ZZLearnership_ID:85;ref:ZZLkpUnitStandardType:ZZUnitStandardType:2
*,926,Y,ZZUnitStandard:ZZUnitStandard_ID:1722;ZZLearnership:ZZLearnership_ID:85;ref:ZZLkpUnitStandardType:ZZUnitStandardType:1
*,927,Y,ZZUnitStandard:ZZUnitStandard_ID:1723;ZZLearnership:ZZLearnership_ID:85;ref:ZZLkpUnitStandardType:ZZUnitStandardType:1
*,928,Y,ZZUnitStandard:ZZUnitStandard_ID:1725;ZZLearnership:ZZLearnership_ID:85;ref:ZZLkpUnitStandardType:ZZUnitStandardType:3
*,929,Y,ZZUnitStandard:ZZUnitStandard_ID:1726;ZZLearnership:ZZLearnership_ID:85;ref:ZZLkpUnitStandardType:ZZUnitStandardType:3
*,930,Y,ZZUnitStandard:ZZUnitStandard_ID:2326;ZZLearnership:ZZLearnership_ID:85;ref:ZZLkpUnitStandardType:ZZUnitStandardType:1
*,931,Y,ZZUnitStandard:ZZUnitStandard_ID:2340;ZZLearnership:ZZLearnership_ID:85;ref:ZZLkpUnitStandardType:ZZUnitStandardType:2
*,932,Y,ZZUnitStandard:ZZUnitStandard_ID:2402;ZZLearnership:ZZLearnership_ID:85;ref:ZZLkpUnitStandardType:ZZUnitStandardType:3
*,933,Y,ZZUnitStandard:ZZUnitStandard_ID:2446;ZZLearnership:ZZLearnership_ID:85;ref:ZZLkpUnitStandardType:ZZUnitStandardType:1
*,934,Y,ZZUnitStandard:ZZUnitStandard_ID:2450;ZZLearnership:ZZLearnership_ID:85;ref:ZZLkpUnitStandardType:ZZUnitStandardType:2
*,935,Y,ZZUnitStandard:ZZUnitStandard_ID:2453;ZZLearnership:ZZLearnership_ID:85;ref:ZZLkpUnitStandardType:ZZUnitStandardType:2
*,936,Y,ZZUnitStandard:ZZUnitStandard_ID:2459;ZZLearnership:ZZLearnership_ID:85;ref:ZZLkpUnitStandardType:ZZUnitStandardType:1
*,937,Y,ZZUnitStandard:ZZUnitStandard_ID:2475;ZZLearnership:ZZLearnership_ID:85;ref:ZZLkpUnitStandardType:ZZUnitStandardType:1
*,938,Y,ZZUnitStandard:ZZUnitStandard_ID:2476;ZZLearnership:ZZLearnership_ID:85;ref:ZZLkpUnitStandardType:ZZUnitStandardType:1
*,939,Y,ZZUnitStandard:ZZUnitStandard_ID:2477;ZZLearnership:ZZLearnership_ID:85;ref:ZZLkpUnitStandardType:ZZUnitStandardType:1
*,940,Y,ZZUnitStandard:ZZUnitStandard_ID:2478;ZZLearnership:ZZLearnership_ID:85;ref:ZZLkpUnitStandardType:ZZUnitStandardType:1
*,941,Y,ZZUnitStandard:ZZUnitStandard_ID:2479;ZZLearnership:ZZLearnership_ID:85;ref:ZZLkpUnitStandardType:ZZUnitStandardType:1
*,942,Y,ZZUnitStandard:ZZUnitStandard_ID:2480;ZZLearnership:ZZLearnership_ID:85;ref:ZZLkpUnitStandardType:ZZUnitStandardType:1
*,943,Y,ZZUnitStandard:ZZUnitStandard_ID:2481;ZZLearnership:ZZLearnership_ID:85;ref:ZZLkpUnitStandardType:ZZUnitStandardType:1
*,944,Y,ZZUnitStandard:ZZUnitStandard_ID:2482;ZZLearnership:ZZLearnership_ID:85;ref:ZZLkpUnitStandardType:ZZUnitStandardType:1
*,945,Y,ZZUnitStandard:ZZUnitStandard_ID:2485;ZZLearnership:ZZLearnership_ID:85;ref:ZZLkpUnitStandardType:ZZUnitStandardType:3
*,946,Y,ZZUnitStandard:ZZUnitStandard_ID:2488;ZZLearnership:ZZLearnership_ID:85;ref:ZZLkpUnitStandardType:ZZUnitStandardType:3
*,947,Y,ZZUnitStandard:ZZUnitStandard_ID:2489;ZZLearnership:ZZLearnership_ID:85;ref:ZZLkpUnitStandardType:ZZUnitStandardType:3
*,948,Y,ZZUnitStandard:ZZUnitStandard_ID:2490;ZZLearnership:ZZLearnership_ID:85;ref:ZZLkpUnitStandardType:ZZUnitStandardType:3
*,949,Y,ZZUnitStandard:ZZUnitStandard_ID:2491;ZZLearnership:ZZLearnership_ID:85;ref:ZZLkpUnitStandardType:ZZUnitStandardType:3
*,950,Y,ZZUnitStandard:ZZUnitStandard_ID:2492;ZZLearnership:ZZLearnership_ID:85;ref:ZZLkpUnitStandardType:ZZUnitStandardType:3
*,951,Y,ZZUnitStandard:ZZUnitStandard_ID:278;ZZLearnership:ZZLearnership_ID:86;ref:ZZLkpUnitStandardType:ZZUnitStandardType:3
*,952,Y,ZZUnitStandard:ZZUnitStandard_ID:280;ZZLearnership:ZZLearnership_ID:86;ref:ZZLkpUnitStandardType:ZZUnitStandardType:3
*,953,Y,ZZUnitStandard:ZZUnitStandard_ID:283;ZZLearnership:ZZLearnership_ID:86;ref:ZZLkpUnitStandardType:ZZUnitStandardType:3
*,954,Y,ZZUnitStandard:ZZUnitStandard_ID:284;ZZLearnership:ZZLearnership_ID:86;ref:ZZLkpUnitStandardType:ZZUnitStandardType:3
*,955,Y,ZZUnitStandard:ZZUnitStandard_ID:306;ZZLearnership:ZZLearnership_ID:86;ref:ZZLkpUnitStandardType:ZZUnitStandardType:3
*,956,Y,ZZUnitStandard:ZZUnitStandard_ID:985;ZZLearnership:ZZLearnership_ID:86;ref:ZZLkpUnitStandardType:ZZUnitStandardType:1
*,957,Y,ZZUnitStandard:ZZUnitStandard_ID:1128;ZZLearnership:ZZLearnership_ID:86;ref:ZZLkpUnitStandardType:ZZUnitStandardType:3
*,958,Y,ZZUnitStandard:ZZUnitStandard_ID:1129;ZZLearnership:ZZLearnership_ID:86;ref:ZZLkpUnitStandardType:ZZUnitStandardType:3
*,959,Y,ZZUnitStandard:ZZUnitStandard_ID:1188;ZZLearnership:ZZLearnership_ID:86;ref:ZZLkpUnitStandardType:ZZUnitStandardType:2
*,960,Y,ZZUnitStandard:ZZUnitStandard_ID:1190;ZZLearnership:ZZLearnership_ID:86;ref:ZZLkpUnitStandardType:ZZUnitStandardType:2
*,961,Y,ZZUnitStandard:ZZUnitStandard_ID:1196;ZZLearnership:ZZLearnership_ID:86;ref:ZZLkpUnitStandardType:ZZUnitStandardType:2
*,962,Y,ZZUnitStandard:ZZUnitStandard_ID:1207;ZZLearnership:ZZLearnership_ID:86;ref:ZZLkpUnitStandardType:ZZUnitStandardType:1
*,963,Y,ZZUnitStandard:ZZUnitStandard_ID:1208;ZZLearnership:ZZLearnership_ID:86;ref:ZZLkpUnitStandardType:ZZUnitStandardType:1
*,964,Y,ZZUnitStandard:ZZUnitStandard_ID:1209;ZZLearnership:ZZLearnership_ID:86;ref:ZZLkpUnitStandardType:ZZUnitStandardType:1
*,965,Y,ZZUnitStandard:ZZUnitStandard_ID:1210;ZZLearnership:ZZLearnership_ID:86;ref:ZZLkpUnitStandardType:ZZUnitStandardType:3
*,966,Y,ZZUnitStandard:ZZUnitStandard_ID:1469;ZZLearnership:ZZLearnership_ID:86;ref:ZZLkpUnitStandardType:ZZUnitStandardType:3
*,967,Y,ZZUnitStandard:ZZUnitStandard_ID:1518;ZZLearnership:ZZLearnership_ID:86;ref:ZZLkpUnitStandardType:ZZUnitStandardType:2
*,968,Y,ZZUnitStandard:ZZUnitStandard_ID:1710;ZZLearnership:ZZLearnership_ID:86;ref:ZZLkpUnitStandardType:ZZUnitStandardType:3
*,969,Y,ZZUnitStandard:ZZUnitStandard_ID:1711;ZZLearnership:ZZLearnership_ID:86;ref:ZZLkpUnitStandardType:ZZUnitStandardType:3
*,970,Y,ZZUnitStandard:ZZUnitStandard_ID:1712;ZZLearnership:ZZLearnership_ID:86;ref:ZZLkpUnitStandardType:ZZUnitStandardType:3
*,971,Y,ZZUnitStandard:ZZUnitStandard_ID:1713;ZZLearnership:ZZLearnership_ID:86;ref:ZZLkpUnitStandardType:ZZUnitStandardType:3
*,972,Y,ZZUnitStandard:ZZUnitStandard_ID:1756;ZZLearnership:ZZLearnership_ID:86;ref:ZZLkpUnitStandardType:ZZUnitStandardType:2
*,973,Y,ZZUnitStandard:ZZUnitStandard_ID:1757;ZZLearnership:ZZLearnership_ID:86;ref:ZZLkpUnitStandardType:ZZUnitStandardType:2
*,974,Y,ZZUnitStandard:ZZUnitStandard_ID:2201;ZZLearnership:ZZLearnership_ID:86;ref:ZZLkpUnitStandardType:ZZUnitStandardType:2
*,975,Y,ZZUnitStandard:ZZUnitStandard_ID:2202;ZZLearnership:ZZLearnership_ID:86;ref:ZZLkpUnitStandardType:ZZUnitStandardType:2
*,976,Y,ZZUnitStandard:ZZUnitStandard_ID:2218;ZZLearnership:ZZLearnership_ID:86;ref:ZZLkpUnitStandardType:ZZUnitStandardType:2
*,977,Y,ZZUnitStandard:ZZUnitStandard_ID:2402;ZZLearnership:ZZLearnership_ID:86;ref:ZZLkpUnitStandardType:ZZUnitStandardType:3
*,978,Y,ZZUnitStandard:ZZUnitStandard_ID:2476;ZZLearnership:ZZLearnership_ID:86;ref:ZZLkpUnitStandardType:ZZUnitStandardType:1
*,979,Y,ZZUnitStandard:ZZUnitStandard_ID:2482;ZZLearnership:ZZLearnership_ID:86;ref:ZZLkpUnitStandardType:ZZUnitStandardType:3
*,980,Y,ZZUnitStandard:ZZUnitStandard_ID:2490;ZZLearnership:ZZLearnership_ID:86;ref:ZZLkpUnitStandardType:ZZUnitStandardType:1
*,981,Y,ZZUnitStandard:ZZUnitStandard_ID:2491;ZZLearnership:ZZLearnership_ID:86;ref:ZZLkpUnitStandardType:ZZUnitStandardType:1
*,982,Y,ZZUnitStandard:ZZUnitStandard_ID:2493;ZZLearnership:ZZLearnership_ID:86;ref:ZZLkpUnitStandardType:ZZUnitStandardType:1
*,983,Y,ZZUnitStandard:ZZUnitStandard_ID:2494;ZZLearnership:ZZLearnership_ID:86;ref:ZZLkpUnitStandardType:ZZUnitStandardType:1
*,984,Y,ZZUnitStandard:ZZUnitStandard_ID:2495;ZZLearnership:ZZLearnership_ID:86;ref:ZZLkpUnitStandardType:ZZUnitStandardType:1
*,985,Y,ZZUnitStandard:ZZUnitStandard_ID:2496;ZZLearnership:ZZLearnership_ID:86;ref:ZZLkpUnitStandardType:ZZUnitStandardType:1
*,986,Y,ZZUnitStandard:ZZUnitStandard_ID:2497;ZZLearnership:ZZLearnership_ID:86;ref:ZZLkpUnitStandardType:ZZUnitStandardType:1
*,987,Y,ZZUnitStandard:ZZUnitStandard_ID:2498;ZZLearnership:ZZLearnership_ID:86;ref:ZZLkpUnitStandardType:ZZUnitStandardType:1
*,988,Y,ZZUnitStandard:ZZUnitStandard_ID:2499;ZZLearnership:ZZLearnership_ID:86;ref:ZZLkpUnitStandardType:ZZUnitStandardType:3
*,989,Y,ZZUnitStandard:ZZUnitStandard_ID:2500;ZZLearnership:ZZLearnership_ID:86;ref:ZZLkpUnitStandardType:ZZUnitStandardType:3
*,990,Y,ZZUnitStandard:ZZUnitStandard_ID:2501;ZZLearnership:ZZLearnership_ID:86;ref:ZZLkpUnitStandardType:ZZUnitStandardType:3
*,991,Y,ZZUnitStandard:ZZUnitStandard_ID:2502;ZZLearnership:ZZLearnership_ID:86;ref:ZZLkpUnitStandardType:ZZUnitStandardType:3
*,992,Y,ZZUnitStandard:ZZUnitStandard_ID:2503;ZZLearnership:ZZLearnership_ID:86;ref:ZZLkpUnitStandardType:ZZUnitStandardType:3
*,993,Y,ZZUnitStandard:ZZUnitStandard_ID:2505;ZZLearnership:ZZLearnership_ID:86;ref:ZZLkpUnitStandardType:ZZUnitStandardType:3
*,994,Y,ZZUnitStandard:ZZUnitStandard_ID:2506;ZZLearnership:ZZLearnership_ID:86;ref:ZZLkpUnitStandardType:ZZUnitStandardType:3
*,995,Y,ZZUnitStandard:ZZUnitStandard_ID:2507;ZZLearnership:ZZLearnership_ID:86;ref:ZZLkpUnitStandardType:ZZUnitStandardType:3
*,996,Y,ZZUnitStandard:ZZUnitStandard_ID:2508;ZZLearnership:ZZLearnership_ID:86;ref:ZZLkpUnitStandardType:ZZUnitStandardType:3
*,997,Y,ZZUnitStandard:ZZUnitStandard_ID:2509;ZZLearnership:ZZLearnership_ID:86;ref:ZZLkpUnitStandardType:ZZUnitStandardType:3
*,998,Y,ZZUnitStandard:ZZUnitStandard_ID:2510;ZZLearnership:ZZLearnership_ID:86;ref:ZZLkpUnitStandardType:ZZUnitStandardType:3
*,999,Y,ZZUnitStandard:ZZUnitStandard_ID:2511;ZZLearnership:ZZLearnership_ID:86;ref:ZZLkpUnitStandardType:ZZUnitStandardType:3
*,1000,Y,ZZUnitStandard:ZZUnitStandard_ID:2512;ZZLearnership:ZZLearnership_ID:86;ref:ZZLkpUnitStandardType:ZZUnitStandardType:3
*,1001,Y,ZZUnitStandard:ZZUnitStandard_ID:419;ZZLearnership:ZZLearnership_ID:87;ref:ZZLkpUnitStandardType:ZZUnitStandardType:3
*,1002,Y,ZZUnitStandard:ZZUnitStandard_ID:420;ZZLearnership:ZZLearnership_ID:87;ref:ZZLkpUnitStandardType:ZZUnitStandardType:1
*,1003,Y,ZZUnitStandard:ZZUnitStandard_ID:421;ZZLearnership:ZZLearnership_ID:87;ref:ZZLkpUnitStandardType:ZZUnitStandardType:3
*,1004,Y,ZZUnitStandard:ZZUnitStandard_ID:430;ZZLearnership:ZZLearnership_ID:87;ref:ZZLkpUnitStandardType:ZZUnitStandardType:1
*,1005,Y,ZZUnitStandard:ZZUnitStandard_ID:501;ZZLearnership:ZZLearnership_ID:87;ref:ZZLkpUnitStandardType:ZZUnitStandardType:1
*,1006,Y,ZZUnitStandard:ZZUnitStandard_ID:673;ZZLearnership:ZZLearnership_ID:87;ref:ZZLkpUnitStandardType:ZZUnitStandardType:1
*,1007,Y,ZZUnitStandard:ZZUnitStandard_ID:674;ZZLearnership:ZZLearnership_ID:87;ref:ZZLkpUnitStandardType:ZZUnitStandardType:1
*,1008,Y,ZZUnitStandard:ZZUnitStandard_ID:675;ZZLearnership:ZZLearnership_ID:87;ref:ZZLkpUnitStandardType:ZZUnitStandardType:1
*,1009,Y,ZZUnitStandard:ZZUnitStandard_ID:676;ZZLearnership:ZZLearnership_ID:87;ref:ZZLkpUnitStandardType:ZZUnitStandardType:1
*,1010,Y,ZZUnitStandard:ZZUnitStandard_ID:679;ZZLearnership:ZZLearnership_ID:87;ref:ZZLkpUnitStandardType:ZZUnitStandardType:3
*,1011,Y,ZZUnitStandard:ZZUnitStandard_ID:680;ZZLearnership:ZZLearnership_ID:87;ref:ZZLkpUnitStandardType:ZZUnitStandardType:3
*,1012,Y,ZZUnitStandard:ZZUnitStandard_ID:683;ZZLearnership:ZZLearnership_ID:87;ref:ZZLkpUnitStandardType:ZZUnitStandardType:3
*,1013,Y,ZZUnitStandard:ZZUnitStandard_ID:684;ZZLearnership:ZZLearnership_ID:87;ref:ZZLkpUnitStandardType:ZZUnitStandardType:3
*,1014,Y,ZZUnitStandard:ZZUnitStandard_ID:687;ZZLearnership:ZZLearnership_ID:87;ref:ZZLkpUnitStandardType:ZZUnitStandardType:3
*,1015,Y,ZZUnitStandard:ZZUnitStandard_ID:688;ZZLearnership:ZZLearnership_ID:87;ref:ZZLkpUnitStandardType:ZZUnitStandardType:1
*,1016,Y,ZZUnitStandard:ZZUnitStandard_ID:694;ZZLearnership:ZZLearnership_ID:87;ref:ZZLkpUnitStandardType:ZZUnitStandardType:1
*,1017,Y,ZZUnitStandard:ZZUnitStandard_ID:698;ZZLearnership:ZZLearnership_ID:87;ref:ZZLkpUnitStandardType:ZZUnitStandardType:1
*,1018,Y,ZZUnitStandard:ZZUnitStandard_ID:699;ZZLearnership:ZZLearnership_ID:87;ref:ZZLkpUnitStandardType:ZZUnitStandardType:1
*,1019,Y,ZZUnitStandard:ZZUnitStandard_ID:700;ZZLearnership:ZZLearnership_ID:87;ref:ZZLkpUnitStandardType:ZZUnitStandardType:1
*,1020,Y,ZZUnitStandard:ZZUnitStandard_ID:925;ZZLearnership:ZZLearnership_ID:87;ref:ZZLkpUnitStandardType:ZZUnitStandardType:1
*,1021,Y,ZZUnitStandard:ZZUnitStandard_ID:926;ZZLearnership:ZZLearnership_ID:87;ref:ZZLkpUnitStandardType:ZZUnitStandardType:1
*,1022,Y,ZZUnitStandard:ZZUnitStandard_ID:927;ZZLearnership:ZZLearnership_ID:87;ref:ZZLkpUnitStandardType:ZZUnitStandardType:1
*,1023,Y,ZZUnitStandard:ZZUnitStandard_ID:986;ZZLearnership:ZZLearnership_ID:87;ref:ZZLkpUnitStandardType:ZZUnitStandardType:1
*,1024,Y,ZZUnitStandard:ZZUnitStandard_ID:987;ZZLearnership:ZZLearnership_ID:87;ref:ZZLkpUnitStandardType:ZZUnitStandardType:1
*,1025,Y,ZZUnitStandard:ZZUnitStandard_ID:988;ZZLearnership:ZZLearnership_ID:87;ref:ZZLkpUnitStandardType:ZZUnitStandardType:1
*,1026,Y,ZZUnitStandard:ZZUnitStandard_ID:990;ZZLearnership:ZZLearnership_ID:87;ref:ZZLkpUnitStandardType:ZZUnitStandardType:1
*,1027,Y,ZZUnitStandard:ZZUnitStandard_ID:991;ZZLearnership:ZZLearnership_ID:87;ref:ZZLkpUnitStandardType:ZZUnitStandardType:1
*,1028,Y,ZZUnitStandard:ZZUnitStandard_ID:995;ZZLearnership:ZZLearnership_ID:87;ref:ZZLkpUnitStandardType:ZZUnitStandardType:1
*,1029,Y,ZZUnitStandard:ZZUnitStandard_ID:1084;ZZLearnership:ZZLearnership_ID:87;ref:ZZLkpUnitStandardType:ZZUnitStandardType:1
*,1030,Y,ZZUnitStandard:ZZUnitStandard_ID:1164;ZZLearnership:ZZLearnership_ID:87;ref:ZZLkpUnitStandardType:ZZUnitStandardType:2
*,1031,Y,ZZUnitStandard:ZZUnitStandard_ID:1165;ZZLearnership:ZZLearnership_ID:87;ref:ZZLkpUnitStandardType:ZZUnitStandardType:2
*,1032,Y,ZZUnitStandard:ZZUnitStandard_ID:1166;ZZLearnership:ZZLearnership_ID:87;ref:ZZLkpUnitStandardType:ZZUnitStandardType:2
*,1033,Y,ZZUnitStandard:ZZUnitStandard_ID:1176;ZZLearnership:ZZLearnership_ID:87;ref:ZZLkpUnitStandardType:ZZUnitStandardType:2
*,1034,Y,ZZUnitStandard:ZZUnitStandard_ID:1188;ZZLearnership:ZZLearnership_ID:87;ref:ZZLkpUnitStandardType:ZZUnitStandardType:2
*,1035,Y,ZZUnitStandard:ZZUnitStandard_ID:1190;ZZLearnership:ZZLearnership_ID:87;ref:ZZLkpUnitStandardType:ZZUnitStandardType:2
*,1036,Y,ZZUnitStandard:ZZUnitStandard_ID:1196;ZZLearnership:ZZLearnership_ID:87;ref:ZZLkpUnitStandardType:ZZUnitStandardType:2
*,1037,Y,ZZUnitStandard:ZZUnitStandard_ID:1518;ZZLearnership:ZZLearnership_ID:87;ref:ZZLkpUnitStandardType:ZZUnitStandardType:2
*,1038,Y,ZZUnitStandard:ZZUnitStandard_ID:1523;ZZLearnership:ZZLearnership_ID:87;ref:ZZLkpUnitStandardType:ZZUnitStandardType:3
*,1039,Y,ZZUnitStandard:ZZUnitStandard_ID:1716;ZZLearnership:ZZLearnership_ID:87;ref:ZZLkpUnitStandardType:ZZUnitStandardType:3
*,1040,Y,ZZUnitStandard:ZZUnitStandard_ID:1759;ZZLearnership:ZZLearnership_ID:87;ref:ZZLkpUnitStandardType:ZZUnitStandardType:3
*,1041,Y,ZZUnitStandard:ZZUnitStandard_ID:1854;ZZLearnership:ZZLearnership_ID:87;ref:ZZLkpUnitStandardType:ZZUnitStandardType:1
*,1042,Y,ZZUnitStandard:ZZUnitStandard_ID:1859;ZZLearnership:ZZLearnership_ID:87;ref:ZZLkpUnitStandardType:ZZUnitStandardType:2
*,1043,Y,ZZUnitStandard:ZZUnitStandard_ID:1884;ZZLearnership:ZZLearnership_ID:87;ref:ZZLkpUnitStandardType:ZZUnitStandardType:3
*,1044,Y,ZZUnitStandard:ZZUnitStandard_ID:2146;ZZLearnership:ZZLearnership_ID:87;ref:ZZLkpUnitStandardType:ZZUnitStandardType:1
*,1045,Y,ZZUnitStandard:ZZUnitStandard_ID:2909;ZZLearnership:ZZLearnership_ID:87;ref:ZZLkpUnitStandardType:ZZUnitStandardType:3
*,1046,Y,ZZUnitStandard:ZZUnitStandard_ID:3007;ZZLearnership:ZZLearnership_ID:87;ref:ZZLkpUnitStandardType:ZZUnitStandardType:3
*,1047,Y,ZZUnitStandard:ZZUnitStandard_ID:27;ZZLearnership:ZZLearnership_ID:98;ref:ZZLkpUnitStandardType:ZZUnitStandardType:3
*,1048,Y,ZZUnitStandard:ZZUnitStandard_ID:28;ZZLearnership:ZZLearnership_ID:98;ref:ZZLkpUnitStandardType:ZZUnitStandardType:3
*,1049,Y,ZZUnitStandard:ZZUnitStandard_ID:73;ZZLearnership:ZZLearnership_ID:98;ref:ZZLkpUnitStandardType:ZZUnitStandardType:3
*,1050,Y,ZZUnitStandard:ZZUnitStandard_ID:74;ZZLearnership:ZZLearnership_ID:98;ref:ZZLkpUnitStandardType:ZZUnitStandardType:3
*,1051,Y,ZZUnitStandard:ZZUnitStandard_ID:76;ZZLearnership:ZZLearnership_ID:98;ref:ZZLkpUnitStandardType:ZZUnitStandardType:3
*,1052,Y,ZZUnitStandard:ZZUnitStandard_ID:77;ZZLearnership:ZZLearnership_ID:98;ref:ZZLkpUnitStandardType:ZZUnitStandardType:3
*,1053,Y,ZZUnitStandard:ZZUnitStandard_ID:78;ZZLearnership:ZZLearnership_ID:98;ref:ZZLkpUnitStandardType:ZZUnitStandardType:3
*,1054,Y,ZZUnitStandard:ZZUnitStandard_ID:79;ZZLearnership:ZZLearnership_ID:98;ref:ZZLkpUnitStandardType:ZZUnitStandardType:3
*,1055,Y,ZZUnitStandard:ZZUnitStandard_ID:80;ZZLearnership:ZZLearnership_ID:98;ref:ZZLkpUnitStandardType:ZZUnitStandardType:3
*,1056,Y,ZZUnitStandard:ZZUnitStandard_ID:81;ZZLearnership:ZZLearnership_ID:98;ref:ZZLkpUnitStandardType:ZZUnitStandardType:3
*,1057,Y,ZZUnitStandard:ZZUnitStandard_ID:82;ZZLearnership:ZZLearnership_ID:98;ref:ZZLkpUnitStandardType:ZZUnitStandardType:3
*,1058,Y,ZZUnitStandard:ZZUnitStandard_ID:247;ZZLearnership:ZZLearnership_ID:98;ref:ZZLkpUnitStandardType:ZZUnitStandardType:3
*,1059,Y,ZZUnitStandard:ZZUnitStandard_ID:260;ZZLearnership:ZZLearnership_ID:98;ref:ZZLkpUnitStandardType:ZZUnitStandardType:3
*,1060,Y,ZZUnitStandard:ZZUnitStandard_ID:264;ZZLearnership:ZZLearnership_ID:98;ref:ZZLkpUnitStandardType:ZZUnitStandardType:3
*,1061,Y,ZZUnitStandard:ZZUnitStandard_ID:282;ZZLearnership:ZZLearnership_ID:98;ref:ZZLkpUnitStandardType:ZZUnitStandardType:3
*,1062,Y,ZZUnitStandard:ZZUnitStandard_ID:356;ZZLearnership:ZZLearnership_ID:98;ref:ZZLkpUnitStandardType:ZZUnitStandardType:3
*,1063,Y,ZZUnitStandard:ZZUnitStandard_ID:367;ZZLearnership:ZZLearnership_ID:98;ref:ZZLkpUnitStandardType:ZZUnitStandardType:3
*,1064,Y,ZZUnitStandard:ZZUnitStandard_ID:426;ZZLearnership:ZZLearnership_ID:98;ref:ZZLkpUnitStandardType:ZZUnitStandardType:3
*,1065,Y,ZZUnitStandard:ZZUnitStandard_ID:490;ZZLearnership:ZZLearnership_ID:98;ref:ZZLkpUnitStandardType:ZZUnitStandardType:3
*,1066,Y,ZZUnitStandard:ZZUnitStandard_ID:502;ZZLearnership:ZZLearnership_ID:98;ref:ZZLkpUnitStandardType:ZZUnitStandardType:3
*,1067,Y,ZZUnitStandard:ZZUnitStandard_ID:515;ZZLearnership:ZZLearnership_ID:98;ref:ZZLkpUnitStandardType:ZZUnitStandardType:3
*,1068,Y,ZZUnitStandard:ZZUnitStandard_ID:516;ZZLearnership:ZZLearnership_ID:98;ref:ZZLkpUnitStandardType:ZZUnitStandardType:3
*,1069,Y,ZZUnitStandard:ZZUnitStandard_ID:541;ZZLearnership:ZZLearnership_ID:98;ref:ZZLkpUnitStandardType:ZZUnitStandardType:3
*,1070,Y,ZZUnitStandard:ZZUnitStandard_ID:542;ZZLearnership:ZZLearnership_ID:98;ref:ZZLkpUnitStandardType:ZZUnitStandardType:3
*,1071,Y,ZZUnitStandard:ZZUnitStandard_ID:543;ZZLearnership:ZZLearnership_ID:98;ref:ZZLkpUnitStandardType:ZZUnitStandardType:1
*,1072,Y,ZZUnitStandard:ZZUnitStandard_ID:544;ZZLearnership:ZZLearnership_ID:98;ref:ZZLkpUnitStandardType:ZZUnitStandardType:3
*,1073,Y,ZZUnitStandard:ZZUnitStandard_ID:545;ZZLearnership:ZZLearnership_ID:98;ref:ZZLkpUnitStandardType:ZZUnitStandardType:3
*,1074,Y,ZZUnitStandard:ZZUnitStandard_ID:546;ZZLearnership:ZZLearnership_ID:98;ref:ZZLkpUnitStandardType:ZZUnitStandardType:3
*,1075,Y,ZZUnitStandard:ZZUnitStandard_ID:547;ZZLearnership:ZZLearnership_ID:98;ref:ZZLkpUnitStandardType:ZZUnitStandardType:3
*,1076,Y,ZZUnitStandard:ZZUnitStandard_ID:548;ZZLearnership:ZZLearnership_ID:98;ref:ZZLkpUnitStandardType:ZZUnitStandardType:3
*,1077,Y,ZZUnitStandard:ZZUnitStandard_ID:549;ZZLearnership:ZZLearnership_ID:98;ref:ZZLkpUnitStandardType:ZZUnitStandardType:3
*,1078,Y,ZZUnitStandard:ZZUnitStandard_ID:550;ZZLearnership:ZZLearnership_ID:98;ref:ZZLkpUnitStandardType:ZZUnitStandardType:3
*,1079,Y,ZZUnitStandard:ZZUnitStandard_ID:551;ZZLearnership:ZZLearnership_ID:98;ref:ZZLkpUnitStandardType:ZZUnitStandardType:3
*,1080,Y,ZZUnitStandard:ZZUnitStandard_ID:552;ZZLearnership:ZZLearnership_ID:98;ref:ZZLkpUnitStandardType:ZZUnitStandardType:3
*,1081,Y,ZZUnitStandard:ZZUnitStandard_ID:553;ZZLearnership:ZZLearnership_ID:98;ref:ZZLkpUnitStandardType:ZZUnitStandardType:3
*,1082,Y,ZZUnitStandard:ZZUnitStandard_ID:554;ZZLearnership:ZZLearnership_ID:98;ref:ZZLkpUnitStandardType:ZZUnitStandardType:3
*,1083,Y,ZZUnitStandard:ZZUnitStandard_ID:555;ZZLearnership:ZZLearnership_ID:98;ref:ZZLkpUnitStandardType:ZZUnitStandardType:3
*,1084,Y,ZZUnitStandard:ZZUnitStandard_ID:556;ZZLearnership:ZZLearnership_ID:98;ref:ZZLkpUnitStandardType:ZZUnitStandardType:3
*,1085,Y,ZZUnitStandard:ZZUnitStandard_ID:557;ZZLearnership:ZZLearnership_ID:98;ref:ZZLkpUnitStandardType:ZZUnitStandardType:3
*,1086,Y,ZZUnitStandard:ZZUnitStandard_ID:558;ZZLearnership:ZZLearnership_ID:98;ref:ZZLkpUnitStandardType:ZZUnitStandardType:3
*,1087,Y,ZZUnitStandard:ZZUnitStandard_ID:559;ZZLearnership:ZZLearnership_ID:98;ref:ZZLkpUnitStandardType:ZZUnitStandardType:3
*,1088,Y,ZZUnitStandard:ZZUnitStandard_ID:560;ZZLearnership:ZZLearnership_ID:98;ref:ZZLkpUnitStandardType:ZZUnitStandardType:3
*,1089,Y,ZZUnitStandard:ZZUnitStandard_ID:561;ZZLearnership:ZZLearnership_ID:98;ref:ZZLkpUnitStandardType:ZZUnitStandardType:3
*,1090,Y,ZZUnitStandard:ZZUnitStandard_ID:562;ZZLearnership:ZZLearnership_ID:98;ref:ZZLkpUnitStandardType:ZZUnitStandardType:3
*,1091,Y,ZZUnitStandard:ZZUnitStandard_ID:563;ZZLearnership:ZZLearnership_ID:98;ref:ZZLkpUnitStandardType:ZZUnitStandardType:3
*,1092,Y,ZZUnitStandard:ZZUnitStandard_ID:564;ZZLearnership:ZZLearnership_ID:98;ref:ZZLkpUnitStandardType:ZZUnitStandardType:3
*,1093,Y,ZZUnitStandard:ZZUnitStandard_ID:565;ZZLearnership:ZZLearnership_ID:98;ref:ZZLkpUnitStandardType:ZZUnitStandardType:3
*,1094,Y,ZZUnitStandard:ZZUnitStandard_ID:566;ZZLearnership:ZZLearnership_ID:98;ref:ZZLkpUnitStandardType:ZZUnitStandardType:3
*,1095,Y,ZZUnitStandard:ZZUnitStandard_ID:567;ZZLearnership:ZZLearnership_ID:98;ref:ZZLkpUnitStandardType:ZZUnitStandardType:3
*,1096,Y,ZZUnitStandard:ZZUnitStandard_ID:568;ZZLearnership:ZZLearnership_ID:98;ref:ZZLkpUnitStandardType:ZZUnitStandardType:3
*,1097,Y,ZZUnitStandard:ZZUnitStandard_ID:569;ZZLearnership:ZZLearnership_ID:98;ref:ZZLkpUnitStandardType:ZZUnitStandardType:3
*,1098,Y,ZZUnitStandard:ZZUnitStandard_ID:570;ZZLearnership:ZZLearnership_ID:98;ref:ZZLkpUnitStandardType:ZZUnitStandardType:3
*,1099,Y,ZZUnitStandard:ZZUnitStandard_ID:571;ZZLearnership:ZZLearnership_ID:98;ref:ZZLkpUnitStandardType:ZZUnitStandardType:3
*,1100,Y,ZZUnitStandard:ZZUnitStandard_ID:572;ZZLearnership:ZZLearnership_ID:98;ref:ZZLkpUnitStandardType:ZZUnitStandardType:3
*,1101,Y,ZZUnitStandard:ZZUnitStandard_ID:573;ZZLearnership:ZZLearnership_ID:98;ref:ZZLkpUnitStandardType:ZZUnitStandardType:3
*,1102,Y,ZZUnitStandard:ZZUnitStandard_ID:574;ZZLearnership:ZZLearnership_ID:98;ref:ZZLkpUnitStandardType:ZZUnitStandardType:3
*,1103,Y,ZZUnitStandard:ZZUnitStandard_ID:575;ZZLearnership:ZZLearnership_ID:98;ref:ZZLkpUnitStandardType:ZZUnitStandardType:3
*,1104,Y,ZZUnitStandard:ZZUnitStandard_ID:576;ZZLearnership:ZZLearnership_ID:98;ref:ZZLkpUnitStandardType:ZZUnitStandardType:1
*,1105,Y,ZZUnitStandard:ZZUnitStandard_ID:577;ZZLearnership:ZZLearnership_ID:98;ref:ZZLkpUnitStandardType:ZZUnitStandardType:3
*,1106,Y,ZZUnitStandard:ZZUnitStandard_ID:578;ZZLearnership:ZZLearnership_ID:98;ref:ZZLkpUnitStandardType:ZZUnitStandardType:3
*,1107,Y,ZZUnitStandard:ZZUnitStandard_ID:579;ZZLearnership:ZZLearnership_ID:98;ref:ZZLkpUnitStandardType:ZZUnitStandardType:1
*,1108,Y,ZZUnitStandard:ZZUnitStandard_ID:580;ZZLearnership:ZZLearnership_ID:98;ref:ZZLkpUnitStandardType:ZZUnitStandardType:3
*,1109,Y,ZZUnitStandard:ZZUnitStandard_ID:581;ZZLearnership:ZZLearnership_ID:98;ref:ZZLkpUnitStandardType:ZZUnitStandardType:3
*,1110,Y,ZZUnitStandard:ZZUnitStandard_ID:582;ZZLearnership:ZZLearnership_ID:98;ref:ZZLkpUnitStandardType:ZZUnitStandardType:3
*,1111,Y,ZZUnitStandard:ZZUnitStandard_ID:583;ZZLearnership:ZZLearnership_ID:98;ref:ZZLkpUnitStandardType:ZZUnitStandardType:3
*,1112,Y,ZZUnitStandard:ZZUnitStandard_ID:584;ZZLearnership:ZZLearnership_ID:98;ref:ZZLkpUnitStandardType:ZZUnitStandardType:3
*,1113,Y,ZZUnitStandard:ZZUnitStandard_ID:585;ZZLearnership:ZZLearnership_ID:98;ref:ZZLkpUnitStandardType:ZZUnitStandardType:3
*,1114,Y,ZZUnitStandard:ZZUnitStandard_ID:631;ZZLearnership:ZZLearnership_ID:98;ref:ZZLkpUnitStandardType:ZZUnitStandardType:3
*,1115,Y,ZZUnitStandard:ZZUnitStandard_ID:634;ZZLearnership:ZZLearnership_ID:98;ref:ZZLkpUnitStandardType:ZZUnitStandardType:3
*,1116,Y,ZZUnitStandard:ZZUnitStandard_ID:635;ZZLearnership:ZZLearnership_ID:98;ref:ZZLkpUnitStandardType:ZZUnitStandardType:1
*,1117,Y,ZZUnitStandard:ZZUnitStandard_ID:637;ZZLearnership:ZZLearnership_ID:98;ref:ZZLkpUnitStandardType:ZZUnitStandardType:1
*,1118,Y,ZZUnitStandard:ZZUnitStandard_ID:654;ZZLearnership:ZZLearnership_ID:98;ref:ZZLkpUnitStandardType:ZZUnitStandardType:3
*,1119,Y,ZZUnitStandard:ZZUnitStandard_ID:659;ZZLearnership:ZZLearnership_ID:98;ref:ZZLkpUnitStandardType:ZZUnitStandardType:3
*,1120,Y,ZZUnitStandard:ZZUnitStandard_ID:703;ZZLearnership:ZZLearnership_ID:98;ref:ZZLkpUnitStandardType:ZZUnitStandardType:3
*,1121,Y,ZZUnitStandard:ZZUnitStandard_ID:704;ZZLearnership:ZZLearnership_ID:98;ref:ZZLkpUnitStandardType:ZZUnitStandardType:3
*,1122,Y,ZZUnitStandard:ZZUnitStandard_ID:705;ZZLearnership:ZZLearnership_ID:98;ref:ZZLkpUnitStandardType:ZZUnitStandardType:3
*,1123,Y,ZZUnitStandard:ZZUnitStandard_ID:706;ZZLearnership:ZZLearnership_ID:98;ref:ZZLkpUnitStandardType:ZZUnitStandardType:3
*,1124,Y,ZZUnitStandard:ZZUnitStandard_ID:744;ZZLearnership:ZZLearnership_ID:98;ref:ZZLkpUnitStandardType:ZZUnitStandardType:1
*,1125,Y,ZZUnitStandard:ZZUnitStandard_ID:745;ZZLearnership:ZZLearnership_ID:98;ref:ZZLkpUnitStandardType:ZZUnitStandardType:3
*,1126,Y,ZZUnitStandard:ZZUnitStandard_ID:746;ZZLearnership:ZZLearnership_ID:98;ref:ZZLkpUnitStandardType:ZZUnitStandardType:1
*,1127,Y,ZZUnitStandard:ZZUnitStandard_ID:770;ZZLearnership:ZZLearnership_ID:98;ref:ZZLkpUnitStandardType:ZZUnitStandardType:1
*,1128,Y,ZZUnitStandard:ZZUnitStandard_ID:784;ZZLearnership:ZZLearnership_ID:98;ref:ZZLkpUnitStandardType:ZZUnitStandardType:3
*,1129,Y,ZZUnitStandard:ZZUnitStandard_ID:918;ZZLearnership:ZZLearnership_ID:98;ref:ZZLkpUnitStandardType:ZZUnitStandardType:3
*,1130,Y,ZZUnitStandard:ZZUnitStandard_ID:919;ZZLearnership:ZZLearnership_ID:98;ref:ZZLkpUnitStandardType:ZZUnitStandardType:3
*,1131,Y,ZZUnitStandard:ZZUnitStandard_ID:920;ZZLearnership:ZZLearnership_ID:98;ref:ZZLkpUnitStandardType:ZZUnitStandardType:1
*,1132,Y,ZZUnitStandard:ZZUnitStandard_ID:940;ZZLearnership:ZZLearnership_ID:98;ref:ZZLkpUnitStandardType:ZZUnitStandardType:3
*,1133,Y,ZZUnitStandard:ZZUnitStandard_ID:945;ZZLearnership:ZZLearnership_ID:98;ref:ZZLkpUnitStandardType:ZZUnitStandardType:3
*,1134,Y,ZZUnitStandard:ZZUnitStandard_ID:965;ZZLearnership:ZZLearnership_ID:98;ref:ZZLkpUnitStandardType:ZZUnitStandardType:3
*,1135,Y,ZZUnitStandard:ZZUnitStandard_ID:969;ZZLearnership:ZZLearnership_ID:98;ref:ZZLkpUnitStandardType:ZZUnitStandardType:3
*,1136,Y,ZZUnitStandard:ZZUnitStandard_ID:970;ZZLearnership:ZZLearnership_ID:98;ref:ZZLkpUnitStandardType:ZZUnitStandardType:3
*,1137,Y,ZZUnitStandard:ZZUnitStandard_ID:973;ZZLearnership:ZZLearnership_ID:98;ref:ZZLkpUnitStandardType:ZZUnitStandardType:1
*,1138,Y,ZZUnitStandard:ZZUnitStandard_ID:980;ZZLearnership:ZZLearnership_ID:98;ref:ZZLkpUnitStandardType:ZZUnitStandardType:3
*,1139,Y,ZZUnitStandard:ZZUnitStandard_ID:985;ZZLearnership:ZZLearnership_ID:98;ref:ZZLkpUnitStandardType:ZZUnitStandardType:3
*,1140,Y,ZZUnitStandard:ZZUnitStandard_ID:1158;ZZLearnership:ZZLearnership_ID:98;ref:ZZLkpUnitStandardType:ZZUnitStandardType:2
*,1141,Y,ZZUnitStandard:ZZUnitStandard_ID:1159;ZZLearnership:ZZLearnership_ID:98;ref:ZZLkpUnitStandardType:ZZUnitStandardType:2
*,1142,Y,ZZUnitStandard:ZZUnitStandard_ID:1160;ZZLearnership:ZZLearnership_ID:98;ref:ZZLkpUnitStandardType:ZZUnitStandardType:2
*,1143,Y,ZZUnitStandard:ZZUnitStandard_ID:1299;ZZLearnership:ZZLearnership_ID:98;ref:ZZLkpUnitStandardType:ZZUnitStandardType:3
*,1144,Y,ZZUnitStandard:ZZUnitStandard_ID:1300;ZZLearnership:ZZLearnership_ID:98;ref:ZZLkpUnitStandardType:ZZUnitStandardType:1
*,1145,Y,ZZUnitStandard:ZZUnitStandard_ID:1301;ZZLearnership:ZZLearnership_ID:98;ref:ZZLkpUnitStandardType:ZZUnitStandardType:1
*,1146,Y,ZZUnitStandard:ZZUnitStandard_ID:1302;ZZLearnership:ZZLearnership_ID:98;ref:ZZLkpUnitStandardType:ZZUnitStandardType:3
*,1147,Y,ZZUnitStandard:ZZUnitStandard_ID:1311;ZZLearnership:ZZLearnership_ID:98;ref:ZZLkpUnitStandardType:ZZUnitStandardType:3
*,1148,Y,ZZUnitStandard:ZZUnitStandard_ID:1648;ZZLearnership:ZZLearnership_ID:98;ref:ZZLkpUnitStandardType:ZZUnitStandardType:2
*,1149,Y,ZZUnitStandard:ZZUnitStandard_ID:1649;ZZLearnership:ZZLearnership_ID:98;ref:ZZLkpUnitStandardType:ZZUnitStandardType:2
*,1150,Y,ZZUnitStandard:ZZUnitStandard_ID:1651;ZZLearnership:ZZLearnership_ID:98;ref:ZZLkpUnitStandardType:ZZUnitStandardType:2
*,1151,Y,ZZUnitStandard:ZZUnitStandard_ID:1653;ZZLearnership:ZZLearnership_ID:98;ref:ZZLkpUnitStandardType:ZZUnitStandardType:2
*,1152,Y,ZZUnitStandard:ZZUnitStandard_ID:1655;ZZLearnership:ZZLearnership_ID:98;ref:ZZLkpUnitStandardType:ZZUnitStandardType:2
*,1153,Y,ZZUnitStandard:ZZUnitStandard_ID:1657;ZZLearnership:ZZLearnership_ID:98;ref:ZZLkpUnitStandardType:ZZUnitStandardType:2
*,1154,Y,ZZUnitStandard:ZZUnitStandard_ID:1659;ZZLearnership:ZZLearnership_ID:98;ref:ZZLkpUnitStandardType:ZZUnitStandardType:2
*,1155,Y,ZZUnitStandard:ZZUnitStandard_ID:1660;ZZLearnership:ZZLearnership_ID:98;ref:ZZLkpUnitStandardType:ZZUnitStandardType:2
*,1156,Y,ZZUnitStandard:ZZUnitStandard_ID:1661;ZZLearnership:ZZLearnership_ID:98;ref:ZZLkpUnitStandardType:ZZUnitStandardType:2
*,1157,Y,ZZUnitStandard:ZZUnitStandard_ID:1662;ZZLearnership:ZZLearnership_ID:98;ref:ZZLkpUnitStandardType:ZZUnitStandardType:2
*,1158,Y,ZZUnitStandard:ZZUnitStandard_ID:1663;ZZLearnership:ZZLearnership_ID:98;ref:ZZLkpUnitStandardType:ZZUnitStandardType:2
*,1159,Y,ZZUnitStandard:ZZUnitStandard_ID:1665;ZZLearnership:ZZLearnership_ID:98;ref:ZZLkpUnitStandardType:ZZUnitStandardType:2
*,1160,Y,ZZUnitStandard:ZZUnitStandard_ID:1666;ZZLearnership:ZZLearnership_ID:98;ref:ZZLkpUnitStandardType:ZZUnitStandardType:2
*,1161,Y,ZZUnitStandard:ZZUnitStandard_ID:2025;ZZLearnership:ZZLearnership_ID:98;ref:ZZLkpUnitStandardType:ZZUnitStandardType:3
*,1162,Y,ZZUnitStandard:ZZUnitStandard_ID:2042;ZZLearnership:ZZLearnership_ID:98;ref:ZZLkpUnitStandardType:ZZUnitStandardType:3
*,1163,Y,ZZUnitStandard:ZZUnitStandard_ID:2045;ZZLearnership:ZZLearnership_ID:98;ref:ZZLkpUnitStandardType:ZZUnitStandardType:3
*,1164,Y,ZZUnitStandard:ZZUnitStandard_ID:2099;ZZLearnership:ZZLearnership_ID:98;ref:ZZLkpUnitStandardType:ZZUnitStandardType:3
*,1165,Y,ZZUnitStandard:ZZUnitStandard_ID:2156;ZZLearnership:ZZLearnership_ID:98;ref:ZZLkpUnitStandardType:ZZUnitStandardType:3
*,1166,Y,ZZUnitStandard:ZZUnitStandard_ID:2632;ZZLearnership:ZZLearnership_ID:98;ref:ZZLkpUnitStandardType:ZZUnitStandardType:1
*,1167,Y,ZZUnitStandard:ZZUnitStandard_ID:219;ZZLearnership:ZZLearnership_ID:99;ref:ZZLkpUnitStandardType:ZZUnitStandardType:1
*,1168,Y,ZZUnitStandard:ZZUnitStandard_ID:222;ZZLearnership:ZZLearnership_ID:99;ref:ZZLkpUnitStandardType:ZZUnitStandardType:1
*,1169,Y,ZZUnitStandard:ZZUnitStandard_ID:223;ZZLearnership:ZZLearnership_ID:99;ref:ZZLkpUnitStandardType:ZZUnitStandardType:3
*,1170,Y,ZZUnitStandard:ZZUnitStandard_ID:230;ZZLearnership:ZZLearnership_ID:99;ref:ZZLkpUnitStandardType:ZZUnitStandardType:3
*,1171,Y,ZZUnitStandard:ZZUnitStandard_ID:957;ZZLearnership:ZZLearnership_ID:99;ref:ZZLkpUnitStandardType:ZZUnitStandardType:3
*,1172,Y,ZZUnitStandard:ZZUnitStandard_ID:1189;ZZLearnership:ZZLearnership_ID:99;ref:ZZLkpUnitStandardType:ZZUnitStandardType:2
*,1173,Y,ZZUnitStandard:ZZUnitStandard_ID:1197;ZZLearnership:ZZLearnership_ID:99;ref:ZZLkpUnitStandardType:ZZUnitStandardType:2
*,1174,Y,ZZUnitStandard:ZZUnitStandard_ID:1198;ZZLearnership:ZZLearnership_ID:99;ref:ZZLkpUnitStandardType:ZZUnitStandardType:2
*,1175,Y,ZZUnitStandard:ZZUnitStandard_ID:1338;ZZLearnership:ZZLearnership_ID:99;ref:ZZLkpUnitStandardType:ZZUnitStandardType:3
*,1176,Y,ZZUnitStandard:ZZUnitStandard_ID:1803;ZZLearnership:ZZLearnership_ID:99;ref:ZZLkpUnitStandardType:ZZUnitStandardType:3
*,1177,Y,ZZUnitStandard:ZZUnitStandard_ID:2187;ZZLearnership:ZZLearnership_ID:99;ref:ZZLkpUnitStandardType:ZZUnitStandardType:1
*,1178,Y,ZZUnitStandard:ZZUnitStandard_ID:2201;ZZLearnership:ZZLearnership_ID:99;ref:ZZLkpUnitStandardType:ZZUnitStandardType:2
*,1179,Y,ZZUnitStandard:ZZUnitStandard_ID:2202;ZZLearnership:ZZLearnership_ID:99;ref:ZZLkpUnitStandardType:ZZUnitStandardType:2
*,1180,Y,ZZUnitStandard:ZZUnitStandard_ID:2204;ZZLearnership:ZZLearnership_ID:99;ref:ZZLkpUnitStandardType:ZZUnitStandardType:1
*,1181,Y,ZZUnitStandard:ZZUnitStandard_ID:2205;ZZLearnership:ZZLearnership_ID:99;ref:ZZLkpUnitStandardType:ZZUnitStandardType:3
*,1182,Y,ZZUnitStandard:ZZUnitStandard_ID:2206;ZZLearnership:ZZLearnership_ID:99;ref:ZZLkpUnitStandardType:ZZUnitStandardType:3
*,1183,Y,ZZUnitStandard:ZZUnitStandard_ID:2207;ZZLearnership:ZZLearnership_ID:99;ref:ZZLkpUnitStandardType:ZZUnitStandardType:3
*,1184,Y,ZZUnitStandard:ZZUnitStandard_ID:2208;ZZLearnership:ZZLearnership_ID:99;ref:ZZLkpUnitStandardType:ZZUnitStandardType:3
*,1185,Y,ZZUnitStandard:ZZUnitStandard_ID:2209;ZZLearnership:ZZLearnership_ID:99;ref:ZZLkpUnitStandardType:ZZUnitStandardType:3
*,1186,Y,ZZUnitStandard:ZZUnitStandard_ID:2210;ZZLearnership:ZZLearnership_ID:99;ref:ZZLkpUnitStandardType:ZZUnitStandardType:3
*,1187,Y,ZZUnitStandard:ZZUnitStandard_ID:2214;ZZLearnership:ZZLearnership_ID:99;ref:ZZLkpUnitStandardType:ZZUnitStandardType:2
*,1188,Y,ZZUnitStandard:ZZUnitStandard_ID:2215;ZZLearnership:ZZLearnership_ID:99;ref:ZZLkpUnitStandardType:ZZUnitStandardType:2
*,1189,Y,ZZUnitStandard:ZZUnitStandard_ID:2217;ZZLearnership:ZZLearnership_ID:99;ref:ZZLkpUnitStandardType:ZZUnitStandardType:2
*,1190,Y,ZZUnitStandard:ZZUnitStandard_ID:2218;ZZLearnership:ZZLearnership_ID:99;ref:ZZLkpUnitStandardType:ZZUnitStandardType:2
*,1191,Y,ZZUnitStandard:ZZUnitStandard_ID:2219;ZZLearnership:ZZLearnership_ID:99;ref:ZZLkpUnitStandardType:ZZUnitStandardType:2
*,1192,Y,ZZUnitStandard:ZZUnitStandard_ID:2406;ZZLearnership:ZZLearnership_ID:99;ref:ZZLkpUnitStandardType:ZZUnitStandardType:2
*,1193,Y,ZZUnitStandard:ZZUnitStandard_ID:25;ZZLearnership:ZZLearnership_ID:106;ref:ZZLkpUnitStandardType:ZZUnitStandardType:3
*,1194,Y,ZZUnitStandard:ZZUnitStandard_ID:88;ZZLearnership:ZZLearnership_ID:106;ref:ZZLkpUnitStandardType:ZZUnitStandardType:3
*,1195,Y,ZZUnitStandard:ZZUnitStandard_ID:355;ZZLearnership:ZZLearnership_ID:106;ref:ZZLkpUnitStandardType:ZZUnitStandardType:3
*,1196,Y,ZZUnitStandard:ZZUnitStandard_ID:655;ZZLearnership:ZZLearnership_ID:106;ref:ZZLkpUnitStandardType:ZZUnitStandardType:3
*,1197,Y,ZZUnitStandard:ZZUnitStandard_ID:695;ZZLearnership:ZZLearnership_ID:106;ref:ZZLkpUnitStandardType:ZZUnitStandardType:1
*,1198,Y,ZZUnitStandard:ZZUnitStandard_ID:784;ZZLearnership:ZZLearnership_ID:106;ref:ZZLkpUnitStandardType:ZZUnitStandardType:3
*,1199,Y,ZZUnitStandard:ZZUnitStandard_ID:822;ZZLearnership:ZZLearnership_ID:106;ref:ZZLkpUnitStandardType:ZZUnitStandardType:3
*,1200,Y,ZZUnitStandard:ZZUnitStandard_ID:904;ZZLearnership:ZZLearnership_ID:106;ref:ZZLkpUnitStandardType:ZZUnitStandardType:3
*,1201,Y,ZZUnitStandard:ZZUnitStandard_ID:920;ZZLearnership:ZZLearnership_ID:106;ref:ZZLkpUnitStandardType:ZZUnitStandardType:1
*,1202,Y,ZZUnitStandard:ZZUnitStandard_ID:939;ZZLearnership:ZZLearnership_ID:106;ref:ZZLkpUnitStandardType:ZZUnitStandardType:3
*,1203,Y,ZZUnitStandard:ZZUnitStandard_ID:941;ZZLearnership:ZZLearnership_ID:106;ref:ZZLkpUnitStandardType:ZZUnitStandardType:1
*,1204,Y,ZZUnitStandard:ZZUnitStandard_ID:945;ZZLearnership:ZZLearnership_ID:106;ref:ZZLkpUnitStandardType:ZZUnitStandardType:3
*,1205,Y,ZZUnitStandard:ZZUnitStandard_ID:946;ZZLearnership:ZZLearnership_ID:106;ref:ZZLkpUnitStandardType:ZZUnitStandardType:1
*,1206,Y,ZZUnitStandard:ZZUnitStandard_ID:949;ZZLearnership:ZZLearnership_ID:106;ref:ZZLkpUnitStandardType:ZZUnitStandardType:3
*,1207,Y,ZZUnitStandard:ZZUnitStandard_ID:951;ZZLearnership:ZZLearnership_ID:106;ref:ZZLkpUnitStandardType:ZZUnitStandardType:1
*,1208,Y,ZZUnitStandard:ZZUnitStandard_ID:958;ZZLearnership:ZZLearnership_ID:106;ref:ZZLkpUnitStandardType:ZZUnitStandardType:1
*,1209,Y,ZZUnitStandard:ZZUnitStandard_ID:988;ZZLearnership:ZZLearnership_ID:106;ref:ZZLkpUnitStandardType:ZZUnitStandardType:1
*,1210,Y,ZZUnitStandard:ZZUnitStandard_ID:996;ZZLearnership:ZZLearnership_ID:106;ref:ZZLkpUnitStandardType:ZZUnitStandardType:3
*,1211,Y,ZZUnitStandard:ZZUnitStandard_ID:1034;ZZLearnership:ZZLearnership_ID:106;ref:ZZLkpUnitStandardType:ZZUnitStandardType:3
*,1212,Y,ZZUnitStandard:ZZUnitStandard_ID:1143;ZZLearnership:ZZLearnership_ID:106;ref:ZZLkpUnitStandardType:ZZUnitStandardType:1
*,1213,Y,ZZUnitStandard:ZZUnitStandard_ID:1185;ZZLearnership:ZZLearnership_ID:106;ref:ZZLkpUnitStandardType:ZZUnitStandardType:2
*,1214,Y,ZZUnitStandard:ZZUnitStandard_ID:1186;ZZLearnership:ZZLearnership_ID:106;ref:ZZLkpUnitStandardType:ZZUnitStandardType:2
*,1215,Y,ZZUnitStandard:ZZUnitStandard_ID:1194;ZZLearnership:ZZLearnership_ID:106;ref:ZZLkpUnitStandardType:ZZUnitStandardType:2
*,1216,Y,ZZUnitStandard:ZZUnitStandard_ID:1241;ZZLearnership:ZZLearnership_ID:106;ref:ZZLkpUnitStandardType:ZZUnitStandardType:1
*,1217,Y,ZZUnitStandard:ZZUnitStandard_ID:1242;ZZLearnership:ZZLearnership_ID:106;ref:ZZLkpUnitStandardType:ZZUnitStandardType:1
*,1218,Y,ZZUnitStandard:ZZUnitStandard_ID:1243;ZZLearnership:ZZLearnership_ID:106;ref:ZZLkpUnitStandardType:ZZUnitStandardType:3
*,1219,Y,ZZUnitStandard:ZZUnitStandard_ID:1246;ZZLearnership:ZZLearnership_ID:106;ref:ZZLkpUnitStandardType:ZZUnitStandardType:1
*,1220,Y,ZZUnitStandard:ZZUnitStandard_ID:1247;ZZLearnership:ZZLearnership_ID:106;ref:ZZLkpUnitStandardType:ZZUnitStandardType:1
*,1221,Y,ZZUnitStandard:ZZUnitStandard_ID:1248;ZZLearnership:ZZLearnership_ID:106;ref:ZZLkpUnitStandardType:ZZUnitStandardType:1
*,1222,Y,ZZUnitStandard:ZZUnitStandard_ID:1249;ZZLearnership:ZZLearnership_ID:106;ref:ZZLkpUnitStandardType:ZZUnitStandardType:1
*,1223,Y,ZZUnitStandard:ZZUnitStandard_ID:1250;ZZLearnership:ZZLearnership_ID:106;ref:ZZLkpUnitStandardType:ZZUnitStandardType:1
*,1224,Y,ZZUnitStandard:ZZUnitStandard_ID:1252;ZZLearnership:ZZLearnership_ID:106;ref:ZZLkpUnitStandardType:ZZUnitStandardType:1
*,1225,Y,ZZUnitStandard:ZZUnitStandard_ID:1255;ZZLearnership:ZZLearnership_ID:106;ref:ZZLkpUnitStandardType:ZZUnitStandardType:3
*,1226,Y,ZZUnitStandard:ZZUnitStandard_ID:1272;ZZLearnership:ZZLearnership_ID:106;ref:ZZLkpUnitStandardType:ZZUnitStandardType:3
*,1227,Y,ZZUnitStandard:ZZUnitStandard_ID:1514;ZZLearnership:ZZLearnership_ID:106;ref:ZZLkpUnitStandardType:ZZUnitStandardType:2
*,1228,Y,ZZUnitStandard:ZZUnitStandard_ID:1516;ZZLearnership:ZZLearnership_ID:106;ref:ZZLkpUnitStandardType:ZZUnitStandardType:2
*,1229,Y,ZZUnitStandard:ZZUnitStandard_ID:1543;ZZLearnership:ZZLearnership_ID:106;ref:ZZLkpUnitStandardType:ZZUnitStandardType:3
*,1230,Y,ZZUnitStandard:ZZUnitStandard_ID:1949;ZZLearnership:ZZLearnership_ID:106;ref:ZZLkpUnitStandardType:ZZUnitStandardType:1
*,1231,Y,ZZUnitStandard:ZZUnitStandard_ID:2150;ZZLearnership:ZZLearnership_ID:106;ref:ZZLkpUnitStandardType:ZZUnitStandardType:1
*,1232,Y,ZZUnitStandard:ZZUnitStandard_ID:2190;ZZLearnership:ZZLearnership_ID:106;ref:ZZLkpUnitStandardType:ZZUnitStandardType:3
*,1233,Y,ZZUnitStandard:ZZUnitStandard_ID:2220;ZZLearnership:ZZLearnership_ID:106;ref:ZZLkpUnitStandardType:ZZUnitStandardType:3
*,1234,Y,ZZUnitStandard:ZZUnitStandard_ID:2222;ZZLearnership:ZZLearnership_ID:106;ref:ZZLkpUnitStandardType:ZZUnitStandardType:3
*,1235,Y,ZZUnitStandard:ZZUnitStandard_ID:2263;ZZLearnership:ZZLearnership_ID:106;ref:ZZLkpUnitStandardType:ZZUnitStandardType:3
*,1236,Y,ZZUnitStandard:ZZUnitStandard_ID:2340;ZZLearnership:ZZLearnership_ID:106;ref:ZZLkpUnitStandardType:ZZUnitStandardType:2
*,1237,Y,ZZUnitStandard:ZZUnitStandard_ID:2407;ZZLearnership:ZZLearnership_ID:106;ref:ZZLkpUnitStandardType:ZZUnitStandardType:3
*,1238,Y,ZZUnitStandard:ZZUnitStandard_ID:2408;ZZLearnership:ZZLearnership_ID:106;ref:ZZLkpUnitStandardType:ZZUnitStandardType:3
*,1239,Y,ZZUnitStandard:ZZUnitStandard_ID:2450;ZZLearnership:ZZLearnership_ID:106;ref:ZZLkpUnitStandardType:ZZUnitStandardType:2
*,1240,Y,ZZUnitStandard:ZZUnitStandard_ID:2452;ZZLearnership:ZZLearnership_ID:106;ref:ZZLkpUnitStandardType:ZZUnitStandardType:2
*,1241,Y,ZZUnitStandard:ZZUnitStandard_ID:2453;ZZLearnership:ZZLearnership_ID:106;ref:ZZLkpUnitStandardType:ZZUnitStandardType:2
*,1242,Y,ZZUnitStandard:ZZUnitStandard_ID:2614;ZZLearnership:ZZLearnership_ID:106;ref:ZZLkpUnitStandardType:ZZUnitStandardType:1
*,1243,Y,ZZUnitStandard:ZZUnitStandard_ID:2615;ZZLearnership:ZZLearnership_ID:106;ref:ZZLkpUnitStandardType:ZZUnitStandardType:1
*,1244,Y,ZZUnitStandard:ZZUnitStandard_ID:2616;ZZLearnership:ZZLearnership_ID:106;ref:ZZLkpUnitStandardType:ZZUnitStandardType:1
*,1245,Y,ZZUnitStandard:ZZUnitStandard_ID:2617;ZZLearnership:ZZLearnership_ID:106;ref:ZZLkpUnitStandardType:ZZUnitStandardType:1
*,1246,Y,ZZUnitStandard:ZZUnitStandard_ID:2618;ZZLearnership:ZZLearnership_ID:106;ref:ZZLkpUnitStandardType:ZZUnitStandardType:3
*,1247,Y,ZZUnitStandard:ZZUnitStandard_ID:2619;ZZLearnership:ZZLearnership_ID:106;ref:ZZLkpUnitStandardType:ZZUnitStandardType:3
*,1248,Y,ZZUnitStandard:ZZUnitStandard_ID:2620;ZZLearnership:ZZLearnership_ID:106;ref:ZZLkpUnitStandardType:ZZUnitStandardType:3
*,1249,Y,ZZUnitStandard:ZZUnitStandard_ID:2621;ZZLearnership:ZZLearnership_ID:106;ref:ZZLkpUnitStandardType:ZZUnitStandardType:3
*,1250,Y,ZZUnitStandard:ZZUnitStandard_ID:2622;ZZLearnership:ZZLearnership_ID:106;ref:ZZLkpUnitStandardType:ZZUnitStandardType:3
*,1251,Y,ZZUnitStandard:ZZUnitStandard_ID:2623;ZZLearnership:ZZLearnership_ID:106;ref:ZZLkpUnitStandardType:ZZUnitStandardType:3
*,1252,Y,ZZUnitStandard:ZZUnitStandard_ID:25;ZZLearnership:ZZLearnership_ID:107;ref:ZZLkpUnitStandardType:ZZUnitStandardType:3
*,1253,Y,ZZUnitStandard:ZZUnitStandard_ID:70;ZZLearnership:ZZLearnership_ID:107;ref:ZZLkpUnitStandardType:ZZUnitStandardType:1
*,1254,Y,ZZUnitStandard:ZZUnitStandard_ID:88;ZZLearnership:ZZLearnership_ID:107;ref:ZZLkpUnitStandardType:ZZUnitStandardType:3
*,1255,Y,ZZUnitStandard:ZZUnitStandard_ID:355;ZZLearnership:ZZLearnership_ID:107;ref:ZZLkpUnitStandardType:ZZUnitStandardType:3
*,1256,Y,ZZUnitStandard:ZZUnitStandard_ID:655;ZZLearnership:ZZLearnership_ID:107;ref:ZZLkpUnitStandardType:ZZUnitStandardType:3
*,1257,Y,ZZUnitStandard:ZZUnitStandard_ID:695;ZZLearnership:ZZLearnership_ID:107;ref:ZZLkpUnitStandardType:ZZUnitStandardType:1
*,1258,Y,ZZUnitStandard:ZZUnitStandard_ID:784;ZZLearnership:ZZLearnership_ID:107;ref:ZZLkpUnitStandardType:ZZUnitStandardType:3
*,1259,Y,ZZUnitStandard:ZZUnitStandard_ID:822;ZZLearnership:ZZLearnership_ID:107;ref:ZZLkpUnitStandardType:ZZUnitStandardType:3
*,1260,Y,ZZUnitStandard:ZZUnitStandard_ID:903;ZZLearnership:ZZLearnership_ID:107;ref:ZZLkpUnitStandardType:ZZUnitStandardType:3
*,1261,Y,ZZUnitStandard:ZZUnitStandard_ID:904;ZZLearnership:ZZLearnership_ID:107;ref:ZZLkpUnitStandardType:ZZUnitStandardType:3
*,1262,Y,ZZUnitStandard:ZZUnitStandard_ID:920;ZZLearnership:ZZLearnership_ID:107;ref:ZZLkpUnitStandardType:ZZUnitStandardType:1
*,1263,Y,ZZUnitStandard:ZZUnitStandard_ID:936;ZZLearnership:ZZLearnership_ID:107;ref:ZZLkpUnitStandardType:ZZUnitStandardType:1
*,1264,Y,ZZUnitStandard:ZZUnitStandard_ID:939;ZZLearnership:ZZLearnership_ID:107;ref:ZZLkpUnitStandardType:ZZUnitStandardType:3
*,1265,Y,ZZUnitStandard:ZZUnitStandard_ID:941;ZZLearnership:ZZLearnership_ID:107;ref:ZZLkpUnitStandardType:ZZUnitStandardType:1
*,1266,Y,ZZUnitStandard:ZZUnitStandard_ID:945;ZZLearnership:ZZLearnership_ID:107;ref:ZZLkpUnitStandardType:ZZUnitStandardType:3
*,1267,Y,ZZUnitStandard:ZZUnitStandard_ID:946;ZZLearnership:ZZLearnership_ID:107;ref:ZZLkpUnitStandardType:ZZUnitStandardType:1
*,1268,Y,ZZUnitStandard:ZZUnitStandard_ID:949;ZZLearnership:ZZLearnership_ID:107;ref:ZZLkpUnitStandardType:ZZUnitStandardType:3
*,1269,Y,ZZUnitStandard:ZZUnitStandard_ID:951;ZZLearnership:ZZLearnership_ID:107;ref:ZZLkpUnitStandardType:ZZUnitStandardType:1
*,1270,Y,ZZUnitStandard:ZZUnitStandard_ID:958;ZZLearnership:ZZLearnership_ID:107;ref:ZZLkpUnitStandardType:ZZUnitStandardType:1
*,1271,Y,ZZUnitStandard:ZZUnitStandard_ID:988;ZZLearnership:ZZLearnership_ID:107;ref:ZZLkpUnitStandardType:ZZUnitStandardType:1
*,1272,Y,ZZUnitStandard:ZZUnitStandard_ID:996;ZZLearnership:ZZLearnership_ID:107;ref:ZZLkpUnitStandardType:ZZUnitStandardType:3
*,1273,Y,ZZUnitStandard:ZZUnitStandard_ID:1034;ZZLearnership:ZZLearnership_ID:107;ref:ZZLkpUnitStandardType:ZZUnitStandardType:3
*,1274,Y,ZZUnitStandard:ZZUnitStandard_ID:1143;ZZLearnership:ZZLearnership_ID:107;ref:ZZLkpUnitStandardType:ZZUnitStandardType:1
*,1275,Y,ZZUnitStandard:ZZUnitStandard_ID:1185;ZZLearnership:ZZLearnership_ID:107;ref:ZZLkpUnitStandardType:ZZUnitStandardType:2
*,1276,Y,ZZUnitStandard:ZZUnitStandard_ID:1186;ZZLearnership:ZZLearnership_ID:107;ref:ZZLkpUnitStandardType:ZZUnitStandardType:2
*,1277,Y,ZZUnitStandard:ZZUnitStandard_ID:1188;ZZLearnership:ZZLearnership_ID:107;ref:ZZLkpUnitStandardType:ZZUnitStandardType:2
*,1278,Y,ZZUnitStandard:ZZUnitStandard_ID:1190;ZZLearnership:ZZLearnership_ID:107;ref:ZZLkpUnitStandardType:ZZUnitStandardType:2
*,1279,Y,ZZUnitStandard:ZZUnitStandard_ID:1194;ZZLearnership:ZZLearnership_ID:107;ref:ZZLkpUnitStandardType:ZZUnitStandardType:2
*,1280,Y,ZZUnitStandard:ZZUnitStandard_ID:1196;ZZLearnership:ZZLearnership_ID:107;ref:ZZLkpUnitStandardType:ZZUnitStandardType:2
*,1281,Y,ZZUnitStandard:ZZUnitStandard_ID:1241;ZZLearnership:ZZLearnership_ID:107;ref:ZZLkpUnitStandardType:ZZUnitStandardType:1
*,1282,Y,ZZUnitStandard:ZZUnitStandard_ID:1242;ZZLearnership:ZZLearnership_ID:107;ref:ZZLkpUnitStandardType:ZZUnitStandardType:1
*,1283,Y,ZZUnitStandard:ZZUnitStandard_ID:1243;ZZLearnership:ZZLearnership_ID:107;ref:ZZLkpUnitStandardType:ZZUnitStandardType:3
*,1284,Y,ZZUnitStandard:ZZUnitStandard_ID:1246;ZZLearnership:ZZLearnership_ID:107;ref:ZZLkpUnitStandardType:ZZUnitStandardType:1
*,1285,Y,ZZUnitStandard:ZZUnitStandard_ID:1247;ZZLearnership:ZZLearnership_ID:107;ref:ZZLkpUnitStandardType:ZZUnitStandardType:1
*,1286,Y,ZZUnitStandard:ZZUnitStandard_ID:1248;ZZLearnership:ZZLearnership_ID:107;ref:ZZLkpUnitStandardType:ZZUnitStandardType:1
*,1287,Y,ZZUnitStandard:ZZUnitStandard_ID:1249;ZZLearnership:ZZLearnership_ID:107;ref:ZZLkpUnitStandardType:ZZUnitStandardType:1
*,1288,Y,ZZUnitStandard:ZZUnitStandard_ID:1250;ZZLearnership:ZZLearnership_ID:107;ref:ZZLkpUnitStandardType:ZZUnitStandardType:1
*,1289,Y,ZZUnitStandard:ZZUnitStandard_ID:1252;ZZLearnership:ZZLearnership_ID:107;ref:ZZLkpUnitStandardType:ZZUnitStandardType:1
*,1290,Y,ZZUnitStandard:ZZUnitStandard_ID:1255;ZZLearnership:ZZLearnership_ID:107;ref:ZZLkpUnitStandardType:ZZUnitStandardType:3
*,1291,Y,ZZUnitStandard:ZZUnitStandard_ID:1272;ZZLearnership:ZZLearnership_ID:107;ref:ZZLkpUnitStandardType:ZZUnitStandardType:3
*,1292,Y,ZZUnitStandard:ZZUnitStandard_ID:1514;ZZLearnership:ZZLearnership_ID:107;ref:ZZLkpUnitStandardType:ZZUnitStandardType:2
*,1293,Y,ZZUnitStandard:ZZUnitStandard_ID:1516;ZZLearnership:ZZLearnership_ID:107;ref:ZZLkpUnitStandardType:ZZUnitStandardType:2
*,1294,Y,ZZUnitStandard:ZZUnitStandard_ID:1518;ZZLearnership:ZZLearnership_ID:107;ref:ZZLkpUnitStandardType:ZZUnitStandardType:2
*,1295,Y,ZZUnitStandard:ZZUnitStandard_ID:1543;ZZLearnership:ZZLearnership_ID:107;ref:ZZLkpUnitStandardType:ZZUnitStandardType:3
*,1296,Y,ZZUnitStandard:ZZUnitStandard_ID:1949;ZZLearnership:ZZLearnership_ID:107;ref:ZZLkpUnitStandardType:ZZUnitStandardType:1
*,1297,Y,ZZUnitStandard:ZZUnitStandard_ID:1950;ZZLearnership:ZZLearnership_ID:107;ref:ZZLkpUnitStandardType:ZZUnitStandardType:3
*,1298,Y,ZZUnitStandard:ZZUnitStandard_ID:2150;ZZLearnership:ZZLearnership_ID:107;ref:ZZLkpUnitStandardType:ZZUnitStandardType:1
*,1299,Y,ZZUnitStandard:ZZUnitStandard_ID:2190;ZZLearnership:ZZLearnership_ID:107;ref:ZZLkpUnitStandardType:ZZUnitStandardType:3
*,1300,Y,ZZUnitStandard:ZZUnitStandard_ID:2201;ZZLearnership:ZZLearnership_ID:107;ref:ZZLkpUnitStandardType:ZZUnitStandardType:2
*,1301,Y,ZZUnitStandard:ZZUnitStandard_ID:2202;ZZLearnership:ZZLearnership_ID:107;ref:ZZLkpUnitStandardType:ZZUnitStandardType:2
*,1302,Y,ZZUnitStandard:ZZUnitStandard_ID:2218;ZZLearnership:ZZLearnership_ID:107;ref:ZZLkpUnitStandardType:ZZUnitStandardType:2
*,1303,Y,ZZUnitStandard:ZZUnitStandard_ID:2220;ZZLearnership:ZZLearnership_ID:107;ref:ZZLkpUnitStandardType:ZZUnitStandardType:3
*,1304,Y,ZZUnitStandard:ZZUnitStandard_ID:2221;ZZLearnership:ZZLearnership_ID:107;ref:ZZLkpUnitStandardType:ZZUnitStandardType:2
*,1305,Y,ZZUnitStandard:ZZUnitStandard_ID:2222;ZZLearnership:ZZLearnership_ID:107;ref:ZZLkpUnitStandardType:ZZUnitStandardType:3
*,1306,Y,ZZUnitStandard:ZZUnitStandard_ID:2263;ZZLearnership:ZZLearnership_ID:107;ref:ZZLkpUnitStandardType:ZZUnitStandardType:3
*,1307,Y,ZZUnitStandard:ZZUnitStandard_ID:2340;ZZLearnership:ZZLearnership_ID:107;ref:ZZLkpUnitStandardType:ZZUnitStandardType:2
*,1308,Y,ZZUnitStandard:ZZUnitStandard_ID:2407;ZZLearnership:ZZLearnership_ID:107;ref:ZZLkpUnitStandardType:ZZUnitStandardType:3
*,1309,Y,ZZUnitStandard:ZZUnitStandard_ID:2408;ZZLearnership:ZZLearnership_ID:107;ref:ZZLkpUnitStandardType:ZZUnitStandardType:3
*,1310,Y,ZZUnitStandard:ZZUnitStandard_ID:2450;ZZLearnership:ZZLearnership_ID:107;ref:ZZLkpUnitStandardType:ZZUnitStandardType:2
*,1311,Y,ZZUnitStandard:ZZUnitStandard_ID:2452;ZZLearnership:ZZLearnership_ID:107;ref:ZZLkpUnitStandardType:ZZUnitStandardType:2
*,1312,Y,ZZUnitStandard:ZZUnitStandard_ID:2453;ZZLearnership:ZZLearnership_ID:107;ref:ZZLkpUnitStandardType:ZZUnitStandardType:2
*,1313,Y,ZZUnitStandard:ZZUnitStandard_ID:2614;ZZLearnership:ZZLearnership_ID:107;ref:ZZLkpUnitStandardType:ZZUnitStandardType:1
*,1314,Y,ZZUnitStandard:ZZUnitStandard_ID:2615;ZZLearnership:ZZLearnership_ID:107;ref:ZZLkpUnitStandardType:ZZUnitStandardType:1
*,1315,Y,ZZUnitStandard:ZZUnitStandard_ID:2616;ZZLearnership:ZZLearnership_ID:107;ref:ZZLkpUnitStandardType:ZZUnitStandardType:1
*,1316,Y,ZZUnitStandard:ZZUnitStandard_ID:2617;ZZLearnership:ZZLearnership_ID:107;ref:ZZLkpUnitStandardType:ZZUnitStandardType:1
*,1317,Y,ZZUnitStandard:ZZUnitStandard_ID:2618;ZZLearnership:ZZLearnership_ID:107;ref:ZZLkpUnitStandardType:ZZUnitStandardType:3
*,1318,Y,ZZUnitStandard:ZZUnitStandard_ID:2619;ZZLearnership:ZZLearnership_ID:107;ref:ZZLkpUnitStandardType:ZZUnitStandardType:3
*,1319,Y,ZZUnitStandard:ZZUnitStandard_ID:2620;ZZLearnership:ZZLearnership_ID:107;ref:ZZLkpUnitStandardType:ZZUnitStandardType:3
*,1320,Y,ZZUnitStandard:ZZUnitStandard_ID:2621;ZZLearnership:ZZLearnership_ID:107;ref:ZZLkpUnitStandardType:ZZUnitStandardType:3
*,1321,Y,ZZUnitStandard:ZZUnitStandard_ID:2622;ZZLearnership:ZZLearnership_ID:107;ref:ZZLkpUnitStandardType:ZZUnitStandardType:3
*,1322,Y,ZZUnitStandard:ZZUnitStandard_ID:2623;ZZLearnership:ZZLearnership_ID:107;ref:ZZLkpUnitStandardType:ZZUnitStandardType:3
*,1323,Y,ZZUnitStandard:ZZUnitStandard_ID:2630;ZZLearnership:ZZLearnership_ID:107;ref:ZZLkpUnitStandardType:ZZUnitStandardType:3
*,1324,Y,ZZUnitStandard:ZZUnitStandard_ID:786;ZZLearnership:ZZLearnership_ID:108;ref:ZZLkpUnitStandardType:ZZUnitStandardType:1
*,1325,Y,ZZUnitStandard:ZZUnitStandard_ID:789;ZZLearnership:ZZLearnership_ID:108;ref:ZZLkpUnitStandardType:ZZUnitStandardType:1
*,1326,Y,ZZUnitStandard:ZZUnitStandard_ID:802;ZZLearnership:ZZLearnership_ID:108;ref:ZZLkpUnitStandardType:ZZUnitStandardType:1
*,1327,Y,ZZUnitStandard:ZZUnitStandard_ID:803;ZZLearnership:ZZLearnership_ID:108;ref:ZZLkpUnitStandardType:ZZUnitStandardType:1
*,1328,Y,ZZUnitStandard:ZZUnitStandard_ID:804;ZZLearnership:ZZLearnership_ID:108;ref:ZZLkpUnitStandardType:ZZUnitStandardType:1
*,1329,Y,ZZUnitStandard:ZZUnitStandard_ID:860;ZZLearnership:ZZLearnership_ID:108;ref:ZZLkpUnitStandardType:ZZUnitStandardType:1
*,1330,Y,ZZUnitStandard:ZZUnitStandard_ID:862;ZZLearnership:ZZLearnership_ID:108;ref:ZZLkpUnitStandardType:ZZUnitStandardType:1
*,1331,Y,ZZUnitStandard:ZZUnitStandard_ID:863;ZZLearnership:ZZLearnership_ID:108;ref:ZZLkpUnitStandardType:ZZUnitStandardType:1
*,1332,Y,ZZUnitStandard:ZZUnitStandard_ID:864;ZZLearnership:ZZLearnership_ID:108;ref:ZZLkpUnitStandardType:ZZUnitStandardType:1
*,1333,Y,ZZUnitStandard:ZZUnitStandard_ID:985;ZZLearnership:ZZLearnership_ID:108;ref:ZZLkpUnitStandardType:ZZUnitStandardType:1
*,1334,Y,ZZUnitStandard:ZZUnitStandard_ID:1188;ZZLearnership:ZZLearnership_ID:108;ref:ZZLkpUnitStandardType:ZZUnitStandardType:2
*,1335,Y,ZZUnitStandard:ZZUnitStandard_ID:1190;ZZLearnership:ZZLearnership_ID:108;ref:ZZLkpUnitStandardType:ZZUnitStandardType:2
*,1336,Y,ZZUnitStandard:ZZUnitStandard_ID:1196;ZZLearnership:ZZLearnership_ID:108;ref:ZZLkpUnitStandardType:ZZUnitStandardType:2
*,1337,Y,ZZUnitStandard:ZZUnitStandard_ID:1518;ZZLearnership:ZZLearnership_ID:108;ref:ZZLkpUnitStandardType:ZZUnitStandardType:2
*,1338,Y,ZZUnitStandard:ZZUnitStandard_ID:1590;ZZLearnership:ZZLearnership_ID:108;ref:ZZLkpUnitStandardType:ZZUnitStandardType:3
*,1339,Y,ZZUnitStandard:ZZUnitStandard_ID:1728;ZZLearnership:ZZLearnership_ID:108;ref:ZZLkpUnitStandardType:ZZUnitStandardType:3
*,1340,Y,ZZUnitStandard:ZZUnitStandard_ID:2201;ZZLearnership:ZZLearnership_ID:108;ref:ZZLkpUnitStandardType:ZZUnitStandardType:2
*,1341,Y,ZZUnitStandard:ZZUnitStandard_ID:2202;ZZLearnership:ZZLearnership_ID:108;ref:ZZLkpUnitStandardType:ZZUnitStandardType:2
*,1342,Y,ZZUnitStandard:ZZUnitStandard_ID:2218;ZZLearnership:ZZLearnership_ID:108;ref:ZZLkpUnitStandardType:ZZUnitStandardType:2
*,1343,Y,ZZUnitStandard:ZZUnitStandard_ID:2221;ZZLearnership:ZZLearnership_ID:108;ref:ZZLkpUnitStandardType:ZZUnitStandardType:2
*,1344,Y,ZZUnitStandard:ZZUnitStandard_ID:2577;ZZLearnership:ZZLearnership_ID:108;ref:ZZLkpUnitStandardType:ZZUnitStandardType:1
*,1345,Y,ZZUnitStandard:ZZUnitStandard_ID:2578;ZZLearnership:ZZLearnership_ID:108;ref:ZZLkpUnitStandardType:ZZUnitStandardType:1
*,1346,Y,ZZUnitStandard:ZZUnitStandard_ID:2589;ZZLearnership:ZZLearnership_ID:108;ref:ZZLkpUnitStandardType:ZZUnitStandardType:1
*,1347,Y,ZZUnitStandard:ZZUnitStandard_ID:2590;ZZLearnership:ZZLearnership_ID:108;ref:ZZLkpUnitStandardType:ZZUnitStandardType:1
*,1348,Y,ZZUnitStandard:ZZUnitStandard_ID:2598;ZZLearnership:ZZLearnership_ID:108;ref:ZZLkpUnitStandardType:ZZUnitStandardType:1
*,1349,Y,ZZUnitStandard:ZZUnitStandard_ID:2599;ZZLearnership:ZZLearnership_ID:108;ref:ZZLkpUnitStandardType:ZZUnitStandardType:1
*,1350,Y,ZZUnitStandard:ZZUnitStandard_ID:2604;ZZLearnership:ZZLearnership_ID:108;ref:ZZLkpUnitStandardType:ZZUnitStandardType:3
*,1351,Y,ZZUnitStandard:ZZUnitStandard_ID:2605;ZZLearnership:ZZLearnership_ID:108;ref:ZZLkpUnitStandardType:ZZUnitStandardType:3
*,1352,Y,ZZUnitStandard:ZZUnitStandard_ID:786;ZZLearnership:ZZLearnership_ID:109;ref:ZZLkpUnitStandardType:ZZUnitStandardType:1
*,1353,Y,ZZUnitStandard:ZZUnitStandard_ID:789;ZZLearnership:ZZLearnership_ID:109;ref:ZZLkpUnitStandardType:ZZUnitStandardType:1
*,1354,Y,ZZUnitStandard:ZZUnitStandard_ID:802;ZZLearnership:ZZLearnership_ID:109;ref:ZZLkpUnitStandardType:ZZUnitStandardType:1
*,1355,Y,ZZUnitStandard:ZZUnitStandard_ID:803;ZZLearnership:ZZLearnership_ID:109;ref:ZZLkpUnitStandardType:ZZUnitStandardType:1
*,1356,Y,ZZUnitStandard:ZZUnitStandard_ID:804;ZZLearnership:ZZLearnership_ID:109;ref:ZZLkpUnitStandardType:ZZUnitStandardType:1
*,1357,Y,ZZUnitStandard:ZZUnitStandard_ID:805;ZZLearnership:ZZLearnership_ID:109;ref:ZZLkpUnitStandardType:ZZUnitStandardType:1
*,1358,Y,ZZUnitStandard:ZZUnitStandard_ID:860;ZZLearnership:ZZLearnership_ID:109;ref:ZZLkpUnitStandardType:ZZUnitStandardType:1
*,1359,Y,ZZUnitStandard:ZZUnitStandard_ID:862;ZZLearnership:ZZLearnership_ID:109;ref:ZZLkpUnitStandardType:ZZUnitStandardType:1
*,1360,Y,ZZUnitStandard:ZZUnitStandard_ID:863;ZZLearnership:ZZLearnership_ID:109;ref:ZZLkpUnitStandardType:ZZUnitStandardType:1
*,1361,Y,ZZUnitStandard:ZZUnitStandard_ID:864;ZZLearnership:ZZLearnership_ID:109;ref:ZZLkpUnitStandardType:ZZUnitStandardType:1
*,1362,Y,ZZUnitStandard:ZZUnitStandard_ID:985;ZZLearnership:ZZLearnership_ID:109;ref:ZZLkpUnitStandardType:ZZUnitStandardType:1
*,1363,Y,ZZUnitStandard:ZZUnitStandard_ID:1188;ZZLearnership:ZZLearnership_ID:109;ref:ZZLkpUnitStandardType:ZZUnitStandardType:2
*,1364,Y,ZZUnitStandard:ZZUnitStandard_ID:1190;ZZLearnership:ZZLearnership_ID:109;ref:ZZLkpUnitStandardType:ZZUnitStandardType:2
*,1365,Y,ZZUnitStandard:ZZUnitStandard_ID:1196;ZZLearnership:ZZLearnership_ID:109;ref:ZZLkpUnitStandardType:ZZUnitStandardType:2
*,1366,Y,ZZUnitStandard:ZZUnitStandard_ID:1518;ZZLearnership:ZZLearnership_ID:109;ref:ZZLkpUnitStandardType:ZZUnitStandardType:2
*,1367,Y,ZZUnitStandard:ZZUnitStandard_ID:1590;ZZLearnership:ZZLearnership_ID:109;ref:ZZLkpUnitStandardType:ZZUnitStandardType:3
*,1368,Y,ZZUnitStandard:ZZUnitStandard_ID:1728;ZZLearnership:ZZLearnership_ID:109;ref:ZZLkpUnitStandardType:ZZUnitStandardType:3
*,1369,Y,ZZUnitStandard:ZZUnitStandard_ID:2201;ZZLearnership:ZZLearnership_ID:109;ref:ZZLkpUnitStandardType:ZZUnitStandardType:2
*,1370,Y,ZZUnitStandard:ZZUnitStandard_ID:2202;ZZLearnership:ZZLearnership_ID:109;ref:ZZLkpUnitStandardType:ZZUnitStandardType:2
*,1371,Y,ZZUnitStandard:ZZUnitStandard_ID:2218;ZZLearnership:ZZLearnership_ID:109;ref:ZZLkpUnitStandardType:ZZUnitStandardType:2
*,1372,Y,ZZUnitStandard:ZZUnitStandard_ID:2221;ZZLearnership:ZZLearnership_ID:109;ref:ZZLkpUnitStandardType:ZZUnitStandardType:2
*,1373,Y,ZZUnitStandard:ZZUnitStandard_ID:2577;ZZLearnership:ZZLearnership_ID:109;ref:ZZLkpUnitStandardType:ZZUnitStandardType:1
*,1374,Y,ZZUnitStandard:ZZUnitStandard_ID:2578;ZZLearnership:ZZLearnership_ID:109;ref:ZZLkpUnitStandardType:ZZUnitStandardType:1
*,1375,Y,ZZUnitStandard:ZZUnitStandard_ID:2594;ZZLearnership:ZZLearnership_ID:109;ref:ZZLkpUnitStandardType:ZZUnitStandardType:1
*,1376,Y,ZZUnitStandard:ZZUnitStandard_ID:2595;ZZLearnership:ZZLearnership_ID:109;ref:ZZLkpUnitStandardType:ZZUnitStandardType:1
*,1377,Y,ZZUnitStandard:ZZUnitStandard_ID:2602;ZZLearnership:ZZLearnership_ID:109;ref:ZZLkpUnitStandardType:ZZUnitStandardType:1
*,1378,Y,ZZUnitStandard:ZZUnitStandard_ID:2603;ZZLearnership:ZZLearnership_ID:109;ref:ZZLkpUnitStandardType:ZZUnitStandardType:1
*,1379,Y,ZZUnitStandard:ZZUnitStandard_ID:2604;ZZLearnership:ZZLearnership_ID:109;ref:ZZLkpUnitStandardType:ZZUnitStandardType:3
*,1380,Y,ZZUnitStandard:ZZUnitStandard_ID:2605;ZZLearnership:ZZLearnership_ID:109;ref:ZZLkpUnitStandardType:ZZUnitStandardType:3
*,1381,Y,ZZUnitStandard:ZZUnitStandard_ID:25;ZZLearnership:ZZLearnership_ID:110;ref:ZZLkpUnitStandardType:ZZUnitStandardType:3
*,1382,Y,ZZUnitStandard:ZZUnitStandard_ID:88;ZZLearnership:ZZLearnership_ID:110;ref:ZZLkpUnitStandardType:ZZUnitStandardType:3
*,1383,Y,ZZUnitStandard:ZZUnitStandard_ID:355;ZZLearnership:ZZLearnership_ID:110;ref:ZZLkpUnitStandardType:ZZUnitStandardType:3
*,1384,Y,ZZUnitStandard:ZZUnitStandard_ID:655;ZZLearnership:ZZLearnership_ID:110;ref:ZZLkpUnitStandardType:ZZUnitStandardType:3
*,1385,Y,ZZUnitStandard:ZZUnitStandard_ID:695;ZZLearnership:ZZLearnership_ID:110;ref:ZZLkpUnitStandardType:ZZUnitStandardType:1
*,1386,Y,ZZUnitStandard:ZZUnitStandard_ID:784;ZZLearnership:ZZLearnership_ID:110;ref:ZZLkpUnitStandardType:ZZUnitStandardType:3
*,1387,Y,ZZUnitStandard:ZZUnitStandard_ID:822;ZZLearnership:ZZLearnership_ID:110;ref:ZZLkpUnitStandardType:ZZUnitStandardType:3
*,1388,Y,ZZUnitStandard:ZZUnitStandard_ID:903;ZZLearnership:ZZLearnership_ID:110;ref:ZZLkpUnitStandardType:ZZUnitStandardType:3
*,1389,Y,ZZUnitStandard:ZZUnitStandard_ID:904;ZZLearnership:ZZLearnership_ID:110;ref:ZZLkpUnitStandardType:ZZUnitStandardType:3
*,1390,Y,ZZUnitStandard:ZZUnitStandard_ID:920;ZZLearnership:ZZLearnership_ID:110;ref:ZZLkpUnitStandardType:ZZUnitStandardType:1
*,1391,Y,ZZUnitStandard:ZZUnitStandard_ID:939;ZZLearnership:ZZLearnership_ID:110;ref:ZZLkpUnitStandardType:ZZUnitStandardType:3
*,1392,Y,ZZUnitStandard:ZZUnitStandard_ID:941;ZZLearnership:ZZLearnership_ID:110;ref:ZZLkpUnitStandardType:ZZUnitStandardType:1
*,1393,Y,ZZUnitStandard:ZZUnitStandard_ID:945;ZZLearnership:ZZLearnership_ID:110;ref:ZZLkpUnitStandardType:ZZUnitStandardType:3
*,1394,Y,ZZUnitStandard:ZZUnitStandard_ID:946;ZZLearnership:ZZLearnership_ID:110;ref:ZZLkpUnitStandardType:ZZUnitStandardType:1
*,1395,Y,ZZUnitStandard:ZZUnitStandard_ID:949;ZZLearnership:ZZLearnership_ID:110;ref:ZZLkpUnitStandardType:ZZUnitStandardType:3
*,1396,Y,ZZUnitStandard:ZZUnitStandard_ID:951;ZZLearnership:ZZLearnership_ID:110;ref:ZZLkpUnitStandardType:ZZUnitStandardType:1
*,1397,Y,ZZUnitStandard:ZZUnitStandard_ID:958;ZZLearnership:ZZLearnership_ID:110;ref:ZZLkpUnitStandardType:ZZUnitStandardType:1
*,1398,Y,ZZUnitStandard:ZZUnitStandard_ID:988;ZZLearnership:ZZLearnership_ID:110;ref:ZZLkpUnitStandardType:ZZUnitStandardType:1
*,1399,Y,ZZUnitStandard:ZZUnitStandard_ID:996;ZZLearnership:ZZLearnership_ID:110;ref:ZZLkpUnitStandardType:ZZUnitStandardType:3
*,1400,Y,ZZUnitStandard:ZZUnitStandard_ID:1034;ZZLearnership:ZZLearnership_ID:110;ref:ZZLkpUnitStandardType:ZZUnitStandardType:3
*,1401,Y,ZZUnitStandard:ZZUnitStandard_ID:1143;ZZLearnership:ZZLearnership_ID:110;ref:ZZLkpUnitStandardType:ZZUnitStandardType:1
*,1402,Y,ZZUnitStandard:ZZUnitStandard_ID:1185;ZZLearnership:ZZLearnership_ID:110;ref:ZZLkpUnitStandardType:ZZUnitStandardType:2
*,1403,Y,ZZUnitStandard:ZZUnitStandard_ID:1186;ZZLearnership:ZZLearnership_ID:110;ref:ZZLkpUnitStandardType:ZZUnitStandardType:2
*,1404,Y,ZZUnitStandard:ZZUnitStandard_ID:1194;ZZLearnership:ZZLearnership_ID:110;ref:ZZLkpUnitStandardType:ZZUnitStandardType:2
*,1405,Y,ZZUnitStandard:ZZUnitStandard_ID:1241;ZZLearnership:ZZLearnership_ID:110;ref:ZZLkpUnitStandardType:ZZUnitStandardType:1
*,1406,Y,ZZUnitStandard:ZZUnitStandard_ID:1242;ZZLearnership:ZZLearnership_ID:110;ref:ZZLkpUnitStandardType:ZZUnitStandardType:1
*,1407,Y,ZZUnitStandard:ZZUnitStandard_ID:1243;ZZLearnership:ZZLearnership_ID:110;ref:ZZLkpUnitStandardType:ZZUnitStandardType:3
*,1408,Y,ZZUnitStandard:ZZUnitStandard_ID:1246;ZZLearnership:ZZLearnership_ID:110;ref:ZZLkpUnitStandardType:ZZUnitStandardType:1
*,1409,Y,ZZUnitStandard:ZZUnitStandard_ID:1247;ZZLearnership:ZZLearnership_ID:110;ref:ZZLkpUnitStandardType:ZZUnitStandardType:1
*,1410,Y,ZZUnitStandard:ZZUnitStandard_ID:1248;ZZLearnership:ZZLearnership_ID:110;ref:ZZLkpUnitStandardType:ZZUnitStandardType:1
*,1411,Y,ZZUnitStandard:ZZUnitStandard_ID:1249;ZZLearnership:ZZLearnership_ID:110;ref:ZZLkpUnitStandardType:ZZUnitStandardType:1
*,1412,Y,ZZUnitStandard:ZZUnitStandard_ID:1250;ZZLearnership:ZZLearnership_ID:110;ref:ZZLkpUnitStandardType:ZZUnitStandardType:1
*,1413,Y,ZZUnitStandard:ZZUnitStandard_ID:1252;ZZLearnership:ZZLearnership_ID:110;ref:ZZLkpUnitStandardType:ZZUnitStandardType:1
*,1414,Y,ZZUnitStandard:ZZUnitStandard_ID:1255;ZZLearnership:ZZLearnership_ID:110;ref:ZZLkpUnitStandardType:ZZUnitStandardType:3
*,1415,Y,ZZUnitStandard:ZZUnitStandard_ID:1514;ZZLearnership:ZZLearnership_ID:110;ref:ZZLkpUnitStandardType:ZZUnitStandardType:2
*,1416,Y,ZZUnitStandard:ZZUnitStandard_ID:1516;ZZLearnership:ZZLearnership_ID:110;ref:ZZLkpUnitStandardType:ZZUnitStandardType:2
*,1417,Y,ZZUnitStandard:ZZUnitStandard_ID:1543;ZZLearnership:ZZLearnership_ID:110;ref:ZZLkpUnitStandardType:ZZUnitStandardType:3
*,1418,Y,ZZUnitStandard:ZZUnitStandard_ID:1949;ZZLearnership:ZZLearnership_ID:110;ref:ZZLkpUnitStandardType:ZZUnitStandardType:1
*,1419,Y,ZZUnitStandard:ZZUnitStandard_ID:2150;ZZLearnership:ZZLearnership_ID:110;ref:ZZLkpUnitStandardType:ZZUnitStandardType:1
*,1420,Y,ZZUnitStandard:ZZUnitStandard_ID:2190;ZZLearnership:ZZLearnership_ID:110;ref:ZZLkpUnitStandardType:ZZUnitStandardType:3
*,1421,Y,ZZUnitStandard:ZZUnitStandard_ID:2220;ZZLearnership:ZZLearnership_ID:110;ref:ZZLkpUnitStandardType:ZZUnitStandardType:3
*,1422,Y,ZZUnitStandard:ZZUnitStandard_ID:2222;ZZLearnership:ZZLearnership_ID:110;ref:ZZLkpUnitStandardType:ZZUnitStandardType:3
*,1423,Y,ZZUnitStandard:ZZUnitStandard_ID:2263;ZZLearnership:ZZLearnership_ID:110;ref:ZZLkpUnitStandardType:ZZUnitStandardType:3
*,1424,Y,ZZUnitStandard:ZZUnitStandard_ID:2340;ZZLearnership:ZZLearnership_ID:110;ref:ZZLkpUnitStandardType:ZZUnitStandardType:2
*,1425,Y,ZZUnitStandard:ZZUnitStandard_ID:2408;ZZLearnership:ZZLearnership_ID:110;ref:ZZLkpUnitStandardType:ZZUnitStandardType:3
*,1426,Y,ZZUnitStandard:ZZUnitStandard_ID:2450;ZZLearnership:ZZLearnership_ID:110;ref:ZZLkpUnitStandardType:ZZUnitStandardType:2
*,1427,Y,ZZUnitStandard:ZZUnitStandard_ID:2452;ZZLearnership:ZZLearnership_ID:110;ref:ZZLkpUnitStandardType:ZZUnitStandardType:2
*,1428,Y,ZZUnitStandard:ZZUnitStandard_ID:2453;ZZLearnership:ZZLearnership_ID:110;ref:ZZLkpUnitStandardType:ZZUnitStandardType:2
*,1429,Y,ZZUnitStandard:ZZUnitStandard_ID:2614;ZZLearnership:ZZLearnership_ID:110;ref:ZZLkpUnitStandardType:ZZUnitStandardType:1
*,1430,Y,ZZUnitStandard:ZZUnitStandard_ID:2615;ZZLearnership:ZZLearnership_ID:110;ref:ZZLkpUnitStandardType:ZZUnitStandardType:1
*,1431,Y,ZZUnitStandard:ZZUnitStandard_ID:2616;ZZLearnership:ZZLearnership_ID:110;ref:ZZLkpUnitStandardType:ZZUnitStandardType:1
*,1432,Y,ZZUnitStandard:ZZUnitStandard_ID:2617;ZZLearnership:ZZLearnership_ID:110;ref:ZZLkpUnitStandardType:ZZUnitStandardType:1
*,1433,Y,ZZUnitStandard:ZZUnitStandard_ID:2618;ZZLearnership:ZZLearnership_ID:110;ref:ZZLkpUnitStandardType:ZZUnitStandardType:3
*,1434,Y,ZZUnitStandard:ZZUnitStandard_ID:2619;ZZLearnership:ZZLearnership_ID:110;ref:ZZLkpUnitStandardType:ZZUnitStandardType:3
*,1435,Y,ZZUnitStandard:ZZUnitStandard_ID:2620;ZZLearnership:ZZLearnership_ID:110;ref:ZZLkpUnitStandardType:ZZUnitStandardType:3
*,1436,Y,ZZUnitStandard:ZZUnitStandard_ID:2621;ZZLearnership:ZZLearnership_ID:110;ref:ZZLkpUnitStandardType:ZZUnitStandardType:3
*,1437,Y,ZZUnitStandard:ZZUnitStandard_ID:2623;ZZLearnership:ZZLearnership_ID:110;ref:ZZLkpUnitStandardType:ZZUnitStandardType:3
*,1438,Y,ZZUnitStandard:ZZUnitStandard_ID:88;ZZLearnership:ZZLearnership_ID:111;ref:ZZLkpUnitStandardType:ZZUnitStandardType:3
*,1439,Y,ZZUnitStandard:ZZUnitStandard_ID:355;ZZLearnership:ZZLearnership_ID:111;ref:ZZLkpUnitStandardType:ZZUnitStandardType:3
*,1440,Y,ZZUnitStandard:ZZUnitStandard_ID:655;ZZLearnership:ZZLearnership_ID:111;ref:ZZLkpUnitStandardType:ZZUnitStandardType:3
*,1441,Y,ZZUnitStandard:ZZUnitStandard_ID:695;ZZLearnership:ZZLearnership_ID:111;ref:ZZLkpUnitStandardType:ZZUnitStandardType:1
*,1442,Y,ZZUnitStandard:ZZUnitStandard_ID:784;ZZLearnership:ZZLearnership_ID:111;ref:ZZLkpUnitStandardType:ZZUnitStandardType:3
*,1443,Y,ZZUnitStandard:ZZUnitStandard_ID:822;ZZLearnership:ZZLearnership_ID:111;ref:ZZLkpUnitStandardType:ZZUnitStandardType:3
*,1444,Y,ZZUnitStandard:ZZUnitStandard_ID:903;ZZLearnership:ZZLearnership_ID:111;ref:ZZLkpUnitStandardType:ZZUnitStandardType:3
*,1445,Y,ZZUnitStandard:ZZUnitStandard_ID:904;ZZLearnership:ZZLearnership_ID:111;ref:ZZLkpUnitStandardType:ZZUnitStandardType:3
*,1446,Y,ZZUnitStandard:ZZUnitStandard_ID:920;ZZLearnership:ZZLearnership_ID:111;ref:ZZLkpUnitStandardType:ZZUnitStandardType:1
*,1447,Y,ZZUnitStandard:ZZUnitStandard_ID:939;ZZLearnership:ZZLearnership_ID:111;ref:ZZLkpUnitStandardType:ZZUnitStandardType:3
*,1448,Y,ZZUnitStandard:ZZUnitStandard_ID:941;ZZLearnership:ZZLearnership_ID:111;ref:ZZLkpUnitStandardType:ZZUnitStandardType:1
*,1449,Y,ZZUnitStandard:ZZUnitStandard_ID:945;ZZLearnership:ZZLearnership_ID:111;ref:ZZLkpUnitStandardType:ZZUnitStandardType:3
*,1450,Y,ZZUnitStandard:ZZUnitStandard_ID:946;ZZLearnership:ZZLearnership_ID:111;ref:ZZLkpUnitStandardType:ZZUnitStandardType:1
*,1451,Y,ZZUnitStandard:ZZUnitStandard_ID:949;ZZLearnership:ZZLearnership_ID:111;ref:ZZLkpUnitStandardType:ZZUnitStandardType:3
*,1452,Y,ZZUnitStandard:ZZUnitStandard_ID:951;ZZLearnership:ZZLearnership_ID:111;ref:ZZLkpUnitStandardType:ZZUnitStandardType:1
*,1453,Y,ZZUnitStandard:ZZUnitStandard_ID:958;ZZLearnership:ZZLearnership_ID:111;ref:ZZLkpUnitStandardType:ZZUnitStandardType:1
*,1454,Y,ZZUnitStandard:ZZUnitStandard_ID:988;ZZLearnership:ZZLearnership_ID:111;ref:ZZLkpUnitStandardType:ZZUnitStandardType:1
*,1455,Y,ZZUnitStandard:ZZUnitStandard_ID:996;ZZLearnership:ZZLearnership_ID:111;ref:ZZLkpUnitStandardType:ZZUnitStandardType:3
*,1456,Y,ZZUnitStandard:ZZUnitStandard_ID:1034;ZZLearnership:ZZLearnership_ID:111;ref:ZZLkpUnitStandardType:ZZUnitStandardType:3
*,1457,Y,ZZUnitStandard:ZZUnitStandard_ID:1143;ZZLearnership:ZZLearnership_ID:111;ref:ZZLkpUnitStandardType:ZZUnitStandardType:1
*,1458,Y,ZZUnitStandard:ZZUnitStandard_ID:1185;ZZLearnership:ZZLearnership_ID:111;ref:ZZLkpUnitStandardType:ZZUnitStandardType:2
*,1459,Y,ZZUnitStandard:ZZUnitStandard_ID:1186;ZZLearnership:ZZLearnership_ID:111;ref:ZZLkpUnitStandardType:ZZUnitStandardType:2
*,1460,Y,ZZUnitStandard:ZZUnitStandard_ID:1194;ZZLearnership:ZZLearnership_ID:111;ref:ZZLkpUnitStandardType:ZZUnitStandardType:2
*,1461,Y,ZZUnitStandard:ZZUnitStandard_ID:1241;ZZLearnership:ZZLearnership_ID:111;ref:ZZLkpUnitStandardType:ZZUnitStandardType:1
*,1462,Y,ZZUnitStandard:ZZUnitStandard_ID:1242;ZZLearnership:ZZLearnership_ID:111;ref:ZZLkpUnitStandardType:ZZUnitStandardType:1
*,1463,Y,ZZUnitStandard:ZZUnitStandard_ID:1243;ZZLearnership:ZZLearnership_ID:111;ref:ZZLkpUnitStandardType:ZZUnitStandardType:3
*,1464,Y,ZZUnitStandard:ZZUnitStandard_ID:1246;ZZLearnership:ZZLearnership_ID:111;ref:ZZLkpUnitStandardType:ZZUnitStandardType:1
*,1465,Y,ZZUnitStandard:ZZUnitStandard_ID:1247;ZZLearnership:ZZLearnership_ID:111;ref:ZZLkpUnitStandardType:ZZUnitStandardType:1
*,1466,Y,ZZUnitStandard:ZZUnitStandard_ID:1248;ZZLearnership:ZZLearnership_ID:111;ref:ZZLkpUnitStandardType:ZZUnitStandardType:1
*,1467,Y,ZZUnitStandard:ZZUnitStandard_ID:1249;ZZLearnership:ZZLearnership_ID:111;ref:ZZLkpUnitStandardType:ZZUnitStandardType:1
*,1468,Y,ZZUnitStandard:ZZUnitStandard_ID:1250;ZZLearnership:ZZLearnership_ID:111;ref:ZZLkpUnitStandardType:ZZUnitStandardType:1
*,1469,Y,ZZUnitStandard:ZZUnitStandard_ID:1252;ZZLearnership:ZZLearnership_ID:111;ref:ZZLkpUnitStandardType:ZZUnitStandardType:1
*,1470,Y,ZZUnitStandard:ZZUnitStandard_ID:1255;ZZLearnership:ZZLearnership_ID:111;ref:ZZLkpUnitStandardType:ZZUnitStandardType:3
*,1471,Y,ZZUnitStandard:ZZUnitStandard_ID:1272;ZZLearnership:ZZLearnership_ID:111;ref:ZZLkpUnitStandardType:ZZUnitStandardType:3
*,1472,Y,ZZUnitStandard:ZZUnitStandard_ID:1514;ZZLearnership:ZZLearnership_ID:111;ref:ZZLkpUnitStandardType:ZZUnitStandardType:2
*,1473,Y,ZZUnitStandard:ZZUnitStandard_ID:1516;ZZLearnership:ZZLearnership_ID:111;ref:ZZLkpUnitStandardType:ZZUnitStandardType:2
*,1474,Y,ZZUnitStandard:ZZUnitStandard_ID:1543;ZZLearnership:ZZLearnership_ID:111;ref:ZZLkpUnitStandardType:ZZUnitStandardType:3
*,1475,Y,ZZUnitStandard:ZZUnitStandard_ID:1949;ZZLearnership:ZZLearnership_ID:111;ref:ZZLkpUnitStandardType:ZZUnitStandardType:1
*,1476,Y,ZZUnitStandard:ZZUnitStandard_ID:2150;ZZLearnership:ZZLearnership_ID:111;ref:ZZLkpUnitStandardType:ZZUnitStandardType:1
*,1477,Y,ZZUnitStandard:ZZUnitStandard_ID:2190;ZZLearnership:ZZLearnership_ID:111;ref:ZZLkpUnitStandardType:ZZUnitStandardType:3
*,1478,Y,ZZUnitStandard:ZZUnitStandard_ID:2220;ZZLearnership:ZZLearnership_ID:111;ref:ZZLkpUnitStandardType:ZZUnitStandardType:3
*,1479,Y,ZZUnitStandard:ZZUnitStandard_ID:2222;ZZLearnership:ZZLearnership_ID:111;ref:ZZLkpUnitStandardType:ZZUnitStandardType:3
*,1480,Y,ZZUnitStandard:ZZUnitStandard_ID:2263;ZZLearnership:ZZLearnership_ID:111;ref:ZZLkpUnitStandardType:ZZUnitStandardType:3
*,1481,Y,ZZUnitStandard:ZZUnitStandard_ID:2340;ZZLearnership:ZZLearnership_ID:111;ref:ZZLkpUnitStandardType:ZZUnitStandardType:2
*,1482,Y,ZZUnitStandard:ZZUnitStandard_ID:2407;ZZLearnership:ZZLearnership_ID:111;ref:ZZLkpUnitStandardType:ZZUnitStandardType:3
*,1483,Y,ZZUnitStandard:ZZUnitStandard_ID:2408;ZZLearnership:ZZLearnership_ID:111;ref:ZZLkpUnitStandardType:ZZUnitStandardType:3
*,1484,Y,ZZUnitStandard:ZZUnitStandard_ID:2450;ZZLearnership:ZZLearnership_ID:111;ref:ZZLkpUnitStandardType:ZZUnitStandardType:2
*,1485,Y,ZZUnitStandard:ZZUnitStandard_ID:2452;ZZLearnership:ZZLearnership_ID:111;ref:ZZLkpUnitStandardType:ZZUnitStandardType:2
*,1486,Y,ZZUnitStandard:ZZUnitStandard_ID:2453;ZZLearnership:ZZLearnership_ID:111;ref:ZZLkpUnitStandardType:ZZUnitStandardType:2
*,1487,Y,ZZUnitStandard:ZZUnitStandard_ID:2614;ZZLearnership:ZZLearnership_ID:111;ref:ZZLkpUnitStandardType:ZZUnitStandardType:1
*,1488,Y,ZZUnitStandard:ZZUnitStandard_ID:2615;ZZLearnership:ZZLearnership_ID:111;ref:ZZLkpUnitStandardType:ZZUnitStandardType:1
*,1489,Y,ZZUnitStandard:ZZUnitStandard_ID:2616;ZZLearnership:ZZLearnership_ID:111;ref:ZZLkpUnitStandardType:ZZUnitStandardType:1
*,1490,Y,ZZUnitStandard:ZZUnitStandard_ID:2617;ZZLearnership:ZZLearnership_ID:111;ref:ZZLkpUnitStandardType:ZZUnitStandardType:1
*,1491,Y,ZZUnitStandard:ZZUnitStandard_ID:2618;ZZLearnership:ZZLearnership_ID:111;ref:ZZLkpUnitStandardType:ZZUnitStandardType:3
*,1492,Y,ZZUnitStandard:ZZUnitStandard_ID:2619;ZZLearnership:ZZLearnership_ID:111;ref:ZZLkpUnitStandardType:ZZUnitStandardType:3
*,1493,Y,ZZUnitStandard:ZZUnitStandard_ID:2620;ZZLearnership:ZZLearnership_ID:111;ref:ZZLkpUnitStandardType:ZZUnitStandardType:3
*,1494,Y,ZZUnitStandard:ZZUnitStandard_ID:2621;ZZLearnership:ZZLearnership_ID:111;ref:ZZLkpUnitStandardType:ZZUnitStandardType:3
*,1495,Y,ZZUnitStandard:ZZUnitStandard_ID:2622;ZZLearnership:ZZLearnership_ID:111;ref:ZZLkpUnitStandardType:ZZUnitStandardType:3
*,1496,Y,ZZUnitStandard:ZZUnitStandard_ID:2623;ZZLearnership:ZZLearnership_ID:111;ref:ZZLkpUnitStandardType:ZZUnitStandardType:3
*,1497,Y,ZZUnitStandard:ZZUnitStandard_ID:786;ZZLearnership:ZZLearnership_ID:112;ref:ZZLkpUnitStandardType:ZZUnitStandardType:1
*,1498,Y,ZZUnitStandard:ZZUnitStandard_ID:789;ZZLearnership:ZZLearnership_ID:112;ref:ZZLkpUnitStandardType:ZZUnitStandardType:1
*,1499,Y,ZZUnitStandard:ZZUnitStandard_ID:802;ZZLearnership:ZZLearnership_ID:112;ref:ZZLkpUnitStandardType:ZZUnitStandardType:1
*,1500,Y,ZZUnitStandard:ZZUnitStandard_ID:803;ZZLearnership:ZZLearnership_ID:112;ref:ZZLkpUnitStandardType:ZZUnitStandardType:1
*,1501,Y,ZZUnitStandard:ZZUnitStandard_ID:804;ZZLearnership:ZZLearnership_ID:112;ref:ZZLkpUnitStandardType:ZZUnitStandardType:1
*,1502,Y,ZZUnitStandard:ZZUnitStandard_ID:805;ZZLearnership:ZZLearnership_ID:112;ref:ZZLkpUnitStandardType:ZZUnitStandardType:1
*,1503,Y,ZZUnitStandard:ZZUnitStandard_ID:860;ZZLearnership:ZZLearnership_ID:112;ref:ZZLkpUnitStandardType:ZZUnitStandardType:1
*,1504,Y,ZZUnitStandard:ZZUnitStandard_ID:862;ZZLearnership:ZZLearnership_ID:112;ref:ZZLkpUnitStandardType:ZZUnitStandardType:1
*,1505,Y,ZZUnitStandard:ZZUnitStandard_ID:863;ZZLearnership:ZZLearnership_ID:112;ref:ZZLkpUnitStandardType:ZZUnitStandardType:1
*,1506,Y,ZZUnitStandard:ZZUnitStandard_ID:864;ZZLearnership:ZZLearnership_ID:112;ref:ZZLkpUnitStandardType:ZZUnitStandardType:1
*,1507,Y,ZZUnitStandard:ZZUnitStandard_ID:985;ZZLearnership:ZZLearnership_ID:112;ref:ZZLkpUnitStandardType:ZZUnitStandardType:1
*,1508,Y,ZZUnitStandard:ZZUnitStandard_ID:1188;ZZLearnership:ZZLearnership_ID:112;ref:ZZLkpUnitStandardType:ZZUnitStandardType:2
*,1509,Y,ZZUnitStandard:ZZUnitStandard_ID:1190;ZZLearnership:ZZLearnership_ID:112;ref:ZZLkpUnitStandardType:ZZUnitStandardType:2
*,1510,Y,ZZUnitStandard:ZZUnitStandard_ID:1196;ZZLearnership:ZZLearnership_ID:112;ref:ZZLkpUnitStandardType:ZZUnitStandardType:2
*,1511,Y,ZZUnitStandard:ZZUnitStandard_ID:1518;ZZLearnership:ZZLearnership_ID:112;ref:ZZLkpUnitStandardType:ZZUnitStandardType:2
*,1512,Y,ZZUnitStandard:ZZUnitStandard_ID:1590;ZZLearnership:ZZLearnership_ID:112;ref:ZZLkpUnitStandardType:ZZUnitStandardType:3
*,1513,Y,ZZUnitStandard:ZZUnitStandard_ID:1728;ZZLearnership:ZZLearnership_ID:112;ref:ZZLkpUnitStandardType:ZZUnitStandardType:3
*,1514,Y,ZZUnitStandard:ZZUnitStandard_ID:2201;ZZLearnership:ZZLearnership_ID:112;ref:ZZLkpUnitStandardType:ZZUnitStandardType:2
*,1515,Y,ZZUnitStandard:ZZUnitStandard_ID:2202;ZZLearnership:ZZLearnership_ID:112;ref:ZZLkpUnitStandardType:ZZUnitStandardType:2
*,1516,Y,ZZUnitStandard:ZZUnitStandard_ID:2218;ZZLearnership:ZZLearnership_ID:112;ref:ZZLkpUnitStandardType:ZZUnitStandardType:2
*,1517,Y,ZZUnitStandard:ZZUnitStandard_ID:2221;ZZLearnership:ZZLearnership_ID:112;ref:ZZLkpUnitStandardType:ZZUnitStandardType:2
*,1518,Y,ZZUnitStandard:ZZUnitStandard_ID:2577;ZZLearnership:ZZLearnership_ID:112;ref:ZZLkpUnitStandardType:ZZUnitStandardType:1
*,1519,Y,ZZUnitStandard:ZZUnitStandard_ID:2578;ZZLearnership:ZZLearnership_ID:112;ref:ZZLkpUnitStandardType:ZZUnitStandardType:1
*,1520,Y,ZZUnitStandard:ZZUnitStandard_ID:2585;ZZLearnership:ZZLearnership_ID:112;ref:ZZLkpUnitStandardType:ZZUnitStandardType:1
*,1521,Y,ZZUnitStandard:ZZUnitStandard_ID:2586;ZZLearnership:ZZLearnership_ID:112;ref:ZZLkpUnitStandardType:ZZUnitStandardType:1
*,1522,Y,ZZUnitStandard:ZZUnitStandard_ID:2591;ZZLearnership:ZZLearnership_ID:112;ref:ZZLkpUnitStandardType:ZZUnitStandardType:1
*,1523,Y,ZZUnitStandard:ZZUnitStandard_ID:2597;ZZLearnership:ZZLearnership_ID:112;ref:ZZLkpUnitStandardType:ZZUnitStandardType:1
*,1524,Y,ZZUnitStandard:ZZUnitStandard_ID:2604;ZZLearnership:ZZLearnership_ID:112;ref:ZZLkpUnitStandardType:ZZUnitStandardType:3
*,1525,Y,ZZUnitStandard:ZZUnitStandard_ID:2605;ZZLearnership:ZZLearnership_ID:112;ref:ZZLkpUnitStandardType:ZZUnitStandardType:3
*,1526,Y,ZZUnitStandard:ZZUnitStandard_ID:786;ZZLearnership:ZZLearnership_ID:113;ref:ZZLkpUnitStandardType:ZZUnitStandardType:1
*,1527,Y,ZZUnitStandard:ZZUnitStandard_ID:789;ZZLearnership:ZZLearnership_ID:113;ref:ZZLkpUnitStandardType:ZZUnitStandardType:1
*,1528,Y,ZZUnitStandard:ZZUnitStandard_ID:802;ZZLearnership:ZZLearnership_ID:113;ref:ZZLkpUnitStandardType:ZZUnitStandardType:1
*,1529,Y,ZZUnitStandard:ZZUnitStandard_ID:803;ZZLearnership:ZZLearnership_ID:113;ref:ZZLkpUnitStandardType:ZZUnitStandardType:1
*,1530,Y,ZZUnitStandard:ZZUnitStandard_ID:804;ZZLearnership:ZZLearnership_ID:113;ref:ZZLkpUnitStandardType:ZZUnitStandardType:1
*,1531,Y,ZZUnitStandard:ZZUnitStandard_ID:805;ZZLearnership:ZZLearnership_ID:113;ref:ZZLkpUnitStandardType:ZZUnitStandardType:3
*,1532,Y,ZZUnitStandard:ZZUnitStandard_ID:813;ZZLearnership:ZZLearnership_ID:113;ref:ZZLkpUnitStandardType:ZZUnitStandardType:1
*,1533,Y,ZZUnitStandard:ZZUnitStandard_ID:860;ZZLearnership:ZZLearnership_ID:113;ref:ZZLkpUnitStandardType:ZZUnitStandardType:1
*,1534,Y,ZZUnitStandard:ZZUnitStandard_ID:862;ZZLearnership:ZZLearnership_ID:113;ref:ZZLkpUnitStandardType:ZZUnitStandardType:1
*,1535,Y,ZZUnitStandard:ZZUnitStandard_ID:863;ZZLearnership:ZZLearnership_ID:113;ref:ZZLkpUnitStandardType:ZZUnitStandardType:1
*,1536,Y,ZZUnitStandard:ZZUnitStandard_ID:864;ZZLearnership:ZZLearnership_ID:113;ref:ZZLkpUnitStandardType:ZZUnitStandardType:1
*,1537,Y,ZZUnitStandard:ZZUnitStandard_ID:985;ZZLearnership:ZZLearnership_ID:113;ref:ZZLkpUnitStandardType:ZZUnitStandardType:1
*,1538,Y,ZZUnitStandard:ZZUnitStandard_ID:1188;ZZLearnership:ZZLearnership_ID:113;ref:ZZLkpUnitStandardType:ZZUnitStandardType:2
*,1539,Y,ZZUnitStandard:ZZUnitStandard_ID:1190;ZZLearnership:ZZLearnership_ID:113;ref:ZZLkpUnitStandardType:ZZUnitStandardType:2
*,1540,Y,ZZUnitStandard:ZZUnitStandard_ID:1196;ZZLearnership:ZZLearnership_ID:113;ref:ZZLkpUnitStandardType:ZZUnitStandardType:2
*,1541,Y,ZZUnitStandard:ZZUnitStandard_ID:1518;ZZLearnership:ZZLearnership_ID:113;ref:ZZLkpUnitStandardType:ZZUnitStandardType:2
*,1542,Y,ZZUnitStandard:ZZUnitStandard_ID:1590;ZZLearnership:ZZLearnership_ID:113;ref:ZZLkpUnitStandardType:ZZUnitStandardType:3
*,1543,Y,ZZUnitStandard:ZZUnitStandard_ID:1728;ZZLearnership:ZZLearnership_ID:113;ref:ZZLkpUnitStandardType:ZZUnitStandardType:3
*,1544,Y,ZZUnitStandard:ZZUnitStandard_ID:2201;ZZLearnership:ZZLearnership_ID:113;ref:ZZLkpUnitStandardType:ZZUnitStandardType:2
*,1545,Y,ZZUnitStandard:ZZUnitStandard_ID:2202;ZZLearnership:ZZLearnership_ID:113;ref:ZZLkpUnitStandardType:ZZUnitStandardType:2
*,1546,Y,ZZUnitStandard:ZZUnitStandard_ID:2218;ZZLearnership:ZZLearnership_ID:113;ref:ZZLkpUnitStandardType:ZZUnitStandardType:2
*,1547,Y,ZZUnitStandard:ZZUnitStandard_ID:2221;ZZLearnership:ZZLearnership_ID:113;ref:ZZLkpUnitStandardType:ZZUnitStandardType:2
*,1548,Y,ZZUnitStandard:ZZUnitStandard_ID:2577;ZZLearnership:ZZLearnership_ID:113;ref:ZZLkpUnitStandardType:ZZUnitStandardType:1
*,1549,Y,ZZUnitStandard:ZZUnitStandard_ID:2578;ZZLearnership:ZZLearnership_ID:113;ref:ZZLkpUnitStandardType:ZZUnitStandardType:1
*,1550,Y,ZZUnitStandard:ZZUnitStandard_ID:2580;ZZLearnership:ZZLearnership_ID:113;ref:ZZLkpUnitStandardType:ZZUnitStandardType:1
*,1551,Y,ZZUnitStandard:ZZUnitStandard_ID:2582;ZZLearnership:ZZLearnership_ID:113;ref:ZZLkpUnitStandardType:ZZUnitStandardType:1
*,1552,Y,ZZUnitStandard:ZZUnitStandard_ID:2593;ZZLearnership:ZZLearnership_ID:113;ref:ZZLkpUnitStandardType:ZZUnitStandardType:1
*,1553,Y,ZZUnitStandard:ZZUnitStandard_ID:2596;ZZLearnership:ZZLearnership_ID:113;ref:ZZLkpUnitStandardType:ZZUnitStandardType:1
*,1554,Y,ZZUnitStandard:ZZUnitStandard_ID:2604;ZZLearnership:ZZLearnership_ID:113;ref:ZZLkpUnitStandardType:ZZUnitStandardType:3
*,1555,Y,ZZUnitStandard:ZZUnitStandard_ID:2605;ZZLearnership:ZZLearnership_ID:113;ref:ZZLkpUnitStandardType:ZZUnitStandardType:3
*,1556,Y,ZZUnitStandard:ZZUnitStandard_ID:149;ZZLearnership:ZZLearnership_ID:117;ref:ZZLkpUnitStandardType:ZZUnitStandardType:3
*,1557,Y,ZZUnitStandard:ZZUnitStandard_ID:150;ZZLearnership:ZZLearnership_ID:117;ref:ZZLkpUnitStandardType:ZZUnitStandardType:3
*,1558,Y,ZZUnitStandard:ZZUnitStandard_ID:155;ZZLearnership:ZZLearnership_ID:117;ref:ZZLkpUnitStandardType:ZZUnitStandardType:1
*,1559,Y,ZZUnitStandard:ZZUnitStandard_ID:160;ZZLearnership:ZZLearnership_ID:117;ref:ZZLkpUnitStandardType:ZZUnitStandardType:3
*,1560,Y,ZZUnitStandard:ZZUnitStandard_ID:171;ZZLearnership:ZZLearnership_ID:117;ref:ZZLkpUnitStandardType:ZZUnitStandardType:3
*,1561,Y,ZZUnitStandard:ZZUnitStandard_ID:172;ZZLearnership:ZZLearnership_ID:117;ref:ZZLkpUnitStandardType:ZZUnitStandardType:3
*,1562,Y,ZZUnitStandard:ZZUnitStandard_ID:173;ZZLearnership:ZZLearnership_ID:117;ref:ZZLkpUnitStandardType:ZZUnitStandardType:3
*,1563,Y,ZZUnitStandard:ZZUnitStandard_ID:174;ZZLearnership:ZZLearnership_ID:117;ref:ZZLkpUnitStandardType:ZZUnitStandardType:3
*,1564,Y,ZZUnitStandard:ZZUnitStandard_ID:203;ZZLearnership:ZZLearnership_ID:117;ref:ZZLkpUnitStandardType:ZZUnitStandardType:3
*,1565,Y,ZZUnitStandard:ZZUnitStandard_ID:204;ZZLearnership:ZZLearnership_ID:117;ref:ZZLkpUnitStandardType:ZZUnitStandardType:3
*,1566,Y,ZZUnitStandard:ZZUnitStandard_ID:205;ZZLearnership:ZZLearnership_ID:117;ref:ZZLkpUnitStandardType:ZZUnitStandardType:3
*,1567,Y,ZZUnitStandard:ZZUnitStandard_ID:208;ZZLearnership:ZZLearnership_ID:117;ref:ZZLkpUnitStandardType:ZZUnitStandardType:3
*,1568,Y,ZZUnitStandard:ZZUnitStandard_ID:245;ZZLearnership:ZZLearnership_ID:117;ref:ZZLkpUnitStandardType:ZZUnitStandardType:3
*,1569,Y,ZZUnitStandard:ZZUnitStandard_ID:247;ZZLearnership:ZZLearnership_ID:117;ref:ZZLkpUnitStandardType:ZZUnitStandardType:3
*,1570,Y,ZZUnitStandard:ZZUnitStandard_ID:248;ZZLearnership:ZZLearnership_ID:117;ref:ZZLkpUnitStandardType:ZZUnitStandardType:3
*,1571,Y,ZZUnitStandard:ZZUnitStandard_ID:250;ZZLearnership:ZZLearnership_ID:117;ref:ZZLkpUnitStandardType:ZZUnitStandardType:3
*,1572,Y,ZZUnitStandard:ZZUnitStandard_ID:255;ZZLearnership:ZZLearnership_ID:117;ref:ZZLkpUnitStandardType:ZZUnitStandardType:3
*,1573,Y,ZZUnitStandard:ZZUnitStandard_ID:257;ZZLearnership:ZZLearnership_ID:117;ref:ZZLkpUnitStandardType:ZZUnitStandardType:3
*,1574,Y,ZZUnitStandard:ZZUnitStandard_ID:259;ZZLearnership:ZZLearnership_ID:117;ref:ZZLkpUnitStandardType:ZZUnitStandardType:3
*,1575,Y,ZZUnitStandard:ZZUnitStandard_ID:260;ZZLearnership:ZZLearnership_ID:117;ref:ZZLkpUnitStandardType:ZZUnitStandardType:3
*,1576,Y,ZZUnitStandard:ZZUnitStandard_ID:262;ZZLearnership:ZZLearnership_ID:117;ref:ZZLkpUnitStandardType:ZZUnitStandardType:3
*,1577,Y,ZZUnitStandard:ZZUnitStandard_ID:264;ZZLearnership:ZZLearnership_ID:117;ref:ZZLkpUnitStandardType:ZZUnitStandardType:3
*,1578,Y,ZZUnitStandard:ZZUnitStandard_ID:269;ZZLearnership:ZZLearnership_ID:117;ref:ZZLkpUnitStandardType:ZZUnitStandardType:3
*,1579,Y,ZZUnitStandard:ZZUnitStandard_ID:282;ZZLearnership:ZZLearnership_ID:117;ref:ZZLkpUnitStandardType:ZZUnitStandardType:3
*,1580,Y,ZZUnitStandard:ZZUnitStandard_ID:289;ZZLearnership:ZZLearnership_ID:117;ref:ZZLkpUnitStandardType:ZZUnitStandardType:3
*,1581,Y,ZZUnitStandard:ZZUnitStandard_ID:290;ZZLearnership:ZZLearnership_ID:117;ref:ZZLkpUnitStandardType:ZZUnitStandardType:3
*,1582,Y,ZZUnitStandard:ZZUnitStandard_ID:291;ZZLearnership:ZZLearnership_ID:117;ref:ZZLkpUnitStandardType:ZZUnitStandardType:3
*,1583,Y,ZZUnitStandard:ZZUnitStandard_ID:332;ZZLearnership:ZZLearnership_ID:117;ref:ZZLkpUnitStandardType:ZZUnitStandardType:3
*,1584,Y,ZZUnitStandard:ZZUnitStandard_ID:333;ZZLearnership:ZZLearnership_ID:117;ref:ZZLkpUnitStandardType:ZZUnitStandardType:3
*,1585,Y,ZZUnitStandard:ZZUnitStandard_ID:334;ZZLearnership:ZZLearnership_ID:117;ref:ZZLkpUnitStandardType:ZZUnitStandardType:3
*,1586,Y,ZZUnitStandard:ZZUnitStandard_ID:335;ZZLearnership:ZZLearnership_ID:117;ref:ZZLkpUnitStandardType:ZZUnitStandardType:3
*,1587,Y,ZZUnitStandard:ZZUnitStandard_ID:336;ZZLearnership:ZZLearnership_ID:117;ref:ZZLkpUnitStandardType:ZZUnitStandardType:3
*,1588,Y,ZZUnitStandard:ZZUnitStandard_ID:337;ZZLearnership:ZZLearnership_ID:117;ref:ZZLkpUnitStandardType:ZZUnitStandardType:1
*,1589,Y,ZZUnitStandard:ZZUnitStandard_ID:338;ZZLearnership:ZZLearnership_ID:117;ref:ZZLkpUnitStandardType:ZZUnitStandardType:3
*,1590,Y,ZZUnitStandard:ZZUnitStandard_ID:343;ZZLearnership:ZZLearnership_ID:117;ref:ZZLkpUnitStandardType:ZZUnitStandardType:1
*,1591,Y,ZZUnitStandard:ZZUnitStandard_ID:344;ZZLearnership:ZZLearnership_ID:117;ref:ZZLkpUnitStandardType:ZZUnitStandardType:3
*,1592,Y,ZZUnitStandard:ZZUnitStandard_ID:345;ZZLearnership:ZZLearnership_ID:117;ref:ZZLkpUnitStandardType:ZZUnitStandardType:3
*,1593,Y,ZZUnitStandard:ZZUnitStandard_ID:346;ZZLearnership:ZZLearnership_ID:117;ref:ZZLkpUnitStandardType:ZZUnitStandardType:1
*,1594,Y,ZZUnitStandard:ZZUnitStandard_ID:348;ZZLearnership:ZZLearnership_ID:117;ref:ZZLkpUnitStandardType:ZZUnitStandardType:1
*,1595,Y,ZZUnitStandard:ZZUnitStandard_ID:356;ZZLearnership:ZZLearnership_ID:117;ref:ZZLkpUnitStandardType:ZZUnitStandardType:1
*,1596,Y,ZZUnitStandard:ZZUnitStandard_ID:357;ZZLearnership:ZZLearnership_ID:117;ref:ZZLkpUnitStandardType:ZZUnitStandardType:1
*,1597,Y,ZZUnitStandard:ZZUnitStandard_ID:360;ZZLearnership:ZZLearnership_ID:117;ref:ZZLkpUnitStandardType:ZZUnitStandardType:3
*,1598,Y,ZZUnitStandard:ZZUnitStandard_ID:361;ZZLearnership:ZZLearnership_ID:117;ref:ZZLkpUnitStandardType:ZZUnitStandardType:1
*,1599,Y,ZZUnitStandard:ZZUnitStandard_ID:362;ZZLearnership:ZZLearnership_ID:117;ref:ZZLkpUnitStandardType:ZZUnitStandardType:1
*,1600,Y,ZZUnitStandard:ZZUnitStandard_ID:363;ZZLearnership:ZZLearnership_ID:117;ref:ZZLkpUnitStandardType:ZZUnitStandardType:1
*,1601,Y,ZZUnitStandard:ZZUnitStandard_ID:364;ZZLearnership:ZZLearnership_ID:117;ref:ZZLkpUnitStandardType:ZZUnitStandardType:1
*,1602,Y,ZZUnitStandard:ZZUnitStandard_ID:365;ZZLearnership:ZZLearnership_ID:117;ref:ZZLkpUnitStandardType:ZZUnitStandardType:1
*,1603,Y,ZZUnitStandard:ZZUnitStandard_ID:367;ZZLearnership:ZZLearnership_ID:117;ref:ZZLkpUnitStandardType:ZZUnitStandardType:1
*,1604,Y,ZZUnitStandard:ZZUnitStandard_ID:368;ZZLearnership:ZZLearnership_ID:117;ref:ZZLkpUnitStandardType:ZZUnitStandardType:1
*,1605,Y,ZZUnitStandard:ZZUnitStandard_ID:369;ZZLearnership:ZZLearnership_ID:117;ref:ZZLkpUnitStandardType:ZZUnitStandardType:1
*,1606,Y,ZZUnitStandard:ZZUnitStandard_ID:370;ZZLearnership:ZZLearnership_ID:117;ref:ZZLkpUnitStandardType:ZZUnitStandardType:3
*,1607,Y,ZZUnitStandard:ZZUnitStandard_ID:371;ZZLearnership:ZZLearnership_ID:117;ref:ZZLkpUnitStandardType:ZZUnitStandardType:3
*,1608,Y,ZZUnitStandard:ZZUnitStandard_ID:372;ZZLearnership:ZZLearnership_ID:117;ref:ZZLkpUnitStandardType:ZZUnitStandardType:3
*,1609,Y,ZZUnitStandard:ZZUnitStandard_ID:373;ZZLearnership:ZZLearnership_ID:117;ref:ZZLkpUnitStandardType:ZZUnitStandardType:1
*,1610,Y,ZZUnitStandard:ZZUnitStandard_ID:374;ZZLearnership:ZZLearnership_ID:117;ref:ZZLkpUnitStandardType:ZZUnitStandardType:1
*,1611,Y,ZZUnitStandard:ZZUnitStandard_ID:576;ZZLearnership:ZZLearnership_ID:117;ref:ZZLkpUnitStandardType:ZZUnitStandardType:3
*,1612,Y,ZZUnitStandard:ZZUnitStandard_ID:635;ZZLearnership:ZZLearnership_ID:117;ref:ZZLkpUnitStandardType:ZZUnitStandardType:1
*,1613,Y,ZZUnitStandard:ZZUnitStandard_ID:637;ZZLearnership:ZZLearnership_ID:117;ref:ZZLkpUnitStandardType:ZZUnitStandardType:3
*,1614,Y,ZZUnitStandard:ZZUnitStandard_ID:654;ZZLearnership:ZZLearnership_ID:117;ref:ZZLkpUnitStandardType:ZZUnitStandardType:3
*,1615,Y,ZZUnitStandard:ZZUnitStandard_ID:702;ZZLearnership:ZZLearnership_ID:117;ref:ZZLkpUnitStandardType:ZZUnitStandardType:3
*,1616,Y,ZZUnitStandard:ZZUnitStandard_ID:710;ZZLearnership:ZZLearnership_ID:117;ref:ZZLkpUnitStandardType:ZZUnitStandardType:3
*,1617,Y,ZZUnitStandard:ZZUnitStandard_ID:711;ZZLearnership:ZZLearnership_ID:117;ref:ZZLkpUnitStandardType:ZZUnitStandardType:3
*,1618,Y,ZZUnitStandard:ZZUnitStandard_ID:770;ZZLearnership:ZZLearnership_ID:117;ref:ZZLkpUnitStandardType:ZZUnitStandardType:1
*,1619,Y,ZZUnitStandard:ZZUnitStandard_ID:930;ZZLearnership:ZZLearnership_ID:117;ref:ZZLkpUnitStandardType:ZZUnitStandardType:3
*,1620,Y,ZZUnitStandard:ZZUnitStandard_ID:980;ZZLearnership:ZZLearnership_ID:117;ref:ZZLkpUnitStandardType:ZZUnitStandardType:3
*,1621,Y,ZZUnitStandard:ZZUnitStandard_ID:981;ZZLearnership:ZZLearnership_ID:117;ref:ZZLkpUnitStandardType:ZZUnitStandardType:3
*,1622,Y,ZZUnitStandard:ZZUnitStandard_ID:1080;ZZLearnership:ZZLearnership_ID:117;ref:ZZLkpUnitStandardType:ZZUnitStandardType:1
*,1623,Y,ZZUnitStandard:ZZUnitStandard_ID:1095;ZZLearnership:ZZLearnership_ID:117;ref:ZZLkpUnitStandardType:ZZUnitStandardType:2
*,1624,Y,ZZUnitStandard:ZZUnitStandard_ID:1161;ZZLearnership:ZZLearnership_ID:117;ref:ZZLkpUnitStandardType:ZZUnitStandardType:2
*,1625,Y,ZZUnitStandard:ZZUnitStandard_ID:1162;ZZLearnership:ZZLearnership_ID:117;ref:ZZLkpUnitStandardType:ZZUnitStandardType:2
*,1626,Y,ZZUnitStandard:ZZUnitStandard_ID:1163;ZZLearnership:ZZLearnership_ID:117;ref:ZZLkpUnitStandardType:ZZUnitStandardType:2
*,1627,Y,ZZUnitStandard:ZZUnitStandard_ID:1184;ZZLearnership:ZZLearnership_ID:117;ref:ZZLkpUnitStandardType:ZZUnitStandardType:2
*,1628,Y,ZZUnitStandard:ZZUnitStandard_ID:1185;ZZLearnership:ZZLearnership_ID:117;ref:ZZLkpUnitStandardType:ZZUnitStandardType:2
*,1629,Y,ZZUnitStandard:ZZUnitStandard_ID:1186;ZZLearnership:ZZLearnership_ID:117;ref:ZZLkpUnitStandardType:ZZUnitStandardType:2
*,1630,Y,ZZUnitStandard:ZZUnitStandard_ID:1191;ZZLearnership:ZZLearnership_ID:117;ref:ZZLkpUnitStandardType:ZZUnitStandardType:2
*,1631,Y,ZZUnitStandard:ZZUnitStandard_ID:1194;ZZLearnership:ZZLearnership_ID:117;ref:ZZLkpUnitStandardType:ZZUnitStandardType:2
*,1632,Y,ZZUnitStandard:ZZUnitStandard_ID:2025;ZZLearnership:ZZLearnership_ID:117;ref:ZZLkpUnitStandardType:ZZUnitStandardType:1
*,1633,Y,ZZUnitStandard:ZZUnitStandard_ID:699;ZZLearnership:ZZLearnership_ID:120;ref:ZZLkpUnitStandardType:ZZUnitStandardType:1
*,1634,Y,ZZUnitStandard:ZZUnitStandard_ID:919;ZZLearnership:ZZLearnership_ID:120;ref:ZZLkpUnitStandardType:ZZUnitStandardType:1
*,1635,Y,ZZUnitStandard:ZZUnitStandard_ID:922;ZZLearnership:ZZLearnership_ID:120;ref:ZZLkpUnitStandardType:ZZUnitStandardType:1
*,1636,Y,ZZUnitStandard:ZZUnitStandard_ID:930;ZZLearnership:ZZLearnership_ID:120;ref:ZZLkpUnitStandardType:ZZUnitStandardType:1
*,1637,Y,ZZUnitStandard:ZZUnitStandard_ID:980;ZZLearnership:ZZLearnership_ID:120;ref:ZZLkpUnitStandardType:ZZUnitStandardType:1
*,1638,Y,ZZUnitStandard:ZZUnitStandard_ID:987;ZZLearnership:ZZLearnership_ID:120;ref:ZZLkpUnitStandardType:ZZUnitStandardType:1
*,1639,Y,ZZUnitStandard:ZZUnitStandard_ID:1188;ZZLearnership:ZZLearnership_ID:120;ref:ZZLkpUnitStandardType:ZZUnitStandardType:2
*,1640,Y,ZZUnitStandard:ZZUnitStandard_ID:1190;ZZLearnership:ZZLearnership_ID:120;ref:ZZLkpUnitStandardType:ZZUnitStandardType:2
*,1641,Y,ZZUnitStandard:ZZUnitStandard_ID:1196;ZZLearnership:ZZLearnership_ID:120;ref:ZZLkpUnitStandardType:ZZUnitStandardType:2
*,1642,Y,ZZUnitStandard:ZZUnitStandard_ID:1518;ZZLearnership:ZZLearnership_ID:120;ref:ZZLkpUnitStandardType:ZZUnitStandardType:2
*,1643,Y,ZZUnitStandard:ZZUnitStandard_ID:1543;ZZLearnership:ZZLearnership_ID:120;ref:ZZLkpUnitStandardType:ZZUnitStandardType:1
*,1644,Y,ZZUnitStandard:ZZUnitStandard_ID:2201;ZZLearnership:ZZLearnership_ID:120;ref:ZZLkpUnitStandardType:ZZUnitStandardType:2
*,1645,Y,ZZUnitStandard:ZZUnitStandard_ID:2202;ZZLearnership:ZZLearnership_ID:120;ref:ZZLkpUnitStandardType:ZZUnitStandardType:2
*,1646,Y,ZZUnitStandard:ZZUnitStandard_ID:2218;ZZLearnership:ZZLearnership_ID:120;ref:ZZLkpUnitStandardType:ZZUnitStandardType:2
*,1647,Y,ZZUnitStandard:ZZUnitStandard_ID:2221;ZZLearnership:ZZLearnership_ID:120;ref:ZZLkpUnitStandardType:ZZUnitStandardType:2
*,1648,Y,ZZUnitStandard:ZZUnitStandard_ID:2356;ZZLearnership:ZZLearnership_ID:120;ref:ZZLkpUnitStandardType:ZZUnitStandardType:3
*,1649,Y,ZZUnitStandard:ZZUnitStandard_ID:2869;ZZLearnership:ZZLearnership_ID:120;ref:ZZLkpUnitStandardType:ZZUnitStandardType:3
*,1650,Y,ZZUnitStandard:ZZUnitStandard_ID:2882;ZZLearnership:ZZLearnership_ID:120;ref:ZZLkpUnitStandardType:ZZUnitStandardType:3
*,1651,Y,ZZUnitStandard:ZZUnitStandard_ID:2884;ZZLearnership:ZZLearnership_ID:120;ref:ZZLkpUnitStandardType:ZZUnitStandardType:3
*,1652,Y,ZZUnitStandard:ZZUnitStandard_ID:2892;ZZLearnership:ZZLearnership_ID:120;ref:ZZLkpUnitStandardType:ZZUnitStandardType:3
*,1653,Y,ZZUnitStandard:ZZUnitStandard_ID:2893;ZZLearnership:ZZLearnership_ID:120;ref:ZZLkpUnitStandardType:ZZUnitStandardType:3
*,1654,Y,ZZUnitStandard:ZZUnitStandard_ID:2897;ZZLearnership:ZZLearnership_ID:120;ref:ZZLkpUnitStandardType:ZZUnitStandardType:3
*,1655,Y,ZZUnitStandard:ZZUnitStandard_ID:3354;ZZLearnership:ZZLearnership_ID:120;ref:ZZLkpUnitStandardType:ZZUnitStandardType:1
*,1656,Y,ZZUnitStandard:ZZUnitStandard_ID:3357;ZZLearnership:ZZLearnership_ID:120;ref:ZZLkpUnitStandardType:ZZUnitStandardType:3
*,1657,Y,ZZUnitStandard:ZZUnitStandard_ID:3358;ZZLearnership:ZZLearnership_ID:120;ref:ZZLkpUnitStandardType:ZZUnitStandardType:3
*,1658,Y,ZZUnitStandard:ZZUnitStandard_ID:3365;ZZLearnership:ZZLearnership_ID:120;ref:ZZLkpUnitStandardType:ZZUnitStandardType:1
*,1659,Y,ZZUnitStandard:ZZUnitStandard_ID:3368;ZZLearnership:ZZLearnership_ID:120;ref:ZZLkpUnitStandardType:ZZUnitStandardType:3
*,1660,Y,ZZUnitStandard:ZZUnitStandard_ID:3372;ZZLearnership:ZZLearnership_ID:120;ref:ZZLkpUnitStandardType:ZZUnitStandardType:3
*,1661,Y,ZZUnitStandard:ZZUnitStandard_ID:3373;ZZLearnership:ZZLearnership_ID:120;ref:ZZLkpUnitStandardType:ZZUnitStandardType:1
*,1662,Y,ZZUnitStandard:ZZUnitStandard_ID:3375;ZZLearnership:ZZLearnership_ID:120;ref:ZZLkpUnitStandardType:ZZUnitStandardType:3
*,1663,Y,ZZUnitStandard:ZZUnitStandard_ID:3380;ZZLearnership:ZZLearnership_ID:120;ref:ZZLkpUnitStandardType:ZZUnitStandardType:1
*,1664,Y,ZZUnitStandard:ZZUnitStandard_ID:3382;ZZLearnership:ZZLearnership_ID:120;ref:ZZLkpUnitStandardType:ZZUnitStandardType:1
*,1665,Y,ZZUnitStandard:ZZUnitStandard_ID:3383;ZZLearnership:ZZLearnership_ID:120;ref:ZZLkpUnitStandardType:ZZUnitStandardType:1
*,1666,Y,ZZUnitStandard:ZZUnitStandard_ID:3385;ZZLearnership:ZZLearnership_ID:120;ref:ZZLkpUnitStandardType:ZZUnitStandardType:3
*,1667,Y,ZZUnitStandard:ZZUnitStandard_ID:3485;ZZLearnership:ZZLearnership_ID:120;ref:ZZLkpUnitStandardType:ZZUnitStandardType:3
*,1668,Y,ZZUnitStandard:ZZUnitStandard_ID:3486;ZZLearnership:ZZLearnership_ID:120;ref:ZZLkpUnitStandardType:ZZUnitStandardType:3
*,1669,Y,ZZUnitStandard:ZZUnitStandard_ID:3487;ZZLearnership:ZZLearnership_ID:120;ref:ZZLkpUnitStandardType:ZZUnitStandardType:3
*,1670,Y,ZZUnitStandard:ZZUnitStandard_ID:3490;ZZLearnership:ZZLearnership_ID:120;ref:ZZLkpUnitStandardType:ZZUnitStandardType:3
*,1671,Y,ZZUnitStandard:ZZUnitStandard_ID:3492;ZZLearnership:ZZLearnership_ID:120;ref:ZZLkpUnitStandardType:ZZUnitStandardType:3
*,1672,Y,ZZUnitStandard:ZZUnitStandard_ID:3494;ZZLearnership:ZZLearnership_ID:120;ref:ZZLkpUnitStandardType:ZZUnitStandardType:3
*,1673,Y,ZZUnitStandard:ZZUnitStandard_ID:3496;ZZLearnership:ZZLearnership_ID:120;ref:ZZLkpUnitStandardType:ZZUnitStandardType:3
*,1674,Y,ZZUnitStandard:ZZUnitStandard_ID:3503;ZZLearnership:ZZLearnership_ID:120;ref:ZZLkpUnitStandardType:ZZUnitStandardType:3
*,1675,Y,ZZUnitStandard:ZZUnitStandard_ID:3507;ZZLearnership:ZZLearnership_ID:120;ref:ZZLkpUnitStandardType:ZZUnitStandardType:3
*,1676,Y,ZZUnitStandard:ZZUnitStandard_ID:3519;ZZLearnership:ZZLearnership_ID:120;ref:ZZLkpUnitStandardType:ZZUnitStandardType:3
*,1677,Y,ZZUnitStandard:ZZUnitStandard_ID:3523;ZZLearnership:ZZLearnership_ID:120;ref:ZZLkpUnitStandardType:ZZUnitStandardType:3
*,1678,Y,ZZUnitStandard:ZZUnitStandard_ID:3528;ZZLearnership:ZZLearnership_ID:120;ref:ZZLkpUnitStandardType:ZZUnitStandardType:3
*,1679,Y,ZZUnitStandard:ZZUnitStandard_ID:3529;ZZLearnership:ZZLearnership_ID:120;ref:ZZLkpUnitStandardType:ZZUnitStandardType:3
*,1680,Y,ZZUnitStandard:ZZUnitStandard_ID:3531;ZZLearnership:ZZLearnership_ID:120;ref:ZZLkpUnitStandardType:ZZUnitStandardType:3
*,1681,Y,ZZUnitStandard:ZZUnitStandard_ID:786;ZZLearnership:ZZLearnership_ID:124;ref:ZZLkpUnitStandardType:ZZUnitStandardType:1
*,1682,Y,ZZUnitStandard:ZZUnitStandard_ID:789;ZZLearnership:ZZLearnership_ID:124;ref:ZZLkpUnitStandardType:ZZUnitStandardType:1
*,1683,Y,ZZUnitStandard:ZZUnitStandard_ID:860;ZZLearnership:ZZLearnership_ID:124;ref:ZZLkpUnitStandardType:ZZUnitStandardType:1
*,1684,Y,ZZUnitStandard:ZZUnitStandard_ID:862;ZZLearnership:ZZLearnership_ID:124;ref:ZZLkpUnitStandardType:ZZUnitStandardType:1
*,1685,Y,ZZUnitStandard:ZZUnitStandard_ID:863;ZZLearnership:ZZLearnership_ID:124;ref:ZZLkpUnitStandardType:ZZUnitStandardType:1
*,1686,Y,ZZUnitStandard:ZZUnitStandard_ID:864;ZZLearnership:ZZLearnership_ID:124;ref:ZZLkpUnitStandardType:ZZUnitStandardType:1
*,1687,Y,ZZUnitStandard:ZZUnitStandard_ID:985;ZZLearnership:ZZLearnership_ID:124;ref:ZZLkpUnitStandardType:ZZUnitStandardType:1
*,1688,Y,ZZUnitStandard:ZZUnitStandard_ID:1188;ZZLearnership:ZZLearnership_ID:124;ref:ZZLkpUnitStandardType:ZZUnitStandardType:2
*,1689,Y,ZZUnitStandard:ZZUnitStandard_ID:1190;ZZLearnership:ZZLearnership_ID:124;ref:ZZLkpUnitStandardType:ZZUnitStandardType:2
*,1690,Y,ZZUnitStandard:ZZUnitStandard_ID:1196;ZZLearnership:ZZLearnership_ID:124;ref:ZZLkpUnitStandardType:ZZUnitStandardType:2
*,1691,Y,ZZUnitStandard:ZZUnitStandard_ID:1518;ZZLearnership:ZZLearnership_ID:124;ref:ZZLkpUnitStandardType:ZZUnitStandardType:2
*,1692,Y,ZZUnitStandard:ZZUnitStandard_ID:1590;ZZLearnership:ZZLearnership_ID:124;ref:ZZLkpUnitStandardType:ZZUnitStandardType:3
*,1693,Y,ZZUnitStandard:ZZUnitStandard_ID:1728;ZZLearnership:ZZLearnership_ID:124;ref:ZZLkpUnitStandardType:ZZUnitStandardType:3
*,1694,Y,ZZUnitStandard:ZZUnitStandard_ID:2201;ZZLearnership:ZZLearnership_ID:124;ref:ZZLkpUnitStandardType:ZZUnitStandardType:2
*,1695,Y,ZZUnitStandard:ZZUnitStandard_ID:2202;ZZLearnership:ZZLearnership_ID:124;ref:ZZLkpUnitStandardType:ZZUnitStandardType:2
*,1696,Y,ZZUnitStandard:ZZUnitStandard_ID:2218;ZZLearnership:ZZLearnership_ID:124;ref:ZZLkpUnitStandardType:ZZUnitStandardType:2
*,1697,Y,ZZUnitStandard:ZZUnitStandard_ID:2221;ZZLearnership:ZZLearnership_ID:124;ref:ZZLkpUnitStandardType:ZZUnitStandardType:2
*,1698,Y,ZZUnitStandard:ZZUnitStandard_ID:2577;ZZLearnership:ZZLearnership_ID:124;ref:ZZLkpUnitStandardType:ZZUnitStandardType:1
*,1699,Y,ZZUnitStandard:ZZUnitStandard_ID:2578;ZZLearnership:ZZLearnership_ID:124;ref:ZZLkpUnitStandardType:ZZUnitStandardType:1
*,1700,Y,ZZUnitStandard:ZZUnitStandard_ID:2579;ZZLearnership:ZZLearnership_ID:124;ref:ZZLkpUnitStandardType:ZZUnitStandardType:1
*,1701,Y,ZZUnitStandard:ZZUnitStandard_ID:2580;ZZLearnership:ZZLearnership_ID:124;ref:ZZLkpUnitStandardType:ZZUnitStandardType:3
*,1702,Y,ZZUnitStandard:ZZUnitStandard_ID:2600;ZZLearnership:ZZLearnership_ID:124;ref:ZZLkpUnitStandardType:ZZUnitStandardType:1
*,1703,Y,ZZUnitStandard:ZZUnitStandard_ID:2601;ZZLearnership:ZZLearnership_ID:124;ref:ZZLkpUnitStandardType:ZZUnitStandardType:1
*,1704,Y,ZZUnitStandard:ZZUnitStandard_ID:2604;ZZLearnership:ZZLearnership_ID:124;ref:ZZLkpUnitStandardType:ZZUnitStandardType:3
*,1705,Y,ZZUnitStandard:ZZUnitStandard_ID:2605;ZZLearnership:ZZLearnership_ID:124;ref:ZZLkpUnitStandardType:ZZUnitStandardType:3
*,1706,Y,ZZUnitStandard:ZZUnitStandard_ID:2612;ZZLearnership:ZZLearnership_ID:124;ref:ZZLkpUnitStandardType:ZZUnitStandardType:1
*,1707,Y,ZZUnitStandard:ZZUnitStandard_ID:376;ZZLearnership:ZZLearnership_ID:130;ref:ZZLkpUnitStandardType:ZZUnitStandardType:3
*,1708,Y,ZZUnitStandard:ZZUnitStandard_ID:378;ZZLearnership:ZZLearnership_ID:130;ref:ZZLkpUnitStandardType:ZZUnitStandardType:3
*,1709,Y,ZZUnitStandard:ZZUnitStandard_ID:382;ZZLearnership:ZZLearnership_ID:130;ref:ZZLkpUnitStandardType:ZZUnitStandardType:3
*,1710,Y,ZZUnitStandard:ZZUnitStandard_ID:396;ZZLearnership:ZZLearnership_ID:130;ref:ZZLkpUnitStandardType:ZZUnitStandardType:3
*,1711,Y,ZZUnitStandard:ZZUnitStandard_ID:529;ZZLearnership:ZZLearnership_ID:130;ref:ZZLkpUnitStandardType:ZZUnitStandardType:3
*,1712,Y,ZZUnitStandard:ZZUnitStandard_ID:530;ZZLearnership:ZZLearnership_ID:130;ref:ZZLkpUnitStandardType:ZZUnitStandardType:1
*,1713,Y,ZZUnitStandard:ZZUnitStandard_ID:531;ZZLearnership:ZZLearnership_ID:130;ref:ZZLkpUnitStandardType:ZZUnitStandardType:3
*,1714,Y,ZZUnitStandard:ZZUnitStandard_ID:606;ZZLearnership:ZZLearnership_ID:130;ref:ZZLkpUnitStandardType:ZZUnitStandardType:3
*,1715,Y,ZZUnitStandard:ZZUnitStandard_ID:618;ZZLearnership:ZZLearnership_ID:130;ref:ZZLkpUnitStandardType:ZZUnitStandardType:3
*,1716,Y,ZZUnitStandard:ZZUnitStandard_ID:770;ZZLearnership:ZZLearnership_ID:130;ref:ZZLkpUnitStandardType:ZZUnitStandardType:3
*,1717,Y,ZZUnitStandard:ZZUnitStandard_ID:930;ZZLearnership:ZZLearnership_ID:130;ref:ZZLkpUnitStandardType:ZZUnitStandardType:1
*,1718,Y,ZZUnitStandard:ZZUnitStandard_ID:985;ZZLearnership:ZZLearnership_ID:130;ref:ZZLkpUnitStandardType:ZZUnitStandardType:1
*,1719,Y,ZZUnitStandard:ZZUnitStandard_ID:1034;ZZLearnership:ZZLearnership_ID:130;ref:ZZLkpUnitStandardType:ZZUnitStandardType:1
*,1720,Y,ZZUnitStandard:ZZUnitStandard_ID:1043;ZZLearnership:ZZLearnership_ID:130;ref:ZZLkpUnitStandardType:ZZUnitStandardType:3
*,1721,Y,ZZUnitStandard:ZZUnitStandard_ID:1049;ZZLearnership:ZZLearnership_ID:130;ref:ZZLkpUnitStandardType:ZZUnitStandardType:3
*,1722,Y,ZZUnitStandard:ZZUnitStandard_ID:1185;ZZLearnership:ZZLearnership_ID:130;ref:ZZLkpUnitStandardType:ZZUnitStandardType:2
*,1723,Y,ZZUnitStandard:ZZUnitStandard_ID:1186;ZZLearnership:ZZLearnership_ID:130;ref:ZZLkpUnitStandardType:ZZUnitStandardType:2
*,1724,Y,ZZUnitStandard:ZZUnitStandard_ID:1194;ZZLearnership:ZZLearnership_ID:130;ref:ZZLkpUnitStandardType:ZZUnitStandardType:2
*,1725,Y,ZZUnitStandard:ZZUnitStandard_ID:1229;ZZLearnership:ZZLearnership_ID:130;ref:ZZLkpUnitStandardType:ZZUnitStandardType:3
*,1726,Y,ZZUnitStandard:ZZUnitStandard_ID:1234;ZZLearnership:ZZLearnership_ID:130;ref:ZZLkpUnitStandardType:ZZUnitStandardType:1
*,1727,Y,ZZUnitStandard:ZZUnitStandard_ID:1514;ZZLearnership:ZZLearnership_ID:130;ref:ZZLkpUnitStandardType:ZZUnitStandardType:2
*,1728,Y,ZZUnitStandard:ZZUnitStandard_ID:1516;ZZLearnership:ZZLearnership_ID:130;ref:ZZLkpUnitStandardType:ZZUnitStandardType:2
*,1729,Y,ZZUnitStandard:ZZUnitStandard_ID:1726;ZZLearnership:ZZLearnership_ID:130;ref:ZZLkpUnitStandardType:ZZUnitStandardType:1
*,1730,Y,ZZUnitStandard:ZZUnitStandard_ID:2340;ZZLearnership:ZZLearnership_ID:130;ref:ZZLkpUnitStandardType:ZZUnitStandardType:2
*,1731,Y,ZZUnitStandard:ZZUnitStandard_ID:2356;ZZLearnership:ZZLearnership_ID:130;ref:ZZLkpUnitStandardType:ZZUnitStandardType:3
*,1732,Y,ZZUnitStandard:ZZUnitStandard_ID:2357;ZZLearnership:ZZLearnership_ID:130;ref:ZZLkpUnitStandardType:ZZUnitStandardType:3
*,1733,Y,ZZUnitStandard:ZZUnitStandard_ID:2358;ZZLearnership:ZZLearnership_ID:130;ref:ZZLkpUnitStandardType:ZZUnitStandardType:3
*,1734,Y,ZZUnitStandard:ZZUnitStandard_ID:2359;ZZLearnership:ZZLearnership_ID:130;ref:ZZLkpUnitStandardType:ZZUnitStandardType:3
*,1735,Y,ZZUnitStandard:ZZUnitStandard_ID:2360;ZZLearnership:ZZLearnership_ID:130;ref:ZZLkpUnitStandardType:ZZUnitStandardType:3
*,1736,Y,ZZUnitStandard:ZZUnitStandard_ID:2361;ZZLearnership:ZZLearnership_ID:130;ref:ZZLkpUnitStandardType:ZZUnitStandardType:3
*,1737,Y,ZZUnitStandard:ZZUnitStandard_ID:2450;ZZLearnership:ZZLearnership_ID:130;ref:ZZLkpUnitStandardType:ZZUnitStandardType:2
*,1738,Y,ZZUnitStandard:ZZUnitStandard_ID:2452;ZZLearnership:ZZLearnership_ID:130;ref:ZZLkpUnitStandardType:ZZUnitStandardType:2
*,1739,Y,ZZUnitStandard:ZZUnitStandard_ID:2453;ZZLearnership:ZZLearnership_ID:130;ref:ZZLkpUnitStandardType:ZZUnitStandardType:2
*,1740,Y,ZZUnitStandard:ZZUnitStandard_ID:2533;ZZLearnership:ZZLearnership_ID:130;ref:ZZLkpUnitStandardType:ZZUnitStandardType:1
*,1741,Y,ZZUnitStandard:ZZUnitStandard_ID:2534;ZZLearnership:ZZLearnership_ID:130;ref:ZZLkpUnitStandardType:ZZUnitStandardType:1
*,1742,Y,ZZUnitStandard:ZZUnitStandard_ID:2535;ZZLearnership:ZZLearnership_ID:130;ref:ZZLkpUnitStandardType:ZZUnitStandardType:1
*,1743,Y,ZZUnitStandard:ZZUnitStandard_ID:2536;ZZLearnership:ZZLearnership_ID:130;ref:ZZLkpUnitStandardType:ZZUnitStandardType:1
*,1744,Y,ZZUnitStandard:ZZUnitStandard_ID:2537;ZZLearnership:ZZLearnership_ID:130;ref:ZZLkpUnitStandardType:ZZUnitStandardType:1
*,1745,Y,ZZUnitStandard:ZZUnitStandard_ID:2539;ZZLearnership:ZZLearnership_ID:130;ref:ZZLkpUnitStandardType:ZZUnitStandardType:3
*,1746,Y,ZZUnitStandard:ZZUnitStandard_ID:2540;ZZLearnership:ZZLearnership_ID:130;ref:ZZLkpUnitStandardType:ZZUnitStandardType:3
*,1747,Y,ZZUnitStandard:ZZUnitStandard_ID:2541;ZZLearnership:ZZLearnership_ID:130;ref:ZZLkpUnitStandardType:ZZUnitStandardType:3
*,1748,Y,ZZUnitStandard:ZZUnitStandard_ID:2542;ZZLearnership:ZZLearnership_ID:130;ref:ZZLkpUnitStandardType:ZZUnitStandardType:1
*,1749,Y,ZZUnitStandard:ZZUnitStandard_ID:2543;ZZLearnership:ZZLearnership_ID:130;ref:ZZLkpUnitStandardType:ZZUnitStandardType:3
*,1750,Y,ZZUnitStandard:ZZUnitStandard_ID:2544;ZZLearnership:ZZLearnership_ID:130;ref:ZZLkpUnitStandardType:ZZUnitStandardType:3
*,1751,Y,ZZUnitStandard:ZZUnitStandard_ID:2545;ZZLearnership:ZZLearnership_ID:130;ref:ZZLkpUnitStandardType:ZZUnitStandardType:3
*,1752,Y,ZZUnitStandard:ZZUnitStandard_ID:2546;ZZLearnership:ZZLearnership_ID:130;ref:ZZLkpUnitStandardType:ZZUnitStandardType:3
*,1753,Y,ZZUnitStandard:ZZUnitStandard_ID:2547;ZZLearnership:ZZLearnership_ID:130;ref:ZZLkpUnitStandardType:ZZUnitStandardType:3
*,1754,Y,ZZUnitStandard:ZZUnitStandard_ID:2548;ZZLearnership:ZZLearnership_ID:130;ref:ZZLkpUnitStandardType:ZZUnitStandardType:3
*,1755,Y,ZZUnitStandard:ZZUnitStandard_ID:2550;ZZLearnership:ZZLearnership_ID:130;ref:ZZLkpUnitStandardType:ZZUnitStandardType:3
*,1756,Y,ZZUnitStandard:ZZUnitStandard_ID:2551;ZZLearnership:ZZLearnership_ID:130;ref:ZZLkpUnitStandardType:ZZUnitStandardType:3
*,1757,Y,ZZUnitStandard:ZZUnitStandard_ID:2552;ZZLearnership:ZZLearnership_ID:130;ref:ZZLkpUnitStandardType:ZZUnitStandardType:3
*,1758,Y,ZZUnitStandard:ZZUnitStandard_ID:2553;ZZLearnership:ZZLearnership_ID:130;ref:ZZLkpUnitStandardType:ZZUnitStandardType:3
*,1759,Y,ZZUnitStandard:ZZUnitStandard_ID:2555;ZZLearnership:ZZLearnership_ID:130;ref:ZZLkpUnitStandardType:ZZUnitStandardType:3
*,1760,Y,ZZUnitStandard:ZZUnitStandard_ID:2572;ZZLearnership:ZZLearnership_ID:130;ref:ZZLkpUnitStandardType:ZZUnitStandardType:3
*,1761,Y,ZZUnitStandard:ZZUnitStandard_ID:2573;ZZLearnership:ZZLearnership_ID:130;ref:ZZLkpUnitStandardType:ZZUnitStandardType:3
*,1762,Y,ZZUnitStandard:ZZUnitStandard_ID:2633;ZZLearnership:ZZLearnership_ID:130;ref:ZZLkpUnitStandardType:ZZUnitStandardType:1
*,1763,Y,ZZUnitStandard:ZZUnitStandard_ID:2634;ZZLearnership:ZZLearnership_ID:130;ref:ZZLkpUnitStandardType:ZZUnitStandardType:1
*,1764,Y,ZZUnitStandard:ZZUnitStandard_ID:3357;ZZLearnership:ZZLearnership_ID:130;ref:ZZLkpUnitStandardType:ZZUnitStandardType:3
*,1765,Y,ZZUnitStandard:ZZUnitStandard_ID:3407;ZZLearnership:ZZLearnership_ID:130;ref:ZZLkpUnitStandardType:ZZUnitStandardType:1
*,1766,Y,ZZUnitStandard:ZZUnitStandard_ID:927;ZZLearnership:ZZLearnership_ID:131;ref:ZZLkpUnitStandardType:ZZUnitStandardType:3
*,1767,Y,ZZUnitStandard:ZZUnitStandard_ID:988;ZZLearnership:ZZLearnership_ID:131;ref:ZZLkpUnitStandardType:ZZUnitStandardType:3
*,1768,Y,ZZUnitStandard:ZZUnitStandard_ID:1185;ZZLearnership:ZZLearnership_ID:131;ref:ZZLkpUnitStandardType:ZZUnitStandardType:2
*,1769,Y,ZZUnitStandard:ZZUnitStandard_ID:1186;ZZLearnership:ZZLearnership_ID:131;ref:ZZLkpUnitStandardType:ZZUnitStandardType:2
*,1770,Y,ZZUnitStandard:ZZUnitStandard_ID:1194;ZZLearnership:ZZLearnership_ID:131;ref:ZZLkpUnitStandardType:ZZUnitStandardType:2
*,1771,Y,ZZUnitStandard:ZZUnitStandard_ID:1514;ZZLearnership:ZZLearnership_ID:131;ref:ZZLkpUnitStandardType:ZZUnitStandardType:2
*,1772,Y,ZZUnitStandard:ZZUnitStandard_ID:1516;ZZLearnership:ZZLearnership_ID:131;ref:ZZLkpUnitStandardType:ZZUnitStandardType:2
*,1773,Y,ZZUnitStandard:ZZUnitStandard_ID:1759;ZZLearnership:ZZLearnership_ID:131;ref:ZZLkpUnitStandardType:ZZUnitStandardType:3
*,1774,Y,ZZUnitStandard:ZZUnitStandard_ID:1853;ZZLearnership:ZZLearnership_ID:131;ref:ZZLkpUnitStandardType:ZZUnitStandardType:1
*,1775,Y,ZZUnitStandard:ZZUnitStandard_ID:1854;ZZLearnership:ZZLearnership_ID:131;ref:ZZLkpUnitStandardType:ZZUnitStandardType:1
*,1776,Y,ZZUnitStandard:ZZUnitStandard_ID:1855;ZZLearnership:ZZLearnership_ID:131;ref:ZZLkpUnitStandardType:ZZUnitStandardType:1
*,1777,Y,ZZUnitStandard:ZZUnitStandard_ID:2147;ZZLearnership:ZZLearnership_ID:131;ref:ZZLkpUnitStandardType:ZZUnitStandardType:1
*,1778,Y,ZZUnitStandard:ZZUnitStandard_ID:2266;ZZLearnership:ZZLearnership_ID:131;ref:ZZLkpUnitStandardType:ZZUnitStandardType:3
*,1779,Y,ZZUnitStandard:ZZUnitStandard_ID:2340;ZZLearnership:ZZLearnership_ID:131;ref:ZZLkpUnitStandardType:ZZUnitStandardType:2
*,1780,Y,ZZUnitStandard:ZZUnitStandard_ID:2450;ZZLearnership:ZZLearnership_ID:131;ref:ZZLkpUnitStandardType:ZZUnitStandardType:2
*,1781,Y,ZZUnitStandard:ZZUnitStandard_ID:2452;ZZLearnership:ZZLearnership_ID:131;ref:ZZLkpUnitStandardType:ZZUnitStandardType:2
*,1782,Y,ZZUnitStandard:ZZUnitStandard_ID:2453;ZZLearnership:ZZLearnership_ID:131;ref:ZZLkpUnitStandardType:ZZUnitStandardType:2
*,1783,Y,ZZUnitStandard:ZZUnitStandard_ID:2854;ZZLearnership:ZZLearnership_ID:131;ref:ZZLkpUnitStandardType:ZZUnitStandardType:1
*,1784,Y,ZZUnitStandard:ZZUnitStandard_ID:2855;ZZLearnership:ZZLearnership_ID:131;ref:ZZLkpUnitStandardType:ZZUnitStandardType:3
*,1785,Y,ZZUnitStandard:ZZUnitStandard_ID:2856;ZZLearnership:ZZLearnership_ID:131;ref:ZZLkpUnitStandardType:ZZUnitStandardType:1
*,1786,Y,ZZUnitStandard:ZZUnitStandard_ID:2857;ZZLearnership:ZZLearnership_ID:131;ref:ZZLkpUnitStandardType:ZZUnitStandardType:1
*,1787,Y,ZZUnitStandard:ZZUnitStandard_ID:2858;ZZLearnership:ZZLearnership_ID:131;ref:ZZLkpUnitStandardType:ZZUnitStandardType:3
*,1788,Y,ZZUnitStandard:ZZUnitStandard_ID:2863;ZZLearnership:ZZLearnership_ID:131;ref:ZZLkpUnitStandardType:ZZUnitStandardType:3
*,1789,Y,ZZUnitStandard:ZZUnitStandard_ID:2885;ZZLearnership:ZZLearnership_ID:131;ref:ZZLkpUnitStandardType:ZZUnitStandardType:1
*,1790,Y,ZZUnitStandard:ZZUnitStandard_ID:3006;ZZLearnership:ZZLearnership_ID:131;ref:ZZLkpUnitStandardType:ZZUnitStandardType:1
*,1791,Y,ZZUnitStandard:ZZUnitStandard_ID:3007;ZZLearnership:ZZLearnership_ID:131;ref:ZZLkpUnitStandardType:ZZUnitStandardType:1
*,1792,Y,ZZUnitStandard:ZZUnitStandard_ID:3008;ZZLearnership:ZZLearnership_ID:131;ref:ZZLkpUnitStandardType:ZZUnitStandardType:1
*,1793,Y,ZZUnitStandard:ZZUnitStandard_ID:3009;ZZLearnership:ZZLearnership_ID:131;ref:ZZLkpUnitStandardType:ZZUnitStandardType:1
*,1794,Y,ZZUnitStandard:ZZUnitStandard_ID:3010;ZZLearnership:ZZLearnership_ID:131;ref:ZZLkpUnitStandardType:ZZUnitStandardType:1
*,1795,Y,ZZUnitStandard:ZZUnitStandard_ID:3011;ZZLearnership:ZZLearnership_ID:131;ref:ZZLkpUnitStandardType:ZZUnitStandardType:1
*,1796,Y,ZZUnitStandard:ZZUnitStandard_ID:3012;ZZLearnership:ZZLearnership_ID:131;ref:ZZLkpUnitStandardType:ZZUnitStandardType:1
*,1797,Y,ZZUnitStandard:ZZUnitStandard_ID:3013;ZZLearnership:ZZLearnership_ID:131;ref:ZZLkpUnitStandardType:ZZUnitStandardType:1
*,1798,Y,ZZUnitStandard:ZZUnitStandard_ID:3014;ZZLearnership:ZZLearnership_ID:131;ref:ZZLkpUnitStandardType:ZZUnitStandardType:1
*,1799,Y,ZZUnitStandard:ZZUnitStandard_ID:3015;ZZLearnership:ZZLearnership_ID:131;ref:ZZLkpUnitStandardType:ZZUnitStandardType:3
*,1800,Y,ZZUnitStandard:ZZUnitStandard_ID:3016;ZZLearnership:ZZLearnership_ID:131;ref:ZZLkpUnitStandardType:ZZUnitStandardType:3
*,1801,Y,ZZUnitStandard:ZZUnitStandard_ID:3019;ZZLearnership:ZZLearnership_ID:131;ref:ZZLkpUnitStandardType:ZZUnitStandardType:3
*,1802,Y,ZZUnitStandard:ZZUnitStandard_ID:3020;ZZLearnership:ZZLearnership_ID:131;ref:ZZLkpUnitStandardType:ZZUnitStandardType:3
*,1803,Y,ZZUnitStandard:ZZUnitStandard_ID:3021;ZZLearnership:ZZLearnership_ID:131;ref:ZZLkpUnitStandardType:ZZUnitStandardType:3
*,1804,Y,ZZUnitStandard:ZZUnitStandard_ID:3022;ZZLearnership:ZZLearnership_ID:131;ref:ZZLkpUnitStandardType:ZZUnitStandardType:3
*,1805,Y,ZZUnitStandard:ZZUnitStandard_ID:3023;ZZLearnership:ZZLearnership_ID:131;ref:ZZLkpUnitStandardType:ZZUnitStandardType:3
*,1806,Y,ZZUnitStandard:ZZUnitStandard_ID:3024;ZZLearnership:ZZLearnership_ID:131;ref:ZZLkpUnitStandardType:ZZUnitStandardType:3
*,1807,Y,ZZUnitStandard:ZZUnitStandard_ID:3025;ZZLearnership:ZZLearnership_ID:131;ref:ZZLkpUnitStandardType:ZZUnitStandardType:3
*,1808,Y,ZZUnitStandard:ZZUnitStandard_ID:3026;ZZLearnership:ZZLearnership_ID:131;ref:ZZLkpUnitStandardType:ZZUnitStandardType:3
*,1809,Y,ZZUnitStandard:ZZUnitStandard_ID:3027;ZZLearnership:ZZLearnership_ID:131;ref:ZZLkpUnitStandardType:ZZUnitStandardType:3
*,1810,Y,ZZUnitStandard:ZZUnitStandard_ID:3028;ZZLearnership:ZZLearnership_ID:131;ref:ZZLkpUnitStandardType:ZZUnitStandardType:3
*,1811,Y,ZZUnitStandard:ZZUnitStandard_ID:3029;ZZLearnership:ZZLearnership_ID:131;ref:ZZLkpUnitStandardType:ZZUnitStandardType:3
*,1812,Y,ZZUnitStandard:ZZUnitStandard_ID:3031;ZZLearnership:ZZLearnership_ID:131;ref:ZZLkpUnitStandardType:ZZUnitStandardType:3
*,1813,Y,ZZUnitStandard:ZZUnitStandard_ID:3032;ZZLearnership:ZZLearnership_ID:131;ref:ZZLkpUnitStandardType:ZZUnitStandardType:3
*,1814,Y,ZZUnitStandard:ZZUnitStandard_ID:3033;ZZLearnership:ZZLearnership_ID:131;ref:ZZLkpUnitStandardType:ZZUnitStandardType:3
*,1815,Y,ZZUnitStandard:ZZUnitStandard_ID:3034;ZZLearnership:ZZLearnership_ID:131;ref:ZZLkpUnitStandardType:ZZUnitStandardType:3
*,1816,Y,ZZUnitStandard:ZZUnitStandard_ID:3036;ZZLearnership:ZZLearnership_ID:131;ref:ZZLkpUnitStandardType:ZZUnitStandardType:3
*,1817,Y,ZZUnitStandard:ZZUnitStandard_ID:3037;ZZLearnership:ZZLearnership_ID:131;ref:ZZLkpUnitStandardType:ZZUnitStandardType:3
*,1818,Y,ZZUnitStandard:ZZUnitStandard_ID:3878;ZZLearnership:ZZLearnership_ID:131;ref:ZZLkpUnitStandardType:ZZUnitStandardType:3
*,1819,Y,ZZUnitStandard:ZZUnitStandard_ID:695;ZZLearnership:ZZLearnership_ID:132;ref:ZZLkpUnitStandardType:ZZUnitStandardType:1
*,1820,Y,ZZUnitStandard:ZZUnitStandard_ID:736;ZZLearnership:ZZLearnership_ID:132;ref:ZZLkpUnitStandardType:ZZUnitStandardType:3
*,1821,Y,ZZUnitStandard:ZZUnitStandard_ID:919;ZZLearnership:ZZLearnership_ID:132;ref:ZZLkpUnitStandardType:ZZUnitStandardType:1
*,1822,Y,ZZUnitStandard:ZZUnitStandard_ID:930;ZZLearnership:ZZLearnership_ID:132;ref:ZZLkpUnitStandardType:ZZUnitStandardType:1
*,1823,Y,ZZUnitStandard:ZZUnitStandard_ID:985;ZZLearnership:ZZLearnership_ID:132;ref:ZZLkpUnitStandardType:ZZUnitStandardType:1
*,1824,Y,ZZUnitStandard:ZZUnitStandard_ID:996;ZZLearnership:ZZLearnership_ID:132;ref:ZZLkpUnitStandardType:ZZUnitStandardType:3
*,1825,Y,ZZUnitStandard:ZZUnitStandard_ID:1000;ZZLearnership:ZZLearnership_ID:132;ref:ZZLkpUnitStandardType:ZZUnitStandardType:3
*,1826,Y,ZZUnitStandard:ZZUnitStandard_ID:1001;ZZLearnership:ZZLearnership_ID:132;ref:ZZLkpUnitStandardType:ZZUnitStandardType:3
*,1827,Y,ZZUnitStandard:ZZUnitStandard_ID:1003;ZZLearnership:ZZLearnership_ID:132;ref:ZZLkpUnitStandardType:ZZUnitStandardType:3
*,1828,Y,ZZUnitStandard:ZZUnitStandard_ID:1007;ZZLearnership:ZZLearnership_ID:132;ref:ZZLkpUnitStandardType:ZZUnitStandardType:3
*,1829,Y,ZZUnitStandard:ZZUnitStandard_ID:1011;ZZLearnership:ZZLearnership_ID:132;ref:ZZLkpUnitStandardType:ZZUnitStandardType:1
*,1830,Y,ZZUnitStandard:ZZUnitStandard_ID:1012;ZZLearnership:ZZLearnership_ID:132;ref:ZZLkpUnitStandardType:ZZUnitStandardType:3
*,1831,Y,ZZUnitStandard:ZZUnitStandard_ID:1013;ZZLearnership:ZZLearnership_ID:132;ref:ZZLkpUnitStandardType:ZZUnitStandardType:3
*,1832,Y,ZZUnitStandard:ZZUnitStandard_ID:1014;ZZLearnership:ZZLearnership_ID:132;ref:ZZLkpUnitStandardType:ZZUnitStandardType:3
*,1833,Y,ZZUnitStandard:ZZUnitStandard_ID:1015;ZZLearnership:ZZLearnership_ID:132;ref:ZZLkpUnitStandardType:ZZUnitStandardType:3
*,1834,Y,ZZUnitStandard:ZZUnitStandard_ID:1016;ZZLearnership:ZZLearnership_ID:132;ref:ZZLkpUnitStandardType:ZZUnitStandardType:3
*,1835,Y,ZZUnitStandard:ZZUnitStandard_ID:1017;ZZLearnership:ZZLearnership_ID:132;ref:ZZLkpUnitStandardType:ZZUnitStandardType:3
*,1836,Y,ZZUnitStandard:ZZUnitStandard_ID:1019;ZZLearnership:ZZLearnership_ID:132;ref:ZZLkpUnitStandardType:ZZUnitStandardType:3
*,1837,Y,ZZUnitStandard:ZZUnitStandard_ID:1188;ZZLearnership:ZZLearnership_ID:132;ref:ZZLkpUnitStandardType:ZZUnitStandardType:2
*,1838,Y,ZZUnitStandard:ZZUnitStandard_ID:1190;ZZLearnership:ZZLearnership_ID:132;ref:ZZLkpUnitStandardType:ZZUnitStandardType:2
*,1839,Y,ZZUnitStandard:ZZUnitStandard_ID:1196;ZZLearnership:ZZLearnership_ID:132;ref:ZZLkpUnitStandardType:ZZUnitStandardType:2
*,1840,Y,ZZUnitStandard:ZZUnitStandard_ID:1298;ZZLearnership:ZZLearnership_ID:132;ref:ZZLkpUnitStandardType:ZZUnitStandardType:3
*,1841,Y,ZZUnitStandard:ZZUnitStandard_ID:1518;ZZLearnership:ZZLearnership_ID:132;ref:ZZLkpUnitStandardType:ZZUnitStandardType:2
*,1842,Y,ZZUnitStandard:ZZUnitStandard_ID:1669;ZZLearnership:ZZLearnership_ID:132;ref:ZZLkpUnitStandardType:ZZUnitStandardType:3
*,1843,Y,ZZUnitStandard:ZZUnitStandard_ID:2201;ZZLearnership:ZZLearnership_ID:132;ref:ZZLkpUnitStandardType:ZZUnitStandardType:2
*,1844,Y,ZZUnitStandard:ZZUnitStandard_ID:2202;ZZLearnership:ZZLearnership_ID:132;ref:ZZLkpUnitStandardType:ZZUnitStandardType:2
*,1845,Y,ZZUnitStandard:ZZUnitStandard_ID:2218;ZZLearnership:ZZLearnership_ID:132;ref:ZZLkpUnitStandardType:ZZUnitStandardType:2
*,1846,Y,ZZUnitStandard:ZZUnitStandard_ID:2221;ZZLearnership:ZZLearnership_ID:132;ref:ZZLkpUnitStandardType:ZZUnitStandardType:2
*,1847,Y,ZZUnitStandard:ZZUnitStandard_ID:2273;ZZLearnership:ZZLearnership_ID:132;ref:ZZLkpUnitStandardType:ZZUnitStandardType:1
*,1848,Y,ZZUnitStandard:ZZUnitStandard_ID:2913;ZZLearnership:ZZLearnership_ID:132;ref:ZZLkpUnitStandardType:ZZUnitStandardType:1
*,1849,Y,ZZUnitStandard:ZZUnitStandard_ID:2914;ZZLearnership:ZZLearnership_ID:132;ref:ZZLkpUnitStandardType:ZZUnitStandardType:1
*,1850,Y,ZZUnitStandard:ZZUnitStandard_ID:2915;ZZLearnership:ZZLearnership_ID:132;ref:ZZLkpUnitStandardType:ZZUnitStandardType:1
*,1851,Y,ZZUnitStandard:ZZUnitStandard_ID:2916;ZZLearnership:ZZLearnership_ID:132;ref:ZZLkpUnitStandardType:ZZUnitStandardType:1
*,1852,Y,ZZUnitStandard:ZZUnitStandard_ID:2917;ZZLearnership:ZZLearnership_ID:132;ref:ZZLkpUnitStandardType:ZZUnitStandardType:1
*,1853,Y,ZZUnitStandard:ZZUnitStandard_ID:2918;ZZLearnership:ZZLearnership_ID:132;ref:ZZLkpUnitStandardType:ZZUnitStandardType:1
*,1854,Y,ZZUnitStandard:ZZUnitStandard_ID:2919;ZZLearnership:ZZLearnership_ID:132;ref:ZZLkpUnitStandardType:ZZUnitStandardType:1
*,1855,Y,ZZUnitStandard:ZZUnitStandard_ID:2920;ZZLearnership:ZZLearnership_ID:132;ref:ZZLkpUnitStandardType:ZZUnitStandardType:1
*,1856,Y,ZZUnitStandard:ZZUnitStandard_ID:2921;ZZLearnership:ZZLearnership_ID:132;ref:ZZLkpUnitStandardType:ZZUnitStandardType:1
*,1857,Y,ZZUnitStandard:ZZUnitStandard_ID:2922;ZZLearnership:ZZLearnership_ID:132;ref:ZZLkpUnitStandardType:ZZUnitStandardType:1
*,1858,Y,ZZUnitStandard:ZZUnitStandard_ID:2923;ZZLearnership:ZZLearnership_ID:132;ref:ZZLkpUnitStandardType:ZZUnitStandardType:1
*,1859,Y,ZZUnitStandard:ZZUnitStandard_ID:2924;ZZLearnership:ZZLearnership_ID:132;ref:ZZLkpUnitStandardType:ZZUnitStandardType:3
*,1860,Y,ZZUnitStandard:ZZUnitStandard_ID:2926;ZZLearnership:ZZLearnership_ID:132;ref:ZZLkpUnitStandardType:ZZUnitStandardType:3
*,1861,Y,ZZUnitStandard:ZZUnitStandard_ID:2929;ZZLearnership:ZZLearnership_ID:132;ref:ZZLkpUnitStandardType:ZZUnitStandardType:3
*,1862,Y,ZZUnitStandard:ZZUnitStandard_ID:2930;ZZLearnership:ZZLearnership_ID:132;ref:ZZLkpUnitStandardType:ZZUnitStandardType:3
*,1863,Y,ZZUnitStandard:ZZUnitStandard_ID:2931;ZZLearnership:ZZLearnership_ID:132;ref:ZZLkpUnitStandardType:ZZUnitStandardType:3
*,1864,Y,ZZUnitStandard:ZZUnitStandard_ID:2933;ZZLearnership:ZZLearnership_ID:132;ref:ZZLkpUnitStandardType:ZZUnitStandardType:1
*,1865,Y,ZZUnitStandard:ZZUnitStandard_ID:2936;ZZLearnership:ZZLearnership_ID:132;ref:ZZLkpUnitStandardType:ZZUnitStandardType:3
*,1866,Y,ZZUnitStandard:ZZUnitStandard_ID:2939;ZZLearnership:ZZLearnership_ID:132;ref:ZZLkpUnitStandardType:ZZUnitStandardType:3
*,1867,Y,ZZUnitStandard:ZZUnitStandard_ID:2940;ZZLearnership:ZZLearnership_ID:132;ref:ZZLkpUnitStandardType:ZZUnitStandardType:3
*,1868,Y,ZZUnitStandard:ZZUnitStandard_ID:2941;ZZLearnership:ZZLearnership_ID:132;ref:ZZLkpUnitStandardType:ZZUnitStandardType:3
*,1869,Y,ZZUnitStandard:ZZUnitStandard_ID:2942;ZZLearnership:ZZLearnership_ID:132;ref:ZZLkpUnitStandardType:ZZUnitStandardType:3
*,1870,Y,ZZUnitStandard:ZZUnitStandard_ID:2945;ZZLearnership:ZZLearnership_ID:132;ref:ZZLkpUnitStandardType:ZZUnitStandardType:3
*,1871,Y,ZZUnitStandard:ZZUnitStandard_ID:2947;ZZLearnership:ZZLearnership_ID:132;ref:ZZLkpUnitStandardType:ZZUnitStandardType:3
*,1872,Y,ZZUnitStandard:ZZUnitStandard_ID:2948;ZZLearnership:ZZLearnership_ID:132;ref:ZZLkpUnitStandardType:ZZUnitStandardType:3
*,1873,Y,ZZUnitStandard:ZZUnitStandard_ID:2949;ZZLearnership:ZZLearnership_ID:132;ref:ZZLkpUnitStandardType:ZZUnitStandardType:3
*,1874,Y,ZZUnitStandard:ZZUnitStandard_ID:2950;ZZLearnership:ZZLearnership_ID:132;ref:ZZLkpUnitStandardType:ZZUnitStandardType:3
*,1875,Y,ZZUnitStandard:ZZUnitStandard_ID:2955;ZZLearnership:ZZLearnership_ID:132;ref:ZZLkpUnitStandardType:ZZUnitStandardType:3
*,1876,Y,ZZUnitStandard:ZZUnitStandard_ID:2956;ZZLearnership:ZZLearnership_ID:132;ref:ZZLkpUnitStandardType:ZZUnitStandardType:3
*,1877,Y,ZZUnitStandard:ZZUnitStandard_ID:695;ZZLearnership:ZZLearnership_ID:133;ref:ZZLkpUnitStandardType:ZZUnitStandardType:1
*,1878,Y,ZZUnitStandard:ZZUnitStandard_ID:736;ZZLearnership:ZZLearnership_ID:133;ref:ZZLkpUnitStandardType:ZZUnitStandardType:3
*,1879,Y,ZZUnitStandard:ZZUnitStandard_ID:919;ZZLearnership:ZZLearnership_ID:133;ref:ZZLkpUnitStandardType:ZZUnitStandardType:1
*,1880,Y,ZZUnitStandard:ZZUnitStandard_ID:930;ZZLearnership:ZZLearnership_ID:133;ref:ZZLkpUnitStandardType:ZZUnitStandardType:1
*,1881,Y,ZZUnitStandard:ZZUnitStandard_ID:985;ZZLearnership:ZZLearnership_ID:133;ref:ZZLkpUnitStandardType:ZZUnitStandardType:1
*,1882,Y,ZZUnitStandard:ZZUnitStandard_ID:996;ZZLearnership:ZZLearnership_ID:133;ref:ZZLkpUnitStandardType:ZZUnitStandardType:3
*,1883,Y,ZZUnitStandard:ZZUnitStandard_ID:1000;ZZLearnership:ZZLearnership_ID:133;ref:ZZLkpUnitStandardType:ZZUnitStandardType:3
*,1884,Y,ZZUnitStandard:ZZUnitStandard_ID:1001;ZZLearnership:ZZLearnership_ID:133;ref:ZZLkpUnitStandardType:ZZUnitStandardType:3
*,1885,Y,ZZUnitStandard:ZZUnitStandard_ID:1003;ZZLearnership:ZZLearnership_ID:133;ref:ZZLkpUnitStandardType:ZZUnitStandardType:3
*,1886,Y,ZZUnitStandard:ZZUnitStandard_ID:1007;ZZLearnership:ZZLearnership_ID:133;ref:ZZLkpUnitStandardType:ZZUnitStandardType:3
*,1887,Y,ZZUnitStandard:ZZUnitStandard_ID:1011;ZZLearnership:ZZLearnership_ID:133;ref:ZZLkpUnitStandardType:ZZUnitStandardType:1
*,1888,Y,ZZUnitStandard:ZZUnitStandard_ID:1188;ZZLearnership:ZZLearnership_ID:133;ref:ZZLkpUnitStandardType:ZZUnitStandardType:2
*,1889,Y,ZZUnitStandard:ZZUnitStandard_ID:1190;ZZLearnership:ZZLearnership_ID:133;ref:ZZLkpUnitStandardType:ZZUnitStandardType:2
*,1890,Y,ZZUnitStandard:ZZUnitStandard_ID:1196;ZZLearnership:ZZLearnership_ID:133;ref:ZZLkpUnitStandardType:ZZUnitStandardType:2
*,1891,Y,ZZUnitStandard:ZZUnitStandard_ID:1518;ZZLearnership:ZZLearnership_ID:133;ref:ZZLkpUnitStandardType:ZZUnitStandardType:2
*,1892,Y,ZZUnitStandard:ZZUnitStandard_ID:1669;ZZLearnership:ZZLearnership_ID:133;ref:ZZLkpUnitStandardType:ZZUnitStandardType:3
*,1893,Y,ZZUnitStandard:ZZUnitStandard_ID:2201;ZZLearnership:ZZLearnership_ID:133;ref:ZZLkpUnitStandardType:ZZUnitStandardType:2
*,1894,Y,ZZUnitStandard:ZZUnitStandard_ID:2202;ZZLearnership:ZZLearnership_ID:133;ref:ZZLkpUnitStandardType:ZZUnitStandardType:2
*,1895,Y,ZZUnitStandard:ZZUnitStandard_ID:2218;ZZLearnership:ZZLearnership_ID:133;ref:ZZLkpUnitStandardType:ZZUnitStandardType:2
*,1896,Y,ZZUnitStandard:ZZUnitStandard_ID:2221;ZZLearnership:ZZLearnership_ID:133;ref:ZZLkpUnitStandardType:ZZUnitStandardType:2
*,1897,Y,ZZUnitStandard:ZZUnitStandard_ID:2273;ZZLearnership:ZZLearnership_ID:133;ref:ZZLkpUnitStandardType:ZZUnitStandardType:1
*,1898,Y,ZZUnitStandard:ZZUnitStandard_ID:2913;ZZLearnership:ZZLearnership_ID:133;ref:ZZLkpUnitStandardType:ZZUnitStandardType:1
*,1899,Y,ZZUnitStandard:ZZUnitStandard_ID:2914;ZZLearnership:ZZLearnership_ID:133;ref:ZZLkpUnitStandardType:ZZUnitStandardType:1
*,1900,Y,ZZUnitStandard:ZZUnitStandard_ID:2915;ZZLearnership:ZZLearnership_ID:133;ref:ZZLkpUnitStandardType:ZZUnitStandardType:1
*,1901,Y,ZZUnitStandard:ZZUnitStandard_ID:2916;ZZLearnership:ZZLearnership_ID:133;ref:ZZLkpUnitStandardType:ZZUnitStandardType:1
*,1902,Y,ZZUnitStandard:ZZUnitStandard_ID:2917;ZZLearnership:ZZLearnership_ID:133;ref:ZZLkpUnitStandardType:ZZUnitStandardType:1
*,1903,Y,ZZUnitStandard:ZZUnitStandard_ID:2918;ZZLearnership:ZZLearnership_ID:133;ref:ZZLkpUnitStandardType:ZZUnitStandardType:1
*,1904,Y,ZZUnitStandard:ZZUnitStandard_ID:2919;ZZLearnership:ZZLearnership_ID:133;ref:ZZLkpUnitStandardType:ZZUnitStandardType:1
*,1905,Y,ZZUnitStandard:ZZUnitStandard_ID:2920;ZZLearnership:ZZLearnership_ID:133;ref:ZZLkpUnitStandardType:ZZUnitStandardType:1
*,1906,Y,ZZUnitStandard:ZZUnitStandard_ID:2921;ZZLearnership:ZZLearnership_ID:133;ref:ZZLkpUnitStandardType:ZZUnitStandardType:1
*,1907,Y,ZZUnitStandard:ZZUnitStandard_ID:2922;ZZLearnership:ZZLearnership_ID:133;ref:ZZLkpUnitStandardType:ZZUnitStandardType:1
*,1908,Y,ZZUnitStandard:ZZUnitStandard_ID:2923;ZZLearnership:ZZLearnership_ID:133;ref:ZZLkpUnitStandardType:ZZUnitStandardType:1
*,1909,Y,ZZUnitStandard:ZZUnitStandard_ID:2924;ZZLearnership:ZZLearnership_ID:133;ref:ZZLkpUnitStandardType:ZZUnitStandardType:3
*,1910,Y,ZZUnitStandard:ZZUnitStandard_ID:2926;ZZLearnership:ZZLearnership_ID:133;ref:ZZLkpUnitStandardType:ZZUnitStandardType:3
*,1911,Y,ZZUnitStandard:ZZUnitStandard_ID:2929;ZZLearnership:ZZLearnership_ID:133;ref:ZZLkpUnitStandardType:ZZUnitStandardType:3
*,1912,Y,ZZUnitStandard:ZZUnitStandard_ID:2930;ZZLearnership:ZZLearnership_ID:133;ref:ZZLkpUnitStandardType:ZZUnitStandardType:3
*,1913,Y,ZZUnitStandard:ZZUnitStandard_ID:2931;ZZLearnership:ZZLearnership_ID:133;ref:ZZLkpUnitStandardType:ZZUnitStandardType:3
*,1914,Y,ZZUnitStandard:ZZUnitStandard_ID:2932;ZZLearnership:ZZLearnership_ID:133;ref:ZZLkpUnitStandardType:ZZUnitStandardType:3
*,1915,Y,ZZUnitStandard:ZZUnitStandard_ID:2933;ZZLearnership:ZZLearnership_ID:133;ref:ZZLkpUnitStandardType:ZZUnitStandardType:3
*,1916,Y,ZZUnitStandard:ZZUnitStandard_ID:2936;ZZLearnership:ZZLearnership_ID:133;ref:ZZLkpUnitStandardType:ZZUnitStandardType:3
*,1917,Y,ZZUnitStandard:ZZUnitStandard_ID:2939;ZZLearnership:ZZLearnership_ID:133;ref:ZZLkpUnitStandardType:ZZUnitStandardType:3
*,1918,Y,ZZUnitStandard:ZZUnitStandard_ID:2940;ZZLearnership:ZZLearnership_ID:133;ref:ZZLkpUnitStandardType:ZZUnitStandardType:3
*,1919,Y,ZZUnitStandard:ZZUnitStandard_ID:2941;ZZLearnership:ZZLearnership_ID:133;ref:ZZLkpUnitStandardType:ZZUnitStandardType:3
*,1920,Y,ZZUnitStandard:ZZUnitStandard_ID:2942;ZZLearnership:ZZLearnership_ID:133;ref:ZZLkpUnitStandardType:ZZUnitStandardType:3
*,1921,Y,ZZUnitStandard:ZZUnitStandard_ID:2945;ZZLearnership:ZZLearnership_ID:133;ref:ZZLkpUnitStandardType:ZZUnitStandardType:3
*,1922,Y,ZZUnitStandard:ZZUnitStandard_ID:2947;ZZLearnership:ZZLearnership_ID:133;ref:ZZLkpUnitStandardType:ZZUnitStandardType:3
*,1923,Y,ZZUnitStandard:ZZUnitStandard_ID:2948;ZZLearnership:ZZLearnership_ID:133;ref:ZZLkpUnitStandardType:ZZUnitStandardType:3
*,1924,Y,ZZUnitStandard:ZZUnitStandard_ID:2949;ZZLearnership:ZZLearnership_ID:133;ref:ZZLkpUnitStandardType:ZZUnitStandardType:3
*,1925,Y,ZZUnitStandard:ZZUnitStandard_ID:2950;ZZLearnership:ZZLearnership_ID:133;ref:ZZLkpUnitStandardType:ZZUnitStandardType:3
*,1926,Y,ZZUnitStandard:ZZUnitStandard_ID:2955;ZZLearnership:ZZLearnership_ID:133;ref:ZZLkpUnitStandardType:ZZUnitStandardType:3
*,1927,Y,ZZUnitStandard:ZZUnitStandard_ID:2956;ZZLearnership:ZZLearnership_ID:133;ref:ZZLkpUnitStandardType:ZZUnitStandardType:3
*,1928,Y,ZZUnitStandard:ZZUnitStandard_ID:919;ZZLearnership:ZZLearnership_ID:134;ref:ZZLkpUnitStandardType:ZZUnitStandardType:1
*,1929,Y,ZZUnitStandard:ZZUnitStandard_ID:1189;ZZLearnership:ZZLearnership_ID:134;ref:ZZLkpUnitStandardType:ZZUnitStandardType:2
*,1930,Y,ZZUnitStandard:ZZUnitStandard_ID:1197;ZZLearnership:ZZLearnership_ID:134;ref:ZZLkpUnitStandardType:ZZUnitStandardType:2
*,1931,Y,ZZUnitStandard:ZZUnitStandard_ID:1198;ZZLearnership:ZZLearnership_ID:134;ref:ZZLkpUnitStandardType:ZZUnitStandardType:2
*,1932,Y,ZZUnitStandard:ZZUnitStandard_ID:2201;ZZLearnership:ZZLearnership_ID:134;ref:ZZLkpUnitStandardType:ZZUnitStandardType:2
*,1933,Y,ZZUnitStandard:ZZUnitStandard_ID:2202;ZZLearnership:ZZLearnership_ID:134;ref:ZZLkpUnitStandardType:ZZUnitStandardType:2
*,1934,Y,ZZUnitStandard:ZZUnitStandard_ID:2214;ZZLearnership:ZZLearnership_ID:134;ref:ZZLkpUnitStandardType:ZZUnitStandardType:2
*,1935,Y,ZZUnitStandard:ZZUnitStandard_ID:2215;ZZLearnership:ZZLearnership_ID:134;ref:ZZLkpUnitStandardType:ZZUnitStandardType:2
*,1936,Y,ZZUnitStandard:ZZUnitStandard_ID:2217;ZZLearnership:ZZLearnership_ID:134;ref:ZZLkpUnitStandardType:ZZUnitStandardType:2
*,1937,Y,ZZUnitStandard:ZZUnitStandard_ID:2218;ZZLearnership:ZZLearnership_ID:134;ref:ZZLkpUnitStandardType:ZZUnitStandardType:2
*,1938,Y,ZZUnitStandard:ZZUnitStandard_ID:2221;ZZLearnership:ZZLearnership_ID:134;ref:ZZLkpUnitStandardType:ZZUnitStandardType:2
*,1939,Y,ZZUnitStandard:ZZUnitStandard_ID:2406;ZZLearnership:ZZLearnership_ID:134;ref:ZZLkpUnitStandardType:ZZUnitStandardType:2
*,1940,Y,ZZUnitStandard:ZZUnitStandard_ID:2605;ZZLearnership:ZZLearnership_ID:134;ref:ZZLkpUnitStandardType:ZZUnitStandardType:3
*,1941,Y,ZZUnitStandard:ZZUnitStandard_ID:2909;ZZLearnership:ZZLearnership_ID:134;ref:ZZLkpUnitStandardType:ZZUnitStandardType:1
*,1942,Y,ZZUnitStandard:ZZUnitStandard_ID:3046;ZZLearnership:ZZLearnership_ID:134;ref:ZZLkpUnitStandardType:ZZUnitStandardType:1
*,1943,Y,ZZUnitStandard:ZZUnitStandard_ID:3047;ZZLearnership:ZZLearnership_ID:134;ref:ZZLkpUnitStandardType:ZZUnitStandardType:1
*,1944,Y,ZZUnitStandard:ZZUnitStandard_ID:3048;ZZLearnership:ZZLearnership_ID:134;ref:ZZLkpUnitStandardType:ZZUnitStandardType:1
*,1945,Y,ZZUnitStandard:ZZUnitStandard_ID:3050;ZZLearnership:ZZLearnership_ID:134;ref:ZZLkpUnitStandardType:ZZUnitStandardType:3
*,1946,Y,ZZUnitStandard:ZZUnitStandard_ID:3051;ZZLearnership:ZZLearnership_ID:134;ref:ZZLkpUnitStandardType:ZZUnitStandardType:3
*,1947,Y,ZZUnitStandard:ZZUnitStandard_ID:3052;ZZLearnership:ZZLearnership_ID:134;ref:ZZLkpUnitStandardType:ZZUnitStandardType:3
*,1948,Y,ZZUnitStandard:ZZUnitStandard_ID:3056;ZZLearnership:ZZLearnership_ID:134;ref:ZZLkpUnitStandardType:ZZUnitStandardType:3
*,1949,Y,ZZUnitStandard:ZZUnitStandard_ID:3059;ZZLearnership:ZZLearnership_ID:134;ref:ZZLkpUnitStandardType:ZZUnitStandardType:3
*,1950,Y,ZZUnitStandard:ZZUnitStandard_ID:3063;ZZLearnership:ZZLearnership_ID:134;ref:ZZLkpUnitStandardType:ZZUnitStandardType:3
*,1951,Y,ZZUnitStandard:ZZUnitStandard_ID:3064;ZZLearnership:ZZLearnership_ID:134;ref:ZZLkpUnitStandardType:ZZUnitStandardType:3
*,1952,Y,ZZUnitStandard:ZZUnitStandard_ID:3066;ZZLearnership:ZZLearnership_ID:134;ref:ZZLkpUnitStandardType:ZZUnitStandardType:3
*,1953,Y,ZZUnitStandard:ZZUnitStandard_ID:3068;ZZLearnership:ZZLearnership_ID:134;ref:ZZLkpUnitStandardType:ZZUnitStandardType:3
*,1954,Y,ZZUnitStandard:ZZUnitStandard_ID:3072;ZZLearnership:ZZLearnership_ID:134;ref:ZZLkpUnitStandardType:ZZUnitStandardType:3
*,1955,Y,ZZUnitStandard:ZZUnitStandard_ID:3073;ZZLearnership:ZZLearnership_ID:134;ref:ZZLkpUnitStandardType:ZZUnitStandardType:3
*,1956,Y,ZZUnitStandard:ZZUnitStandard_ID:3075;ZZLearnership:ZZLearnership_ID:134;ref:ZZLkpUnitStandardType:ZZUnitStandardType:3
*,1957,Y,ZZUnitStandard:ZZUnitStandard_ID:3076;ZZLearnership:ZZLearnership_ID:134;ref:ZZLkpUnitStandardType:ZZUnitStandardType:3
*,1958,Y,ZZUnitStandard:ZZUnitStandard_ID:3080;ZZLearnership:ZZLearnership_ID:134;ref:ZZLkpUnitStandardType:ZZUnitStandardType:3
*,1959,Y,ZZUnitStandard:ZZUnitStandard_ID:3082;ZZLearnership:ZZLearnership_ID:134;ref:ZZLkpUnitStandardType:ZZUnitStandardType:3
*,1960,Y,ZZUnitStandard:ZZUnitStandard_ID:3083;ZZLearnership:ZZLearnership_ID:134;ref:ZZLkpUnitStandardType:ZZUnitStandardType:1
*,1961,Y,ZZUnitStandard:ZZUnitStandard_ID:3084;ZZLearnership:ZZLearnership_ID:134;ref:ZZLkpUnitStandardType:ZZUnitStandardType:3
*,1962,Y,ZZUnitStandard:ZZUnitStandard_ID:919;ZZLearnership:ZZLearnership_ID:135;ref:ZZLkpUnitStandardType:ZZUnitStandardType:1
*,1963,Y,ZZUnitStandard:ZZUnitStandard_ID:1189;ZZLearnership:ZZLearnership_ID:135;ref:ZZLkpUnitStandardType:ZZUnitStandardType:2
*,1964,Y,ZZUnitStandard:ZZUnitStandard_ID:1197;ZZLearnership:ZZLearnership_ID:135;ref:ZZLkpUnitStandardType:ZZUnitStandardType:2
*,1965,Y,ZZUnitStandard:ZZUnitStandard_ID:1198;ZZLearnership:ZZLearnership_ID:135;ref:ZZLkpUnitStandardType:ZZUnitStandardType:2
*,1966,Y,ZZUnitStandard:ZZUnitStandard_ID:2201;ZZLearnership:ZZLearnership_ID:135;ref:ZZLkpUnitStandardType:ZZUnitStandardType:2
*,1967,Y,ZZUnitStandard:ZZUnitStandard_ID:2202;ZZLearnership:ZZLearnership_ID:135;ref:ZZLkpUnitStandardType:ZZUnitStandardType:2
*,1968,Y,ZZUnitStandard:ZZUnitStandard_ID:2214;ZZLearnership:ZZLearnership_ID:135;ref:ZZLkpUnitStandardType:ZZUnitStandardType:2
*,1969,Y,ZZUnitStandard:ZZUnitStandard_ID:2215;ZZLearnership:ZZLearnership_ID:135;ref:ZZLkpUnitStandardType:ZZUnitStandardType:2
*,1970,Y,ZZUnitStandard:ZZUnitStandard_ID:2217;ZZLearnership:ZZLearnership_ID:135;ref:ZZLkpUnitStandardType:ZZUnitStandardType:2
*,1971,Y,ZZUnitStandard:ZZUnitStandard_ID:2218;ZZLearnership:ZZLearnership_ID:135;ref:ZZLkpUnitStandardType:ZZUnitStandardType:2
*,1972,Y,ZZUnitStandard:ZZUnitStandard_ID:2221;ZZLearnership:ZZLearnership_ID:135;ref:ZZLkpUnitStandardType:ZZUnitStandardType:2
*,1973,Y,ZZUnitStandard:ZZUnitStandard_ID:2406;ZZLearnership:ZZLearnership_ID:135;ref:ZZLkpUnitStandardType:ZZUnitStandardType:2
*,1974,Y,ZZUnitStandard:ZZUnitStandard_ID:2605;ZZLearnership:ZZLearnership_ID:135;ref:ZZLkpUnitStandardType:ZZUnitStandardType:3
*,1975,Y,ZZUnitStandard:ZZUnitStandard_ID:2909;ZZLearnership:ZZLearnership_ID:135;ref:ZZLkpUnitStandardType:ZZUnitStandardType:1
*,1976,Y,ZZUnitStandard:ZZUnitStandard_ID:3046;ZZLearnership:ZZLearnership_ID:135;ref:ZZLkpUnitStandardType:ZZUnitStandardType:1
*,1977,Y,ZZUnitStandard:ZZUnitStandard_ID:3047;ZZLearnership:ZZLearnership_ID:135;ref:ZZLkpUnitStandardType:ZZUnitStandardType:1
*,1978,Y,ZZUnitStandard:ZZUnitStandard_ID:3048;ZZLearnership:ZZLearnership_ID:135;ref:ZZLkpUnitStandardType:ZZUnitStandardType:1
*,1979,Y,ZZUnitStandard:ZZUnitStandard_ID:3049;ZZLearnership:ZZLearnership_ID:135;ref:ZZLkpUnitStandardType:ZZUnitStandardType:3
*,1980,Y,ZZUnitStandard:ZZUnitStandard_ID:3054;ZZLearnership:ZZLearnership_ID:135;ref:ZZLkpUnitStandardType:ZZUnitStandardType:3
*,1981,Y,ZZUnitStandard:ZZUnitStandard_ID:3055;ZZLearnership:ZZLearnership_ID:135;ref:ZZLkpUnitStandardType:ZZUnitStandardType:3
*,1982,Y,ZZUnitStandard:ZZUnitStandard_ID:3056;ZZLearnership:ZZLearnership_ID:135;ref:ZZLkpUnitStandardType:ZZUnitStandardType:3
*,1983,Y,ZZUnitStandard:ZZUnitStandard_ID:3057;ZZLearnership:ZZLearnership_ID:135;ref:ZZLkpUnitStandardType:ZZUnitStandardType:3
*,1984,Y,ZZUnitStandard:ZZUnitStandard_ID:3058;ZZLearnership:ZZLearnership_ID:135;ref:ZZLkpUnitStandardType:ZZUnitStandardType:3
*,1985,Y,ZZUnitStandard:ZZUnitStandard_ID:3066;ZZLearnership:ZZLearnership_ID:135;ref:ZZLkpUnitStandardType:ZZUnitStandardType:3
*,1986,Y,ZZUnitStandard:ZZUnitStandard_ID:3073;ZZLearnership:ZZLearnership_ID:135;ref:ZZLkpUnitStandardType:ZZUnitStandardType:3
*,1987,Y,ZZUnitStandard:ZZUnitStandard_ID:3074;ZZLearnership:ZZLearnership_ID:135;ref:ZZLkpUnitStandardType:ZZUnitStandardType:3
*,1988,Y,ZZUnitStandard:ZZUnitStandard_ID:3081;ZZLearnership:ZZLearnership_ID:135;ref:ZZLkpUnitStandardType:ZZUnitStandardType:3
*,1989,Y,ZZUnitStandard:ZZUnitStandard_ID:3083;ZZLearnership:ZZLearnership_ID:135;ref:ZZLkpUnitStandardType:ZZUnitStandardType:1
*,1990,Y,ZZUnitStandard:ZZUnitStandard_ID:3084;ZZLearnership:ZZLearnership_ID:135;ref:ZZLkpUnitStandardType:ZZUnitStandardType:3
*,1991,Y,ZZUnitStandard:ZZUnitStandard_ID:919;ZZLearnership:ZZLearnership_ID:136;ref:ZZLkpUnitStandardType:ZZUnitStandardType:1
*,1992,Y,ZZUnitStandard:ZZUnitStandard_ID:1189;ZZLearnership:ZZLearnership_ID:136;ref:ZZLkpUnitStandardType:ZZUnitStandardType:2
*,1993,Y,ZZUnitStandard:ZZUnitStandard_ID:1197;ZZLearnership:ZZLearnership_ID:136;ref:ZZLkpUnitStandardType:ZZUnitStandardType:2
*,1994,Y,ZZUnitStandard:ZZUnitStandard_ID:1198;ZZLearnership:ZZLearnership_ID:136;ref:ZZLkpUnitStandardType:ZZUnitStandardType:2
*,1995,Y,ZZUnitStandard:ZZUnitStandard_ID:2201;ZZLearnership:ZZLearnership_ID:136;ref:ZZLkpUnitStandardType:ZZUnitStandardType:2
*,1996,Y,ZZUnitStandard:ZZUnitStandard_ID:2202;ZZLearnership:ZZLearnership_ID:136;ref:ZZLkpUnitStandardType:ZZUnitStandardType:2
*,1997,Y,ZZUnitStandard:ZZUnitStandard_ID:2214;ZZLearnership:ZZLearnership_ID:136;ref:ZZLkpUnitStandardType:ZZUnitStandardType:2
*,1998,Y,ZZUnitStandard:ZZUnitStandard_ID:2215;ZZLearnership:ZZLearnership_ID:136;ref:ZZLkpUnitStandardType:ZZUnitStandardType:2
*,1999,Y,ZZUnitStandard:ZZUnitStandard_ID:2217;ZZLearnership:ZZLearnership_ID:136;ref:ZZLkpUnitStandardType:ZZUnitStandardType:2
*,2000,Y,ZZUnitStandard:ZZUnitStandard_ID:2218;ZZLearnership:ZZLearnership_ID:136;ref:ZZLkpUnitStandardType:ZZUnitStandardType:2
*,2001,Y,ZZUnitStandard:ZZUnitStandard_ID:2221;ZZLearnership:ZZLearnership_ID:136;ref:ZZLkpUnitStandardType:ZZUnitStandardType:2
*,2002,Y,ZZUnitStandard:ZZUnitStandard_ID:2406;ZZLearnership:ZZLearnership_ID:136;ref:ZZLkpUnitStandardType:ZZUnitStandardType:2
*,2003,Y,ZZUnitStandard:ZZUnitStandard_ID:2909;ZZLearnership:ZZLearnership_ID:136;ref:ZZLkpUnitStandardType:ZZUnitStandardType:1
*,2004,Y,ZZUnitStandard:ZZUnitStandard_ID:3046;ZZLearnership:ZZLearnership_ID:136;ref:ZZLkpUnitStandardType:ZZUnitStandardType:1
*,2005,Y,ZZUnitStandard:ZZUnitStandard_ID:3047;ZZLearnership:ZZLearnership_ID:136;ref:ZZLkpUnitStandardType:ZZUnitStandardType:1
*,2006,Y,ZZUnitStandard:ZZUnitStandard_ID:3048;ZZLearnership:ZZLearnership_ID:136;ref:ZZLkpUnitStandardType:ZZUnitStandardType:1
*,2007,Y,ZZUnitStandard:ZZUnitStandard_ID:3053;ZZLearnership:ZZLearnership_ID:136;ref:ZZLkpUnitStandardType:ZZUnitStandardType:3
*,2008,Y,ZZUnitStandard:ZZUnitStandard_ID:3056;ZZLearnership:ZZLearnership_ID:136;ref:ZZLkpUnitStandardType:ZZUnitStandardType:3
*,2009,Y,ZZUnitStandard:ZZUnitStandard_ID:3059;ZZLearnership:ZZLearnership_ID:136;ref:ZZLkpUnitStandardType:ZZUnitStandardType:3
*,2010,Y,ZZUnitStandard:ZZUnitStandard_ID:3062;ZZLearnership:ZZLearnership_ID:136;ref:ZZLkpUnitStandardType:ZZUnitStandardType:3
*,2011,Y,ZZUnitStandard:ZZUnitStandard_ID:3063;ZZLearnership:ZZLearnership_ID:136;ref:ZZLkpUnitStandardType:ZZUnitStandardType:3
*,2012,Y,ZZUnitStandard:ZZUnitStandard_ID:3064;ZZLearnership:ZZLearnership_ID:136;ref:ZZLkpUnitStandardType:ZZUnitStandardType:3
*,2013,Y,ZZUnitStandard:ZZUnitStandard_ID:3067;ZZLearnership:ZZLearnership_ID:136;ref:ZZLkpUnitStandardType:ZZUnitStandardType:3
*,2014,Y,ZZUnitStandard:ZZUnitStandard_ID:3068;ZZLearnership:ZZLearnership_ID:136;ref:ZZLkpUnitStandardType:ZZUnitStandardType:3
*,2015,Y,ZZUnitStandard:ZZUnitStandard_ID:3072;ZZLearnership:ZZLearnership_ID:136;ref:ZZLkpUnitStandardType:ZZUnitStandardType:3
*,2016,Y,ZZUnitStandard:ZZUnitStandard_ID:3075;ZZLearnership:ZZLearnership_ID:136;ref:ZZLkpUnitStandardType:ZZUnitStandardType:3
*,2017,Y,ZZUnitStandard:ZZUnitStandard_ID:3076;ZZLearnership:ZZLearnership_ID:136;ref:ZZLkpUnitStandardType:ZZUnitStandardType:3
*,2018,Y,ZZUnitStandard:ZZUnitStandard_ID:3077;ZZLearnership:ZZLearnership_ID:136;ref:ZZLkpUnitStandardType:ZZUnitStandardType:3
*,2019,Y,ZZUnitStandard:ZZUnitStandard_ID:3079;ZZLearnership:ZZLearnership_ID:136;ref:ZZLkpUnitStandardType:ZZUnitStandardType:3
*,2020,Y,ZZUnitStandard:ZZUnitStandard_ID:3080;ZZLearnership:ZZLearnership_ID:136;ref:ZZLkpUnitStandardType:ZZUnitStandardType:3
*,2021,Y,ZZUnitStandard:ZZUnitStandard_ID:3083;ZZLearnership:ZZLearnership_ID:136;ref:ZZLkpUnitStandardType:ZZUnitStandardType:1
*,2022,Y,ZZUnitStandard:ZZUnitStandard_ID:3085;ZZLearnership:ZZLearnership_ID:136;ref:ZZLkpUnitStandardType:ZZUnitStandardType:3
*,2023,Y,ZZUnitStandard:ZZUnitStandard_ID:699;ZZLearnership:ZZLearnership_ID:137;ref:ZZLkpUnitStandardType:ZZUnitStandardType:1
*,2024,Y,ZZUnitStandard:ZZUnitStandard_ID:919;ZZLearnership:ZZLearnership_ID:137;ref:ZZLkpUnitStandardType:ZZUnitStandardType:1
*,2025,Y,ZZUnitStandard:ZZUnitStandard_ID:922;ZZLearnership:ZZLearnership_ID:137;ref:ZZLkpUnitStandardType:ZZUnitStandardType:1
*,2026,Y,ZZUnitStandard:ZZUnitStandard_ID:930;ZZLearnership:ZZLearnership_ID:137;ref:ZZLkpUnitStandardType:ZZUnitStandardType:1
*,2027,Y,ZZUnitStandard:ZZUnitStandard_ID:980;ZZLearnership:ZZLearnership_ID:137;ref:ZZLkpUnitStandardType:ZZUnitStandardType:1
*,2028,Y,ZZUnitStandard:ZZUnitStandard_ID:987;ZZLearnership:ZZLearnership_ID:137;ref:ZZLkpUnitStandardType:ZZUnitStandardType:1
*,2029,Y,ZZUnitStandard:ZZUnitStandard_ID:1188;ZZLearnership:ZZLearnership_ID:137;ref:ZZLkpUnitStandardType:ZZUnitStandardType:2
*,2030,Y,ZZUnitStandard:ZZUnitStandard_ID:1190;ZZLearnership:ZZLearnership_ID:137;ref:ZZLkpUnitStandardType:ZZUnitStandardType:2
*,2031,Y,ZZUnitStandard:ZZUnitStandard_ID:1196;ZZLearnership:ZZLearnership_ID:137;ref:ZZLkpUnitStandardType:ZZUnitStandardType:2
*,2032,Y,ZZUnitStandard:ZZUnitStandard_ID:1518;ZZLearnership:ZZLearnership_ID:137;ref:ZZLkpUnitStandardType:ZZUnitStandardType:2
*,2033,Y,ZZUnitStandard:ZZUnitStandard_ID:1543;ZZLearnership:ZZLearnership_ID:137;ref:ZZLkpUnitStandardType:ZZUnitStandardType:1
*,2034,Y,ZZUnitStandard:ZZUnitStandard_ID:2201;ZZLearnership:ZZLearnership_ID:137;ref:ZZLkpUnitStandardType:ZZUnitStandardType:2
*,2035,Y,ZZUnitStandard:ZZUnitStandard_ID:2202;ZZLearnership:ZZLearnership_ID:137;ref:ZZLkpUnitStandardType:ZZUnitStandardType:2
*,2036,Y,ZZUnitStandard:ZZUnitStandard_ID:2218;ZZLearnership:ZZLearnership_ID:137;ref:ZZLkpUnitStandardType:ZZUnitStandardType:2
*,2037,Y,ZZUnitStandard:ZZUnitStandard_ID:2221;ZZLearnership:ZZLearnership_ID:137;ref:ZZLkpUnitStandardType:ZZUnitStandardType:2
*,2038,Y,ZZUnitStandard:ZZUnitStandard_ID:2555;ZZLearnership:ZZLearnership_ID:137;ref:ZZLkpUnitStandardType:ZZUnitStandardType:3
*,2039,Y,ZZUnitStandard:ZZUnitStandard_ID:2884;ZZLearnership:ZZLearnership_ID:137;ref:ZZLkpUnitStandardType:ZZUnitStandardType:3
*,2040,Y,ZZUnitStandard:ZZUnitStandard_ID:3045;ZZLearnership:ZZLearnership_ID:137;ref:ZZLkpUnitStandardType:ZZUnitStandardType:3
*,2041,Y,ZZUnitStandard:ZZUnitStandard_ID:3357;ZZLearnership:ZZLearnership_ID:137;ref:ZZLkpUnitStandardType:ZZUnitStandardType:1
*,2042,Y,ZZUnitStandard:ZZUnitStandard_ID:3358;ZZLearnership:ZZLearnership_ID:137;ref:ZZLkpUnitStandardType:ZZUnitStandardType:3
*,2043,Y,ZZUnitStandard:ZZUnitStandard_ID:3365;ZZLearnership:ZZLearnership_ID:137;ref:ZZLkpUnitStandardType:ZZUnitStandardType:1
*,2044,Y,ZZUnitStandard:ZZUnitStandard_ID:3380;ZZLearnership:ZZLearnership_ID:137;ref:ZZLkpUnitStandardType:ZZUnitStandardType:1
*,2045,Y,ZZUnitStandard:ZZUnitStandard_ID:3382;ZZLearnership:ZZLearnership_ID:137;ref:ZZLkpUnitStandardType:ZZUnitStandardType:1
*,2046,Y,ZZUnitStandard:ZZUnitStandard_ID:3383;ZZLearnership:ZZLearnership_ID:137;ref:ZZLkpUnitStandardType:ZZUnitStandardType:1
*,2047,Y,ZZUnitStandard:ZZUnitStandard_ID:3384;ZZLearnership:ZZLearnership_ID:137;ref:ZZLkpUnitStandardType:ZZUnitStandardType:3
*,2048,Y,ZZUnitStandard:ZZUnitStandard_ID:3487;ZZLearnership:ZZLearnership_ID:137;ref:ZZLkpUnitStandardType:ZZUnitStandardType:3
*,2049,Y,ZZUnitStandard:ZZUnitStandard_ID:3493;ZZLearnership:ZZLearnership_ID:137;ref:ZZLkpUnitStandardType:ZZUnitStandardType:3
*,2050,Y,ZZUnitStandard:ZZUnitStandard_ID:3503;ZZLearnership:ZZLearnership_ID:137;ref:ZZLkpUnitStandardType:ZZUnitStandardType:3
*,2051,Y,ZZUnitStandard:ZZUnitStandard_ID:3507;ZZLearnership:ZZLearnership_ID:137;ref:ZZLkpUnitStandardType:ZZUnitStandardType:3
*,2052,Y,ZZUnitStandard:ZZUnitStandard_ID:3509;ZZLearnership:ZZLearnership_ID:137;ref:ZZLkpUnitStandardType:ZZUnitStandardType:3
*,2053,Y,ZZUnitStandard:ZZUnitStandard_ID:3510;ZZLearnership:ZZLearnership_ID:137;ref:ZZLkpUnitStandardType:ZZUnitStandardType:3
*,2054,Y,ZZUnitStandard:ZZUnitStandard_ID:3512;ZZLearnership:ZZLearnership_ID:137;ref:ZZLkpUnitStandardType:ZZUnitStandardType:3
*,2055,Y,ZZUnitStandard:ZZUnitStandard_ID:3518;ZZLearnership:ZZLearnership_ID:137;ref:ZZLkpUnitStandardType:ZZUnitStandardType:3
*,2056,Y,ZZUnitStandard:ZZUnitStandard_ID:3519;ZZLearnership:ZZLearnership_ID:137;ref:ZZLkpUnitStandardType:ZZUnitStandardType:3
*,2057,Y,ZZUnitStandard:ZZUnitStandard_ID:3527;ZZLearnership:ZZLearnership_ID:137;ref:ZZLkpUnitStandardType:ZZUnitStandardType:1
*,2058,Y,ZZUnitStandard:ZZUnitStandard_ID:3530;ZZLearnership:ZZLearnership_ID:137;ref:ZZLkpUnitStandardType:ZZUnitStandardType:1
*,2059,Y,ZZUnitStandard:ZZUnitStandard_ID:3532;ZZLearnership:ZZLearnership_ID:137;ref:ZZLkpUnitStandardType:ZZUnitStandardType:3
*,2060,Y,ZZUnitStandard:ZZUnitStandard_ID:1185;ZZLearnership:ZZLearnership_ID:138;ref:ZZLkpUnitStandardType:ZZUnitStandardType:2
*,2061,Y,ZZUnitStandard:ZZUnitStandard_ID:1186;ZZLearnership:ZZLearnership_ID:138;ref:ZZLkpUnitStandardType:ZZUnitStandardType:2
*,2062,Y,ZZUnitStandard:ZZUnitStandard_ID:1194;ZZLearnership:ZZLearnership_ID:138;ref:ZZLkpUnitStandardType:ZZUnitStandardType:2
*,2063,Y,ZZUnitStandard:ZZUnitStandard_ID:1514;ZZLearnership:ZZLearnership_ID:138;ref:ZZLkpUnitStandardType:ZZUnitStandardType:2
*,2064,Y,ZZUnitStandard:ZZUnitStandard_ID:1516;ZZLearnership:ZZLearnership_ID:138;ref:ZZLkpUnitStandardType:ZZUnitStandardType:2
*,2065,Y,ZZUnitStandard:ZZUnitStandard_ID:2340;ZZLearnership:ZZLearnership_ID:138;ref:ZZLkpUnitStandardType:ZZUnitStandardType:2
*,2066,Y,ZZUnitStandard:ZZUnitStandard_ID:2450;ZZLearnership:ZZLearnership_ID:138;ref:ZZLkpUnitStandardType:ZZUnitStandardType:2
*,2067,Y,ZZUnitStandard:ZZUnitStandard_ID:2452;ZZLearnership:ZZLearnership_ID:138;ref:ZZLkpUnitStandardType:ZZUnitStandardType:2
*,2068,Y,ZZUnitStandard:ZZUnitStandard_ID:2453;ZZLearnership:ZZLearnership_ID:138;ref:ZZLkpUnitStandardType:ZZUnitStandardType:2
*,2069,Y,ZZUnitStandard:ZZUnitStandard_ID:2856;ZZLearnership:ZZLearnership_ID:138;ref:ZZLkpUnitStandardType:ZZUnitStandardType:1
*,2070,Y,ZZUnitStandard:ZZUnitStandard_ID:3276;ZZLearnership:ZZLearnership_ID:138;ref:ZZLkpUnitStandardType:ZZUnitStandardType:1
*,2071,Y,ZZUnitStandard:ZZUnitStandard_ID:3277;ZZLearnership:ZZLearnership_ID:138;ref:ZZLkpUnitStandardType:ZZUnitStandardType:1
*,2072,Y,ZZUnitStandard:ZZUnitStandard_ID:3278;ZZLearnership:ZZLearnership_ID:138;ref:ZZLkpUnitStandardType:ZZUnitStandardType:1
*,2073,Y,ZZUnitStandard:ZZUnitStandard_ID:3279;ZZLearnership:ZZLearnership_ID:138;ref:ZZLkpUnitStandardType:ZZUnitStandardType:1
*,2074,Y,ZZUnitStandard:ZZUnitStandard_ID:3280;ZZLearnership:ZZLearnership_ID:138;ref:ZZLkpUnitStandardType:ZZUnitStandardType:1
*,2075,Y,ZZUnitStandard:ZZUnitStandard_ID:3281;ZZLearnership:ZZLearnership_ID:138;ref:ZZLkpUnitStandardType:ZZUnitStandardType:1
*,2076,Y,ZZUnitStandard:ZZUnitStandard_ID:3282;ZZLearnership:ZZLearnership_ID:138;ref:ZZLkpUnitStandardType:ZZUnitStandardType:1
*,2077,Y,ZZUnitStandard:ZZUnitStandard_ID:3283;ZZLearnership:ZZLearnership_ID:138;ref:ZZLkpUnitStandardType:ZZUnitStandardType:1
*,2078,Y,ZZUnitStandard:ZZUnitStandard_ID:3284;ZZLearnership:ZZLearnership_ID:138;ref:ZZLkpUnitStandardType:ZZUnitStandardType:1
*,2079,Y,ZZUnitStandard:ZZUnitStandard_ID:3285;ZZLearnership:ZZLearnership_ID:138;ref:ZZLkpUnitStandardType:ZZUnitStandardType:1
*,2080,Y,ZZUnitStandard:ZZUnitStandard_ID:3286;ZZLearnership:ZZLearnership_ID:138;ref:ZZLkpUnitStandardType:ZZUnitStandardType:1
*,2081,Y,ZZUnitStandard:ZZUnitStandard_ID:3287;ZZLearnership:ZZLearnership_ID:138;ref:ZZLkpUnitStandardType:ZZUnitStandardType:3
*,2082,Y,ZZUnitStandard:ZZUnitStandard_ID:3288;ZZLearnership:ZZLearnership_ID:138;ref:ZZLkpUnitStandardType:ZZUnitStandardType:3
*,2083,Y,ZZUnitStandard:ZZUnitStandard_ID:3289;ZZLearnership:ZZLearnership_ID:138;ref:ZZLkpUnitStandardType:ZZUnitStandardType:3
*,2084,Y,ZZUnitStandard:ZZUnitStandard_ID:3290;ZZLearnership:ZZLearnership_ID:138;ref:ZZLkpUnitStandardType:ZZUnitStandardType:3
*,2085,Y,ZZUnitStandard:ZZUnitStandard_ID:3291;ZZLearnership:ZZLearnership_ID:138;ref:ZZLkpUnitStandardType:ZZUnitStandardType:3
*,2086,Y,ZZUnitStandard:ZZUnitStandard_ID:3292;ZZLearnership:ZZLearnership_ID:138;ref:ZZLkpUnitStandardType:ZZUnitStandardType:3
*,2087,Y,ZZUnitStandard:ZZUnitStandard_ID:3293;ZZLearnership:ZZLearnership_ID:138;ref:ZZLkpUnitStandardType:ZZUnitStandardType:3
*,2088,Y,ZZUnitStandard:ZZUnitStandard_ID:3294;ZZLearnership:ZZLearnership_ID:138;ref:ZZLkpUnitStandardType:ZZUnitStandardType:3
*,2089,Y,ZZUnitStandard:ZZUnitStandard_ID:3295;ZZLearnership:ZZLearnership_ID:138;ref:ZZLkpUnitStandardType:ZZUnitStandardType:3
*,2090,Y,ZZUnitStandard:ZZUnitStandard_ID:1188;ZZLearnership:ZZLearnership_ID:139;ref:ZZLkpUnitStandardType:ZZUnitStandardType:2
*,2091,Y,ZZUnitStandard:ZZUnitStandard_ID:1190;ZZLearnership:ZZLearnership_ID:139;ref:ZZLkpUnitStandardType:ZZUnitStandardType:2
*,2092,Y,ZZUnitStandard:ZZUnitStandard_ID:1196;ZZLearnership:ZZLearnership_ID:139;ref:ZZLkpUnitStandardType:ZZUnitStandardType:2
*,2093,Y,ZZUnitStandard:ZZUnitStandard_ID:1518;ZZLearnership:ZZLearnership_ID:139;ref:ZZLkpUnitStandardType:ZZUnitStandardType:2
*,2094,Y,ZZUnitStandard:ZZUnitStandard_ID:2201;ZZLearnership:ZZLearnership_ID:139;ref:ZZLkpUnitStandardType:ZZUnitStandardType:2
*,2095,Y,ZZUnitStandard:ZZUnitStandard_ID:2202;ZZLearnership:ZZLearnership_ID:139;ref:ZZLkpUnitStandardType:ZZUnitStandardType:2
*,2096,Y,ZZUnitStandard:ZZUnitStandard_ID:2218;ZZLearnership:ZZLearnership_ID:139;ref:ZZLkpUnitStandardType:ZZUnitStandardType:2
*,2097,Y,ZZUnitStandard:ZZUnitStandard_ID:2221;ZZLearnership:ZZLearnership_ID:139;ref:ZZLkpUnitStandardType:ZZUnitStandardType:2
*,2098,Y,ZZUnitStandard:ZZUnitStandard_ID:3291;ZZLearnership:ZZLearnership_ID:139;ref:ZZLkpUnitStandardType:ZZUnitStandardType:3
*,2099,Y,ZZUnitStandard:ZZUnitStandard_ID:3296;ZZLearnership:ZZLearnership_ID:139;ref:ZZLkpUnitStandardType:ZZUnitStandardType:1
*,2100,Y,ZZUnitStandard:ZZUnitStandard_ID:3297;ZZLearnership:ZZLearnership_ID:139;ref:ZZLkpUnitStandardType:ZZUnitStandardType:1
*,2101,Y,ZZUnitStandard:ZZUnitStandard_ID:3298;ZZLearnership:ZZLearnership_ID:139;ref:ZZLkpUnitStandardType:ZZUnitStandardType:1
*,2102,Y,ZZUnitStandard:ZZUnitStandard_ID:3299;ZZLearnership:ZZLearnership_ID:139;ref:ZZLkpUnitStandardType:ZZUnitStandardType:1
*,2103,Y,ZZUnitStandard:ZZUnitStandard_ID:3300;ZZLearnership:ZZLearnership_ID:139;ref:ZZLkpUnitStandardType:ZZUnitStandardType:1
*,2104,Y,ZZUnitStandard:ZZUnitStandard_ID:3301;ZZLearnership:ZZLearnership_ID:139;ref:ZZLkpUnitStandardType:ZZUnitStandardType:1
*,2105,Y,ZZUnitStandard:ZZUnitStandard_ID:3302;ZZLearnership:ZZLearnership_ID:139;ref:ZZLkpUnitStandardType:ZZUnitStandardType:1
*,2106,Y,ZZUnitStandard:ZZUnitStandard_ID:3303;ZZLearnership:ZZLearnership_ID:139;ref:ZZLkpUnitStandardType:ZZUnitStandardType:3
*,2107,Y,ZZUnitStandard:ZZUnitStandard_ID:3304;ZZLearnership:ZZLearnership_ID:139;ref:ZZLkpUnitStandardType:ZZUnitStandardType:3
*,2108,Y,ZZUnitStandard:ZZUnitStandard_ID:3305;ZZLearnership:ZZLearnership_ID:139;ref:ZZLkpUnitStandardType:ZZUnitStandardType:3
*,2109,Y,ZZUnitStandard:ZZUnitStandard_ID:3306;ZZLearnership:ZZLearnership_ID:139;ref:ZZLkpUnitStandardType:ZZUnitStandardType:3
*,2110,Y,ZZUnitStandard:ZZUnitStandard_ID:3307;ZZLearnership:ZZLearnership_ID:139;ref:ZZLkpUnitStandardType:ZZUnitStandardType:3
*,2111,Y,ZZUnitStandard:ZZUnitStandard_ID:3308;ZZLearnership:ZZLearnership_ID:139;ref:ZZLkpUnitStandardType:ZZUnitStandardType:3
*,2112,Y,ZZUnitStandard:ZZUnitStandard_ID:3309;ZZLearnership:ZZLearnership_ID:139;ref:ZZLkpUnitStandardType:ZZUnitStandardType:3
*,2113,Y,ZZUnitStandard:ZZUnitStandard_ID:3310;ZZLearnership:ZZLearnership_ID:139;ref:ZZLkpUnitStandardType:ZZUnitStandardType:3
*,2114,Y,ZZUnitStandard:ZZUnitStandard_ID:3311;ZZLearnership:ZZLearnership_ID:139;ref:ZZLkpUnitStandardType:ZZUnitStandardType:3
*,2115,Y,ZZUnitStandard:ZZUnitStandard_ID:3312;ZZLearnership:ZZLearnership_ID:139;ref:ZZLkpUnitStandardType:ZZUnitStandardType:3
*,2116,Y,ZZUnitStandard:ZZUnitStandard_ID:3313;ZZLearnership:ZZLearnership_ID:139;ref:ZZLkpUnitStandardType:ZZUnitStandardType:3
*,2117,Y,ZZUnitStandard:ZZUnitStandard_ID:3314;ZZLearnership:ZZLearnership_ID:139;ref:ZZLkpUnitStandardType:ZZUnitStandardType:3
*,2118,Y,ZZUnitStandard:ZZUnitStandard_ID:3315;ZZLearnership:ZZLearnership_ID:139;ref:ZZLkpUnitStandardType:ZZUnitStandardType:3
*,2119,Y,ZZUnitStandard:ZZUnitStandard_ID:3316;ZZLearnership:ZZLearnership_ID:139;ref:ZZLkpUnitStandardType:ZZUnitStandardType:3
*,2120,Y,ZZUnitStandard:ZZUnitStandard_ID:3317;ZZLearnership:ZZLearnership_ID:139;ref:ZZLkpUnitStandardType:ZZUnitStandardType:3
*,2121,Y,ZZUnitStandard:ZZUnitStandard_ID:3318;ZZLearnership:ZZLearnership_ID:139;ref:ZZLkpUnitStandardType:ZZUnitStandardType:3
*,2122,Y,ZZUnitStandard:ZZUnitStandard_ID:3319;ZZLearnership:ZZLearnership_ID:139;ref:ZZLkpUnitStandardType:ZZUnitStandardType:3
*,2123,Y,ZZUnitStandard:ZZUnitStandard_ID:3320;ZZLearnership:ZZLearnership_ID:139;ref:ZZLkpUnitStandardType:ZZUnitStandardType:3
*,2124,Y,ZZUnitStandard:ZZUnitStandard_ID:3321;ZZLearnership:ZZLearnership_ID:139;ref:ZZLkpUnitStandardType:ZZUnitStandardType:3
*,2125,Y,ZZUnitStandard:ZZUnitStandard_ID:3322;ZZLearnership:ZZLearnership_ID:139;ref:ZZLkpUnitStandardType:ZZUnitStandardType:3
*,2126,Y,ZZUnitStandard:ZZUnitStandard_ID:3323;ZZLearnership:ZZLearnership_ID:139;ref:ZZLkpUnitStandardType:ZZUnitStandardType:3
*,2127,Y,ZZUnitStandard:ZZUnitStandard_ID:3324;ZZLearnership:ZZLearnership_ID:139;ref:ZZLkpUnitStandardType:ZZUnitStandardType:3
*,2128,Y,ZZUnitStandard:ZZUnitStandard_ID:3325;ZZLearnership:ZZLearnership_ID:139;ref:ZZLkpUnitStandardType:ZZUnitStandardType:3
*,2129,Y,ZZUnitStandard:ZZUnitStandard_ID:3549;ZZLearnership:ZZLearnership_ID:139;ref:ZZLkpUnitStandardType:ZZUnitStandardType:3
*,2130,Y,ZZUnitStandard:ZZUnitStandard_ID:171;ZZLearnership:ZZLearnership_ID:140;ref:ZZLkpUnitStandardType:ZZUnitStandardType:3
*,2131,Y,ZZUnitStandard:ZZUnitStandard_ID:1185;ZZLearnership:ZZLearnership_ID:140;ref:ZZLkpUnitStandardType:ZZUnitStandardType:2
*,2132,Y,ZZUnitStandard:ZZUnitStandard_ID:1186;ZZLearnership:ZZLearnership_ID:140;ref:ZZLkpUnitStandardType:ZZUnitStandardType:2
*,2133,Y,ZZUnitStandard:ZZUnitStandard_ID:1194;ZZLearnership:ZZLearnership_ID:140;ref:ZZLkpUnitStandardType:ZZUnitStandardType:2
*,2134,Y,ZZUnitStandard:ZZUnitStandard_ID:1466;ZZLearnership:ZZLearnership_ID:140;ref:ZZLkpUnitStandardType:ZZUnitStandardType:1
*,2135,Y,ZZUnitStandard:ZZUnitStandard_ID:1514;ZZLearnership:ZZLearnership_ID:140;ref:ZZLkpUnitStandardType:ZZUnitStandardType:2
*,2136,Y,ZZUnitStandard:ZZUnitStandard_ID:1516;ZZLearnership:ZZLearnership_ID:140;ref:ZZLkpUnitStandardType:ZZUnitStandardType:2
*,2137,Y,ZZUnitStandard:ZZUnitStandard_ID:1725;ZZLearnership:ZZLearnership_ID:140;ref:ZZLkpUnitStandardType:ZZUnitStandardType:1
*,2138,Y,ZZUnitStandard:ZZUnitStandard_ID:1726;ZZLearnership:ZZLearnership_ID:140;ref:ZZLkpUnitStandardType:ZZUnitStandardType:1
*,2139,Y,ZZUnitStandard:ZZUnitStandard_ID:1897;ZZLearnership:ZZLearnership_ID:140;ref:ZZLkpUnitStandardType:ZZUnitStandardType:1
*,2140,Y,ZZUnitStandard:ZZUnitStandard_ID:2340;ZZLearnership:ZZLearnership_ID:140;ref:ZZLkpUnitStandardType:ZZUnitStandardType:2
*,2141,Y,ZZUnitStandard:ZZUnitStandard_ID:2450;ZZLearnership:ZZLearnership_ID:140;ref:ZZLkpUnitStandardType:ZZUnitStandardType:2
*,2142,Y,ZZUnitStandard:ZZUnitStandard_ID:2452;ZZLearnership:ZZLearnership_ID:140;ref:ZZLkpUnitStandardType:ZZUnitStandardType:2
*,2143,Y,ZZUnitStandard:ZZUnitStandard_ID:2453;ZZLearnership:ZZLearnership_ID:140;ref:ZZLkpUnitStandardType:ZZUnitStandardType:2
*,2144,Y,ZZUnitStandard:ZZUnitStandard_ID:2457;ZZLearnership:ZZLearnership_ID:140;ref:ZZLkpUnitStandardType:ZZUnitStandardType:1
*,2145,Y,ZZUnitStandard:ZZUnitStandard_ID:3086;ZZLearnership:ZZLearnership_ID:140;ref:ZZLkpUnitStandardType:ZZUnitStandardType:1
*,2146,Y,ZZUnitStandard:ZZUnitStandard_ID:3087;ZZLearnership:ZZLearnership_ID:140;ref:ZZLkpUnitStandardType:ZZUnitStandardType:1
*,2147,Y,ZZUnitStandard:ZZUnitStandard_ID:3088;ZZLearnership:ZZLearnership_ID:140;ref:ZZLkpUnitStandardType:ZZUnitStandardType:1
*,2148,Y,ZZUnitStandard:ZZUnitStandard_ID:3089;ZZLearnership:ZZLearnership_ID:140;ref:ZZLkpUnitStandardType:ZZUnitStandardType:1
*,2149,Y,ZZUnitStandard:ZZUnitStandard_ID:3090;ZZLearnership:ZZLearnership_ID:140;ref:ZZLkpUnitStandardType:ZZUnitStandardType:1
*,2150,Y,ZZUnitStandard:ZZUnitStandard_ID:3091;ZZLearnership:ZZLearnership_ID:140;ref:ZZLkpUnitStandardType:ZZUnitStandardType:1
*,2151,Y,ZZUnitStandard:ZZUnitStandard_ID:3092;ZZLearnership:ZZLearnership_ID:140;ref:ZZLkpUnitStandardType:ZZUnitStandardType:1
*,2152,Y,ZZUnitStandard:ZZUnitStandard_ID:3093;ZZLearnership:ZZLearnership_ID:140;ref:ZZLkpUnitStandardType:ZZUnitStandardType:1
*,2153,Y,ZZUnitStandard:ZZUnitStandard_ID:3094;ZZLearnership:ZZLearnership_ID:140;ref:ZZLkpUnitStandardType:ZZUnitStandardType:1
*,2154,Y,ZZUnitStandard:ZZUnitStandard_ID:3095;ZZLearnership:ZZLearnership_ID:140;ref:ZZLkpUnitStandardType:ZZUnitStandardType:1
*,2155,Y,ZZUnitStandard:ZZUnitStandard_ID:3096;ZZLearnership:ZZLearnership_ID:140;ref:ZZLkpUnitStandardType:ZZUnitStandardType:1
*,2156,Y,ZZUnitStandard:ZZUnitStandard_ID:3097;ZZLearnership:ZZLearnership_ID:140;ref:ZZLkpUnitStandardType:ZZUnitStandardType:3
*,2157,Y,ZZUnitStandard:ZZUnitStandard_ID:3098;ZZLearnership:ZZLearnership_ID:140;ref:ZZLkpUnitStandardType:ZZUnitStandardType:3
*,2158,Y,ZZUnitStandard:ZZUnitStandard_ID:3099;ZZLearnership:ZZLearnership_ID:140;ref:ZZLkpUnitStandardType:ZZUnitStandardType:3
*,2159,Y,ZZUnitStandard:ZZUnitStandard_ID:3100;ZZLearnership:ZZLearnership_ID:140;ref:ZZLkpUnitStandardType:ZZUnitStandardType:3
*,2160,Y,ZZUnitStandard:ZZUnitStandard_ID:3101;ZZLearnership:ZZLearnership_ID:140;ref:ZZLkpUnitStandardType:ZZUnitStandardType:3
*,2161,Y,ZZUnitStandard:ZZUnitStandard_ID:3104;ZZLearnership:ZZLearnership_ID:140;ref:ZZLkpUnitStandardType:ZZUnitStandardType:3
*,2162,Y,ZZUnitStandard:ZZUnitStandard_ID:3105;ZZLearnership:ZZLearnership_ID:140;ref:ZZLkpUnitStandardType:ZZUnitStandardType:3
*,2163,Y,ZZUnitStandard:ZZUnitStandard_ID:3106;ZZLearnership:ZZLearnership_ID:140;ref:ZZLkpUnitStandardType:ZZUnitStandardType:3
*,2164,Y,ZZUnitStandard:ZZUnitStandard_ID:3108;ZZLearnership:ZZLearnership_ID:140;ref:ZZLkpUnitStandardType:ZZUnitStandardType:3
*,2165,Y,ZZUnitStandard:ZZUnitStandard_ID:3109;ZZLearnership:ZZLearnership_ID:140;ref:ZZLkpUnitStandardType:ZZUnitStandardType:3
*,2166,Y,ZZUnitStandard:ZZUnitStandard_ID:3111;ZZLearnership:ZZLearnership_ID:140;ref:ZZLkpUnitStandardType:ZZUnitStandardType:1
*,2167,Y,ZZUnitStandard:ZZUnitStandard_ID:3113;ZZLearnership:ZZLearnership_ID:140;ref:ZZLkpUnitStandardType:ZZUnitStandardType:1
*,2168,Y,ZZUnitStandard:ZZUnitStandard_ID:1188;ZZLearnership:ZZLearnership_ID:141;ref:ZZLkpUnitStandardType:ZZUnitStandardType:2
*,2169,Y,ZZUnitStandard:ZZUnitStandard_ID:1190;ZZLearnership:ZZLearnership_ID:141;ref:ZZLkpUnitStandardType:ZZUnitStandardType:2
*,2170,Y,ZZUnitStandard:ZZUnitStandard_ID:1196;ZZLearnership:ZZLearnership_ID:141;ref:ZZLkpUnitStandardType:ZZUnitStandardType:2
*,2171,Y,ZZUnitStandard:ZZUnitStandard_ID:1476;ZZLearnership:ZZLearnership_ID:141;ref:ZZLkpUnitStandardType:ZZUnitStandardType:1
*,2172,Y,ZZUnitStandard:ZZUnitStandard_ID:1518;ZZLearnership:ZZLearnership_ID:141;ref:ZZLkpUnitStandardType:ZZUnitStandardType:2
*,2173,Y,ZZUnitStandard:ZZUnitStandard_ID:1713;ZZLearnership:ZZLearnership_ID:141;ref:ZZLkpUnitStandardType:ZZUnitStandardType:1
*,2174,Y,ZZUnitStandard:ZZUnitStandard_ID:2201;ZZLearnership:ZZLearnership_ID:141;ref:ZZLkpUnitStandardType:ZZUnitStandardType:2
*,2175,Y,ZZUnitStandard:ZZUnitStandard_ID:2202;ZZLearnership:ZZLearnership_ID:141;ref:ZZLkpUnitStandardType:ZZUnitStandardType:2
*,2176,Y,ZZUnitStandard:ZZUnitStandard_ID:2218;ZZLearnership:ZZLearnership_ID:141;ref:ZZLkpUnitStandardType:ZZUnitStandardType:2
*,2177,Y,ZZUnitStandard:ZZUnitStandard_ID:2221;ZZLearnership:ZZLearnership_ID:141;ref:ZZLkpUnitStandardType:ZZUnitStandardType:2
*,2178,Y,ZZUnitStandard:ZZUnitStandard_ID:2420;ZZLearnership:ZZLearnership_ID:141;ref:ZZLkpUnitStandardType:ZZUnitStandardType:3
*,2179,Y,ZZUnitStandard:ZZUnitStandard_ID:3114;ZZLearnership:ZZLearnership_ID:141;ref:ZZLkpUnitStandardType:ZZUnitStandardType:1
*,2180,Y,ZZUnitStandard:ZZUnitStandard_ID:3115;ZZLearnership:ZZLearnership_ID:141;ref:ZZLkpUnitStandardType:ZZUnitStandardType:1
*,2181,Y,ZZUnitStandard:ZZUnitStandard_ID:3116;ZZLearnership:ZZLearnership_ID:141;ref:ZZLkpUnitStandardType:ZZUnitStandardType:1
*,2182,Y,ZZUnitStandard:ZZUnitStandard_ID:3117;ZZLearnership:ZZLearnership_ID:141;ref:ZZLkpUnitStandardType:ZZUnitStandardType:1
*,2183,Y,ZZUnitStandard:ZZUnitStandard_ID:3118;ZZLearnership:ZZLearnership_ID:141;ref:ZZLkpUnitStandardType:ZZUnitStandardType:1
*,2184,Y,ZZUnitStandard:ZZUnitStandard_ID:3119;ZZLearnership:ZZLearnership_ID:141;ref:ZZLkpUnitStandardType:ZZUnitStandardType:1
*,2185,Y,ZZUnitStandard:ZZUnitStandard_ID:3120;ZZLearnership:ZZLearnership_ID:141;ref:ZZLkpUnitStandardType:ZZUnitStandardType:1
*,2186,Y,ZZUnitStandard:ZZUnitStandard_ID:3121;ZZLearnership:ZZLearnership_ID:141;ref:ZZLkpUnitStandardType:ZZUnitStandardType:1
*,2187,Y,ZZUnitStandard:ZZUnitStandard_ID:3122;ZZLearnership:ZZLearnership_ID:141;ref:ZZLkpUnitStandardType:ZZUnitStandardType:1
*,2188,Y,ZZUnitStandard:ZZUnitStandard_ID:3124;ZZLearnership:ZZLearnership_ID:141;ref:ZZLkpUnitStandardType:ZZUnitStandardType:3
*,2189,Y,ZZUnitStandard:ZZUnitStandard_ID:3125;ZZLearnership:ZZLearnership_ID:141;ref:ZZLkpUnitStandardType:ZZUnitStandardType:3
*,2190,Y,ZZUnitStandard:ZZUnitStandard_ID:3127;ZZLearnership:ZZLearnership_ID:141;ref:ZZLkpUnitStandardType:ZZUnitStandardType:3
*,2191,Y,ZZUnitStandard:ZZUnitStandard_ID:3128;ZZLearnership:ZZLearnership_ID:141;ref:ZZLkpUnitStandardType:ZZUnitStandardType:3
*,2192,Y,ZZUnitStandard:ZZUnitStandard_ID:3129;ZZLearnership:ZZLearnership_ID:141;ref:ZZLkpUnitStandardType:ZZUnitStandardType:3
*,2193,Y,ZZUnitStandard:ZZUnitStandard_ID:3130;ZZLearnership:ZZLearnership_ID:141;ref:ZZLkpUnitStandardType:ZZUnitStandardType:3
*,2194,Y,ZZUnitStandard:ZZUnitStandard_ID:3131;ZZLearnership:ZZLearnership_ID:141;ref:ZZLkpUnitStandardType:ZZUnitStandardType:3
*,2195,Y,ZZUnitStandard:ZZUnitStandard_ID:3132;ZZLearnership:ZZLearnership_ID:141;ref:ZZLkpUnitStandardType:ZZUnitStandardType:3
*,2196,Y,ZZUnitStandard:ZZUnitStandard_ID:3133;ZZLearnership:ZZLearnership_ID:141;ref:ZZLkpUnitStandardType:ZZUnitStandardType:3
*,2197,Y,ZZUnitStandard:ZZUnitStandard_ID:3134;ZZLearnership:ZZLearnership_ID:141;ref:ZZLkpUnitStandardType:ZZUnitStandardType:3
*,2198,Y,ZZUnitStandard:ZZUnitStandard_ID:3135;ZZLearnership:ZZLearnership_ID:141;ref:ZZLkpUnitStandardType:ZZUnitStandardType:3
*,2199,Y,ZZUnitStandard:ZZUnitStandard_ID:3136;ZZLearnership:ZZLearnership_ID:141;ref:ZZLkpUnitStandardType:ZZUnitStandardType:3
*,2200,Y,ZZUnitStandard:ZZUnitStandard_ID:3137;ZZLearnership:ZZLearnership_ID:141;ref:ZZLkpUnitStandardType:ZZUnitStandardType:3
*,2201,Y,ZZUnitStandard:ZZUnitStandard_ID:3138;ZZLearnership:ZZLearnership_ID:141;ref:ZZLkpUnitStandardType:ZZUnitStandardType:3
*,2202,Y,ZZUnitStandard:ZZUnitStandard_ID:3139;ZZLearnership:ZZLearnership_ID:141;ref:ZZLkpUnitStandardType:ZZUnitStandardType:3
*,2203,Y,ZZUnitStandard:ZZUnitStandard_ID:3140;ZZLearnership:ZZLearnership_ID:141;ref:ZZLkpUnitStandardType:ZZUnitStandardType:3
*,2204,Y,ZZUnitStandard:ZZUnitStandard_ID:3145;ZZLearnership:ZZLearnership_ID:141;ref:ZZLkpUnitStandardType:ZZUnitStandardType:3
*,2205,Y,ZZUnitStandard:ZZUnitStandard_ID:157;ZZLearnership:ZZLearnership_ID:142;ref:ZZLkpUnitStandardType:ZZUnitStandardType:3
*,2206,Y,ZZUnitStandard:ZZUnitStandard_ID:1189;ZZLearnership:ZZLearnership_ID:142;ref:ZZLkpUnitStandardType:ZZUnitStandardType:2
*,2207,Y,ZZUnitStandard:ZZUnitStandard_ID:1197;ZZLearnership:ZZLearnership_ID:142;ref:ZZLkpUnitStandardType:ZZUnitStandardType:2
*,2208,Y,ZZUnitStandard:ZZUnitStandard_ID:1198;ZZLearnership:ZZLearnership_ID:142;ref:ZZLkpUnitStandardType:ZZUnitStandardType:2
*,2209,Y,ZZUnitStandard:ZZUnitStandard_ID:1477;ZZLearnership:ZZLearnership_ID:142;ref:ZZLkpUnitStandardType:ZZUnitStandardType:1
*,2210,Y,ZZUnitStandard:ZZUnitStandard_ID:2201;ZZLearnership:ZZLearnership_ID:142;ref:ZZLkpUnitStandardType:ZZUnitStandardType:2
*,2211,Y,ZZUnitStandard:ZZUnitStandard_ID:2202;ZZLearnership:ZZLearnership_ID:142;ref:ZZLkpUnitStandardType:ZZUnitStandardType:2
*,2212,Y,ZZUnitStandard:ZZUnitStandard_ID:2214;ZZLearnership:ZZLearnership_ID:142;ref:ZZLkpUnitStandardType:ZZUnitStandardType:2
*,2213,Y,ZZUnitStandard:ZZUnitStandard_ID:2215;ZZLearnership:ZZLearnership_ID:142;ref:ZZLkpUnitStandardType:ZZUnitStandardType:2
*,2214,Y,ZZUnitStandard:ZZUnitStandard_ID:2217;ZZLearnership:ZZLearnership_ID:142;ref:ZZLkpUnitStandardType:ZZUnitStandardType:2
*,2215,Y,ZZUnitStandard:ZZUnitStandard_ID:2218;ZZLearnership:ZZLearnership_ID:142;ref:ZZLkpUnitStandardType:ZZUnitStandardType:2
*,2216,Y,ZZUnitStandard:ZZUnitStandard_ID:2221;ZZLearnership:ZZLearnership_ID:142;ref:ZZLkpUnitStandardType:ZZUnitStandardType:2
*,2217,Y,ZZUnitStandard:ZZUnitStandard_ID:2406;ZZLearnership:ZZLearnership_ID:142;ref:ZZLkpUnitStandardType:ZZUnitStandardType:2
*,2218,Y,ZZUnitStandard:ZZUnitStandard_ID:2424;ZZLearnership:ZZLearnership_ID:142;ref:ZZLkpUnitStandardType:ZZUnitStandardType:3
*,2219,Y,ZZUnitStandard:ZZUnitStandard_ID:2470;ZZLearnership:ZZLearnership_ID:142;ref:ZZLkpUnitStandardType:ZZUnitStandardType:3
*,2220,Y,ZZUnitStandard:ZZUnitStandard_ID:3148;ZZLearnership:ZZLearnership_ID:142;ref:ZZLkpUnitStandardType:ZZUnitStandardType:1
*,2221,Y,ZZUnitStandard:ZZUnitStandard_ID:3149;ZZLearnership:ZZLearnership_ID:142;ref:ZZLkpUnitStandardType:ZZUnitStandardType:1
*,2222,Y,ZZUnitStandard:ZZUnitStandard_ID:3150;ZZLearnership:ZZLearnership_ID:142;ref:ZZLkpUnitStandardType:ZZUnitStandardType:1
*,2223,Y,ZZUnitStandard:ZZUnitStandard_ID:3151;ZZLearnership:ZZLearnership_ID:142;ref:ZZLkpUnitStandardType:ZZUnitStandardType:1
*,2224,Y,ZZUnitStandard:ZZUnitStandard_ID:3152;ZZLearnership:ZZLearnership_ID:142;ref:ZZLkpUnitStandardType:ZZUnitStandardType:1
*,2225,Y,ZZUnitStandard:ZZUnitStandard_ID:3154;ZZLearnership:ZZLearnership_ID:142;ref:ZZLkpUnitStandardType:ZZUnitStandardType:3
*,2226,Y,ZZUnitStandard:ZZUnitStandard_ID:3155;ZZLearnership:ZZLearnership_ID:142;ref:ZZLkpUnitStandardType:ZZUnitStandardType:3
*,2227,Y,ZZUnitStandard:ZZUnitStandard_ID:3156;ZZLearnership:ZZLearnership_ID:142;ref:ZZLkpUnitStandardType:ZZUnitStandardType:3
*,2228,Y,ZZUnitStandard:ZZUnitStandard_ID:3161;ZZLearnership:ZZLearnership_ID:142;ref:ZZLkpUnitStandardType:ZZUnitStandardType:3
*,2229,Y,ZZUnitStandard:ZZUnitStandard_ID:3162;ZZLearnership:ZZLearnership_ID:142;ref:ZZLkpUnitStandardType:ZZUnitStandardType:3
*,2230,Y,ZZUnitStandard:ZZUnitStandard_ID:3163;ZZLearnership:ZZLearnership_ID:142;ref:ZZLkpUnitStandardType:ZZUnitStandardType:3
*,2231,Y,ZZUnitStandard:ZZUnitStandard_ID:3164;ZZLearnership:ZZLearnership_ID:142;ref:ZZLkpUnitStandardType:ZZUnitStandardType:3
*,2232,Y,ZZUnitStandard:ZZUnitStandard_ID:3165;ZZLearnership:ZZLearnership_ID:142;ref:ZZLkpUnitStandardType:ZZUnitStandardType:3
*,2233,Y,ZZUnitStandard:ZZUnitStandard_ID:3166;ZZLearnership:ZZLearnership_ID:142;ref:ZZLkpUnitStandardType:ZZUnitStandardType:3
*,2234,Y,ZZUnitStandard:ZZUnitStandard_ID:3167;ZZLearnership:ZZLearnership_ID:142;ref:ZZLkpUnitStandardType:ZZUnitStandardType:3
*,2235,Y,ZZUnitStandard:ZZUnitStandard_ID:3171;ZZLearnership:ZZLearnership_ID:142;ref:ZZLkpUnitStandardType:ZZUnitStandardType:3
*,2236,Y,ZZUnitStandard:ZZUnitStandard_ID:3172;ZZLearnership:ZZLearnership_ID:142;ref:ZZLkpUnitStandardType:ZZUnitStandardType:3
*,2237,Y,ZZUnitStandard:ZZUnitStandard_ID:3173;ZZLearnership:ZZLearnership_ID:142;ref:ZZLkpUnitStandardType:ZZUnitStandardType:3
*,2238,Y,ZZUnitStandard:ZZUnitStandard_ID:3174;ZZLearnership:ZZLearnership_ID:142;ref:ZZLkpUnitStandardType:ZZUnitStandardType:3
*,2239,Y,ZZUnitStandard:ZZUnitStandard_ID:3175;ZZLearnership:ZZLearnership_ID:142;ref:ZZLkpUnitStandardType:ZZUnitStandardType:3
*,2240,Y,ZZUnitStandard:ZZUnitStandard_ID:3177;ZZLearnership:ZZLearnership_ID:142;ref:ZZLkpUnitStandardType:ZZUnitStandardType:3
*,2241,Y,ZZUnitStandard:ZZUnitStandard_ID:3178;ZZLearnership:ZZLearnership_ID:142;ref:ZZLkpUnitStandardType:ZZUnitStandardType:3
*,2242,Y,ZZUnitStandard:ZZUnitStandard_ID:3179;ZZLearnership:ZZLearnership_ID:142;ref:ZZLkpUnitStandardType:ZZUnitStandardType:3
*,2243,Y,ZZUnitStandard:ZZUnitStandard_ID:3180;ZZLearnership:ZZLearnership_ID:142;ref:ZZLkpUnitStandardType:ZZUnitStandardType:3
*,2244,Y,ZZUnitStandard:ZZUnitStandard_ID:3182;ZZLearnership:ZZLearnership_ID:142;ref:ZZLkpUnitStandardType:ZZUnitStandardType:3
*,2245,Y,ZZUnitStandard:ZZUnitStandard_ID:3185;ZZLearnership:ZZLearnership_ID:142;ref:ZZLkpUnitStandardType:ZZUnitStandardType:3
*,2246,Y,ZZUnitStandard:ZZUnitStandard_ID:3187;ZZLearnership:ZZLearnership_ID:142;ref:ZZLkpUnitStandardType:ZZUnitStandardType:3
*,2247,Y,ZZUnitStandard:ZZUnitStandard_ID:1189;ZZLearnership:ZZLearnership_ID:143;ref:ZZLkpUnitStandardType:ZZUnitStandardType:2
*,2248,Y,ZZUnitStandard:ZZUnitStandard_ID:1197;ZZLearnership:ZZLearnership_ID:143;ref:ZZLkpUnitStandardType:ZZUnitStandardType:2
*,2249,Y,ZZUnitStandard:ZZUnitStandard_ID:1198;ZZLearnership:ZZLearnership_ID:143;ref:ZZLkpUnitStandardType:ZZUnitStandardType:2
*,2250,Y,ZZUnitStandard:ZZUnitStandard_ID:1884;ZZLearnership:ZZLearnership_ID:143;ref:ZZLkpUnitStandardType:ZZUnitStandardType:1
*,2251,Y,ZZUnitStandard:ZZUnitStandard_ID:2201;ZZLearnership:ZZLearnership_ID:143;ref:ZZLkpUnitStandardType:ZZUnitStandardType:2
*,2252,Y,ZZUnitStandard:ZZUnitStandard_ID:2202;ZZLearnership:ZZLearnership_ID:143;ref:ZZLkpUnitStandardType:ZZUnitStandardType:2
*,2253,Y,ZZUnitStandard:ZZUnitStandard_ID:2214;ZZLearnership:ZZLearnership_ID:143;ref:ZZLkpUnitStandardType:ZZUnitStandardType:2
*,2254,Y,ZZUnitStandard:ZZUnitStandard_ID:2215;ZZLearnership:ZZLearnership_ID:143;ref:ZZLkpUnitStandardType:ZZUnitStandardType:2
*,2255,Y,ZZUnitStandard:ZZUnitStandard_ID:2217;ZZLearnership:ZZLearnership_ID:143;ref:ZZLkpUnitStandardType:ZZUnitStandardType:2
*,2256,Y,ZZUnitStandard:ZZUnitStandard_ID:2218;ZZLearnership:ZZLearnership_ID:143;ref:ZZLkpUnitStandardType:ZZUnitStandardType:2
*,2257,Y,ZZUnitStandard:ZZUnitStandard_ID:2221;ZZLearnership:ZZLearnership_ID:143;ref:ZZLkpUnitStandardType:ZZUnitStandardType:2
*,2258,Y,ZZUnitStandard:ZZUnitStandard_ID:2406;ZZLearnership:ZZLearnership_ID:143;ref:ZZLkpUnitStandardType:ZZUnitStandardType:2
*,2259,Y,ZZUnitStandard:ZZUnitStandard_ID:2587;ZZLearnership:ZZLearnership_ID:143;ref:ZZLkpUnitStandardType:ZZUnitStandardType:1
*,2260,Y,ZZUnitStandard:ZZUnitStandard_ID:3355;ZZLearnership:ZZLearnership_ID:143;ref:ZZLkpUnitStandardType:ZZUnitStandardType:3
*,2261,Y,ZZUnitStandard:ZZUnitStandard_ID:3359;ZZLearnership:ZZLearnership_ID:143;ref:ZZLkpUnitStandardType:ZZUnitStandardType:3
*,2262,Y,ZZUnitStandard:ZZUnitStandard_ID:3360;ZZLearnership:ZZLearnership_ID:143;ref:ZZLkpUnitStandardType:ZZUnitStandardType:1
*,2263,Y,ZZUnitStandard:ZZUnitStandard_ID:3362;ZZLearnership:ZZLearnership_ID:143;ref:ZZLkpUnitStandardType:ZZUnitStandardType:3
*,2264,Y,ZZUnitStandard:ZZUnitStandard_ID:3363;ZZLearnership:ZZLearnership_ID:143;ref:ZZLkpUnitStandardType:ZZUnitStandardType:3
*,2265,Y,ZZUnitStandard:ZZUnitStandard_ID:3369;ZZLearnership:ZZLearnership_ID:143;ref:ZZLkpUnitStandardType:ZZUnitStandardType:3
*,2266,Y,ZZUnitStandard:ZZUnitStandard_ID:3379;ZZLearnership:ZZLearnership_ID:143;ref:ZZLkpUnitStandardType:ZZUnitStandardType:3
*,2267,Y,ZZUnitStandard:ZZUnitStandard_ID:3455;ZZLearnership:ZZLearnership_ID:143;ref:ZZLkpUnitStandardType:ZZUnitStandardType:3
*,2268,Y,ZZUnitStandard:ZZUnitStandard_ID:3456;ZZLearnership:ZZLearnership_ID:143;ref:ZZLkpUnitStandardType:ZZUnitStandardType:3
*,2269,Y,ZZUnitStandard:ZZUnitStandard_ID:3569;ZZLearnership:ZZLearnership_ID:143;ref:ZZLkpUnitStandardType:ZZUnitStandardType:1
*,2270,Y,ZZUnitStandard:ZZUnitStandard_ID:3570;ZZLearnership:ZZLearnership_ID:143;ref:ZZLkpUnitStandardType:ZZUnitStandardType:1
*,2271,Y,ZZUnitStandard:ZZUnitStandard_ID:3571;ZZLearnership:ZZLearnership_ID:143;ref:ZZLkpUnitStandardType:ZZUnitStandardType:3
*,2272,Y,ZZUnitStandard:ZZUnitStandard_ID:3572;ZZLearnership:ZZLearnership_ID:143;ref:ZZLkpUnitStandardType:ZZUnitStandardType:3
*,2273,Y,ZZUnitStandard:ZZUnitStandard_ID:3573;ZZLearnership:ZZLearnership_ID:143;ref:ZZLkpUnitStandardType:ZZUnitStandardType:3
*,2274,Y,ZZUnitStandard:ZZUnitStandard_ID:3574;ZZLearnership:ZZLearnership_ID:143;ref:ZZLkpUnitStandardType:ZZUnitStandardType:3
*,2275,Y,ZZUnitStandard:ZZUnitStandard_ID:3575;ZZLearnership:ZZLearnership_ID:143;ref:ZZLkpUnitStandardType:ZZUnitStandardType:3
*,2276,Y,ZZUnitStandard:ZZUnitStandard_ID:3576;ZZLearnership:ZZLearnership_ID:143;ref:ZZLkpUnitStandardType:ZZUnitStandardType:3
*,2277,Y,ZZUnitStandard:ZZUnitStandard_ID:3577;ZZLearnership:ZZLearnership_ID:143;ref:ZZLkpUnitStandardType:ZZUnitStandardType:3
*,2278,Y,ZZUnitStandard:ZZUnitStandard_ID:3578;ZZLearnership:ZZLearnership_ID:143;ref:ZZLkpUnitStandardType:ZZUnitStandardType:3
*,2279,Y,ZZUnitStandard:ZZUnitStandard_ID:3579;ZZLearnership:ZZLearnership_ID:143;ref:ZZLkpUnitStandardType:ZZUnitStandardType:3
*,2280,Y,ZZUnitStandard:ZZUnitStandard_ID:3580;ZZLearnership:ZZLearnership_ID:143;ref:ZZLkpUnitStandardType:ZZUnitStandardType:3
*,2281,Y,ZZUnitStandard:ZZUnitStandard_ID:3581;ZZLearnership:ZZLearnership_ID:143;ref:ZZLkpUnitStandardType:ZZUnitStandardType:3
*,2282,Y,ZZUnitStandard:ZZUnitStandard_ID:3582;ZZLearnership:ZZLearnership_ID:143;ref:ZZLkpUnitStandardType:ZZUnitStandardType:3
*,2283,Y,ZZUnitStandard:ZZUnitStandard_ID:1185;ZZLearnership:ZZLearnership_ID:144;ref:ZZLkpUnitStandardType:ZZUnitStandardType:2
*,2284,Y,ZZUnitStandard:ZZUnitStandard_ID:1186;ZZLearnership:ZZLearnership_ID:144;ref:ZZLkpUnitStandardType:ZZUnitStandardType:2
*,2285,Y,ZZUnitStandard:ZZUnitStandard_ID:1194;ZZLearnership:ZZLearnership_ID:144;ref:ZZLkpUnitStandardType:ZZUnitStandardType:2
*,2286,Y,ZZUnitStandard:ZZUnitStandard_ID:1502;ZZLearnership:ZZLearnership_ID:144;ref:ZZLkpUnitStandardType:ZZUnitStandardType:3
*,2287,Y,ZZUnitStandard:ZZUnitStandard_ID:1514;ZZLearnership:ZZLearnership_ID:144;ref:ZZLkpUnitStandardType:ZZUnitStandardType:2
*,2288,Y,ZZUnitStandard:ZZUnitStandard_ID:1516;ZZLearnership:ZZLearnership_ID:144;ref:ZZLkpUnitStandardType:ZZUnitStandardType:2
*,2289,Y,ZZUnitStandard:ZZUnitStandard_ID:1718;ZZLearnership:ZZLearnership_ID:144;ref:ZZLkpUnitStandardType:ZZUnitStandardType:1
*,2290,Y,ZZUnitStandard:ZZUnitStandard_ID:1722;ZZLearnership:ZZLearnership_ID:144;ref:ZZLkpUnitStandardType:ZZUnitStandardType:1
*,2291,Y,ZZUnitStandard:ZZUnitStandard_ID:1725;ZZLearnership:ZZLearnership_ID:144;ref:ZZLkpUnitStandardType:ZZUnitStandardType:3
*,2292,Y,ZZUnitStandard:ZZUnitStandard_ID:2326;ZZLearnership:ZZLearnership_ID:144;ref:ZZLkpUnitStandardType:ZZUnitStandardType:1
*,2293,Y,ZZUnitStandard:ZZUnitStandard_ID:2327;ZZLearnership:ZZLearnership_ID:144;ref:ZZLkpUnitStandardType:ZZUnitStandardType:3
*,2294,Y,ZZUnitStandard:ZZUnitStandard_ID:2340;ZZLearnership:ZZLearnership_ID:144;ref:ZZLkpUnitStandardType:ZZUnitStandardType:2
*,2295,Y,ZZUnitStandard:ZZUnitStandard_ID:2446;ZZLearnership:ZZLearnership_ID:144;ref:ZZLkpUnitStandardType:ZZUnitStandardType:1
*,2296,Y,ZZUnitStandard:ZZUnitStandard_ID:2450;ZZLearnership:ZZLearnership_ID:144;ref:ZZLkpUnitStandardType:ZZUnitStandardType:2
*,2297,Y,ZZUnitStandard:ZZUnitStandard_ID:2452;ZZLearnership:ZZLearnership_ID:144;ref:ZZLkpUnitStandardType:ZZUnitStandardType:2
*,2298,Y,ZZUnitStandard:ZZUnitStandard_ID:2453;ZZLearnership:ZZLearnership_ID:144;ref:ZZLkpUnitStandardType:ZZUnitStandardType:2
*,2299,Y,ZZUnitStandard:ZZUnitStandard_ID:2456;ZZLearnership:ZZLearnership_ID:144;ref:ZZLkpUnitStandardType:ZZUnitStandardType:3
*,2300,Y,ZZUnitStandard:ZZUnitStandard_ID:2475;ZZLearnership:ZZLearnership_ID:144;ref:ZZLkpUnitStandardType:ZZUnitStandardType:3
*,2301,Y,ZZUnitStandard:ZZUnitStandard_ID:2488;ZZLearnership:ZZLearnership_ID:144;ref:ZZLkpUnitStandardType:ZZUnitStandardType:3
*,2302,Y,ZZUnitStandard:ZZUnitStandard_ID:2489;ZZLearnership:ZZLearnership_ID:144;ref:ZZLkpUnitStandardType:ZZUnitStandardType:3
*,2303,Y,ZZUnitStandard:ZZUnitStandard_ID:2531;ZZLearnership:ZZLearnership_ID:144;ref:ZZLkpUnitStandardType:ZZUnitStandardType:3
*,2304,Y,ZZUnitStandard:ZZUnitStandard_ID:2637;ZZLearnership:ZZLearnership_ID:144;ref:ZZLkpUnitStandardType:ZZUnitStandardType:1
*,2305,Y,ZZUnitStandard:ZZUnitStandard_ID:2638;ZZLearnership:ZZLearnership_ID:144;ref:ZZLkpUnitStandardType:ZZUnitStandardType:1
*,2306,Y,ZZUnitStandard:ZZUnitStandard_ID:2641;ZZLearnership:ZZLearnership_ID:144;ref:ZZLkpUnitStandardType:ZZUnitStandardType:3
*,2307,Y,ZZUnitStandard:ZZUnitStandard_ID:2642;ZZLearnership:ZZLearnership_ID:144;ref:ZZLkpUnitStandardType:ZZUnitStandardType:3
*,2308,Y,ZZUnitStandard:ZZUnitStandard_ID:2643;ZZLearnership:ZZLearnership_ID:144;ref:ZZLkpUnitStandardType:ZZUnitStandardType:1
*,2309,Y,ZZUnitStandard:ZZUnitStandard_ID:2651;ZZLearnership:ZZLearnership_ID:144;ref:ZZLkpUnitStandardType:ZZUnitStandardType:3
*,2310,Y,ZZUnitStandard:ZZUnitStandard_ID:2652;ZZLearnership:ZZLearnership_ID:144;ref:ZZLkpUnitStandardType:ZZUnitStandardType:3
*,2311,Y,ZZUnitStandard:ZZUnitStandard_ID:2660;ZZLearnership:ZZLearnership_ID:144;ref:ZZLkpUnitStandardType:ZZUnitStandardType:3
*,2312,Y,ZZUnitStandard:ZZUnitStandard_ID:2932;ZZLearnership:ZZLearnership_ID:144;ref:ZZLkpUnitStandardType:ZZUnitStandardType:3
*,2313,Y,ZZUnitStandard:ZZUnitStandard_ID:3223;ZZLearnership:ZZLearnership_ID:144;ref:ZZLkpUnitStandardType:ZZUnitStandardType:1
*,2314,Y,ZZUnitStandard:ZZUnitStandard_ID:3224;ZZLearnership:ZZLearnership_ID:144;ref:ZZLkpUnitStandardType:ZZUnitStandardType:1
*,2315,Y,ZZUnitStandard:ZZUnitStandard_ID:3225;ZZLearnership:ZZLearnership_ID:144;ref:ZZLkpUnitStandardType:ZZUnitStandardType:3
*,2316,Y,ZZUnitStandard:ZZUnitStandard_ID:3226;ZZLearnership:ZZLearnership_ID:144;ref:ZZLkpUnitStandardType:ZZUnitStandardType:1
*,2317,Y,ZZUnitStandard:ZZUnitStandard_ID:3227;ZZLearnership:ZZLearnership_ID:144;ref:ZZLkpUnitStandardType:ZZUnitStandardType:3
*,2318,Y,ZZUnitStandard:ZZUnitStandard_ID:3228;ZZLearnership:ZZLearnership_ID:144;ref:ZZLkpUnitStandardType:ZZUnitStandardType:3
*,2319,Y,ZZUnitStandard:ZZUnitStandard_ID:3229;ZZLearnership:ZZLearnership_ID:144;ref:ZZLkpUnitStandardType:ZZUnitStandardType:3
*,2320,Y,ZZUnitStandard:ZZUnitStandard_ID:3230;ZZLearnership:ZZLearnership_ID:144;ref:ZZLkpUnitStandardType:ZZUnitStandardType:3
*,2321,Y,ZZUnitStandard:ZZUnitStandard_ID:3231;ZZLearnership:ZZLearnership_ID:144;ref:ZZLkpUnitStandardType:ZZUnitStandardType:3
*,2322,Y,ZZUnitStandard:ZZUnitStandard_ID:3232;ZZLearnership:ZZLearnership_ID:144;ref:ZZLkpUnitStandardType:ZZUnitStandardType:3
*,2323,Y,ZZUnitStandard:ZZUnitStandard_ID:1189;ZZLearnership:ZZLearnership_ID:145;ref:ZZLkpUnitStandardType:ZZUnitStandardType:2
*,2324,Y,ZZUnitStandard:ZZUnitStandard_ID:1197;ZZLearnership:ZZLearnership_ID:145;ref:ZZLkpUnitStandardType:ZZUnitStandardType:2
*,2325,Y,ZZUnitStandard:ZZUnitStandard_ID:1198;ZZLearnership:ZZLearnership_ID:145;ref:ZZLkpUnitStandardType:ZZUnitStandardType:2
*,2326,Y,ZZUnitStandard:ZZUnitStandard_ID:1343;ZZLearnership:ZZLearnership_ID:145;ref:ZZLkpUnitStandardType:ZZUnitStandardType:3
*,2327,Y,ZZUnitStandard:ZZUnitStandard_ID:1354;ZZLearnership:ZZLearnership_ID:145;ref:ZZLkpUnitStandardType:ZZUnitStandardType:3
*,2328,Y,ZZUnitStandard:ZZUnitStandard_ID:1357;ZZLearnership:ZZLearnership_ID:145;ref:ZZLkpUnitStandardType:ZZUnitStandardType:3
*,2329,Y,ZZUnitStandard:ZZUnitStandard_ID:1503;ZZLearnership:ZZLearnership_ID:145;ref:ZZLkpUnitStandardType:ZZUnitStandardType:3
*,2330,Y,ZZUnitStandard:ZZUnitStandard_ID:1679;ZZLearnership:ZZLearnership_ID:145;ref:ZZLkpUnitStandardType:ZZUnitStandardType:3
*,2331,Y,ZZUnitStandard:ZZUnitStandard_ID:1701;ZZLearnership:ZZLearnership_ID:145;ref:ZZLkpUnitStandardType:ZZUnitStandardType:1
*,2332,Y,ZZUnitStandard:ZZUnitStandard_ID:1702;ZZLearnership:ZZLearnership_ID:145;ref:ZZLkpUnitStandardType:ZZUnitStandardType:3
*,2333,Y,ZZUnitStandard:ZZUnitStandard_ID:1708;ZZLearnership:ZZLearnership_ID:145;ref:ZZLkpUnitStandardType:ZZUnitStandardType:3
*,2334,Y,ZZUnitStandard:ZZUnitStandard_ID:2160;ZZLearnership:ZZLearnership_ID:145;ref:ZZLkpUnitStandardType:ZZUnitStandardType:3
*,2335,Y,ZZUnitStandard:ZZUnitStandard_ID:2201;ZZLearnership:ZZLearnership_ID:145;ref:ZZLkpUnitStandardType:ZZUnitStandardType:2
*,2336,Y,ZZUnitStandard:ZZUnitStandard_ID:2202;ZZLearnership:ZZLearnership_ID:145;ref:ZZLkpUnitStandardType:ZZUnitStandardType:2
*,2337,Y,ZZUnitStandard:ZZUnitStandard_ID:2214;ZZLearnership:ZZLearnership_ID:145;ref:ZZLkpUnitStandardType:ZZUnitStandardType:3
*,2338,Y,ZZUnitStandard:ZZUnitStandard_ID:2215;ZZLearnership:ZZLearnership_ID:145;ref:ZZLkpUnitStandardType:ZZUnitStandardType:2
*,2339,Y,ZZUnitStandard:ZZUnitStandard_ID:2217;ZZLearnership:ZZLearnership_ID:145;ref:ZZLkpUnitStandardType:ZZUnitStandardType:2
*,2340,Y,ZZUnitStandard:ZZUnitStandard_ID:2218;ZZLearnership:ZZLearnership_ID:145;ref:ZZLkpUnitStandardType:ZZUnitStandardType:2
*,2341,Y,ZZUnitStandard:ZZUnitStandard_ID:2221;ZZLearnership:ZZLearnership_ID:145;ref:ZZLkpUnitStandardType:ZZUnitStandardType:2
*,2342,Y,ZZUnitStandard:ZZUnitStandard_ID:2406;ZZLearnership:ZZLearnership_ID:145;ref:ZZLkpUnitStandardType:ZZUnitStandardType:3
*,2343,Y,ZZUnitStandard:ZZUnitStandard_ID:2513;ZZLearnership:ZZLearnership_ID:145;ref:ZZLkpUnitStandardType:ZZUnitStandardType:1
*,2344,Y,ZZUnitStandard:ZZUnitStandard_ID:3188;ZZLearnership:ZZLearnership_ID:145;ref:ZZLkpUnitStandardType:ZZUnitStandardType:1
*,2345,Y,ZZUnitStandard:ZZUnitStandard_ID:3189;ZZLearnership:ZZLearnership_ID:145;ref:ZZLkpUnitStandardType:ZZUnitStandardType:1
*,2346,Y,ZZUnitStandard:ZZUnitStandard_ID:3190;ZZLearnership:ZZLearnership_ID:145;ref:ZZLkpUnitStandardType:ZZUnitStandardType:1
*,2347,Y,ZZUnitStandard:ZZUnitStandard_ID:3191;ZZLearnership:ZZLearnership_ID:145;ref:ZZLkpUnitStandardType:ZZUnitStandardType:1
*,2348,Y,ZZUnitStandard:ZZUnitStandard_ID:3192;ZZLearnership:ZZLearnership_ID:145;ref:ZZLkpUnitStandardType:ZZUnitStandardType:1
*,2349,Y,ZZUnitStandard:ZZUnitStandard_ID:3193;ZZLearnership:ZZLearnership_ID:145;ref:ZZLkpUnitStandardType:ZZUnitStandardType:1
*,2350,Y,ZZUnitStandard:ZZUnitStandard_ID:3194;ZZLearnership:ZZLearnership_ID:145;ref:ZZLkpUnitStandardType:ZZUnitStandardType:1
*,2351,Y,ZZUnitStandard:ZZUnitStandard_ID:3195;ZZLearnership:ZZLearnership_ID:145;ref:ZZLkpUnitStandardType:ZZUnitStandardType:1
*,2352,Y,ZZUnitStandard:ZZUnitStandard_ID:3196;ZZLearnership:ZZLearnership_ID:145;ref:ZZLkpUnitStandardType:ZZUnitStandardType:1
*,2353,Y,ZZUnitStandard:ZZUnitStandard_ID:3197;ZZLearnership:ZZLearnership_ID:145;ref:ZZLkpUnitStandardType:ZZUnitStandardType:1
*,2354,Y,ZZUnitStandard:ZZUnitStandard_ID:3198;ZZLearnership:ZZLearnership_ID:145;ref:ZZLkpUnitStandardType:ZZUnitStandardType:1
*,2355,Y,ZZUnitStandard:ZZUnitStandard_ID:3199;ZZLearnership:ZZLearnership_ID:145;ref:ZZLkpUnitStandardType:ZZUnitStandardType:3
*,2356,Y,ZZUnitStandard:ZZUnitStandard_ID:3200;ZZLearnership:ZZLearnership_ID:145;ref:ZZLkpUnitStandardType:ZZUnitStandardType:3
*,2357,Y,ZZUnitStandard:ZZUnitStandard_ID:3201;ZZLearnership:ZZLearnership_ID:145;ref:ZZLkpUnitStandardType:ZZUnitStandardType:3
*,2358,Y,ZZUnitStandard:ZZUnitStandard_ID:3202;ZZLearnership:ZZLearnership_ID:145;ref:ZZLkpUnitStandardType:ZZUnitStandardType:3
*,2359,Y,ZZUnitStandard:ZZUnitStandard_ID:3203;ZZLearnership:ZZLearnership_ID:145;ref:ZZLkpUnitStandardType:ZZUnitStandardType:3
*,2360,Y,ZZUnitStandard:ZZUnitStandard_ID:3204;ZZLearnership:ZZLearnership_ID:145;ref:ZZLkpUnitStandardType:ZZUnitStandardType:3
*,2361,Y,ZZUnitStandard:ZZUnitStandard_ID:3205;ZZLearnership:ZZLearnership_ID:145;ref:ZZLkpUnitStandardType:ZZUnitStandardType:3
*,2362,Y,ZZUnitStandard:ZZUnitStandard_ID:3206;ZZLearnership:ZZLearnership_ID:145;ref:ZZLkpUnitStandardType:ZZUnitStandardType:3
*,2363,Y,ZZUnitStandard:ZZUnitStandard_ID:3207;ZZLearnership:ZZLearnership_ID:145;ref:ZZLkpUnitStandardType:ZZUnitStandardType:3
*,2364,Y,ZZUnitStandard:ZZUnitStandard_ID:3208;ZZLearnership:ZZLearnership_ID:145;ref:ZZLkpUnitStandardType:ZZUnitStandardType:3
*,2365,Y,ZZUnitStandard:ZZUnitStandard_ID:3209;ZZLearnership:ZZLearnership_ID:145;ref:ZZLkpUnitStandardType:ZZUnitStandardType:3
*,2366,Y,ZZUnitStandard:ZZUnitStandard_ID:3210;ZZLearnership:ZZLearnership_ID:145;ref:ZZLkpUnitStandardType:ZZUnitStandardType:1
*,2367,Y,ZZUnitStandard:ZZUnitStandard_ID:3211;ZZLearnership:ZZLearnership_ID:145;ref:ZZLkpUnitStandardType:ZZUnitStandardType:3
*,2368,Y,ZZUnitStandard:ZZUnitStandard_ID:3212;ZZLearnership:ZZLearnership_ID:145;ref:ZZLkpUnitStandardType:ZZUnitStandardType:3
*,2369,Y,ZZUnitStandard:ZZUnitStandard_ID:3213;ZZLearnership:ZZLearnership_ID:145;ref:ZZLkpUnitStandardType:ZZUnitStandardType:3
*,2370,Y,ZZUnitStandard:ZZUnitStandard_ID:3214;ZZLearnership:ZZLearnership_ID:145;ref:ZZLkpUnitStandardType:ZZUnitStandardType:3
*,2371,Y,ZZUnitStandard:ZZUnitStandard_ID:3215;ZZLearnership:ZZLearnership_ID:145;ref:ZZLkpUnitStandardType:ZZUnitStandardType:2
*,2372,Y,ZZUnitStandard:ZZUnitStandard_ID:3216;ZZLearnership:ZZLearnership_ID:145;ref:ZZLkpUnitStandardType:ZZUnitStandardType:3
*,2373,Y,ZZUnitStandard:ZZUnitStandard_ID:133;ZZLearnership:ZZLearnership_ID:147;ref:ZZLkpUnitStandardType:ZZUnitStandardType:1
*,2374,Y,ZZUnitStandard:ZZUnitStandard_ID:143;ZZLearnership:ZZLearnership_ID:147;ref:ZZLkpUnitStandardType:ZZUnitStandardType:3
*,2375,Y,ZZUnitStandard:ZZUnitStandard_ID:144;ZZLearnership:ZZLearnership_ID:147;ref:ZZLkpUnitStandardType:ZZUnitStandardType:1
*,2376,Y,ZZUnitStandard:ZZUnitStandard_ID:145;ZZLearnership:ZZLearnership_ID:147;ref:ZZLkpUnitStandardType:ZZUnitStandardType:1
*,2377,Y,ZZUnitStandard:ZZUnitStandard_ID:146;ZZLearnership:ZZLearnership_ID:147;ref:ZZLkpUnitStandardType:ZZUnitStandardType:1
*,2378,Y,ZZUnitStandard:ZZUnitStandard_ID:491;ZZLearnership:ZZLearnership_ID:147;ref:ZZLkpUnitStandardType:ZZUnitStandardType:1
*,2379,Y,ZZUnitStandard:ZZUnitStandard_ID:492;ZZLearnership:ZZLearnership_ID:147;ref:ZZLkpUnitStandardType:ZZUnitStandardType:1
*,2380,Y,ZZUnitStandard:ZZUnitStandard_ID:493;ZZLearnership:ZZLearnership_ID:147;ref:ZZLkpUnitStandardType:ZZUnitStandardType:1
*,2381,Y,ZZUnitStandard:ZZUnitStandard_ID:495;ZZLearnership:ZZLearnership_ID:147;ref:ZZLkpUnitStandardType:ZZUnitStandardType:1
*,2382,Y,ZZUnitStandard:ZZUnitStandard_ID:498;ZZLearnership:ZZLearnership_ID:147;ref:ZZLkpUnitStandardType:ZZUnitStandardType:1
*,2383,Y,ZZUnitStandard:ZZUnitStandard_ID:919;ZZLearnership:ZZLearnership_ID:147;ref:ZZLkpUnitStandardType:ZZUnitStandardType:3
*,2384,Y,ZZUnitStandard:ZZUnitStandard_ID:1161;ZZLearnership:ZZLearnership_ID:147;ref:ZZLkpUnitStandardType:ZZUnitStandardType:2
*,2385,Y,ZZUnitStandard:ZZUnitStandard_ID:1162;ZZLearnership:ZZLearnership_ID:147;ref:ZZLkpUnitStandardType:ZZUnitStandardType:2
*,2386,Y,ZZUnitStandard:ZZUnitStandard_ID:1164;ZZLearnership:ZZLearnership_ID:147;ref:ZZLkpUnitStandardType:ZZUnitStandardType:2
*,2387,Y,ZZUnitStandard:ZZUnitStandard_ID:1165;ZZLearnership:ZZLearnership_ID:147;ref:ZZLkpUnitStandardType:ZZUnitStandardType:2
*,2388,Y,ZZUnitStandard:ZZUnitStandard_ID:1167;ZZLearnership:ZZLearnership_ID:147;ref:ZZLkpUnitStandardType:ZZUnitStandardType:2
*,2389,Y,ZZUnitStandard:ZZUnitStandard_ID:1173;ZZLearnership:ZZLearnership_ID:147;ref:ZZLkpUnitStandardType:ZZUnitStandardType:2
*,2390,Y,ZZUnitStandard:ZZUnitStandard_ID:1176;ZZLearnership:ZZLearnership_ID:147;ref:ZZLkpUnitStandardType:ZZUnitStandardType:2
*,2391,Y,ZZUnitStandard:ZZUnitStandard_ID:1177;ZZLearnership:ZZLearnership_ID:147;ref:ZZLkpUnitStandardType:ZZUnitStandardType:2
*,2392,Y,ZZUnitStandard:ZZUnitStandard_ID:1184;ZZLearnership:ZZLearnership_ID:147;ref:ZZLkpUnitStandardType:ZZUnitStandardType:2
*,2393,Y,ZZUnitStandard:ZZUnitStandard_ID:1185;ZZLearnership:ZZLearnership_ID:147;ref:ZZLkpUnitStandardType:ZZUnitStandardType:2
*,2394,Y,ZZUnitStandard:ZZUnitStandard_ID:1186;ZZLearnership:ZZLearnership_ID:147;ref:ZZLkpUnitStandardType:ZZUnitStandardType:2
*,2395,Y,ZZUnitStandard:ZZUnitStandard_ID:1188;ZZLearnership:ZZLearnership_ID:147;ref:ZZLkpUnitStandardType:ZZUnitStandardType:2
*,2396,Y,ZZUnitStandard:ZZUnitStandard_ID:1189;ZZLearnership:ZZLearnership_ID:147;ref:ZZLkpUnitStandardType:ZZUnitStandardType:2
*,2397,Y,ZZUnitStandard:ZZUnitStandard_ID:1190;ZZLearnership:ZZLearnership_ID:147;ref:ZZLkpUnitStandardType:ZZUnitStandardType:2
*,2398,Y,ZZUnitStandard:ZZUnitStandard_ID:1191;ZZLearnership:ZZLearnership_ID:147;ref:ZZLkpUnitStandardType:ZZUnitStandardType:2
*,2399,Y,ZZUnitStandard:ZZUnitStandard_ID:1194;ZZLearnership:ZZLearnership_ID:147;ref:ZZLkpUnitStandardType:ZZUnitStandardType:2
*,2400,Y,ZZUnitStandard:ZZUnitStandard_ID:1404;ZZLearnership:ZZLearnership_ID:147;ref:ZZLkpUnitStandardType:ZZUnitStandardType:1
*,2401,Y,ZZUnitStandard:ZZUnitStandard_ID:1405;ZZLearnership:ZZLearnership_ID:147;ref:ZZLkpUnitStandardType:ZZUnitStandardType:1
*,2402,Y,ZZUnitStandard:ZZUnitStandard_ID:1419;ZZLearnership:ZZLearnership_ID:147;ref:ZZLkpUnitStandardType:ZZUnitStandardType:1
*,2403,Y,ZZUnitStandard:ZZUnitStandard_ID:1425;ZZLearnership:ZZLearnership_ID:147;ref:ZZLkpUnitStandardType:ZZUnitStandardType:1
*,2404,Y,ZZUnitStandard:ZZUnitStandard_ID:1426;ZZLearnership:ZZLearnership_ID:147;ref:ZZLkpUnitStandardType:ZZUnitStandardType:1
*,2405,Y,ZZUnitStandard:ZZUnitStandard_ID:1427;ZZLearnership:ZZLearnership_ID:147;ref:ZZLkpUnitStandardType:ZZUnitStandardType:1
*,2406,Y,ZZUnitStandard:ZZUnitStandard_ID:1428;ZZLearnership:ZZLearnership_ID:147;ref:ZZLkpUnitStandardType:ZZUnitStandardType:1
*,2407,Y,ZZUnitStandard:ZZUnitStandard_ID:1444;ZZLearnership:ZZLearnership_ID:147;ref:ZZLkpUnitStandardType:ZZUnitStandardType:3
*,2408,Y,ZZUnitStandard:ZZUnitStandard_ID:1461;ZZLearnership:ZZLearnership_ID:147;ref:ZZLkpUnitStandardType:ZZUnitStandardType:1
*,2409,Y,ZZUnitStandard:ZZUnitStandard_ID:1466;ZZLearnership:ZZLearnership_ID:147;ref:ZZLkpUnitStandardType:ZZUnitStandardType:3
*,2410,Y,ZZUnitStandard:ZZUnitStandard_ID:1469;ZZLearnership:ZZLearnership_ID:147;ref:ZZLkpUnitStandardType:ZZUnitStandardType:3
*,2411,Y,ZZUnitStandard:ZZUnitStandard_ID:1498;ZZLearnership:ZZLearnership_ID:147;ref:ZZLkpUnitStandardType:ZZUnitStandardType:1
*,2412,Y,ZZUnitStandard:ZZUnitStandard_ID:1514;ZZLearnership:ZZLearnership_ID:147;ref:ZZLkpUnitStandardType:ZZUnitStandardType:2
*,2413,Y,ZZUnitStandard:ZZUnitStandard_ID:1516;ZZLearnership:ZZLearnership_ID:147;ref:ZZLkpUnitStandardType:ZZUnitStandardType:2
*,2414,Y,ZZUnitStandard:ZZUnitStandard_ID:1518;ZZLearnership:ZZLearnership_ID:147;ref:ZZLkpUnitStandardType:ZZUnitStandardType:2
*,2415,Y,ZZUnitStandard:ZZUnitStandard_ID:1897;ZZLearnership:ZZLearnership_ID:147;ref:ZZLkpUnitStandardType:ZZUnitStandardType:1
*,2416,Y,ZZUnitStandard:ZZUnitStandard_ID:2340;ZZLearnership:ZZLearnership_ID:147;ref:ZZLkpUnitStandardType:ZZUnitStandardType:2
*,2417,Y,ZZUnitStandard:ZZUnitStandard_ID:2412;ZZLearnership:ZZLearnership_ID:147;ref:ZZLkpUnitStandardType:ZZUnitStandardType:1
*,2418,Y,ZZUnitStandard:ZZUnitStandard_ID:2450;ZZLearnership:ZZLearnership_ID:147;ref:ZZLkpUnitStandardType:ZZUnitStandardType:2
*,2419,Y,ZZUnitStandard:ZZUnitStandard_ID:2452;ZZLearnership:ZZLearnership_ID:147;ref:ZZLkpUnitStandardType:ZZUnitStandardType:2
*,2420,Y,ZZUnitStandard:ZZUnitStandard_ID:2453;ZZLearnership:ZZLearnership_ID:147;ref:ZZLkpUnitStandardType:ZZUnitStandardType:2
*,2421,Y,ZZUnitStandard:ZZUnitStandard_ID:2483;ZZLearnership:ZZLearnership_ID:147;ref:ZZLkpUnitStandardType:ZZUnitStandardType:1
*,2422,Y,ZZUnitStandard:ZZUnitStandard_ID:3086;ZZLearnership:ZZLearnership_ID:147;ref:ZZLkpUnitStandardType:ZZUnitStandardType:1
*,2423,Y,ZZUnitStandard:ZZUnitStandard_ID:3090;ZZLearnership:ZZLearnership_ID:147;ref:ZZLkpUnitStandardType:ZZUnitStandardType:1
*,2424,Y,ZZUnitStandard:ZZUnitStandard_ID:3099;ZZLearnership:ZZLearnership_ID:147;ref:ZZLkpUnitStandardType:ZZUnitStandardType:3
*,2425,Y,ZZUnitStandard:ZZUnitStandard_ID:3100;ZZLearnership:ZZLearnership_ID:147;ref:ZZLkpUnitStandardType:ZZUnitStandardType:3
*,2426,Y,ZZUnitStandard:ZZUnitStandard_ID:3584;ZZLearnership:ZZLearnership_ID:147;ref:ZZLkpUnitStandardType:ZZUnitStandardType:3
*,2427,Y,ZZUnitStandard:ZZUnitStandard_ID:3648;ZZLearnership:ZZLearnership_ID:147;ref:ZZLkpUnitStandardType:ZZUnitStandardType:1
*,2428,Y,ZZUnitStandard:ZZUnitStandard_ID:3649;ZZLearnership:ZZLearnership_ID:147;ref:ZZLkpUnitStandardType:ZZUnitStandardType:3
*,2429,Y,ZZUnitStandard:ZZUnitStandard_ID:1189;ZZLearnership:ZZLearnership_ID:149;ref:ZZLkpUnitStandardType:ZZUnitStandardType:2
*,2430,Y,ZZUnitStandard:ZZUnitStandard_ID:1197;ZZLearnership:ZZLearnership_ID:149;ref:ZZLkpUnitStandardType:ZZUnitStandardType:2
*,2431,Y,ZZUnitStandard:ZZUnitStandard_ID:1198;ZZLearnership:ZZLearnership_ID:149;ref:ZZLkpUnitStandardType:ZZUnitStandardType:2
*,2432,Y,ZZUnitStandard:ZZUnitStandard_ID:1353;ZZLearnership:ZZLearnership_ID:149;ref:ZZLkpUnitStandardType:ZZUnitStandardType:3
*,2433,Y,ZZUnitStandard:ZZUnitStandard_ID:1357;ZZLearnership:ZZLearnership_ID:149;ref:ZZLkpUnitStandardType:ZZUnitStandardType:3
*,2434,Y,ZZUnitStandard:ZZUnitStandard_ID:1503;ZZLearnership:ZZLearnership_ID:149;ref:ZZLkpUnitStandardType:ZZUnitStandardType:3
*,2435,Y,ZZUnitStandard:ZZUnitStandard_ID:1884;ZZLearnership:ZZLearnership_ID:149;ref:ZZLkpUnitStandardType:ZZUnitStandardType:3
*,2436,Y,ZZUnitStandard:ZZUnitStandard_ID:2201;ZZLearnership:ZZLearnership_ID:149;ref:ZZLkpUnitStandardType:ZZUnitStandardType:2
*,2437,Y,ZZUnitStandard:ZZUnitStandard_ID:2202;ZZLearnership:ZZLearnership_ID:149;ref:ZZLkpUnitStandardType:ZZUnitStandardType:2
*,2438,Y,ZZUnitStandard:ZZUnitStandard_ID:2214;ZZLearnership:ZZLearnership_ID:149;ref:ZZLkpUnitStandardType:ZZUnitStandardType:2
*,2439,Y,ZZUnitStandard:ZZUnitStandard_ID:2215;ZZLearnership:ZZLearnership_ID:149;ref:ZZLkpUnitStandardType:ZZUnitStandardType:2
*,2440,Y,ZZUnitStandard:ZZUnitStandard_ID:2217;ZZLearnership:ZZLearnership_ID:149;ref:ZZLkpUnitStandardType:ZZUnitStandardType:2
*,2441,Y,ZZUnitStandard:ZZUnitStandard_ID:2218;ZZLearnership:ZZLearnership_ID:149;ref:ZZLkpUnitStandardType:ZZUnitStandardType:2
*,2442,Y,ZZUnitStandard:ZZUnitStandard_ID:2221;ZZLearnership:ZZLearnership_ID:149;ref:ZZLkpUnitStandardType:ZZUnitStandardType:2
*,2443,Y,ZZUnitStandard:ZZUnitStandard_ID:2406;ZZLearnership:ZZLearnership_ID:149;ref:ZZLkpUnitStandardType:ZZUnitStandardType:2
*,2444,Y,ZZUnitStandard:ZZUnitStandard_ID:2513;ZZLearnership:ZZLearnership_ID:149;ref:ZZLkpUnitStandardType:ZZUnitStandardType:3
*,2445,Y,ZZUnitStandard:ZZUnitStandard_ID:2581;ZZLearnership:ZZLearnership_ID:149;ref:ZZLkpUnitStandardType:ZZUnitStandardType:3
*,2446,Y,ZZUnitStandard:ZZUnitStandard_ID:2583;ZZLearnership:ZZLearnership_ID:149;ref:ZZLkpUnitStandardType:ZZUnitStandardType:3
*,2447,Y,ZZUnitStandard:ZZUnitStandard_ID:2899;ZZLearnership:ZZLearnership_ID:149;ref:ZZLkpUnitStandardType:ZZUnitStandardType:1
*,2448,Y,ZZUnitStandard:ZZUnitStandard_ID:2908;ZZLearnership:ZZLearnership_ID:149;ref:ZZLkpUnitStandardType:ZZUnitStandardType:3
*,2449,Y,ZZUnitStandard:ZZUnitStandard_ID:2912;ZZLearnership:ZZLearnership_ID:149;ref:ZZLkpUnitStandardType:ZZUnitStandardType:3
*,2450,Y,ZZUnitStandard:ZZUnitStandard_ID:3194;ZZLearnership:ZZLearnership_ID:149;ref:ZZLkpUnitStandardType:ZZUnitStandardType:1
*,2451,Y,ZZUnitStandard:ZZUnitStandard_ID:3195;ZZLearnership:ZZLearnership_ID:149;ref:ZZLkpUnitStandardType:ZZUnitStandardType:3
*,2452,Y,ZZUnitStandard:ZZUnitStandard_ID:3199;ZZLearnership:ZZLearnership_ID:149;ref:ZZLkpUnitStandardType:ZZUnitStandardType:3
*,2453,Y,ZZUnitStandard:ZZUnitStandard_ID:3207;ZZLearnership:ZZLearnership_ID:149;ref:ZZLkpUnitStandardType:ZZUnitStandardType:3
*,2454,Y,ZZUnitStandard:ZZUnitStandard_ID:3213;ZZLearnership:ZZLearnership_ID:149;ref:ZZLkpUnitStandardType:ZZUnitStandardType:1
*,2455,Y,ZZUnitStandard:ZZUnitStandard_ID:3808;ZZLearnership:ZZLearnership_ID:149;ref:ZZLkpUnitStandardType:ZZUnitStandardType:1
*,2456,Y,ZZUnitStandard:ZZUnitStandard_ID:3809;ZZLearnership:ZZLearnership_ID:149;ref:ZZLkpUnitStandardType:ZZUnitStandardType:1
*,2457,Y,ZZUnitStandard:ZZUnitStandard_ID:3810;ZZLearnership:ZZLearnership_ID:149;ref:ZZLkpUnitStandardType:ZZUnitStandardType:1
*,2458,Y,ZZUnitStandard:ZZUnitStandard_ID:3811;ZZLearnership:ZZLearnership_ID:149;ref:ZZLkpUnitStandardType:ZZUnitStandardType:3
*,2459,Y,ZZUnitStandard:ZZUnitStandard_ID:3812;ZZLearnership:ZZLearnership_ID:149;ref:ZZLkpUnitStandardType:ZZUnitStandardType:3
*,2460,Y,ZZUnitStandard:ZZUnitStandard_ID:3813;ZZLearnership:ZZLearnership_ID:149;ref:ZZLkpUnitStandardType:ZZUnitStandardType:3
*,2461,Y,ZZUnitStandard:ZZUnitStandard_ID:3814;ZZLearnership:ZZLearnership_ID:149;ref:ZZLkpUnitStandardType:ZZUnitStandardType:3
*,2462,Y,ZZUnitStandard:ZZUnitStandard_ID:3815;ZZLearnership:ZZLearnership_ID:149;ref:ZZLkpUnitStandardType:ZZUnitStandardType:3
*,2463,Y,ZZUnitStandard:ZZUnitStandard_ID:3816;ZZLearnership:ZZLearnership_ID:149;ref:ZZLkpUnitStandardType:ZZUnitStandardType:3
*,2464,Y,ZZUnitStandard:ZZUnitStandard_ID:695;ZZLearnership:ZZLearnership_ID:150;ref:ZZLkpUnitStandardType:ZZUnitStandardType:1
*,2465,Y,ZZUnitStandard:ZZUnitStandard_ID:930;ZZLearnership:ZZLearnership_ID:150;ref:ZZLkpUnitStandardType:ZZUnitStandardType:3
*,2466,Y,ZZUnitStandard:ZZUnitStandard_ID:985;ZZLearnership:ZZLearnership_ID:150;ref:ZZLkpUnitStandardType:ZZUnitStandardType:1
*,2467,Y,ZZUnitStandard:ZZUnitStandard_ID:1185;ZZLearnership:ZZLearnership_ID:150;ref:ZZLkpUnitStandardType:ZZUnitStandardType:2
*,2468,Y,ZZUnitStandard:ZZUnitStandard_ID:1186;ZZLearnership:ZZLearnership_ID:150;ref:ZZLkpUnitStandardType:ZZUnitStandardType:2
*,2469,Y,ZZUnitStandard:ZZUnitStandard_ID:1194;ZZLearnership:ZZLearnership_ID:150;ref:ZZLkpUnitStandardType:ZZUnitStandardType:2
*,2470,Y,ZZUnitStandard:ZZUnitStandard_ID:1429;ZZLearnership:ZZLearnership_ID:150;ref:ZZLkpUnitStandardType:ZZUnitStandardType:1
*,2471,Y,ZZUnitStandard:ZZUnitStandard_ID:1514;ZZLearnership:ZZLearnership_ID:150;ref:ZZLkpUnitStandardType:ZZUnitStandardType:2
*,2472,Y,ZZUnitStandard:ZZUnitStandard_ID:1516;ZZLearnership:ZZLearnership_ID:150;ref:ZZLkpUnitStandardType:ZZUnitStandardType:2
*,2473,Y,ZZUnitStandard:ZZUnitStandard_ID:1725;ZZLearnership:ZZLearnership_ID:150;ref:ZZLkpUnitStandardType:ZZUnitStandardType:1
*,2474,Y,ZZUnitStandard:ZZUnitStandard_ID:1899;ZZLearnership:ZZLearnership_ID:150;ref:ZZLkpUnitStandardType:ZZUnitStandardType:3
*,2475,Y,ZZUnitStandard:ZZUnitStandard_ID:2220;ZZLearnership:ZZLearnership_ID:150;ref:ZZLkpUnitStandardType:ZZUnitStandardType:3
*,2476,Y,ZZUnitStandard:ZZUnitStandard_ID:2310;ZZLearnership:ZZLearnership_ID:150;ref:ZZLkpUnitStandardType:ZZUnitStandardType:3
*,2477,Y,ZZUnitStandard:ZZUnitStandard_ID:2340;ZZLearnership:ZZLearnership_ID:150;ref:ZZLkpUnitStandardType:ZZUnitStandardType:2
*,2478,Y,ZZUnitStandard:ZZUnitStandard_ID:2445;ZZLearnership:ZZLearnership_ID:150;ref:ZZLkpUnitStandardType:ZZUnitStandardType:3
*,2479,Y,ZZUnitStandard:ZZUnitStandard_ID:2450;ZZLearnership:ZZLearnership_ID:150;ref:ZZLkpUnitStandardType:ZZUnitStandardType:2
*,2480,Y,ZZUnitStandard:ZZUnitStandard_ID:2452;ZZLearnership:ZZLearnership_ID:150;ref:ZZLkpUnitStandardType:ZZUnitStandardType:2
*,2481,Y,ZZUnitStandard:ZZUnitStandard_ID:2453;ZZLearnership:ZZLearnership_ID:150;ref:ZZLkpUnitStandardType:ZZUnitStandardType:2
*,2482,Y,ZZUnitStandard:ZZUnitStandard_ID:2552;ZZLearnership:ZZLearnership_ID:150;ref:ZZLkpUnitStandardType:ZZUnitStandardType:3
*,2483,Y,ZZUnitStandard:ZZUnitStandard_ID:2671;ZZLearnership:ZZLearnership_ID:150;ref:ZZLkpUnitStandardType:ZZUnitStandardType:1
*,2484,Y,ZZUnitStandard:ZZUnitStandard_ID:2703;ZZLearnership:ZZLearnership_ID:150;ref:ZZLkpUnitStandardType:ZZUnitStandardType:3
*,2485,Y,ZZUnitStandard:ZZUnitStandard_ID:2861;ZZLearnership:ZZLearnership_ID:150;ref:ZZLkpUnitStandardType:ZZUnitStandardType:1
*,2486,Y,ZZUnitStandard:ZZUnitStandard_ID:2862;ZZLearnership:ZZLearnership_ID:150;ref:ZZLkpUnitStandardType:ZZUnitStandardType:1
*,2487,Y,ZZUnitStandard:ZZUnitStandard_ID:2863;ZZLearnership:ZZLearnership_ID:150;ref:ZZLkpUnitStandardType:ZZUnitStandardType:3
*,2488,Y,ZZUnitStandard:ZZUnitStandard_ID:2864;ZZLearnership:ZZLearnership_ID:150;ref:ZZLkpUnitStandardType:ZZUnitStandardType:3
*,2489,Y,ZZUnitStandard:ZZUnitStandard_ID:2865;ZZLearnership:ZZLearnership_ID:150;ref:ZZLkpUnitStandardType:ZZUnitStandardType:3
*,2490,Y,ZZUnitStandard:ZZUnitStandard_ID:2866;ZZLearnership:ZZLearnership_ID:150;ref:ZZLkpUnitStandardType:ZZUnitStandardType:3
*,2491,Y,ZZUnitStandard:ZZUnitStandard_ID:2867;ZZLearnership:ZZLearnership_ID:150;ref:ZZLkpUnitStandardType:ZZUnitStandardType:3
*,2492,Y,ZZUnitStandard:ZZUnitStandard_ID:2868;ZZLearnership:ZZLearnership_ID:150;ref:ZZLkpUnitStandardType:ZZUnitStandardType:3
*,2493,Y,ZZUnitStandard:ZZUnitStandard_ID:2869;ZZLearnership:ZZLearnership_ID:150;ref:ZZLkpUnitStandardType:ZZUnitStandardType:3
*,2494,Y,ZZUnitStandard:ZZUnitStandard_ID:2870;ZZLearnership:ZZLearnership_ID:150;ref:ZZLkpUnitStandardType:ZZUnitStandardType:3
*,2495,Y,ZZUnitStandard:ZZUnitStandard_ID:2871;ZZLearnership:ZZLearnership_ID:150;ref:ZZLkpUnitStandardType:ZZUnitStandardType:3
*,2496,Y,ZZUnitStandard:ZZUnitStandard_ID:2872;ZZLearnership:ZZLearnership_ID:150;ref:ZZLkpUnitStandardType:ZZUnitStandardType:3
*,2497,Y,ZZUnitStandard:ZZUnitStandard_ID:2873;ZZLearnership:ZZLearnership_ID:150;ref:ZZLkpUnitStandardType:ZZUnitStandardType:3
*,2498,Y,ZZUnitStandard:ZZUnitStandard_ID:2874;ZZLearnership:ZZLearnership_ID:150;ref:ZZLkpUnitStandardType:ZZUnitStandardType:3
*,2499,Y,ZZUnitStandard:ZZUnitStandard_ID:2875;ZZLearnership:ZZLearnership_ID:150;ref:ZZLkpUnitStandardType:ZZUnitStandardType:3
*,2500,Y,ZZUnitStandard:ZZUnitStandard_ID:2876;ZZLearnership:ZZLearnership_ID:150;ref:ZZLkpUnitStandardType:ZZUnitStandardType:3
*,2501,Y,ZZUnitStandard:ZZUnitStandard_ID:2877;ZZLearnership:ZZLearnership_ID:150;ref:ZZLkpUnitStandardType:ZZUnitStandardType:3
*,2502,Y,ZZUnitStandard:ZZUnitStandard_ID:2878;ZZLearnership:ZZLearnership_ID:150;ref:ZZLkpUnitStandardType:ZZUnitStandardType:3
*,2503,Y,ZZUnitStandard:ZZUnitStandard_ID:2879;ZZLearnership:ZZLearnership_ID:150;ref:ZZLkpUnitStandardType:ZZUnitStandardType:3
*,2504,Y,ZZUnitStandard:ZZUnitStandard_ID:2880;ZZLearnership:ZZLearnership_ID:150;ref:ZZLkpUnitStandardType:ZZUnitStandardType:3
*,2505,Y,ZZUnitStandard:ZZUnitStandard_ID:2881;ZZLearnership:ZZLearnership_ID:150;ref:ZZLkpUnitStandardType:ZZUnitStandardType:3
*,2506,Y,ZZUnitStandard:ZZUnitStandard_ID:2882;ZZLearnership:ZZLearnership_ID:150;ref:ZZLkpUnitStandardType:ZZUnitStandardType:3
*,2507,Y,ZZUnitStandard:ZZUnitStandard_ID:2883;ZZLearnership:ZZLearnership_ID:150;ref:ZZLkpUnitStandardType:ZZUnitStandardType:3
*,2508,Y,ZZUnitStandard:ZZUnitStandard_ID:2884;ZZLearnership:ZZLearnership_ID:150;ref:ZZLkpUnitStandardType:ZZUnitStandardType:3
*,2509,Y,ZZUnitStandard:ZZUnitStandard_ID:430;ZZLearnership:ZZLearnership_ID:151;ref:ZZLkpUnitStandardType:ZZUnitStandardType:1
*,2510,Y,ZZUnitStandard:ZZUnitStandard_ID:673;ZZLearnership:ZZLearnership_ID:151;ref:ZZLkpUnitStandardType:ZZUnitStandardType:2
*,2511,Y,ZZUnitStandard:ZZUnitStandard_ID:674;ZZLearnership:ZZLearnership_ID:151;ref:ZZLkpUnitStandardType:ZZUnitStandardType:3
*,2512,Y,ZZUnitStandard:ZZUnitStandard_ID:675;ZZLearnership:ZZLearnership_ID:151;ref:ZZLkpUnitStandardType:ZZUnitStandardType:2
*,2513,Y,ZZUnitStandard:ZZUnitStandard_ID:688;ZZLearnership:ZZLearnership_ID:151;ref:ZZLkpUnitStandardType:ZZUnitStandardType:1
*,2514,Y,ZZUnitStandard:ZZUnitStandard_ID:700;ZZLearnership:ZZLearnership_ID:151;ref:ZZLkpUnitStandardType:ZZUnitStandardType:1
*,2515,Y,ZZUnitStandard:ZZUnitStandard_ID:919;ZZLearnership:ZZLearnership_ID:151;ref:ZZLkpUnitStandardType:ZZUnitStandardType:3
*,2516,Y,ZZUnitStandard:ZZUnitStandard_ID:987;ZZLearnership:ZZLearnership_ID:151;ref:ZZLkpUnitStandardType:ZZUnitStandardType:3
*,2517,Y,ZZUnitStandard:ZZUnitStandard_ID:990;ZZLearnership:ZZLearnership_ID:151;ref:ZZLkpUnitStandardType:ZZUnitStandardType:2
*,2518,Y,ZZUnitStandard:ZZUnitStandard_ID:1077;ZZLearnership:ZZLearnership_ID:151;ref:ZZLkpUnitStandardType:ZZUnitStandardType:1
*,2519,Y,ZZUnitStandard:ZZUnitStandard_ID:1188;ZZLearnership:ZZLearnership_ID:151;ref:ZZLkpUnitStandardType:ZZUnitStandardType:2
*,2520,Y,ZZUnitStandard:ZZUnitStandard_ID:1190;ZZLearnership:ZZLearnership_ID:151;ref:ZZLkpUnitStandardType:ZZUnitStandardType:2
*,2521,Y,ZZUnitStandard:ZZUnitStandard_ID:1196;ZZLearnership:ZZLearnership_ID:151;ref:ZZLkpUnitStandardType:ZZUnitStandardType:2
*,2522,Y,ZZUnitStandard:ZZUnitStandard_ID:1518;ZZLearnership:ZZLearnership_ID:151;ref:ZZLkpUnitStandardType:ZZUnitStandardType:2
*,2523,Y,ZZUnitStandard:ZZUnitStandard_ID:1590;ZZLearnership:ZZLearnership_ID:151;ref:ZZLkpUnitStandardType:ZZUnitStandardType:1
*,2524,Y,ZZUnitStandard:ZZUnitStandard_ID:1711;ZZLearnership:ZZLearnership_ID:151;ref:ZZLkpUnitStandardType:ZZUnitStandardType:3
*,2525,Y,ZZUnitStandard:ZZUnitStandard_ID:1713;ZZLearnership:ZZLearnership_ID:151;ref:ZZLkpUnitStandardType:ZZUnitStandardType:3
*,2526,Y,ZZUnitStandard:ZZUnitStandard_ID:2043;ZZLearnership:ZZLearnership_ID:151;ref:ZZLkpUnitStandardType:ZZUnitStandardType:3
*,2527,Y,ZZUnitStandard:ZZUnitStandard_ID:2201;ZZLearnership:ZZLearnership_ID:151;ref:ZZLkpUnitStandardType:ZZUnitStandardType:2
*,2528,Y,ZZUnitStandard:ZZUnitStandard_ID:2202;ZZLearnership:ZZLearnership_ID:151;ref:ZZLkpUnitStandardType:ZZUnitStandardType:2
*,2529,Y,ZZUnitStandard:ZZUnitStandard_ID:2218;ZZLearnership:ZZLearnership_ID:151;ref:ZZLkpUnitStandardType:ZZUnitStandardType:2
*,2530,Y,ZZUnitStandard:ZZUnitStandard_ID:2221;ZZLearnership:ZZLearnership_ID:151;ref:ZZLkpUnitStandardType:ZZUnitStandardType:2
*,2531,Y,ZZUnitStandard:ZZUnitStandard_ID:2493;ZZLearnership:ZZLearnership_ID:151;ref:ZZLkpUnitStandardType:ZZUnitStandardType:3
*,2532,Y,ZZUnitStandard:ZZUnitStandard_ID:2506;ZZLearnership:ZZLearnership_ID:151;ref:ZZLkpUnitStandardType:ZZUnitStandardType:3
*,2533,Y,ZZUnitStandard:ZZUnitStandard_ID:2885;ZZLearnership:ZZLearnership_ID:151;ref:ZZLkpUnitStandardType:ZZUnitStandardType:1
*,2534,Y,ZZUnitStandard:ZZUnitStandard_ID:2886;ZZLearnership:ZZLearnership_ID:151;ref:ZZLkpUnitStandardType:ZZUnitStandardType:1
*,2535,Y,ZZUnitStandard:ZZUnitStandard_ID:2887;ZZLearnership:ZZLearnership_ID:151;ref:ZZLkpUnitStandardType:ZZUnitStandardType:1
*,2536,Y,ZZUnitStandard:ZZUnitStandard_ID:2888;ZZLearnership:ZZLearnership_ID:151;ref:ZZLkpUnitStandardType:ZZUnitStandardType:1
*,2537,Y,ZZUnitStandard:ZZUnitStandard_ID:2889;ZZLearnership:ZZLearnership_ID:151;ref:ZZLkpUnitStandardType:ZZUnitStandardType:1
*,2538,Y,ZZUnitStandard:ZZUnitStandard_ID:2891;ZZLearnership:ZZLearnership_ID:151;ref:ZZLkpUnitStandardType:ZZUnitStandardType:3
*,2539,Y,ZZUnitStandard:ZZUnitStandard_ID:2892;ZZLearnership:ZZLearnership_ID:151;ref:ZZLkpUnitStandardType:ZZUnitStandardType:3
*,2540,Y,ZZUnitStandard:ZZUnitStandard_ID:2893;ZZLearnership:ZZLearnership_ID:151;ref:ZZLkpUnitStandardType:ZZUnitStandardType:3
*,2541,Y,ZZUnitStandard:ZZUnitStandard_ID:2894;ZZLearnership:ZZLearnership_ID:151;ref:ZZLkpUnitStandardType:ZZUnitStandardType:3
*,2542,Y,ZZUnitStandard:ZZUnitStandard_ID:2895;ZZLearnership:ZZLearnership_ID:151;ref:ZZLkpUnitStandardType:ZZUnitStandardType:3
*,2543,Y,ZZUnitStandard:ZZUnitStandard_ID:2896;ZZLearnership:ZZLearnership_ID:151;ref:ZZLkpUnitStandardType:ZZUnitStandardType:3
*,2544,Y,ZZUnitStandard:ZZUnitStandard_ID:2897;ZZLearnership:ZZLearnership_ID:151;ref:ZZLkpUnitStandardType:ZZUnitStandardType:3
*,2545,Y,ZZUnitStandard:ZZUnitStandard_ID:430;ZZLearnership:ZZLearnership_ID:152;ref:ZZLkpUnitStandardType:ZZUnitStandardType:1
*,2546,Y,ZZUnitStandard:ZZUnitStandard_ID:673;ZZLearnership:ZZLearnership_ID:152;ref:ZZLkpUnitStandardType:ZZUnitStandardType:2
*,2547,Y,ZZUnitStandard:ZZUnitStandard_ID:675;ZZLearnership:ZZLearnership_ID:152;ref:ZZLkpUnitStandardType:ZZUnitStandardType:2
*,2548,Y,ZZUnitStandard:ZZUnitStandard_ID:688;ZZLearnership:ZZLearnership_ID:152;ref:ZZLkpUnitStandardType:ZZUnitStandardType:1
*,2549,Y,ZZUnitStandard:ZZUnitStandard_ID:700;ZZLearnership:ZZLearnership_ID:152;ref:ZZLkpUnitStandardType:ZZUnitStandardType:1
*,2550,Y,ZZUnitStandard:ZZUnitStandard_ID:923;ZZLearnership:ZZLearnership_ID:152;ref:ZZLkpUnitStandardType:ZZUnitStandardType:1
*,2551,Y,ZZUnitStandard:ZZUnitStandard_ID:976;ZZLearnership:ZZLearnership_ID:152;ref:ZZLkpUnitStandardType:ZZUnitStandardType:3
*,2552,Y,ZZUnitStandard:ZZUnitStandard_ID:990;ZZLearnership:ZZLearnership_ID:152;ref:ZZLkpUnitStandardType:ZZUnitStandardType:2
*,2553,Y,ZZUnitStandard:ZZUnitStandard_ID:1077;ZZLearnership:ZZLearnership_ID:152;ref:ZZLkpUnitStandardType:ZZUnitStandardType:1
*,2554,Y,ZZUnitStandard:ZZUnitStandard_ID:1189;ZZLearnership:ZZLearnership_ID:152;ref:ZZLkpUnitStandardType:ZZUnitStandardType:2
*,2555,Y,ZZUnitStandard:ZZUnitStandard_ID:1197;ZZLearnership:ZZLearnership_ID:152;ref:ZZLkpUnitStandardType:ZZUnitStandardType:2
*,2556,Y,ZZUnitStandard:ZZUnitStandard_ID:1198;ZZLearnership:ZZLearnership_ID:152;ref:ZZLkpUnitStandardType:ZZUnitStandardType:2
*,2557,Y,ZZUnitStandard:ZZUnitStandard_ID:1353;ZZLearnership:ZZLearnership_ID:152;ref:ZZLkpUnitStandardType:ZZUnitStandardType:3
*,2558,Y,ZZUnitStandard:ZZUnitStandard_ID:1357;ZZLearnership:ZZLearnership_ID:152;ref:ZZLkpUnitStandardType:ZZUnitStandardType:3
*,2559,Y,ZZUnitStandard:ZZUnitStandard_ID:1370;ZZLearnership:ZZLearnership_ID:152;ref:ZZLkpUnitStandardType:ZZUnitStandardType:3
*,2560,Y,ZZUnitStandard:ZZUnitStandard_ID:1567;ZZLearnership:ZZLearnership_ID:152;ref:ZZLkpUnitStandardType:ZZUnitStandardType:3
*,2561,Y,ZZUnitStandard:ZZUnitStandard_ID:1590;ZZLearnership:ZZLearnership_ID:152;ref:ZZLkpUnitStandardType:ZZUnitStandardType:1
*,2562,Y,ZZUnitStandard:ZZUnitStandard_ID:2043;ZZLearnership:ZZLearnership_ID:152;ref:ZZLkpUnitStandardType:ZZUnitStandardType:3
*,2563,Y,ZZUnitStandard:ZZUnitStandard_ID:2164;ZZLearnership:ZZLearnership_ID:152;ref:ZZLkpUnitStandardType:ZZUnitStandardType:3
*,2564,Y,ZZUnitStandard:ZZUnitStandard_ID:2201;ZZLearnership:ZZLearnership_ID:152;ref:ZZLkpUnitStandardType:ZZUnitStandardType:2
*,2565,Y,ZZUnitStandard:ZZUnitStandard_ID:2202;ZZLearnership:ZZLearnership_ID:152;ref:ZZLkpUnitStandardType:ZZUnitStandardType:2
*,2566,Y,ZZUnitStandard:ZZUnitStandard_ID:2214;ZZLearnership:ZZLearnership_ID:152;ref:ZZLkpUnitStandardType:ZZUnitStandardType:2
*,2567,Y,ZZUnitStandard:ZZUnitStandard_ID:2215;ZZLearnership:ZZLearnership_ID:152;ref:ZZLkpUnitStandardType:ZZUnitStandardType:2
*,2568,Y,ZZUnitStandard:ZZUnitStandard_ID:2217;ZZLearnership:ZZLearnership_ID:152;ref:ZZLkpUnitStandardType:ZZUnitStandardType:2
*,2569,Y,ZZUnitStandard:ZZUnitStandard_ID:2218;ZZLearnership:ZZLearnership_ID:152;ref:ZZLkpUnitStandardType:ZZUnitStandardType:2
*,2570,Y,ZZUnitStandard:ZZUnitStandard_ID:2221;ZZLearnership:ZZLearnership_ID:152;ref:ZZLkpUnitStandardType:ZZUnitStandardType:2
*,2571,Y,ZZUnitStandard:ZZUnitStandard_ID:2406;ZZLearnership:ZZLearnership_ID:152;ref:ZZLkpUnitStandardType:ZZUnitStandardType:2
*,2572,Y,ZZUnitStandard:ZZUnitStandard_ID:2513;ZZLearnership:ZZLearnership_ID:152;ref:ZZLkpUnitStandardType:ZZUnitStandardType:3
*,2573,Y,ZZUnitStandard:ZZUnitStandard_ID:2581;ZZLearnership:ZZLearnership_ID:152;ref:ZZLkpUnitStandardType:ZZUnitStandardType:3
*,2574,Y,ZZUnitStandard:ZZUnitStandard_ID:2583;ZZLearnership:ZZLearnership_ID:152;ref:ZZLkpUnitStandardType:ZZUnitStandardType:3
*,2575,Y,ZZUnitStandard:ZZUnitStandard_ID:2898;ZZLearnership:ZZLearnership_ID:152;ref:ZZLkpUnitStandardType:ZZUnitStandardType:1
*,2576,Y,ZZUnitStandard:ZZUnitStandard_ID:2899;ZZLearnership:ZZLearnership_ID:152;ref:ZZLkpUnitStandardType:ZZUnitStandardType:1
*,2577,Y,ZZUnitStandard:ZZUnitStandard_ID:2900;ZZLearnership:ZZLearnership_ID:152;ref:ZZLkpUnitStandardType:ZZUnitStandardType:1
*,2578,Y,ZZUnitStandard:ZZUnitStandard_ID:2901;ZZLearnership:ZZLearnership_ID:152;ref:ZZLkpUnitStandardType:ZZUnitStandardType:1
*,2579,Y,ZZUnitStandard:ZZUnitStandard_ID:2902;ZZLearnership:ZZLearnership_ID:152;ref:ZZLkpUnitStandardType:ZZUnitStandardType:1
*,2580,Y,ZZUnitStandard:ZZUnitStandard_ID:2903;ZZLearnership:ZZLearnership_ID:152;ref:ZZLkpUnitStandardType:ZZUnitStandardType:1
*,2581,Y,ZZUnitStandard:ZZUnitStandard_ID:2904;ZZLearnership:ZZLearnership_ID:152;ref:ZZLkpUnitStandardType:ZZUnitStandardType:3
*,2582,Y,ZZUnitStandard:ZZUnitStandard_ID:2905;ZZLearnership:ZZLearnership_ID:152;ref:ZZLkpUnitStandardType:ZZUnitStandardType:3
*,2583,Y,ZZUnitStandard:ZZUnitStandard_ID:2906;ZZLearnership:ZZLearnership_ID:152;ref:ZZLkpUnitStandardType:ZZUnitStandardType:3
*,2584,Y,ZZUnitStandard:ZZUnitStandard_ID:2907;ZZLearnership:ZZLearnership_ID:152;ref:ZZLkpUnitStandardType:ZZUnitStandardType:3
*,2585,Y,ZZUnitStandard:ZZUnitStandard_ID:2908;ZZLearnership:ZZLearnership_ID:152;ref:ZZLkpUnitStandardType:ZZUnitStandardType:3
*,2586,Y,ZZUnitStandard:ZZUnitStandard_ID:2909;ZZLearnership:ZZLearnership_ID:152;ref:ZZLkpUnitStandardType:ZZUnitStandardType:3
*,2587,Y,ZZUnitStandard:ZZUnitStandard_ID:2910;ZZLearnership:ZZLearnership_ID:152;ref:ZZLkpUnitStandardType:ZZUnitStandardType:3
*,2588,Y,ZZUnitStandard:ZZUnitStandard_ID:2911;ZZLearnership:ZZLearnership_ID:152;ref:ZZLkpUnitStandardType:ZZUnitStandardType:3
*,2589,Y,ZZUnitStandard:ZZUnitStandard_ID:930;ZZLearnership:ZZLearnership_ID:153;ref:ZZLkpUnitStandardType:ZZUnitStandardType:3
*,2590,Y,ZZUnitStandard:ZZUnitStandard_ID:1185;ZZLearnership:ZZLearnership_ID:153;ref:ZZLkpUnitStandardType:ZZUnitStandardType:2
*,2591,Y,ZZUnitStandard:ZZUnitStandard_ID:1186;ZZLearnership:ZZLearnership_ID:153;ref:ZZLkpUnitStandardType:ZZUnitStandardType:2
*,2592,Y,ZZUnitStandard:ZZUnitStandard_ID:1187;ZZLearnership:ZZLearnership_ID:153;ref:ZZLkpUnitStandardType:ZZUnitStandardType:2
*,2593,Y,ZZUnitStandard:ZZUnitStandard_ID:1194;ZZLearnership:ZZLearnership_ID:153;ref:ZZLkpUnitStandardType:ZZUnitStandardType:2
*,2594,Y,ZZUnitStandard:ZZUnitStandard_ID:1514;ZZLearnership:ZZLearnership_ID:153;ref:ZZLkpUnitStandardType:ZZUnitStandardType:2
*,2595,Y,ZZUnitStandard:ZZUnitStandard_ID:1722;ZZLearnership:ZZLearnership_ID:153;ref:ZZLkpUnitStandardType:ZZUnitStandardType:1
*,2596,Y,ZZUnitStandard:ZZUnitStandard_ID:2147;ZZLearnership:ZZLearnership_ID:153;ref:ZZLkpUnitStandardType:ZZUnitStandardType:3
*,2597,Y,ZZUnitStandard:ZZUnitStandard_ID:2220;ZZLearnership:ZZLearnership_ID:153;ref:ZZLkpUnitStandardType:ZZUnitStandardType:3
*,2598,Y,ZZUnitStandard:ZZUnitStandard_ID:2310;ZZLearnership:ZZLearnership_ID:153;ref:ZZLkpUnitStandardType:ZZUnitStandardType:3
*,2599,Y,ZZUnitStandard:ZZUnitStandard_ID:2340;ZZLearnership:ZZLearnership_ID:153;ref:ZZLkpUnitStandardType:ZZUnitStandardType:2
*,2600,Y,ZZUnitStandard:ZZUnitStandard_ID:2445;ZZLearnership:ZZLearnership_ID:153;ref:ZZLkpUnitStandardType:ZZUnitStandardType:3
*,2601,Y,ZZUnitStandard:ZZUnitStandard_ID:2446;ZZLearnership:ZZLearnership_ID:153;ref:ZZLkpUnitStandardType:ZZUnitStandardType:1
*,2602,Y,ZZUnitStandard:ZZUnitStandard_ID:2450;ZZLearnership:ZZLearnership_ID:153;ref:ZZLkpUnitStandardType:ZZUnitStandardType:2
*,2603,Y,ZZUnitStandard:ZZUnitStandard_ID:2452;ZZLearnership:ZZLearnership_ID:153;ref:ZZLkpUnitStandardType:ZZUnitStandardType:2
*,2604,Y,ZZUnitStandard:ZZUnitStandard_ID:2453;ZZLearnership:ZZLearnership_ID:153;ref:ZZLkpUnitStandardType:ZZUnitStandardType:2
*,2605,Y,ZZUnitStandard:ZZUnitStandard_ID:2488;ZZLearnership:ZZLearnership_ID:153;ref:ZZLkpUnitStandardType:ZZUnitStandardType:3
*,2606,Y,ZZUnitStandard:ZZUnitStandard_ID:2489;ZZLearnership:ZZLearnership_ID:153;ref:ZZLkpUnitStandardType:ZZUnitStandardType:3
*,2607,Y,ZZUnitStandard:ZZUnitStandard_ID:2651;ZZLearnership:ZZLearnership_ID:153;ref:ZZLkpUnitStandardType:ZZUnitStandardType:1
*,2608,Y,ZZUnitStandard:ZZUnitStandard_ID:2671;ZZLearnership:ZZLearnership_ID:153;ref:ZZLkpUnitStandardType:ZZUnitStandardType:3
*,2609,Y,ZZUnitStandard:ZZUnitStandard_ID:2856;ZZLearnership:ZZLearnership_ID:153;ref:ZZLkpUnitStandardType:ZZUnitStandardType:1
*,2610,Y,ZZUnitStandard:ZZUnitStandard_ID:2863;ZZLearnership:ZZLearnership_ID:153;ref:ZZLkpUnitStandardType:ZZUnitStandardType:3
*,2611,Y,ZZUnitStandard:ZZUnitStandard_ID:2867;ZZLearnership:ZZLearnership_ID:153;ref:ZZLkpUnitStandardType:ZZUnitStandardType:3
*,2612,Y,ZZUnitStandard:ZZUnitStandard_ID:3224;ZZLearnership:ZZLearnership_ID:153;ref:ZZLkpUnitStandardType:ZZUnitStandardType:1
*,2613,Y,ZZUnitStandard:ZZUnitStandard_ID:3226;ZZLearnership:ZZLearnership_ID:153;ref:ZZLkpUnitStandardType:ZZUnitStandardType:2
*,2614,Y,ZZUnitStandard:ZZUnitStandard_ID:3232;ZZLearnership:ZZLearnership_ID:153;ref:ZZLkpUnitStandardType:ZZUnitStandardType:1
*,2615,Y,ZZUnitStandard:ZZUnitStandard_ID:3242;ZZLearnership:ZZLearnership_ID:153;ref:ZZLkpUnitStandardType:ZZUnitStandardType:3
*,2616,Y,ZZUnitStandard:ZZUnitStandard_ID:3801;ZZLearnership:ZZLearnership_ID:153;ref:ZZLkpUnitStandardType:ZZUnitStandardType:1
*,2617,Y,ZZUnitStandard:ZZUnitStandard_ID:3802;ZZLearnership:ZZLearnership_ID:153;ref:ZZLkpUnitStandardType:ZZUnitStandardType:1
*,2618,Y,ZZUnitStandard:ZZUnitStandard_ID:3803;ZZLearnership:ZZLearnership_ID:153;ref:ZZLkpUnitStandardType:ZZUnitStandardType:1
*,2619,Y,ZZUnitStandard:ZZUnitStandard_ID:3804;ZZLearnership:ZZLearnership_ID:153;ref:ZZLkpUnitStandardType:ZZUnitStandardType:3
*,2620,Y,ZZUnitStandard:ZZUnitStandard_ID:925;ZZLearnership:ZZLearnership_ID:154;ref:ZZLkpUnitStandardType:ZZUnitStandardType:1
*,2621,Y,ZZUnitStandard:ZZUnitStandard_ID:1188;ZZLearnership:ZZLearnership_ID:154;ref:ZZLkpUnitStandardType:ZZUnitStandardType:2
*,2622,Y,ZZUnitStandard:ZZUnitStandard_ID:1190;ZZLearnership:ZZLearnership_ID:154;ref:ZZLkpUnitStandardType:ZZUnitStandardType:2
*,2623,Y,ZZUnitStandard:ZZUnitStandard_ID:1196;ZZLearnership:ZZLearnership_ID:154;ref:ZZLkpUnitStandardType:ZZUnitStandardType:2
*,2624,Y,ZZUnitStandard:ZZUnitStandard_ID:1509;ZZLearnership:ZZLearnership_ID:154;ref:ZZLkpUnitStandardType:ZZUnitStandardType:3
*,2625,Y,ZZUnitStandard:ZZUnitStandard_ID:1518;ZZLearnership:ZZLearnership_ID:154;ref:ZZLkpUnitStandardType:ZZUnitStandardType:2
*,2626,Y,ZZUnitStandard:ZZUnitStandard_ID:1712;ZZLearnership:ZZLearnership_ID:154;ref:ZZLkpUnitStandardType:ZZUnitStandardType:3
*,2627,Y,ZZUnitStandard:ZZUnitStandard_ID:1713;ZZLearnership:ZZLearnership_ID:154;ref:ZZLkpUnitStandardType:ZZUnitStandardType:3
*,2628,Y,ZZUnitStandard:ZZUnitStandard_ID:1715;ZZLearnership:ZZLearnership_ID:154;ref:ZZLkpUnitStandardType:ZZUnitStandardType:3
*,2629,Y,ZZUnitStandard:ZZUnitStandard_ID:1716;ZZLearnership:ZZLearnership_ID:154;ref:ZZLkpUnitStandardType:ZZUnitStandardType:3
*,2630,Y,ZZUnitStandard:ZZUnitStandard_ID:1853;ZZLearnership:ZZLearnership_ID:154;ref:ZZLkpUnitStandardType:ZZUnitStandardType:3
*,2631,Y,ZZUnitStandard:ZZUnitStandard_ID:2201;ZZLearnership:ZZLearnership_ID:154;ref:ZZLkpUnitStandardType:ZZUnitStandardType:2
*,2632,Y,ZZUnitStandard:ZZUnitStandard_ID:2202;ZZLearnership:ZZLearnership_ID:154;ref:ZZLkpUnitStandardType:ZZUnitStandardType:2
*,2633,Y,ZZUnitStandard:ZZUnitStandard_ID:2218;ZZLearnership:ZZLearnership_ID:154;ref:ZZLkpUnitStandardType:ZZUnitStandardType:2
*,2634,Y,ZZUnitStandard:ZZUnitStandard_ID:2221;ZZLearnership:ZZLearnership_ID:154;ref:ZZLkpUnitStandardType:ZZUnitStandardType:2
*,2635,Y,ZZUnitStandard:ZZUnitStandard_ID:2611;ZZLearnership:ZZLearnership_ID:154;ref:ZZLkpUnitStandardType:ZZUnitStandardType:3
*,2636,Y,ZZUnitStandard:ZZUnitStandard_ID:2628;ZZLearnership:ZZLearnership_ID:154;ref:ZZLkpUnitStandardType:ZZUnitStandardType:3
*,2637,Y,ZZUnitStandard:ZZUnitStandard_ID:3207;ZZLearnership:ZZLearnership_ID:154;ref:ZZLkpUnitStandardType:ZZUnitStandardType:3
*,2638,Y,ZZUnitStandard:ZZUnitStandard_ID:3240;ZZLearnership:ZZLearnership_ID:154;ref:ZZLkpUnitStandardType:ZZUnitStandardType:1
*,2639,Y,ZZUnitStandard:ZZUnitStandard_ID:3245;ZZLearnership:ZZLearnership_ID:154;ref:ZZLkpUnitStandardType:ZZUnitStandardType:3
*,2640,Y,ZZUnitStandard:ZZUnitStandard_ID:3795;ZZLearnership:ZZLearnership_ID:154;ref:ZZLkpUnitStandardType:ZZUnitStandardType:1
*,2641,Y,ZZUnitStandard:ZZUnitStandard_ID:3796;ZZLearnership:ZZLearnership_ID:154;ref:ZZLkpUnitStandardType:ZZUnitStandardType:1
*,2642,Y,ZZUnitStandard:ZZUnitStandard_ID:3797;ZZLearnership:ZZLearnership_ID:154;ref:ZZLkpUnitStandardType:ZZUnitStandardType:1
*,2643,Y,ZZUnitStandard:ZZUnitStandard_ID:3798;ZZLearnership:ZZLearnership_ID:154;ref:ZZLkpUnitStandardType:ZZUnitStandardType:1
*,2644,Y,ZZUnitStandard:ZZUnitStandard_ID:3799;ZZLearnership:ZZLearnership_ID:154;ref:ZZLkpUnitStandardType:ZZUnitStandardType:1
*,2645,Y,ZZUnitStandard:ZZUnitStandard_ID:3800;ZZLearnership:ZZLearnership_ID:154;ref:ZZLkpUnitStandardType:ZZUnitStandardType:3
*,2646,Y,ZZUnitStandard:ZZUnitStandard_ID:699;ZZLearnership:ZZLearnership_ID:156;ref:ZZLkpUnitStandardType:ZZUnitStandardType:1
*,2647,Y,ZZUnitStandard:ZZUnitStandard_ID:919;ZZLearnership:ZZLearnership_ID:156;ref:ZZLkpUnitStandardType:ZZUnitStandardType:1
*,2648,Y,ZZUnitStandard:ZZUnitStandard_ID:922;ZZLearnership:ZZLearnership_ID:156;ref:ZZLkpUnitStandardType:ZZUnitStandardType:1
*,2649,Y,ZZUnitStandard:ZZUnitStandard_ID:930;ZZLearnership:ZZLearnership_ID:156;ref:ZZLkpUnitStandardType:ZZUnitStandardType:1
*,2650,Y,ZZUnitStandard:ZZUnitStandard_ID:980;ZZLearnership:ZZLearnership_ID:156;ref:ZZLkpUnitStandardType:ZZUnitStandardType:1
*,2651,Y,ZZUnitStandard:ZZUnitStandard_ID:987;ZZLearnership:ZZLearnership_ID:156;ref:ZZLkpUnitStandardType:ZZUnitStandardType:1
*,2652,Y,ZZUnitStandard:ZZUnitStandard_ID:1188;ZZLearnership:ZZLearnership_ID:156;ref:ZZLkpUnitStandardType:ZZUnitStandardType:2
*,2653,Y,ZZUnitStandard:ZZUnitStandard_ID:1190;ZZLearnership:ZZLearnership_ID:156;ref:ZZLkpUnitStandardType:ZZUnitStandardType:2
*,2654,Y,ZZUnitStandard:ZZUnitStandard_ID:1196;ZZLearnership:ZZLearnership_ID:156;ref:ZZLkpUnitStandardType:ZZUnitStandardType:2
*,2655,Y,ZZUnitStandard:ZZUnitStandard_ID:1518;ZZLearnership:ZZLearnership_ID:156;ref:ZZLkpUnitStandardType:ZZUnitStandardType:2
*,2656,Y,ZZUnitStandard:ZZUnitStandard_ID:1543;ZZLearnership:ZZLearnership_ID:156;ref:ZZLkpUnitStandardType:ZZUnitStandardType:1
*,2657,Y,ZZUnitStandard:ZZUnitStandard_ID:1849;ZZLearnership:ZZLearnership_ID:156;ref:ZZLkpUnitStandardType:ZZUnitStandardType:3
*,2658,Y,ZZUnitStandard:ZZUnitStandard_ID:2201;ZZLearnership:ZZLearnership_ID:156;ref:ZZLkpUnitStandardType:ZZUnitStandardType:2
*,2659,Y,ZZUnitStandard:ZZUnitStandard_ID:2202;ZZLearnership:ZZLearnership_ID:156;ref:ZZLkpUnitStandardType:ZZUnitStandardType:2
*,2660,Y,ZZUnitStandard:ZZUnitStandard_ID:2218;ZZLearnership:ZZLearnership_ID:156;ref:ZZLkpUnitStandardType:ZZUnitStandardType:2
*,2661,Y,ZZUnitStandard:ZZUnitStandard_ID:2221;ZZLearnership:ZZLearnership_ID:156;ref:ZZLkpUnitStandardType:ZZUnitStandardType:2
*,2662,Y,ZZUnitStandard:ZZUnitStandard_ID:2356;ZZLearnership:ZZLearnership_ID:156;ref:ZZLkpUnitStandardType:ZZUnitStandardType:3
*,2663,Y,ZZUnitStandard:ZZUnitStandard_ID:2882;ZZLearnership:ZZLearnership_ID:156;ref:ZZLkpUnitStandardType:ZZUnitStandardType:3
*,2664,Y,ZZUnitStandard:ZZUnitStandard_ID:2892;ZZLearnership:ZZLearnership_ID:156;ref:ZZLkpUnitStandardType:ZZUnitStandardType:3
*,2665,Y,ZZUnitStandard:ZZUnitStandard_ID:2893;ZZLearnership:ZZLearnership_ID:156;ref:ZZLkpUnitStandardType:ZZUnitStandardType:3
*,2666,Y,ZZUnitStandard:ZZUnitStandard_ID:2897;ZZLearnership:ZZLearnership_ID:156;ref:ZZLkpUnitStandardType:ZZUnitStandardType:3
*,2667,Y,ZZUnitStandard:ZZUnitStandard_ID:3354;ZZLearnership:ZZLearnership_ID:156;ref:ZZLkpUnitStandardType:ZZUnitStandardType:1
*,2668,Y,ZZUnitStandard:ZZUnitStandard_ID:3357;ZZLearnership:ZZLearnership_ID:156;ref:ZZLkpUnitStandardType:ZZUnitStandardType:1
*,2669,Y,ZZUnitStandard:ZZUnitStandard_ID:3364;ZZLearnership:ZZLearnership_ID:156;ref:ZZLkpUnitStandardType:ZZUnitStandardType:3
*,2670,Y,ZZUnitStandard:ZZUnitStandard_ID:3365;ZZLearnership:ZZLearnership_ID:156;ref:ZZLkpUnitStandardType:ZZUnitStandardType:1
*,2671,Y,ZZUnitStandard:ZZUnitStandard_ID:3373;ZZLearnership:ZZLearnership_ID:156;ref:ZZLkpUnitStandardType:ZZUnitStandardType:1
*,2672,Y,ZZUnitStandard:ZZUnitStandard_ID:3382;ZZLearnership:ZZLearnership_ID:156;ref:ZZLkpUnitStandardType:ZZUnitStandardType:3
*,2673,Y,ZZUnitStandard:ZZUnitStandard_ID:3383;ZZLearnership:ZZLearnership_ID:156;ref:ZZLkpUnitStandardType:ZZUnitStandardType:1
*,2674,Y,ZZUnitStandard:ZZUnitStandard_ID:3385;ZZLearnership:ZZLearnership_ID:156;ref:ZZLkpUnitStandardType:ZZUnitStandardType:3
*,2675,Y,ZZUnitStandard:ZZUnitStandard_ID:3386;ZZLearnership:ZZLearnership_ID:156;ref:ZZLkpUnitStandardType:ZZUnitStandardType:3
*,2676,Y,ZZUnitStandard:ZZUnitStandard_ID:3486;ZZLearnership:ZZLearnership_ID:156;ref:ZZLkpUnitStandardType:ZZUnitStandardType:3
*,2677,Y,ZZUnitStandard:ZZUnitStandard_ID:3487;ZZLearnership:ZZLearnership_ID:156;ref:ZZLkpUnitStandardType:ZZUnitStandardType:3
*,2678,Y,ZZUnitStandard:ZZUnitStandard_ID:3488;ZZLearnership:ZZLearnership_ID:156;ref:ZZLkpUnitStandardType:ZZUnitStandardType:3
*,2679,Y,ZZUnitStandard:ZZUnitStandard_ID:3493;ZZLearnership:ZZLearnership_ID:156;ref:ZZLkpUnitStandardType:ZZUnitStandardType:3
*,2680,Y,ZZUnitStandard:ZZUnitStandard_ID:3503;ZZLearnership:ZZLearnership_ID:156;ref:ZZLkpUnitStandardType:ZZUnitStandardType:3
*,2681,Y,ZZUnitStandard:ZZUnitStandard_ID:3507;ZZLearnership:ZZLearnership_ID:156;ref:ZZLkpUnitStandardType:ZZUnitStandardType:3
*,2682,Y,ZZUnitStandard:ZZUnitStandard_ID:3512;ZZLearnership:ZZLearnership_ID:156;ref:ZZLkpUnitStandardType:ZZUnitStandardType:3
*,2683,Y,ZZUnitStandard:ZZUnitStandard_ID:3519;ZZLearnership:ZZLearnership_ID:156;ref:ZZLkpUnitStandardType:ZZUnitStandardType:3
*,2684,Y,ZZUnitStandard:ZZUnitStandard_ID:3527;ZZLearnership:ZZLearnership_ID:156;ref:ZZLkpUnitStandardType:ZZUnitStandardType:3
*,2685,Y,ZZUnitStandard:ZZUnitStandard_ID:3531;ZZLearnership:ZZLearnership_ID:156;ref:ZZLkpUnitStandardType:ZZUnitStandardType:3
*,2686,Y,ZZUnitStandard:ZZUnitStandard_ID:699;ZZLearnership:ZZLearnership_ID:157;ref:ZZLkpUnitStandardType:ZZUnitStandardType:1
*,2687,Y,ZZUnitStandard:ZZUnitStandard_ID:919;ZZLearnership:ZZLearnership_ID:157;ref:ZZLkpUnitStandardType:ZZUnitStandardType:1
*,2688,Y,ZZUnitStandard:ZZUnitStandard_ID:922;ZZLearnership:ZZLearnership_ID:157;ref:ZZLkpUnitStandardType:ZZUnitStandardType:1
*,2689,Y,ZZUnitStandard:ZZUnitStandard_ID:930;ZZLearnership:ZZLearnership_ID:157;ref:ZZLkpUnitStandardType:ZZUnitStandardType:1
*,2690,Y,ZZUnitStandard:ZZUnitStandard_ID:980;ZZLearnership:ZZLearnership_ID:157;ref:ZZLkpUnitStandardType:ZZUnitStandardType:1
*,2691,Y,ZZUnitStandard:ZZUnitStandard_ID:987;ZZLearnership:ZZLearnership_ID:157;ref:ZZLkpUnitStandardType:ZZUnitStandardType:1
*,2692,Y,ZZUnitStandard:ZZUnitStandard_ID:1188;ZZLearnership:ZZLearnership_ID:157;ref:ZZLkpUnitStandardType:ZZUnitStandardType:2
*,2693,Y,ZZUnitStandard:ZZUnitStandard_ID:1190;ZZLearnership:ZZLearnership_ID:157;ref:ZZLkpUnitStandardType:ZZUnitStandardType:2
*,2694,Y,ZZUnitStandard:ZZUnitStandard_ID:1196;ZZLearnership:ZZLearnership_ID:157;ref:ZZLkpUnitStandardType:ZZUnitStandardType:2
*,2695,Y,ZZUnitStandard:ZZUnitStandard_ID:1518;ZZLearnership:ZZLearnership_ID:157;ref:ZZLkpUnitStandardType:ZZUnitStandardType:2
*,2696,Y,ZZUnitStandard:ZZUnitStandard_ID:1543;ZZLearnership:ZZLearnership_ID:157;ref:ZZLkpUnitStandardType:ZZUnitStandardType:1
*,2697,Y,ZZUnitStandard:ZZUnitStandard_ID:2201;ZZLearnership:ZZLearnership_ID:157;ref:ZZLkpUnitStandardType:ZZUnitStandardType:2
*,2698,Y,ZZUnitStandard:ZZUnitStandard_ID:2202;ZZLearnership:ZZLearnership_ID:157;ref:ZZLkpUnitStandardType:ZZUnitStandardType:2
*,2699,Y,ZZUnitStandard:ZZUnitStandard_ID:2218;ZZLearnership:ZZLearnership_ID:157;ref:ZZLkpUnitStandardType:ZZUnitStandardType:2
*,2700,Y,ZZUnitStandard:ZZUnitStandard_ID:2221;ZZLearnership:ZZLearnership_ID:157;ref:ZZLkpUnitStandardType:ZZUnitStandardType:2
*,2701,Y,ZZUnitStandard:ZZUnitStandard_ID:2356;ZZLearnership:ZZLearnership_ID:157;ref:ZZLkpUnitStandardType:ZZUnitStandardType:1
*,2702,Y,ZZUnitStandard:ZZUnitStandard_ID:2555;ZZLearnership:ZZLearnership_ID:157;ref:ZZLkpUnitStandardType:ZZUnitStandardType:3
*,2703,Y,ZZUnitStandard:ZZUnitStandard_ID:3354;ZZLearnership:ZZLearnership_ID:157;ref:ZZLkpUnitStandardType:ZZUnitStandardType:1
*,2704,Y,ZZUnitStandard:ZZUnitStandard_ID:3357;ZZLearnership:ZZLearnership_ID:157;ref:ZZLkpUnitStandardType:ZZUnitStandardType:3
*,2705,Y,ZZUnitStandard:ZZUnitStandard_ID:3358;ZZLearnership:ZZLearnership_ID:157;ref:ZZLkpUnitStandardType:ZZUnitStandardType:3
*,2706,Y,ZZUnitStandard:ZZUnitStandard_ID:3361;ZZLearnership:ZZLearnership_ID:157;ref:ZZLkpUnitStandardType:ZZUnitStandardType:1
*,2707,Y,ZZUnitStandard:ZZUnitStandard_ID:3364;ZZLearnership:ZZLearnership_ID:157;ref:ZZLkpUnitStandardType:ZZUnitStandardType:3
*,2708,Y,ZZUnitStandard:ZZUnitStandard_ID:3365;ZZLearnership:ZZLearnership_ID:157;ref:ZZLkpUnitStandardType:ZZUnitStandardType:1
*,2709,Y,ZZUnitStandard:ZZUnitStandard_ID:3366;ZZLearnership:ZZLearnership_ID:157;ref:ZZLkpUnitStandardType:ZZUnitStandardType:1
*,2710,Y,ZZUnitStandard:ZZUnitStandard_ID:3368;ZZLearnership:ZZLearnership_ID:157;ref:ZZLkpUnitStandardType:ZZUnitStandardType:3
*,2711,Y,ZZUnitStandard:ZZUnitStandard_ID:3370;ZZLearnership:ZZLearnership_ID:157;ref:ZZLkpUnitStandardType:ZZUnitStandardType:3
*,2712,Y,ZZUnitStandard:ZZUnitStandard_ID:3371;ZZLearnership:ZZLearnership_ID:157;ref:ZZLkpUnitStandardType:ZZUnitStandardType:3
*,2713,Y,ZZUnitStandard:ZZUnitStandard_ID:3372;ZZLearnership:ZZLearnership_ID:157;ref:ZZLkpUnitStandardType:ZZUnitStandardType:3
*,2714,Y,ZZUnitStandard:ZZUnitStandard_ID:3375;ZZLearnership:ZZLearnership_ID:157;ref:ZZLkpUnitStandardType:ZZUnitStandardType:3
*,2715,Y,ZZUnitStandard:ZZUnitStandard_ID:3376;ZZLearnership:ZZLearnership_ID:157;ref:ZZLkpUnitStandardType:ZZUnitStandardType:3
*,2716,Y,ZZUnitStandard:ZZUnitStandard_ID:3377;ZZLearnership:ZZLearnership_ID:157;ref:ZZLkpUnitStandardType:ZZUnitStandardType:1
*,2717,Y,ZZUnitStandard:ZZUnitStandard_ID:3378;ZZLearnership:ZZLearnership_ID:157;ref:ZZLkpUnitStandardType:ZZUnitStandardType:1
*,2718,Y,ZZUnitStandard:ZZUnitStandard_ID:3382;ZZLearnership:ZZLearnership_ID:157;ref:ZZLkpUnitStandardType:ZZUnitStandardType:3
*,2719,Y,ZZUnitStandard:ZZUnitStandard_ID:3383;ZZLearnership:ZZLearnership_ID:157;ref:ZZLkpUnitStandardType:ZZUnitStandardType:1
*,2720,Y,ZZUnitStandard:ZZUnitStandard_ID:3385;ZZLearnership:ZZLearnership_ID:157;ref:ZZLkpUnitStandardType:ZZUnitStandardType:3
*,2721,Y,ZZUnitStandard:ZZUnitStandard_ID:3386;ZZLearnership:ZZLearnership_ID:157;ref:ZZLkpUnitStandardType:ZZUnitStandardType:3
*,2722,Y,ZZUnitStandard:ZZUnitStandard_ID:3485;ZZLearnership:ZZLearnership_ID:157;ref:ZZLkpUnitStandardType:ZZUnitStandardType:3
*,2723,Y,ZZUnitStandard:ZZUnitStandard_ID:3487;ZZLearnership:ZZLearnership_ID:157;ref:ZZLkpUnitStandardType:ZZUnitStandardType:3
*,2724,Y,ZZUnitStandard:ZZUnitStandard_ID:3491;ZZLearnership:ZZLearnership_ID:157;ref:ZZLkpUnitStandardType:ZZUnitStandardType:3
*,2725,Y,ZZUnitStandard:ZZUnitStandard_ID:3494;ZZLearnership:ZZLearnership_ID:157;ref:ZZLkpUnitStandardType:ZZUnitStandardType:3
*,2726,Y,ZZUnitStandard:ZZUnitStandard_ID:3495;ZZLearnership:ZZLearnership_ID:157;ref:ZZLkpUnitStandardType:ZZUnitStandardType:3
*,2727,Y,ZZUnitStandard:ZZUnitStandard_ID:3498;ZZLearnership:ZZLearnership_ID:157;ref:ZZLkpUnitStandardType:ZZUnitStandardType:3
*,2728,Y,ZZUnitStandard:ZZUnitStandard_ID:3500;ZZLearnership:ZZLearnership_ID:157;ref:ZZLkpUnitStandardType:ZZUnitStandardType:3
*,2729,Y,ZZUnitStandard:ZZUnitStandard_ID:3502;ZZLearnership:ZZLearnership_ID:157;ref:ZZLkpUnitStandardType:ZZUnitStandardType:3
*,2730,Y,ZZUnitStandard:ZZUnitStandard_ID:3506;ZZLearnership:ZZLearnership_ID:157;ref:ZZLkpUnitStandardType:ZZUnitStandardType:3
*,2731,Y,ZZUnitStandard:ZZUnitStandard_ID:3508;ZZLearnership:ZZLearnership_ID:157;ref:ZZLkpUnitStandardType:ZZUnitStandardType:3
*,2732,Y,ZZUnitStandard:ZZUnitStandard_ID:3512;ZZLearnership:ZZLearnership_ID:157;ref:ZZLkpUnitStandardType:ZZUnitStandardType:3
*,2733,Y,ZZUnitStandard:ZZUnitStandard_ID:3513;ZZLearnership:ZZLearnership_ID:157;ref:ZZLkpUnitStandardType:ZZUnitStandardType:3
*,2734,Y,ZZUnitStandard:ZZUnitStandard_ID:3514;ZZLearnership:ZZLearnership_ID:157;ref:ZZLkpUnitStandardType:ZZUnitStandardType:3
*,2735,Y,ZZUnitStandard:ZZUnitStandard_ID:3515;ZZLearnership:ZZLearnership_ID:157;ref:ZZLkpUnitStandardType:ZZUnitStandardType:3
*,2736,Y,ZZUnitStandard:ZZUnitStandard_ID:3516;ZZLearnership:ZZLearnership_ID:157;ref:ZZLkpUnitStandardType:ZZUnitStandardType:3
*,2737,Y,ZZUnitStandard:ZZUnitStandard_ID:3517;ZZLearnership:ZZLearnership_ID:157;ref:ZZLkpUnitStandardType:ZZUnitStandardType:3
*,2738,Y,ZZUnitStandard:ZZUnitStandard_ID:3520;ZZLearnership:ZZLearnership_ID:157;ref:ZZLkpUnitStandardType:ZZUnitStandardType:3
*,2739,Y,ZZUnitStandard:ZZUnitStandard_ID:3522;ZZLearnership:ZZLearnership_ID:157;ref:ZZLkpUnitStandardType:ZZUnitStandardType:3
*,2740,Y,ZZUnitStandard:ZZUnitStandard_ID:699;ZZLearnership:ZZLearnership_ID:158;ref:ZZLkpUnitStandardType:ZZUnitStandardType:1
*,2741,Y,ZZUnitStandard:ZZUnitStandard_ID:919;ZZLearnership:ZZLearnership_ID:158;ref:ZZLkpUnitStandardType:ZZUnitStandardType:1
*,2742,Y,ZZUnitStandard:ZZUnitStandard_ID:922;ZZLearnership:ZZLearnership_ID:158;ref:ZZLkpUnitStandardType:ZZUnitStandardType:1
*,2743,Y,ZZUnitStandard:ZZUnitStandard_ID:930;ZZLearnership:ZZLearnership_ID:158;ref:ZZLkpUnitStandardType:ZZUnitStandardType:1
*,2744,Y,ZZUnitStandard:ZZUnitStandard_ID:980;ZZLearnership:ZZLearnership_ID:158;ref:ZZLkpUnitStandardType:ZZUnitStandardType:1
*,2745,Y,ZZUnitStandard:ZZUnitStandard_ID:987;ZZLearnership:ZZLearnership_ID:158;ref:ZZLkpUnitStandardType:ZZUnitStandardType:1
*,2746,Y,ZZUnitStandard:ZZUnitStandard_ID:1043;ZZLearnership:ZZLearnership_ID:158;ref:ZZLkpUnitStandardType:ZZUnitStandardType:1
*,2747,Y,ZZUnitStandard:ZZUnitStandard_ID:1188;ZZLearnership:ZZLearnership_ID:158;ref:ZZLkpUnitStandardType:ZZUnitStandardType:2
*,2748,Y,ZZUnitStandard:ZZUnitStandard_ID:1190;ZZLearnership:ZZLearnership_ID:158;ref:ZZLkpUnitStandardType:ZZUnitStandardType:2
*,2749,Y,ZZUnitStandard:ZZUnitStandard_ID:1196;ZZLearnership:ZZLearnership_ID:158;ref:ZZLkpUnitStandardType:ZZUnitStandardType:2
*,2750,Y,ZZUnitStandard:ZZUnitStandard_ID:1518;ZZLearnership:ZZLearnership_ID:158;ref:ZZLkpUnitStandardType:ZZUnitStandardType:2
*,2751,Y,ZZUnitStandard:ZZUnitStandard_ID:1543;ZZLearnership:ZZLearnership_ID:158;ref:ZZLkpUnitStandardType:ZZUnitStandardType:1
*,2752,Y,ZZUnitStandard:ZZUnitStandard_ID:2201;ZZLearnership:ZZLearnership_ID:158;ref:ZZLkpUnitStandardType:ZZUnitStandardType:2
*,2753,Y,ZZUnitStandard:ZZUnitStandard_ID:2202;ZZLearnership:ZZLearnership_ID:158;ref:ZZLkpUnitStandardType:ZZUnitStandardType:2
*,2754,Y,ZZUnitStandard:ZZUnitStandard_ID:2218;ZZLearnership:ZZLearnership_ID:158;ref:ZZLkpUnitStandardType:ZZUnitStandardType:2
*,2755,Y,ZZUnitStandard:ZZUnitStandard_ID:2221;ZZLearnership:ZZLearnership_ID:158;ref:ZZLkpUnitStandardType:ZZUnitStandardType:2
*,2756,Y,ZZUnitStandard:ZZUnitStandard_ID:2555;ZZLearnership:ZZLearnership_ID:158;ref:ZZLkpUnitStandardType:ZZUnitStandardType:1
*,2757,Y,ZZUnitStandard:ZZUnitStandard_ID:2884;ZZLearnership:ZZLearnership_ID:158;ref:ZZLkpUnitStandardType:ZZUnitStandardType:3
*,2758,Y,ZZUnitStandard:ZZUnitStandard_ID:2893;ZZLearnership:ZZLearnership_ID:158;ref:ZZLkpUnitStandardType:ZZUnitStandardType:3
*,2759,Y,ZZUnitStandard:ZZUnitStandard_ID:2897;ZZLearnership:ZZLearnership_ID:158;ref:ZZLkpUnitStandardType:ZZUnitStandardType:3
*,2760,Y,ZZUnitStandard:ZZUnitStandard_ID:3357;ZZLearnership:ZZLearnership_ID:158;ref:ZZLkpUnitStandardType:ZZUnitStandardType:3
*,2761,Y,ZZUnitStandard:ZZUnitStandard_ID:3358;ZZLearnership:ZZLearnership_ID:158;ref:ZZLkpUnitStandardType:ZZUnitStandardType:3
*,2762,Y,ZZUnitStandard:ZZUnitStandard_ID:3365;ZZLearnership:ZZLearnership_ID:158;ref:ZZLkpUnitStandardType:ZZUnitStandardType:1
*,2763,Y,ZZUnitStandard:ZZUnitStandard_ID:3370;ZZLearnership:ZZLearnership_ID:158;ref:ZZLkpUnitStandardType:ZZUnitStandardType:1
*,2764,Y,ZZUnitStandard:ZZUnitStandard_ID:3380;ZZLearnership:ZZLearnership_ID:158;ref:ZZLkpUnitStandardType:ZZUnitStandardType:1
*,2765,Y,ZZUnitStandard:ZZUnitStandard_ID:3382;ZZLearnership:ZZLearnership_ID:158;ref:ZZLkpUnitStandardType:ZZUnitStandardType:1
*,2766,Y,ZZUnitStandard:ZZUnitStandard_ID:3383;ZZLearnership:ZZLearnership_ID:158;ref:ZZLkpUnitStandardType:ZZUnitStandardType:1
*,2767,Y,ZZUnitStandard:ZZUnitStandard_ID:3384;ZZLearnership:ZZLearnership_ID:158;ref:ZZLkpUnitStandardType:ZZUnitStandardType:1
*,2768,Y,ZZUnitStandard:ZZUnitStandard_ID:3487;ZZLearnership:ZZLearnership_ID:158;ref:ZZLkpUnitStandardType:ZZUnitStandardType:3
*,2769,Y,ZZUnitStandard:ZZUnitStandard_ID:3495;ZZLearnership:ZZLearnership_ID:158;ref:ZZLkpUnitStandardType:ZZUnitStandardType:3
*,2770,Y,ZZUnitStandard:ZZUnitStandard_ID:3510;ZZLearnership:ZZLearnership_ID:158;ref:ZZLkpUnitStandardType:ZZUnitStandardType:3
*,2771,Y,ZZUnitStandard:ZZUnitStandard_ID:786;ZZLearnership:ZZLearnership_ID:159;ref:ZZLkpUnitStandardType:ZZUnitStandardType:3
*,2772,Y,ZZUnitStandard:ZZUnitStandard_ID:862;ZZLearnership:ZZLearnership_ID:159;ref:ZZLkpUnitStandardType:ZZUnitStandardType:3
*,2773,Y,ZZUnitStandard:ZZUnitStandard_ID:919;ZZLearnership:ZZLearnership_ID:159;ref:ZZLkpUnitStandardType:ZZUnitStandardType:1
*,2774,Y,ZZUnitStandard:ZZUnitStandard_ID:1189;ZZLearnership:ZZLearnership_ID:159;ref:ZZLkpUnitStandardType:ZZUnitStandardType:2
*,2775,Y,ZZUnitStandard:ZZUnitStandard_ID:1197;ZZLearnership:ZZLearnership_ID:159;ref:ZZLkpUnitStandardType:ZZUnitStandardType:2
*,2776,Y,ZZUnitStandard:ZZUnitStandard_ID:1198;ZZLearnership:ZZLearnership_ID:159;ref:ZZLkpUnitStandardType:ZZUnitStandardType:2
*,2777,Y,ZZUnitStandard:ZZUnitStandard_ID:2201;ZZLearnership:ZZLearnership_ID:159;ref:ZZLkpUnitStandardType:ZZUnitStandardType:2
*,2778,Y,ZZUnitStandard:ZZUnitStandard_ID:2202;ZZLearnership:ZZLearnership_ID:159;ref:ZZLkpUnitStandardType:ZZUnitStandardType:2
*,2779,Y,ZZUnitStandard:ZZUnitStandard_ID:2214;ZZLearnership:ZZLearnership_ID:159;ref:ZZLkpUnitStandardType:ZZUnitStandardType:2
*,2780,Y,ZZUnitStandard:ZZUnitStandard_ID:2215;ZZLearnership:ZZLearnership_ID:159;ref:ZZLkpUnitStandardType:ZZUnitStandardType:2
*,2781,Y,ZZUnitStandard:ZZUnitStandard_ID:2217;ZZLearnership:ZZLearnership_ID:159;ref:ZZLkpUnitStandardType:ZZUnitStandardType:2
*,2782,Y,ZZUnitStandard:ZZUnitStandard_ID:2218;ZZLearnership:ZZLearnership_ID:159;ref:ZZLkpUnitStandardType:ZZUnitStandardType:2
*,2783,Y,ZZUnitStandard:ZZUnitStandard_ID:2221;ZZLearnership:ZZLearnership_ID:159;ref:ZZLkpUnitStandardType:ZZUnitStandardType:2
*,2784,Y,ZZUnitStandard:ZZUnitStandard_ID:2406;ZZLearnership:ZZLearnership_ID:159;ref:ZZLkpUnitStandardType:ZZUnitStandardType:2
*,2785,Y,ZZUnitStandard:ZZUnitStandard_ID:2578;ZZLearnership:ZZLearnership_ID:159;ref:ZZLkpUnitStandardType:ZZUnitStandardType:1
*,2786,Y,ZZUnitStandard:ZZUnitStandard_ID:2604;ZZLearnership:ZZLearnership_ID:159;ref:ZZLkpUnitStandardType:ZZUnitStandardType:3
*,2787,Y,ZZUnitStandard:ZZUnitStandard_ID:2909;ZZLearnership:ZZLearnership_ID:159;ref:ZZLkpUnitStandardType:ZZUnitStandardType:1
*,2788,Y,ZZUnitStandard:ZZUnitStandard_ID:3046;ZZLearnership:ZZLearnership_ID:159;ref:ZZLkpUnitStandardType:ZZUnitStandardType:1
*,2789,Y,ZZUnitStandard:ZZUnitStandard_ID:3048;ZZLearnership:ZZLearnership_ID:159;ref:ZZLkpUnitStandardType:ZZUnitStandardType:1
*,2790,Y,ZZUnitStandard:ZZUnitStandard_ID:3083;ZZLearnership:ZZLearnership_ID:159;ref:ZZLkpUnitStandardType:ZZUnitStandardType:1
*,2791,Y,ZZUnitStandard:ZZUnitStandard_ID:3258;ZZLearnership:ZZLearnership_ID:159;ref:ZZLkpUnitStandardType:ZZUnitStandardType:1
*,2792,Y,ZZUnitStandard:ZZUnitStandard_ID:3259;ZZLearnership:ZZLearnership_ID:159;ref:ZZLkpUnitStandardType:ZZUnitStandardType:1
*,2793,Y,ZZUnitStandard:ZZUnitStandard_ID:3260;ZZLearnership:ZZLearnership_ID:159;ref:ZZLkpUnitStandardType:ZZUnitStandardType:1
*,2794,Y,ZZUnitStandard:ZZUnitStandard_ID:3261;ZZLearnership:ZZLearnership_ID:159;ref:ZZLkpUnitStandardType:ZZUnitStandardType:3
*,2795,Y,ZZUnitStandard:ZZUnitStandard_ID:3262;ZZLearnership:ZZLearnership_ID:159;ref:ZZLkpUnitStandardType:ZZUnitStandardType:1
*,2796,Y,ZZUnitStandard:ZZUnitStandard_ID:3263;ZZLearnership:ZZLearnership_ID:159;ref:ZZLkpUnitStandardType:ZZUnitStandardType:1
*,2797,Y,ZZUnitStandard:ZZUnitStandard_ID:3264;ZZLearnership:ZZLearnership_ID:159;ref:ZZLkpUnitStandardType:ZZUnitStandardType:3
*,2798,Y,ZZUnitStandard:ZZUnitStandard_ID:3265;ZZLearnership:ZZLearnership_ID:159;ref:ZZLkpUnitStandardType:ZZUnitStandardType:3
*,2799,Y,ZZUnitStandard:ZZUnitStandard_ID:3266;ZZLearnership:ZZLearnership_ID:159;ref:ZZLkpUnitStandardType:ZZUnitStandardType:3
*,2800,Y,ZZUnitStandard:ZZUnitStandard_ID:3267;ZZLearnership:ZZLearnership_ID:159;ref:ZZLkpUnitStandardType:ZZUnitStandardType:3
*,2801,Y,ZZUnitStandard:ZZUnitStandard_ID:3268;ZZLearnership:ZZLearnership_ID:159;ref:ZZLkpUnitStandardType:ZZUnitStandardType:3
*,2802,Y,ZZUnitStandard:ZZUnitStandard_ID:3269;ZZLearnership:ZZLearnership_ID:159;ref:ZZLkpUnitStandardType:ZZUnitStandardType:3
*,2803,Y,ZZUnitStandard:ZZUnitStandard_ID:3270;ZZLearnership:ZZLearnership_ID:159;ref:ZZLkpUnitStandardType:ZZUnitStandardType:3
*,2804,Y,ZZUnitStandard:ZZUnitStandard_ID:3271;ZZLearnership:ZZLearnership_ID:159;ref:ZZLkpUnitStandardType:ZZUnitStandardType:1
*,2805,Y,ZZUnitStandard:ZZUnitStandard_ID:3272;ZZLearnership:ZZLearnership_ID:159;ref:ZZLkpUnitStandardType:ZZUnitStandardType:1
*,2806,Y,ZZUnitStandard:ZZUnitStandard_ID:3273;ZZLearnership:ZZLearnership_ID:159;ref:ZZLkpUnitStandardType:ZZUnitStandardType:1
*,2807,Y,ZZUnitStandard:ZZUnitStandard_ID:3274;ZZLearnership:ZZLearnership_ID:159;ref:ZZLkpUnitStandardType:ZZUnitStandardType:3
*,2808,Y,ZZUnitStandard:ZZUnitStandard_ID:3275;ZZLearnership:ZZLearnership_ID:159;ref:ZZLkpUnitStandardType:ZZUnitStandardType:3
*,2809,Y,ZZUnitStandard:ZZUnitStandard_ID:786;ZZLearnership:ZZLearnership_ID:160;ref:ZZLkpUnitStandardType:ZZUnitStandardType:3
*,2810,Y,ZZUnitStandard:ZZUnitStandard_ID:862;ZZLearnership:ZZLearnership_ID:160;ref:ZZLkpUnitStandardType:ZZUnitStandardType:3
*,2811,Y,ZZUnitStandard:ZZUnitStandard_ID:919;ZZLearnership:ZZLearnership_ID:160;ref:ZZLkpUnitStandardType:ZZUnitStandardType:1
*,2812,Y,ZZUnitStandard:ZZUnitStandard_ID:1189;ZZLearnership:ZZLearnership_ID:160;ref:ZZLkpUnitStandardType:ZZUnitStandardType:2
*,2813,Y,ZZUnitStandard:ZZUnitStandard_ID:1197;ZZLearnership:ZZLearnership_ID:160;ref:ZZLkpUnitStandardType:ZZUnitStandardType:2
*,2814,Y,ZZUnitStandard:ZZUnitStandard_ID:1198;ZZLearnership:ZZLearnership_ID:160;ref:ZZLkpUnitStandardType:ZZUnitStandardType:2
*,2815,Y,ZZUnitStandard:ZZUnitStandard_ID:2201;ZZLearnership:ZZLearnership_ID:160;ref:ZZLkpUnitStandardType:ZZUnitStandardType:2
*,2816,Y,ZZUnitStandard:ZZUnitStandard_ID:2202;ZZLearnership:ZZLearnership_ID:160;ref:ZZLkpUnitStandardType:ZZUnitStandardType:2
*,2817,Y,ZZUnitStandard:ZZUnitStandard_ID:2214;ZZLearnership:ZZLearnership_ID:160;ref:ZZLkpUnitStandardType:ZZUnitStandardType:2
*,2818,Y,ZZUnitStandard:ZZUnitStandard_ID:2215;ZZLearnership:ZZLearnership_ID:160;ref:ZZLkpUnitStandardType:ZZUnitStandardType:2
*,2819,Y,ZZUnitStandard:ZZUnitStandard_ID:2217;ZZLearnership:ZZLearnership_ID:160;ref:ZZLkpUnitStandardType:ZZUnitStandardType:2
*,2820,Y,ZZUnitStandard:ZZUnitStandard_ID:2218;ZZLearnership:ZZLearnership_ID:160;ref:ZZLkpUnitStandardType:ZZUnitStandardType:2
*,2821,Y,ZZUnitStandard:ZZUnitStandard_ID:2221;ZZLearnership:ZZLearnership_ID:160;ref:ZZLkpUnitStandardType:ZZUnitStandardType:2
*,2822,Y,ZZUnitStandard:ZZUnitStandard_ID:2406;ZZLearnership:ZZLearnership_ID:160;ref:ZZLkpUnitStandardType:ZZUnitStandardType:2
*,2823,Y,ZZUnitStandard:ZZUnitStandard_ID:2578;ZZLearnership:ZZLearnership_ID:160;ref:ZZLkpUnitStandardType:ZZUnitStandardType:1
*,2824,Y,ZZUnitStandard:ZZUnitStandard_ID:2604;ZZLearnership:ZZLearnership_ID:160;ref:ZZLkpUnitStandardType:ZZUnitStandardType:1
*,2825,Y,ZZUnitStandard:ZZUnitStandard_ID:2909;ZZLearnership:ZZLearnership_ID:160;ref:ZZLkpUnitStandardType:ZZUnitStandardType:1
*,2826,Y,ZZUnitStandard:ZZUnitStandard_ID:3046;ZZLearnership:ZZLearnership_ID:160;ref:ZZLkpUnitStandardType:ZZUnitStandardType:1
*,2827,Y,ZZUnitStandard:ZZUnitStandard_ID:3048;ZZLearnership:ZZLearnership_ID:160;ref:ZZLkpUnitStandardType:ZZUnitStandardType:1
*,2828,Y,ZZUnitStandard:ZZUnitStandard_ID:3083;ZZLearnership:ZZLearnership_ID:160;ref:ZZLkpUnitStandardType:ZZUnitStandardType:1
*,2829,Y,ZZUnitStandard:ZZUnitStandard_ID:3258;ZZLearnership:ZZLearnership_ID:160;ref:ZZLkpUnitStandardType:ZZUnitStandardType:1
*,2830,Y,ZZUnitStandard:ZZUnitStandard_ID:3259;ZZLearnership:ZZLearnership_ID:160;ref:ZZLkpUnitStandardType:ZZUnitStandardType:1
*,2831,Y,ZZUnitStandard:ZZUnitStandard_ID:3260;ZZLearnership:ZZLearnership_ID:160;ref:ZZLkpUnitStandardType:ZZUnitStandardType:1
*,2832,Y,ZZUnitStandard:ZZUnitStandard_ID:3261;ZZLearnership:ZZLearnership_ID:160;ref:ZZLkpUnitStandardType:ZZUnitStandardType:1
*,2833,Y,ZZUnitStandard:ZZUnitStandard_ID:3262;ZZLearnership:ZZLearnership_ID:160;ref:ZZLkpUnitStandardType:ZZUnitStandardType:1
*,2834,Y,ZZUnitStandard:ZZUnitStandard_ID:3263;ZZLearnership:ZZLearnership_ID:160;ref:ZZLkpUnitStandardType:ZZUnitStandardType:3
*,2835,Y,ZZUnitStandard:ZZUnitStandard_ID:3264;ZZLearnership:ZZLearnership_ID:160;ref:ZZLkpUnitStandardType:ZZUnitStandardType:3
*,2836,Y,ZZUnitStandard:ZZUnitStandard_ID:3265;ZZLearnership:ZZLearnership_ID:160;ref:ZZLkpUnitStandardType:ZZUnitStandardType:3
*,2837,Y,ZZUnitStandard:ZZUnitStandard_ID:3266;ZZLearnership:ZZLearnership_ID:160;ref:ZZLkpUnitStandardType:ZZUnitStandardType:1
*,2838,Y,ZZUnitStandard:ZZUnitStandard_ID:3267;ZZLearnership:ZZLearnership_ID:160;ref:ZZLkpUnitStandardType:ZZUnitStandardType:3
*,2839,Y,ZZUnitStandard:ZZUnitStandard_ID:3268;ZZLearnership:ZZLearnership_ID:160;ref:ZZLkpUnitStandardType:ZZUnitStandardType:3
*,2840,Y,ZZUnitStandard:ZZUnitStandard_ID:3269;ZZLearnership:ZZLearnership_ID:160;ref:ZZLkpUnitStandardType:ZZUnitStandardType:1
*,2841,Y,ZZUnitStandard:ZZUnitStandard_ID:3270;ZZLearnership:ZZLearnership_ID:160;ref:ZZLkpUnitStandardType:ZZUnitStandardType:3
*,2842,Y,ZZUnitStandard:ZZUnitStandard_ID:3271;ZZLearnership:ZZLearnership_ID:160;ref:ZZLkpUnitStandardType:ZZUnitStandardType:1
*,2843,Y,ZZUnitStandard:ZZUnitStandard_ID:3272;ZZLearnership:ZZLearnership_ID:160;ref:ZZLkpUnitStandardType:ZZUnitStandardType:1
*,2844,Y,ZZUnitStandard:ZZUnitStandard_ID:3273;ZZLearnership:ZZLearnership_ID:160;ref:ZZLkpUnitStandardType:ZZUnitStandardType:1
*,2845,Y,ZZUnitStandard:ZZUnitStandard_ID:3274;ZZLearnership:ZZLearnership_ID:160;ref:ZZLkpUnitStandardType:ZZUnitStandardType:1
*,2846,Y,ZZUnitStandard:ZZUnitStandard_ID:3275;ZZLearnership:ZZLearnership_ID:160;ref:ZZLkpUnitStandardType:ZZUnitStandardType:1
*,2847,Y,ZZUnitStandard:ZZUnitStandard_ID:786;ZZLearnership:ZZLearnership_ID:161;ref:ZZLkpUnitStandardType:ZZUnitStandardType:1
*,2848,Y,ZZUnitStandard:ZZUnitStandard_ID:862;ZZLearnership:ZZLearnership_ID:161;ref:ZZLkpUnitStandardType:ZZUnitStandardType:1
*,2849,Y,ZZUnitStandard:ZZUnitStandard_ID:919;ZZLearnership:ZZLearnership_ID:161;ref:ZZLkpUnitStandardType:ZZUnitStandardType:1
*,2850,Y,ZZUnitStandard:ZZUnitStandard_ID:1189;ZZLearnership:ZZLearnership_ID:161;ref:ZZLkpUnitStandardType:ZZUnitStandardType:2
*,2851,Y,ZZUnitStandard:ZZUnitStandard_ID:1197;ZZLearnership:ZZLearnership_ID:161;ref:ZZLkpUnitStandardType:ZZUnitStandardType:2
*,2852,Y,ZZUnitStandard:ZZUnitStandard_ID:1198;ZZLearnership:ZZLearnership_ID:161;ref:ZZLkpUnitStandardType:ZZUnitStandardType:2
*,2853,Y,ZZUnitStandard:ZZUnitStandard_ID:2201;ZZLearnership:ZZLearnership_ID:161;ref:ZZLkpUnitStandardType:ZZUnitStandardType:2
*,2854,Y,ZZUnitStandard:ZZUnitStandard_ID:2202;ZZLearnership:ZZLearnership_ID:161;ref:ZZLkpUnitStandardType:ZZUnitStandardType:2
*,2855,Y,ZZUnitStandard:ZZUnitStandard_ID:2214;ZZLearnership:ZZLearnership_ID:161;ref:ZZLkpUnitStandardType:ZZUnitStandardType:2
*,2856,Y,ZZUnitStandard:ZZUnitStandard_ID:2215;ZZLearnership:ZZLearnership_ID:161;ref:ZZLkpUnitStandardType:ZZUnitStandardType:2
*,2857,Y,ZZUnitStandard:ZZUnitStandard_ID:2217;ZZLearnership:ZZLearnership_ID:161;ref:ZZLkpUnitStandardType:ZZUnitStandardType:2
*,2858,Y,ZZUnitStandard:ZZUnitStandard_ID:2218;ZZLearnership:ZZLearnership_ID:161;ref:ZZLkpUnitStandardType:ZZUnitStandardType:2
*,2859,Y,ZZUnitStandard:ZZUnitStandard_ID:2221;ZZLearnership:ZZLearnership_ID:161;ref:ZZLkpUnitStandardType:ZZUnitStandardType:2
*,2860,Y,ZZUnitStandard:ZZUnitStandard_ID:2406;ZZLearnership:ZZLearnership_ID:161;ref:ZZLkpUnitStandardType:ZZUnitStandardType:2
*,2861,Y,ZZUnitStandard:ZZUnitStandard_ID:2578;ZZLearnership:ZZLearnership_ID:161;ref:ZZLkpUnitStandardType:ZZUnitStandardType:1
*,2862,Y,ZZUnitStandard:ZZUnitStandard_ID:2604;ZZLearnership:ZZLearnership_ID:161;ref:ZZLkpUnitStandardType:ZZUnitStandardType:1
*,2863,Y,ZZUnitStandard:ZZUnitStandard_ID:2909;ZZLearnership:ZZLearnership_ID:161;ref:ZZLkpUnitStandardType:ZZUnitStandardType:1
*,2864,Y,ZZUnitStandard:ZZUnitStandard_ID:3046;ZZLearnership:ZZLearnership_ID:161;ref:ZZLkpUnitStandardType:ZZUnitStandardType:1
*,2865,Y,ZZUnitStandard:ZZUnitStandard_ID:3048;ZZLearnership:ZZLearnership_ID:161;ref:ZZLkpUnitStandardType:ZZUnitStandardType:1
*,2866,Y,ZZUnitStandard:ZZUnitStandard_ID:3083;ZZLearnership:ZZLearnership_ID:161;ref:ZZLkpUnitStandardType:ZZUnitStandardType:3
*,2867,Y,ZZUnitStandard:ZZUnitStandard_ID:3258;ZZLearnership:ZZLearnership_ID:161;ref:ZZLkpUnitStandardType:ZZUnitStandardType:1
*,2868,Y,ZZUnitStandard:ZZUnitStandard_ID:3259;ZZLearnership:ZZLearnership_ID:161;ref:ZZLkpUnitStandardType:ZZUnitStandardType:1
*,2869,Y,ZZUnitStandard:ZZUnitStandard_ID:3260;ZZLearnership:ZZLearnership_ID:161;ref:ZZLkpUnitStandardType:ZZUnitStandardType:1
*,2870,Y,ZZUnitStandard:ZZUnitStandard_ID:3261;ZZLearnership:ZZLearnership_ID:161;ref:ZZLkpUnitStandardType:ZZUnitStandardType:3
*,2871,Y,ZZUnitStandard:ZZUnitStandard_ID:3262;ZZLearnership:ZZLearnership_ID:161;ref:ZZLkpUnitStandardType:ZZUnitStandardType:3
*,2872,Y,ZZUnitStandard:ZZUnitStandard_ID:3263;ZZLearnership:ZZLearnership_ID:161;ref:ZZLkpUnitStandardType:ZZUnitStandardType:3
*,2873,Y,ZZUnitStandard:ZZUnitStandard_ID:3264;ZZLearnership:ZZLearnership_ID:161;ref:ZZLkpUnitStandardType:ZZUnitStandardType:3
*,2874,Y,ZZUnitStandard:ZZUnitStandard_ID:3265;ZZLearnership:ZZLearnership_ID:161;ref:ZZLkpUnitStandardType:ZZUnitStandardType:3
*,2875,Y,ZZUnitStandard:ZZUnitStandard_ID:3266;ZZLearnership:ZZLearnership_ID:161;ref:ZZLkpUnitStandardType:ZZUnitStandardType:3
*,2876,Y,ZZUnitStandard:ZZUnitStandard_ID:3267;ZZLearnership:ZZLearnership_ID:161;ref:ZZLkpUnitStandardType:ZZUnitStandardType:3
*,2877,Y,ZZUnitStandard:ZZUnitStandard_ID:3268;ZZLearnership:ZZLearnership_ID:161;ref:ZZLkpUnitStandardType:ZZUnitStandardType:1
*,2878,Y,ZZUnitStandard:ZZUnitStandard_ID:3269;ZZLearnership:ZZLearnership_ID:161;ref:ZZLkpUnitStandardType:ZZUnitStandardType:3
*,2879,Y,ZZUnitStandard:ZZUnitStandard_ID:3270;ZZLearnership:ZZLearnership_ID:161;ref:ZZLkpUnitStandardType:ZZUnitStandardType:1
*,2880,Y,ZZUnitStandard:ZZUnitStandard_ID:3271;ZZLearnership:ZZLearnership_ID:161;ref:ZZLkpUnitStandardType:ZZUnitStandardType:3
*,2881,Y,ZZUnitStandard:ZZUnitStandard_ID:3272;ZZLearnership:ZZLearnership_ID:161;ref:ZZLkpUnitStandardType:ZZUnitStandardType:3
*,2882,Y,ZZUnitStandard:ZZUnitStandard_ID:3273;ZZLearnership:ZZLearnership_ID:161;ref:ZZLkpUnitStandardType:ZZUnitStandardType:1
*,2883,Y,ZZUnitStandard:ZZUnitStandard_ID:3274;ZZLearnership:ZZLearnership_ID:161;ref:ZZLkpUnitStandardType:ZZUnitStandardType:3
*,2884,Y,ZZUnitStandard:ZZUnitStandard_ID:3275;ZZLearnership:ZZLearnership_ID:161;ref:ZZLkpUnitStandardType:ZZUnitStandardType:1
*,2885,Y,ZZUnitStandard:ZZUnitStandard_ID:699;ZZLearnership:ZZLearnership_ID:162;ref:ZZLkpUnitStandardType:ZZUnitStandardType:1
*,2886,Y,ZZUnitStandard:ZZUnitStandard_ID:786;ZZLearnership:ZZLearnership_ID:162;ref:ZZLkpUnitStandardType:ZZUnitStandardType:1
*,2887,Y,ZZUnitStandard:ZZUnitStandard_ID:862;ZZLearnership:ZZLearnership_ID:162;ref:ZZLkpUnitStandardType:ZZUnitStandardType:1
*,2888,Y,ZZUnitStandard:ZZUnitStandard_ID:919;ZZLearnership:ZZLearnership_ID:162;ref:ZZLkpUnitStandardType:ZZUnitStandardType:1
*,2889,Y,ZZUnitStandard:ZZUnitStandard_ID:922;ZZLearnership:ZZLearnership_ID:162;ref:ZZLkpUnitStandardType:ZZUnitStandardType:1
*,2890,Y,ZZUnitStandard:ZZUnitStandard_ID:930;ZZLearnership:ZZLearnership_ID:162;ref:ZZLkpUnitStandardType:ZZUnitStandardType:1
*,2891,Y,ZZUnitStandard:ZZUnitStandard_ID:980;ZZLearnership:ZZLearnership_ID:162;ref:ZZLkpUnitStandardType:ZZUnitStandardType:1
*,2892,Y,ZZUnitStandard:ZZUnitStandard_ID:987;ZZLearnership:ZZLearnership_ID:162;ref:ZZLkpUnitStandardType:ZZUnitStandardType:1
*,2893,Y,ZZUnitStandard:ZZUnitStandard_ID:1188;ZZLearnership:ZZLearnership_ID:162;ref:ZZLkpUnitStandardType:ZZUnitStandardType:2
*,2894,Y,ZZUnitStandard:ZZUnitStandard_ID:1189;ZZLearnership:ZZLearnership_ID:162;ref:ZZLkpUnitStandardType:ZZUnitStandardType:2
*,2895,Y,ZZUnitStandard:ZZUnitStandard_ID:1190;ZZLearnership:ZZLearnership_ID:162;ref:ZZLkpUnitStandardType:ZZUnitStandardType:2
*,2896,Y,ZZUnitStandard:ZZUnitStandard_ID:1196;ZZLearnership:ZZLearnership_ID:162;ref:ZZLkpUnitStandardType:ZZUnitStandardType:2
*,2897,Y,ZZUnitStandard:ZZUnitStandard_ID:1197;ZZLearnership:ZZLearnership_ID:162;ref:ZZLkpUnitStandardType:ZZUnitStandardType:2
*,2898,Y,ZZUnitStandard:ZZUnitStandard_ID:1198;ZZLearnership:ZZLearnership_ID:162;ref:ZZLkpUnitStandardType:ZZUnitStandardType:2
*,2899,Y,ZZUnitStandard:ZZUnitStandard_ID:1518;ZZLearnership:ZZLearnership_ID:162;ref:ZZLkpUnitStandardType:ZZUnitStandardType:2
*,2900,Y,ZZUnitStandard:ZZUnitStandard_ID:1543;ZZLearnership:ZZLearnership_ID:162;ref:ZZLkpUnitStandardType:ZZUnitStandardType:1
*,2901,Y,ZZUnitStandard:ZZUnitStandard_ID:2201;ZZLearnership:ZZLearnership_ID:162;ref:ZZLkpUnitStandardType:ZZUnitStandardType:2
*,2902,Y,ZZUnitStandard:ZZUnitStandard_ID:2202;ZZLearnership:ZZLearnership_ID:162;ref:ZZLkpUnitStandardType:ZZUnitStandardType:2
*,2903,Y,ZZUnitStandard:ZZUnitStandard_ID:2214;ZZLearnership:ZZLearnership_ID:162;ref:ZZLkpUnitStandardType:ZZUnitStandardType:2
*,2904,Y,ZZUnitStandard:ZZUnitStandard_ID:2215;ZZLearnership:ZZLearnership_ID:162;ref:ZZLkpUnitStandardType:ZZUnitStandardType:2
*,2905,Y,ZZUnitStandard:ZZUnitStandard_ID:2217;ZZLearnership:ZZLearnership_ID:162;ref:ZZLkpUnitStandardType:ZZUnitStandardType:2
*,2906,Y,ZZUnitStandard:ZZUnitStandard_ID:2218;ZZLearnership:ZZLearnership_ID:162;ref:ZZLkpUnitStandardType:ZZUnitStandardType:2
*,2907,Y,ZZUnitStandard:ZZUnitStandard_ID:2221;ZZLearnership:ZZLearnership_ID:162;ref:ZZLkpUnitStandardType:ZZUnitStandardType:2
*,2908,Y,ZZUnitStandard:ZZUnitStandard_ID:2406;ZZLearnership:ZZLearnership_ID:162;ref:ZZLkpUnitStandardType:ZZUnitStandardType:2
*,2909,Y,ZZUnitStandard:ZZUnitStandard_ID:2555;ZZLearnership:ZZLearnership_ID:162;ref:ZZLkpUnitStandardType:ZZUnitStandardType:3
*,2910,Y,ZZUnitStandard:ZZUnitStandard_ID:2578;ZZLearnership:ZZLearnership_ID:162;ref:ZZLkpUnitStandardType:ZZUnitStandardType:1
*,2911,Y,ZZUnitStandard:ZZUnitStandard_ID:2604;ZZLearnership:ZZLearnership_ID:162;ref:ZZLkpUnitStandardType:ZZUnitStandardType:1
*,2912,Y,ZZUnitStandard:ZZUnitStandard_ID:2909;ZZLearnership:ZZLearnership_ID:162;ref:ZZLkpUnitStandardType:ZZUnitStandardType:1
*,2913,Y,ZZUnitStandard:ZZUnitStandard_ID:3045;ZZLearnership:ZZLearnership_ID:162;ref:ZZLkpUnitStandardType:ZZUnitStandardType:3
*,2914,Y,ZZUnitStandard:ZZUnitStandard_ID:3046;ZZLearnership:ZZLearnership_ID:162;ref:ZZLkpUnitStandardType:ZZUnitStandardType:1
*,2915,Y,ZZUnitStandard:ZZUnitStandard_ID:3047;ZZLearnership:ZZLearnership_ID:162;ref:ZZLkpUnitStandardType:ZZUnitStandardType:3
*,2916,Y,ZZUnitStandard:ZZUnitStandard_ID:3048;ZZLearnership:ZZLearnership_ID:162;ref:ZZLkpUnitStandardType:ZZUnitStandardType:3
*,2917,Y,ZZUnitStandard:ZZUnitStandard_ID:3063;ZZLearnership:ZZLearnership_ID:162;ref:ZZLkpUnitStandardType:ZZUnitStandardType:1
*,2918,Y,ZZUnitStandard:ZZUnitStandard_ID:3064;ZZLearnership:ZZLearnership_ID:162;ref:ZZLkpUnitStandardType:ZZUnitStandardType:1
*,2919,Y,ZZUnitStandard:ZZUnitStandard_ID:3068;ZZLearnership:ZZLearnership_ID:162;ref:ZZLkpUnitStandardType:ZZUnitStandardType:3
*,2920,Y,ZZUnitStandard:ZZUnitStandard_ID:3074;ZZLearnership:ZZLearnership_ID:162;ref:ZZLkpUnitStandardType:ZZUnitStandardType:3
*,2921,Y,ZZUnitStandard:ZZUnitStandard_ID:3083;ZZLearnership:ZZLearnership_ID:162;ref:ZZLkpUnitStandardType:ZZUnitStandardType:3
*,2922,Y,ZZUnitStandard:ZZUnitStandard_ID:3088;ZZLearnership:ZZLearnership_ID:162;ref:ZZLkpUnitStandardType:ZZUnitStandardType:3
*,2923,Y,ZZUnitStandard:ZZUnitStandard_ID:3089;ZZLearnership:ZZLearnership_ID:162;ref:ZZLkpUnitStandardType:ZZUnitStandardType:3
*,2924,Y,ZZUnitStandard:ZZUnitStandard_ID:3090;ZZLearnership:ZZLearnership_ID:162;ref:ZZLkpUnitStandardType:ZZUnitStandardType:3
*,2925,Y,ZZUnitStandard:ZZUnitStandard_ID:3094;ZZLearnership:ZZLearnership_ID:162;ref:ZZLkpUnitStandardType:ZZUnitStandardType:3
*,2926,Y,ZZUnitStandard:ZZUnitStandard_ID:3096;ZZLearnership:ZZLearnership_ID:162;ref:ZZLkpUnitStandardType:ZZUnitStandardType:3
*,2927,Y,ZZUnitStandard:ZZUnitStandard_ID:3097;ZZLearnership:ZZLearnership_ID:162;ref:ZZLkpUnitStandardType:ZZUnitStandardType:3
*,2928,Y,ZZUnitStandard:ZZUnitStandard_ID:3101;ZZLearnership:ZZLearnership_ID:162;ref:ZZLkpUnitStandardType:ZZUnitStandardType:3
*,2929,Y,ZZUnitStandard:ZZUnitStandard_ID:3107;ZZLearnership:ZZLearnership_ID:162;ref:ZZLkpUnitStandardType:ZZUnitStandardType:3
*,2930,Y,ZZUnitStandard:ZZUnitStandard_ID:3109;ZZLearnership:ZZLearnership_ID:162;ref:ZZLkpUnitStandardType:ZZUnitStandardType:3
*,2931,Y,ZZUnitStandard:ZZUnitStandard_ID:3117;ZZLearnership:ZZLearnership_ID:162;ref:ZZLkpUnitStandardType:ZZUnitStandardType:3
*,2932,Y,ZZUnitStandard:ZZUnitStandard_ID:3125;ZZLearnership:ZZLearnership_ID:162;ref:ZZLkpUnitStandardType:ZZUnitStandardType:3
*,2933,Y,ZZUnitStandard:ZZUnitStandard_ID:3126;ZZLearnership:ZZLearnership_ID:162;ref:ZZLkpUnitStandardType:ZZUnitStandardType:3
*,2934,Y,ZZUnitStandard:ZZUnitStandard_ID:3128;ZZLearnership:ZZLearnership_ID:162;ref:ZZLkpUnitStandardType:ZZUnitStandardType:3
*,2935,Y,ZZUnitStandard:ZZUnitStandard_ID:3258;ZZLearnership:ZZLearnership_ID:162;ref:ZZLkpUnitStandardType:ZZUnitStandardType:1
*,2936,Y,ZZUnitStandard:ZZUnitStandard_ID:3259;ZZLearnership:ZZLearnership_ID:162;ref:ZZLkpUnitStandardType:ZZUnitStandardType:1
*,2937,Y,ZZUnitStandard:ZZUnitStandard_ID:3260;ZZLearnership:ZZLearnership_ID:162;ref:ZZLkpUnitStandardType:ZZUnitStandardType:1
*,2938,Y,ZZUnitStandard:ZZUnitStandard_ID:3261;ZZLearnership:ZZLearnership_ID:162;ref:ZZLkpUnitStandardType:ZZUnitStandardType:3
*,2939,Y,ZZUnitStandard:ZZUnitStandard_ID:3262;ZZLearnership:ZZLearnership_ID:162;ref:ZZLkpUnitStandardType:ZZUnitStandardType:3
*,2940,Y,ZZUnitStandard:ZZUnitStandard_ID:3263;ZZLearnership:ZZLearnership_ID:162;ref:ZZLkpUnitStandardType:ZZUnitStandardType:3
*,2941,Y,ZZUnitStandard:ZZUnitStandard_ID:3264;ZZLearnership:ZZLearnership_ID:162;ref:ZZLkpUnitStandardType:ZZUnitStandardType:1
*,2942,Y,ZZUnitStandard:ZZUnitStandard_ID:3265;ZZLearnership:ZZLearnership_ID:162;ref:ZZLkpUnitStandardType:ZZUnitStandardType:1
*,2943,Y,ZZUnitStandard:ZZUnitStandard_ID:3266;ZZLearnership:ZZLearnership_ID:162;ref:ZZLkpUnitStandardType:ZZUnitStandardType:3
*,2944,Y,ZZUnitStandard:ZZUnitStandard_ID:3267;ZZLearnership:ZZLearnership_ID:162;ref:ZZLkpUnitStandardType:ZZUnitStandardType:1
*,2945,Y,ZZUnitStandard:ZZUnitStandard_ID:3268;ZZLearnership:ZZLearnership_ID:162;ref:ZZLkpUnitStandardType:ZZUnitStandardType:1
*,2946,Y,ZZUnitStandard:ZZUnitStandard_ID:3269;ZZLearnership:ZZLearnership_ID:162;ref:ZZLkpUnitStandardType:ZZUnitStandardType:3
*,2947,Y,ZZUnitStandard:ZZUnitStandard_ID:3270;ZZLearnership:ZZLearnership_ID:162;ref:ZZLkpUnitStandardType:ZZUnitStandardType:1
*,2948,Y,ZZUnitStandard:ZZUnitStandard_ID:3271;ZZLearnership:ZZLearnership_ID:162;ref:ZZLkpUnitStandardType:ZZUnitStandardType:1
*,2949,Y,ZZUnitStandard:ZZUnitStandard_ID:3272;ZZLearnership:ZZLearnership_ID:162;ref:ZZLkpUnitStandardType:ZZUnitStandardType:3
*,2950,Y,ZZUnitStandard:ZZUnitStandard_ID:3273;ZZLearnership:ZZLearnership_ID:162;ref:ZZLkpUnitStandardType:ZZUnitStandardType:3
*,2951,Y,ZZUnitStandard:ZZUnitStandard_ID:3274;ZZLearnership:ZZLearnership_ID:162;ref:ZZLkpUnitStandardType:ZZUnitStandardType:3
*,2952,Y,ZZUnitStandard:ZZUnitStandard_ID:3275;ZZLearnership:ZZLearnership_ID:162;ref:ZZLkpUnitStandardType:ZZUnitStandardType:3
*,2953,Y,ZZUnitStandard:ZZUnitStandard_ID:1;ZZLearnership:ZZLearnership_ID:163;ref:ZZLkpUnitStandardType:ZZUnitStandardType:3
*,2954,Y,ZZUnitStandard:ZZUnitStandard_ID:2;ZZLearnership:ZZLearnership_ID:163;ref:ZZLkpUnitStandardType:ZZUnitStandardType:3
*,2955,Y,ZZUnitStandard:ZZUnitStandard_ID:3;ZZLearnership:ZZLearnership_ID:163;ref:ZZLkpUnitStandardType:ZZUnitStandardType:3
*,2956,Y,ZZUnitStandard:ZZUnitStandard_ID:919;ZZLearnership:ZZLearnership_ID:163;ref:ZZLkpUnitStandardType:ZZUnitStandardType:1
*,2957,Y,ZZUnitStandard:ZZUnitStandard_ID:961;ZZLearnership:ZZLearnership_ID:163;ref:ZZLkpUnitStandardType:ZZUnitStandardType:3
*,2958,Y,ZZUnitStandard:ZZUnitStandard_ID:962;ZZLearnership:ZZLearnership_ID:163;ref:ZZLkpUnitStandardType:ZZUnitStandardType:3
*,2959,Y,ZZUnitStandard:ZZUnitStandard_ID:985;ZZLearnership:ZZLearnership_ID:163;ref:ZZLkpUnitStandardType:ZZUnitStandardType:1
*,2960,Y,ZZUnitStandard:ZZUnitStandard_ID:1120;ZZLearnership:ZZLearnership_ID:163;ref:ZZLkpUnitStandardType:ZZUnitStandardType:1
*,2961,Y,ZZUnitStandard:ZZUnitStandard_ID:1185;ZZLearnership:ZZLearnership_ID:163;ref:ZZLkpUnitStandardType:ZZUnitStandardType:2
*,2962,Y,ZZUnitStandard:ZZUnitStandard_ID:1186;ZZLearnership:ZZLearnership_ID:163;ref:ZZLkpUnitStandardType:ZZUnitStandardType:2
*,2963,Y,ZZUnitStandard:ZZUnitStandard_ID:1189;ZZLearnership:ZZLearnership_ID:163;ref:ZZLkpUnitStandardType:ZZUnitStandardType:2
*,2964,Y,ZZUnitStandard:ZZUnitStandard_ID:1194;ZZLearnership:ZZLearnership_ID:163;ref:ZZLkpUnitStandardType:ZZUnitStandardType:2
*,2965,Y,ZZUnitStandard:ZZUnitStandard_ID:1197;ZZLearnership:ZZLearnership_ID:163;ref:ZZLkpUnitStandardType:ZZUnitStandardType:2
*,2966,Y,ZZUnitStandard:ZZUnitStandard_ID:1198;ZZLearnership:ZZLearnership_ID:163;ref:ZZLkpUnitStandardType:ZZUnitStandardType:2
*,2967,Y,ZZUnitStandard:ZZUnitStandard_ID:1514;ZZLearnership:ZZLearnership_ID:163;ref:ZZLkpUnitStandardType:ZZUnitStandardType:2
*,2968,Y,ZZUnitStandard:ZZUnitStandard_ID:1516;ZZLearnership:ZZLearnership_ID:163;ref:ZZLkpUnitStandardType:ZZUnitStandardType:2
*,2969,Y,ZZUnitStandard:ZZUnitStandard_ID:2047;ZZLearnership:ZZLearnership_ID:163;ref:ZZLkpUnitStandardType:ZZUnitStandardType:1
*,2970,Y,ZZUnitStandard:ZZUnitStandard_ID:2201;ZZLearnership:ZZLearnership_ID:163;ref:ZZLkpUnitStandardType:ZZUnitStandardType:2
*,2971,Y,ZZUnitStandard:ZZUnitStandard_ID:2202;ZZLearnership:ZZLearnership_ID:163;ref:ZZLkpUnitStandardType:ZZUnitStandardType:2
*,2972,Y,ZZUnitStandard:ZZUnitStandard_ID:2214;ZZLearnership:ZZLearnership_ID:163;ref:ZZLkpUnitStandardType:ZZUnitStandardType:2
*,2973,Y,ZZUnitStandard:ZZUnitStandard_ID:2215;ZZLearnership:ZZLearnership_ID:163;ref:ZZLkpUnitStandardType:ZZUnitStandardType:2
*,2974,Y,ZZUnitStandard:ZZUnitStandard_ID:2217;ZZLearnership:ZZLearnership_ID:163;ref:ZZLkpUnitStandardType:ZZUnitStandardType:2
*,2975,Y,ZZUnitStandard:ZZUnitStandard_ID:2218;ZZLearnership:ZZLearnership_ID:163;ref:ZZLkpUnitStandardType:ZZUnitStandardType:2
*,2976,Y,ZZUnitStandard:ZZUnitStandard_ID:2220;ZZLearnership:ZZLearnership_ID:163;ref:ZZLkpUnitStandardType:ZZUnitStandardType:3
*,2977,Y,ZZUnitStandard:ZZUnitStandard_ID:2221;ZZLearnership:ZZLearnership_ID:163;ref:ZZLkpUnitStandardType:ZZUnitStandardType:2
*,2978,Y,ZZUnitStandard:ZZUnitStandard_ID:2340;ZZLearnership:ZZLearnership_ID:163;ref:ZZLkpUnitStandardType:ZZUnitStandardType:2
*,2979,Y,ZZUnitStandard:ZZUnitStandard_ID:2406;ZZLearnership:ZZLearnership_ID:163;ref:ZZLkpUnitStandardType:ZZUnitStandardType:2
*,2980,Y,ZZUnitStandard:ZZUnitStandard_ID:2450;ZZLearnership:ZZLearnership_ID:163;ref:ZZLkpUnitStandardType:ZZUnitStandardType:2
*,2981,Y,ZZUnitStandard:ZZUnitStandard_ID:2452;ZZLearnership:ZZLearnership_ID:163;ref:ZZLkpUnitStandardType:ZZUnitStandardType:2
*,2982,Y,ZZUnitStandard:ZZUnitStandard_ID:2453;ZZLearnership:ZZLearnership_ID:163;ref:ZZLkpUnitStandardType:ZZUnitStandardType:2
*,2983,Y,ZZUnitStandard:ZZUnitStandard_ID:2605;ZZLearnership:ZZLearnership_ID:163;ref:ZZLkpUnitStandardType:ZZUnitStandardType:1
*,2984,Y,ZZUnitStandard:ZZUnitStandard_ID:2727;ZZLearnership:ZZLearnership_ID:163;ref:ZZLkpUnitStandardType:ZZUnitStandardType:1
*,2985,Y,ZZUnitStandard:ZZUnitStandard_ID:2728;ZZLearnership:ZZLearnership_ID:163;ref:ZZLkpUnitStandardType:ZZUnitStandardType:1
*,2986,Y,ZZUnitStandard:ZZUnitStandard_ID:2729;ZZLearnership:ZZLearnership_ID:163;ref:ZZLkpUnitStandardType:ZZUnitStandardType:1
*,2987,Y,ZZUnitStandard:ZZUnitStandard_ID:2730;ZZLearnership:ZZLearnership_ID:163;ref:ZZLkpUnitStandardType:ZZUnitStandardType:1
*,2988,Y,ZZUnitStandard:ZZUnitStandard_ID:2731;ZZLearnership:ZZLearnership_ID:163;ref:ZZLkpUnitStandardType:ZZUnitStandardType:1
*,2989,Y,ZZUnitStandard:ZZUnitStandard_ID:2732;ZZLearnership:ZZLearnership_ID:163;ref:ZZLkpUnitStandardType:ZZUnitStandardType:1
*,2990,Y,ZZUnitStandard:ZZUnitStandard_ID:2733;ZZLearnership:ZZLearnership_ID:163;ref:ZZLkpUnitStandardType:ZZUnitStandardType:1
*,2991,Y,ZZUnitStandard:ZZUnitStandard_ID:2734;ZZLearnership:ZZLearnership_ID:163;ref:ZZLkpUnitStandardType:ZZUnitStandardType:1
*,2992,Y,ZZUnitStandard:ZZUnitStandard_ID:2735;ZZLearnership:ZZLearnership_ID:163;ref:ZZLkpUnitStandardType:ZZUnitStandardType:1
*,2993,Y,ZZUnitStandard:ZZUnitStandard_ID:2737;ZZLearnership:ZZLearnership_ID:163;ref:ZZLkpUnitStandardType:ZZUnitStandardType:3
*,2994,Y,ZZUnitStandard:ZZUnitStandard_ID:2739;ZZLearnership:ZZLearnership_ID:163;ref:ZZLkpUnitStandardType:ZZUnitStandardType:3
*,2995,Y,ZZUnitStandard:ZZUnitStandard_ID:2743;ZZLearnership:ZZLearnership_ID:163;ref:ZZLkpUnitStandardType:ZZUnitStandardType:3
*,2996,Y,ZZUnitStandard:ZZUnitStandard_ID:2747;ZZLearnership:ZZLearnership_ID:163;ref:ZZLkpUnitStandardType:ZZUnitStandardType:3
*,2997,Y,ZZUnitStandard:ZZUnitStandard_ID:2751;ZZLearnership:ZZLearnership_ID:163;ref:ZZLkpUnitStandardType:ZZUnitStandardType:3
*,2998,Y,ZZUnitStandard:ZZUnitStandard_ID:2909;ZZLearnership:ZZLearnership_ID:163;ref:ZZLkpUnitStandardType:ZZUnitStandardType:1
*,2999,Y,ZZUnitStandard:ZZUnitStandard_ID:3046;ZZLearnership:ZZLearnership_ID:163;ref:ZZLkpUnitStandardType:ZZUnitStandardType:1
*,3000,Y,ZZUnitStandard:ZZUnitStandard_ID:3047;ZZLearnership:ZZLearnership_ID:163;ref:ZZLkpUnitStandardType:ZZUnitStandardType:1
*,3001,Y,ZZUnitStandard:ZZUnitStandard_ID:3048;ZZLearnership:ZZLearnership_ID:163;ref:ZZLkpUnitStandardType:ZZUnitStandardType:1
*,3002,Y,ZZUnitStandard:ZZUnitStandard_ID:3049;ZZLearnership:ZZLearnership_ID:163;ref:ZZLkpUnitStandardType:ZZUnitStandardType:1
*,3003,Y,ZZUnitStandard:ZZUnitStandard_ID:3050;ZZLearnership:ZZLearnership_ID:163;ref:ZZLkpUnitStandardType:ZZUnitStandardType:3
*,3004,Y,ZZUnitStandard:ZZUnitStandard_ID:3051;ZZLearnership:ZZLearnership_ID:163;ref:ZZLkpUnitStandardType:ZZUnitStandardType:3
*,3005,Y,ZZUnitStandard:ZZUnitStandard_ID:3052;ZZLearnership:ZZLearnership_ID:163;ref:ZZLkpUnitStandardType:ZZUnitStandardType:3
*,3006,Y,ZZUnitStandard:ZZUnitStandard_ID:3053;ZZLearnership:ZZLearnership_ID:163;ref:ZZLkpUnitStandardType:ZZUnitStandardType:3
*,3007,Y,ZZUnitStandard:ZZUnitStandard_ID:3054;ZZLearnership:ZZLearnership_ID:163;ref:ZZLkpUnitStandardType:ZZUnitStandardType:3
*,3008,Y,ZZUnitStandard:ZZUnitStandard_ID:3055;ZZLearnership:ZZLearnership_ID:163;ref:ZZLkpUnitStandardType:ZZUnitStandardType:3
*,3009,Y,ZZUnitStandard:ZZUnitStandard_ID:3056;ZZLearnership:ZZLearnership_ID:163;ref:ZZLkpUnitStandardType:ZZUnitStandardType:3
*,3010,Y,ZZUnitStandard:ZZUnitStandard_ID:3057;ZZLearnership:ZZLearnership_ID:163;ref:ZZLkpUnitStandardType:ZZUnitStandardType:3
*,3011,Y,ZZUnitStandard:ZZUnitStandard_ID:3058;ZZLearnership:ZZLearnership_ID:163;ref:ZZLkpUnitStandardType:ZZUnitStandardType:3
*,3012,Y,ZZUnitStandard:ZZUnitStandard_ID:3059;ZZLearnership:ZZLearnership_ID:163;ref:ZZLkpUnitStandardType:ZZUnitStandardType:3
*,3013,Y,ZZUnitStandard:ZZUnitStandard_ID:3060;ZZLearnership:ZZLearnership_ID:163;ref:ZZLkpUnitStandardType:ZZUnitStandardType:3
*,3014,Y,ZZUnitStandard:ZZUnitStandard_ID:3061;ZZLearnership:ZZLearnership_ID:163;ref:ZZLkpUnitStandardType:ZZUnitStandardType:3
*,3015,Y,ZZUnitStandard:ZZUnitStandard_ID:3062;ZZLearnership:ZZLearnership_ID:163;ref:ZZLkpUnitStandardType:ZZUnitStandardType:3
*,3016,Y,ZZUnitStandard:ZZUnitStandard_ID:3063;ZZLearnership:ZZLearnership_ID:163;ref:ZZLkpUnitStandardType:ZZUnitStandardType:3
*,3017,Y,ZZUnitStandard:ZZUnitStandard_ID:3064;ZZLearnership:ZZLearnership_ID:163;ref:ZZLkpUnitStandardType:ZZUnitStandardType:3
*,3018,Y,ZZUnitStandard:ZZUnitStandard_ID:3065;ZZLearnership:ZZLearnership_ID:163;ref:ZZLkpUnitStandardType:ZZUnitStandardType:3
*,3019,Y,ZZUnitStandard:ZZUnitStandard_ID:3066;ZZLearnership:ZZLearnership_ID:163;ref:ZZLkpUnitStandardType:ZZUnitStandardType:1
*,3020,Y,ZZUnitStandard:ZZUnitStandard_ID:3067;ZZLearnership:ZZLearnership_ID:163;ref:ZZLkpUnitStandardType:ZZUnitStandardType:3
*,3021,Y,ZZUnitStandard:ZZUnitStandard_ID:3068;ZZLearnership:ZZLearnership_ID:163;ref:ZZLkpUnitStandardType:ZZUnitStandardType:3
*,3022,Y,ZZUnitStandard:ZZUnitStandard_ID:3069;ZZLearnership:ZZLearnership_ID:163;ref:ZZLkpUnitStandardType:ZZUnitStandardType:3
*,3023,Y,ZZUnitStandard:ZZUnitStandard_ID:3070;ZZLearnership:ZZLearnership_ID:163;ref:ZZLkpUnitStandardType:ZZUnitStandardType:3
*,3024,Y,ZZUnitStandard:ZZUnitStandard_ID:3071;ZZLearnership:ZZLearnership_ID:163;ref:ZZLkpUnitStandardType:ZZUnitStandardType:3
*,3025,Y,ZZUnitStandard:ZZUnitStandard_ID:3072;ZZLearnership:ZZLearnership_ID:163;ref:ZZLkpUnitStandardType:ZZUnitStandardType:3
*,3026,Y,ZZUnitStandard:ZZUnitStandard_ID:3073;ZZLearnership:ZZLearnership_ID:163;ref:ZZLkpUnitStandardType:ZZUnitStandardType:1
*,3027,Y,ZZUnitStandard:ZZUnitStandard_ID:3074;ZZLearnership:ZZLearnership_ID:163;ref:ZZLkpUnitStandardType:ZZUnitStandardType:1
*,3028,Y,ZZUnitStandard:ZZUnitStandard_ID:3075;ZZLearnership:ZZLearnership_ID:163;ref:ZZLkpUnitStandardType:ZZUnitStandardType:3
*,3029,Y,ZZUnitStandard:ZZUnitStandard_ID:3076;ZZLearnership:ZZLearnership_ID:163;ref:ZZLkpUnitStandardType:ZZUnitStandardType:3
*,3030,Y,ZZUnitStandard:ZZUnitStandard_ID:3077;ZZLearnership:ZZLearnership_ID:163;ref:ZZLkpUnitStandardType:ZZUnitStandardType:3
*,3031,Y,ZZUnitStandard:ZZUnitStandard_ID:3078;ZZLearnership:ZZLearnership_ID:163;ref:ZZLkpUnitStandardType:ZZUnitStandardType:3
*,3032,Y,ZZUnitStandard:ZZUnitStandard_ID:3079;ZZLearnership:ZZLearnership_ID:163;ref:ZZLkpUnitStandardType:ZZUnitStandardType:3
*,3033,Y,ZZUnitStandard:ZZUnitStandard_ID:3080;ZZLearnership:ZZLearnership_ID:163;ref:ZZLkpUnitStandardType:ZZUnitStandardType:3
*,3034,Y,ZZUnitStandard:ZZUnitStandard_ID:3081;ZZLearnership:ZZLearnership_ID:163;ref:ZZLkpUnitStandardType:ZZUnitStandardType:1
*,3035,Y,ZZUnitStandard:ZZUnitStandard_ID:3082;ZZLearnership:ZZLearnership_ID:163;ref:ZZLkpUnitStandardType:ZZUnitStandardType:1
*,3036,Y,ZZUnitStandard:ZZUnitStandard_ID:3083;ZZLearnership:ZZLearnership_ID:163;ref:ZZLkpUnitStandardType:ZZUnitStandardType:1
*,3037,Y,ZZUnitStandard:ZZUnitStandard_ID:3084;ZZLearnership:ZZLearnership_ID:163;ref:ZZLkpUnitStandardType:ZZUnitStandardType:1
*,3038,Y,ZZUnitStandard:ZZUnitStandard_ID:3085;ZZLearnership:ZZLearnership_ID:163;ref:ZZLkpUnitStandardType:ZZUnitStandardType:3
*,3039,Y,ZZUnitStandard:ZZUnitStandard_ID:1189;ZZLearnership:ZZLearnership_ID:164;ref:ZZLkpUnitStandardType:ZZUnitStandardType:2
*,3040,Y,ZZUnitStandard:ZZUnitStandard_ID:1197;ZZLearnership:ZZLearnership_ID:164;ref:ZZLkpUnitStandardType:ZZUnitStandardType:2
*,3041,Y,ZZUnitStandard:ZZUnitStandard_ID:1198;ZZLearnership:ZZLearnership_ID:164;ref:ZZLkpUnitStandardType:ZZUnitStandardType:2
*,3042,Y,ZZUnitStandard:ZZUnitStandard_ID:1884;ZZLearnership:ZZLearnership_ID:164;ref:ZZLkpUnitStandardType:ZZUnitStandardType:1
*,3043,Y,ZZUnitStandard:ZZUnitStandard_ID:2201;ZZLearnership:ZZLearnership_ID:164;ref:ZZLkpUnitStandardType:ZZUnitStandardType:2
*,3044,Y,ZZUnitStandard:ZZUnitStandard_ID:2202;ZZLearnership:ZZLearnership_ID:164;ref:ZZLkpUnitStandardType:ZZUnitStandardType:2
*,3045,Y,ZZUnitStandard:ZZUnitStandard_ID:2214;ZZLearnership:ZZLearnership_ID:164;ref:ZZLkpUnitStandardType:ZZUnitStandardType:2
*,3046,Y,ZZUnitStandard:ZZUnitStandard_ID:2215;ZZLearnership:ZZLearnership_ID:164;ref:ZZLkpUnitStandardType:ZZUnitStandardType:2
*,3047,Y,ZZUnitStandard:ZZUnitStandard_ID:2217;ZZLearnership:ZZLearnership_ID:164;ref:ZZLkpUnitStandardType:ZZUnitStandardType:2
*,3048,Y,ZZUnitStandard:ZZUnitStandard_ID:2218;ZZLearnership:ZZLearnership_ID:164;ref:ZZLkpUnitStandardType:ZZUnitStandardType:2
*,3049,Y,ZZUnitStandard:ZZUnitStandard_ID:2221;ZZLearnership:ZZLearnership_ID:164;ref:ZZLkpUnitStandardType:ZZUnitStandardType:2
*,3050,Y,ZZUnitStandard:ZZUnitStandard_ID:2406;ZZLearnership:ZZLearnership_ID:164;ref:ZZLkpUnitStandardType:ZZUnitStandardType:2
*,3051,Y,ZZUnitStandard:ZZUnitStandard_ID:2587;ZZLearnership:ZZLearnership_ID:164;ref:ZZLkpUnitStandardType:ZZUnitStandardType:1
*,3052,Y,ZZUnitStandard:ZZUnitStandard_ID:3355;ZZLearnership:ZZLearnership_ID:164;ref:ZZLkpUnitStandardType:ZZUnitStandardType:3
*,3053,Y,ZZUnitStandard:ZZUnitStandard_ID:3359;ZZLearnership:ZZLearnership_ID:164;ref:ZZLkpUnitStandardType:ZZUnitStandardType:3
*,3054,Y,ZZUnitStandard:ZZUnitStandard_ID:3360;ZZLearnership:ZZLearnership_ID:164;ref:ZZLkpUnitStandardType:ZZUnitStandardType:1
*,3055,Y,ZZUnitStandard:ZZUnitStandard_ID:3362;ZZLearnership:ZZLearnership_ID:164;ref:ZZLkpUnitStandardType:ZZUnitStandardType:3
*,3056,Y,ZZUnitStandard:ZZUnitStandard_ID:3363;ZZLearnership:ZZLearnership_ID:164;ref:ZZLkpUnitStandardType:ZZUnitStandardType:3
*,3057,Y,ZZUnitStandard:ZZUnitStandard_ID:3369;ZZLearnership:ZZLearnership_ID:164;ref:ZZLkpUnitStandardType:ZZUnitStandardType:3
*,3058,Y,ZZUnitStandard:ZZUnitStandard_ID:3379;ZZLearnership:ZZLearnership_ID:164;ref:ZZLkpUnitStandardType:ZZUnitStandardType:3
*,3059,Y,ZZUnitStandard:ZZUnitStandard_ID:3455;ZZLearnership:ZZLearnership_ID:164;ref:ZZLkpUnitStandardType:ZZUnitStandardType:3
*,3060,Y,ZZUnitStandard:ZZUnitStandard_ID:3456;ZZLearnership:ZZLearnership_ID:164;ref:ZZLkpUnitStandardType:ZZUnitStandardType:3
*,3061,Y,ZZUnitStandard:ZZUnitStandard_ID:3569;ZZLearnership:ZZLearnership_ID:164;ref:ZZLkpUnitStandardType:ZZUnitStandardType:1
*,3062,Y,ZZUnitStandard:ZZUnitStandard_ID:3570;ZZLearnership:ZZLearnership_ID:164;ref:ZZLkpUnitStandardType:ZZUnitStandardType:1
*,3063,Y,ZZUnitStandard:ZZUnitStandard_ID:3571;ZZLearnership:ZZLearnership_ID:164;ref:ZZLkpUnitStandardType:ZZUnitStandardType:3
*,3064,Y,ZZUnitStandard:ZZUnitStandard_ID:3572;ZZLearnership:ZZLearnership_ID:164;ref:ZZLkpUnitStandardType:ZZUnitStandardType:3
*,3065,Y,ZZUnitStandard:ZZUnitStandard_ID:3573;ZZLearnership:ZZLearnership_ID:164;ref:ZZLkpUnitStandardType:ZZUnitStandardType:3
*,3066,Y,ZZUnitStandard:ZZUnitStandard_ID:3574;ZZLearnership:ZZLearnership_ID:164;ref:ZZLkpUnitStandardType:ZZUnitStandardType:3
*,3067,Y,ZZUnitStandard:ZZUnitStandard_ID:3575;ZZLearnership:ZZLearnership_ID:164;ref:ZZLkpUnitStandardType:ZZUnitStandardType:3
*,3068,Y,ZZUnitStandard:ZZUnitStandard_ID:3576;ZZLearnership:ZZLearnership_ID:164;ref:ZZLkpUnitStandardType:ZZUnitStandardType:3
*,3069,Y,ZZUnitStandard:ZZUnitStandard_ID:3577;ZZLearnership:ZZLearnership_ID:164;ref:ZZLkpUnitStandardType:ZZUnitStandardType:3
*,3070,Y,ZZUnitStandard:ZZUnitStandard_ID:3578;ZZLearnership:ZZLearnership_ID:164;ref:ZZLkpUnitStandardType:ZZUnitStandardType:3
*,3071,Y,ZZUnitStandard:ZZUnitStandard_ID:3579;ZZLearnership:ZZLearnership_ID:164;ref:ZZLkpUnitStandardType:ZZUnitStandardType:3
*,3072,Y,ZZUnitStandard:ZZUnitStandard_ID:3580;ZZLearnership:ZZLearnership_ID:164;ref:ZZLkpUnitStandardType:ZZUnitStandardType:3
*,3073,Y,ZZUnitStandard:ZZUnitStandard_ID:3581;ZZLearnership:ZZLearnership_ID:164;ref:ZZLkpUnitStandardType:ZZUnitStandardType:3
*,3074,Y,ZZUnitStandard:ZZUnitStandard_ID:3582;ZZLearnership:ZZLearnership_ID:164;ref:ZZLkpUnitStandardType:ZZUnitStandardType:3
*,3075,Y,ZZUnitStandard:ZZUnitStandard_ID:120;ZZLearnership:ZZLearnership_ID:165;ref:ZZLkpUnitStandardType:ZZUnitStandardType:1
*,3076,Y,ZZUnitStandard:ZZUnitStandard_ID:121;ZZLearnership:ZZLearnership_ID:165;ref:ZZLkpUnitStandardType:ZZUnitStandardType:1
*,3077,Y,ZZUnitStandard:ZZUnitStandard_ID:122;ZZLearnership:ZZLearnership_ID:165;ref:ZZLkpUnitStandardType:ZZUnitStandardType:3
*,3078,Y,ZZUnitStandard:ZZUnitStandard_ID:129;ZZLearnership:ZZLearnership_ID:165;ref:ZZLkpUnitStandardType:ZZUnitStandardType:3
*,3079,Y,ZZUnitStandard:ZZUnitStandard_ID:130;ZZLearnership:ZZLearnership_ID:165;ref:ZZLkpUnitStandardType:ZZUnitStandardType:3
*,3080,Y,ZZUnitStandard:ZZUnitStandard_ID:132;ZZLearnership:ZZLearnership_ID:165;ref:ZZLkpUnitStandardType:ZZUnitStandardType:3
*,3081,Y,ZZUnitStandard:ZZUnitStandard_ID:456;ZZLearnership:ZZLearnership_ID:165;ref:ZZLkpUnitStandardType:ZZUnitStandardType:3
*,3082,Y,ZZUnitStandard:ZZUnitStandard_ID:460;ZZLearnership:ZZLearnership_ID:165;ref:ZZLkpUnitStandardType:ZZUnitStandardType:3
*,3083,Y,ZZUnitStandard:ZZUnitStandard_ID:461;ZZLearnership:ZZLearnership_ID:165;ref:ZZLkpUnitStandardType:ZZUnitStandardType:3
*,3084,Y,ZZUnitStandard:ZZUnitStandard_ID:462;ZZLearnership:ZZLearnership_ID:165;ref:ZZLkpUnitStandardType:ZZUnitStandardType:3
*,3085,Y,ZZUnitStandard:ZZUnitStandard_ID:464;ZZLearnership:ZZLearnership_ID:165;ref:ZZLkpUnitStandardType:ZZUnitStandardType:3
*,3086,Y,ZZUnitStandard:ZZUnitStandard_ID:665;ZZLearnership:ZZLearnership_ID:165;ref:ZZLkpUnitStandardType:ZZUnitStandardType:1
*,3087,Y,ZZUnitStandard:ZZUnitStandard_ID:666;ZZLearnership:ZZLearnership_ID:165;ref:ZZLkpUnitStandardType:ZZUnitStandardType:1
*,3088,Y,ZZUnitStandard:ZZUnitStandard_ID:667;ZZLearnership:ZZLearnership_ID:165;ref:ZZLkpUnitStandardType:ZZUnitStandardType:1
*,3089,Y,ZZUnitStandard:ZZUnitStandard_ID:668;ZZLearnership:ZZLearnership_ID:165;ref:ZZLkpUnitStandardType:ZZUnitStandardType:1
*,3090,Y,ZZUnitStandard:ZZUnitStandard_ID:669;ZZLearnership:ZZLearnership_ID:165;ref:ZZLkpUnitStandardType:ZZUnitStandardType:3
*,3091,Y,ZZUnitStandard:ZZUnitStandard_ID:764;ZZLearnership:ZZLearnership_ID:165;ref:ZZLkpUnitStandardType:ZZUnitStandardType:3
*,3092,Y,ZZUnitStandard:ZZUnitStandard_ID:765;ZZLearnership:ZZLearnership_ID:165;ref:ZZLkpUnitStandardType:ZZUnitStandardType:1
*,3093,Y,ZZUnitStandard:ZZUnitStandard_ID:822;ZZLearnership:ZZLearnership_ID:165;ref:ZZLkpUnitStandardType:ZZUnitStandardType:3
*,3094,Y,ZZUnitStandard:ZZUnitStandard_ID:1185;ZZLearnership:ZZLearnership_ID:165;ref:ZZLkpUnitStandardType:ZZUnitStandardType:2
*,3095,Y,ZZUnitStandard:ZZUnitStandard_ID:1186;ZZLearnership:ZZLearnership_ID:165;ref:ZZLkpUnitStandardType:ZZUnitStandardType:2
*,3096,Y,ZZUnitStandard:ZZUnitStandard_ID:1194;ZZLearnership:ZZLearnership_ID:165;ref:ZZLkpUnitStandardType:ZZUnitStandardType:2
*,3097,Y,ZZUnitStandard:ZZUnitStandard_ID:1203;ZZLearnership:ZZLearnership_ID:165;ref:ZZLkpUnitStandardType:ZZUnitStandardType:3
*,3098,Y,ZZUnitStandard:ZZUnitStandard_ID:1514;ZZLearnership:ZZLearnership_ID:165;ref:ZZLkpUnitStandardType:ZZUnitStandardType:2
*,3099,Y,ZZUnitStandard:ZZUnitStandard_ID:1516;ZZLearnership:ZZLearnership_ID:165;ref:ZZLkpUnitStandardType:ZZUnitStandardType:2
*,3100,Y,ZZUnitStandard:ZZUnitStandard_ID:1537;ZZLearnership:ZZLearnership_ID:165;ref:ZZLkpUnitStandardType:ZZUnitStandardType:3
*,3101,Y,ZZUnitStandard:ZZUnitStandard_ID:1728;ZZLearnership:ZZLearnership_ID:165;ref:ZZLkpUnitStandardType:ZZUnitStandardType:1
*,3102,Y,ZZUnitStandard:ZZUnitStandard_ID:1884;ZZLearnership:ZZLearnership_ID:165;ref:ZZLkpUnitStandardType:ZZUnitStandardType:3
*,3103,Y,ZZUnitStandard:ZZUnitStandard_ID:2220;ZZLearnership:ZZLearnership_ID:165;ref:ZZLkpUnitStandardType:ZZUnitStandardType:3
*,3104,Y,ZZUnitStandard:ZZUnitStandard_ID:2285;ZZLearnership:ZZLearnership_ID:165;ref:ZZLkpUnitStandardType:ZZUnitStandardType:3
*,3105,Y,ZZUnitStandard:ZZUnitStandard_ID:2310;ZZLearnership:ZZLearnership_ID:165;ref:ZZLkpUnitStandardType:ZZUnitStandardType:3
*,3106,Y,ZZUnitStandard:ZZUnitStandard_ID:2339;ZZLearnership:ZZLearnership_ID:165;ref:ZZLkpUnitStandardType:ZZUnitStandardType:1
*,3107,Y,ZZUnitStandard:ZZUnitStandard_ID:2340;ZZLearnership:ZZLearnership_ID:165;ref:ZZLkpUnitStandardType:ZZUnitStandardType:2
*,3108,Y,ZZUnitStandard:ZZUnitStandard_ID:2445;ZZLearnership:ZZLearnership_ID:165;ref:ZZLkpUnitStandardType:ZZUnitStandardType:3
*,3109,Y,ZZUnitStandard:ZZUnitStandard_ID:2450;ZZLearnership:ZZLearnership_ID:165;ref:ZZLkpUnitStandardType:ZZUnitStandardType:2
*,3110,Y,ZZUnitStandard:ZZUnitStandard_ID:2452;ZZLearnership:ZZLearnership_ID:165;ref:ZZLkpUnitStandardType:ZZUnitStandardType:2
*,3111,Y,ZZUnitStandard:ZZUnitStandard_ID:2453;ZZLearnership:ZZLearnership_ID:165;ref:ZZLkpUnitStandardType:ZZUnitStandardType:2
*,3112,Y,ZZUnitStandard:ZZUnitStandard_ID:2454;ZZLearnership:ZZLearnership_ID:165;ref:ZZLkpUnitStandardType:ZZUnitStandardType:1
*,3113,Y,ZZUnitStandard:ZZUnitStandard_ID:2772;ZZLearnership:ZZLearnership_ID:165;ref:ZZLkpUnitStandardType:ZZUnitStandardType:3
*,3114,Y,ZZUnitStandard:ZZUnitStandard_ID:2773;ZZLearnership:ZZLearnership_ID:165;ref:ZZLkpUnitStandardType:ZZUnitStandardType:3
*,3115,Y,ZZUnitStandard:ZZUnitStandard_ID:2774;ZZLearnership:ZZLearnership_ID:165;ref:ZZLkpUnitStandardType:ZZUnitStandardType:3
*,3116,Y,ZZUnitStandard:ZZUnitStandard_ID:2856;ZZLearnership:ZZLearnership_ID:165;ref:ZZLkpUnitStandardType:ZZUnitStandardType:1
*,3117,Y,ZZUnitStandard:ZZUnitStandard_ID:2863;ZZLearnership:ZZLearnership_ID:165;ref:ZZLkpUnitStandardType:ZZUnitStandardType:1
*,3118,Y,ZZUnitStandard:ZZUnitStandard_ID:3367;ZZLearnership:ZZLearnership_ID:165;ref:ZZLkpUnitStandardType:ZZUnitStandardType:3
*,3119,Y,ZZUnitStandard:ZZUnitStandard_ID:3534;ZZLearnership:ZZLearnership_ID:165;ref:ZZLkpUnitStandardType:ZZUnitStandardType:3
*,3120,Y,ZZUnitStandard:ZZUnitStandard_ID:3535;ZZLearnership:ZZLearnership_ID:165;ref:ZZLkpUnitStandardType:ZZUnitStandardType:3
*,3121,Y,ZZUnitStandard:ZZUnitStandard_ID:3536;ZZLearnership:ZZLearnership_ID:165;ref:ZZLkpUnitStandardType:ZZUnitStandardType:3
*,3122,Y,ZZUnitStandard:ZZUnitStandard_ID:3537;ZZLearnership:ZZLearnership_ID:165;ref:ZZLkpUnitStandardType:ZZUnitStandardType:1
*,3123,Y,ZZUnitStandard:ZZUnitStandard_ID:3538;ZZLearnership:ZZLearnership_ID:165;ref:ZZLkpUnitStandardType:ZZUnitStandardType:3
*,3124,Y,ZZUnitStandard:ZZUnitStandard_ID:3539;ZZLearnership:ZZLearnership_ID:165;ref:ZZLkpUnitStandardType:ZZUnitStandardType:1
*,3125,Y,ZZUnitStandard:ZZUnitStandard_ID:3540;ZZLearnership:ZZLearnership_ID:165;ref:ZZLkpUnitStandardType:ZZUnitStandardType:3
*,3126,Y,ZZUnitStandard:ZZUnitStandard_ID:120;ZZLearnership:ZZLearnership_ID:166;ref:ZZLkpUnitStandardType:ZZUnitStandardType:1
*,3127,Y,ZZUnitStandard:ZZUnitStandard_ID:121;ZZLearnership:ZZLearnership_ID:166;ref:ZZLkpUnitStandardType:ZZUnitStandardType:3
*,3128,Y,ZZUnitStandard:ZZUnitStandard_ID:122;ZZLearnership:ZZLearnership_ID:166;ref:ZZLkpUnitStandardType:ZZUnitStandardType:3
*,3129,Y,ZZUnitStandard:ZZUnitStandard_ID:129;ZZLearnership:ZZLearnership_ID:166;ref:ZZLkpUnitStandardType:ZZUnitStandardType:3
*,3130,Y,ZZUnitStandard:ZZUnitStandard_ID:130;ZZLearnership:ZZLearnership_ID:166;ref:ZZLkpUnitStandardType:ZZUnitStandardType:3
*,3131,Y,ZZUnitStandard:ZZUnitStandard_ID:132;ZZLearnership:ZZLearnership_ID:166;ref:ZZLkpUnitStandardType:ZZUnitStandardType:3
*,3132,Y,ZZUnitStandard:ZZUnitStandard_ID:456;ZZLearnership:ZZLearnership_ID:166;ref:ZZLkpUnitStandardType:ZZUnitStandardType:3
*,3133,Y,ZZUnitStandard:ZZUnitStandard_ID:460;ZZLearnership:ZZLearnership_ID:166;ref:ZZLkpUnitStandardType:ZZUnitStandardType:3
*,3134,Y,ZZUnitStandard:ZZUnitStandard_ID:461;ZZLearnership:ZZLearnership_ID:166;ref:ZZLkpUnitStandardType:ZZUnitStandardType:3
*,3135,Y,ZZUnitStandard:ZZUnitStandard_ID:462;ZZLearnership:ZZLearnership_ID:166;ref:ZZLkpUnitStandardType:ZZUnitStandardType:3
*,3136,Y,ZZUnitStandard:ZZUnitStandard_ID:464;ZZLearnership:ZZLearnership_ID:166;ref:ZZLkpUnitStandardType:ZZUnitStandardType:3
*,3137,Y,ZZUnitStandard:ZZUnitStandard_ID:665;ZZLearnership:ZZLearnership_ID:166;ref:ZZLkpUnitStandardType:ZZUnitStandardType:3
*,3138,Y,ZZUnitStandard:ZZUnitStandard_ID:666;ZZLearnership:ZZLearnership_ID:166;ref:ZZLkpUnitStandardType:ZZUnitStandardType:1
*,3139,Y,ZZUnitStandard:ZZUnitStandard_ID:667;ZZLearnership:ZZLearnership_ID:166;ref:ZZLkpUnitStandardType:ZZUnitStandardType:1
*,3140,Y,ZZUnitStandard:ZZUnitStandard_ID:668;ZZLearnership:ZZLearnership_ID:166;ref:ZZLkpUnitStandardType:ZZUnitStandardType:1
*,3141,Y,ZZUnitStandard:ZZUnitStandard_ID:669;ZZLearnership:ZZLearnership_ID:166;ref:ZZLkpUnitStandardType:ZZUnitStandardType:3
*,3142,Y,ZZUnitStandard:ZZUnitStandard_ID:764;ZZLearnership:ZZLearnership_ID:166;ref:ZZLkpUnitStandardType:ZZUnitStandardType:3
*,3143,Y,ZZUnitStandard:ZZUnitStandard_ID:765;ZZLearnership:ZZLearnership_ID:166;ref:ZZLkpUnitStandardType:ZZUnitStandardType:1
*,3144,Y,ZZUnitStandard:ZZUnitStandard_ID:822;ZZLearnership:ZZLearnership_ID:166;ref:ZZLkpUnitStandardType:ZZUnitStandardType:3
*,3145,Y,ZZUnitStandard:ZZUnitStandard_ID:1185;ZZLearnership:ZZLearnership_ID:166;ref:ZZLkpUnitStandardType:ZZUnitStandardType:2
*,3146,Y,ZZUnitStandard:ZZUnitStandard_ID:1186;ZZLearnership:ZZLearnership_ID:166;ref:ZZLkpUnitStandardType:ZZUnitStandardType:2
*,3147,Y,ZZUnitStandard:ZZUnitStandard_ID:1194;ZZLearnership:ZZLearnership_ID:166;ref:ZZLkpUnitStandardType:ZZUnitStandardType:2
*,3148,Y,ZZUnitStandard:ZZUnitStandard_ID:1203;ZZLearnership:ZZLearnership_ID:166;ref:ZZLkpUnitStandardType:ZZUnitStandardType:3
*,3149,Y,ZZUnitStandard:ZZUnitStandard_ID:1514;ZZLearnership:ZZLearnership_ID:166;ref:ZZLkpUnitStandardType:ZZUnitStandardType:2
*,3150,Y,ZZUnitStandard:ZZUnitStandard_ID:1516;ZZLearnership:ZZLearnership_ID:166;ref:ZZLkpUnitStandardType:ZZUnitStandardType:2
*,3151,Y,ZZUnitStandard:ZZUnitStandard_ID:1537;ZZLearnership:ZZLearnership_ID:166;ref:ZZLkpUnitStandardType:ZZUnitStandardType:3
*,3152,Y,ZZUnitStandard:ZZUnitStandard_ID:1728;ZZLearnership:ZZLearnership_ID:166;ref:ZZLkpUnitStandardType:ZZUnitStandardType:1
*,3153,Y,ZZUnitStandard:ZZUnitStandard_ID:1884;ZZLearnership:ZZLearnership_ID:166;ref:ZZLkpUnitStandardType:ZZUnitStandardType:3
*,3154,Y,ZZUnitStandard:ZZUnitStandard_ID:1996;ZZLearnership:ZZLearnership_ID:166;ref:ZZLkpUnitStandardType:ZZUnitStandardType:1
*,3155,Y,ZZUnitStandard:ZZUnitStandard_ID:2220;ZZLearnership:ZZLearnership_ID:166;ref:ZZLkpUnitStandardType:ZZUnitStandardType:3
*,3156,Y,ZZUnitStandard:ZZUnitStandard_ID:2285;ZZLearnership:ZZLearnership_ID:166;ref:ZZLkpUnitStandardType:ZZUnitStandardType:3
*,3157,Y,ZZUnitStandard:ZZUnitStandard_ID:2310;ZZLearnership:ZZLearnership_ID:166;ref:ZZLkpUnitStandardType:ZZUnitStandardType:3
*,3158,Y,ZZUnitStandard:ZZUnitStandard_ID:2339;ZZLearnership:ZZLearnership_ID:166;ref:ZZLkpUnitStandardType:ZZUnitStandardType:1
*,3159,Y,ZZUnitStandard:ZZUnitStandard_ID:2340;ZZLearnership:ZZLearnership_ID:166;ref:ZZLkpUnitStandardType:ZZUnitStandardType:2
*,3160,Y,ZZUnitStandard:ZZUnitStandard_ID:2445;ZZLearnership:ZZLearnership_ID:166;ref:ZZLkpUnitStandardType:ZZUnitStandardType:3
*,3161,Y,ZZUnitStandard:ZZUnitStandard_ID:2450;ZZLearnership:ZZLearnership_ID:166;ref:ZZLkpUnitStandardType:ZZUnitStandardType:2
*,3162,Y,ZZUnitStandard:ZZUnitStandard_ID:2452;ZZLearnership:ZZLearnership_ID:166;ref:ZZLkpUnitStandardType:ZZUnitStandardType:2
*,3163,Y,ZZUnitStandard:ZZUnitStandard_ID:2453;ZZLearnership:ZZLearnership_ID:166;ref:ZZLkpUnitStandardType:ZZUnitStandardType:2
*,3164,Y,ZZUnitStandard:ZZUnitStandard_ID:2454;ZZLearnership:ZZLearnership_ID:166;ref:ZZLkpUnitStandardType:ZZUnitStandardType:3
*,3165,Y,ZZUnitStandard:ZZUnitStandard_ID:2772;ZZLearnership:ZZLearnership_ID:166;ref:ZZLkpUnitStandardType:ZZUnitStandardType:3
*,3166,Y,ZZUnitStandard:ZZUnitStandard_ID:2773;ZZLearnership:ZZLearnership_ID:166;ref:ZZLkpUnitStandardType:ZZUnitStandardType:3
*,3167,Y,ZZUnitStandard:ZZUnitStandard_ID:2774;ZZLearnership:ZZLearnership_ID:166;ref:ZZLkpUnitStandardType:ZZUnitStandardType:3
*,3168,Y,ZZUnitStandard:ZZUnitStandard_ID:2856;ZZLearnership:ZZLearnership_ID:166;ref:ZZLkpUnitStandardType:ZZUnitStandardType:1
*,3169,Y,ZZUnitStandard:ZZUnitStandard_ID:2863;ZZLearnership:ZZLearnership_ID:166;ref:ZZLkpUnitStandardType:ZZUnitStandardType:1
*,3170,Y,ZZUnitStandard:ZZUnitStandard_ID:3367;ZZLearnership:ZZLearnership_ID:166;ref:ZZLkpUnitStandardType:ZZUnitStandardType:3
*,3171,Y,ZZUnitStandard:ZZUnitStandard_ID:3534;ZZLearnership:ZZLearnership_ID:166;ref:ZZLkpUnitStandardType:ZZUnitStandardType:1
*,3172,Y,ZZUnitStandard:ZZUnitStandard_ID:3535;ZZLearnership:ZZLearnership_ID:166;ref:ZZLkpUnitStandardType:ZZUnitStandardType:1
*,3173,Y,ZZUnitStandard:ZZUnitStandard_ID:3536;ZZLearnership:ZZLearnership_ID:166;ref:ZZLkpUnitStandardType:ZZUnitStandardType:1
*,3174,Y,ZZUnitStandard:ZZUnitStandard_ID:3537;ZZLearnership:ZZLearnership_ID:166;ref:ZZLkpUnitStandardType:ZZUnitStandardType:3
*,3175,Y,ZZUnitStandard:ZZUnitStandard_ID:3538;ZZLearnership:ZZLearnership_ID:166;ref:ZZLkpUnitStandardType:ZZUnitStandardType:3
*,3176,Y,ZZUnitStandard:ZZUnitStandard_ID:3539;ZZLearnership:ZZLearnership_ID:166;ref:ZZLkpUnitStandardType:ZZUnitStandardType:3
*,3177,Y,ZZUnitStandard:ZZUnitStandard_ID:3540;ZZLearnership:ZZLearnership_ID:166;ref:ZZLkpUnitStandardType:ZZUnitStandardType:3
*,3178,Y,ZZUnitStandard:ZZUnitStandard_ID:1188;ZZLearnership:ZZLearnership_ID:167;ref:ZZLkpUnitStandardType:ZZUnitStandardType:2
*,3179,Y,ZZUnitStandard:ZZUnitStandard_ID:1190;ZZLearnership:ZZLearnership_ID:167;ref:ZZLkpUnitStandardType:ZZUnitStandardType:2
*,3180,Y,ZZUnitStandard:ZZUnitStandard_ID:1196;ZZLearnership:ZZLearnership_ID:167;ref:ZZLkpUnitStandardType:ZZUnitStandardType:2
*,3181,Y,ZZUnitStandard:ZZUnitStandard_ID:1518;ZZLearnership:ZZLearnership_ID:167;ref:ZZLkpUnitStandardType:ZZUnitStandardType:2
*,3182,Y,ZZUnitStandard:ZZUnitStandard_ID:1672;ZZLearnership:ZZLearnership_ID:167;ref:ZZLkpUnitStandardType:ZZUnitStandardType:3
*,3183,Y,ZZUnitStandard:ZZUnitStandard_ID:1856;ZZLearnership:ZZLearnership_ID:167;ref:ZZLkpUnitStandardType:ZZUnitStandardType:3
*,3184,Y,ZZUnitStandard:ZZUnitStandard_ID:1858;ZZLearnership:ZZLearnership_ID:167;ref:ZZLkpUnitStandardType:ZZUnitStandardType:3
*,3185,Y,ZZUnitStandard:ZZUnitStandard_ID:1859;ZZLearnership:ZZLearnership_ID:167;ref:ZZLkpUnitStandardType:ZZUnitStandardType:3
*,3186,Y,ZZUnitStandard:ZZUnitStandard_ID:1897;ZZLearnership:ZZLearnership_ID:167;ref:ZZLkpUnitStandardType:ZZUnitStandardType:3
*,3187,Y,ZZUnitStandard:ZZUnitStandard_ID:2201;ZZLearnership:ZZLearnership_ID:167;ref:ZZLkpUnitStandardType:ZZUnitStandardType:2
*,3188,Y,ZZUnitStandard:ZZUnitStandard_ID:2202;ZZLearnership:ZZLearnership_ID:167;ref:ZZLkpUnitStandardType:ZZUnitStandardType:2
*,3189,Y,ZZUnitStandard:ZZUnitStandard_ID:2218;ZZLearnership:ZZLearnership_ID:167;ref:ZZLkpUnitStandardType:ZZUnitStandardType:2
*,3190,Y,ZZUnitStandard:ZZUnitStandard_ID:2221;ZZLearnership:ZZLearnership_ID:167;ref:ZZLkpUnitStandardType:ZZUnitStandardType:2
*,3191,Y,ZZUnitStandard:ZZUnitStandard_ID:2446;ZZLearnership:ZZLearnership_ID:167;ref:ZZLkpUnitStandardType:ZZUnitStandardType:3
*,3192,Y,ZZUnitStandard:ZZUnitStandard_ID:2855;ZZLearnership:ZZLearnership_ID:167;ref:ZZLkpUnitStandardType:ZZUnitStandardType:3
*,3193,Y,ZZUnitStandard:ZZUnitStandard_ID:2886;ZZLearnership:ZZLearnership_ID:167;ref:ZZLkpUnitStandardType:ZZUnitStandardType:3
*,3194,Y,ZZUnitStandard:ZZUnitStandard_ID:3586;ZZLearnership:ZZLearnership_ID:167;ref:ZZLkpUnitStandardType:ZZUnitStandardType:3
*,3195,Y,ZZUnitStandard:ZZUnitStandard_ID:3612;ZZLearnership:ZZLearnership_ID:167;ref:ZZLkpUnitStandardType:ZZUnitStandardType:1
*,3196,Y,ZZUnitStandard:ZZUnitStandard_ID:3613;ZZLearnership:ZZLearnership_ID:167;ref:ZZLkpUnitStandardType:ZZUnitStandardType:1
*,3197,Y,ZZUnitStandard:ZZUnitStandard_ID:3614;ZZLearnership:ZZLearnership_ID:167;ref:ZZLkpUnitStandardType:ZZUnitStandardType:1
*,3198,Y,ZZUnitStandard:ZZUnitStandard_ID:3615;ZZLearnership:ZZLearnership_ID:167;ref:ZZLkpUnitStandardType:ZZUnitStandardType:1
*,3199,Y,ZZUnitStandard:ZZUnitStandard_ID:3616;ZZLearnership:ZZLearnership_ID:167;ref:ZZLkpUnitStandardType:ZZUnitStandardType:1
*,3200,Y,ZZUnitStandard:ZZUnitStandard_ID:3617;ZZLearnership:ZZLearnership_ID:167;ref:ZZLkpUnitStandardType:ZZUnitStandardType:1
*,3201,Y,ZZUnitStandard:ZZUnitStandard_ID:3618;ZZLearnership:ZZLearnership_ID:167;ref:ZZLkpUnitStandardType:ZZUnitStandardType:1
*,3202,Y,ZZUnitStandard:ZZUnitStandard_ID:3619;ZZLearnership:ZZLearnership_ID:167;ref:ZZLkpUnitStandardType:ZZUnitStandardType:1
*,3203,Y,ZZUnitStandard:ZZUnitStandard_ID:3620;ZZLearnership:ZZLearnership_ID:167;ref:ZZLkpUnitStandardType:ZZUnitStandardType:1
*,3204,Y,ZZUnitStandard:ZZUnitStandard_ID:3621;ZZLearnership:ZZLearnership_ID:167;ref:ZZLkpUnitStandardType:ZZUnitStandardType:3
*,3205,Y,ZZUnitStandard:ZZUnitStandard_ID:3622;ZZLearnership:ZZLearnership_ID:167;ref:ZZLkpUnitStandardType:ZZUnitStandardType:3
*,3206,Y,ZZUnitStandard:ZZUnitStandard_ID:3623;ZZLearnership:ZZLearnership_ID:167;ref:ZZLkpUnitStandardType:ZZUnitStandardType:3
*,3207,Y,ZZUnitStandard:ZZUnitStandard_ID:3624;ZZLearnership:ZZLearnership_ID:167;ref:ZZLkpUnitStandardType:ZZUnitStandardType:3
*,3208,Y,ZZUnitStandard:ZZUnitStandard_ID:3625;ZZLearnership:ZZLearnership_ID:167;ref:ZZLkpUnitStandardType:ZZUnitStandardType:3
*,3209,Y,ZZUnitStandard:ZZUnitStandard_ID:3626;ZZLearnership:ZZLearnership_ID:167;ref:ZZLkpUnitStandardType:ZZUnitStandardType:3
*,3210,Y,ZZUnitStandard:ZZUnitStandard_ID:3627;ZZLearnership:ZZLearnership_ID:167;ref:ZZLkpUnitStandardType:ZZUnitStandardType:3
*,3211,Y,ZZUnitStandard:ZZUnitStandard_ID:3628;ZZLearnership:ZZLearnership_ID:167;ref:ZZLkpUnitStandardType:ZZUnitStandardType:3
*,3212,Y,ZZUnitStandard:ZZUnitStandard_ID:3629;ZZLearnership:ZZLearnership_ID:167;ref:ZZLkpUnitStandardType:ZZUnitStandardType:3
*,3213,Y,ZZUnitStandard:ZZUnitStandard_ID:3630;ZZLearnership:ZZLearnership_ID:167;ref:ZZLkpUnitStandardType:ZZUnitStandardType:3
*,3214,Y,ZZUnitStandard:ZZUnitStandard_ID:3631;ZZLearnership:ZZLearnership_ID:167;ref:ZZLkpUnitStandardType:ZZUnitStandardType:3
*,3215,Y,ZZUnitStandard:ZZUnitStandard_ID:3632;ZZLearnership:ZZLearnership_ID:167;ref:ZZLkpUnitStandardType:ZZUnitStandardType:3
*,3216,Y,ZZUnitStandard:ZZUnitStandard_ID:3633;ZZLearnership:ZZLearnership_ID:167;ref:ZZLkpUnitStandardType:ZZUnitStandardType:3
*,3217,Y,ZZUnitStandard:ZZUnitStandard_ID:3634;ZZLearnership:ZZLearnership_ID:167;ref:ZZLkpUnitStandardType:ZZUnitStandardType:3
*,3218,Y,ZZUnitStandard:ZZUnitStandard_ID:3635;ZZLearnership:ZZLearnership_ID:167;ref:ZZLkpUnitStandardType:ZZUnitStandardType:3
*,3219,Y,ZZUnitStandard:ZZUnitStandard_ID:3636;ZZLearnership:ZZLearnership_ID:167;ref:ZZLkpUnitStandardType:ZZUnitStandardType:3
*,3220,Y,ZZUnitStandard:ZZUnitStandard_ID:3637;ZZLearnership:ZZLearnership_ID:167;ref:ZZLkpUnitStandardType:ZZUnitStandardType:3
*,3221,Y,ZZUnitStandard:ZZUnitStandard_ID:3638;ZZLearnership:ZZLearnership_ID:167;ref:ZZLkpUnitStandardType:ZZUnitStandardType:3
*,3222,Y,ZZUnitStandard:ZZUnitStandard_ID:3639;ZZLearnership:ZZLearnership_ID:167;ref:ZZLkpUnitStandardType:ZZUnitStandardType:3
*,3223,Y,ZZUnitStandard:ZZUnitStandard_ID:3640;ZZLearnership:ZZLearnership_ID:167;ref:ZZLkpUnitStandardType:ZZUnitStandardType:3
*,3224,Y,ZZUnitStandard:ZZUnitStandard_ID:3641;ZZLearnership:ZZLearnership_ID:167;ref:ZZLkpUnitStandardType:ZZUnitStandardType:3
*,3225,Y,ZZUnitStandard:ZZUnitStandard_ID:3642;ZZLearnership:ZZLearnership_ID:167;ref:ZZLkpUnitStandardType:ZZUnitStandardType:3
*,3226,Y,ZZUnitStandard:ZZUnitStandard_ID:3643;ZZLearnership:ZZLearnership_ID:167;ref:ZZLkpUnitStandardType:ZZUnitStandardType:3
*,3227,Y,ZZUnitStandard:ZZUnitStandard_ID:3644;ZZLearnership:ZZLearnership_ID:167;ref:ZZLkpUnitStandardType:ZZUnitStandardType:3
*,3228,Y,ZZUnitStandard:ZZUnitStandard_ID:3645;ZZLearnership:ZZLearnership_ID:167;ref:ZZLkpUnitStandardType:ZZUnitStandardType:3
*,3229,Y,ZZUnitStandard:ZZUnitStandard_ID:3646;ZZLearnership:ZZLearnership_ID:167;ref:ZZLkpUnitStandardType:ZZUnitStandardType:3
*,3230,Y,ZZUnitStandard:ZZUnitStandard_ID:3647;ZZLearnership:ZZLearnership_ID:167;ref:ZZLkpUnitStandardType:ZZUnitStandardType:3
*,3231,Y,ZZUnitStandard:ZZUnitStandard_ID:1188;ZZLearnership:ZZLearnership_ID:168;ref:ZZLkpUnitStandardType:ZZUnitStandardType:2
*,3232,Y,ZZUnitStandard:ZZUnitStandard_ID:1190;ZZLearnership:ZZLearnership_ID:168;ref:ZZLkpUnitStandardType:ZZUnitStandardType:2
*,3233,Y,ZZUnitStandard:ZZUnitStandard_ID:1196;ZZLearnership:ZZLearnership_ID:168;ref:ZZLkpUnitStandardType:ZZUnitStandardType:2
*,3234,Y,ZZUnitStandard:ZZUnitStandard_ID:1518;ZZLearnership:ZZLearnership_ID:168;ref:ZZLkpUnitStandardType:ZZUnitStandardType:2
*,3235,Y,ZZUnitStandard:ZZUnitStandard_ID:1672;ZZLearnership:ZZLearnership_ID:168;ref:ZZLkpUnitStandardType:ZZUnitStandardType:3
*,3236,Y,ZZUnitStandard:ZZUnitStandard_ID:1856;ZZLearnership:ZZLearnership_ID:168;ref:ZZLkpUnitStandardType:ZZUnitStandardType:3
*,3237,Y,ZZUnitStandard:ZZUnitStandard_ID:1858;ZZLearnership:ZZLearnership_ID:168;ref:ZZLkpUnitStandardType:ZZUnitStandardType:3
*,3238,Y,ZZUnitStandard:ZZUnitStandard_ID:1859;ZZLearnership:ZZLearnership_ID:168;ref:ZZLkpUnitStandardType:ZZUnitStandardType:3
*,3239,Y,ZZUnitStandard:ZZUnitStandard_ID:1897;ZZLearnership:ZZLearnership_ID:168;ref:ZZLkpUnitStandardType:ZZUnitStandardType:3
*,3240,Y,ZZUnitStandard:ZZUnitStandard_ID:2201;ZZLearnership:ZZLearnership_ID:168;ref:ZZLkpUnitStandardType:ZZUnitStandardType:2
*,3241,Y,ZZUnitStandard:ZZUnitStandard_ID:2202;ZZLearnership:ZZLearnership_ID:168;ref:ZZLkpUnitStandardType:ZZUnitStandardType:2
*,3242,Y,ZZUnitStandard:ZZUnitStandard_ID:2218;ZZLearnership:ZZLearnership_ID:168;ref:ZZLkpUnitStandardType:ZZUnitStandardType:2
*,3243,Y,ZZUnitStandard:ZZUnitStandard_ID:2221;ZZLearnership:ZZLearnership_ID:168;ref:ZZLkpUnitStandardType:ZZUnitStandardType:2
*,3244,Y,ZZUnitStandard:ZZUnitStandard_ID:2446;ZZLearnership:ZZLearnership_ID:168;ref:ZZLkpUnitStandardType:ZZUnitStandardType:3
*,3245,Y,ZZUnitStandard:ZZUnitStandard_ID:2855;ZZLearnership:ZZLearnership_ID:168;ref:ZZLkpUnitStandardType:ZZUnitStandardType:3
*,3246,Y,ZZUnitStandard:ZZUnitStandard_ID:2886;ZZLearnership:ZZLearnership_ID:168;ref:ZZLkpUnitStandardType:ZZUnitStandardType:3
*,3247,Y,ZZUnitStandard:ZZUnitStandard_ID:3586;ZZLearnership:ZZLearnership_ID:168;ref:ZZLkpUnitStandardType:ZZUnitStandardType:3
*,3248,Y,ZZUnitStandard:ZZUnitStandard_ID:3612;ZZLearnership:ZZLearnership_ID:168;ref:ZZLkpUnitStandardType:ZZUnitStandardType:1
*,3249,Y,ZZUnitStandard:ZZUnitStandard_ID:3613;ZZLearnership:ZZLearnership_ID:168;ref:ZZLkpUnitStandardType:ZZUnitStandardType:1
*,3250,Y,ZZUnitStandard:ZZUnitStandard_ID:3614;ZZLearnership:ZZLearnership_ID:168;ref:ZZLkpUnitStandardType:ZZUnitStandardType:1
*,3251,Y,ZZUnitStandard:ZZUnitStandard_ID:3615;ZZLearnership:ZZLearnership_ID:168;ref:ZZLkpUnitStandardType:ZZUnitStandardType:1
*,3252,Y,ZZUnitStandard:ZZUnitStandard_ID:3616;ZZLearnership:ZZLearnership_ID:168;ref:ZZLkpUnitStandardType:ZZUnitStandardType:1
*,3253,Y,ZZUnitStandard:ZZUnitStandard_ID:3617;ZZLearnership:ZZLearnership_ID:168;ref:ZZLkpUnitStandardType:ZZUnitStandardType:1
*,3254,Y,ZZUnitStandard:ZZUnitStandard_ID:3618;ZZLearnership:ZZLearnership_ID:168;ref:ZZLkpUnitStandardType:ZZUnitStandardType:1
*,3255,Y,ZZUnitStandard:ZZUnitStandard_ID:3619;ZZLearnership:ZZLearnership_ID:168;ref:ZZLkpUnitStandardType:ZZUnitStandardType:1
*,3256,Y,ZZUnitStandard:ZZUnitStandard_ID:3620;ZZLearnership:ZZLearnership_ID:168;ref:ZZLkpUnitStandardType:ZZUnitStandardType:1
*,3257,Y,ZZUnitStandard:ZZUnitStandard_ID:3621;ZZLearnership:ZZLearnership_ID:168;ref:ZZLkpUnitStandardType:ZZUnitStandardType:3
*,3258,Y,ZZUnitStandard:ZZUnitStandard_ID:3622;ZZLearnership:ZZLearnership_ID:168;ref:ZZLkpUnitStandardType:ZZUnitStandardType:3
*,3259,Y,ZZUnitStandard:ZZUnitStandard_ID:3623;ZZLearnership:ZZLearnership_ID:168;ref:ZZLkpUnitStandardType:ZZUnitStandardType:3
*,3260,Y,ZZUnitStandard:ZZUnitStandard_ID:3624;ZZLearnership:ZZLearnership_ID:168;ref:ZZLkpUnitStandardType:ZZUnitStandardType:3
*,3261,Y,ZZUnitStandard:ZZUnitStandard_ID:3625;ZZLearnership:ZZLearnership_ID:168;ref:ZZLkpUnitStandardType:ZZUnitStandardType:3
*,3262,Y,ZZUnitStandard:ZZUnitStandard_ID:3626;ZZLearnership:ZZLearnership_ID:168;ref:ZZLkpUnitStandardType:ZZUnitStandardType:3
*,3263,Y,ZZUnitStandard:ZZUnitStandard_ID:3627;ZZLearnership:ZZLearnership_ID:168;ref:ZZLkpUnitStandardType:ZZUnitStandardType:3
*,3264,Y,ZZUnitStandard:ZZUnitStandard_ID:3628;ZZLearnership:ZZLearnership_ID:168;ref:ZZLkpUnitStandardType:ZZUnitStandardType:3
*,3265,Y,ZZUnitStandard:ZZUnitStandard_ID:3629;ZZLearnership:ZZLearnership_ID:168;ref:ZZLkpUnitStandardType:ZZUnitStandardType:3
*,3266,Y,ZZUnitStandard:ZZUnitStandard_ID:3630;ZZLearnership:ZZLearnership_ID:168;ref:ZZLkpUnitStandardType:ZZUnitStandardType:3
*,3267,Y,ZZUnitStandard:ZZUnitStandard_ID:3631;ZZLearnership:ZZLearnership_ID:168;ref:ZZLkpUnitStandardType:ZZUnitStandardType:3
*,3268,Y,ZZUnitStandard:ZZUnitStandard_ID:3632;ZZLearnership:ZZLearnership_ID:168;ref:ZZLkpUnitStandardType:ZZUnitStandardType:3
*,3269,Y,ZZUnitStandard:ZZUnitStandard_ID:3633;ZZLearnership:ZZLearnership_ID:168;ref:ZZLkpUnitStandardType:ZZUnitStandardType:3
*,3270,Y,ZZUnitStandard:ZZUnitStandard_ID:3634;ZZLearnership:ZZLearnership_ID:168;ref:ZZLkpUnitStandardType:ZZUnitStandardType:3
*,3271,Y,ZZUnitStandard:ZZUnitStandard_ID:3635;ZZLearnership:ZZLearnership_ID:168;ref:ZZLkpUnitStandardType:ZZUnitStandardType:3
*,3272,Y,ZZUnitStandard:ZZUnitStandard_ID:3636;ZZLearnership:ZZLearnership_ID:168;ref:ZZLkpUnitStandardType:ZZUnitStandardType:3
*,3273,Y,ZZUnitStandard:ZZUnitStandard_ID:3637;ZZLearnership:ZZLearnership_ID:168;ref:ZZLkpUnitStandardType:ZZUnitStandardType:3
*,3274,Y,ZZUnitStandard:ZZUnitStandard_ID:3638;ZZLearnership:ZZLearnership_ID:168;ref:ZZLkpUnitStandardType:ZZUnitStandardType:3
*,3275,Y,ZZUnitStandard:ZZUnitStandard_ID:3639;ZZLearnership:ZZLearnership_ID:168;ref:ZZLkpUnitStandardType:ZZUnitStandardType:3
*,3276,Y,ZZUnitStandard:ZZUnitStandard_ID:3640;ZZLearnership:ZZLearnership_ID:168;ref:ZZLkpUnitStandardType:ZZUnitStandardType:3
*,3277,Y,ZZUnitStandard:ZZUnitStandard_ID:3641;ZZLearnership:ZZLearnership_ID:168;ref:ZZLkpUnitStandardType:ZZUnitStandardType:3
*,3278,Y,ZZUnitStandard:ZZUnitStandard_ID:3642;ZZLearnership:ZZLearnership_ID:168;ref:ZZLkpUnitStandardType:ZZUnitStandardType:3
*,3279,Y,ZZUnitStandard:ZZUnitStandard_ID:3643;ZZLearnership:ZZLearnership_ID:168;ref:ZZLkpUnitStandardType:ZZUnitStandardType:3
*,3280,Y,ZZUnitStandard:ZZUnitStandard_ID:3644;ZZLearnership:ZZLearnership_ID:168;ref:ZZLkpUnitStandardType:ZZUnitStandardType:3
*,3281,Y,ZZUnitStandard:ZZUnitStandard_ID:3645;ZZLearnership:ZZLearnership_ID:168;ref:ZZLkpUnitStandardType:ZZUnitStandardType:3
*,3282,Y,ZZUnitStandard:ZZUnitStandard_ID:3646;ZZLearnership:ZZLearnership_ID:168;ref:ZZLkpUnitStandardType:ZZUnitStandardType:3
*,3283,Y,ZZUnitStandard:ZZUnitStandard_ID:3647;ZZLearnership:ZZLearnership_ID:168;ref:ZZLkpUnitStandardType:ZZUnitStandardType:3
*,3284,Y,ZZUnitStandard:ZZUnitStandard_ID:699;ZZLearnership:ZZLearnership_ID:169;ref:ZZLkpUnitStandardType:ZZUnitStandardType:1
*,3285,Y,ZZUnitStandard:ZZUnitStandard_ID:986;ZZLearnership:ZZLearnership_ID:169;ref:ZZLkpUnitStandardType:ZZUnitStandardType:1
*,3286,Y,ZZUnitStandard:ZZUnitStandard_ID:1189;ZZLearnership:ZZLearnership_ID:169;ref:ZZLkpUnitStandardType:ZZUnitStandardType:2
*,3287,Y,ZZUnitStandard:ZZUnitStandard_ID:1197;ZZLearnership:ZZLearnership_ID:169;ref:ZZLkpUnitStandardType:ZZUnitStandardType:2
*,3288,Y,ZZUnitStandard:ZZUnitStandard_ID:1198;ZZLearnership:ZZLearnership_ID:169;ref:ZZLkpUnitStandardType:ZZUnitStandardType:2
*,3289,Y,ZZUnitStandard:ZZUnitStandard_ID:2201;ZZLearnership:ZZLearnership_ID:169;ref:ZZLkpUnitStandardType:ZZUnitStandardType:2
*,3290,Y,ZZUnitStandard:ZZUnitStandard_ID:2202;ZZLearnership:ZZLearnership_ID:169;ref:ZZLkpUnitStandardType:ZZUnitStandardType:2
*,3291,Y,ZZUnitStandard:ZZUnitStandard_ID:2214;ZZLearnership:ZZLearnership_ID:169;ref:ZZLkpUnitStandardType:ZZUnitStandardType:2
*,3292,Y,ZZUnitStandard:ZZUnitStandard_ID:2215;ZZLearnership:ZZLearnership_ID:169;ref:ZZLkpUnitStandardType:ZZUnitStandardType:2
*,3293,Y,ZZUnitStandard:ZZUnitStandard_ID:2217;ZZLearnership:ZZLearnership_ID:169;ref:ZZLkpUnitStandardType:ZZUnitStandardType:2
*,3294,Y,ZZUnitStandard:ZZUnitStandard_ID:2218;ZZLearnership:ZZLearnership_ID:169;ref:ZZLkpUnitStandardType:ZZUnitStandardType:2
*,3295,Y,ZZUnitStandard:ZZUnitStandard_ID:2221;ZZLearnership:ZZLearnership_ID:169;ref:ZZLkpUnitStandardType:ZZUnitStandardType:2
*,3296,Y,ZZUnitStandard:ZZUnitStandard_ID:2406;ZZLearnership:ZZLearnership_ID:169;ref:ZZLkpUnitStandardType:ZZUnitStandardType:2
*,3297,Y,ZZUnitStandard:ZZUnitStandard_ID:3661;ZZLearnership:ZZLearnership_ID:169;ref:ZZLkpUnitStandardType:ZZUnitStandardType:1
*,3298,Y,ZZUnitStandard:ZZUnitStandard_ID:3662;ZZLearnership:ZZLearnership_ID:169;ref:ZZLkpUnitStandardType:ZZUnitStandardType:1
*,3299,Y,ZZUnitStandard:ZZUnitStandard_ID:3663;ZZLearnership:ZZLearnership_ID:169;ref:ZZLkpUnitStandardType:ZZUnitStandardType:1
*,3300,Y,ZZUnitStandard:ZZUnitStandard_ID:3664;ZZLearnership:ZZLearnership_ID:169;ref:ZZLkpUnitStandardType:ZZUnitStandardType:1
*,3301,Y,ZZUnitStandard:ZZUnitStandard_ID:3665;ZZLearnership:ZZLearnership_ID:169;ref:ZZLkpUnitStandardType:ZZUnitStandardType:1
*,3302,Y,ZZUnitStandard:ZZUnitStandard_ID:3666;ZZLearnership:ZZLearnership_ID:169;ref:ZZLkpUnitStandardType:ZZUnitStandardType:1
*,3303,Y,ZZUnitStandard:ZZUnitStandard_ID:3667;ZZLearnership:ZZLearnership_ID:169;ref:ZZLkpUnitStandardType:ZZUnitStandardType:1
*,3304,Y,ZZUnitStandard:ZZUnitStandard_ID:3668;ZZLearnership:ZZLearnership_ID:169;ref:ZZLkpUnitStandardType:ZZUnitStandardType:1
*,3305,Y,ZZUnitStandard:ZZUnitStandard_ID:3669;ZZLearnership:ZZLearnership_ID:169;ref:ZZLkpUnitStandardType:ZZUnitStandardType:1
*,3306,Y,ZZUnitStandard:ZZUnitStandard_ID:3683;ZZLearnership:ZZLearnership_ID:169;ref:ZZLkpUnitStandardType:ZZUnitStandardType:3
*,3307,Y,ZZUnitStandard:ZZUnitStandard_ID:3685;ZZLearnership:ZZLearnership_ID:169;ref:ZZLkpUnitStandardType:ZZUnitStandardType:3
*,3308,Y,ZZUnitStandard:ZZUnitStandard_ID:3686;ZZLearnership:ZZLearnership_ID:169;ref:ZZLkpUnitStandardType:ZZUnitStandardType:3
*,3309,Y,ZZUnitStandard:ZZUnitStandard_ID:3691;ZZLearnership:ZZLearnership_ID:169;ref:ZZLkpUnitStandardType:ZZUnitStandardType:3
*,3310,Y,ZZUnitStandard:ZZUnitStandard_ID:3692;ZZLearnership:ZZLearnership_ID:169;ref:ZZLkpUnitStandardType:ZZUnitStandardType:3
*,3311,Y,ZZUnitStandard:ZZUnitStandard_ID:3693;ZZLearnership:ZZLearnership_ID:169;ref:ZZLkpUnitStandardType:ZZUnitStandardType:3
*,3312,Y,ZZUnitStandard:ZZUnitStandard_ID:3694;ZZLearnership:ZZLearnership_ID:169;ref:ZZLkpUnitStandardType:ZZUnitStandardType:3
*,3313,Y,ZZUnitStandard:ZZUnitStandard_ID:3701;ZZLearnership:ZZLearnership_ID:169;ref:ZZLkpUnitStandardType:ZZUnitStandardType:3
*,3314,Y,ZZUnitStandard:ZZUnitStandard_ID:3702;ZZLearnership:ZZLearnership_ID:169;ref:ZZLkpUnitStandardType:ZZUnitStandardType:3
*,3315,Y,ZZUnitStandard:ZZUnitStandard_ID:1185;ZZLearnership:ZZLearnership_ID:170;ref:ZZLkpUnitStandardType:ZZUnitStandardType:2
*,3316,Y,ZZUnitStandard:ZZUnitStandard_ID:1186;ZZLearnership:ZZLearnership_ID:170;ref:ZZLkpUnitStandardType:ZZUnitStandardType:2
*,3317,Y,ZZUnitStandard:ZZUnitStandard_ID:1194;ZZLearnership:ZZLearnership_ID:170;ref:ZZLkpUnitStandardType:ZZUnitStandardType:2
*,3318,Y,ZZUnitStandard:ZZUnitStandard_ID:1461;ZZLearnership:ZZLearnership_ID:170;ref:ZZLkpUnitStandardType:ZZUnitStandardType:3
*,3319,Y,ZZUnitStandard:ZZUnitStandard_ID:1514;ZZLearnership:ZZLearnership_ID:170;ref:ZZLkpUnitStandardType:ZZUnitStandardType:2
*,3320,Y,ZZUnitStandard:ZZUnitStandard_ID:1516;ZZLearnership:ZZLearnership_ID:170;ref:ZZLkpUnitStandardType:ZZUnitStandardType:2
*,3321,Y,ZZUnitStandard:ZZUnitStandard_ID:1726;ZZLearnership:ZZLearnership_ID:170;ref:ZZLkpUnitStandardType:ZZUnitStandardType:3
*,3322,Y,ZZUnitStandard:ZZUnitStandard_ID:1853;ZZLearnership:ZZLearnership_ID:170;ref:ZZLkpUnitStandardType:ZZUnitStandardType:3
*,3323,Y,ZZUnitStandard:ZZUnitStandard_ID:1854;ZZLearnership:ZZLearnership_ID:170;ref:ZZLkpUnitStandardType:ZZUnitStandardType:3
*,3324,Y,ZZUnitStandard:ZZUnitStandard_ID:2340;ZZLearnership:ZZLearnership_ID:170;ref:ZZLkpUnitStandardType:ZZUnitStandardType:2
*,3325,Y,ZZUnitStandard:ZZUnitStandard_ID:2450;ZZLearnership:ZZLearnership_ID:170;ref:ZZLkpUnitStandardType:ZZUnitStandardType:2
*,3326,Y,ZZUnitStandard:ZZUnitStandard_ID:2452;ZZLearnership:ZZLearnership_ID:170;ref:ZZLkpUnitStandardType:ZZUnitStandardType:2
*,3327,Y,ZZUnitStandard:ZZUnitStandard_ID:2453;ZZLearnership:ZZLearnership_ID:170;ref:ZZLkpUnitStandardType:ZZUnitStandardType:2
*,3328,Y,ZZUnitStandard:ZZUnitStandard_ID:2671;ZZLearnership:ZZLearnership_ID:170;ref:ZZLkpUnitStandardType:ZZUnitStandardType:3
*,3329,Y,ZZUnitStandard:ZZUnitStandard_ID:2700;ZZLearnership:ZZLearnership_ID:170;ref:ZZLkpUnitStandardType:ZZUnitStandardType:3
*,3330,Y,ZZUnitStandard:ZZUnitStandard_ID:3583;ZZLearnership:ZZLearnership_ID:170;ref:ZZLkpUnitStandardType:ZZUnitStandardType:1
*,3331,Y,ZZUnitStandard:ZZUnitStandard_ID:3584;ZZLearnership:ZZLearnership_ID:170;ref:ZZLkpUnitStandardType:ZZUnitStandardType:1
*,3332,Y,ZZUnitStandard:ZZUnitStandard_ID:3585;ZZLearnership:ZZLearnership_ID:170;ref:ZZLkpUnitStandardType:ZZUnitStandardType:1
*,3333,Y,ZZUnitStandard:ZZUnitStandard_ID:3586;ZZLearnership:ZZLearnership_ID:170;ref:ZZLkpUnitStandardType:ZZUnitStandardType:1
*,3334,Y,ZZUnitStandard:ZZUnitStandard_ID:3587;ZZLearnership:ZZLearnership_ID:170;ref:ZZLkpUnitStandardType:ZZUnitStandardType:1
*,3335,Y,ZZUnitStandard:ZZUnitStandard_ID:3588;ZZLearnership:ZZLearnership_ID:170;ref:ZZLkpUnitStandardType:ZZUnitStandardType:1
*,3336,Y,ZZUnitStandard:ZZUnitStandard_ID:3589;ZZLearnership:ZZLearnership_ID:170;ref:ZZLkpUnitStandardType:ZZUnitStandardType:1
*,3337,Y,ZZUnitStandard:ZZUnitStandard_ID:3590;ZZLearnership:ZZLearnership_ID:170;ref:ZZLkpUnitStandardType:ZZUnitStandardType:1
*,3338,Y,ZZUnitStandard:ZZUnitStandard_ID:3591;ZZLearnership:ZZLearnership_ID:170;ref:ZZLkpUnitStandardType:ZZUnitStandardType:1
*,3339,Y,ZZUnitStandard:ZZUnitStandard_ID:3592;ZZLearnership:ZZLearnership_ID:170;ref:ZZLkpUnitStandardType:ZZUnitStandardType:1
*,3340,Y,ZZUnitStandard:ZZUnitStandard_ID:3593;ZZLearnership:ZZLearnership_ID:170;ref:ZZLkpUnitStandardType:ZZUnitStandardType:3
*,3341,Y,ZZUnitStandard:ZZUnitStandard_ID:3594;ZZLearnership:ZZLearnership_ID:170;ref:ZZLkpUnitStandardType:ZZUnitStandardType:3
*,3342,Y,ZZUnitStandard:ZZUnitStandard_ID:3595;ZZLearnership:ZZLearnership_ID:170;ref:ZZLkpUnitStandardType:ZZUnitStandardType:3
*,3343,Y,ZZUnitStandard:ZZUnitStandard_ID:3596;ZZLearnership:ZZLearnership_ID:170;ref:ZZLkpUnitStandardType:ZZUnitStandardType:3
*,3344,Y,ZZUnitStandard:ZZUnitStandard_ID:3597;ZZLearnership:ZZLearnership_ID:170;ref:ZZLkpUnitStandardType:ZZUnitStandardType:3
*,3345,Y,ZZUnitStandard:ZZUnitStandard_ID:3598;ZZLearnership:ZZLearnership_ID:170;ref:ZZLkpUnitStandardType:ZZUnitStandardType:3
*,3346,Y,ZZUnitStandard:ZZUnitStandard_ID:3599;ZZLearnership:ZZLearnership_ID:170;ref:ZZLkpUnitStandardType:ZZUnitStandardType:3
*,3347,Y,ZZUnitStandard:ZZUnitStandard_ID:3600;ZZLearnership:ZZLearnership_ID:170;ref:ZZLkpUnitStandardType:ZZUnitStandardType:3
*,3348,Y,ZZUnitStandard:ZZUnitStandard_ID:3601;ZZLearnership:ZZLearnership_ID:170;ref:ZZLkpUnitStandardType:ZZUnitStandardType:3
*,3349,Y,ZZUnitStandard:ZZUnitStandard_ID:3602;ZZLearnership:ZZLearnership_ID:170;ref:ZZLkpUnitStandardType:ZZUnitStandardType:3
*,3350,Y,ZZUnitStandard:ZZUnitStandard_ID:3603;ZZLearnership:ZZLearnership_ID:170;ref:ZZLkpUnitStandardType:ZZUnitStandardType:3
*,3351,Y,ZZUnitStandard:ZZUnitStandard_ID:3604;ZZLearnership:ZZLearnership_ID:170;ref:ZZLkpUnitStandardType:ZZUnitStandardType:3
*,3352,Y,ZZUnitStandard:ZZUnitStandard_ID:3605;ZZLearnership:ZZLearnership_ID:170;ref:ZZLkpUnitStandardType:ZZUnitStandardType:3
*,3353,Y,ZZUnitStandard:ZZUnitStandard_ID:3606;ZZLearnership:ZZLearnership_ID:170;ref:ZZLkpUnitStandardType:ZZUnitStandardType:3
*,3354,Y,ZZUnitStandard:ZZUnitStandard_ID:3607;ZZLearnership:ZZLearnership_ID:170;ref:ZZLkpUnitStandardType:ZZUnitStandardType:3
*,3355,Y,ZZUnitStandard:ZZUnitStandard_ID:3608;ZZLearnership:ZZLearnership_ID:170;ref:ZZLkpUnitStandardType:ZZUnitStandardType:3
*,3356,Y,ZZUnitStandard:ZZUnitStandard_ID:3609;ZZLearnership:ZZLearnership_ID:170;ref:ZZLkpUnitStandardType:ZZUnitStandardType:3
*,3357,Y,ZZUnitStandard:ZZUnitStandard_ID:3610;ZZLearnership:ZZLearnership_ID:170;ref:ZZLkpUnitStandardType:ZZUnitStandardType:3
*,3358,Y,ZZUnitStandard:ZZUnitStandard_ID:3611;ZZLearnership:ZZLearnership_ID:170;ref:ZZLkpUnitStandardType:ZZUnitStandardType:3
*,3359,Y,ZZUnitStandard:ZZUnitStandard_ID:699;ZZLearnership:ZZLearnership_ID:171;ref:ZZLkpUnitStandardType:ZZUnitStandardType:1
*,3360,Y,ZZUnitStandard:ZZUnitStandard_ID:986;ZZLearnership:ZZLearnership_ID:171;ref:ZZLkpUnitStandardType:ZZUnitStandardType:1
*,3361,Y,ZZUnitStandard:ZZUnitStandard_ID:1000;ZZLearnership:ZZLearnership_ID:171;ref:ZZLkpUnitStandardType:ZZUnitStandardType:3
*,3362,Y,ZZUnitStandard:ZZUnitStandard_ID:1189;ZZLearnership:ZZLearnership_ID:171;ref:ZZLkpUnitStandardType:ZZUnitStandardType:2
*,3363,Y,ZZUnitStandard:ZZUnitStandard_ID:1197;ZZLearnership:ZZLearnership_ID:171;ref:ZZLkpUnitStandardType:ZZUnitStandardType:2
*,3364,Y,ZZUnitStandard:ZZUnitStandard_ID:1198;ZZLearnership:ZZLearnership_ID:171;ref:ZZLkpUnitStandardType:ZZUnitStandardType:2
*,3365,Y,ZZUnitStandard:ZZUnitStandard_ID:2201;ZZLearnership:ZZLearnership_ID:171;ref:ZZLkpUnitStandardType:ZZUnitStandardType:2
*,3366,Y,ZZUnitStandard:ZZUnitStandard_ID:2202;ZZLearnership:ZZLearnership_ID:171;ref:ZZLkpUnitStandardType:ZZUnitStandardType:2
*,3367,Y,ZZUnitStandard:ZZUnitStandard_ID:2214;ZZLearnership:ZZLearnership_ID:171;ref:ZZLkpUnitStandardType:ZZUnitStandardType:2
*,3368,Y,ZZUnitStandard:ZZUnitStandard_ID:2215;ZZLearnership:ZZLearnership_ID:171;ref:ZZLkpUnitStandardType:ZZUnitStandardType:2
*,3369,Y,ZZUnitStandard:ZZUnitStandard_ID:2217;ZZLearnership:ZZLearnership_ID:171;ref:ZZLkpUnitStandardType:ZZUnitStandardType:2
*,3370,Y,ZZUnitStandard:ZZUnitStandard_ID:2218;ZZLearnership:ZZLearnership_ID:171;ref:ZZLkpUnitStandardType:ZZUnitStandardType:2
*,3371,Y,ZZUnitStandard:ZZUnitStandard_ID:2221;ZZLearnership:ZZLearnership_ID:171;ref:ZZLkpUnitStandardType:ZZUnitStandardType:2
*,3372,Y,ZZUnitStandard:ZZUnitStandard_ID:2365;ZZLearnership:ZZLearnership_ID:171;ref:ZZLkpUnitStandardType:ZZUnitStandardType:3
*,3373,Y,ZZUnitStandard:ZZUnitStandard_ID:2406;ZZLearnership:ZZLearnership_ID:171;ref:ZZLkpUnitStandardType:ZZUnitStandardType:2
*,3374,Y,ZZUnitStandard:ZZUnitStandard_ID:2949;ZZLearnership:ZZLearnership_ID:171;ref:ZZLkpUnitStandardType:ZZUnitStandardType:3
*,3375,Y,ZZUnitStandard:ZZUnitStandard_ID:2956;ZZLearnership:ZZLearnership_ID:171;ref:ZZLkpUnitStandardType:ZZUnitStandardType:3
*,3376,Y,ZZUnitStandard:ZZUnitStandard_ID:3661;ZZLearnership:ZZLearnership_ID:171;ref:ZZLkpUnitStandardType:ZZUnitStandardType:1
*,3377,Y,ZZUnitStandard:ZZUnitStandard_ID:3662;ZZLearnership:ZZLearnership_ID:171;ref:ZZLkpUnitStandardType:ZZUnitStandardType:1
*,3378,Y,ZZUnitStandard:ZZUnitStandard_ID:3663;ZZLearnership:ZZLearnership_ID:171;ref:ZZLkpUnitStandardType:ZZUnitStandardType:1
*,3379,Y,ZZUnitStandard:ZZUnitStandard_ID:3664;ZZLearnership:ZZLearnership_ID:171;ref:ZZLkpUnitStandardType:ZZUnitStandardType:1
*,3380,Y,ZZUnitStandard:ZZUnitStandard_ID:3665;ZZLearnership:ZZLearnership_ID:171;ref:ZZLkpUnitStandardType:ZZUnitStandardType:1
*,3381,Y,ZZUnitStandard:ZZUnitStandard_ID:3666;ZZLearnership:ZZLearnership_ID:171;ref:ZZLkpUnitStandardType:ZZUnitStandardType:1
*,3382,Y,ZZUnitStandard:ZZUnitStandard_ID:3667;ZZLearnership:ZZLearnership_ID:171;ref:ZZLkpUnitStandardType:ZZUnitStandardType:1
*,3383,Y,ZZUnitStandard:ZZUnitStandard_ID:3668;ZZLearnership:ZZLearnership_ID:171;ref:ZZLkpUnitStandardType:ZZUnitStandardType:1
*,3384,Y,ZZUnitStandard:ZZUnitStandard_ID:3669;ZZLearnership:ZZLearnership_ID:171;ref:ZZLkpUnitStandardType:ZZUnitStandardType:1
*,3385,Y,ZZUnitStandard:ZZUnitStandard_ID:3673;ZZLearnership:ZZLearnership_ID:171;ref:ZZLkpUnitStandardType:ZZUnitStandardType:3
*,3386,Y,ZZUnitStandard:ZZUnitStandard_ID:3677;ZZLearnership:ZZLearnership_ID:171;ref:ZZLkpUnitStandardType:ZZUnitStandardType:3
*,3387,Y,ZZUnitStandard:ZZUnitStandard_ID:3680;ZZLearnership:ZZLearnership_ID:171;ref:ZZLkpUnitStandardType:ZZUnitStandardType:3
*,3388,Y,ZZUnitStandard:ZZUnitStandard_ID:3681;ZZLearnership:ZZLearnership_ID:171;ref:ZZLkpUnitStandardType:ZZUnitStandardType:3
*,3389,Y,ZZUnitStandard:ZZUnitStandard_ID:3684;ZZLearnership:ZZLearnership_ID:171;ref:ZZLkpUnitStandardType:ZZUnitStandardType:3
*,3390,Y,ZZUnitStandard:ZZUnitStandard_ID:3687;ZZLearnership:ZZLearnership_ID:171;ref:ZZLkpUnitStandardType:ZZUnitStandardType:3
*,3391,Y,ZZUnitStandard:ZZUnitStandard_ID:3695;ZZLearnership:ZZLearnership_ID:171;ref:ZZLkpUnitStandardType:ZZUnitStandardType:3
*,3392,Y,ZZUnitStandard:ZZUnitStandard_ID:3696;ZZLearnership:ZZLearnership_ID:171;ref:ZZLkpUnitStandardType:ZZUnitStandardType:3
*,3393,Y,ZZUnitStandard:ZZUnitStandard_ID:3697;ZZLearnership:ZZLearnership_ID:171;ref:ZZLkpUnitStandardType:ZZUnitStandardType:3
*,3394,Y,ZZUnitStandard:ZZUnitStandard_ID:223;ZZLearnership:ZZLearnership_ID:172;ref:ZZLkpUnitStandardType:ZZUnitStandardType:3
*,3395,Y,ZZUnitStandard:ZZUnitStandard_ID:224;ZZLearnership:ZZLearnership_ID:172;ref:ZZLkpUnitStandardType:ZZUnitStandardType:3
*,3396,Y,ZZUnitStandard:ZZUnitStandard_ID:1754;ZZLearnership:ZZLearnership_ID:172;ref:ZZLkpUnitStandardType:ZZUnitStandardType:2
*,3397,Y,ZZUnitStandard:ZZUnitStandard_ID:3387;ZZLearnership:ZZLearnership_ID:172;ref:ZZLkpUnitStandardType:ZZUnitStandardType:1
*,3398,Y,ZZUnitStandard:ZZUnitStandard_ID:3388;ZZLearnership:ZZLearnership_ID:172;ref:ZZLkpUnitStandardType:ZZUnitStandardType:1
*,3399,Y,ZZUnitStandard:ZZUnitStandard_ID:3389;ZZLearnership:ZZLearnership_ID:172;ref:ZZLkpUnitStandardType:ZZUnitStandardType:1
*,3400,Y,ZZUnitStandard:ZZUnitStandard_ID:3390;ZZLearnership:ZZLearnership_ID:172;ref:ZZLkpUnitStandardType:ZZUnitStandardType:1
*,3401,Y,ZZUnitStandard:ZZUnitStandard_ID:3391;ZZLearnership:ZZLearnership_ID:172;ref:ZZLkpUnitStandardType:ZZUnitStandardType:1
*,3402,Y,ZZUnitStandard:ZZUnitStandard_ID:3392;ZZLearnership:ZZLearnership_ID:172;ref:ZZLkpUnitStandardType:ZZUnitStandardType:1
*,3403,Y,ZZUnitStandard:ZZUnitStandard_ID:3393;ZZLearnership:ZZLearnership_ID:172;ref:ZZLkpUnitStandardType:ZZUnitStandardType:1
*,3404,Y,ZZUnitStandard:ZZUnitStandard_ID:3397;ZZLearnership:ZZLearnership_ID:172;ref:ZZLkpUnitStandardType:ZZUnitStandardType:1
*,3405,Y,ZZUnitStandard:ZZUnitStandard_ID:3398;ZZLearnership:ZZLearnership_ID:172;ref:ZZLkpUnitStandardType:ZZUnitStandardType:1
*,3406,Y,ZZUnitStandard:ZZUnitStandard_ID:3399;ZZLearnership:ZZLearnership_ID:172;ref:ZZLkpUnitStandardType:ZZUnitStandardType:2
*,3407,Y,ZZUnitStandard:ZZUnitStandard_ID:3400;ZZLearnership:ZZLearnership_ID:172;ref:ZZLkpUnitStandardType:ZZUnitStandardType:2
*,3408,Y,ZZUnitStandard:ZZUnitStandard_ID:3401;ZZLearnership:ZZLearnership_ID:172;ref:ZZLkpUnitStandardType:ZZUnitStandardType:2
*,3409,Y,ZZUnitStandard:ZZUnitStandard_ID:3405;ZZLearnership:ZZLearnership_ID:172;ref:ZZLkpUnitStandardType:ZZUnitStandardType:2
*,3410,Y,ZZUnitStandard:ZZUnitStandard_ID:3562;ZZLearnership:ZZLearnership_ID:172;ref:ZZLkpUnitStandardType:ZZUnitStandardType:1
*,3411,Y,ZZUnitStandard:ZZUnitStandard_ID:3563;ZZLearnership:ZZLearnership_ID:172;ref:ZZLkpUnitStandardType:ZZUnitStandardType:1
*,3412,Y,ZZUnitStandard:ZZUnitStandard_ID:3564;ZZLearnership:ZZLearnership_ID:172;ref:ZZLkpUnitStandardType:ZZUnitStandardType:2
*,3413,Y,ZZUnitStandard:ZZUnitStandard_ID:3565;ZZLearnership:ZZLearnership_ID:172;ref:ZZLkpUnitStandardType:ZZUnitStandardType:2
*,3414,Y,ZZUnitStandard:ZZUnitStandard_ID:70;ZZLearnership:ZZLearnership_ID:174;ref:ZZLkpUnitStandardType:ZZUnitStandardType:1
*,3415,Y,ZZUnitStandard:ZZUnitStandard_ID:71;ZZLearnership:ZZLearnership_ID:174;ref:ZZLkpUnitStandardType:ZZUnitStandardType:3
*,3416,Y,ZZUnitStandard:ZZUnitStandard_ID:656;ZZLearnership:ZZLearnership_ID:174;ref:ZZLkpUnitStandardType:ZZUnitStandardType:1
*,3417,Y,ZZUnitStandard:ZZUnitStandard_ID:657;ZZLearnership:ZZLearnership_ID:174;ref:ZZLkpUnitStandardType:ZZUnitStandardType:1
*,3418,Y,ZZUnitStandard:ZZUnitStandard_ID:931;ZZLearnership:ZZLearnership_ID:174;ref:ZZLkpUnitStandardType:ZZUnitStandardType:1
*,3419,Y,ZZUnitStandard:ZZUnitStandard_ID:932;ZZLearnership:ZZLearnership_ID:174;ref:ZZLkpUnitStandardType:ZZUnitStandardType:1
*,3420,Y,ZZUnitStandard:ZZUnitStandard_ID:933;ZZLearnership:ZZLearnership_ID:174;ref:ZZLkpUnitStandardType:ZZUnitStandardType:1
*,3421,Y,ZZUnitStandard:ZZUnitStandard_ID:936;ZZLearnership:ZZLearnership_ID:174;ref:ZZLkpUnitStandardType:ZZUnitStandardType:1
*,3422,Y,ZZUnitStandard:ZZUnitStandard_ID:937;ZZLearnership:ZZLearnership_ID:174;ref:ZZLkpUnitStandardType:ZZUnitStandardType:3
*,3423,Y,ZZUnitStandard:ZZUnitStandard_ID:938;ZZLearnership:ZZLearnership_ID:174;ref:ZZLkpUnitStandardType:ZZUnitStandardType:1
*,3424,Y,ZZUnitStandard:ZZUnitStandard_ID:940;ZZLearnership:ZZLearnership_ID:174;ref:ZZLkpUnitStandardType:ZZUnitStandardType:1
*,3425,Y,ZZUnitStandard:ZZUnitStandard_ID:944;ZZLearnership:ZZLearnership_ID:174;ref:ZZLkpUnitStandardType:ZZUnitStandardType:1
*,3426,Y,ZZUnitStandard:ZZUnitStandard_ID:947;ZZLearnership:ZZLearnership_ID:174;ref:ZZLkpUnitStandardType:ZZUnitStandardType:3
*,3427,Y,ZZUnitStandard:ZZUnitStandard_ID:948;ZZLearnership:ZZLearnership_ID:174;ref:ZZLkpUnitStandardType:ZZUnitStandardType:1
*,3428,Y,ZZUnitStandard:ZZUnitStandard_ID:950;ZZLearnership:ZZLearnership_ID:174;ref:ZZLkpUnitStandardType:ZZUnitStandardType:1
*,3429,Y,ZZUnitStandard:ZZUnitStandard_ID:951;ZZLearnership:ZZLearnership_ID:174;ref:ZZLkpUnitStandardType:ZZUnitStandardType:1
*,3430,Y,ZZUnitStandard:ZZUnitStandard_ID:952;ZZLearnership:ZZLearnership_ID:174;ref:ZZLkpUnitStandardType:ZZUnitStandardType:1
*,3431,Y,ZZUnitStandard:ZZUnitStandard_ID:953;ZZLearnership:ZZLearnership_ID:174;ref:ZZLkpUnitStandardType:ZZUnitStandardType:1
*,3432,Y,ZZUnitStandard:ZZUnitStandard_ID:954;ZZLearnership:ZZLearnership_ID:174;ref:ZZLkpUnitStandardType:ZZUnitStandardType:1
*,3433,Y,ZZUnitStandard:ZZUnitStandard_ID:955;ZZLearnership:ZZLearnership_ID:174;ref:ZZLkpUnitStandardType:ZZUnitStandardType:1
*,3434,Y,ZZUnitStandard:ZZUnitStandard_ID:956;ZZLearnership:ZZLearnership_ID:174;ref:ZZLkpUnitStandardType:ZZUnitStandardType:1
*,3435,Y,ZZUnitStandard:ZZUnitStandard_ID:987;ZZLearnership:ZZLearnership_ID:174;ref:ZZLkpUnitStandardType:ZZUnitStandardType:1
*,3436,Y,ZZUnitStandard:ZZUnitStandard_ID:988;ZZLearnership:ZZLearnership_ID:174;ref:ZZLkpUnitStandardType:ZZUnitStandardType:1
*,3437,Y,ZZUnitStandard:ZZUnitStandard_ID:1142;ZZLearnership:ZZLearnership_ID:174;ref:ZZLkpUnitStandardType:ZZUnitStandardType:3
*,3438,Y,ZZUnitStandard:ZZUnitStandard_ID:1144;ZZLearnership:ZZLearnership_ID:174;ref:ZZLkpUnitStandardType:ZZUnitStandardType:1
*,3439,Y,ZZUnitStandard:ZZUnitStandard_ID:1188;ZZLearnership:ZZLearnership_ID:174;ref:ZZLkpUnitStandardType:ZZUnitStandardType:2
*,3440,Y,ZZUnitStandard:ZZUnitStandard_ID:1190;ZZLearnership:ZZLearnership_ID:174;ref:ZZLkpUnitStandardType:ZZUnitStandardType:3
*,3441,Y,ZZUnitStandard:ZZUnitStandard_ID:1196;ZZLearnership:ZZLearnership_ID:174;ref:ZZLkpUnitStandardType:ZZUnitStandardType:2
*,3442,Y,ZZUnitStandard:ZZUnitStandard_ID:1244;ZZLearnership:ZZLearnership_ID:174;ref:ZZLkpUnitStandardType:ZZUnitStandardType:1
*,3443,Y,ZZUnitStandard:ZZUnitStandard_ID:1245;ZZLearnership:ZZLearnership_ID:174;ref:ZZLkpUnitStandardType:ZZUnitStandardType:1
*,3444,Y,ZZUnitStandard:ZZUnitStandard_ID:1251;ZZLearnership:ZZLearnership_ID:174;ref:ZZLkpUnitStandardType:ZZUnitStandardType:1
*,3445,Y,ZZUnitStandard:ZZUnitStandard_ID:1255;ZZLearnership:ZZLearnership_ID:174;ref:ZZLkpUnitStandardType:ZZUnitStandardType:3
*,3446,Y,ZZUnitStandard:ZZUnitStandard_ID:1518;ZZLearnership:ZZLearnership_ID:174;ref:ZZLkpUnitStandardType:ZZUnitStandardType:2
*,3447,Y,ZZUnitStandard:ZZUnitStandard_ID:1604;ZZLearnership:ZZLearnership_ID:174;ref:ZZLkpUnitStandardType:ZZUnitStandardType:1
*,3448,Y,ZZUnitStandard:ZZUnitStandard_ID:1716;ZZLearnership:ZZLearnership_ID:174;ref:ZZLkpUnitStandardType:ZZUnitStandardType:1
*,3449,Y,ZZUnitStandard:ZZUnitStandard_ID:1950;ZZLearnership:ZZLearnership_ID:174;ref:ZZLkpUnitStandardType:ZZUnitStandardType:1
*,3450,Y,ZZUnitStandard:ZZUnitStandard_ID:2181;ZZLearnership:ZZLearnership_ID:174;ref:ZZLkpUnitStandardType:ZZUnitStandardType:1
*,3451,Y,ZZUnitStandard:ZZUnitStandard_ID:2201;ZZLearnership:ZZLearnership_ID:174;ref:ZZLkpUnitStandardType:ZZUnitStandardType:2
*,3452,Y,ZZUnitStandard:ZZUnitStandard_ID:2202;ZZLearnership:ZZLearnership_ID:174;ref:ZZLkpUnitStandardType:ZZUnitStandardType:2
*,3453,Y,ZZUnitStandard:ZZUnitStandard_ID:2218;ZZLearnership:ZZLearnership_ID:174;ref:ZZLkpUnitStandardType:ZZUnitStandardType:2
*,3454,Y,ZZUnitStandard:ZZUnitStandard_ID:2221;ZZLearnership:ZZLearnership_ID:174;ref:ZZLkpUnitStandardType:ZZUnitStandardType:2
*,3455,Y,ZZUnitStandard:ZZUnitStandard_ID:2624;ZZLearnership:ZZLearnership_ID:174;ref:ZZLkpUnitStandardType:ZZUnitStandardType:1
*,3456,Y,ZZUnitStandard:ZZUnitStandard_ID:2625;ZZLearnership:ZZLearnership_ID:174;ref:ZZLkpUnitStandardType:ZZUnitStandardType:1
*,3457,Y,ZZUnitStandard:ZZUnitStandard_ID:2626;ZZLearnership:ZZLearnership_ID:174;ref:ZZLkpUnitStandardType:ZZUnitStandardType:1
*,3458,Y,ZZUnitStandard:ZZUnitStandard_ID:2627;ZZLearnership:ZZLearnership_ID:174;ref:ZZLkpUnitStandardType:ZZUnitStandardType:1
*,3459,Y,ZZUnitStandard:ZZUnitStandard_ID:2628;ZZLearnership:ZZLearnership_ID:174;ref:ZZLkpUnitStandardType:ZZUnitStandardType:1
*,3460,Y,ZZUnitStandard:ZZUnitStandard_ID:2629;ZZLearnership:ZZLearnership_ID:174;ref:ZZLkpUnitStandardType:ZZUnitStandardType:1
*,3461,Y,ZZUnitStandard:ZZUnitStandard_ID:2630;ZZLearnership:ZZLearnership_ID:174;ref:ZZLkpUnitStandardType:ZZUnitStandardType:1
*,3462,Y,ZZUnitStandard:ZZUnitStandard_ID:2631;ZZLearnership:ZZLearnership_ID:174;ref:ZZLkpUnitStandardType:ZZUnitStandardType:1
*,3463,Y,ZZUnitStandard:ZZUnitStandard_ID:70;ZZLearnership:ZZLearnership_ID:175;ref:ZZLkpUnitStandardType:ZZUnitStandardType:1
*,3464,Y,ZZUnitStandard:ZZUnitStandard_ID:71;ZZLearnership:ZZLearnership_ID:175;ref:ZZLkpUnitStandardType:ZZUnitStandardType:3
*,3465,Y,ZZUnitStandard:ZZUnitStandard_ID:656;ZZLearnership:ZZLearnership_ID:175;ref:ZZLkpUnitStandardType:ZZUnitStandardType:1
*,3466,Y,ZZUnitStandard:ZZUnitStandard_ID:657;ZZLearnership:ZZLearnership_ID:175;ref:ZZLkpUnitStandardType:ZZUnitStandardType:1
*,3467,Y,ZZUnitStandard:ZZUnitStandard_ID:931;ZZLearnership:ZZLearnership_ID:175;ref:ZZLkpUnitStandardType:ZZUnitStandardType:1
*,3468,Y,ZZUnitStandard:ZZUnitStandard_ID:932;ZZLearnership:ZZLearnership_ID:175;ref:ZZLkpUnitStandardType:ZZUnitStandardType:1
*,3469,Y,ZZUnitStandard:ZZUnitStandard_ID:933;ZZLearnership:ZZLearnership_ID:175;ref:ZZLkpUnitStandardType:ZZUnitStandardType:3
*,3470,Y,ZZUnitStandard:ZZUnitStandard_ID:936;ZZLearnership:ZZLearnership_ID:175;ref:ZZLkpUnitStandardType:ZZUnitStandardType:1
*,3471,Y,ZZUnitStandard:ZZUnitStandard_ID:937;ZZLearnership:ZZLearnership_ID:175;ref:ZZLkpUnitStandardType:ZZUnitStandardType:3
*,3472,Y,ZZUnitStandard:ZZUnitStandard_ID:938;ZZLearnership:ZZLearnership_ID:175;ref:ZZLkpUnitStandardType:ZZUnitStandardType:1
*,3473,Y,ZZUnitStandard:ZZUnitStandard_ID:940;ZZLearnership:ZZLearnership_ID:175;ref:ZZLkpUnitStandardType:ZZUnitStandardType:1
*,3474,Y,ZZUnitStandard:ZZUnitStandard_ID:944;ZZLearnership:ZZLearnership_ID:175;ref:ZZLkpUnitStandardType:ZZUnitStandardType:1
*,3475,Y,ZZUnitStandard:ZZUnitStandard_ID:947;ZZLearnership:ZZLearnership_ID:175;ref:ZZLkpUnitStandardType:ZZUnitStandardType:3
*,3476,Y,ZZUnitStandard:ZZUnitStandard_ID:948;ZZLearnership:ZZLearnership_ID:175;ref:ZZLkpUnitStandardType:ZZUnitStandardType:3
*,3477,Y,ZZUnitStandard:ZZUnitStandard_ID:950;ZZLearnership:ZZLearnership_ID:175;ref:ZZLkpUnitStandardType:ZZUnitStandardType:3
*,3478,Y,ZZUnitStandard:ZZUnitStandard_ID:951;ZZLearnership:ZZLearnership_ID:175;ref:ZZLkpUnitStandardType:ZZUnitStandardType:1
*,3479,Y,ZZUnitStandard:ZZUnitStandard_ID:952;ZZLearnership:ZZLearnership_ID:175;ref:ZZLkpUnitStandardType:ZZUnitStandardType:1
*,3480,Y,ZZUnitStandard:ZZUnitStandard_ID:953;ZZLearnership:ZZLearnership_ID:175;ref:ZZLkpUnitStandardType:ZZUnitStandardType:1
*,3481,Y,ZZUnitStandard:ZZUnitStandard_ID:954;ZZLearnership:ZZLearnership_ID:175;ref:ZZLkpUnitStandardType:ZZUnitStandardType:1
*,3482,Y,ZZUnitStandard:ZZUnitStandard_ID:955;ZZLearnership:ZZLearnership_ID:175;ref:ZZLkpUnitStandardType:ZZUnitStandardType:1
*,3483,Y,ZZUnitStandard:ZZUnitStandard_ID:956;ZZLearnership:ZZLearnership_ID:175;ref:ZZLkpUnitStandardType:ZZUnitStandardType:1
*,3484,Y,ZZUnitStandard:ZZUnitStandard_ID:987;ZZLearnership:ZZLearnership_ID:175;ref:ZZLkpUnitStandardType:ZZUnitStandardType:1
*,3485,Y,ZZUnitStandard:ZZUnitStandard_ID:988;ZZLearnership:ZZLearnership_ID:175;ref:ZZLkpUnitStandardType:ZZUnitStandardType:1
*,3486,Y,ZZUnitStandard:ZZUnitStandard_ID:1142;ZZLearnership:ZZLearnership_ID:175;ref:ZZLkpUnitStandardType:ZZUnitStandardType:1
*,3487,Y,ZZUnitStandard:ZZUnitStandard_ID:1144;ZZLearnership:ZZLearnership_ID:175;ref:ZZLkpUnitStandardType:ZZUnitStandardType:1
*,3488,Y,ZZUnitStandard:ZZUnitStandard_ID:1188;ZZLearnership:ZZLearnership_ID:175;ref:ZZLkpUnitStandardType:ZZUnitStandardType:2
*,3489,Y,ZZUnitStandard:ZZUnitStandard_ID:1190;ZZLearnership:ZZLearnership_ID:175;ref:ZZLkpUnitStandardType:ZZUnitStandardType:3
*,3490,Y,ZZUnitStandard:ZZUnitStandard_ID:1196;ZZLearnership:ZZLearnership_ID:175;ref:ZZLkpUnitStandardType:ZZUnitStandardType:2
*,3491,Y,ZZUnitStandard:ZZUnitStandard_ID:1244;ZZLearnership:ZZLearnership_ID:175;ref:ZZLkpUnitStandardType:ZZUnitStandardType:1
*,3492,Y,ZZUnitStandard:ZZUnitStandard_ID:1245;ZZLearnership:ZZLearnership_ID:175;ref:ZZLkpUnitStandardType:ZZUnitStandardType:1
*,3493,Y,ZZUnitStandard:ZZUnitStandard_ID:1251;ZZLearnership:ZZLearnership_ID:175;ref:ZZLkpUnitStandardType:ZZUnitStandardType:1
*,3494,Y,ZZUnitStandard:ZZUnitStandard_ID:1255;ZZLearnership:ZZLearnership_ID:175;ref:ZZLkpUnitStandardType:ZZUnitStandardType:1
*,3495,Y,ZZUnitStandard:ZZUnitStandard_ID:1518;ZZLearnership:ZZLearnership_ID:175;ref:ZZLkpUnitStandardType:ZZUnitStandardType:2
*,3496,Y,ZZUnitStandard:ZZUnitStandard_ID:1604;ZZLearnership:ZZLearnership_ID:175;ref:ZZLkpUnitStandardType:ZZUnitStandardType:1
*,3497,Y,ZZUnitStandard:ZZUnitStandard_ID:1716;ZZLearnership:ZZLearnership_ID:175;ref:ZZLkpUnitStandardType:ZZUnitStandardType:1
*,3498,Y,ZZUnitStandard:ZZUnitStandard_ID:1950;ZZLearnership:ZZLearnership_ID:175;ref:ZZLkpUnitStandardType:ZZUnitStandardType:1
*,3499,Y,ZZUnitStandard:ZZUnitStandard_ID:2181;ZZLearnership:ZZLearnership_ID:175;ref:ZZLkpUnitStandardType:ZZUnitStandardType:1
*,3500,Y,ZZUnitStandard:ZZUnitStandard_ID:2201;ZZLearnership:ZZLearnership_ID:175;ref:ZZLkpUnitStandardType:ZZUnitStandardType:2
*,3501,Y,ZZUnitStandard:ZZUnitStandard_ID:2202;ZZLearnership:ZZLearnership_ID:175;ref:ZZLkpUnitStandardType:ZZUnitStandardType:2
*,3502,Y,ZZUnitStandard:ZZUnitStandard_ID:2218;ZZLearnership:ZZLearnership_ID:175;ref:ZZLkpUnitStandardType:ZZUnitStandardType:2
*,3503,Y,ZZUnitStandard:ZZUnitStandard_ID:2221;ZZLearnership:ZZLearnership_ID:175;ref:ZZLkpUnitStandardType:ZZUnitStandardType:2
*,3504,Y,ZZUnitStandard:ZZUnitStandard_ID:2624;ZZLearnership:ZZLearnership_ID:175;ref:ZZLkpUnitStandardType:ZZUnitStandardType:1
*,3505,Y,ZZUnitStandard:ZZUnitStandard_ID:2625;ZZLearnership:ZZLearnership_ID:175;ref:ZZLkpUnitStandardType:ZZUnitStandardType:1
*,3506,Y,ZZUnitStandard:ZZUnitStandard_ID:2626;ZZLearnership:ZZLearnership_ID:175;ref:ZZLkpUnitStandardType:ZZUnitStandardType:1
*,3507,Y,ZZUnitStandard:ZZUnitStandard_ID:2627;ZZLearnership:ZZLearnership_ID:175;ref:ZZLkpUnitStandardType:ZZUnitStandardType:1
*,3508,Y,ZZUnitStandard:ZZUnitStandard_ID:2628;ZZLearnership:ZZLearnership_ID:175;ref:ZZLkpUnitStandardType:ZZUnitStandardType:1
*,3509,Y,ZZUnitStandard:ZZUnitStandard_ID:2629;ZZLearnership:ZZLearnership_ID:175;ref:ZZLkpUnitStandardType:ZZUnitStandardType:1
*,3510,Y,ZZUnitStandard:ZZUnitStandard_ID:2630;ZZLearnership:ZZLearnership_ID:175;ref:ZZLkpUnitStandardType:ZZUnitStandardType:1
*,3511,Y,ZZUnitStandard:ZZUnitStandard_ID:2631;ZZLearnership:ZZLearnership_ID:175;ref:ZZLkpUnitStandardType:ZZUnitStandardType:3
*,3512,Y,ZZUnitStandard:ZZUnitStandard_ID:110;ZZLearnership:ZZLearnership_ID:176;ref:ZZLkpUnitStandardType:ZZUnitStandardType:3
*,3513,Y,ZZUnitStandard:ZZUnitStandard_ID:117;ZZLearnership:ZZLearnership_ID:176;ref:ZZLkpUnitStandardType:ZZUnitStandardType:3
*,3514,Y,ZZUnitStandard:ZZUnitStandard_ID:375;ZZLearnership:ZZLearnership_ID:176;ref:ZZLkpUnitStandardType:ZZUnitStandardType:3
*,3515,Y,ZZUnitStandard:ZZUnitStandard_ID:376;ZZLearnership:ZZLearnership_ID:176;ref:ZZLkpUnitStandardType:ZZUnitStandardType:1
*,3516,Y,ZZUnitStandard:ZZUnitStandard_ID:377;ZZLearnership:ZZLearnership_ID:176;ref:ZZLkpUnitStandardType:ZZUnitStandardType:3
*,3517,Y,ZZUnitStandard:ZZUnitStandard_ID:378;ZZLearnership:ZZLearnership_ID:176;ref:ZZLkpUnitStandardType:ZZUnitStandardType:3
*,3518,Y,ZZUnitStandard:ZZUnitStandard_ID:379;ZZLearnership:ZZLearnership_ID:176;ref:ZZLkpUnitStandardType:ZZUnitStandardType:3
*,3519,Y,ZZUnitStandard:ZZUnitStandard_ID:380;ZZLearnership:ZZLearnership_ID:176;ref:ZZLkpUnitStandardType:ZZUnitStandardType:3
*,3520,Y,ZZUnitStandard:ZZUnitStandard_ID:381;ZZLearnership:ZZLearnership_ID:176;ref:ZZLkpUnitStandardType:ZZUnitStandardType:3
*,3521,Y,ZZUnitStandard:ZZUnitStandard_ID:382;ZZLearnership:ZZLearnership_ID:176;ref:ZZLkpUnitStandardType:ZZUnitStandardType:3
*,3522,Y,ZZUnitStandard:ZZUnitStandard_ID:394;ZZLearnership:ZZLearnership_ID:176;ref:ZZLkpUnitStandardType:ZZUnitStandardType:3
*,3523,Y,ZZUnitStandard:ZZUnitStandard_ID:396;ZZLearnership:ZZLearnership_ID:176;ref:ZZLkpUnitStandardType:ZZUnitStandardType:3
*,3524,Y,ZZUnitStandard:ZZUnitStandard_ID:399;ZZLearnership:ZZLearnership_ID:176;ref:ZZLkpUnitStandardType:ZZUnitStandardType:3
*,3525,Y,ZZUnitStandard:ZZUnitStandard_ID:407;ZZLearnership:ZZLearnership_ID:176;ref:ZZLkpUnitStandardType:ZZUnitStandardType:3
*,3526,Y,ZZUnitStandard:ZZUnitStandard_ID:411;ZZLearnership:ZZLearnership_ID:176;ref:ZZLkpUnitStandardType:ZZUnitStandardType:3
*,3527,Y,ZZUnitStandard:ZZUnitStandard_ID:472;ZZLearnership:ZZLearnership_ID:176;ref:ZZLkpUnitStandardType:ZZUnitStandardType:3
*,3528,Y,ZZUnitStandard:ZZUnitStandard_ID:473;ZZLearnership:ZZLearnership_ID:176;ref:ZZLkpUnitStandardType:ZZUnitStandardType:3
*,3529,Y,ZZUnitStandard:ZZUnitStandard_ID:521;ZZLearnership:ZZLearnership_ID:176;ref:ZZLkpUnitStandardType:ZZUnitStandardType:3
*,3530,Y,ZZUnitStandard:ZZUnitStandard_ID:522;ZZLearnership:ZZLearnership_ID:176;ref:ZZLkpUnitStandardType:ZZUnitStandardType:3
*,3531,Y,ZZUnitStandard:ZZUnitStandard_ID:529;ZZLearnership:ZZLearnership_ID:176;ref:ZZLkpUnitStandardType:ZZUnitStandardType:3
*,3532,Y,ZZUnitStandard:ZZUnitStandard_ID:530;ZZLearnership:ZZLearnership_ID:176;ref:ZZLkpUnitStandardType:ZZUnitStandardType:3
*,3533,Y,ZZUnitStandard:ZZUnitStandard_ID:531;ZZLearnership:ZZLearnership_ID:176;ref:ZZLkpUnitStandardType:ZZUnitStandardType:3
*,3534,Y,ZZUnitStandard:ZZUnitStandard_ID:606;ZZLearnership:ZZLearnership_ID:176;ref:ZZLkpUnitStandardType:ZZUnitStandardType:3
*,3535,Y,ZZUnitStandard:ZZUnitStandard_ID:616;ZZLearnership:ZZLearnership_ID:176;ref:ZZLkpUnitStandardType:ZZUnitStandardType:3
*,3536,Y,ZZUnitStandard:ZZUnitStandard_ID:618;ZZLearnership:ZZLearnership_ID:176;ref:ZZLkpUnitStandardType:ZZUnitStandardType:3
*,3537,Y,ZZUnitStandard:ZZUnitStandard_ID:643;ZZLearnership:ZZLearnership_ID:176;ref:ZZLkpUnitStandardType:ZZUnitStandardType:3
*,3538,Y,ZZUnitStandard:ZZUnitStandard_ID:770;ZZLearnership:ZZLearnership_ID:176;ref:ZZLkpUnitStandardType:ZZUnitStandardType:3
*,3539,Y,ZZUnitStandard:ZZUnitStandard_ID:930;ZZLearnership:ZZLearnership_ID:176;ref:ZZLkpUnitStandardType:ZZUnitStandardType:1
*,3540,Y,ZZUnitStandard:ZZUnitStandard_ID:985;ZZLearnership:ZZLearnership_ID:176;ref:ZZLkpUnitStandardType:ZZUnitStandardType:1
*,3541,Y,ZZUnitStandard:ZZUnitStandard_ID:1024;ZZLearnership:ZZLearnership_ID:176;ref:ZZLkpUnitStandardType:ZZUnitStandardType:3
*,3542,Y,ZZUnitStandard:ZZUnitStandard_ID:1025;ZZLearnership:ZZLearnership_ID:176;ref:ZZLkpUnitStandardType:ZZUnitStandardType:3
*,3543,Y,ZZUnitStandard:ZZUnitStandard_ID:1029;ZZLearnership:ZZLearnership_ID:176;ref:ZZLkpUnitStandardType:ZZUnitStandardType:3
*,3544,Y,ZZUnitStandard:ZZUnitStandard_ID:1034;ZZLearnership:ZZLearnership_ID:176;ref:ZZLkpUnitStandardType:ZZUnitStandardType:1
*,3545,Y,ZZUnitStandard:ZZUnitStandard_ID:1043;ZZLearnership:ZZLearnership_ID:176;ref:ZZLkpUnitStandardType:ZZUnitStandardType:1
*,3546,Y,ZZUnitStandard:ZZUnitStandard_ID:1049;ZZLearnership:ZZLearnership_ID:176;ref:ZZLkpUnitStandardType:ZZUnitStandardType:1
*,3547,Y,ZZUnitStandard:ZZUnitStandard_ID:1185;ZZLearnership:ZZLearnership_ID:176;ref:ZZLkpUnitStandardType:ZZUnitStandardType:2
*,3548,Y,ZZUnitStandard:ZZUnitStandard_ID:1186;ZZLearnership:ZZLearnership_ID:176;ref:ZZLkpUnitStandardType:ZZUnitStandardType:2
*,3549,Y,ZZUnitStandard:ZZUnitStandard_ID:1194;ZZLearnership:ZZLearnership_ID:176;ref:ZZLkpUnitStandardType:ZZUnitStandardType:2
*,3550,Y,ZZUnitStandard:ZZUnitStandard_ID:1229;ZZLearnership:ZZLearnership_ID:176;ref:ZZLkpUnitStandardType:ZZUnitStandardType:3
*,3551,Y,ZZUnitStandard:ZZUnitStandard_ID:1233;ZZLearnership:ZZLearnership_ID:176;ref:ZZLkpUnitStandardType:ZZUnitStandardType:3
*,3552,Y,ZZUnitStandard:ZZUnitStandard_ID:1234;ZZLearnership:ZZLearnership_ID:176;ref:ZZLkpUnitStandardType:ZZUnitStandardType:1
*,3553,Y,ZZUnitStandard:ZZUnitStandard_ID:1514;ZZLearnership:ZZLearnership_ID:176;ref:ZZLkpUnitStandardType:ZZUnitStandardType:2
*,3554,Y,ZZUnitStandard:ZZUnitStandard_ID:1516;ZZLearnership:ZZLearnership_ID:176;ref:ZZLkpUnitStandardType:ZZUnitStandardType:2
*,3555,Y,ZZUnitStandard:ZZUnitStandard_ID:1726;ZZLearnership:ZZLearnership_ID:176;ref:ZZLkpUnitStandardType:ZZUnitStandardType:1
*,3556,Y,ZZUnitStandard:ZZUnitStandard_ID:2340;ZZLearnership:ZZLearnership_ID:176;ref:ZZLkpUnitStandardType:ZZUnitStandardType:2
*,3557,Y,ZZUnitStandard:ZZUnitStandard_ID:2353;ZZLearnership:ZZLearnership_ID:176;ref:ZZLkpUnitStandardType:ZZUnitStandardType:3
*,3558,Y,ZZUnitStandard:ZZUnitStandard_ID:2354;ZZLearnership:ZZLearnership_ID:176;ref:ZZLkpUnitStandardType:ZZUnitStandardType:3
*,3559,Y,ZZUnitStandard:ZZUnitStandard_ID:2355;ZZLearnership:ZZLearnership_ID:176;ref:ZZLkpUnitStandardType:ZZUnitStandardType:3
*,3560,Y,ZZUnitStandard:ZZUnitStandard_ID:2356;ZZLearnership:ZZLearnership_ID:176;ref:ZZLkpUnitStandardType:ZZUnitStandardType:3
*,3561,Y,ZZUnitStandard:ZZUnitStandard_ID:2357;ZZLearnership:ZZLearnership_ID:176;ref:ZZLkpUnitStandardType:ZZUnitStandardType:3
*,3562,Y,ZZUnitStandard:ZZUnitStandard_ID:2358;ZZLearnership:ZZLearnership_ID:176;ref:ZZLkpUnitStandardType:ZZUnitStandardType:3
*,3563,Y,ZZUnitStandard:ZZUnitStandard_ID:2359;ZZLearnership:ZZLearnership_ID:176;ref:ZZLkpUnitStandardType:ZZUnitStandardType:3
*,3564,Y,ZZUnitStandard:ZZUnitStandard_ID:2360;ZZLearnership:ZZLearnership_ID:176;ref:ZZLkpUnitStandardType:ZZUnitStandardType:1
*,3565,Y,ZZUnitStandard:ZZUnitStandard_ID:2361;ZZLearnership:ZZLearnership_ID:176;ref:ZZLkpUnitStandardType:ZZUnitStandardType:3
*,3566,Y,ZZUnitStandard:ZZUnitStandard_ID:2450;ZZLearnership:ZZLearnership_ID:176;ref:ZZLkpUnitStandardType:ZZUnitStandardType:2
*,3567,Y,ZZUnitStandard:ZZUnitStandard_ID:2452;ZZLearnership:ZZLearnership_ID:176;ref:ZZLkpUnitStandardType:ZZUnitStandardType:2
*,3568,Y,ZZUnitStandard:ZZUnitStandard_ID:2453;ZZLearnership:ZZLearnership_ID:176;ref:ZZLkpUnitStandardType:ZZUnitStandardType:2
*,3569,Y,ZZUnitStandard:ZZUnitStandard_ID:2533;ZZLearnership:ZZLearnership_ID:176;ref:ZZLkpUnitStandardType:ZZUnitStandardType:1
*,3570,Y,ZZUnitStandard:ZZUnitStandard_ID:2534;ZZLearnership:ZZLearnership_ID:176;ref:ZZLkpUnitStandardType:ZZUnitStandardType:1
*,3571,Y,ZZUnitStandard:ZZUnitStandard_ID:2535;ZZLearnership:ZZLearnership_ID:176;ref:ZZLkpUnitStandardType:ZZUnitStandardType:1
*,3572,Y,ZZUnitStandard:ZZUnitStandard_ID:2536;ZZLearnership:ZZLearnership_ID:176;ref:ZZLkpUnitStandardType:ZZUnitStandardType:1
*,3573,Y,ZZUnitStandard:ZZUnitStandard_ID:2537;ZZLearnership:ZZLearnership_ID:176;ref:ZZLkpUnitStandardType:ZZUnitStandardType:1
*,3574,Y,ZZUnitStandard:ZZUnitStandard_ID:2538;ZZLearnership:ZZLearnership_ID:176;ref:ZZLkpUnitStandardType:ZZUnitStandardType:3
*,3575,Y,ZZUnitStandard:ZZUnitStandard_ID:2539;ZZLearnership:ZZLearnership_ID:176;ref:ZZLkpUnitStandardType:ZZUnitStandardType:3
*,3576,Y,ZZUnitStandard:ZZUnitStandard_ID:2540;ZZLearnership:ZZLearnership_ID:176;ref:ZZLkpUnitStandardType:ZZUnitStandardType:3
*,3577,Y,ZZUnitStandard:ZZUnitStandard_ID:2541;ZZLearnership:ZZLearnership_ID:176;ref:ZZLkpUnitStandardType:ZZUnitStandardType:3
*,3578,Y,ZZUnitStandard:ZZUnitStandard_ID:2542;ZZLearnership:ZZLearnership_ID:176;ref:ZZLkpUnitStandardType:ZZUnitStandardType:3
*,3579,Y,ZZUnitStandard:ZZUnitStandard_ID:2543;ZZLearnership:ZZLearnership_ID:176;ref:ZZLkpUnitStandardType:ZZUnitStandardType:3
*,3580,Y,ZZUnitStandard:ZZUnitStandard_ID:2544;ZZLearnership:ZZLearnership_ID:176;ref:ZZLkpUnitStandardType:ZZUnitStandardType:3
*,3581,Y,ZZUnitStandard:ZZUnitStandard_ID:2545;ZZLearnership:ZZLearnership_ID:176;ref:ZZLkpUnitStandardType:ZZUnitStandardType:3
*,3582,Y,ZZUnitStandard:ZZUnitStandard_ID:2546;ZZLearnership:ZZLearnership_ID:176;ref:ZZLkpUnitStandardType:ZZUnitStandardType:3
*,3583,Y,ZZUnitStandard:ZZUnitStandard_ID:2547;ZZLearnership:ZZLearnership_ID:176;ref:ZZLkpUnitStandardType:ZZUnitStandardType:3
*,3584,Y,ZZUnitStandard:ZZUnitStandard_ID:2548;ZZLearnership:ZZLearnership_ID:176;ref:ZZLkpUnitStandardType:ZZUnitStandardType:3
*,3585,Y,ZZUnitStandard:ZZUnitStandard_ID:2549;ZZLearnership:ZZLearnership_ID:176;ref:ZZLkpUnitStandardType:ZZUnitStandardType:3
*,3586,Y,ZZUnitStandard:ZZUnitStandard_ID:2550;ZZLearnership:ZZLearnership_ID:176;ref:ZZLkpUnitStandardType:ZZUnitStandardType:3
*,3587,Y,ZZUnitStandard:ZZUnitStandard_ID:2551;ZZLearnership:ZZLearnership_ID:176;ref:ZZLkpUnitStandardType:ZZUnitStandardType:1
*,3588,Y,ZZUnitStandard:ZZUnitStandard_ID:2552;ZZLearnership:ZZLearnership_ID:176;ref:ZZLkpUnitStandardType:ZZUnitStandardType:3
*,3589,Y,ZZUnitStandard:ZZUnitStandard_ID:2553;ZZLearnership:ZZLearnership_ID:176;ref:ZZLkpUnitStandardType:ZZUnitStandardType:3
*,3590,Y,ZZUnitStandard:ZZUnitStandard_ID:2554;ZZLearnership:ZZLearnership_ID:176;ref:ZZLkpUnitStandardType:ZZUnitStandardType:3
*,3591,Y,ZZUnitStandard:ZZUnitStandard_ID:2555;ZZLearnership:ZZLearnership_ID:176;ref:ZZLkpUnitStandardType:ZZUnitStandardType:1
*,3592,Y,ZZUnitStandard:ZZUnitStandard_ID:2570;ZZLearnership:ZZLearnership_ID:176;ref:ZZLkpUnitStandardType:ZZUnitStandardType:3
*,3593,Y,ZZUnitStandard:ZZUnitStandard_ID:2571;ZZLearnership:ZZLearnership_ID:176;ref:ZZLkpUnitStandardType:ZZUnitStandardType:3
*,3594,Y,ZZUnitStandard:ZZUnitStandard_ID:2572;ZZLearnership:ZZLearnership_ID:176;ref:ZZLkpUnitStandardType:ZZUnitStandardType:3
*,3595,Y,ZZUnitStandard:ZZUnitStandard_ID:2573;ZZLearnership:ZZLearnership_ID:176;ref:ZZLkpUnitStandardType:ZZUnitStandardType:3
*,3596,Y,ZZUnitStandard:ZZUnitStandard_ID:2574;ZZLearnership:ZZLearnership_ID:176;ref:ZZLkpUnitStandardType:ZZUnitStandardType:3
*,3597,Y,ZZUnitStandard:ZZUnitStandard_ID:2575;ZZLearnership:ZZLearnership_ID:176;ref:ZZLkpUnitStandardType:ZZUnitStandardType:3
*,3598,Y,ZZUnitStandard:ZZUnitStandard_ID:2576;ZZLearnership:ZZLearnership_ID:176;ref:ZZLkpUnitStandardType:ZZUnitStandardType:3
*,3599,Y,ZZUnitStandard:ZZUnitStandard_ID:2633;ZZLearnership:ZZLearnership_ID:176;ref:ZZLkpUnitStandardType:ZZUnitStandardType:1
*,3600,Y,ZZUnitStandard:ZZUnitStandard_ID:2634;ZZLearnership:ZZLearnership_ID:176;ref:ZZLkpUnitStandardType:ZZUnitStandardType:3
*,3601,Y,ZZUnitStandard:ZZUnitStandard_ID:3407;ZZLearnership:ZZLearnership_ID:176;ref:ZZLkpUnitStandardType:ZZUnitStandardType:3
*,3602,Y,ZZUnitStandard:ZZUnitStandard_ID:942;ZZLearnership:ZZLearnership_ID:177;ref:ZZLkpUnitStandardType:ZZUnitStandardType:1
*,3603,Y,ZZUnitStandard:ZZUnitStandard_ID:943;ZZLearnership:ZZLearnership_ID:177;ref:ZZLkpUnitStandardType:ZZUnitStandardType:1
*,3604,Y,ZZUnitStandard:ZZUnitStandard_ID:957;ZZLearnership:ZZLearnership_ID:177;ref:ZZLkpUnitStandardType:ZZUnitStandardType:1
*,3605,Y,ZZUnitStandard:ZZUnitStandard_ID:987;ZZLearnership:ZZLearnership_ID:177;ref:ZZLkpUnitStandardType:ZZUnitStandardType:3
*,3606,Y,ZZUnitStandard:ZZUnitStandard_ID:1189;ZZLearnership:ZZLearnership_ID:177;ref:ZZLkpUnitStandardType:ZZUnitStandardType:2
*,3607,Y,ZZUnitStandard:ZZUnitStandard_ID:1197;ZZLearnership:ZZLearnership_ID:177;ref:ZZLkpUnitStandardType:ZZUnitStandardType:2
*,3608,Y,ZZUnitStandard:ZZUnitStandard_ID:1198;ZZLearnership:ZZLearnership_ID:177;ref:ZZLkpUnitStandardType:ZZUnitStandardType:2
*,3609,Y,ZZUnitStandard:ZZUnitStandard_ID:1337;ZZLearnership:ZZLearnership_ID:177;ref:ZZLkpUnitStandardType:ZZUnitStandardType:3
*,3610,Y,ZZUnitStandard:ZZUnitStandard_ID:1947;ZZLearnership:ZZLearnership_ID:177;ref:ZZLkpUnitStandardType:ZZUnitStandardType:1
*,3611,Y,ZZUnitStandard:ZZUnitStandard_ID:1948;ZZLearnership:ZZLearnership_ID:177;ref:ZZLkpUnitStandardType:ZZUnitStandardType:1
*,3612,Y,ZZUnitStandard:ZZUnitStandard_ID:2158;ZZLearnership:ZZLearnership_ID:177;ref:ZZLkpUnitStandardType:ZZUnitStandardType:3
*,3613,Y,ZZUnitStandard:ZZUnitStandard_ID:2201;ZZLearnership:ZZLearnership_ID:177;ref:ZZLkpUnitStandardType:ZZUnitStandardType:2
*,3614,Y,ZZUnitStandard:ZZUnitStandard_ID:2202;ZZLearnership:ZZLearnership_ID:177;ref:ZZLkpUnitStandardType:ZZUnitStandardType:2
*,3615,Y,ZZUnitStandard:ZZUnitStandard_ID:2214;ZZLearnership:ZZLearnership_ID:177;ref:ZZLkpUnitStandardType:ZZUnitStandardType:2
*,3616,Y,ZZUnitStandard:ZZUnitStandard_ID:2215;ZZLearnership:ZZLearnership_ID:177;ref:ZZLkpUnitStandardType:ZZUnitStandardType:2
*,3617,Y,ZZUnitStandard:ZZUnitStandard_ID:2217;ZZLearnership:ZZLearnership_ID:177;ref:ZZLkpUnitStandardType:ZZUnitStandardType:2
*,3618,Y,ZZUnitStandard:ZZUnitStandard_ID:2218;ZZLearnership:ZZLearnership_ID:177;ref:ZZLkpUnitStandardType:ZZUnitStandardType:2
*,3619,Y,ZZUnitStandard:ZZUnitStandard_ID:2221;ZZLearnership:ZZLearnership_ID:177;ref:ZZLkpUnitStandardType:ZZUnitStandardType:2
*,3620,Y,ZZUnitStandard:ZZUnitStandard_ID:2406;ZZLearnership:ZZLearnership_ID:177;ref:ZZLkpUnitStandardType:ZZUnitStandardType:2
*,3621,Y,ZZUnitStandard:ZZUnitStandard_ID:2791;ZZLearnership:ZZLearnership_ID:177;ref:ZZLkpUnitStandardType:ZZUnitStandardType:1
*,3622,Y,ZZUnitStandard:ZZUnitStandard_ID:2792;ZZLearnership:ZZLearnership_ID:177;ref:ZZLkpUnitStandardType:ZZUnitStandardType:1
*,3623,Y,ZZUnitStandard:ZZUnitStandard_ID:2793;ZZLearnership:ZZLearnership_ID:177;ref:ZZLkpUnitStandardType:ZZUnitStandardType:1
*,3624,Y,ZZUnitStandard:ZZUnitStandard_ID:2794;ZZLearnership:ZZLearnership_ID:177;ref:ZZLkpUnitStandardType:ZZUnitStandardType:1
*,3625,Y,ZZUnitStandard:ZZUnitStandard_ID:2795;ZZLearnership:ZZLearnership_ID:177;ref:ZZLkpUnitStandardType:ZZUnitStandardType:1
*,3626,Y,ZZUnitStandard:ZZUnitStandard_ID:2796;ZZLearnership:ZZLearnership_ID:177;ref:ZZLkpUnitStandardType:ZZUnitStandardType:1
*,3627,Y,ZZUnitStandard:ZZUnitStandard_ID:2797;ZZLearnership:ZZLearnership_ID:177;ref:ZZLkpUnitStandardType:ZZUnitStandardType:1
*,3628,Y,ZZUnitStandard:ZZUnitStandard_ID:2798;ZZLearnership:ZZLearnership_ID:177;ref:ZZLkpUnitStandardType:ZZUnitStandardType:1
*,3629,Y,ZZUnitStandard:ZZUnitStandard_ID:2799;ZZLearnership:ZZLearnership_ID:177;ref:ZZLkpUnitStandardType:ZZUnitStandardType:3
*,3630,Y,ZZUnitStandard:ZZUnitStandard_ID:2800;ZZLearnership:ZZLearnership_ID:177;ref:ZZLkpUnitStandardType:ZZUnitStandardType:3
*,3631,Y,ZZUnitStandard:ZZUnitStandard_ID:2801;ZZLearnership:ZZLearnership_ID:177;ref:ZZLkpUnitStandardType:ZZUnitStandardType:1
*,3632,Y,ZZUnitStandard:ZZUnitStandard_ID:2802;ZZLearnership:ZZLearnership_ID:177;ref:ZZLkpUnitStandardType:ZZUnitStandardType:1
*,3633,Y,ZZUnitStandard:ZZUnitStandard_ID:2803;ZZLearnership:ZZLearnership_ID:177;ref:ZZLkpUnitStandardType:ZZUnitStandardType:1
*,3634,Y,ZZUnitStandard:ZZUnitStandard_ID:2804;ZZLearnership:ZZLearnership_ID:177;ref:ZZLkpUnitStandardType:ZZUnitStandardType:1
*,3635,Y,ZZUnitStandard:ZZUnitStandard_ID:2805;ZZLearnership:ZZLearnership_ID:177;ref:ZZLkpUnitStandardType:ZZUnitStandardType:1
*,3636,Y,ZZUnitStandard:ZZUnitStandard_ID:2806;ZZLearnership:ZZLearnership_ID:177;ref:ZZLkpUnitStandardType:ZZUnitStandardType:1
*,3637,Y,ZZUnitStandard:ZZUnitStandard_ID:2807;ZZLearnership:ZZLearnership_ID:177;ref:ZZLkpUnitStandardType:ZZUnitStandardType:1
*,3638,Y,ZZUnitStandard:ZZUnitStandard_ID:2808;ZZLearnership:ZZLearnership_ID:177;ref:ZZLkpUnitStandardType:ZZUnitStandardType:1
*,3639,Y,ZZUnitStandard:ZZUnitStandard_ID:2809;ZZLearnership:ZZLearnership_ID:177;ref:ZZLkpUnitStandardType:ZZUnitStandardType:3
*,3640,Y,ZZUnitStandard:ZZUnitStandard_ID:2810;ZZLearnership:ZZLearnership_ID:177;ref:ZZLkpUnitStandardType:ZZUnitStandardType:3
*,3641,Y,ZZUnitStandard:ZZUnitStandard_ID:2811;ZZLearnership:ZZLearnership_ID:177;ref:ZZLkpUnitStandardType:ZZUnitStandardType:3
*,3642,Y,ZZUnitStandard:ZZUnitStandard_ID:2812;ZZLearnership:ZZLearnership_ID:177;ref:ZZLkpUnitStandardType:ZZUnitStandardType:3
*,3643,Y,ZZUnitStandard:ZZUnitStandard_ID:2813;ZZLearnership:ZZLearnership_ID:177;ref:ZZLkpUnitStandardType:ZZUnitStandardType:3
*,3644,Y,ZZUnitStandard:ZZUnitStandard_ID:2814;ZZLearnership:ZZLearnership_ID:177;ref:ZZLkpUnitStandardType:ZZUnitStandardType:3
*,3645,Y,ZZUnitStandard:ZZUnitStandard_ID:2815;ZZLearnership:ZZLearnership_ID:177;ref:ZZLkpUnitStandardType:ZZUnitStandardType:1
*,3646,Y,ZZUnitStandard:ZZUnitStandard_ID:2816;ZZLearnership:ZZLearnership_ID:177;ref:ZZLkpUnitStandardType:ZZUnitStandardType:3
*,3647,Y,ZZUnitStandard:ZZUnitStandard_ID:2817;ZZLearnership:ZZLearnership_ID:177;ref:ZZLkpUnitStandardType:ZZUnitStandardType:3
*,3648,Y,ZZUnitStandard:ZZUnitStandard_ID:2818;ZZLearnership:ZZLearnership_ID:177;ref:ZZLkpUnitStandardType:ZZUnitStandardType:1
*,3649,Y,ZZUnitStandard:ZZUnitStandard_ID:2819;ZZLearnership:ZZLearnership_ID:177;ref:ZZLkpUnitStandardType:ZZUnitStandardType:1
*,3650,Y,ZZUnitStandard:ZZUnitStandard_ID:2820;ZZLearnership:ZZLearnership_ID:177;ref:ZZLkpUnitStandardType:ZZUnitStandardType:1
*,3651,Y,ZZUnitStandard:ZZUnitStandard_ID:2821;ZZLearnership:ZZLearnership_ID:177;ref:ZZLkpUnitStandardType:ZZUnitStandardType:3
*,3652,Y,ZZUnitStandard:ZZUnitStandard_ID:2822;ZZLearnership:ZZLearnership_ID:177;ref:ZZLkpUnitStandardType:ZZUnitStandardType:3
*,3653,Y,ZZUnitStandard:ZZUnitStandard_ID:2823;ZZLearnership:ZZLearnership_ID:177;ref:ZZLkpUnitStandardType:ZZUnitStandardType:3
*,3654,Y,ZZUnitStandard:ZZUnitStandard_ID:2824;ZZLearnership:ZZLearnership_ID:177;ref:ZZLkpUnitStandardType:ZZUnitStandardType:1
*,3655,Y,ZZUnitStandard:ZZUnitStandard_ID:2825;ZZLearnership:ZZLearnership_ID:177;ref:ZZLkpUnitStandardType:ZZUnitStandardType:3
*,3656,Y,ZZUnitStandard:ZZUnitStandard_ID:2826;ZZLearnership:ZZLearnership_ID:177;ref:ZZLkpUnitStandardType:ZZUnitStandardType:3
*,3657,Y,ZZUnitStandard:ZZUnitStandard_ID:2827;ZZLearnership:ZZLearnership_ID:177;ref:ZZLkpUnitStandardType:ZZUnitStandardType:3
*,3658,Y,ZZUnitStandard:ZZUnitStandard_ID:2828;ZZLearnership:ZZLearnership_ID:177;ref:ZZLkpUnitStandardType:ZZUnitStandardType:3
*,3659,Y,ZZUnitStandard:ZZUnitStandard_ID:2829;ZZLearnership:ZZLearnership_ID:177;ref:ZZLkpUnitStandardType:ZZUnitStandardType:3
*,3660,Y,ZZUnitStandard:ZZUnitStandard_ID:2830;ZZLearnership:ZZLearnership_ID:177;ref:ZZLkpUnitStandardType:ZZUnitStandardType:3
*,3661,Y,ZZUnitStandard:ZZUnitStandard_ID:2831;ZZLearnership:ZZLearnership_ID:177;ref:ZZLkpUnitStandardType:ZZUnitStandardType:3
*,3662,Y,ZZUnitStandard:ZZUnitStandard_ID:2832;ZZLearnership:ZZLearnership_ID:177;ref:ZZLkpUnitStandardType:ZZUnitStandardType:3
*,3663,Y,ZZUnitStandard:ZZUnitStandard_ID:2833;ZZLearnership:ZZLearnership_ID:177;ref:ZZLkpUnitStandardType:ZZUnitStandardType:3
*,3664,Y,ZZUnitStandard:ZZUnitStandard_ID:2834;ZZLearnership:ZZLearnership_ID:177;ref:ZZLkpUnitStandardType:ZZUnitStandardType:3
*,3665,Y,ZZUnitStandard:ZZUnitStandard_ID:2835;ZZLearnership:ZZLearnership_ID:177;ref:ZZLkpUnitStandardType:ZZUnitStandardType:3
*,3666,Y,ZZUnitStandard:ZZUnitStandard_ID:2836;ZZLearnership:ZZLearnership_ID:177;ref:ZZLkpUnitStandardType:ZZUnitStandardType:3
*,3667,Y,ZZUnitStandard:ZZUnitStandard_ID:2837;ZZLearnership:ZZLearnership_ID:177;ref:ZZLkpUnitStandardType:ZZUnitStandardType:1
*,3668,Y,ZZUnitStandard:ZZUnitStandard_ID:2838;ZZLearnership:ZZLearnership_ID:177;ref:ZZLkpUnitStandardType:ZZUnitStandardType:3
*,3669,Y,ZZUnitStandard:ZZUnitStandard_ID:2839;ZZLearnership:ZZLearnership_ID:177;ref:ZZLkpUnitStandardType:ZZUnitStandardType:3
*,3670,Y,ZZUnitStandard:ZZUnitStandard_ID:110;ZZLearnership:ZZLearnership_ID:178;ref:ZZLkpUnitStandardType:ZZUnitStandardType:3
*,3671,Y,ZZUnitStandard:ZZUnitStandard_ID:117;ZZLearnership:ZZLearnership_ID:178;ref:ZZLkpUnitStandardType:ZZUnitStandardType:3
*,3672,Y,ZZUnitStandard:ZZUnitStandard_ID:130;ZZLearnership:ZZLearnership_ID:178;ref:ZZLkpUnitStandardType:ZZUnitStandardType:3
*,3673,Y,ZZUnitStandard:ZZUnitStandard_ID:375;ZZLearnership:ZZLearnership_ID:178;ref:ZZLkpUnitStandardType:ZZUnitStandardType:3
*,3674,Y,ZZUnitStandard:ZZUnitStandard_ID:376;ZZLearnership:ZZLearnership_ID:178;ref:ZZLkpUnitStandardType:ZZUnitStandardType:3
*,3675,Y,ZZUnitStandard:ZZUnitStandard_ID:377;ZZLearnership:ZZLearnership_ID:178;ref:ZZLkpUnitStandardType:ZZUnitStandardType:3
*,3676,Y,ZZUnitStandard:ZZUnitStandard_ID:378;ZZLearnership:ZZLearnership_ID:178;ref:ZZLkpUnitStandardType:ZZUnitStandardType:3
*,3677,Y,ZZUnitStandard:ZZUnitStandard_ID:379;ZZLearnership:ZZLearnership_ID:178;ref:ZZLkpUnitStandardType:ZZUnitStandardType:3
*,3678,Y,ZZUnitStandard:ZZUnitStandard_ID:380;ZZLearnership:ZZLearnership_ID:178;ref:ZZLkpUnitStandardType:ZZUnitStandardType:3
*,3679,Y,ZZUnitStandard:ZZUnitStandard_ID:381;ZZLearnership:ZZLearnership_ID:178;ref:ZZLkpUnitStandardType:ZZUnitStandardType:3
*,3680,Y,ZZUnitStandard:ZZUnitStandard_ID:382;ZZLearnership:ZZLearnership_ID:178;ref:ZZLkpUnitStandardType:ZZUnitStandardType:3
*,3681,Y,ZZUnitStandard:ZZUnitStandard_ID:394;ZZLearnership:ZZLearnership_ID:178;ref:ZZLkpUnitStandardType:ZZUnitStandardType:3
*,3682,Y,ZZUnitStandard:ZZUnitStandard_ID:396;ZZLearnership:ZZLearnership_ID:178;ref:ZZLkpUnitStandardType:ZZUnitStandardType:3
*,3683,Y,ZZUnitStandard:ZZUnitStandard_ID:399;ZZLearnership:ZZLearnership_ID:178;ref:ZZLkpUnitStandardType:ZZUnitStandardType:3
*,3684,Y,ZZUnitStandard:ZZUnitStandard_ID:407;ZZLearnership:ZZLearnership_ID:178;ref:ZZLkpUnitStandardType:ZZUnitStandardType:3
*,3685,Y,ZZUnitStandard:ZZUnitStandard_ID:411;ZZLearnership:ZZLearnership_ID:178;ref:ZZLkpUnitStandardType:ZZUnitStandardType:3
*,3686,Y,ZZUnitStandard:ZZUnitStandard_ID:472;ZZLearnership:ZZLearnership_ID:178;ref:ZZLkpUnitStandardType:ZZUnitStandardType:3
*,3687,Y,ZZUnitStandard:ZZUnitStandard_ID:473;ZZLearnership:ZZLearnership_ID:178;ref:ZZLkpUnitStandardType:ZZUnitStandardType:3
*,3688,Y,ZZUnitStandard:ZZUnitStandard_ID:521;ZZLearnership:ZZLearnership_ID:178;ref:ZZLkpUnitStandardType:ZZUnitStandardType:3
*,3689,Y,ZZUnitStandard:ZZUnitStandard_ID:522;ZZLearnership:ZZLearnership_ID:178;ref:ZZLkpUnitStandardType:ZZUnitStandardType:3
*,3690,Y,ZZUnitStandard:ZZUnitStandard_ID:529;ZZLearnership:ZZLearnership_ID:178;ref:ZZLkpUnitStandardType:ZZUnitStandardType:3
*,3691,Y,ZZUnitStandard:ZZUnitStandard_ID:530;ZZLearnership:ZZLearnership_ID:178;ref:ZZLkpUnitStandardType:ZZUnitStandardType:3
*,3692,Y,ZZUnitStandard:ZZUnitStandard_ID:531;ZZLearnership:ZZLearnership_ID:178;ref:ZZLkpUnitStandardType:ZZUnitStandardType:3
*,3693,Y,ZZUnitStandard:ZZUnitStandard_ID:606;ZZLearnership:ZZLearnership_ID:178;ref:ZZLkpUnitStandardType:ZZUnitStandardType:3
*,3694,Y,ZZUnitStandard:ZZUnitStandard_ID:616;ZZLearnership:ZZLearnership_ID:178;ref:ZZLkpUnitStandardType:ZZUnitStandardType:3
*,3695,Y,ZZUnitStandard:ZZUnitStandard_ID:618;ZZLearnership:ZZLearnership_ID:178;ref:ZZLkpUnitStandardType:ZZUnitStandardType:3
*,3696,Y,ZZUnitStandard:ZZUnitStandard_ID:643;ZZLearnership:ZZLearnership_ID:178;ref:ZZLkpUnitStandardType:ZZUnitStandardType:3
*,3697,Y,ZZUnitStandard:ZZUnitStandard_ID:770;ZZLearnership:ZZLearnership_ID:178;ref:ZZLkpUnitStandardType:ZZUnitStandardType:3
*,3698,Y,ZZUnitStandard:ZZUnitStandard_ID:930;ZZLearnership:ZZLearnership_ID:178;ref:ZZLkpUnitStandardType:ZZUnitStandardType:1
*,3699,Y,ZZUnitStandard:ZZUnitStandard_ID:985;ZZLearnership:ZZLearnership_ID:178;ref:ZZLkpUnitStandardType:ZZUnitStandardType:1
*,3700,Y,ZZUnitStandard:ZZUnitStandard_ID:1024;ZZLearnership:ZZLearnership_ID:178;ref:ZZLkpUnitStandardType:ZZUnitStandardType:3
*,3701,Y,ZZUnitStandard:ZZUnitStandard_ID:1025;ZZLearnership:ZZLearnership_ID:178;ref:ZZLkpUnitStandardType:ZZUnitStandardType:3
*,3702,Y,ZZUnitStandard:ZZUnitStandard_ID:1029;ZZLearnership:ZZLearnership_ID:178;ref:ZZLkpUnitStandardType:ZZUnitStandardType:3
*,3703,Y,ZZUnitStandard:ZZUnitStandard_ID:1034;ZZLearnership:ZZLearnership_ID:178;ref:ZZLkpUnitStandardType:ZZUnitStandardType:1
*,3704,Y,ZZUnitStandard:ZZUnitStandard_ID:1043;ZZLearnership:ZZLearnership_ID:178;ref:ZZLkpUnitStandardType:ZZUnitStandardType:3
*,3705,Y,ZZUnitStandard:ZZUnitStandard_ID:1049;ZZLearnership:ZZLearnership_ID:178;ref:ZZLkpUnitStandardType:ZZUnitStandardType:1
*,3706,Y,ZZUnitStandard:ZZUnitStandard_ID:1185;ZZLearnership:ZZLearnership_ID:178;ref:ZZLkpUnitStandardType:ZZUnitStandardType:2
*,3707,Y,ZZUnitStandard:ZZUnitStandard_ID:1186;ZZLearnership:ZZLearnership_ID:178;ref:ZZLkpUnitStandardType:ZZUnitStandardType:2
*,3708,Y,ZZUnitStandard:ZZUnitStandard_ID:1194;ZZLearnership:ZZLearnership_ID:178;ref:ZZLkpUnitStandardType:ZZUnitStandardType:2
*,3709,Y,ZZUnitStandard:ZZUnitStandard_ID:1229;ZZLearnership:ZZLearnership_ID:178;ref:ZZLkpUnitStandardType:ZZUnitStandardType:3
*,3710,Y,ZZUnitStandard:ZZUnitStandard_ID:1233;ZZLearnership:ZZLearnership_ID:178;ref:ZZLkpUnitStandardType:ZZUnitStandardType:3
*,3711,Y,ZZUnitStandard:ZZUnitStandard_ID:1234;ZZLearnership:ZZLearnership_ID:178;ref:ZZLkpUnitStandardType:ZZUnitStandardType:1
*,3712,Y,ZZUnitStandard:ZZUnitStandard_ID:1514;ZZLearnership:ZZLearnership_ID:178;ref:ZZLkpUnitStandardType:ZZUnitStandardType:2
*,3713,Y,ZZUnitStandard:ZZUnitStandard_ID:1516;ZZLearnership:ZZLearnership_ID:178;ref:ZZLkpUnitStandardType:ZZUnitStandardType:2
*,3714,Y,ZZUnitStandard:ZZUnitStandard_ID:1726;ZZLearnership:ZZLearnership_ID:178;ref:ZZLkpUnitStandardType:ZZUnitStandardType:1
*,3715,Y,ZZUnitStandard:ZZUnitStandard_ID:2340;ZZLearnership:ZZLearnership_ID:178;ref:ZZLkpUnitStandardType:ZZUnitStandardType:2
*,3716,Y,ZZUnitStandard:ZZUnitStandard_ID:2353;ZZLearnership:ZZLearnership_ID:178;ref:ZZLkpUnitStandardType:ZZUnitStandardType:3
*,3717,Y,ZZUnitStandard:ZZUnitStandard_ID:2354;ZZLearnership:ZZLearnership_ID:178;ref:ZZLkpUnitStandardType:ZZUnitStandardType:3
*,3718,Y,ZZUnitStandard:ZZUnitStandard_ID:2355;ZZLearnership:ZZLearnership_ID:178;ref:ZZLkpUnitStandardType:ZZUnitStandardType:3
*,3719,Y,ZZUnitStandard:ZZUnitStandard_ID:2356;ZZLearnership:ZZLearnership_ID:178;ref:ZZLkpUnitStandardType:ZZUnitStandardType:1
*,3720,Y,ZZUnitStandard:ZZUnitStandard_ID:2357;ZZLearnership:ZZLearnership_ID:178;ref:ZZLkpUnitStandardType:ZZUnitStandardType:3
*,3721,Y,ZZUnitStandard:ZZUnitStandard_ID:2358;ZZLearnership:ZZLearnership_ID:178;ref:ZZLkpUnitStandardType:ZZUnitStandardType:3
*,3722,Y,ZZUnitStandard:ZZUnitStandard_ID:2359;ZZLearnership:ZZLearnership_ID:178;ref:ZZLkpUnitStandardType:ZZUnitStandardType:3
*,3723,Y,ZZUnitStandard:ZZUnitStandard_ID:2360;ZZLearnership:ZZLearnership_ID:178;ref:ZZLkpUnitStandardType:ZZUnitStandardType:1
*,3724,Y,ZZUnitStandard:ZZUnitStandard_ID:2361;ZZLearnership:ZZLearnership_ID:178;ref:ZZLkpUnitStandardType:ZZUnitStandardType:3
*,3725,Y,ZZUnitStandard:ZZUnitStandard_ID:2450;ZZLearnership:ZZLearnership_ID:178;ref:ZZLkpUnitStandardType:ZZUnitStandardType:2
*,3726,Y,ZZUnitStandard:ZZUnitStandard_ID:2452;ZZLearnership:ZZLearnership_ID:178;ref:ZZLkpUnitStandardType:ZZUnitStandardType:2
*,3727,Y,ZZUnitStandard:ZZUnitStandard_ID:2453;ZZLearnership:ZZLearnership_ID:178;ref:ZZLkpUnitStandardType:ZZUnitStandardType:2
*,3728,Y,ZZUnitStandard:ZZUnitStandard_ID:2533;ZZLearnership:ZZLearnership_ID:178;ref:ZZLkpUnitStandardType:ZZUnitStandardType:1
*,3729,Y,ZZUnitStandard:ZZUnitStandard_ID:2534;ZZLearnership:ZZLearnership_ID:178;ref:ZZLkpUnitStandardType:ZZUnitStandardType:1
*,3730,Y,ZZUnitStandard:ZZUnitStandard_ID:2535;ZZLearnership:ZZLearnership_ID:178;ref:ZZLkpUnitStandardType:ZZUnitStandardType:1
*,3731,Y,ZZUnitStandard:ZZUnitStandard_ID:2536;ZZLearnership:ZZLearnership_ID:178;ref:ZZLkpUnitStandardType:ZZUnitStandardType:1
*,3732,Y,ZZUnitStandard:ZZUnitStandard_ID:2537;ZZLearnership:ZZLearnership_ID:178;ref:ZZLkpUnitStandardType:ZZUnitStandardType:1
*,3733,Y,ZZUnitStandard:ZZUnitStandard_ID:2538;ZZLearnership:ZZLearnership_ID:178;ref:ZZLkpUnitStandardType:ZZUnitStandardType:3
*,3734,Y,ZZUnitStandard:ZZUnitStandard_ID:2539;ZZLearnership:ZZLearnership_ID:178;ref:ZZLkpUnitStandardType:ZZUnitStandardType:3
*,3735,Y,ZZUnitStandard:ZZUnitStandard_ID:2540;ZZLearnership:ZZLearnership_ID:178;ref:ZZLkpUnitStandardType:ZZUnitStandardType:3
*,3736,Y,ZZUnitStandard:ZZUnitStandard_ID:2541;ZZLearnership:ZZLearnership_ID:178;ref:ZZLkpUnitStandardType:ZZUnitStandardType:1
*,3737,Y,ZZUnitStandard:ZZUnitStandard_ID:2542;ZZLearnership:ZZLearnership_ID:178;ref:ZZLkpUnitStandardType:ZZUnitStandardType:3
*,3738,Y,ZZUnitStandard:ZZUnitStandard_ID:2543;ZZLearnership:ZZLearnership_ID:178;ref:ZZLkpUnitStandardType:ZZUnitStandardType:3
*,3739,Y,ZZUnitStandard:ZZUnitStandard_ID:2544;ZZLearnership:ZZLearnership_ID:178;ref:ZZLkpUnitStandardType:ZZUnitStandardType:3
*,3740,Y,ZZUnitStandard:ZZUnitStandard_ID:2545;ZZLearnership:ZZLearnership_ID:178;ref:ZZLkpUnitStandardType:ZZUnitStandardType:3
*,3741,Y,ZZUnitStandard:ZZUnitStandard_ID:2546;ZZLearnership:ZZLearnership_ID:178;ref:ZZLkpUnitStandardType:ZZUnitStandardType:3
*,3742,Y,ZZUnitStandard:ZZUnitStandard_ID:2547;ZZLearnership:ZZLearnership_ID:178;ref:ZZLkpUnitStandardType:ZZUnitStandardType:3
*,3743,Y,ZZUnitStandard:ZZUnitStandard_ID:2548;ZZLearnership:ZZLearnership_ID:178;ref:ZZLkpUnitStandardType:ZZUnitStandardType:3
*,3744,Y,ZZUnitStandard:ZZUnitStandard_ID:2549;ZZLearnership:ZZLearnership_ID:178;ref:ZZLkpUnitStandardType:ZZUnitStandardType:3
*,3745,Y,ZZUnitStandard:ZZUnitStandard_ID:2550;ZZLearnership:ZZLearnership_ID:178;ref:ZZLkpUnitStandardType:ZZUnitStandardType:1
*,3746,Y,ZZUnitStandard:ZZUnitStandard_ID:2551;ZZLearnership:ZZLearnership_ID:178;ref:ZZLkpUnitStandardType:ZZUnitStandardType:1
*,3747,Y,ZZUnitStandard:ZZUnitStandard_ID:2552;ZZLearnership:ZZLearnership_ID:178;ref:ZZLkpUnitStandardType:ZZUnitStandardType:3
*,3748,Y,ZZUnitStandard:ZZUnitStandard_ID:2553;ZZLearnership:ZZLearnership_ID:178;ref:ZZLkpUnitStandardType:ZZUnitStandardType:3
*,3749,Y,ZZUnitStandard:ZZUnitStandard_ID:2554;ZZLearnership:ZZLearnership_ID:178;ref:ZZLkpUnitStandardType:ZZUnitStandardType:3
*,3750,Y,ZZUnitStandard:ZZUnitStandard_ID:2555;ZZLearnership:ZZLearnership_ID:178;ref:ZZLkpUnitStandardType:ZZUnitStandardType:3
*,3751,Y,ZZUnitStandard:ZZUnitStandard_ID:2570;ZZLearnership:ZZLearnership_ID:178;ref:ZZLkpUnitStandardType:ZZUnitStandardType:3
*,3752,Y,ZZUnitStandard:ZZUnitStandard_ID:2571;ZZLearnership:ZZLearnership_ID:178;ref:ZZLkpUnitStandardType:ZZUnitStandardType:3
*,3753,Y,ZZUnitStandard:ZZUnitStandard_ID:2572;ZZLearnership:ZZLearnership_ID:178;ref:ZZLkpUnitStandardType:ZZUnitStandardType:3
*,3754,Y,ZZUnitStandard:ZZUnitStandard_ID:2573;ZZLearnership:ZZLearnership_ID:178;ref:ZZLkpUnitStandardType:ZZUnitStandardType:3
*,3755,Y,ZZUnitStandard:ZZUnitStandard_ID:2574;ZZLearnership:ZZLearnership_ID:178;ref:ZZLkpUnitStandardType:ZZUnitStandardType:3
*,3756,Y,ZZUnitStandard:ZZUnitStandard_ID:2575;ZZLearnership:ZZLearnership_ID:178;ref:ZZLkpUnitStandardType:ZZUnitStandardType:3
*,3757,Y,ZZUnitStandard:ZZUnitStandard_ID:2576;ZZLearnership:ZZLearnership_ID:178;ref:ZZLkpUnitStandardType:ZZUnitStandardType:3
*,3758,Y,ZZUnitStandard:ZZUnitStandard_ID:2633;ZZLearnership:ZZLearnership_ID:178;ref:ZZLkpUnitStandardType:ZZUnitStandardType:1
*,3759,Y,ZZUnitStandard:ZZUnitStandard_ID:2634;ZZLearnership:ZZLearnership_ID:178;ref:ZZLkpUnitStandardType:ZZUnitStandardType:3
*,3760,Y,ZZUnitStandard:ZZUnitStandard_ID:2636;ZZLearnership:ZZLearnership_ID:178;ref:ZZLkpUnitStandardType:ZZUnitStandardType:3
*,3761,Y,ZZUnitStandard:ZZUnitStandard_ID:3357;ZZLearnership:ZZLearnership_ID:178;ref:ZZLkpUnitStandardType:ZZUnitStandardType:3
*,3762,Y,ZZUnitStandard:ZZUnitStandard_ID:3367;ZZLearnership:ZZLearnership_ID:178;ref:ZZLkpUnitStandardType:ZZUnitStandardType:3
*,3763,Y,ZZUnitStandard:ZZUnitStandard_ID:3407;ZZLearnership:ZZLearnership_ID:178;ref:ZZLkpUnitStandardType:ZZUnitStandardType:3
*,3764,Y,ZZUnitStandard:ZZUnitStandard_ID:3517;ZZLearnership:ZZLearnership_ID:178;ref:ZZLkpUnitStandardType:ZZUnitStandardType:3
*,3765,Y,ZZUnitStandard:ZZUnitStandard_ID:3524;ZZLearnership:ZZLearnership_ID:178;ref:ZZLkpUnitStandardType:ZZUnitStandardType:3
*,3766,Y,ZZUnitStandard:ZZUnitStandard_ID:1;ZZLearnership:ZZLearnership_ID:179;ref:ZZLkpUnitStandardType:ZZUnitStandardType:3
*,3767,Y,ZZUnitStandard:ZZUnitStandard_ID:2;ZZLearnership:ZZLearnership_ID:179;ref:ZZLkpUnitStandardType:ZZUnitStandardType:3
*,3768,Y,ZZUnitStandard:ZZUnitStandard_ID:3;ZZLearnership:ZZLearnership_ID:179;ref:ZZLkpUnitStandardType:ZZUnitStandardType:3
*,3769,Y,ZZUnitStandard:ZZUnitStandard_ID:5;ZZLearnership:ZZLearnership_ID:179;ref:ZZLkpUnitStandardType:ZZUnitStandardType:3
*,3770,Y,ZZUnitStandard:ZZUnitStandard_ID:961;ZZLearnership:ZZLearnership_ID:179;ref:ZZLkpUnitStandardType:ZZUnitStandardType:3
*,3771,Y,ZZUnitStandard:ZZUnitStandard_ID:962;ZZLearnership:ZZLearnership_ID:179;ref:ZZLkpUnitStandardType:ZZUnitStandardType:3
*,3772,Y,ZZUnitStandard:ZZUnitStandard_ID:985;ZZLearnership:ZZLearnership_ID:179;ref:ZZLkpUnitStandardType:ZZUnitStandardType:1
*,3773,Y,ZZUnitStandard:ZZUnitStandard_ID:1120;ZZLearnership:ZZLearnership_ID:179;ref:ZZLkpUnitStandardType:ZZUnitStandardType:1
*,3774,Y,ZZUnitStandard:ZZUnitStandard_ID:1185;ZZLearnership:ZZLearnership_ID:179;ref:ZZLkpUnitStandardType:ZZUnitStandardType:2
*,3775,Y,ZZUnitStandard:ZZUnitStandard_ID:1186;ZZLearnership:ZZLearnership_ID:179;ref:ZZLkpUnitStandardType:ZZUnitStandardType:2
*,3776,Y,ZZUnitStandard:ZZUnitStandard_ID:1194;ZZLearnership:ZZLearnership_ID:179;ref:ZZLkpUnitStandardType:ZZUnitStandardType:2
*,3777,Y,ZZUnitStandard:ZZUnitStandard_ID:1418;ZZLearnership:ZZLearnership_ID:179;ref:ZZLkpUnitStandardType:ZZUnitStandardType:3
*,3778,Y,ZZUnitStandard:ZZUnitStandard_ID:1514;ZZLearnership:ZZLearnership_ID:179;ref:ZZLkpUnitStandardType:ZZUnitStandardType:2
*,3779,Y,ZZUnitStandard:ZZUnitStandard_ID:1516;ZZLearnership:ZZLearnership_ID:179;ref:ZZLkpUnitStandardType:ZZUnitStandardType:2
*,3780,Y,ZZUnitStandard:ZZUnitStandard_ID:2047;ZZLearnership:ZZLearnership_ID:179;ref:ZZLkpUnitStandardType:ZZUnitStandardType:1
*,3781,Y,ZZUnitStandard:ZZUnitStandard_ID:2220;ZZLearnership:ZZLearnership_ID:179;ref:ZZLkpUnitStandardType:ZZUnitStandardType:3
*,3782,Y,ZZUnitStandard:ZZUnitStandard_ID:2340;ZZLearnership:ZZLearnership_ID:179;ref:ZZLkpUnitStandardType:ZZUnitStandardType:2
*,3783,Y,ZZUnitStandard:ZZUnitStandard_ID:2450;ZZLearnership:ZZLearnership_ID:179;ref:ZZLkpUnitStandardType:ZZUnitStandardType:2
*,3784,Y,ZZUnitStandard:ZZUnitStandard_ID:2452;ZZLearnership:ZZLearnership_ID:179;ref:ZZLkpUnitStandardType:ZZUnitStandardType:2
*,3785,Y,ZZUnitStandard:ZZUnitStandard_ID:2453;ZZLearnership:ZZLearnership_ID:179;ref:ZZLkpUnitStandardType:ZZUnitStandardType:2
*,3786,Y,ZZUnitStandard:ZZUnitStandard_ID:2727;ZZLearnership:ZZLearnership_ID:179;ref:ZZLkpUnitStandardType:ZZUnitStandardType:1
*,3787,Y,ZZUnitStandard:ZZUnitStandard_ID:2728;ZZLearnership:ZZLearnership_ID:179;ref:ZZLkpUnitStandardType:ZZUnitStandardType:1
*,3788,Y,ZZUnitStandard:ZZUnitStandard_ID:2729;ZZLearnership:ZZLearnership_ID:179;ref:ZZLkpUnitStandardType:ZZUnitStandardType:1
*,3789,Y,ZZUnitStandard:ZZUnitStandard_ID:2730;ZZLearnership:ZZLearnership_ID:179;ref:ZZLkpUnitStandardType:ZZUnitStandardType:1
*,3790,Y,ZZUnitStandard:ZZUnitStandard_ID:2731;ZZLearnership:ZZLearnership_ID:179;ref:ZZLkpUnitStandardType:ZZUnitStandardType:1
*,3791,Y,ZZUnitStandard:ZZUnitStandard_ID:2732;ZZLearnership:ZZLearnership_ID:179;ref:ZZLkpUnitStandardType:ZZUnitStandardType:1
*,3792,Y,ZZUnitStandard:ZZUnitStandard_ID:2733;ZZLearnership:ZZLearnership_ID:179;ref:ZZLkpUnitStandardType:ZZUnitStandardType:1
*,3793,Y,ZZUnitStandard:ZZUnitStandard_ID:2734;ZZLearnership:ZZLearnership_ID:179;ref:ZZLkpUnitStandardType:ZZUnitStandardType:1
*,3794,Y,ZZUnitStandard:ZZUnitStandard_ID:2735;ZZLearnership:ZZLearnership_ID:179;ref:ZZLkpUnitStandardType:ZZUnitStandardType:1
*,3795,Y,ZZUnitStandard:ZZUnitStandard_ID:2736;ZZLearnership:ZZLearnership_ID:179;ref:ZZLkpUnitStandardType:ZZUnitStandardType:1
*,3796,Y,ZZUnitStandard:ZZUnitStandard_ID:2737;ZZLearnership:ZZLearnership_ID:179;ref:ZZLkpUnitStandardType:ZZUnitStandardType:1
*,3797,Y,ZZUnitStandard:ZZUnitStandard_ID:2738;ZZLearnership:ZZLearnership_ID:179;ref:ZZLkpUnitStandardType:ZZUnitStandardType:3
*,3798,Y,ZZUnitStandard:ZZUnitStandard_ID:2739;ZZLearnership:ZZLearnership_ID:179;ref:ZZLkpUnitStandardType:ZZUnitStandardType:1
*,3799,Y,ZZUnitStandard:ZZUnitStandard_ID:2740;ZZLearnership:ZZLearnership_ID:179;ref:ZZLkpUnitStandardType:ZZUnitStandardType:3
*,3800,Y,ZZUnitStandard:ZZUnitStandard_ID:2741;ZZLearnership:ZZLearnership_ID:179;ref:ZZLkpUnitStandardType:ZZUnitStandardType:3
*,3801,Y,ZZUnitStandard:ZZUnitStandard_ID:2742;ZZLearnership:ZZLearnership_ID:179;ref:ZZLkpUnitStandardType:ZZUnitStandardType:1
*,3802,Y,ZZUnitStandard:ZZUnitStandard_ID:2743;ZZLearnership:ZZLearnership_ID:179;ref:ZZLkpUnitStandardType:ZZUnitStandardType:3
*,3803,Y,ZZUnitStandard:ZZUnitStandard_ID:2744;ZZLearnership:ZZLearnership_ID:179;ref:ZZLkpUnitStandardType:ZZUnitStandardType:3
*,3804,Y,ZZUnitStandard:ZZUnitStandard_ID:2745;ZZLearnership:ZZLearnership_ID:179;ref:ZZLkpUnitStandardType:ZZUnitStandardType:3
*,3805,Y,ZZUnitStandard:ZZUnitStandard_ID:2746;ZZLearnership:ZZLearnership_ID:179;ref:ZZLkpUnitStandardType:ZZUnitStandardType:3
*,3806,Y,ZZUnitStandard:ZZUnitStandard_ID:2747;ZZLearnership:ZZLearnership_ID:179;ref:ZZLkpUnitStandardType:ZZUnitStandardType:3
*,3807,Y,ZZUnitStandard:ZZUnitStandard_ID:2748;ZZLearnership:ZZLearnership_ID:179;ref:ZZLkpUnitStandardType:ZZUnitStandardType:1
*,3808,Y,ZZUnitStandard:ZZUnitStandard_ID:2749;ZZLearnership:ZZLearnership_ID:179;ref:ZZLkpUnitStandardType:ZZUnitStandardType:3
*,3809,Y,ZZUnitStandard:ZZUnitStandard_ID:2750;ZZLearnership:ZZLearnership_ID:179;ref:ZZLkpUnitStandardType:ZZUnitStandardType:3
*,3810,Y,ZZUnitStandard:ZZUnitStandard_ID:2751;ZZLearnership:ZZLearnership_ID:179;ref:ZZLkpUnitStandardType:ZZUnitStandardType:3
*,3811,Y,ZZUnitStandard:ZZUnitStandard_ID:1;ZZLearnership:ZZLearnership_ID:180;ref:ZZLkpUnitStandardType:ZZUnitStandardType:1
*,3812,Y,ZZUnitStandard:ZZUnitStandard_ID:2;ZZLearnership:ZZLearnership_ID:180;ref:ZZLkpUnitStandardType:ZZUnitStandardType:1
*,3813,Y,ZZUnitStandard:ZZUnitStandard_ID:3;ZZLearnership:ZZLearnership_ID:180;ref:ZZLkpUnitStandardType:ZZUnitStandardType:3
*,3814,Y,ZZUnitStandard:ZZUnitStandard_ID:5;ZZLearnership:ZZLearnership_ID:180;ref:ZZLkpUnitStandardType:ZZUnitStandardType:3
*,3815,Y,ZZUnitStandard:ZZUnitStandard_ID:961;ZZLearnership:ZZLearnership_ID:180;ref:ZZLkpUnitStandardType:ZZUnitStandardType:1
*,3816,Y,ZZUnitStandard:ZZUnitStandard_ID:962;ZZLearnership:ZZLearnership_ID:180;ref:ZZLkpUnitStandardType:ZZUnitStandardType:3
*,3817,Y,ZZUnitStandard:ZZUnitStandard_ID:985;ZZLearnership:ZZLearnership_ID:180;ref:ZZLkpUnitStandardType:ZZUnitStandardType:1
*,3818,Y,ZZUnitStandard:ZZUnitStandard_ID:1120;ZZLearnership:ZZLearnership_ID:180;ref:ZZLkpUnitStandardType:ZZUnitStandardType:1
*,3819,Y,ZZUnitStandard:ZZUnitStandard_ID:1185;ZZLearnership:ZZLearnership_ID:180;ref:ZZLkpUnitStandardType:ZZUnitStandardType:2
*,3820,Y,ZZUnitStandard:ZZUnitStandard_ID:1186;ZZLearnership:ZZLearnership_ID:180;ref:ZZLkpUnitStandardType:ZZUnitStandardType:2
*,3821,Y,ZZUnitStandard:ZZUnitStandard_ID:1194;ZZLearnership:ZZLearnership_ID:180;ref:ZZLkpUnitStandardType:ZZUnitStandardType:2
*,3822,Y,ZZUnitStandard:ZZUnitStandard_ID:1418;ZZLearnership:ZZLearnership_ID:180;ref:ZZLkpUnitStandardType:ZZUnitStandardType:3
*,3823,Y,ZZUnitStandard:ZZUnitStandard_ID:1514;ZZLearnership:ZZLearnership_ID:180;ref:ZZLkpUnitStandardType:ZZUnitStandardType:2
*,3824,Y,ZZUnitStandard:ZZUnitStandard_ID:1516;ZZLearnership:ZZLearnership_ID:180;ref:ZZLkpUnitStandardType:ZZUnitStandardType:2
*,3825,Y,ZZUnitStandard:ZZUnitStandard_ID:2047;ZZLearnership:ZZLearnership_ID:180;ref:ZZLkpUnitStandardType:ZZUnitStandardType:1
*,3826,Y,ZZUnitStandard:ZZUnitStandard_ID:2220;ZZLearnership:ZZLearnership_ID:180;ref:ZZLkpUnitStandardType:ZZUnitStandardType:3
*,3827,Y,ZZUnitStandard:ZZUnitStandard_ID:2340;ZZLearnership:ZZLearnership_ID:180;ref:ZZLkpUnitStandardType:ZZUnitStandardType:2
*,3828,Y,ZZUnitStandard:ZZUnitStandard_ID:2450;ZZLearnership:ZZLearnership_ID:180;ref:ZZLkpUnitStandardType:ZZUnitStandardType:2
*,3829,Y,ZZUnitStandard:ZZUnitStandard_ID:2452;ZZLearnership:ZZLearnership_ID:180;ref:ZZLkpUnitStandardType:ZZUnitStandardType:2
*,3830,Y,ZZUnitStandard:ZZUnitStandard_ID:2453;ZZLearnership:ZZLearnership_ID:180;ref:ZZLkpUnitStandardType:ZZUnitStandardType:2
*,3831,Y,ZZUnitStandard:ZZUnitStandard_ID:2727;ZZLearnership:ZZLearnership_ID:180;ref:ZZLkpUnitStandardType:ZZUnitStandardType:1
*,3832,Y,ZZUnitStandard:ZZUnitStandard_ID:2728;ZZLearnership:ZZLearnership_ID:180;ref:ZZLkpUnitStandardType:ZZUnitStandardType:1
*,3833,Y,ZZUnitStandard:ZZUnitStandard_ID:2729;ZZLearnership:ZZLearnership_ID:180;ref:ZZLkpUnitStandardType:ZZUnitStandardType:1
*,3834,Y,ZZUnitStandard:ZZUnitStandard_ID:2730;ZZLearnership:ZZLearnership_ID:180;ref:ZZLkpUnitStandardType:ZZUnitStandardType:1
*,3835,Y,ZZUnitStandard:ZZUnitStandard_ID:2731;ZZLearnership:ZZLearnership_ID:180;ref:ZZLkpUnitStandardType:ZZUnitStandardType:1
*,3836,Y,ZZUnitStandard:ZZUnitStandard_ID:2732;ZZLearnership:ZZLearnership_ID:180;ref:ZZLkpUnitStandardType:ZZUnitStandardType:1
*,3837,Y,ZZUnitStandard:ZZUnitStandard_ID:2733;ZZLearnership:ZZLearnership_ID:180;ref:ZZLkpUnitStandardType:ZZUnitStandardType:1
*,3838,Y,ZZUnitStandard:ZZUnitStandard_ID:2734;ZZLearnership:ZZLearnership_ID:180;ref:ZZLkpUnitStandardType:ZZUnitStandardType:1
*,3839,Y,ZZUnitStandard:ZZUnitStandard_ID:2735;ZZLearnership:ZZLearnership_ID:180;ref:ZZLkpUnitStandardType:ZZUnitStandardType:1
*,3840,Y,ZZUnitStandard:ZZUnitStandard_ID:2736;ZZLearnership:ZZLearnership_ID:180;ref:ZZLkpUnitStandardType:ZZUnitStandardType:3
*,3841,Y,ZZUnitStandard:ZZUnitStandard_ID:2737;ZZLearnership:ZZLearnership_ID:180;ref:ZZLkpUnitStandardType:ZZUnitStandardType:3
*,3842,Y,ZZUnitStandard:ZZUnitStandard_ID:2738;ZZLearnership:ZZLearnership_ID:180;ref:ZZLkpUnitStandardType:ZZUnitStandardType:3
*,3843,Y,ZZUnitStandard:ZZUnitStandard_ID:2739;ZZLearnership:ZZLearnership_ID:180;ref:ZZLkpUnitStandardType:ZZUnitStandardType:3
*,3844,Y,ZZUnitStandard:ZZUnitStandard_ID:2740;ZZLearnership:ZZLearnership_ID:180;ref:ZZLkpUnitStandardType:ZZUnitStandardType:3
*,3845,Y,ZZUnitStandard:ZZUnitStandard_ID:2741;ZZLearnership:ZZLearnership_ID:180;ref:ZZLkpUnitStandardType:ZZUnitStandardType:3
*,3846,Y,ZZUnitStandard:ZZUnitStandard_ID:2742;ZZLearnership:ZZLearnership_ID:180;ref:ZZLkpUnitStandardType:ZZUnitStandardType:3
*,3847,Y,ZZUnitStandard:ZZUnitStandard_ID:2743;ZZLearnership:ZZLearnership_ID:180;ref:ZZLkpUnitStandardType:ZZUnitStandardType:1
*,3848,Y,ZZUnitStandard:ZZUnitStandard_ID:2744;ZZLearnership:ZZLearnership_ID:180;ref:ZZLkpUnitStandardType:ZZUnitStandardType:3
*,3849,Y,ZZUnitStandard:ZZUnitStandard_ID:2745;ZZLearnership:ZZLearnership_ID:180;ref:ZZLkpUnitStandardType:ZZUnitStandardType:3
*,3850,Y,ZZUnitStandard:ZZUnitStandard_ID:2746;ZZLearnership:ZZLearnership_ID:180;ref:ZZLkpUnitStandardType:ZZUnitStandardType:3
*,3851,Y,ZZUnitStandard:ZZUnitStandard_ID:2747;ZZLearnership:ZZLearnership_ID:180;ref:ZZLkpUnitStandardType:ZZUnitStandardType:3
*,3852,Y,ZZUnitStandard:ZZUnitStandard_ID:2748;ZZLearnership:ZZLearnership_ID:180;ref:ZZLkpUnitStandardType:ZZUnitStandardType:3
*,3853,Y,ZZUnitStandard:ZZUnitStandard_ID:2749;ZZLearnership:ZZLearnership_ID:180;ref:ZZLkpUnitStandardType:ZZUnitStandardType:3
*,3854,Y,ZZUnitStandard:ZZUnitStandard_ID:2750;ZZLearnership:ZZLearnership_ID:180;ref:ZZLkpUnitStandardType:ZZUnitStandardType:3
*,3855,Y,ZZUnitStandard:ZZUnitStandard_ID:2751;ZZLearnership:ZZLearnership_ID:180;ref:ZZLkpUnitStandardType:ZZUnitStandardType:1
*,3856,Y,ZZUnitStandard:ZZUnitStandard_ID:1;ZZLearnership:ZZLearnership_ID:181;ref:ZZLkpUnitStandardType:ZZUnitStandardType:3
*,3857,Y,ZZUnitStandard:ZZUnitStandard_ID:2;ZZLearnership:ZZLearnership_ID:181;ref:ZZLkpUnitStandardType:ZZUnitStandardType:3
*,3858,Y,ZZUnitStandard:ZZUnitStandard_ID:3;ZZLearnership:ZZLearnership_ID:181;ref:ZZLkpUnitStandardType:ZZUnitStandardType:3
*,3859,Y,ZZUnitStandard:ZZUnitStandard_ID:5;ZZLearnership:ZZLearnership_ID:181;ref:ZZLkpUnitStandardType:ZZUnitStandardType:1
*,3860,Y,ZZUnitStandard:ZZUnitStandard_ID:961;ZZLearnership:ZZLearnership_ID:181;ref:ZZLkpUnitStandardType:ZZUnitStandardType:3
*,3861,Y,ZZUnitStandard:ZZUnitStandard_ID:962;ZZLearnership:ZZLearnership_ID:181;ref:ZZLkpUnitStandardType:ZZUnitStandardType:3
*,3862,Y,ZZUnitStandard:ZZUnitStandard_ID:985;ZZLearnership:ZZLearnership_ID:181;ref:ZZLkpUnitStandardType:ZZUnitStandardType:1
*,3863,Y,ZZUnitStandard:ZZUnitStandard_ID:1120;ZZLearnership:ZZLearnership_ID:181;ref:ZZLkpUnitStandardType:ZZUnitStandardType:1
*,3864,Y,ZZUnitStandard:ZZUnitStandard_ID:1185;ZZLearnership:ZZLearnership_ID:181;ref:ZZLkpUnitStandardType:ZZUnitStandardType:2
*,3865,Y,ZZUnitStandard:ZZUnitStandard_ID:1186;ZZLearnership:ZZLearnership_ID:181;ref:ZZLkpUnitStandardType:ZZUnitStandardType:2
*,3866,Y,ZZUnitStandard:ZZUnitStandard_ID:1194;ZZLearnership:ZZLearnership_ID:181;ref:ZZLkpUnitStandardType:ZZUnitStandardType:2
*,3867,Y,ZZUnitStandard:ZZUnitStandard_ID:1418;ZZLearnership:ZZLearnership_ID:181;ref:ZZLkpUnitStandardType:ZZUnitStandardType:3
*,3868,Y,ZZUnitStandard:ZZUnitStandard_ID:1514;ZZLearnership:ZZLearnership_ID:181;ref:ZZLkpUnitStandardType:ZZUnitStandardType:2
*,3869,Y,ZZUnitStandard:ZZUnitStandard_ID:1516;ZZLearnership:ZZLearnership_ID:181;ref:ZZLkpUnitStandardType:ZZUnitStandardType:2
*,3870,Y,ZZUnitStandard:ZZUnitStandard_ID:2047;ZZLearnership:ZZLearnership_ID:181;ref:ZZLkpUnitStandardType:ZZUnitStandardType:1
*,3871,Y,ZZUnitStandard:ZZUnitStandard_ID:2220;ZZLearnership:ZZLearnership_ID:181;ref:ZZLkpUnitStandardType:ZZUnitStandardType:3
*,3872,Y,ZZUnitStandard:ZZUnitStandard_ID:2340;ZZLearnership:ZZLearnership_ID:181;ref:ZZLkpUnitStandardType:ZZUnitStandardType:2
*,3873,Y,ZZUnitStandard:ZZUnitStandard_ID:2450;ZZLearnership:ZZLearnership_ID:181;ref:ZZLkpUnitStandardType:ZZUnitStandardType:2
*,3874,Y,ZZUnitStandard:ZZUnitStandard_ID:2452;ZZLearnership:ZZLearnership_ID:181;ref:ZZLkpUnitStandardType:ZZUnitStandardType:2
*,3875,Y,ZZUnitStandard:ZZUnitStandard_ID:2453;ZZLearnership:ZZLearnership_ID:181;ref:ZZLkpUnitStandardType:ZZUnitStandardType:2
*,3876,Y,ZZUnitStandard:ZZUnitStandard_ID:2727;ZZLearnership:ZZLearnership_ID:181;ref:ZZLkpUnitStandardType:ZZUnitStandardType:1
*,3877,Y,ZZUnitStandard:ZZUnitStandard_ID:2728;ZZLearnership:ZZLearnership_ID:181;ref:ZZLkpUnitStandardType:ZZUnitStandardType:1
*,3878,Y,ZZUnitStandard:ZZUnitStandard_ID:2729;ZZLearnership:ZZLearnership_ID:181;ref:ZZLkpUnitStandardType:ZZUnitStandardType:1
*,3879,Y,ZZUnitStandard:ZZUnitStandard_ID:2730;ZZLearnership:ZZLearnership_ID:181;ref:ZZLkpUnitStandardType:ZZUnitStandardType:1
*,3880,Y,ZZUnitStandard:ZZUnitStandard_ID:2731;ZZLearnership:ZZLearnership_ID:181;ref:ZZLkpUnitStandardType:ZZUnitStandardType:1
*,3881,Y,ZZUnitStandard:ZZUnitStandard_ID:2732;ZZLearnership:ZZLearnership_ID:181;ref:ZZLkpUnitStandardType:ZZUnitStandardType:1
*,3882,Y,ZZUnitStandard:ZZUnitStandard_ID:2733;ZZLearnership:ZZLearnership_ID:181;ref:ZZLkpUnitStandardType:ZZUnitStandardType:1
*,3883,Y,ZZUnitStandard:ZZUnitStandard_ID:2734;ZZLearnership:ZZLearnership_ID:181;ref:ZZLkpUnitStandardType:ZZUnitStandardType:1
*,3884,Y,ZZUnitStandard:ZZUnitStandard_ID:2735;ZZLearnership:ZZLearnership_ID:181;ref:ZZLkpUnitStandardType:ZZUnitStandardType:1
*,3885,Y,ZZUnitStandard:ZZUnitStandard_ID:2736;ZZLearnership:ZZLearnership_ID:181;ref:ZZLkpUnitStandardType:ZZUnitStandardType:3
*,3886,Y,ZZUnitStandard:ZZUnitStandard_ID:2737;ZZLearnership:ZZLearnership_ID:181;ref:ZZLkpUnitStandardType:ZZUnitStandardType:3
*,3887,Y,ZZUnitStandard:ZZUnitStandard_ID:2738;ZZLearnership:ZZLearnership_ID:181;ref:ZZLkpUnitStandardType:ZZUnitStandardType:3
*,3888,Y,ZZUnitStandard:ZZUnitStandard_ID:2739;ZZLearnership:ZZLearnership_ID:181;ref:ZZLkpUnitStandardType:ZZUnitStandardType:3
*,3889,Y,ZZUnitStandard:ZZUnitStandard_ID:2740;ZZLearnership:ZZLearnership_ID:181;ref:ZZLkpUnitStandardType:ZZUnitStandardType:1
*,3890,Y,ZZUnitStandard:ZZUnitStandard_ID:2741;ZZLearnership:ZZLearnership_ID:181;ref:ZZLkpUnitStandardType:ZZUnitStandardType:1
*,3891,Y,ZZUnitStandard:ZZUnitStandard_ID:2742;ZZLearnership:ZZLearnership_ID:181;ref:ZZLkpUnitStandardType:ZZUnitStandardType:3
*,3892,Y,ZZUnitStandard:ZZUnitStandard_ID:2743;ZZLearnership:ZZLearnership_ID:181;ref:ZZLkpUnitStandardType:ZZUnitStandardType:3
*,3893,Y,ZZUnitStandard:ZZUnitStandard_ID:2744;ZZLearnership:ZZLearnership_ID:181;ref:ZZLkpUnitStandardType:ZZUnitStandardType:3
*,3894,Y,ZZUnitStandard:ZZUnitStandard_ID:2745;ZZLearnership:ZZLearnership_ID:181;ref:ZZLkpUnitStandardType:ZZUnitStandardType:3
*,3895,Y,ZZUnitStandard:ZZUnitStandard_ID:2746;ZZLearnership:ZZLearnership_ID:181;ref:ZZLkpUnitStandardType:ZZUnitStandardType:3
*,3896,Y,ZZUnitStandard:ZZUnitStandard_ID:2747;ZZLearnership:ZZLearnership_ID:181;ref:ZZLkpUnitStandardType:ZZUnitStandardType:1
*,3897,Y,ZZUnitStandard:ZZUnitStandard_ID:2748;ZZLearnership:ZZLearnership_ID:181;ref:ZZLkpUnitStandardType:ZZUnitStandardType:3
*,3898,Y,ZZUnitStandard:ZZUnitStandard_ID:2749;ZZLearnership:ZZLearnership_ID:181;ref:ZZLkpUnitStandardType:ZZUnitStandardType:3
*,3899,Y,ZZUnitStandard:ZZUnitStandard_ID:2750;ZZLearnership:ZZLearnership_ID:181;ref:ZZLkpUnitStandardType:ZZUnitStandardType:3
*,3900,Y,ZZUnitStandard:ZZUnitStandard_ID:2751;ZZLearnership:ZZLearnership_ID:181;ref:ZZLkpUnitStandardType:ZZUnitStandardType:3
*,3901,Y,ZZUnitStandard:ZZUnitStandard_ID:699;ZZLearnership:ZZLearnership_ID:182;ref:ZZLkpUnitStandardType:ZZUnitStandardType:1
*,3902,Y,ZZUnitStandard:ZZUnitStandard_ID:820;ZZLearnership:ZZLearnership_ID:182;ref:ZZLkpUnitStandardType:ZZUnitStandardType:3
*,3903,Y,ZZUnitStandard:ZZUnitStandard_ID:986;ZZLearnership:ZZLearnership_ID:182;ref:ZZLkpUnitStandardType:ZZUnitStandardType:1
*,3904,Y,ZZUnitStandard:ZZUnitStandard_ID:1189;ZZLearnership:ZZLearnership_ID:182;ref:ZZLkpUnitStandardType:ZZUnitStandardType:2
*,3905,Y,ZZUnitStandard:ZZUnitStandard_ID:1197;ZZLearnership:ZZLearnership_ID:182;ref:ZZLkpUnitStandardType:ZZUnitStandardType:2
*,3906,Y,ZZUnitStandard:ZZUnitStandard_ID:1198;ZZLearnership:ZZLearnership_ID:182;ref:ZZLkpUnitStandardType:ZZUnitStandardType:2
*,3907,Y,ZZUnitStandard:ZZUnitStandard_ID:1241;ZZLearnership:ZZLearnership_ID:182;ref:ZZLkpUnitStandardType:ZZUnitStandardType:3
*,3908,Y,ZZUnitStandard:ZZUnitStandard_ID:1277;ZZLearnership:ZZLearnership_ID:182;ref:ZZLkpUnitStandardType:ZZUnitStandardType:3
*,3909,Y,ZZUnitStandard:ZZUnitStandard_ID:1278;ZZLearnership:ZZLearnership_ID:182;ref:ZZLkpUnitStandardType:ZZUnitStandardType:3
*,3910,Y,ZZUnitStandard:ZZUnitStandard_ID:1571;ZZLearnership:ZZLearnership_ID:182;ref:ZZLkpUnitStandardType:ZZUnitStandardType:3
*,3911,Y,ZZUnitStandard:ZZUnitStandard_ID:2201;ZZLearnership:ZZLearnership_ID:182;ref:ZZLkpUnitStandardType:ZZUnitStandardType:2
*,3912,Y,ZZUnitStandard:ZZUnitStandard_ID:2202;ZZLearnership:ZZLearnership_ID:182;ref:ZZLkpUnitStandardType:ZZUnitStandardType:2
*,3913,Y,ZZUnitStandard:ZZUnitStandard_ID:2214;ZZLearnership:ZZLearnership_ID:182;ref:ZZLkpUnitStandardType:ZZUnitStandardType:2
*,3914,Y,ZZUnitStandard:ZZUnitStandard_ID:2215;ZZLearnership:ZZLearnership_ID:182;ref:ZZLkpUnitStandardType:ZZUnitStandardType:2
*,3915,Y,ZZUnitStandard:ZZUnitStandard_ID:2217;ZZLearnership:ZZLearnership_ID:182;ref:ZZLkpUnitStandardType:ZZUnitStandardType:2
*,3916,Y,ZZUnitStandard:ZZUnitStandard_ID:2218;ZZLearnership:ZZLearnership_ID:182;ref:ZZLkpUnitStandardType:ZZUnitStandardType:2
*,3917,Y,ZZUnitStandard:ZZUnitStandard_ID:2221;ZZLearnership:ZZLearnership_ID:182;ref:ZZLkpUnitStandardType:ZZUnitStandardType:2
*,3918,Y,ZZUnitStandard:ZZUnitStandard_ID:2406;ZZLearnership:ZZLearnership_ID:182;ref:ZZLkpUnitStandardType:ZZUnitStandardType:2
*,3919,Y,ZZUnitStandard:ZZUnitStandard_ID:3661;ZZLearnership:ZZLearnership_ID:182;ref:ZZLkpUnitStandardType:ZZUnitStandardType:1
*,3920,Y,ZZUnitStandard:ZZUnitStandard_ID:3662;ZZLearnership:ZZLearnership_ID:182;ref:ZZLkpUnitStandardType:ZZUnitStandardType:1
*,3921,Y,ZZUnitStandard:ZZUnitStandard_ID:3663;ZZLearnership:ZZLearnership_ID:182;ref:ZZLkpUnitStandardType:ZZUnitStandardType:1
*,3922,Y,ZZUnitStandard:ZZUnitStandard_ID:3664;ZZLearnership:ZZLearnership_ID:182;ref:ZZLkpUnitStandardType:ZZUnitStandardType:1
*,3923,Y,ZZUnitStandard:ZZUnitStandard_ID:3665;ZZLearnership:ZZLearnership_ID:182;ref:ZZLkpUnitStandardType:ZZUnitStandardType:1
*,3924,Y,ZZUnitStandard:ZZUnitStandard_ID:3666;ZZLearnership:ZZLearnership_ID:182;ref:ZZLkpUnitStandardType:ZZUnitStandardType:1
*,3925,Y,ZZUnitStandard:ZZUnitStandard_ID:3667;ZZLearnership:ZZLearnership_ID:182;ref:ZZLkpUnitStandardType:ZZUnitStandardType:1
*,3926,Y,ZZUnitStandard:ZZUnitStandard_ID:3668;ZZLearnership:ZZLearnership_ID:182;ref:ZZLkpUnitStandardType:ZZUnitStandardType:1
*,3927,Y,ZZUnitStandard:ZZUnitStandard_ID:3669;ZZLearnership:ZZLearnership_ID:182;ref:ZZLkpUnitStandardType:ZZUnitStandardType:1
*,3928,Y,ZZUnitStandard:ZZUnitStandard_ID:3675;ZZLearnership:ZZLearnership_ID:182;ref:ZZLkpUnitStandardType:ZZUnitStandardType:3
*,3929,Y,ZZUnitStandard:ZZUnitStandard_ID:3678;ZZLearnership:ZZLearnership_ID:182;ref:ZZLkpUnitStandardType:ZZUnitStandardType:3
*,3930,Y,ZZUnitStandard:ZZUnitStandard_ID:3679;ZZLearnership:ZZLearnership_ID:182;ref:ZZLkpUnitStandardType:ZZUnitStandardType:3
*,3931,Y,ZZUnitStandard:ZZUnitStandard_ID:3682;ZZLearnership:ZZLearnership_ID:182;ref:ZZLkpUnitStandardType:ZZUnitStandardType:3
*,3932,Y,ZZUnitStandard:ZZUnitStandard_ID:3689;ZZLearnership:ZZLearnership_ID:182;ref:ZZLkpUnitStandardType:ZZUnitStandardType:3
*,3933,Y,ZZUnitStandard:ZZUnitStandard_ID:699;ZZLearnership:ZZLearnership_ID:183;ref:ZZLkpUnitStandardType:ZZUnitStandardType:1
*,3934,Y,ZZUnitStandard:ZZUnitStandard_ID:919;ZZLearnership:ZZLearnership_ID:183;ref:ZZLkpUnitStandardType:ZZUnitStandardType:1
*,3935,Y,ZZUnitStandard:ZZUnitStandard_ID:922;ZZLearnership:ZZLearnership_ID:183;ref:ZZLkpUnitStandardType:ZZUnitStandardType:1
*,3936,Y,ZZUnitStandard:ZZUnitStandard_ID:930;ZZLearnership:ZZLearnership_ID:183;ref:ZZLkpUnitStandardType:ZZUnitStandardType:1
*,3937,Y,ZZUnitStandard:ZZUnitStandard_ID:980;ZZLearnership:ZZLearnership_ID:183;ref:ZZLkpUnitStandardType:ZZUnitStandardType:1
*,3938,Y,ZZUnitStandard:ZZUnitStandard_ID:987;ZZLearnership:ZZLearnership_ID:183;ref:ZZLkpUnitStandardType:ZZUnitStandardType:1
*,3939,Y,ZZUnitStandard:ZZUnitStandard_ID:1188;ZZLearnership:ZZLearnership_ID:183;ref:ZZLkpUnitStandardType:ZZUnitStandardType:2
*,3940,Y,ZZUnitStandard:ZZUnitStandard_ID:1190;ZZLearnership:ZZLearnership_ID:183;ref:ZZLkpUnitStandardType:ZZUnitStandardType:2
*,3941,Y,ZZUnitStandard:ZZUnitStandard_ID:1196;ZZLearnership:ZZLearnership_ID:183;ref:ZZLkpUnitStandardType:ZZUnitStandardType:2
*,3942,Y,ZZUnitStandard:ZZUnitStandard_ID:1518;ZZLearnership:ZZLearnership_ID:183;ref:ZZLkpUnitStandardType:ZZUnitStandardType:2
*,3943,Y,ZZUnitStandard:ZZUnitStandard_ID:1543;ZZLearnership:ZZLearnership_ID:183;ref:ZZLkpUnitStandardType:ZZUnitStandardType:1
*,3944,Y,ZZUnitStandard:ZZUnitStandard_ID:2201;ZZLearnership:ZZLearnership_ID:183;ref:ZZLkpUnitStandardType:ZZUnitStandardType:2
*,3945,Y,ZZUnitStandard:ZZUnitStandard_ID:2202;ZZLearnership:ZZLearnership_ID:183;ref:ZZLkpUnitStandardType:ZZUnitStandardType:2
*,3946,Y,ZZUnitStandard:ZZUnitStandard_ID:2218;ZZLearnership:ZZLearnership_ID:183;ref:ZZLkpUnitStandardType:ZZUnitStandardType:2
*,3947,Y,ZZUnitStandard:ZZUnitStandard_ID:2221;ZZLearnership:ZZLearnership_ID:183;ref:ZZLkpUnitStandardType:ZZUnitStandardType:2
*,3948,Y,ZZUnitStandard:ZZUnitStandard_ID:2356;ZZLearnership:ZZLearnership_ID:183;ref:ZZLkpUnitStandardType:ZZUnitStandardType:3
*,3949,Y,ZZUnitStandard:ZZUnitStandard_ID:3361;ZZLearnership:ZZLearnership_ID:183;ref:ZZLkpUnitStandardType:ZZUnitStandardType:1
*,3950,Y,ZZUnitStandard:ZZUnitStandard_ID:3364;ZZLearnership:ZZLearnership_ID:183;ref:ZZLkpUnitStandardType:ZZUnitStandardType:3
*,3951,Y,ZZUnitStandard:ZZUnitStandard_ID:3365;ZZLearnership:ZZLearnership_ID:183;ref:ZZLkpUnitStandardType:ZZUnitStandardType:1
*,3952,Y,ZZUnitStandard:ZZUnitStandard_ID:3370;ZZLearnership:ZZLearnership_ID:183;ref:ZZLkpUnitStandardType:ZZUnitStandardType:3
*,3953,Y,ZZUnitStandard:ZZUnitStandard_ID:3371;ZZLearnership:ZZLearnership_ID:183;ref:ZZLkpUnitStandardType:ZZUnitStandardType:1
*,3954,Y,ZZUnitStandard:ZZUnitStandard_ID:3372;ZZLearnership:ZZLearnership_ID:183;ref:ZZLkpUnitStandardType:ZZUnitStandardType:1
*,3955,Y,ZZUnitStandard:ZZUnitStandard_ID:3377;ZZLearnership:ZZLearnership_ID:183;ref:ZZLkpUnitStandardType:ZZUnitStandardType:1
*,3956,Y,ZZUnitStandard:ZZUnitStandard_ID:3383;ZZLearnership:ZZLearnership_ID:183;ref:ZZLkpUnitStandardType:ZZUnitStandardType:1
*,3957,Y,ZZUnitStandard:ZZUnitStandard_ID:3485;ZZLearnership:ZZLearnership_ID:183;ref:ZZLkpUnitStandardType:ZZUnitStandardType:3
*,3958,Y,ZZUnitStandard:ZZUnitStandard_ID:3487;ZZLearnership:ZZLearnership_ID:183;ref:ZZLkpUnitStandardType:ZZUnitStandardType:3
*,3959,Y,ZZUnitStandard:ZZUnitStandard_ID:3491;ZZLearnership:ZZLearnership_ID:183;ref:ZZLkpUnitStandardType:ZZUnitStandardType:3
*,3960,Y,ZZUnitStandard:ZZUnitStandard_ID:3494;ZZLearnership:ZZLearnership_ID:183;ref:ZZLkpUnitStandardType:ZZUnitStandardType:3
*,3961,Y,ZZUnitStandard:ZZUnitStandard_ID:3512;ZZLearnership:ZZLearnership_ID:183;ref:ZZLkpUnitStandardType:ZZUnitStandardType:3
*,3962,Y,ZZUnitStandard:ZZUnitStandard_ID:3517;ZZLearnership:ZZLearnership_ID:183;ref:ZZLkpUnitStandardType:ZZUnitStandardType:3
*,3963,Y,ZZUnitStandard:ZZUnitStandard_ID:3524;ZZLearnership:ZZLearnership_ID:183;ref:ZZLkpUnitStandardType:ZZUnitStandardType:3
*,3964,Y,ZZUnitStandard:ZZUnitStandard_ID:3915;ZZLearnership:ZZLearnership_ID:183;ref:ZZLkpUnitStandardType:ZZUnitStandardType:3
*,3965,Y,ZZUnitStandard:ZZUnitStandard_ID:212;ZZLearnership:ZZLearnership_ID:184;ref:ZZLkpUnitStandardType:ZZUnitStandardType:1
*,3966,Y,ZZUnitStandard:ZZUnitStandard_ID:213;ZZLearnership:ZZLearnership_ID:184;ref:ZZLkpUnitStandardType:ZZUnitStandardType:1
*,3967,Y,ZZUnitStandard:ZZUnitStandard_ID:215;ZZLearnership:ZZLearnership_ID:184;ref:ZZLkpUnitStandardType:ZZUnitStandardType:1
*,3968,Y,ZZUnitStandard:ZZUnitStandard_ID:438;ZZLearnership:ZZLearnership_ID:184;ref:ZZLkpUnitStandardType:ZZUnitStandardType:1
*,3969,Y,ZZUnitStandard:ZZUnitStandard_ID:440;ZZLearnership:ZZLearnership_ID:184;ref:ZZLkpUnitStandardType:ZZUnitStandardType:1
*,3970,Y,ZZUnitStandard:ZZUnitStandard_ID:441;ZZLearnership:ZZLearnership_ID:184;ref:ZZLkpUnitStandardType:ZZUnitStandardType:1
*,3971,Y,ZZUnitStandard:ZZUnitStandard_ID:442;ZZLearnership:ZZLearnership_ID:184;ref:ZZLkpUnitStandardType:ZZUnitStandardType:1
*,3972,Y,ZZUnitStandard:ZZUnitStandard_ID:443;ZZLearnership:ZZLearnership_ID:184;ref:ZZLkpUnitStandardType:ZZUnitStandardType:1
*,3973,Y,ZZUnitStandard:ZZUnitStandard_ID:444;ZZLearnership:ZZLearnership_ID:184;ref:ZZLkpUnitStandardType:ZZUnitStandardType:1
*,3974,Y,ZZUnitStandard:ZZUnitStandard_ID:445;ZZLearnership:ZZLearnership_ID:184;ref:ZZLkpUnitStandardType:ZZUnitStandardType:1
*,3975,Y,ZZUnitStandard:ZZUnitStandard_ID:490;ZZLearnership:ZZLearnership_ID:184;ref:ZZLkpUnitStandardType:ZZUnitStandardType:1
*,3976,Y,ZZUnitStandard:ZZUnitStandard_ID:695;ZZLearnership:ZZLearnership_ID:184;ref:ZZLkpUnitStandardType:ZZUnitStandardType:1
*,3977,Y,ZZUnitStandard:ZZUnitStandard_ID:770;ZZLearnership:ZZLearnership_ID:184;ref:ZZLkpUnitStandardType:ZZUnitStandardType:1
*,3978,Y,ZZUnitStandard:ZZUnitStandard_ID:862;ZZLearnership:ZZLearnership_ID:184;ref:ZZLkpUnitStandardType:ZZUnitStandardType:3
*,3979,Y,ZZUnitStandard:ZZUnitStandard_ID:919;ZZLearnership:ZZLearnership_ID:184;ref:ZZLkpUnitStandardType:ZZUnitStandardType:1
*,3980,Y,ZZUnitStandard:ZZUnitStandard_ID:922;ZZLearnership:ZZLearnership_ID:184;ref:ZZLkpUnitStandardType:ZZUnitStandardType:1
*,3981,Y,ZZUnitStandard:ZZUnitStandard_ID:930;ZZLearnership:ZZLearnership_ID:184;ref:ZZLkpUnitStandardType:ZZUnitStandardType:1
*,3982,Y,ZZUnitStandard:ZZUnitStandard_ID:980;ZZLearnership:ZZLearnership_ID:184;ref:ZZLkpUnitStandardType:ZZUnitStandardType:1
*,3983,Y,ZZUnitStandard:ZZUnitStandard_ID:981;ZZLearnership:ZZLearnership_ID:184;ref:ZZLkpUnitStandardType:ZZUnitStandardType:1
*,3984,Y,ZZUnitStandard:ZZUnitStandard_ID:983;ZZLearnership:ZZLearnership_ID:184;ref:ZZLkpUnitStandardType:ZZUnitStandardType:1
*,3985,Y,ZZUnitStandard:ZZUnitStandard_ID:985;ZZLearnership:ZZLearnership_ID:184;ref:ZZLkpUnitStandardType:ZZUnitStandardType:1
*,3986,Y,ZZUnitStandard:ZZUnitStandard_ID:1161;ZZLearnership:ZZLearnership_ID:184;ref:ZZLkpUnitStandardType:ZZUnitStandardType:2
*,3987,Y,ZZUnitStandard:ZZUnitStandard_ID:1162;ZZLearnership:ZZLearnership_ID:184;ref:ZZLkpUnitStandardType:ZZUnitStandardType:2
*,3988,Y,ZZUnitStandard:ZZUnitStandard_ID:1163;ZZLearnership:ZZLearnership_ID:184;ref:ZZLkpUnitStandardType:ZZUnitStandardType:2
*,3989,Y,ZZUnitStandard:ZZUnitStandard_ID:1185;ZZLearnership:ZZLearnership_ID:184;ref:ZZLkpUnitStandardType:ZZUnitStandardType:2
*,3990,Y,ZZUnitStandard:ZZUnitStandard_ID:1186;ZZLearnership:ZZLearnership_ID:184;ref:ZZLkpUnitStandardType:ZZUnitStandardType:2
*,3991,Y,ZZUnitStandard:ZZUnitStandard_ID:1189;ZZLearnership:ZZLearnership_ID:184;ref:ZZLkpUnitStandardType:ZZUnitStandardType:2
*,3992,Y,ZZUnitStandard:ZZUnitStandard_ID:1194;ZZLearnership:ZZLearnership_ID:184;ref:ZZLkpUnitStandardType:ZZUnitStandardType:2
*,3993,Y,ZZUnitStandard:ZZUnitStandard_ID:1197;ZZLearnership:ZZLearnership_ID:184;ref:ZZLkpUnitStandardType:ZZUnitStandardType:2
*,3994,Y,ZZUnitStandard:ZZUnitStandard_ID:1198;ZZLearnership:ZZLearnership_ID:184;ref:ZZLkpUnitStandardType:ZZUnitStandardType:2
*,3995,Y,ZZUnitStandard:ZZUnitStandard_ID:1514;ZZLearnership:ZZLearnership_ID:184;ref:ZZLkpUnitStandardType:ZZUnitStandardType:2
*,3996,Y,ZZUnitStandard:ZZUnitStandard_ID:1516;ZZLearnership:ZZLearnership_ID:184;ref:ZZLkpUnitStandardType:ZZUnitStandardType:2
*,3997,Y,ZZUnitStandard:ZZUnitStandard_ID:1766;ZZLearnership:ZZLearnership_ID:184;ref:ZZLkpUnitStandardType:ZZUnitStandardType:2
*,3998,Y,ZZUnitStandard:ZZUnitStandard_ID:2201;ZZLearnership:ZZLearnership_ID:184;ref:ZZLkpUnitStandardType:ZZUnitStandardType:2
*,3999,Y,ZZUnitStandard:ZZUnitStandard_ID:2202;ZZLearnership:ZZLearnership_ID:184;ref:ZZLkpUnitStandardType:ZZUnitStandardType:2
*,4000,Y,ZZUnitStandard:ZZUnitStandard_ID:2214;ZZLearnership:ZZLearnership_ID:184;ref:ZZLkpUnitStandardType:ZZUnitStandardType:2
*,4001,Y,ZZUnitStandard:ZZUnitStandard_ID:2215;ZZLearnership:ZZLearnership_ID:184;ref:ZZLkpUnitStandardType:ZZUnitStandardType:2
*,4002,Y,ZZUnitStandard:ZZUnitStandard_ID:2217;ZZLearnership:ZZLearnership_ID:184;ref:ZZLkpUnitStandardType:ZZUnitStandardType:2
*,4003,Y,ZZUnitStandard:ZZUnitStandard_ID:2218;ZZLearnership:ZZLearnership_ID:184;ref:ZZLkpUnitStandardType:ZZUnitStandardType:2
*,4004,Y,ZZUnitStandard:ZZUnitStandard_ID:2221;ZZLearnership:ZZLearnership_ID:184;ref:ZZLkpUnitStandardType:ZZUnitStandardType:2
*,4005,Y,ZZUnitStandard:ZZUnitStandard_ID:2406;ZZLearnership:ZZLearnership_ID:184;ref:ZZLkpUnitStandardType:ZZUnitStandardType:2
*,4006,Y,ZZUnitStandard:ZZUnitStandard_ID:2578;ZZLearnership:ZZLearnership_ID:184;ref:ZZLkpUnitStandardType:ZZUnitStandardType:1
*,4007,Y,ZZUnitStandard:ZZUnitStandard_ID:2604;ZZLearnership:ZZLearnership_ID:184;ref:ZZLkpUnitStandardType:ZZUnitStandardType:3
*,4008,Y,ZZUnitStandard:ZZUnitStandard_ID:2909;ZZLearnership:ZZLearnership_ID:184;ref:ZZLkpUnitStandardType:ZZUnitStandardType:1
*,4009,Y,ZZUnitStandard:ZZUnitStandard_ID:3046;ZZLearnership:ZZLearnership_ID:184;ref:ZZLkpUnitStandardType:ZZUnitStandardType:1
*,4010,Y,ZZUnitStandard:ZZUnitStandard_ID:3048;ZZLearnership:ZZLearnership_ID:184;ref:ZZLkpUnitStandardType:ZZUnitStandardType:3
*,4011,Y,ZZUnitStandard:ZZUnitStandard_ID:3083;ZZLearnership:ZZLearnership_ID:184;ref:ZZLkpUnitStandardType:ZZUnitStandardType:3
*,4012,Y,ZZUnitStandard:ZZUnitStandard_ID:3139;ZZLearnership:ZZLearnership_ID:184;ref:ZZLkpUnitStandardType:ZZUnitStandardType:3
*,4013,Y,ZZUnitStandard:ZZUnitStandard_ID:3140;ZZLearnership:ZZLearnership_ID:184;ref:ZZLkpUnitStandardType:ZZUnitStandardType:3
*,4014,Y,ZZUnitStandard:ZZUnitStandard_ID:3142;ZZLearnership:ZZLearnership_ID:184;ref:ZZLkpUnitStandardType:ZZUnitStandardType:3
*,4015,Y,ZZUnitStandard:ZZUnitStandard_ID:3143;ZZLearnership:ZZLearnership_ID:184;ref:ZZLkpUnitStandardType:ZZUnitStandardType:3
*,4016,Y,ZZUnitStandard:ZZUnitStandard_ID:3144;ZZLearnership:ZZLearnership_ID:184;ref:ZZLkpUnitStandardType:ZZUnitStandardType:3
*,4017,Y,ZZUnitStandard:ZZUnitStandard_ID:3145;ZZLearnership:ZZLearnership_ID:184;ref:ZZLkpUnitStandardType:ZZUnitStandardType:3
*,4018,Y,ZZUnitStandard:ZZUnitStandard_ID:3148;ZZLearnership:ZZLearnership_ID:184;ref:ZZLkpUnitStandardType:ZZUnitStandardType:1
*,4019,Y,ZZUnitStandard:ZZUnitStandard_ID:3149;ZZLearnership:ZZLearnership_ID:184;ref:ZZLkpUnitStandardType:ZZUnitStandardType:1
*,4020,Y,ZZUnitStandard:ZZUnitStandard_ID:3150;ZZLearnership:ZZLearnership_ID:184;ref:ZZLkpUnitStandardType:ZZUnitStandardType:3
*,4021,Y,ZZUnitStandard:ZZUnitStandard_ID:3161;ZZLearnership:ZZLearnership_ID:184;ref:ZZLkpUnitStandardType:ZZUnitStandardType:3
*,4022,Y,ZZUnitStandard:ZZUnitStandard_ID:3162;ZZLearnership:ZZLearnership_ID:184;ref:ZZLkpUnitStandardType:ZZUnitStandardType:3
*,4023,Y,ZZUnitStandard:ZZUnitStandard_ID:3163;ZZLearnership:ZZLearnership_ID:184;ref:ZZLkpUnitStandardType:ZZUnitStandardType:3
*,4024,Y,ZZUnitStandard:ZZUnitStandard_ID:3258;ZZLearnership:ZZLearnership_ID:184;ref:ZZLkpUnitStandardType:ZZUnitStandardType:1
*,4025,Y,ZZUnitStandard:ZZUnitStandard_ID:3262;ZZLearnership:ZZLearnership_ID:184;ref:ZZLkpUnitStandardType:ZZUnitStandardType:3
*,4026,Y,ZZUnitStandard:ZZUnitStandard_ID:3263;ZZLearnership:ZZLearnership_ID:184;ref:ZZLkpUnitStandardType:ZZUnitStandardType:3
*,4027,Y,ZZUnitStandard:ZZUnitStandard_ID:136;ZZLearnership:ZZLearnership_ID:185;ref:ZZLkpUnitStandardType:ZZUnitStandardType:3
*,4028,Y,ZZUnitStandard:ZZUnitStandard_ID:137;ZZLearnership:ZZLearnership_ID:185;ref:ZZLkpUnitStandardType:ZZUnitStandardType:3
*,4029,Y,ZZUnitStandard:ZZUnitStandard_ID:138;ZZLearnership:ZZLearnership_ID:185;ref:ZZLkpUnitStandardType:ZZUnitStandardType:3
*,4030,Y,ZZUnitStandard:ZZUnitStandard_ID:139;ZZLearnership:ZZLearnership_ID:185;ref:ZZLkpUnitStandardType:ZZUnitStandardType:3
*,4031,Y,ZZUnitStandard:ZZUnitStandard_ID:140;ZZLearnership:ZZLearnership_ID:185;ref:ZZLkpUnitStandardType:ZZUnitStandardType:3
*,4032,Y,ZZUnitStandard:ZZUnitStandard_ID:141;ZZLearnership:ZZLearnership_ID:185;ref:ZZLkpUnitStandardType:ZZUnitStandardType:3
*,4033,Y,ZZUnitStandard:ZZUnitStandard_ID:142;ZZLearnership:ZZLearnership_ID:185;ref:ZZLkpUnitStandardType:ZZUnitStandardType:3
*,4034,Y,ZZUnitStandard:ZZUnitStandard_ID:143;ZZLearnership:ZZLearnership_ID:185;ref:ZZLkpUnitStandardType:ZZUnitStandardType:1
*,4035,Y,ZZUnitStandard:ZZUnitStandard_ID:494;ZZLearnership:ZZLearnership_ID:185;ref:ZZLkpUnitStandardType:ZZUnitStandardType:1
*,4036,Y,ZZUnitStandard:ZZUnitStandard_ID:496;ZZLearnership:ZZLearnership_ID:185;ref:ZZLkpUnitStandardType:ZZUnitStandardType:3
*,4037,Y,ZZUnitStandard:ZZUnitStandard_ID:497;ZZLearnership:ZZLearnership_ID:185;ref:ZZLkpUnitStandardType:ZZUnitStandardType:1
*,4038,Y,ZZUnitStandard:ZZUnitStandard_ID:499;ZZLearnership:ZZLearnership_ID:185;ref:ZZLkpUnitStandardType:ZZUnitStandardType:3
*,4039,Y,ZZUnitStandard:ZZUnitStandard_ID:646;ZZLearnership:ZZLearnership_ID:185;ref:ZZLkpUnitStandardType:ZZUnitStandardType:1
*,4040,Y,ZZUnitStandard:ZZUnitStandard_ID:647;ZZLearnership:ZZLearnership_ID:185;ref:ZZLkpUnitStandardType:ZZUnitStandardType:3
*,4041,Y,ZZUnitStandard:ZZUnitStandard_ID:1189;ZZLearnership:ZZLearnership_ID:185;ref:ZZLkpUnitStandardType:ZZUnitStandardType:2
*,4042,Y,ZZUnitStandard:ZZUnitStandard_ID:1191;ZZLearnership:ZZLearnership_ID:185;ref:ZZLkpUnitStandardType:ZZUnitStandardType:2
*,4043,Y,ZZUnitStandard:ZZUnitStandard_ID:1197;ZZLearnership:ZZLearnership_ID:185;ref:ZZLkpUnitStandardType:ZZUnitStandardType:2
*,4044,Y,ZZUnitStandard:ZZUnitStandard_ID:1312;ZZLearnership:ZZLearnership_ID:185;ref:ZZLkpUnitStandardType:ZZUnitStandardType:1
*,4045,Y,ZZUnitStandard:ZZUnitStandard_ID:1313;ZZLearnership:ZZLearnership_ID:185;ref:ZZLkpUnitStandardType:ZZUnitStandardType:3
*,4046,Y,ZZUnitStandard:ZZUnitStandard_ID:1314;ZZLearnership:ZZLearnership_ID:185;ref:ZZLkpUnitStandardType:ZZUnitStandardType:3
*,4047,Y,ZZUnitStandard:ZZUnitStandard_ID:2013;ZZLearnership:ZZLearnership_ID:185;ref:ZZLkpUnitStandardType:ZZUnitStandardType:3
*,4048,Y,ZZUnitStandard:ZZUnitStandard_ID:2014;ZZLearnership:ZZLearnership_ID:185;ref:ZZLkpUnitStandardType:ZZUnitStandardType:3
*,4049,Y,ZZUnitStandard:ZZUnitStandard_ID:2201;ZZLearnership:ZZLearnership_ID:185;ref:ZZLkpUnitStandardType:ZZUnitStandardType:2
*,4050,Y,ZZUnitStandard:ZZUnitStandard_ID:2202;ZZLearnership:ZZLearnership_ID:185;ref:ZZLkpUnitStandardType:ZZUnitStandardType:2
*,4051,Y,ZZUnitStandard:ZZUnitStandard_ID:2214;ZZLearnership:ZZLearnership_ID:185;ref:ZZLkpUnitStandardType:ZZUnitStandardType:2
*,4052,Y,ZZUnitStandard:ZZUnitStandard_ID:2215;ZZLearnership:ZZLearnership_ID:185;ref:ZZLkpUnitStandardType:ZZUnitStandardType:2
*,4053,Y,ZZUnitStandard:ZZUnitStandard_ID:2217;ZZLearnership:ZZLearnership_ID:185;ref:ZZLkpUnitStandardType:ZZUnitStandardType:2
*,4054,Y,ZZUnitStandard:ZZUnitStandard_ID:2218;ZZLearnership:ZZLearnership_ID:185;ref:ZZLkpUnitStandardType:ZZUnitStandardType:2
*,4055,Y,ZZUnitStandard:ZZUnitStandard_ID:2221;ZZLearnership:ZZLearnership_ID:185;ref:ZZLkpUnitStandardType:ZZUnitStandardType:2
*,4056,Y,ZZUnitStandard:ZZUnitStandard_ID:2406;ZZLearnership:ZZLearnership_ID:185;ref:ZZLkpUnitStandardType:ZZUnitStandardType:2
*,4057,Y,ZZUnitStandard:ZZUnitStandard_ID:927;ZZLearnership:ZZLearnership_ID:186;ref:ZZLkpUnitStandardType:ZZUnitStandardType:1
*,4058,Y,ZZUnitStandard:ZZUnitStandard_ID:1188;ZZLearnership:ZZLearnership_ID:186;ref:ZZLkpUnitStandardType:ZZUnitStandardType:2
*,4059,Y,ZZUnitStandard:ZZUnitStandard_ID:1190;ZZLearnership:ZZLearnership_ID:186;ref:ZZLkpUnitStandardType:ZZUnitStandardType:2
*,4060,Y,ZZUnitStandard:ZZUnitStandard_ID:1196;ZZLearnership:ZZLearnership_ID:186;ref:ZZLkpUnitStandardType:ZZUnitStandardType:2
*,4061,Y,ZZUnitStandard:ZZUnitStandard_ID:1518;ZZLearnership:ZZLearnership_ID:186;ref:ZZLkpUnitStandardType:ZZUnitStandardType:2
*,4062,Y,ZZUnitStandard:ZZUnitStandard_ID:1728;ZZLearnership:ZZLearnership_ID:186;ref:ZZLkpUnitStandardType:ZZUnitStandardType:3
*,4063,Y,ZZUnitStandard:ZZUnitStandard_ID:1884;ZZLearnership:ZZLearnership_ID:186;ref:ZZLkpUnitStandardType:ZZUnitStandardType:1
*,4064,Y,ZZUnitStandard:ZZUnitStandard_ID:1952;ZZLearnership:ZZLearnership_ID:186;ref:ZZLkpUnitStandardType:ZZUnitStandardType:3
*,4065,Y,ZZUnitStandard:ZZUnitStandard_ID:2147;ZZLearnership:ZZLearnership_ID:186;ref:ZZLkpUnitStandardType:ZZUnitStandardType:3
*,4066,Y,ZZUnitStandard:ZZUnitStandard_ID:2187;ZZLearnership:ZZLearnership_ID:186;ref:ZZLkpUnitStandardType:ZZUnitStandardType:1
*,4067,Y,ZZUnitStandard:ZZUnitStandard_ID:2201;ZZLearnership:ZZLearnership_ID:186;ref:ZZLkpUnitStandardType:ZZUnitStandardType:2
*,4068,Y,ZZUnitStandard:ZZUnitStandard_ID:2202;ZZLearnership:ZZLearnership_ID:186;ref:ZZLkpUnitStandardType:ZZUnitStandardType:2
*,4069,Y,ZZUnitStandard:ZZUnitStandard_ID:2218;ZZLearnership:ZZLearnership_ID:186;ref:ZZLkpUnitStandardType:ZZUnitStandardType:2
*,4070,Y,ZZUnitStandard:ZZUnitStandard_ID:2221;ZZLearnership:ZZLearnership_ID:186;ref:ZZLkpUnitStandardType:ZZUnitStandardType:2
*,4071,Y,ZZUnitStandard:ZZUnitStandard_ID:2266;ZZLearnership:ZZLearnership_ID:186;ref:ZZLkpUnitStandardType:ZZUnitStandardType:1
*,4072,Y,ZZUnitStandard:ZZUnitStandard_ID:2513;ZZLearnership:ZZLearnership_ID:186;ref:ZZLkpUnitStandardType:ZZUnitStandardType:1
*,4073,Y,ZZUnitStandard:ZZUnitStandard_ID:2890;ZZLearnership:ZZLearnership_ID:186;ref:ZZLkpUnitStandardType:ZZUnitStandardType:3
*,4074,Y,ZZUnitStandard:ZZUnitStandard_ID:3011;ZZLearnership:ZZLearnership_ID:186;ref:ZZLkpUnitStandardType:ZZUnitStandardType:3
*,4075,Y,ZZUnitStandard:ZZUnitStandard_ID:3591;ZZLearnership:ZZLearnership_ID:186;ref:ZZLkpUnitStandardType:ZZUnitStandardType:1
*,4076,Y,ZZUnitStandard:ZZUnitStandard_ID:3737;ZZLearnership:ZZLearnership_ID:186;ref:ZZLkpUnitStandardType:ZZUnitStandardType:1
*,4077,Y,ZZUnitStandard:ZZUnitStandard_ID:3738;ZZLearnership:ZZLearnership_ID:186;ref:ZZLkpUnitStandardType:ZZUnitStandardType:1
*,4078,Y,ZZUnitStandard:ZZUnitStandard_ID:3739;ZZLearnership:ZZLearnership_ID:186;ref:ZZLkpUnitStandardType:ZZUnitStandardType:1
*,4079,Y,ZZUnitStandard:ZZUnitStandard_ID:3740;ZZLearnership:ZZLearnership_ID:186;ref:ZZLkpUnitStandardType:ZZUnitStandardType:1
*,4080,Y,ZZUnitStandard:ZZUnitStandard_ID:3741;ZZLearnership:ZZLearnership_ID:186;ref:ZZLkpUnitStandardType:ZZUnitStandardType:1
*,4081,Y,ZZUnitStandard:ZZUnitStandard_ID:3742;ZZLearnership:ZZLearnership_ID:186;ref:ZZLkpUnitStandardType:ZZUnitStandardType:1
*,4082,Y,ZZUnitStandard:ZZUnitStandard_ID:3743;ZZLearnership:ZZLearnership_ID:186;ref:ZZLkpUnitStandardType:ZZUnitStandardType:1
*,4083,Y,ZZUnitStandard:ZZUnitStandard_ID:3744;ZZLearnership:ZZLearnership_ID:186;ref:ZZLkpUnitStandardType:ZZUnitStandardType:1
*,4084,Y,ZZUnitStandard:ZZUnitStandard_ID:3745;ZZLearnership:ZZLearnership_ID:186;ref:ZZLkpUnitStandardType:ZZUnitStandardType:1
*,4085,Y,ZZUnitStandard:ZZUnitStandard_ID:3746;ZZLearnership:ZZLearnership_ID:186;ref:ZZLkpUnitStandardType:ZZUnitStandardType:1
*,4086,Y,ZZUnitStandard:ZZUnitStandard_ID:3747;ZZLearnership:ZZLearnership_ID:186;ref:ZZLkpUnitStandardType:ZZUnitStandardType:3
*,4087,Y,ZZUnitStandard:ZZUnitStandard_ID:3748;ZZLearnership:ZZLearnership_ID:186;ref:ZZLkpUnitStandardType:ZZUnitStandardType:3
*,4088,Y,ZZUnitStandard:ZZUnitStandard_ID:3749;ZZLearnership:ZZLearnership_ID:186;ref:ZZLkpUnitStandardType:ZZUnitStandardType:3
*,4089,Y,ZZUnitStandard:ZZUnitStandard_ID:761;ZZLearnership:ZZLearnership_ID:188;ref:ZZLkpUnitStandardType:ZZUnitStandardType:3
*,4090,Y,ZZUnitStandard:ZZUnitStandard_ID:2745;ZZLearnership:ZZLearnership_ID:192;ref:ZZLkpUnitStandardType:ZZUnitStandardType:3
*,4091,Y,ZZUnitStandard:ZZUnitStandard_ID:761;ZZLearnership:ZZLearnership_ID:215;ref:ZZLkpUnitStandardType:ZZUnitStandardType:3
*,4092,Y,ZZUnitStandard:ZZUnitStandard_ID:104;ZZLearnership:ZZLearnership_ID:216;ref:ZZLkpUnitStandardType:ZZUnitStandardType:3
*,4093,Y,ZZUnitStandard:ZZUnitStandard_ID:761;ZZLearnership:ZZLearnership_ID:216;ref:ZZLkpUnitStandardType:ZZUnitStandardType:3
*,4094,Y,ZZUnitStandard:ZZUnitStandard_ID:104;ZZLearnership:ZZLearnership_ID:217;ref:ZZLkpUnitStandardType:ZZUnitStandardType:3
*,4095,Y,ZZUnitStandard:ZZUnitStandard_ID:761;ZZLearnership:ZZLearnership_ID:217;ref:ZZLkpUnitStandardType:ZZUnitStandardType:3
*,4096,Y,ZZUnitStandard:ZZUnitStandard_ID:104;ZZLearnership:ZZLearnership_ID:218;ref:ZZLkpUnitStandardType:ZZUnitStandardType:3
*,4097,Y,ZZUnitStandard:ZZUnitStandard_ID:761;ZZLearnership:ZZLearnership_ID:218;ref:ZZLkpUnitStandardType:ZZUnitStandardType:3
*,4098,Y,ZZUnitStandard:ZZUnitStandard_ID:2406;ZZLearnership:ZZLearnership_ID:219;ref:ZZLkpUnitStandardType:ZZUnitStandardType:3
*,4099,Y,ZZUnitStandard:ZZUnitStandard_ID:104;ZZLearnership:ZZLearnership_ID:221;ref:ZZLkpUnitStandardType:ZZUnitStandardType:3
*,4100,Y,ZZUnitStandard:ZZUnitStandard_ID:761;ZZLearnership:ZZLearnership_ID:221;ref:ZZLkpUnitStandardType:ZZUnitStandardType:3
*,4101,Y,ZZUnitStandard:ZZUnitStandard_ID:104;ZZLearnership:ZZLearnership_ID:222;ref:ZZLkpUnitStandardType:ZZUnitStandardType:3
*,4102,Y,ZZUnitStandard:ZZUnitStandard_ID:2406;ZZLearnership:ZZLearnership_ID:222;ref:ZZLkpUnitStandardType:ZZUnitStandardType:3
*,4103,Y,ZZUnitStandard:ZZUnitStandard_ID:2773;ZZLearnership:ZZLearnership_ID:223;ref:ZZLkpUnitStandardType:ZZUnitStandardType:3
*,4104,Y,ZZUnitStandard:ZZUnitStandard_ID:2773;ZZLearnership:ZZLearnership_ID:224;ref:ZZLkpUnitStandardType:ZZUnitStandardType:3
*,4105,Y,ZZUnitStandard:ZZUnitStandard_ID:120;ZZLearnership:ZZLearnership_ID:225;ref:ZZLkpUnitStandardType:ZZUnitStandardType:1
*,4106,Y,ZZUnitStandard:ZZUnitStandard_ID:121;ZZLearnership:ZZLearnership_ID:225;ref:ZZLkpUnitStandardType:ZZUnitStandardType:3
*,4107,Y,ZZUnitStandard:ZZUnitStandard_ID:122;ZZLearnership:ZZLearnership_ID:225;ref:ZZLkpUnitStandardType:ZZUnitStandardType:3
*,4108,Y,ZZUnitStandard:ZZUnitStandard_ID:129;ZZLearnership:ZZLearnership_ID:225;ref:ZZLkpUnitStandardType:ZZUnitStandardType:1
*,4109,Y,ZZUnitStandard:ZZUnitStandard_ID:130;ZZLearnership:ZZLearnership_ID:225;ref:ZZLkpUnitStandardType:ZZUnitStandardType:3
*,4110,Y,ZZUnitStandard:ZZUnitStandard_ID:132;ZZLearnership:ZZLearnership_ID:225;ref:ZZLkpUnitStandardType:ZZUnitStandardType:3
*,4111,Y,ZZUnitStandard:ZZUnitStandard_ID:456;ZZLearnership:ZZLearnership_ID:225;ref:ZZLkpUnitStandardType:ZZUnitStandardType:3
*,4112,Y,ZZUnitStandard:ZZUnitStandard_ID:460;ZZLearnership:ZZLearnership_ID:225;ref:ZZLkpUnitStandardType:ZZUnitStandardType:3
*,4113,Y,ZZUnitStandard:ZZUnitStandard_ID:461;ZZLearnership:ZZLearnership_ID:225;ref:ZZLkpUnitStandardType:ZZUnitStandardType:3
*,4114,Y,ZZUnitStandard:ZZUnitStandard_ID:462;ZZLearnership:ZZLearnership_ID:225;ref:ZZLkpUnitStandardType:ZZUnitStandardType:1
*,4115,Y,ZZUnitStandard:ZZUnitStandard_ID:464;ZZLearnership:ZZLearnership_ID:225;ref:ZZLkpUnitStandardType:ZZUnitStandardType:3
*,4116,Y,ZZUnitStandard:ZZUnitStandard_ID:665;ZZLearnership:ZZLearnership_ID:225;ref:ZZLkpUnitStandardType:ZZUnitStandardType:3
*,4117,Y,ZZUnitStandard:ZZUnitStandard_ID:666;ZZLearnership:ZZLearnership_ID:225;ref:ZZLkpUnitStandardType:ZZUnitStandardType:1
*,4118,Y,ZZUnitStandard:ZZUnitStandard_ID:667;ZZLearnership:ZZLearnership_ID:225;ref:ZZLkpUnitStandardType:ZZUnitStandardType:1
*,4119,Y,ZZUnitStandard:ZZUnitStandard_ID:668;ZZLearnership:ZZLearnership_ID:225;ref:ZZLkpUnitStandardType:ZZUnitStandardType:1
*,4120,Y,ZZUnitStandard:ZZUnitStandard_ID:669;ZZLearnership:ZZLearnership_ID:225;ref:ZZLkpUnitStandardType:ZZUnitStandardType:3
*,4121,Y,ZZUnitStandard:ZZUnitStandard_ID:764;ZZLearnership:ZZLearnership_ID:225;ref:ZZLkpUnitStandardType:ZZUnitStandardType:3
*,4122,Y,ZZUnitStandard:ZZUnitStandard_ID:765;ZZLearnership:ZZLearnership_ID:225;ref:ZZLkpUnitStandardType:ZZUnitStandardType:1
*,4123,Y,ZZUnitStandard:ZZUnitStandard_ID:766;ZZLearnership:ZZLearnership_ID:225;ref:ZZLkpUnitStandardType:ZZUnitStandardType:1
*,4124,Y,ZZUnitStandard:ZZUnitStandard_ID:822;ZZLearnership:ZZLearnership_ID:225;ref:ZZLkpUnitStandardType:ZZUnitStandardType:3
*,4125,Y,ZZUnitStandard:ZZUnitStandard_ID:1185;ZZLearnership:ZZLearnership_ID:225;ref:ZZLkpUnitStandardType:ZZUnitStandardType:2
*,4126,Y,ZZUnitStandard:ZZUnitStandard_ID:1186;ZZLearnership:ZZLearnership_ID:225;ref:ZZLkpUnitStandardType:ZZUnitStandardType:2
*,4127,Y,ZZUnitStandard:ZZUnitStandard_ID:1194;ZZLearnership:ZZLearnership_ID:225;ref:ZZLkpUnitStandardType:ZZUnitStandardType:2
*,4128,Y,ZZUnitStandard:ZZUnitStandard_ID:1203;ZZLearnership:ZZLearnership_ID:225;ref:ZZLkpUnitStandardType:ZZUnitStandardType:3
*,4129,Y,ZZUnitStandard:ZZUnitStandard_ID:1514;ZZLearnership:ZZLearnership_ID:225;ref:ZZLkpUnitStandardType:ZZUnitStandardType:2
*,4130,Y,ZZUnitStandard:ZZUnitStandard_ID:1516;ZZLearnership:ZZLearnership_ID:225;ref:ZZLkpUnitStandardType:ZZUnitStandardType:2
*,4131,Y,ZZUnitStandard:ZZUnitStandard_ID:1537;ZZLearnership:ZZLearnership_ID:225;ref:ZZLkpUnitStandardType:ZZUnitStandardType:3
*,4132,Y,ZZUnitStandard:ZZUnitStandard_ID:1728;ZZLearnership:ZZLearnership_ID:225;ref:ZZLkpUnitStandardType:ZZUnitStandardType:1
*,4133,Y,ZZUnitStandard:ZZUnitStandard_ID:1884;ZZLearnership:ZZLearnership_ID:225;ref:ZZLkpUnitStandardType:ZZUnitStandardType:3
*,4134,Y,ZZUnitStandard:ZZUnitStandard_ID:1996;ZZLearnership:ZZLearnership_ID:225;ref:ZZLkpUnitStandardType:ZZUnitStandardType:1
*,4135,Y,ZZUnitStandard:ZZUnitStandard_ID:2220;ZZLearnership:ZZLearnership_ID:225;ref:ZZLkpUnitStandardType:ZZUnitStandardType:3
*,4136,Y,ZZUnitStandard:ZZUnitStandard_ID:2285;ZZLearnership:ZZLearnership_ID:225;ref:ZZLkpUnitStandardType:ZZUnitStandardType:3
*,4137,Y,ZZUnitStandard:ZZUnitStandard_ID:2310;ZZLearnership:ZZLearnership_ID:225;ref:ZZLkpUnitStandardType:ZZUnitStandardType:3
*,4138,Y,ZZUnitStandard:ZZUnitStandard_ID:2339;ZZLearnership:ZZLearnership_ID:225;ref:ZZLkpUnitStandardType:ZZUnitStandardType:1
*,4139,Y,ZZUnitStandard:ZZUnitStandard_ID:2340;ZZLearnership:ZZLearnership_ID:225;ref:ZZLkpUnitStandardType:ZZUnitStandardType:2
*,4140,Y,ZZUnitStandard:ZZUnitStandard_ID:2445;ZZLearnership:ZZLearnership_ID:225;ref:ZZLkpUnitStandardType:ZZUnitStandardType:3
*,4141,Y,ZZUnitStandard:ZZUnitStandard_ID:2450;ZZLearnership:ZZLearnership_ID:225;ref:ZZLkpUnitStandardType:ZZUnitStandardType:2
*,4142,Y,ZZUnitStandard:ZZUnitStandard_ID:2452;ZZLearnership:ZZLearnership_ID:225;ref:ZZLkpUnitStandardType:ZZUnitStandardType:2
*,4143,Y,ZZUnitStandard:ZZUnitStandard_ID:2453;ZZLearnership:ZZLearnership_ID:225;ref:ZZLkpUnitStandardType:ZZUnitStandardType:2
*,4144,Y,ZZUnitStandard:ZZUnitStandard_ID:2454;ZZLearnership:ZZLearnership_ID:225;ref:ZZLkpUnitStandardType:ZZUnitStandardType:3
*,4145,Y,ZZUnitStandard:ZZUnitStandard_ID:2774;ZZLearnership:ZZLearnership_ID:225;ref:ZZLkpUnitStandardType:ZZUnitStandardType:3
*,4146,Y,ZZUnitStandard:ZZUnitStandard_ID:2856;ZZLearnership:ZZLearnership_ID:225;ref:ZZLkpUnitStandardType:ZZUnitStandardType:1
*,4147,Y,ZZUnitStandard:ZZUnitStandard_ID:2863;ZZLearnership:ZZLearnership_ID:225;ref:ZZLkpUnitStandardType:ZZUnitStandardType:1
*,4148,Y,ZZUnitStandard:ZZUnitStandard_ID:3367;ZZLearnership:ZZLearnership_ID:225;ref:ZZLkpUnitStandardType:ZZUnitStandardType:3
*,4149,Y,ZZUnitStandard:ZZUnitStandard_ID:3534;ZZLearnership:ZZLearnership_ID:225;ref:ZZLkpUnitStandardType:ZZUnitStandardType:3
*,4150,Y,ZZUnitStandard:ZZUnitStandard_ID:3535;ZZLearnership:ZZLearnership_ID:225;ref:ZZLkpUnitStandardType:ZZUnitStandardType:3
*,4151,Y,ZZUnitStandard:ZZUnitStandard_ID:3536;ZZLearnership:ZZLearnership_ID:225;ref:ZZLkpUnitStandardType:ZZUnitStandardType:3
*,4152,Y,ZZUnitStandard:ZZUnitStandard_ID:3537;ZZLearnership:ZZLearnership_ID:225;ref:ZZLkpUnitStandardType:ZZUnitStandardType:3
*,4153,Y,ZZUnitStandard:ZZUnitStandard_ID:3538;ZZLearnership:ZZLearnership_ID:225;ref:ZZLkpUnitStandardType:ZZUnitStandardType:3
*,4154,Y,ZZUnitStandard:ZZUnitStandard_ID:3539;ZZLearnership:ZZLearnership_ID:225;ref:ZZLkpUnitStandardType:ZZUnitStandardType:3
*,4155,Y,ZZUnitStandard:ZZUnitStandard_ID:3540;ZZLearnership:ZZLearnership_ID:225;ref:ZZLkpUnitStandardType:ZZUnitStandardType:1
*,4156,Y,ZZUnitStandard:ZZUnitStandard_ID:3913;ZZLearnership:ZZLearnership_ID:225;ref:ZZLkpUnitStandardType:ZZUnitStandardType:3
*,4157,Y,ZZUnitStandard:ZZUnitStandard_ID:3914;ZZLearnership:ZZLearnership_ID:225;ref:ZZLkpUnitStandardType:ZZUnitStandardType:3
*,4158,Y,ZZUnitStandard:ZZUnitStandard_ID:4;ZZLearnership:ZZLearnership_ID:226;ref:ZZLkpUnitStandardType:ZZUnitStandardType:3
*,4159,Y,ZZUnitStandard:ZZUnitStandard_ID:483;ZZLearnership:ZZLearnership_ID:226;ref:ZZLkpUnitStandardType:ZZUnitStandardType:1
*,4160,Y,ZZUnitStandard:ZZUnitStandard_ID:485;ZZLearnership:ZZLearnership_ID:226;ref:ZZLkpUnitStandardType:ZZUnitStandardType:3
*,4161,Y,ZZUnitStandard:ZZUnitStandard_ID:741;ZZLearnership:ZZLearnership_ID:226;ref:ZZLkpUnitStandardType:ZZUnitStandardType:1
*,4162,Y,ZZUnitStandard:ZZUnitStandard_ID:743;ZZLearnership:ZZLearnership_ID:226;ref:ZZLkpUnitStandardType:ZZUnitStandardType:3
*,4163,Y,ZZUnitStandard:ZZUnitStandard_ID:843;ZZLearnership:ZZLearnership_ID:226;ref:ZZLkpUnitStandardType:ZZUnitStandardType:1
*,4164,Y,ZZUnitStandard:ZZUnitStandard_ID:951;ZZLearnership:ZZLearnership_ID:226;ref:ZZLkpUnitStandardType:ZZUnitStandardType:1
*,4165,Y,ZZUnitStandard:ZZUnitStandard_ID:964;ZZLearnership:ZZLearnership_ID:226;ref:ZZLkpUnitStandardType:ZZUnitStandardType:1
*,4166,Y,ZZUnitStandard:ZZUnitStandard_ID:1001;ZZLearnership:ZZLearnership_ID:226;ref:ZZLkpUnitStandardType:ZZUnitStandardType:3
*,4167,Y,ZZUnitStandard:ZZUnitStandard_ID:1188;ZZLearnership:ZZLearnership_ID:226;ref:ZZLkpUnitStandardType:ZZUnitStandardType:2
*,4168,Y,ZZUnitStandard:ZZUnitStandard_ID:1190;ZZLearnership:ZZLearnership_ID:226;ref:ZZLkpUnitStandardType:ZZUnitStandardType:2
*,4169,Y,ZZUnitStandard:ZZUnitStandard_ID:1196;ZZLearnership:ZZLearnership_ID:226;ref:ZZLkpUnitStandardType:ZZUnitStandardType:2
*,4170,Y,ZZUnitStandard:ZZUnitStandard_ID:1241;ZZLearnership:ZZLearnership_ID:226;ref:ZZLkpUnitStandardType:ZZUnitStandardType:1
*,4171,Y,ZZUnitStandard:ZZUnitStandard_ID:1303;ZZLearnership:ZZLearnership_ID:226;ref:ZZLkpUnitStandardType:ZZUnitStandardType:1
*,4172,Y,ZZUnitStandard:ZZUnitStandard_ID:1518;ZZLearnership:ZZLearnership_ID:226;ref:ZZLkpUnitStandardType:ZZUnitStandardType:2
*,4173,Y,ZZUnitStandard:ZZUnitStandard_ID:1713;ZZLearnership:ZZLearnership_ID:226;ref:ZZLkpUnitStandardType:ZZUnitStandardType:1
*,4174,Y,ZZUnitStandard:ZZUnitStandard_ID:1716;ZZLearnership:ZZLearnership_ID:226;ref:ZZLkpUnitStandardType:ZZUnitStandardType:3
*,4175,Y,ZZUnitStandard:ZZUnitStandard_ID:2181;ZZLearnership:ZZLearnership_ID:226;ref:ZZLkpUnitStandardType:ZZUnitStandardType:3
*,4176,Y,ZZUnitStandard:ZZUnitStandard_ID:2191;ZZLearnership:ZZLearnership_ID:226;ref:ZZLkpUnitStandardType:ZZUnitStandardType:1
*,4177,Y,ZZUnitStandard:ZZUnitStandard_ID:2193;ZZLearnership:ZZLearnership_ID:226;ref:ZZLkpUnitStandardType:ZZUnitStandardType:1
*,4178,Y,ZZUnitStandard:ZZUnitStandard_ID:2201;ZZLearnership:ZZLearnership_ID:226;ref:ZZLkpUnitStandardType:ZZUnitStandardType:2
*,4179,Y,ZZUnitStandard:ZZUnitStandard_ID:2202;ZZLearnership:ZZLearnership_ID:226;ref:ZZLkpUnitStandardType:ZZUnitStandardType:2
*,4180,Y,ZZUnitStandard:ZZUnitStandard_ID:2218;ZZLearnership:ZZLearnership_ID:226;ref:ZZLkpUnitStandardType:ZZUnitStandardType:2
*,4181,Y,ZZUnitStandard:ZZUnitStandard_ID:2221;ZZLearnership:ZZLearnership_ID:226;ref:ZZLkpUnitStandardType:ZZUnitStandardType:2
*,4182,Y,ZZUnitStandard:ZZUnitStandard_ID:2287;ZZLearnership:ZZLearnership_ID:226;ref:ZZLkpUnitStandardType:ZZUnitStandardType:1
*,4183,Y,ZZUnitStandard:ZZUnitStandard_ID:2747;ZZLearnership:ZZLearnership_ID:226;ref:ZZLkpUnitStandardType:ZZUnitStandardType:1
*,4184,Y,ZZUnitStandard:ZZUnitStandard_ID:2949;ZZLearnership:ZZLearnership_ID:226;ref:ZZLkpUnitStandardType:ZZUnitStandardType:3
*,4185,Y,ZZUnitStandard:ZZUnitStandard_ID:3326;ZZLearnership:ZZLearnership_ID:226;ref:ZZLkpUnitStandardType:ZZUnitStandardType:1
*,4186,Y,ZZUnitStandard:ZZUnitStandard_ID:3327;ZZLearnership:ZZLearnership_ID:226;ref:ZZLkpUnitStandardType:ZZUnitStandardType:1
*,4187,Y,ZZUnitStandard:ZZUnitStandard_ID:3328;ZZLearnership:ZZLearnership_ID:226;ref:ZZLkpUnitStandardType:ZZUnitStandardType:1
*,4188,Y,ZZUnitStandard:ZZUnitStandard_ID:3329;ZZLearnership:ZZLearnership_ID:226;ref:ZZLkpUnitStandardType:ZZUnitStandardType:1
*,4189,Y,ZZUnitStandard:ZZUnitStandard_ID:3330;ZZLearnership:ZZLearnership_ID:226;ref:ZZLkpUnitStandardType:ZZUnitStandardType:1
*,4190,Y,ZZUnitStandard:ZZUnitStandard_ID:3331;ZZLearnership:ZZLearnership_ID:226;ref:ZZLkpUnitStandardType:ZZUnitStandardType:1
*,4191,Y,ZZUnitStandard:ZZUnitStandard_ID:3333;ZZLearnership:ZZLearnership_ID:226;ref:ZZLkpUnitStandardType:ZZUnitStandardType:3
*,4192,Y,ZZUnitStandard:ZZUnitStandard_ID:3335;ZZLearnership:ZZLearnership_ID:226;ref:ZZLkpUnitStandardType:ZZUnitStandardType:3
*,4193,Y,ZZUnitStandard:ZZUnitStandard_ID:3336;ZZLearnership:ZZLearnership_ID:226;ref:ZZLkpUnitStandardType:ZZUnitStandardType:3
*,4194,Y,ZZUnitStandard:ZZUnitStandard_ID:3337;ZZLearnership:ZZLearnership_ID:226;ref:ZZLkpUnitStandardType:ZZUnitStandardType:3
*,4195,Y,ZZUnitStandard:ZZUnitStandard_ID:3338;ZZLearnership:ZZLearnership_ID:226;ref:ZZLkpUnitStandardType:ZZUnitStandardType:3
*,4196,Y,ZZUnitStandard:ZZUnitStandard_ID:3342;ZZLearnership:ZZLearnership_ID:226;ref:ZZLkpUnitStandardType:ZZUnitStandardType:3
*,4197,Y,ZZUnitStandard:ZZUnitStandard_ID:3346;ZZLearnership:ZZLearnership_ID:226;ref:ZZLkpUnitStandardType:ZZUnitStandardType:3
*,4198,Y,ZZUnitStandard:ZZUnitStandard_ID:3347;ZZLearnership:ZZLearnership_ID:226;ref:ZZLkpUnitStandardType:ZZUnitStandardType:3
*,4199,Y,ZZUnitStandard:ZZUnitStandard_ID:3348;ZZLearnership:ZZLearnership_ID:226;ref:ZZLkpUnitStandardType:ZZUnitStandardType:1
*,4200,Y,ZZUnitStandard:ZZUnitStandard_ID:3349;ZZLearnership:ZZLearnership_ID:226;ref:ZZLkpUnitStandardType:ZZUnitStandardType:1
*,4201,Y,ZZUnitStandard:ZZUnitStandard_ID:3352;ZZLearnership:ZZLearnership_ID:226;ref:ZZLkpUnitStandardType:ZZUnitStandardType:1
*,4202,Y,ZZUnitStandard:ZZUnitStandard_ID:964;ZZLearnership:ZZLearnership_ID:227;ref:ZZLkpUnitStandardType:ZZUnitStandardType:1
*,4203,Y,ZZUnitStandard:ZZUnitStandard_ID:976;ZZLearnership:ZZLearnership_ID:227;ref:ZZLkpUnitStandardType:ZZUnitStandardType:3
*,4204,Y,ZZUnitStandard:ZZUnitStandard_ID:1189;ZZLearnership:ZZLearnership_ID:227;ref:ZZLkpUnitStandardType:ZZUnitStandardType:2
*,4205,Y,ZZUnitStandard:ZZUnitStandard_ID:1198;ZZLearnership:ZZLearnership_ID:227;ref:ZZLkpUnitStandardType:ZZUnitStandardType:2
*,4206,Y,ZZUnitStandard:ZZUnitStandard_ID:1326;ZZLearnership:ZZLearnership_ID:227;ref:ZZLkpUnitStandardType:ZZUnitStandardType:3
*,4207,Y,ZZUnitStandard:ZZUnitStandard_ID:1346;ZZLearnership:ZZLearnership_ID:227;ref:ZZLkpUnitStandardType:ZZUnitStandardType:3
*,4208,Y,ZZUnitStandard:ZZUnitStandard_ID:1357;ZZLearnership:ZZLearnership_ID:227;ref:ZZLkpUnitStandardType:ZZUnitStandardType:3
*,4209,Y,ZZUnitStandard:ZZUnitStandard_ID:1437;ZZLearnership:ZZLearnership_ID:227;ref:ZZLkpUnitStandardType:ZZUnitStandardType:3
*,4210,Y,ZZUnitStandard:ZZUnitStandard_ID:1459;ZZLearnership:ZZLearnership_ID:227;ref:ZZLkpUnitStandardType:ZZUnitStandardType:3
*,4211,Y,ZZUnitStandard:ZZUnitStandard_ID:1857;ZZLearnership:ZZLearnership_ID:227;ref:ZZLkpUnitStandardType:ZZUnitStandardType:3
*,4212,Y,ZZUnitStandard:ZZUnitStandard_ID:1858;ZZLearnership:ZZLearnership_ID:227;ref:ZZLkpUnitStandardType:ZZUnitStandardType:3
*,4213,Y,ZZUnitStandard:ZZUnitStandard_ID:1866;ZZLearnership:ZZLearnership_ID:227;ref:ZZLkpUnitStandardType:ZZUnitStandardType:3
*,4214,Y,ZZUnitStandard:ZZUnitStandard_ID:2201;ZZLearnership:ZZLearnership_ID:227;ref:ZZLkpUnitStandardType:ZZUnitStandardType:2
*,4215,Y,ZZUnitStandard:ZZUnitStandard_ID:2202;ZZLearnership:ZZLearnership_ID:227;ref:ZZLkpUnitStandardType:ZZUnitStandardType:2
*,4216,Y,ZZUnitStandard:ZZUnitStandard_ID:2214;ZZLearnership:ZZLearnership_ID:227;ref:ZZLkpUnitStandardType:ZZUnitStandardType:2
*,4217,Y,ZZUnitStandard:ZZUnitStandard_ID:2215;ZZLearnership:ZZLearnership_ID:227;ref:ZZLkpUnitStandardType:ZZUnitStandardType:2
*,4218,Y,ZZUnitStandard:ZZUnitStandard_ID:2217;ZZLearnership:ZZLearnership_ID:227;ref:ZZLkpUnitStandardType:ZZUnitStandardType:2
*,4219,Y,ZZUnitStandard:ZZUnitStandard_ID:2218;ZZLearnership:ZZLearnership_ID:227;ref:ZZLkpUnitStandardType:ZZUnitStandardType:2
*,4220,Y,ZZUnitStandard:ZZUnitStandard_ID:2221;ZZLearnership:ZZLearnership_ID:227;ref:ZZLkpUnitStandardType:ZZUnitStandardType:2
*,4221,Y,ZZUnitStandard:ZZUnitStandard_ID:2406;ZZLearnership:ZZLearnership_ID:227;ref:ZZLkpUnitStandardType:ZZUnitStandardType:2
*,4222,Y,ZZUnitStandard:ZZUnitStandard_ID:2583;ZZLearnership:ZZLearnership_ID:227;ref:ZZLkpUnitStandardType:ZZUnitStandardType:3
*,4223,Y,ZZUnitStandard:ZZUnitStandard_ID:2592;ZZLearnership:ZZLearnership_ID:227;ref:ZZLkpUnitStandardType:ZZUnitStandardType:3
*,4224,Y,ZZUnitStandard:ZZUnitStandard_ID:2607;ZZLearnership:ZZLearnership_ID:227;ref:ZZLkpUnitStandardType:ZZUnitStandardType:3
*,4225,Y,ZZUnitStandard:ZZUnitStandard_ID:2803;ZZLearnership:ZZLearnership_ID:227;ref:ZZLkpUnitStandardType:ZZUnitStandardType:1
*,4226,Y,ZZUnitStandard:ZZUnitStandard_ID:2804;ZZLearnership:ZZLearnership_ID:227;ref:ZZLkpUnitStandardType:ZZUnitStandardType:1
*,4227,Y,ZZUnitStandard:ZZUnitStandard_ID:2807;ZZLearnership:ZZLearnership_ID:227;ref:ZZLkpUnitStandardType:ZZUnitStandardType:3
*,4228,Y,ZZUnitStandard:ZZUnitStandard_ID:3341;ZZLearnership:ZZLearnership_ID:227;ref:ZZLkpUnitStandardType:ZZUnitStandardType:1
*,4229,Y,ZZUnitStandard:ZZUnitStandard_ID:3703;ZZLearnership:ZZLearnership_ID:227;ref:ZZLkpUnitStandardType:ZZUnitStandardType:1
*,4230,Y,ZZUnitStandard:ZZUnitStandard_ID:3704;ZZLearnership:ZZLearnership_ID:227;ref:ZZLkpUnitStandardType:ZZUnitStandardType:1
*,4231,Y,ZZUnitStandard:ZZUnitStandard_ID:3705;ZZLearnership:ZZLearnership_ID:227;ref:ZZLkpUnitStandardType:ZZUnitStandardType:1
*,4232,Y,ZZUnitStandard:ZZUnitStandard_ID:3706;ZZLearnership:ZZLearnership_ID:227;ref:ZZLkpUnitStandardType:ZZUnitStandardType:1
*,4233,Y,ZZUnitStandard:ZZUnitStandard_ID:3707;ZZLearnership:ZZLearnership_ID:227;ref:ZZLkpUnitStandardType:ZZUnitStandardType:1
*,4234,Y,ZZUnitStandard:ZZUnitStandard_ID:3708;ZZLearnership:ZZLearnership_ID:227;ref:ZZLkpUnitStandardType:ZZUnitStandardType:1
*,4235,Y,ZZUnitStandard:ZZUnitStandard_ID:3709;ZZLearnership:ZZLearnership_ID:227;ref:ZZLkpUnitStandardType:ZZUnitStandardType:1
*,4236,Y,ZZUnitStandard:ZZUnitStandard_ID:3710;ZZLearnership:ZZLearnership_ID:227;ref:ZZLkpUnitStandardType:ZZUnitStandardType:1
*,4237,Y,ZZUnitStandard:ZZUnitStandard_ID:3711;ZZLearnership:ZZLearnership_ID:227;ref:ZZLkpUnitStandardType:ZZUnitStandardType:1
*,4238,Y,ZZUnitStandard:ZZUnitStandard_ID:3712;ZZLearnership:ZZLearnership_ID:227;ref:ZZLkpUnitStandardType:ZZUnitStandardType:1
*,4239,Y,ZZUnitStandard:ZZUnitStandard_ID:3713;ZZLearnership:ZZLearnership_ID:227;ref:ZZLkpUnitStandardType:ZZUnitStandardType:1
*,4240,Y,ZZUnitStandard:ZZUnitStandard_ID:3714;ZZLearnership:ZZLearnership_ID:227;ref:ZZLkpUnitStandardType:ZZUnitStandardType:1
*,4241,Y,ZZUnitStandard:ZZUnitStandard_ID:3715;ZZLearnership:ZZLearnership_ID:227;ref:ZZLkpUnitStandardType:ZZUnitStandardType:1
*,4242,Y,ZZUnitStandard:ZZUnitStandard_ID:3716;ZZLearnership:ZZLearnership_ID:227;ref:ZZLkpUnitStandardType:ZZUnitStandardType:1
*,4243,Y,ZZUnitStandard:ZZUnitStandard_ID:3717;ZZLearnership:ZZLearnership_ID:227;ref:ZZLkpUnitStandardType:ZZUnitStandardType:3
*,4244,Y,ZZUnitStandard:ZZUnitStandard_ID:3719;ZZLearnership:ZZLearnership_ID:227;ref:ZZLkpUnitStandardType:ZZUnitStandardType:3
*,4245,Y,ZZUnitStandard:ZZUnitStandard_ID:3722;ZZLearnership:ZZLearnership_ID:227;ref:ZZLkpUnitStandardType:ZZUnitStandardType:3
*,4246,Y,ZZUnitStandard:ZZUnitStandard_ID:3723;ZZLearnership:ZZLearnership_ID:227;ref:ZZLkpUnitStandardType:ZZUnitStandardType:3
*,4247,Y,ZZUnitStandard:ZZUnitStandard_ID:3724;ZZLearnership:ZZLearnership_ID:227;ref:ZZLkpUnitStandardType:ZZUnitStandardType:3
*,4248,Y,ZZUnitStandard:ZZUnitStandard_ID:3727;ZZLearnership:ZZLearnership_ID:227;ref:ZZLkpUnitStandardType:ZZUnitStandardType:3
*,4249,Y,ZZUnitStandard:ZZUnitStandard_ID:3728;ZZLearnership:ZZLearnership_ID:227;ref:ZZLkpUnitStandardType:ZZUnitStandardType:1
*,4250,Y,ZZUnitStandard:ZZUnitStandard_ID:3729;ZZLearnership:ZZLearnership_ID:227;ref:ZZLkpUnitStandardType:ZZUnitStandardType:3
*,4251,Y,ZZUnitStandard:ZZUnitStandard_ID:3730;ZZLearnership:ZZLearnership_ID:227;ref:ZZLkpUnitStandardType:ZZUnitStandardType:1
*,4252,Y,ZZUnitStandard:ZZUnitStandard_ID:3731;ZZLearnership:ZZLearnership_ID:227;ref:ZZLkpUnitStandardType:ZZUnitStandardType:3
*,4253,Y,ZZUnitStandard:ZZUnitStandard_ID:3732;ZZLearnership:ZZLearnership_ID:227;ref:ZZLkpUnitStandardType:ZZUnitStandardType:1
*,4254,Y,ZZUnitStandard:ZZUnitStandard_ID:3733;ZZLearnership:ZZLearnership_ID:227;ref:ZZLkpUnitStandardType:ZZUnitStandardType:3
*,4255,Y,ZZUnitStandard:ZZUnitStandard_ID:3734;ZZLearnership:ZZLearnership_ID:227;ref:ZZLkpUnitStandardType:ZZUnitStandardType:3
*,4256,Y,ZZUnitStandard:ZZUnitStandard_ID:964;ZZLearnership:ZZLearnership_ID:228;ref:ZZLkpUnitStandardType:ZZUnitStandardType:1
*,4257,Y,ZZUnitStandard:ZZUnitStandard_ID:976;ZZLearnership:ZZLearnership_ID:228;ref:ZZLkpUnitStandardType:ZZUnitStandardType:3
*,4258,Y,ZZUnitStandard:ZZUnitStandard_ID:1189;ZZLearnership:ZZLearnership_ID:228;ref:ZZLkpUnitStandardType:ZZUnitStandardType:2
*,4259,Y,ZZUnitStandard:ZZUnitStandard_ID:1197;ZZLearnership:ZZLearnership_ID:228;ref:ZZLkpUnitStandardType:ZZUnitStandardType:2
*,4260,Y,ZZUnitStandard:ZZUnitStandard_ID:1198;ZZLearnership:ZZLearnership_ID:228;ref:ZZLkpUnitStandardType:ZZUnitStandardType:2
*,4261,Y,ZZUnitStandard:ZZUnitStandard_ID:1326;ZZLearnership:ZZLearnership_ID:228;ref:ZZLkpUnitStandardType:ZZUnitStandardType:3
*,4262,Y,ZZUnitStandard:ZZUnitStandard_ID:1346;ZZLearnership:ZZLearnership_ID:228;ref:ZZLkpUnitStandardType:ZZUnitStandardType:3
*,4263,Y,ZZUnitStandard:ZZUnitStandard_ID:1357;ZZLearnership:ZZLearnership_ID:228;ref:ZZLkpUnitStandardType:ZZUnitStandardType:3
*,4264,Y,ZZUnitStandard:ZZUnitStandard_ID:1437;ZZLearnership:ZZLearnership_ID:228;ref:ZZLkpUnitStandardType:ZZUnitStandardType:3
*,4265,Y,ZZUnitStandard:ZZUnitStandard_ID:1857;ZZLearnership:ZZLearnership_ID:228;ref:ZZLkpUnitStandardType:ZZUnitStandardType:3
*,4266,Y,ZZUnitStandard:ZZUnitStandard_ID:1858;ZZLearnership:ZZLearnership_ID:228;ref:ZZLkpUnitStandardType:ZZUnitStandardType:3
*,4267,Y,ZZUnitStandard:ZZUnitStandard_ID:1866;ZZLearnership:ZZLearnership_ID:228;ref:ZZLkpUnitStandardType:ZZUnitStandardType:3
*,4268,Y,ZZUnitStandard:ZZUnitStandard_ID:2201;ZZLearnership:ZZLearnership_ID:228;ref:ZZLkpUnitStandardType:ZZUnitStandardType:2
*,4269,Y,ZZUnitStandard:ZZUnitStandard_ID:2202;ZZLearnership:ZZLearnership_ID:228;ref:ZZLkpUnitStandardType:ZZUnitStandardType:2
*,4270,Y,ZZUnitStandard:ZZUnitStandard_ID:2214;ZZLearnership:ZZLearnership_ID:228;ref:ZZLkpUnitStandardType:ZZUnitStandardType:2
*,4271,Y,ZZUnitStandard:ZZUnitStandard_ID:2215;ZZLearnership:ZZLearnership_ID:228;ref:ZZLkpUnitStandardType:ZZUnitStandardType:2
*,4272,Y,ZZUnitStandard:ZZUnitStandard_ID:2217;ZZLearnership:ZZLearnership_ID:228;ref:ZZLkpUnitStandardType:ZZUnitStandardType:2
*,4273,Y,ZZUnitStandard:ZZUnitStandard_ID:2218;ZZLearnership:ZZLearnership_ID:228;ref:ZZLkpUnitStandardType:ZZUnitStandardType:2
*,4274,Y,ZZUnitStandard:ZZUnitStandard_ID:2221;ZZLearnership:ZZLearnership_ID:228;ref:ZZLkpUnitStandardType:ZZUnitStandardType:2
*,4275,Y,ZZUnitStandard:ZZUnitStandard_ID:2406;ZZLearnership:ZZLearnership_ID:228;ref:ZZLkpUnitStandardType:ZZUnitStandardType:2
*,4276,Y,ZZUnitStandard:ZZUnitStandard_ID:2583;ZZLearnership:ZZLearnership_ID:228;ref:ZZLkpUnitStandardType:ZZUnitStandardType:3
*,4277,Y,ZZUnitStandard:ZZUnitStandard_ID:2592;ZZLearnership:ZZLearnership_ID:228;ref:ZZLkpUnitStandardType:ZZUnitStandardType:3
*,4278,Y,ZZUnitStandard:ZZUnitStandard_ID:2607;ZZLearnership:ZZLearnership_ID:228;ref:ZZLkpUnitStandardType:ZZUnitStandardType:3
*,4279,Y,ZZUnitStandard:ZZUnitStandard_ID:2803;ZZLearnership:ZZLearnership_ID:228;ref:ZZLkpUnitStandardType:ZZUnitStandardType:3
*,4280,Y,ZZUnitStandard:ZZUnitStandard_ID:2804;ZZLearnership:ZZLearnership_ID:228;ref:ZZLkpUnitStandardType:ZZUnitStandardType:3
*,4281,Y,ZZUnitStandard:ZZUnitStandard_ID:2807;ZZLearnership:ZZLearnership_ID:228;ref:ZZLkpUnitStandardType:ZZUnitStandardType:3
*,4282,Y,ZZUnitStandard:ZZUnitStandard_ID:3341;ZZLearnership:ZZLearnership_ID:228;ref:ZZLkpUnitStandardType:ZZUnitStandardType:3
*,4283,Y,ZZUnitStandard:ZZUnitStandard_ID:3703;ZZLearnership:ZZLearnership_ID:228;ref:ZZLkpUnitStandardType:ZZUnitStandardType:1
*,4284,Y,ZZUnitStandard:ZZUnitStandard_ID:3704;ZZLearnership:ZZLearnership_ID:228;ref:ZZLkpUnitStandardType:ZZUnitStandardType:1
*,4285,Y,ZZUnitStandard:ZZUnitStandard_ID:3705;ZZLearnership:ZZLearnership_ID:228;ref:ZZLkpUnitStandardType:ZZUnitStandardType:1
*,4286,Y,ZZUnitStandard:ZZUnitStandard_ID:3706;ZZLearnership:ZZLearnership_ID:228;ref:ZZLkpUnitStandardType:ZZUnitStandardType:1
*,4287,Y,ZZUnitStandard:ZZUnitStandard_ID:3707;ZZLearnership:ZZLearnership_ID:228;ref:ZZLkpUnitStandardType:ZZUnitStandardType:1
*,4288,Y,ZZUnitStandard:ZZUnitStandard_ID:3708;ZZLearnership:ZZLearnership_ID:228;ref:ZZLkpUnitStandardType:ZZUnitStandardType:1
*,4289,Y,ZZUnitStandard:ZZUnitStandard_ID:3709;ZZLearnership:ZZLearnership_ID:228;ref:ZZLkpUnitStandardType:ZZUnitStandardType:1
*,4290,Y,ZZUnitStandard:ZZUnitStandard_ID:3710;ZZLearnership:ZZLearnership_ID:228;ref:ZZLkpUnitStandardType:ZZUnitStandardType:1
*,4291,Y,ZZUnitStandard:ZZUnitStandard_ID:3711;ZZLearnership:ZZLearnership_ID:228;ref:ZZLkpUnitStandardType:ZZUnitStandardType:1
*,4292,Y,ZZUnitStandard:ZZUnitStandard_ID:3712;ZZLearnership:ZZLearnership_ID:228;ref:ZZLkpUnitStandardType:ZZUnitStandardType:1
*,4293,Y,ZZUnitStandard:ZZUnitStandard_ID:3713;ZZLearnership:ZZLearnership_ID:228;ref:ZZLkpUnitStandardType:ZZUnitStandardType:1
*,4294,Y,ZZUnitStandard:ZZUnitStandard_ID:3714;ZZLearnership:ZZLearnership_ID:228;ref:ZZLkpUnitStandardType:ZZUnitStandardType:1
*,4295,Y,ZZUnitStandard:ZZUnitStandard_ID:3715;ZZLearnership:ZZLearnership_ID:228;ref:ZZLkpUnitStandardType:ZZUnitStandardType:1
*,4296,Y,ZZUnitStandard:ZZUnitStandard_ID:3716;ZZLearnership:ZZLearnership_ID:228;ref:ZZLkpUnitStandardType:ZZUnitStandardType:1
*,4297,Y,ZZUnitStandard:ZZUnitStandard_ID:3717;ZZLearnership:ZZLearnership_ID:228;ref:ZZLkpUnitStandardType:ZZUnitStandardType:3
*,4298,Y,ZZUnitStandard:ZZUnitStandard_ID:3718;ZZLearnership:ZZLearnership_ID:228;ref:ZZLkpUnitStandardType:ZZUnitStandardType:1
*,4299,Y,ZZUnitStandard:ZZUnitStandard_ID:3719;ZZLearnership:ZZLearnership_ID:228;ref:ZZLkpUnitStandardType:ZZUnitStandardType:3
*,4300,Y,ZZUnitStandard:ZZUnitStandard_ID:3721;ZZLearnership:ZZLearnership_ID:228;ref:ZZLkpUnitStandardType:ZZUnitStandardType:1
*,4301,Y,ZZUnitStandard:ZZUnitStandard_ID:3722;ZZLearnership:ZZLearnership_ID:228;ref:ZZLkpUnitStandardType:ZZUnitStandardType:3
*,4302,Y,ZZUnitStandard:ZZUnitStandard_ID:3723;ZZLearnership:ZZLearnership_ID:228;ref:ZZLkpUnitStandardType:ZZUnitStandardType:3
*,4303,Y,ZZUnitStandard:ZZUnitStandard_ID:3724;ZZLearnership:ZZLearnership_ID:228;ref:ZZLkpUnitStandardType:ZZUnitStandardType:1
*,4304,Y,ZZUnitStandard:ZZUnitStandard_ID:3727;ZZLearnership:ZZLearnership_ID:228;ref:ZZLkpUnitStandardType:ZZUnitStandardType:3
*,4305,Y,ZZUnitStandard:ZZUnitStandard_ID:3728;ZZLearnership:ZZLearnership_ID:228;ref:ZZLkpUnitStandardType:ZZUnitStandardType:1
*,4306,Y,ZZUnitStandard:ZZUnitStandard_ID:3728;ZZLearnership:ZZLearnership_ID:228;ref:ZZLkpUnitStandardType:ZZUnitStandardType:3
*,4307,Y,ZZUnitStandard:ZZUnitStandard_ID:3729;ZZLearnership:ZZLearnership_ID:228;ref:ZZLkpUnitStandardType:ZZUnitStandardType:3
*,4308,Y,ZZUnitStandard:ZZUnitStandard_ID:3730;ZZLearnership:ZZLearnership_ID:228;ref:ZZLkpUnitStandardType:ZZUnitStandardType:3
*,4309,Y,ZZUnitStandard:ZZUnitStandard_ID:3731;ZZLearnership:ZZLearnership_ID:228;ref:ZZLkpUnitStandardType:ZZUnitStandardType:1
*,4310,Y,ZZUnitStandard:ZZUnitStandard_ID:3732;ZZLearnership:ZZLearnership_ID:228;ref:ZZLkpUnitStandardType:ZZUnitStandardType:3
*,4311,Y,ZZUnitStandard:ZZUnitStandard_ID:3733;ZZLearnership:ZZLearnership_ID:228;ref:ZZLkpUnitStandardType:ZZUnitStandardType:1
*,4312,Y,ZZUnitStandard:ZZUnitStandard_ID:3734;ZZLearnership:ZZLearnership_ID:228;ref:ZZLkpUnitStandardType:ZZUnitStandardType:1
*,4313,Y,ZZUnitStandard:ZZUnitStandard_ID:1020;ZZLearnership:ZZLearnership_ID:229;ref:ZZLkpUnitStandardType:ZZUnitStandardType:3
*,4314,Y,ZZUnitStandard:ZZUnitStandard_ID:1188;ZZLearnership:ZZLearnership_ID:229;ref:ZZLkpUnitStandardType:ZZUnitStandardType:2
*,4315,Y,ZZUnitStandard:ZZUnitStandard_ID:1190;ZZLearnership:ZZLearnership_ID:229;ref:ZZLkpUnitStandardType:ZZUnitStandardType:2
*,4316,Y,ZZUnitStandard:ZZUnitStandard_ID:1196;ZZLearnership:ZZLearnership_ID:229;ref:ZZLkpUnitStandardType:ZZUnitStandardType:2
*,4317,Y,ZZUnitStandard:ZZUnitStandard_ID:1518;ZZLearnership:ZZLearnership_ID:229;ref:ZZLkpUnitStandardType:ZZUnitStandardType:2
*,4318,Y,ZZUnitStandard:ZZUnitStandard_ID:1711;ZZLearnership:ZZLearnership_ID:229;ref:ZZLkpUnitStandardType:ZZUnitStandardType:1
*,4319,Y,ZZUnitStandard:ZZUnitStandard_ID:1713;ZZLearnership:ZZLearnership_ID:229;ref:ZZLkpUnitStandardType:ZZUnitStandardType:1
*,4320,Y,ZZUnitStandard:ZZUnitStandard_ID:1756;ZZLearnership:ZZLearnership_ID:229;ref:ZZLkpUnitStandardType:ZZUnitStandardType:2
*,4321,Y,ZZUnitStandard:ZZUnitStandard_ID:1757;ZZLearnership:ZZLearnership_ID:229;ref:ZZLkpUnitStandardType:ZZUnitStandardType:2
*,4322,Y,ZZUnitStandard:ZZUnitStandard_ID:2008;ZZLearnership:ZZLearnership_ID:229;ref:ZZLkpUnitStandardType:ZZUnitStandardType:3
*,4323,Y,ZZUnitStandard:ZZUnitStandard_ID:2173;ZZLearnership:ZZLearnership_ID:229;ref:ZZLkpUnitStandardType:ZZUnitStandardType:1
*,4324,Y,ZZUnitStandard:ZZUnitStandard_ID:2201;ZZLearnership:ZZLearnership_ID:229;ref:ZZLkpUnitStandardType:ZZUnitStandardType:2
*,4325,Y,ZZUnitStandard:ZZUnitStandard_ID:2202;ZZLearnership:ZZLearnership_ID:229;ref:ZZLkpUnitStandardType:ZZUnitStandardType:2
*,4326,Y,ZZUnitStandard:ZZUnitStandard_ID:2218;ZZLearnership:ZZLearnership_ID:229;ref:ZZLkpUnitStandardType:ZZUnitStandardType:2
*,4327,Y,ZZUnitStandard:ZZUnitStandard_ID:2413;ZZLearnership:ZZLearnership_ID:229;ref:ZZLkpUnitStandardType:ZZUnitStandardType:1
*,4328,Y,ZZUnitStandard:ZZUnitStandard_ID:2415;ZZLearnership:ZZLearnership_ID:229;ref:ZZLkpUnitStandardType:ZZUnitStandardType:1
*,4329,Y,ZZUnitStandard:ZZUnitStandard_ID:2416;ZZLearnership:ZZLearnership_ID:229;ref:ZZLkpUnitStandardType:ZZUnitStandardType:1
*,4330,Y,ZZUnitStandard:ZZUnitStandard_ID:2417;ZZLearnership:ZZLearnership_ID:229;ref:ZZLkpUnitStandardType:ZZUnitStandardType:3
*,4331,Y,ZZUnitStandard:ZZUnitStandard_ID:2455;ZZLearnership:ZZLearnership_ID:229;ref:ZZLkpUnitStandardType:ZZUnitStandardType:1
*,4332,Y,ZZUnitStandard:ZZUnitStandard_ID:2471;ZZLearnership:ZZLearnership_ID:229;ref:ZZLkpUnitStandardType:ZZUnitStandardType:3
*,4333,Y,ZZUnitStandard:ZZUnitStandard_ID:2473;ZZLearnership:ZZLearnership_ID:229;ref:ZZLkpUnitStandardType:ZZUnitStandardType:3
*,4334,Y,ZZUnitStandard:ZZUnitStandard_ID:2513;ZZLearnership:ZZLearnership_ID:229;ref:ZZLkpUnitStandardType:ZZUnitStandardType:1
*,4335,Y,ZZUnitStandard:ZZUnitStandard_ID:2658;ZZLearnership:ZZLearnership_ID:229;ref:ZZLkpUnitStandardType:ZZUnitStandardType:3
*,4336,Y,ZZUnitStandard:ZZUnitStandard_ID:2672;ZZLearnership:ZZLearnership_ID:229;ref:ZZLkpUnitStandardType:ZZUnitStandardType:3
*,4337,Y,ZZUnitStandard:ZZUnitStandard_ID:2673;ZZLearnership:ZZLearnership_ID:229;ref:ZZLkpUnitStandardType:ZZUnitStandardType:3
*,4338,Y,ZZUnitStandard:ZZUnitStandard_ID:2677;ZZLearnership:ZZLearnership_ID:229;ref:ZZLkpUnitStandardType:ZZUnitStandardType:3
*,4339,Y,ZZUnitStandard:ZZUnitStandard_ID:2679;ZZLearnership:ZZLearnership_ID:229;ref:ZZLkpUnitStandardType:ZZUnitStandardType:3
*,4340,Y,ZZUnitStandard:ZZUnitStandard_ID:2701;ZZLearnership:ZZLearnership_ID:229;ref:ZZLkpUnitStandardType:ZZUnitStandardType:3
*,4341,Y,ZZUnitStandard:ZZUnitStandard_ID:2705;ZZLearnership:ZZLearnership_ID:229;ref:ZZLkpUnitStandardType:ZZUnitStandardType:3
*,4342,Y,ZZUnitStandard:ZZUnitStandard_ID:2706;ZZLearnership:ZZLearnership_ID:229;ref:ZZLkpUnitStandardType:ZZUnitStandardType:3
*,4343,Y,ZZUnitStandard:ZZUnitStandard_ID:2707;ZZLearnership:ZZLearnership_ID:229;ref:ZZLkpUnitStandardType:ZZUnitStandardType:3
*,4344,Y,ZZUnitStandard:ZZUnitStandard_ID:2708;ZZLearnership:ZZLearnership_ID:229;ref:ZZLkpUnitStandardType:ZZUnitStandardType:3
*,4345,Y,ZZUnitStandard:ZZUnitStandard_ID:2709;ZZLearnership:ZZLearnership_ID:229;ref:ZZLkpUnitStandardType:ZZUnitStandardType:3
*,4346,Y,ZZUnitStandard:ZZUnitStandard_ID:2710;ZZLearnership:ZZLearnership_ID:229;ref:ZZLkpUnitStandardType:ZZUnitStandardType:3
*,4347,Y,ZZUnitStandard:ZZUnitStandard_ID:2711;ZZLearnership:ZZLearnership_ID:229;ref:ZZLkpUnitStandardType:ZZUnitStandardType:3
*,4348,Y,ZZUnitStandard:ZZUnitStandard_ID:2712;ZZLearnership:ZZLearnership_ID:229;ref:ZZLkpUnitStandardType:ZZUnitStandardType:3
*,4349,Y,ZZUnitStandard:ZZUnitStandard_ID:2715;ZZLearnership:ZZLearnership_ID:229;ref:ZZLkpUnitStandardType:ZZUnitStandardType:3
*,4350,Y,ZZUnitStandard:ZZUnitStandard_ID:2717;ZZLearnership:ZZLearnership_ID:229;ref:ZZLkpUnitStandardType:ZZUnitStandardType:3
*,4351,Y,ZZUnitStandard:ZZUnitStandard_ID:2719;ZZLearnership:ZZLearnership_ID:229;ref:ZZLkpUnitStandardType:ZZUnitStandardType:3
*,4352,Y,ZZUnitStandard:ZZUnitStandard_ID:2721;ZZLearnership:ZZLearnership_ID:229;ref:ZZLkpUnitStandardType:ZZUnitStandardType:3
*,4353,Y,ZZUnitStandard:ZZUnitStandard_ID:2722;ZZLearnership:ZZLearnership_ID:229;ref:ZZLkpUnitStandardType:ZZUnitStandardType:3
*,4354,Y,ZZUnitStandard:ZZUnitStandard_ID:2723;ZZLearnership:ZZLearnership_ID:229;ref:ZZLkpUnitStandardType:ZZUnitStandardType:3
*,4355,Y,ZZUnitStandard:ZZUnitStandard_ID:2724;ZZLearnership:ZZLearnership_ID:229;ref:ZZLkpUnitStandardType:ZZUnitStandardType:3
*,4356,Y,ZZUnitStandard:ZZUnitStandard_ID:2725;ZZLearnership:ZZLearnership_ID:229;ref:ZZLkpUnitStandardType:ZZUnitStandardType:3
*,4357,Y,ZZUnitStandard:ZZUnitStandard_ID:2726;ZZLearnership:ZZLearnership_ID:229;ref:ZZLkpUnitStandardType:ZZUnitStandardType:3
*,4358,Y,ZZUnitStandard:ZZUnitStandard_ID:1189;ZZLearnership:ZZLearnership_ID:230;ref:ZZLkpUnitStandardType:ZZUnitStandardType:2
*,4359,Y,ZZUnitStandard:ZZUnitStandard_ID:1197;ZZLearnership:ZZLearnership_ID:230;ref:ZZLkpUnitStandardType:ZZUnitStandardType:2
*,4360,Y,ZZUnitStandard:ZZUnitStandard_ID:1198;ZZLearnership:ZZLearnership_ID:230;ref:ZZLkpUnitStandardType:ZZUnitStandardType:2
*,4361,Y,ZZUnitStandard:ZZUnitStandard_ID:1947;ZZLearnership:ZZLearnership_ID:230;ref:ZZLkpUnitStandardType:ZZUnitStandardType:3
*,4362,Y,ZZUnitStandard:ZZUnitStandard_ID:2007;ZZLearnership:ZZLearnership_ID:230;ref:ZZLkpUnitStandardType:ZZUnitStandardType:3
*,4363,Y,ZZUnitStandard:ZZUnitStandard_ID:2161;ZZLearnership:ZZLearnership_ID:230;ref:ZZLkpUnitStandardType:ZZUnitStandardType:1
*,4364,Y,ZZUnitStandard:ZZUnitStandard_ID:2201;ZZLearnership:ZZLearnership_ID:230;ref:ZZLkpUnitStandardType:ZZUnitStandardType:2
*,4365,Y,ZZUnitStandard:ZZUnitStandard_ID:2214;ZZLearnership:ZZLearnership_ID:230;ref:ZZLkpUnitStandardType:ZZUnitStandardType:2
*,4366,Y,ZZUnitStandard:ZZUnitStandard_ID:2215;ZZLearnership:ZZLearnership_ID:230;ref:ZZLkpUnitStandardType:ZZUnitStandardType:2
*,4367,Y,ZZUnitStandard:ZZUnitStandard_ID:2217;ZZLearnership:ZZLearnership_ID:230;ref:ZZLkpUnitStandardType:ZZUnitStandardType:2
*,4368,Y,ZZUnitStandard:ZZUnitStandard_ID:2218;ZZLearnership:ZZLearnership_ID:230;ref:ZZLkpUnitStandardType:ZZUnitStandardType:2
*,4369,Y,ZZUnitStandard:ZZUnitStandard_ID:2219;ZZLearnership:ZZLearnership_ID:230;ref:ZZLkpUnitStandardType:ZZUnitStandardType:2
*,4370,Y,ZZUnitStandard:ZZUnitStandard_ID:2406;ZZLearnership:ZZLearnership_ID:230;ref:ZZLkpUnitStandardType:ZZUnitStandardType:2
*,4371,Y,ZZUnitStandard:ZZUnitStandard_ID:2414;ZZLearnership:ZZLearnership_ID:230;ref:ZZLkpUnitStandardType:ZZUnitStandardType:3
*,4372,Y,ZZUnitStandard:ZZUnitStandard_ID:2451;ZZLearnership:ZZLearnership_ID:230;ref:ZZLkpUnitStandardType:ZZUnitStandardType:1
*,4373,Y,ZZUnitStandard:ZZUnitStandard_ID:2473;ZZLearnership:ZZLearnership_ID:230;ref:ZZLkpUnitStandardType:ZZUnitStandardType:3
*,4374,Y,ZZUnitStandard:ZZUnitStandard_ID:2474;ZZLearnership:ZZLearnership_ID:230;ref:ZZLkpUnitStandardType:ZZUnitStandardType:3
*,4375,Y,ZZUnitStandard:ZZUnitStandard_ID:2684;ZZLearnership:ZZLearnership_ID:230;ref:ZZLkpUnitStandardType:ZZUnitStandardType:3
*,4376,Y,ZZUnitStandard:ZZUnitStandard_ID:2685;ZZLearnership:ZZLearnership_ID:230;ref:ZZLkpUnitStandardType:ZZUnitStandardType:3
*,4377,Y,ZZUnitStandard:ZZUnitStandard_ID:2686;ZZLearnership:ZZLearnership_ID:230;ref:ZZLkpUnitStandardType:ZZUnitStandardType:3
*,4378,Y,ZZUnitStandard:ZZUnitStandard_ID:2687;ZZLearnership:ZZLearnership_ID:230;ref:ZZLkpUnitStandardType:ZZUnitStandardType:3
*,4379,Y,ZZUnitStandard:ZZUnitStandard_ID:2688;ZZLearnership:ZZLearnership_ID:230;ref:ZZLkpUnitStandardType:ZZUnitStandardType:3
*,4380,Y,ZZUnitStandard:ZZUnitStandard_ID:2689;ZZLearnership:ZZLearnership_ID:230;ref:ZZLkpUnitStandardType:ZZUnitStandardType:3
*,4381,Y,ZZUnitStandard:ZZUnitStandard_ID:2690;ZZLearnership:ZZLearnership_ID:230;ref:ZZLkpUnitStandardType:ZZUnitStandardType:3
*,4382,Y,ZZUnitStandard:ZZUnitStandard_ID:2691;ZZLearnership:ZZLearnership_ID:230;ref:ZZLkpUnitStandardType:ZZUnitStandardType:3
*,4383,Y,ZZUnitStandard:ZZUnitStandard_ID:2692;ZZLearnership:ZZLearnership_ID:230;ref:ZZLkpUnitStandardType:ZZUnitStandardType:3
*,4384,Y,ZZUnitStandard:ZZUnitStandard_ID:2693;ZZLearnership:ZZLearnership_ID:230;ref:ZZLkpUnitStandardType:ZZUnitStandardType:3
*,4385,Y,ZZUnitStandard:ZZUnitStandard_ID:2696;ZZLearnership:ZZLearnership_ID:230;ref:ZZLkpUnitStandardType:ZZUnitStandardType:2
*,4386,Y,ZZUnitStandard:ZZUnitStandard_ID:2697;ZZLearnership:ZZLearnership_ID:230;ref:ZZLkpUnitStandardType:ZZUnitStandardType:1
*,4387,Y,ZZUnitStandard:ZZUnitStandard_ID:2698;ZZLearnership:ZZLearnership_ID:230;ref:ZZLkpUnitStandardType:ZZUnitStandardType:1
*,4388,Y,ZZUnitStandard:ZZUnitStandard_ID:2699;ZZLearnership:ZZLearnership_ID:230;ref:ZZLkpUnitStandardType:ZZUnitStandardType:1
*,4389,Y,ZZUnitStandard:ZZUnitStandard_ID:260;ZZLearnership:ZZLearnership_ID:231;ref:ZZLkpUnitStandardType:ZZUnitStandardType:3
*,4390,Y,ZZUnitStandard:ZZUnitStandard_ID:637;ZZLearnership:ZZLearnership_ID:231;ref:ZZLkpUnitStandardType:ZZUnitStandardType:3
*,4391,Y,ZZUnitStandard:ZZUnitStandard_ID:1185;ZZLearnership:ZZLearnership_ID:231;ref:ZZLkpUnitStandardType:ZZUnitStandardType:2
*,4392,Y,ZZUnitStandard:ZZUnitStandard_ID:1186;ZZLearnership:ZZLearnership_ID:231;ref:ZZLkpUnitStandardType:ZZUnitStandardType:2
*,4393,Y,ZZUnitStandard:ZZUnitStandard_ID:1187;ZZLearnership:ZZLearnership_ID:231;ref:ZZLkpUnitStandardType:ZZUnitStandardType:2
*,4394,Y,ZZUnitStandard:ZZUnitStandard_ID:1194;ZZLearnership:ZZLearnership_ID:231;ref:ZZLkpUnitStandardType:ZZUnitStandardType:2
*,4395,Y,ZZUnitStandard:ZZUnitStandard_ID:1466;ZZLearnership:ZZLearnership_ID:231;ref:ZZLkpUnitStandardType:ZZUnitStandardType:3
*,4396,Y,ZZUnitStandard:ZZUnitStandard_ID:1469;ZZLearnership:ZZLearnership_ID:231;ref:ZZLkpUnitStandardType:ZZUnitStandardType:3
*,4397,Y,ZZUnitStandard:ZZUnitStandard_ID:1502;ZZLearnership:ZZLearnership_ID:231;ref:ZZLkpUnitStandardType:ZZUnitStandardType:3
*,4398,Y,ZZUnitStandard:ZZUnitStandard_ID:1514;ZZLearnership:ZZLearnership_ID:231;ref:ZZLkpUnitStandardType:ZZUnitStandardType:2
*,4399,Y,ZZUnitStandard:ZZUnitStandard_ID:1722;ZZLearnership:ZZLearnership_ID:231;ref:ZZLkpUnitStandardType:ZZUnitStandardType:1
*,4400,Y,ZZUnitStandard:ZZUnitStandard_ID:1725;ZZLearnership:ZZLearnership_ID:231;ref:ZZLkpUnitStandardType:ZZUnitStandardType:1
*,4401,Y,ZZUnitStandard:ZZUnitStandard_ID:1726;ZZLearnership:ZZLearnership_ID:231;ref:ZZLkpUnitStandardType:ZZUnitStandardType:3
*,4402,Y,ZZUnitStandard:ZZUnitStandard_ID:1727;ZZLearnership:ZZLearnership_ID:231;ref:ZZLkpUnitStandardType:ZZUnitStandardType:1
*,4403,Y,ZZUnitStandard:ZZUnitStandard_ID:1758;ZZLearnership:ZZLearnership_ID:231;ref:ZZLkpUnitStandardType:ZZUnitStandardType:3
*,4404,Y,ZZUnitStandard:ZZUnitStandard_ID:1854;ZZLearnership:ZZLearnership_ID:231;ref:ZZLkpUnitStandardType:ZZUnitStandardType:3
*,4405,Y,ZZUnitStandard:ZZUnitStandard_ID:2006;ZZLearnership:ZZLearnership_ID:231;ref:ZZLkpUnitStandardType:ZZUnitStandardType:3
*,4406,Y,ZZUnitStandard:ZZUnitStandard_ID:2008;ZZLearnership:ZZLearnership_ID:231;ref:ZZLkpUnitStandardType:ZZUnitStandardType:3
*,4407,Y,ZZUnitStandard:ZZUnitStandard_ID:2009;ZZLearnership:ZZLearnership_ID:231;ref:ZZLkpUnitStandardType:ZZUnitStandardType:3
*,4408,Y,ZZUnitStandard:ZZUnitStandard_ID:2010;ZZLearnership:ZZLearnership_ID:231;ref:ZZLkpUnitStandardType:ZZUnitStandardType:3
*,4409,Y,ZZUnitStandard:ZZUnitStandard_ID:2011;ZZLearnership:ZZLearnership_ID:231;ref:ZZLkpUnitStandardType:ZZUnitStandardType:3
*,4410,Y,ZZUnitStandard:ZZUnitStandard_ID:2012;ZZLearnership:ZZLearnership_ID:231;ref:ZZLkpUnitStandardType:ZZUnitStandardType:3
*,4411,Y,ZZUnitStandard:ZZUnitStandard_ID:2220;ZZLearnership:ZZLearnership_ID:231;ref:ZZLkpUnitStandardType:ZZUnitStandardType:3
*,4412,Y,ZZUnitStandard:ZZUnitStandard_ID:2222;ZZLearnership:ZZLearnership_ID:231;ref:ZZLkpUnitStandardType:ZZUnitStandardType:3
*,4413,Y,ZZUnitStandard:ZZUnitStandard_ID:2326;ZZLearnership:ZZLearnership_ID:231;ref:ZZLkpUnitStandardType:ZZUnitStandardType:1
*,4414,Y,ZZUnitStandard:ZZUnitStandard_ID:2340;ZZLearnership:ZZLearnership_ID:231;ref:ZZLkpUnitStandardType:ZZUnitStandardType:2
*,4415,Y,ZZUnitStandard:ZZUnitStandard_ID:2404;ZZLearnership:ZZLearnership_ID:231;ref:ZZLkpUnitStandardType:ZZUnitStandardType:3
*,4416,Y,ZZUnitStandard:ZZUnitStandard_ID:2446;ZZLearnership:ZZLearnership_ID:231;ref:ZZLkpUnitStandardType:ZZUnitStandardType:1
*,4417,Y,ZZUnitStandard:ZZUnitStandard_ID:2447;ZZLearnership:ZZLearnership_ID:231;ref:ZZLkpUnitStandardType:ZZUnitStandardType:3
*,4418,Y,ZZUnitStandard:ZZUnitStandard_ID:2450;ZZLearnership:ZZLearnership_ID:231;ref:ZZLkpUnitStandardType:ZZUnitStandardType:2
*,4419,Y,ZZUnitStandard:ZZUnitStandard_ID:2452;ZZLearnership:ZZLearnership_ID:231;ref:ZZLkpUnitStandardType:ZZUnitStandardType:2
*,4420,Y,ZZUnitStandard:ZZUnitStandard_ID:2453;ZZLearnership:ZZLearnership_ID:231;ref:ZZLkpUnitStandardType:ZZUnitStandardType:2
*,4421,Y,ZZUnitStandard:ZZUnitStandard_ID:2456;ZZLearnership:ZZLearnership_ID:231;ref:ZZLkpUnitStandardType:ZZUnitStandardType:1
*,4422,Y,ZZUnitStandard:ZZUnitStandard_ID:2457;ZZLearnership:ZZLearnership_ID:231;ref:ZZLkpUnitStandardType:ZZUnitStandardType:1
*,4423,Y,ZZUnitStandard:ZZUnitStandard_ID:2459;ZZLearnership:ZZLearnership_ID:231;ref:ZZLkpUnitStandardType:ZZUnitStandardType:3
*,4424,Y,ZZUnitStandard:ZZUnitStandard_ID:2461;ZZLearnership:ZZLearnership_ID:231;ref:ZZLkpUnitStandardType:ZZUnitStandardType:3
*,4425,Y,ZZUnitStandard:ZZUnitStandard_ID:2462;ZZLearnership:ZZLearnership_ID:231;ref:ZZLkpUnitStandardType:ZZUnitStandardType:3
*,4426,Y,ZZUnitStandard:ZZUnitStandard_ID:2475;ZZLearnership:ZZLearnership_ID:231;ref:ZZLkpUnitStandardType:ZZUnitStandardType:3
*,4427,Y,ZZUnitStandard:ZZUnitStandard_ID:2480;ZZLearnership:ZZLearnership_ID:231;ref:ZZLkpUnitStandardType:ZZUnitStandardType:3
*,4428,Y,ZZUnitStandard:ZZUnitStandard_ID:2483;ZZLearnership:ZZLearnership_ID:231;ref:ZZLkpUnitStandardType:ZZUnitStandardType:3
*,4429,Y,ZZUnitStandard:ZZUnitStandard_ID:2484;ZZLearnership:ZZLearnership_ID:231;ref:ZZLkpUnitStandardType:ZZUnitStandardType:3
*,4430,Y,ZZUnitStandard:ZZUnitStandard_ID:2610;ZZLearnership:ZZLearnership_ID:231;ref:ZZLkpUnitStandardType:ZZUnitStandardType:3
*,4431,Y,ZZUnitStandard:ZZUnitStandard_ID:2637;ZZLearnership:ZZLearnership_ID:231;ref:ZZLkpUnitStandardType:ZZUnitStandardType:1
*,4432,Y,ZZUnitStandard:ZZUnitStandard_ID:2638;ZZLearnership:ZZLearnership_ID:231;ref:ZZLkpUnitStandardType:ZZUnitStandardType:1
*,4433,Y,ZZUnitStandard:ZZUnitStandard_ID:2640;ZZLearnership:ZZLearnership_ID:231;ref:ZZLkpUnitStandardType:ZZUnitStandardType:3
*,4434,Y,ZZUnitStandard:ZZUnitStandard_ID:2647;ZZLearnership:ZZLearnership_ID:231;ref:ZZLkpUnitStandardType:ZZUnitStandardType:3
*,4435,Y,ZZUnitStandard:ZZUnitStandard_ID:2650;ZZLearnership:ZZLearnership_ID:231;ref:ZZLkpUnitStandardType:ZZUnitStandardType:3
*,4436,Y,ZZUnitStandard:ZZUnitStandard_ID:2652;ZZLearnership:ZZLearnership_ID:231;ref:ZZLkpUnitStandardType:ZZUnitStandardType:3
*,4437,Y,ZZUnitStandard:ZZUnitStandard_ID:2653;ZZLearnership:ZZLearnership_ID:231;ref:ZZLkpUnitStandardType:ZZUnitStandardType:3
*,4438,Y,ZZUnitStandard:ZZUnitStandard_ID:2654;ZZLearnership:ZZLearnership_ID:231;ref:ZZLkpUnitStandardType:ZZUnitStandardType:3
*,4439,Y,ZZUnitStandard:ZZUnitStandard_ID:2655;ZZLearnership:ZZLearnership_ID:231;ref:ZZLkpUnitStandardType:ZZUnitStandardType:3
*,4440,Y,ZZUnitStandard:ZZUnitStandard_ID:2656;ZZLearnership:ZZLearnership_ID:231;ref:ZZLkpUnitStandardType:ZZUnitStandardType:3
*,4441,Y,ZZUnitStandard:ZZUnitStandard_ID:2657;ZZLearnership:ZZLearnership_ID:231;ref:ZZLkpUnitStandardType:ZZUnitStandardType:3
*,4442,Y,ZZUnitStandard:ZZUnitStandard_ID:2658;ZZLearnership:ZZLearnership_ID:231;ref:ZZLkpUnitStandardType:ZZUnitStandardType:3
*,4443,Y,ZZUnitStandard:ZZUnitStandard_ID:2659;ZZLearnership:ZZLearnership_ID:231;ref:ZZLkpUnitStandardType:ZZUnitStandardType:3
*,4444,Y,ZZUnitStandard:ZZUnitStandard_ID:2660;ZZLearnership:ZZLearnership_ID:231;ref:ZZLkpUnitStandardType:ZZUnitStandardType:3
*,4445,Y,ZZUnitStandard:ZZUnitStandard_ID:2662;ZZLearnership:ZZLearnership_ID:231;ref:ZZLkpUnitStandardType:ZZUnitStandardType:3
*,4446,Y,ZZUnitStandard:ZZUnitStandard_ID:2663;ZZLearnership:ZZLearnership_ID:231;ref:ZZLkpUnitStandardType:ZZUnitStandardType:3
*,4447,Y,ZZUnitStandard:ZZUnitStandard_ID:2664;ZZLearnership:ZZLearnership_ID:231;ref:ZZLkpUnitStandardType:ZZUnitStandardType:3
*,4448,Y,ZZUnitStandard:ZZUnitStandard_ID:2665;ZZLearnership:ZZLearnership_ID:231;ref:ZZLkpUnitStandardType:ZZUnitStandardType:3
*,4449,Y,ZZUnitStandard:ZZUnitStandard_ID:2666;ZZLearnership:ZZLearnership_ID:231;ref:ZZLkpUnitStandardType:ZZUnitStandardType:3
*,4450,Y,ZZUnitStandard:ZZUnitStandard_ID:2667;ZZLearnership:ZZLearnership_ID:231;ref:ZZLkpUnitStandardType:ZZUnitStandardType:3
*,4451,Y,ZZUnitStandard:ZZUnitStandard_ID:2668;ZZLearnership:ZZLearnership_ID:231;ref:ZZLkpUnitStandardType:ZZUnitStandardType:3
*,4452,Y,ZZUnitStandard:ZZUnitStandard_ID:2669;ZZLearnership:ZZLearnership_ID:231;ref:ZZLkpUnitStandardType:ZZUnitStandardType:3
*,4453,Y,ZZUnitStandard:ZZUnitStandard_ID:2671;ZZLearnership:ZZLearnership_ID:231;ref:ZZLkpUnitStandardType:ZZUnitStandardType:3
*,4454,Y,ZZUnitStandard:ZZUnitStandard_ID:2672;ZZLearnership:ZZLearnership_ID:231;ref:ZZLkpUnitStandardType:ZZUnitStandardType:3
*,4455,Y,ZZUnitStandard:ZZUnitStandard_ID:2673;ZZLearnership:ZZLearnership_ID:231;ref:ZZLkpUnitStandardType:ZZUnitStandardType:3
*,4456,Y,ZZUnitStandard:ZZUnitStandard_ID:2674;ZZLearnership:ZZLearnership_ID:231;ref:ZZLkpUnitStandardType:ZZUnitStandardType:3
*,4457,Y,ZZUnitStandard:ZZUnitStandard_ID:2675;ZZLearnership:ZZLearnership_ID:231;ref:ZZLkpUnitStandardType:ZZUnitStandardType:3
*,4458,Y,ZZUnitStandard:ZZUnitStandard_ID:2676;ZZLearnership:ZZLearnership_ID:231;ref:ZZLkpUnitStandardType:ZZUnitStandardType:3
*,4459,Y,ZZUnitStandard:ZZUnitStandard_ID:2677;ZZLearnership:ZZLearnership_ID:231;ref:ZZLkpUnitStandardType:ZZUnitStandardType:3
*,4460,Y,ZZUnitStandard:ZZUnitStandard_ID:2678;ZZLearnership:ZZLearnership_ID:231;ref:ZZLkpUnitStandardType:ZZUnitStandardType:3
*,4461,Y,ZZUnitStandard:ZZUnitStandard_ID:2679;ZZLearnership:ZZLearnership_ID:231;ref:ZZLkpUnitStandardType:ZZUnitStandardType:3
*,4462,Y,ZZUnitStandard:ZZUnitStandard_ID:2681;ZZLearnership:ZZLearnership_ID:231;ref:ZZLkpUnitStandardType:ZZUnitStandardType:1
*,4463,Y,ZZUnitStandard:ZZUnitStandard_ID:2752;ZZLearnership:ZZLearnership_ID:231;ref:ZZLkpUnitStandardType:ZZUnitStandardType:3
*,4464,Y,ZZUnitStandard:ZZUnitStandard_ID:4;ZZLearnership:ZZLearnership_ID:232;ref:ZZLkpUnitStandardType:ZZUnitStandardType:1
*,4465,Y,ZZUnitStandard:ZZUnitStandard_ID:488;ZZLearnership:ZZLearnership_ID:232;ref:ZZLkpUnitStandardType:ZZUnitStandardType:3
*,4466,Y,ZZUnitStandard:ZZUnitStandard_ID:741;ZZLearnership:ZZLearnership_ID:232;ref:ZZLkpUnitStandardType:ZZUnitStandardType:1
*,4467,Y,ZZUnitStandard:ZZUnitStandard_ID:843;ZZLearnership:ZZLearnership_ID:232;ref:ZZLkpUnitStandardType:ZZUnitStandardType:1
*,4468,Y,ZZUnitStandard:ZZUnitStandard_ID:951;ZZLearnership:ZZLearnership_ID:232;ref:ZZLkpUnitStandardType:ZZUnitStandardType:3
*,4469,Y,ZZUnitStandard:ZZUnitStandard_ID:963;ZZLearnership:ZZLearnership_ID:232;ref:ZZLkpUnitStandardType:ZZUnitStandardType:1
*,4470,Y,ZZUnitStandard:ZZUnitStandard_ID:964;ZZLearnership:ZZLearnership_ID:232;ref:ZZLkpUnitStandardType:ZZUnitStandardType:1
*,4471,Y,ZZUnitStandard:ZZUnitStandard_ID:1188;ZZLearnership:ZZLearnership_ID:232;ref:ZZLkpUnitStandardType:ZZUnitStandardType:2
*,4472,Y,ZZUnitStandard:ZZUnitStandard_ID:1190;ZZLearnership:ZZLearnership_ID:232;ref:ZZLkpUnitStandardType:ZZUnitStandardType:2
*,4473,Y,ZZUnitStandard:ZZUnitStandard_ID:1196;ZZLearnership:ZZLearnership_ID:232;ref:ZZLkpUnitStandardType:ZZUnitStandardType:2
*,4474,Y,ZZUnitStandard:ZZUnitStandard_ID:1241;ZZLearnership:ZZLearnership_ID:232;ref:ZZLkpUnitStandardType:ZZUnitStandardType:1
*,4475,Y,ZZUnitStandard:ZZUnitStandard_ID:1303;ZZLearnership:ZZLearnership_ID:232;ref:ZZLkpUnitStandardType:ZZUnitStandardType:1
*,4476,Y,ZZUnitStandard:ZZUnitStandard_ID:1518;ZZLearnership:ZZLearnership_ID:232;ref:ZZLkpUnitStandardType:ZZUnitStandardType:2
*,4477,Y,ZZUnitStandard:ZZUnitStandard_ID:1713;ZZLearnership:ZZLearnership_ID:232;ref:ZZLkpUnitStandardType:ZZUnitStandardType:1
*,4478,Y,ZZUnitStandard:ZZUnitStandard_ID:1716;ZZLearnership:ZZLearnership_ID:232;ref:ZZLkpUnitStandardType:ZZUnitStandardType:3
*,4479,Y,ZZUnitStandard:ZZUnitStandard_ID:1728;ZZLearnership:ZZLearnership_ID:232;ref:ZZLkpUnitStandardType:ZZUnitStandardType:3
*,4480,Y,ZZUnitStandard:ZZUnitStandard_ID:1853;ZZLearnership:ZZLearnership_ID:232;ref:ZZLkpUnitStandardType:ZZUnitStandardType:3
*,4481,Y,ZZUnitStandard:ZZUnitStandard_ID:2181;ZZLearnership:ZZLearnership_ID:232;ref:ZZLkpUnitStandardType:ZZUnitStandardType:3
*,4482,Y,ZZUnitStandard:ZZUnitStandard_ID:2201;ZZLearnership:ZZLearnership_ID:232;ref:ZZLkpUnitStandardType:ZZUnitStandardType:2
*,4483,Y,ZZUnitStandard:ZZUnitStandard_ID:2202;ZZLearnership:ZZLearnership_ID:232;ref:ZZLkpUnitStandardType:ZZUnitStandardType:2
*,4484,Y,ZZUnitStandard:ZZUnitStandard_ID:2218;ZZLearnership:ZZLearnership_ID:232;ref:ZZLkpUnitStandardType:ZZUnitStandardType:2
*,4485,Y,ZZUnitStandard:ZZUnitStandard_ID:2221;ZZLearnership:ZZLearnership_ID:232;ref:ZZLkpUnitStandardType:ZZUnitStandardType:2
*,4486,Y,ZZUnitStandard:ZZUnitStandard_ID:2287;ZZLearnership:ZZLearnership_ID:232;ref:ZZLkpUnitStandardType:ZZUnitStandardType:3
*,4487,Y,ZZUnitStandard:ZZUnitStandard_ID:2747;ZZLearnership:ZZLearnership_ID:232;ref:ZZLkpUnitStandardType:ZZUnitStandardType:1
*,4488,Y,ZZUnitStandard:ZZUnitStandard_ID:3326;ZZLearnership:ZZLearnership_ID:232;ref:ZZLkpUnitStandardType:ZZUnitStandardType:1
*,4489,Y,ZZUnitStandard:ZZUnitStandard_ID:3327;ZZLearnership:ZZLearnership_ID:232;ref:ZZLkpUnitStandardType:ZZUnitStandardType:1
*,4490,Y,ZZUnitStandard:ZZUnitStandard_ID:3328;ZZLearnership:ZZLearnership_ID:232;ref:ZZLkpUnitStandardType:ZZUnitStandardType:1
*,4491,Y,ZZUnitStandard:ZZUnitStandard_ID:3329;ZZLearnership:ZZLearnership_ID:232;ref:ZZLkpUnitStandardType:ZZUnitStandardType:1
*,4492,Y,ZZUnitStandard:ZZUnitStandard_ID:3330;ZZLearnership:ZZLearnership_ID:232;ref:ZZLkpUnitStandardType:ZZUnitStandardType:1
*,4493,Y,ZZUnitStandard:ZZUnitStandard_ID:3331;ZZLearnership:ZZLearnership_ID:232;ref:ZZLkpUnitStandardType:ZZUnitStandardType:1
*,4494,Y,ZZUnitStandard:ZZUnitStandard_ID:3332;ZZLearnership:ZZLearnership_ID:232;ref:ZZLkpUnitStandardType:ZZUnitStandardType:1
*,4495,Y,ZZUnitStandard:ZZUnitStandard_ID:3333;ZZLearnership:ZZLearnership_ID:232;ref:ZZLkpUnitStandardType:ZZUnitStandardType:1
*,4496,Y,ZZUnitStandard:ZZUnitStandard_ID:3335;ZZLearnership:ZZLearnership_ID:232;ref:ZZLkpUnitStandardType:ZZUnitStandardType:3
*,4497,Y,ZZUnitStandard:ZZUnitStandard_ID:3336;ZZLearnership:ZZLearnership_ID:232;ref:ZZLkpUnitStandardType:ZZUnitStandardType:3
*,4498,Y,ZZUnitStandard:ZZUnitStandard_ID:3337;ZZLearnership:ZZLearnership_ID:232;ref:ZZLkpUnitStandardType:ZZUnitStandardType:3
*,4499,Y,ZZUnitStandard:ZZUnitStandard_ID:3338;ZZLearnership:ZZLearnership_ID:232;ref:ZZLkpUnitStandardType:ZZUnitStandardType:3
*,4500,Y,ZZUnitStandard:ZZUnitStandard_ID:3342;ZZLearnership:ZZLearnership_ID:232;ref:ZZLkpUnitStandardType:ZZUnitStandardType:1
*,4501,Y,ZZUnitStandard:ZZUnitStandard_ID:3346;ZZLearnership:ZZLearnership_ID:232;ref:ZZLkpUnitStandardType:ZZUnitStandardType:3
*,4502,Y,ZZUnitStandard:ZZUnitStandard_ID:3347;ZZLearnership:ZZLearnership_ID:232;ref:ZZLkpUnitStandardType:ZZUnitStandardType:3
*,4503,Y,ZZUnitStandard:ZZUnitStandard_ID:3348;ZZLearnership:ZZLearnership_ID:232;ref:ZZLkpUnitStandardType:ZZUnitStandardType:3
*,4504,Y,ZZUnitStandard:ZZUnitStandard_ID:3349;ZZLearnership:ZZLearnership_ID:232;ref:ZZLkpUnitStandardType:ZZUnitStandardType:3
*,4505,Y,ZZUnitStandard:ZZUnitStandard_ID:3352;ZZLearnership:ZZLearnership_ID:232;ref:ZZLkpUnitStandardType:ZZUnitStandardType:1
*,4506,Y,ZZUnitStandard:ZZUnitStandard_ID:3918;ZZLearnership:ZZLearnership_ID:232;ref:ZZLkpUnitStandardType:ZZUnitStandardType:3
*,4507,Y,ZZUnitStandard:ZZUnitStandard_ID:122;ZZLearnership:ZZLearnership_ID:233;ref:ZZLkpUnitStandardType:ZZUnitStandardType:1
*,4508,Y,ZZUnitStandard:ZZUnitStandard_ID:132;ZZLearnership:ZZLearnership_ID:233;ref:ZZLkpUnitStandardType:ZZUnitStandardType:3
*,4509,Y,ZZUnitStandard:ZZUnitStandard_ID:455;ZZLearnership:ZZLearnership_ID:233;ref:ZZLkpUnitStandardType:ZZUnitStandardType:3
*,4510,Y,ZZUnitStandard:ZZUnitStandard_ID:458;ZZLearnership:ZZLearnership_ID:233;ref:ZZLkpUnitStandardType:ZZUnitStandardType:3
*,4511,Y,ZZUnitStandard:ZZUnitStandard_ID:663;ZZLearnership:ZZLearnership_ID:233;ref:ZZLkpUnitStandardType:ZZUnitStandardType:3
*,4512,Y,ZZUnitStandard:ZZUnitStandard_ID:768;ZZLearnership:ZZLearnership_ID:233;ref:ZZLkpUnitStandardType:ZZUnitStandardType:1
*,4513,Y,ZZUnitStandard:ZZUnitStandard_ID:1087;ZZLearnership:ZZLearnership_ID:233;ref:ZZLkpUnitStandardType:ZZUnitStandardType:3
*,4514,Y,ZZUnitStandard:ZZUnitStandard_ID:1088;ZZLearnership:ZZLearnership_ID:233;ref:ZZLkpUnitStandardType:ZZUnitStandardType:3
*,4515,Y,ZZUnitStandard:ZZUnitStandard_ID:1090;ZZLearnership:ZZLearnership_ID:233;ref:ZZLkpUnitStandardType:ZZUnitStandardType:1
*,4516,Y,ZZUnitStandard:ZZUnitStandard_ID:1092;ZZLearnership:ZZLearnership_ID:233;ref:ZZLkpUnitStandardType:ZZUnitStandardType:3
*,4517,Y,ZZUnitStandard:ZZUnitStandard_ID:1179;ZZLearnership:ZZLearnership_ID:233;ref:ZZLkpUnitStandardType:ZZUnitStandardType:2
*,4518,Y,ZZUnitStandard:ZZUnitStandard_ID:1189;ZZLearnership:ZZLearnership_ID:233;ref:ZZLkpUnitStandardType:ZZUnitStandardType:2
*,4519,Y,ZZUnitStandard:ZZUnitStandard_ID:1197;ZZLearnership:ZZLearnership_ID:233;ref:ZZLkpUnitStandardType:ZZUnitStandardType:2
*,4520,Y,ZZUnitStandard:ZZUnitStandard_ID:1198;ZZLearnership:ZZLearnership_ID:233;ref:ZZLkpUnitStandardType:ZZUnitStandardType:2
*,4521,Y,ZZUnitStandard:ZZUnitStandard_ID:1567;ZZLearnership:ZZLearnership_ID:233;ref:ZZLkpUnitStandardType:ZZUnitStandardType:3
*,4522,Y,ZZUnitStandard:ZZUnitStandard_ID:1880;ZZLearnership:ZZLearnership_ID:233;ref:ZZLkpUnitStandardType:ZZUnitStandardType:3
*,4523,Y,ZZUnitStandard:ZZUnitStandard_ID:1884;ZZLearnership:ZZLearnership_ID:233;ref:ZZLkpUnitStandardType:ZZUnitStandardType:3
*,4524,Y,ZZUnitStandard:ZZUnitStandard_ID:2161;ZZLearnership:ZZLearnership_ID:233;ref:ZZLkpUnitStandardType:ZZUnitStandardType:1
*,4525,Y,ZZUnitStandard:ZZUnitStandard_ID:2201;ZZLearnership:ZZLearnership_ID:233;ref:ZZLkpUnitStandardType:ZZUnitStandardType:2
*,4526,Y,ZZUnitStandard:ZZUnitStandard_ID:2202;ZZLearnership:ZZLearnership_ID:233;ref:ZZLkpUnitStandardType:ZZUnitStandardType:2
*,4527,Y,ZZUnitStandard:ZZUnitStandard_ID:2214;ZZLearnership:ZZLearnership_ID:233;ref:ZZLkpUnitStandardType:ZZUnitStandardType:2
*,4528,Y,ZZUnitStandard:ZZUnitStandard_ID:2215;ZZLearnership:ZZLearnership_ID:233;ref:ZZLkpUnitStandardType:ZZUnitStandardType:2
*,4529,Y,ZZUnitStandard:ZZUnitStandard_ID:2218;ZZLearnership:ZZLearnership_ID:233;ref:ZZLkpUnitStandardType:ZZUnitStandardType:2
*,4530,Y,ZZUnitStandard:ZZUnitStandard_ID:2221;ZZLearnership:ZZLearnership_ID:233;ref:ZZLkpUnitStandardType:ZZUnitStandardType:2
*,4531,Y,ZZUnitStandard:ZZUnitStandard_ID:2406;ZZLearnership:ZZLearnership_ID:233;ref:ZZLkpUnitStandardType:ZZUnitStandardType:2
*,4532,Y,ZZUnitStandard:ZZUnitStandard_ID:2428;ZZLearnership:ZZLearnership_ID:233;ref:ZZLkpUnitStandardType:ZZUnitStandardType:1
*,4533,Y,ZZUnitStandard:ZZUnitStandard_ID:2429;ZZLearnership:ZZLearnership_ID:233;ref:ZZLkpUnitStandardType:ZZUnitStandardType:1
*,4534,Y,ZZUnitStandard:ZZUnitStandard_ID:2430;ZZLearnership:ZZLearnership_ID:233;ref:ZZLkpUnitStandardType:ZZUnitStandardType:1
*,4535,Y,ZZUnitStandard:ZZUnitStandard_ID:2432;ZZLearnership:ZZLearnership_ID:233;ref:ZZLkpUnitStandardType:ZZUnitStandardType:3
*,4536,Y,ZZUnitStandard:ZZUnitStandard_ID:2434;ZZLearnership:ZZLearnership_ID:233;ref:ZZLkpUnitStandardType:ZZUnitStandardType:3
*,4537,Y,ZZUnitStandard:ZZUnitStandard_ID:2436;ZZLearnership:ZZLearnership_ID:233;ref:ZZLkpUnitStandardType:ZZUnitStandardType:3
*,4538,Y,ZZUnitStandard:ZZUnitStandard_ID:2437;ZZLearnership:ZZLearnership_ID:233;ref:ZZLkpUnitStandardType:ZZUnitStandardType:3
*,4539,Y,ZZUnitStandard:ZZUnitStandard_ID:2440;ZZLearnership:ZZLearnership_ID:233;ref:ZZLkpUnitStandardType:ZZUnitStandardType:3
*,4540,Y,ZZUnitStandard:ZZUnitStandard_ID:3537;ZZLearnership:ZZLearnership_ID:233;ref:ZZLkpUnitStandardType:ZZUnitStandardType:3
*,4541,Y,ZZUnitStandard:ZZUnitStandard_ID:3538;ZZLearnership:ZZLearnership_ID:233;ref:ZZLkpUnitStandardType:ZZUnitStandardType:3
*,4542,Y,ZZUnitStandard:ZZUnitStandard_ID:3539;ZZLearnership:ZZLearnership_ID:233;ref:ZZLkpUnitStandardType:ZZUnitStandardType:3
*,4543,Y,ZZUnitStandard:ZZUnitStandard_ID:3541;ZZLearnership:ZZLearnership_ID:233;ref:ZZLkpUnitStandardType:ZZUnitStandardType:1
*,4544,Y,ZZUnitStandard:ZZUnitStandard_ID:3542;ZZLearnership:ZZLearnership_ID:233;ref:ZZLkpUnitStandardType:ZZUnitStandardType:3
*,4545,Y,ZZUnitStandard:ZZUnitStandard_ID:3544;ZZLearnership:ZZLearnership_ID:233;ref:ZZLkpUnitStandardType:ZZUnitStandardType:1
*,4546,Y,ZZUnitStandard:ZZUnitStandard_ID:3545;ZZLearnership:ZZLearnership_ID:233;ref:ZZLkpUnitStandardType:ZZUnitStandardType:3
*,4547,Y,ZZUnitStandard:ZZUnitStandard_ID:3547;ZZLearnership:ZZLearnership_ID:233;ref:ZZLkpUnitStandardType:ZZUnitStandardType:1
*,4548,Y,ZZUnitStandard:ZZUnitStandard_ID:4;ZZLearnership:ZZLearnership_ID:234;ref:ZZLkpUnitStandardType:ZZUnitStandardType:3
*,4549,Y,ZZUnitStandard:ZZUnitStandard_ID:488;ZZLearnership:ZZLearnership_ID:234;ref:ZZLkpUnitStandardType:ZZUnitStandardType:3
*,4550,Y,ZZUnitStandard:ZZUnitStandard_ID:741;ZZLearnership:ZZLearnership_ID:234;ref:ZZLkpUnitStandardType:ZZUnitStandardType:1
*,4551,Y,ZZUnitStandard:ZZUnitStandard_ID:843;ZZLearnership:ZZLearnership_ID:234;ref:ZZLkpUnitStandardType:ZZUnitStandardType:1
*,4552,Y,ZZUnitStandard:ZZUnitStandard_ID:951;ZZLearnership:ZZLearnership_ID:234;ref:ZZLkpUnitStandardType:ZZUnitStandardType:3
*,4553,Y,ZZUnitStandard:ZZUnitStandard_ID:964;ZZLearnership:ZZLearnership_ID:234;ref:ZZLkpUnitStandardType:ZZUnitStandardType:1
*,4554,Y,ZZUnitStandard:ZZUnitStandard_ID:1188;ZZLearnership:ZZLearnership_ID:234;ref:ZZLkpUnitStandardType:ZZUnitStandardType:2
*,4555,Y,ZZUnitStandard:ZZUnitStandard_ID:1190;ZZLearnership:ZZLearnership_ID:234;ref:ZZLkpUnitStandardType:ZZUnitStandardType:2
*,4556,Y,ZZUnitStandard:ZZUnitStandard_ID:1196;ZZLearnership:ZZLearnership_ID:234;ref:ZZLkpUnitStandardType:ZZUnitStandardType:2
*,4557,Y,ZZUnitStandard:ZZUnitStandard_ID:1241;ZZLearnership:ZZLearnership_ID:234;ref:ZZLkpUnitStandardType:ZZUnitStandardType:1
*,4558,Y,ZZUnitStandard:ZZUnitStandard_ID:1303;ZZLearnership:ZZLearnership_ID:234;ref:ZZLkpUnitStandardType:ZZUnitStandardType:1
*,4559,Y,ZZUnitStandard:ZZUnitStandard_ID:1518;ZZLearnership:ZZLearnership_ID:234;ref:ZZLkpUnitStandardType:ZZUnitStandardType:2
*,4560,Y,ZZUnitStandard:ZZUnitStandard_ID:1713;ZZLearnership:ZZLearnership_ID:234;ref:ZZLkpUnitStandardType:ZZUnitStandardType:1
*,4561,Y,ZZUnitStandard:ZZUnitStandard_ID:1716;ZZLearnership:ZZLearnership_ID:234;ref:ZZLkpUnitStandardType:ZZUnitStandardType:3
*,4562,Y,ZZUnitStandard:ZZUnitStandard_ID:1728;ZZLearnership:ZZLearnership_ID:234;ref:ZZLkpUnitStandardType:ZZUnitStandardType:3
*,4563,Y,ZZUnitStandard:ZZUnitStandard_ID:1853;ZZLearnership:ZZLearnership_ID:234;ref:ZZLkpUnitStandardType:ZZUnitStandardType:3
*,4564,Y,ZZUnitStandard:ZZUnitStandard_ID:2181;ZZLearnership:ZZLearnership_ID:234;ref:ZZLkpUnitStandardType:ZZUnitStandardType:3
*,4565,Y,ZZUnitStandard:ZZUnitStandard_ID:2193;ZZLearnership:ZZLearnership_ID:234;ref:ZZLkpUnitStandardType:ZZUnitStandardType:3
*,4566,Y,ZZUnitStandard:ZZUnitStandard_ID:2201;ZZLearnership:ZZLearnership_ID:234;ref:ZZLkpUnitStandardType:ZZUnitStandardType:2
*,4567,Y,ZZUnitStandard:ZZUnitStandard_ID:2202;ZZLearnership:ZZLearnership_ID:234;ref:ZZLkpUnitStandardType:ZZUnitStandardType:2
*,4568,Y,ZZUnitStandard:ZZUnitStandard_ID:2218;ZZLearnership:ZZLearnership_ID:234;ref:ZZLkpUnitStandardType:ZZUnitStandardType:2
*,4569,Y,ZZUnitStandard:ZZUnitStandard_ID:2221;ZZLearnership:ZZLearnership_ID:234;ref:ZZLkpUnitStandardType:ZZUnitStandardType:2
*,4570,Y,ZZUnitStandard:ZZUnitStandard_ID:2287;ZZLearnership:ZZLearnership_ID:234;ref:ZZLkpUnitStandardType:ZZUnitStandardType:3
*,4571,Y,ZZUnitStandard:ZZUnitStandard_ID:2747;ZZLearnership:ZZLearnership_ID:234;ref:ZZLkpUnitStandardType:ZZUnitStandardType:1
*,4572,Y,ZZUnitStandard:ZZUnitStandard_ID:2949;ZZLearnership:ZZLearnership_ID:234;ref:ZZLkpUnitStandardType:ZZUnitStandardType:3
*,4573,Y,ZZUnitStandard:ZZUnitStandard_ID:3326;ZZLearnership:ZZLearnership_ID:234;ref:ZZLkpUnitStandardType:ZZUnitStandardType:1
*,4574,Y,ZZUnitStandard:ZZUnitStandard_ID:3327;ZZLearnership:ZZLearnership_ID:234;ref:ZZLkpUnitStandardType:ZZUnitStandardType:1
*,4575,Y,ZZUnitStandard:ZZUnitStandard_ID:3328;ZZLearnership:ZZLearnership_ID:234;ref:ZZLkpUnitStandardType:ZZUnitStandardType:1
*,4576,Y,ZZUnitStandard:ZZUnitStandard_ID:3329;ZZLearnership:ZZLearnership_ID:234;ref:ZZLkpUnitStandardType:ZZUnitStandardType:1
*,4577,Y,ZZUnitStandard:ZZUnitStandard_ID:3330;ZZLearnership:ZZLearnership_ID:234;ref:ZZLkpUnitStandardType:ZZUnitStandardType:1
*,4578,Y,ZZUnitStandard:ZZUnitStandard_ID:3331;ZZLearnership:ZZLearnership_ID:234;ref:ZZLkpUnitStandardType:ZZUnitStandardType:1
*,4579,Y,ZZUnitStandard:ZZUnitStandard_ID:3332;ZZLearnership:ZZLearnership_ID:234;ref:ZZLkpUnitStandardType:ZZUnitStandardType:3
*,4580,Y,ZZUnitStandard:ZZUnitStandard_ID:3333;ZZLearnership:ZZLearnership_ID:234;ref:ZZLkpUnitStandardType:ZZUnitStandardType:3
*,4581,Y,ZZUnitStandard:ZZUnitStandard_ID:3334;ZZLearnership:ZZLearnership_ID:234;ref:ZZLkpUnitStandardType:ZZUnitStandardType:3
*,4582,Y,ZZUnitStandard:ZZUnitStandard_ID:3335;ZZLearnership:ZZLearnership_ID:234;ref:ZZLkpUnitStandardType:ZZUnitStandardType:1
*,4583,Y,ZZUnitStandard:ZZUnitStandard_ID:3336;ZZLearnership:ZZLearnership_ID:234;ref:ZZLkpUnitStandardType:ZZUnitStandardType:1
*,4584,Y,ZZUnitStandard:ZZUnitStandard_ID:3337;ZZLearnership:ZZLearnership_ID:234;ref:ZZLkpUnitStandardType:ZZUnitStandardType:1
*,4585,Y,ZZUnitStandard:ZZUnitStandard_ID:3338;ZZLearnership:ZZLearnership_ID:234;ref:ZZLkpUnitStandardType:ZZUnitStandardType:1
*,4586,Y,ZZUnitStandard:ZZUnitStandard_ID:3339;ZZLearnership:ZZLearnership_ID:234;ref:ZZLkpUnitStandardType:ZZUnitStandardType:3
*,4587,Y,ZZUnitStandard:ZZUnitStandard_ID:3340;ZZLearnership:ZZLearnership_ID:234;ref:ZZLkpUnitStandardType:ZZUnitStandardType:3
*,4588,Y,ZZUnitStandard:ZZUnitStandard_ID:3341;ZZLearnership:ZZLearnership_ID:234;ref:ZZLkpUnitStandardType:ZZUnitStandardType:3
*,4589,Y,ZZUnitStandard:ZZUnitStandard_ID:3342;ZZLearnership:ZZLearnership_ID:234;ref:ZZLkpUnitStandardType:ZZUnitStandardType:3
*,4590,Y,ZZUnitStandard:ZZUnitStandard_ID:3343;ZZLearnership:ZZLearnership_ID:234;ref:ZZLkpUnitStandardType:ZZUnitStandardType:3
*,4591,Y,ZZUnitStandard:ZZUnitStandard_ID:3345;ZZLearnership:ZZLearnership_ID:234;ref:ZZLkpUnitStandardType:ZZUnitStandardType:3
*,4592,Y,ZZUnitStandard:ZZUnitStandard_ID:3346;ZZLearnership:ZZLearnership_ID:234;ref:ZZLkpUnitStandardType:ZZUnitStandardType:3
*,4593,Y,ZZUnitStandard:ZZUnitStandard_ID:3347;ZZLearnership:ZZLearnership_ID:234;ref:ZZLkpUnitStandardType:ZZUnitStandardType:3
*,4594,Y,ZZUnitStandard:ZZUnitStandard_ID:3348;ZZLearnership:ZZLearnership_ID:234;ref:ZZLkpUnitStandardType:ZZUnitStandardType:3
*,4595,Y,ZZUnitStandard:ZZUnitStandard_ID:3349;ZZLearnership:ZZLearnership_ID:234;ref:ZZLkpUnitStandardType:ZZUnitStandardType:3
*,4596,Y,ZZUnitStandard:ZZUnitStandard_ID:3350;ZZLearnership:ZZLearnership_ID:234;ref:ZZLkpUnitStandardType:ZZUnitStandardType:3
*,4597,Y,ZZUnitStandard:ZZUnitStandard_ID:3352;ZZLearnership:ZZLearnership_ID:234;ref:ZZLkpUnitStandardType:ZZUnitStandardType:1
*,4598,Y,ZZUnitStandard:ZZUnitStandard_ID:3917;ZZLearnership:ZZLearnership_ID:234;ref:ZZLkpUnitStandardType:ZZUnitStandardType:3
*,4599,Y,ZZUnitStandard:ZZUnitStandard_ID:3918;ZZLearnership:ZZLearnership_ID:234;ref:ZZLkpUnitStandardType:ZZUnitStandardType:1
*,4600,Y,ZZUnitStandard:ZZUnitStandard_ID:117;ZZLearnership:ZZLearnership_ID:280;ref:ZZLkpUnitStandardType:ZZUnitStandardType:3
*,4601,Y,ZZUnitStandard:ZZUnitStandard_ID:375;ZZLearnership:ZZLearnership_ID:280;ref:ZZLkpUnitStandardType:ZZUnitStandardType:3
*,4602,Y,ZZUnitStandard:ZZUnitStandard_ID:376;ZZLearnership:ZZLearnership_ID:280;ref:ZZLkpUnitStandardType:ZZUnitStandardType:3
*,4603,Y,ZZUnitStandard:ZZUnitStandard_ID:379;ZZLearnership:ZZLearnership_ID:280;ref:ZZLkpUnitStandardType:ZZUnitStandardType:3
*,4604,Y,ZZUnitStandard:ZZUnitStandard_ID:380;ZZLearnership:ZZLearnership_ID:280;ref:ZZLkpUnitStandardType:ZZUnitStandardType:3
*,4605,Y,ZZUnitStandard:ZZUnitStandard_ID:381;ZZLearnership:ZZLearnership_ID:280;ref:ZZLkpUnitStandardType:ZZUnitStandardType:3
*,4606,Y,ZZUnitStandard:ZZUnitStandard_ID:382;ZZLearnership:ZZLearnership_ID:280;ref:ZZLkpUnitStandardType:ZZUnitStandardType:3
*,4607,Y,ZZUnitStandard:ZZUnitStandard_ID:394;ZZLearnership:ZZLearnership_ID:280;ref:ZZLkpUnitStandardType:ZZUnitStandardType:1
*,4608,Y,ZZUnitStandard:ZZUnitStandard_ID:396;ZZLearnership:ZZLearnership_ID:280;ref:ZZLkpUnitStandardType:ZZUnitStandardType:3
*,4609,Y,ZZUnitStandard:ZZUnitStandard_ID:399;ZZLearnership:ZZLearnership_ID:280;ref:ZZLkpUnitStandardType:ZZUnitStandardType:3
*,4610,Y,ZZUnitStandard:ZZUnitStandard_ID:407;ZZLearnership:ZZLearnership_ID:280;ref:ZZLkpUnitStandardType:ZZUnitStandardType:3
*,4611,Y,ZZUnitStandard:ZZUnitStandard_ID:411;ZZLearnership:ZZLearnership_ID:280;ref:ZZLkpUnitStandardType:ZZUnitStandardType:3
*,4612,Y,ZZUnitStandard:ZZUnitStandard_ID:472;ZZLearnership:ZZLearnership_ID:280;ref:ZZLkpUnitStandardType:ZZUnitStandardType:3
*,4613,Y,ZZUnitStandard:ZZUnitStandard_ID:529;ZZLearnership:ZZLearnership_ID:280;ref:ZZLkpUnitStandardType:ZZUnitStandardType:3
*,4614,Y,ZZUnitStandard:ZZUnitStandard_ID:530;ZZLearnership:ZZLearnership_ID:280;ref:ZZLkpUnitStandardType:ZZUnitStandardType:3
*,4615,Y,ZZUnitStandard:ZZUnitStandard_ID:531;ZZLearnership:ZZLearnership_ID:280;ref:ZZLkpUnitStandardType:ZZUnitStandardType:3
*,4616,Y,ZZUnitStandard:ZZUnitStandard_ID:606;ZZLearnership:ZZLearnership_ID:280;ref:ZZLkpUnitStandardType:ZZUnitStandardType:3
*,4617,Y,ZZUnitStandard:ZZUnitStandard_ID:618;ZZLearnership:ZZLearnership_ID:280;ref:ZZLkpUnitStandardType:ZZUnitStandardType:1
*,4618,Y,ZZUnitStandard:ZZUnitStandard_ID:770;ZZLearnership:ZZLearnership_ID:280;ref:ZZLkpUnitStandardType:ZZUnitStandardType:3
*,4619,Y,ZZUnitStandard:ZZUnitStandard_ID:930;ZZLearnership:ZZLearnership_ID:280;ref:ZZLkpUnitStandardType:ZZUnitStandardType:1
*,4620,Y,ZZUnitStandard:ZZUnitStandard_ID:985;ZZLearnership:ZZLearnership_ID:280;ref:ZZLkpUnitStandardType:ZZUnitStandardType:1
*,4621,Y,ZZUnitStandard:ZZUnitStandard_ID:1034;ZZLearnership:ZZLearnership_ID:280;ref:ZZLkpUnitStandardType:ZZUnitStandardType:1
*,4622,Y,ZZUnitStandard:ZZUnitStandard_ID:1049;ZZLearnership:ZZLearnership_ID:280;ref:ZZLkpUnitStandardType:ZZUnitStandardType:3
*,4623,Y,ZZUnitStandard:ZZUnitStandard_ID:1185;ZZLearnership:ZZLearnership_ID:280;ref:ZZLkpUnitStandardType:ZZUnitStandardType:2
*,4624,Y,ZZUnitStandard:ZZUnitStandard_ID:1186;ZZLearnership:ZZLearnership_ID:280;ref:ZZLkpUnitStandardType:ZZUnitStandardType:2
*,4625,Y,ZZUnitStandard:ZZUnitStandard_ID:1194;ZZLearnership:ZZLearnership_ID:280;ref:ZZLkpUnitStandardType:ZZUnitStandardType:2
*,4626,Y,ZZUnitStandard:ZZUnitStandard_ID:1229;ZZLearnership:ZZLearnership_ID:280;ref:ZZLkpUnitStandardType:ZZUnitStandardType:3
*,4627,Y,ZZUnitStandard:ZZUnitStandard_ID:1233;ZZLearnership:ZZLearnership_ID:280;ref:ZZLkpUnitStandardType:ZZUnitStandardType:3
*,4628,Y,ZZUnitStandard:ZZUnitStandard_ID:1234;ZZLearnership:ZZLearnership_ID:280;ref:ZZLkpUnitStandardType:ZZUnitStandardType:1
*,4629,Y,ZZUnitStandard:ZZUnitStandard_ID:1514;ZZLearnership:ZZLearnership_ID:280;ref:ZZLkpUnitStandardType:ZZUnitStandardType:2
*,4630,Y,ZZUnitStandard:ZZUnitStandard_ID:1726;ZZLearnership:ZZLearnership_ID:280;ref:ZZLkpUnitStandardType:ZZUnitStandardType:1
*,4631,Y,ZZUnitStandard:ZZUnitStandard_ID:2340;ZZLearnership:ZZLearnership_ID:280;ref:ZZLkpUnitStandardType:ZZUnitStandardType:2
*,4632,Y,ZZUnitStandard:ZZUnitStandard_ID:2355;ZZLearnership:ZZLearnership_ID:280;ref:ZZLkpUnitStandardType:ZZUnitStandardType:3
*,4633,Y,ZZUnitStandard:ZZUnitStandard_ID:2356;ZZLearnership:ZZLearnership_ID:280;ref:ZZLkpUnitStandardType:ZZUnitStandardType:3
*,4634,Y,ZZUnitStandard:ZZUnitStandard_ID:2357;ZZLearnership:ZZLearnership_ID:280;ref:ZZLkpUnitStandardType:ZZUnitStandardType:1
*,4635,Y,ZZUnitStandard:ZZUnitStandard_ID:2358;ZZLearnership:ZZLearnership_ID:280;ref:ZZLkpUnitStandardType:ZZUnitStandardType:3
*,4636,Y,ZZUnitStandard:ZZUnitStandard_ID:2359;ZZLearnership:ZZLearnership_ID:280;ref:ZZLkpUnitStandardType:ZZUnitStandardType:1
*,4637,Y,ZZUnitStandard:ZZUnitStandard_ID:2360;ZZLearnership:ZZLearnership_ID:280;ref:ZZLkpUnitStandardType:ZZUnitStandardType:3
*,4638,Y,ZZUnitStandard:ZZUnitStandard_ID:2361;ZZLearnership:ZZLearnership_ID:280;ref:ZZLkpUnitStandardType:ZZUnitStandardType:3
*,4639,Y,ZZUnitStandard:ZZUnitStandard_ID:2450;ZZLearnership:ZZLearnership_ID:280;ref:ZZLkpUnitStandardType:ZZUnitStandardType:2
*,4640,Y,ZZUnitStandard:ZZUnitStandard_ID:2452;ZZLearnership:ZZLearnership_ID:280;ref:ZZLkpUnitStandardType:ZZUnitStandardType:2
*,4641,Y,ZZUnitStandard:ZZUnitStandard_ID:2453;ZZLearnership:ZZLearnership_ID:280;ref:ZZLkpUnitStandardType:ZZUnitStandardType:2
*,4642,Y,ZZUnitStandard:ZZUnitStandard_ID:2533;ZZLearnership:ZZLearnership_ID:280;ref:ZZLkpUnitStandardType:ZZUnitStandardType:1
*,4643,Y,ZZUnitStandard:ZZUnitStandard_ID:2534;ZZLearnership:ZZLearnership_ID:280;ref:ZZLkpUnitStandardType:ZZUnitStandardType:1
*,4644,Y,ZZUnitStandard:ZZUnitStandard_ID:2535;ZZLearnership:ZZLearnership_ID:280;ref:ZZLkpUnitStandardType:ZZUnitStandardType:1
*,4645,Y,ZZUnitStandard:ZZUnitStandard_ID:2536;ZZLearnership:ZZLearnership_ID:280;ref:ZZLkpUnitStandardType:ZZUnitStandardType:1
*,4646,Y,ZZUnitStandard:ZZUnitStandard_ID:2537;ZZLearnership:ZZLearnership_ID:280;ref:ZZLkpUnitStandardType:ZZUnitStandardType:1
*,4647,Y,ZZUnitStandard:ZZUnitStandard_ID:2538;ZZLearnership:ZZLearnership_ID:280;ref:ZZLkpUnitStandardType:ZZUnitStandardType:3
*,4648,Y,ZZUnitStandard:ZZUnitStandard_ID:2539;ZZLearnership:ZZLearnership_ID:280;ref:ZZLkpUnitStandardType:ZZUnitStandardType:3
*,4649,Y,ZZUnitStandard:ZZUnitStandard_ID:2541;ZZLearnership:ZZLearnership_ID:280;ref:ZZLkpUnitStandardType:ZZUnitStandardType:1
*,4650,Y,ZZUnitStandard:ZZUnitStandard_ID:2542;ZZLearnership:ZZLearnership_ID:280;ref:ZZLkpUnitStandardType:ZZUnitStandardType:3
*,4651,Y,ZZUnitStandard:ZZUnitStandard_ID:2543;ZZLearnership:ZZLearnership_ID:280;ref:ZZLkpUnitStandardType:ZZUnitStandardType:1
*,4652,Y,ZZUnitStandard:ZZUnitStandard_ID:2544;ZZLearnership:ZZLearnership_ID:280;ref:ZZLkpUnitStandardType:ZZUnitStandardType:3
*,4653,Y,ZZUnitStandard:ZZUnitStandard_ID:2545;ZZLearnership:ZZLearnership_ID:280;ref:ZZLkpUnitStandardType:ZZUnitStandardType:3
*,4654,Y,ZZUnitStandard:ZZUnitStandard_ID:2546;ZZLearnership:ZZLearnership_ID:280;ref:ZZLkpUnitStandardType:ZZUnitStandardType:3
*,4655,Y,ZZUnitStandard:ZZUnitStandard_ID:2547;ZZLearnership:ZZLearnership_ID:280;ref:ZZLkpUnitStandardType:ZZUnitStandardType:3
*,4656,Y,ZZUnitStandard:ZZUnitStandard_ID:2548;ZZLearnership:ZZLearnership_ID:280;ref:ZZLkpUnitStandardType:ZZUnitStandardType:1
*,4657,Y,ZZUnitStandard:ZZUnitStandard_ID:2549;ZZLearnership:ZZLearnership_ID:280;ref:ZZLkpUnitStandardType:ZZUnitStandardType:3
*,4658,Y,ZZUnitStandard:ZZUnitStandard_ID:2550;ZZLearnership:ZZLearnership_ID:280;ref:ZZLkpUnitStandardType:ZZUnitStandardType:3
*,4659,Y,ZZUnitStandard:ZZUnitStandard_ID:2551;ZZLearnership:ZZLearnership_ID:280;ref:ZZLkpUnitStandardType:ZZUnitStandardType:3
*,4660,Y,ZZUnitStandard:ZZUnitStandard_ID:2552;ZZLearnership:ZZLearnership_ID:280;ref:ZZLkpUnitStandardType:ZZUnitStandardType:3
*,4661,Y,ZZUnitStandard:ZZUnitStandard_ID:2553;ZZLearnership:ZZLearnership_ID:280;ref:ZZLkpUnitStandardType:ZZUnitStandardType:3
*,4662,Y,ZZUnitStandard:ZZUnitStandard_ID:2633;ZZLearnership:ZZLearnership_ID:280;ref:ZZLkpUnitStandardType:ZZUnitStandardType:1
*,4663,Y,ZZUnitStandard:ZZUnitStandard_ID:2634;ZZLearnership:ZZLearnership_ID:280;ref:ZZLkpUnitStandardType:ZZUnitStandardType:3
*,4664,Y,ZZUnitStandard:ZZUnitStandard_ID:3357;ZZLearnership:ZZLearnership_ID:280;ref:ZZLkpUnitStandardType:ZZUnitStandardType:3
*,4665,Y,ZZUnitStandard:ZZUnitStandard_ID:930;ZZLearnership:ZZLearnership_ID:281;ref:ZZLkpUnitStandardType:ZZUnitStandardType:1
*,4666,Y,ZZUnitStandard:ZZUnitStandard_ID:985;ZZLearnership:ZZLearnership_ID:281;ref:ZZLkpUnitStandardType:ZZUnitStandardType:1
*,4667,Y,ZZUnitStandard:ZZUnitStandard_ID:2450;ZZLearnership:ZZLearnership_ID:281;ref:ZZLkpUnitStandardType:ZZUnitStandardType:2
*,4668,Y,ZZUnitStandard:ZZUnitStandard_ID:2453;ZZLearnership:ZZLearnership_ID:281;ref:ZZLkpUnitStandardType:ZZUnitStandardType:2
*,4669,Y,ZZUnitStandard:ZZUnitStandard_ID:2452;ZZLearnership:ZZLearnership_ID:281;ref:ZZLkpUnitStandardType:ZZUnitStandardType:2
*,4670,Y,ZZUnitStandard:ZZUnitStandard_ID:2340;ZZLearnership:ZZLearnership_ID:281;ref:ZZLkpUnitStandardType:ZZUnitStandardType:2
*,4671,Y,ZZUnitStandard:ZZUnitStandard_ID:1726;ZZLearnership:ZZLearnership_ID:281;ref:ZZLkpUnitStandardType:ZZUnitStandardType:1
*,4672,Y,ZZUnitStandard:ZZUnitStandard_ID:1034;ZZLearnership:ZZLearnership_ID:281;ref:ZZLkpUnitStandardType:ZZUnitStandardType:1
*,4673,Y,ZZUnitStandard:ZZUnitStandard_ID:2535;ZZLearnership:ZZLearnership_ID:281;ref:ZZLkpUnitStandardType:ZZUnitStandardType:1
*,4674,Y,ZZUnitStandard:ZZUnitStandard_ID:1234;ZZLearnership:ZZLearnership_ID:281;ref:ZZLkpUnitStandardType:ZZUnitStandardType:1
*,4675,Y,ZZUnitStandard:ZZUnitStandard_ID:2537;ZZLearnership:ZZLearnership_ID:281;ref:ZZLkpUnitStandardType:ZZUnitStandardType:1
*,4676,Y,ZZUnitStandard:ZZUnitStandard_ID:2534;ZZLearnership:ZZLearnership_ID:281;ref:ZZLkpUnitStandardType:ZZUnitStandardType:1
*,4677,Y,ZZUnitStandard:ZZUnitStandard_ID:2533;ZZLearnership:ZZLearnership_ID:281;ref:ZZLkpUnitStandardType:ZZUnitStandardType:1
*,4678,Y,ZZUnitStandard:ZZUnitStandard_ID:2536;ZZLearnership:ZZLearnership_ID:281;ref:ZZLkpUnitStandardType:ZZUnitStandardType:1
*,4679,Y,ZZUnitStandard:ZZUnitStandard_ID:2633;ZZLearnership:ZZLearnership_ID:281;ref:ZZLkpUnitStandardType:ZZUnitStandardType:1
*,4680,Y,ZZUnitStandard:ZZUnitStandard_ID:1185;ZZLearnership:ZZLearnership_ID:281;ref:ZZLkpUnitStandardType:ZZUnitStandardType:2
*,4681,Y,ZZUnitStandard:ZZUnitStandard_ID:1514;ZZLearnership:ZZLearnership_ID:281;ref:ZZLkpUnitStandardType:ZZUnitStandardType:2
*,4682,Y,ZZUnitStandard:ZZUnitStandard_ID:1186;ZZLearnership:ZZLearnership_ID:281;ref:ZZLkpUnitStandardType:ZZUnitStandardType:2
*,4683,Y,ZZUnitStandard:ZZUnitStandard_ID:1516;ZZLearnership:ZZLearnership_ID:281;ref:ZZLkpUnitStandardType:ZZUnitStandardType:2
*,4684,Y,ZZUnitStandard:ZZUnitStandard_ID:1194;ZZLearnership:ZZLearnership_ID:281;ref:ZZLkpUnitStandardType:ZZUnitStandardType:2
*,4685,Y,ZZUnitStandard:ZZUnitStandard_ID:3987;ZZLearnership:ZZLearnership_ID:281;ref:ZZLkpUnitStandardType:ZZUnitStandardType:1
*,4686,Y,ZZUnitStandard:ZZUnitStandard_ID:3970;ZZLearnership:ZZLearnership_ID:297;ref:ZZLkpUnitStandardType:ZZUnitStandardType:1
*,4687,Y,ZZUnitStandard:ZZUnitStandard_ID:3970;ZZLearnership:ZZLearnership_ID:302;ref:ZZLkpUnitStandardType:ZZUnitStandardType:1
*,4688,Y,ZZUnitStandard:ZZUnitStandard_ID:177;ZZLearnership:ZZLearnership_ID:302;ref:ZZLkpUnitStandardType:ZZUnitStandardType:1
*,4689,Y,ZZUnitStandard:ZZUnitStandard_ID:178;ZZLearnership:ZZLearnership_ID:302;ref:ZZLkpUnitStandardType:ZZUnitStandardType:1
*,4690,Y,ZZUnitStandard:ZZUnitStandard_ID:1133;ZZLearnership:ZZLearnership_ID:302;ref:ZZLkpUnitStandardType:ZZUnitStandardType:1
*,4691,Y,ZZUnitStandard:ZZUnitStandard_ID:1305;ZZLearnership:ZZLearnership_ID:302;ref:ZZLkpUnitStandardType:ZZUnitStandardType:1
*,4692,Y,ZZUnitStandard:ZZUnitStandard_ID:3217;ZZLearnership:ZZLearnership_ID:302;ref:ZZLkpUnitStandardType:ZZUnitStandardType:1
*,4693,Y,ZZUnitStandard:ZZUnitStandard_ID:1806;ZZLearnership:ZZLearnership_ID:302;ref:ZZLkpUnitStandardType:ZZUnitStandardType:1
*,4694,Y,ZZUnitStandard:ZZUnitStandard_ID:3987;ZZLearnership:ZZLearnership_ID:302;ref:ZZLkpUnitStandardType:ZZUnitStandardType:2
*,4695,Y,ZZUnitStandard:ZZUnitStandard_ID:1131;ZZLearnership:ZZLearnership_ID:302;ref:ZZLkpUnitStandardType:ZZUnitStandardType:2
*,4696,Y,ZZUnitStandard:ZZUnitStandard_ID:176;ZZLearnership:ZZLearnership_ID:302;ref:ZZLkpUnitStandardType:ZZUnitStandardType:2
*,4697,Y,ZZUnitStandard:ZZUnitStandard_ID:3939;ZZLearnership:ZZLearnership_ID:302;ref:ZZLkpUnitStandardType:ZZUnitStandardType:1
*,4698,Y,ZZUnitStandard:ZZUnitStandard_ID:1674;ZZLearnership:ZZLearnership_ID:302;ref:ZZLkpUnitStandardType:ZZUnitStandardType:1
*,4699,Y,ZZUnitStandard:ZZUnitStandard_ID:1883;ZZLearnership:ZZLearnership_ID:302;ref:ZZLkpUnitStandardType:ZZUnitStandardType:1
*,4700,Y,ZZUnitStandard:ZZUnitStandard_ID:4061;ZZLearnership:ZZLearnership_ID:302;ref:ZZLkpUnitStandardType:ZZUnitStandardType:1
*,4701,Y,ZZUnitStandard:ZZUnitStandard_ID:4062;ZZLearnership:ZZLearnership_ID:302;ref:ZZLkpUnitStandardType:ZZUnitStandardType:1
*,4702,Y,ZZUnitStandard:ZZUnitStandard_ID:1801;ZZLearnership:ZZLearnership_ID:302;ref:ZZLkpUnitStandardType:ZZUnitStandardType:1
*,4703,Y,ZZUnitStandard:ZZUnitStandard_ID:1807;ZZLearnership:ZZLearnership_ID:302;ref:ZZLkpUnitStandardType:ZZUnitStandardType:1
*,4704,Y,ZZUnitStandard:ZZUnitStandard_ID:2373;ZZLearnership:ZZLearnership_ID:302;ref:ZZLkpUnitStandardType:ZZUnitStandardType:1
*,4705,Y,ZZUnitStandard:ZZUnitStandard_ID:2372;ZZLearnership:ZZLearnership_ID:302;ref:ZZLkpUnitStandardType:ZZUnitStandardType:1
*,4706,Y,ZZUnitStandard:ZZUnitStandard_ID:978;ZZLearnership:ZZLearnership_ID:302;ref:ZZLkpUnitStandardType:ZZUnitStandardType:1
*,4707,Y,ZZUnitStandard:ZZUnitStandard_ID:1689;ZZLearnership:ZZLearnership_ID:302;ref:ZZLkpUnitStandardType:ZZUnitStandardType:1
*,4708,Y,ZZUnitStandard:ZZUnitStandard_ID:3257;ZZLearnership:ZZLearnership_ID:302;ref:ZZLkpUnitStandardType:ZZUnitStandardType:1
*,4709,Y,ZZUnitStandard:ZZUnitStandard_ID:1632;ZZLearnership:ZZLearnership_ID:302;ref:ZZLkpUnitStandardType:ZZUnitStandardType:1
*,4710,Y,ZZUnitStandard:ZZUnitStandard_ID:3939;ZZLearnership:ZZLearnership_ID:330;ref:ZZLkpUnitStandardType:ZZUnitStandardType:1
*,4711,Y,ZZUnitStandard:ZZUnitStandard_ID:4062;ZZLearnership:ZZLearnership_ID:330;ref:ZZLkpUnitStandardType:ZZUnitStandardType:1
*,4712,Y,ZZUnitStandard:ZZUnitStandard_ID:4489;ZZLearnership:ZZLearnership_ID:330;ref:ZZLkpUnitStandardType:ZZUnitStandardType:1
