AD_Org_ID[Name],ZZMigrationCode/K,IsActive,ZZLearnership_ID[ZZLearnershipCode],ZZUnitStandardType,ZZMigrateValues
*,1,Y,16Q160080421273,,ZZUnitStandard:ZZUnitStandard_id:83
*,2,Y,16Q160080421273,,ZZUnitStandard:ZZUnitStandard_id:84
*,3,Y,16Q160080421273,Core,ZZUnitStandard:ZZUnitStandard_id:85
*,3,Y,16Q160080421273,Fundamental,ZZUnitStandard:ZZUnitStandard_id:85
*,3,Y,16Q160080421273,Elective,ZZUnitStandard:ZZUnitStandard_id:85
*,3,Y,16Q160080421273,Compulsory Elective,ZZUnitStandard:ZZUnitStandard_id:85
*,4,Y,16Q160080421273,,ZZUnitStandard:ZZUnitStandard_id:87
*,5,Y,16Q160080421273,,ZZUnitStandard:ZZUnitStandard_id:88
*,6,Y,16Q160080421273,,ZZUnitStandard:ZZUnitStandard_id:89
*,7,Y,16Q160080421273,,ZZUnitStandard:ZZUnitStandard_id:90
*,8,Y,16Q160080421273,,ZZUnitStandard:ZZUnitStandard_id:91
*,9,Y,16Q160080421273,,ZZUnitStandard:ZZUnitStandard_id:349
*,10,Y,16Q160080421273,,ZZUnitStandard:ZZUnitStandard_id:350
*,11,Y,16Q160080421273,,ZZUnitStandard:ZZUnitStandard_id:351
*,12,Y,16Q160080421273,,ZZUnitStandard:ZZUnitStandard_id:352
*,13,Y,16Q160080421273,,ZZUnitStandard:ZZUnitStandard_id:353
*,14,Y,16Q160080421273,,ZZUnitStandard:ZZUnitStandard_id:354
*,15,Y,16Q160080421273,,ZZUnitStandard:ZZUnitStandard_id:355
*,16,Y,16Q160080421273,,ZZUnitStandard:ZZUnitStandard_id:569
*,17,Y,16Q160080421273,,ZZUnitStandard:ZZUnitStandard_id:587
*,18,Y,16Q160080421273,,ZZUnitStandard:ZZUnitStandard_id:588
*,19,Y,16Q160080421273,,ZZUnitStandard:ZZUnitStandard_id:589
*,20,Y,16Q160080421273,,ZZUnitStandard:ZZUnitStandard_id:590
*,21,Y,16Q160080421273,,ZZUnitStandard:ZZUnitStandard_id:591
*,22,Y,16Q160080421273,,ZZUnitStandard:ZZUnitStandard_id:593
*,23,Y,16Q160080421273,,ZZUnitStandard:ZZUnitStandard_id:594
*,24,Y,16Q160080421273,,ZZUnitStandard:ZZUnitStandard_id:595
*,25,Y,16Q160080421273,,ZZUnitStandard:ZZUnitStandard_id:596
*,26,Y,16Q160080421273,,ZZUnitStandard:ZZUnitStandard_id:598
*,27,Y,16Q160080421273,,ZZUnitStandard:ZZUnitStandard_id:599
*,28,Y,16Q160080421273,,ZZUnitStandard:ZZUnitStandard_id:601
*,29,Y,16Q160080421273,,ZZUnitStandard:ZZUnitStandard_id:602
*,30,Y,16Q160080421273,,ZZUnitStandard:ZZUnitStandard_id:822
*,31,Y,16Q160080421273,,ZZUnitStandard:ZZUnitStandard_id:829
*,32,Y,16Q160080421273,,ZZUnitStandard:ZZUnitStandard_id:985
*,33,Y,16Q160080421273,,ZZUnitStandard:ZZUnitStandard_id:1165
*,34,Y,16Q160080421273,,ZZUnitStandard:ZZUnitStandard_id:1166
*,35,Y,16Q160080421273,,ZZUnitStandard:ZZUnitStandard_id:1173
*,36,Y,16Q160080421273,,ZZUnitStandard:ZZUnitStandard_id:1176
*,37,Y,16Q160080421273,,ZZUnitStandard:ZZUnitStandard_id:1188
*,38,Y,16Q160080421273,,ZZUnitStandard:ZZUnitStandard_id:1190
*,39,Y,16Q160080421273,,ZZUnitStandard:ZZUnitStandard_id:1196
*,40,Y,16Q160080421273,,ZZUnitStandard:ZZUnitStandard_id:1326
*,41,Y,16Q160080421273,,ZZUnitStandard:ZZUnitStandard_id:1518
*,42,Y,16Q160080421273,,ZZUnitStandard:ZZUnitStandard_id:1728
*,43,Y,16Q1600746441303,,ZZUnitStandard:ZZUnitStandard_id:83
*,44,Y,16Q1600746441303,,ZZUnitStandard:ZZUnitStandard_id:84
*,45,Y,16Q1600746441303,,ZZUnitStandard:ZZUnitStandard_id:85
*,46,Y,16Q1600746441303,,ZZUnitStandard:ZZUnitStandard_id:87
*,47,Y,16Q1600746441303,,ZZUnitStandard:ZZUnitStandard_id:88
*,48,Y,16Q1600746441303,,ZZUnitStandard:ZZUnitStandard_id:89
*,49,Y,16Q1600746441303,,ZZUnitStandard:ZZUnitStandard_id:90
*,50,Y,16Q1600746441303,,ZZUnitStandard:ZZUnitStandard_id:91
*,51,Y,16Q1600746441303,,ZZUnitStandard:ZZUnitStandard_id:349
*,52,Y,16Q1600746441303,,ZZUnitStandard:ZZUnitStandard_id:350
*,53,Y,16Q1600746441303,,ZZUnitStandard:ZZUnitStandard_id:351
*,54,Y,16Q1600746441303,,ZZUnitStandard:ZZUnitStandard_id:352
*,55,Y,16Q1600746441303,,ZZUnitStandard:ZZUnitStandard_id:353
*,56,Y,16Q1600746441303,,ZZUnitStandard:ZZUnitStandard_id:354
*,57,Y,16Q1600746441303,,ZZUnitStandard:ZZUnitStandard_id:355
*,58,Y,16Q1600746441303,,ZZUnitStandard:ZZUnitStandard_id:569
*,59,Y,16Q1600746441303,,ZZUnitStandard:ZZUnitStandard_id:587
*,60,Y,16Q1600746441303,,ZZUnitStandard:ZZUnitStandard_id:588
*,61,Y,16Q1600746441303,,ZZUnitStandard:ZZUnitStandard_id:589
*,62,Y,16Q1600746441303,,ZZUnitStandard:ZZUnitStandard_id:590
*,63,Y,16Q1600746441303,,ZZUnitStandard:ZZUnitStandard_id:591
*,64,Y,16Q1600746441303,,ZZUnitStandard:ZZUnitStandard_id:593
*,65,Y,16Q1600746441303,,ZZUnitStandard:ZZUnitStandard_id:594
*,66,Y,16Q1600746441303,,ZZUnitStandard:ZZUnitStandard_id:596
*,67,Y,16Q1600746441303,,ZZUnitStandard:ZZUnitStandard_id:598
*,68,Y,16Q1600746441303,,ZZUnitStandard:ZZUnitStandard_id:599
*,69,Y,16Q1600746441303,,ZZUnitStandard:ZZUnitStandard_id:602
*,70,Y,16Q1600746441303,,ZZUnitStandard:ZZUnitStandard_id:658
*,71,Y,16Q1600746441303,,ZZUnitStandard:ZZUnitStandard_id:822
*,72,Y,16Q1600746441303,,ZZUnitStandard:ZZUnitStandard_id:829
*,73,Y,16Q1600746441303,,ZZUnitStandard:ZZUnitStandard_id:985
*,74,Y,16Q1600746441303,,ZZUnitStandard:ZZUnitStandard_id:1165
*,75,Y,16Q1600746441303,,ZZUnitStandard:ZZUnitStandard_id:1166
*,76,Y,16Q1600746441303,,ZZUnitStandard:ZZUnitStandard_id:1173
*,77,Y,16Q1600746441303,,ZZUnitStandard:ZZUnitStandard_id:1176
*,78,Y,16Q1600746441303,,ZZUnitStandard:ZZUnitStandard_id:1188
*,79,Y,16Q1600746441303,,ZZUnitStandard:ZZUnitStandard_id:1190
*,80,Y,16Q1600746441303,,ZZUnitStandard:ZZUnitStandard_id:1196
*,81,Y,16Q1600746441303,,ZZUnitStandard:ZZUnitStandard_id:1326
*,82,Y,16Q1600746441303,,ZZUnitStandard:ZZUnitStandard_id:1518
*,83,Y,16Q1600746441303,,ZZUnitStandard:ZZUnitStandard_id:1728
*,84,Y,16Q160082441503,,ZZUnitStandard:ZZUnitStandard_id:83
*,85,Y,16Q160082441503,,ZZUnitStandard:ZZUnitStandard_id:84
*,86,Y,16Q160082441503,,ZZUnitStandard:ZZUnitStandard_id:85
*,87,Y,16Q160082441503,,ZZUnitStandard:ZZUnitStandard_id:87
*,88,Y,16Q160082441503,,ZZUnitStandard:ZZUnitStandard_id:88
*,89,Y,16Q160082441503,,ZZUnitStandard:ZZUnitStandard_id:89
*,90,Y,16Q160082441503,,ZZUnitStandard:ZZUnitStandard_id:90
*,91,Y,16Q160082441503,,ZZUnitStandard:ZZUnitStandard_id:91
*,92,Y,16Q160082441503,,ZZUnitStandard:ZZUnitStandard_id:349
*,93,Y,16Q160082441503,,ZZUnitStandard:ZZUnitStandard_id:350
*,94,Y,16Q160082441503,,ZZUnitStandard:ZZUnitStandard_id:351
*,95,Y,16Q160082441503,,ZZUnitStandard:ZZUnitStandard_id:352
*,96,Y,16Q160082441503,,ZZUnitStandard:ZZUnitStandard_id:353
*,97,Y,16Q160082441503,,ZZUnitStandard:ZZUnitStandard_id:354
*,98,Y,16Q160082441503,,ZZUnitStandard:ZZUnitStandard_id:355
*,99,Y,16Q160082441503,,ZZUnitStandard:ZZUnitStandard_id:569
*,100,Y,16Q160082441503,,ZZUnitStandard:ZZUnitStandard_id:587
*,101,Y,16Q160082441503,,ZZUnitStandard:ZZUnitStandard_id:588
*,102,Y,16Q160082441503,,ZZUnitStandard:ZZUnitStandard_id:590
*,103,Y,16Q160082441503,,ZZUnitStandard:ZZUnitStandard_id:591
*,104,Y,16Q160082441503,,ZZUnitStandard:ZZUnitStandard_id:593
*,105,Y,16Q160082441503,,ZZUnitStandard:ZZUnitStandard_id:594
*,106,Y,16Q160082441503,,ZZUnitStandard:ZZUnitStandard_id:596
*,107,Y,16Q160082441503,,ZZUnitStandard:ZZUnitStandard_id:598
*,108,Y,16Q160082441503,,ZZUnitStandard:ZZUnitStandard_id:599
*,109,Y,16Q160082441503,,ZZUnitStandard:ZZUnitStandard_id:600
*,110,Y,16Q160082441503,,ZZUnitStandard:ZZUnitStandard_id:602
*,111,Y,16Q160082441503,,ZZUnitStandard:ZZUnitStandard_id:819
*,112,Y,16Q160082441503,,ZZUnitStandard:ZZUnitStandard_id:820
*,113,Y,16Q160082441503,,ZZUnitStandard:ZZUnitStandard_id:821
*,114,Y,16Q160082441503,,ZZUnitStandard:ZZUnitStandard_id:822
*,115,Y,16Q160082441503,,ZZUnitStandard:ZZUnitStandard_id:829
*,116,Y,16Q160082441503,,ZZUnitStandard:ZZUnitStandard_id:985
*,117,Y,16Q160082441503,,ZZUnitStandard:ZZUnitStandard_id:1165
*,118,Y,16Q160082441503,,ZZUnitStandard:ZZUnitStandard_id:1166
*,119,Y,16Q160082441503,,ZZUnitStandard:ZZUnitStandard_id:1173
*,120,Y,16Q160082441503,,ZZUnitStandard:ZZUnitStandard_id:1176
*,121,Y,16Q160082441503,,ZZUnitStandard:ZZUnitStandard_id:1188
*,122,Y,16Q160082441503,,ZZUnitStandard:ZZUnitStandard_id:1190
*,123,Y,16Q160082441503,,ZZUnitStandard:ZZUnitStandard_id:1196
*,124,Y,16Q160082441503,,ZZUnitStandard:ZZUnitStandard_id:1326
*,125,Y,16Q160082441503,,ZZUnitStandard:ZZUnitStandard_id:1518
*,126,Y,16Q160082441503,,ZZUnitStandard:ZZUnitStandard_id:1728
*,127,Y,16Q16004951732,,ZZUnitStandard:ZZUnitStandard_id:149
*,128,Y,16Q16004951732,,ZZUnitStandard:ZZUnitStandard_id:150
*,129,Y,16Q16004951732,,ZZUnitStandard:ZZUnitStandard_id:155
*,130,Y,16Q16004951732,,ZZUnitStandard:ZZUnitStandard_id:160
*,131,Y,16Q16004951732,,ZZUnitStandard:ZZUnitStandard_id:171
*,132,Y,16Q16004951732,,ZZUnitStandard:ZZUnitStandard_id:172
*,133,Y,16Q16004951732,,ZZUnitStandard:ZZUnitStandard_id:173
*,134,Y,16Q16004951732,,ZZUnitStandard:ZZUnitStandard_id:174
*,135,Y,16Q16004951732,,ZZUnitStandard:ZZUnitStandard_id:203
*,136,Y,16Q16004951732,,ZZUnitStandard:ZZUnitStandard_id:204
*,137,Y,16Q16004951732,,ZZUnitStandard:ZZUnitStandard_id:205
*,138,Y,16Q16004951732,,ZZUnitStandard:ZZUnitStandard_id:208
*,139,Y,16Q16004951732,,ZZUnitStandard:ZZUnitStandard_id:245
*,140,Y,16Q16004951732,,ZZUnitStandard:ZZUnitStandard_id:247
*,141,Y,16Q16004951732,,ZZUnitStandard:ZZUnitStandard_id:248
*,142,Y,16Q16004951732,,ZZUnitStandard:ZZUnitStandard_id:250
*,143,Y,16Q16004951732,,ZZUnitStandard:ZZUnitStandard_id:255
*,144,Y,16Q16004951732,,ZZUnitStandard:ZZUnitStandard_id:257
*,145,Y,16Q16004951732,,ZZUnitStandard:ZZUnitStandard_id:259
*,146,Y,16Q16004951732,,ZZUnitStandard:ZZUnitStandard_id:260
*,147,Y,16Q16004951732,,ZZUnitStandard:ZZUnitStandard_id:262
*,148,Y,16Q16004951732,,ZZUnitStandard:ZZUnitStandard_id:264
*,149,Y,16Q16004951732,,ZZUnitStandard:ZZUnitStandard_id:269
*,150,Y,16Q16004951732,,ZZUnitStandard:ZZUnitStandard_id:282
*,151,Y,16Q16004951732,,ZZUnitStandard:ZZUnitStandard_id:289
*,152,Y,16Q16004951732,,ZZUnitStandard:ZZUnitStandard_id:290
*,153,Y,16Q16004951732,,ZZUnitStandard:ZZUnitStandard_id:291
*,154,Y,16Q16004951732,,ZZUnitStandard:ZZUnitStandard_id:307
*,155,Y,16Q16004951732,,ZZUnitStandard:ZZUnitStandard_id:332
*,156,Y,16Q16004951732,,ZZUnitStandard:ZZUnitStandard_id:333
*,157,Y,16Q16004951732,,ZZUnitStandard:ZZUnitStandard_id:334
*,158,Y,16Q16004951732,,ZZUnitStandard:ZZUnitStandard_id:335
*,159,Y,16Q16004951732,,ZZUnitStandard:ZZUnitStandard_id:336
*,160,Y,16Q16004951732,,ZZUnitStandard:ZZUnitStandard_id:337
*,161,Y,16Q16004951732,,ZZUnitStandard:ZZUnitStandard_id:338
*,162,Y,16Q16004951732,,ZZUnitStandard:ZZUnitStandard_id:343
*,163,Y,16Q16004951732,,ZZUnitStandard:ZZUnitStandard_id:344
*,164,Y,16Q16004951732,,ZZUnitStandard:ZZUnitStandard_id:345
*,165,Y,16Q16004951732,,ZZUnitStandard:ZZUnitStandard_id:346
*,166,Y,16Q16004951732,,ZZUnitStandard:ZZUnitStandard_id:348
*,167,Y,16Q16004951732,,ZZUnitStandard:ZZUnitStandard_id:356
*,168,Y,16Q16004951732,,ZZUnitStandard:ZZUnitStandard_id:357
*,169,Y,16Q16004951732,,ZZUnitStandard:ZZUnitStandard_id:360
*,170,Y,16Q16004951732,,ZZUnitStandard:ZZUnitStandard_id:361
*,171,Y,16Q16004951732,,ZZUnitStandard:ZZUnitStandard_id:362
*,172,Y,16Q16004951732,,ZZUnitStandard:ZZUnitStandard_id:363
*,173,Y,16Q16004951732,,ZZUnitStandard:ZZUnitStandard_id:364
*,174,Y,16Q16004951732,,ZZUnitStandard:ZZUnitStandard_id:365
*,175,Y,16Q16004951732,,ZZUnitStandard:ZZUnitStandard_id:367
*,176,Y,16Q16004951732,,ZZUnitStandard:ZZUnitStandard_id:368
*,177,Y,16Q16004951732,,ZZUnitStandard:ZZUnitStandard_id:369
*,178,Y,16Q16004951732,,ZZUnitStandard:ZZUnitStandard_id:370
*,179,Y,16Q16004951732,,ZZUnitStandard:ZZUnitStandard_id:371
*,180,Y,16Q16004951732,,ZZUnitStandard:ZZUnitStandard_id:372
*,181,Y,16Q16004951732,,ZZUnitStandard:ZZUnitStandard_id:373
*,182,Y,16Q16004951732,,ZZUnitStandard:ZZUnitStandard_id:374
*,183,Y,16Q16004951732,,ZZUnitStandard:ZZUnitStandard_id:576
*,184,Y,16Q16004951732,,ZZUnitStandard:ZZUnitStandard_id:635
*,185,Y,16Q16004951732,,ZZUnitStandard:ZZUnitStandard_id:637
*,186,Y,16Q16004951732,,ZZUnitStandard:ZZUnitStandard_id:654
*,187,Y,16Q16004951732,,ZZUnitStandard:ZZUnitStandard_id:702
*,188,Y,16Q16004951732,,ZZUnitStandard:ZZUnitStandard_id:710
*,189,Y,16Q16004951732,,ZZUnitStandard:ZZUnitStandard_id:711
*,190,Y,16Q16004951732,,ZZUnitStandard:ZZUnitStandard_id:770
*,191,Y,16Q16004951732,,ZZUnitStandard:ZZUnitStandard_id:930
*,192,Y,16Q16004951732,,ZZUnitStandard:ZZUnitStandard_id:980
*,193,Y,16Q16004951732,,ZZUnitStandard:ZZUnitStandard_id:981
*,194,Y,16Q16004951732,,ZZUnitStandard:ZZUnitStandard_id:1080
*,195,Y,16Q16004951732,,ZZUnitStandard:ZZUnitStandard_id:1095
*,196,Y,16Q16004951732,,ZZUnitStandard:ZZUnitStandard_id:1161
*,197,Y,16Q16004951732,,ZZUnitStandard:ZZUnitStandard_id:1162
*,198,Y,16Q16004951732,,ZZUnitStandard:ZZUnitStandard_id:1163
*,199,Y,16Q16004951732,,ZZUnitStandard:ZZUnitStandard_id:1184
*,200,Y,16Q16004951732,,ZZUnitStandard:ZZUnitStandard_id:1185
*,201,Y,16Q16004951732,,ZZUnitStandard:ZZUnitStandard_id:1186
*,202,Y,16Q16004951732,,ZZUnitStandard:ZZUnitStandard_id:1191
*,203,Y,16Q16004951732,,ZZUnitStandard:ZZUnitStandard_id:1194
*,204,Y,16Q16004951732,,ZZUnitStandard:ZZUnitStandard_id:2025
*,205,Y,16Q160007351763,,ZZUnitStandard:ZZUnitStandard_id:919
*,206,Y,16Q160007351763,,ZZUnitStandard:ZZUnitStandard_id:930
*,207,Y,16Q160007351763,,ZZUnitStandard:ZZUnitStandard_id:1188
*,208,Y,16Q160007351763,,ZZUnitStandard:ZZUnitStandard_id:1190
*,209,Y,16Q160007351763,,ZZUnitStandard:ZZUnitStandard_id:1196
*,210,Y,16Q160007351763,,ZZUnitStandard:ZZUnitStandard_id:1466
*,211,Y,16Q160007351763,,ZZUnitStandard:ZZUnitStandard_id:1502
*,212,Y,16Q160007351763,,ZZUnitStandard:ZZUnitStandard_id:1518
*,213,Y,16Q160007351763,,ZZUnitStandard:ZZUnitStandard_id:2201
*,214,Y,16Q160007351763,,ZZUnitStandard:ZZUnitStandard_id:2202
*,215,Y,16Q160007351763,,ZZUnitStandard:ZZUnitStandard_id:2218
*,216,Y,16Q160007351763,,ZZUnitStandard:ZZUnitStandard_id:2221
*,217,Y,16Q160007351763,,ZZUnitStandard:ZZUnitStandard_id:3411
*,218,Y,16Q160007351763,,ZZUnitStandard:ZZUnitStandard_id:3417
*,219,Y,16Q160007351763,,ZZUnitStandard:ZZUnitStandard_id:3418
*,220,Y,16Q160007351763,,ZZUnitStandard:ZZUnitStandard_id:3419
*,221,Y,16Q160007351763,,ZZUnitStandard:ZZUnitStandard_id:3426
*,222,Y,16Q160007351763,,ZZUnitStandard:ZZUnitStandard_id:3438
*,223,Y,16Q160007351763,,ZZUnitStandard:ZZUnitStandard_id:3442
*,224,Y,16Q160007351763,,ZZUnitStandard:ZZUnitStandard_id:3551
*,225,Y,16Q160007351763,,ZZUnitStandard:ZZUnitStandard_id:3552
*,226,Y,16Q160007351763,,ZZUnitStandard:ZZUnitStandard_id:3553
*,227,Y,16Q160007351763,,ZZUnitStandard:ZZUnitStandard_id:3554
*,228,Y,16Q160007351763,,ZZUnitStandard:ZZUnitStandard_id:3555
*,229,Y,16Q160007351763,,ZZUnitStandard:ZZUnitStandard_id:3556
*,230,Y,16Q160007351763,,ZZUnitStandard:ZZUnitStandard_id:3557
*,231,Y,16Q160007351763,,ZZUnitStandard:ZZUnitStandard_id:3558
*,232,Y,16Q160007351763,,ZZUnitStandard:ZZUnitStandard_id:3568
*,233,Y,16Q160069441484,,ZZUnitStandard:ZZUnitStandard_id:4
*,234,Y,16Q160069441484,,ZZUnitStandard:ZZUnitStandard_id:6
*,235,Y,16Q160069441484,,ZZUnitStandard:ZZUnitStandard_id:7
*,236,Y,16Q160069441484,,ZZUnitStandard:ZZUnitStandard_id:8
*,237,Y,16Q160069441484,,ZZUnitStandard:ZZUnitStandard_id:475
*,238,Y,16Q160069441484,,ZZUnitStandard:ZZUnitStandard_id:484
*,239,Y,16Q160069441484,,ZZUnitStandard:ZZUnitStandard_id:485
*,240,Y,16Q160069441484,,ZZUnitStandard:ZZUnitStandard_id:489
*,241,Y,16Q160069441484,,ZZUnitStandard:ZZUnitStandard_id:931
*,242,Y,16Q160069441484,,ZZUnitStandard:ZZUnitStandard_id:934
*,243,Y,16Q160069441484,,ZZUnitStandard:ZZUnitStandard_id:942
*,244,Y,16Q160069441484,,ZZUnitStandard:ZZUnitStandard_id:943
*,245,Y,16Q160069441484,,ZZUnitStandard:ZZUnitStandard_id:952
*,246,Y,16Q160069441484,,ZZUnitStandard:ZZUnitStandard_id:1164
*,247,Y,16Q160069441484,,ZZUnitStandard:ZZUnitStandard_id:1165
*,248,Y,16Q160069441484,,ZZUnitStandard:ZZUnitStandard_id:1167
*,249,Y,16Q160069441484,,ZZUnitStandard:ZZUnitStandard_id:1168
*,250,Y,16Q160069441484,,ZZUnitStandard:ZZUnitStandard_id:1169
*,251,Y,16Q160069441484,,ZZUnitStandard:ZZUnitStandard_id:1172
*,252,Y,16Q160069441484,,ZZUnitStandard:ZZUnitStandard_id:1176
*,253,Y,16Q160069441484,,ZZUnitStandard:ZZUnitStandard_id:1177
*,254,Y,16Q160069441484,,ZZUnitStandard:ZZUnitStandard_id:1189
*,255,Y,16Q160069441484,,ZZUnitStandard:ZZUnitStandard_id:1197
*,256,Y,16Q160069441484,,ZZUnitStandard:ZZUnitStandard_id:1198
*,257,Y,16Q160069441484,,ZZUnitStandard:ZZUnitStandard_id:1213
*,258,Y,16Q160069441484,,ZZUnitStandard:ZZUnitStandard_id:1216
*,259,Y,16Q160069441484,,ZZUnitStandard:ZZUnitStandard_id:1217
*,260,Y,16Q160069441484,,ZZUnitStandard:ZZUnitStandard_id:1337
*,261,Y,16Q160069441484,,ZZUnitStandard:ZZUnitStandard_id:1643
*,262,Y,16Q160069441484,,ZZUnitStandard:ZZUnitStandard_id:1946
*,263,Y,16Q160069441484,,ZZUnitStandard:ZZUnitStandard_id:1947
*,264,Y,16Q160069441484,,ZZUnitStandard:ZZUnitStandard_id:1948
*,265,Y,16Q160069441484,,ZZUnitStandard:ZZUnitStandard_id:2047
*,266,Y,16Q160069441484,,ZZUnitStandard:ZZUnitStandard_id:2191
*,267,Y,16Q160069441484,,ZZUnitStandard:ZZUnitStandard_id:2192
*,268,Y,16Q160069441484,,ZZUnitStandard:ZZUnitStandard_id:2193
*,269,Y,16Q160069441484,,ZZUnitStandard:ZZUnitStandard_id:2194
*,270,Y,16Q160069441484,,ZZUnitStandard:ZZUnitStandard_id:2195
*,271,Y,16Q160069441484,,ZZUnitStandard:ZZUnitStandard_id:2196
*,272,Y,16Q160069441484,,ZZUnitStandard:ZZUnitStandard_id:2197
*,273,Y,16Q160069441484,,ZZUnitStandard:ZZUnitStandard_id:2198
*,274,Y,16Q160069441484,,ZZUnitStandard:ZZUnitStandard_id:2199
*,275,Y,16Q160069441484,,ZZUnitStandard:ZZUnitStandard_id:2200
*,276,Y,16Q160075261594,,ZZUnitStandard:ZZUnitStandard_id:219
*,277,Y,16Q160075261594,,ZZUnitStandard:ZZUnitStandard_id:222
*,278,Y,16Q160075261594,,ZZUnitStandard:ZZUnitStandard_id:224
*,279,Y,16Q160075261594,,ZZUnitStandard:ZZUnitStandard_id:229
*,280,Y,16Q160075261594,,ZZUnitStandard:ZZUnitStandard_id:231
*,281,Y,16Q160075261594,,ZZUnitStandard:ZZUnitStandard_id:1189
*,282,Y,16Q160075261594,,ZZUnitStandard:ZZUnitStandard_id:1197
*,283,Y,16Q160075261594,,ZZUnitStandard:ZZUnitStandard_id:1198
*,284,Y,16Q160075261594,,ZZUnitStandard:ZZUnitStandard_id:1338
*,285,Y,16Q160075261594,,ZZUnitStandard:ZZUnitStandard_id:1803
*,286,Y,16Q160075261594,,ZZUnitStandard:ZZUnitStandard_id:2187
*,287,Y,16Q160075261594,,ZZUnitStandard:ZZUnitStandard_id:2201
*,288,Y,16Q160075261594,,ZZUnitStandard:ZZUnitStandard_id:2202
*,289,Y,16Q160075261594,,ZZUnitStandard:ZZUnitStandard_id:2204
*,290,Y,16Q160075261594,,ZZUnitStandard:ZZUnitStandard_id:2205
*,291,Y,16Q160075261594,,ZZUnitStandard:ZZUnitStandard_id:2206
*,292,Y,16Q160075261594,,ZZUnitStandard:ZZUnitStandard_id:2207
*,293,Y,16Q160075261594,,ZZUnitStandard:ZZUnitStandard_id:2208
*,294,Y,16Q160075261594,,ZZUnitStandard:ZZUnitStandard_id:2209
*,295,Y,16Q160075261594,,ZZUnitStandard:ZZUnitStandard_id:2214
*,296,Y,16Q160075261594,,ZZUnitStandard:ZZUnitStandard_id:2215
*,297,Y,16Q160075261594,,ZZUnitStandard:ZZUnitStandard_id:2217
*,298,Y,16Q160075261594,,ZZUnitStandard:ZZUnitStandard_id:2218
*,299,Y,16Q160075261594,,ZZUnitStandard:ZZUnitStandard_id:2219
*,300,Y,16Q160075261594,,ZZUnitStandard:ZZUnitStandard_id:2406
*,301,Y,16Q160079311464,,ZZUnitStandard:ZZUnitStandard_id:136
*,302,Y,16Q160079311464,,ZZUnitStandard:ZZUnitStandard_id:137
*,303,Y,16Q160079311464,,ZZUnitStandard:ZZUnitStandard_id:138
*,304,Y,16Q160079311464,,ZZUnitStandard:ZZUnitStandard_id:139
*,305,Y,16Q160079311464,,ZZUnitStandard:ZZUnitStandard_id:140
*,306,Y,16Q160079311464,,ZZUnitStandard:ZZUnitStandard_id:141
*,307,Y,16Q160079311464,,ZZUnitStandard:ZZUnitStandard_id:142
*,308,Y,16Q160079311464,,ZZUnitStandard:ZZUnitStandard_id:143
*,309,Y,16Q160079311464,,ZZUnitStandard:ZZUnitStandard_id:144
*,310,Y,16Q160079311464,,ZZUnitStandard:ZZUnitStandard_id:494
*,311,Y,16Q160079311464,,ZZUnitStandard:ZZUnitStandard_id:496
*,312,Y,16Q160079311464,,ZZUnitStandard:ZZUnitStandard_id:497
*,313,Y,16Q160079311464,,ZZUnitStandard:ZZUnitStandard_id:499
*,314,Y,16Q160079311464,,ZZUnitStandard:ZZUnitStandard_id:646
*,315,Y,16Q160079311464,,ZZUnitStandard:ZZUnitStandard_id:647
*,316,Y,16Q160079311464,,ZZUnitStandard:ZZUnitStandard_id:1189
*,317,Y,16Q160079311464,,ZZUnitStandard:ZZUnitStandard_id:1191
*,318,Y,16Q160079311464,,ZZUnitStandard:ZZUnitStandard_id:1197
*,319,Y,16Q160079311464,,ZZUnitStandard:ZZUnitStandard_id:1312
*,320,Y,16Q160079311464,,ZZUnitStandard:ZZUnitStandard_id:1313
*,321,Y,16Q160079311464,,ZZUnitStandard:ZZUnitStandard_id:1314
*,322,Y,16Q160079311464,,ZZUnitStandard:ZZUnitStandard_id:2013
*,323,Y,16Q160079311464,,ZZUnitStandard:ZZUnitStandard_id:2014
*,324,Y,16Q160079311464,,ZZUnitStandard:ZZUnitStandard_id:2201
*,325,Y,16Q160079311464,,ZZUnitStandard:ZZUnitStandard_id:2202
*,326,Y,16Q160079311464,,ZZUnitStandard:ZZUnitStandard_id:2214
*,327,Y,16Q160079311464,,ZZUnitStandard:ZZUnitStandard_id:2215
*,328,Y,16Q160079311464,,ZZUnitStandard:ZZUnitStandard_id:2217
*,329,Y,16Q160079311464,,ZZUnitStandard:ZZUnitStandard_id:2218
*,330,Y,16Q160079311464,,ZZUnitStandard:ZZUnitStandard_id:2221
*,331,Y,16Q160079311464,,ZZUnitStandard:ZZUnitStandard_id:2406
*,332,Y,16Q160078291504,,ZZUnitStandard:ZZUnitStandard_id:136
*,333,Y,16Q160078291504,,ZZUnitStandard:ZZUnitStandard_id:137
*,334,Y,16Q160078291504,,ZZUnitStandard:ZZUnitStandard_id:138
*,335,Y,16Q160078291504,,ZZUnitStandard:ZZUnitStandard_id:139
*,336,Y,16Q160078291504,,ZZUnitStandard:ZZUnitStandard_id:140
*,337,Y,16Q160078291504,,ZZUnitStandard:ZZUnitStandard_id:141
*,338,Y,16Q160078291504,,ZZUnitStandard:ZZUnitStandard_id:142
*,339,Y,16Q160078291504,,ZZUnitStandard:ZZUnitStandard_id:143
*,340,Y,16Q160078291504,,ZZUnitStandard:ZZUnitStandard_id:494
*,341,Y,16Q160078291504,,ZZUnitStandard:ZZUnitStandard_id:496
*,342,Y,16Q160078291504,,ZZUnitStandard:ZZUnitStandard_id:497
*,343,Y,16Q160078291504,,ZZUnitStandard:ZZUnitStandard_id:499
*,344,Y,16Q160078291504,,ZZUnitStandard:ZZUnitStandard_id:646
*,345,Y,16Q160078291504,,ZZUnitStandard:ZZUnitStandard_id:647
*,346,Y,16Q160078291504,,ZZUnitStandard:ZZUnitStandard_id:1189
*,347,Y,16Q160078291504,,ZZUnitStandard:ZZUnitStandard_id:1191
*,348,Y,16Q160078291504,,ZZUnitStandard:ZZUnitStandard_id:1197
*,349,Y,16Q160078291504,,ZZUnitStandard:ZZUnitStandard_id:1312
*,350,Y,16Q160078291504,,ZZUnitStandard:ZZUnitStandard_id:1313
*,351,Y,16Q160078291504,,ZZUnitStandard:ZZUnitStandard_id:1314
*,352,Y,16Q160078291504,,ZZUnitStandard:ZZUnitStandard_id:2013
*,353,Y,16Q160078291504,,ZZUnitStandard:ZZUnitStandard_id:2014
*,354,Y,16Q160078291504,,ZZUnitStandard:ZZUnitStandard_id:2201
*,355,Y,16Q160078291504,,ZZUnitStandard:ZZUnitStandard_id:2202
*,356,Y,16Q160078291504,,ZZUnitStandard:ZZUnitStandard_id:2214
*,357,Y,16Q160078291504,,ZZUnitStandard:ZZUnitStandard_id:2215
*,358,Y,16Q160078291504,,ZZUnitStandard:ZZUnitStandard_id:2217
*,359,Y,16Q160078291504,,ZZUnitStandard:ZZUnitStandard_id:2218
*,360,Y,16Q160078291504,,ZZUnitStandard:ZZUnitStandard_id:2221
*,361,Y,16Q160078291504,,ZZUnitStandard:ZZUnitStandard_id:2406
*,362,Y,16Q160083471662 ,,ZZUnitStandard:ZZUnitStandard_id:259
*,363,Y,16Q160083471662 ,,ZZUnitStandard:ZZUnitStandard_id:357
*,364,Y,16Q160083471662 ,,ZZUnitStandard:ZZUnitStandard_id:363
*,365,Y,16Q160083471662 ,,ZZUnitStandard:ZZUnitStandard_id:364
*,366,Y,16Q160083471662 ,,ZZUnitStandard:ZZUnitStandard_id:366
*,367,Y,16Q160083471662 ,,ZZUnitStandard:ZZUnitStandard_id:1185
*,368,Y,16Q160083471662 ,,ZZUnitStandard:ZZUnitStandard_id:1186
*,369,Y,16Q160083471662 ,,ZZUnitStandard:ZZUnitStandard_id:1194
*,370,Y,16Q160083471662 ,,ZZUnitStandard:ZZUnitStandard_id:1450
*,371,Y,16Q160083471662 ,,ZZUnitStandard:ZZUnitStandard_id:1461
*,372,Y,16Q160083471662 ,,ZZUnitStandard:ZZUnitStandard_id:1469
*,373,Y,16Q160083471662 ,,ZZUnitStandard:ZZUnitStandard_id:1514
*,374,Y,16Q160083471662 ,,ZZUnitStandard:ZZUnitStandard_id:1516
*,375,Y,16Q160083471662 ,,ZZUnitStandard:ZZUnitStandard_id:1722
*,376,Y,16Q160083471662 ,,ZZUnitStandard:ZZUnitStandard_id:1727
*,377,Y,16Q160083471662 ,,ZZUnitStandard:ZZUnitStandard_id:1890
*,378,Y,16Q160083471662 ,,ZZUnitStandard:ZZUnitStandard_id:1891
*,379,Y,16Q160083471662 ,,ZZUnitStandard:ZZUnitStandard_id:1892
*,380,Y,16Q160083471662 ,,ZZUnitStandard:ZZUnitStandard_id:1893
*,381,Y,16Q160083471662 ,,ZZUnitStandard:ZZUnitStandard_id:1894
*,382,Y,16Q160083471662 ,,ZZUnitStandard:ZZUnitStandard_id:1895
*,383,Y,16Q160083471662 ,,ZZUnitStandard:ZZUnitStandard_id:1896
*,384,Y,16Q160083471662 ,,ZZUnitStandard:ZZUnitStandard_id:1900
*,385,Y,16Q160083471662 ,,ZZUnitStandard:ZZUnitStandard_id:1901
*,386,Y,16Q160083471662 ,,ZZUnitStandard:ZZUnitStandard_id:2020
*,387,Y,16Q160083471662 ,,ZZUnitStandard:ZZUnitStandard_id:2025
*,388,Y,16Q160083471662 ,,ZZUnitStandard:ZZUnitStandard_id:2139
*,389,Y,16Q160083471662 ,,ZZUnitStandard:ZZUnitStandard_id:2140
*,390,Y,16Q160083471662 ,,ZZUnitStandard:ZZUnitStandard_id:2325
*,391,Y,16Q160083471662 ,,ZZUnitStandard:ZZUnitStandard_id:2326
*,392,Y,16Q160083471662 ,,ZZUnitStandard:ZZUnitStandard_id:2327
*,393,Y,16Q160083471662 ,,ZZUnitStandard:ZZUnitStandard_id:2328
*,394,Y,16Q160083471662 ,,ZZUnitStandard:ZZUnitStandard_id:2340
*,395,Y,16Q160083471662 ,,ZZUnitStandard:ZZUnitStandard_id:2363
*,396,Y,16Q160083471662 ,,ZZUnitStandard:ZZUnitStandard_id:2404
*,397,Y,16Q160083471662 ,,ZZUnitStandard:ZZUnitStandard_id:2405
*,398,Y,16Q160083471662 ,,ZZUnitStandard:ZZUnitStandard_id:2446
*,399,Y,16Q160083471662 ,,ZZUnitStandard:ZZUnitStandard_id:2450
*,400,Y,16Q160083471662 ,,ZZUnitStandard:ZZUnitStandard_id:2452
*,401,Y,16Q160083471662 ,,ZZUnitStandard:ZZUnitStandard_id:2453
*,402,Y,16Q160083471662 ,,ZZUnitStandard:ZZUnitStandard_id:2455
*,403,Y,16Q160083471662 ,,ZZUnitStandard:ZZUnitStandard_id:2456
*,404,Y,16Q160083471662 ,,ZZUnitStandard:ZZUnitStandard_id:2457
*,405,Y,16Q160083471662 ,,ZZUnitStandard:ZZUnitStandard_id:2458
*,406,Y,16Q160083471662 ,,ZZUnitStandard:ZZUnitStandard_id:2459
*,407,Y,16Q160083471662 ,,ZZUnitStandard:ZZUnitStandard_id:2460
*,408,Y,16Q160083471662 ,,ZZUnitStandard:ZZUnitStandard_id:2462
*,409,Y,16Q160085291714 ,,ZZUnitStandard:ZZUnitStandard_id:152
*,410,Y,16Q160085291714 ,,ZZUnitStandard:ZZUnitStandard_id:185
*,411,Y,16Q160085291714 ,,ZZUnitStandard:ZZUnitStandard_id:285
*,412,Y,16Q160085291714 ,,ZZUnitStandard:ZZUnitStandard_id:1189
*,413,Y,16Q160085291714 ,,ZZUnitStandard:ZZUnitStandard_id:1197
*,414,Y,16Q160085291714 ,,ZZUnitStandard:ZZUnitStandard_id:1198
*,415,Y,16Q160085291714 ,,ZZUnitStandard:ZZUnitStandard_id:1289
*,416,Y,16Q160085291714 ,,ZZUnitStandard:ZZUnitStandard_id:1477
*,417,Y,16Q160085291714 ,,ZZUnitStandard:ZZUnitStandard_id:2201
*,418,Y,16Q160085291714 ,,ZZUnitStandard:ZZUnitStandard_id:2202
*,419,Y,16Q160085291714 ,,ZZUnitStandard:ZZUnitStandard_id:2214
*,420,Y,16Q160085291714 ,,ZZUnitStandard:ZZUnitStandard_id:2215
*,421,Y,16Q160085291714 ,,ZZUnitStandard:ZZUnitStandard_id:2217
*,422,Y,16Q160085291714 ,,ZZUnitStandard:ZZUnitStandard_id:2218
*,423,Y,16Q160085291714 ,,ZZUnitStandard:ZZUnitStandard_id:2221
*,424,Y,16Q160085291714 ,,ZZUnitStandard:ZZUnitStandard_id:2406
*,425,Y,16Q160085291714 ,,ZZUnitStandard:ZZUnitStandard_id:2424
*,426,Y,16Q160085291714 ,,ZZUnitStandard:ZZUnitStandard_id:2427
*,427,Y,16Q160085291714 ,,ZZUnitStandard:ZZUnitStandard_id:2451
*,428,Y,16Q160085291714 ,,ZZUnitStandard:ZZUnitStandard_id:2465
*,429,Y,16Q160085291714 ,,ZZUnitStandard:ZZUnitStandard_id:2466
*,430,Y,16Q160085291714 ,,ZZUnitStandard:ZZUnitStandard_id:2467
*,431,Y,16Q160085291714 ,,ZZUnitStandard:ZZUnitStandard_id:2468
*,432,Y,16Q160085291714 ,,ZZUnitStandard:ZZUnitStandard_id:2469
*,433,Y,16Q160085291714 ,,ZZUnitStandard:ZZUnitStandard_id:2470
*,434,Y,16Q160085291714 ,,ZZUnitStandard:ZZUnitStandard_id:2471
*,435,Y,16Q160085291714 ,,ZZUnitStandard:ZZUnitStandard_id:2472
*,436,Y,16Q160085291714 ,,ZZUnitStandard:ZZUnitStandard_id:2473
*,437,Y,16Q160085291714 ,,ZZUnitStandard:ZZUnitStandard_id:2474
*,438,Y,16Q160077471413,,ZZUnitStandard:ZZUnitStandard_id:151
*,439,Y,16Q160077471413,,ZZUnitStandard:ZZUnitStandard_id:161
*,440,Y,16Q160077471413,,ZZUnitStandard:ZZUnitStandard_id:245
*,441,Y,16Q160077471413,,ZZUnitStandard:ZZUnitStandard_id:248
*,442,Y,16Q160077471413,,ZZUnitStandard:ZZUnitStandard_id:265
*,443,Y,16Q160077471413,,ZZUnitStandard:ZZUnitStandard_id:271
*,444,Y,16Q160077471413,,ZZUnitStandard:ZZUnitStandard_id:275
*,445,Y,16Q160077471413,,ZZUnitStandard:ZZUnitStandard_id:276
*,446,Y,16Q160077471413,,ZZUnitStandard:ZZUnitStandard_id:277
*,447,Y,16Q160077471413,,ZZUnitStandard:ZZUnitStandard_id:289
*,448,Y,16Q160077471413,,ZZUnitStandard:ZZUnitStandard_id:328
*,449,Y,16Q160077471413,,ZZUnitStandard:ZZUnitStandard_id:340
*,450,Y,16Q160077471413,,ZZUnitStandard:ZZUnitStandard_id:341
*,451,Y,16Q160077471413,,ZZUnitStandard:ZZUnitStandard_id:346
*,452,Y,16Q160077471413,,ZZUnitStandard:ZZUnitStandard_id:374
*,453,Y,16Q160077471413,,ZZUnitStandard:ZZUnitStandard_id:1188
*,454,Y,16Q160077471413,,ZZUnitStandard:ZZUnitStandard_id:1190
*,455,Y,16Q160077471413,,ZZUnitStandard:ZZUnitStandard_id:1196
*,456,Y,16Q160077471413,,ZZUnitStandard:ZZUnitStandard_id:1476
*,457,Y,16Q160077471413,,ZZUnitStandard:ZZUnitStandard_id:1477
*,458,Y,16Q160077471413,,ZZUnitStandard:ZZUnitStandard_id:1508
*,459,Y,16Q160077471413,,ZZUnitStandard:ZZUnitStandard_id:1509
*,460,Y,16Q160077471413,,ZZUnitStandard:ZZUnitStandard_id:1518
*,461,Y,16Q160077471413,,ZZUnitStandard:ZZUnitStandard_id:2002
*,462,Y,16Q160077471413,,ZZUnitStandard:ZZUnitStandard_id:2201
*,463,Y,16Q160077471413,,ZZUnitStandard:ZZUnitStandard_id:2202
*,464,Y,16Q160077471413,,ZZUnitStandard:ZZUnitStandard_id:2218
*,465,Y,16Q160077471413,,ZZUnitStandard:ZZUnitStandard_id:2221
*,466,Y,16Q160077471413,,ZZUnitStandard:ZZUnitStandard_id:2409
*,467,Y,16Q160077471413,,ZZUnitStandard:ZZUnitStandard_id:2410
*,468,Y,16Q160077471413,,ZZUnitStandard:ZZUnitStandard_id:2411
*,469,Y,16Q160077471413,,ZZUnitStandard:ZZUnitStandard_id:2412
*,470,Y,16Q160077471413,,ZZUnitStandard:ZZUnitStandard_id:2413
*,471,Y,16Q160077471413,,ZZUnitStandard:ZZUnitStandard_id:2414
*,472,Y,16Q160077471413,,ZZUnitStandard:ZZUnitStandard_id:2415
*,473,Y,16Q160077471413,,ZZUnitStandard:ZZUnitStandard_id:2416
*,474,Y,16Q160077471413,,ZZUnitStandard:ZZUnitStandard_id:2417
*,475,Y,16Q160077471413,,ZZUnitStandard:ZZUnitStandard_id:2418
*,476,Y,16Q160077471413,,ZZUnitStandard:ZZUnitStandard_id:2419
*,477,Y,16Q160077471413,,ZZUnitStandard:ZZUnitStandard_id:2420
*,478,Y,16Q160077471413,,ZZUnitStandard:ZZUnitStandard_id:2421
*,479,Y,16Q160077471413,,ZZUnitStandard:ZZUnitStandard_id:2422
*,480,Y,16Q160077471413,,ZZUnitStandard:ZZUnitStandard_id:2423
*,481,Y,16Q160077471413,,ZZUnitStandard:ZZUnitStandard_id:2424
*,482,Y,16Q160077471413,,ZZUnitStandard:ZZUnitStandard_id:2425
*,483,Y,16Q160077471413,,ZZUnitStandard:ZZUnitStandard_id:2426
*,484,Y,16Q160077471413,,ZZUnitStandard:ZZUnitStandard_id:2427
*,485,Y,16Q160077471413,,ZZUnitStandard:ZZUnitStandard_id:2464
*,486,Y,16Q160084441413 ,,ZZUnitStandard:ZZUnitStandard_id:151
*,487,Y,16Q160084441413 ,,ZZUnitStandard:ZZUnitStandard_id:161
*,488,Y,16Q160084441413 ,,ZZUnitStandard:ZZUnitStandard_id:245
*,489,Y,16Q160084441413 ,,ZZUnitStandard:ZZUnitStandard_id:248
*,490,Y,16Q160084441413 ,,ZZUnitStandard:ZZUnitStandard_id:265
*,491,Y,16Q160084441413 ,,ZZUnitStandard:ZZUnitStandard_id:271
*,492,Y,16Q160084441413 ,,ZZUnitStandard:ZZUnitStandard_id:275
*,493,Y,16Q160084441413 ,,ZZUnitStandard:ZZUnitStandard_id:276
*,494,Y,16Q160084441413 ,,ZZUnitStandard:ZZUnitStandard_id:277
*,495,Y,16Q160084441413 ,,ZZUnitStandard:ZZUnitStandard_id:289
*,496,Y,16Q160084441413 ,,ZZUnitStandard:ZZUnitStandard_id:328
*,497,Y,16Q160084441413 ,,ZZUnitStandard:ZZUnitStandard_id:340
*,498,Y,16Q160084441413 ,,ZZUnitStandard:ZZUnitStandard_id:341
*,499,Y,16Q160084441413 ,,ZZUnitStandard:ZZUnitStandard_id:346
*,500,Y,16Q160084441413 ,,ZZUnitStandard:ZZUnitStandard_id:374
*,501,Y,16Q160084441413 ,,ZZUnitStandard:ZZUnitStandard_id:1188
*,502,Y,16Q160084441413 ,,ZZUnitStandard:ZZUnitStandard_id:1190
*,503,Y,16Q160084441413 ,,ZZUnitStandard:ZZUnitStandard_id:1196
*,504,Y,16Q160084441413 ,,ZZUnitStandard:ZZUnitStandard_id:1476
*,505,Y,16Q160084441413 ,,ZZUnitStandard:ZZUnitStandard_id:1477
*,506,Y,16Q160084441413 ,,ZZUnitStandard:ZZUnitStandard_id:1508
*,507,Y,16Q160084441413 ,,ZZUnitStandard:ZZUnitStandard_id:1509
*,508,Y,16Q160084441413 ,,ZZUnitStandard:ZZUnitStandard_id:1518
*,509,Y,16Q160084441413 ,,ZZUnitStandard:ZZUnitStandard_id:2002
*,510,Y,16Q160084441413 ,,ZZUnitStandard:ZZUnitStandard_id:2201
*,511,Y,16Q160084441413 ,,ZZUnitStandard:ZZUnitStandard_id:2202
*,512,Y,16Q160084441413 ,,ZZUnitStandard:ZZUnitStandard_id:2218
*,513,Y,16Q160084441413 ,,ZZUnitStandard:ZZUnitStandard_id:2221
*,514,Y,16Q160084441413 ,,ZZUnitStandard:ZZUnitStandard_id:2409
*,515,Y,16Q160084441413 ,,ZZUnitStandard:ZZUnitStandard_id:2410
*,516,Y,16Q160084441413 ,,ZZUnitStandard:ZZUnitStandard_id:2411
*,517,Y,16Q160084441413 ,,ZZUnitStandard:ZZUnitStandard_id:2412
*,518,Y,16Q160084441413 ,,ZZUnitStandard:ZZUnitStandard_id:2413
*,519,Y,16Q160084441413 ,,ZZUnitStandard:ZZUnitStandard_id:2414
*,520,Y,16Q160084441413 ,,ZZUnitStandard:ZZUnitStandard_id:2415
*,521,Y,16Q160084441413 ,,ZZUnitStandard:ZZUnitStandard_id:2416
*,522,Y,16Q160084441413 ,,ZZUnitStandard:ZZUnitStandard_id:2417
*,523,Y,16Q160084441413 ,,ZZUnitStandard:ZZUnitStandard_id:2418
*,524,Y,16Q160084441413 ,,ZZUnitStandard:ZZUnitStandard_id:2419
*,525,Y,16Q160084441413 ,,ZZUnitStandard:ZZUnitStandard_id:2420
*,526,Y,16Q160084441413 ,,ZZUnitStandard:ZZUnitStandard_id:2421
*,527,Y,16Q160084441413 ,,ZZUnitStandard:ZZUnitStandard_id:2422
*,528,Y,16Q160084441413 ,,ZZUnitStandard:ZZUnitStandard_id:2423
*,529,Y,16Q160084441413 ,,ZZUnitStandard:ZZUnitStandard_id:2424
*,530,Y,16Q160084441413 ,,ZZUnitStandard:ZZUnitStandard_id:2425
*,531,Y,16Q160084441413 ,,ZZUnitStandard:ZZUnitStandard_id:2426
*,532,Y,16Q160084441413 ,,ZZUnitStandard:ZZUnitStandard_id:2427
*,533,Y,16Q160084441413 ,,ZZUnitStandard:ZZUnitStandard_id:2464
*,534,Y,16Q160092282344,,ZZUnitStandard:ZZUnitStandard_id:281
*,535,Y,16Q160092282344,,ZZUnitStandard:ZZUnitStandard_id:1127
*,536,Y,16Q160092282344,,ZZUnitStandard:ZZUnitStandard_id:1189
*,537,Y,16Q160092282344,,ZZUnitStandard:ZZUnitStandard_id:1197
*,538,Y,16Q160092282344,,ZZUnitStandard:ZZUnitStandard_id:1198
*,539,Y,16Q160092282344,,ZZUnitStandard:ZZUnitStandard_id:1702
*,540,Y,16Q160092282344,,ZZUnitStandard:ZZUnitStandard_id:2201
*,541,Y,16Q160092282344,,ZZUnitStandard:ZZUnitStandard_id:2202
*,542,Y,16Q160092282344,,ZZUnitStandard:ZZUnitStandard_id:2214
*,543,Y,16Q160092282344,,ZZUnitStandard:ZZUnitStandard_id:2215
*,544,Y,16Q160092282344,,ZZUnitStandard:ZZUnitStandard_id:2217
*,545,Y,16Q160092282344,,ZZUnitStandard:ZZUnitStandard_id:2218
*,546,Y,16Q160092282344,,ZZUnitStandard:ZZUnitStandard_id:2221
*,547,Y,16Q160092282344,,ZZUnitStandard:ZZUnitStandard_id:2406
*,548,Y,16Q160092282344,,ZZUnitStandard:ZZUnitStandard_id:2509
*,549,Y,16Q160092282344,,ZZUnitStandard:ZZUnitStandard_id:2513
*,550,Y,16Q160092282344,,ZZUnitStandard:ZZUnitStandard_id:2514
*,551,Y,16Q160092282344,,ZZUnitStandard:ZZUnitStandard_id:2515
*,552,Y,16Q160092282344,,ZZUnitStandard:ZZUnitStandard_id:2516
*,553,Y,16Q160092282344,,ZZUnitStandard:ZZUnitStandard_id:2517
*,554,Y,16Q160092282344,,ZZUnitStandard:ZZUnitStandard_id:2518
*,555,Y,16Q160092282344,,ZZUnitStandard:ZZUnitStandard_id:2519
*,556,Y,16Q160092282344,,ZZUnitStandard:ZZUnitStandard_id:2520
*,557,Y,16Q160092282344,,ZZUnitStandard:ZZUnitStandard_id:2521
*,558,Y,16Q160092282344,,ZZUnitStandard:ZZUnitStandard_id:2522
*,559,Y,16Q160092282344,,ZZUnitStandard:ZZUnitStandard_id:2523
*,560,Y,16Q160092282344,,ZZUnitStandard:ZZUnitStandard_id:2524
*,561,Y,16Q160092282344,,ZZUnitStandard:ZZUnitStandard_id:2525
*,562,Y,16Q160086991302 ,,ZZUnitStandard:ZZUnitStandard_id:260
*,563,Y,16Q160086991302 ,,ZZUnitStandard:ZZUnitStandard_id:654
*,564,Y,16Q160086991302 ,,ZZUnitStandard:ZZUnitStandard_id:770
*,565,Y,16Q160086991302 ,,ZZUnitStandard:ZZUnitStandard_id:920
*,566,Y,16Q160086991302 ,,ZZUnitStandard:ZZUnitStandard_id:940
*,567,Y,16Q160086991302 ,,ZZUnitStandard:ZZUnitStandard_id:980
*,568,Y,16Q160086991302 ,,ZZUnitStandard:ZZUnitStandard_id:2222
*,569,Y,16Q160086991302 ,,ZZUnitStandard:ZZUnitStandard_id:2227
*,570,Y,16Q160086991302 ,,ZZUnitStandard:ZZUnitStandard_id:2228
*,571,Y,16Q160086991302 ,,ZZUnitStandard:ZZUnitStandard_id:2230
*,572,Y,16Q160086991302 ,,ZZUnitStandard:ZZUnitStandard_id:2233
*,573,Y,16Q160086991302 ,,ZZUnitStandard:ZZUnitStandard_id:2235
*,574,Y,16Q160086991302 ,,ZZUnitStandard:ZZUnitStandard_id:2236
*,575,Y,16Q160086991302 ,,ZZUnitStandard:ZZUnitStandard_id:2237
*,576,Y,16Q160086991302 ,,ZZUnitStandard:ZZUnitStandard_id:2238
*,577,Y,16Q160086991302 ,,ZZUnitStandard:ZZUnitStandard_id:2239
*,578,Y,16Q160086991302 ,,ZZUnitStandard:ZZUnitStandard_id:2240
*,579,Y,16Q160086991302 ,,ZZUnitStandard:ZZUnitStandard_id:2241
*,580,Y,16Q160086991302 ,,ZZUnitStandard:ZZUnitStandard_id:2243
*,581,Y,16Q160086991302 ,,ZZUnitStandard:ZZUnitStandard_id:2244
*,582,Y,16Q160086991302 ,,ZZUnitStandard:ZZUnitStandard_id:2245
*,583,Y,16Q160086991302 ,,ZZUnitStandard:ZZUnitStandard_id:2246
*,584,Y,16Q160086991302 ,,ZZUnitStandard:ZZUnitStandard_id:2247
*,585,Y,16Q160086991302 ,,ZZUnitStandard:ZZUnitStandard_id:2248
*,586,Y,16Q160086991302 ,,ZZUnitStandard:ZZUnitStandard_id:2249
*,587,Y,16Q160086991302 ,,ZZUnitStandard:ZZUnitStandard_id:2250
*,588,Y,16Q160086991302 ,,ZZUnitStandard:ZZUnitStandard_id:2253
*,589,Y,16Q160086991302 ,,ZZUnitStandard:ZZUnitStandard_id:2254
*,590,Y,16Q160086991302 ,,ZZUnitStandard:ZZUnitStandard_id:2255
*,591,Y,16Q160086991302 ,,ZZUnitStandard:ZZUnitStandard_id:2256
*,592,Y,16Q160086991302 ,,ZZUnitStandard:ZZUnitStandard_id:2257
*,593,Y,16Q160086991302 ,,ZZUnitStandard:ZZUnitStandard_id:2260
*,594,Y,16Q160086991302 ,,ZZUnitStandard:ZZUnitStandard_id:2261
*,595,Y,16Q160086991302 ,,ZZUnitStandard:ZZUnitStandard_id:2263
*,596,Y,16Q160086991302 ,,ZZUnitStandard:ZZUnitStandard_id:2264
*,597,Y,16Q160086991302 ,,ZZUnitStandard:ZZUnitStandard_id:2265
*,598,Y,16Q160086991302 ,,ZZUnitStandard:ZZUnitStandard_id:2266
*,599,Y,16Q160086991302 ,,ZZUnitStandard:ZZUnitStandard_id:2267
*,600,Y,16Q160086991302 ,,ZZUnitStandard:ZZUnitStandard_id:2269
*,601,Y,16Q160086991302 ,,ZZUnitStandard:ZZUnitStandard_id:2270
*,602,Y,16Q160086991302 ,,ZZUnitStandard:ZZUnitStandard_id:2271
*,603,Y,16Q160086991302 ,,ZZUnitStandard:ZZUnitStandard_id:2273
*,604,Y,16Q160086991302 ,,ZZUnitStandard:ZZUnitStandard_id:2279
*,605,Y,16Q160086991302 ,,ZZUnitStandard:ZZUnitStandard_id:2282
*,606,Y,16Q160086991302 ,,ZZUnitStandard:ZZUnitStandard_id:2283
*,607,Y,16Q160086991302 ,,ZZUnitStandard:ZZUnitStandard_id:2284
*,608,Y,16Q160086991302 ,,ZZUnitStandard:ZZUnitStandard_id:2285
*,609,Y,16Q160086991302 ,,ZZUnitStandard:ZZUnitStandard_id:2286
*,610,Y,16Q160086991302 ,,ZZUnitStandard:ZZUnitStandard_id:2287
*,611,Y,16Q160086991302 ,,ZZUnitStandard:ZZUnitStandard_id:2288
*,612,Y,16Q160086991302 ,,ZZUnitStandard:ZZUnitStandard_id:2289
*,613,Y,16Q160086991302 ,,ZZUnitStandard:ZZUnitStandard_id:2290
*,614,Y,16Q160086991302 ,,ZZUnitStandard:ZZUnitStandard_id:2291
*,615,Y,16Q160086991302 ,,ZZUnitStandard:ZZUnitStandard_id:2292
*,616,Y,16Q160086991302 ,,ZZUnitStandard:ZZUnitStandard_id:2293
*,617,Y,16Q160086991302 ,,ZZUnitStandard:ZZUnitStandard_id:2294
*,618,Y,16Q160086991302 ,,ZZUnitStandard:ZZUnitStandard_id:2295
*,619,Y,16Q160086991302 ,,ZZUnitStandard:ZZUnitStandard_id:2296
*,620,Y,16Q160086991302 ,,ZZUnitStandard:ZZUnitStandard_id:2297
*,621,Y,16Q160086991302 ,,ZZUnitStandard:ZZUnitStandard_id:2298
*,622,Y,16Q160086991302 ,,ZZUnitStandard:ZZUnitStandard_id:2299
*,623,Y,16Q160086991302 ,,ZZUnitStandard:ZZUnitStandard_id:2300
*,624,Y,16Q160086991302 ,,ZZUnitStandard:ZZUnitStandard_id:2301
*,625,Y,16Q160086991302 ,,ZZUnitStandard:ZZUnitStandard_id:2302
*,626,Y,16Q160086991302 ,,ZZUnitStandard:ZZUnitStandard_id:2303
*,627,Y,16Q160086991302 ,,ZZUnitStandard:ZZUnitStandard_id:2304
*,628,Y,16Q160086991302 ,,ZZUnitStandard:ZZUnitStandard_id:2305
*,629,Y,16Q160086991302 ,,ZZUnitStandard:ZZUnitStandard_id:2306
*,630,Y,16Q160086991302 ,,ZZUnitStandard:ZZUnitStandard_id:2307
*,631,Y,16Q160086991302 ,,ZZUnitStandard:ZZUnitStandard_id:2308
*,632,Y,16Q160086991302 ,,ZZUnitStandard:ZZUnitStandard_id:2309
*,633,Y,16Q160086991302 ,,ZZUnitStandard:ZZUnitStandard_id:2310
*,634,Y,16Q160086991302 ,,ZZUnitStandard:ZZUnitStandard_id:2311
*,635,Y,16Q160086991302 ,,ZZUnitStandard:ZZUnitStandard_id:2312
*,636,Y,16Q160086991302 ,,ZZUnitStandard:ZZUnitStandard_id:2313
*,637,Y,16Q160086991302 ,,ZZUnitStandard:ZZUnitStandard_id:2314
*,638,Y,16Q160086991302 ,,ZZUnitStandard:ZZUnitStandard_id:2315
*,639,Y,16Q160086991302 ,,ZZUnitStandard:ZZUnitStandard_id:2316
*,640,Y,16Q160086991302 ,,ZZUnitStandard:ZZUnitStandard_id:2317
*,641,Y,16Q160086991302 ,,ZZUnitStandard:ZZUnitStandard_id:2318
*,642,Y,16Q160086991302 ,,ZZUnitStandard:ZZUnitStandard_id:2319
*,643,Y,16Q160086991302 ,,ZZUnitStandard:ZZUnitStandard_id:2320
*,644,Y,16Q160086991302 ,,ZZUnitStandard:ZZUnitStandard_id:2321
*,645,Y,16Q160086991302 ,,ZZUnitStandard:ZZUnitStandard_id:2322
*,646,Y,16Q160086991302 ,,ZZUnitStandard:ZZUnitStandard_id:2323
*,647,Y,16Q160086991302 ,,ZZUnitStandard:ZZUnitStandard_id:2324
*,648,Y,16Q160086991302 ,,ZZUnitStandard:ZZUnitStandard_id:2362
*,649,Y,16Q160086991302 ,,ZZUnitStandard:ZZUnitStandard_id:2363
*,650,Y,16Q160086991302 ,,ZZUnitStandard:ZZUnitStandard_id:2364
*,651,Y,16Q160086991302 ,,ZZUnitStandard:ZZUnitStandard_id:2365
*,652,Y,16Q160086991302 ,,ZZUnitStandard:ZZUnitStandard_id:2366
*,653,Y,16Q160086991302 ,,ZZUnitStandard:ZZUnitStandard_id:2441
*,654,Y,16Q160086991302 ,,ZZUnitStandard:ZZUnitStandard_id:2442
*,655,Y,16Q160086991302 ,,ZZUnitStandard:ZZUnitStandard_id:2443
*,656,Y,16Q160086991302 ,,ZZUnitStandard:ZZUnitStandard_id:2444
*,657,Y,16Q160086991302 ,,ZZUnitStandard:ZZUnitStandard_id:2445
*,658,Y,16Q160086991302 ,,ZZUnitStandard:ZZUnitStandard_id:2526
*,659,Y,16Q160086991302 ,,ZZUnitStandard:ZZUnitStandard_id:2527
*,660,Y,16Q160086991302 ,,ZZUnitStandard:ZZUnitStandard_id:2528
*,661,Y,16Q160086991302 ,,ZZUnitStandard:ZZUnitStandard_id:2529
*,662,Y,16Q160086991302 ,,ZZUnitStandard:ZZUnitStandard_id:2530
*,663,Y,16Q160086991302 ,,ZZUnitStandard:ZZUnitStandard_id:2531
*,664,Y,16Q160086991302 ,,ZZUnitStandard:ZZUnitStandard_id:2532
*,665,Y,16Q160086991302 ,,ZZUnitStandard:ZZUnitStandard_id:2613
*,666,Y,16Q160089991302,,ZZUnitStandard:ZZUnitStandard_id:260
*,667,Y,16Q160089991302,,ZZUnitStandard:ZZUnitStandard_id:654
*,668,Y,16Q160089991302,,ZZUnitStandard:ZZUnitStandard_id:770
*,669,Y,16Q160089991302,,ZZUnitStandard:ZZUnitStandard_id:920
*,670,Y,16Q160089991302,,ZZUnitStandard:ZZUnitStandard_id:940
*,671,Y,16Q160089991302,,ZZUnitStandard:ZZUnitStandard_id:980
*,672,Y,16Q160089991302,,ZZUnitStandard:ZZUnitStandard_id:2222
*,673,Y,16Q160089991302,,ZZUnitStandard:ZZUnitStandard_id:2227
*,674,Y,16Q160089991302,,ZZUnitStandard:ZZUnitStandard_id:2228
*,675,Y,16Q160089991302,,ZZUnitStandard:ZZUnitStandard_id:2230
*,676,Y,16Q160089991302,,ZZUnitStandard:ZZUnitStandard_id:2233
*,677,Y,16Q160089991302,,ZZUnitStandard:ZZUnitStandard_id:2235
*,678,Y,16Q160089991302,,ZZUnitStandard:ZZUnitStandard_id:2236
*,679,Y,16Q160089991302,,ZZUnitStandard:ZZUnitStandard_id:2237
*,680,Y,16Q160089991302,,ZZUnitStandard:ZZUnitStandard_id:2238
*,681,Y,16Q160089991302,,ZZUnitStandard:ZZUnitStandard_id:2239
*,682,Y,16Q160089991302,,ZZUnitStandard:ZZUnitStandard_id:2240
*,683,Y,16Q160089991302,,ZZUnitStandard:ZZUnitStandard_id:2241
*,684,Y,16Q160089991302,,ZZUnitStandard:ZZUnitStandard_id:2243
*,685,Y,16Q160089991302,,ZZUnitStandard:ZZUnitStandard_id:2244
*,686,Y,16Q160089991302,,ZZUnitStandard:ZZUnitStandard_id:2245
*,687,Y,16Q160089991302,,ZZUnitStandard:ZZUnitStandard_id:2246
*,688,Y,16Q160089991302,,ZZUnitStandard:ZZUnitStandard_id:2247
*,689,Y,16Q160089991302,,ZZUnitStandard:ZZUnitStandard_id:2248
*,690,Y,16Q160089991302,,ZZUnitStandard:ZZUnitStandard_id:2249
*,691,Y,16Q160089991302,,ZZUnitStandard:ZZUnitStandard_id:2250
*,692,Y,16Q160089991302,,ZZUnitStandard:ZZUnitStandard_id:2253
*,693,Y,16Q160089991302,,ZZUnitStandard:ZZUnitStandard_id:2254
*,694,Y,16Q160089991302,,ZZUnitStandard:ZZUnitStandard_id:2255
*,695,Y,16Q160089991302,,ZZUnitStandard:ZZUnitStandard_id:2256
*,696,Y,16Q160089991302,,ZZUnitStandard:ZZUnitStandard_id:2257
*,697,Y,16Q160089991302,,ZZUnitStandard:ZZUnitStandard_id:2260
*,698,Y,16Q160089991302,,ZZUnitStandard:ZZUnitStandard_id:2261
*,699,Y,16Q160089991302,,ZZUnitStandard:ZZUnitStandard_id:2263
*,700,Y,16Q160089991302,,ZZUnitStandard:ZZUnitStandard_id:2264
*,701,Y,16Q160089991302,,ZZUnitStandard:ZZUnitStandard_id:2265
*,702,Y,16Q160089991302,,ZZUnitStandard:ZZUnitStandard_id:2266
*,703,Y,16Q160089991302,,ZZUnitStandard:ZZUnitStandard_id:2267
*,704,Y,16Q160089991302,,ZZUnitStandard:ZZUnitStandard_id:2269
*,705,Y,16Q160089991302,,ZZUnitStandard:ZZUnitStandard_id:2270
*,706,Y,16Q160089991302,,ZZUnitStandard:ZZUnitStandard_id:2271
*,707,Y,16Q160089991302,,ZZUnitStandard:ZZUnitStandard_id:2272
*,708,Y,16Q160089991302,,ZZUnitStandard:ZZUnitStandard_id:2273
*,709,Y,16Q160089991302,,ZZUnitStandard:ZZUnitStandard_id:2279
*,710,Y,16Q160089991302,,ZZUnitStandard:ZZUnitStandard_id:2282
*,711,Y,16Q160089991302,,ZZUnitStandard:ZZUnitStandard_id:2283
*,712,Y,16Q160089991302,,ZZUnitStandard:ZZUnitStandard_id:2284
*,713,Y,16Q160089991302,,ZZUnitStandard:ZZUnitStandard_id:2285
*,714,Y,16Q160089991302,,ZZUnitStandard:ZZUnitStandard_id:2286
*,715,Y,16Q160089991302,,ZZUnitStandard:ZZUnitStandard_id:2287
*,716,Y,16Q160089991302,,ZZUnitStandard:ZZUnitStandard_id:2288
*,717,Y,16Q160089991302,,ZZUnitStandard:ZZUnitStandard_id:2289
*,718,Y,16Q160089991302,,ZZUnitStandard:ZZUnitStandard_id:2290
*,719,Y,16Q160089991302,,ZZUnitStandard:ZZUnitStandard_id:2291
*,720,Y,16Q160089991302,,ZZUnitStandard:ZZUnitStandard_id:2292
*,721,Y,16Q160089991302,,ZZUnitStandard:ZZUnitStandard_id:2293
*,722,Y,16Q160089991302,,ZZUnitStandard:ZZUnitStandard_id:2294
*,723,Y,16Q160089991302,,ZZUnitStandard:ZZUnitStandard_id:2295
*,724,Y,16Q160089991302,,ZZUnitStandard:ZZUnitStandard_id:2296
*,725,Y,16Q160089991302,,ZZUnitStandard:ZZUnitStandard_id:2297
*,726,Y,16Q160089991302,,ZZUnitStandard:ZZUnitStandard_id:2298
*,727,Y,16Q160089991302,,ZZUnitStandard:ZZUnitStandard_id:2299
*,728,Y,16Q160089991302,,ZZUnitStandard:ZZUnitStandard_id:2300
*,729,Y,16Q160089991302,,ZZUnitStandard:ZZUnitStandard_id:2301
*,730,Y,16Q160089991302,,ZZUnitStandard:ZZUnitStandard_id:2302
*,731,Y,16Q160089991302,,ZZUnitStandard:ZZUnitStandard_id:2303
*,732,Y,16Q160089991302,,ZZUnitStandard:ZZUnitStandard_id:2304
*,733,Y,16Q160089991302,,ZZUnitStandard:ZZUnitStandard_id:2305
*,734,Y,16Q160089991302,,ZZUnitStandard:ZZUnitStandard_id:2306
*,735,Y,16Q160089991302,,ZZUnitStandard:ZZUnitStandard_id:2307
*,736,Y,16Q160089991302,,ZZUnitStandard:ZZUnitStandard_id:2308
*,737,Y,16Q160089991302,,ZZUnitStandard:ZZUnitStandard_id:2309
*,738,Y,16Q160089991302,,ZZUnitStandard:ZZUnitStandard_id:2310
*,739,Y,16Q160089991302,,ZZUnitStandard:ZZUnitStandard_id:2311
*,740,Y,16Q160089991302,,ZZUnitStandard:ZZUnitStandard_id:2312
*,741,Y,16Q160089991302,,ZZUnitStandard:ZZUnitStandard_id:2313
*,742,Y,16Q160089991302,,ZZUnitStandard:ZZUnitStandard_id:2314
*,743,Y,16Q160089991302,,ZZUnitStandard:ZZUnitStandard_id:2315
*,744,Y,16Q160089991302,,ZZUnitStandard:ZZUnitStandard_id:2316
*,745,Y,16Q160089991302,,ZZUnitStandard:ZZUnitStandard_id:2317
*,746,Y,16Q160089991302,,ZZUnitStandard:ZZUnitStandard_id:2318
*,747,Y,16Q160089991302,,ZZUnitStandard:ZZUnitStandard_id:2319
*,748,Y,16Q160089991302,,ZZUnitStandard:ZZUnitStandard_id:2320
*,749,Y,16Q160089991302,,ZZUnitStandard:ZZUnitStandard_id:2321
*,750,Y,16Q160089991302,,ZZUnitStandard:ZZUnitStandard_id:2322
*,751,Y,16Q160089991302,,ZZUnitStandard:ZZUnitStandard_id:2323
*,752,Y,16Q160089991302,,ZZUnitStandard:ZZUnitStandard_id:2324
*,753,Y,16Q160089991302,,ZZUnitStandard:ZZUnitStandard_id:2362
*,754,Y,16Q160089991302,,ZZUnitStandard:ZZUnitStandard_id:2363
*,755,Y,16Q160089991302,,ZZUnitStandard:ZZUnitStandard_id:2364
*,756,Y,16Q160089991302,,ZZUnitStandard:ZZUnitStandard_id:2365
*,757,Y,16Q160089991302,,ZZUnitStandard:ZZUnitStandard_id:2366
*,758,Y,16Q160089991302,,ZZUnitStandard:ZZUnitStandard_id:2441
*,759,Y,16Q160089991302,,ZZUnitStandard:ZZUnitStandard_id:2442
*,760,Y,16Q160089991302,,ZZUnitStandard:ZZUnitStandard_id:2443
*,761,Y,16Q160089991302,,ZZUnitStandard:ZZUnitStandard_id:2444
*,762,Y,16Q160089991302,,ZZUnitStandard:ZZUnitStandard_id:2445
*,763,Y,16Q160089991302,,ZZUnitStandard:ZZUnitStandard_id:2526
*,764,Y,16Q160089991302,,ZZUnitStandard:ZZUnitStandard_id:2527
*,765,Y,16Q160089991302,,ZZUnitStandard:ZZUnitStandard_id:2528
*,766,Y,16Q160089991302,,ZZUnitStandard:ZZUnitStandard_id:2529
*,767,Y,16Q160089991302,,ZZUnitStandard:ZZUnitStandard_id:2530
*,768,Y,16Q160089991302,,ZZUnitStandard:ZZUnitStandard_id:2531
*,769,Y,16Q160089991302,,ZZUnitStandard:ZZUnitStandard_id:2532
*,770,Y,16Q160089991302,,ZZUnitStandard:ZZUnitStandard_id:2613
*,771,Y,16Q160088331263 ,,ZZUnitStandard:ZZUnitStandard_id:976
*,772,Y,16Q160088331263 ,,ZZUnitStandard:ZZUnitStandard_id:1588
*,773,Y,16Q160088331263 ,,ZZUnitStandard:ZZUnitStandard_id:2158
*,774,Y,16Q160088331263 ,,ZZUnitStandard:ZZUnitStandard_id:2223
*,775,Y,16Q160088331263 ,,ZZUnitStandard:ZZUnitStandard_id:2224
*,776,Y,16Q160088331263 ,,ZZUnitStandard:ZZUnitStandard_id:2225
*,777,Y,16Q160088331263 ,,ZZUnitStandard:ZZUnitStandard_id:2226
*,778,Y,16Q160088331263 ,,ZZUnitStandard:ZZUnitStandard_id:2229
*,779,Y,16Q160088331263 ,,ZZUnitStandard:ZZUnitStandard_id:2231
*,780,Y,16Q160088331263 ,,ZZUnitStandard:ZZUnitStandard_id:2232
*,781,Y,16Q160088331263 ,,ZZUnitStandard:ZZUnitStandard_id:2234
*,782,Y,16Q160088331263 ,,ZZUnitStandard:ZZUnitStandard_id:2242
*,783,Y,16Q160088331263 ,,ZZUnitStandard:ZZUnitStandard_id:2251
*,784,Y,16Q160088331263 ,,ZZUnitStandard:ZZUnitStandard_id:2252
*,785,Y,16Q160088331263 ,,ZZUnitStandard:ZZUnitStandard_id:2258
*,786,Y,16Q160088331263 ,,ZZUnitStandard:ZZUnitStandard_id:2259
*,787,Y,16Q160088331263 ,,ZZUnitStandard:ZZUnitStandard_id:2262
*,788,Y,16Q160088331263 ,,ZZUnitStandard:ZZUnitStandard_id:2268
*,789,Y,16Q160088331263 ,,ZZUnitStandard:ZZUnitStandard_id:2272
*,790,Y,16Q160088331263 ,,ZZUnitStandard:ZZUnitStandard_id:2274
*,791,Y,16Q160088331263 ,,ZZUnitStandard:ZZUnitStandard_id:2275
*,792,Y,16Q160088331263 ,,ZZUnitStandard:ZZUnitStandard_id:2276
*,793,Y,16Q160088331263 ,,ZZUnitStandard:ZZUnitStandard_id:2277
*,794,Y,16Q160088331263 ,,ZZUnitStandard:ZZUnitStandard_id:2278
*,795,Y,16Q160088331263 ,,ZZUnitStandard:ZZUnitStandard_id:2279
*,796,Y,16Q160088331263 ,,ZZUnitStandard:ZZUnitStandard_id:2280
*,797,Y,16Q160088331263 ,,ZZUnitStandard:ZZUnitStandard_id:2281
*,798,Y,16Q160088331263 ,,ZZUnitStandard:ZZUnitStandard_id:2282
*,799,Y,16Q160088331263 ,,ZZUnitStandard:ZZUnitStandard_id:2332
*,800,Y,16Q160088331263 ,,ZZUnitStandard:ZZUnitStandard_id:2333
*,801,Y,16Q160088331263 ,,ZZUnitStandard:ZZUnitStandard_id:2334
*,802,Y,16Q160088331263 ,,ZZUnitStandard:ZZUnitStandard_id:2335
*,803,Y,16Q160088331263 ,,ZZUnitStandard:ZZUnitStandard_id:2336
*,804,Y,16Q160088331263 ,,ZZUnitStandard:ZZUnitStandard_id:2337
*,805,Y,16Q160088331263 ,,ZZUnitStandard:ZZUnitStandard_id:2338
*,806,Y,16Q160087331293,,ZZUnitStandard:ZZUnitStandard_id:976
*,807,Y,16Q160087331293,,ZZUnitStandard:ZZUnitStandard_id:1588
*,808,Y,16Q160087331293,,ZZUnitStandard:ZZUnitStandard_id:2158
*,809,Y,16Q160087331293,,ZZUnitStandard:ZZUnitStandard_id:2223
*,810,Y,16Q160087331293,,ZZUnitStandard:ZZUnitStandard_id:2224
*,811,Y,16Q160087331293,,ZZUnitStandard:ZZUnitStandard_id:2225
*,812,Y,16Q160087331293,,ZZUnitStandard:ZZUnitStandard_id:2226
*,813,Y,16Q160087331293,,ZZUnitStandard:ZZUnitStandard_id:2229
*,814,Y,16Q160087331293,,ZZUnitStandard:ZZUnitStandard_id:2231
*,815,Y,16Q160087331293,,ZZUnitStandard:ZZUnitStandard_id:2232
*,816,Y,16Q160087331293,,ZZUnitStandard:ZZUnitStandard_id:2234
*,817,Y,16Q160087331293,,ZZUnitStandard:ZZUnitStandard_id:2242
*,818,Y,16Q160087331293,,ZZUnitStandard:ZZUnitStandard_id:2251
*,819,Y,16Q160087331293,,ZZUnitStandard:ZZUnitStandard_id:2252
*,820,Y,16Q160087331293,,ZZUnitStandard:ZZUnitStandard_id:2258
*,821,Y,16Q160087331293,,ZZUnitStandard:ZZUnitStandard_id:2259
*,822,Y,16Q160087331293,,ZZUnitStandard:ZZUnitStandard_id:2262
*,823,Y,16Q160087331293,,ZZUnitStandard:ZZUnitStandard_id:2268
*,824,Y,16Q160087331293,,ZZUnitStandard:ZZUnitStandard_id:2272
*,825,Y,16Q160087331293,,ZZUnitStandard:ZZUnitStandard_id:2274
*,826,Y,16Q160087331293,,ZZUnitStandard:ZZUnitStandard_id:2275
*,827,Y,16Q160087331293,,ZZUnitStandard:ZZUnitStandard_id:2276
*,828,Y,16Q160087331293,,ZZUnitStandard:ZZUnitStandard_id:2277
*,829,Y,16Q160087331293,,ZZUnitStandard:ZZUnitStandard_id:2278
*,830,Y,16Q160087331293,,ZZUnitStandard:ZZUnitStandard_id:2279
*,831,Y,16Q160087331293,,ZZUnitStandard:ZZUnitStandard_id:2280
*,832,Y,16Q160087331293,,ZZUnitStandard:ZZUnitStandard_id:2281
*,833,Y,16Q160087331293,,ZZUnitStandard:ZZUnitStandard_id:2282
*,834,Y,16Q160087331293,,ZZUnitStandard:ZZUnitStandard_id:2332
*,835,Y,16Q160087331293,,ZZUnitStandard:ZZUnitStandard_id:2333
*,836,Y,16Q160087331293,,ZZUnitStandard:ZZUnitStandard_id:2334
*,837,Y,16Q160087331293,,ZZUnitStandard:ZZUnitStandard_id:2335
*,838,Y,16Q160087331293,,ZZUnitStandard:ZZUnitStandard_id:2336
*,839,Y,16Q160087331293,,ZZUnitStandard:ZZUnitStandard_id:2337
*,840,Y,16Q160087331293,,ZZUnitStandard:ZZUnitStandard_id:2338
*,841,Y,16Q160094641292,,ZZUnitStandard:ZZUnitStandard_id:130
*,842,Y,16Q160094641292,,ZZUnitStandard:ZZUnitStandard_id:375
*,843,Y,16Q160094641292,,ZZUnitStandard:ZZUnitStandard_id:376
*,844,Y,16Q160094641292,,ZZUnitStandard:ZZUnitStandard_id:382
*,845,Y,16Q160094641292,,ZZUnitStandard:ZZUnitStandard_id:396
*,846,Y,16Q160094641292,,ZZUnitStandard:ZZUnitStandard_id:407
*,847,Y,16Q160094641292,,ZZUnitStandard:ZZUnitStandard_id:529
*,848,Y,16Q160094641292,,ZZUnitStandard:ZZUnitStandard_id:530
*,849,Y,16Q160094641292,,ZZUnitStandard:ZZUnitStandard_id:531
*,850,Y,16Q160094641292,,ZZUnitStandard:ZZUnitStandard_id:606
*,851,Y,16Q160094641292,,ZZUnitStandard:ZZUnitStandard_id:618
*,852,Y,16Q160094641292,,ZZUnitStandard:ZZUnitStandard_id:643
*,853,Y,16Q160094641292,,ZZUnitStandard:ZZUnitStandard_id:770
*,854,Y,16Q160094641292,,ZZUnitStandard:ZZUnitStandard_id:930
*,855,Y,16Q160094641292,,ZZUnitStandard:ZZUnitStandard_id:985
*,856,Y,16Q160094641292,,ZZUnitStandard:ZZUnitStandard_id:1024
*,857,Y,16Q160094641292,,ZZUnitStandard:ZZUnitStandard_id:1029
*,858,Y,16Q160094641292,,ZZUnitStandard:ZZUnitStandard_id:1034
*,859,Y,16Q160094641292,,ZZUnitStandard:ZZUnitStandard_id:1043
*,860,Y,16Q160094641292,,ZZUnitStandard:ZZUnitStandard_id:1049
*,861,Y,16Q160094641292,,ZZUnitStandard:ZZUnitStandard_id:1185
*,862,Y,16Q160094641292,,ZZUnitStandard:ZZUnitStandard_id:1186
*,863,Y,16Q160094641292,,ZZUnitStandard:ZZUnitStandard_id:1194
*,864,Y,16Q160094641292,,ZZUnitStandard:ZZUnitStandard_id:1229
*,865,Y,16Q160094641292,,ZZUnitStandard:ZZUnitStandard_id:1234
*,866,Y,16Q160094641292,,ZZUnitStandard:ZZUnitStandard_id:1514
*,867,Y,16Q160094641292,,ZZUnitStandard:ZZUnitStandard_id:1516
*,868,Y,16Q160094641292,,ZZUnitStandard:ZZUnitStandard_id:1726
*,869,Y,16Q160094641292,,ZZUnitStandard:ZZUnitStandard_id:2340
*,870,Y,16Q160094641292,,ZZUnitStandard:ZZUnitStandard_id:2353
*,871,Y,16Q160094641292,,ZZUnitStandard:ZZUnitStandard_id:2354
*,872,Y,16Q160094641292,,ZZUnitStandard:ZZUnitStandard_id:2355
*,873,Y,16Q160094641292,,ZZUnitStandard:ZZUnitStandard_id:2356
*,874,Y,16Q160094641292,,ZZUnitStandard:ZZUnitStandard_id:2357
*,875,Y,16Q160094641292,,ZZUnitStandard:ZZUnitStandard_id:2358
*,876,Y,16Q160094641292,,ZZUnitStandard:ZZUnitStandard_id:2359
*,877,Y,16Q160094641292,,ZZUnitStandard:ZZUnitStandard_id:2360
*,878,Y,16Q160094641292,,ZZUnitStandard:ZZUnitStandard_id:2361
*,879,Y,16Q160094641292,,ZZUnitStandard:ZZUnitStandard_id:2450
*,880,Y,16Q160094641292,,ZZUnitStandard:ZZUnitStandard_id:2452
*,881,Y,16Q160094641292,,ZZUnitStandard:ZZUnitStandard_id:2453
*,882,Y,16Q160094641292,,ZZUnitStandard:ZZUnitStandard_id:2533
*,883,Y,16Q160094641292,,ZZUnitStandard:ZZUnitStandard_id:2534
*,884,Y,16Q160094641292,,ZZUnitStandard:ZZUnitStandard_id:2535
*,885,Y,16Q160094641292,,ZZUnitStandard:ZZUnitStandard_id:2536
*,886,Y,16Q160094641292,,ZZUnitStandard:ZZUnitStandard_id:2537
*,887,Y,16Q160094641292,,ZZUnitStandard:ZZUnitStandard_id:2539
*,888,Y,16Q160094641292,,ZZUnitStandard:ZZUnitStandard_id:2541
*,889,Y,16Q160094641292,,ZZUnitStandard:ZZUnitStandard_id:2542
*,890,Y,16Q160094641292,,ZZUnitStandard:ZZUnitStandard_id:2543
*,891,Y,16Q160094641292,,ZZUnitStandard:ZZUnitStandard_id:2544
*,892,Y,16Q160094641292,,ZZUnitStandard:ZZUnitStandard_id:2545
*,893,Y,16Q160094641292,,ZZUnitStandard:ZZUnitStandard_id:2546
*,894,Y,16Q160094641292,,ZZUnitStandard:ZZUnitStandard_id:2547
*,895,Y,16Q160094641292,,ZZUnitStandard:ZZUnitStandard_id:2548
*,896,Y,16Q160094641292,,ZZUnitStandard:ZZUnitStandard_id:2549
*,897,Y,16Q160094641292,,ZZUnitStandard:ZZUnitStandard_id:2550
*,898,Y,16Q160094641292,,ZZUnitStandard:ZZUnitStandard_id:2551
*,899,Y,16Q160094641292,,ZZUnitStandard:ZZUnitStandard_id:2552
*,900,Y,16Q160094641292,,ZZUnitStandard:ZZUnitStandard_id:2553
*,901,Y,16Q160094641292,,ZZUnitStandard:ZZUnitStandard_id:2554
*,902,Y,16Q160094641292,,ZZUnitStandard:ZZUnitStandard_id:2555
*,903,Y,16Q160094641292,,ZZUnitStandard:ZZUnitStandard_id:2633
*,904,Y,16Q160094641292,,ZZUnitStandard:ZZUnitStandard_id:2634
*,905,Y,16Q160094641292,,ZZUnitStandard:ZZUnitStandard_id:2636
*,906,Y,16Q160094641292,,ZZUnitStandard:ZZUnitStandard_id:3357
*,907,Y,16Q160094641292,,ZZUnitStandard:ZZUnitStandard_id:3407
*,908,Y,16Q160090442142,,ZZUnitStandard:ZZUnitStandard_id:198
*,909,Y,16Q160090442142,,ZZUnitStandard:ZZUnitStandard_id:267
*,910,Y,16Q160090442142,,ZZUnitStandard:ZZUnitStandard_id:637
*,911,Y,16Q160090442142,,ZZUnitStandard:ZZUnitStandard_id:695
*,912,Y,16Q160090442142,,ZZUnitStandard:ZZUnitStandard_id:822
*,913,Y,16Q160090442142,,ZZUnitStandard:ZZUnitStandard_id:930
*,914,Y,16Q160090442142,,ZZUnitStandard:ZZUnitStandard_id:980
*,915,Y,16Q160090442142,,ZZUnitStandard:ZZUnitStandard_id:985
*,916,Y,16Q160090442142,,ZZUnitStandard:ZZUnitStandard_id:1185
*,917,Y,16Q160090442142,,ZZUnitStandard:ZZUnitStandard_id:1186
*,918,Y,16Q160090442142,,ZZUnitStandard:ZZUnitStandard_id:1187
*,919,Y,16Q160090442142,,ZZUnitStandard:ZZUnitStandard_id:1194
*,920,Y,16Q160090442142,,ZZUnitStandard:ZZUnitStandard_id:1205
*,921,Y,16Q160090442142,,ZZUnitStandard:ZZUnitStandard_id:1206
*,922,Y,16Q160090442142,,ZZUnitStandard:ZZUnitStandard_id:1466
*,923,Y,16Q160090442142,,ZZUnitStandard:ZZUnitStandard_id:1469
*,924,Y,16Q160090442142,,ZZUnitStandard:ZZUnitStandard_id:1514
*,925,Y,16Q160090442142,,ZZUnitStandard:ZZUnitStandard_id:1667
*,926,Y,16Q160090442142,,ZZUnitStandard:ZZUnitStandard_id:1722
*,927,Y,16Q160090442142,,ZZUnitStandard:ZZUnitStandard_id:1723
*,928,Y,16Q160090442142,,ZZUnitStandard:ZZUnitStandard_id:1725
*,929,Y,16Q160090442142,,ZZUnitStandard:ZZUnitStandard_id:1726
*,930,Y,16Q160090442142,,ZZUnitStandard:ZZUnitStandard_id:2326
*,931,Y,16Q160090442142,,ZZUnitStandard:ZZUnitStandard_id:2340
*,932,Y,16Q160090442142,,ZZUnitStandard:ZZUnitStandard_id:2402
*,933,Y,16Q160090442142,,ZZUnitStandard:ZZUnitStandard_id:2446
*,934,Y,16Q160090442142,,ZZUnitStandard:ZZUnitStandard_id:2450
*,935,Y,16Q160090442142,,ZZUnitStandard:ZZUnitStandard_id:2453
*,936,Y,16Q160090442142,,ZZUnitStandard:ZZUnitStandard_id:2459
*,937,Y,16Q160090442142,,ZZUnitStandard:ZZUnitStandard_id:2475
*,938,Y,16Q160090442142,,ZZUnitStandard:ZZUnitStandard_id:2476
*,939,Y,16Q160090442142,,ZZUnitStandard:ZZUnitStandard_id:2477
*,940,Y,16Q160090442142,,ZZUnitStandard:ZZUnitStandard_id:2478
*,941,Y,16Q160090442142,,ZZUnitStandard:ZZUnitStandard_id:2479
*,942,Y,16Q160090442142,,ZZUnitStandard:ZZUnitStandard_id:2480
*,943,Y,16Q160090442142,,ZZUnitStandard:ZZUnitStandard_id:2481
*,944,Y,16Q160090442142,,ZZUnitStandard:ZZUnitStandard_id:2482
*,945,Y,16Q160090442142,,ZZUnitStandard:ZZUnitStandard_id:2485
*,946,Y,16Q160090442142,,ZZUnitStandard:ZZUnitStandard_id:2488
*,947,Y,16Q160090442142,,ZZUnitStandard:ZZUnitStandard_id:2489
*,948,Y,16Q160090442142,,ZZUnitStandard:ZZUnitStandard_id:2490
*,949,Y,16Q160090442142,,ZZUnitStandard:ZZUnitStandard_id:2491
*,950,Y,16Q160090442142,,ZZUnitStandard:ZZUnitStandard_id:2492
*,951,Y,16Q160091512863,,ZZUnitStandard:ZZUnitStandard_id:278
*,952,Y,16Q160091512863,,ZZUnitStandard:ZZUnitStandard_id:280
*,953,Y,16Q160091512863,,ZZUnitStandard:ZZUnitStandard_id:283
*,954,Y,16Q160091512863,,ZZUnitStandard:ZZUnitStandard_id:284
*,955,Y,16Q160091512863,,ZZUnitStandard:ZZUnitStandard_id:306
*,956,Y,16Q160091512863,,ZZUnitStandard:ZZUnitStandard_id:985
*,957,Y,16Q160091512863,,ZZUnitStandard:ZZUnitStandard_id:1128
*,958,Y,16Q160091512863,,ZZUnitStandard:ZZUnitStandard_id:1129
*,959,Y,16Q160091512863,,ZZUnitStandard:ZZUnitStandard_id:1188
*,960,Y,16Q160091512863,,ZZUnitStandard:ZZUnitStandard_id:1190
*,961,Y,16Q160091512863,,ZZUnitStandard:ZZUnitStandard_id:1196
*,962,Y,16Q160091512863,,ZZUnitStandard:ZZUnitStandard_id:1207
*,963,Y,16Q160091512863,,ZZUnitStandard:ZZUnitStandard_id:1208
*,964,Y,16Q160091512863,,ZZUnitStandard:ZZUnitStandard_id:1209
*,965,Y,16Q160091512863,,ZZUnitStandard:ZZUnitStandard_id:1210
*,966,Y,16Q160091512863,,ZZUnitStandard:ZZUnitStandard_id:1469
*,967,Y,16Q160091512863,,ZZUnitStandard:ZZUnitStandard_id:1518
*,968,Y,16Q160091512863,,ZZUnitStandard:ZZUnitStandard_id:1710
*,969,Y,16Q160091512863,,ZZUnitStandard:ZZUnitStandard_id:1711
*,970,Y,16Q160091512863,,ZZUnitStandard:ZZUnitStandard_id:1712
*,971,Y,16Q160091512863,,ZZUnitStandard:ZZUnitStandard_id:1713
*,972,Y,16Q160091512863,,ZZUnitStandard:ZZUnitStandard_id:1756
*,973,Y,16Q160091512863,,ZZUnitStandard:ZZUnitStandard_id:1757
*,974,Y,16Q160091512863,,ZZUnitStandard:ZZUnitStandard_id:2201
*,975,Y,16Q160091512863,,ZZUnitStandard:ZZUnitStandard_id:2202
*,976,Y,16Q160091512863,,ZZUnitStandard:ZZUnitStandard_id:2218
*,977,Y,16Q160091512863,,ZZUnitStandard:ZZUnitStandard_id:2402
*,978,Y,16Q160091512863,,ZZUnitStandard:ZZUnitStandard_id:2476
*,979,Y,16Q160091512863,,ZZUnitStandard:ZZUnitStandard_id:2482
*,980,Y,16Q160091512863,,ZZUnitStandard:ZZUnitStandard_id:2490
*,981,Y,16Q160091512863,,ZZUnitStandard:ZZUnitStandard_id:2491
*,982,Y,16Q160091512863,,ZZUnitStandard:ZZUnitStandard_id:2493
*,983,Y,16Q160091512863,,ZZUnitStandard:ZZUnitStandard_id:2494
*,984,Y,16Q160091512863,,ZZUnitStandard:ZZUnitStandard_id:2495
*,985,Y,16Q160091512863,,ZZUnitStandard:ZZUnitStandard_id:2496
*,986,Y,16Q160091512863,,ZZUnitStandard:ZZUnitStandard_id:2497
*,987,Y,16Q160091512863,,ZZUnitStandard:ZZUnitStandard_id:2498
*,988,Y,16Q160091512863,,ZZUnitStandard:ZZUnitStandard_id:2499
*,989,Y,16Q160091512863,,ZZUnitStandard:ZZUnitStandard_id:2500
*,990,Y,16Q160091512863,,ZZUnitStandard:ZZUnitStandard_id:2501
*,991,Y,16Q160091512863,,ZZUnitStandard:ZZUnitStandard_id:2502
*,992,Y,16Q160091512863,,ZZUnitStandard:ZZUnitStandard_id:2503
*,993,Y,16Q160091512863,,ZZUnitStandard:ZZUnitStandard_id:2505
*,994,Y,16Q160091512863,,ZZUnitStandard:ZZUnitStandard_id:2506
*,995,Y,16Q160091512863,,ZZUnitStandard:ZZUnitStandard_id:2507
*,996,Y,16Q160091512863,,ZZUnitStandard:ZZUnitStandard_id:2508
*,997,Y,16Q160091512863,,ZZUnitStandard:ZZUnitStandard_id:2509
*,998,Y,16Q160091512863,,ZZUnitStandard:ZZUnitStandard_id:2510
*,999,Y,16Q160091512863,,ZZUnitStandard:ZZUnitStandard_id:2511
*,1000,Y,16Q160091512863,,ZZUnitStandard:ZZUnitStandard_id:2512
*,1001,Y,16Q160068541443,,ZZUnitStandard:ZZUnitStandard_id:419
*,1002,Y,16Q160068541443,,ZZUnitStandard:ZZUnitStandard_id:420
*,1003,Y,16Q160068541443,,ZZUnitStandard:ZZUnitStandard_id:421
*,1004,Y,16Q160068541443,,ZZUnitStandard:ZZUnitStandard_id:430
*,1005,Y,16Q160068541443,,ZZUnitStandard:ZZUnitStandard_id:501
*,1006,Y,16Q160068541443,,ZZUnitStandard:ZZUnitStandard_id:673
*,1007,Y,16Q160068541443,,ZZUnitStandard:ZZUnitStandard_id:674
*,1008,Y,16Q160068541443,,ZZUnitStandard:ZZUnitStandard_id:675
*,1009,Y,16Q160068541443,,ZZUnitStandard:ZZUnitStandard_id:676
*,1010,Y,16Q160068541443,,ZZUnitStandard:ZZUnitStandard_id:679
*,1011,Y,16Q160068541443,,ZZUnitStandard:ZZUnitStandard_id:680
*,1012,Y,16Q160068541443,,ZZUnitStandard:ZZUnitStandard_id:683
*,1013,Y,16Q160068541443,,ZZUnitStandard:ZZUnitStandard_id:684
*,1014,Y,16Q160068541443,,ZZUnitStandard:ZZUnitStandard_id:687
*,1015,Y,16Q160068541443,,ZZUnitStandard:ZZUnitStandard_id:688
*,1016,Y,16Q160068541443,,ZZUnitStandard:ZZUnitStandard_id:694
*,1017,Y,16Q160068541443,,ZZUnitStandard:ZZUnitStandard_id:698
*,1018,Y,16Q160068541443,,ZZUnitStandard:ZZUnitStandard_id:699
*,1019,Y,16Q160068541443,,ZZUnitStandard:ZZUnitStandard_id:700
*,1020,Y,16Q160068541443,,ZZUnitStandard:ZZUnitStandard_id:925
*,1021,Y,16Q160068541443,,ZZUnitStandard:ZZUnitStandard_id:926
*,1022,Y,16Q160068541443,,ZZUnitStandard:ZZUnitStandard_id:927
*,1023,Y,16Q160068541443,,ZZUnitStandard:ZZUnitStandard_id:986
*,1024,Y,16Q160068541443,,ZZUnitStandard:ZZUnitStandard_id:987
*,1025,Y,16Q160068541443,,ZZUnitStandard:ZZUnitStandard_id:988
*,1026,Y,16Q160068541443,,ZZUnitStandard:ZZUnitStandard_id:990
*,1027,Y,16Q160068541443,,ZZUnitStandard:ZZUnitStandard_id:991
*,1028,Y,16Q160068541443,,ZZUnitStandard:ZZUnitStandard_id:995
*,1029,Y,16Q160068541443,,ZZUnitStandard:ZZUnitStandard_id:1084
*,1030,Y,16Q160068541443,,ZZUnitStandard:ZZUnitStandard_id:1164
*,1031,Y,16Q160068541443,,ZZUnitStandard:ZZUnitStandard_id:1165
*,1032,Y,16Q160068541443,,ZZUnitStandard:ZZUnitStandard_id:1166
*,1033,Y,16Q160068541443,,ZZUnitStandard:ZZUnitStandard_id:1176
*,1034,Y,16Q160068541443,,ZZUnitStandard:ZZUnitStandard_id:1188
*,1035,Y,16Q160068541443,,ZZUnitStandard:ZZUnitStandard_id:1190
*,1036,Y,16Q160068541443,,ZZUnitStandard:ZZUnitStandard_id:1196
*,1037,Y,16Q160068541443,,ZZUnitStandard:ZZUnitStandard_id:1518
*,1038,Y,16Q160068541443,,ZZUnitStandard:ZZUnitStandard_id:1523
*,1039,Y,16Q160068541443,,ZZUnitStandard:ZZUnitStandard_id:1716
*,1040,Y,16Q160068541443,,ZZUnitStandard:ZZUnitStandard_id:1759
*,1041,Y,16Q160068541443,,ZZUnitStandard:ZZUnitStandard_id:1854
*,1042,Y,16Q160068541443,,ZZUnitStandard:ZZUnitStandard_id:1859
*,1043,Y,16Q160068541443,,ZZUnitStandard:ZZUnitStandard_id:1884
*,1044,Y,16Q160068541443,,ZZUnitStandard:ZZUnitStandard_id:2146
*,1045,Y,16Q160068541443,,ZZUnitStandard:ZZUnitStandard_id:2909
*,1046,Y,16Q160068541443,,ZZUnitStandard:ZZUnitStandard_id:3007
*,1047,Y,16Q160066551402,,ZZUnitStandard:ZZUnitStandard_id:27
*,1048,Y,16Q160066551402,,ZZUnitStandard:ZZUnitStandard_id:28
*,1049,Y,16Q160066551402,,ZZUnitStandard:ZZUnitStandard_id:73
*,1050,Y,16Q160066551402,,ZZUnitStandard:ZZUnitStandard_id:74
*,1051,Y,16Q160066551402,,ZZUnitStandard:ZZUnitStandard_id:76
*,1052,Y,16Q160066551402,,ZZUnitStandard:ZZUnitStandard_id:77
*,1053,Y,16Q160066551402,,ZZUnitStandard:ZZUnitStandard_id:78
*,1054,Y,16Q160066551402,,ZZUnitStandard:ZZUnitStandard_id:79
*,1055,Y,16Q160066551402,,ZZUnitStandard:ZZUnitStandard_id:80
*,1056,Y,16Q160066551402,,ZZUnitStandard:ZZUnitStandard_id:81
*,1057,Y,16Q160066551402,,ZZUnitStandard:ZZUnitStandard_id:82
*,1058,Y,16Q160066551402,,ZZUnitStandard:ZZUnitStandard_id:247
*,1059,Y,16Q160066551402,,ZZUnitStandard:ZZUnitStandard_id:260
*,1060,Y,16Q160066551402,,ZZUnitStandard:ZZUnitStandard_id:264
*,1061,Y,16Q160066551402,,ZZUnitStandard:ZZUnitStandard_id:282
*,1062,Y,16Q160066551402,,ZZUnitStandard:ZZUnitStandard_id:356
*,1063,Y,16Q160066551402,,ZZUnitStandard:ZZUnitStandard_id:367
*,1064,Y,16Q160066551402,,ZZUnitStandard:ZZUnitStandard_id:426
*,1065,Y,16Q160066551402,,ZZUnitStandard:ZZUnitStandard_id:490
*,1066,Y,16Q160066551402,,ZZUnitStandard:ZZUnitStandard_id:502
*,1067,Y,16Q160066551402,,ZZUnitStandard:ZZUnitStandard_id:515
*,1068,Y,16Q160066551402,,ZZUnitStandard:ZZUnitStandard_id:516
*,1069,Y,16Q160066551402,,ZZUnitStandard:ZZUnitStandard_id:541
*,1070,Y,16Q160066551402,,ZZUnitStandard:ZZUnitStandard_id:542
*,1071,Y,16Q160066551402,,ZZUnitStandard:ZZUnitStandard_id:543
*,1072,Y,16Q160066551402,,ZZUnitStandard:ZZUnitStandard_id:544
*,1073,Y,16Q160066551402,,ZZUnitStandard:ZZUnitStandard_id:545
*,1074,Y,16Q160066551402,,ZZUnitStandard:ZZUnitStandard_id:546
*,1075,Y,16Q160066551402,,ZZUnitStandard:ZZUnitStandard_id:547
*,1076,Y,16Q160066551402,,ZZUnitStandard:ZZUnitStandard_id:548
*,1077,Y,16Q160066551402,,ZZUnitStandard:ZZUnitStandard_id:549
*,1078,Y,16Q160066551402,,ZZUnitStandard:ZZUnitStandard_id:550
*,1079,Y,16Q160066551402,,ZZUnitStandard:ZZUnitStandard_id:551
*,1080,Y,16Q160066551402,,ZZUnitStandard:ZZUnitStandard_id:552
*,1081,Y,16Q160066551402,,ZZUnitStandard:ZZUnitStandard_id:553
*,1082,Y,16Q160066551402,,ZZUnitStandard:ZZUnitStandard_id:554
*,1083,Y,16Q160066551402,,ZZUnitStandard:ZZUnitStandard_id:555
*,1084,Y,16Q160066551402,,ZZUnitStandard:ZZUnitStandard_id:556
*,1085,Y,16Q160066551402,,ZZUnitStandard:ZZUnitStandard_id:557
*,1086,Y,16Q160066551402,,ZZUnitStandard:ZZUnitStandard_id:558
*,1087,Y,16Q160066551402,,ZZUnitStandard:ZZUnitStandard_id:559
*,1088,Y,16Q160066551402,,ZZUnitStandard:ZZUnitStandard_id:560
*,1089,Y,16Q160066551402,,ZZUnitStandard:ZZUnitStandard_id:561
*,1090,Y,16Q160066551402,,ZZUnitStandard:ZZUnitStandard_id:562
*,1091,Y,16Q160066551402,,ZZUnitStandard:ZZUnitStandard_id:563
*,1092,Y,16Q160066551402,,ZZUnitStandard:ZZUnitStandard_id:564
*,1093,Y,16Q160066551402,,ZZUnitStandard:ZZUnitStandard_id:565
*,1094,Y,16Q160066551402,,ZZUnitStandard:ZZUnitStandard_id:566
*,1095,Y,16Q160066551402,,ZZUnitStandard:ZZUnitStandard_id:567
*,1096,Y,16Q160066551402,,ZZUnitStandard:ZZUnitStandard_id:568
*,1097,Y,16Q160066551402,,ZZUnitStandard:ZZUnitStandard_id:569
*,1098,Y,16Q160066551402,,ZZUnitStandard:ZZUnitStandard_id:570
*,1099,Y,16Q160066551402,,ZZUnitStandard:ZZUnitStandard_id:571
*,1100,Y,16Q160066551402,,ZZUnitStandard:ZZUnitStandard_id:572
*,1101,Y,16Q160066551402,,ZZUnitStandard:ZZUnitStandard_id:573
*,1102,Y,16Q160066551402,,ZZUnitStandard:ZZUnitStandard_id:574
*,1103,Y,16Q160066551402,,ZZUnitStandard:ZZUnitStandard_id:575
*,1104,Y,16Q160066551402,,ZZUnitStandard:ZZUnitStandard_id:576
*,1105,Y,16Q160066551402,,ZZUnitStandard:ZZUnitStandard_id:577
*,1106,Y,16Q160066551402,,ZZUnitStandard:ZZUnitStandard_id:578
*,1107,Y,16Q160066551402,,ZZUnitStandard:ZZUnitStandard_id:579
*,1108,Y,16Q160066551402,,ZZUnitStandard:ZZUnitStandard_id:580
*,1109,Y,16Q160066551402,,ZZUnitStandard:ZZUnitStandard_id:581
*,1110,Y,16Q160066551402,,ZZUnitStandard:ZZUnitStandard_id:582
*,1111,Y,16Q160066551402,,ZZUnitStandard:ZZUnitStandard_id:583
*,1112,Y,16Q160066551402,,ZZUnitStandard:ZZUnitStandard_id:584
*,1113,Y,16Q160066551402,,ZZUnitStandard:ZZUnitStandard_id:585
*,1114,Y,16Q160066551402,,ZZUnitStandard:ZZUnitStandard_id:631
*,1115,Y,16Q160066551402,,ZZUnitStandard:ZZUnitStandard_id:634
*,1116,Y,16Q160066551402,,ZZUnitStandard:ZZUnitStandard_id:635
*,1117,Y,16Q160066551402,,ZZUnitStandard:ZZUnitStandard_id:637
*,1118,Y,16Q160066551402,,ZZUnitStandard:ZZUnitStandard_id:654
*,1119,Y,16Q160066551402,,ZZUnitStandard:ZZUnitStandard_id:659
*,1120,Y,16Q160066551402,,ZZUnitStandard:ZZUnitStandard_id:703
*,1121,Y,16Q160066551402,,ZZUnitStandard:ZZUnitStandard_id:704
*,1122,Y,16Q160066551402,,ZZUnitStandard:ZZUnitStandard_id:705
*,1123,Y,16Q160066551402,,ZZUnitStandard:ZZUnitStandard_id:706
*,1124,Y,16Q160066551402,,ZZUnitStandard:ZZUnitStandard_id:744
*,1125,Y,16Q160066551402,,ZZUnitStandard:ZZUnitStandard_id:745
*,1126,Y,16Q160066551402,,ZZUnitStandard:ZZUnitStandard_id:746
*,1127,Y,16Q160066551402,,ZZUnitStandard:ZZUnitStandard_id:770
*,1128,Y,16Q160066551402,,ZZUnitStandard:ZZUnitStandard_id:784
*,1129,Y,16Q160066551402,,ZZUnitStandard:ZZUnitStandard_id:918
*,1130,Y,16Q160066551402,,ZZUnitStandard:ZZUnitStandard_id:919
*,1131,Y,16Q160066551402,,ZZUnitStandard:ZZUnitStandard_id:920
*,1132,Y,16Q160066551402,,ZZUnitStandard:ZZUnitStandard_id:940
*,1133,Y,16Q160066551402,,ZZUnitStandard:ZZUnitStandard_id:945
*,1134,Y,16Q160066551402,,ZZUnitStandard:ZZUnitStandard_id:965
*,1135,Y,16Q160066551402,,ZZUnitStandard:ZZUnitStandard_id:969
*,1136,Y,16Q160066551402,,ZZUnitStandard:ZZUnitStandard_id:970
*,1137,Y,16Q160066551402,,ZZUnitStandard:ZZUnitStandard_id:973
*,1138,Y,16Q160066551402,,ZZUnitStandard:ZZUnitStandard_id:980
*,1139,Y,16Q160066551402,,ZZUnitStandard:ZZUnitStandard_id:985
*,1140,Y,16Q160066551402,,ZZUnitStandard:ZZUnitStandard_id:1158
*,1141,Y,16Q160066551402,,ZZUnitStandard:ZZUnitStandard_id:1159
*,1142,Y,16Q160066551402,,ZZUnitStandard:ZZUnitStandard_id:1160
*,1143,Y,16Q160066551402,,ZZUnitStandard:ZZUnitStandard_id:1299
*,1144,Y,16Q160066551402,,ZZUnitStandard:ZZUnitStandard_id:1300
*,1145,Y,16Q160066551402,,ZZUnitStandard:ZZUnitStandard_id:1301
*,1146,Y,16Q160066551402,,ZZUnitStandard:ZZUnitStandard_id:1302
*,1147,Y,16Q160066551402,,ZZUnitStandard:ZZUnitStandard_id:1311
*,1148,Y,16Q160066551402,,ZZUnitStandard:ZZUnitStandard_id:1648
*,1149,Y,16Q160066551402,,ZZUnitStandard:ZZUnitStandard_id:1649
*,1150,Y,16Q160066551402,,ZZUnitStandard:ZZUnitStandard_id:1651
*,1151,Y,16Q160066551402,,ZZUnitStandard:ZZUnitStandard_id:1653
*,1152,Y,16Q160066551402,,ZZUnitStandard:ZZUnitStandard_id:1655
*,1153,Y,16Q160066551402,,ZZUnitStandard:ZZUnitStandard_id:1657
*,1154,Y,16Q160066551402,,ZZUnitStandard:ZZUnitStandard_id:1659
*,1155,Y,16Q160066551402,,ZZUnitStandard:ZZUnitStandard_id:1660
*,1156,Y,16Q160066551402,,ZZUnitStandard:ZZUnitStandard_id:1661
*,1157,Y,16Q160066551402,,ZZUnitStandard:ZZUnitStandard_id:1662
*,1158,Y,16Q160066551402,,ZZUnitStandard:ZZUnitStandard_id:1663
*,1159,Y,16Q160066551402,,ZZUnitStandard:ZZUnitStandard_id:1665
*,1160,Y,16Q160066551402,,ZZUnitStandard:ZZUnitStandard_id:1666
*,1161,Y,16Q160066551402,,ZZUnitStandard:ZZUnitStandard_id:2025
*,1162,Y,16Q160066551402,,ZZUnitStandard:ZZUnitStandard_id:2042
*,1163,Y,16Q160066551402,,ZZUnitStandard:ZZUnitStandard_id:2045
*,1164,Y,16Q160066551402,,ZZUnitStandard:ZZUnitStandard_id:2099
*,1165,Y,16Q160066551402,,ZZUnitStandard:ZZUnitStandard_id:2156
*,1166,Y,16Q160066551402,,ZZUnitStandard:ZZUnitStandard_id:2632
*,1167,Y,16Q160074271594,,ZZUnitStandard:ZZUnitStandard_id:219
*,1168,Y,16Q160074271594,,ZZUnitStandard:ZZUnitStandard_id:222
*,1169,Y,16Q160074271594,,ZZUnitStandard:ZZUnitStandard_id:223
*,1170,Y,16Q160074271594,,ZZUnitStandard:ZZUnitStandard_id:230
*,1171,Y,16Q160074271594,,ZZUnitStandard:ZZUnitStandard_id:957
*,1172,Y,16Q160074271594,,ZZUnitStandard:ZZUnitStandard_id:1189
*,1173,Y,16Q160074271594,,ZZUnitStandard:ZZUnitStandard_id:1197
*,1174,Y,16Q160074271594,,ZZUnitStandard:ZZUnitStandard_id:1198
*,1175,Y,16Q160074271594,,ZZUnitStandard:ZZUnitStandard_id:1338
*,1176,Y,16Q160074271594,,ZZUnitStandard:ZZUnitStandard_id:1803
*,1177,Y,16Q160074271594,,ZZUnitStandard:ZZUnitStandard_id:2187
*,1178,Y,16Q160074271594,,ZZUnitStandard:ZZUnitStandard_id:2201
*,1179,Y,16Q160074271594,,ZZUnitStandard:ZZUnitStandard_id:2202
*,1180,Y,16Q160074271594,,ZZUnitStandard:ZZUnitStandard_id:2204
*,1181,Y,16Q160074271594,,ZZUnitStandard:ZZUnitStandard_id:2205
*,1182,Y,16Q160074271594,,ZZUnitStandard:ZZUnitStandard_id:2206
*,1183,Y,16Q160074271594,,ZZUnitStandard:ZZUnitStandard_id:2207
*,1184,Y,16Q160074271594,,ZZUnitStandard:ZZUnitStandard_id:2208
*,1185,Y,16Q160074271594,,ZZUnitStandard:ZZUnitStandard_id:2209
*,1186,Y,16Q160074271594,,ZZUnitStandard:ZZUnitStandard_id:2210
*,1187,Y,16Q160074271594,,ZZUnitStandard:ZZUnitStandard_id:2214
*,1188,Y,16Q160074271594,,ZZUnitStandard:ZZUnitStandard_id:2215
*,1189,Y,16Q160074271594,,ZZUnitStandard:ZZUnitStandard_id:2217
*,1190,Y,16Q160074271594,,ZZUnitStandard:ZZUnitStandard_id:2218
*,1191,Y,16Q160074271594,,ZZUnitStandard:ZZUnitStandard_id:2219
*,1192,Y,16Q160074271594,,ZZUnitStandard:ZZUnitStandard_id:2406
*,1193,Y,16Q160103401232 ,,ZZUnitStandard:ZZUnitStandard_id:25
*,1194,Y,16Q160103401232 ,,ZZUnitStandard:ZZUnitStandard_id:88
*,1195,Y,16Q160103401232 ,,ZZUnitStandard:ZZUnitStandard_id:355
*,1196,Y,16Q160103401232 ,,ZZUnitStandard:ZZUnitStandard_id:655
*,1197,Y,16Q160103401232 ,,ZZUnitStandard:ZZUnitStandard_id:695
*,1198,Y,16Q160103401232 ,,ZZUnitStandard:ZZUnitStandard_id:784
*,1199,Y,16Q160103401232 ,,ZZUnitStandard:ZZUnitStandard_id:822
*,1200,Y,16Q160103401232 ,,ZZUnitStandard:ZZUnitStandard_id:904
*,1201,Y,16Q160103401232 ,,ZZUnitStandard:ZZUnitStandard_id:920
*,1202,Y,16Q160103401232 ,,ZZUnitStandard:ZZUnitStandard_id:939
*,1203,Y,16Q160103401232 ,,ZZUnitStandard:ZZUnitStandard_id:941
*,1204,Y,16Q160103401232 ,,ZZUnitStandard:ZZUnitStandard_id:945
*,1205,Y,16Q160103401232 ,,ZZUnitStandard:ZZUnitStandard_id:946
*,1206,Y,16Q160103401232 ,,ZZUnitStandard:ZZUnitStandard_id:949
*,1207,Y,16Q160103401232 ,,ZZUnitStandard:ZZUnitStandard_id:951
*,1208,Y,16Q160103401232 ,,ZZUnitStandard:ZZUnitStandard_id:958
*,1209,Y,16Q160103401232 ,,ZZUnitStandard:ZZUnitStandard_id:988
*,1210,Y,16Q160103401232 ,,ZZUnitStandard:ZZUnitStandard_id:996
*,1211,Y,16Q160103401232 ,,ZZUnitStandard:ZZUnitStandard_id:1034
*,1212,Y,16Q160103401232 ,,ZZUnitStandard:ZZUnitStandard_id:1143
*,1213,Y,16Q160103401232 ,,ZZUnitStandard:ZZUnitStandard_id:1185
*,1214,Y,16Q160103401232 ,,ZZUnitStandard:ZZUnitStandard_id:1186
*,1215,Y,16Q160103401232 ,,ZZUnitStandard:ZZUnitStandard_id:1194
*,1216,Y,16Q160103401232 ,,ZZUnitStandard:ZZUnitStandard_id:1241
*,1217,Y,16Q160103401232 ,,ZZUnitStandard:ZZUnitStandard_id:1242
*,1218,Y,16Q160103401232 ,,ZZUnitStandard:ZZUnitStandard_id:1243
*,1219,Y,16Q160103401232 ,,ZZUnitStandard:ZZUnitStandard_id:1246
*,1220,Y,16Q160103401232 ,,ZZUnitStandard:ZZUnitStandard_id:1247
*,1221,Y,16Q160103401232 ,,ZZUnitStandard:ZZUnitStandard_id:1248
*,1222,Y,16Q160103401232 ,,ZZUnitStandard:ZZUnitStandard_id:1249
*,1223,Y,16Q160103401232 ,,ZZUnitStandard:ZZUnitStandard_id:1250
*,1224,Y,16Q160103401232 ,,ZZUnitStandard:ZZUnitStandard_id:1252
*,1225,Y,16Q160103401232 ,,ZZUnitStandard:ZZUnitStandard_id:1255
*,1226,Y,16Q160103401232 ,,ZZUnitStandard:ZZUnitStandard_id:1272
*,1227,Y,16Q160103401232 ,,ZZUnitStandard:ZZUnitStandard_id:1514
*,1228,Y,16Q160103401232 ,,ZZUnitStandard:ZZUnitStandard_id:1516
*,1229,Y,16Q160103401232 ,,ZZUnitStandard:ZZUnitStandard_id:1543
*,1230,Y,16Q160103401232 ,,ZZUnitStandard:ZZUnitStandard_id:1949
*,1231,Y,16Q160103401232 ,,ZZUnitStandard:ZZUnitStandard_id:2150
*,1232,Y,16Q160103401232 ,,ZZUnitStandard:ZZUnitStandard_id:2190
*,1233,Y,16Q160103401232 ,,ZZUnitStandard:ZZUnitStandard_id:2220
*,1234,Y,16Q160103401232 ,,ZZUnitStandard:ZZUnitStandard_id:2222
*,1235,Y,16Q160103401232 ,,ZZUnitStandard:ZZUnitStandard_id:2263
*,1236,Y,16Q160103401232 ,,ZZUnitStandard:ZZUnitStandard_id:2340
*,1237,Y,16Q160103401232 ,,ZZUnitStandard:ZZUnitStandard_id:2407
*,1238,Y,16Q160103401232 ,,ZZUnitStandard:ZZUnitStandard_id:2408
*,1239,Y,16Q160103401232 ,,ZZUnitStandard:ZZUnitStandard_id:2450
*,1240,Y,16Q160103401232 ,,ZZUnitStandard:ZZUnitStandard_id:2452
*,1241,Y,16Q160103401232 ,,ZZUnitStandard:ZZUnitStandard_id:2453
*,1242,Y,16Q160103401232 ,,ZZUnitStandard:ZZUnitStandard_id:2614
*,1243,Y,16Q160103401232 ,,ZZUnitStandard:ZZUnitStandard_id:2615
*,1244,Y,16Q160103401232 ,,ZZUnitStandard:ZZUnitStandard_id:2616
*,1245,Y,16Q160103401232 ,,ZZUnitStandard:ZZUnitStandard_id:2617
*,1246,Y,16Q160103401232 ,,ZZUnitStandard:ZZUnitStandard_id:2618
*,1247,Y,16Q160103401232 ,,ZZUnitStandard:ZZUnitStandard_id:2619
*,1248,Y,16Q160103401232 ,,ZZUnitStandard:ZZUnitStandard_id:2620
*,1249,Y,16Q160103401232 ,,ZZUnitStandard:ZZUnitStandard_id:2621
*,1250,Y,16Q160103401232 ,,ZZUnitStandard:ZZUnitStandard_id:2622
*,1251,Y,16Q160103401232 ,,ZZUnitStandard:ZZUnitStandard_id:2623
*,1252,Y,16Q160104391232,,ZZUnitStandard:ZZUnitStandard_id:25
*,1253,Y,16Q160104391232,,ZZUnitStandard:ZZUnitStandard_id:70
*,1254,Y,16Q160104391232,,ZZUnitStandard:ZZUnitStandard_id:88
*,1255,Y,16Q160104391232,,ZZUnitStandard:ZZUnitStandard_id:355
*,1256,Y,16Q160104391232,,ZZUnitStandard:ZZUnitStandard_id:655
*,1257,Y,16Q160104391232,,ZZUnitStandard:ZZUnitStandard_id:695
*,1258,Y,16Q160104391232,,ZZUnitStandard:ZZUnitStandard_id:784
*,1259,Y,16Q160104391232,,ZZUnitStandard:ZZUnitStandard_id:822
*,1260,Y,16Q160104391232,,ZZUnitStandard:ZZUnitStandard_id:903
*,1261,Y,16Q160104391232,,ZZUnitStandard:ZZUnitStandard_id:904
*,1262,Y,16Q160104391232,,ZZUnitStandard:ZZUnitStandard_id:920
*,1263,Y,16Q160104391232,,ZZUnitStandard:ZZUnitStandard_id:936
*,1264,Y,16Q160104391232,,ZZUnitStandard:ZZUnitStandard_id:939
*,1265,Y,16Q160104391232,,ZZUnitStandard:ZZUnitStandard_id:941
*,1266,Y,16Q160104391232,,ZZUnitStandard:ZZUnitStandard_id:945
*,1267,Y,16Q160104391232,,ZZUnitStandard:ZZUnitStandard_id:946
*,1268,Y,16Q160104391232,,ZZUnitStandard:ZZUnitStandard_id:949
*,1269,Y,16Q160104391232,,ZZUnitStandard:ZZUnitStandard_id:951
*,1270,Y,16Q160104391232,,ZZUnitStandard:ZZUnitStandard_id:958
*,1271,Y,16Q160104391232,,ZZUnitStandard:ZZUnitStandard_id:988
*,1272,Y,16Q160104391232,,ZZUnitStandard:ZZUnitStandard_id:996
*,1273,Y,16Q160104391232,,ZZUnitStandard:ZZUnitStandard_id:1034
*,1274,Y,16Q160104391232,,ZZUnitStandard:ZZUnitStandard_id:1143
*,1275,Y,16Q160104391232,,ZZUnitStandard:ZZUnitStandard_id:1185
*,1276,Y,16Q160104391232,,ZZUnitStandard:ZZUnitStandard_id:1186
*,1277,Y,16Q160104391232,,ZZUnitStandard:ZZUnitStandard_id:1188
*,1278,Y,16Q160104391232,,ZZUnitStandard:ZZUnitStandard_id:1190
*,1279,Y,16Q160104391232,,ZZUnitStandard:ZZUnitStandard_id:1194
*,1280,Y,16Q160104391232,,ZZUnitStandard:ZZUnitStandard_id:1196
*,1281,Y,16Q160104391232,,ZZUnitStandard:ZZUnitStandard_id:1241
*,1282,Y,16Q160104391232,,ZZUnitStandard:ZZUnitStandard_id:1242
*,1283,Y,16Q160104391232,,ZZUnitStandard:ZZUnitStandard_id:1243
*,1284,Y,16Q160104391232,,ZZUnitStandard:ZZUnitStandard_id:1246
*,1285,Y,16Q160104391232,,ZZUnitStandard:ZZUnitStandard_id:1247
*,1286,Y,16Q160104391232,,ZZUnitStandard:ZZUnitStandard_id:1248
*,1287,Y,16Q160104391232,,ZZUnitStandard:ZZUnitStandard_id:1249
*,1288,Y,16Q160104391232,,ZZUnitStandard:ZZUnitStandard_id:1250
*,1289,Y,16Q160104391232,,ZZUnitStandard:ZZUnitStandard_id:1252
*,1290,Y,16Q160104391232,,ZZUnitStandard:ZZUnitStandard_id:1255
*,1291,Y,16Q160104391232,,ZZUnitStandard:ZZUnitStandard_id:1272
*,1292,Y,16Q160104391232,,ZZUnitStandard:ZZUnitStandard_id:1514
*,1293,Y,16Q160104391232,,ZZUnitStandard:ZZUnitStandard_id:1516
*,1294,Y,16Q160104391232,,ZZUnitStandard:ZZUnitStandard_id:1518
*,1295,Y,16Q160104391232,,ZZUnitStandard:ZZUnitStandard_id:1543
*,1296,Y,16Q160104391232,,ZZUnitStandard:ZZUnitStandard_id:1949
*,1297,Y,16Q160104391232,,ZZUnitStandard:ZZUnitStandard_id:1950
*,1298,Y,16Q160104391232,,ZZUnitStandard:ZZUnitStandard_id:2150
*,1299,Y,16Q160104391232,,ZZUnitStandard:ZZUnitStandard_id:2190
*,1300,Y,16Q160104391232,,ZZUnitStandard:ZZUnitStandard_id:2201
*,1301,Y,16Q160104391232,,ZZUnitStandard:ZZUnitStandard_id:2202
*,1302,Y,16Q160104391232,,ZZUnitStandard:ZZUnitStandard_id:2218
*,1303,Y,16Q160104391232,,ZZUnitStandard:ZZUnitStandard_id:2220
*,1304,Y,16Q160104391232,,ZZUnitStandard:ZZUnitStandard_id:2221
*,1305,Y,16Q160104391232,,ZZUnitStandard:ZZUnitStandard_id:2222
*,1306,Y,16Q160104391232,,ZZUnitStandard:ZZUnitStandard_id:2263
*,1307,Y,16Q160104391232,,ZZUnitStandard:ZZUnitStandard_id:2340
*,1308,Y,16Q160104391232,,ZZUnitStandard:ZZUnitStandard_id:2407
*,1309,Y,16Q160104391232,,ZZUnitStandard:ZZUnitStandard_id:2408
*,1310,Y,16Q160104391232,,ZZUnitStandard:ZZUnitStandard_id:2450
*,1311,Y,16Q160104391232,,ZZUnitStandard:ZZUnitStandard_id:2452
*,1312,Y,16Q160104391232,,ZZUnitStandard:ZZUnitStandard_id:2453
*,1313,Y,16Q160104391232,,ZZUnitStandard:ZZUnitStandard_id:2614
*,1314,Y,16Q160104391232,,ZZUnitStandard:ZZUnitStandard_id:2615
*,1315,Y,16Q160104391232,,ZZUnitStandard:ZZUnitStandard_id:2616
*,1316,Y,16Q160104391232,,ZZUnitStandard:ZZUnitStandard_id:2617
*,1317,Y,16Q160104391232,,ZZUnitStandard:ZZUnitStandard_id:2618
*,1318,Y,16Q160104391232,,ZZUnitStandard:ZZUnitStandard_id:2619
*,1319,Y,16Q160104391232,,ZZUnitStandard:ZZUnitStandard_id:2620
*,1320,Y,16Q160104391232,,ZZUnitStandard:ZZUnitStandard_id:2621
*,1321,Y,16Q160104391232,,ZZUnitStandard:ZZUnitStandard_id:2622
*,1322,Y,16Q160104391232,,ZZUnitStandard:ZZUnitStandard_id:2623
*,1323,Y,16Q160104391232,,ZZUnitStandard:ZZUnitStandard_id:2630
*,1324,Y,16Q160097281503 ,,ZZUnitStandard:ZZUnitStandard_id:786
*,1325,Y,16Q160097281503 ,,ZZUnitStandard:ZZUnitStandard_id:789
*,1326,Y,16Q160097281503 ,,ZZUnitStandard:ZZUnitStandard_id:802
*,1327,Y,16Q160097281503 ,,ZZUnitStandard:ZZUnitStandard_id:803
*,1328,Y,16Q160097281503 ,,ZZUnitStandard:ZZUnitStandard_id:804
*,1329,Y,16Q160097281503 ,,ZZUnitStandard:ZZUnitStandard_id:860
*,1330,Y,16Q160097281503 ,,ZZUnitStandard:ZZUnitStandard_id:862
*,1331,Y,16Q160097281503 ,,ZZUnitStandard:ZZUnitStandard_id:863
*,1332,Y,16Q160097281503 ,,ZZUnitStandard:ZZUnitStandard_id:864
*,1333,Y,16Q160097281503 ,,ZZUnitStandard:ZZUnitStandard_id:985
*,1334,Y,16Q160097281503 ,,ZZUnitStandard:ZZUnitStandard_id:1188
*,1335,Y,16Q160097281503 ,,ZZUnitStandard:ZZUnitStandard_id:1190
*,1336,Y,16Q160097281503 ,,ZZUnitStandard:ZZUnitStandard_id:1196
*,1337,Y,16Q160097281503 ,,ZZUnitStandard:ZZUnitStandard_id:1518
*,1338,Y,16Q160097281503 ,,ZZUnitStandard:ZZUnitStandard_id:1590
*,1339,Y,16Q160097281503 ,,ZZUnitStandard:ZZUnitStandard_id:1728
*,1340,Y,16Q160097281503 ,,ZZUnitStandard:ZZUnitStandard_id:2201
*,1341,Y,16Q160097281503 ,,ZZUnitStandard:ZZUnitStandard_id:2202
*,1342,Y,16Q160097281503 ,,ZZUnitStandard:ZZUnitStandard_id:2218
*,1343,Y,16Q160097281503 ,,ZZUnitStandard:ZZUnitStandard_id:2221
*,1344,Y,16Q160097281503 ,,ZZUnitStandard:ZZUnitStandard_id:2577
*,1345,Y,16Q160097281503 ,,ZZUnitStandard:ZZUnitStandard_id:2578
*,1346,Y,16Q160097281503 ,,ZZUnitStandard:ZZUnitStandard_id:2589
*,1347,Y,16Q160097281503 ,,ZZUnitStandard:ZZUnitStandard_id:2590
*,1348,Y,16Q160097281503 ,,ZZUnitStandard:ZZUnitStandard_id:2598
*,1349,Y,16Q160097281503 ,,ZZUnitStandard:ZZUnitStandard_id:2599
*,1350,Y,16Q160097281503 ,,ZZUnitStandard:ZZUnitStandard_id:2604
*,1351,Y,16Q160097281503 ,,ZZUnitStandard:ZZUnitStandard_id:2605
*,1352,Y,16Q160100291503,,ZZUnitStandard:ZZUnitStandard_id:786
*,1353,Y,16Q160100291503,,ZZUnitStandard:ZZUnitStandard_id:789
*,1354,Y,16Q160100291503,,ZZUnitStandard:ZZUnitStandard_id:802
*,1355,Y,16Q160100291503,,ZZUnitStandard:ZZUnitStandard_id:803
*,1356,Y,16Q160100291503,,ZZUnitStandard:ZZUnitStandard_id:804
*,1357,Y,16Q160100291503,,ZZUnitStandard:ZZUnitStandard_id:805
*,1358,Y,16Q160100291503,,ZZUnitStandard:ZZUnitStandard_id:860
*,1359,Y,16Q160100291503,,ZZUnitStandard:ZZUnitStandard_id:862
*,1360,Y,16Q160100291503,,ZZUnitStandard:ZZUnitStandard_id:863
*,1361,Y,16Q160100291503,,ZZUnitStandard:ZZUnitStandard_id:864
*,1362,Y,16Q160100291503,,ZZUnitStandard:ZZUnitStandard_id:985
*,1363,Y,16Q160100291503,,ZZUnitStandard:ZZUnitStandard_id:1188
*,1364,Y,16Q160100291503,,ZZUnitStandard:ZZUnitStandard_id:1190
*,1365,Y,16Q160100291503,,ZZUnitStandard:ZZUnitStandard_id:1196
*,1366,Y,16Q160100291503,,ZZUnitStandard:ZZUnitStandard_id:1518
*,1367,Y,16Q160100291503,,ZZUnitStandard:ZZUnitStandard_id:1590
*,1368,Y,16Q160100291503,,ZZUnitStandard:ZZUnitStandard_id:1728
*,1369,Y,16Q160100291503,,ZZUnitStandard:ZZUnitStandard_id:2201
*,1370,Y,16Q160100291503,,ZZUnitStandard:ZZUnitStandard_id:2202
*,1371,Y,16Q160100291503,,ZZUnitStandard:ZZUnitStandard_id:2218
*,1372,Y,16Q160100291503,,ZZUnitStandard:ZZUnitStandard_id:2221
*,1373,Y,16Q160100291503,,ZZUnitStandard:ZZUnitStandard_id:2577
*,1374,Y,16Q160100291503,,ZZUnitStandard:ZZUnitStandard_id:2578
*,1375,Y,16Q160100291503,,ZZUnitStandard:ZZUnitStandard_id:2594
*,1376,Y,16Q160100291503,,ZZUnitStandard:ZZUnitStandard_id:2595
*,1377,Y,16Q160100291503,,ZZUnitStandard:ZZUnitStandard_id:2602
*,1378,Y,16Q160100291503,,ZZUnitStandard:ZZUnitStandard_id:2603
*,1379,Y,16Q160100291503,,ZZUnitStandard:ZZUnitStandard_id:2604
*,1380,Y,16Q160100291503,,ZZUnitStandard:ZZUnitStandard_id:2605
*,1381,Y,16Q160102411232 ,,ZZUnitStandard:ZZUnitStandard_id:25
*,1382,Y,16Q160102411232 ,,ZZUnitStandard:ZZUnitStandard_id:88
*,1383,Y,16Q160102411232 ,,ZZUnitStandard:ZZUnitStandard_id:355
*,1384,Y,16Q160102411232 ,,ZZUnitStandard:ZZUnitStandard_id:655
*,1385,Y,16Q160102411232 ,,ZZUnitStandard:ZZUnitStandard_id:695
*,1386,Y,16Q160102411232 ,,ZZUnitStandard:ZZUnitStandard_id:784
*,1387,Y,16Q160102411232 ,,ZZUnitStandard:ZZUnitStandard_id:822
*,1388,Y,16Q160102411232 ,,ZZUnitStandard:ZZUnitStandard_id:903
*,1389,Y,16Q160102411232 ,,ZZUnitStandard:ZZUnitStandard_id:904
*,1390,Y,16Q160102411232 ,,ZZUnitStandard:ZZUnitStandard_id:920
*,1391,Y,16Q160102411232 ,,ZZUnitStandard:ZZUnitStandard_id:939
*,1392,Y,16Q160102411232 ,,ZZUnitStandard:ZZUnitStandard_id:941
*,1393,Y,16Q160102411232 ,,ZZUnitStandard:ZZUnitStandard_id:945
*,1394,Y,16Q160102411232 ,,ZZUnitStandard:ZZUnitStandard_id:946
*,1395,Y,16Q160102411232 ,,ZZUnitStandard:ZZUnitStandard_id:949
*,1396,Y,16Q160102411232 ,,ZZUnitStandard:ZZUnitStandard_id:951
*,1397,Y,16Q160102411232 ,,ZZUnitStandard:ZZUnitStandard_id:958
*,1398,Y,16Q160102411232 ,,ZZUnitStandard:ZZUnitStandard_id:988
*,1399,Y,16Q160102411232 ,,ZZUnitStandard:ZZUnitStandard_id:996
*,1400,Y,16Q160102411232 ,,ZZUnitStandard:ZZUnitStandard_id:1034
*,1401,Y,16Q160102411232 ,,ZZUnitStandard:ZZUnitStandard_id:1143
*,1402,Y,16Q160102411232 ,,ZZUnitStandard:ZZUnitStandard_id:1185
*,1403,Y,16Q160102411232 ,,ZZUnitStandard:ZZUnitStandard_id:1186
*,1404,Y,16Q160102411232 ,,ZZUnitStandard:ZZUnitStandard_id:1194
*,1405,Y,16Q160102411232 ,,ZZUnitStandard:ZZUnitStandard_id:1241
*,1406,Y,16Q160102411232 ,,ZZUnitStandard:ZZUnitStandard_id:1242
*,1407,Y,16Q160102411232 ,,ZZUnitStandard:ZZUnitStandard_id:1243
*,1408,Y,16Q160102411232 ,,ZZUnitStandard:ZZUnitStandard_id:1246
*,1409,Y,16Q160102411232 ,,ZZUnitStandard:ZZUnitStandard_id:1247
*,1410,Y,16Q160102411232 ,,ZZUnitStandard:ZZUnitStandard_id:1248
*,1411,Y,16Q160102411232 ,,ZZUnitStandard:ZZUnitStandard_id:1249
*,1412,Y,16Q160102411232 ,,ZZUnitStandard:ZZUnitStandard_id:1250
*,1413,Y,16Q160102411232 ,,ZZUnitStandard:ZZUnitStandard_id:1252
*,1414,Y,16Q160102411232 ,,ZZUnitStandard:ZZUnitStandard_id:1255
*,1415,Y,16Q160102411232 ,,ZZUnitStandard:ZZUnitStandard_id:1514
*,1416,Y,16Q160102411232 ,,ZZUnitStandard:ZZUnitStandard_id:1516
*,1417,Y,16Q160102411232 ,,ZZUnitStandard:ZZUnitStandard_id:1543
*,1418,Y,16Q160102411232 ,,ZZUnitStandard:ZZUnitStandard_id:1949
*,1419,Y,16Q160102411232 ,,ZZUnitStandard:ZZUnitStandard_id:2150
*,1420,Y,16Q160102411232 ,,ZZUnitStandard:ZZUnitStandard_id:2190
*,1421,Y,16Q160102411232 ,,ZZUnitStandard:ZZUnitStandard_id:2220
*,1422,Y,16Q160102411232 ,,ZZUnitStandard:ZZUnitStandard_id:2222
*,1423,Y,16Q160102411232 ,,ZZUnitStandard:ZZUnitStandard_id:2263
*,1424,Y,16Q160102411232 ,,ZZUnitStandard:ZZUnitStandard_id:2340
*,1425,Y,16Q160102411232 ,,ZZUnitStandard:ZZUnitStandard_id:2408
*,1426,Y,16Q160102411232 ,,ZZUnitStandard:ZZUnitStandard_id:2450
*,1427,Y,16Q160102411232 ,,ZZUnitStandard:ZZUnitStandard_id:2452
*,1428,Y,16Q160102411232 ,,ZZUnitStandard:ZZUnitStandard_id:2453
*,1429,Y,16Q160102411232 ,,ZZUnitStandard:ZZUnitStandard_id:2614
*,1430,Y,16Q160102411232 ,,ZZUnitStandard:ZZUnitStandard_id:2615
*,1431,Y,16Q160102411232 ,,ZZUnitStandard:ZZUnitStandard_id:2616
*,1432,Y,16Q160102411232 ,,ZZUnitStandard:ZZUnitStandard_id:2617
*,1433,Y,16Q160102411232 ,,ZZUnitStandard:ZZUnitStandard_id:2618
*,1434,Y,16Q160102411232 ,,ZZUnitStandard:ZZUnitStandard_id:2619
*,1435,Y,16Q160102411232 ,,ZZUnitStandard:ZZUnitStandard_id:2620
*,1436,Y,16Q160102411232 ,,ZZUnitStandard:ZZUnitStandard_id:2621
*,1437,Y,16Q160102411232 ,,ZZUnitStandard:ZZUnitStandard_id:2623
*,1438,Y,16Q160105411232 ,,ZZUnitStandard:ZZUnitStandard_id:88
*,1439,Y,16Q160105411232 ,,ZZUnitStandard:ZZUnitStandard_id:355
*,1440,Y,16Q160105411232 ,,ZZUnitStandard:ZZUnitStandard_id:655
*,1441,Y,16Q160105411232 ,,ZZUnitStandard:ZZUnitStandard_id:695
*,1442,Y,16Q160105411232 ,,ZZUnitStandard:ZZUnitStandard_id:784
*,1443,Y,16Q160105411232 ,,ZZUnitStandard:ZZUnitStandard_id:822
*,1444,Y,16Q160105411232 ,,ZZUnitStandard:ZZUnitStandard_id:903
*,1445,Y,16Q160105411232 ,,ZZUnitStandard:ZZUnitStandard_id:904
*,1446,Y,16Q160105411232 ,,ZZUnitStandard:ZZUnitStandard_id:920
*,1447,Y,16Q160105411232 ,,ZZUnitStandard:ZZUnitStandard_id:939
*,1448,Y,16Q160105411232 ,,ZZUnitStandard:ZZUnitStandard_id:941
*,1449,Y,16Q160105411232 ,,ZZUnitStandard:ZZUnitStandard_id:945
*,1450,Y,16Q160105411232 ,,ZZUnitStandard:ZZUnitStandard_id:946
*,1451,Y,16Q160105411232 ,,ZZUnitStandard:ZZUnitStandard_id:949
*,1452,Y,16Q160105411232 ,,ZZUnitStandard:ZZUnitStandard_id:951
*,1453,Y,16Q160105411232 ,,ZZUnitStandard:ZZUnitStandard_id:958
*,1454,Y,16Q160105411232 ,,ZZUnitStandard:ZZUnitStandard_id:988
*,1455,Y,16Q160105411232 ,,ZZUnitStandard:ZZUnitStandard_id:996
*,1456,Y,16Q160105411232 ,,ZZUnitStandard:ZZUnitStandard_id:1034
*,1457,Y,16Q160105411232 ,,ZZUnitStandard:ZZUnitStandard_id:1143
*,1458,Y,16Q160105411232 ,,ZZUnitStandard:ZZUnitStandard_id:1185
*,1459,Y,16Q160105411232 ,,ZZUnitStandard:ZZUnitStandard_id:1186
*,1460,Y,16Q160105411232 ,,ZZUnitStandard:ZZUnitStandard_id:1194
*,1461,Y,16Q160105411232 ,,ZZUnitStandard:ZZUnitStandard_id:1241
*,1462,Y,16Q160105411232 ,,ZZUnitStandard:ZZUnitStandard_id:1242
*,1463,Y,16Q160105411232 ,,ZZUnitStandard:ZZUnitStandard_id:1243
*,1464,Y,16Q160105411232 ,,ZZUnitStandard:ZZUnitStandard_id:1246
*,1465,Y,16Q160105411232 ,,ZZUnitStandard:ZZUnitStandard_id:1247
*,1466,Y,16Q160105411232 ,,ZZUnitStandard:ZZUnitStandard_id:1248
*,1467,Y,16Q160105411232 ,,ZZUnitStandard:ZZUnitStandard_id:1249
*,1468,Y,16Q160105411232 ,,ZZUnitStandard:ZZUnitStandard_id:1250
*,1469,Y,16Q160105411232 ,,ZZUnitStandard:ZZUnitStandard_id:1252
*,1470,Y,16Q160105411232 ,,ZZUnitStandard:ZZUnitStandard_id:1255
*,1471,Y,16Q160105411232 ,,ZZUnitStandard:ZZUnitStandard_id:1272
*,1472,Y,16Q160105411232 ,,ZZUnitStandard:ZZUnitStandard_id:1514
*,1473,Y,16Q160105411232 ,,ZZUnitStandard:ZZUnitStandard_id:1516
*,1474,Y,16Q160105411232 ,,ZZUnitStandard:ZZUnitStandard_id:1543
*,1475,Y,16Q160105411232 ,,ZZUnitStandard:ZZUnitStandard_id:1949
*,1476,Y,16Q160105411232 ,,ZZUnitStandard:ZZUnitStandard_id:2150
*,1477,Y,16Q160105411232 ,,ZZUnitStandard:ZZUnitStandard_id:2190
*,1478,Y,16Q160105411232 ,,ZZUnitStandard:ZZUnitStandard_id:2220
*,1479,Y,16Q160105411232 ,,ZZUnitStandard:ZZUnitStandard_id:2222
*,1480,Y,16Q160105411232 ,,ZZUnitStandard:ZZUnitStandard_id:2263
*,1481,Y,16Q160105411232 ,,ZZUnitStandard:ZZUnitStandard_id:2340
*,1482,Y,16Q160105411232 ,,ZZUnitStandard:ZZUnitStandard_id:2407
*,1483,Y,16Q160105411232 ,,ZZUnitStandard:ZZUnitStandard_id:2408
*,1484,Y,16Q160105411232 ,,ZZUnitStandard:ZZUnitStandard_id:2450
*,1485,Y,16Q160105411232 ,,ZZUnitStandard:ZZUnitStandard_id:2452
*,1486,Y,16Q160105411232 ,,ZZUnitStandard:ZZUnitStandard_id:2453
*,1487,Y,16Q160105411232 ,,ZZUnitStandard:ZZUnitStandard_id:2614
*,1488,Y,16Q160105411232 ,,ZZUnitStandard:ZZUnitStandard_id:2615
*,1489,Y,16Q160105411232 ,,ZZUnitStandard:ZZUnitStandard_id:2616
*,1490,Y,16Q160105411232 ,,ZZUnitStandard:ZZUnitStandard_id:2617
*,1491,Y,16Q160105411232 ,,ZZUnitStandard:ZZUnitStandard_id:2618
*,1492,Y,16Q160105411232 ,,ZZUnitStandard:ZZUnitStandard_id:2619
*,1493,Y,16Q160105411232 ,,ZZUnitStandard:ZZUnitStandard_id:2620
*,1494,Y,16Q160105411232 ,,ZZUnitStandard:ZZUnitStandard_id:2621
*,1495,Y,16Q160105411232 ,,ZZUnitStandard:ZZUnitStandard_id:2622
*,1496,Y,16Q160105411232 ,,ZZUnitStandard:ZZUnitStandard_id:2623
*,1497,Y,16Q160099291503 ,,ZZUnitStandard:ZZUnitStandard_id:786
*,1498,Y,16Q160099291503 ,,ZZUnitStandard:ZZUnitStandard_id:789
*,1499,Y,16Q160099291503 ,,ZZUnitStandard:ZZUnitStandard_id:802
*,1500,Y,16Q160099291503 ,,ZZUnitStandard:ZZUnitStandard_id:803
*,1501,Y,16Q160099291503 ,,ZZUnitStandard:ZZUnitStandard_id:804
*,1502,Y,16Q160099291503 ,,ZZUnitStandard:ZZUnitStandard_id:805
*,1503,Y,16Q160099291503 ,,ZZUnitStandard:ZZUnitStandard_id:860
*,1504,Y,16Q160099291503 ,,ZZUnitStandard:ZZUnitStandard_id:862
*,1505,Y,16Q160099291503 ,,ZZUnitStandard:ZZUnitStandard_id:863
*,1506,Y,16Q160099291503 ,,ZZUnitStandard:ZZUnitStandard_id:864
*,1507,Y,16Q160099291503 ,,ZZUnitStandard:ZZUnitStandard_id:985
*,1508,Y,16Q160099291503 ,,ZZUnitStandard:ZZUnitStandard_id:1188
*,1509,Y,16Q160099291503 ,,ZZUnitStandard:ZZUnitStandard_id:1190
*,1510,Y,16Q160099291503 ,,ZZUnitStandard:ZZUnitStandard_id:1196
*,1511,Y,16Q160099291503 ,,ZZUnitStandard:ZZUnitStandard_id:1518
*,1512,Y,16Q160099291503 ,,ZZUnitStandard:ZZUnitStandard_id:1590
*,1513,Y,16Q160099291503 ,,ZZUnitStandard:ZZUnitStandard_id:1728
*,1514,Y,16Q160099291503 ,,ZZUnitStandard:ZZUnitStandard_id:2201
*,1515,Y,16Q160099291503 ,,ZZUnitStandard:ZZUnitStandard_id:2202
*,1516,Y,16Q160099291503 ,,ZZUnitStandard:ZZUnitStandard_id:2218
*,1517,Y,16Q160099291503 ,,ZZUnitStandard:ZZUnitStandard_id:2221
*,1518,Y,16Q160099291503 ,,ZZUnitStandard:ZZUnitStandard_id:2577
*,1519,Y,16Q160099291503 ,,ZZUnitStandard:ZZUnitStandard_id:2578
*,1520,Y,16Q160099291503 ,,ZZUnitStandard:ZZUnitStandard_id:2585
*,1521,Y,16Q160099291503 ,,ZZUnitStandard:ZZUnitStandard_id:2586
*,1522,Y,16Q160099291503 ,,ZZUnitStandard:ZZUnitStandard_id:2591
*,1523,Y,16Q160099291503 ,,ZZUnitStandard:ZZUnitStandard_id:2597
*,1524,Y,16Q160099291503 ,,ZZUnitStandard:ZZUnitStandard_id:2604
*,1525,Y,16Q160099291503 ,,ZZUnitStandard:ZZUnitStandard_id:2605
*,1526,Y,16Q160101301503 ,,ZZUnitStandard:ZZUnitStandard_id:786
*,1527,Y,16Q160101301503 ,,ZZUnitStandard:ZZUnitStandard_id:789
*,1528,Y,16Q160101301503 ,,ZZUnitStandard:ZZUnitStandard_id:802
*,1529,Y,16Q160101301503 ,,ZZUnitStandard:ZZUnitStandard_id:803
*,1530,Y,16Q160101301503 ,,ZZUnitStandard:ZZUnitStandard_id:804
*,1531,Y,16Q160101301503 ,,ZZUnitStandard:ZZUnitStandard_id:805
*,1532,Y,16Q160101301503 ,,ZZUnitStandard:ZZUnitStandard_id:813
*,1533,Y,16Q160101301503 ,,ZZUnitStandard:ZZUnitStandard_id:860
*,1534,Y,16Q160101301503 ,,ZZUnitStandard:ZZUnitStandard_id:862
*,1535,Y,16Q160101301503 ,,ZZUnitStandard:ZZUnitStandard_id:863
*,1536,Y,16Q160101301503 ,,ZZUnitStandard:ZZUnitStandard_id:864
*,1537,Y,16Q160101301503 ,,ZZUnitStandard:ZZUnitStandard_id:985
*,1538,Y,16Q160101301503 ,,ZZUnitStandard:ZZUnitStandard_id:1188
*,1539,Y,16Q160101301503 ,,ZZUnitStandard:ZZUnitStandard_id:1190
*,1540,Y,16Q160101301503 ,,ZZUnitStandard:ZZUnitStandard_id:1196
*,1541,Y,16Q160101301503 ,,ZZUnitStandard:ZZUnitStandard_id:1518
*,1542,Y,16Q160101301503 ,,ZZUnitStandard:ZZUnitStandard_id:1590
*,1543,Y,16Q160101301503 ,,ZZUnitStandard:ZZUnitStandard_id:1728
*,1544,Y,16Q160101301503 ,,ZZUnitStandard:ZZUnitStandard_id:2201
*,1545,Y,16Q160101301503 ,,ZZUnitStandard:ZZUnitStandard_id:2202
*,1546,Y,16Q160101301503 ,,ZZUnitStandard:ZZUnitStandard_id:2218
*,1547,Y,16Q160101301503 ,,ZZUnitStandard:ZZUnitStandard_id:2221
*,1548,Y,16Q160101301503 ,,ZZUnitStandard:ZZUnitStandard_id:2577
*,1549,Y,16Q160101301503 ,,ZZUnitStandard:ZZUnitStandard_id:2578
*,1550,Y,16Q160101301503 ,,ZZUnitStandard:ZZUnitStandard_id:2580
*,1551,Y,16Q160101301503 ,,ZZUnitStandard:ZZUnitStandard_id:2582
*,1552,Y,16Q160101301503 ,,ZZUnitStandard:ZZUnitStandard_id:2593
*,1553,Y,16Q160101301503 ,,ZZUnitStandard:ZZUnitStandard_id:2596
*,1554,Y,16Q160101301503 ,,ZZUnitStandard:ZZUnitStandard_id:2604
*,1555,Y,16Q160101301503 ,,ZZUnitStandard:ZZUnitStandard_id:2605
*,1556,Y,16Q160049591732,,ZZUnitStandard:ZZUnitStandard_id:149
*,1557,Y,16Q160049591732,,ZZUnitStandard:ZZUnitStandard_id:150
*,1558,Y,16Q160049591732,,ZZUnitStandard:ZZUnitStandard_id:155
*,1559,Y,16Q160049591732,,ZZUnitStandard:ZZUnitStandard_id:160
*,1560,Y,16Q160049591732,,ZZUnitStandard:ZZUnitStandard_id:171
*,1561,Y,16Q160049591732,,ZZUnitStandard:ZZUnitStandard_id:172
*,1562,Y,16Q160049591732,,ZZUnitStandard:ZZUnitStandard_id:173
*,1563,Y,16Q160049591732,,ZZUnitStandard:ZZUnitStandard_id:174
*,1564,Y,16Q160049591732,,ZZUnitStandard:ZZUnitStandard_id:203
*,1565,Y,16Q160049591732,,ZZUnitStandard:ZZUnitStandard_id:204
*,1566,Y,16Q160049591732,,ZZUnitStandard:ZZUnitStandard_id:205
*,1567,Y,16Q160049591732,,ZZUnitStandard:ZZUnitStandard_id:208
*,1568,Y,16Q160049591732,,ZZUnitStandard:ZZUnitStandard_id:245
*,1569,Y,16Q160049591732,,ZZUnitStandard:ZZUnitStandard_id:247
*,1570,Y,16Q160049591732,,ZZUnitStandard:ZZUnitStandard_id:248
*,1571,Y,16Q160049591732,,ZZUnitStandard:ZZUnitStandard_id:250
*,1572,Y,16Q160049591732,,ZZUnitStandard:ZZUnitStandard_id:255
*,1573,Y,16Q160049591732,,ZZUnitStandard:ZZUnitStandard_id:257
*,1574,Y,16Q160049591732,,ZZUnitStandard:ZZUnitStandard_id:259
*,1575,Y,16Q160049591732,,ZZUnitStandard:ZZUnitStandard_id:260
*,1576,Y,16Q160049591732,,ZZUnitStandard:ZZUnitStandard_id:262
*,1577,Y,16Q160049591732,,ZZUnitStandard:ZZUnitStandard_id:264
*,1578,Y,16Q160049591732,,ZZUnitStandard:ZZUnitStandard_id:269
*,1579,Y,16Q160049591732,,ZZUnitStandard:ZZUnitStandard_id:282
*,1580,Y,16Q160049591732,,ZZUnitStandard:ZZUnitStandard_id:289
*,1581,Y,16Q160049591732,,ZZUnitStandard:ZZUnitStandard_id:290
*,1582,Y,16Q160049591732,,ZZUnitStandard:ZZUnitStandard_id:291
*,1583,Y,16Q160049591732,,ZZUnitStandard:ZZUnitStandard_id:332
*,1584,Y,16Q160049591732,,ZZUnitStandard:ZZUnitStandard_id:333
*,1585,Y,16Q160049591732,,ZZUnitStandard:ZZUnitStandard_id:334
*,1586,Y,16Q160049591732,,ZZUnitStandard:ZZUnitStandard_id:335
*,1587,Y,16Q160049591732,,ZZUnitStandard:ZZUnitStandard_id:336
*,1588,Y,16Q160049591732,,ZZUnitStandard:ZZUnitStandard_id:337
*,1589,Y,16Q160049591732,,ZZUnitStandard:ZZUnitStandard_id:338
*,1590,Y,16Q160049591732,,ZZUnitStandard:ZZUnitStandard_id:343
*,1591,Y,16Q160049591732,,ZZUnitStandard:ZZUnitStandard_id:344
*,1592,Y,16Q160049591732,,ZZUnitStandard:ZZUnitStandard_id:345
*,1593,Y,16Q160049591732,,ZZUnitStandard:ZZUnitStandard_id:346
*,1594,Y,16Q160049591732,,ZZUnitStandard:ZZUnitStandard_id:348
*,1595,Y,16Q160049591732,,ZZUnitStandard:ZZUnitStandard_id:356
*,1596,Y,16Q160049591732,,ZZUnitStandard:ZZUnitStandard_id:357
*,1597,Y,16Q160049591732,,ZZUnitStandard:ZZUnitStandard_id:360
*,1598,Y,16Q160049591732,,ZZUnitStandard:ZZUnitStandard_id:361
*,1599,Y,16Q160049591732,,ZZUnitStandard:ZZUnitStandard_id:362
*,1600,Y,16Q160049591732,,ZZUnitStandard:ZZUnitStandard_id:363
*,1601,Y,16Q160049591732,,ZZUnitStandard:ZZUnitStandard_id:364
*,1602,Y,16Q160049591732,,ZZUnitStandard:ZZUnitStandard_id:365
*,1603,Y,16Q160049591732,,ZZUnitStandard:ZZUnitStandard_id:367
*,1604,Y,16Q160049591732,,ZZUnitStandard:ZZUnitStandard_id:368
*,1605,Y,16Q160049591732,,ZZUnitStandard:ZZUnitStandard_id:369
*,1606,Y,16Q160049591732,,ZZUnitStandard:ZZUnitStandard_id:370
*,1607,Y,16Q160049591732,,ZZUnitStandard:ZZUnitStandard_id:371
*,1608,Y,16Q160049591732,,ZZUnitStandard:ZZUnitStandard_id:372
*,1609,Y,16Q160049591732,,ZZUnitStandard:ZZUnitStandard_id:373
*,1610,Y,16Q160049591732,,ZZUnitStandard:ZZUnitStandard_id:374
*,1611,Y,16Q160049591732,,ZZUnitStandard:ZZUnitStandard_id:576
*,1612,Y,16Q160049591732,,ZZUnitStandard:ZZUnitStandard_id:635
*,1613,Y,16Q160049591732,,ZZUnitStandard:ZZUnitStandard_id:637
*,1614,Y,16Q160049591732,,ZZUnitStandard:ZZUnitStandard_id:654
*,1615,Y,16Q160049591732,,ZZUnitStandard:ZZUnitStandard_id:702
*,1616,Y,16Q160049591732,,ZZUnitStandard:ZZUnitStandard_id:710
*,1617,Y,16Q160049591732,,ZZUnitStandard:ZZUnitStandard_id:711
*,1618,Y,16Q160049591732,,ZZUnitStandard:ZZUnitStandard_id:770
*,1619,Y,16Q160049591732,,ZZUnitStandard:ZZUnitStandard_id:930
*,1620,Y,16Q160049591732,,ZZUnitStandard:ZZUnitStandard_id:980
*,1621,Y,16Q160049591732,,ZZUnitStandard:ZZUnitStandard_id:981
*,1622,Y,16Q160049591732,,ZZUnitStandard:ZZUnitStandard_id:1080
*,1623,Y,16Q160049591732,,ZZUnitStandard:ZZUnitStandard_id:1095
*,1624,Y,16Q160049591732,,ZZUnitStandard:ZZUnitStandard_id:1161
*,1625,Y,16Q160049591732,,ZZUnitStandard:ZZUnitStandard_id:1162
*,1626,Y,16Q160049591732,,ZZUnitStandard:ZZUnitStandard_id:1163
*,1627,Y,16Q160049591732,,ZZUnitStandard:ZZUnitStandard_id:1184
*,1628,Y,16Q160049591732,,ZZUnitStandard:ZZUnitStandard_id:1185
*,1629,Y,16Q160049591732,,ZZUnitStandard:ZZUnitStandard_id:1186
*,1630,Y,16Q160049591732,,ZZUnitStandard:ZZUnitStandard_id:1191
*,1631,Y,16Q160049591732,,ZZUnitStandard:ZZUnitStandard_id:1194
*,1632,Y,16Q160049591732,,ZZUnitStandard:ZZUnitStandard_id:2025
*,1633,Y,16Q1600714212433,,ZZUnitStandard:ZZUnitStandard_id:699
*,1634,Y,16Q1600714212433,,ZZUnitStandard:ZZUnitStandard_id:919
*,1635,Y,16Q1600714212433,,ZZUnitStandard:ZZUnitStandard_id:922
*,1636,Y,16Q1600714212433,,ZZUnitStandard:ZZUnitStandard_id:930
*,1637,Y,16Q1600714212433,,ZZUnitStandard:ZZUnitStandard_id:980
*,1638,Y,16Q1600714212433,,ZZUnitStandard:ZZUnitStandard_id:987
*,1639,Y,16Q1600714212433,,ZZUnitStandard:ZZUnitStandard_id:1188
*,1640,Y,16Q1600714212433,,ZZUnitStandard:ZZUnitStandard_id:1190
*,1641,Y,16Q1600714212433,,ZZUnitStandard:ZZUnitStandard_id:1196
*,1642,Y,16Q1600714212433,,ZZUnitStandard:ZZUnitStandard_id:1518
*,1643,Y,16Q1600714212433,,ZZUnitStandard:ZZUnitStandard_id:1543
*,1644,Y,16Q1600714212433,,ZZUnitStandard:ZZUnitStandard_id:2201
*,1645,Y,16Q1600714212433,,ZZUnitStandard:ZZUnitStandard_id:2202
*,1646,Y,16Q1600714212433,,ZZUnitStandard:ZZUnitStandard_id:2218
*,1647,Y,16Q1600714212433,,ZZUnitStandard:ZZUnitStandard_id:2221
*,1648,Y,16Q1600714212433,,ZZUnitStandard:ZZUnitStandard_id:2356
*,1649,Y,16Q1600714212433,,ZZUnitStandard:ZZUnitStandard_id:2869
*,1650,Y,16Q1600714212433,,ZZUnitStandard:ZZUnitStandard_id:2882
*,1651,Y,16Q1600714212433,,ZZUnitStandard:ZZUnitStandard_id:2884
*,1652,Y,16Q1600714212433,,ZZUnitStandard:ZZUnitStandard_id:2892
*,1653,Y,16Q1600714212433,,ZZUnitStandard:ZZUnitStandard_id:2893
*,1654,Y,16Q1600714212433,,ZZUnitStandard:ZZUnitStandard_id:2897
*,1655,Y,16Q1600714212433,,ZZUnitStandard:ZZUnitStandard_id:3354
*,1656,Y,16Q1600714212433,,ZZUnitStandard:ZZUnitStandard_id:3357
*,1657,Y,16Q1600714212433,,ZZUnitStandard:ZZUnitStandard_id:3358
*,1658,Y,16Q1600714212433,,ZZUnitStandard:ZZUnitStandard_id:3365
*,1659,Y,16Q1600714212433,,ZZUnitStandard:ZZUnitStandard_id:3368
*,1660,Y,16Q1600714212433,,ZZUnitStandard:ZZUnitStandard_id:3372
*,1661,Y,16Q1600714212433,,ZZUnitStandard:ZZUnitStandard_id:3373
*,1662,Y,16Q1600714212433,,ZZUnitStandard:ZZUnitStandard_id:3375
*,1663,Y,16Q1600714212433,,ZZUnitStandard:ZZUnitStandard_id:3380
*,1664,Y,16Q1600714212433,,ZZUnitStandard:ZZUnitStandard_id:3382
*,1665,Y,16Q1600714212433,,ZZUnitStandard:ZZUnitStandard_id:3383
*,1666,Y,16Q1600714212433,,ZZUnitStandard:ZZUnitStandard_id:3385
*,1667,Y,16Q1600714212433,,ZZUnitStandard:ZZUnitStandard_id:3485
*,1668,Y,16Q1600714212433,,ZZUnitStandard:ZZUnitStandard_id:3486
*,1669,Y,16Q1600714212433,,ZZUnitStandard:ZZUnitStandard_id:3487
*,1670,Y,16Q1600714212433,,ZZUnitStandard:ZZUnitStandard_id:3490
*,1671,Y,16Q1600714212433,,ZZUnitStandard:ZZUnitStandard_id:3492
*,1672,Y,16Q1600714212433,,ZZUnitStandard:ZZUnitStandard_id:3494
*,1673,Y,16Q1600714212433,,ZZUnitStandard:ZZUnitStandard_id:3496
*,1674,Y,16Q1600714212433,,ZZUnitStandard:ZZUnitStandard_id:3503
*,1675,Y,16Q1600714212433,,ZZUnitStandard:ZZUnitStandard_id:3507
*,1676,Y,16Q1600714212433,,ZZUnitStandard:ZZUnitStandard_id:3519
*,1677,Y,16Q1600714212433,,ZZUnitStandard:ZZUnitStandard_id:3523
*,1678,Y,16Q1600714212433,,ZZUnitStandard:ZZUnitStandard_id:3528
*,1679,Y,16Q1600714212433,,ZZUnitStandard:ZZUnitStandard_id:3529
*,1680,Y,16Q1600714212433,,ZZUnitStandard:ZZUnitStandard_id:3531
*,1681,Y,16Q160098271503,,ZZUnitStandard:ZZUnitStandard_id:786
*,1682,Y,16Q160098271503,,ZZUnitStandard:ZZUnitStandard_id:789
*,1683,Y,16Q160098271503,,ZZUnitStandard:ZZUnitStandard_id:860
*,1684,Y,16Q160098271503,,ZZUnitStandard:ZZUnitStandard_id:862
*,1685,Y,16Q160098271503,,ZZUnitStandard:ZZUnitStandard_id:863
*,1686,Y,16Q160098271503,,ZZUnitStandard:ZZUnitStandard_id:864
*,1687,Y,16Q160098271503,,ZZUnitStandard:ZZUnitStandard_id:985
*,1688,Y,16Q160098271503,,ZZUnitStandard:ZZUnitStandard_id:1188
*,1689,Y,16Q160098271503,,ZZUnitStandard:ZZUnitStandard_id:1190
*,1690,Y,16Q160098271503,,ZZUnitStandard:ZZUnitStandard_id:1196
*,1691,Y,16Q160098271503,,ZZUnitStandard:ZZUnitStandard_id:1518
*,1692,Y,16Q160098271503,,ZZUnitStandard:ZZUnitStandard_id:1590
*,1693,Y,16Q160098271503,,ZZUnitStandard:ZZUnitStandard_id:1728
*,1694,Y,16Q160098271503,,ZZUnitStandard:ZZUnitStandard_id:2201
*,1695,Y,16Q160098271503,,ZZUnitStandard:ZZUnitStandard_id:2202
*,1696,Y,16Q160098271503,,ZZUnitStandard:ZZUnitStandard_id:2218
*,1697,Y,16Q160098271503,,ZZUnitStandard:ZZUnitStandard_id:2221
*,1698,Y,16Q160098271503,,ZZUnitStandard:ZZUnitStandard_id:2577
*,1699,Y,16Q160098271503,,ZZUnitStandard:ZZUnitStandard_id:2578
*,1700,Y,16Q160098271503,,ZZUnitStandard:ZZUnitStandard_id:2579
*,1701,Y,16Q160098271503,,ZZUnitStandard:ZZUnitStandard_id:2580
*,1702,Y,16Q160098271503,,ZZUnitStandard:ZZUnitStandard_id:2600
*,1703,Y,16Q160098271503,,ZZUnitStandard:ZZUnitStandard_id:2601
*,1704,Y,16Q160098271503,,ZZUnitStandard:ZZUnitStandard_id:2604
*,1705,Y,16Q160098271503,,ZZUnitStandard:ZZUnitStandard_id:2605
*,1706,Y,16Q160098271503,,ZZUnitStandard:ZZUnitStandard_id:2612
*,1707,Y,16Q160093561292,,ZZUnitStandard:ZZUnitStandard_id:376
*,1708,Y,16Q160093561292,,ZZUnitStandard:ZZUnitStandard_id:378
*,1709,Y,16Q160093561292,,ZZUnitStandard:ZZUnitStandard_id:382
*,1710,Y,16Q160093561292,,ZZUnitStandard:ZZUnitStandard_id:396
*,1711,Y,16Q160093561292,,ZZUnitStandard:ZZUnitStandard_id:529
*,1712,Y,16Q160093561292,,ZZUnitStandard:ZZUnitStandard_id:530
*,1713,Y,16Q160093561292,,ZZUnitStandard:ZZUnitStandard_id:531
*,1714,Y,16Q160093561292,,ZZUnitStandard:ZZUnitStandard_id:606
*,1715,Y,16Q160093561292,,ZZUnitStandard:ZZUnitStandard_id:618
*,1716,Y,16Q160093561292,,ZZUnitStandard:ZZUnitStandard_id:770
*,1717,Y,16Q160093561292,,ZZUnitStandard:ZZUnitStandard_id:930
*,1718,Y,16Q160093561292,,ZZUnitStandard:ZZUnitStandard_id:985
*,1719,Y,16Q160093561292,,ZZUnitStandard:ZZUnitStandard_id:1034
*,1720,Y,16Q160093561292,,ZZUnitStandard:ZZUnitStandard_id:1043
*,1721,Y,16Q160093561292,,ZZUnitStandard:ZZUnitStandard_id:1049
*,1722,Y,16Q160093561292,,ZZUnitStandard:ZZUnitStandard_id:1185
*,1723,Y,16Q160093561292,,ZZUnitStandard:ZZUnitStandard_id:1186
*,1724,Y,16Q160093561292,,ZZUnitStandard:ZZUnitStandard_id:1194
*,1725,Y,16Q160093561292,,ZZUnitStandard:ZZUnitStandard_id:1229
*,1726,Y,16Q160093561292,,ZZUnitStandard:ZZUnitStandard_id:1234
*,1727,Y,16Q160093561292,,ZZUnitStandard:ZZUnitStandard_id:1514
*,1728,Y,16Q160093561292,,ZZUnitStandard:ZZUnitStandard_id:1516
*,1729,Y,16Q160093561292,,ZZUnitStandard:ZZUnitStandard_id:1726
*,1730,Y,16Q160093561292,,ZZUnitStandard:ZZUnitStandard_id:2340
*,1731,Y,16Q160093561292,,ZZUnitStandard:ZZUnitStandard_id:2356
*,1732,Y,16Q160093561292,,ZZUnitStandard:ZZUnitStandard_id:2357
*,1733,Y,16Q160093561292,,ZZUnitStandard:ZZUnitStandard_id:2358
*,1734,Y,16Q160093561292,,ZZUnitStandard:ZZUnitStandard_id:2359
*,1735,Y,16Q160093561292,,ZZUnitStandard:ZZUnitStandard_id:2360
*,1736,Y,16Q160093561292,,ZZUnitStandard:ZZUnitStandard_id:2361
*,1737,Y,16Q160093561292,,ZZUnitStandard:ZZUnitStandard_id:2450
*,1738,Y,16Q160093561292,,ZZUnitStandard:ZZUnitStandard_id:2452
*,1739,Y,16Q160093561292,,ZZUnitStandard:ZZUnitStandard_id:2453
*,1740,Y,16Q160093561292,,ZZUnitStandard:ZZUnitStandard_id:2533
*,1741,Y,16Q160093561292,,ZZUnitStandard:ZZUnitStandard_id:2534
*,1742,Y,16Q160093561292,,ZZUnitStandard:ZZUnitStandard_id:2535
*,1743,Y,16Q160093561292,,ZZUnitStandard:ZZUnitStandard_id:2536
*,1744,Y,16Q160093561292,,ZZUnitStandard:ZZUnitStandard_id:2537
*,1745,Y,16Q160093561292,,ZZUnitStandard:ZZUnitStandard_id:2539
*,1746,Y,16Q160093561292,,ZZUnitStandard:ZZUnitStandard_id:2540
*,1747,Y,16Q160093561292,,ZZUnitStandard:ZZUnitStandard_id:2541
*,1748,Y,16Q160093561292,,ZZUnitStandard:ZZUnitStandard_id:2542
*,1749,Y,16Q160093561292,,ZZUnitStandard:ZZUnitStandard_id:2543
*,1750,Y,16Q160093561292,,ZZUnitStandard:ZZUnitStandard_id:2544
*,1751,Y,16Q160093561292,,ZZUnitStandard:ZZUnitStandard_id:2545
*,1752,Y,16Q160093561292,,ZZUnitStandard:ZZUnitStandard_id:2546
*,1753,Y,16Q160093561292,,ZZUnitStandard:ZZUnitStandard_id:2547
*,1754,Y,16Q160093561292,,ZZUnitStandard:ZZUnitStandard_id:2548
*,1755,Y,16Q160093561292,,ZZUnitStandard:ZZUnitStandard_id:2550
*,1756,Y,16Q160093561292,,ZZUnitStandard:ZZUnitStandard_id:2551
*,1757,Y,16Q160093561292,,ZZUnitStandard:ZZUnitStandard_id:2552
*,1758,Y,16Q160093561292,,ZZUnitStandard:ZZUnitStandard_id:2553
*,1759,Y,16Q160093561292,,ZZUnitStandard:ZZUnitStandard_id:2555
*,1760,Y,16Q160093561292,,ZZUnitStandard:ZZUnitStandard_id:2572
*,1761,Y,16Q160093561292,,ZZUnitStandard:ZZUnitStandard_id:2573
*,1762,Y,16Q160093561292,,ZZUnitStandard:ZZUnitStandard_id:2633
*,1763,Y,16Q160093561292,,ZZUnitStandard:ZZUnitStandard_id:2634
*,1764,Y,16Q160093561292,,ZZUnitStandard:ZZUnitStandard_id:3357
*,1765,Y,16Q160093561292,,ZZUnitStandard:ZZUnitStandard_id:3407
*,1766,Y,16Q160147511202,,ZZUnitStandard:ZZUnitStandard_id:927
*,1767,Y,16Q160147511202,,ZZUnitStandard:ZZUnitStandard_id:988
*,1768,Y,16Q160147511202,,ZZUnitStandard:ZZUnitStandard_id:1185
*,1769,Y,16Q160147511202,,ZZUnitStandard:ZZUnitStandard_id:1186
*,1770,Y,16Q160147511202,,ZZUnitStandard:ZZUnitStandard_id:1194
*,1771,Y,16Q160147511202,,ZZUnitStandard:ZZUnitStandard_id:1514
*,1772,Y,16Q160147511202,,ZZUnitStandard:ZZUnitStandard_id:1516
*,1773,Y,16Q160147511202,,ZZUnitStandard:ZZUnitStandard_id:1759
*,1774,Y,16Q160147511202,,ZZUnitStandard:ZZUnitStandard_id:1853
*,1775,Y,16Q160147511202,,ZZUnitStandard:ZZUnitStandard_id:1854
*,1776,Y,16Q160147511202,,ZZUnitStandard:ZZUnitStandard_id:1855
*,1777,Y,16Q160147511202,,ZZUnitStandard:ZZUnitStandard_id:2147
*,1778,Y,16Q160147511202,,ZZUnitStandard:ZZUnitStandard_id:2266
*,1779,Y,16Q160147511202,,ZZUnitStandard:ZZUnitStandard_id:2340
*,1780,Y,16Q160147511202,,ZZUnitStandard:ZZUnitStandard_id:2450
*,1781,Y,16Q160147511202,,ZZUnitStandard:ZZUnitStandard_id:2452
*,1782,Y,16Q160147511202,,ZZUnitStandard:ZZUnitStandard_id:2453
*,1783,Y,16Q160147511202,,ZZUnitStandard:ZZUnitStandard_id:2854
*,1784,Y,16Q160147511202,,ZZUnitStandard:ZZUnitStandard_id:2855
*,1785,Y,16Q160147511202,,ZZUnitStandard:ZZUnitStandard_id:2856
*,1786,Y,16Q160147511202,,ZZUnitStandard:ZZUnitStandard_id:2857
*,1787,Y,16Q160147511202,,ZZUnitStandard:ZZUnitStandard_id:2858
*,1788,Y,16Q160147511202,,ZZUnitStandard:ZZUnitStandard_id:2863
*,1789,Y,16Q160147511202,,ZZUnitStandard:ZZUnitStandard_id:2885
*,1790,Y,16Q160147511202,,ZZUnitStandard:ZZUnitStandard_id:3006
*,1791,Y,16Q160147511202,,ZZUnitStandard:ZZUnitStandard_id:3007
*,1792,Y,16Q160147511202,,ZZUnitStandard:ZZUnitStandard_id:3008
*,1793,Y,16Q160147511202,,ZZUnitStandard:ZZUnitStandard_id:3009
*,1794,Y,16Q160147511202,,ZZUnitStandard:ZZUnitStandard_id:3010
*,1795,Y,16Q160147511202,,ZZUnitStandard:ZZUnitStandard_id:3011
*,1796,Y,16Q160147511202,,ZZUnitStandard:ZZUnitStandard_id:3012
*,1797,Y,16Q160147511202,,ZZUnitStandard:ZZUnitStandard_id:3013
*,1798,Y,16Q160147511202,,ZZUnitStandard:ZZUnitStandard_id:3014
*,1799,Y,16Q160147511202,,ZZUnitStandard:ZZUnitStandard_id:3015
*,1800,Y,16Q160147511202,,ZZUnitStandard:ZZUnitStandard_id:3016
*,1801,Y,16Q160147511202,,ZZUnitStandard:ZZUnitStandard_id:3019
*,1802,Y,16Q160147511202,,ZZUnitStandard:ZZUnitStandard_id:3020
*,1803,Y,16Q160147511202,,ZZUnitStandard:ZZUnitStandard_id:3021
*,1804,Y,16Q160147511202,,ZZUnitStandard:ZZUnitStandard_id:3022
*,1805,Y,16Q160147511202,,ZZUnitStandard:ZZUnitStandard_id:3023
*,1806,Y,16Q160147511202,,ZZUnitStandard:ZZUnitStandard_id:3024
*,1807,Y,16Q160147511202,,ZZUnitStandard:ZZUnitStandard_id:3025
*,1808,Y,16Q160147511202,,ZZUnitStandard:ZZUnitStandard_id:3026
*,1809,Y,16Q160147511202,,ZZUnitStandard:ZZUnitStandard_id:3027
*,1810,Y,16Q160147511202,,ZZUnitStandard:ZZUnitStandard_id:3028
*,1811,Y,16Q160147511202,,ZZUnitStandard:ZZUnitStandard_id:3029
*,1812,Y,16Q160147511202,,ZZUnitStandard:ZZUnitStandard_id:3031
*,1813,Y,16Q160147511202,,ZZUnitStandard:ZZUnitStandard_id:3032
*,1814,Y,16Q160147511202,,ZZUnitStandard:ZZUnitStandard_id:3033
*,1815,Y,16Q160147511202,,ZZUnitStandard:ZZUnitStandard_id:3034
*,1816,Y,16Q160147511202,,ZZUnitStandard:ZZUnitStandard_id:3036
*,1817,Y,16Q160147511202,,ZZUnitStandard:ZZUnitStandard_id:3037
*,1818,Y,16Q160147511202,,ZZUnitStandard:ZZUnitStandard_id:3878
*,1819,Y,16Q160107361413,,ZZUnitStandard:ZZUnitStandard_id:695
*,1820,Y,16Q160107361413,,ZZUnitStandard:ZZUnitStandard_id:736
*,1821,Y,16Q160107361413,,ZZUnitStandard:ZZUnitStandard_id:919
*,1822,Y,16Q160107361413,,ZZUnitStandard:ZZUnitStandard_id:930
*,1823,Y,16Q160107361413,,ZZUnitStandard:ZZUnitStandard_id:985
*,1824,Y,16Q160107361413,,ZZUnitStandard:ZZUnitStandard_id:996
*,1825,Y,16Q160107361413,,ZZUnitStandard:ZZUnitStandard_id:1000
*,1826,Y,16Q160107361413,,ZZUnitStandard:ZZUnitStandard_id:1001
*,1827,Y,16Q160107361413,,ZZUnitStandard:ZZUnitStandard_id:1003
*,1828,Y,16Q160107361413,,ZZUnitStandard:ZZUnitStandard_id:1007
*,1829,Y,16Q160107361413,,ZZUnitStandard:ZZUnitStandard_id:1011
*,1830,Y,16Q160107361413,,ZZUnitStandard:ZZUnitStandard_id:1012
*,1831,Y,16Q160107361413,,ZZUnitStandard:ZZUnitStandard_id:1013
*,1832,Y,16Q160107361413,,ZZUnitStandard:ZZUnitStandard_id:1014
*,1833,Y,16Q160107361413,,ZZUnitStandard:ZZUnitStandard_id:1015
*,1834,Y,16Q160107361413,,ZZUnitStandard:ZZUnitStandard_id:1016
*,1835,Y,16Q160107361413,,ZZUnitStandard:ZZUnitStandard_id:1017
*,1836,Y,16Q160107361413,,ZZUnitStandard:ZZUnitStandard_id:1019
*,1837,Y,16Q160107361413,,ZZUnitStandard:ZZUnitStandard_id:1188
*,1838,Y,16Q160107361413,,ZZUnitStandard:ZZUnitStandard_id:1190
*,1839,Y,16Q160107361413,,ZZUnitStandard:ZZUnitStandard_id:1196
*,1840,Y,16Q160107361413,,ZZUnitStandard:ZZUnitStandard_id:1298
*,1841,Y,16Q160107361413,,ZZUnitStandard:ZZUnitStandard_id:1518
*,1842,Y,16Q160107361413,,ZZUnitStandard:ZZUnitStandard_id:1669
*,1843,Y,16Q160107361413,,ZZUnitStandard:ZZUnitStandard_id:2201
*,1844,Y,16Q160107361413,,ZZUnitStandard:ZZUnitStandard_id:2202
*,1845,Y,16Q160107361413,,ZZUnitStandard:ZZUnitStandard_id:2218
*,1846,Y,16Q160107361413,,ZZUnitStandard:ZZUnitStandard_id:2221
*,1847,Y,16Q160107361413,,ZZUnitStandard:ZZUnitStandard_id:2273
*,1848,Y,16Q160107361413,,ZZUnitStandard:ZZUnitStandard_id:2913
*,1849,Y,16Q160107361413,,ZZUnitStandard:ZZUnitStandard_id:2914
*,1850,Y,16Q160107361413,,ZZUnitStandard:ZZUnitStandard_id:2915
*,1851,Y,16Q160107361413,,ZZUnitStandard:ZZUnitStandard_id:2916
*,1852,Y,16Q160107361413,,ZZUnitStandard:ZZUnitStandard_id:2917
*,1853,Y,16Q160107361413,,ZZUnitStandard:ZZUnitStandard_id:2918
*,1854,Y,16Q160107361413,,ZZUnitStandard:ZZUnitStandard_id:2919
*,1855,Y,16Q160107361413,,ZZUnitStandard:ZZUnitStandard_id:2920
*,1856,Y,16Q160107361413,,ZZUnitStandard:ZZUnitStandard_id:2921
*,1857,Y,16Q160107361413,,ZZUnitStandard:ZZUnitStandard_id:2922
*,1858,Y,16Q160107361413,,ZZUnitStandard:ZZUnitStandard_id:2923
*,1859,Y,16Q160107361413,,ZZUnitStandard:ZZUnitStandard_id:2924
*,1860,Y,16Q160107361413,,ZZUnitStandard:ZZUnitStandard_id:2926
*,1861,Y,16Q160107361413,,ZZUnitStandard:ZZUnitStandard_id:2929
*,1862,Y,16Q160107361413,,ZZUnitStandard:ZZUnitStandard_id:2930
*,1863,Y,16Q160107361413,,ZZUnitStandard:ZZUnitStandard_id:2931
*,1864,Y,16Q160107361413,,ZZUnitStandard:ZZUnitStandard_id:2933
*,1865,Y,16Q160107361413,,ZZUnitStandard:ZZUnitStandard_id:2936
*,1866,Y,16Q160107361413,,ZZUnitStandard:ZZUnitStandard_id:2939
*,1867,Y,16Q160107361413,,ZZUnitStandard:ZZUnitStandard_id:2940
*,1868,Y,16Q160107361413,,ZZUnitStandard:ZZUnitStandard_id:2941
*,1869,Y,16Q160107361413,,ZZUnitStandard:ZZUnitStandard_id:2942
*,1870,Y,16Q160107361413,,ZZUnitStandard:ZZUnitStandard_id:2945
*,1871,Y,16Q160107361413,,ZZUnitStandard:ZZUnitStandard_id:2947
*,1872,Y,16Q160107361413,,ZZUnitStandard:ZZUnitStandard_id:2948
*,1873,Y,16Q160107361413,,ZZUnitStandard:ZZUnitStandard_id:2949
*,1874,Y,16Q160107361413,,ZZUnitStandard:ZZUnitStandard_id:2950
*,1875,Y,16Q160107361413,,ZZUnitStandard:ZZUnitStandard_id:2955
*,1876,Y,16Q160107361413,,ZZUnitStandard:ZZUnitStandard_id:2956
*,1877,Y,16Q160106431413,,ZZUnitStandard:ZZUnitStandard_id:695
*,1878,Y,16Q160106431413,,ZZUnitStandard:ZZUnitStandard_id:736
*,1879,Y,16Q160106431413,,ZZUnitStandard:ZZUnitStandard_id:919
*,1880,Y,16Q160106431413,,ZZUnitStandard:ZZUnitStandard_id:930
*,1881,Y,16Q160106431413,,ZZUnitStandard:ZZUnitStandard_id:985
*,1882,Y,16Q160106431413,,ZZUnitStandard:ZZUnitStandard_id:996
*,1883,Y,16Q160106431413,,ZZUnitStandard:ZZUnitStandard_id:1000
*,1884,Y,16Q160106431413,,ZZUnitStandard:ZZUnitStandard_id:1001
*,1885,Y,16Q160106431413,,ZZUnitStandard:ZZUnitStandard_id:1003
*,1886,Y,16Q160106431413,,ZZUnitStandard:ZZUnitStandard_id:1007
*,1887,Y,16Q160106431413,,ZZUnitStandard:ZZUnitStandard_id:1011
*,1888,Y,16Q160106431413,,ZZUnitStandard:ZZUnitStandard_id:1188
*,1889,Y,16Q160106431413,,ZZUnitStandard:ZZUnitStandard_id:1190
*,1890,Y,16Q160106431413,,ZZUnitStandard:ZZUnitStandard_id:1196
*,1891,Y,16Q160106431413,,ZZUnitStandard:ZZUnitStandard_id:1518
*,1892,Y,16Q160106431413,,ZZUnitStandard:ZZUnitStandard_id:1669
*,1893,Y,16Q160106431413,,ZZUnitStandard:ZZUnitStandard_id:2201
*,1894,Y,16Q160106431413,,ZZUnitStandard:ZZUnitStandard_id:2202
*,1895,Y,16Q160106431413,,ZZUnitStandard:ZZUnitStandard_id:2218
*,1896,Y,16Q160106431413,,ZZUnitStandard:ZZUnitStandard_id:2221
*,1897,Y,16Q160106431413,,ZZUnitStandard:ZZUnitStandard_id:2273
*,1898,Y,16Q160106431413,,ZZUnitStandard:ZZUnitStandard_id:2913
*,1899,Y,16Q160106431413,,ZZUnitStandard:ZZUnitStandard_id:2914
*,1900,Y,16Q160106431413,,ZZUnitStandard:ZZUnitStandard_id:2915
*,1901,Y,16Q160106431413,,ZZUnitStandard:ZZUnitStandard_id:2916
*,1902,Y,16Q160106431413,,ZZUnitStandard:ZZUnitStandard_id:2917
*,1903,Y,16Q160106431413,,ZZUnitStandard:ZZUnitStandard_id:2918
*,1904,Y,16Q160106431413,,ZZUnitStandard:ZZUnitStandard_id:2919
*,1905,Y,16Q160106431413,,ZZUnitStandard:ZZUnitStandard_id:2920
*,1906,Y,16Q160106431413,,ZZUnitStandard:ZZUnitStandard_id:2921
*,1907,Y,16Q160106431413,,ZZUnitStandard:ZZUnitStandard_id:2922
*,1908,Y,16Q160106431413,,ZZUnitStandard:ZZUnitStandard_id:2923
*,1909,Y,16Q160106431413,,ZZUnitStandard:ZZUnitStandard_id:2924
*,1910,Y,16Q160106431413,,ZZUnitStandard:ZZUnitStandard_id:2926
*,1911,Y,16Q160106431413,,ZZUnitStandard:ZZUnitStandard_id:2929
*,1912,Y,16Q160106431413,,ZZUnitStandard:ZZUnitStandard_id:2930
*,1913,Y,16Q160106431413,,ZZUnitStandard:ZZUnitStandard_id:2931
*,1914,Y,16Q160106431413,,ZZUnitStandard:ZZUnitStandard_id:2932
*,1915,Y,16Q160106431413,,ZZUnitStandard:ZZUnitStandard_id:2933
*,1916,Y,16Q160106431413,,ZZUnitStandard:ZZUnitStandard_id:2936
*,1917,Y,16Q160106431413,,ZZUnitStandard:ZZUnitStandard_id:2939
*,1918,Y,16Q160106431413,,ZZUnitStandard:ZZUnitStandard_id:2940
*,1919,Y,16Q160106431413,,ZZUnitStandard:ZZUnitStandard_id:2941
*,1920,Y,16Q160106431413,,ZZUnitStandard:ZZUnitStandard_id:2942
*,1921,Y,16Q160106431413,,ZZUnitStandard:ZZUnitStandard_id:2945
*,1922,Y,16Q160106431413,,ZZUnitStandard:ZZUnitStandard_id:2947
*,1923,Y,16Q160106431413,,ZZUnitStandard:ZZUnitStandard_id:2948
*,1924,Y,16Q160106431413,,ZZUnitStandard:ZZUnitStandard_id:2949
*,1925,Y,16Q160106431413,,ZZUnitStandard:ZZUnitStandard_id:2950
*,1926,Y,16Q160106431413,,ZZUnitStandard:ZZUnitStandard_id:2955
*,1927,Y,16Q160106431413,,ZZUnitStandard:ZZUnitStandard_id:2956
*,1928,Y,16Q160135361614,,ZZUnitStandard:ZZUnitStandard_id:919
*,1929,Y,16Q160135361614,,ZZUnitStandard:ZZUnitStandard_id:1189
*,1930,Y,16Q160135361614,,ZZUnitStandard:ZZUnitStandard_id:1197
*,1931,Y,16Q160135361614,,ZZUnitStandard:ZZUnitStandard_id:1198
*,1932,Y,16Q160135361614,,ZZUnitStandard:ZZUnitStandard_id:2201
*,1933,Y,16Q160135361614,,ZZUnitStandard:ZZUnitStandard_id:2202
*,1934,Y,16Q160135361614,,ZZUnitStandard:ZZUnitStandard_id:2214
*,1935,Y,16Q160135361614,,ZZUnitStandard:ZZUnitStandard_id:2215
*,1936,Y,16Q160135361614,,ZZUnitStandard:ZZUnitStandard_id:2217
*,1937,Y,16Q160135361614,,ZZUnitStandard:ZZUnitStandard_id:2218
*,1938,Y,16Q160135361614,,ZZUnitStandard:ZZUnitStandard_id:2221
*,1939,Y,16Q160135361614,,ZZUnitStandard:ZZUnitStandard_id:2406
*,1940,Y,16Q160135361614,,ZZUnitStandard:ZZUnitStandard_id:2605
*,1941,Y,16Q160135361614,,ZZUnitStandard:ZZUnitStandard_id:2909
*,1942,Y,16Q160135361614,,ZZUnitStandard:ZZUnitStandard_id:3046
*,1943,Y,16Q160135361614,,ZZUnitStandard:ZZUnitStandard_id:3047
*,1944,Y,16Q160135361614,,ZZUnitStandard:ZZUnitStandard_id:3048
*,1945,Y,16Q160135361614,,ZZUnitStandard:ZZUnitStandard_id:3050
*,1946,Y,16Q160135361614,,ZZUnitStandard:ZZUnitStandard_id:3051
*,1947,Y,16Q160135361614,,ZZUnitStandard:ZZUnitStandard_id:3052
*,1948,Y,16Q160135361614,,ZZUnitStandard:ZZUnitStandard_id:3056
*,1949,Y,16Q160135361614,,ZZUnitStandard:ZZUnitStandard_id:3059
*,1950,Y,16Q160135361614,,ZZUnitStandard:ZZUnitStandard_id:3063
*,1951,Y,16Q160135361614,,ZZUnitStandard:ZZUnitStandard_id:3064
*,1952,Y,16Q160135361614,,ZZUnitStandard:ZZUnitStandard_id:3066
*,1953,Y,16Q160135361614,,ZZUnitStandard:ZZUnitStandard_id:3068
*,1954,Y,16Q160135361614,,ZZUnitStandard:ZZUnitStandard_id:3072
*,1955,Y,16Q160135361614,,ZZUnitStandard:ZZUnitStandard_id:3073
*,1956,Y,16Q160135361614,,ZZUnitStandard:ZZUnitStandard_id:3075
*,1957,Y,16Q160135361614,,ZZUnitStandard:ZZUnitStandard_id:3076
*,1958,Y,16Q160135361614,,ZZUnitStandard:ZZUnitStandard_id:3080
*,1959,Y,16Q160135361614,,ZZUnitStandard:ZZUnitStandard_id:3082
*,1960,Y,16Q160135361614,,ZZUnitStandard:ZZUnitStandard_id:3083
*,1961,Y,16Q160135361614,,ZZUnitStandard:ZZUnitStandard_id:3084
*,1962,Y,16Q160134281614,,ZZUnitStandard:ZZUnitStandard_id:919
*,1963,Y,16Q160134281614,,ZZUnitStandard:ZZUnitStandard_id:1189
*,1964,Y,16Q160134281614,,ZZUnitStandard:ZZUnitStandard_id:1197
*,1965,Y,16Q160134281614,,ZZUnitStandard:ZZUnitStandard_id:1198
*,1966,Y,16Q160134281614,,ZZUnitStandard:ZZUnitStandard_id:2201
*,1967,Y,16Q160134281614,,ZZUnitStandard:ZZUnitStandard_id:2202
*,1968,Y,16Q160134281614,,ZZUnitStandard:ZZUnitStandard_id:2214
*,1969,Y,16Q160134281614,,ZZUnitStandard:ZZUnitStandard_id:2215
*,1970,Y,16Q160134281614,,ZZUnitStandard:ZZUnitStandard_id:2217
*,1971,Y,16Q160134281614,,ZZUnitStandard:ZZUnitStandard_id:2218
*,1972,Y,16Q160134281614,,ZZUnitStandard:ZZUnitStandard_id:2221
*,1973,Y,16Q160134281614,,ZZUnitStandard:ZZUnitStandard_id:2406
*,1974,Y,16Q160134281614,,ZZUnitStandard:ZZUnitStandard_id:2605
*,1975,Y,16Q160134281614,,ZZUnitStandard:ZZUnitStandard_id:2909
*,1976,Y,16Q160134281614,,ZZUnitStandard:ZZUnitStandard_id:3046
*,1977,Y,16Q160134281614,,ZZUnitStandard:ZZUnitStandard_id:3047
*,1978,Y,16Q160134281614,,ZZUnitStandard:ZZUnitStandard_id:3048
*,1979,Y,16Q160134281614,,ZZUnitStandard:ZZUnitStandard_id:3049
*,1980,Y,16Q160134281614,,ZZUnitStandard:ZZUnitStandard_id:3054
*,1981,Y,16Q160134281614,,ZZUnitStandard:ZZUnitStandard_id:3055
*,1982,Y,16Q160134281614,,ZZUnitStandard:ZZUnitStandard_id:3056
*,1983,Y,16Q160134281614,,ZZUnitStandard:ZZUnitStandard_id:3057
*,1984,Y,16Q160134281614,,ZZUnitStandard:ZZUnitStandard_id:3058
*,1985,Y,16Q160134281614,,ZZUnitStandard:ZZUnitStandard_id:3066
*,1986,Y,16Q160134281614,,ZZUnitStandard:ZZUnitStandard_id:3073
*,1987,Y,16Q160134281614,,ZZUnitStandard:ZZUnitStandard_id:3074
*,1988,Y,16Q160134281614,,ZZUnitStandard:ZZUnitStandard_id:3081
*,1989,Y,16Q160134281614,,ZZUnitStandard:ZZUnitStandard_id:3083
*,1990,Y,16Q160134281614,,ZZUnitStandard:ZZUnitStandard_id:3084
*,1991,Y,16Q160133331614,,ZZUnitStandard:ZZUnitStandard_id:919
*,1992,Y,16Q160133331614,,ZZUnitStandard:ZZUnitStandard_id:1189
*,1993,Y,16Q160133331614,,ZZUnitStandard:ZZUnitStandard_id:1197
*,1994,Y,16Q160133331614,,ZZUnitStandard:ZZUnitStandard_id:1198
*,1995,Y,16Q160133331614,,ZZUnitStandard:ZZUnitStandard_id:2201
*,1996,Y,16Q160133331614,,ZZUnitStandard:ZZUnitStandard_id:2202
*,1997,Y,16Q160133331614,,ZZUnitStandard:ZZUnitStandard_id:2214
*,1998,Y,16Q160133331614,,ZZUnitStandard:ZZUnitStandard_id:2215
*,1999,Y,16Q160133331614,,ZZUnitStandard:ZZUnitStandard_id:2217
*,2000,Y,16Q160133331614,,ZZUnitStandard:ZZUnitStandard_id:2218
*,2001,Y,16Q160133331614,,ZZUnitStandard:ZZUnitStandard_id:2221
*,2002,Y,16Q160133331614,,ZZUnitStandard:ZZUnitStandard_id:2406
*,2003,Y,16Q160133331614,,ZZUnitStandard:ZZUnitStandard_id:2909
*,2004,Y,16Q160133331614,,ZZUnitStandard:ZZUnitStandard_id:3046
*,2005,Y,16Q160133331614,,ZZUnitStandard:ZZUnitStandard_id:3047
*,2006,Y,16Q160133331614,,ZZUnitStandard:ZZUnitStandard_id:3048
*,2007,Y,16Q160133331614,,ZZUnitStandard:ZZUnitStandard_id:3053
*,2008,Y,16Q160133331614,,ZZUnitStandard:ZZUnitStandard_id:3056
*,2009,Y,16Q160133331614,,ZZUnitStandard:ZZUnitStandard_id:3059
*,2010,Y,16Q160133331614,,ZZUnitStandard:ZZUnitStandard_id:3062
*,2011,Y,16Q160133331614,,ZZUnitStandard:ZZUnitStandard_id:3063
*,2012,Y,16Q160133331614,,ZZUnitStandard:ZZUnitStandard_id:3064
*,2013,Y,16Q160133331614,,ZZUnitStandard:ZZUnitStandard_id:3067
*,2014,Y,16Q160133331614,,ZZUnitStandard:ZZUnitStandard_id:3068
*,2015,Y,16Q160133331614,,ZZUnitStandard:ZZUnitStandard_id:3072
*,2016,Y,16Q160133331614,,ZZUnitStandard:ZZUnitStandard_id:3075
*,2017,Y,16Q160133331614,,ZZUnitStandard:ZZUnitStandard_id:3076
*,2018,Y,16Q160133331614,,ZZUnitStandard:ZZUnitStandard_id:3077
*,2019,Y,16Q160133331614,,ZZUnitStandard:ZZUnitStandard_id:3079
*,2020,Y,16Q160133331614,,ZZUnitStandard:ZZUnitStandard_id:3080
*,2021,Y,16Q160133331614,,ZZUnitStandard:ZZUnitStandard_id:3083
*,2022,Y,16Q160133331614,,ZZUnitStandard:ZZUnitStandard_id:3085
*,2023,Y,16Q160110381303,,ZZUnitStandard:ZZUnitStandard_id:699
*,2024,Y,16Q160110381303,,ZZUnitStandard:ZZUnitStandard_id:919
*,2025,Y,16Q160110381303,,ZZUnitStandard:ZZUnitStandard_id:922
*,2026,Y,16Q160110381303,,ZZUnitStandard:ZZUnitStandard_id:930
*,2027,Y,16Q160110381303,,ZZUnitStandard:ZZUnitStandard_id:980
*,2028,Y,16Q160110381303,,ZZUnitStandard:ZZUnitStandard_id:987
*,2029,Y,16Q160110381303,,ZZUnitStandard:ZZUnitStandard_id:1188
*,2030,Y,16Q160110381303,,ZZUnitStandard:ZZUnitStandard_id:1190
*,2031,Y,16Q160110381303,,ZZUnitStandard:ZZUnitStandard_id:1196
*,2032,Y,16Q160110381303,,ZZUnitStandard:ZZUnitStandard_id:1518
*,2033,Y,16Q160110381303,,ZZUnitStandard:ZZUnitStandard_id:1543
*,2034,Y,16Q160110381303,,ZZUnitStandard:ZZUnitStandard_id:2201
*,2035,Y,16Q160110381303,,ZZUnitStandard:ZZUnitStandard_id:2202
*,2036,Y,16Q160110381303,,ZZUnitStandard:ZZUnitStandard_id:2218
*,2037,Y,16Q160110381303,,ZZUnitStandard:ZZUnitStandard_id:2221
*,2038,Y,16Q160110381303,,ZZUnitStandard:ZZUnitStandard_id:2555
*,2039,Y,16Q160110381303,,ZZUnitStandard:ZZUnitStandard_id:2884
*,2040,Y,16Q160110381303,,ZZUnitStandard:ZZUnitStandard_id:3045
*,2041,Y,16Q160110381303,,ZZUnitStandard:ZZUnitStandard_id:3357
*,2042,Y,16Q160110381303,,ZZUnitStandard:ZZUnitStandard_id:3358
*,2043,Y,16Q160110381303,,ZZUnitStandard:ZZUnitStandard_id:3365
*,2044,Y,16Q160110381303,,ZZUnitStandard:ZZUnitStandard_id:3380
*,2045,Y,16Q160110381303,,ZZUnitStandard:ZZUnitStandard_id:3382
*,2046,Y,16Q160110381303,,ZZUnitStandard:ZZUnitStandard_id:3383
*,2047,Y,16Q160110381303,,ZZUnitStandard:ZZUnitStandard_id:3384
*,2048,Y,16Q160110381303,,ZZUnitStandard:ZZUnitStandard_id:3487
*,2049,Y,16Q160110381303,,ZZUnitStandard:ZZUnitStandard_id:3493
*,2050,Y,16Q160110381303,,ZZUnitStandard:ZZUnitStandard_id:3503
*,2051,Y,16Q160110381303,,ZZUnitStandard:ZZUnitStandard_id:3507
*,2052,Y,16Q160110381303,,ZZUnitStandard:ZZUnitStandard_id:3509
*,2053,Y,16Q160110381303,,ZZUnitStandard:ZZUnitStandard_id:3510
*,2054,Y,16Q160110381303,,ZZUnitStandard:ZZUnitStandard_id:3512
*,2055,Y,16Q160110381303,,ZZUnitStandard:ZZUnitStandard_id:3518
*,2056,Y,16Q160110381303,,ZZUnitStandard:ZZUnitStandard_id:3519
*,2057,Y,16Q160110381303,,ZZUnitStandard:ZZUnitStandard_id:3527
*,2058,Y,16Q160110381303,,ZZUnitStandard:ZZUnitStandard_id:3530
*,2059,Y,16Q160110381303,,ZZUnitStandard:ZZUnitStandard_id:3532
*,2060,Y,16Q160126301342,,ZZUnitStandard:ZZUnitStandard_id:1185
*,2061,Y,16Q160126301342,,ZZUnitStandard:ZZUnitStandard_id:1186
*,2062,Y,16Q160126301342,,ZZUnitStandard:ZZUnitStandard_id:1194
*,2063,Y,16Q160126301342,,ZZUnitStandard:ZZUnitStandard_id:1514
*,2064,Y,16Q160126301342,,ZZUnitStandard:ZZUnitStandard_id:1516
*,2065,Y,16Q160126301342,,ZZUnitStandard:ZZUnitStandard_id:2340
*,2066,Y,16Q160126301342,,ZZUnitStandard:ZZUnitStandard_id:2450
*,2067,Y,16Q160126301342,,ZZUnitStandard:ZZUnitStandard_id:2452
*,2068,Y,16Q160126301342,,ZZUnitStandard:ZZUnitStandard_id:2453
*,2069,Y,16Q160126301342,,ZZUnitStandard:ZZUnitStandard_id:2856
*,2070,Y,16Q160126301342,,ZZUnitStandard:ZZUnitStandard_id:3276
*,2071,Y,16Q160126301342,,ZZUnitStandard:ZZUnitStandard_id:3277
*,2072,Y,16Q160126301342,,ZZUnitStandard:ZZUnitStandard_id:3278
*,2073,Y,16Q160126301342,,ZZUnitStandard:ZZUnitStandard_id:3279
*,2074,Y,16Q160126301342,,ZZUnitStandard:ZZUnitStandard_id:3280
*,2075,Y,16Q160126301342,,ZZUnitStandard:ZZUnitStandard_id:3281
*,2076,Y,16Q160126301342,,ZZUnitStandard:ZZUnitStandard_id:3282
*,2077,Y,16Q160126301342,,ZZUnitStandard:ZZUnitStandard_id:3283
*,2078,Y,16Q160126301342,,ZZUnitStandard:ZZUnitStandard_id:3284
*,2079,Y,16Q160126301342,,ZZUnitStandard:ZZUnitStandard_id:3285
*,2080,Y,16Q160126301342,,ZZUnitStandard:ZZUnitStandard_id:3286
*,2081,Y,16Q160126301342,,ZZUnitStandard:ZZUnitStandard_id:3287
*,2082,Y,16Q160126301342,,ZZUnitStandard:ZZUnitStandard_id:3288
*,2083,Y,16Q160126301342,,ZZUnitStandard:ZZUnitStandard_id:3289
*,2084,Y,16Q160126301342,,ZZUnitStandard:ZZUnitStandard_id:3290
*,2085,Y,16Q160126301342,,ZZUnitStandard:ZZUnitStandard_id:3291
*,2086,Y,16Q160126301342,,ZZUnitStandard:ZZUnitStandard_id:3292
*,2087,Y,16Q160126301342,,ZZUnitStandard:ZZUnitStandard_id:3293
*,2088,Y,16Q160126301342,,ZZUnitStandard:ZZUnitStandard_id:3294
*,2089,Y,16Q160126301342,,ZZUnitStandard:ZZUnitStandard_id:3295
*,2090,Y,16Q160127391373,,ZZUnitStandard:ZZUnitStandard_id:1188
*,2091,Y,16Q160127391373,,ZZUnitStandard:ZZUnitStandard_id:1190
*,2092,Y,16Q160127391373,,ZZUnitStandard:ZZUnitStandard_id:1196
*,2093,Y,16Q160127391373,,ZZUnitStandard:ZZUnitStandard_id:1518
*,2094,Y,16Q160127391373,,ZZUnitStandard:ZZUnitStandard_id:2201
*,2095,Y,16Q160127391373,,ZZUnitStandard:ZZUnitStandard_id:2202
*,2096,Y,16Q160127391373,,ZZUnitStandard:ZZUnitStandard_id:2218
*,2097,Y,16Q160127391373,,ZZUnitStandard:ZZUnitStandard_id:2221
*,2098,Y,16Q160127391373,,ZZUnitStandard:ZZUnitStandard_id:3291
*,2099,Y,16Q160127391373,,ZZUnitStandard:ZZUnitStandard_id:3296
*,2100,Y,16Q160127391373,,ZZUnitStandard:ZZUnitStandard_id:3297
*,2101,Y,16Q160127391373,,ZZUnitStandard:ZZUnitStandard_id:3298
*,2102,Y,16Q160127391373,,ZZUnitStandard:ZZUnitStandard_id:3299
*,2103,Y,16Q160127391373,,ZZUnitStandard:ZZUnitStandard_id:3300
*,2104,Y,16Q160127391373,,ZZUnitStandard:ZZUnitStandard_id:3301
*,2105,Y,16Q160127391373,,ZZUnitStandard:ZZUnitStandard_id:3302
*,2106,Y,16Q160127391373,,ZZUnitStandard:ZZUnitStandard_id:3303
*,2107,Y,16Q160127391373,,ZZUnitStandard:ZZUnitStandard_id:3304
*,2108,Y,16Q160127391373,,ZZUnitStandard:ZZUnitStandard_id:3305
*,2109,Y,16Q160127391373,,ZZUnitStandard:ZZUnitStandard_id:3306
*,2110,Y,16Q160127391373,,ZZUnitStandard:ZZUnitStandard_id:3307
*,2111,Y,16Q160127391373,,ZZUnitStandard:ZZUnitStandard_id:3308
*,2112,Y,16Q160127391373,,ZZUnitStandard:ZZUnitStandard_id:3309
*,2113,Y,16Q160127391373,,ZZUnitStandard:ZZUnitStandard_id:3310
*,2114,Y,16Q160127391373,,ZZUnitStandard:ZZUnitStandard_id:3311
*,2115,Y,16Q160127391373,,ZZUnitStandard:ZZUnitStandard_id:3312
*,2116,Y,16Q160127391373,,ZZUnitStandard:ZZUnitStandard_id:3313
*,2117,Y,16Q160127391373,,ZZUnitStandard:ZZUnitStandard_id:3314
*,2118,Y,16Q160127391373,,ZZUnitStandard:ZZUnitStandard_id:3315
*,2119,Y,16Q160127391373,,ZZUnitStandard:ZZUnitStandard_id:3316
*,2120,Y,16Q160127391373,,ZZUnitStandard:ZZUnitStandard_id:3317
*,2121,Y,16Q160127391373,,ZZUnitStandard:ZZUnitStandard_id:3318
*,2122,Y,16Q160127391373,,ZZUnitStandard:ZZUnitStandard_id:3319
*,2123,Y,16Q160127391373,,ZZUnitStandard:ZZUnitStandard_id:3320
*,2124,Y,16Q160127391373,,ZZUnitStandard:ZZUnitStandard_id:3321
*,2125,Y,16Q160127391373,,ZZUnitStandard:ZZUnitStandard_id:3322
*,2126,Y,16Q160127391373,,ZZUnitStandard:ZZUnitStandard_id:3323
*,2127,Y,16Q160127391373,,ZZUnitStandard:ZZUnitStandard_id:3324
*,2128,Y,16Q160127391373,,ZZUnitStandard:ZZUnitStandard_id:3325
*,2129,Y,16Q160127391373,,ZZUnitStandard:ZZUnitStandard_id:3549
*,2130,Y,16Q160137391402,,ZZUnitStandard:ZZUnitStandard_id:171
*,2131,Y,16Q160137391402,,ZZUnitStandard:ZZUnitStandard_id:1185
*,2132,Y,16Q160137391402,,ZZUnitStandard:ZZUnitStandard_id:1186
*,2133,Y,16Q160137391402,,ZZUnitStandard:ZZUnitStandard_id:1194
*,2134,Y,16Q160137391402,,ZZUnitStandard:ZZUnitStandard_id:1466
*,2135,Y,16Q160137391402,,ZZUnitStandard:ZZUnitStandard_id:1514
*,2136,Y,16Q160137391402,,ZZUnitStandard:ZZUnitStandard_id:1516
*,2137,Y,16Q160137391402,,ZZUnitStandard:ZZUnitStandard_id:1725
*,2138,Y,16Q160137391402,,ZZUnitStandard:ZZUnitStandard_id:1726
*,2139,Y,16Q160137391402,,ZZUnitStandard:ZZUnitStandard_id:1897
*,2140,Y,16Q160137391402,,ZZUnitStandard:ZZUnitStandard_id:2340
*,2141,Y,16Q160137391402,,ZZUnitStandard:ZZUnitStandard_id:2450
*,2142,Y,16Q160137391402,,ZZUnitStandard:ZZUnitStandard_id:2452
*,2143,Y,16Q160137391402,,ZZUnitStandard:ZZUnitStandard_id:2453
*,2144,Y,16Q160137391402,,ZZUnitStandard:ZZUnitStandard_id:2457
*,2145,Y,16Q160137391402,,ZZUnitStandard:ZZUnitStandard_id:3086
*,2146,Y,16Q160137391402,,ZZUnitStandard:ZZUnitStandard_id:3087
*,2147,Y,16Q160137391402,,ZZUnitStandard:ZZUnitStandard_id:3088
*,2148,Y,16Q160137391402,,ZZUnitStandard:ZZUnitStandard_id:3089
*,2149,Y,16Q160137391402,,ZZUnitStandard:ZZUnitStandard_id:3090
*,2150,Y,16Q160137391402,,ZZUnitStandard:ZZUnitStandard_id:3091
*,2151,Y,16Q160137391402,,ZZUnitStandard:ZZUnitStandard_id:3092
*,2152,Y,16Q160137391402,,ZZUnitStandard:ZZUnitStandard_id:3093
*,2153,Y,16Q160137391402,,ZZUnitStandard:ZZUnitStandard_id:3094
*,2154,Y,16Q160137391402,,ZZUnitStandard:ZZUnitStandard_id:3095
*,2155,Y,16Q160137391402,,ZZUnitStandard:ZZUnitStandard_id:3096
*,2156,Y,16Q160137391402,,ZZUnitStandard:ZZUnitStandard_id:3097
*,2157,Y,16Q160137391402,,ZZUnitStandard:ZZUnitStandard_id:3098
*,2158,Y,16Q160137391402,,ZZUnitStandard:ZZUnitStandard_id:3099
*,2159,Y,16Q160137391402,,ZZUnitStandard:ZZUnitStandard_id:3100
*,2160,Y,16Q160137391402,,ZZUnitStandard:ZZUnitStandard_id:3101
*,2161,Y,16Q160137391402,,ZZUnitStandard:ZZUnitStandard_id:3104
*,2162,Y,16Q160137391402,,ZZUnitStandard:ZZUnitStandard_id:3105
*,2163,Y,16Q160137391402,,ZZUnitStandard:ZZUnitStandard_id:3106
*,2164,Y,16Q160137391402,,ZZUnitStandard:ZZUnitStandard_id:3108
*,2165,Y,16Q160137391402,,ZZUnitStandard:ZZUnitStandard_id:3109
*,2166,Y,16Q160137391402,,ZZUnitStandard:ZZUnitStandard_id:3111
*,2167,Y,16Q160137391402,,ZZUnitStandard:ZZUnitStandard_id:3113
*,2168,Y,16Q160138381333,,ZZUnitStandard:ZZUnitStandard_id:1188
*,2169,Y,16Q160138381333,,ZZUnitStandard:ZZUnitStandard_id:1190
*,2170,Y,16Q160138381333,,ZZUnitStandard:ZZUnitStandard_id:1196
*,2171,Y,16Q160138381333,,ZZUnitStandard:ZZUnitStandard_id:1476
*,2172,Y,16Q160138381333,,ZZUnitStandard:ZZUnitStandard_id:1518
*,2173,Y,16Q160138381333,,ZZUnitStandard:ZZUnitStandard_id:1713
*,2174,Y,16Q160138381333,,ZZUnitStandard:ZZUnitStandard_id:2201
*,2175,Y,16Q160138381333,,ZZUnitStandard:ZZUnitStandard_id:2202
*,2176,Y,16Q160138381333,,ZZUnitStandard:ZZUnitStandard_id:2218
*,2177,Y,16Q160138381333,,ZZUnitStandard:ZZUnitStandard_id:2221
*,2178,Y,16Q160138381333,,ZZUnitStandard:ZZUnitStandard_id:2420
*,2179,Y,16Q160138381333,,ZZUnitStandard:ZZUnitStandard_id:3114
*,2180,Y,16Q160138381333,,ZZUnitStandard:ZZUnitStandard_id:3115
*,2181,Y,16Q160138381333,,ZZUnitStandard:ZZUnitStandard_id:3116
*,2182,Y,16Q160138381333,,ZZUnitStandard:ZZUnitStandard_id:3117
*,2183,Y,16Q160138381333,,ZZUnitStandard:ZZUnitStandard_id:3118
*,2184,Y,16Q160138381333,,ZZUnitStandard:ZZUnitStandard_id:3119
*,2185,Y,16Q160138381333,,ZZUnitStandard:ZZUnitStandard_id:3120
*,2186,Y,16Q160138381333,,ZZUnitStandard:ZZUnitStandard_id:3121
*,2187,Y,16Q160138381333,,ZZUnitStandard:ZZUnitStandard_id:3122
*,2188,Y,16Q160138381333,,ZZUnitStandard:ZZUnitStandard_id:3124
*,2189,Y,16Q160138381333,,ZZUnitStandard:ZZUnitStandard_id:3125
*,2190,Y,16Q160138381333,,ZZUnitStandard:ZZUnitStandard_id:3127
*,2191,Y,16Q160138381333,,ZZUnitStandard:ZZUnitStandard_id:3128
*,2192,Y,16Q160138381333,,ZZUnitStandard:ZZUnitStandard_id:3129
*,2193,Y,16Q160138381333,,ZZUnitStandard:ZZUnitStandard_id:3130
*,2194,Y,16Q160138381333,,ZZUnitStandard:ZZUnitStandard_id:3131
*,2195,Y,16Q160138381333,,ZZUnitStandard:ZZUnitStandard_id:3132
*,2196,Y,16Q160138381333,,ZZUnitStandard:ZZUnitStandard_id:3133
*,2197,Y,16Q160138381333,,ZZUnitStandard:ZZUnitStandard_id:3134
*,2198,Y,16Q160138381333,,ZZUnitStandard:ZZUnitStandard_id:3135
*,2199,Y,16Q160138381333,,ZZUnitStandard:ZZUnitStandard_id:3136
*,2200,Y,16Q160138381333,,ZZUnitStandard:ZZUnitStandard_id:3137
*,2201,Y,16Q160138381333,,ZZUnitStandard:ZZUnitStandard_id:3138
*,2202,Y,16Q160138381333,,ZZUnitStandard:ZZUnitStandard_id:3139
*,2203,Y,16Q160138381333,,ZZUnitStandard:ZZUnitStandard_id:3140
*,2204,Y,16Q160138381333,,ZZUnitStandard:ZZUnitStandard_id:3145
*,2205,Y,16Q160139421304,,ZZUnitStandard:ZZUnitStandard_id:157
*,2206,Y,16Q160139421304,,ZZUnitStandard:ZZUnitStandard_id:1189
*,2207,Y,16Q160139421304,,ZZUnitStandard:ZZUnitStandard_id:1197
*,2208,Y,16Q160139421304,,ZZUnitStandard:ZZUnitStandard_id:1198
*,2209,Y,16Q160139421304,,ZZUnitStandard:ZZUnitStandard_id:1477
*,2210,Y,16Q160139421304,,ZZUnitStandard:ZZUnitStandard_id:2201
*,2211,Y,16Q160139421304,,ZZUnitStandard:ZZUnitStandard_id:2202
*,2212,Y,16Q160139421304,,ZZUnitStandard:ZZUnitStandard_id:2214
*,2213,Y,16Q160139421304,,ZZUnitStandard:ZZUnitStandard_id:2215
*,2214,Y,16Q160139421304,,ZZUnitStandard:ZZUnitStandard_id:2217
*,2215,Y,16Q160139421304,,ZZUnitStandard:ZZUnitStandard_id:2218
*,2216,Y,16Q160139421304,,ZZUnitStandard:ZZUnitStandard_id:2221
*,2217,Y,16Q160139421304,,ZZUnitStandard:ZZUnitStandard_id:2406
*,2218,Y,16Q160139421304,,ZZUnitStandard:ZZUnitStandard_id:2424
*,2219,Y,16Q160139421304,,ZZUnitStandard:ZZUnitStandard_id:2470
*,2220,Y,16Q160139421304,,ZZUnitStandard:ZZUnitStandard_id:3148
*,2221,Y,16Q160139421304,,ZZUnitStandard:ZZUnitStandard_id:3149
*,2222,Y,16Q160139421304,,ZZUnitStandard:ZZUnitStandard_id:3150
*,2223,Y,16Q160139421304,,ZZUnitStandard:ZZUnitStandard_id:3151
*,2224,Y,16Q160139421304,,ZZUnitStandard:ZZUnitStandard_id:3152
*,2225,Y,16Q160139421304,,ZZUnitStandard:ZZUnitStandard_id:3154
*,2226,Y,16Q160139421304,,ZZUnitStandard:ZZUnitStandard_id:3155
*,2227,Y,16Q160139421304,,ZZUnitStandard:ZZUnitStandard_id:3156
*,2228,Y,16Q160139421304,,ZZUnitStandard:ZZUnitStandard_id:3161
*,2229,Y,16Q160139421304,,ZZUnitStandard:ZZUnitStandard_id:3162
*,2230,Y,16Q160139421304,,ZZUnitStandard:ZZUnitStandard_id:3163
*,2231,Y,16Q160139421304,,ZZUnitStandard:ZZUnitStandard_id:3164
*,2232,Y,16Q160139421304,,ZZUnitStandard:ZZUnitStandard_id:3165
*,2233,Y,16Q160139421304,,ZZUnitStandard:ZZUnitStandard_id:3166
*,2234,Y,16Q160139421304,,ZZUnitStandard:ZZUnitStandard_id:3167
*,2235,Y,16Q160139421304,,ZZUnitStandard:ZZUnitStandard_id:3171
*,2236,Y,16Q160139421304,,ZZUnitStandard:ZZUnitStandard_id:3172
*,2237,Y,16Q160139421304,,ZZUnitStandard:ZZUnitStandard_id:3173
*,2238,Y,16Q160139421304,,ZZUnitStandard:ZZUnitStandard_id:3174
*,2239,Y,16Q160139421304,,ZZUnitStandard:ZZUnitStandard_id:3175
*,2240,Y,16Q160139421304,,ZZUnitStandard:ZZUnitStandard_id:3177
*,2241,Y,16Q160139421304,,ZZUnitStandard:ZZUnitStandard_id:3178
*,2242,Y,16Q160139421304,,ZZUnitStandard:ZZUnitStandard_id:3179
*,2243,Y,16Q160139421304,,ZZUnitStandard:ZZUnitStandard_id:3180
*,2244,Y,16Q160139421304,,ZZUnitStandard:ZZUnitStandard_id:3182
*,2245,Y,16Q160139421304,,ZZUnitStandard:ZZUnitStandard_id:3185
*,2246,Y,16Q160139421304,,ZZUnitStandard:ZZUnitStandard_id:3187
*,2247,Y,16Q160140361347,,ZZUnitStandard:ZZUnitStandard_id:1189
*,2248,Y,16Q160140361347,,ZZUnitStandard:ZZUnitStandard_id:1197
*,2249,Y,16Q160140361347,,ZZUnitStandard:ZZUnitStandard_id:1198
*,2250,Y,16Q160140361347,,ZZUnitStandard:ZZUnitStandard_id:1884
*,2251,Y,16Q160140361347,,ZZUnitStandard:ZZUnitStandard_id:2201
*,2252,Y,16Q160140361347,,ZZUnitStandard:ZZUnitStandard_id:2202
*,2253,Y,16Q160140361347,,ZZUnitStandard:ZZUnitStandard_id:2214
*,2254,Y,16Q160140361347,,ZZUnitStandard:ZZUnitStandard_id:2215
*,2255,Y,16Q160140361347,,ZZUnitStandard:ZZUnitStandard_id:2217
*,2256,Y,16Q160140361347,,ZZUnitStandard:ZZUnitStandard_id:2218
*,2257,Y,16Q160140361347,,ZZUnitStandard:ZZUnitStandard_id:2221
*,2258,Y,16Q160140361347,,ZZUnitStandard:ZZUnitStandard_id:2406
*,2259,Y,16Q160140361347,,ZZUnitStandard:ZZUnitStandard_id:2587
*,2260,Y,16Q160140361347,,ZZUnitStandard:ZZUnitStandard_id:3355
*,2261,Y,16Q160140361347,,ZZUnitStandard:ZZUnitStandard_id:3359
*,2262,Y,16Q160140361347,,ZZUnitStandard:ZZUnitStandard_id:3360
*,2263,Y,16Q160140361347,,ZZUnitStandard:ZZUnitStandard_id:3362
*,2264,Y,16Q160140361347,,ZZUnitStandard:ZZUnitStandard_id:3363
*,2265,Y,16Q160140361347,,ZZUnitStandard:ZZUnitStandard_id:3369
*,2266,Y,16Q160140361347,,ZZUnitStandard:ZZUnitStandard_id:3379
*,2267,Y,16Q160140361347,,ZZUnitStandard:ZZUnitStandard_id:3455
*,2268,Y,16Q160140361347,,ZZUnitStandard:ZZUnitStandard_id:3456
*,2269,Y,16Q160140361347,,ZZUnitStandard:ZZUnitStandard_id:3569
*,2270,Y,16Q160140361347,,ZZUnitStandard:ZZUnitStandard_id:3570
*,2271,Y,16Q160140361347,,ZZUnitStandard:ZZUnitStandard_id:3571
*,2272,Y,16Q160140361347,,ZZUnitStandard:ZZUnitStandard_id:3572
*,2273,Y,16Q160140361347,,ZZUnitStandard:ZZUnitStandard_id:3573
*,2274,Y,16Q160140361347,,ZZUnitStandard:ZZUnitStandard_id:3574
*,2275,Y,16Q160140361347,,ZZUnitStandard:ZZUnitStandard_id:3575
*,2276,Y,16Q160140361347,,ZZUnitStandard:ZZUnitStandard_id:3576
*,2277,Y,16Q160140361347,,ZZUnitStandard:ZZUnitStandard_id:3577
*,2278,Y,16Q160140361347,,ZZUnitStandard:ZZUnitStandard_id:3578
*,2279,Y,16Q160140361347,,ZZUnitStandard:ZZUnitStandard_id:3579
*,2280,Y,16Q160140361347,,ZZUnitStandard:ZZUnitStandard_id:3580
*,2281,Y,16Q160140361347,,ZZUnitStandard:ZZUnitStandard_id:3581
*,2282,Y,16Q160140361347,,ZZUnitStandard:ZZUnitStandard_id:3582
*,2283,Y,16Q160141351252,,ZZUnitStandard:ZZUnitStandard_id:1185
*,2284,Y,16Q160141351252,,ZZUnitStandard:ZZUnitStandard_id:1186
*,2285,Y,16Q160141351252,,ZZUnitStandard:ZZUnitStandard_id:1194
*,2286,Y,16Q160141351252,,ZZUnitStandard:ZZUnitStandard_id:1502
*,2287,Y,16Q160141351252,,ZZUnitStandard:ZZUnitStandard_id:1514
*,2288,Y,16Q160141351252,,ZZUnitStandard:ZZUnitStandard_id:1516
*,2289,Y,16Q160141351252,,ZZUnitStandard:ZZUnitStandard_id:1718
*,2290,Y,16Q160141351252,,ZZUnitStandard:ZZUnitStandard_id:1722
*,2291,Y,16Q160141351252,,ZZUnitStandard:ZZUnitStandard_id:1725
*,2292,Y,16Q160141351252,,ZZUnitStandard:ZZUnitStandard_id:2326
*,2293,Y,16Q160141351252,,ZZUnitStandard:ZZUnitStandard_id:2327
*,2294,Y,16Q160141351252,,ZZUnitStandard:ZZUnitStandard_id:2340
*,2295,Y,16Q160141351252,,ZZUnitStandard:ZZUnitStandard_id:2446
*,2296,Y,16Q160141351252,,ZZUnitStandard:ZZUnitStandard_id:2450
*,2297,Y,16Q160141351252,,ZZUnitStandard:ZZUnitStandard_id:2452
*,2298,Y,16Q160141351252,,ZZUnitStandard:ZZUnitStandard_id:2453
*,2299,Y,16Q160141351252,,ZZUnitStandard:ZZUnitStandard_id:2456
*,2300,Y,16Q160141351252,,ZZUnitStandard:ZZUnitStandard_id:2475
*,2301,Y,16Q160141351252,,ZZUnitStandard:ZZUnitStandard_id:2488
*,2302,Y,16Q160141351252,,ZZUnitStandard:ZZUnitStandard_id:2489
*,2303,Y,16Q160141351252,,ZZUnitStandard:ZZUnitStandard_id:2531
*,2304,Y,16Q160141351252,,ZZUnitStandard:ZZUnitStandard_id:2637
*,2305,Y,16Q160141351252,,ZZUnitStandard:ZZUnitStandard_id:2638
*,2306,Y,16Q160141351252,,ZZUnitStandard:ZZUnitStandard_id:2641
*,2307,Y,16Q160141351252,,ZZUnitStandard:ZZUnitStandard_id:2642
*,2308,Y,16Q160141351252,,ZZUnitStandard:ZZUnitStandard_id:2643
*,2309,Y,16Q160141351252,,ZZUnitStandard:ZZUnitStandard_id:2651
*,2310,Y,16Q160141351252,,ZZUnitStandard:ZZUnitStandard_id:2652
*,2311,Y,16Q160141351252,,ZZUnitStandard:ZZUnitStandard_id:2660
*,2312,Y,16Q160141351252,,ZZUnitStandard:ZZUnitStandard_id:2932
*,2313,Y,16Q160141351252,,ZZUnitStandard:ZZUnitStandard_id:3223
*,2314,Y,16Q160141351252,,ZZUnitStandard:ZZUnitStandard_id:3224
*,2315,Y,16Q160141351252,,ZZUnitStandard:ZZUnitStandard_id:3225
*,2316,Y,16Q160141351252,,ZZUnitStandard:ZZUnitStandard_id:3226
*,2317,Y,16Q160141351252,,ZZUnitStandard:ZZUnitStandard_id:3227
*,2318,Y,16Q160141351252,,ZZUnitStandard:ZZUnitStandard_id:3228
*,2319,Y,16Q160141351252,,ZZUnitStandard:ZZUnitStandard_id:3229
*,2320,Y,16Q160141351252,,ZZUnitStandard:ZZUnitStandard_id:3230
*,2321,Y,16Q160141351252,,ZZUnitStandard:ZZUnitStandard_id:3231
*,2322,Y,16Q160141351252,,ZZUnitStandard:ZZUnitStandard_id:3232
*,2323,Y,16Q160143441594,,ZZUnitStandard:ZZUnitStandard_id:1189
*,2324,Y,16Q160143441594,,ZZUnitStandard:ZZUnitStandard_id:1197
*,2325,Y,16Q160143441594,,ZZUnitStandard:ZZUnitStandard_id:1198
*,2326,Y,16Q160143441594,,ZZUnitStandard:ZZUnitStandard_id:1343
*,2327,Y,16Q160143441594,,ZZUnitStandard:ZZUnitStandard_id:1354
*,2328,Y,16Q160143441594,,ZZUnitStandard:ZZUnitStandard_id:1357
*,2329,Y,16Q160143441594,,ZZUnitStandard:ZZUnitStandard_id:1503
*,2330,Y,16Q160143441594,,ZZUnitStandard:ZZUnitStandard_id:1679
*,2331,Y,16Q160143441594,,ZZUnitStandard:ZZUnitStandard_id:1701
*,2332,Y,16Q160143441594,,ZZUnitStandard:ZZUnitStandard_id:1702
*,2333,Y,16Q160143441594,,ZZUnitStandard:ZZUnitStandard_id:1708
*,2334,Y,16Q160143441594,,ZZUnitStandard:ZZUnitStandard_id:2160
*,2335,Y,16Q160143441594,,ZZUnitStandard:ZZUnitStandard_id:2201
*,2336,Y,16Q160143441594,,ZZUnitStandard:ZZUnitStandard_id:2202
*,2337,Y,16Q160143441594,,ZZUnitStandard:ZZUnitStandard_id:2214
*,2338,Y,16Q160143441594,,ZZUnitStandard:ZZUnitStandard_id:2215
*,2339,Y,16Q160143441594,,ZZUnitStandard:ZZUnitStandard_id:2217
*,2340,Y,16Q160143441594,,ZZUnitStandard:ZZUnitStandard_id:2218
*,2341,Y,16Q160143441594,,ZZUnitStandard:ZZUnitStandard_id:2221
*,2342,Y,16Q160143441594,,ZZUnitStandard:ZZUnitStandard_id:2406
*,2343,Y,16Q160143441594,,ZZUnitStandard:ZZUnitStandard_id:2513
*,2344,Y,16Q160143441594,,ZZUnitStandard:ZZUnitStandard_id:3188
*,2345,Y,16Q160143441594,,ZZUnitStandard:ZZUnitStandard_id:3189
*,2346,Y,16Q160143441594,,ZZUnitStandard:ZZUnitStandard_id:3190
*,2347,Y,16Q160143441594,,ZZUnitStandard:ZZUnitStandard_id:3191
*,2348,Y,16Q160143441594,,ZZUnitStandard:ZZUnitStandard_id:3192
*,2349,Y,16Q160143441594,,ZZUnitStandard:ZZUnitStandard_id:3193
*,2350,Y,16Q160143441594,,ZZUnitStandard:ZZUnitStandard_id:3194
*,2351,Y,16Q160143441594,,ZZUnitStandard:ZZUnitStandard_id:3195
*,2352,Y,16Q160143441594,,ZZUnitStandard:ZZUnitStandard_id:3196
*,2353,Y,16Q160143441594,,ZZUnitStandard:ZZUnitStandard_id:3197
*,2354,Y,16Q160143441594,,ZZUnitStandard:ZZUnitStandard_id:3198
*,2355,Y,16Q160143441594,,ZZUnitStandard:ZZUnitStandard_id:3199
*,2356,Y,16Q160143441594,,ZZUnitStandard:ZZUnitStandard_id:3200
*,2357,Y,16Q160143441594,,ZZUnitStandard:ZZUnitStandard_id:3201
*,2358,Y,16Q160143441594,,ZZUnitStandard:ZZUnitStandard_id:3202
*,2359,Y,16Q160143441594,,ZZUnitStandard:ZZUnitStandard_id:3203
*,2360,Y,16Q160143441594,,ZZUnitStandard:ZZUnitStandard_id:3204
*,2361,Y,16Q160143441594,,ZZUnitStandard:ZZUnitStandard_id:3205
*,2362,Y,16Q160143441594,,ZZUnitStandard:ZZUnitStandard_id:3206
*,2363,Y,16Q160143441594,,ZZUnitStandard:ZZUnitStandard_id:3207
*,2364,Y,16Q160143441594,,ZZUnitStandard:ZZUnitStandard_id:3208
*,2365,Y,16Q160143441594,,ZZUnitStandard:ZZUnitStandard_id:3209
*,2366,Y,16Q160143441594,,ZZUnitStandard:ZZUnitStandard_id:3210
*,2367,Y,16Q160143441594,,ZZUnitStandard:ZZUnitStandard_id:3211
*,2368,Y,16Q160143441594,,ZZUnitStandard:ZZUnitStandard_id:3212
*,2369,Y,16Q160143441594,,ZZUnitStandard:ZZUnitStandard_id:3213
*,2370,Y,16Q160143441594,,ZZUnitStandard:ZZUnitStandard_id:3214
*,2371,Y,16Q160143441594,,ZZUnitStandard:ZZUnitStandard_id:3215
*,2372,Y,16Q160143441594,,ZZUnitStandard:ZZUnitStandard_id:3216
*,2373,Y,16Q160121321332,,ZZUnitStandard:ZZUnitStandard_id:133
*,2374,Y,16Q160121321332,,ZZUnitStandard:ZZUnitStandard_id:143
*,2375,Y,16Q160121321332,,ZZUnitStandard:ZZUnitStandard_id:144
*,2376,Y,16Q160121321332,,ZZUnitStandard:ZZUnitStandard_id:145
*,2377,Y,16Q160121321332,,ZZUnitStandard:ZZUnitStandard_id:146
*,2378,Y,16Q160121321332,,ZZUnitStandard:ZZUnitStandard_id:491
*,2379,Y,16Q160121321332,,ZZUnitStandard:ZZUnitStandard_id:492
*,2380,Y,16Q160121321332,,ZZUnitStandard:ZZUnitStandard_id:493
*,2381,Y,16Q160121321332,,ZZUnitStandard:ZZUnitStandard_id:495
*,2382,Y,16Q160121321332,,ZZUnitStandard:ZZUnitStandard_id:498
*,2383,Y,16Q160121321332,,ZZUnitStandard:ZZUnitStandard_id:919
*,2384,Y,16Q160121321332,,ZZUnitStandard:ZZUnitStandard_id:1161
*,2385,Y,16Q160121321332,,ZZUnitStandard:ZZUnitStandard_id:1162
*,2386,Y,16Q160121321332,,ZZUnitStandard:ZZUnitStandard_id:1164
*,2387,Y,16Q160121321332,,ZZUnitStandard:ZZUnitStandard_id:1165
*,2388,Y,16Q160121321332,,ZZUnitStandard:ZZUnitStandard_id:1167
*,2389,Y,16Q160121321332,,ZZUnitStandard:ZZUnitStandard_id:1173
*,2390,Y,16Q160121321332,,ZZUnitStandard:ZZUnitStandard_id:1176
*,2391,Y,16Q160121321332,,ZZUnitStandard:ZZUnitStandard_id:1177
*,2392,Y,16Q160121321332,,ZZUnitStandard:ZZUnitStandard_id:1184
*,2393,Y,16Q160121321332,,ZZUnitStandard:ZZUnitStandard_id:1185
*,2394,Y,16Q160121321332,,ZZUnitStandard:ZZUnitStandard_id:1186
*,2395,Y,16Q160121321332,,ZZUnitStandard:ZZUnitStandard_id:1188
*,2396,Y,16Q160121321332,,ZZUnitStandard:ZZUnitStandard_id:1189
*,2397,Y,16Q160121321332,,ZZUnitStandard:ZZUnitStandard_id:1190
*,2398,Y,16Q160121321332,,ZZUnitStandard:ZZUnitStandard_id:1191
*,2399,Y,16Q160121321332,,ZZUnitStandard:ZZUnitStandard_id:1194
*,2400,Y,16Q160121321332,,ZZUnitStandard:ZZUnitStandard_id:1404
*,2401,Y,16Q160121321332,,ZZUnitStandard:ZZUnitStandard_id:1405
*,2402,Y,16Q160121321332,,ZZUnitStandard:ZZUnitStandard_id:1419
*,2403,Y,16Q160121321332,,ZZUnitStandard:ZZUnitStandard_id:1425
*,2404,Y,16Q160121321332,,ZZUnitStandard:ZZUnitStandard_id:1426
*,2405,Y,16Q160121321332,,ZZUnitStandard:ZZUnitStandard_id:1427
*,2406,Y,16Q160121321332,,ZZUnitStandard:ZZUnitStandard_id:1428
*,2407,Y,16Q160121321332,,ZZUnitStandard:ZZUnitStandard_id:1444
*,2408,Y,16Q160121321332,,ZZUnitStandard:ZZUnitStandard_id:1461
*,2409,Y,16Q160121321332,,ZZUnitStandard:ZZUnitStandard_id:1466
*,2410,Y,16Q160121321332,,ZZUnitStandard:ZZUnitStandard_id:1469
*,2411,Y,16Q160121321332,,ZZUnitStandard:ZZUnitStandard_id:1498
*,2412,Y,16Q160121321332,,ZZUnitStandard:ZZUnitStandard_id:1514
*,2413,Y,16Q160121321332,,ZZUnitStandard:ZZUnitStandard_id:1516
*,2414,Y,16Q160121321332,,ZZUnitStandard:ZZUnitStandard_id:1518
*,2415,Y,16Q160121321332,,ZZUnitStandard:ZZUnitStandard_id:1897
*,2416,Y,16Q160121321332,,ZZUnitStandard:ZZUnitStandard_id:2340
*,2417,Y,16Q160121321332,,ZZUnitStandard:ZZUnitStandard_id:2412
*,2418,Y,16Q160121321332,,ZZUnitStandard:ZZUnitStandard_id:2450
*,2419,Y,16Q160121321332,,ZZUnitStandard:ZZUnitStandard_id:2452
*,2420,Y,16Q160121321332,,ZZUnitStandard:ZZUnitStandard_id:2453
*,2421,Y,16Q160121321332,,ZZUnitStandard:ZZUnitStandard_id:2483
*,2422,Y,16Q160121321332,,ZZUnitStandard:ZZUnitStandard_id:3086
*,2423,Y,16Q160121321332,,ZZUnitStandard:ZZUnitStandard_id:3090
*,2424,Y,16Q160121321332,,ZZUnitStandard:ZZUnitStandard_id:3099
*,2425,Y,16Q160121321332,,ZZUnitStandard:ZZUnitStandard_id:3100
*,2426,Y,16Q160121321332,,ZZUnitStandard:ZZUnitStandard_id:3584
*,2427,Y,16Q160121321332,,ZZUnitStandard:ZZUnitStandard_id:3648
*,2428,Y,16Q160121321332,,ZZUnitStandard:ZZUnitStandard_id:3649
*,2429,Y,17Q170250351344,,ZZUnitStandard:ZZUnitStandard_id:1189
*,2430,Y,17Q170250351344,,ZZUnitStandard:ZZUnitStandard_id:1197
*,2431,Y,17Q170250351344,,ZZUnitStandard:ZZUnitStandard_id:1198
*,2432,Y,17Q170250351344,,ZZUnitStandard:ZZUnitStandard_id:1353
*,2433,Y,17Q170250351344,,ZZUnitStandard:ZZUnitStandard_id:1357
*,2434,Y,17Q170250351344,,ZZUnitStandard:ZZUnitStandard_id:1503
*,2435,Y,17Q170250351344,,ZZUnitStandard:ZZUnitStandard_id:1884
*,2436,Y,17Q170250351344,,ZZUnitStandard:ZZUnitStandard_id:2201
*,2437,Y,17Q170250351344,,ZZUnitStandard:ZZUnitStandard_id:2202
*,2438,Y,17Q170250351344,,ZZUnitStandard:ZZUnitStandard_id:2214
*,2439,Y,17Q170250351344,,ZZUnitStandard:ZZUnitStandard_id:2215
*,2440,Y,17Q170250351344,,ZZUnitStandard:ZZUnitStandard_id:2217
*,2441,Y,17Q170250351344,,ZZUnitStandard:ZZUnitStandard_id:2218
*,2442,Y,17Q170250351344,,ZZUnitStandard:ZZUnitStandard_id:2221
*,2443,Y,17Q170250351344,,ZZUnitStandard:ZZUnitStandard_id:2406
*,2444,Y,17Q170250351344,,ZZUnitStandard:ZZUnitStandard_id:2513
*,2445,Y,17Q170250351344,,ZZUnitStandard:ZZUnitStandard_id:2581
*,2446,Y,17Q170250351344,,ZZUnitStandard:ZZUnitStandard_id:2583
*,2447,Y,17Q170250351344,,ZZUnitStandard:ZZUnitStandard_id:2899
*,2448,Y,17Q170250351344,,ZZUnitStandard:ZZUnitStandard_id:2908
*,2449,Y,17Q170250351344,,ZZUnitStandard:ZZUnitStandard_id:2912
*,2450,Y,17Q170250351344,,ZZUnitStandard:ZZUnitStandard_id:3194
*,2451,Y,17Q170250351344,,ZZUnitStandard:ZZUnitStandard_id:3195
*,2452,Y,17Q170250351344,,ZZUnitStandard:ZZUnitStandard_id:3199
*,2453,Y,17Q170250351344,,ZZUnitStandard:ZZUnitStandard_id:3207
*,2454,Y,17Q170250351344,,ZZUnitStandard:ZZUnitStandard_id:3213
*,2455,Y,17Q170250351344,,ZZUnitStandard:ZZUnitStandard_id:3808
*,2456,Y,17Q170250351344,,ZZUnitStandard:ZZUnitStandard_id:3809
*,2457,Y,17Q170250351344,,ZZUnitStandard:ZZUnitStandard_id:3810
*,2458,Y,17Q170250351344,,ZZUnitStandard:ZZUnitStandard_id:3811
*,2459,Y,17Q170250351344,,ZZUnitStandard:ZZUnitStandard_id:3812
*,2460,Y,17Q170250351344,,ZZUnitStandard:ZZUnitStandard_id:3813
*,2461,Y,17Q170250351344,,ZZUnitStandard:ZZUnitStandard_id:3814
*,2462,Y,17Q170250351344,,ZZUnitStandard:ZZUnitStandard_id:3815
*,2463,Y,17Q170250351344,,ZZUnitStandard:ZZUnitStandard_id:3816
*,2464,Y,16Q160114431202,,ZZUnitStandard:ZZUnitStandard_id:695
*,2465,Y,16Q160114431202,,ZZUnitStandard:ZZUnitStandard_id:930
*,2466,Y,16Q160114431202,,ZZUnitStandard:ZZUnitStandard_id:985
*,2467,Y,16Q160114431202,,ZZUnitStandard:ZZUnitStandard_id:1185
*,2468,Y,16Q160114431202,,ZZUnitStandard:ZZUnitStandard_id:1186
*,2469,Y,16Q160114431202,,ZZUnitStandard:ZZUnitStandard_id:1194
*,2470,Y,16Q160114431202,,ZZUnitStandard:ZZUnitStandard_id:1429
*,2471,Y,16Q160114431202,,ZZUnitStandard:ZZUnitStandard_id:1514
*,2472,Y,16Q160114431202,,ZZUnitStandard:ZZUnitStandard_id:1516
*,2473,Y,16Q160114431202,,ZZUnitStandard:ZZUnitStandard_id:1725
*,2474,Y,16Q160114431202,,ZZUnitStandard:ZZUnitStandard_id:1899
*,2475,Y,16Q160114431202,,ZZUnitStandard:ZZUnitStandard_id:2220
*,2476,Y,16Q160114431202,,ZZUnitStandard:ZZUnitStandard_id:2310
*,2477,Y,16Q160114431202,,ZZUnitStandard:ZZUnitStandard_id:2340
*,2478,Y,16Q160114431202,,ZZUnitStandard:ZZUnitStandard_id:2445
*,2479,Y,16Q160114431202,,ZZUnitStandard:ZZUnitStandard_id:2450
*,2480,Y,16Q160114431202,,ZZUnitStandard:ZZUnitStandard_id:2452
*,2481,Y,16Q160114431202,,ZZUnitStandard:ZZUnitStandard_id:2453
*,2482,Y,16Q160114431202,,ZZUnitStandard:ZZUnitStandard_id:2552
*,2483,Y,16Q160114431202,,ZZUnitStandard:ZZUnitStandard_id:2671
*,2484,Y,16Q160114431202,,ZZUnitStandard:ZZUnitStandard_id:2703
*,2485,Y,16Q160114431202,,ZZUnitStandard:ZZUnitStandard_id:2861
*,2486,Y,16Q160114431202,,ZZUnitStandard:ZZUnitStandard_id:2862
*,2487,Y,16Q160114431202,,ZZUnitStandard:ZZUnitStandard_id:2863
*,2488,Y,16Q160114431202,,ZZUnitStandard:ZZUnitStandard_id:2864
*,2489,Y,16Q160114431202,,ZZUnitStandard:ZZUnitStandard_id:2865
*,2490,Y,16Q160114431202,,ZZUnitStandard:ZZUnitStandard_id:2866
*,2491,Y,16Q160114431202,,ZZUnitStandard:ZZUnitStandard_id:2867
*,2492,Y,16Q160114431202,,ZZUnitStandard:ZZUnitStandard_id:2868
*,2493,Y,16Q160114431202,,ZZUnitStandard:ZZUnitStandard_id:2869
*,2494,Y,16Q160114431202,,ZZUnitStandard:ZZUnitStandard_id:2870
*,2495,Y,16Q160114431202,,ZZUnitStandard:ZZUnitStandard_id:2871
*,2496,Y,16Q160114431202,,ZZUnitStandard:ZZUnitStandard_id:2872
*,2497,Y,16Q160114431202,,ZZUnitStandard:ZZUnitStandard_id:2873
*,2498,Y,16Q160114431202,,ZZUnitStandard:ZZUnitStandard_id:2874
*,2499,Y,16Q160114431202,,ZZUnitStandard:ZZUnitStandard_id:2875
*,2500,Y,16Q160114431202,,ZZUnitStandard:ZZUnitStandard_id:2876
*,2501,Y,16Q160114431202,,ZZUnitStandard:ZZUnitStandard_id:2877
*,2502,Y,16Q160114431202,,ZZUnitStandard:ZZUnitStandard_id:2878
*,2503,Y,16Q160114431202,,ZZUnitStandard:ZZUnitStandard_id:2879
*,2504,Y,16Q160114431202,,ZZUnitStandard:ZZUnitStandard_id:2880
*,2505,Y,16Q160114431202,,ZZUnitStandard:ZZUnitStandard_id:2881
*,2506,Y,16Q160114431202,,ZZUnitStandard:ZZUnitStandard_id:2882
*,2507,Y,16Q160114431202,,ZZUnitStandard:ZZUnitStandard_id:2883
*,2508,Y,16Q160114431202,,ZZUnitStandard:ZZUnitStandard_id:2884
*,2509,Y,16Q160115261203,,ZZUnitStandard:ZZUnitStandard_id:430
*,2510,Y,16Q160115261203,,ZZUnitStandard:ZZUnitStandard_id:673
*,2511,Y,16Q160115261203,,ZZUnitStandard:ZZUnitStandard_id:674
*,2512,Y,16Q160115261203,,ZZUnitStandard:ZZUnitStandard_id:675
*,2513,Y,16Q160115261203,,ZZUnitStandard:ZZUnitStandard_id:688
*,2514,Y,16Q160115261203,,ZZUnitStandard:ZZUnitStandard_id:700
*,2515,Y,16Q160115261203,,ZZUnitStandard:ZZUnitStandard_id:919
*,2516,Y,16Q160115261203,,ZZUnitStandard:ZZUnitStandard_id:987
*,2517,Y,16Q160115261203,,ZZUnitStandard:ZZUnitStandard_id:990
*,2518,Y,16Q160115261203,,ZZUnitStandard:ZZUnitStandard_id:1077
*,2519,Y,16Q160115261203,,ZZUnitStandard:ZZUnitStandard_id:1188
*,2520,Y,16Q160115261203,,ZZUnitStandard:ZZUnitStandard_id:1190
*,2521,Y,16Q160115261203,,ZZUnitStandard:ZZUnitStandard_id:1196
*,2522,Y,16Q160115261203,,ZZUnitStandard:ZZUnitStandard_id:1518
*,2523,Y,16Q160115261203,,ZZUnitStandard:ZZUnitStandard_id:1590
*,2524,Y,16Q160115261203,,ZZUnitStandard:ZZUnitStandard_id:1711
*,2525,Y,16Q160115261203,,ZZUnitStandard:ZZUnitStandard_id:1713
*,2526,Y,16Q160115261203,,ZZUnitStandard:ZZUnitStandard_id:2043
*,2527,Y,16Q160115261203,,ZZUnitStandard:ZZUnitStandard_id:2201
*,2528,Y,16Q160115261203,,ZZUnitStandard:ZZUnitStandard_id:2202
*,2529,Y,16Q160115261203,,ZZUnitStandard:ZZUnitStandard_id:2218
*,2530,Y,16Q160115261203,,ZZUnitStandard:ZZUnitStandard_id:2221
*,2531,Y,16Q160115261203,,ZZUnitStandard:ZZUnitStandard_id:2493
*,2532,Y,16Q160115261203,,ZZUnitStandard:ZZUnitStandard_id:2506
*,2533,Y,16Q160115261203,,ZZUnitStandard:ZZUnitStandard_id:2885
*,2534,Y,16Q160115261203,,ZZUnitStandard:ZZUnitStandard_id:2886
*,2535,Y,16Q160115261203,,ZZUnitStandard:ZZUnitStandard_id:2887
*,2536,Y,16Q160115261203,,ZZUnitStandard:ZZUnitStandard_id:2888
*,2537,Y,16Q160115261203,,ZZUnitStandard:ZZUnitStandard_id:2889
*,2538,Y,16Q160115261203,,ZZUnitStandard:ZZUnitStandard_id:2891
*,2539,Y,16Q160115261203,,ZZUnitStandard:ZZUnitStandard_id:2892
*,2540,Y,16Q160115261203,,ZZUnitStandard:ZZUnitStandard_id:2893
*,2541,Y,16Q160115261203,,ZZUnitStandard:ZZUnitStandard_id:2894
*,2542,Y,16Q160115261203,,ZZUnitStandard:ZZUnitStandard_id:2895
*,2543,Y,16Q160115261203,,ZZUnitStandard:ZZUnitStandard_id:2896
*,2544,Y,16Q160115261203,,ZZUnitStandard:ZZUnitStandard_id:2897
*,2545,Y,160Q160116351404,,ZZUnitStandard:ZZUnitStandard_id:430
*,2546,Y,160Q160116351404,,ZZUnitStandard:ZZUnitStandard_id:673
*,2547,Y,160Q160116351404,,ZZUnitStandard:ZZUnitStandard_id:675
*,2548,Y,160Q160116351404,,ZZUnitStandard:ZZUnitStandard_id:688
*,2549,Y,160Q160116351404,,ZZUnitStandard:ZZUnitStandard_id:700
*,2550,Y,160Q160116351404,,ZZUnitStandard:ZZUnitStandard_id:923
*,2551,Y,160Q160116351404,,ZZUnitStandard:ZZUnitStandard_id:976
*,2552,Y,160Q160116351404,,ZZUnitStandard:ZZUnitStandard_id:990
*,2553,Y,160Q160116351404,,ZZUnitStandard:ZZUnitStandard_id:1077
*,2554,Y,160Q160116351404,,ZZUnitStandard:ZZUnitStandard_id:1189
*,2555,Y,160Q160116351404,,ZZUnitStandard:ZZUnitStandard_id:1197
*,2556,Y,160Q160116351404,,ZZUnitStandard:ZZUnitStandard_id:1198
*,2557,Y,160Q160116351404,,ZZUnitStandard:ZZUnitStandard_id:1353
*,2558,Y,160Q160116351404,,ZZUnitStandard:ZZUnitStandard_id:1357
*,2559,Y,160Q160116351404,,ZZUnitStandard:ZZUnitStandard_id:1370
*,2560,Y,160Q160116351404,,ZZUnitStandard:ZZUnitStandard_id:1567
*,2561,Y,160Q160116351404,,ZZUnitStandard:ZZUnitStandard_id:1590
*,2562,Y,160Q160116351404,,ZZUnitStandard:ZZUnitStandard_id:2043
*,2563,Y,160Q160116351404,,ZZUnitStandard:ZZUnitStandard_id:2164
*,2564,Y,160Q160116351404,,ZZUnitStandard:ZZUnitStandard_id:2201
*,2565,Y,160Q160116351404,,ZZUnitStandard:ZZUnitStandard_id:2202
*,2566,Y,160Q160116351404,,ZZUnitStandard:ZZUnitStandard_id:2214
*,2567,Y,160Q160116351404,,ZZUnitStandard:ZZUnitStandard_id:2215
*,2568,Y,160Q160116351404,,ZZUnitStandard:ZZUnitStandard_id:2217
*,2569,Y,160Q160116351404,,ZZUnitStandard:ZZUnitStandard_id:2218
*,2570,Y,160Q160116351404,,ZZUnitStandard:ZZUnitStandard_id:2221
*,2571,Y,160Q160116351404,,ZZUnitStandard:ZZUnitStandard_id:2406
*,2572,Y,160Q160116351404,,ZZUnitStandard:ZZUnitStandard_id:2513
*,2573,Y,160Q160116351404,,ZZUnitStandard:ZZUnitStandard_id:2581
*,2574,Y,160Q160116351404,,ZZUnitStandard:ZZUnitStandard_id:2583
*,2575,Y,160Q160116351404,,ZZUnitStandard:ZZUnitStandard_id:2898
*,2576,Y,160Q160116351404,,ZZUnitStandard:ZZUnitStandard_id:2899
*,2577,Y,160Q160116351404,,ZZUnitStandard:ZZUnitStandard_id:2900
*,2578,Y,160Q160116351404,,ZZUnitStandard:ZZUnitStandard_id:2901
*,2579,Y,160Q160116351404,,ZZUnitStandard:ZZUnitStandard_id:2902
*,2580,Y,160Q160116351404,,ZZUnitStandard:ZZUnitStandard_id:2903
*,2581,Y,160Q160116351404,,ZZUnitStandard:ZZUnitStandard_id:2904
*,2582,Y,160Q160116351404,,ZZUnitStandard:ZZUnitStandard_id:2905
*,2583,Y,160Q160116351404,,ZZUnitStandard:ZZUnitStandard_id:2906
*,2584,Y,160Q160116351404,,ZZUnitStandard:ZZUnitStandard_id:2907
*,2585,Y,160Q160116351404,,ZZUnitStandard:ZZUnitStandard_id:2908
*,2586,Y,160Q160116351404,,ZZUnitStandard:ZZUnitStandard_id:2909
*,2587,Y,160Q160116351404,,ZZUnitStandard:ZZUnitStandard_id:2910
*,2588,Y,160Q160116351404,,ZZUnitStandard:ZZUnitStandard_id:2911
*,2589,Y,17Q170248311272,,ZZUnitStandard:ZZUnitStandard_id:930
*,2590,Y,17Q170248311272,,ZZUnitStandard:ZZUnitStandard_id:1185
*,2591,Y,17Q170248311272,,ZZUnitStandard:ZZUnitStandard_id:1186
*,2592,Y,17Q170248311272,,ZZUnitStandard:ZZUnitStandard_id:1187
*,2593,Y,17Q170248311272,,ZZUnitStandard:ZZUnitStandard_id:1194
*,2594,Y,17Q170248311272,,ZZUnitStandard:ZZUnitStandard_id:1514
*,2595,Y,17Q170248311272,,ZZUnitStandard:ZZUnitStandard_id:1722
*,2596,Y,17Q170248311272,,ZZUnitStandard:ZZUnitStandard_id:2147
*,2597,Y,17Q170248311272,,ZZUnitStandard:ZZUnitStandard_id:2220
*,2598,Y,17Q170248311272,,ZZUnitStandard:ZZUnitStandard_id:2310
*,2599,Y,17Q170248311272,,ZZUnitStandard:ZZUnitStandard_id:2340
*,2600,Y,17Q170248311272,,ZZUnitStandard:ZZUnitStandard_id:2445
*,2601,Y,17Q170248311272,,ZZUnitStandard:ZZUnitStandard_id:2446
*,2602,Y,17Q170248311272,,ZZUnitStandard:ZZUnitStandard_id:2450
*,2603,Y,17Q170248311272,,ZZUnitStandard:ZZUnitStandard_id:2452
*,2604,Y,17Q170248311272,,ZZUnitStandard:ZZUnitStandard_id:2453
*,2605,Y,17Q170248311272,,ZZUnitStandard:ZZUnitStandard_id:2488
*,2606,Y,17Q170248311272,,ZZUnitStandard:ZZUnitStandard_id:2489
*,2607,Y,17Q170248311272,,ZZUnitStandard:ZZUnitStandard_id:2651
*,2608,Y,17Q170248311272,,ZZUnitStandard:ZZUnitStandard_id:2671
*,2609,Y,17Q170248311272,,ZZUnitStandard:ZZUnitStandard_id:2856
*,2610,Y,17Q170248311272,,ZZUnitStandard:ZZUnitStandard_id:2863
*,2611,Y,17Q170248311272,,ZZUnitStandard:ZZUnitStandard_id:2867
*,2612,Y,17Q170248311272,,ZZUnitStandard:ZZUnitStandard_id:3224
*,2613,Y,17Q170248311272,,ZZUnitStandard:ZZUnitStandard_id:3226
*,2614,Y,17Q170248311272,,ZZUnitStandard:ZZUnitStandard_id:3232
*,2615,Y,17Q170248311272,,ZZUnitStandard:ZZUnitStandard_id:3242
*,2616,Y,17Q170248311272,,ZZUnitStandard:ZZUnitStandard_id:3801
*,2617,Y,17Q170248311272,,ZZUnitStandard:ZZUnitStandard_id:3802
*,2618,Y,17Q170248311272,,ZZUnitStandard:ZZUnitStandard_id:3803
*,2619,Y,17Q170248311272,,ZZUnitStandard:ZZUnitStandard_id:3804
*,2620,Y,17Q170249261323,,ZZUnitStandard:ZZUnitStandard_id:925
*,2621,Y,17Q170249261323,,ZZUnitStandard:ZZUnitStandard_id:1188
*,2622,Y,17Q170249261323,,ZZUnitStandard:ZZUnitStandard_id:1190
*,2623,Y,17Q170249261323,,ZZUnitStandard:ZZUnitStandard_id:1196
*,2624,Y,17Q170249261323,,ZZUnitStandard:ZZUnitStandard_id:1509
*,2625,Y,17Q170249261323,,ZZUnitStandard:ZZUnitStandard_id:1518
*,2626,Y,17Q170249261323,,ZZUnitStandard:ZZUnitStandard_id:1712
*,2627,Y,17Q170249261323,,ZZUnitStandard:ZZUnitStandard_id:1713
*,2628,Y,17Q170249261323,,ZZUnitStandard:ZZUnitStandard_id:1715
*,2629,Y,17Q170249261323,,ZZUnitStandard:ZZUnitStandard_id:1716
*,2630,Y,17Q170249261323,,ZZUnitStandard:ZZUnitStandard_id:1853
*,2631,Y,17Q170249261323,,ZZUnitStandard:ZZUnitStandard_id:2201
*,2632,Y,17Q170249261323,,ZZUnitStandard:ZZUnitStandard_id:2202
*,2633,Y,17Q170249261323,,ZZUnitStandard:ZZUnitStandard_id:2218
*,2634,Y,17Q170249261323,,ZZUnitStandard:ZZUnitStandard_id:2221
*,2635,Y,17Q170249261323,,ZZUnitStandard:ZZUnitStandard_id:2611
*,2636,Y,17Q170249261323,,ZZUnitStandard:ZZUnitStandard_id:2628
*,2637,Y,17Q170249261323,,ZZUnitStandard:ZZUnitStandard_id:3207
*,2638,Y,17Q170249261323,,ZZUnitStandard:ZZUnitStandard_id:3240
*,2639,Y,17Q170249261323,,ZZUnitStandard:ZZUnitStandard_id:3245
*,2640,Y,17Q170249261323,,ZZUnitStandard:ZZUnitStandard_id:3795
*,2641,Y,17Q170249261323,,ZZUnitStandard:ZZUnitStandard_id:3796
*,2642,Y,17Q170249261323,,ZZUnitStandard:ZZUnitStandard_id:3797
*,2643,Y,17Q170249261323,,ZZUnitStandard:ZZUnitStandard_id:3798
*,2644,Y,17Q170249261323,,ZZUnitStandard:ZZUnitStandard_id:3799
*,2645,Y,17Q170249261323,,ZZUnitStandard:ZZUnitStandard_id:3800
*,2646,Y,16Q160109401303,,ZZUnitStandard:ZZUnitStandard_id:699
*,2647,Y,16Q160109401303,,ZZUnitStandard:ZZUnitStandard_id:919
*,2648,Y,16Q160109401303,,ZZUnitStandard:ZZUnitStandard_id:922
*,2649,Y,16Q160109401303,,ZZUnitStandard:ZZUnitStandard_id:930
*,2650,Y,16Q160109401303,,ZZUnitStandard:ZZUnitStandard_id:980
*,2651,Y,16Q160109401303,,ZZUnitStandard:ZZUnitStandard_id:987
*,2652,Y,16Q160109401303,,ZZUnitStandard:ZZUnitStandard_id:1188
*,2653,Y,16Q160109401303,,ZZUnitStandard:ZZUnitStandard_id:1190
*,2654,Y,16Q160109401303,,ZZUnitStandard:ZZUnitStandard_id:1196
*,2655,Y,16Q160109401303,,ZZUnitStandard:ZZUnitStandard_id:1518
*,2656,Y,16Q160109401303,,ZZUnitStandard:ZZUnitStandard_id:1543
*,2657,Y,16Q160109401303,,ZZUnitStandard:ZZUnitStandard_id:1849
*,2658,Y,16Q160109401303,,ZZUnitStandard:ZZUnitStandard_id:2201
*,2659,Y,16Q160109401303,,ZZUnitStandard:ZZUnitStandard_id:2202
*,2660,Y,16Q160109401303,,ZZUnitStandard:ZZUnitStandard_id:2218
*,2661,Y,16Q160109401303,,ZZUnitStandard:ZZUnitStandard_id:2221
*,2662,Y,16Q160109401303,,ZZUnitStandard:ZZUnitStandard_id:2356
*,2663,Y,16Q160109401303,,ZZUnitStandard:ZZUnitStandard_id:2882
*,2664,Y,16Q160109401303,,ZZUnitStandard:ZZUnitStandard_id:2892
*,2665,Y,16Q160109401303,,ZZUnitStandard:ZZUnitStandard_id:2893
*,2666,Y,16Q160109401303,,ZZUnitStandard:ZZUnitStandard_id:2897
*,2667,Y,16Q160109401303,,ZZUnitStandard:ZZUnitStandard_id:3354
*,2668,Y,16Q160109401303,,ZZUnitStandard:ZZUnitStandard_id:3357
*,2669,Y,16Q160109401303,,ZZUnitStandard:ZZUnitStandard_id:3364
*,2670,Y,16Q160109401303,,ZZUnitStandard:ZZUnitStandard_id:3365
*,2671,Y,16Q160109401303,,ZZUnitStandard:ZZUnitStandard_id:3373
*,2672,Y,16Q160109401303,,ZZUnitStandard:ZZUnitStandard_id:3382
*,2673,Y,16Q160109401303,,ZZUnitStandard:ZZUnitStandard_id:3383
*,2674,Y,16Q160109401303,,ZZUnitStandard:ZZUnitStandard_id:3385
*,2675,Y,16Q160109401303,,ZZUnitStandard:ZZUnitStandard_id:3386
*,2676,Y,16Q160109401303,,ZZUnitStandard:ZZUnitStandard_id:3486
*,2677,Y,16Q160109401303,,ZZUnitStandard:ZZUnitStandard_id:3487
*,2678,Y,16Q160109401303,,ZZUnitStandard:ZZUnitStandard_id:3488
*,2679,Y,16Q160109401303,,ZZUnitStandard:ZZUnitStandard_id:3493
*,2680,Y,16Q160109401303,,ZZUnitStandard:ZZUnitStandard_id:3503
*,2681,Y,16Q160109401303,,ZZUnitStandard:ZZUnitStandard_id:3507
*,2682,Y,16Q160109401303,,ZZUnitStandard:ZZUnitStandard_id:3512
*,2683,Y,16Q160109401303,,ZZUnitStandard:ZZUnitStandard_id:3519
*,2684,Y,16Q160109401303,,ZZUnitStandard:ZZUnitStandard_id:3527
*,2685,Y,16Q160109401303,,ZZUnitStandard:ZZUnitStandard_id:3531
*,2686,Y,16Q160112541303,,ZZUnitStandard:ZZUnitStandard_id:699
*,2687,Y,16Q160112541303,,ZZUnitStandard:ZZUnitStandard_id:919
*,2688,Y,16Q160112541303,,ZZUnitStandard:ZZUnitStandard_id:922
*,2689,Y,16Q160112541303,,ZZUnitStandard:ZZUnitStandard_id:930
*,2690,Y,16Q160112541303,,ZZUnitStandard:ZZUnitStandard_id:980
*,2691,Y,16Q160112541303,,ZZUnitStandard:ZZUnitStandard_id:987
*,2692,Y,16Q160112541303,,ZZUnitStandard:ZZUnitStandard_id:1188
*,2693,Y,16Q160112541303,,ZZUnitStandard:ZZUnitStandard_id:1190
*,2694,Y,16Q160112541303,,ZZUnitStandard:ZZUnitStandard_id:1196
*,2695,Y,16Q160112541303,,ZZUnitStandard:ZZUnitStandard_id:1518
*,2696,Y,16Q160112541303,,ZZUnitStandard:ZZUnitStandard_id:1543
*,2697,Y,16Q160112541303,,ZZUnitStandard:ZZUnitStandard_id:2201
*,2698,Y,16Q160112541303,,ZZUnitStandard:ZZUnitStandard_id:2202
*,2699,Y,16Q160112541303,,ZZUnitStandard:ZZUnitStandard_id:2218
*,2700,Y,16Q160112541303,,ZZUnitStandard:ZZUnitStandard_id:2221
*,2701,Y,16Q160112541303,,ZZUnitStandard:ZZUnitStandard_id:2356
*,2702,Y,16Q160112541303,,ZZUnitStandard:ZZUnitStandard_id:2555
*,2703,Y,16Q160112541303,,ZZUnitStandard:ZZUnitStandard_id:3354
*,2704,Y,16Q160112541303,,ZZUnitStandard:ZZUnitStandard_id:3357
*,2705,Y,16Q160112541303,,ZZUnitStandard:ZZUnitStandard_id:3358
*,2706,Y,16Q160112541303,,ZZUnitStandard:ZZUnitStandard_id:3361
*,2707,Y,16Q160112541303,,ZZUnitStandard:ZZUnitStandard_id:3364
*,2708,Y,16Q160112541303,,ZZUnitStandard:ZZUnitStandard_id:3365
*,2709,Y,16Q160112541303,,ZZUnitStandard:ZZUnitStandard_id:3366
*,2710,Y,16Q160112541303,,ZZUnitStandard:ZZUnitStandard_id:3368
*,2711,Y,16Q160112541303,,ZZUnitStandard:ZZUnitStandard_id:3370
*,2712,Y,16Q160112541303,,ZZUnitStandard:ZZUnitStandard_id:3371
*,2713,Y,16Q160112541303,,ZZUnitStandard:ZZUnitStandard_id:3372
*,2714,Y,16Q160112541303,,ZZUnitStandard:ZZUnitStandard_id:3375
*,2715,Y,16Q160112541303,,ZZUnitStandard:ZZUnitStandard_id:3376
*,2716,Y,16Q160112541303,,ZZUnitStandard:ZZUnitStandard_id:3377
*,2717,Y,16Q160112541303,,ZZUnitStandard:ZZUnitStandard_id:3378
*,2718,Y,16Q160112541303,,ZZUnitStandard:ZZUnitStandard_id:3382
*,2719,Y,16Q160112541303,,ZZUnitStandard:ZZUnitStandard_id:3383
*,2720,Y,16Q160112541303,,ZZUnitStandard:ZZUnitStandard_id:3385
*,2721,Y,16Q160112541303,,ZZUnitStandard:ZZUnitStandard_id:3386
*,2722,Y,16Q160112541303,,ZZUnitStandard:ZZUnitStandard_id:3485
*,2723,Y,16Q160112541303,,ZZUnitStandard:ZZUnitStandard_id:3487
*,2724,Y,16Q160112541303,,ZZUnitStandard:ZZUnitStandard_id:3491
*,2725,Y,16Q160112541303,,ZZUnitStandard:ZZUnitStandard_id:3494
*,2726,Y,16Q160112541303,,ZZUnitStandard:ZZUnitStandard_id:3495
*,2727,Y,16Q160112541303,,ZZUnitStandard:ZZUnitStandard_id:3498
*,2728,Y,16Q160112541303,,ZZUnitStandard:ZZUnitStandard_id:3500
*,2729,Y,16Q160112541303,,ZZUnitStandard:ZZUnitStandard_id:3502
*,2730,Y,16Q160112541303,,ZZUnitStandard:ZZUnitStandard_id:3506
*,2731,Y,16Q160112541303,,ZZUnitStandard:ZZUnitStandard_id:3508
*,2732,Y,16Q160112541303,,ZZUnitStandard:ZZUnitStandard_id:3512
*,2733,Y,16Q160112541303,,ZZUnitStandard:ZZUnitStandard_id:3513
*,2734,Y,16Q160112541303,,ZZUnitStandard:ZZUnitStandard_id:3514
*,2735,Y,16Q160112541303,,ZZUnitStandard:ZZUnitStandard_id:3515
*,2736,Y,16Q160112541303,,ZZUnitStandard:ZZUnitStandard_id:3516
*,2737,Y,16Q160112541303,,ZZUnitStandard:ZZUnitStandard_id:3517
*,2738,Y,16Q160112541303,,ZZUnitStandard:ZZUnitStandard_id:3520
*,2739,Y,16Q160112541303,,ZZUnitStandard:ZZUnitStandard_id:3522
*,2740,Y,16Q160113311303,,ZZUnitStandard:ZZUnitStandard_id:699
*,2741,Y,16Q160113311303,,ZZUnitStandard:ZZUnitStandard_id:919
*,2742,Y,16Q160113311303,,ZZUnitStandard:ZZUnitStandard_id:922
*,2743,Y,16Q160113311303,,ZZUnitStandard:ZZUnitStandard_id:930
*,2744,Y,16Q160113311303,,ZZUnitStandard:ZZUnitStandard_id:980
*,2745,Y,16Q160113311303,,ZZUnitStandard:ZZUnitStandard_id:987
*,2746,Y,16Q160113311303,,ZZUnitStandard:ZZUnitStandard_id:1043
*,2747,Y,16Q160113311303,,ZZUnitStandard:ZZUnitStandard_id:1188
*,2748,Y,16Q160113311303,,ZZUnitStandard:ZZUnitStandard_id:1190
*,2749,Y,16Q160113311303,,ZZUnitStandard:ZZUnitStandard_id:1196
*,2750,Y,16Q160113311303,,ZZUnitStandard:ZZUnitStandard_id:1518
*,2751,Y,16Q160113311303,,ZZUnitStandard:ZZUnitStandard_id:1543
*,2752,Y,16Q160113311303,,ZZUnitStandard:ZZUnitStandard_id:2201
*,2753,Y,16Q160113311303,,ZZUnitStandard:ZZUnitStandard_id:2202
*,2754,Y,16Q160113311303,,ZZUnitStandard:ZZUnitStandard_id:2218
*,2755,Y,16Q160113311303,,ZZUnitStandard:ZZUnitStandard_id:2221
*,2756,Y,16Q160113311303,,ZZUnitStandard:ZZUnitStandard_id:2555
*,2757,Y,16Q160113311303,,ZZUnitStandard:ZZUnitStandard_id:2884
*,2758,Y,16Q160113311303,,ZZUnitStandard:ZZUnitStandard_id:2893
*,2759,Y,16Q160113311303,,ZZUnitStandard:ZZUnitStandard_id:2897
*,2760,Y,16Q160113311303,,ZZUnitStandard:ZZUnitStandard_id:3357
*,2761,Y,16Q160113311303,,ZZUnitStandard:ZZUnitStandard_id:3358
*,2762,Y,16Q160113311303,,ZZUnitStandard:ZZUnitStandard_id:3365
*,2763,Y,16Q160113311303,,ZZUnitStandard:ZZUnitStandard_id:3370
*,2764,Y,16Q160113311303,,ZZUnitStandard:ZZUnitStandard_id:3380
*,2765,Y,16Q160113311303,,ZZUnitStandard:ZZUnitStandard_id:3382
*,2766,Y,16Q160113311303,,ZZUnitStandard:ZZUnitStandard_id:3383
*,2767,Y,16Q160113311303,,ZZUnitStandard:ZZUnitStandard_id:3384
*,2768,Y,16Q160113311303,,ZZUnitStandard:ZZUnitStandard_id:3487
*,2769,Y,16Q160113311303,,ZZUnitStandard:ZZUnitStandard_id:3495
*,2770,Y,16Q160113311303,,ZZUnitStandard:ZZUnitStandard_id:3510
*,2771,Y,16Q160128371644,,ZZUnitStandard:ZZUnitStandard_id:786
*,2772,Y,16Q160128371644,,ZZUnitStandard:ZZUnitStandard_id:862
*,2773,Y,16Q160128371644,,ZZUnitStandard:ZZUnitStandard_id:919
*,2774,Y,16Q160128371644,,ZZUnitStandard:ZZUnitStandard_id:1189
*,2775,Y,16Q160128371644,,ZZUnitStandard:ZZUnitStandard_id:1197
*,2776,Y,16Q160128371644,,ZZUnitStandard:ZZUnitStandard_id:1198
*,2777,Y,16Q160128371644,,ZZUnitStandard:ZZUnitStandard_id:2201
*,2778,Y,16Q160128371644,,ZZUnitStandard:ZZUnitStandard_id:2202
*,2779,Y,16Q160128371644,,ZZUnitStandard:ZZUnitStandard_id:2214
*,2780,Y,16Q160128371644,,ZZUnitStandard:ZZUnitStandard_id:2215
*,2781,Y,16Q160128371644,,ZZUnitStandard:ZZUnitStandard_id:2217
*,2782,Y,16Q160128371644,,ZZUnitStandard:ZZUnitStandard_id:2218
*,2783,Y,16Q160128371644,,ZZUnitStandard:ZZUnitStandard_id:2221
*,2784,Y,16Q160128371644,,ZZUnitStandard:ZZUnitStandard_id:2406
*,2785,Y,16Q160128371644,,ZZUnitStandard:ZZUnitStandard_id:2578
*,2786,Y,16Q160128371644,,ZZUnitStandard:ZZUnitStandard_id:2604
*,2787,Y,16Q160128371644,,ZZUnitStandard:ZZUnitStandard_id:2909
*,2788,Y,16Q160128371644,,ZZUnitStandard:ZZUnitStandard_id:3046
*,2789,Y,16Q160128371644,,ZZUnitStandard:ZZUnitStandard_id:3048
*,2790,Y,16Q160128371644,,ZZUnitStandard:ZZUnitStandard_id:3083
*,2791,Y,16Q160128371644,,ZZUnitStandard:ZZUnitStandard_id:3258
*,2792,Y,16Q160128371644,,ZZUnitStandard:ZZUnitStandard_id:3259
*,2793,Y,16Q160128371644,,ZZUnitStandard:ZZUnitStandard_id:3260
*,2794,Y,16Q160128371644,,ZZUnitStandard:ZZUnitStandard_id:3261
*,2795,Y,16Q160128371644,,ZZUnitStandard:ZZUnitStandard_id:3262
*,2796,Y,16Q160128371644,,ZZUnitStandard:ZZUnitStandard_id:3263
*,2797,Y,16Q160128371644,,ZZUnitStandard:ZZUnitStandard_id:3264
*,2798,Y,16Q160128371644,,ZZUnitStandard:ZZUnitStandard_id:3265
*,2799,Y,16Q160128371644,,ZZUnitStandard:ZZUnitStandard_id:3266
*,2800,Y,16Q160128371644,,ZZUnitStandard:ZZUnitStandard_id:3267
*,2801,Y,16Q160128371644,,ZZUnitStandard:ZZUnitStandard_id:3268
*,2802,Y,16Q160128371644,,ZZUnitStandard:ZZUnitStandard_id:3269
*,2803,Y,16Q160128371644,,ZZUnitStandard:ZZUnitStandard_id:3270
*,2804,Y,16Q160128371644,,ZZUnitStandard:ZZUnitStandard_id:3271
*,2805,Y,16Q160128371644,,ZZUnitStandard:ZZUnitStandard_id:3272
*,2806,Y,16Q160128371644,,ZZUnitStandard:ZZUnitStandard_id:3273
*,2807,Y,16Q160128371644,,ZZUnitStandard:ZZUnitStandard_id:3274
*,2808,Y,16Q160128371644,,ZZUnitStandard:ZZUnitStandard_id:3275
*,2809,Y,16Q160129391644,,ZZUnitStandard:ZZUnitStandard_id:786
*,2810,Y,16Q160129391644,,ZZUnitStandard:ZZUnitStandard_id:862
*,2811,Y,16Q160129391644,,ZZUnitStandard:ZZUnitStandard_id:919
*,2812,Y,16Q160129391644,,ZZUnitStandard:ZZUnitStandard_id:1189
*,2813,Y,16Q160129391644,,ZZUnitStandard:ZZUnitStandard_id:1197
*,2814,Y,16Q160129391644,,ZZUnitStandard:ZZUnitStandard_id:1198
*,2815,Y,16Q160129391644,,ZZUnitStandard:ZZUnitStandard_id:2201
*,2816,Y,16Q160129391644,,ZZUnitStandard:ZZUnitStandard_id:2202
*,2817,Y,16Q160129391644,,ZZUnitStandard:ZZUnitStandard_id:2214
*,2818,Y,16Q160129391644,,ZZUnitStandard:ZZUnitStandard_id:2215
*,2819,Y,16Q160129391644,,ZZUnitStandard:ZZUnitStandard_id:2217
*,2820,Y,16Q160129391644,,ZZUnitStandard:ZZUnitStandard_id:2218
*,2821,Y,16Q160129391644,,ZZUnitStandard:ZZUnitStandard_id:2221
*,2822,Y,16Q160129391644,,ZZUnitStandard:ZZUnitStandard_id:2406
*,2823,Y,16Q160129391644,,ZZUnitStandard:ZZUnitStandard_id:2578
*,2824,Y,16Q160129391644,,ZZUnitStandard:ZZUnitStandard_id:2604
*,2825,Y,16Q160129391644,,ZZUnitStandard:ZZUnitStandard_id:2909
*,2826,Y,16Q160129391644,,ZZUnitStandard:ZZUnitStandard_id:3046
*,2827,Y,16Q160129391644,,ZZUnitStandard:ZZUnitStandard_id:3048
*,2828,Y,16Q160129391644,,ZZUnitStandard:ZZUnitStandard_id:3083
*,2829,Y,16Q160129391644,,ZZUnitStandard:ZZUnitStandard_id:3258
*,2830,Y,16Q160129391644,,ZZUnitStandard:ZZUnitStandard_id:3259
*,2831,Y,16Q160129391644,,ZZUnitStandard:ZZUnitStandard_id:3260
*,2832,Y,16Q160129391644,,ZZUnitStandard:ZZUnitStandard_id:3261
*,2833,Y,16Q160129391644,,ZZUnitStandard:ZZUnitStandard_id:3262
*,2834,Y,16Q160129391644,,ZZUnitStandard:ZZUnitStandard_id:3263
*,2835,Y,16Q160129391644,,ZZUnitStandard:ZZUnitStandard_id:3264
*,2836,Y,16Q160129391644,,ZZUnitStandard:ZZUnitStandard_id:3265
*,2837,Y,16Q160129391644,,ZZUnitStandard:ZZUnitStandard_id:3266
*,2838,Y,16Q160129391644,,ZZUnitStandard:ZZUnitStandard_id:3267
*,2839,Y,16Q160129391644,,ZZUnitStandard:ZZUnitStandard_id:3268
*,2840,Y,16Q160129391644,,ZZUnitStandard:ZZUnitStandard_id:3269
*,2841,Y,16Q160129391644,,ZZUnitStandard:ZZUnitStandard_id:3270
*,2842,Y,16Q160129391644,,ZZUnitStandard:ZZUnitStandard_id:3271
*,2843,Y,16Q160129391644,,ZZUnitStandard:ZZUnitStandard_id:3272
*,2844,Y,16Q160129391644,,ZZUnitStandard:ZZUnitStandard_id:3273
*,2845,Y,16Q160129391644,,ZZUnitStandard:ZZUnitStandard_id:3274
*,2846,Y,16Q160129391644,,ZZUnitStandard:ZZUnitStandard_id:3275
*,2847,Y,16Q160130381644,,ZZUnitStandard:ZZUnitStandard_id:786
*,2848,Y,16Q160130381644,,ZZUnitStandard:ZZUnitStandard_id:862
*,2849,Y,16Q160130381644,,ZZUnitStandard:ZZUnitStandard_id:919
*,2850,Y,16Q160130381644,,ZZUnitStandard:ZZUnitStandard_id:1189
*,2851,Y,16Q160130381644,,ZZUnitStandard:ZZUnitStandard_id:1197
*,2852,Y,16Q160130381644,,ZZUnitStandard:ZZUnitStandard_id:1198
*,2853,Y,16Q160130381644,,ZZUnitStandard:ZZUnitStandard_id:2201
*,2854,Y,16Q160130381644,,ZZUnitStandard:ZZUnitStandard_id:2202
*,2855,Y,16Q160130381644,,ZZUnitStandard:ZZUnitStandard_id:2214
*,2856,Y,16Q160130381644,,ZZUnitStandard:ZZUnitStandard_id:2215
*,2857,Y,16Q160130381644,,ZZUnitStandard:ZZUnitStandard_id:2217
*,2858,Y,16Q160130381644,,ZZUnitStandard:ZZUnitStandard_id:2218
*,2859,Y,16Q160130381644,,ZZUnitStandard:ZZUnitStandard_id:2221
*,2860,Y,16Q160130381644,,ZZUnitStandard:ZZUnitStandard_id:2406
*,2861,Y,16Q160130381644,,ZZUnitStandard:ZZUnitStandard_id:2578
*,2862,Y,16Q160130381644,,ZZUnitStandard:ZZUnitStandard_id:2604
*,2863,Y,16Q160130381644,,ZZUnitStandard:ZZUnitStandard_id:2909
*,2864,Y,16Q160130381644,,ZZUnitStandard:ZZUnitStandard_id:3046
*,2865,Y,16Q160130381644,,ZZUnitStandard:ZZUnitStandard_id:3048
*,2866,Y,16Q160130381644,,ZZUnitStandard:ZZUnitStandard_id:3083
*,2867,Y,16Q160130381644,,ZZUnitStandard:ZZUnitStandard_id:3258
*,2868,Y,16Q160130381644,,ZZUnitStandard:ZZUnitStandard_id:3259
*,2869,Y,16Q160130381644,,ZZUnitStandard:ZZUnitStandard_id:3260
*,2870,Y,16Q160130381644,,ZZUnitStandard:ZZUnitStandard_id:3261
*,2871,Y,16Q160130381644,,ZZUnitStandard:ZZUnitStandard_id:3262
*,2872,Y,16Q160130381644,,ZZUnitStandard:ZZUnitStandard_id:3263
*,2873,Y,16Q160130381644,,ZZUnitStandard:ZZUnitStandard_id:3264
*,2874,Y,16Q160130381644,,ZZUnitStandard:ZZUnitStandard_id:3265
*,2875,Y,16Q160130381644,,ZZUnitStandard:ZZUnitStandard_id:3266
*,2876,Y,16Q160130381644,,ZZUnitStandard:ZZUnitStandard_id:3267
*,2877,Y,16Q160130381644,,ZZUnitStandard:ZZUnitStandard_id:3268
*,2878,Y,16Q160130381644,,ZZUnitStandard:ZZUnitStandard_id:3269
*,2879,Y,16Q160130381644,,ZZUnitStandard:ZZUnitStandard_id:3270
*,2880,Y,16Q160130381644,,ZZUnitStandard:ZZUnitStandard_id:3271
*,2881,Y,16Q160130381644,,ZZUnitStandard:ZZUnitStandard_id:3272
*,2882,Y,16Q160130381644,,ZZUnitStandard:ZZUnitStandard_id:3273
*,2883,Y,16Q160130381644,,ZZUnitStandard:ZZUnitStandard_id:3274
*,2884,Y,16Q160130381644,,ZZUnitStandard:ZZUnitStandard_id:3275
*,2885,Y,16Q160131381644,,ZZUnitStandard:ZZUnitStandard_id:699
*,2886,Y,16Q160131381644,,ZZUnitStandard:ZZUnitStandard_id:786
*,2887,Y,16Q160131381644,,ZZUnitStandard:ZZUnitStandard_id:862
*,2888,Y,16Q160131381644,,ZZUnitStandard:ZZUnitStandard_id:919
*,2889,Y,16Q160131381644,,ZZUnitStandard:ZZUnitStandard_id:922
*,2890,Y,16Q160131381644,,ZZUnitStandard:ZZUnitStandard_id:930
*,2891,Y,16Q160131381644,,ZZUnitStandard:ZZUnitStandard_id:980
*,2892,Y,16Q160131381644,,ZZUnitStandard:ZZUnitStandard_id:987
*,2893,Y,16Q160131381644,,ZZUnitStandard:ZZUnitStandard_id:1188
*,2894,Y,16Q160131381644,,ZZUnitStandard:ZZUnitStandard_id:1189
*,2895,Y,16Q160131381644,,ZZUnitStandard:ZZUnitStandard_id:1190
*,2896,Y,16Q160131381644,,ZZUnitStandard:ZZUnitStandard_id:1196
*,2897,Y,16Q160131381644,,ZZUnitStandard:ZZUnitStandard_id:1197
*,2898,Y,16Q160131381644,,ZZUnitStandard:ZZUnitStandard_id:1198
*,2899,Y,16Q160131381644,,ZZUnitStandard:ZZUnitStandard_id:1518
*,2900,Y,16Q160131381644,,ZZUnitStandard:ZZUnitStandard_id:1543
*,2901,Y,16Q160131381644,,ZZUnitStandard:ZZUnitStandard_id:2201
*,2902,Y,16Q160131381644,,ZZUnitStandard:ZZUnitStandard_id:2202
*,2903,Y,16Q160131381644,,ZZUnitStandard:ZZUnitStandard_id:2214
*,2904,Y,16Q160131381644,,ZZUnitStandard:ZZUnitStandard_id:2215
*,2905,Y,16Q160131381644,,ZZUnitStandard:ZZUnitStandard_id:2217
*,2906,Y,16Q160131381644,,ZZUnitStandard:ZZUnitStandard_id:2218
*,2907,Y,16Q160131381644,,ZZUnitStandard:ZZUnitStandard_id:2221
*,2908,Y,16Q160131381644,,ZZUnitStandard:ZZUnitStandard_id:2406
*,2909,Y,16Q160131381644,,ZZUnitStandard:ZZUnitStandard_id:2555
*,2910,Y,16Q160131381644,,ZZUnitStandard:ZZUnitStandard_id:2578
*,2911,Y,16Q160131381644,,ZZUnitStandard:ZZUnitStandard_id:2604
*,2912,Y,16Q160131381644,,ZZUnitStandard:ZZUnitStandard_id:2909
*,2913,Y,16Q160131381644,,ZZUnitStandard:ZZUnitStandard_id:3045
*,2914,Y,16Q160131381644,,ZZUnitStandard:ZZUnitStandard_id:3046
*,2915,Y,16Q160131381644,,ZZUnitStandard:ZZUnitStandard_id:3047
*,2916,Y,16Q160131381644,,ZZUnitStandard:ZZUnitStandard_id:3048
*,2917,Y,16Q160131381644,,ZZUnitStandard:ZZUnitStandard_id:3063
*,2918,Y,16Q160131381644,,ZZUnitStandard:ZZUnitStandard_id:3064
*,2919,Y,16Q160131381644,,ZZUnitStandard:ZZUnitStandard_id:3068
*,2920,Y,16Q160131381644,,ZZUnitStandard:ZZUnitStandard_id:3074
*,2921,Y,16Q160131381644,,ZZUnitStandard:ZZUnitStandard_id:3083
*,2922,Y,16Q160131381644,,ZZUnitStandard:ZZUnitStandard_id:3088
*,2923,Y,16Q160131381644,,ZZUnitStandard:ZZUnitStandard_id:3089
*,2924,Y,16Q160131381644,,ZZUnitStandard:ZZUnitStandard_id:3090
*,2925,Y,16Q160131381644,,ZZUnitStandard:ZZUnitStandard_id:3094
*,2926,Y,16Q160131381644,,ZZUnitStandard:ZZUnitStandard_id:3096
*,2927,Y,16Q160131381644,,ZZUnitStandard:ZZUnitStandard_id:3097
*,2928,Y,16Q160131381644,,ZZUnitStandard:ZZUnitStandard_id:3101
*,2929,Y,16Q160131381644,,ZZUnitStandard:ZZUnitStandard_id:3107
*,2930,Y,16Q160131381644,,ZZUnitStandard:ZZUnitStandard_id:3109
*,2931,Y,16Q160131381644,,ZZUnitStandard:ZZUnitStandard_id:3117
*,2932,Y,16Q160131381644,,ZZUnitStandard:ZZUnitStandard_id:3125
*,2933,Y,16Q160131381644,,ZZUnitStandard:ZZUnitStandard_id:3126
*,2934,Y,16Q160131381644,,ZZUnitStandard:ZZUnitStandard_id:3128
*,2935,Y,16Q160131381644,,ZZUnitStandard:ZZUnitStandard_id:3258
*,2936,Y,16Q160131381644,,ZZUnitStandard:ZZUnitStandard_id:3259
*,2937,Y,16Q160131381644,,ZZUnitStandard:ZZUnitStandard_id:3260
*,2938,Y,16Q160131381644,,ZZUnitStandard:ZZUnitStandard_id:3261
*,2939,Y,16Q160131381644,,ZZUnitStandard:ZZUnitStandard_id:3262
*,2940,Y,16Q160131381644,,ZZUnitStandard:ZZUnitStandard_id:3263
*,2941,Y,16Q160131381644,,ZZUnitStandard:ZZUnitStandard_id:3264
*,2942,Y,16Q160131381644,,ZZUnitStandard:ZZUnitStandard_id:3265
*,2943,Y,16Q160131381644,,ZZUnitStandard:ZZUnitStandard_id:3266
*,2944,Y,16Q160131381644,,ZZUnitStandard:ZZUnitStandard_id:3267
*,2945,Y,16Q160131381644,,ZZUnitStandard:ZZUnitStandard_id:3268
*,2946,Y,16Q160131381644,,ZZUnitStandard:ZZUnitStandard_id:3269
*,2947,Y,16Q160131381644,,ZZUnitStandard:ZZUnitStandard_id:3270
*,2948,Y,16Q160131381644,,ZZUnitStandard:ZZUnitStandard_id:3271
*,2949,Y,16Q160131381644,,ZZUnitStandard:ZZUnitStandard_id:3272
*,2950,Y,16Q160131381644,,ZZUnitStandard:ZZUnitStandard_id:3273
*,2951,Y,16Q160131381644,,ZZUnitStandard:ZZUnitStandard_id:3274
*,2952,Y,16Q160131381644,,ZZUnitStandard:ZZUnitStandard_id:3275
*,2953,Y,16Q160136391614,,ZZUnitStandard:ZZUnitStandard_id:1
*,2954,Y,16Q160136391614,,ZZUnitStandard:ZZUnitStandard_id:2
*,2955,Y,16Q160136391614,,ZZUnitStandard:ZZUnitStandard_id:3
*,2956,Y,16Q160136391614,,ZZUnitStandard:ZZUnitStandard_id:919
*,2957,Y,16Q160136391614,,ZZUnitStandard:ZZUnitStandard_id:961
*,2958,Y,16Q160136391614,,ZZUnitStandard:ZZUnitStandard_id:962
*,2959,Y,16Q160136391614,,ZZUnitStandard:ZZUnitStandard_id:985
*,2960,Y,16Q160136391614,,ZZUnitStandard:ZZUnitStandard_id:1120
*,2961,Y,16Q160136391614,,ZZUnitStandard:ZZUnitStandard_id:1185
*,2962,Y,16Q160136391614,,ZZUnitStandard:ZZUnitStandard_id:1186
*,2963,Y,16Q160136391614,,ZZUnitStandard:ZZUnitStandard_id:1189
*,2964,Y,16Q160136391614,,ZZUnitStandard:ZZUnitStandard_id:1194
*,2965,Y,16Q160136391614,,ZZUnitStandard:ZZUnitStandard_id:1197
*,2966,Y,16Q160136391614,,ZZUnitStandard:ZZUnitStandard_id:1198
*,2967,Y,16Q160136391614,,ZZUnitStandard:ZZUnitStandard_id:1514
*,2968,Y,16Q160136391614,,ZZUnitStandard:ZZUnitStandard_id:1516
*,2969,Y,16Q160136391614,,ZZUnitStandard:ZZUnitStandard_id:2047
*,2970,Y,16Q160136391614,,ZZUnitStandard:ZZUnitStandard_id:2201
*,2971,Y,16Q160136391614,,ZZUnitStandard:ZZUnitStandard_id:2202
*,2972,Y,16Q160136391614,,ZZUnitStandard:ZZUnitStandard_id:2214
*,2973,Y,16Q160136391614,,ZZUnitStandard:ZZUnitStandard_id:2215
*,2974,Y,16Q160136391614,,ZZUnitStandard:ZZUnitStandard_id:2217
*,2975,Y,16Q160136391614,,ZZUnitStandard:ZZUnitStandard_id:2218
*,2976,Y,16Q160136391614,,ZZUnitStandard:ZZUnitStandard_id:2220
*,2977,Y,16Q160136391614,,ZZUnitStandard:ZZUnitStandard_id:2221
*,2978,Y,16Q160136391614,,ZZUnitStandard:ZZUnitStandard_id:2340
*,2979,Y,16Q160136391614,,ZZUnitStandard:ZZUnitStandard_id:2406
*,2980,Y,16Q160136391614,,ZZUnitStandard:ZZUnitStandard_id:2450
*,2981,Y,16Q160136391614,,ZZUnitStandard:ZZUnitStandard_id:2452
*,2982,Y,16Q160136391614,,ZZUnitStandard:ZZUnitStandard_id:2453
*,2983,Y,16Q160136391614,,ZZUnitStandard:ZZUnitStandard_id:2605
*,2984,Y,16Q160136391614,,ZZUnitStandard:ZZUnitStandard_id:2727
*,2985,Y,16Q160136391614,,ZZUnitStandard:ZZUnitStandard_id:2728
*,2986,Y,16Q160136391614,,ZZUnitStandard:ZZUnitStandard_id:2729
*,2987,Y,16Q160136391614,,ZZUnitStandard:ZZUnitStandard_id:2730
*,2988,Y,16Q160136391614,,ZZUnitStandard:ZZUnitStandard_id:2731
*,2989,Y,16Q160136391614,,ZZUnitStandard:ZZUnitStandard_id:2732
*,2990,Y,16Q160136391614,,ZZUnitStandard:ZZUnitStandard_id:2733
*,2991,Y,16Q160136391614,,ZZUnitStandard:ZZUnitStandard_id:2734
*,2992,Y,16Q160136391614,,ZZUnitStandard:ZZUnitStandard_id:2735
*,2993,Y,16Q160136391614,,ZZUnitStandard:ZZUnitStandard_id:2737
*,2994,Y,16Q160136391614,,ZZUnitStandard:ZZUnitStandard_id:2739
*,2995,Y,16Q160136391614,,ZZUnitStandard:ZZUnitStandard_id:2743
*,2996,Y,16Q160136391614,,ZZUnitStandard:ZZUnitStandard_id:2747
*,2997,Y,16Q160136391614,,ZZUnitStandard:ZZUnitStandard_id:2751
*,2998,Y,16Q160136391614,,ZZUnitStandard:ZZUnitStandard_id:2909
*,2999,Y,16Q160136391614,,ZZUnitStandard:ZZUnitStandard_id:3046
*,3000,Y,16Q160136391614,,ZZUnitStandard:ZZUnitStandard_id:3047
*,3001,Y,16Q160136391614,,ZZUnitStandard:ZZUnitStandard_id:3048
*,3002,Y,16Q160136391614,,ZZUnitStandard:ZZUnitStandard_id:3049
*,3003,Y,16Q160136391614,,ZZUnitStandard:ZZUnitStandard_id:3050
*,3004,Y,16Q160136391614,,ZZUnitStandard:ZZUnitStandard_id:3051
*,3005,Y,16Q160136391614,,ZZUnitStandard:ZZUnitStandard_id:3052
*,3006,Y,16Q160136391614,,ZZUnitStandard:ZZUnitStandard_id:3053
*,3007,Y,16Q160136391614,,ZZUnitStandard:ZZUnitStandard_id:3054
*,3008,Y,16Q160136391614,,ZZUnitStandard:ZZUnitStandard_id:3055
*,3009,Y,16Q160136391614,,ZZUnitStandard:ZZUnitStandard_id:3056
*,3010,Y,16Q160136391614,,ZZUnitStandard:ZZUnitStandard_id:3057
*,3011,Y,16Q160136391614,,ZZUnitStandard:ZZUnitStandard_id:3058
*,3012,Y,16Q160136391614,,ZZUnitStandard:ZZUnitStandard_id:3059
*,3013,Y,16Q160136391614,,ZZUnitStandard:ZZUnitStandard_id:3060
*,3014,Y,16Q160136391614,,ZZUnitStandard:ZZUnitStandard_id:3061
*,3015,Y,16Q160136391614,,ZZUnitStandard:ZZUnitStandard_id:3062
*,3016,Y,16Q160136391614,,ZZUnitStandard:ZZUnitStandard_id:3063
*,3017,Y,16Q160136391614,,ZZUnitStandard:ZZUnitStandard_id:3064
*,3018,Y,16Q160136391614,,ZZUnitStandard:ZZUnitStandard_id:3065
*,3019,Y,16Q160136391614,,ZZUnitStandard:ZZUnitStandard_id:3066
*,3020,Y,16Q160136391614,,ZZUnitStandard:ZZUnitStandard_id:3067
*,3021,Y,16Q160136391614,,ZZUnitStandard:ZZUnitStandard_id:3068
*,3022,Y,16Q160136391614,,ZZUnitStandard:ZZUnitStandard_id:3069
*,3023,Y,16Q160136391614,,ZZUnitStandard:ZZUnitStandard_id:3070
*,3024,Y,16Q160136391614,,ZZUnitStandard:ZZUnitStandard_id:3071
*,3025,Y,16Q160136391614,,ZZUnitStandard:ZZUnitStandard_id:3072
*,3026,Y,16Q160136391614,,ZZUnitStandard:ZZUnitStandard_id:3073
*,3027,Y,16Q160136391614,,ZZUnitStandard:ZZUnitStandard_id:3074
*,3028,Y,16Q160136391614,,ZZUnitStandard:ZZUnitStandard_id:3075
*,3029,Y,16Q160136391614,,ZZUnitStandard:ZZUnitStandard_id:3076
*,3030,Y,16Q160136391614,,ZZUnitStandard:ZZUnitStandard_id:3077
*,3031,Y,16Q160136391614,,ZZUnitStandard:ZZUnitStandard_id:3078
*,3032,Y,16Q160136391614,,ZZUnitStandard:ZZUnitStandard_id:3079
*,3033,Y,16Q160136391614,,ZZUnitStandard:ZZUnitStandard_id:3080
*,3034,Y,16Q160136391614,,ZZUnitStandard:ZZUnitStandard_id:3081
*,3035,Y,16Q160136391614,,ZZUnitStandard:ZZUnitStandard_id:3082
*,3036,Y,16Q160136391614,,ZZUnitStandard:ZZUnitStandard_id:3083
*,3037,Y,16Q160136391614,,ZZUnitStandard:ZZUnitStandard_id:3084
*,3038,Y,16Q160136391614,,ZZUnitStandard:ZZUnitStandard_id:3085
*,3039,Y,16Q160140361374,,ZZUnitStandard:ZZUnitStandard_id:1189
*,3040,Y,16Q160140361374,,ZZUnitStandard:ZZUnitStandard_id:1197
*,3041,Y,16Q160140361374,,ZZUnitStandard:ZZUnitStandard_id:1198
*,3042,Y,16Q160140361374,,ZZUnitStandard:ZZUnitStandard_id:1884
*,3043,Y,16Q160140361374,,ZZUnitStandard:ZZUnitStandard_id:2201
*,3044,Y,16Q160140361374,,ZZUnitStandard:ZZUnitStandard_id:2202
*,3045,Y,16Q160140361374,,ZZUnitStandard:ZZUnitStandard_id:2214
*,3046,Y,16Q160140361374,,ZZUnitStandard:ZZUnitStandard_id:2215
*,3047,Y,16Q160140361374,,ZZUnitStandard:ZZUnitStandard_id:2217
*,3048,Y,16Q160140361374,,ZZUnitStandard:ZZUnitStandard_id:2218
*,3049,Y,16Q160140361374,,ZZUnitStandard:ZZUnitStandard_id:2221
*,3050,Y,16Q160140361374,,ZZUnitStandard:ZZUnitStandard_id:2406
*,3051,Y,16Q160140361374,,ZZUnitStandard:ZZUnitStandard_id:2587
*,3052,Y,16Q160140361374,,ZZUnitStandard:ZZUnitStandard_id:3355
*,3053,Y,16Q160140361374,,ZZUnitStandard:ZZUnitStandard_id:3359
*,3054,Y,16Q160140361374,,ZZUnitStandard:ZZUnitStandard_id:3360
*,3055,Y,16Q160140361374,,ZZUnitStandard:ZZUnitStandard_id:3362
*,3056,Y,16Q160140361374,,ZZUnitStandard:ZZUnitStandard_id:3363
*,3057,Y,16Q160140361374,,ZZUnitStandard:ZZUnitStandard_id:3369
*,3058,Y,16Q160140361374,,ZZUnitStandard:ZZUnitStandard_id:3379
*,3059,Y,16Q160140361374,,ZZUnitStandard:ZZUnitStandard_id:3455
*,3060,Y,16Q160140361374,,ZZUnitStandard:ZZUnitStandard_id:3456
*,3061,Y,16Q160140361374,,ZZUnitStandard:ZZUnitStandard_id:3569
*,3062,Y,16Q160140361374,,ZZUnitStandard:ZZUnitStandard_id:3570
*,3063,Y,16Q160140361374,,ZZUnitStandard:ZZUnitStandard_id:3571
*,3064,Y,16Q160140361374,,ZZUnitStandard:ZZUnitStandard_id:3572
*,3065,Y,16Q160140361374,,ZZUnitStandard:ZZUnitStandard_id:3573
*,3066,Y,16Q160140361374,,ZZUnitStandard:ZZUnitStandard_id:3574
*,3067,Y,16Q160140361374,,ZZUnitStandard:ZZUnitStandard_id:3575
*,3068,Y,16Q160140361374,,ZZUnitStandard:ZZUnitStandard_id:3576
*,3069,Y,16Q160140361374,,ZZUnitStandard:ZZUnitStandard_id:3577
*,3070,Y,16Q160140361374,,ZZUnitStandard:ZZUnitStandard_id:3578
*,3071,Y,16Q160140361374,,ZZUnitStandard:ZZUnitStandard_id:3579
*,3072,Y,16Q160140361374,,ZZUnitStandard:ZZUnitStandard_id:3580
*,3073,Y,16Q160140361374,,ZZUnitStandard:ZZUnitStandard_id:3581
*,3074,Y,16Q160140361374,,ZZUnitStandard:ZZUnitStandard_id:3582
*,3075,Y,16Q160144541202,,ZZUnitStandard:ZZUnitStandard_id:120
*,3076,Y,16Q160144541202,,ZZUnitStandard:ZZUnitStandard_id:121
*,3077,Y,16Q160144541202,,ZZUnitStandard:ZZUnitStandard_id:122
*,3078,Y,16Q160144541202,,ZZUnitStandard:ZZUnitStandard_id:129
*,3079,Y,16Q160144541202,,ZZUnitStandard:ZZUnitStandard_id:130
*,3080,Y,16Q160144541202,,ZZUnitStandard:ZZUnitStandard_id:132
*,3081,Y,16Q160144541202,,ZZUnitStandard:ZZUnitStandard_id:456
*,3082,Y,16Q160144541202,,ZZUnitStandard:ZZUnitStandard_id:460
*,3083,Y,16Q160144541202,,ZZUnitStandard:ZZUnitStandard_id:461
*,3084,Y,16Q160144541202,,ZZUnitStandard:ZZUnitStandard_id:462
*,3085,Y,16Q160144541202,,ZZUnitStandard:ZZUnitStandard_id:464
*,3086,Y,16Q160144541202,,ZZUnitStandard:ZZUnitStandard_id:665
*,3087,Y,16Q160144541202,,ZZUnitStandard:ZZUnitStandard_id:666
*,3088,Y,16Q160144541202,,ZZUnitStandard:ZZUnitStandard_id:667
*,3089,Y,16Q160144541202,,ZZUnitStandard:ZZUnitStandard_id:668
*,3090,Y,16Q160144541202,,ZZUnitStandard:ZZUnitStandard_id:669
*,3091,Y,16Q160144541202,,ZZUnitStandard:ZZUnitStandard_id:764
*,3092,Y,16Q160144541202,,ZZUnitStandard:ZZUnitStandard_id:765
*,3093,Y,16Q160144541202,,ZZUnitStandard:ZZUnitStandard_id:822
*,3094,Y,16Q160144541202,,ZZUnitStandard:ZZUnitStandard_id:1185
*,3095,Y,16Q160144541202,,ZZUnitStandard:ZZUnitStandard_id:1186
*,3096,Y,16Q160144541202,,ZZUnitStandard:ZZUnitStandard_id:1194
*,3097,Y,16Q160144541202,,ZZUnitStandard:ZZUnitStandard_id:1203
*,3098,Y,16Q160144541202,,ZZUnitStandard:ZZUnitStandard_id:1514
*,3099,Y,16Q160144541202,,ZZUnitStandard:ZZUnitStandard_id:1516
*,3100,Y,16Q160144541202,,ZZUnitStandard:ZZUnitStandard_id:1537
*,3101,Y,16Q160144541202,,ZZUnitStandard:ZZUnitStandard_id:1728
*,3102,Y,16Q160144541202,,ZZUnitStandard:ZZUnitStandard_id:1884
*,3103,Y,16Q160144541202,,ZZUnitStandard:ZZUnitStandard_id:2220
*,3104,Y,16Q160144541202,,ZZUnitStandard:ZZUnitStandard_id:2285
*,3105,Y,16Q160144541202,,ZZUnitStandard:ZZUnitStandard_id:2310
*,3106,Y,16Q160144541202,,ZZUnitStandard:ZZUnitStandard_id:2339
*,3107,Y,16Q160144541202,,ZZUnitStandard:ZZUnitStandard_id:2340
*,3108,Y,16Q160144541202,,ZZUnitStandard:ZZUnitStandard_id:2445
*,3109,Y,16Q160144541202,,ZZUnitStandard:ZZUnitStandard_id:2450
*,3110,Y,16Q160144541202,,ZZUnitStandard:ZZUnitStandard_id:2452
*,3111,Y,16Q160144541202,,ZZUnitStandard:ZZUnitStandard_id:2453
*,3112,Y,16Q160144541202,,ZZUnitStandard:ZZUnitStandard_id:2454
*,3113,Y,16Q160144541202,,ZZUnitStandard:ZZUnitStandard_id:2772
*,3114,Y,16Q160144541202,,ZZUnitStandard:ZZUnitStandard_id:2773
*,3115,Y,16Q160144541202,,ZZUnitStandard:ZZUnitStandard_id:2774
*,3116,Y,16Q160144541202,,ZZUnitStandard:ZZUnitStandard_id:2856
*,3117,Y,16Q160144541202,,ZZUnitStandard:ZZUnitStandard_id:2863
*,3118,Y,16Q160144541202,,ZZUnitStandard:ZZUnitStandard_id:3367
*,3119,Y,16Q160144541202,,ZZUnitStandard:ZZUnitStandard_id:3534
*,3120,Y,16Q160144541202,,ZZUnitStandard:ZZUnitStandard_id:3535
*,3121,Y,16Q160144541202,,ZZUnitStandard:ZZUnitStandard_id:3536
*,3122,Y,16Q160144541202,,ZZUnitStandard:ZZUnitStandard_id:3537
*,3123,Y,16Q160144541202,,ZZUnitStandard:ZZUnitStandard_id:3538
*,3124,Y,16Q160144541202,,ZZUnitStandard:ZZUnitStandard_id:3539
*,3125,Y,16Q160144541202,,ZZUnitStandard:ZZUnitStandard_id:3540
*,3126,Y,16Q160145541202,,ZZUnitStandard:ZZUnitStandard_id:120
*,3127,Y,16Q160145541202,,ZZUnitStandard:ZZUnitStandard_id:121
*,3128,Y,16Q160145541202,,ZZUnitStandard:ZZUnitStandard_id:122
*,3129,Y,16Q160145541202,,ZZUnitStandard:ZZUnitStandard_id:129
*,3130,Y,16Q160145541202,,ZZUnitStandard:ZZUnitStandard_id:130
*,3131,Y,16Q160145541202,,ZZUnitStandard:ZZUnitStandard_id:132
*,3132,Y,16Q160145541202,,ZZUnitStandard:ZZUnitStandard_id:456
*,3133,Y,16Q160145541202,,ZZUnitStandard:ZZUnitStandard_id:460
*,3134,Y,16Q160145541202,,ZZUnitStandard:ZZUnitStandard_id:461
*,3135,Y,16Q160145541202,,ZZUnitStandard:ZZUnitStandard_id:462
*,3136,Y,16Q160145541202,,ZZUnitStandard:ZZUnitStandard_id:464
*,3137,Y,16Q160145541202,,ZZUnitStandard:ZZUnitStandard_id:665
*,3138,Y,16Q160145541202,,ZZUnitStandard:ZZUnitStandard_id:666
*,3139,Y,16Q160145541202,,ZZUnitStandard:ZZUnitStandard_id:667
*,3140,Y,16Q160145541202,,ZZUnitStandard:ZZUnitStandard_id:668
*,3141,Y,16Q160145541202,,ZZUnitStandard:ZZUnitStandard_id:669
*,3142,Y,16Q160145541202,,ZZUnitStandard:ZZUnitStandard_id:764
*,3143,Y,16Q160145541202,,ZZUnitStandard:ZZUnitStandard_id:765
*,3144,Y,16Q160145541202,,ZZUnitStandard:ZZUnitStandard_id:822
*,3145,Y,16Q160145541202,,ZZUnitStandard:ZZUnitStandard_id:1185
*,3146,Y,16Q160145541202,,ZZUnitStandard:ZZUnitStandard_id:1186
*,3147,Y,16Q160145541202,,ZZUnitStandard:ZZUnitStandard_id:1194
*,3148,Y,16Q160145541202,,ZZUnitStandard:ZZUnitStandard_id:1203
*,3149,Y,16Q160145541202,,ZZUnitStandard:ZZUnitStandard_id:1514
*,3150,Y,16Q160145541202,,ZZUnitStandard:ZZUnitStandard_id:1516
*,3151,Y,16Q160145541202,,ZZUnitStandard:ZZUnitStandard_id:1537
*,3152,Y,16Q160145541202,,ZZUnitStandard:ZZUnitStandard_id:1728
*,3153,Y,16Q160145541202,,ZZUnitStandard:ZZUnitStandard_id:1884
*,3154,Y,16Q160145541202,,ZZUnitStandard:ZZUnitStandard_id:1996
*,3155,Y,16Q160145541202,,ZZUnitStandard:ZZUnitStandard_id:2220
*,3156,Y,16Q160145541202,,ZZUnitStandard:ZZUnitStandard_id:2285
*,3157,Y,16Q160145541202,,ZZUnitStandard:ZZUnitStandard_id:2310
*,3158,Y,16Q160145541202,,ZZUnitStandard:ZZUnitStandard_id:2339
*,3159,Y,16Q160145541202,,ZZUnitStandard:ZZUnitStandard_id:2340
*,3160,Y,16Q160145541202,,ZZUnitStandard:ZZUnitStandard_id:2445
*,3161,Y,16Q160145541202,,ZZUnitStandard:ZZUnitStandard_id:2450
*,3162,Y,16Q160145541202,,ZZUnitStandard:ZZUnitStandard_id:2452
*,3163,Y,16Q160145541202,,ZZUnitStandard:ZZUnitStandard_id:2453
*,3164,Y,16Q160145541202,,ZZUnitStandard:ZZUnitStandard_id:2454
*,3165,Y,16Q160145541202,,ZZUnitStandard:ZZUnitStandard_id:2772
*,3166,Y,16Q160145541202,,ZZUnitStandard:ZZUnitStandard_id:2773
*,3167,Y,16Q160145541202,,ZZUnitStandard:ZZUnitStandard_id:2774
*,3168,Y,16Q160145541202,,ZZUnitStandard:ZZUnitStandard_id:2856
*,3169,Y,16Q160145541202,,ZZUnitStandard:ZZUnitStandard_id:2863
*,3170,Y,16Q160145541202,,ZZUnitStandard:ZZUnitStandard_id:3367
*,3171,Y,16Q160145541202,,ZZUnitStandard:ZZUnitStandard_id:3534
*,3172,Y,16Q160145541202,,ZZUnitStandard:ZZUnitStandard_id:3535
*,3173,Y,16Q160145541202,,ZZUnitStandard:ZZUnitStandard_id:3536
*,3174,Y,16Q160145541202,,ZZUnitStandard:ZZUnitStandard_id:3537
*,3175,Y,16Q160145541202,,ZZUnitStandard:ZZUnitStandard_id:3538
*,3176,Y,16Q160145541202,,ZZUnitStandard:ZZUnitStandard_id:3539
*,3177,Y,16Q160145541202,,ZZUnitStandard:ZZUnitStandard_id:3540
*,3178,Y,16Q160124391203,,ZZUnitStandard:ZZUnitStandard_id:1188
*,3179,Y,16Q160124391203,,ZZUnitStandard:ZZUnitStandard_id:1190
*,3180,Y,16Q160124391203,,ZZUnitStandard:ZZUnitStandard_id:1196
*,3181,Y,16Q160124391203,,ZZUnitStandard:ZZUnitStandard_id:1518
*,3182,Y,16Q160124391203,,ZZUnitStandard:ZZUnitStandard_id:1672
*,3183,Y,16Q160124391203,,ZZUnitStandard:ZZUnitStandard_id:1856
*,3184,Y,16Q160124391203,,ZZUnitStandard:ZZUnitStandard_id:1858
*,3185,Y,16Q160124391203,,ZZUnitStandard:ZZUnitStandard_id:1859
*,3186,Y,16Q160124391203,,ZZUnitStandard:ZZUnitStandard_id:1897
*,3187,Y,16Q160124391203,,ZZUnitStandard:ZZUnitStandard_id:2201
*,3188,Y,16Q160124391203,,ZZUnitStandard:ZZUnitStandard_id:2202
*,3189,Y,16Q160124391203,,ZZUnitStandard:ZZUnitStandard_id:2218
*,3190,Y,16Q160124391203,,ZZUnitStandard:ZZUnitStandard_id:2221
*,3191,Y,16Q160124391203,,ZZUnitStandard:ZZUnitStandard_id:2446
*,3192,Y,16Q160124391203,,ZZUnitStandard:ZZUnitStandard_id:2855
*,3193,Y,16Q160124391203,,ZZUnitStandard:ZZUnitStandard_id:2886
*,3194,Y,16Q160124391203,,ZZUnitStandard:ZZUnitStandard_id:3586
*,3195,Y,16Q160124391203,,ZZUnitStandard:ZZUnitStandard_id:3612
*,3196,Y,16Q160124391203,,ZZUnitStandard:ZZUnitStandard_id:3613
*,3197,Y,16Q160124391203,,ZZUnitStandard:ZZUnitStandard_id:3614
*,3198,Y,16Q160124391203,,ZZUnitStandard:ZZUnitStandard_id:3615
*,3199,Y,16Q160124391203,,ZZUnitStandard:ZZUnitStandard_id:3616
*,3200,Y,16Q160124391203,,ZZUnitStandard:ZZUnitStandard_id:3617
*,3201,Y,16Q160124391203,,ZZUnitStandard:ZZUnitStandard_id:3618
*,3202,Y,16Q160124391203,,ZZUnitStandard:ZZUnitStandard_id:3619
*,3203,Y,16Q160124391203,,ZZUnitStandard:ZZUnitStandard_id:3620
*,3204,Y,16Q160124391203,,ZZUnitStandard:ZZUnitStandard_id:3621
*,3205,Y,16Q160124391203,,ZZUnitStandard:ZZUnitStandard_id:3622
*,3206,Y,16Q160124391203,,ZZUnitStandard:ZZUnitStandard_id:3623
*,3207,Y,16Q160124391203,,ZZUnitStandard:ZZUnitStandard_id:3624
*,3208,Y,16Q160124391203,,ZZUnitStandard:ZZUnitStandard_id:3625
*,3209,Y,16Q160124391203,,ZZUnitStandard:ZZUnitStandard_id:3626
*,3210,Y,16Q160124391203,,ZZUnitStandard:ZZUnitStandard_id:3627
*,3211,Y,16Q160124391203,,ZZUnitStandard:ZZUnitStandard_id:3628
*,3212,Y,16Q160124391203,,ZZUnitStandard:ZZUnitStandard_id:3629
*,3213,Y,16Q160124391203,,ZZUnitStandard:ZZUnitStandard_id:3630
*,3214,Y,16Q160124391203,,ZZUnitStandard:ZZUnitStandard_id:3631
*,3215,Y,16Q160124391203,,ZZUnitStandard:ZZUnitStandard_id:3632
*,3216,Y,16Q160124391203,,ZZUnitStandard:ZZUnitStandard_id:3633
*,3217,Y,16Q160124391203,,ZZUnitStandard:ZZUnitStandard_id:3634
*,3218,Y,16Q160124391203,,ZZUnitStandard:ZZUnitStandard_id:3635
*,3219,Y,16Q160124391203,,ZZUnitStandard:ZZUnitStandard_id:3636
*,3220,Y,16Q160124391203,,ZZUnitStandard:ZZUnitStandard_id:3637
*,3221,Y,16Q160124391203,,ZZUnitStandard:ZZUnitStandard_id:3638
*,3222,Y,16Q160124391203,,ZZUnitStandard:ZZUnitStandard_id:3639
*,3223,Y,16Q160124391203,,ZZUnitStandard:ZZUnitStandard_id:3640
*,3224,Y,16Q160124391203,,ZZUnitStandard:ZZUnitStandard_id:3641
*,3225,Y,16Q160124391203,,ZZUnitStandard:ZZUnitStandard_id:3642
*,3226,Y,16Q160124391203,,ZZUnitStandard:ZZUnitStandard_id:3643
*,3227,Y,16Q160124391203,,ZZUnitStandard:ZZUnitStandard_id:3644
*,3228,Y,16Q160124391203,,ZZUnitStandard:ZZUnitStandard_id:3645
*,3229,Y,16Q160124391203,,ZZUnitStandard:ZZUnitStandard_id:3646
*,3230,Y,16Q160124391203,,ZZUnitStandard:ZZUnitStandard_id:3647
*,3231,Y,16Q160123321203,,ZZUnitStandard:ZZUnitStandard_id:1188
*,3232,Y,16Q160123321203,,ZZUnitStandard:ZZUnitStandard_id:1190
*,3233,Y,16Q160123321203,,ZZUnitStandard:ZZUnitStandard_id:1196
*,3234,Y,16Q160123321203,,ZZUnitStandard:ZZUnitStandard_id:1518
*,3235,Y,16Q160123321203,,ZZUnitStandard:ZZUnitStandard_id:1672
*,3236,Y,16Q160123321203,,ZZUnitStandard:ZZUnitStandard_id:1856
*,3237,Y,16Q160123321203,,ZZUnitStandard:ZZUnitStandard_id:1858
*,3238,Y,16Q160123321203,,ZZUnitStandard:ZZUnitStandard_id:1859
*,3239,Y,16Q160123321203,,ZZUnitStandard:ZZUnitStandard_id:1897
*,3240,Y,16Q160123321203,,ZZUnitStandard:ZZUnitStandard_id:2201
*,3241,Y,16Q160123321203,,ZZUnitStandard:ZZUnitStandard_id:2202
*,3242,Y,16Q160123321203,,ZZUnitStandard:ZZUnitStandard_id:2218
*,3243,Y,16Q160123321203,,ZZUnitStandard:ZZUnitStandard_id:2221
*,3244,Y,16Q160123321203,,ZZUnitStandard:ZZUnitStandard_id:2446
*,3245,Y,16Q160123321203,,ZZUnitStandard:ZZUnitStandard_id:2855
*,3246,Y,16Q160123321203,,ZZUnitStandard:ZZUnitStandard_id:2886
*,3247,Y,16Q160123321203,,ZZUnitStandard:ZZUnitStandard_id:3586
*,3248,Y,16Q160123321203,,ZZUnitStandard:ZZUnitStandard_id:3612
*,3249,Y,16Q160123321203,,ZZUnitStandard:ZZUnitStandard_id:3613
*,3250,Y,16Q160123321203,,ZZUnitStandard:ZZUnitStandard_id:3614
*,3251,Y,16Q160123321203,,ZZUnitStandard:ZZUnitStandard_id:3615
*,3252,Y,16Q160123321203,,ZZUnitStandard:ZZUnitStandard_id:3616
*,3253,Y,16Q160123321203,,ZZUnitStandard:ZZUnitStandard_id:3617
*,3254,Y,16Q160123321203,,ZZUnitStandard:ZZUnitStandard_id:3618
*,3255,Y,16Q160123321203,,ZZUnitStandard:ZZUnitStandard_id:3619
*,3256,Y,16Q160123321203,,ZZUnitStandard:ZZUnitStandard_id:3620
*,3257,Y,16Q160123321203,,ZZUnitStandard:ZZUnitStandard_id:3621
*,3258,Y,16Q160123321203,,ZZUnitStandard:ZZUnitStandard_id:3622
*,3259,Y,16Q160123321203,,ZZUnitStandard:ZZUnitStandard_id:3623
*,3260,Y,16Q160123321203,,ZZUnitStandard:ZZUnitStandard_id:3624
*,3261,Y,16Q160123321203,,ZZUnitStandard:ZZUnitStandard_id:3625
*,3262,Y,16Q160123321203,,ZZUnitStandard:ZZUnitStandard_id:3626
*,3263,Y,16Q160123321203,,ZZUnitStandard:ZZUnitStandard_id:3627
*,3264,Y,16Q160123321203,,ZZUnitStandard:ZZUnitStandard_id:3628
*,3265,Y,16Q160123321203,,ZZUnitStandard:ZZUnitStandard_id:3629
*,3266,Y,16Q160123321203,,ZZUnitStandard:ZZUnitStandard_id:3630
*,3267,Y,16Q160123321203,,ZZUnitStandard:ZZUnitStandard_id:3631
*,3268,Y,16Q160123321203,,ZZUnitStandard:ZZUnitStandard_id:3632
*,3269,Y,16Q160123321203,,ZZUnitStandard:ZZUnitStandard_id:3633
*,3270,Y,16Q160123321203,,ZZUnitStandard:ZZUnitStandard_id:3634
*,3271,Y,16Q160123321203,,ZZUnitStandard:ZZUnitStandard_id:3635
*,3272,Y,16Q160123321203,,ZZUnitStandard:ZZUnitStandard_id:3636
*,3273,Y,16Q160123321203,,ZZUnitStandard:ZZUnitStandard_id:3637
*,3274,Y,16Q160123321203,,ZZUnitStandard:ZZUnitStandard_id:3638
*,3275,Y,16Q160123321203,,ZZUnitStandard:ZZUnitStandard_id:3639
*,3276,Y,16Q160123321203,,ZZUnitStandard:ZZUnitStandard_id:3640
*,3277,Y,16Q160123321203,,ZZUnitStandard:ZZUnitStandard_id:3641
*,3278,Y,16Q160123321203,,ZZUnitStandard:ZZUnitStandard_id:3642
*,3279,Y,16Q160123321203,,ZZUnitStandard:ZZUnitStandard_id:3643
*,3280,Y,16Q160123321203,,ZZUnitStandard:ZZUnitStandard_id:3644
*,3281,Y,16Q160123321203,,ZZUnitStandard:ZZUnitStandard_id:3645
*,3282,Y,16Q160123321203,,ZZUnitStandard:ZZUnitStandard_id:3646
*,3283,Y,16Q160123321203,,ZZUnitStandard:ZZUnitStandard_id:3647
*,3284,Y,16Q160156311634,,ZZUnitStandard:ZZUnitStandard_id:699
*,3285,Y,16Q160156311634,,ZZUnitStandard:ZZUnitStandard_id:986
*,3286,Y,16Q160156311634,,ZZUnitStandard:ZZUnitStandard_id:1189
*,3287,Y,16Q160156311634,,ZZUnitStandard:ZZUnitStandard_id:1197
*,3288,Y,16Q160156311634,,ZZUnitStandard:ZZUnitStandard_id:1198
*,3289,Y,16Q160156311634,,ZZUnitStandard:ZZUnitStandard_id:2201
*,3290,Y,16Q160156311634,,ZZUnitStandard:ZZUnitStandard_id:2202
*,3291,Y,16Q160156311634,,ZZUnitStandard:ZZUnitStandard_id:2214
*,3292,Y,16Q160156311634,,ZZUnitStandard:ZZUnitStandard_id:2215
*,3293,Y,16Q160156311634,,ZZUnitStandard:ZZUnitStandard_id:2217
*,3294,Y,16Q160156311634,,ZZUnitStandard:ZZUnitStandard_id:2218
*,3295,Y,16Q160156311634,,ZZUnitStandard:ZZUnitStandard_id:2221
*,3296,Y,16Q160156311634,,ZZUnitStandard:ZZUnitStandard_id:2406
*,3297,Y,16Q160156311634,,ZZUnitStandard:ZZUnitStandard_id:3661
*,3298,Y,16Q160156311634,,ZZUnitStandard:ZZUnitStandard_id:3662
*,3299,Y,16Q160156311634,,ZZUnitStandard:ZZUnitStandard_id:3663
*,3300,Y,16Q160156311634,,ZZUnitStandard:ZZUnitStandard_id:3664
*,3301,Y,16Q160156311634,,ZZUnitStandard:ZZUnitStandard_id:3665
*,3302,Y,16Q160156311634,,ZZUnitStandard:ZZUnitStandard_id:3666
*,3303,Y,16Q160156311634,,ZZUnitStandard:ZZUnitStandard_id:3667
*,3304,Y,16Q160156311634,,ZZUnitStandard:ZZUnitStandard_id:3668
*,3305,Y,16Q160156311634,,ZZUnitStandard:ZZUnitStandard_id:3669
*,3306,Y,16Q160156311634,,ZZUnitStandard:ZZUnitStandard_id:3683
*,3307,Y,16Q160156311634,,ZZUnitStandard:ZZUnitStandard_id:3685
*,3308,Y,16Q160156311634,,ZZUnitStandard:ZZUnitStandard_id:3686
*,3309,Y,16Q160156311634,,ZZUnitStandard:ZZUnitStandard_id:3691
*,3310,Y,16Q160156311634,,ZZUnitStandard:ZZUnitStandard_id:3692
*,3311,Y,16Q160156311634,,ZZUnitStandard:ZZUnitStandard_id:3693
*,3312,Y,16Q160156311634,,ZZUnitStandard:ZZUnitStandard_id:3694
*,3313,Y,16Q160156311634,,ZZUnitStandard:ZZUnitStandard_id:3701
*,3314,Y,16Q160156311634,,ZZUnitStandard:ZZUnitStandard_id:3702
*,3315,Y,16Q160122311352,,ZZUnitStandard:ZZUnitStandard_id:1185
*,3316,Y,16Q160122311352,,ZZUnitStandard:ZZUnitStandard_id:1186
*,3317,Y,16Q160122311352,,ZZUnitStandard:ZZUnitStandard_id:1194
*,3318,Y,16Q160122311352,,ZZUnitStandard:ZZUnitStandard_id:1461
*,3319,Y,16Q160122311352,,ZZUnitStandard:ZZUnitStandard_id:1514
*,3320,Y,16Q160122311352,,ZZUnitStandard:ZZUnitStandard_id:1516
*,3321,Y,16Q160122311352,,ZZUnitStandard:ZZUnitStandard_id:1726
*,3322,Y,16Q160122311352,,ZZUnitStandard:ZZUnitStandard_id:1853
*,3323,Y,16Q160122311352,,ZZUnitStandard:ZZUnitStandard_id:1854
*,3324,Y,16Q160122311352,,ZZUnitStandard:ZZUnitStandard_id:2340
*,3325,Y,16Q160122311352,,ZZUnitStandard:ZZUnitStandard_id:2450
*,3326,Y,16Q160122311352,,ZZUnitStandard:ZZUnitStandard_id:2452
*,3327,Y,16Q160122311352,,ZZUnitStandard:ZZUnitStandard_id:2453
*,3328,Y,16Q160122311352,,ZZUnitStandard:ZZUnitStandard_id:2671
*,3329,Y,16Q160122311352,,ZZUnitStandard:ZZUnitStandard_id:2700
*,3330,Y,16Q160122311352,,ZZUnitStandard:ZZUnitStandard_id:3583
*,3331,Y,16Q160122311352,,ZZUnitStandard:ZZUnitStandard_id:3584
*,3332,Y,16Q160122311352,,ZZUnitStandard:ZZUnitStandard_id:3585
*,3333,Y,16Q160122311352,,ZZUnitStandard:ZZUnitStandard_id:3586
*,3334,Y,16Q160122311352,,ZZUnitStandard:ZZUnitStandard_id:3587
*,3335,Y,16Q160122311352,,ZZUnitStandard:ZZUnitStandard_id:3588
*,3336,Y,16Q160122311352,,ZZUnitStandard:ZZUnitStandard_id:3589
*,3337,Y,16Q160122311352,,ZZUnitStandard:ZZUnitStandard_id:3590
*,3338,Y,16Q160122311352,,ZZUnitStandard:ZZUnitStandard_id:3591
*,3339,Y,16Q160122311352,,ZZUnitStandard:ZZUnitStandard_id:3592
*,3340,Y,16Q160122311352,,ZZUnitStandard:ZZUnitStandard_id:3593
*,3341,Y,16Q160122311352,,ZZUnitStandard:ZZUnitStandard_id:3594
*,3342,Y,16Q160122311352,,ZZUnitStandard:ZZUnitStandard_id:3595
*,3343,Y,16Q160122311352,,ZZUnitStandard:ZZUnitStandard_id:3596
*,3344,Y,16Q160122311352,,ZZUnitStandard:ZZUnitStandard_id:3597
*,3345,Y,16Q160122311352,,ZZUnitStandard:ZZUnitStandard_id:3598
*,3346,Y,16Q160122311352,,ZZUnitStandard:ZZUnitStandard_id:3599
*,3347,Y,16Q160122311352,,ZZUnitStandard:ZZUnitStandard_id:3600
*,3348,Y,16Q160122311352,,ZZUnitStandard:ZZUnitStandard_id:3601
*,3349,Y,16Q160122311352,,ZZUnitStandard:ZZUnitStandard_id:3602
*,3350,Y,16Q160122311352,,ZZUnitStandard:ZZUnitStandard_id:3603
*,3351,Y,16Q160122311352,,ZZUnitStandard:ZZUnitStandard_id:3604
*,3352,Y,16Q160122311352,,ZZUnitStandard:ZZUnitStandard_id:3605
*,3353,Y,16Q160122311352,,ZZUnitStandard:ZZUnitStandard_id:3606
*,3354,Y,16Q160122311352,,ZZUnitStandard:ZZUnitStandard_id:3607
*,3355,Y,16Q160122311352,,ZZUnitStandard:ZZUnitStandard_id:3608
*,3356,Y,16Q160122311352,,ZZUnitStandard:ZZUnitStandard_id:3609
*,3357,Y,16Q160122311352,,ZZUnitStandard:ZZUnitStandard_id:3610
*,3358,Y,16Q160122311352,,ZZUnitStandard:ZZUnitStandard_id:3611
*,3359,Y,16Q160151261604,,ZZUnitStandard:ZZUnitStandard_id:699
*,3360,Y,16Q160151261604,,ZZUnitStandard:ZZUnitStandard_id:986
*,3361,Y,16Q160151261604,,ZZUnitStandard:ZZUnitStandard_id:1000
*,3362,Y,16Q160151261604,,ZZUnitStandard:ZZUnitStandard_id:1189
*,3363,Y,16Q160151261604,,ZZUnitStandard:ZZUnitStandard_id:1197
*,3364,Y,16Q160151261604,,ZZUnitStandard:ZZUnitStandard_id:1198
*,3365,Y,16Q160151261604,,ZZUnitStandard:ZZUnitStandard_id:2201
*,3366,Y,16Q160151261604,,ZZUnitStandard:ZZUnitStandard_id:2202
*,3367,Y,16Q160151261604,,ZZUnitStandard:ZZUnitStandard_id:2214
*,3368,Y,16Q160151261604,,ZZUnitStandard:ZZUnitStandard_id:2215
*,3369,Y,16Q160151261604,,ZZUnitStandard:ZZUnitStandard_id:2217
*,3370,Y,16Q160151261604,,ZZUnitStandard:ZZUnitStandard_id:2218
*,3371,Y,16Q160151261604,,ZZUnitStandard:ZZUnitStandard_id:2221
*,3372,Y,16Q160151261604,,ZZUnitStandard:ZZUnitStandard_id:2365
*,3373,Y,16Q160151261604,,ZZUnitStandard:ZZUnitStandard_id:2406
*,3374,Y,16Q160151261604,,ZZUnitStandard:ZZUnitStandard_id:2949
*,3375,Y,16Q160151261604,,ZZUnitStandard:ZZUnitStandard_id:2956
*,3376,Y,16Q160151261604,,ZZUnitStandard:ZZUnitStandard_id:3661
*,3377,Y,16Q160151261604,,ZZUnitStandard:ZZUnitStandard_id:3662
*,3378,Y,16Q160151261604,,ZZUnitStandard:ZZUnitStandard_id:3663
*,3379,Y,16Q160151261604,,ZZUnitStandard:ZZUnitStandard_id:3664
*,3380,Y,16Q160151261604,,ZZUnitStandard:ZZUnitStandard_id:3665
*,3381,Y,16Q160151261604,,ZZUnitStandard:ZZUnitStandard_id:3666
*,3382,Y,16Q160151261604,,ZZUnitStandard:ZZUnitStandard_id:3667
*,3383,Y,16Q160151261604,,ZZUnitStandard:ZZUnitStandard_id:3668
*,3384,Y,16Q160151261604,,ZZUnitStandard:ZZUnitStandard_id:3669
*,3385,Y,16Q160151261604,,ZZUnitStandard:ZZUnitStandard_id:3673
*,3386,Y,16Q160151261604,,ZZUnitStandard:ZZUnitStandard_id:3677
*,3387,Y,16Q160151261604,,ZZUnitStandard:ZZUnitStandard_id:3680
*,3388,Y,16Q160151261604,,ZZUnitStandard:ZZUnitStandard_id:3681
*,3389,Y,16Q160151261604,,ZZUnitStandard:ZZUnitStandard_id:3684
*,3390,Y,16Q160151261604,,ZZUnitStandard:ZZUnitStandard_id:3687
*,3391,Y,16Q160151261604,,ZZUnitStandard:ZZUnitStandard_id:3695
*,3392,Y,16Q160151261604,,ZZUnitStandard:ZZUnitStandard_id:3696
*,3393,Y,16Q160151261604,,ZZUnitStandard:ZZUnitStandard_id:3697
*,3394,Y,16Q160125221625,,ZZUnitStandard:ZZUnitStandard_id:223
*,3395,Y,16Q160125221625,,ZZUnitStandard:ZZUnitStandard_id:224
*,3396,Y,16Q160125221625,,ZZUnitStandard:ZZUnitStandard_id:1754
*,3397,Y,16Q160125221625,,ZZUnitStandard:ZZUnitStandard_id:3387
*,3398,Y,16Q160125221625,,ZZUnitStandard:ZZUnitStandard_id:3388
*,3399,Y,16Q160125221625,,ZZUnitStandard:ZZUnitStandard_id:3389
*,3400,Y,16Q160125221625,,ZZUnitStandard:ZZUnitStandard_id:3390
*,3401,Y,16Q160125221625,,ZZUnitStandard:ZZUnitStandard_id:3391
*,3402,Y,16Q160125221625,,ZZUnitStandard:ZZUnitStandard_id:3392
*,3403,Y,16Q160125221625,,ZZUnitStandard:ZZUnitStandard_id:3393
*,3404,Y,16Q160125221625,,ZZUnitStandard:ZZUnitStandard_id:3397
*,3405,Y,16Q160125221625,,ZZUnitStandard:ZZUnitStandard_id:3398
*,3406,Y,16Q160125221625,,ZZUnitStandard:ZZUnitStandard_id:3399
*,3407,Y,16Q160125221625,,ZZUnitStandard:ZZUnitStandard_id:3400
*,3408,Y,16Q160125221625,,ZZUnitStandard:ZZUnitStandard_id:3401
*,3409,Y,16Q160125221625,,ZZUnitStandard:ZZUnitStandard_id:3405
*,3410,Y,16Q160125221625,,ZZUnitStandard:ZZUnitStandard_id:3562
*,3411,Y,16Q160125221625,,ZZUnitStandard:ZZUnitStandard_id:3563
*,3412,Y,16Q160125221625,,ZZUnitStandard:ZZUnitStandard_id:3564
*,3413,Y,16Q160125221625,,ZZUnitStandard:ZZUnitStandard_id:3565
*,3414,Y,16Q160155391363,,ZZUnitStandard:ZZUnitStandard_id:70
*,3415,Y,16Q160155391363,,ZZUnitStandard:ZZUnitStandard_id:71
*,3416,Y,16Q160155391363,,ZZUnitStandard:ZZUnitStandard_id:656
*,3417,Y,16Q160155391363,,ZZUnitStandard:ZZUnitStandard_id:657
*,3418,Y,16Q160155391363,,ZZUnitStandard:ZZUnitStandard_id:931
*,3419,Y,16Q160155391363,,ZZUnitStandard:ZZUnitStandard_id:932
*,3420,Y,16Q160155391363,,ZZUnitStandard:ZZUnitStandard_id:933
*,3421,Y,16Q160155391363,,ZZUnitStandard:ZZUnitStandard_id:936
*,3422,Y,16Q160155391363,,ZZUnitStandard:ZZUnitStandard_id:937
*,3423,Y,16Q160155391363,,ZZUnitStandard:ZZUnitStandard_id:938
*,3424,Y,16Q160155391363,,ZZUnitStandard:ZZUnitStandard_id:940
*,3425,Y,16Q160155391363,,ZZUnitStandard:ZZUnitStandard_id:944
*,3426,Y,16Q160155391363,,ZZUnitStandard:ZZUnitStandard_id:947
*,3427,Y,16Q160155391363,,ZZUnitStandard:ZZUnitStandard_id:948
*,3428,Y,16Q160155391363,,ZZUnitStandard:ZZUnitStandard_id:950
*,3429,Y,16Q160155391363,,ZZUnitStandard:ZZUnitStandard_id:951
*,3430,Y,16Q160155391363,,ZZUnitStandard:ZZUnitStandard_id:952
*,3431,Y,16Q160155391363,,ZZUnitStandard:ZZUnitStandard_id:953
*,3432,Y,16Q160155391363,,ZZUnitStandard:ZZUnitStandard_id:954
*,3433,Y,16Q160155391363,,ZZUnitStandard:ZZUnitStandard_id:955
*,3434,Y,16Q160155391363,,ZZUnitStandard:ZZUnitStandard_id:956
*,3435,Y,16Q160155391363,,ZZUnitStandard:ZZUnitStandard_id:987
*,3436,Y,16Q160155391363,,ZZUnitStandard:ZZUnitStandard_id:988
*,3437,Y,16Q160155391363,,ZZUnitStandard:ZZUnitStandard_id:1142
*,3438,Y,16Q160155391363,,ZZUnitStandard:ZZUnitStandard_id:1144
*,3439,Y,16Q160155391363,,ZZUnitStandard:ZZUnitStandard_id:1188
*,3440,Y,16Q160155391363,,ZZUnitStandard:ZZUnitStandard_id:1190
*,3441,Y,16Q160155391363,,ZZUnitStandard:ZZUnitStandard_id:1196
*,3442,Y,16Q160155391363,,ZZUnitStandard:ZZUnitStandard_id:1244
*,3443,Y,16Q160155391363,,ZZUnitStandard:ZZUnitStandard_id:1245
*,3444,Y,16Q160155391363,,ZZUnitStandard:ZZUnitStandard_id:1251
*,3445,Y,16Q160155391363,,ZZUnitStandard:ZZUnitStandard_id:1255
*,3446,Y,16Q160155391363,,ZZUnitStandard:ZZUnitStandard_id:1518
*,3447,Y,16Q160155391363,,ZZUnitStandard:ZZUnitStandard_id:1604
*,3448,Y,16Q160155391363,,ZZUnitStandard:ZZUnitStandard_id:1716
*,3449,Y,16Q160155391363,,ZZUnitStandard:ZZUnitStandard_id:1950
*,3450,Y,16Q160155391363,,ZZUnitStandard:ZZUnitStandard_id:2181
*,3451,Y,16Q160155391363,,ZZUnitStandard:ZZUnitStandard_id:2201
*,3452,Y,16Q160155391363,,ZZUnitStandard:ZZUnitStandard_id:2202
*,3453,Y,16Q160155391363,,ZZUnitStandard:ZZUnitStandard_id:2218
*,3454,Y,16Q160155391363,,ZZUnitStandard:ZZUnitStandard_id:2221
*,3455,Y,16Q160155391363,,ZZUnitStandard:ZZUnitStandard_id:2624
*,3456,Y,16Q160155391363,,ZZUnitStandard:ZZUnitStandard_id:2625
*,3457,Y,16Q160155391363,,ZZUnitStandard:ZZUnitStandard_id:2626
*,3458,Y,16Q160155391363,,ZZUnitStandard:ZZUnitStandard_id:2627
*,3459,Y,16Q160155391363,,ZZUnitStandard:ZZUnitStandard_id:2628
*,3460,Y,16Q160155391363,,ZZUnitStandard:ZZUnitStandard_id:2629
*,3461,Y,16Q160155391363,,ZZUnitStandard:ZZUnitStandard_id:2630
*,3462,Y,16Q160155391363,,ZZUnitStandard:ZZUnitStandard_id:2631
*,3463,Y,16Q160154391363,,ZZUnitStandard:ZZUnitStandard_id:70
*,3464,Y,16Q160154391363,,ZZUnitStandard:ZZUnitStandard_id:71
*,3465,Y,16Q160154391363,,ZZUnitStandard:ZZUnitStandard_id:656
*,3466,Y,16Q160154391363,,ZZUnitStandard:ZZUnitStandard_id:657
*,3467,Y,16Q160154391363,,ZZUnitStandard:ZZUnitStandard_id:931
*,3468,Y,16Q160154391363,,ZZUnitStandard:ZZUnitStandard_id:932
*,3469,Y,16Q160154391363,,ZZUnitStandard:ZZUnitStandard_id:933
*,3470,Y,16Q160154391363,,ZZUnitStandard:ZZUnitStandard_id:936
*,3471,Y,16Q160154391363,,ZZUnitStandard:ZZUnitStandard_id:937
*,3472,Y,16Q160154391363,,ZZUnitStandard:ZZUnitStandard_id:938
*,3473,Y,16Q160154391363,,ZZUnitStandard:ZZUnitStandard_id:940
*,3474,Y,16Q160154391363,,ZZUnitStandard:ZZUnitStandard_id:944
*,3475,Y,16Q160154391363,,ZZUnitStandard:ZZUnitStandard_id:947
*,3476,Y,16Q160154391363,,ZZUnitStandard:ZZUnitStandard_id:948
*,3477,Y,16Q160154391363,,ZZUnitStandard:ZZUnitStandard_id:950
*,3478,Y,16Q160154391363,,ZZUnitStandard:ZZUnitStandard_id:951
*,3479,Y,16Q160154391363,,ZZUnitStandard:ZZUnitStandard_id:952
*,3480,Y,16Q160154391363,,ZZUnitStandard:ZZUnitStandard_id:953
*,3481,Y,16Q160154391363,,ZZUnitStandard:ZZUnitStandard_id:954
*,3482,Y,16Q160154391363,,ZZUnitStandard:ZZUnitStandard_id:955
*,3483,Y,16Q160154391363,,ZZUnitStandard:ZZUnitStandard_id:956
*,3484,Y,16Q160154391363,,ZZUnitStandard:ZZUnitStandard_id:987
*,3485,Y,16Q160154391363,,ZZUnitStandard:ZZUnitStandard_id:988
*,3486,Y,16Q160154391363,,ZZUnitStandard:ZZUnitStandard_id:1142
*,3487,Y,16Q160154391363,,ZZUnitStandard:ZZUnitStandard_id:1144
*,3488,Y,16Q160154391363,,ZZUnitStandard:ZZUnitStandard_id:1188
*,3489,Y,16Q160154391363,,ZZUnitStandard:ZZUnitStandard_id:1190
*,3490,Y,16Q160154391363,,ZZUnitStandard:ZZUnitStandard_id:1196
*,3491,Y,16Q160154391363,,ZZUnitStandard:ZZUnitStandard_id:1244
*,3492,Y,16Q160154391363,,ZZUnitStandard:ZZUnitStandard_id:1245
*,3493,Y,16Q160154391363,,ZZUnitStandard:ZZUnitStandard_id:1251
*,3494,Y,16Q160154391363,,ZZUnitStandard:ZZUnitStandard_id:1255
*,3495,Y,16Q160154391363,,ZZUnitStandard:ZZUnitStandard_id:1518
*,3496,Y,16Q160154391363,,ZZUnitStandard:ZZUnitStandard_id:1604
*,3497,Y,16Q160154391363,,ZZUnitStandard:ZZUnitStandard_id:1716
*,3498,Y,16Q160154391363,,ZZUnitStandard:ZZUnitStandard_id:1950
*,3499,Y,16Q160154391363,,ZZUnitStandard:ZZUnitStandard_id:2181
*,3500,Y,16Q160154391363,,ZZUnitStandard:ZZUnitStandard_id:2201
*,3501,Y,16Q160154391363,,ZZUnitStandard:ZZUnitStandard_id:2202
*,3502,Y,16Q160154391363,,ZZUnitStandard:ZZUnitStandard_id:2218
*,3503,Y,16Q160154391363,,ZZUnitStandard:ZZUnitStandard_id:2221
*,3504,Y,16Q160154391363,,ZZUnitStandard:ZZUnitStandard_id:2624
*,3505,Y,16Q160154391363,,ZZUnitStandard:ZZUnitStandard_id:2625
*,3506,Y,16Q160154391363,,ZZUnitStandard:ZZUnitStandard_id:2626
*,3507,Y,16Q160154391363,,ZZUnitStandard:ZZUnitStandard_id:2627
*,3508,Y,16Q160154391363,,ZZUnitStandard:ZZUnitStandard_id:2628
*,3509,Y,16Q160154391363,,ZZUnitStandard:ZZUnitStandard_id:2629
*,3510,Y,16Q160154391363,,ZZUnitStandard:ZZUnitStandard_id:2630
*,3511,Y,16Q160154391363,,ZZUnitStandard:ZZUnitStandard_id:2631
*,3512,Y,16Q160152291292,,ZZUnitStandard:ZZUnitStandard_id:110
*,3513,Y,16Q160152291292,,ZZUnitStandard:ZZUnitStandard_id:117
*,3514,Y,16Q160152291292,,ZZUnitStandard:ZZUnitStandard_id:375
*,3515,Y,16Q160152291292,,ZZUnitStandard:ZZUnitStandard_id:376
*,3516,Y,16Q160152291292,,ZZUnitStandard:ZZUnitStandard_id:377
*,3517,Y,16Q160152291292,,ZZUnitStandard:ZZUnitStandard_id:378
*,3518,Y,16Q160152291292,,ZZUnitStandard:ZZUnitStandard_id:379
*,3519,Y,16Q160152291292,,ZZUnitStandard:ZZUnitStandard_id:380
*,3520,Y,16Q160152291292,,ZZUnitStandard:ZZUnitStandard_id:381
*,3521,Y,16Q160152291292,,ZZUnitStandard:ZZUnitStandard_id:382
*,3522,Y,16Q160152291292,,ZZUnitStandard:ZZUnitStandard_id:394
*,3523,Y,16Q160152291292,,ZZUnitStandard:ZZUnitStandard_id:396
*,3524,Y,16Q160152291292,,ZZUnitStandard:ZZUnitStandard_id:399
*,3525,Y,16Q160152291292,,ZZUnitStandard:ZZUnitStandard_id:407
*,3526,Y,16Q160152291292,,ZZUnitStandard:ZZUnitStandard_id:411
*,3527,Y,16Q160152291292,,ZZUnitStandard:ZZUnitStandard_id:472
*,3528,Y,16Q160152291292,,ZZUnitStandard:ZZUnitStandard_id:473
*,3529,Y,16Q160152291292,,ZZUnitStandard:ZZUnitStandard_id:521
*,3530,Y,16Q160152291292,,ZZUnitStandard:ZZUnitStandard_id:522
*,3531,Y,16Q160152291292,,ZZUnitStandard:ZZUnitStandard_id:529
*,3532,Y,16Q160152291292,,ZZUnitStandard:ZZUnitStandard_id:530
*,3533,Y,16Q160152291292,,ZZUnitStandard:ZZUnitStandard_id:531
*,3534,Y,16Q160152291292,,ZZUnitStandard:ZZUnitStandard_id:606
*,3535,Y,16Q160152291292,,ZZUnitStandard:ZZUnitStandard_id:616
*,3536,Y,16Q160152291292,,ZZUnitStandard:ZZUnitStandard_id:618
*,3537,Y,16Q160152291292,,ZZUnitStandard:ZZUnitStandard_id:643
*,3538,Y,16Q160152291292,,ZZUnitStandard:ZZUnitStandard_id:770
*,3539,Y,16Q160152291292,,ZZUnitStandard:ZZUnitStandard_id:930
*,3540,Y,16Q160152291292,,ZZUnitStandard:ZZUnitStandard_id:985
*,3541,Y,16Q160152291292,,ZZUnitStandard:ZZUnitStandard_id:1024
*,3542,Y,16Q160152291292,,ZZUnitStandard:ZZUnitStandard_id:1025
*,3543,Y,16Q160152291292,,ZZUnitStandard:ZZUnitStandard_id:1029
*,3544,Y,16Q160152291292,,ZZUnitStandard:ZZUnitStandard_id:1034
*,3545,Y,16Q160152291292,,ZZUnitStandard:ZZUnitStandard_id:1043
*,3546,Y,16Q160152291292,,ZZUnitStandard:ZZUnitStandard_id:1049
*,3547,Y,16Q160152291292,,ZZUnitStandard:ZZUnitStandard_id:1185
*,3548,Y,16Q160152291292,,ZZUnitStandard:ZZUnitStandard_id:1186
*,3549,Y,16Q160152291292,,ZZUnitStandard:ZZUnitStandard_id:1194
*,3550,Y,16Q160152291292,,ZZUnitStandard:ZZUnitStandard_id:1229
*,3551,Y,16Q160152291292,,ZZUnitStandard:ZZUnitStandard_id:1233
*,3552,Y,16Q160152291292,,ZZUnitStandard:ZZUnitStandard_id:1234
*,3553,Y,16Q160152291292,,ZZUnitStandard:ZZUnitStandard_id:1514
*,3554,Y,16Q160152291292,,ZZUnitStandard:ZZUnitStandard_id:1516
*,3555,Y,16Q160152291292,,ZZUnitStandard:ZZUnitStandard_id:1726
*,3556,Y,16Q160152291292,,ZZUnitStandard:ZZUnitStandard_id:2340
*,3557,Y,16Q160152291292,,ZZUnitStandard:ZZUnitStandard_id:2353
*,3558,Y,16Q160152291292,,ZZUnitStandard:ZZUnitStandard_id:2354
*,3559,Y,16Q160152291292,,ZZUnitStandard:ZZUnitStandard_id:2355
*,3560,Y,16Q160152291292,,ZZUnitStandard:ZZUnitStandard_id:2356
*,3561,Y,16Q160152291292,,ZZUnitStandard:ZZUnitStandard_id:2357
*,3562,Y,16Q160152291292,,ZZUnitStandard:ZZUnitStandard_id:2358
*,3563,Y,16Q160152291292,,ZZUnitStandard:ZZUnitStandard_id:2359
*,3564,Y,16Q160152291292,,ZZUnitStandard:ZZUnitStandard_id:2360
*,3565,Y,16Q160152291292,,ZZUnitStandard:ZZUnitStandard_id:2361
*,3566,Y,16Q160152291292,,ZZUnitStandard:ZZUnitStandard_id:2450
*,3567,Y,16Q160152291292,,ZZUnitStandard:ZZUnitStandard_id:2452
*,3568,Y,16Q160152291292,,ZZUnitStandard:ZZUnitStandard_id:2453
*,3569,Y,16Q160152291292,,ZZUnitStandard:ZZUnitStandard_id:2533
*,3570,Y,16Q160152291292,,ZZUnitStandard:ZZUnitStandard_id:2534
*,3571,Y,16Q160152291292,,ZZUnitStandard:ZZUnitStandard_id:2535
*,3572,Y,16Q160152291292,,ZZUnitStandard:ZZUnitStandard_id:2536
*,3573,Y,16Q160152291292,,ZZUnitStandard:ZZUnitStandard_id:2537
*,3574,Y,16Q160152291292,,ZZUnitStandard:ZZUnitStandard_id:2538
*,3575,Y,16Q160152291292,,ZZUnitStandard:ZZUnitStandard_id:2539
*,3576,Y,16Q160152291292,,ZZUnitStandard:ZZUnitStandard_id:2540
*,3577,Y,16Q160152291292,,ZZUnitStandard:ZZUnitStandard_id:2541
*,3578,Y,16Q160152291292,,ZZUnitStandard:ZZUnitStandard_id:2542
*,3579,Y,16Q160152291292,,ZZUnitStandard:ZZUnitStandard_id:2543
*,3580,Y,16Q160152291292,,ZZUnitStandard:ZZUnitStandard_id:2544
*,3581,Y,16Q160152291292,,ZZUnitStandard:ZZUnitStandard_id:2545
*,3582,Y,16Q160152291292,,ZZUnitStandard:ZZUnitStandard_id:2546
*,3583,Y,16Q160152291292,,ZZUnitStandard:ZZUnitStandard_id:2547
*,3584,Y,16Q160152291292,,ZZUnitStandard:ZZUnitStandard_id:2548
*,3585,Y,16Q160152291292,,ZZUnitStandard:ZZUnitStandard_id:2549
*,3586,Y,16Q160152291292,,ZZUnitStandard:ZZUnitStandard_id:2550
*,3587,Y,16Q160152291292,,ZZUnitStandard:ZZUnitStandard_id:2551
*,3588,Y,16Q160152291292,,ZZUnitStandard:ZZUnitStandard_id:2552
*,3589,Y,16Q160152291292,,ZZUnitStandard:ZZUnitStandard_id:2553
*,3590,Y,16Q160152291292,,ZZUnitStandard:ZZUnitStandard_id:2554
*,3591,Y,16Q160152291292,,ZZUnitStandard:ZZUnitStandard_id:2555
*,3592,Y,16Q160152291292,,ZZUnitStandard:ZZUnitStandard_id:2570
*,3593,Y,16Q160152291292,,ZZUnitStandard:ZZUnitStandard_id:2571
*,3594,Y,16Q160152291292,,ZZUnitStandard:ZZUnitStandard_id:2572
*,3595,Y,16Q160152291292,,ZZUnitStandard:ZZUnitStandard_id:2573
*,3596,Y,16Q160152291292,,ZZUnitStandard:ZZUnitStandard_id:2574
*,3597,Y,16Q160152291292,,ZZUnitStandard:ZZUnitStandard_id:2575
*,3598,Y,16Q160152291292,,ZZUnitStandard:ZZUnitStandard_id:2576
*,3599,Y,16Q160152291292,,ZZUnitStandard:ZZUnitStandard_id:2633
*,3600,Y,16Q160152291292,,ZZUnitStandard:ZZUnitStandard_id:2634
*,3601,Y,16Q160152291292,,ZZUnitStandard:ZZUnitStandard_id:3407
*,3602,Y,16Q160148401654,,ZZUnitStandard:ZZUnitStandard_id:942
*,3603,Y,16Q160148401654,,ZZUnitStandard:ZZUnitStandard_id:943
*,3604,Y,16Q160148401654,,ZZUnitStandard:ZZUnitStandard_id:957
*,3605,Y,16Q160148401654,,ZZUnitStandard:ZZUnitStandard_id:987
*,3606,Y,16Q160148401654,,ZZUnitStandard:ZZUnitStandard_id:1189
*,3607,Y,16Q160148401654,,ZZUnitStandard:ZZUnitStandard_id:1197
*,3608,Y,16Q160148401654,,ZZUnitStandard:ZZUnitStandard_id:1198
*,3609,Y,16Q160148401654,,ZZUnitStandard:ZZUnitStandard_id:1337
*,3610,Y,16Q160148401654,,ZZUnitStandard:ZZUnitStandard_id:1947
*,3611,Y,16Q160148401654,,ZZUnitStandard:ZZUnitStandard_id:1948
*,3612,Y,16Q160148401654,,ZZUnitStandard:ZZUnitStandard_id:2158
*,3613,Y,16Q160148401654,,ZZUnitStandard:ZZUnitStandard_id:2201
*,3614,Y,16Q160148401654,,ZZUnitStandard:ZZUnitStandard_id:2202
*,3615,Y,16Q160148401654,,ZZUnitStandard:ZZUnitStandard_id:2214
*,3616,Y,16Q160148401654,,ZZUnitStandard:ZZUnitStandard_id:2215
*,3617,Y,16Q160148401654,,ZZUnitStandard:ZZUnitStandard_id:2217
*,3618,Y,16Q160148401654,,ZZUnitStandard:ZZUnitStandard_id:2218
*,3619,Y,16Q160148401654,,ZZUnitStandard:ZZUnitStandard_id:2221
*,3620,Y,16Q160148401654,,ZZUnitStandard:ZZUnitStandard_id:2406
*,3621,Y,16Q160148401654,,ZZUnitStandard:ZZUnitStandard_id:2791
*,3622,Y,16Q160148401654,,ZZUnitStandard:ZZUnitStandard_id:2792
*,3623,Y,16Q160148401654,,ZZUnitStandard:ZZUnitStandard_id:2793
*,3624,Y,16Q160148401654,,ZZUnitStandard:ZZUnitStandard_id:2794
*,3625,Y,16Q160148401654,,ZZUnitStandard:ZZUnitStandard_id:2795
*,3626,Y,16Q160148401654,,ZZUnitStandard:ZZUnitStandard_id:2796
*,3627,Y,16Q160148401654,,ZZUnitStandard:ZZUnitStandard_id:2797
*,3628,Y,16Q160148401654,,ZZUnitStandard:ZZUnitStandard_id:2798
*,3629,Y,16Q160148401654,,ZZUnitStandard:ZZUnitStandard_id:2799
*,3630,Y,16Q160148401654,,ZZUnitStandard:ZZUnitStandard_id:2800
*,3631,Y,16Q160148401654,,ZZUnitStandard:ZZUnitStandard_id:2801
*,3632,Y,16Q160148401654,,ZZUnitStandard:ZZUnitStandard_id:2802
*,3633,Y,16Q160148401654,,ZZUnitStandard:ZZUnitStandard_id:2803
*,3634,Y,16Q160148401654,,ZZUnitStandard:ZZUnitStandard_id:2804
*,3635,Y,16Q160148401654,,ZZUnitStandard:ZZUnitStandard_id:2805
*,3636,Y,16Q160148401654,,ZZUnitStandard:ZZUnitStandard_id:2806
*,3637,Y,16Q160148401654,,ZZUnitStandard:ZZUnitStandard_id:2807
*,3638,Y,16Q160148401654,,ZZUnitStandard:ZZUnitStandard_id:2808
*,3639,Y,16Q160148401654,,ZZUnitStandard:ZZUnitStandard_id:2809
*,3640,Y,16Q160148401654,,ZZUnitStandard:ZZUnitStandard_id:2810
*,3641,Y,16Q160148401654,,ZZUnitStandard:ZZUnitStandard_id:2811
*,3642,Y,16Q160148401654,,ZZUnitStandard:ZZUnitStandard_id:2812
*,3643,Y,16Q160148401654,,ZZUnitStandard:ZZUnitStandard_id:2813
*,3644,Y,16Q160148401654,,ZZUnitStandard:ZZUnitStandard_id:2814
*,3645,Y,16Q160148401654,,ZZUnitStandard:ZZUnitStandard_id:2815
*,3646,Y,16Q160148401654,,ZZUnitStandard:ZZUnitStandard_id:2816
*,3647,Y,16Q160148401654,,ZZUnitStandard:ZZUnitStandard_id:2817
*,3648,Y,16Q160148401654,,ZZUnitStandard:ZZUnitStandard_id:2818
*,3649,Y,16Q160148401654,,ZZUnitStandard:ZZUnitStandard_id:2819
*,3650,Y,16Q160148401654,,ZZUnitStandard:ZZUnitStandard_id:2820
*,3651,Y,16Q160148401654,,ZZUnitStandard:ZZUnitStandard_id:2821
*,3652,Y,16Q160148401654,,ZZUnitStandard:ZZUnitStandard_id:2822
*,3653,Y,16Q160148401654,,ZZUnitStandard:ZZUnitStandard_id:2823
*,3654,Y,16Q160148401654,,ZZUnitStandard:ZZUnitStandard_id:2824
*,3655,Y,16Q160148401654,,ZZUnitStandard:ZZUnitStandard_id:2825
*,3656,Y,16Q160148401654,,ZZUnitStandard:ZZUnitStandard_id:2826
*,3657,Y,16Q160148401654,,ZZUnitStandard:ZZUnitStandard_id:2827
*,3658,Y,16Q160148401654,,ZZUnitStandard:ZZUnitStandard_id:2828
*,3659,Y,16Q160148401654,,ZZUnitStandard:ZZUnitStandard_id:2829
*,3660,Y,16Q160148401654,,ZZUnitStandard:ZZUnitStandard_id:2830
*,3661,Y,16Q160148401654,,ZZUnitStandard:ZZUnitStandard_id:2831
*,3662,Y,16Q160148401654,,ZZUnitStandard:ZZUnitStandard_id:2832
*,3663,Y,16Q160148401654,,ZZUnitStandard:ZZUnitStandard_id:2833
*,3664,Y,16Q160148401654,,ZZUnitStandard:ZZUnitStandard_id:2834
*,3665,Y,16Q160148401654,,ZZUnitStandard:ZZUnitStandard_id:2835
*,3666,Y,16Q160148401654,,ZZUnitStandard:ZZUnitStandard_id:2836
*,3667,Y,16Q160148401654,,ZZUnitStandard:ZZUnitStandard_id:2837
*,3668,Y,16Q160148401654,,ZZUnitStandard:ZZUnitStandard_id:2838
*,3669,Y,16Q160148401654,,ZZUnitStandard:ZZUnitStandard_id:2839
*,3670,Y,16Q160096591292,,ZZUnitStandard:ZZUnitStandard_id:110
*,3671,Y,16Q160096591292,,ZZUnitStandard:ZZUnitStandard_id:117
*,3672,Y,16Q160096591292,,ZZUnitStandard:ZZUnitStandard_id:130
*,3673,Y,16Q160096591292,,ZZUnitStandard:ZZUnitStandard_id:375
*,3674,Y,16Q160096591292,,ZZUnitStandard:ZZUnitStandard_id:376
*,3675,Y,16Q160096591292,,ZZUnitStandard:ZZUnitStandard_id:377
*,3676,Y,16Q160096591292,,ZZUnitStandard:ZZUnitStandard_id:378
*,3677,Y,16Q160096591292,,ZZUnitStandard:ZZUnitStandard_id:379
*,3678,Y,16Q160096591292,,ZZUnitStandard:ZZUnitStandard_id:380
*,3679,Y,16Q160096591292,,ZZUnitStandard:ZZUnitStandard_id:381
*,3680,Y,16Q160096591292,,ZZUnitStandard:ZZUnitStandard_id:382
*,3681,Y,16Q160096591292,,ZZUnitStandard:ZZUnitStandard_id:394
*,3682,Y,16Q160096591292,,ZZUnitStandard:ZZUnitStandard_id:396
*,3683,Y,16Q160096591292,,ZZUnitStandard:ZZUnitStandard_id:399
*,3684,Y,16Q160096591292,,ZZUnitStandard:ZZUnitStandard_id:407
*,3685,Y,16Q160096591292,,ZZUnitStandard:ZZUnitStandard_id:411
*,3686,Y,16Q160096591292,,ZZUnitStandard:ZZUnitStandard_id:472
*,3687,Y,16Q160096591292,,ZZUnitStandard:ZZUnitStandard_id:473
*,3688,Y,16Q160096591292,,ZZUnitStandard:ZZUnitStandard_id:521
*,3689,Y,16Q160096591292,,ZZUnitStandard:ZZUnitStandard_id:522
*,3690,Y,16Q160096591292,,ZZUnitStandard:ZZUnitStandard_id:529
*,3691,Y,16Q160096591292,,ZZUnitStandard:ZZUnitStandard_id:530
*,3692,Y,16Q160096591292,,ZZUnitStandard:ZZUnitStandard_id:531
*,3693,Y,16Q160096591292,,ZZUnitStandard:ZZUnitStandard_id:606
*,3694,Y,16Q160096591292,,ZZUnitStandard:ZZUnitStandard_id:616
*,3695,Y,16Q160096591292,,ZZUnitStandard:ZZUnitStandard_id:618
*,3696,Y,16Q160096591292,,ZZUnitStandard:ZZUnitStandard_id:643
*,3697,Y,16Q160096591292,,ZZUnitStandard:ZZUnitStandard_id:770
*,3698,Y,16Q160096591292,,ZZUnitStandard:ZZUnitStandard_id:930
*,3699,Y,16Q160096591292,,ZZUnitStandard:ZZUnitStandard_id:985
*,3700,Y,16Q160096591292,,ZZUnitStandard:ZZUnitStandard_id:1024
*,3701,Y,16Q160096591292,,ZZUnitStandard:ZZUnitStandard_id:1025
*,3702,Y,16Q160096591292,,ZZUnitStandard:ZZUnitStandard_id:1029
*,3703,Y,16Q160096591292,,ZZUnitStandard:ZZUnitStandard_id:1034
*,3704,Y,16Q160096591292,,ZZUnitStandard:ZZUnitStandard_id:1043
*,3705,Y,16Q160096591292,,ZZUnitStandard:ZZUnitStandard_id:1049
*,3706,Y,16Q160096591292,,ZZUnitStandard:ZZUnitStandard_id:1185
*,3707,Y,16Q160096591292,,ZZUnitStandard:ZZUnitStandard_id:1186
*,3708,Y,16Q160096591292,,ZZUnitStandard:ZZUnitStandard_id:1194
*,3709,Y,16Q160096591292,,ZZUnitStandard:ZZUnitStandard_id:1229
*,3710,Y,16Q160096591292,,ZZUnitStandard:ZZUnitStandard_id:1233
*,3711,Y,16Q160096591292,,ZZUnitStandard:ZZUnitStandard_id:1234
*,3712,Y,16Q160096591292,,ZZUnitStandard:ZZUnitStandard_id:1514
*,3713,Y,16Q160096591292,,ZZUnitStandard:ZZUnitStandard_id:1516
*,3714,Y,16Q160096591292,,ZZUnitStandard:ZZUnitStandard_id:1726
*,3715,Y,16Q160096591292,,ZZUnitStandard:ZZUnitStandard_id:2340
*,3716,Y,16Q160096591292,,ZZUnitStandard:ZZUnitStandard_id:2353
*,3717,Y,16Q160096591292,,ZZUnitStandard:ZZUnitStandard_id:2354
*,3718,Y,16Q160096591292,,ZZUnitStandard:ZZUnitStandard_id:2355
*,3719,Y,16Q160096591292,,ZZUnitStandard:ZZUnitStandard_id:2356
*,3720,Y,16Q160096591292,,ZZUnitStandard:ZZUnitStandard_id:2357
*,3721,Y,16Q160096591292,,ZZUnitStandard:ZZUnitStandard_id:2358
*,3722,Y,16Q160096591292,,ZZUnitStandard:ZZUnitStandard_id:2359
*,3723,Y,16Q160096591292,,ZZUnitStandard:ZZUnitStandard_id:2360
*,3724,Y,16Q160096591292,,ZZUnitStandard:ZZUnitStandard_id:2361
*,3725,Y,16Q160096591292,,ZZUnitStandard:ZZUnitStandard_id:2450
*,3726,Y,16Q160096591292,,ZZUnitStandard:ZZUnitStandard_id:2452
*,3727,Y,16Q160096591292,,ZZUnitStandard:ZZUnitStandard_id:2453
*,3728,Y,16Q160096591292,,ZZUnitStandard:ZZUnitStandard_id:2533
*,3729,Y,16Q160096591292,,ZZUnitStandard:ZZUnitStandard_id:2534
*,3730,Y,16Q160096591292,,ZZUnitStandard:ZZUnitStandard_id:2535
*,3731,Y,16Q160096591292,,ZZUnitStandard:ZZUnitStandard_id:2536
*,3732,Y,16Q160096591292,,ZZUnitStandard:ZZUnitStandard_id:2537
*,3733,Y,16Q160096591292,,ZZUnitStandard:ZZUnitStandard_id:2538
*,3734,Y,16Q160096591292,,ZZUnitStandard:ZZUnitStandard_id:2539
*,3735,Y,16Q160096591292,,ZZUnitStandard:ZZUnitStandard_id:2540
*,3736,Y,16Q160096591292,,ZZUnitStandard:ZZUnitStandard_id:2541
*,3737,Y,16Q160096591292,,ZZUnitStandard:ZZUnitStandard_id:2542
*,3738,Y,16Q160096591292,,ZZUnitStandard:ZZUnitStandard_id:2543
*,3739,Y,16Q160096591292,,ZZUnitStandard:ZZUnitStandard_id:2544
*,3740,Y,16Q160096591292,,ZZUnitStandard:ZZUnitStandard_id:2545
*,3741,Y,16Q160096591292,,ZZUnitStandard:ZZUnitStandard_id:2546
*,3742,Y,16Q160096591292,,ZZUnitStandard:ZZUnitStandard_id:2547
*,3743,Y,16Q160096591292,,ZZUnitStandard:ZZUnitStandard_id:2548
*,3744,Y,16Q160096591292,,ZZUnitStandard:ZZUnitStandard_id:2549
*,3745,Y,16Q160096591292,,ZZUnitStandard:ZZUnitStandard_id:2550
*,3746,Y,16Q160096591292,,ZZUnitStandard:ZZUnitStandard_id:2551
*,3747,Y,16Q160096591292,,ZZUnitStandard:ZZUnitStandard_id:2552
*,3748,Y,16Q160096591292,,ZZUnitStandard:ZZUnitStandard_id:2553
*,3749,Y,16Q160096591292,,ZZUnitStandard:ZZUnitStandard_id:2554
*,3750,Y,16Q160096591292,,ZZUnitStandard:ZZUnitStandard_id:2555
*,3751,Y,16Q160096591292,,ZZUnitStandard:ZZUnitStandard_id:2570
*,3752,Y,16Q160096591292,,ZZUnitStandard:ZZUnitStandard_id:2571
*,3753,Y,16Q160096591292,,ZZUnitStandard:ZZUnitStandard_id:2572
*,3754,Y,16Q160096591292,,ZZUnitStandard:ZZUnitStandard_id:2573
*,3755,Y,16Q160096591292,,ZZUnitStandard:ZZUnitStandard_id:2574
*,3756,Y,16Q160096591292,,ZZUnitStandard:ZZUnitStandard_id:2575
*,3757,Y,16Q160096591292,,ZZUnitStandard:ZZUnitStandard_id:2576
*,3758,Y,16Q160096591292,,ZZUnitStandard:ZZUnitStandard_id:2633
*,3759,Y,16Q160096591292,,ZZUnitStandard:ZZUnitStandard_id:2634
*,3760,Y,16Q160096591292,,ZZUnitStandard:ZZUnitStandard_id:2636
*,3761,Y,16Q160096591292,,ZZUnitStandard:ZZUnitStandard_id:3357
*,3762,Y,16Q160096591292,,ZZUnitStandard:ZZUnitStandard_id:3367
*,3763,Y,16Q160096591292,,ZZUnitStandard:ZZUnitStandard_id:3407
*,3764,Y,16Q160096591292,,ZZUnitStandard:ZZUnitStandard_id:3517
*,3765,Y,16Q160096591292,,ZZUnitStandard:ZZUnitStandard_id:3524
*,3766,Y,16Q160142361252,,ZZUnitStandard:ZZUnitStandard_id:1
*,3767,Y,16Q160142361252,,ZZUnitStandard:ZZUnitStandard_id:2
*,3768,Y,16Q160142361252,,ZZUnitStandard:ZZUnitStandard_id:3
*,3769,Y,16Q160142361252,,ZZUnitStandard:ZZUnitStandard_id:5
*,3770,Y,16Q160142361252,,ZZUnitStandard:ZZUnitStandard_id:961
*,3771,Y,16Q160142361252,,ZZUnitStandard:ZZUnitStandard_id:962
*,3772,Y,16Q160142361252,,ZZUnitStandard:ZZUnitStandard_id:985
*,3773,Y,16Q160142361252,,ZZUnitStandard:ZZUnitStandard_id:1120
*,3774,Y,16Q160142361252,,ZZUnitStandard:ZZUnitStandard_id:1185
*,3775,Y,16Q160142361252,,ZZUnitStandard:ZZUnitStandard_id:1186
*,3776,Y,16Q160142361252,,ZZUnitStandard:ZZUnitStandard_id:1194
*,3777,Y,16Q160142361252,,ZZUnitStandard:ZZUnitStandard_id:1418
*,3778,Y,16Q160142361252,,ZZUnitStandard:ZZUnitStandard_id:1514
*,3779,Y,16Q160142361252,,ZZUnitStandard:ZZUnitStandard_id:1516
*,3780,Y,16Q160142361252,,ZZUnitStandard:ZZUnitStandard_id:2047
*,3781,Y,16Q160142361252,,ZZUnitStandard:ZZUnitStandard_id:2220
*,3782,Y,16Q160142361252,,ZZUnitStandard:ZZUnitStandard_id:2340
*,3783,Y,16Q160142361252,,ZZUnitStandard:ZZUnitStandard_id:2450
*,3784,Y,16Q160142361252,,ZZUnitStandard:ZZUnitStandard_id:2452
*,3785,Y,16Q160142361252,,ZZUnitStandard:ZZUnitStandard_id:2453
*,3786,Y,16Q160142361252,,ZZUnitStandard:ZZUnitStandard_id:2727
*,3787,Y,16Q160142361252,,ZZUnitStandard:ZZUnitStandard_id:2728
*,3788,Y,16Q160142361252,,ZZUnitStandard:ZZUnitStandard_id:2729
*,3789,Y,16Q160142361252,,ZZUnitStandard:ZZUnitStandard_id:2730
*,3790,Y,16Q160142361252,,ZZUnitStandard:ZZUnitStandard_id:2731
*,3791,Y,16Q160142361252,,ZZUnitStandard:ZZUnitStandard_id:2732
*,3792,Y,16Q160142361252,,ZZUnitStandard:ZZUnitStandard_id:2733
*,3793,Y,16Q160142361252,,ZZUnitStandard:ZZUnitStandard_id:2734
*,3794,Y,16Q160142361252,,ZZUnitStandard:ZZUnitStandard_id:2735
*,3795,Y,16Q160142361252,,ZZUnitStandard:ZZUnitStandard_id:2736
*,3796,Y,16Q160142361252,,ZZUnitStandard:ZZUnitStandard_id:2737
*,3797,Y,16Q160142361252,,ZZUnitStandard:ZZUnitStandard_id:2738
*,3798,Y,16Q160142361252,,ZZUnitStandard:ZZUnitStandard_id:2739
*,3799,Y,16Q160142361252,,ZZUnitStandard:ZZUnitStandard_id:2740
*,3800,Y,16Q160142361252,,ZZUnitStandard:ZZUnitStandard_id:2741
*,3801,Y,16Q160142361252,,ZZUnitStandard:ZZUnitStandard_id:2742
*,3802,Y,16Q160142361252,,ZZUnitStandard:ZZUnitStandard_id:2743
*,3803,Y,16Q160142361252,,ZZUnitStandard:ZZUnitStandard_id:2744
*,3804,Y,16Q160142361252,,ZZUnitStandard:ZZUnitStandard_id:2745
*,3805,Y,16Q160142361252,,ZZUnitStandard:ZZUnitStandard_id:2746
*,3806,Y,16Q160142361252,,ZZUnitStandard:ZZUnitStandard_id:2747
*,3807,Y,16Q160142361252,,ZZUnitStandard:ZZUnitStandard_id:2748
*,3808,Y,16Q160142361252,,ZZUnitStandard:ZZUnitStandard_id:2749
*,3809,Y,16Q160142361252,,ZZUnitStandard:ZZUnitStandard_id:2750
*,3810,Y,16Q160142361252,,ZZUnitStandard:ZZUnitStandard_id:2751
*,3811,Y,16Q160118321252,,ZZUnitStandard:ZZUnitStandard_id:1
*,3812,Y,16Q160118321252,,ZZUnitStandard:ZZUnitStandard_id:2
*,3813,Y,16Q160118321252,,ZZUnitStandard:ZZUnitStandard_id:3
*,3814,Y,16Q160118321252,,ZZUnitStandard:ZZUnitStandard_id:5
*,3815,Y,16Q160118321252,,ZZUnitStandard:ZZUnitStandard_id:961
*,3816,Y,16Q160118321252,,ZZUnitStandard:ZZUnitStandard_id:962
*,3817,Y,16Q160118321252,,ZZUnitStandard:ZZUnitStandard_id:985
*,3818,Y,16Q160118321252,,ZZUnitStandard:ZZUnitStandard_id:1120
*,3819,Y,16Q160118321252,,ZZUnitStandard:ZZUnitStandard_id:1185
*,3820,Y,16Q160118321252,,ZZUnitStandard:ZZUnitStandard_id:1186
*,3821,Y,16Q160118321252,,ZZUnitStandard:ZZUnitStandard_id:1194
*,3822,Y,16Q160118321252,,ZZUnitStandard:ZZUnitStandard_id:1418
*,3823,Y,16Q160118321252,,ZZUnitStandard:ZZUnitStandard_id:1514
*,3824,Y,16Q160118321252,,ZZUnitStandard:ZZUnitStandard_id:1516
*,3825,Y,16Q160118321252,,ZZUnitStandard:ZZUnitStandard_id:2047
*,3826,Y,16Q160118321252,,ZZUnitStandard:ZZUnitStandard_id:2220
*,3827,Y,16Q160118321252,,ZZUnitStandard:ZZUnitStandard_id:2340
*,3828,Y,16Q160118321252,,ZZUnitStandard:ZZUnitStandard_id:2450
*,3829,Y,16Q160118321252,,ZZUnitStandard:ZZUnitStandard_id:2452
*,3830,Y,16Q160118321252,,ZZUnitStandard:ZZUnitStandard_id:2453
*,3831,Y,16Q160118321252,,ZZUnitStandard:ZZUnitStandard_id:2727
*,3832,Y,16Q160118321252,,ZZUnitStandard:ZZUnitStandard_id:2728
*,3833,Y,16Q160118321252,,ZZUnitStandard:ZZUnitStandard_id:2729
*,3834,Y,16Q160118321252,,ZZUnitStandard:ZZUnitStandard_id:2730
*,3835,Y,16Q160118321252,,ZZUnitStandard:ZZUnitStandard_id:2731
*,3836,Y,16Q160118321252,,ZZUnitStandard:ZZUnitStandard_id:2732
*,3837,Y,16Q160118321252,,ZZUnitStandard:ZZUnitStandard_id:2733
*,3838,Y,16Q160118321252,,ZZUnitStandard:ZZUnitStandard_id:2734
*,3839,Y,16Q160118321252,,ZZUnitStandard:ZZUnitStandard_id:2735
*,3840,Y,16Q160118321252,,ZZUnitStandard:ZZUnitStandard_id:2736
*,3841,Y,16Q160118321252,,ZZUnitStandard:ZZUnitStandard_id:2737
*,3842,Y,16Q160118321252,,ZZUnitStandard:ZZUnitStandard_id:2738
*,3843,Y,16Q160118321252,,ZZUnitStandard:ZZUnitStandard_id:2739
*,3844,Y,16Q160118321252,,ZZUnitStandard:ZZUnitStandard_id:2740
*,3845,Y,16Q160118321252,,ZZUnitStandard:ZZUnitStandard_id:2741
*,3846,Y,16Q160118321252,,ZZUnitStandard:ZZUnitStandard_id:2742
*,3847,Y,16Q160118321252,,ZZUnitStandard:ZZUnitStandard_id:2743
*,3848,Y,16Q160118321252,,ZZUnitStandard:ZZUnitStandard_id:2744
*,3849,Y,16Q160118321252,,ZZUnitStandard:ZZUnitStandard_id:2745
*,3850,Y,16Q160118321252,,ZZUnitStandard:ZZUnitStandard_id:2746
*,3851,Y,16Q160118321252,,ZZUnitStandard:ZZUnitStandard_id:2747
*,3852,Y,16Q160118321252,,ZZUnitStandard:ZZUnitStandard_id:2748
*,3853,Y,16Q160118321252,,ZZUnitStandard:ZZUnitStandard_id:2749
*,3854,Y,16Q160118321252,,ZZUnitStandard:ZZUnitStandard_id:2750
*,3855,Y,16Q160118321252,,ZZUnitStandard:ZZUnitStandard_id:2751
*,3856,Y,16Q160117321252,,ZZUnitStandard:ZZUnitStandard_id:1
*,3857,Y,16Q160117321252,,ZZUnitStandard:ZZUnitStandard_id:2
*,3858,Y,16Q160117321252,,ZZUnitStandard:ZZUnitStandard_id:3
*,3859,Y,16Q160117321252,,ZZUnitStandard:ZZUnitStandard_id:5
*,3860,Y,16Q160117321252,,ZZUnitStandard:ZZUnitStandard_id:961
*,3861,Y,16Q160117321252,,ZZUnitStandard:ZZUnitStandard_id:962
*,3862,Y,16Q160117321252,,ZZUnitStandard:ZZUnitStandard_id:985
*,3863,Y,16Q160117321252,,ZZUnitStandard:ZZUnitStandard_id:1120
*,3864,Y,16Q160117321252,,ZZUnitStandard:ZZUnitStandard_id:1185
*,3865,Y,16Q160117321252,,ZZUnitStandard:ZZUnitStandard_id:1186
*,3866,Y,16Q160117321252,,ZZUnitStandard:ZZUnitStandard_id:1194
*,3867,Y,16Q160117321252,,ZZUnitStandard:ZZUnitStandard_id:1418
*,3868,Y,16Q160117321252,,ZZUnitStandard:ZZUnitStandard_id:1514
*,3869,Y,16Q160117321252,,ZZUnitStandard:ZZUnitStandard_id:1516
*,3870,Y,16Q160117321252,,ZZUnitStandard:ZZUnitStandard_id:2047
*,3871,Y,16Q160117321252,,ZZUnitStandard:ZZUnitStandard_id:2220
*,3872,Y,16Q160117321252,,ZZUnitStandard:ZZUnitStandard_id:2340
*,3873,Y,16Q160117321252,,ZZUnitStandard:ZZUnitStandard_id:2450
*,3874,Y,16Q160117321252,,ZZUnitStandard:ZZUnitStandard_id:2452
*,3875,Y,16Q160117321252,,ZZUnitStandard:ZZUnitStandard_id:2453
*,3876,Y,16Q160117321252,,ZZUnitStandard:ZZUnitStandard_id:2727
*,3877,Y,16Q160117321252,,ZZUnitStandard:ZZUnitStandard_id:2728
*,3878,Y,16Q160117321252,,ZZUnitStandard:ZZUnitStandard_id:2729
*,3879,Y,16Q160117321252,,ZZUnitStandard:ZZUnitStandard_id:2730
*,3880,Y,16Q160117321252,,ZZUnitStandard:ZZUnitStandard_id:2731
*,3881,Y,16Q160117321252,,ZZUnitStandard:ZZUnitStandard_id:2732
*,3882,Y,16Q160117321252,,ZZUnitStandard:ZZUnitStandard_id:2733
*,3883,Y,16Q160117321252,,ZZUnitStandard:ZZUnitStandard_id:2734
*,3884,Y,16Q160117321252,,ZZUnitStandard:ZZUnitStandard_id:2735
*,3885,Y,16Q160117321252,,ZZUnitStandard:ZZUnitStandard_id:2736
*,3886,Y,16Q160117321252,,ZZUnitStandard:ZZUnitStandard_id:2737
*,3887,Y,16Q160117321252,,ZZUnitStandard:ZZUnitStandard_id:2738
*,3888,Y,16Q160117321252,,ZZUnitStandard:ZZUnitStandard_id:2739
*,3889,Y,16Q160117321252,,ZZUnitStandard:ZZUnitStandard_id:2740
*,3890,Y,16Q160117321252,,ZZUnitStandard:ZZUnitStandard_id:2741
*,3891,Y,16Q160117321252,,ZZUnitStandard:ZZUnitStandard_id:2742
*,3892,Y,16Q160117321252,,ZZUnitStandard:ZZUnitStandard_id:2743
*,3893,Y,16Q160117321252,,ZZUnitStandard:ZZUnitStandard_id:2744
*,3894,Y,16Q160117321252,,ZZUnitStandard:ZZUnitStandard_id:2745
*,3895,Y,16Q160117321252,,ZZUnitStandard:ZZUnitStandard_id:2746
*,3896,Y,16Q160117321252,,ZZUnitStandard:ZZUnitStandard_id:2747
*,3897,Y,16Q160117321252,,ZZUnitStandard:ZZUnitStandard_id:2748
*,3898,Y,16Q160117321252,,ZZUnitStandard:ZZUnitStandard_id:2749
*,3899,Y,16Q160117321252,,ZZUnitStandard:ZZUnitStandard_id:2750
*,3900,Y,16Q160117321252,,ZZUnitStandard:ZZUnitStandard_id:2751
*,3901,Y,16Q160150301624,,ZZUnitStandard:ZZUnitStandard_id:699
*,3902,Y,16Q160150301624,,ZZUnitStandard:ZZUnitStandard_id:820
*,3903,Y,16Q160150301624,,ZZUnitStandard:ZZUnitStandard_id:986
*,3904,Y,16Q160150301624,,ZZUnitStandard:ZZUnitStandard_id:1189
*,3905,Y,16Q160150301624,,ZZUnitStandard:ZZUnitStandard_id:1197
*,3906,Y,16Q160150301624,,ZZUnitStandard:ZZUnitStandard_id:1198
*,3907,Y,16Q160150301624,,ZZUnitStandard:ZZUnitStandard_id:1241
*,3908,Y,16Q160150301624,,ZZUnitStandard:ZZUnitStandard_id:1277
*,3909,Y,16Q160150301624,,ZZUnitStandard:ZZUnitStandard_id:1278
*,3910,Y,16Q160150301624,,ZZUnitStandard:ZZUnitStandard_id:1571
*,3911,Y,16Q160150301624,,ZZUnitStandard:ZZUnitStandard_id:2201
*,3912,Y,16Q160150301624,,ZZUnitStandard:ZZUnitStandard_id:2202
*,3913,Y,16Q160150301624,,ZZUnitStandard:ZZUnitStandard_id:2214
*,3914,Y,16Q160150301624,,ZZUnitStandard:ZZUnitStandard_id:2215
*,3915,Y,16Q160150301624,,ZZUnitStandard:ZZUnitStandard_id:2217
*,3916,Y,16Q160150301624,,ZZUnitStandard:ZZUnitStandard_id:2218
*,3917,Y,16Q160150301624,,ZZUnitStandard:ZZUnitStandard_id:2221
*,3918,Y,16Q160150301624,,ZZUnitStandard:ZZUnitStandard_id:2406
*,3919,Y,16Q160150301624,,ZZUnitStandard:ZZUnitStandard_id:3661
*,3920,Y,16Q160150301624,,ZZUnitStandard:ZZUnitStandard_id:3662
*,3921,Y,16Q160150301624,,ZZUnitStandard:ZZUnitStandard_id:3663
*,3922,Y,16Q160150301624,,ZZUnitStandard:ZZUnitStandard_id:3664
*,3923,Y,16Q160150301624,,ZZUnitStandard:ZZUnitStandard_id:3665
*,3924,Y,16Q160150301624,,ZZUnitStandard:ZZUnitStandard_id:3666
*,3925,Y,16Q160150301624,,ZZUnitStandard:ZZUnitStandard_id:3667
*,3926,Y,16Q160150301624,,ZZUnitStandard:ZZUnitStandard_id:3668
*,3927,Y,16Q160150301624,,ZZUnitStandard:ZZUnitStandard_id:3669
*,3928,Y,16Q160150301624,,ZZUnitStandard:ZZUnitStandard_id:3675
*,3929,Y,16Q160150301624,,ZZUnitStandard:ZZUnitStandard_id:3678
*,3930,Y,16Q160150301624,,ZZUnitStandard:ZZUnitStandard_id:3679
*,3931,Y,16Q160150301624,,ZZUnitStandard:ZZUnitStandard_id:3682
*,3932,Y,16Q160150301624,,ZZUnitStandard:ZZUnitStandard_id:3689
*,3933,Y,16Q160108331303,,ZZUnitStandard:ZZUnitStandard_id:699
*,3934,Y,16Q160108331303,,ZZUnitStandard:ZZUnitStandard_id:919
*,3935,Y,16Q160108331303,,ZZUnitStandard:ZZUnitStandard_id:922
*,3936,Y,16Q160108331303,,ZZUnitStandard:ZZUnitStandard_id:930
*,3937,Y,16Q160108331303,,ZZUnitStandard:ZZUnitStandard_id:980
*,3938,Y,16Q160108331303,,ZZUnitStandard:ZZUnitStandard_id:987
*,3939,Y,16Q160108331303,,ZZUnitStandard:ZZUnitStandard_id:1188
*,3940,Y,16Q160108331303,,ZZUnitStandard:ZZUnitStandard_id:1190
*,3941,Y,16Q160108331303,,ZZUnitStandard:ZZUnitStandard_id:1196
*,3942,Y,16Q160108331303,,ZZUnitStandard:ZZUnitStandard_id:1518
*,3943,Y,16Q160108331303,,ZZUnitStandard:ZZUnitStandard_id:1543
*,3944,Y,16Q160108331303,,ZZUnitStandard:ZZUnitStandard_id:2201
*,3945,Y,16Q160108331303,,ZZUnitStandard:ZZUnitStandard_id:2202
*,3946,Y,16Q160108331303,,ZZUnitStandard:ZZUnitStandard_id:2218
*,3947,Y,16Q160108331303,,ZZUnitStandard:ZZUnitStandard_id:2221
*,3948,Y,16Q160108331303,,ZZUnitStandard:ZZUnitStandard_id:2356
*,3949,Y,16Q160108331303,,ZZUnitStandard:ZZUnitStandard_id:3361
*,3950,Y,16Q160108331303,,ZZUnitStandard:ZZUnitStandard_id:3364
*,3951,Y,16Q160108331303,,ZZUnitStandard:ZZUnitStandard_id:3365
*,3952,Y,16Q160108331303,,ZZUnitStandard:ZZUnitStandard_id:3370
*,3953,Y,16Q160108331303,,ZZUnitStandard:ZZUnitStandard_id:3371
*,3954,Y,16Q160108331303,,ZZUnitStandard:ZZUnitStandard_id:3372
*,3955,Y,16Q160108331303,,ZZUnitStandard:ZZUnitStandard_id:3377
*,3956,Y,16Q160108331303,,ZZUnitStandard:ZZUnitStandard_id:3383
*,3957,Y,16Q160108331303,,ZZUnitStandard:ZZUnitStandard_id:3485
*,3958,Y,16Q160108331303,,ZZUnitStandard:ZZUnitStandard_id:3487
*,3959,Y,16Q160108331303,,ZZUnitStandard:ZZUnitStandard_id:3491
*,3960,Y,16Q160108331303,,ZZUnitStandard:ZZUnitStandard_id:3494
*,3961,Y,16Q160108331303,,ZZUnitStandard:ZZUnitStandard_id:3512
*,3962,Y,16Q160108331303,,ZZUnitStandard:ZZUnitStandard_id:3517
*,3963,Y,16Q160108331303,,ZZUnitStandard:ZZUnitStandard_id:3524
*,3964,Y,16Q160108331303,,ZZUnitStandard:ZZUnitStandard_id:3915
*,3965,Y,987,,ZZUnitStandard:ZZUnitStandard_id:212
*,3966,Y,987,,ZZUnitStandard:ZZUnitStandard_id:213
*,3967,Y,987,,ZZUnitStandard:ZZUnitStandard_id:215
*,3968,Y,987,,ZZUnitStandard:ZZUnitStandard_id:438
*,3969,Y,987,,ZZUnitStandard:ZZUnitStandard_id:440
*,3970,Y,987,,ZZUnitStandard:ZZUnitStandard_id:441
*,3971,Y,987,,ZZUnitStandard:ZZUnitStandard_id:442
*,3972,Y,987,,ZZUnitStandard:ZZUnitStandard_id:443
*,3973,Y,987,,ZZUnitStandard:ZZUnitStandard_id:444
*,3974,Y,987,,ZZUnitStandard:ZZUnitStandard_id:445
*,3975,Y,987,,ZZUnitStandard:ZZUnitStandard_id:490
*,3976,Y,987,,ZZUnitStandard:ZZUnitStandard_id:695
*,3977,Y,987,,ZZUnitStandard:ZZUnitStandard_id:770
*,3978,Y,987,,ZZUnitStandard:ZZUnitStandard_id:862
*,3979,Y,987,,ZZUnitStandard:ZZUnitStandard_id:919
*,3980,Y,987,,ZZUnitStandard:ZZUnitStandard_id:922
*,3981,Y,987,,ZZUnitStandard:ZZUnitStandard_id:930
*,3982,Y,987,,ZZUnitStandard:ZZUnitStandard_id:980
*,3983,Y,987,,ZZUnitStandard:ZZUnitStandard_id:981
*,3984,Y,987,,ZZUnitStandard:ZZUnitStandard_id:983
*,3985,Y,987,,ZZUnitStandard:ZZUnitStandard_id:985
*,3986,Y,987,,ZZUnitStandard:ZZUnitStandard_id:1161
*,3987,Y,987,,ZZUnitStandard:ZZUnitStandard_id:1162
*,3988,Y,987,,ZZUnitStandard:ZZUnitStandard_id:1163
*,3989,Y,987,,ZZUnitStandard:ZZUnitStandard_id:1185
*,3990,Y,987,,ZZUnitStandard:ZZUnitStandard_id:1186
*,3991,Y,987,,ZZUnitStandard:ZZUnitStandard_id:1189
*,3992,Y,987,,ZZUnitStandard:ZZUnitStandard_id:1194
*,3993,Y,987,,ZZUnitStandard:ZZUnitStandard_id:1197
*,3994,Y,987,,ZZUnitStandard:ZZUnitStandard_id:1198
*,3995,Y,987,,ZZUnitStandard:ZZUnitStandard_id:1514
*,3996,Y,987,,ZZUnitStandard:ZZUnitStandard_id:1516
*,3997,Y,987,,ZZUnitStandard:ZZUnitStandard_id:1766
*,3998,Y,987,,ZZUnitStandard:ZZUnitStandard_id:2201
*,3999,Y,987,,ZZUnitStandard:ZZUnitStandard_id:2202
*,4000,Y,987,,ZZUnitStandard:ZZUnitStandard_id:2214
*,4001,Y,987,,ZZUnitStandard:ZZUnitStandard_id:2215
*,4002,Y,987,,ZZUnitStandard:ZZUnitStandard_id:2217
*,4003,Y,987,,ZZUnitStandard:ZZUnitStandard_id:2218
*,4004,Y,987,,ZZUnitStandard:ZZUnitStandard_id:2221
*,4005,Y,987,,ZZUnitStandard:ZZUnitStandard_id:2406
*,4006,Y,987,,ZZUnitStandard:ZZUnitStandard_id:2578
*,4007,Y,987,,ZZUnitStandard:ZZUnitStandard_id:2604
*,4008,Y,987,,ZZUnitStandard:ZZUnitStandard_id:2909
*,4009,Y,987,,ZZUnitStandard:ZZUnitStandard_id:3046
*,4010,Y,987,,ZZUnitStandard:ZZUnitStandard_id:3048
*,4011,Y,987,,ZZUnitStandard:ZZUnitStandard_id:3083
*,4012,Y,987,,ZZUnitStandard:ZZUnitStandard_id:3139
*,4013,Y,987,,ZZUnitStandard:ZZUnitStandard_id:3140
*,4014,Y,987,,ZZUnitStandard:ZZUnitStandard_id:3142
*,4015,Y,987,,ZZUnitStandard:ZZUnitStandard_id:3143
*,4016,Y,987,,ZZUnitStandard:ZZUnitStandard_id:3144
*,4017,Y,987,,ZZUnitStandard:ZZUnitStandard_id:3145
*,4018,Y,987,,ZZUnitStandard:ZZUnitStandard_id:3148
*,4019,Y,987,,ZZUnitStandard:ZZUnitStandard_id:3149
*,4020,Y,987,,ZZUnitStandard:ZZUnitStandard_id:3150
*,4021,Y,987,,ZZUnitStandard:ZZUnitStandard_id:3161
*,4022,Y,987,,ZZUnitStandard:ZZUnitStandard_id:3162
*,4023,Y,987,,ZZUnitStandard:ZZUnitStandard_id:3163
*,4024,Y,987,,ZZUnitStandard:ZZUnitStandard_id:3258
*,4025,Y,987,,ZZUnitStandard:ZZUnitStandard_id:3262
*,4026,Y,987,,ZZUnitStandard:ZZUnitStandard_id:3263
*,4027,Y,16Q160081261464,,ZZUnitStandard:ZZUnitStandard_id:136
*,4028,Y,16Q160081261464,,ZZUnitStandard:ZZUnitStandard_id:137
*,4029,Y,16Q160081261464,,ZZUnitStandard:ZZUnitStandard_id:138
*,4030,Y,16Q160081261464,,ZZUnitStandard:ZZUnitStandard_id:139
*,4031,Y,16Q160081261464,,ZZUnitStandard:ZZUnitStandard_id:140
*,4032,Y,16Q160081261464,,ZZUnitStandard:ZZUnitStandard_id:141
*,4033,Y,16Q160081261464,,ZZUnitStandard:ZZUnitStandard_id:142
*,4034,Y,16Q160081261464,,ZZUnitStandard:ZZUnitStandard_id:143
*,4035,Y,16Q160081261464,,ZZUnitStandard:ZZUnitStandard_id:494
*,4036,Y,16Q160081261464,,ZZUnitStandard:ZZUnitStandard_id:496
*,4037,Y,16Q160081261464,,ZZUnitStandard:ZZUnitStandard_id:497
*,4038,Y,16Q160081261464,,ZZUnitStandard:ZZUnitStandard_id:499
*,4039,Y,16Q160081261464,,ZZUnitStandard:ZZUnitStandard_id:646
*,4040,Y,16Q160081261464,,ZZUnitStandard:ZZUnitStandard_id:647
*,4041,Y,16Q160081261464,,ZZUnitStandard:ZZUnitStandard_id:1189
*,4042,Y,16Q160081261464,,ZZUnitStandard:ZZUnitStandard_id:1191
*,4043,Y,16Q160081261464,,ZZUnitStandard:ZZUnitStandard_id:1197
*,4044,Y,16Q160081261464,,ZZUnitStandard:ZZUnitStandard_id:1312
*,4045,Y,16Q160081261464,,ZZUnitStandard:ZZUnitStandard_id:1313
*,4046,Y,16Q160081261464,,ZZUnitStandard:ZZUnitStandard_id:1314
*,4047,Y,16Q160081261464,,ZZUnitStandard:ZZUnitStandard_id:2013
*,4048,Y,16Q160081261464,,ZZUnitStandard:ZZUnitStandard_id:2014
*,4049,Y,16Q160081261464,,ZZUnitStandard:ZZUnitStandard_id:2201
*,4050,Y,16Q160081261464,,ZZUnitStandard:ZZUnitStandard_id:2202
*,4051,Y,16Q160081261464,,ZZUnitStandard:ZZUnitStandard_id:2214
*,4052,Y,16Q160081261464,,ZZUnitStandard:ZZUnitStandard_id:2215
*,4053,Y,16Q160081261464,,ZZUnitStandard:ZZUnitStandard_id:2217
*,4054,Y,16Q160081261464,,ZZUnitStandard:ZZUnitStandard_id:2218
*,4055,Y,16Q160081261464,,ZZUnitStandard:ZZUnitStandard_id:2221
*,4056,Y,16Q160081261464,,ZZUnitStandard:ZZUnitStandard_id:2406
*,4057,Y,16Q160170321263,,ZZUnitStandard:ZZUnitStandard_id:927
*,4058,Y,16Q160170321263,,ZZUnitStandard:ZZUnitStandard_id:1188
*,4059,Y,16Q160170321263,,ZZUnitStandard:ZZUnitStandard_id:1190
*,4060,Y,16Q160170321263,,ZZUnitStandard:ZZUnitStandard_id:1196
*,4061,Y,16Q160170321263,,ZZUnitStandard:ZZUnitStandard_id:1518
*,4062,Y,16Q160170321263,,ZZUnitStandard:ZZUnitStandard_id:1728
*,4063,Y,16Q160170321263,,ZZUnitStandard:ZZUnitStandard_id:1884
*,4064,Y,16Q160170321263,,ZZUnitStandard:ZZUnitStandard_id:1952
*,4065,Y,16Q160170321263,,ZZUnitStandard:ZZUnitStandard_id:2147
*,4066,Y,16Q160170321263,,ZZUnitStandard:ZZUnitStandard_id:2187
*,4067,Y,16Q160170321263,,ZZUnitStandard:ZZUnitStandard_id:2201
*,4068,Y,16Q160170321263,,ZZUnitStandard:ZZUnitStandard_id:2202
*,4069,Y,16Q160170321263,,ZZUnitStandard:ZZUnitStandard_id:2218
*,4070,Y,16Q160170321263,,ZZUnitStandard:ZZUnitStandard_id:2221
*,4071,Y,16Q160170321263,,ZZUnitStandard:ZZUnitStandard_id:2266
*,4072,Y,16Q160170321263,,ZZUnitStandard:ZZUnitStandard_id:2513
*,4073,Y,16Q160170321263,,ZZUnitStandard:ZZUnitStandard_id:2890
*,4074,Y,16Q160170321263,,ZZUnitStandard:ZZUnitStandard_id:3011
*,4075,Y,16Q160170321263,,ZZUnitStandard:ZZUnitStandard_id:3591
*,4076,Y,16Q160170321263,,ZZUnitStandard:ZZUnitStandard_id:3737
*,4077,Y,16Q160170321263,,ZZUnitStandard:ZZUnitStandard_id:3738
*,4078,Y,16Q160170321263,,ZZUnitStandard:ZZUnitStandard_id:3739
*,4079,Y,16Q160170321263,,ZZUnitStandard:ZZUnitStandard_id:3740
*,4080,Y,16Q160170321263,,ZZUnitStandard:ZZUnitStandard_id:3741
*,4081,Y,16Q160170321263,,ZZUnitStandard:ZZUnitStandard_id:3742
*,4082,Y,16Q160170321263,,ZZUnitStandard:ZZUnitStandard_id:3743
*,4083,Y,16Q160170321263,,ZZUnitStandard:ZZUnitStandard_id:3744
*,4084,Y,16Q160170321263,,ZZUnitStandard:ZZUnitStandard_id:3745
*,4085,Y,16Q160170321263,,ZZUnitStandard:ZZUnitStandard_id:3746
*,4086,Y,16Q160170321263,,ZZUnitStandard:ZZUnitStandard_id:3747
*,4087,Y,16Q160170321263,,ZZUnitStandard:ZZUnitStandard_id:3748
*,4088,Y,16Q160170321263,,ZZUnitStandard:ZZUnitStandard_id:3749
*,4089,Y,16Q160016001333 (V2),,ZZUnitStandard:ZZUnitStandard_id:761
*,4090,Y,16Q160014001373 (V2),,ZZUnitStandard:ZZUnitStandard_id:2745
*,4091,Y,16Q160020001343 (V2),,ZZUnitStandard:ZZUnitStandard_id:761
*,4092,Y,16Q160022001493 (V2),,ZZUnitStandard:ZZUnitStandard_id:104
*,4093,Y,16Q160022001493 (V2),,ZZUnitStandard:ZZUnitStandard_id:761
*,4094,Y,16Q160021001733 (V2),,ZZUnitStandard:ZZUnitStandard_id:104
*,4095,Y,16Q160021001733 (V2),,ZZUnitStandard:ZZUnitStandard_id:761
*,4096,Y,16Q160019001323 (V2),,ZZUnitStandard:ZZUnitStandard_id:104
*,4097,Y,16Q160019001323 (V2),,ZZUnitStandard:ZZUnitStandard_id:761
*,4098,Y,16Q160018001523 (V2),,ZZUnitStandard:ZZUnitStandard_id:2406
*,4099,Y,16Q160051001463 (V2),,ZZUnitStandard:ZZUnitStandard_id:104
*,4100,Y,16Q160051001463 (V2),,ZZUnitStandard:ZZUnitStandard_id:761
*,4101,Y,16Q160018001623 (V2),,ZZUnitStandard:ZZUnitStandard_id:104
*,4102,Y,16Q160018001623 (V2),,ZZUnitStandard:ZZUnitStandard_id:2406
*,4103,Y,16Q160010001273 (V2),,ZZUnitStandard:ZZUnitStandard_id:2773
*,4104,Y,16Q160009001273 (V2),,ZZUnitStandard:ZZUnitStandard_id:2773
*,4105,Y,16Q160146541202,,ZZUnitStandard:ZZUnitStandard_id:120
*,4106,Y,16Q160146541202,,ZZUnitStandard:ZZUnitStandard_id:121
*,4107,Y,16Q160146541202,,ZZUnitStandard:ZZUnitStandard_id:122
*,4108,Y,16Q160146541202,,ZZUnitStandard:ZZUnitStandard_id:129
*,4109,Y,16Q160146541202,,ZZUnitStandard:ZZUnitStandard_id:130
*,4110,Y,16Q160146541202,,ZZUnitStandard:ZZUnitStandard_id:132
*,4111,Y,16Q160146541202,,ZZUnitStandard:ZZUnitStandard_id:456
*,4112,Y,16Q160146541202,,ZZUnitStandard:ZZUnitStandard_id:460
*,4113,Y,16Q160146541202,,ZZUnitStandard:ZZUnitStandard_id:461
*,4114,Y,16Q160146541202,,ZZUnitStandard:ZZUnitStandard_id:462
*,4115,Y,16Q160146541202,,ZZUnitStandard:ZZUnitStandard_id:464
*,4116,Y,16Q160146541202,,ZZUnitStandard:ZZUnitStandard_id:665
*,4117,Y,16Q160146541202,,ZZUnitStandard:ZZUnitStandard_id:666
*,4118,Y,16Q160146541202,,ZZUnitStandard:ZZUnitStandard_id:667
*,4119,Y,16Q160146541202,,ZZUnitStandard:ZZUnitStandard_id:668
*,4120,Y,16Q160146541202,,ZZUnitStandard:ZZUnitStandard_id:669
*,4121,Y,16Q160146541202,,ZZUnitStandard:ZZUnitStandard_id:764
*,4122,Y,16Q160146541202,,ZZUnitStandard:ZZUnitStandard_id:765
*,4123,Y,16Q160146541202,,ZZUnitStandard:ZZUnitStandard_id:766
*,4124,Y,16Q160146541202,,ZZUnitStandard:ZZUnitStandard_id:822
*,4125,Y,16Q160146541202,,ZZUnitStandard:ZZUnitStandard_id:1185
*,4126,Y,16Q160146541202,,ZZUnitStandard:ZZUnitStandard_id:1186
*,4127,Y,16Q160146541202,,ZZUnitStandard:ZZUnitStandard_id:1194
*,4128,Y,16Q160146541202,,ZZUnitStandard:ZZUnitStandard_id:1203
*,4129,Y,16Q160146541202,,ZZUnitStandard:ZZUnitStandard_id:1514
*,4130,Y,16Q160146541202,,ZZUnitStandard:ZZUnitStandard_id:1516
*,4131,Y,16Q160146541202,,ZZUnitStandard:ZZUnitStandard_id:1537
*,4132,Y,16Q160146541202,,ZZUnitStandard:ZZUnitStandard_id:1728
*,4133,Y,16Q160146541202,,ZZUnitStandard:ZZUnitStandard_id:1884
*,4134,Y,16Q160146541202,,ZZUnitStandard:ZZUnitStandard_id:1996
*,4135,Y,16Q160146541202,,ZZUnitStandard:ZZUnitStandard_id:2220
*,4136,Y,16Q160146541202,,ZZUnitStandard:ZZUnitStandard_id:2285
*,4137,Y,16Q160146541202,,ZZUnitStandard:ZZUnitStandard_id:2310
*,4138,Y,16Q160146541202,,ZZUnitStandard:ZZUnitStandard_id:2339
*,4139,Y,16Q160146541202,,ZZUnitStandard:ZZUnitStandard_id:2340
*,4140,Y,16Q160146541202,,ZZUnitStandard:ZZUnitStandard_id:2445
*,4141,Y,16Q160146541202,,ZZUnitStandard:ZZUnitStandard_id:2450
*,4142,Y,16Q160146541202,,ZZUnitStandard:ZZUnitStandard_id:2452
*,4143,Y,16Q160146541202,,ZZUnitStandard:ZZUnitStandard_id:2453
*,4144,Y,16Q160146541202,,ZZUnitStandard:ZZUnitStandard_id:2454
*,4145,Y,16Q160146541202,,ZZUnitStandard:ZZUnitStandard_id:2774
*,4146,Y,16Q160146541202,,ZZUnitStandard:ZZUnitStandard_id:2856
*,4147,Y,16Q160146541202,,ZZUnitStandard:ZZUnitStandard_id:2863
*,4148,Y,16Q160146541202,,ZZUnitStandard:ZZUnitStandard_id:3367
*,4149,Y,16Q160146541202,,ZZUnitStandard:ZZUnitStandard_id:3534
*,4150,Y,16Q160146541202,,ZZUnitStandard:ZZUnitStandard_id:3535
*,4151,Y,16Q160146541202,,ZZUnitStandard:ZZUnitStandard_id:3536
*,4152,Y,16Q160146541202,,ZZUnitStandard:ZZUnitStandard_id:3537
*,4153,Y,16Q160146541202,,ZZUnitStandard:ZZUnitStandard_id:3538
*,4154,Y,16Q160146541202,,ZZUnitStandard:ZZUnitStandard_id:3539
*,4155,Y,16Q160146541202,,ZZUnitStandard:ZZUnitStandard_id:3540
*,4156,Y,16Q160146541202,,ZZUnitStandard:ZZUnitStandard_id:3913
*,4157,Y,16Q160146541202,,ZZUnitStandard:ZZUnitStandard_id:3914
*,4158,Y,16Q160187471383,,ZZUnitStandard:ZZUnitStandard_id:4
*,4159,Y,16Q160187471383,,ZZUnitStandard:ZZUnitStandard_id:483
*,4160,Y,16Q160187471383,,ZZUnitStandard:ZZUnitStandard_id:485
*,4161,Y,16Q160187471383,,ZZUnitStandard:ZZUnitStandard_id:741
*,4162,Y,16Q160187471383,,ZZUnitStandard:ZZUnitStandard_id:743
*,4163,Y,16Q160187471383,,ZZUnitStandard:ZZUnitStandard_id:843
*,4164,Y,16Q160187471383,,ZZUnitStandard:ZZUnitStandard_id:951
*,4165,Y,16Q160187471383,,ZZUnitStandard:ZZUnitStandard_id:964
*,4166,Y,16Q160187471383,,ZZUnitStandard:ZZUnitStandard_id:1001
*,4167,Y,16Q160187471383,,ZZUnitStandard:ZZUnitStandard_id:1188
*,4168,Y,16Q160187471383,,ZZUnitStandard:ZZUnitStandard_id:1190
*,4169,Y,16Q160187471383,,ZZUnitStandard:ZZUnitStandard_id:1196
*,4170,Y,16Q160187471383,,ZZUnitStandard:ZZUnitStandard_id:1241
*,4171,Y,16Q160187471383,,ZZUnitStandard:ZZUnitStandard_id:1303
*,4172,Y,16Q160187471383,,ZZUnitStandard:ZZUnitStandard_id:1518
*,4173,Y,16Q160187471383,,ZZUnitStandard:ZZUnitStandard_id:1713
*,4174,Y,16Q160187471383,,ZZUnitStandard:ZZUnitStandard_id:1716
*,4175,Y,16Q160187471383,,ZZUnitStandard:ZZUnitStandard_id:2181
*,4176,Y,16Q160187471383,,ZZUnitStandard:ZZUnitStandard_id:2191
*,4177,Y,16Q160187471383,,ZZUnitStandard:ZZUnitStandard_id:2193
*,4178,Y,16Q160187471383,,ZZUnitStandard:ZZUnitStandard_id:2201
*,4179,Y,16Q160187471383,,ZZUnitStandard:ZZUnitStandard_id:2202
*,4180,Y,16Q160187471383,,ZZUnitStandard:ZZUnitStandard_id:2218
*,4181,Y,16Q160187471383,,ZZUnitStandard:ZZUnitStandard_id:2221
*,4182,Y,16Q160187471383,,ZZUnitStandard:ZZUnitStandard_id:2287
*,4183,Y,16Q160187471383,,ZZUnitStandard:ZZUnitStandard_id:2747
*,4184,Y,16Q160187471383,,ZZUnitStandard:ZZUnitStandard_id:2949
*,4185,Y,16Q160187471383,,ZZUnitStandard:ZZUnitStandard_id:3326
*,4186,Y,16Q160187471383,,ZZUnitStandard:ZZUnitStandard_id:3327
*,4187,Y,16Q160187471383,,ZZUnitStandard:ZZUnitStandard_id:3328
*,4188,Y,16Q160187471383,,ZZUnitStandard:ZZUnitStandard_id:3329
*,4189,Y,16Q160187471383,,ZZUnitStandard:ZZUnitStandard_id:3330
*,4190,Y,16Q160187471383,,ZZUnitStandard:ZZUnitStandard_id:3331
*,4191,Y,16Q160187471383,,ZZUnitStandard:ZZUnitStandard_id:3333
*,4192,Y,16Q160187471383,,ZZUnitStandard:ZZUnitStandard_id:3335
*,4193,Y,16Q160187471383,,ZZUnitStandard:ZZUnitStandard_id:3336
*,4194,Y,16Q160187471383,,ZZUnitStandard:ZZUnitStandard_id:3337
*,4195,Y,16Q160187471383,,ZZUnitStandard:ZZUnitStandard_id:3338
*,4196,Y,16Q160187471383,,ZZUnitStandard:ZZUnitStandard_id:3342
*,4197,Y,16Q160187471383,,ZZUnitStandard:ZZUnitStandard_id:3346
*,4198,Y,16Q160187471383,,ZZUnitStandard:ZZUnitStandard_id:3347
*,4199,Y,16Q160187471383,,ZZUnitStandard:ZZUnitStandard_id:3348
*,4200,Y,16Q160187471383,,ZZUnitStandard:ZZUnitStandard_id:3349
*,4201,Y,16Q160187471383,,ZZUnitStandard:ZZUnitStandard_id:3352
*,4202,Y,16Q160186541604,,ZZUnitStandard:ZZUnitStandard_id:964
*,4203,Y,16Q160186541604,,ZZUnitStandard:ZZUnitStandard_id:976
*,4204,Y,16Q160186541604,,ZZUnitStandard:ZZUnitStandard_id:1189
*,4205,Y,16Q160186541604,,ZZUnitStandard:ZZUnitStandard_id:1198
*,4206,Y,16Q160186541604,,ZZUnitStandard:ZZUnitStandard_id:1326
*,4207,Y,16Q160186541604,,ZZUnitStandard:ZZUnitStandard_id:1346
*,4208,Y,16Q160186541604,,ZZUnitStandard:ZZUnitStandard_id:1357
*,4209,Y,16Q160186541604,,ZZUnitStandard:ZZUnitStandard_id:1437
*,4210,Y,16Q160186541604,,ZZUnitStandard:ZZUnitStandard_id:1459
*,4211,Y,16Q160186541604,,ZZUnitStandard:ZZUnitStandard_id:1857
*,4212,Y,16Q160186541604,,ZZUnitStandard:ZZUnitStandard_id:1858
*,4213,Y,16Q160186541604,,ZZUnitStandard:ZZUnitStandard_id:1866
*,4214,Y,16Q160186541604,,ZZUnitStandard:ZZUnitStandard_id:2201
*,4215,Y,16Q160186541604,,ZZUnitStandard:ZZUnitStandard_id:2202
*,4216,Y,16Q160186541604,,ZZUnitStandard:ZZUnitStandard_id:2214
*,4217,Y,16Q160186541604,,ZZUnitStandard:ZZUnitStandard_id:2215
*,4218,Y,16Q160186541604,,ZZUnitStandard:ZZUnitStandard_id:2217
*,4219,Y,16Q160186541604,,ZZUnitStandard:ZZUnitStandard_id:2218
*,4220,Y,16Q160186541604,,ZZUnitStandard:ZZUnitStandard_id:2221
*,4221,Y,16Q160186541604,,ZZUnitStandard:ZZUnitStandard_id:2406
*,4222,Y,16Q160186541604,,ZZUnitStandard:ZZUnitStandard_id:2583
*,4223,Y,16Q160186541604,,ZZUnitStandard:ZZUnitStandard_id:2592
*,4224,Y,16Q160186541604,,ZZUnitStandard:ZZUnitStandard_id:2607
*,4225,Y,16Q160186541604,,ZZUnitStandard:ZZUnitStandard_id:2803
*,4226,Y,16Q160186541604,,ZZUnitStandard:ZZUnitStandard_id:2804
*,4227,Y,16Q160186541604,,ZZUnitStandard:ZZUnitStandard_id:2807
*,4228,Y,16Q160186541604,,ZZUnitStandard:ZZUnitStandard_id:3341
*,4229,Y,16Q160186541604,,ZZUnitStandard:ZZUnitStandard_id:3703
*,4230,Y,16Q160186541604,,ZZUnitStandard:ZZUnitStandard_id:3704
*,4231,Y,16Q160186541604,,ZZUnitStandard:ZZUnitStandard_id:3705
*,4232,Y,16Q160186541604,,ZZUnitStandard:ZZUnitStandard_id:3706
*,4233,Y,16Q160186541604,,ZZUnitStandard:ZZUnitStandard_id:3707
*,4234,Y,16Q160186541604,,ZZUnitStandard:ZZUnitStandard_id:3708
*,4235,Y,16Q160186541604,,ZZUnitStandard:ZZUnitStandard_id:3709
*,4236,Y,16Q160186541604,,ZZUnitStandard:ZZUnitStandard_id:3710
*,4237,Y,16Q160186541604,,ZZUnitStandard:ZZUnitStandard_id:3711
*,4238,Y,16Q160186541604,,ZZUnitStandard:ZZUnitStandard_id:3712
*,4239,Y,16Q160186541604,,ZZUnitStandard:ZZUnitStandard_id:3713
*,4240,Y,16Q160186541604,,ZZUnitStandard:ZZUnitStandard_id:3714
*,4241,Y,16Q160186541604,,ZZUnitStandard:ZZUnitStandard_id:3715
*,4242,Y,16Q160186541604,,ZZUnitStandard:ZZUnitStandard_id:3716
*,4243,Y,16Q160186541604,,ZZUnitStandard:ZZUnitStandard_id:3717
*,4244,Y,16Q160186541604,,ZZUnitStandard:ZZUnitStandard_id:3719
*,4245,Y,16Q160186541604,,ZZUnitStandard:ZZUnitStandard_id:3722
*,4246,Y,16Q160186541604,,ZZUnitStandard:ZZUnitStandard_id:3723
*,4247,Y,16Q160186541604,,ZZUnitStandard:ZZUnitStandard_id:3724
*,4248,Y,16Q160186541604,,ZZUnitStandard:ZZUnitStandard_id:3727
*,4249,Y,16Q160186541604,,ZZUnitStandard:ZZUnitStandard_id:3728
*,4250,Y,16Q160186541604,,ZZUnitStandard:ZZUnitStandard_id:3729
*,4251,Y,16Q160186541604,,ZZUnitStandard:ZZUnitStandard_id:3730
*,4252,Y,16Q160186541604,,ZZUnitStandard:ZZUnitStandard_id:3731
*,4253,Y,16Q160186541604,,ZZUnitStandard:ZZUnitStandard_id:3732
*,4254,Y,16Q160186541604,,ZZUnitStandard:ZZUnitStandard_id:3733
*,4255,Y,16Q160186541604,,ZZUnitStandard:ZZUnitStandard_id:3734
*,4256,Y,16Q160183611604,,ZZUnitStandard:ZZUnitStandard_id:964
*,4257,Y,16Q160183611604,,ZZUnitStandard:ZZUnitStandard_id:976
*,4258,Y,16Q160183611604,,ZZUnitStandard:ZZUnitStandard_id:1189
*,4259,Y,16Q160183611604,,ZZUnitStandard:ZZUnitStandard_id:1197
*,4260,Y,16Q160183611604,,ZZUnitStandard:ZZUnitStandard_id:1198
*,4261,Y,16Q160183611604,,ZZUnitStandard:ZZUnitStandard_id:1326
*,4262,Y,16Q160183611604,,ZZUnitStandard:ZZUnitStandard_id:1346
*,4263,Y,16Q160183611604,,ZZUnitStandard:ZZUnitStandard_id:1357
*,4264,Y,16Q160183611604,,ZZUnitStandard:ZZUnitStandard_id:1437
*,4265,Y,16Q160183611604,,ZZUnitStandard:ZZUnitStandard_id:1857
*,4266,Y,16Q160183611604,,ZZUnitStandard:ZZUnitStandard_id:1858
*,4267,Y,16Q160183611604,,ZZUnitStandard:ZZUnitStandard_id:1866
*,4268,Y,16Q160183611604,,ZZUnitStandard:ZZUnitStandard_id:2201
*,4269,Y,16Q160183611604,,ZZUnitStandard:ZZUnitStandard_id:2202
*,4270,Y,16Q160183611604,,ZZUnitStandard:ZZUnitStandard_id:2214
*,4271,Y,16Q160183611604,,ZZUnitStandard:ZZUnitStandard_id:2215
*,4272,Y,16Q160183611604,,ZZUnitStandard:ZZUnitStandard_id:2217
*,4273,Y,16Q160183611604,,ZZUnitStandard:ZZUnitStandard_id:2218
*,4274,Y,16Q160183611604,,ZZUnitStandard:ZZUnitStandard_id:2221
*,4275,Y,16Q160183611604,,ZZUnitStandard:ZZUnitStandard_id:2406
*,4276,Y,16Q160183611604,,ZZUnitStandard:ZZUnitStandard_id:2583
*,4277,Y,16Q160183611604,,ZZUnitStandard:ZZUnitStandard_id:2592
*,4278,Y,16Q160183611604,,ZZUnitStandard:ZZUnitStandard_id:2607
*,4279,Y,16Q160183611604,,ZZUnitStandard:ZZUnitStandard_id:2803
*,4280,Y,16Q160183611604,,ZZUnitStandard:ZZUnitStandard_id:2804
*,4281,Y,16Q160183611604,,ZZUnitStandard:ZZUnitStandard_id:2807
*,4282,Y,16Q160183611604,,ZZUnitStandard:ZZUnitStandard_id:3341
*,4283,Y,16Q160183611604,,ZZUnitStandard:ZZUnitStandard_id:3703
*,4284,Y,16Q160183611604,,ZZUnitStandard:ZZUnitStandard_id:3704
*,4285,Y,16Q160183611604,,ZZUnitStandard:ZZUnitStandard_id:3705
*,4286,Y,16Q160183611604,,ZZUnitStandard:ZZUnitStandard_id:3706
*,4287,Y,16Q160183611604,,ZZUnitStandard:ZZUnitStandard_id:3707
*,4288,Y,16Q160183611604,,ZZUnitStandard:ZZUnitStandard_id:3708
*,4289,Y,16Q160183611604,,ZZUnitStandard:ZZUnitStandard_id:3709
*,4290,Y,16Q160183611604,,ZZUnitStandard:ZZUnitStandard_id:3710
*,4291,Y,16Q160183611604,,ZZUnitStandard:ZZUnitStandard_id:3711
*,4292,Y,16Q160183611604,,ZZUnitStandard:ZZUnitStandard_id:3712
*,4293,Y,16Q160183611604,,ZZUnitStandard:ZZUnitStandard_id:3713
*,4294,Y,16Q160183611604,,ZZUnitStandard:ZZUnitStandard_id:3714
*,4295,Y,16Q160183611604,,ZZUnitStandard:ZZUnitStandard_id:3715
*,4296,Y,16Q160183611604,,ZZUnitStandard:ZZUnitStandard_id:3716
*,4297,Y,16Q160183611604,,ZZUnitStandard:ZZUnitStandard_id:3717
*,4298,Y,16Q160183611604,,ZZUnitStandard:ZZUnitStandard_id:3718
*,4299,Y,16Q160183611604,,ZZUnitStandard:ZZUnitStandard_id:3719
*,4300,Y,16Q160183611604,,ZZUnitStandard:ZZUnitStandard_id:3721
*,4301,Y,16Q160183611604,,ZZUnitStandard:ZZUnitStandard_id:3722
*,4302,Y,16Q160183611604,,ZZUnitStandard:ZZUnitStandard_id:3723
*,4303,Y,16Q160183611604,,ZZUnitStandard:ZZUnitStandard_id:3724
*,4304,Y,16Q160183611604,,ZZUnitStandard:ZZUnitStandard_id:3727
*,4305,Y,16Q160183611604,,ZZUnitStandard:ZZUnitStandard_id:3728
*,4306,Y,16Q160183611604,,ZZUnitStandard:ZZUnitStandard_id:3728
*,4307,Y,16Q160183611604,,ZZUnitStandard:ZZUnitStandard_id:3729
*,4308,Y,16Q160183611604,,ZZUnitStandard:ZZUnitStandard_id:3730
*,4309,Y,16Q160183611604,,ZZUnitStandard:ZZUnitStandard_id:3731
*,4310,Y,16Q160183611604,,ZZUnitStandard:ZZUnitStandard_id:3732
*,4311,Y,16Q160183611604,,ZZUnitStandard:ZZUnitStandard_id:3733
*,4312,Y,16Q160183611604,,ZZUnitStandard:ZZUnitStandard_id:3734
*,4313,Y,16Q160182451203,,ZZUnitStandard:ZZUnitStandard_id:1020
*,4314,Y,16Q160182451203,,ZZUnitStandard:ZZUnitStandard_id:1188
*,4315,Y,16Q160182451203,,ZZUnitStandard:ZZUnitStandard_id:1190
*,4316,Y,16Q160182451203,,ZZUnitStandard:ZZUnitStandard_id:1196
*,4317,Y,16Q160182451203,,ZZUnitStandard:ZZUnitStandard_id:1518
*,4318,Y,16Q160182451203,,ZZUnitStandard:ZZUnitStandard_id:1711
*,4319,Y,16Q160182451203,,ZZUnitStandard:ZZUnitStandard_id:1713
*,4320,Y,16Q160182451203,,ZZUnitStandard:ZZUnitStandard_id:1756
*,4321,Y,16Q160182451203,,ZZUnitStandard:ZZUnitStandard_id:1757
*,4322,Y,16Q160182451203,,ZZUnitStandard:ZZUnitStandard_id:2008
*,4323,Y,16Q160182451203,,ZZUnitStandard:ZZUnitStandard_id:2173
*,4324,Y,16Q160182451203,,ZZUnitStandard:ZZUnitStandard_id:2201
*,4325,Y,16Q160182451203,,ZZUnitStandard:ZZUnitStandard_id:2202
*,4326,Y,16Q160182451203,,ZZUnitStandard:ZZUnitStandard_id:2218
*,4327,Y,16Q160182451203,,ZZUnitStandard:ZZUnitStandard_id:2413
*,4328,Y,16Q160182451203,,ZZUnitStandard:ZZUnitStandard_id:2415
*,4329,Y,16Q160182451203,,ZZUnitStandard:ZZUnitStandard_id:2416
*,4330,Y,16Q160182451203,,ZZUnitStandard:ZZUnitStandard_id:2417
*,4331,Y,16Q160182451203,,ZZUnitStandard:ZZUnitStandard_id:2455
*,4332,Y,16Q160182451203,,ZZUnitStandard:ZZUnitStandard_id:2471
*,4333,Y,16Q160182451203,,ZZUnitStandard:ZZUnitStandard_id:2473
*,4334,Y,16Q160182451203,,ZZUnitStandard:ZZUnitStandard_id:2513
*,4335,Y,16Q160182451203,,ZZUnitStandard:ZZUnitStandard_id:2658
*,4336,Y,16Q160182451203,,ZZUnitStandard:ZZUnitStandard_id:2672
*,4337,Y,16Q160182451203,,ZZUnitStandard:ZZUnitStandard_id:2673
*,4338,Y,16Q160182451203,,ZZUnitStandard:ZZUnitStandard_id:2677
*,4339,Y,16Q160182451203,,ZZUnitStandard:ZZUnitStandard_id:2679
*,4340,Y,16Q160182451203,,ZZUnitStandard:ZZUnitStandard_id:2701
*,4341,Y,16Q160182451203,,ZZUnitStandard:ZZUnitStandard_id:2705
*,4342,Y,16Q160182451203,,ZZUnitStandard:ZZUnitStandard_id:2706
*,4343,Y,16Q160182451203,,ZZUnitStandard:ZZUnitStandard_id:2707
*,4344,Y,16Q160182451203,,ZZUnitStandard:ZZUnitStandard_id:2708
*,4345,Y,16Q160182451203,,ZZUnitStandard:ZZUnitStandard_id:2709
*,4346,Y,16Q160182451203,,ZZUnitStandard:ZZUnitStandard_id:2710
*,4347,Y,16Q160182451203,,ZZUnitStandard:ZZUnitStandard_id:2711
*,4348,Y,16Q160182451203,,ZZUnitStandard:ZZUnitStandard_id:2712
*,4349,Y,16Q160182451203,,ZZUnitStandard:ZZUnitStandard_id:2715
*,4350,Y,16Q160182451203,,ZZUnitStandard:ZZUnitStandard_id:2717
*,4351,Y,16Q160182451203,,ZZUnitStandard:ZZUnitStandard_id:2719
*,4352,Y,16Q160182451203,,ZZUnitStandard:ZZUnitStandard_id:2721
*,4353,Y,16Q160182451203,,ZZUnitStandard:ZZUnitStandard_id:2722
*,4354,Y,16Q160182451203,,ZZUnitStandard:ZZUnitStandard_id:2723
*,4355,Y,16Q160182451203,,ZZUnitStandard:ZZUnitStandard_id:2724
*,4356,Y,16Q160182451203,,ZZUnitStandard:ZZUnitStandard_id:2725
*,4357,Y,16Q160182451203,,ZZUnitStandard:ZZUnitStandard_id:2726
*,4358,Y,16Q160179301204,,ZZUnitStandard:ZZUnitStandard_id:1189
*,4359,Y,16Q160179301204,,ZZUnitStandard:ZZUnitStandard_id:1197
*,4360,Y,16Q160179301204,,ZZUnitStandard:ZZUnitStandard_id:1198
*,4361,Y,16Q160179301204,,ZZUnitStandard:ZZUnitStandard_id:1947
*,4362,Y,16Q160179301204,,ZZUnitStandard:ZZUnitStandard_id:2007
*,4363,Y,16Q160179301204,,ZZUnitStandard:ZZUnitStandard_id:2161
*,4364,Y,16Q160179301204,,ZZUnitStandard:ZZUnitStandard_id:2201
*,4365,Y,16Q160179301204,,ZZUnitStandard:ZZUnitStandard_id:2214
*,4366,Y,16Q160179301204,,ZZUnitStandard:ZZUnitStandard_id:2215
*,4367,Y,16Q160179301204,,ZZUnitStandard:ZZUnitStandard_id:2217
*,4368,Y,16Q160179301204,,ZZUnitStandard:ZZUnitStandard_id:2218
*,4369,Y,16Q160179301204,,ZZUnitStandard:ZZUnitStandard_id:2219
*,4370,Y,16Q160179301204,,ZZUnitStandard:ZZUnitStandard_id:2406
*,4371,Y,16Q160179301204,,ZZUnitStandard:ZZUnitStandard_id:2414
*,4372,Y,16Q160179301204,,ZZUnitStandard:ZZUnitStandard_id:2451
*,4373,Y,16Q160179301204,,ZZUnitStandard:ZZUnitStandard_id:2473
*,4374,Y,16Q160179301204,,ZZUnitStandard:ZZUnitStandard_id:2474
*,4375,Y,16Q160179301204,,ZZUnitStandard:ZZUnitStandard_id:2684
*,4376,Y,16Q160179301204,,ZZUnitStandard:ZZUnitStandard_id:2685
*,4377,Y,16Q160179301204,,ZZUnitStandard:ZZUnitStandard_id:2686
*,4378,Y,16Q160179301204,,ZZUnitStandard:ZZUnitStandard_id:2687
*,4379,Y,16Q160179301204,,ZZUnitStandard:ZZUnitStandard_id:2688
*,4380,Y,16Q160179301204,,ZZUnitStandard:ZZUnitStandard_id:2689
*,4381,Y,16Q160179301204,,ZZUnitStandard:ZZUnitStandard_id:2690
*,4382,Y,16Q160179301204,,ZZUnitStandard:ZZUnitStandard_id:2691
*,4383,Y,16Q160179301204,,ZZUnitStandard:ZZUnitStandard_id:2692
*,4384,Y,16Q160179301204,,ZZUnitStandard:ZZUnitStandard_id:2693
*,4385,Y,16Q160179301204,,ZZUnitStandard:ZZUnitStandard_id:2696
*,4386,Y,16Q160179301204,,ZZUnitStandard:ZZUnitStandard_id:2697
*,4387,Y,16Q160179301204,,ZZUnitStandard:ZZUnitStandard_id:2698
*,4388,Y,16Q160179301204,,ZZUnitStandard:ZZUnitStandard_id:2699
*,4389,Y,16Q160185681302,,ZZUnitStandard:ZZUnitStandard_id:260
*,4390,Y,16Q160185681302,,ZZUnitStandard:ZZUnitStandard_id:637
*,4391,Y,16Q160185681302,,ZZUnitStandard:ZZUnitStandard_id:1185
*,4392,Y,16Q160185681302,,ZZUnitStandard:ZZUnitStandard_id:1186
*,4393,Y,16Q160185681302,,ZZUnitStandard:ZZUnitStandard_id:1187
*,4394,Y,16Q160185681302,,ZZUnitStandard:ZZUnitStandard_id:1194
*,4395,Y,16Q160185681302,,ZZUnitStandard:ZZUnitStandard_id:1466
*,4396,Y,16Q160185681302,,ZZUnitStandard:ZZUnitStandard_id:1469
*,4397,Y,16Q160185681302,,ZZUnitStandard:ZZUnitStandard_id:1502
*,4398,Y,16Q160185681302,,ZZUnitStandard:ZZUnitStandard_id:1514
*,4399,Y,16Q160185681302,,ZZUnitStandard:ZZUnitStandard_id:1722
*,4400,Y,16Q160185681302,,ZZUnitStandard:ZZUnitStandard_id:1725
*,4401,Y,16Q160185681302,,ZZUnitStandard:ZZUnitStandard_id:1726
*,4402,Y,16Q160185681302,,ZZUnitStandard:ZZUnitStandard_id:1727
*,4403,Y,16Q160185681302,,ZZUnitStandard:ZZUnitStandard_id:1758
*,4404,Y,16Q160185681302,,ZZUnitStandard:ZZUnitStandard_id:1854
*,4405,Y,16Q160185681302,,ZZUnitStandard:ZZUnitStandard_id:2006
*,4406,Y,16Q160185681302,,ZZUnitStandard:ZZUnitStandard_id:2008
*,4407,Y,16Q160185681302,,ZZUnitStandard:ZZUnitStandard_id:2009
*,4408,Y,16Q160185681302,,ZZUnitStandard:ZZUnitStandard_id:2010
*,4409,Y,16Q160185681302,,ZZUnitStandard:ZZUnitStandard_id:2011
*,4410,Y,16Q160185681302,,ZZUnitStandard:ZZUnitStandard_id:2012
*,4411,Y,16Q160185681302,,ZZUnitStandard:ZZUnitStandard_id:2220
*,4412,Y,16Q160185681302,,ZZUnitStandard:ZZUnitStandard_id:2222
*,4413,Y,16Q160185681302,,ZZUnitStandard:ZZUnitStandard_id:2326
*,4414,Y,16Q160185681302,,ZZUnitStandard:ZZUnitStandard_id:2340
*,4415,Y,16Q160185681302,,ZZUnitStandard:ZZUnitStandard_id:2404
*,4416,Y,16Q160185681302,,ZZUnitStandard:ZZUnitStandard_id:2446
*,4417,Y,16Q160185681302,,ZZUnitStandard:ZZUnitStandard_id:2447
*,4418,Y,16Q160185681302,,ZZUnitStandard:ZZUnitStandard_id:2450
*,4419,Y,16Q160185681302,,ZZUnitStandard:ZZUnitStandard_id:2452
*,4420,Y,16Q160185681302,,ZZUnitStandard:ZZUnitStandard_id:2453
*,4421,Y,16Q160185681302,,ZZUnitStandard:ZZUnitStandard_id:2456
*,4422,Y,16Q160185681302,,ZZUnitStandard:ZZUnitStandard_id:2457
*,4423,Y,16Q160185681302,,ZZUnitStandard:ZZUnitStandard_id:2459
*,4424,Y,16Q160185681302,,ZZUnitStandard:ZZUnitStandard_id:2461
*,4425,Y,16Q160185681302,,ZZUnitStandard:ZZUnitStandard_id:2462
*,4426,Y,16Q160185681302,,ZZUnitStandard:ZZUnitStandard_id:2475
*,4427,Y,16Q160185681302,,ZZUnitStandard:ZZUnitStandard_id:2480
*,4428,Y,16Q160185681302,,ZZUnitStandard:ZZUnitStandard_id:2483
*,4429,Y,16Q160185681302,,ZZUnitStandard:ZZUnitStandard_id:2484
*,4430,Y,16Q160185681302,,ZZUnitStandard:ZZUnitStandard_id:2610
*,4431,Y,16Q160185681302,,ZZUnitStandard:ZZUnitStandard_id:2637
*,4432,Y,16Q160185681302,,ZZUnitStandard:ZZUnitStandard_id:2638
*,4433,Y,16Q160185681302,,ZZUnitStandard:ZZUnitStandard_id:2640
*,4434,Y,16Q160185681302,,ZZUnitStandard:ZZUnitStandard_id:2647
*,4435,Y,16Q160185681302,,ZZUnitStandard:ZZUnitStandard_id:2650
*,4436,Y,16Q160185681302,,ZZUnitStandard:ZZUnitStandard_id:2652
*,4437,Y,16Q160185681302,,ZZUnitStandard:ZZUnitStandard_id:2653
*,4438,Y,16Q160185681302,,ZZUnitStandard:ZZUnitStandard_id:2654
*,4439,Y,16Q160185681302,,ZZUnitStandard:ZZUnitStandard_id:2655
*,4440,Y,16Q160185681302,,ZZUnitStandard:ZZUnitStandard_id:2656
*,4441,Y,16Q160185681302,,ZZUnitStandard:ZZUnitStandard_id:2657
*,4442,Y,16Q160185681302,,ZZUnitStandard:ZZUnitStandard_id:2658
*,4443,Y,16Q160185681302,,ZZUnitStandard:ZZUnitStandard_id:2659
*,4444,Y,16Q160185681302,,ZZUnitStandard:ZZUnitStandard_id:2660
*,4445,Y,16Q160185681302,,ZZUnitStandard:ZZUnitStandard_id:2662
*,4446,Y,16Q160185681302,,ZZUnitStandard:ZZUnitStandard_id:2663
*,4447,Y,16Q160185681302,,ZZUnitStandard:ZZUnitStandard_id:2664
*,4448,Y,16Q160185681302,,ZZUnitStandard:ZZUnitStandard_id:2665
*,4449,Y,16Q160185681302,,ZZUnitStandard:ZZUnitStandard_id:2666
*,4450,Y,16Q160185681302,,ZZUnitStandard:ZZUnitStandard_id:2667
*,4451,Y,16Q160185681302,,ZZUnitStandard:ZZUnitStandard_id:2668
*,4452,Y,16Q160185681302,,ZZUnitStandard:ZZUnitStandard_id:2669
*,4453,Y,16Q160185681302,,ZZUnitStandard:ZZUnitStandard_id:2671
*,4454,Y,16Q160185681302,,ZZUnitStandard:ZZUnitStandard_id:2672
*,4455,Y,16Q160185681302,,ZZUnitStandard:ZZUnitStandard_id:2673
*,4456,Y,16Q160185681302,,ZZUnitStandard:ZZUnitStandard_id:2674
*,4457,Y,16Q160185681302,,ZZUnitStandard:ZZUnitStandard_id:2675
*,4458,Y,16Q160185681302,,ZZUnitStandard:ZZUnitStandard_id:2676
*,4459,Y,16Q160185681302,,ZZUnitStandard:ZZUnitStandard_id:2677
*,4460,Y,16Q160185681302,,ZZUnitStandard:ZZUnitStandard_id:2678
*,4461,Y,16Q160185681302,,ZZUnitStandard:ZZUnitStandard_id:2679
*,4462,Y,16Q160185681302,,ZZUnitStandard:ZZUnitStandard_id:2681
*,4463,Y,16Q160185681302,,ZZUnitStandard:ZZUnitStandard_id:2752
*,4464,Y,16Q160184421383,,ZZUnitStandard:ZZUnitStandard_id:4
*,4465,Y,16Q160184421383,,ZZUnitStandard:ZZUnitStandard_id:488
*,4466,Y,16Q160184421383,,ZZUnitStandard:ZZUnitStandard_id:741
*,4467,Y,16Q160184421383,,ZZUnitStandard:ZZUnitStandard_id:843
*,4468,Y,16Q160184421383,,ZZUnitStandard:ZZUnitStandard_id:951
*,4469,Y,16Q160184421383,,ZZUnitStandard:ZZUnitStandard_id:963
*,4470,Y,16Q160184421383,,ZZUnitStandard:ZZUnitStandard_id:964
*,4471,Y,16Q160184421383,,ZZUnitStandard:ZZUnitStandard_id:1188
*,4472,Y,16Q160184421383,,ZZUnitStandard:ZZUnitStandard_id:1190
*,4473,Y,16Q160184421383,,ZZUnitStandard:ZZUnitStandard_id:1196
*,4474,Y,16Q160184421383,,ZZUnitStandard:ZZUnitStandard_id:1241
*,4475,Y,16Q160184421383,,ZZUnitStandard:ZZUnitStandard_id:1303
*,4476,Y,16Q160184421383,,ZZUnitStandard:ZZUnitStandard_id:1518
*,4477,Y,16Q160184421383,,ZZUnitStandard:ZZUnitStandard_id:1713
*,4478,Y,16Q160184421383,,ZZUnitStandard:ZZUnitStandard_id:1716
*,4479,Y,16Q160184421383,,ZZUnitStandard:ZZUnitStandard_id:1728
*,4480,Y,16Q160184421383,,ZZUnitStandard:ZZUnitStandard_id:1853
*,4481,Y,16Q160184421383,,ZZUnitStandard:ZZUnitStandard_id:2181
*,4482,Y,16Q160184421383,,ZZUnitStandard:ZZUnitStandard_id:2201
*,4483,Y,16Q160184421383,,ZZUnitStandard:ZZUnitStandard_id:2202
*,4484,Y,16Q160184421383,,ZZUnitStandard:ZZUnitStandard_id:2218
*,4485,Y,16Q160184421383,,ZZUnitStandard:ZZUnitStandard_id:2221
*,4486,Y,16Q160184421383,,ZZUnitStandard:ZZUnitStandard_id:2287
*,4487,Y,16Q160184421383,,ZZUnitStandard:ZZUnitStandard_id:2747
*,4488,Y,16Q160184421383,,ZZUnitStandard:ZZUnitStandard_id:3326
*,4489,Y,16Q160184421383,,ZZUnitStandard:ZZUnitStandard_id:3327
*,4490,Y,16Q160184421383,,ZZUnitStandard:ZZUnitStandard_id:3328
*,4491,Y,16Q160184421383,,ZZUnitStandard:ZZUnitStandard_id:3329
*,4492,Y,16Q160184421383,,ZZUnitStandard:ZZUnitStandard_id:3330
*,4493,Y,16Q160184421383,,ZZUnitStandard:ZZUnitStandard_id:3331
*,4494,Y,16Q160184421383,,ZZUnitStandard:ZZUnitStandard_id:3332
*,4495,Y,16Q160184421383,,ZZUnitStandard:ZZUnitStandard_id:3333
*,4496,Y,16Q160184421383,,ZZUnitStandard:ZZUnitStandard_id:3335
*,4497,Y,16Q160184421383,,ZZUnitStandard:ZZUnitStandard_id:3336
*,4498,Y,16Q160184421383,,ZZUnitStandard:ZZUnitStandard_id:3337
*,4499,Y,16Q160184421383,,ZZUnitStandard:ZZUnitStandard_id:3338
*,4500,Y,16Q160184421383,,ZZUnitStandard:ZZUnitStandard_id:3342
*,4501,Y,16Q160184421383,,ZZUnitStandard:ZZUnitStandard_id:3346
*,4502,Y,16Q160184421383,,ZZUnitStandard:ZZUnitStandard_id:3347
*,4503,Y,16Q160184421383,,ZZUnitStandard:ZZUnitStandard_id:3348
*,4504,Y,16Q160184421383,,ZZUnitStandard:ZZUnitStandard_id:3349
*,4505,Y,16Q160184421383,,ZZUnitStandard:ZZUnitStandard_id:3352
*,4506,Y,16Q160184421383,,ZZUnitStandard:ZZUnitStandard_id:3918
*,4507,Y,16Q160193001404 (A),,ZZUnitStandard:ZZUnitStandard_id:122
*,4508,Y,16Q160193001404 (A),,ZZUnitStandard:ZZUnitStandard_id:132
*,4509,Y,16Q160193001404 (A),,ZZUnitStandard:ZZUnitStandard_id:455
*,4510,Y,16Q160193001404 (A),,ZZUnitStandard:ZZUnitStandard_id:458
*,4511,Y,16Q160193001404 (A),,ZZUnitStandard:ZZUnitStandard_id:663
*,4512,Y,16Q160193001404 (A),,ZZUnitStandard:ZZUnitStandard_id:768
*,4513,Y,16Q160193001404 (A),,ZZUnitStandard:ZZUnitStandard_id:1087
*,4514,Y,16Q160193001404 (A),,ZZUnitStandard:ZZUnitStandard_id:1088
*,4515,Y,16Q160193001404 (A),,ZZUnitStandard:ZZUnitStandard_id:1090
*,4516,Y,16Q160193001404 (A),,ZZUnitStandard:ZZUnitStandard_id:1092
*,4517,Y,16Q160193001404 (A),,ZZUnitStandard:ZZUnitStandard_id:1179
*,4518,Y,16Q160193001404 (A),,ZZUnitStandard:ZZUnitStandard_id:1189
*,4519,Y,16Q160193001404 (A),,ZZUnitStandard:ZZUnitStandard_id:1197
*,4520,Y,16Q160193001404 (A),,ZZUnitStandard:ZZUnitStandard_id:1198
*,4521,Y,16Q160193001404 (A),,ZZUnitStandard:ZZUnitStandard_id:1567
*,4522,Y,16Q160193001404 (A),,ZZUnitStandard:ZZUnitStandard_id:1880
*,4523,Y,16Q160193001404 (A),,ZZUnitStandard:ZZUnitStandard_id:1884
*,4524,Y,16Q160193001404 (A),,ZZUnitStandard:ZZUnitStandard_id:2161
*,4525,Y,16Q160193001404 (A),,ZZUnitStandard:ZZUnitStandard_id:2201
*,4526,Y,16Q160193001404 (A),,ZZUnitStandard:ZZUnitStandard_id:2202
*,4527,Y,16Q160193001404 (A),,ZZUnitStandard:ZZUnitStandard_id:2214
*,4528,Y,16Q160193001404 (A),,ZZUnitStandard:ZZUnitStandard_id:2215
*,4529,Y,16Q160193001404 (A),,ZZUnitStandard:ZZUnitStandard_id:2218
*,4530,Y,16Q160193001404 (A),,ZZUnitStandard:ZZUnitStandard_id:2221
*,4531,Y,16Q160193001404 (A),,ZZUnitStandard:ZZUnitStandard_id:2406
*,4532,Y,16Q160193001404 (A),,ZZUnitStandard:ZZUnitStandard_id:2428
*,4533,Y,16Q160193001404 (A),,ZZUnitStandard:ZZUnitStandard_id:2429
*,4534,Y,16Q160193001404 (A),,ZZUnitStandard:ZZUnitStandard_id:2430
*,4535,Y,16Q160193001404 (A),,ZZUnitStandard:ZZUnitStandard_id:2432
*,4536,Y,16Q160193001404 (A),,ZZUnitStandard:ZZUnitStandard_id:2434
*,4537,Y,16Q160193001404 (A),,ZZUnitStandard:ZZUnitStandard_id:2436
*,4538,Y,16Q160193001404 (A),,ZZUnitStandard:ZZUnitStandard_id:2437
*,4539,Y,16Q160193001404 (A),,ZZUnitStandard:ZZUnitStandard_id:2440
*,4540,Y,16Q160193001404 (A),,ZZUnitStandard:ZZUnitStandard_id:3537
*,4541,Y,16Q160193001404 (A),,ZZUnitStandard:ZZUnitStandard_id:3538
*,4542,Y,16Q160193001404 (A),,ZZUnitStandard:ZZUnitStandard_id:3539
*,4543,Y,16Q160193001404 (A),,ZZUnitStandard:ZZUnitStandard_id:3541
*,4544,Y,16Q160193001404 (A),,ZZUnitStandard:ZZUnitStandard_id:3542
*,4545,Y,16Q160193001404 (A),,ZZUnitStandard:ZZUnitStandard_id:3544
*,4546,Y,16Q160193001404 (A),,ZZUnitStandard:ZZUnitStandard_id:3545
*,4547,Y,16Q160193001404 (A),,ZZUnitStandard:ZZUnitStandard_id:3547
*,4548,Y,16Q160177511383,,ZZUnitStandard:ZZUnitStandard_id:4
*,4549,Y,16Q160177511383,,ZZUnitStandard:ZZUnitStandard_id:488
*,4550,Y,16Q160177511383,,ZZUnitStandard:ZZUnitStandard_id:741
*,4551,Y,16Q160177511383,,ZZUnitStandard:ZZUnitStandard_id:843
*,4552,Y,16Q160177511383,,ZZUnitStandard:ZZUnitStandard_id:951
*,4553,Y,16Q160177511383,,ZZUnitStandard:ZZUnitStandard_id:964
*,4554,Y,16Q160177511383,,ZZUnitStandard:ZZUnitStandard_id:1188
*,4555,Y,16Q160177511383,,ZZUnitStandard:ZZUnitStandard_id:1190
*,4556,Y,16Q160177511383,,ZZUnitStandard:ZZUnitStandard_id:1196
*,4557,Y,16Q160177511383,,ZZUnitStandard:ZZUnitStandard_id:1241
*,4558,Y,16Q160177511383,,ZZUnitStandard:ZZUnitStandard_id:1303
*,4559,Y,16Q160177511383,,ZZUnitStandard:ZZUnitStandard_id:1518
*,4560,Y,16Q160177511383,,ZZUnitStandard:ZZUnitStandard_id:1713
*,4561,Y,16Q160177511383,,ZZUnitStandard:ZZUnitStandard_id:1716
*,4562,Y,16Q160177511383,,ZZUnitStandard:ZZUnitStandard_id:1728
*,4563,Y,16Q160177511383,,ZZUnitStandard:ZZUnitStandard_id:1853
*,4564,Y,16Q160177511383,,ZZUnitStandard:ZZUnitStandard_id:2181
*,4565,Y,16Q160177511383,,ZZUnitStandard:ZZUnitStandard_id:2193
*,4566,Y,16Q160177511383,,ZZUnitStandard:ZZUnitStandard_id:2201
*,4567,Y,16Q160177511383,,ZZUnitStandard:ZZUnitStandard_id:2202
*,4568,Y,16Q160177511383,,ZZUnitStandard:ZZUnitStandard_id:2218
*,4569,Y,16Q160177511383,,ZZUnitStandard:ZZUnitStandard_id:2221
*,4570,Y,16Q160177511383,,ZZUnitStandard:ZZUnitStandard_id:2287
*,4571,Y,16Q160177511383,,ZZUnitStandard:ZZUnitStandard_id:2747
*,4572,Y,16Q160177511383,,ZZUnitStandard:ZZUnitStandard_id:2949
*,4573,Y,16Q160177511383,,ZZUnitStandard:ZZUnitStandard_id:3326
*,4574,Y,16Q160177511383,,ZZUnitStandard:ZZUnitStandard_id:3327
*,4575,Y,16Q160177511383,,ZZUnitStandard:ZZUnitStandard_id:3328
*,4576,Y,16Q160177511383,,ZZUnitStandard:ZZUnitStandard_id:3329
*,4577,Y,16Q160177511383,,ZZUnitStandard:ZZUnitStandard_id:3330
*,4578,Y,16Q160177511383,,ZZUnitStandard:ZZUnitStandard_id:3331
*,4579,Y,16Q160177511383,,ZZUnitStandard:ZZUnitStandard_id:3332
*,4580,Y,16Q160177511383,,ZZUnitStandard:ZZUnitStandard_id:3333
*,4581,Y,16Q160177511383,,ZZUnitStandard:ZZUnitStandard_id:3334
*,4582,Y,16Q160177511383,,ZZUnitStandard:ZZUnitStandard_id:3335
*,4583,Y,16Q160177511383,,ZZUnitStandard:ZZUnitStandard_id:3336
*,4584,Y,16Q160177511383,,ZZUnitStandard:ZZUnitStandard_id:3337
*,4585,Y,16Q160177511383,,ZZUnitStandard:ZZUnitStandard_id:3338
*,4586,Y,16Q160177511383,,ZZUnitStandard:ZZUnitStandard_id:3339
*,4587,Y,16Q160177511383,,ZZUnitStandard:ZZUnitStandard_id:3340
*,4588,Y,16Q160177511383,,ZZUnitStandard:ZZUnitStandard_id:3341
*,4589,Y,16Q160177511383,,ZZUnitStandard:ZZUnitStandard_id:3342
*,4590,Y,16Q160177511383,,ZZUnitStandard:ZZUnitStandard_id:3343
*,4591,Y,16Q160177511383,,ZZUnitStandard:ZZUnitStandard_id:3345
*,4592,Y,16Q160177511383,,ZZUnitStandard:ZZUnitStandard_id:3346
*,4593,Y,16Q160177511383,,ZZUnitStandard:ZZUnitStandard_id:3347
*,4594,Y,16Q160177511383,,ZZUnitStandard:ZZUnitStandard_id:3348
*,4595,Y,16Q160177511383,,ZZUnitStandard:ZZUnitStandard_id:3349
*,4596,Y,16Q160177511383,,ZZUnitStandard:ZZUnitStandard_id:3350
*,4597,Y,16Q160177511383,,ZZUnitStandard:ZZUnitStandard_id:3352
*,4598,Y,16Q160177511383,,ZZUnitStandard:ZZUnitStandard_id:3917
*,4599,Y,16Q160177511383,,ZZUnitStandard:ZZUnitStandard_id:3918
*,4600,Y,16Q160095671292,,ZZUnitStandard:ZZUnitStandard_id:117
*,4601,Y,16Q160095671292,,ZZUnitStandard:ZZUnitStandard_id:375
*,4602,Y,16Q160095671292,,ZZUnitStandard:ZZUnitStandard_id:376
*,4603,Y,16Q160095671292,,ZZUnitStandard:ZZUnitStandard_id:379
*,4604,Y,16Q160095671292,,ZZUnitStandard:ZZUnitStandard_id:380
*,4605,Y,16Q160095671292,,ZZUnitStandard:ZZUnitStandard_id:381
*,4606,Y,16Q160095671292,,ZZUnitStandard:ZZUnitStandard_id:382
*,4607,Y,16Q160095671292,,ZZUnitStandard:ZZUnitStandard_id:394
*,4608,Y,16Q160095671292,,ZZUnitStandard:ZZUnitStandard_id:396
*,4609,Y,16Q160095671292,,ZZUnitStandard:ZZUnitStandard_id:399
*,4610,Y,16Q160095671292,,ZZUnitStandard:ZZUnitStandard_id:407
*,4611,Y,16Q160095671292,,ZZUnitStandard:ZZUnitStandard_id:411
*,4612,Y,16Q160095671292,,ZZUnitStandard:ZZUnitStandard_id:472
*,4613,Y,16Q160095671292,,ZZUnitStandard:ZZUnitStandard_id:529
*,4614,Y,16Q160095671292,,ZZUnitStandard:ZZUnitStandard_id:530
*,4615,Y,16Q160095671292,,ZZUnitStandard:ZZUnitStandard_id:531
*,4616,Y,16Q160095671292,,ZZUnitStandard:ZZUnitStandard_id:606
*,4617,Y,16Q160095671292,,ZZUnitStandard:ZZUnitStandard_id:618
*,4618,Y,16Q160095671292,,ZZUnitStandard:ZZUnitStandard_id:770
*,4619,Y,16Q160095671292,,ZZUnitStandard:ZZUnitStandard_id:930
*,4620,Y,16Q160095671292,,ZZUnitStandard:ZZUnitStandard_id:985
*,4621,Y,16Q160095671292,,ZZUnitStandard:ZZUnitStandard_id:1034
*,4622,Y,16Q160095671292,,ZZUnitStandard:ZZUnitStandard_id:1049
*,4623,Y,16Q160095671292,,ZZUnitStandard:ZZUnitStandard_id:1185
*,4624,Y,16Q160095671292,,ZZUnitStandard:ZZUnitStandard_id:1186
*,4625,Y,16Q160095671292,,ZZUnitStandard:ZZUnitStandard_id:1194
*,4626,Y,16Q160095671292,,ZZUnitStandard:ZZUnitStandard_id:1229
*,4627,Y,16Q160095671292,,ZZUnitStandard:ZZUnitStandard_id:1233
*,4628,Y,16Q160095671292,,ZZUnitStandard:ZZUnitStandard_id:1234
*,4629,Y,16Q160095671292,,ZZUnitStandard:ZZUnitStandard_id:1514
*,4630,Y,16Q160095671292,,ZZUnitStandard:ZZUnitStandard_id:1726
*,4631,Y,16Q160095671292,,ZZUnitStandard:ZZUnitStandard_id:2340
*,4632,Y,16Q160095671292,,ZZUnitStandard:ZZUnitStandard_id:2355
*,4633,Y,16Q160095671292,,ZZUnitStandard:ZZUnitStandard_id:2356
*,4634,Y,16Q160095671292,,ZZUnitStandard:ZZUnitStandard_id:2357
*,4635,Y,16Q160095671292,,ZZUnitStandard:ZZUnitStandard_id:2358
*,4636,Y,16Q160095671292,,ZZUnitStandard:ZZUnitStandard_id:2359
*,4637,Y,16Q160095671292,,ZZUnitStandard:ZZUnitStandard_id:2360
*,4638,Y,16Q160095671292,,ZZUnitStandard:ZZUnitStandard_id:2361
*,4639,Y,16Q160095671292,,ZZUnitStandard:ZZUnitStandard_id:2450
*,4640,Y,16Q160095671292,,ZZUnitStandard:ZZUnitStandard_id:2452
*,4641,Y,16Q160095671292,,ZZUnitStandard:ZZUnitStandard_id:2453
*,4642,Y,16Q160095671292,,ZZUnitStandard:ZZUnitStandard_id:2533
*,4643,Y,16Q160095671292,,ZZUnitStandard:ZZUnitStandard_id:2534
*,4644,Y,16Q160095671292,,ZZUnitStandard:ZZUnitStandard_id:2535
*,4645,Y,16Q160095671292,,ZZUnitStandard:ZZUnitStandard_id:2536
*,4646,Y,16Q160095671292,,ZZUnitStandard:ZZUnitStandard_id:2537
*,4647,Y,16Q160095671292,,ZZUnitStandard:ZZUnitStandard_id:2538
*,4648,Y,16Q160095671292,,ZZUnitStandard:ZZUnitStandard_id:2539
*,4649,Y,16Q160095671292,,ZZUnitStandard:ZZUnitStandard_id:2541
*,4650,Y,16Q160095671292,,ZZUnitStandard:ZZUnitStandard_id:2542
*,4651,Y,16Q160095671292,,ZZUnitStandard:ZZUnitStandard_id:2543
*,4652,Y,16Q160095671292,,ZZUnitStandard:ZZUnitStandard_id:2544
*,4653,Y,16Q160095671292,,ZZUnitStandard:ZZUnitStandard_id:2545
*,4654,Y,16Q160095671292,,ZZUnitStandard:ZZUnitStandard_id:2546
*,4655,Y,16Q160095671292,,ZZUnitStandard:ZZUnitStandard_id:2547
*,4656,Y,16Q160095671292,,ZZUnitStandard:ZZUnitStandard_id:2548
*,4657,Y,16Q160095671292,,ZZUnitStandard:ZZUnitStandard_id:2549
*,4658,Y,16Q160095671292,,ZZUnitStandard:ZZUnitStandard_id:2550
*,4659,Y,16Q160095671292,,ZZUnitStandard:ZZUnitStandard_id:2551
*,4660,Y,16Q160095671292,,ZZUnitStandard:ZZUnitStandard_id:2552
*,4661,Y,16Q160095671292,,ZZUnitStandard:ZZUnitStandard_id:2553
*,4662,Y,16Q160095671292,,ZZUnitStandard:ZZUnitStandard_id:2633
*,4663,Y,16Q160095671292,,ZZUnitStandard:ZZUnitStandard_id:2634
*,4664,Y,16Q160095671292,,ZZUnitStandard:ZZUnitStandard_id:3357
*,4665,Y,Test16q887780887654,,ZZUnitStandard:ZZUnitStandard_id:930
*,4666,Y,Test16q887780887654,,ZZUnitStandard:ZZUnitStandard_id:985
*,4667,Y,Test16q887780887654,,ZZUnitStandard:ZZUnitStandard_id:2450
*,4668,Y,Test16q887780887654,,ZZUnitStandard:ZZUnitStandard_id:2453
*,4669,Y,Test16q887780887654,,ZZUnitStandard:ZZUnitStandard_id:2452
*,4670,Y,Test16q887780887654,,ZZUnitStandard:ZZUnitStandard_id:2340
*,4671,Y,Test16q887780887654,,ZZUnitStandard:ZZUnitStandard_id:1726
*,4672,Y,Test16q887780887654,,ZZUnitStandard:ZZUnitStandard_id:1034
*,4673,Y,Test16q887780887654,,ZZUnitStandard:ZZUnitStandard_id:2535
*,4674,Y,Test16q887780887654,,ZZUnitStandard:ZZUnitStandard_id:1234
*,4675,Y,Test16q887780887654,,ZZUnitStandard:ZZUnitStandard_id:2537
*,4676,Y,Test16q887780887654,,ZZUnitStandard:ZZUnitStandard_id:2534
*,4677,Y,Test16q887780887654,,ZZUnitStandard:ZZUnitStandard_id:2533
*,4678,Y,Test16q887780887654,,ZZUnitStandard:ZZUnitStandard_id:2536
*,4679,Y,Test16q887780887654,,ZZUnitStandard:ZZUnitStandard_id:2633
*,4680,Y,Test16q887780887654,,ZZUnitStandard:ZZUnitStandard_id:1185
*,4681,Y,Test16q887780887654,,ZZUnitStandard:ZZUnitStandard_id:1514
*,4682,Y,Test16q887780887654,,ZZUnitStandard:ZZUnitStandard_id:1186
*,4683,Y,Test16q887780887654,,ZZUnitStandard:ZZUnitStandard_id:1516
*,4684,Y,Test16q887780887654,,ZZUnitStandard:ZZUnitStandard_id:1194
*,4685,Y,Test16q887780887654,,ZZUnitStandard:ZZUnitStandard_id:3987
*,4686,Y,1Test234567890,,ZZUnitStandard:ZZUnitStandard_id:3970
*,4687,Y,test21062024,,ZZUnitStandard:ZZUnitStandard_id:3970
*,4688,Y,test21062024,,ZZUnitStandard:ZZUnitStandard_id:177
*,4689,Y,test21062024,,ZZUnitStandard:ZZUnitStandard_id:178
*,4690,Y,test21062024,,ZZUnitStandard:ZZUnitStandard_id:1133
*,4691,Y,test21062024,,ZZUnitStandard:ZZUnitStandard_id:1305
*,4692,Y,test21062024,,ZZUnitStandard:ZZUnitStandard_id:3217
*,4693,Y,test21062024,,ZZUnitStandard:ZZUnitStandard_id:1806
*,4694,Y,test21062024,,ZZUnitStandard:ZZUnitStandard_id:3987
*,4695,Y,test21062024,,ZZUnitStandard:ZZUnitStandard_id:1131
*,4696,Y,test21062024,,ZZUnitStandard:ZZUnitStandard_id:176
*,4697,Y,test21062024,,ZZUnitStandard:ZZUnitStandard_id:3939
*,4698,Y,test21062024,,ZZUnitStandard:ZZUnitStandard_id:1674
*,4699,Y,test21062024,,ZZUnitStandard:ZZUnitStandard_id:1883
*,4700,Y,test21062024,,ZZUnitStandard:ZZUnitStandard_id:4061
*,4701,Y,test21062024,,ZZUnitStandard:ZZUnitStandard_id:4062
*,4702,Y,test21062024,,ZZUnitStandard:ZZUnitStandard_id:1801
*,4703,Y,test21062024,,ZZUnitStandard:ZZUnitStandard_id:1807
*,4704,Y,test21062024,,ZZUnitStandard:ZZUnitStandard_id:2373
*,4705,Y,test21062024,,ZZUnitStandard:ZZUnitStandard_id:2372
*,4706,Y,test21062024,,ZZUnitStandard:ZZUnitStandard_id:978
*,4707,Y,test21062024,,ZZUnitStandard:ZZUnitStandard_id:1689
*,4708,Y,test21062024,,ZZUnitStandard:ZZUnitStandard_id:3257
*,4709,Y,test21062024,,ZZUnitStandard:ZZUnitStandard_id:1632
*,4710,Y,16Q2025030,,ZZUnitStandard:ZZUnitStandard_id:3939
*,4711,Y,16Q2025030,,ZZUnitStandard:ZZUnitStandard_id:4062
*,4712,Y,16Q2025030,,ZZUnitStandard:ZZUnitStandard_id:4489
