"ZZOfoYear_ID[ZZOfoYear]","Value","Name","ZZMigrationCode","ZZOfoLevelType","IsSummary"
2022,"2021-111101",Local or Provincial Government Legislator,1,,N
2022,"2021-111102",Parliamentarian,2,,N
2022,"2021-111201",Defence Force Senior Officer,3,,N
2022,"2021-111202",General Manager Public Service,4,,N
2022,"2021-111203",Local Authority Manager,5,,N
2022,"2021-111204",Senior Government Official,6,,N
2022,"2021-111205",Senior Police Officer,7,,N
2022,"2021-111206",Ombudsperson,8,,N
2022,"2021-111207",Senior Government Manager,9,,N
2022,"2021-111301",Traditional Leader,10,,N
2022,"2021-111401",Elected Official,11,,N
2022,"2021-111402",Trade Union Representative,12,,N
2022,"2021-111403",Political Party Representative,13,,N
2022,"2021-112101",Director (Enterprise / Organisation),14,,N
2022,"2021-121101",Finance Manager,15,,N
2022,"2021-121102",Payroll Manager,16,,N
2022,"2021-121103",Credit Manager,17,,N
2022,"2021-121104",Internal Audit Manager,18,,N
2022,"2021-121201",Human Resource Manager,19,,N
2022,"2021-121202",Business Training Manager,20,,N
2022,"2021-121203",Compensation and Benefits Manager,21,,N
2022,"2021-121204",Recruitment Manager,22,,N
2022,"2021-121205",Employee Wellness Manager,23,,N
2022,"2021-121206",Health and Safety Manager,24,,N
2022,"2021-121207",Personnel Manager,25,,N
2022,"2021-121301",Policy and Planning Manager,26,,N
2022,"2021-121901",Corporate General Manager,27,,N
2022,"2021-121902",Corporate Services Manager,28,,N
2022,"2021-121903",Physical Asset Manager,29,,N
2022,"2021-121904",Contract Manager,30,,N
2022,"2021-121905",Programme or Project Manager,31,,N
2022,"2021-121906",Franchise Manager,32,,N
2022,"2021-121908",Quality Systems Manager,33,,N
2022,"2021-121909",Sustainability Manager,34,,N
2022,"2021-121910",Water Asset Manager,35,,N
2022,"2021-122101",Sales and Marketing Manager,36,,N
2022,"2021-122102",Sales Manager,37,,N
2022,"2021-122103",Director of Marketing,38,,N
2022,"2021-122104",Interactive and Direct Marketing Strategist,39,,N
2022,"2021-122105",Customer Service Manager,40,,N
2022,"2021-122201",Advertising and Public Relations Manager,41,,N
2022,"2021-122301",Research and Development Manager,42,,N
2022,"2021-131101",Agricultural Farm Manager,43,,N
2022,"2021-131102",Forestry Operations Manager ,44,,N
2022,"2021-131103",Forestry Operations Supervisor,45,,N
2022,"2021-131201",Aquaculture Farm Manager,46,,N
2022,"2021-132101",Manufacturer,47,,N
2022,"2021-132102",Manufacturing Operations Manager,48,,N
2022,"2021-132104",Engineering Manager,49,,N
2022,"2021-132105",Power Generation Operations Manager,50,,N
2022,"2021-132106",Manufacturing Quality Manager,51,,N
2022,"2021-132107",Quality Manager,52,,N
2022,"2021-132108",Metrologist,53,,N
2022,"2021-132109",Quality Systems Auditor,54,,N
2022,"2021-132201",Mining Manager,55,,N
2022,"2021-132202",Mineral Resources Manager,56,,N
2022,"2021-132203",Rock Engineering Manager,57,,N
2022,"2021-132301",Construction Project Manager,58,,N
2022,"2021-132302",Project Builder,59,,N
2022,"2021-132401",Supply and Distribution Manager,60,,N
2022,"2021-132402",Logistics Manager,61,,N
2022,"2021-132403",Road Transport Manager,62,,N
2022,"2021-132404",Warehouse Manager,63,,N
2022,"2021-132405",Fleet Manager,64,,N
2022,"2021-132406",Railway Station Manager,65,,N
2022,"2021-132407",Airport or Harbour Manager,66,,N
2022,"2021-132408",Grain Depot Manager,67,,N
2022,"2021-132409",Fuel Manager,68,,N
2022,"2021-132410",Maritime Search and Rescue Mission Coordinator,69,,N
2022,"2021-133101",Chief Information Officer,70,,N
2022,"2021-133102",ICT Project Manager,71,,N
2022,"2021-133103",Data Management Manager,72,,N
2022,"2021-133104",Application Development Manager,73,,N
2022,"2021-133105",Information Technology Manager,74,,N
2022,"2021-133106",Information Systems Director,75,,N
2022,"2021-134101",Child Care Centre Manager,76,,N
2022,"2021-134201",Medical Superintendent,77,,N
2022,"2021-134202",Nursing Clinical Director,78,,N
2022,"2021-134203",Primary Health Care Manager,79,,N
2022,"2021-134204",Secondary Health Services Manager,80,,N
2022,"2021-134205",Health Service Specialised Clinic Manager,81,,N
2022,"2021-134206",Sport Science Manager,82,,N
2022,"2021-134207",Community Health Manager,83,,N
2022,"2021-134301",Special Care Accommodation Manager,84,,N
2022,"2021-134401",Social Services Manager,85,,N
2022,"2021-134402",Community Development Manager,86,,N
2022,"2021-134403",Child and Youth Care Manager,87,,N
2022,"2021-134501",School Principal,88,,N
2022,"2021-134502",College Principal,89,,N
2022,"2021-134503",Faculty Head,90,,N
2022,"2021-134504",District Education Manager,91,,N
2022,"2021-134505",Educational Rector,92,,N
2022,"2021-134506",Educational Registrar,93,,N
2022,"2021-134507",Departmental Head,94,,N
2022,"2021-134601",Bank Manager,95,,N
2022,"2021-134602",Credit Bureau Manager,96,,N
2022,"2021-134603",Financial Markets Business Manager,97,,N
2022,"2021-134701",Military Manager,98,,N
2022,"2021-134702",Military Commander,99,,N
2022,"2021-134703",Military Warrant Officer,100,,N
2022,"2021-134901",Environmental Manager,101,,N
2022,"2021-134902",Laboratory Manager,102,,N
2022,"2021-134903",Small Business Manager,103,,N
2022,"2021-134904",Office Manager,104,,N
2022,"2021-134905",Judicial Court Manager,105,,N
2022,"2021-134906",Practice Manager,106,,N
2022,"2021-134907",Archives Manager,107,,N
2022,"2021-134908",Library Manager,108,,N
2022,"2021-134909",Museum Manager,109,,N
2022,"2021-134911",Insurance Policy Administration Manager,110,,N
2022,"2021-134912",Commissioned Fire and Rescue Officer,111,,N
2022,"2021-134913",Commissioned Police Officer,112,,N
2022,"2021-134914",Correctional Services Manager,113,,N
2022,"2021-134915",Non Manufacturing Operations Manager,114,,N
2022,"2021-134916",Non Manufacturing Operations Foreman,115,,N
2022,"2021-134917",Publisher,116,,N
2022,"2021-134918",Water production and Supply Manager,117,,N
2022,"2021-134919",Traffic and Law Enforcement Manager,118,,N
2022,"2021-134920",Community Correctional Manager,119,,N
2022,"2021-134921",Disaster Management Manager ,120,,N
2022,"2021-141101",Hotel or Motel Manager,121,,N
2022,"2021-141102",Guest House Manager,122,,N
2022,"2021-141103",Reception Manager,123,,N
2022,"2021-141201",Café (Licensed) or Restaurant Manager,124,,N
2022,"2021-141202",Licensed Club Manager,125,,N
2022,"2021-141203",Catering Production Manager,126,,N
2022,"2021-141204",Reservations Manager,127,,N
2022,"2021-142101",Importer or Exporter,128,,N
2022,"2021-142102",Wholesaler,129,,N
2022,"2021-142103",Retail General Manager,130,,N
2022,"2021-142104",Post Office Manager,131,,N
2022,"2021-143101",Betting Agency Manager,132,,N
2022,"2021-143102",Gaming Manager,133,,N
2022,"2021-143103",Cinema or Theatre Manager,134,,N
2022,"2021-143104",Arts / Culture Manager,135,,N
2022,"2021-143105",Sports Administrator,136,,N
2022,"2021-143106",Amusement Centre Manager,137,,N
2022,"2021-143107",Fitness Centre Manager,138,,N
2022,"2021-143108",Facility Centre Manager,139,,N
2022,"2021-143109",Club Membership Manager,140,,N
2022,"2021-143901",Facilities Manager,141,,N
2022,"2021-143902",Cleaning Services Manager,142,,N
2022,"2021-143903",Boarding Kennel or Cattery Manager,143,,N
2022,"2021-143904",Security Services Manager,144,,N
2022,"2021-143905",Call or Contact Centre Manager,145,,N
2022,"2021-143906",Caravan Park and Camping Ground Manager,146,,N
2022,"2021-143907",Dockmaster,147,,N
2022,"2021-143908",Travel Accommodation Inspector,148,,N
2022,"2021-143909",Travel Agency Manager,149,,N
2022,"2021-211101",Physicist,150,,N
2022,"2021-211201",Meteorologist,151,,N
2022,"2021-211205",Climate Change Scientist,152,,N
2022,"2021-211301",Chemist,153,,N
2022,"2021-211302",Manufacturing Research Chemist,154,,N
2022,"2021-211401",Geologist,155,,N
2022,"2021-211402",Geophysicist,156,,N
2022,"2021-211403",Materials Scientist,157,,N
2022,"2021-211404",Gemologist,158,,N
2022,"2021-211405",Mineralogist,159,,N
2022,"2021-211406",Hydrologist,160,,N
2022,"2021-211407",Oceanographer,161,,N
2022,"2021-212101",Actuary,162,,N
2022,"2021-212102",Mathematician,163,,N
2022,"2021-212103",Statistician,164,,N
2022,"2021-213101",Animal Behaviourist,165,,N
2022,"2021-213102",General Biologist,166,,N
2022,"2021-213103",Anatomist or Physiologist,167,,N
2022,"2021-213104",Biochemist,168,,N
2022,"2021-213105",Biotechnologist,169,,N
2022,"2021-213106",Botanist,170,,N
2022,"2021-213107",Marine Biologist,171,,N
2022,"2021-213108",Microbiologist,172,,N
2022,"2021-213109",Zoologist,173,,N
2022,"2021-213110",Medical Scientist,174,,N
2022,"2021-213111",Pharmaceutical Physician,175,,N
2022,"2021-213201",Agriculture Consultant,176,,N
2022,"2021-213202",Agricultural Scientist,177,,N
2022,"2021-213203",Forest Scientist,178,,N
2022,"2021-213204",Wine Maker,179,,N
2022,"2021-213205",Food and Beverage Scientist,180,,N
2022,"2021-213301",Conservation Scientist,181,,N
2022,"2021-213302",Environmental Scientist,182,,N
2022,"2021-213304",Earth and Soil Scientist,183,,N
2022,"2021-213305",Air Quality Analyst,184,,N
2022,"2021-213306",Water Quality Analyst,185,,N
2022,"2021-213307",Park Ranger,186,,N
2022,"2021-213308",Brownfield Redevelopment Specialist,187,,N
2022,"2021-213309",Toxicologist,188,,N
2022,"2021-213310",Biodiversity Planner ,189,,N
2022,"2021-214101",Industrial Engineer,190,,N
2022,"2021-214102",Industrial Engineering Technologist,191,,N
2022,"2021-214103",Production Engineer,192,,N
2022,"2021-214104",Production Engineering Technologist,193,,N
2022,"2021-214105",Energy Efficiency Manager,194,,N
2022,"2021-214201",Civil Engineer,195,,N
2022,"2021-214202",Civil Engineering Technologist,196,,N
2022,"2021-214301",Environmental Engineer,197,,N
2022,"2021-214302",Environmental Impact and Restoration Analyst,198,,N
2022,"2021-214401",Mechanical Engineer,199,,N
2022,"2021-214402",Mechanical Engineering Technologist,200,,N
2022,"2021-214403",Aeronautical Engineer,201,,N
2022,"2021-214404",Aeronautical Engineering Technologist,202,,N
2022,"2021-214405",Naval Architect,203,,N
2022,"2021-214406",Marine Engineering Technologist,204,,N
2022,"2021-214407",Defence Industry Armament Engineer,205,,N
2022,"2021-214408",Defence Industry Armament Engineering Technologist,206,,N
2022,"2021-214501",Chemical Engineer,207,,N
2022,"2021-214502",Chemical Engineering Technologist,208,,N
2022,"2021-214503",Explosives and Dangerous Goods Inspector,209,,N
2022,"2021-214601",Mining Engineer ,210,,N
2022,"2021-214602",Mining Engineering Technologist,211,,N
2022,"2021-214603",Metallurgical Engineer,212,,N
2022,"2021-214604",Metallurgical Engineering Technologist,213,,N
2022,"2021-214605",Metallurgist,214,,N
2022,"2021-214607",Petroleum Engineer,215,,N
2022,"2021-214901",Biomedical Engineer,216,,N
2022,"2021-214902",Explosive Ordnance Engineer,217,,N
2022,"2021-214903",Marine Salvage Engineer,218,,N
2022,"2021-214904",Quantity Surveyor,219,,N
2022,"2021-214905",Agricultural Engineer,220,,N
2022,"2021-214906",Agricultural Engineering Technologist,221,,N
2022,"2021-214907",Materials Engineer,222,,N
2022,"2021-214908",Materials Engineering Technologist,223,,N
2022,"2021-214909",Microsystems Engineers,224,,N
2022,"2021-215101",Electrical Engineer,225,,N
2022,"2021-215102",Electrical Engineering Technologist,226,,N
2022,"2021-215103",Energy Engineer,227,,N
2022,"2021-215104",Energy Engineering Technologist,228,,N
2022,"2021-215201",Electronics Engineer,229,,N
2022,"2021-215202",Electronics Engineering Technologist,230,,N
2022,"2021-215301",Telecommunications Engineer,231,,N
2022,"2021-215302",Telecommunications Engineering Technologist,232,,N
2022,"2021-215303",Telecommunications Network Engineer,233,,N
2022,"2021-215304",Telecommunications Field Engineer,234,,N
2022,"2021-216101",Architect,235,,N
2022,"2021-216201",Landscape Architect,236,,N
2022,"2021-216301",Fashion Designer,237,,N
2022,"2021-216302",Industrial Designer,238,,N
2022,"2021-216303",Jewellery Designer,239,,N
2022,"2021-216304",Footwear Designer,240,,N
2022,"2021-216401",Urban and Regional Planner,241,,N
2022,"2021-216402",Transport Analyst,242,,N
2022,"2021-216403",Marine Spatial Planner,243,,N
2022,"2021-216501",Cartographer,244,,N
2022,"2021-216502",Surveyor,245,,N
2022,"2021-216601",Digital Artist,246,,N
2022,"2021-216602",Illustrator,247,,N
2022,"2021-216603",Multimedia Designer,248,,N
2022,"2021-216604",Web Designer,249,,N
2022,"2021-221101",General Medical Practitioner,250,,N
2022,"2021-221102",Resident Medical Officer,251,,N
2022,"2021-221103",Public Health Physician,252,,N
2022,"2021-221201",Anaesthetist,253,,N
2022,"2021-221202",Cardiologist,254,,N
2022,"2021-221203",Emergency Medicine Specialist,255,,N
2022,"2021-221204",Obstetrician and Gynaecologist,256,,N
2022,"2021-221205",Ophthalmologist,257,,N
2022,"2021-221206",Paediatrician,258,,N
2022,"2021-221207",Pathologist,259,,N
2022,"2021-221208",Psychiatrist,260,,N
2022,"2021-221209",Radiologist,261,,N
2022,"2021-221210",General Medicine Specialist Physician,262,,N
2022,"2021-221211",Surgeon,263,,N
2022,"2021-221212",Forensic Pathologist,264,,N
2022,"2021-221213",Radiation Oncologist,265,,N
2022,"2021-221214",Nuclear Medicine Specialist,266,,N
2022,"2021-221215",Family Physician,267,,N
2022,"2021-221216",Neurologist,268,,N
2022,"2021-221217",Clinical Pharmacologist,269,,N
2022,"2021-221218",Medical Geneticist,270,,N
2022,"2021-221219",Plastic and Reconstructive Surgeon,271,,N
2022,"2021-221220",Urologist,272,,N
2022,"2021-221221",Public Health Medicine Specialist,273,,N
2022,"2021-221222",Public Health Occupational Medicine Specialist ,274,,N
2022,"2021-221223",Paediatric Surgeon,275,,N
2022,"2021-221224",Orthopaedic Surgeon,276,,N
2022,"2021-221225",Neurosurgeon,277,,N
2022,"2021-221226",Otorhinolaryngologist,278,,N
2022,"2021-221227",Dermatologist,279,,N
2022,"2021-222101",Clinical Nurse Practitioner,280,,N
2022,"2021-222102",Aged Care Registered Nurse,281,,N
2022,"2021-222103",Registered Nurse (Child and Family Health),282,,N
2022,"2021-222104",Registered Nurse (Community Health),283,,N
2022,"2021-222105",Registered Nurse (Critical Care and Emergency),284,,N
2022,"2021-222106",Registered Nurse (Developmental Disability),285,,N
2022,"2021-222107",Registered Nurse (Disability and Rehabilitation),286,,N
2022,"2021-222108",Registered Nurse (Medical),287,,N
2022,"2021-222109",Registered Nurse (Medical Practice),288,,N
2022,"2021-222110",Registered Nurse (Mental Health),289,,N
2022,"2021-222111",Registered Nurse (Operating theatre),290,,N
2022,"2021-222112",Registered Nurse (Surgical),291,,N
2022,"2021-222113",Paediatrics Nurse,292,,N
2022,"2021-222114",Nurse Educator,293,,N
2022,"2021-222115",Nurse Researcher,294,,N
2022,"2021-222116",Nurse Manager,295,,N
2022,"2021-222117",Midwife,296,,N
2022,"2021-223101",Acupuncturist,297,,N
2022,"2021-223102",Ayurvedic Practitioner,298,,N
2022,"2021-223103",Homoeopath,299,,N
2022,"2021-223104",Naturopath,300,,N
2022,"2021-223105",Traditional African Medicine Practitioner,301,,N
2022,"2021-223106",Traditional Chinese Medicine Practitioner,302,,N
2022,"2021-223107",Phytotherapist,303,,N
2022,"2021-224101",Paramedical Practitioner,304,,N
2022,"2021-224102",Sports Scientist,305,,N
2022,"2021-225101",Veterinarian,306,,N
2022,"2021-225102",Veterinary Public Health Professional / Practitioner,307,,N
2022,"2021-225103",Livestock Inspector,308,,N
2022,"2021-226101",Dental Specialist,309,,N
2022,"2021-226102",Dentist,310,,N
2022,"2021-226201",Hospital Pharmacist,311,,N
2022,"2021-226202",Industrial Pharmacist,312,,N
2022,"2021-226203",Retail Pharmacist,313,,N
2022,"2021-226204",Authorised Pharmacist Prescriber,314,,N
2022,"2021-226301",Environmental Health Officer,315,,N
2022,"2021-226302","Safety, Health, Environment and Quality (SHE&Q) Practitioner",316,,N
2022,"2021-226303",Ergonomist,317,,N
2022,"2021-226304",Food Inspector,318,,N
2022,"2021-226401",Physiotherapist,319,,N
2022,"2021-226501",Dietitian,320,,N
2022,"2021-226502",Nutritionist,321,,N
2022,"2021-226601",Audiologist,322,,N
2022,"2021-226602",Speech Pathologist,323,,N
2022,"2021-226603",Speech Therapist and Audiologist,324,,N
2022,"2021-226604",Hearing Aid Acousticians,325,,N
2022,"2021-226701",Optometrist,326,,N
2022,"2021-226702",Orthoptist,327,,N
2022,"2021-226901",Arts Therapist,328,,N
2022,"2021-226902",Occupational Therapist,329,,N
2022,"2021-226903",Podiatrist,330,,N
2022,"2021-226904",Diversional Therapist,331,,N
2022,"2021-226905",Biokineticist,332,,N
2022,"2021-226906",Rheumatologist,333,,N
2022,"2021-231101",University Lecturer,334,,N
2022,"2021-231102",University Tutor,335,,N
2022,"2021-232130",TVET Educator,336,,N
2022,"2021-232131",Adult Education Teacher,337,,N
2022,"2021-232132",College Lecturer,338,,N
2022,"2021-233107",FET Phase School Teacher (Grades 10-12),339,,N
2022,"2021-233108",Senior Phase School Teacher (Grades 7 - 9),340,,N
2022,"2021-234101",Foundation Phase School Teacher,341,,N
2022,"2021-234102",Intermediate Phase School Teacher (Grades 4-6),342,,N
2022,"2021-234201",Early Childhood Development Practitioner,343,,N
2022,"2021-235101",Education or Training Advisor,344,,N
2022,"2021-235102",Education or Training Reviewer,345,,N
2022,"2021-235201",Special Needs Teacher,346,,N
2022,"2021-235401",Private Tuition Music Teacher,347,,N
2022,"2021-235501",Private Tuition Art Teacher,348,,N
2022,"2021-235502",Private Tuition Dance Teacher,349,,N
2022,"2021-235503",Private Tuition Drama Teacher,350,,N
2022,"2021-235601",ICT Trainer,351,,N
2022,"2021-235901",Private Tuition Dressmaking Teacher,352,,N
2022,"2021-235902",Private Tuition Handicrafts Teacher,353,,N
2022,"2021-235903",School Laboratory Technician,354,,N
2022,"2021-235904",Examination Supervisor,355,,N
2022,"2021-241101",General Accountant,356,,N
2022,"2021-241102",Management Accountant,357,,N
2022,"2021-241103",Tax Professional,358,,N
2022,"2021-241104",External Auditor,359,,N
2022,"2021-241106",Accountant in Practice,360,,N
2022,"2021-241107",Financial Accountant,361,,N
2022,"2021-241108",Forensic Accountant,362,,N
2022,"2021-241201",Investment Analyst,363,,N
2022,"2021-241202",Investment Manager,364,,N
2022,"2021-241203",Investment Advisor,365,,N
2022,"2021-241204",Financial Markets Practitioner,366,,N
2022,"2021-241205",Professional Principal Executive Officer,367,,N
2022,"2021-241301",Financial Investment Advisor,368,,N
2022,"2021-242101",Management Consultant,369,,N
2022,"2021-242102",Organisation and Methods Analyst,370,,N
2022,"2021-242103",Business Development Officer,371,,N
2022,"2021-242104",AML Surveillance Analyst,372,,N
2022,"2021-242201",Intelligence Officer,373,,N
2022,"2021-242202",Policy Analyst,374,,N
2022,"2021-242203",Company Secretary,375,,N
2022,"2021-242204",Corporate Treasurer,376,,N
2022,"2021-242207",Compliance Officer,377,,N
2022,"2021-242208",Organisational Risk Manager,378,,N
2022,"2021-242209",Accounting Officer,379,,N
2022,"2021-242210",Business Administrator,380,,N
2022,"2021-242211",Internal Auditor,381,,N
2022,"2021-242212",Diplomat ,382,,N
2022,"2021-242213",Regulatory Affairs Officer,383,,N
2022,"2021-242214",Intellectual Property Special Advisor,384,,N
2022,"2021-242215",Fraud Examiner,385,,N
2022,"2021-242301",Career Development Practitioner,386,,N
2022,"2021-242302",Skills Development Practitioner,387,,N
2022,"2021-242303",Human Resource Advisor,388,,N
2022,"2021-242304",Industrial Relations Advisor,389,,N
2022,"2021-242305",Occupational Analyst,390,,N
2022,"2021-242306",Labour Market Analyst,391,,N
2022,"2021-242307",Recreation Officer,392,,N
2022,"2021-242401",Training and Development Professional,393,,N
2022,"2021-242402",Occupational Instructor ,394,,N
2022,"2021-242403",Assessment Practitioner,395,,N
2022,"2021-242404",Student Support Service Officer,396,,N
2022,"2021-243101",Advertising Specialist,397,,N
2022,"2021-243102",Market Research Analyst,398,,N
2022,"2021-243103",Marketing Practitioner,399,,N
2022,"2021-243104",Market Campaign Analyst,400,,N
2022,"2021-243201",Communication Coordinator,401,,N
2022,"2021-243202",Communication Strategist,402,,N
2022,"2021-243203",Corporate Communication Manager,403,,N
2022,"2021-243204",Event Producer,404,,N
2022,"2021-243301",Industrial Products Sales Representative ,405,,N
2022,"2021-243302",Medical and Pharmaceutical Products Sales Representative ,406,,N
2022,"2021-243303",Educational Products and Services Sales Representative ,407,,N
2022,"2021-243304",Printing and Publishing Equipment Sales Representative,408,,N
2022,"2021-243401",ICT Account Manager,409,,N
2022,"2021-243402",ICT Business Development Manager,410,,N
2022,"2021-243403",ICT Sales Representative,411,,N
2022,"2021-251101",ICT Systems Analyst,412,,N
2022,"2021-251102",Data Scientist ,413,,N
2022,"2021-251201",Software Developer,414,,N
2022,"2021-251202",Programmer Analyst,415,,N
2022,"2021-251203",Developer Programmer,416,,N
2022,"2021-251301",Multimedia Specialist,417,,N
2022,"2021-251302",Web Developer,418,,N
2022,"2021-251401",Applications Programmer,419,,N
2022,"2021-251901",Computers Quality Assurance Analyst,420,,N
2022,"2021-252101",Database Designer and Administrator,421,,N
2022,"2021-252201",Systems Administrator,422,,N
2022,"2021-252301",Computer Network and Systems Engineer,423,,N
2022,"2021-252302",Network Analyst,424,,N
2022,"2021-252303",`Transmission Engineer,425,,N
2022,"2021-252901",ICT Security Specialist,426,,N
2022,"2021-252902",Technical ICT Support Services Manager,427,,N
2022,"2021-261101",Attorney,428,,N
2022,"2021-261102",Administrative Lawyer,429,,N
2022,"2021-261103",Patent Attorney,430,,N
2022,"2021-261104",Trade Mark Attorney,431,,N
2022,"2021-261105",Tribunal Member,432,,N
2022,"2021-261106",Advocate,433,,N
2022,"2021-261107",Legal Manager,434,,N
2022,"2021-261201",Judge,435,,N
2022,"2021-261202",Magistrate,436,,N
2022,"2021-261901",Adjudicator,437,,N
2022,"2021-261902",Legislation Facilitator,438,,N
2022,"2021-261903",Master of The Court,439,,N
2022,"2021-261904",Family Court Registrar,440,,N
2022,"2021-261905",Notary,441,,N
2022,"2021-262101",Archivist,442,,N
2022,"2021-262102",Gallery or Museum Curator,443,,N
2022,"2021-262103",Conservator,444,,N
2022,"2021-262201",Librarian,445,,N
2022,"2021-262202",Information Services Manager,446,,N
2022,"2021-263101",Economist,447,,N
2022,"2021-263102",Economic Reasearch Manager,448,,N
2022,"2021-263201",Anthropologist,449,,N
2022,"2021-263202",Archaeologist,450,,N
2022,"2021-263203",Geographer,451,,N
2022,"2021-263204",Sociologist,452,,N
2022,"2021-263205",Criminologist,453,,N
2022,"2021-263206",Heritage Consultant,454,,N
2022,"2021-263301",Genealogist,455,,N
2022,"2021-263302",Historian,456,,N
2022,"2021-263303",Prehistorian,457,,N
2022,"2021-263304",Political Scientist,458,,N
2022,"2021-263401",Clinical Psychologist,459,,N
2022,"2021-263402",Educational Psychologist,460,,N
2022,"2021-263403",Organisational Psychologist,461,,N
2022,"2021-263404",Psychotherapist,462,,N
2022,"2021-263405",Research Psychologist,463,,N
2022,"2021-263406",Sport Psychologist,464,,N
2022,"2021-263407",Counselling Psychologist,465,,N
2022,"2021-263408",Community Psychologist,466,,N
2022,"2021-263409",Psychometrician,467,,N
2022,"2021-263501",Social Counselling Worker,468,,N
2022,"2021-263502",Addictions Counsellor,469,,N
2022,"2021-263503",Marriage and Family Counsellor,470,,N
2022,"2021-263504",Rehabilitation Counsellor,471,,N
2022,"2021-263505",Student Counsellor,472,,N
2022,"2021-263506",Probation Social Worker,473,,N
2022,"2021-263507",Adoption Social Worker,474,,N
2022,"2021-263508",Child and Youth Care Worker,475,,N
2022,"2021-263509",Parole Board Member,476,,N
2022,"2021-263510",Employee Wellness Practitioner,477,,N
2022,"2021-263511",Career Councillor,478,,N
2022,"2021-263512",Community Development Practitioner,479,,N
2022,"2021-263601",Minister of Religion,480,,N
2022,"2021-264101",Author,481,,N
2022,"2021-264102",Book or Script Editor,482,,N
2022,"2021-264103",Technical Writer,483,,N
2022,"2021-264201",Copywriter,484,,N
2022,"2021-264202", Editor,485,,N
2022,"2021-264203",Journalist,486,,N
2022,"2021-264204",Radio Journalist,487,,N
2022,"2021-264205",Content Presenter,488,,N
2022,"2021-264206",Critic,489,,N
2022,"2021-264301",Interpreter,490,,N
2022,"2021-264302",Translator,491,,N
2022,"2021-264303",Linguist,492,,N
2022,"2021-265101",Painter (Visual Arts),493,,N
2022,"2021-265102",Potter or Ceramic,494,,N
2022,"2021-265103",Sculptor,495,,N
2022,"2021-265104",Ephemeral Artist,496,,N
2022,"2021-265201",Composer,497,,N
2022,"2021-265202",Music Director,498,,N
2022,"2021-265203",Musician (Instrumental),499,,N
2022,"2021-265204",Singer,500,,N
2022,"2021-265205",Music Researcher,501,,N
2022,"2021-265206",Music Copyist,502,,N
2022,"2021-265301",Dancer or Choreographer,503,,N
2022,"2021-265401","Director (Film, Television, Radio or Stage)",504,,N
2022,"2021-265402",Director of Photography,505,,N
2022,"2021-265403",Film and Video Editor,506,,N
2022,"2021-265404",Program Director (Television or Radio),507,,N
2022,"2021-265405",Technical Director,508,,N
2022,"2021-265406",Video Producer,509,,N
2022,"2021-265407",Police Video Unit Manager and Producer,510,,N
2022,"2021-265408",Casting Director,511,,N
2022,"2021-265409",Film and Television Production Manager,512,,N
2022,"2021-265410",Radio or Television Programme Organiser,513,,N
2022,"2021-265411",Location Manager (Film or Television),514,,N
2022,"2021-265412",Media Producer,515,,N
2022,"2021-265501",Actor,516,,N
2022,"2021-265601",Radio Presenter,517,,N
2022,"2021-265602",Television Presenter,518,,N
2022,"2021-265901",Entertainer or Variety Artist,519,,N
2022,"2021-265902",Hypnotist,520,,N
2022,"2021-265903",Public Speaker,521,,N
2022,"2021-265904",Community Arts Worker,522,,N
2022,"2021-311101",Chemistry Technician,523,,N
2022,"2021-311102",Physical Science Technician,524,,N
2022,"2021-311103",Fragrance Evaluators/ flavourists,525,,N
2022,"2021-311104",Radiation Control/ Nuclear Monitoring Technician,526,,N
2022,"2021-311201",Civil Engineering Technician,527,,N
2022,"2021-311202",Surveying or Cartographic Technician,528,,N
2022,"2021-311203",Town Planning Technician,529,,N
2022,"2021-311217",Water Control Officer,530,,N
2022,"2021-311301",Electrical Engineering Technician,531,,N
2022,"2021-311302",Electric Substation Operations Manager,532,,N
2022,"2021-311303",Energy Efficiency Technician,533,,N
2022,"2021-311401",Electronic Engineering Technician,534,,N
2022,"2021-311501",Mechanical Engineering Technician,535,,N
2022,"2021-311502",Pressure Equipment  Inspector,536,,N
2022,"2021-311503",Aeronautical Engineering Technician,537,,N
2022,"2021-311601",Chemical Engineering Technician,538,,N
2022,"2021-311701",Mining Technician,539,,N
2022,"2021-311702",Metallurgical or Materials Technician,540,,N
2022,"2021-311703",Non-Destructive Testing Technician  (NDTT),541,,N
2022,"2021-311704",Geophysical Technician,542,,N
2022,"2021-311801",Draughtsperson,543,,N
2022,"2021-311901","Forensic Technician (Biology, Toxicology)",544,,N
2022,"2021-311902",Fire Investigator,545,,N
2022,"2021-311903",Food and Beverage Technician,546,,N
2022,"2021-311904",Manufacturing Technician,547,,N
2022,"2021-311905",Industrial Engineering Technician,548,,N
2022,"2021-311906",Environmental Engineering Technician,549,,N
2022,"2021-311910",Food Laboratory Analyst,550,,N
2022,"2021-312101",Mining Production Supervisor,551,,N
2022,"2021-312102",Miner,552,,N
2022,"2021-312103",Engineering Supervisor,553,,N
2022,"2021-312201",Production / Operations Supervisor (Manufacturing),554,,N
2022,"2021-312202",Maintenance Planner,555,,N
2022,"2021-312301",Building Associate,556,,N
2022,"2021-313102",Fossil Power Plant Process Controller,557,,N
2022,"2021-313103",Hydro Power Plant Process Controller,558,,N
2022,"2021-313104",Nuclear Power Plant Process Controller,559,,N
2022,"2021-313105",Wind Turbine Power Plant Process Controller,560,,N
2022,"2021-313106",Concentrated Solar Power (CSP) Plant Process Controller,561,,N
2022,"2021-313107",Geothermal Technicians,562,,N
2022,"2021-313108",Weatherisation Installers and Technicians,563,,N
2022,"2021-313109",Solar Photovoltaic Service Technician,564,,N
2022,"2021-313110",Wind Turbine Service Technician,565,,N
2022,"2021-313201",Water Plant Operator,566,,N
2022,"2021-313202",Waste Materials Plant Operator,567,,N
2022,"2021-313203",Water Process Controller,568,,N
2022,"2021-313301",Chemical Plant Controller,569,,N
2022,"2021-313401",Gas or Petroleum Controller,570,,N
2022,"2021-313501",Metal Manufacturing Process Control Technician,571,,N
2022,"2021-313901",Integrated Manufacturing Line Process Control Technician,572,,N
2022,"2021-313902",Wood Processing Control Technician,573,,N
2022,"2021-313903","Clothing, Textile and Footwear Manufacturing Process Control Technician",574,,N
2022,"2021-313905",Cotton Ginning Process Controller,575,,N
2022,"2021-313906",Fresh Produce Packing Controller,576,,N
2022,"2021-313907",Food and Beverage Manufacturing Process Controller,577,,N
2022,"2021-313908",Sugar Process Controller,578,,N
2022,"2021-313909",Miller,579,,N
2022,"2021-313910",Juice Extraction Process Controller,580,,N
2022,"2021-313911",Grain Handling Controller,581,,N
2022,"2021-313912",Mineral Beneficiation Process Controller,582,,N
2022,"2021-313913",Chemical Waste Controller,583,,N
2022,"2021-313916",Manufacturing Production Technicians,584,,N
2022,"2021-313917",Pulp and Paper Manufacturing Process Control Technician,585,,N
2022,"2021-314101",Life Science Technician,586,,N
2022,"2021-314102",Environmental Science Technician,587,,N
2022,"2021-314201",Agricultural Technician,588,,N
2022,"2021-314301",Forestry Technician,589,,N
2022,"2021-314302",Forestry Research Technician,590,,N
2022,"2021-315101",Marine Engineer,591,,N
2022,"2021-315201",Ship's Master,592,,N
2022,"2021-315202",Ship's Officer,593,,N
2022,"2021-315203",Ship's Surveyor,594,,N
2022,"2021-315204",Marine Certification & Surveillance Manager,595,,N
2022,"2021-315205",Boat Driver / Coxswain,596,,N
2022,"2021-315206",Aids to Navigation Manager,597,,N
2022,"2021-315207",Aids to Navigation Technician,598,,N
2022,"2021-315301",Aircraft Navigator,599,,N
2022,"2021-315302",Flight Engineer,600,,N
2022,"2021-315303",Aeroplane Pilot,601,,N
2022,"2021-315304",Flying Instructor,602,,N
2022,"2021-315305",Helicopter Pilot,603,,N
2022,"2021-315306",Balloonist,604,,N
2022,"2021-315401",Traffic Controller,605,,N
2022,"2021-315501",Airborne Electronics Analyst,606,,N
2022,"2021-315502",Airworthiness Surveyor,607,,N
2022,"2021-321101",Medical Diagnostic Radiographer,608,,N
2022,"2021-321102",Medical Radiation Therapist,609,,N
2022,"2021-321103",Nuclear Medicine Technologist,610,,N
2022,"2021-321104",Sonographer,611,,N
2022,"2021-321105",Anaesthetic Technician,612,,N
2022,"2021-321106",Cardiac Technician,613,,N
2022,"2021-321107",Operating Theatre Technician,614,,N
2022,"2021-321108",Audiometrist,615,,N
2022,"2021-321109",Dialysis Technician,616,,N
2022,"2021-321110",Neurophysiological Technician,617,,N
2022,"2021-321111",Renal Technician,618,,N
2022,"2021-321112",Intensive Care Technician,619,,N
2022,"2021-321113",Orthopaedic Technician,620,,N
2022,"2021-321114",Health Technical Support Officer,621,,N
2022,"2021-321115",Medical Electronic Equipment Operator,622,,N
2022,"2021-321116",Electroencephalographic Technician,623,,N
2022,"2021-321117",Radiation Laboratory Technician,624,,N
2022,"2021-321118",Orthotist or Prosthetist,625,,N
2022,"2021-321119",Pulmonology Clinical Technologist,626,,N
2022,"2021-321120",Reproductive Biology Clinical Technologist,627,,N
2022,"2021-321121",Cardiothoracic Perfusion Clinical Technologist,628,,N
2022,"2021-321122",Occupational Therapy Technician,629,,N
2022,"2021-321123",Orientation and Mobility Practitioner,630,,N
2022,"2021-321201",Medical Technician,631,,N
2022,"2021-321206",Medical Technologist,632,,N
2022,"2021-321301",Pharmacy Technician,633,,N
2022,"2021-321401",Clinical Dental Technician,634,,N
2022,"2021-321402",Dental Technician,635,,N
2022,"2021-321403",Dental Therapist,636,,N
2022,"2021-321405",Orthotic and Prosthetic Technician,637,,N
2022,"2021-321406",Dental Technologist,638,,N
2022,"2021-322101",Enrolled Nurse,639,,N
2022,"2021-322102",Mother Craft Nurse,640,,N
2022,"2021-322201",Assistant Midwife,641,,N
2022,"2021-323101",Indigenous Heath Worker (Inyanga),642,,N
2022,"2021-323102",Ancillary Health Care Worker,643,,N
2022,"2021-323105",Therapeutic Aromatherapist,644,,N
2022,"2021-323106",Therapeutic Reflexologist,645,,N
2022,"2021-324101",Veterinary Nurse,646,,N
2022,"2021-324102",Veterinary Technician,647,,N
2022,"2021-324103",Veterinary Technologist,648,,N
2022,"2021-325101",Dental Assistant,649,,N
2022,"2021-325102",Oral Hygienist,650,,N
2022,"2021-325201",Health Information Manager,651,,N
2022,"2021-325301",Health Promotion Practitioner,652,,N
2022,"2021-325401",Dispensing Optician,653,,N
2022,"2021-325501",Massage Therapist,654,,N
2022,"2021-325502",Hydrotherapist,655,,N
2022,"2021-325503",Electrotherapist,656,,N
2022,"2021-325504",Physiotherapy Technician,657,,N
2022,"2021-325601",Clinical Associate,658,,N
2022,"2021-325701",Environmental and Occupational Health Inspector,659,,N
2022,"2021-325702",Marine Safety Officer,660,,N
2022,"2021-325703",Agricultural / Horticultural Produce Inspector,661,,N
2022,"2021-325704",Aquaculture Produce Analyst,662,,N
2022,"2021-325705",Safety Inspector,663,,N
2022,"2021-325706",Ammunition Technician,664,,N
2022,"2021-325707",Mine Health and Safety Inspector,665,,N
2022,"2021-325708",Magazine Master,666,,N
2022,"2021-325801",Ambulance Officer,667,,N
2022,"2021-325802",Intensive Care Ambulance Paramedic / Ambulance Paramedic,668,,N
2022,"2021-325901",Chiropractor,669,,N
2022,"2021-325902",Osteopath,670,,N
2022,"2021-331101",Securities Dealer,671,,N
2022,"2021-331105",Asset Swap Administrator,672,,N
2022,"2021-331106",Financial Markets Settlement Officer,673,,N
2022,"2021-331201",Credit or Loans Officer,674,,N
2022,"2021-331204",False Worker,675,,N
2022,"2021-331205",Business Banker,676,,N
2022,"2021-331301",Bookkeeper,677,,N
2022,"2021-331302",Accounting Technician,678,,N
2022,"2021-331303",Tax Technician,679,,N
2022,"2021-331401",Statistical and Mathematical Assistant,680,,N
2022,"2021-331501",Valuer,681,,N
2022,"2021-331502",Insurance Investigator,682,,N
2022,"2021-331503",Insurance Loss Adjuster,683,,N
2022,"2021-331504",Insurance Risk Surveyor,684,,N
2022,"2021-331505",Vehicle Damage Quantifier,685,,N
2022,"2021-332101",Insurance Agent,686,,N
2022,"2021-332102",Insurance Broker,687,,N
2022,"2021-332201",Commercial Sales Representative,688,,N
2022,"2021-332202",Sales Representative (Building and Plumbing Supplies),689,,N
2022,"2021-332203",Sales Representative (Personal and Household Goods),690,,N
2022,"2021-332204",Commercial Services Sales Agent,691,,N
2022,"2021-332205",Manufacturers Representative,692,,N
2022,"2021-332206",Sales Representative (Photographic Equipment and Supplies),693,,N
2022,"2021-332207",Chemical Sales Representative,694,,N
2022,"2021-332208",Pharmacy Sales Assistant,695,,N
2022,"2021-332301",Retail Buyer,696,,N
2022,"2021-332302",Purchasing Officer,697,,N
2022,"2021-332401",Commodities Trader,698,,N
2022,"2021-332402",Finance Broker,699,,N
2022,"2021-333101",Clearing and Forwarding Agent,700,,N
2022,"2021-333201",Events Manager,701,,N
2022,"2021-333301",Recruitment Officer,702,,N
2022,"2021-333302",Labour Recruitment Consultant: Permanent Employment Agency (PEA),703,,N
2022,"2021-333303",Labour Recruitment Consultant: Temporary Employment Services (TES),704,,N
2022,"2021-333401",Property Manager,705,,N
2022,"2021-333402",Real Estate Agent,706,,N
2022,"2021-333404",Real Estate Sales Settlement Administrator,707,,N
2022,"2021-333405",Real Estate Agency Principal ,708,,N
2022,"2021-333406",Property Lease Administrator,709,,N
2022,"2021-333901",Auctioneer,710,,N
2022,"2021-333902",Special Services Contracting Agent,711,,N
2022,"2021-333903",Sales Representative (Business Services),712,,N
2022,"2021-333904",Business Broker,713,,N
2022,"2021-333905",Supply Chain Practitioner,714,,N
2022,"2021-333906",Stock and Station Agent,715,,N
2022,"2021-333907",Property Portfolio and Asset Manager,716,,N
2022,"2021-333908",Marketing Coordinator,717,,N
2022,"2021-333909",Bid Assistant,718,,N
2022,"2021-333910",Business Support Coordinator,719,,N
2022,"2021-333911",Physical Asset Practitioner,720,,N
2022,"2021-334101",Office Supervisor,721,,N
2022,"2021-334102",Office Administrator,722,,N
2022,"2021-334103",Call Centre Team Leader,723,,N
2022,"2021-334201",Legal Secretary,724,,N
2022,"2021-334301",Secretary Bargaining Council,725,,N
2022,"2021-334302",Personal Assistant,726,,N
2022,"2021-334401",Medical Secretary,727,,N
2022,"2021-335101",Customs Officer,728,,N
2022,"2021-335102",Immigration Officer,729,,N
2022,"2021-335201",Taxation Inspector,730,,N
2022,"2021-335301",Social Security Assessor,731,,N
2022,"2021-335401",Driving license examiner  ,732,,N
2022,"2021-335402",Import-export Administrator,733,,N
2022,"2021-335403",Passport Officer (Issuing),734,,N
2022,"2021-335404",Motor Vehicle Examiner,735,,N
2022,"2021-335501",Detective,736,,N
2022,"2021-335502",Crash Investigator ,737,,N
2022,"2021-335901",Labour Inspector,738,,N
2022,"2021-335902",Wage Inspector,739,,N
2022,"2021-335903",Refugee Status Determination Officer,740,,N
2022,"2021-335904",Pest Management Officer,741,,N
2022,"2021-335905",Water Allocation Officer,742,,N
2022,"2021-335906",Environmental Practices Inspector,743,,N
2022,"2021-335907",Weights and Measures Inspector,744,,N
2022,"2021-335908",Censorship Inspector,745,,N
2022,"2021-335909",Price Inspector,746,,N
2022,"2021-335910",Trade Mark Examiner,747,,N
2022,"2021-335911",Quarantine Officer,748,,N
2022,"2021-335912",Fisheries Officer,749,,N
2022,"2021-335913",Building Inspector,750,,N
2022,"2021-335914",Train Examiner,751,,N
2022,"2021-335915",Transport Operations Inspector,752,,N
2022,"2021-335916",Gaming Operations Compliance Officer,753,,N
2022,"2021-341101",Conveyancer,754,,N
2022,"2021-341102",Legal Executive,755,,N
2022,"2021-341103",Paralegal,756,,N
2022,"2021-341104",Clerk of Court,757,,N
2022,"2021-341105",Court Bailiff,758,,N
2022,"2021-341106",Court Orderly / Court Registry Officer,759,,N
2022,"2021-341107",Law Clerk,760,,N
2022,"2021-341108",Trust Officer,761,,N
2022,"2021-341109",Private Investigator,762,,N
2022,"2021-341110",Associate Legal Professional,763,,N
2022,"2021-341111",Debt Counsellor,764,,N
2022,"2021-341112",Labour Dispute Enforcement Agent,765,,N
2022,"2021-341201",Auxiliary Community Development Practitioner,766,,N
2022,"2021-341202",Disabilities Services Officer,767,,N
2022,"2021-341203",Social Auxiliary Worker,768,,N
2022,"2021-341204",Auxiliary Child and Youth Care Worker,769,,N
2022,"2021-341301",Religious Associate Professional,770,,N
2022,"2021-342101",Footballer,771,,N
2022,"2021-342102",Golfer,772,,N
2022,"2021-342103",Jockey,773,,N
2022,"2021-342104",Cricketer,774,,N
2022,"2021-342105",Athlete,775,,N
2022,"2021-342106",Boxer,776,,N
2022,"2021-342107",Cyclist,777,,N
2022,"2021-342108",Racing Driver,778,,N
2022,"2021-342109",Surfer,779,,N
2022,"2021-342110",Swimmer,780,,N
2022,"2021-342111",Tennis Player,781,,N
2022,"2021-342112",Wrestler,782,,N
2022,"2021-342113",Yachtsman,783,,N
2022,"2021-342114",Other Sportsperson,784,,N
2022,"2021-342201",Sports Development Officer,785,,N
2022,"2021-342202",Sports Umpire,786,,N
2022,"2021-342203",Sports Official,787,,N
2022,"2021-342204",Sports Coach or Instructor,788,,N
2022,"2021-342301",Fitness Instructor,789,,N
2022,"2021-342302",Outdoor Adventure Guide,790,,N
2022,"2021-342303",Caving Guide,791,,N
2022,"2021-343101",Photographer,792,,N
2022,"2021-343102",Air Observer,793,,N
2022,"2021-343201",Interior Designer,794,,N
2022,"2021-343202",Interior Decorator,795,,N
2022,"2021-343203",Visual Merchandiser,796,,N
2022,"2021-343204",Set Designer,797,,N
2022,"2021-343301",Gallery or Museum Technician,798,,N
2022,"2021-343302",Library Technician,799,,N
2022,"2021-343401",Chef,800,,N
2022,"2021-343901",Tattoo Artist,801,,N
2022,"2021-343902",Light Technician,802,,N
2022,"2021-343903",Stage Manager,803,,N
2022,"2021-343904",Theatrical Dresser,804,,N
2022,"2021-343905",Stunt Person,805,,N
2022,"2021-343906",Special Effects Person,806,,N
2022,"2021-343907",Continuity Person,807,,N
2022,"2021-343908",Film Technician,808,,N
2022,"2021-343909",Microphone Boom Operator,809,,N
2022,"2021-343910",Performing Arts Road Manager,810,,N
2022,"2021-351101",Computer Operator,811,,N
2022,"2021-351201",ICT Communications Assistant,812,,N
2022,"2021-351301",Computer Network Technician,813,,N
2022,"2021-351302",Geographic Information Systems Technicians,814,,N
2022,"2021-351303",Marine GIS Technician,815,,N
2022,"2021-351401",Web Technician,816,,N
2022,"2021-352101",Broadcast Transmitter Operator,817,,N
2022,"2021-352102","Camera Operator (Film, Television or Video)",818,,N
2022,"2021-352103",Sound Technician,819,,N
2022,"2021-352104",Television Equipment Operator,820,,N
2022,"2021-352105",Radio Station Operator,821,,N
2022,"2021-352106","Production Assistant (Film, Television or Radio)",822,,N
2022,"2021-352201",Telecommunications Technical Officer or Technologist,823,,N
2022,"2021-411101",General Clerk,824,,N
2022,"2021-411102",Back Office Process Consultant,825,,N
2022,"2021-411103",Parole Board Clerk,826,,N
2022,"2021-412101",Secretary (General),827,,N
2022,"2021-413101",Word Processing Operator,828,,N
2022,"2021-413102",Machine Shorthand Reporter,829,,N
2022,"2021-413201",Data Entry Operator,830,,N
2022,"2021-421101",Bank Teller,831,,N
2022,"2021-421102",Bank Worker,832,,N
2022,"2021-421103",Currency Exchange Officer,833,,N
2022,"2021-421104",Banknote Processor,834,,N
2022,"2021-421105",Postal Frontline Service Worker,835,,N
2022,"2021-421201",Bookmaker,836,,N
2022,"2021-421202",Gaming Worker,837,,N
2022,"2021-421203",Betting Agency Counter Clerk,838,,N
2022,"2021-421204",Bookmaker's Clerk,839,,N
2022,"2021-421205",Telephone Betting Clerk,840,,N
2022,"2021-421206",Bingo Caller,841,,N
2022,"2021-421207",Lotto Operator,842,,N
2022,"2021-421301",Pawnbrokers and Money-lenders,843,,N
2022,"2021-421401",Debt Collector,844,,N
2022,"2021-422101",Tourist Information Officer,845,,N
2022,"2021-422102",Travel Consultant,846,,N
2022,"2021-422201",Inbound Contact Centre Consultant,847,,N
2022,"2021-422202",Outbound Contact Centre Consultant,848,,N
2022,"2021-422203",Contact Centre Real Time Advisor,849,,N
2022,"2021-422204",Contact Centre Resource Planner,850,,N
2022,"2021-422205",Contact Centre Forecast Analyst,851,,N
2022,"2021-422206",Call or Contact Centre Agent,852,,N
2022,"2021-422301",Switchboard Operator,853,,N
2022,"2021-422401",Hotel or Motel Receptionist,854,,N
2022,"2021-422501",Enquiry Clerk,855,,N
2022,"2021-422601",Receptionist (General),856,,N
2022,"2021-422602",Medical Receptionist,857,,N
2022,"2021-422701",Survey Interviewer,858,,N
2022,"2021-422901",Admissions Clerk,859,,N
2022,"2021-422902",Ship's Purser,860,,N
2022,"2021-431101",Accounts Clerk,861,,N
2022,"2021-431102",Cost Clerk,862,,N
2022,"2021-431103",Taxation Clerk,863,,N
2022,"2021-431201",Insurance Administrator,864,,N
2022,"2021-431202",Securities Services Administrative Officer,865,,N
2022,"2021-431203",Statistical Clerk,866,,N
2022,"2021-431204",Insurance Claims Administrator,867,,N
2022,"2021-431301",Payroll Clerk,868,,N
2022,"2021-432101",Stock Clerk / Officer,869,,N
2022,"2021-432102",Dispatching and Receiving Clerk / Officer,870,,N
2022,"2021-432103",Order Clerk / Officer,871,,N
2022,"2021-432104",Warehouse Administrator / Clerk,872,,N
2022,"2021-432105",Lampman,873,,N
2022,"2021-432201",Production Coordinator,874,,N
2022,"2021-432301",Transport Clerk,875,,N
2022,"2021-441101",Library Assistant,876,,N
2022,"2021-441201",Courier,877,,N
2022,"2021-441202",Postal Delivery Officer,878,,N
2022,"2021-441203",Mail Clerk,879,,N
2022,"2021-441301",Coding Clerk,880,,N
2022,"2021-441302",Proof Reader,881,,N
2022,"2021-441401",Scribe,882,,N
2022,"2021-441501",Filing or Registry Clerk,883,,N
2022,"2021-441502",Office Machine Operator,884,,N
2022,"2021-441601",Human Resources Clerk,885,,N
2022,"2021-441602",Skills Development Administrator,886,,N
2022,"2021-441603",Compensation and Benefits Clerk,887,,N
2022,"2021-441604",Labour Relations Case Administrator,888,,N
2022,"2021-441605",Academic Administrative Officer,889,,N
2022,"2021-441901",Classified Advertising Clerk,890,,N
2022,"2021-441902",Contract Administrator,891,,N
2022,"2021-441903",Program or Project Administrators,892,,N
2022,"2021-441905",Account Clerk (Public Relations / Communication),893,,N
2022,"2021-511101",Flight Attendant,894,,N
2022,"2021-511102",Bus Hostess,895,,N
2022,"2021-511103",Marine Steward,896,,N
2022,"2021-511104",Railway Steward,897,,N
2022,"2021-511201",Transport Conductor,898,,N
2022,"2021-511301",Gallery or Museum Guide,899,,N
2022,"2021-511302",Tour Guide,900,,N
2022,"2021-512101",Cook,901,,N
2022,"2021-513101",Waiter,902,,N
2022,"2021-513102",Cafe Worker,903,,N
2022,"2021-513201",Bar Attendant,904,,N
2022,"2021-513202",Barista,905,,N
2022,"2021-514101",Hairdresser,906,,N
2022,"2021-514102",Hair or Beauty Salon Assistant,907,,N
2022,"2021-514201",Skin Care Therapist,908,,N
2022,"2021-514202",Slimming Therapist,909,,N
2022,"2021-514203",Hair Removal Technician,910,,N
2022,"2021-514204",Nail Technician,911,,N
2022,"2021-514205",Make Up Artist,912,,N
2022,"2021-514206",Weight Loss Consultant,913,,N
2022,"2021-514207",Somatologist,914,,N
2022,"2021-514208",Spa Therapist ,915,,N
2022,"2021-514209",Aesthetic Laser Therapist ,916,,N
2022,"2021-514210",Image consultant ,917,,N
2022,"2021-515101",Hotel Service Manager,918,,N
2022,"2021-515102",Housekeeping Service Manager,919,,N
2022,"2021-515103",Commercial Housekeeper,920,,N
2022,"2021-515104",Cleaning Practitioner,921,,N
2022,"2021-515201",Domestic Housekeeper,922,,N
2022,"2021-515202",Butler,923,,N
2022,"2021-515301",Caretaker,924,,N
2022,"2021-515302","Amusement, Fitness or Sport Centre Attendant",925,,N
2022,"2021-516101",Astrologer,926,,N
2022,"2021-516201",Escort,927,,N
2022,"2021-516301",Funeral Director,928,,N
2022,"2021-516303",Embalmer,929,,N
2022,"2021-516305",Mortuary Technician / Assistant,930,,N
2022,"2021-516306",Crematorium Operator,931,,N
2022,"2021-516401",Animal Attendant / Groomer,932,,N
2022,"2021-516402",Animal Trainer,933,,N
2022,"2021-516403",Zookeeper,934,,N
2022,"2021-516404",Dog Walker,935,,N
2022,"2021-516501",Driving Instructor,936,,N
2022,"2021-516901",Refuge Worker,937,,N
2022,"2021-516902",Civil Celebrant,938,,N
2022,"2021-521101",Street Market Vendor,939,,N
2022,"2021-521201",Street Food Sales Person,940,,N
2022,"2021-521202",Cash Van Salesperson,941,,N
2022,"2021-522101",Antique Dealer,942,,N
2022,"2021-522102",Salon Manager,943,,N
2022,"2021-522201",Retail Supervisor,944,,N
2022,"2021-522301",Sales Assistant (General),945,,N
2022,"2021-522302",Motorised Vehicle or Caravan Salesperson,946,,N
2022,"2021-522303",Automotive Parts Salesperson,947,,N
2022,"2021-522304",ICT Sales Assistant,948,,N
2022,"2021-523101",Checkout Operator,949,,N
2022,"2021-523102",Office Cashier,950,,N
2022,"2021-523103",Ticket Seller,951,,N
2022,"2021-524101",Model,952,,N
2022,"2021-524102",Event Stylist,953,,N
2022,"2021-524201",Sales Demonstrator,954,,N
2022,"2021-524301",Door-to-door Salesperson,955,,N
2022,"2021-524401",Call Centre Salesperson,956,,N
2022,"2021-524501",Service Station Attendant,957,,N
2022,"2021-524601",Food Service Counter Attendant,958,,N
2022,"2021-524901",Materials Recycler,959,,N
2022,"2021-524902",Rental Salesperson,960,,N
2022,"2021-524903",Sales Clerk / Officer,961,,N
2022,"2021-524904",Energy Broker,962,,N
2022,"2021-531101",Child Care Worker,963,,N
2022,"2021-531102",Family Day Care Worker,964,,N
2022,"2021-531103",Nanny,965,,N
2022,"2021-531104",Out of School Hours Care Worker,966,,N
2022,"2021-531105",Child or Youth Residential Care Assistant,967,,N
2022,"2021-531106",Hostel Parent,968,,N
2022,"2021-531201",Teachers' Aide,969,,N
2022,"2021-531202",Pre-School Aide,970,,N
2022,"2021-531203",Integration Aide,971,,N
2022,"2021-532201",Residential Care Officer,972,,N
2022,"2021-532202",Aged or Disabled Carer,973,,N
2022,"2021-532203",Community Health Worker,974,,N
2022,"2021-532901",First Aid Attendant,975,,N
2022,"2021-532902",Hospital Orderly,976,,N
2022,"2021-532903",Nursing Support Worker,977,,N
2022,"2021-532904",Personal Care Assistant,978,,N
2022,"2021-532905",Therapy Aide,979,,N
2022,"2021-532906",Natural Remedy Consultant,980,,N
2022,"2021-541101",Fire Fighter,981,,N
2022,"2021-541102",Hazardous Materials Removal Workers,982,,N
2022,"2021-541201",Traffic Officer,983,,N
2022,"2021-541202", Non - commissioned Police Official,984,,N
2022,"2021-541203",Military Police Official,985,,N
2022,"2021-541301",Prison Officer,986,,N
2022,"2021-541401",Security Officer,987,,N
2022,"2021-541402","Alarm, Security or Surveillance Monitor",988,,N
2022,"2021-541403",Retail Loss Prevention Officer,989,,N
2022,"2021-541404",Close protector,990,,N
2022,"2021-541501",Intelligence Operator,991,,N
2022,"2021-541901",Lifeguard,992,,N
2022,"2021-541902",Emergency Service and Rescue Official,993,,N
2022,"2021-541903",Parking Inspector,994,,N
2022,"2021-541904",Armoured Car Escort,995,,N
2022,"2021-541905",Crowd Controller,996,,N
2022,"2021-541906",Security Consultant,997,,N
2022,"2021-541907",Disaster Management Officer,998,,N
2022,"2021-542101",Naval Combat Operator,999,,N
2022,"2021-542102",Naval Combat Officer,1000,,N
2022,"2021-542201",Special Forces Manager,1001,,N
2022,"2021-542202",Special Forces Officer,1002,,N
2022,"2021-542203",Special Forces Operator,1003,,N
2022,"2021-542301",Infantry Soldier,1004,,N
2022,"2021-542302",Artillery Soldier,1005,,N
2022,"2021-542303",Air Defence Artillery Soldier,1006,,N
2022,"2021-542304",Armour Soldier,1007,,N
2022,"2021-542305",Engineer Soldier,1008,,N
2022,"2021-542306",Signal Soldier,1009,,N
2022,"2021-542401",Combat Medical Support Operator,1010,,N
2022,"2021-542501",Air Operations Officer,1011,,N
2022,"2021-611101",Agronomy Farmer,1012,,N
2022,"2021-611102",Field Vegetable Farmer,1013,,N
2022,"2021-611201",Arboriculture Farmer,1014,,N
2022,"2021-611202",Horticultural Farmer,1015,,N
2022,"2021-611301",Ornamental Horticultural Farmer,1016,,N
2022,"2021-611302",Landscape Contractor,1017,,N
2022,"2021-611303",Groundskeeper,1018,,N
2022,"2021-611304",Nurseryperson,1019,,N
2022,"2021-611306",Arboriculturist,1020,,N
2022,"2021-611401",Mixed Crop Farm Production Manager / Foreman,1021,,N
2022,"2021-612101",Livestock Farmer,1022,,N
2022,"2021-612102",Dairy Farmer,1023,,N
2022,"2021-612201",Poultry Farmer,1024,,N
2022,"2021-612202",Ratites Farmer,1025,,N
2022,"2021-612301",Insect Farmer,1026,,N
2022,"2021-612901",Avian Farmer,1027,,N
2022,"2021-612902",Game Farmer,1028,,N
2022,"2021-613101",Mixed Crop and Livestock Farmer,1029,,N
2022,"2021-631101",Subsistence Crop Farmer,1030,,N
2022,"2021-631201",Subsistence Livestock Farmer,1031,,N
2022,"2021-631301",Subsistence Mixed Crop and Livestock Farmers,1032,,N
2022,"2021-641101",House Builder,1033,,N
2022,"2021-641201",Bricklayer,1034,,N
2022,"2021-641301",Stonemason,1035,,N
2022,"2021-641302",Granite Cutter,1036,,N
2022,"2021-641303",Refractory Mason,1037,,N
2022,"2021-641401",Concreter,1038,,N
2022,"2021-641402",Fibre-cement Moulder,1039,,N
2022,"2021-641403",Civil Engineering Constructor,1040,,N
2022,"2021-641501",Carpenter and Joiner,1041,,N
2022,"2021-641502",Carpenter,1042,,N
2022,"2021-641503",Joiner,1043,,N
2022,"2021-641901",Demolition Technician,1044,,N
2022,"2021-641902",Scaffolder,1045,,N
2022,"2021-642101",Roof Tiler,1046,,N
2022,"2021-642102",Roof Plumber,1047,,N
2022,"2021-642103",Roof Thatcher,1048,,N
2022,"2021-642201",Wall and Floor Tiler,1049,,N
2022,"2021-642202",Floor Finisher,1050,,N
2022,"2021-642301",Fibrous Plasterer,1051,,N
2022,"2021-642302",Plasterer,1052,,N
2022,"2021-642401",Insulation Installer,1053,,N
2022,"2021-642501",Glazier,1054,,N
2022,"2021-642601",Plumber,1055,,N
2022,"2021-642602",Solar Installer,1056,,N
2022,"2021-642603",Gas Practitioner,1057,,N
2022,"2021-642604",Fire Services Plumber,1058,,N
2022,"2021-642605",Plumbing Inspector,1059,,N
2022,"2021-642606",Heat Pump Installer,1060,,N
2022,"2021-642607",Pipe Fitter,1061,,N
2022,"2021-642701",Air-conditioning and Refrigeration Mechanic,1062,,N
2022,"2021-642702",Refrigeration Mechanic,1063,,N
2022,"2021-643101",Painter,1064,,N
2022,"2021-643201",Industrial Spraypainter,1065,,N
2022,"2021-643202",Vehicle Painter,1066,,N
2022,"2021-643302",Chimney Cleaner,1067,,N
2022,"2021-651101",Moulder,1068,,N
2022,"2021-651201",Pressure Welder,1069,,N
2022,"2021-651202",Welder,1070,,N
2022,"2021-651203",Fitter-welder,1071,,N
2022,"2021-651204",Gas Cutter,1072,,N
2022,"2021-651301",Sheet Metal Worker,1073,,N
2022,"2021-651302",Boiler Maker,1074,,N
2022,"2021-651401",Metal Fabricator,1075,,N
2022,"2021-651402",Structural Steel Erector,1076,,N
2022,"2021-651403",Steel Fixer,1077,,N
2022,"2021-651404",Structural Plater,1078,,N
2022,"2021-651501",Rigger,1079,,N
2022,"2021-651502",Cable and Rope Splicer,1080,,N
2022,"2021-652101",Blacksmith,1081,,N
2022,"2021-652102",Forging Press Worker,1082,,N
2022,"2021-652201",Toolmaker,1083,,N
2022,"2021-652202",Gunsmith,1084,,N
2022,"2021-652203",Locksmith,1085,,N
2022,"2021-652204",Patternmaker,1086,,N
2022,"2021-652205",Master Toolmaker,1087,,N
2022,"2021-652206",Die Sinker,1088,,N
2022,"2021-652301",Metal Machinist,1089,,N
2022,"2021-652302",Fitter and Turner,1090,,N
2022,"2021-652401",Metal Polisher,1091,,N
2022,"2021-652402",Tool Grinder and Sharpener,1092,,N
2022,"2021-652403",Saw Maker and Repairer,1093,,N
2022,"2021-652404",Grinder,1094,,N
2022,"2021-653101",Automotive Motor Mechanic,1095,,N
2022,"2021-653103",Motorcycle Mechanic,1096,,N
2022,"2021-653109",Automotive Engine Mechanic,1097,,N
2022,"2021-653201",Aircraft Maintenance Mechanic,1098,,N
2022,"2021-653202",Aircraft Structures Worker,1099,,N
2022,"2021-653301",Industrial Machinery Mechanic,1100,,N
2022,"2021-653302",Mechanical Equipment Repairer,1101,,N
2022,"2021-653303",Mechanical Fitter,1102,,N
2022,"2021-653304",Diesel Fitter,1103,,N
2022,"2021-653305",Small Engine Mechanic,1104,,N
2022,"2021-653306",Diesel Mechanic,1105,,N
2022,"2021-653307",Heavy Equipment Mechanic,1106,,N
2022,"2021-653308",Tractor Mechanic,1107,,N
2022,"2021-653309",Forklift Mechanic,1108,,N
2022,"2021-653310",Lubrication Equipment Mechanic,1109,,N
2022,"2021-653401",Bicycle Mechanic,1110,,N
2022,"2021-653402",Non-motorised Transport Equipment Repairer,1111,,N
2022,"2021-661101",Precision Instrument Maker and Repairer,1112,,N
2022,"2021-661102",Watch and Clock Maker and Repairer,1113,,N
2022,"2021-661103",Scale Fitter,1114,,N
2022,"2021-661201",Musical Instrument Maker or Repairer,1115,,N
2022,"2021-661301",Goldsmith,1116,,N
2022,"2021-661302",Diamond and Gemstone Setter,1117,,N
2022,"2021-661303",Jewellery Evaluator,1118,,N
2022,"2021-661304",Diamond Sorter and Evaluator,1119,,N
2022,"2021-661401",Potter or Ceramic Artist,1120,,N
2022,"2021-661501",Glass Maker,1121,,N
2022,"2021-661502",Optical Mechanic,1122,,N
2022,"2021-661601",Signwriter,1123,,N
2022,"2021-661602",Engraver,1124,,N
2022,"2021-661701","Basket, Cane and Wicker Worker",1125,,N
2022,"2021-661702",Carver,1126,,N
2022,"2021-661703",Cane Furniture Maker,1127,,N
2022,"2021-661801","Textile, Leather and Related Materials Handicraft Workers",1128,,N
2022,"2021-661901",Metal Toymaker,1129,,N
2022,"2021-662101",Electronic Pre-press,1130,,N
2022,"2021-662104",Electronic Originator,1131,,N
2022,"2021-662105",Gravure Cylinder Preparation Technician,1132,,N
2022,"2021-662106",Process Engraver,1133,,N
2022,"2021-662107",Printing Plate Maker,1134,,N
2022,"2021-662201",Printing Machinist,1135,,N
2022,"2021-662202",Small Offset Lithography Operator,1136,,N
2022,"2021-662203",Screen Printer,1137,,N
2022,"2021-662204",Paper Sheetfed Offset Lithography Technician,1138,,N
2022,"2021-662205",Metal Sheetfed Offset Lithography Technician,1139,,N
2022,"2021-662206",Continuous Stationery Printing Machine Technician,1140,,N
2022,"2021-662207",Monoblock Offset Machine Technician,1141,,N
2022,"2021-662208",Roll Label Machine Technician,1142,,N
2022,"2021-662209",Gravure Printing Technician,1143,,N
2022,"2021-662210",Heatset Rotary Offset Lithography Technician,1144,,N
2022,"2021-662211",Coldset Rotary Offset Lithographic Printing Technician (Coldset),1145,,N
2022,"2021-662212",Rotary Printing and Re-reeling Flexographic Machine Technician,1146,,N
2022,"2021-662213",Rotary Printing and Re-reeling Gravure Machine Technician,1147,,N
2022,"2021-662215",Stationery Machine Technician,1148,,N
2022,"2021-662216",Commercial Digital Printer,1149,,N
2022,"2021-662301",Mechanized soft-cover bookbinding technician,1150,,N
2022,"2021-662303",Mechanised Bookbinding Technician,1151,,N
2022,"2021-662304",Craft Bookbinding Technician,1152,,N
2022,"2021-662305",Mechanised Hard-cover Bookbinding Technician,1153,,N
2022,"2021-662307",Folding Machine Operator (Paper Products),1154,,N
2022,"2021-662308",Saddle Stitch Machine Operator,1155,,N
2022,"2021-662309",Adhesive Binding Machine Operator,1156,,N
2022,"2021-662310",Book Sewing Machine Operator,1157,,N
2022,"2021-662311",Gathering Machine Operator,1158,,N
2022,"2021-662312",Commercial Mailing Machine Operator,1159,,N
2022,"2021-662313",Newspaper and Magazine Mailroom Machine Operator,1160,,N
2022,"2021-662314",Envelope Manufacturing Machine Operator,1161,,N
2022,"2021-662315",Coating Machine Operator,1162,,N
2022,"2021-662316",Foiling Machine Operator,1163,,N
2022,"2021-662317",Roll Label Rewind Machine Operator,1164,,N
2022,"2021-671101",Electrician,1165,,N
2022,"2021-671102",Electrical Installation Inspector,1166,,N
2022,"2021-671202",Millwright,1167,,N
2022,"2021-671203",Mechatronics Technician,1168,,N
2022,"2021-671204",Lift Mechanic,1169,,N
2022,"2021-671205",Weapon Systems Mechanic,1170,,N
2022,"2021-671206",Electrical Equipment Mechanic,1171,,N
2022,"2021-671207",Armature Winder,1172,,N
2022,"2021-671208",Transportation Electrician,1173,,N
2022,"2021-671301",Electrical Line Mechanic,1174,,N
2022,"2021-671302",Cable Jointer,1175,,N
2022,"2021-672101",Avionics Mechanician,1176,,N
2022,"2021-672102",Radar Mechanic,1177,,N
2022,"2021-672103",Business Machine Mechanic,1178,,N
2022,"2021-672104",Electronic Equipment Mechanician,1179,,N
2022,"2021-672105",Instrument Mechanician,1180,,N
2022,"2021-672107",Special Class Electrician,1181,,N
2022,"2021-672108",Radiotrician,1182,,N
2022,"2021-672201",Data and Telecommunications Cabler,1183,,N
2022,"2021-672202",Telecommunications Cable Jointer,1184,,N
2022,"2021-672203",Computer Engineering Mechanic / Service Person,1185,,N
2022,"2021-672204",Telecommunications Line Mechanic,1186,,N
2022,"2021-672205",Telecommunications Technician,1187,,N
2022,"2021-672206",Communications Operator,1188,,N
2022,"2021-681101",Slaughterer,1189,,N
2022,"2021-681102",Red Meat De-boner,1190,,N
2022,"2021-681103",Butcher,1191,,N
2022,"2021-681104",Fishmonger,1192,,N
2022,"2021-681105",Poultry Slaughterer,1193,,N
2022,"2021-681201",Confectionary Baker,1194,,N
2022,"2021-681202",Pastry Cook,1195,,N
2022,"2021-681203",Confectionery Maker,1196,,N
2022,"2021-681301",Dairyman,1197,,N
2022,"2021-681401",Fruit or Vegetable Preserver,1198,,N
2022,"2021-681402",Oil Expeller,1199,,N
2022,"2021-681403",Jam Maker,1200,,N
2022,"2021-681501",Cheese Grader / Tester,1201,,N
2022,"2021-681502",Food Taster / Grader,1202,,N
2022,"2021-681503",Tea Taster / Grader,1203,,N
2022,"2021-681504",Wine Taster / Grader,1204,,N
2022,"2021-681505",Fruit and Vegetable Grader / Classer,1205,,N
2022,"2021-681506",Livestock Product Analyst,1206,,N
2022,"2021-681601",Cigar Maker,1207,,N
2022,"2021-681602",Green Tobacco Storage Controller / Manager,1208,,N
2022,"2021-681603",Tobacco Processing Machine Operator,1209,,N
2022,"2021-682101",Wood Preparer and Treater,1210,,N
2022,"2021-682102",Plywood and Veneer Maker and Repairer,1211,,N
2022,"2021-682201",Cabinet Maker,1212,,N
2022,"2021-682203",Wood Model Maker,1213,,N
2022,"2021-682301",Furniture Finisher,1214,,N
2022,"2021-682302",Picture Framer,1215,,N
2022,"2021-682303",Wood Machinist,1216,,N
2022,"2021-682304",Wood Turner,1217,,N
2022,"2021-682305",Cooper,1218,,N
2022,"2021-683101",Tailor,1219,,N
2022,"2021-683102",Furrier,1220,,N
2022,"2021-683103",Hat Maker,1221,,N
2022,"2021-683104",Wig Maker,1222,,N
2022,"2021-683201","Clothing, Home Textiles and General Goods Cutter",1223,,N
2022,"2021-683202",Apparel and related pattern maker,1224,,N
2022,"2021-683301",Canvas Goods Maker,1225,,N
2022,"2021-683302",Sail Maker,1226,,N
2022,"2021-683303",Textile Produce Mender and Embroiderer,1227,,N
2022,"2021-683401",Upholsterer,1228,,N
2022,"2021-683402",Bed Maker,1229,,N
2022,"2021-683501",Fellmonger,1230,,N
2022,"2021-683502",Tanner,1231,,N
2022,"2021-683503",Pelt Grader,1232,,N
2022,"2021-683601",Shoemaker,1233,,N
2022,"2021-684101",Diver,1234,,N
2022,"2021-684201", Mining Blaster,1235,,N
2022,"2021-684202",Blaster,1236,,N
2022,"2021-684301",Crop Produce Analyst,1237,,N
2022,"2021-684302",Tobacco Grader,1238,,N
2022,"2021-684303",Cotton Grader,1239,,N
2022,"2021-684304",Wool Classer / Grader,1240,,N
2022,"2021-684305",Quality Controller (Manufacturing),1241,,N
2022,"2021-684401",Pest or Weed Controller,1242,,N
2022,"2021-684901","Textile, Clothing, Footwear and Leather Processing Machine Mechanic",1243,,N
2022,"2021-684902",Farrier,1244,,N
2022,"2021-684904",Panelbeater,1245,,N
2022,"2021-684905",Vehicle Body Builder,1246,,N
2022,"2021-684906",Vehicle Trimmer,1247,,N
2022,"2021-684907",Boatbuilder and Repairer,1248,,N
2022,"2021-684908",Shipwright,1249,,N
2022,"2021-684909",Survival Equipment Fitter,1250,,N
2022,"2021-684910",Ammunition Fitter,1251,,N
2022,"2021-684911",Florist,1252,,N
2022,"2021-684912",Photographer's Assistant,1253,,N
2022,"2021-684913",Melter,1254,,N
2022,"2021-684914",Textile Machine Mechanic,1255,,N
2022,"2021-711101",Mining Operator,1256,,N
2022,"2021-711102",Shotcreter,1257,,N
2022,"2021-711201",Mineral Processing Plant Operator,1258,,N
2022,"2021-711202",Jewellery Processing and Finishing Machine Operator,1259,,N
2022,"2021-711203",Diamond Cutter and Polisher,1260,,N
2022,"2021-711204",Gemstone Cutter,1261,,N
2022,"2021-711205",Gemstone Machine Operator,1262,,N
2022,"2021-711301",Driller,1263,,N
2022,"2021-711302",Rock Drill Operator,1264,,N
2022,"2021-711401",Concrete Products Machine Operator,1265,,N
2022,"2021-711402","Glass, Clay and Stone Manufacturing Machine Setter and Minder",1266,,N
2022,"2021-711403",Plaster Machine Operator,1267,,N
2022,"2021-711404",Cement Production Plant Operator,1268,,N
2022,"2021-711405",Concrete Batching Plant Operator,1269,,N
2022,"2021-711406",Industrial Diamond Polishing Machine Operator,1270,,N
2022,"2021-712101",Metal Processing Plant Operator,1271,,N
2022,"2021-712102",Metal Manufacturing Machine Setter and Minder,1272,,N
2022,"2021-712103",Abrasive Wheel Maker,1273,,N
2022,"2021-712104",Brake Lining Maker,1274,,N
2022,"2021-712201",Electroplater,1275,,N
2022,"2021-713101",Chemical Production Machine Operator,1276,,N
2022,"2021-713201",Photographic Developer and Printer,1277,,N
2022,"2021-714101",Rubber Production Machine Operator,1278,,N
2022,"2021-714102",Rubber Manufacturing Machine Setter and Minder,1279,,N
2022,"2021-714201",Plastic Cablemaking Machine Operator,1280,,N
2022,"2021-714202",Plastic Compounding and Reclamation Machine Operator,1281,,N
2022,"2021-714203",Plastics Fabricator or Welder,1282,,N
2022,"2021-714204",Plastics Production Machine Operator (General),1283,,N
2022,"2021-714205",Reinforced Plastic and Composite Production Worker,1284,,N
2022,"2021-714206",Rotational Moulding Operator (Plastics),1285,,N
2022,"2021-714207",Thermoforming Machine Operator,1286,,N
2022,"2021-714208",Plastics Manufacturing Machine Minder,1287,,N
2022,"2021-714209",Reinforced Plastics and Composite Trades Worker,1288,,N
2022,"2021-714301",Paper Products Machine Operator,1289,,N
2022,"2021-715101",Fibre Preparation Production Machine Operator,1290,,N
2022,"2021-715102",Yarn Production Machine Operator,1291,,N
2022,"2021-715103",Man-made Fibre Production Machine Operator,1292,,N
2022,"2021-715201",Weaving Machine Operator,1293,,N
2022,"2021-715202",Warping Machine Operator,1294,,N
2022,"2021-715203",Braiding Machine Operator,1295,,N
2022,"2021-715204",Knitting Machine Operator,1296,,N
2022,"2021-715205",Non-woven Machine Operator,1297,,N
2022,"2021-715206",Textile Dry Finishing Machine Operator,1298,,N
2022,"2021-715301",Sewing Machine Operator,1299,,N
2022,"2021-715302","Clothing, Textile and Leather Goods Production Operator",1300,,N
2022,"2021-715401",Textile Wet Process Production Operator,1301,,N
2022,"2021-715501",Leather Processing Machine Operator,1302,,N
2022,"2021-715601",Footwear Cutting Production Machine Operator,1303,,N
2022,"2021-715602",Footwear Closing Production Machine Operator,1304,,N
2022,"2021-715603",Footwear Bottom Stock Production Machine Operator,1305,,N
2022,"2021-715604",Footwear Lasting Production Machine Operator,1306,,N
2022,"2021-715605",Footwear Finishing Production Machine Operator,1307,,N
2022,"2021-715701",Laundry and Dry Cleaning Machine Operator,1308,,N
2022,"2021-715901",Textile and Footwear Manufacturing Machine Minder,1309,,N
2022,"2021-716101",Fruit and Vegetable Processing Machine Operator,1310,,N
2022,"2021-716102",Distillery Process Machine Operator,1311,,N
2022,"2021-716103",Juice Extraction and Blending Process Machine Operator,1312,,N
2022,"2021-716104",Dairy Products Machine Operator,1313,,N
2022,"2021-716105",Bakery and Confectionary Products Machine Operator,1314,,N
2022,"2021-716106",Sugar Processing Machine Operator,1315,,N
2022,"2021-716107",Coffee and Tea Processing Machine Operator,1316,,N
2022,"2021-716108",Seed Processing Machine Operator,1317,,N
2022,"2021-716109",Milling Process Machine Operator,1318,,N
2022,"2021-716110",Tobacco Product Processing Machine Operator,1319,,N
2022,"2021-716111",Meat Processing Machine Operator,1320,,N
2022,"2021-716112",Seafood Processing Machine Operator,1321,,N
2022,"2021-716113",Grain Handling Operator,1322,,N
2022,"2021-716114",Sparkling Soft drink process machine operator,1323,,N
2022,"2021-716115",Wine processing machine operator,1324,,N
2022,"2021-716116","Cereals, snacks, pasta and condiments machine process operator",1325,,N
2022,"2021-716117",Brew house Process Machine Operator,1326,,N
2022,"2021-716118",Food and Beverage Process Operator,1327,,N
2022,"2021-717101",Wood and Paper Manufacturing Machine Minder,1328,,N
2022,"2021-717102",Paper and Pulp Mill Operator,1329,,N
2022,"2021-717201",Wood Processing Machine Operator,1330,,N
2022,"2021-718101",Clay Production Machine Operator,1331,,N
2022,"2021-718102",Glass Production Machine Operator,1332,,N
2022,"2021-718201",Boiler or Engine Operator,1333,,N
2022,"2021-718301",Labelling Machine Operator,1334,,N
2022,"2021-718302",Packing Machine Operator,1335,,N
2022,"2021-718303",Filling Line Operator,1336,,N
2022,"2021-718304",Packaging Manufacturing Machine Minder,1337,,N
2022,"2021-718901",Silicon Chip Production Machine Operator,1338,,N
2022,"2021-718902",Cable and Rope Splicing Machine Operator,1339,,N
2022,"2021-718903",Cable Manufacturing Machine Minder,1340,,N
2022,"2021-718904",Integrated Manufacturing Line Machine Setter,1341,,N
2022,"2021-718905",Engineering Production Systems Worker,1342,,N
2022,"2021-718906",Bulk Materials Handling Plant Operator,1343,,N
2022,"2021-718907",Weighbridge Operator,1344,,N
2022,"2021-718908",Car Compactor Operator,1345,,N
2022,"2021-718909",Lighthouse Keeper,1346,,N
2022,"2021-718910",Lock Master (Water Transport),1347,,N
2022,"2021-718911",Snow Maker,1348,,N
2022,"2021-718912",Wash Plant Operator,1349,,N
2022,"2021-718913",Motion Picture Projectionist,1350,,N
2022,"2021-718914",Sand Blaster,1351,,N
2022,"2021-718915",Venetian Blind Machine Operator,1352,,N
2022,"2021-721101",Machinery Assembler,1353,,N
2022,"2021-721201",Electrical and Electronic Equipment Assembler,1354,,N
2022,"2021-721901",Product Assembler,1355,,N
2022,"2021-731101",Train Driver,1356,,N
2022,"2021-731102",Tram Driver,1357,,N
2022,"2021-731201",Railway Signal Operator,1358,,N
2022,"2021-731202",Train Controller,1359,,N
2022,"2021-732101",Delivery Driver,1360,,N
2022,"2021-732102",Delivery Driver (Motorcycle),1361,,N
2022,"2021-732201",Chauffeur,1362,,N
2022,"2021-732202",Taxi Driver,1363,,N
2022,"2021-732203",Emergency Vehicle Drivers,1364,,N
2022,"2021-732204",Oversize Load Pilot / Escort,1365,,N
2022,"2021-733101",Bus Driver,1366,,N
2022,"2021-733102",Charter and Tour Bus Driver,1367,,N
2022,"2021-733103",Passenger Coach Driver,1368,,N
2022,"2021-733201",Truck Driver (General),1369,,N
2022,"2021-733202",Aircraft Refueller,1370,,N
2022,"2021-733203",Furniture Removalist,1371,,N
2022,"2021-733204",Tanker Driver,1372,,N
2022,"2021-733205",Tow Truck Driver,1373,,N
2022,"2021-733206",Armoured Personnel Carrier Operator,1374,,N
2022,"2021-733207",Snow Groomer,1375,,N
2022,"2021-733208",Mobile Mining Equipment Operator,1376,,N
2022,"2021-733209",Linemarker,1377,,N
2022,"2021-733210",Road Construction Plant Operator,1378,,N
2022,"2021-733211",Remotely Operated Vehicle (ROV) Pilot,1379,,N
2022,"2021-734101",Agricultural Mobile Plant (Equipment) Operator,1380,,N
2022,"2021-734102",Logging Plant Operator,1381,,N
2022,"2021-734201",Earthmoving Plant Operator (General),1382,,N
2022,"2021-734202",Backhoe Operator,1383,,N
2022,"2021-734203",Bulldozer Operator,1384,,N
2022,"2021-734204",Excavator Operator,1385,,N
2022,"2021-734205",Grader Operator,1386,,N
2022,"2021-734206",Loader Operator,1387,,N
2022,"2021-734207",Mulcher Operator,1388,,N
2022,"2021-734208",Tunnelling Machine Operator,1389,,N
2022,"2021-734209",Mobile Explosives Manufacturing Unit (MEMU) Operator,1390,,N
2022,"2021-734210",Scraper Operator,1391,,N
2022,"2021-734211",Dragline Operator,1392,,N
2022,"2021-734212",Railway Track Master,1393,,N
2022,"2021-734213",Road Roller Operator,1394,,N
2022,"2021-734214",Dump Truck Operator,1395,,N
2022,"2021-734301",Crane or Hoist Operator,1396,,N
2022,"2021-734302",Cable Ferry Operator,1397,,N
2022,"2021-734303",Dredge Operator,1398,,N
2022,"2021-734401",Lift Operator,1399,,N
2022,"2021-734402",Forklift Driver,1400,,N
2022,"2021-734403",Straddle Carrier Operator,1401,,N
2022,"2021-735101",Deck Hand,1402,,N
2022,"2021-735102",Jetty Operator,1403,,N
2022,"2021-811101",Domestic Cleaner,1404,,N
2022,"2021-811201",Commercial Cleaner,1405,,N
2022,"2021-811202",Healthcare Cleaner,1406,,N
2022,"2021-811203",Tea Attendant,1407,,N
2022,"2021-811204",Caretaker / cleaner,1408,,N
2022,"2021-812101",Laundry Worker (General),1409,,N
2022,"2021-812103",Ironer or Presser,1410,,N
2022,"2021-812104",Carpet Cleaner,1411,,N
2022,"2021-812201",Vehicle Detailer (Valet Servicer),1412,,N
2022,"2021-812301",Window Cleaner,1413,,N
2022,"2021-812901",Septic Tank Cleaner,1414,,N
2022,"2021-812902",Swimming Pool Cleaner,1415,,N
2022,"2021-812903",Washroom Attendant,1416,,N
2022,"2021-812904",Sterilisation Technician,1417,,N
2022,"2021-821101",Crop Production Farm Worker / Assistant,1418,,N
2022,"2021-821102",Irrigationist,1419,,N
2022,"2021-821103",Scout,1420,,N
2022,"2021-821104",Harvester / Picker,1421,,N
2022,"2021-821105",Pruner,1422,,N
2022,"2021-821201",Livestock Farm Worker / Assistant,1423,,N
2022,"2021-821202",Insect Farm Worker / Assistant,1424,,N
2022,"2021-821203",Game Farm Worker / Assistant,1425,,N
2022,"2021-821204","Poultry, Ratites or Avian Farm Worker / Assistant",1426,,N
2022,"2021-821205",Wool Handler,1427,,N
2022,"2021-821301",Mixed Crop and Livestock Farm Worker / Assistant,1428,,N
2022,"2021-821401",Garden Workers,1429,,N
2022,"2021-821402",Ornamental Horticultural or Nursery Assistant,1430,,N
2022,"2021-821403",Indoor Plant Worker,1431,,N
2022,"2021-821501",Forestry Worker,1432,,N
2022,"2021-821502",Logging Assistant,1433,,N
2022,"2021-821601",Fishing Hand,1434,,N
2022,"2021-821602",Aquaculture Farm Worker / Assistant,1435,,N
2022,"2021-831101",Mining Worker ,1436,,N
2022,"2021-831102",Driller's Assistant,1437,,N
2022,"2021-831103",Mineral Beneficiation Plant Worker,1438,,N
2022,"2021-831104",Mining Spotter Controller,1439,,N
2022,"2021-831301",Builder's Worker,1440,,N
2022,"2021-831302","Drainage, Sewerage and Storm Water Worker",1441,,N
2022,"2021-831303",Earthmoving Worker,1442,,N
2022,"2021-831304",Plumber's Assistant,1443,,N
2022,"2021-831305",Cement and Concrete Plant Worker,1444,,N
2022,"2021-831306",Paving and Surfacing Worker,1445,,N
2022,"2021-831307",Railway Track Worker,1446,,N
2022,"2021-831308",Crane Chaser,1447,,N
2022,"2021-831309",Lagger,1448,,N
2022,"2021-831310",Surveyor's Assistant,1449,,N
2022,"2021-831311",Fencer,1450,,N
2022,"2021-831312",Sign Erector,1451,,N
2022,"2021-831313",Water Process Worker,1452,,N
2022,"2021-832101",Packer (Non Perishable Products),1453,,N
2022,"2021-832102",Meat Packer,1454,,N
2022,"2021-832103",Fish or Seafood Packer,1455,,N
2022,"2021-832104",Cheese Packer,1456,,N
2022,"2021-832901",Metal Engineering Process Worker,1457,,N
2022,"2021-832902","Plastics, Composites and Rubber Factory Worker",1458,,N
2022,"2021-832903",Timber and Wood Process Worker,1459,,N
2022,"2021-832904",Food and Beverage Factory Worker,1460,,N
2022,"2021-832905",Footwear and Leather Factory Worker,1461,,N
2022,"2021-832906",Glass Processing Worker,1462,,N
2022,"2021-832907",Chemical Plant Worker,1463,,N
2022,"2021-832908",Clay Processing Factory Worker,1464,,N
2022,"2021-832909","Textile, Clothing and Footwear Factory Worker",1465,,N
2022,"2021-832910",Component Fitter,1466,,N
2022,"2021-833301",Freight Handler (Rail or Road),1467,,N
2022,"2021-833302",Truck Driver's Offsider,1468,,N
2022,"2021-833303",Waterside Worker,1469,,N
2022,"2021-833304",Airline Ground Crew,1470,,N
2022,"2021-833401",Shelf Filler,1471,,N
2022,"2021-833402",Store Person,1472,,N
2022,"2021-841101",Fast Food Cook,1473,,N
2022,"2021-841201",Kitchenhand,1474,,N
2022,"2021-841202",Food Trade Assistant,1475,,N
2022,"2021-851101",Car Park Attendant,1476,,N
2022,"2021-851102",Leaflet or Newspaper Deliverer,1477,,N
2022,"2021-852101",Street Vendor,1478,,N
2022,"2021-861101",Recycling or Rubbish Collector,1479,,N
2022,"2021-861201",Refuse Sorter,1480,,N
2022,"2021-861202",Waste Material Sorter and Classifier,1481,,N
2022,"2021-861301",Street Sweeper Operator,1482,,N
2022,"2021-862101",Busser,1483,,N
2022,"2021-862102",Luggage Porter,1484,,N
2022,"2021-862103",Cloak Room Attendant,1485,,N
2022,"2021-862104",Hotel Cellar Hand,1486,,N
2022,"2021-862201",Home Improvement Installer,1487,,N
2022,"2021-862202",Handyperson,1488,,N
2022,"2021-862301",Meter Reader,1489,,N
2022,"2021-862302",Vending Machine Attendant,1490,,N
2022,"2021-862913",Event Assistant,1491,,N
2022,"2021-862914",Sheltered Workshop Worker,1492,,N
2022,"2021-862915",Chemical Mixer,1493,,N
2022,"2021-862916",Farm Maintenance Worker,1494,,N
2022,"2021-862917",Crossing Supervisor,1495,,N
2022,"2021-862918",Electrical or Telecommunications Trades Assistant,1496,,N
2022,"2021-862919",Mechanic Trade Assistant,1497,,N
2022,"2021-862920",Railways Assistant,1498,,N
2022,"2021-862922",Electronics and Telecommunications Trades Assistant,1499,,N
2022,"2021-862923",Trolley Collector,1500,,N
2022,"2021-862924",Stage or Studio Hand,1501,,N
2022,"2021-862925",Caddie,1502,,N
2022,"2021-862926",Ticket Collector,1503,,N
2022,"2021-862927",Borehole Pump Operator ,1504,,N
2023,"2021-111101",Local or Provincial Government Legislator,2002,,N
2023,"2021-111102",Parliamentarian,2003,,N
2023,"2021-111201",Defence Force Senior Officer,2004,,N
2023,"2021-111202",General Manager Public Service,2005,,N
2023,"2021-111203",Local Authority Manager,2006,,N
2023,"2021-111204",Senior Government Official,2007,,N
2023,"2021-111205",Senior Police Officer,2008,,N
2023,"2021-111206",Ombudsperson,2009,,N
2023,"2021-111207",Senior Government Manager,2010,,N
2023,"2021-111301",Traditional Leader,2011,,N
2023,"2021-111401",Elected Official,2012,,N
2023,"2021-111402",Trade Union Representative,2013,,N
2023,"2021-111403",Political Party Representative,2014,,N
2023,"2021-112101",Director (Enterprise / Organisation),2015,,N
2023,"2021-121101",Finance Manager,2016,,N
2023,"2021-121102",Payroll Manager,2017,,N
2023,"2021-121103",Credit Manager,2018,,N
2023,"2021-121104",Internal Audit Manager,2019,,N
2023,"2021-121201",Human Resource Manager,2020,,N
2023,"2021-121202",Business Training Manager,2021,,N
2023,"2021-121203",Compensation and Benefits Manager,2022,,N
2023,"2021-121204",Recruitment Manager,2023,,N
2023,"2021-121205",Employee Wellness Manager,2024,,N
2023,"2021-121206",Health and Safety Manager,2025,,N
2023,"2021-121207",Personnel Manager,2026,,N
2023,"2021-121301",Policy and Planning Manager,2027,,N
2023,"2021-121901",Corporate General Manager,2028,,N
2023,"2021-121902",Corporate Services Manager,2029,,N
2023,"2021-121903",Physical Asset Manager,2030,,N
2023,"2021-121904",Contract Manager,2031,,N
2023,"2021-121905",Programme or Project Manager,2032,,N
2023,"2021-121906",Franchise Manager,2033,,N
2023,"2021-121908",Quality Systems Manager,2034,,N
2023,"2021-121909",Sustainability Manager,2035,,N
2023,"2021-121910",Water Asset Manager,2036,,N
2023,"2021-122101",Sales and Marketing Manager,2037,,N
2023,"2021-122102",Sales Manager,2038,,N
2023,"2021-122103",Director of Marketing,2039,,N
2023,"2021-122104",Interactive and Direct Marketing Strategist,2040,,N
2023,"2021-122105",Customer Service Manager,2041,,N
2023,"2021-122201",Advertising and Public Relations Manager,2042,,N
2023,"2021-122301",Research and Development Manager,2043,,N
2023,"2021-131101",Agricultural Farm Manager,2044,,N
2023,"2021-131102",Forestry Operations Manager ,2045,,N
2023,"2021-131103",Forestry Operations Supervisor,2046,,N
2023,"2021-131201",Aquaculture Farm Manager,2047,,N
2023,"2021-132101",Manufacturer,2048,,N
2023,"2021-132102",Manufacturing Operations Manager,2049,,N
2023,"2021-132104",Engineering Manager,2050,,N
2023,"2021-132105",Power Generation Operations Manager,2051,,N
2023,"2021-132106",Manufacturing Quality Manager,2052,,N
2023,"2021-132107",Quality Manager,2053,,N
2023,"2021-132108",Metrologist,2054,,N
2023,"2021-132109",Quality Systems Auditor,2055,,N
2023,"2021-132201",Mining Manager,2056,,N
2023,"2021-132202",Mineral Resources Manager,2057,,N
2023,"2021-132203",Rock Engineering Manager,2058,,N
2023,"2021-132301",Construction Project Manager,2059,,N
2023,"2021-132302",Project Builder,2060,,N
2023,"2021-132401",Supply and Distribution Manager,2061,,N
2023,"2021-132402",Logistics Manager,2062,,N
2023,"2021-132403",Road Transport Manager,2063,,N
2023,"2021-132404",Warehouse Manager,2064,,N
2023,"2021-132405",Fleet Manager,2065,,N
2023,"2021-132406",Railway Station Manager,2066,,N
2023,"2021-132407",Airport or Harbour Manager,2067,,N
2023,"2021-132408",Grain Depot Manager,2068,,N
2023,"2021-132409",Fuel Manager,2069,,N
2023,"2021-132410",Maritime Search and Rescue Mission Coordinator,2070,,N
2023,"2021-133101",Chief Information Officer,2071,,N
2023,"2021-133102",ICT Project Manager,2072,,N
2023,"2021-133103",Data Management Manager,2073,,N
2023,"2021-133104",Application Development Manager,2074,,N
2023,"2021-133105",Information Technology Manager,2075,,N
2023,"2021-133106",Information Systems Director,2076,,N
2023,"2021-134101",Child Care Centre Manager,2077,,N
2023,"2021-134201",Medical Superintendent,2078,,N
2023,"2021-134202",Nursing Clinical Director,2079,,N
2023,"2021-134203",Primary Health Care Manager,2080,,N
2023,"2021-134204",Secondary Health Services Manager,2081,,N
2023,"2021-134205",Health Service Specialised Clinic Manager,2082,,N
2023,"2021-134206",Sport Science Manager,2083,,N
2023,"2021-134207",Community Health Manager,2084,,N
2023,"2021-134301",Special Care Accommodation Manager,2085,,N
2023,"2021-134401",Social Services Manager,2086,,N
2023,"2021-134402",Community Development Manager,2087,,N
2023,"2021-134403",Child and Youth Care Manager,2088,,N
2023,"2021-134501",School Principal,2089,,N
2023,"2021-134502",College Principal,2090,,N
2023,"2021-134503",Faculty Head,2091,,N
2023,"2021-134504",District Education Manager,2092,,N
2023,"2021-134505",Educational Rector,2093,,N
2023,"2021-134506",Educational Registrar,2094,,N
2023,"2021-134507",Departmental Head,2095,,N
2023,"2021-134601",Bank Manager,2096,,N
2023,"2021-134602",Credit Bureau Manager,2097,,N
2023,"2021-134603",Financial Markets Business Manager,2098,,N
2023,"2021-134701",Military Manager,2099,,N
2023,"2021-134702",Military Commander,2100,,N
2023,"2021-134703",Military Warrant Officer,2101,,N
2023,"2021-134901",Environmental Manager,2102,,N
2023,"2021-134902",Laboratory Manager,2103,,N
2023,"2021-134903",Small Business Manager,2104,,N
2023,"2021-134904",Office Manager,2105,,N
2023,"2021-134905",Judicial Court Manager,2106,,N
2023,"2021-134906",Practice Manager,2107,,N
2023,"2021-134907",Archives Manager,2108,,N
2023,"2021-134908",Library Manager,2109,,N
2023,"2021-134909",Museum Manager,2110,,N
2023,"2021-134911",Insurance Policy Administration Manager,2111,,N
2023,"2021-134912",Commissioned Fire and Rescue Officer,2112,,N
2023,"2021-134913",Commissioned Police Officer,2113,,N
2023,"2021-134914",Correctional Services Manager,2114,,N
2023,"2021-134915",Non Manufacturing Operations Manager,2115,,N
2023,"2021-134916",Non Manufacturing Operations Foreman,2116,,N
2023,"2021-134917",Publisher,2117,,N
2023,"2021-134918",Water production and Supply Manager,2118,,N
2023,"2021-134919",Traffic and Law Enforcement Manager,2119,,N
2023,"2021-134920",Community Correctional Manager,2120,,N
2023,"2021-134921",Disaster Management Manager ,2121,,N
2023,"2021-141101",Hotel or Motel Manager,2122,,N
2023,"2021-141102",Guest House Manager,2123,,N
2023,"2021-141103",Reception Manager,2124,,N
2023,"2021-141201",Café (Licensed) or Restaurant Manager,2125,,N
2023,"2021-141202",Licensed Club Manager,2126,,N
2023,"2021-141203",Catering Production Manager,2127,,N
2023,"2021-141204",Reservations Manager,2128,,N
2023,"2021-142101",Importer or Exporter,2129,,N
2023,"2021-142102",Wholesaler,2130,,N
2023,"2021-142103",Retail General Manager,2131,,N
2023,"2021-142104",Post Office Manager,2132,,N
2023,"2021-143101",Betting Agency Manager,2133,,N
2023,"2021-143102",Gaming Manager,2134,,N
2023,"2021-143103",Cinema or Theatre Manager,2135,,N
2023,"2021-143104",Arts / Culture Manager,2136,,N
2023,"2021-143105",Sports Administrator,2137,,N
2023,"2021-143106",Amusement Centre Manager,2138,,N
2023,"2021-143107",Fitness Centre Manager,2139,,N
2023,"2021-143108",Facility Centre Manager,2140,,N
2023,"2021-143109",Club Membership Manager,2141,,N
2023,"2021-143901",Facilities Manager,2142,,N
2023,"2021-143902",Cleaning Services Manager,2143,,N
2023,"2021-143903",Boarding Kennel or Cattery Manager,2144,,N
2023,"2021-143904",Security Services Manager,2145,,N
2023,"2021-143905",Call or Contact Centre Manager,2146,,N
2023,"2021-143906",Caravan Park and Camping Ground Manager,2147,,N
2023,"2021-143907",Dockmaster,2148,,N
2023,"2021-143908",Travel Accommodation Inspector,2149,,N
2023,"2021-143909",Travel Agency Manager,2150,,N
2023,"2021-211101",Physicist,2151,,N
2023,"2021-211201",Meteorologist,2152,,N
2023,"2021-211205",Climate Change Scientist,2153,,N
2023,"2021-211301",Chemist,2154,,N
2023,"2021-211302",Manufacturing Research Chemist,2155,,N
2023,"2021-211401",Geologist,2156,,N
2023,"2021-211402",Geophysicist,2157,,N
2023,"2021-211403",Materials Scientist,2158,,N
2023,"2021-211404",Gemologist,2159,,N
2023,"2021-211405",Mineralogist,2160,,N
2023,"2021-211406",Hydrologist,2161,,N
2023,"2021-211407",Oceanographer,2162,,N
2023,"2021-212101",Actuary,2163,,N
2023,"2021-212102",Mathematician,2164,,N
2023,"2021-212103",Statistician,2165,,N
2023,"2021-213101",Animal Behaviourist,2166,,N
2023,"2021-213102",General Biologist,2167,,N
2023,"2021-213103",Anatomist or Physiologist,2168,,N
2023,"2021-213104",Biochemist,2169,,N
2023,"2021-213105",Biotechnologist,2170,,N
2023,"2021-213106",Botanist,2171,,N
2023,"2021-213107",Marine Biologist,2172,,N
2023,"2021-213108",Microbiologist,2173,,N
2023,"2021-213109",Zoologist,2174,,N
2023,"2021-213110",Medical Scientist,2175,,N
2023,"2021-213111",Pharmaceutical Physician,2176,,N
2023,"2021-213201",Agriculture Consultant,2177,,N
2023,"2021-213202",Agricultural Scientist,2178,,N
2023,"2021-213203",Forest Scientist,2179,,N
2023,"2021-213204",Wine Maker,2180,,N
2023,"2021-213205",Food and Beverage Scientist,2181,,N
2023,"2021-213301",Conservation Scientist,2182,,N
2023,"2021-213302",Environmental Scientist,2183,,N
2023,"2021-213304",Earth and Soil Scientist,2184,,N
2023,"2021-213305",Air Quality Analyst,2185,,N
2023,"2021-213306",Water Quality Analyst,2186,,N
2023,"2021-213307",Park Ranger,2187,,N
2023,"2021-213308",Brownfield Redevelopment Specialist,2188,,N
2023,"2021-213309",Toxicologist,2189,,N
2023,"2021-213310",Biodiversity Planner ,2190,,N
2023,"2021-214101",Industrial Engineer,2191,,N
2023,"2021-214102",Industrial Engineering Technologist,2192,,N
2023,"2021-214103",Production Engineer,2193,,N
2023,"2021-214104",Production Engineering Technologist,2194,,N
2023,"2021-214105",Energy Efficiency Manager,2195,,N
2023,"2021-214201",Civil Engineer,2196,,N
2023,"2021-214202",Civil Engineering Technologist,2197,,N
2023,"2021-214301",Environmental Engineer,2198,,N
2023,"2021-214302",Environmental Impact and Restoration Analyst,2199,,N
2023,"2021-214401",Mechanical Engineer,2200,,N
2023,"2021-214402",Mechanical Engineering Technologist,2201,,N
2023,"2021-214403",Aeronautical Engineer,2202,,N
2023,"2021-214404",Aeronautical Engineering Technologist,2203,,N
2023,"2021-214405",Naval Architect,2204,,N
2023,"2021-214406",Marine Engineering Technologist,2205,,N
2023,"2021-214407",Defence Industry Armament Engineer,2206,,N
2023,"2021-214408",Defence Industry Armament Engineering Technologist,2207,,N
2023,"2021-214501",Chemical Engineer,2208,,N
2023,"2021-214502",Chemical Engineering Technologist,2209,,N
2023,"2021-214503",Explosives and Dangerous Goods Inspector,2210,,N
2023,"2021-214601",Mining Engineer ,2211,,N
2023,"2021-214602",Mining Engineering Technologist,2212,,N
2023,"2021-214603",Metallurgical Engineer,2213,,N
2023,"2021-214604",Metallurgical Engineering Technologist,2214,,N
2023,"2021-214605",Metallurgist,2215,,N
2023,"2021-214607",Petroleum Engineer,2216,,N
2023,"2021-214901",Biomedical Engineer,2217,,N
2023,"2021-214902",Explosive Ordnance Engineer,2218,,N
2023,"2021-214903",Marine Salvage Engineer,2219,,N
2023,"2021-214904",Quantity Surveyor,2220,,N
2023,"2021-214905",Agricultural Engineer,2221,,N
2023,"2021-214906",Agricultural Engineering Technologist,2222,,N
2023,"2021-214907",Materials Engineer,2223,,N
2023,"2021-214908",Materials Engineering Technologist,2224,,N
2023,"2021-214909",Microsystems Engineers,2225,,N
2023,"2021-215101",Electrical Engineer,2226,,N
2023,"2021-215102",Electrical Engineering Technologist,2227,,N
2023,"2021-215103",Energy Engineer,2228,,N
2023,"2021-215104",Energy Engineering Technologist,2229,,N
2023,"2021-215201",Electronics Engineer,2230,,N
2023,"2021-215202",Electronics Engineering Technologist,2231,,N
2023,"2021-215301",Telecommunications Engineer,2232,,N
2023,"2021-215302",Telecommunications Engineering Technologist,2233,,N
2023,"2021-215303",Telecommunications Network Engineer,2234,,N
2023,"2021-215304",Telecommunications Field Engineer,2235,,N
2023,"2021-216101",Architect,2236,,N
2023,"2021-216201",Landscape Architect,2237,,N
2023,"2021-216301",Fashion Designer,2238,,N
2023,"2021-216302",Industrial Designer,2239,,N
2023,"2021-216303",Jewellery Designer,2240,,N
2023,"2021-216304",Footwear Designer,2241,,N
2023,"2021-216401",Urban and Regional Planner,2242,,N
2023,"2021-216402",Transport Analyst,2243,,N
2023,"2021-216403",Marine Spatial Planner,2244,,N
2023,"2021-216501",Cartographer,2245,,N
2023,"2021-216502",Surveyor,2246,,N
2023,"2021-216601",Digital Artist,2247,,N
2023,"2021-216602",Illustrator,2248,,N
2023,"2021-216603",Multimedia Designer,2249,,N
2023,"2021-216604",Web Designer,2250,,N
2023,"2021-221101",General Medical Practitioner,2251,,N
2023,"2021-221102",Resident Medical Officer,2252,,N
2023,"2021-221103",Public Health Physician,2253,,N
2023,"2021-221201",Anaesthetist,2254,,N
2023,"2021-221202",Cardiologist,2255,,N
2023,"2021-221203",Emergency Medicine Specialist,2256,,N
2023,"2021-221204",Obstetrician and Gynaecologist,2257,,N
2023,"2021-221205",Ophthalmologist,2258,,N
2023,"2021-221206",Paediatrician,2259,,N
2023,"2021-221207",Pathologist,2260,,N
2023,"2021-221208",Psychiatrist,2261,,N
2023,"2021-221209",Radiologist,2262,,N
2023,"2021-221210",General Medicine Specialist Physician,2263,,N
2023,"2021-221211",Surgeon,2264,,N
2023,"2021-221212",Forensic Pathologist,2265,,N
2023,"2021-221213",Radiation Oncologist,2266,,N
2023,"2021-221214",Nuclear Medicine Specialist,2267,,N
2023,"2021-221215",Family Physician,2268,,N
2023,"2021-221216",Neurologist,2269,,N
2023,"2021-221217",Clinical Pharmacologist,2270,,N
2023,"2021-221218",Medical Geneticist,2271,,N
2023,"2021-221219",Plastic and Reconstructive Surgeon,2272,,N
2023,"2021-221220",Urologist,2273,,N
2023,"2021-221221",Public Health Medicine Specialist,2274,,N
2023,"2021-221222",Public Health Occupational Medicine Specialist ,2275,,N
2023,"2021-221223",Paediatric Surgeon,2276,,N
2023,"2021-221224",Orthopaedic Surgeon,2277,,N
2023,"2021-221225",Neurosurgeon,2278,,N
2023,"2021-221226",Otorhinolaryngologist,2279,,N
2023,"2021-221227",Dermatologist,2280,,N
2023,"2021-222101",Clinical Nurse Practitioner,2281,,N
2023,"2021-222102",Aged Care Registered Nurse,2282,,N
2023,"2021-222103",Registered Nurse (Child and Family Health),2283,,N
2023,"2021-222104",Registered Nurse (Community Health),2284,,N
2023,"2021-222105",Registered Nurse (Critical Care and Emergency),2285,,N
2023,"2021-222106",Registered Nurse (Developmental Disability),2286,,N
2023,"2021-222107",Registered Nurse (Disability and Rehabilitation),2287,,N
2023,"2021-222108",Registered Nurse (Medical),2288,,N
2023,"2021-222109",Registered Nurse (Medical Practice),2289,,N
2023,"2021-222110",Registered Nurse (Mental Health),2290,,N
2023,"2021-222111",Registered Nurse (Operating theatre),2291,,N
2023,"2021-222112",Registered Nurse (Surgical),2292,,N
2023,"2021-222113",Paediatrics Nurse,2293,,N
2023,"2021-222114",Nurse Educator,2294,,N
2023,"2021-222115",Nurse Researcher,2295,,N
2023,"2021-222116",Nurse Manager,2296,,N
2023,"2021-222117",Midwife,2297,,N
2023,"2021-223101",Acupuncturist,2298,,N
2023,"2021-223102",Ayurvedic Practitioner,2299,,N
2023,"2021-223103",Homoeopath,2300,,N
2023,"2021-223104",Naturopath,2301,,N
2023,"2021-223105",Traditional African Medicine Practitioner,2302,,N
2023,"2021-223106",Traditional Chinese Medicine Practitioner,2303,,N
2023,"2021-223107",Phytotherapist,2304,,N
2023,"2021-224101",Paramedical Practitioner,2305,,N
2023,"2021-224102",Sports Scientist,2306,,N
2023,"2021-225101",Veterinarian,2307,,N
2023,"2021-225102",Veterinary Public Health Professional / Practitioner,2308,,N
2023,"2021-225103",Livestock Inspector,2309,,N
2023,"2021-226101",Dental Specialist,2310,,N
2023,"2021-226102",Dentist,2311,,N
2023,"2021-226201",Hospital Pharmacist,2312,,N
2023,"2021-226202",Industrial Pharmacist,2313,,N
2023,"2021-226203",Retail Pharmacist,2314,,N
2023,"2021-226204",Authorised Pharmacist Prescriber,2315,,N
2023,"2021-226301",Environmental Health Officer,2316,,N
2023,"2021-226302","Safety, Health, Environment and Quality (SHE&Q) Practitioner",2317,,N
2023,"2021-226303",Ergonomist,2318,,N
2023,"2021-226304",Food Inspector,2319,,N
2023,"2021-226401",Physiotherapist,2320,,N
2023,"2021-226501",Dietitian,2321,,N
2023,"2021-226502",Nutritionist,2322,,N
2023,"2021-226601",Audiologist,2323,,N
2023,"2021-226602",Speech Pathologist,2324,,N
2023,"2021-226603",Speech Therapist and Audiologist,2325,,N
2023,"2021-226604",Hearing Aid Acousticians,2326,,N
2023,"2021-226701",Optometrist,2327,,N
2023,"2021-226702",Orthoptist,2328,,N
2023,"2021-226901",Arts Therapist,2329,,N
2023,"2021-226902",Occupational Therapist,2330,,N
2023,"2021-226903",Podiatrist,2331,,N
2023,"2021-226904",Diversional Therapist,2332,,N
2023,"2021-226905",Biokineticist,2333,,N
2023,"2021-226906",Rheumatologist,2334,,N
2023,"2021-231101",University Lecturer,2335,,N
2023,"2021-231102",University Tutor,2336,,N
2023,"2021-232130",TVET Educator,2337,,N
2023,"2021-232131",Adult Education Teacher,2338,,N
2023,"2021-232132",College Lecturer,2339,,N
2023,"2021-233107",FET Phase School Teacher (Grades 10-12),2340,,N
2023,"2021-233108",Senior Phase School Teacher (Grades 7 - 9),2341,,N
2023,"2021-234101",Foundation Phase School Teacher,2342,,N
2023,"2021-234102",Intermediate Phase School Teacher (Grades 4-6),2343,,N
2023,"2021-234201",Early Childhood Development Practitioner,2344,,N
2023,"2021-235101",Education or Training Advisor,2345,,N
2023,"2021-235102",Education or Training Reviewer,2346,,N
2023,"2021-235201",Special Needs Teacher,2347,,N
2023,"2021-235401",Private Tuition Music Teacher,2348,,N
2023,"2021-235501",Private Tuition Art Teacher,2349,,N
2023,"2021-235502",Private Tuition Dance Teacher,2350,,N
2023,"2021-235503",Private Tuition Drama Teacher,2351,,N
2023,"2021-235601",ICT Trainer,2352,,N
2023,"2021-235901",Private Tuition Dressmaking Teacher,2353,,N
2023,"2021-235902",Private Tuition Handicrafts Teacher,2354,,N
2023,"2021-235903",School Laboratory Technician,2355,,N
2023,"2021-235904",Examination Supervisor,2356,,N
2023,"2021-241101",General Accountant,2357,,N
2023,"2021-241102",Management Accountant,2358,,N
2023,"2021-241103",Tax Professional,2359,,N
2023,"2021-241104",External Auditor,2360,,N
2023,"2021-241106",Accountant in Practice,2361,,N
2023,"2021-241107",Financial Accountant,2362,,N
2023,"2021-241108",Forensic Accountant,2363,,N
2023,"2021-241201",Investment Analyst,2364,,N
2023,"2021-241202",Investment Manager,2365,,N
2023,"2021-241203",Investment Advisor,2366,,N
2023,"2021-241204",Financial Markets Practitioner,2367,,N
2023,"2021-241205",Professional Principal Executive Officer,2368,,N
2023,"2021-241301",Financial Investment Advisor,2369,,N
2023,"2021-242101",Management Consultant,2370,,N
2023,"2021-242102",Organisation and Methods Analyst,2371,,N
2023,"2021-242103",Business Development Officer,2372,,N
2023,"2021-242104",AML Surveillance Analyst,2373,,N
2023,"2021-242201",Intelligence Officer,2374,,N
2023,"2021-242202",Policy Analyst,2375,,N
2023,"2021-242203",Company Secretary,2376,,N
2023,"2021-242204",Corporate Treasurer,2377,,N
2023,"2021-242207",Compliance Officer,2378,,N
2023,"2021-242208",Organisational Risk Manager,2379,,N
2023,"2021-242209",Accounting Officer,2380,,N
2023,"2021-242210",Business Administrator,2381,,N
2023,"2021-242211",Internal Auditor,2382,,N
2023,"2021-242212",Diplomat ,2383,,N
2023,"2021-242213",Regulatory Affairs Officer,2384,,N
2023,"2021-242214",Intellectual Property Special Advisor,2385,,N
2023,"2021-242215",Fraud Examiner,2386,,N
2023,"2021-242301",Career Development Practitioner,2387,,N
2023,"2021-242302",Skills Development Practitioner,2388,,N
2023,"2021-242303",Human Resource Advisor,2389,,N
2023,"2021-242304",Industrial Relations Advisor,2390,,N
2023,"2021-242305",Occupational Analyst,2391,,N
2023,"2021-242306",Labour Market Analyst,2392,,N
2023,"2021-242307",Recreation Officer,2393,,N
2023,"2021-242401",Training and Development Professional,2394,,N
2023,"2021-242402",Occupational Instructor ,2395,,N
2023,"2021-242403",Assessment Practitioner,2396,,N
2023,"2021-242404",Student Support Service Officer,2397,,N
2023,"2021-243101",Advertising Specialist,2398,,N
2023,"2021-243102",Market Research Analyst,2399,,N
2023,"2021-243103",Marketing Practitioner,2400,,N
2023,"2021-243104",Market Campaign Analyst,2401,,N
2023,"2021-243201",Communication Coordinator,2402,,N
2023,"2021-243202",Communication Strategist,2403,,N
2023,"2021-243203",Corporate Communication Manager,2404,,N
2023,"2021-243204",Event Producer,2405,,N
2023,"2021-243301",Industrial Products Sales Representative ,2406,,N
2023,"2021-243302",Medical and Pharmaceutical Products Sales Representative ,2407,,N
2023,"2021-243303",Educational Products and Services Sales Representative ,2408,,N
2023,"2021-243304",Printing and Publishing Equipment Sales Representative,2409,,N
2023,"2021-243401",ICT Account Manager,2410,,N
2023,"2021-243402",ICT Business Development Manager,2411,,N
2023,"2021-243403",ICT Sales Representative,2412,,N
2023,"2021-251101",ICT Systems Analyst,2413,,N
2023,"2021-251102",Data Scientist ,2414,,N
2023,"2021-251201",Software Developer,2415,,N
2023,"2021-251202",Programmer Analyst,2416,,N
2023,"2021-251203",Developer Programmer,2417,,N
2023,"2021-251301",Multimedia Specialist,2418,,N
2023,"2021-251302",Web Developer,2419,,N
2023,"2021-251401",Applications Programmer,2420,,N
2023,"2021-251901",Computers Quality Assurance Analyst,2421,,N
2023,"2021-252101",Database Designer and Administrator,2422,,N
2023,"2021-252201",Systems Administrator,2423,,N
2023,"2021-252301",Computer Network and Systems Engineer,2424,,N
2023,"2021-252302",Network Analyst,2425,,N
2023,"2021-252303",`Transmission Engineer,2426,,N
2023,"2021-252901",ICT Security Specialist,2427,,N
2023,"2021-252902",Technical ICT Support Services Manager,2428,,N
2023,"2021-261101",Attorney,2429,,N
2023,"2021-261102",Administrative Lawyer,2430,,N
2023,"2021-261103",Patent Attorney,2431,,N
2023,"2021-261104",Trade Mark Attorney,2432,,N
2023,"2021-261105",Tribunal Member,2433,,N
2023,"2021-261106",Advocate,2434,,N
2023,"2021-261107",Legal Manager,2435,,N
2023,"2021-261201",Judge,2436,,N
2023,"2021-261202",Magistrate,2437,,N
2023,"2021-261901",Adjudicator,2438,,N
2023,"2021-261902",Legislation Facilitator,2439,,N
2023,"2021-261903",Master of The Court,2440,,N
2023,"2021-261904",Family Court Registrar,2441,,N
2023,"2021-261905",Notary,2442,,N
2023,"2021-262101",Archivist,2443,,N
2023,"2021-262102",Gallery or Museum Curator,2444,,N
2023,"2021-262103",Conservator,2445,,N
2023,"2021-262201",Librarian,2446,,N
2023,"2021-262202",Information Services Manager,2447,,N
2023,"2021-263101",Economist,2448,,N
2023,"2021-263102",Economic Reasearch Manager,2449,,N
2023,"2021-263201",Anthropologist,2450,,N
2023,"2021-263202",Archaeologist,2451,,N
2023,"2021-263203",Geographer,2452,,N
2023,"2021-263204",Sociologist,2453,,N
2023,"2021-263205",Criminologist,2454,,N
2023,"2021-263206",Heritage Consultant,2455,,N
2023,"2021-263301",Genealogist,2456,,N
2023,"2021-263302",Historian,2457,,N
2023,"2021-263303",Prehistorian,2458,,N
2023,"2021-263304",Political Scientist,2459,,N
2023,"2021-263401",Clinical Psychologist,2460,,N
2023,"2021-263402",Educational Psychologist,2461,,N
2023,"2021-263403",Organisational Psychologist,2462,,N
2023,"2021-263404",Psychotherapist,2463,,N
2023,"2021-263405",Research Psychologist,2464,,N
2023,"2021-263406",Sport Psychologist,2465,,N
2023,"2021-263407",Counselling Psychologist,2466,,N
2023,"2021-263408",Community Psychologist,2467,,N
2023,"2021-263409",Psychometrician,2468,,N
2023,"2021-263501",Social Counselling Worker,2469,,N
2023,"2021-263502",Addictions Counsellor,2470,,N
2023,"2021-263503",Marriage and Family Counsellor,2471,,N
2023,"2021-263504",Rehabilitation Counsellor,2472,,N
2023,"2021-263505",Student Counsellor,2473,,N
2023,"2021-263506",Probation Social Worker,2474,,N
2023,"2021-263507",Adoption Social Worker,2475,,N
2023,"2021-263508",Child and Youth Care Worker,2476,,N
2023,"2021-263509",Parole Board Member,2477,,N
2023,"2021-263510",Employee Wellness Practitioner,2478,,N
2023,"2021-263511",Career Councillor,2479,,N
2023,"2021-263512",Community Development Practitioner,2480,,N
2023,"2021-263601",Minister of Religion,2481,,N
2023,"2021-264101",Author,2482,,N
2023,"2021-264102",Book or Script Editor,2483,,N
2023,"2021-264103",Technical Writer,2484,,N
2023,"2021-264201",Copywriter,2485,,N
2023,"2021-264202", Editor,2486,,N
2023,"2021-264203",Journalist,2487,,N
2023,"2021-264204",Radio Journalist,2488,,N
2023,"2021-264205",Content Presenter,2489,,N
2023,"2021-264206",Critic,2490,,N
2023,"2021-264301",Interpreter,2491,,N
2023,"2021-264302",Translator,2492,,N
2023,"2021-264303",Linguist,2493,,N
2023,"2021-265101",Painter (Visual Arts),2494,,N
2023,"2021-265102",Potter or Ceramic,2495,,N
2023,"2021-265103",Sculptor,2496,,N
2023,"2021-265104",Ephemeral Artist,2497,,N
2023,"2021-265201",Composer,2498,,N
2023,"2021-265202",Music Director,2499,,N
2023,"2021-265203",Musician (Instrumental),2500,,N
2023,"2021-265204",Singer,2501,,N
2023,"2021-265205",Music Researcher,2502,,N
2023,"2021-265206",Music Copyist,2503,,N
2023,"2021-265301",Dancer or Choreographer,2504,,N
2023,"2021-265401","Director (Film, Television, Radio or Stage)",2505,,N
2023,"2021-265402",Director of Photography,2506,,N
2023,"2021-265403",Film and Video Editor,2507,,N
2023,"2021-265404",Program Director (Television or Radio),2508,,N
2023,"2021-265405",Technical Director,2509,,N
2023,"2021-265406",Video Producer,2510,,N
2023,"2021-265407",Police Video Unit Manager and Producer,2511,,N
2023,"2021-265408",Casting Director,2512,,N
2023,"2021-265409",Film and Television Production Manager,2513,,N
2023,"2021-265410",Radio or Television Programme Organiser,2514,,N
2023,"2021-265411",Location Manager (Film or Television),2515,,N
2023,"2021-265412",Media Producer,2516,,N
2023,"2021-265501",Actor,2517,,N
2023,"2021-265601",Radio Presenter,2518,,N
2023,"2021-265602",Television Presenter,2519,,N
2023,"2021-265901",Entertainer or Variety Artist,2520,,N
2023,"2021-265902",Hypnotist,2521,,N
2023,"2021-265903",Public Speaker,2522,,N
2023,"2021-265904",Community Arts Worker,2523,,N
2023,"2021-311101",Chemistry Technician,2524,,N
2023,"2021-311102",Physical Science Technician,2525,,N
2023,"2021-311103",Fragrance Evaluators/ flavourists,2526,,N
2023,"2021-311104",Radiation Control/ Nuclear Monitoring Technician,2527,,N
2023,"2021-311201",Civil Engineering Technician,2528,,N
2023,"2021-311202",Surveying or Cartographic Technician,2529,,N
2023,"2021-311203",Town Planning Technician,2530,,N
2023,"2021-311217",Water Control Officer,2531,,N
2023,"2021-311301",Electrical Engineering Technician,2532,,N
2023,"2021-311302",Electric Substation Operations Manager,2533,,N
2023,"2021-311303",Energy Efficiency Technician,2534,,N
2023,"2021-311401",Electronic Engineering Technician,2535,,N
2023,"2021-311501",Mechanical Engineering Technician,2536,,N
2023,"2021-311502",Pressure Equipment  Inspector,2537,,N
2023,"2021-311503",Aeronautical Engineering Technician,2538,,N
2023,"2021-311601",Chemical Engineering Technician,2539,,N
2023,"2021-311701",Mining Technician,2540,,N
2023,"2021-311702",Metallurgical or Materials Technician,2541,,N
2023,"2021-311703",Non-Destructive Testing Technician  (NDTT),2542,,N
2023,"2021-311704",Geophysical Technician,2543,,N
2023,"2021-311801",Draughtsperson,2544,,N
2023,"2021-311901","Forensic Technician (Biology, Toxicology)",2545,,N
2023,"2021-311902",Fire Investigator,2546,,N
2023,"2021-311903",Food and Beverage Technician,2547,,N
2023,"2021-311904",Manufacturing Technician,2548,,N
2023,"2021-311905",Industrial Engineering Technician,2549,,N
2023,"2021-311906",Environmental Engineering Technician,2550,,N
2023,"2021-311910",Food Laboratory Analyst,2551,,N
2023,"2021-312101",Mining Production Supervisor,2552,,N
2023,"2021-312102",Miner,2553,,N
2023,"2021-312103",Engineering Supervisor,2554,,N
2023,"2021-312201",Production / Operations Supervisor (Manufacturing),2555,,N
2023,"2021-312202",Maintenance Planner,2556,,N
2023,"2021-312301",Building Associate,2557,,N
2023,"2021-313102",Fossil Power Plant Process Controller,2558,,N
2023,"2021-313103",Hydro Power Plant Process Controller,2559,,N
2023,"2021-313104",Nuclear Power Plant Process Controller,2560,,N
2023,"2021-313105",Wind Turbine Power Plant Process Controller,2561,,N
2023,"2021-313106",Concentrated Solar Power (CSP) Plant Process Controller,2562,,N
2023,"2021-313107",Geothermal Technicians,2563,,N
2023,"2021-313108",Weatherisation Installers and Technicians,2564,,N
2023,"2021-313109",Solar Photovoltaic Service Technician,2565,,N
2023,"2021-313110",Wind Turbine Service Technician,2566,,N
2023,"2021-313201",Water Plant Operator,2567,,N
2023,"2021-313202",Waste Materials Plant Operator,2568,,N
2023,"2021-313203",Water Process Controller,2569,,N
2023,"2021-313301",Chemical Plant Controller,2570,,N
2023,"2021-313401",Gas or Petroleum Controller,2571,,N
2023,"2021-313501",Metal Manufacturing Process Control Technician,2572,,N
2023,"2021-313901",Integrated Manufacturing Line Process Control Technician,2573,,N
2023,"2021-313902",Wood Processing Control Technician,2574,,N
2023,"2021-313903","Clothing, Textile and Footwear Manufacturing Process Control Technician",2575,,N
2023,"2021-313905",Cotton Ginning Process Controller,2576,,N
2023,"2021-313906",Fresh Produce Packing Controller,2577,,N
2023,"2021-313907",Food and Beverage Manufacturing Process Controller,2578,,N
2023,"2021-313908",Sugar Process Controller,2579,,N
2023,"2021-313909",Miller,2580,,N
2023,"2021-313910",Juice Extraction Process Controller,2581,,N
2023,"2021-313911",Grain Handling Controller,2582,,N
2023,"2021-313912",Mineral Beneficiation Process Controller,2583,,N
2023,"2021-313913",Chemical Waste Controller,2584,,N
2023,"2021-313916",Manufacturing Production Technicians,2585,,N
2023,"2021-313917",Pulp and Paper Manufacturing Process Control Technician,2586,,N
2023,"2021-314101",Life Science Technician,2587,,N
2023,"2021-314102",Environmental Science Technician,2588,,N
2023,"2021-314201",Agricultural Technician,2589,,N
2023,"2021-314301",Forestry Technician,2590,,N
2023,"2021-314302",Forestry Research Technician,2591,,N
2023,"2021-315101",Marine Engineer,2592,,N
2023,"2021-315201",Ship's Master,2593,,N
2023,"2021-315202",Ship's Officer,2594,,N
2023,"2021-315203",Ship's Surveyor,2595,,N
2023,"2021-315204",Marine Certification & Surveillance Manager,2596,,N
2023,"2021-315205",Boat Driver / Coxswain,2597,,N
2023,"2021-315206",Aids to Navigation Manager,2598,,N
2023,"2021-315207",Aids to Navigation Technician,2599,,N
2023,"2021-315301",Aircraft Navigator,2600,,N
2023,"2021-315302",Flight Engineer,2601,,N
2023,"2021-315303",Aeroplane Pilot,2602,,N
2023,"2021-315304",Flying Instructor,2603,,N
2023,"2021-315305",Helicopter Pilot,2604,,N
2023,"2021-315306",Balloonist,2605,,N
2023,"2021-315401",Traffic Controller,2606,,N
2023,"2021-315501",Airborne Electronics Analyst,2607,,N
2023,"2021-315502",Airworthiness Surveyor,2608,,N
2023,"2021-321101",Medical Diagnostic Radiographer,2609,,N
2023,"2021-321102",Medical Radiation Therapist,2610,,N
2023,"2021-321103",Nuclear Medicine Technologist,2611,,N
2023,"2021-321104",Sonographer,2612,,N
2023,"2021-321105",Anaesthetic Technician,2613,,N
2023,"2021-321106",Cardiac Technician,2614,,N
2023,"2021-321107",Operating Theatre Technician,2615,,N
2023,"2021-321108",Audiometrist,2616,,N
2023,"2021-321109",Dialysis Technician,2617,,N
2023,"2021-321110",Neurophysiological Technician,2618,,N
2023,"2021-321111",Renal Technician,2619,,N
2023,"2021-321112",Intensive Care Technician,2620,,N
2023,"2021-321113",Orthopaedic Technician,2621,,N
2023,"2021-321114",Health Technical Support Officer,2622,,N
2023,"2021-321115",Medical Electronic Equipment Operator,2623,,N
2023,"2021-321116",Electroencephalographic Technician,2624,,N
2023,"2021-321117",Radiation Laboratory Technician,2625,,N
2023,"2021-321118",Orthotist or Prosthetist,2626,,N
2023,"2021-321119",Pulmonology Clinical Technologist,2627,,N
2023,"2021-321120",Reproductive Biology Clinical Technologist,2628,,N
2023,"2021-321121",Cardiothoracic Perfusion Clinical Technologist,2629,,N
2023,"2021-321122",Occupational Therapy Technician,2630,,N
2023,"2021-321123",Orientation and Mobility Practitioner,2631,,N
2023,"2021-321201",Medical Technician,2632,,N
2023,"2021-321206",Medical Technologist,2633,,N
2023,"2021-321301",Pharmacy Technician,2634,,N
2023,"2021-321401",Clinical Dental Technician,2635,,N
2023,"2021-321402",Dental Technician,2636,,N
2023,"2021-321403",Dental Therapist,2637,,N
2023,"2021-321405",Orthotic and Prosthetic Technician,2638,,N
2023,"2021-321406",Dental Technologist,2639,,N
2023,"2021-322101",Enrolled Nurse,2640,,N
2023,"2021-322102",Mother Craft Nurse,2641,,N
2023,"2021-322201",Assistant Midwife,2642,,N
2023,"2021-323101",Indigenous Heath Worker (Inyanga),2643,,N
2023,"2021-323102",Ancillary Health Care Worker,2644,,N
2023,"2021-323105",Therapeutic Aromatherapist,2645,,N
2023,"2021-323106",Therapeutic Reflexologist,2646,,N
2023,"2021-324101",Veterinary Nurse,2647,,N
2023,"2021-324102",Veterinary Technician,2648,,N
2023,"2021-324103",Veterinary Technologist,2649,,N
2023,"2021-325101",Dental Assistant,2650,,N
2023,"2021-325102",Oral Hygienist,2651,,N
2023,"2021-325201",Health Information Manager,2652,,N
2023,"2021-325301",Health Promotion Practitioner,2653,,N
2023,"2021-325401",Dispensing Optician,2654,,N
2023,"2021-325501",Massage Therapist,2655,,N
2023,"2021-325502",Hydrotherapist,2656,,N
2023,"2021-325503",Electrotherapist,2657,,N
2023,"2021-325504",Physiotherapy Technician,2658,,N
2023,"2021-325601",Clinical Associate,2659,,N
2023,"2021-325701",Environmental and Occupational Health Inspector,2660,,N
2023,"2021-325702",Marine Safety Officer,2661,,N
2023,"2021-325703",Agricultural / Horticultural Produce Inspector,2662,,N
2023,"2021-325704",Aquaculture Produce Analyst,2663,,N
2023,"2021-325705",Safety Inspector,2664,,N
2023,"2021-325706",Ammunition Technician,2665,,N
2023,"2021-325707",Mine Health and Safety Inspector,2666,,N
2023,"2021-325708",Magazine Master,2667,,N
2023,"2021-325801",Ambulance Officer,2668,,N
2023,"2021-325802",Intensive Care Ambulance Paramedic / Ambulance Paramedic,2669,,N
2023,"2021-325901",Chiropractor,2670,,N
2023,"2021-325902",Osteopath,2671,,N
2023,"2021-331101",Securities Dealer,2672,,N
2023,"2021-331105",Asset Swap Administrator,2673,,N
2023,"2021-331106",Financial Markets Settlement Officer,2674,,N
2023,"2021-331201",Credit or Loans Officer,2675,,N
2023,"2021-331204",False Worker,2676,,N
2023,"2021-331205",Business Banker,2677,,N
2023,"2021-331301",Bookkeeper,2678,,N
2023,"2021-331302",Accounting Technician,2679,,N
2023,"2021-331303",Tax Technician,2680,,N
2023,"2021-331401",Statistical and Mathematical Assistant,2681,,N
2023,"2021-331501",Valuer,2682,,N
2023,"2021-331502",Insurance Investigator,2683,,N
2023,"2021-331503",Insurance Loss Adjuster,2684,,N
2023,"2021-331504",Insurance Risk Surveyor,2685,,N
2023,"2021-331505",Vehicle Damage Quantifier,2686,,N
2023,"2021-332101",Insurance Agent,2687,,N
2023,"2021-332102",Insurance Broker,2688,,N
2023,"2021-332201",Commercial Sales Representative,2689,,N
2023,"2021-332202",Sales Representative (Building and Plumbing Supplies),2690,,N
2023,"2021-332203",Sales Representative (Personal and Household Goods),2691,,N
2023,"2021-332204",Commercial Services Sales Agent,2692,,N
2023,"2021-332205",Manufacturers Representative,2693,,N
2023,"2021-332206",Sales Representative (Photographic Equipment and Supplies),2694,,N
2023,"2021-332207",Chemical Sales Representative,2695,,N
2023,"2021-332208",Pharmacy Sales Assistant,2696,,N
2023,"2021-332301",Retail Buyer,2697,,N
2023,"2021-332302",Purchasing Officer,2698,,N
2023,"2021-332401",Commodities Trader,2699,,N
2023,"2021-332402",Finance Broker,2700,,N
2023,"2021-333101",Clearing and Forwarding Agent,2701,,N
2023,"2021-333201",Events Manager,2702,,N
2023,"2021-333301",Recruitment Officer,2703,,N
2023,"2021-333302",Labour Recruitment Consultant: Permanent Employment Agency (PEA),2704,,N
2023,"2021-333303",Labour Recruitment Consultant: Temporary Employment Services (TES),2705,,N
2023,"2021-333401",Property Manager,2706,,N
2023,"2021-333402",Real Estate Agent,2707,,N
2023,"2021-333404",Real Estate Sales Settlement Administrator,2708,,N
2023,"2021-333405",Real Estate Agency Principal ,2709,,N
2023,"2021-333406",Property Lease Administrator,2710,,N
2023,"2021-333901",Auctioneer,2711,,N
2023,"2021-333902",Special Services Contracting Agent,2712,,N
2023,"2021-333903",Sales Representative (Business Services),2713,,N
2023,"2021-333904",Business Broker,2714,,N
2023,"2021-333905",Supply Chain Practitioner,2715,,N
2023,"2021-333906",Stock and Station Agent,2716,,N
2023,"2021-333907",Property Portfolio and Asset Manager,2717,,N
2023,"2021-333908",Marketing Coordinator,2718,,N
2023,"2021-333909",Bid Assistant,2719,,N
2023,"2021-333910",Business Support Coordinator,2720,,N
2023,"2021-333911",Physical Asset Practitioner,2721,,N
2023,"2021-334101",Office Supervisor,2722,,N
2023,"2021-334102",Office Administrator,2723,,N
2023,"2021-334103",Call Centre Team Leader,2724,,N
2023,"2021-334201",Legal Secretary,2725,,N
2023,"2021-334301",Secretary Bargaining Council,2726,,N
2023,"2021-334302",Personal Assistant,2727,,N
2023,"2021-334401",Medical Secretary,2728,,N
2023,"2021-335101",Customs Officer,2729,,N
2023,"2021-335102",Immigration Officer,2730,,N
2023,"2021-335201",Taxation Inspector,2731,,N
2023,"2021-335301",Social Security Assessor,2732,,N
2023,"2021-335401",Driving license examiner  ,2733,,N
2023,"2021-335402",Import-export Administrator,2734,,N
2023,"2021-335403",Passport Officer (Issuing),2735,,N
2023,"2021-335404",Motor Vehicle Examiner,2736,,N
2023,"2021-335501",Detective,2737,,N
2023,"2021-335502",Crash Investigator ,2738,,N
2023,"2021-335901",Labour Inspector,2739,,N
2023,"2021-335902",Wage Inspector,2740,,N
2023,"2021-335903",Refugee Status Determination Officer,2741,,N
2023,"2021-335904",Pest Management Officer,2742,,N
2023,"2021-335905",Water Allocation Officer,2743,,N
2023,"2021-335906",Environmental Practices Inspector,2744,,N
2023,"2021-335907",Weights and Measures Inspector,2745,,N
2023,"2021-335908",Censorship Inspector,2746,,N
2023,"2021-335909",Price Inspector,2747,,N
2023,"2021-335910",Trade Mark Examiner,2748,,N
2023,"2021-335911",Quarantine Officer,2749,,N
2023,"2021-335912",Fisheries Officer,2750,,N
2023,"2021-335913",Building Inspector,2751,,N
2023,"2021-335914",Train Examiner,2752,,N
2023,"2021-335915",Transport Operations Inspector,2753,,N
2023,"2021-335916",Gaming Operations Compliance Officer,2754,,N
2023,"2021-341101",Conveyancer,2755,,N
2023,"2021-341102",Legal Executive,2756,,N
2023,"2021-341103",Paralegal,2757,,N
2023,"2021-341104",Clerk of Court,2758,,N
2023,"2021-341105",Court Bailiff,2759,,N
2023,"2021-341106",Court Orderly / Court Registry Officer,2760,,N
2023,"2021-341107",Law Clerk,2761,,N
2023,"2021-341108",Trust Officer,2762,,N
2023,"2021-341109",Private Investigator,2763,,N
2023,"2021-341110",Associate Legal Professional,2764,,N
2023,"2021-341111",Debt Counsellor,2765,,N
2023,"2021-341112",Labour Dispute Enforcement Agent,2766,,N
2023,"2021-341201",Auxiliary Community Development Practitioner,2767,,N
2023,"2021-341202",Disabilities Services Officer,2768,,N
2023,"2021-341203",Social Auxiliary Worker,2769,,N
2023,"2021-341204",Auxiliary Child and Youth Care Worker,2770,,N
2023,"2021-341301",Religious Associate Professional,2771,,N
2023,"2021-342101",Footballer,2772,,N
2023,"2021-342102",Golfer,2773,,N
2023,"2021-342103",Jockey,2774,,N
2023,"2021-342104",Cricketer,2775,,N
2023,"2021-342105",Athlete,2776,,N
2023,"2021-342106",Boxer,2777,,N
2023,"2021-342107",Cyclist,2778,,N
2023,"2021-342108",Racing Driver,2779,,N
2023,"2021-342109",Surfer,2780,,N
2023,"2021-342110",Swimmer,2781,,N
2023,"2021-342111",Tennis Player,2782,,N
2023,"2021-342112",Wrestler,2783,,N
2023,"2021-342113",Yachtsman,2784,,N
2023,"2021-342114",Other Sportsperson,2785,,N
2023,"2021-342201",Sports Development Officer,2786,,N
2023,"2021-342202",Sports Umpire,2787,,N
2023,"2021-342203",Sports Official,2788,,N
2023,"2021-342204",Sports Coach or Instructor,2789,,N
2023,"2021-342301",Fitness Instructor,2790,,N
2023,"2021-342302",Outdoor Adventure Guide,2791,,N
2023,"2021-342303",Caving Guide,2792,,N
2023,"2021-343101",Photographer,2793,,N
2023,"2021-343102",Air Observer,2794,,N
2023,"2021-343201",Interior Designer,2795,,N
2023,"2021-343202",Interior Decorator,2796,,N
2023,"2021-343203",Visual Merchandiser,2797,,N
2023,"2021-343204",Set Designer,2798,,N
2023,"2021-343301",Gallery or Museum Technician,2799,,N
2023,"2021-343302",Library Technician,2800,,N
2023,"2021-343401",Chef,2801,,N
2023,"2021-343901",Tattoo Artist,2802,,N
2023,"2021-343902",Light Technician,2803,,N
2023,"2021-343903",Stage Manager,2804,,N
2023,"2021-343904",Theatrical Dresser,2805,,N
2023,"2021-343905",Stunt Person,2806,,N
2023,"2021-343906",Special Effects Person,2807,,N
2023,"2021-343907",Continuity Person,2808,,N
2023,"2021-343908",Film Technician,2809,,N
2023,"2021-343909",Microphone Boom Operator,2810,,N
2023,"2021-343910",Performing Arts Road Manager,2811,,N
2023,"2021-351101",Computer Operator,2812,,N
2023,"2021-351201",ICT Communications Assistant,2813,,N
2023,"2021-351301",Computer Network Technician,2814,,N
2023,"2021-351302",Geographic Information Systems Technicians,2815,,N
2023,"2021-351303",Marine GIS Technician,2816,,N
2023,"2021-351401",Web Technician,2817,,N
2023,"2021-352101",Broadcast Transmitter Operator,2818,,N
2023,"2021-352102","Camera Operator (Film, Television or Video)",2819,,N
2023,"2021-352103",Sound Technician,2820,,N
2023,"2021-352104",Television Equipment Operator,2821,,N
2023,"2021-352105",Radio Station Operator,2822,,N
2023,"2021-352106","Production Assistant (Film, Television or Radio)",2823,,N
2023,"2021-352201",Telecommunications Technical Officer or Technologist,2824,,N
2023,"2021-411101",General Clerk,2825,,N
2023,"2021-411102",Back Office Process Consultant,2826,,N
2023,"2021-411103",Parole Board Clerk,2827,,N
2023,"2021-412101",Secretary (General),2828,,N
2023,"2021-413101",Word Processing Operator,2829,,N
2023,"2021-413102",Machine Shorthand Reporter,2830,,N
2023,"2021-413201",Data Entry Operator,2831,,N
2023,"2021-421101",Bank Teller,2832,,N
2023,"2021-421102",Bank Worker,2833,,N
2023,"2021-421103",Currency Exchange Officer,2834,,N
2023,"2021-421104",Banknote Processor,2835,,N
2023,"2021-421105",Postal Frontline Service Worker,2836,,N
2023,"2021-421201",Bookmaker,2837,,N
2023,"2021-421202",Gaming Worker,2838,,N
2023,"2021-421203",Betting Agency Counter Clerk,2839,,N
2023,"2021-421204",Bookmaker's Clerk,2840,,N
2023,"2021-421205",Telephone Betting Clerk,2841,,N
2023,"2021-421206",Bingo Caller,2842,,N
2023,"2021-421207",Lotto Operator,2843,,N
2023,"2021-421301",Pawnbrokers and Money-lenders,2844,,N
2023,"2021-421401",Debt Collector,2845,,N
2023,"2021-422101",Tourist Information Officer,2846,,N
2023,"2021-422102",Travel Consultant,2847,,N
2023,"2021-422201",Inbound Contact Centre Consultant,2848,,N
2023,"2021-422202",Outbound Contact Centre Consultant,2849,,N
2023,"2021-422203",Contact Centre Real Time Advisor,2850,,N
2023,"2021-422204",Contact Centre Resource Planner,2851,,N
2023,"2021-422205",Contact Centre Forecast Analyst,2852,,N
2023,"2021-422206",Call or Contact Centre Agent,2853,,N
2023,"2021-422301",Switchboard Operator,2854,,N
2023,"2021-422401",Hotel or Motel Receptionist,2855,,N
2023,"2021-422501",Enquiry Clerk,2856,,N
2023,"2021-422601",Receptionist (General),2857,,N
2023,"2021-422602",Medical Receptionist,2858,,N
2023,"2021-422701",Survey Interviewer,2859,,N
2023,"2021-422901",Admissions Clerk,2860,,N
2023,"2021-422902",Ship's Purser,2861,,N
2023,"2021-431101",Accounts Clerk,2862,,N
2023,"2021-431102",Cost Clerk,2863,,N
2023,"2021-431103",Taxation Clerk,2864,,N
2023,"2021-431201",Insurance Administrator,2865,,N
2023,"2021-431202",Securities Services Administrative Officer,2866,,N
2023,"2021-431203",Statistical Clerk,2867,,N
2023,"2021-431204",Insurance Claims Administrator,2868,,N
2023,"2021-431301",Payroll Clerk,2869,,N
2023,"2021-432101",Stock Clerk / Officer,2870,,N
2023,"2021-432102",Dispatching and Receiving Clerk / Officer,2871,,N
2023,"2021-432103",Order Clerk / Officer,2872,,N
2023,"2021-432104",Warehouse Administrator / Clerk,2873,,N
2023,"2021-432105",Lampman,2874,,N
2023,"2021-432201",Production Coordinator,2875,,N
2023,"2021-432301",Transport Clerk,2876,,N
2023,"2021-441101",Library Assistant,2877,,N
2023,"2021-441201",Courier,2878,,N
2023,"2021-441202",Postal Delivery Officer,2879,,N
2023,"2021-441203",Mail Clerk,2880,,N
2023,"2021-441301",Coding Clerk,2881,,N
2023,"2021-441302",Proof Reader,2882,,N
2023,"2021-441401",Scribe,2883,,N
2023,"2021-441501",Filing or Registry Clerk,2884,,N
2023,"2021-441502",Office Machine Operator,2885,,N
2023,"2021-441601",Human Resources Clerk,2886,,N
2023,"2021-441602",Skills Development Administrator,2887,,N
2023,"2021-441603",Compensation and Benefits Clerk,2888,,N
2023,"2021-441604",Labour Relations Case Administrator,2889,,N
2023,"2021-441605",Academic Administrative Officer,2890,,N
2023,"2021-441901",Classified Advertising Clerk,2891,,N
2023,"2021-441902",Contract Administrator,2892,,N
2023,"2021-441903",Program or Project Administrators,2893,,N
2023,"2021-441905",Account Clerk (Public Relations / Communication),2894,,N
2023,"2021-511101",Flight Attendant,2895,,N
2023,"2021-511102",Bus Hostess,2896,,N
2023,"2021-511103",Marine Steward,2897,,N
2023,"2021-511104",Railway Steward,2898,,N
2023,"2021-511201",Transport Conductor,2899,,N
2023,"2021-511301",Gallery or Museum Guide,2900,,N
2023,"2021-511302",Tour Guide,2901,,N
2023,"2021-512101",Cook,2902,,N
2023,"2021-513101",Waiter,2903,,N
2023,"2021-513102",Cafe Worker,2904,,N
2023,"2021-513201",Bar Attendant,2905,,N
2023,"2021-513202",Barista,2906,,N
2023,"2021-514101",Hairdresser,2907,,N
2023,"2021-514102",Hair or Beauty Salon Assistant,2908,,N
2023,"2021-514201",Skin Care Therapist,2909,,N
2023,"2021-514202",Slimming Therapist,2910,,N
2023,"2021-514203",Hair Removal Technician,2911,,N
2023,"2021-514204",Nail Technician,2912,,N
2023,"2021-514205",Make Up Artist,2913,,N
2023,"2021-514206",Weight Loss Consultant,2914,,N
2023,"2021-514207",Somatologist,2915,,N
2023,"2021-514208",Spa Therapist ,2916,,N
2023,"2021-514209",Aesthetic Laser Therapist ,2917,,N
2023,"2021-514210",Image consultant ,2918,,N
2023,"2021-515101",Hotel Service Manager,2919,,N
2023,"2021-515102",Housekeeping Service Manager,2920,,N
2023,"2021-515103",Commercial Housekeeper,2921,,N
2023,"2021-515104",Cleaning Practitioner,2922,,N
2023,"2021-515201",Domestic Housekeeper,2923,,N
2023,"2021-515202",Butler,2924,,N
2023,"2021-515301",Caretaker,2925,,N
2023,"2021-515302","Amusement, Fitness or Sport Centre Attendant",2926,,N
2023,"2021-516101",Astrologer,2927,,N
2023,"2021-516201",Escort,2928,,N
2023,"2021-516301",Funeral Director,2929,,N
2023,"2021-516303",Embalmer,2930,,N
2023,"2021-516305",Mortuary Technician / Assistant,2931,,N
2023,"2021-516306",Crematorium Operator,2932,,N
2023,"2021-516401",Animal Attendant / Groomer,2933,,N
2023,"2021-516402",Animal Trainer,2934,,N
2023,"2021-516403",Zookeeper,2935,,N
2023,"2021-516404",Dog Walker,2936,,N
2023,"2021-516501",Driving Instructor,2937,,N
2023,"2021-516901",Refuge Worker,2938,,N
2023,"2021-516902",Civil Celebrant,2939,,N
2023,"2021-521101",Street Market Vendor,2940,,N
2023,"2021-521201",Street Food Sales Person,2941,,N
2023,"2021-521202",Cash Van Salesperson,2942,,N
2023,"2021-522101",Antique Dealer,2943,,N
2023,"2021-522102",Salon Manager,2944,,N
2023,"2021-522201",Retail Supervisor,2945,,N
2023,"2021-522301",Sales Assistant (General),2946,,N
2023,"2021-522302",Motorised Vehicle or Caravan Salesperson,2947,,N
2023,"2021-522303",Automotive Parts Salesperson,2948,,N
2023,"2021-522304",ICT Sales Assistant,2949,,N
2023,"2021-523101",Checkout Operator,2950,,N
2023,"2021-523102",Office Cashier,2951,,N
2023,"2021-523103",Ticket Seller,2952,,N
2023,"2021-524101",Model,2953,,N
2023,"2021-524102",Event Stylist,2954,,N
2023,"2021-524201",Sales Demonstrator,2955,,N
2023,"2021-524301",Door-to-door Salesperson,2956,,N
2023,"2021-524401",Call Centre Salesperson,2957,,N
2023,"2021-524501",Service Station Attendant,2958,,N
2023,"2021-524601",Food Service Counter Attendant,2959,,N
2023,"2021-524901",Materials Recycler,2960,,N
2023,"2021-524902",Rental Salesperson,2961,,N
2023,"2021-524903",Sales Clerk / Officer,2962,,N
2023,"2021-524904",Energy Broker,2963,,N
2023,"2021-531101",Child Care Worker,2964,,N
2023,"2021-531102",Family Day Care Worker,2965,,N
2023,"2021-531103",Nanny,2966,,N
2023,"2021-531104",Out of School Hours Care Worker,2967,,N
2023,"2021-531105",Child or Youth Residential Care Assistant,2968,,N
2023,"2021-531106",Hostel Parent,2969,,N
2023,"2021-531201",Teachers' Aide,2970,,N
2023,"2021-531202",Pre-School Aide,2971,,N
2023,"2021-531203",Integration Aide,2972,,N
2023,"2021-532201",Residential Care Officer,2973,,N
2023,"2021-532202",Aged or Disabled Carer,2974,,N
2023,"2021-532203",Community Health Worker,2975,,N
2023,"2021-532901",First Aid Attendant,2976,,N
2023,"2021-532902",Hospital Orderly,2977,,N
2023,"2021-532903",Nursing Support Worker,2978,,N
2023,"2021-532904",Personal Care Assistant,2979,,N
2023,"2021-532905",Therapy Aide,2980,,N
2023,"2021-532906",Natural Remedy Consultant,2981,,N
2023,"2021-541101",Fire Fighter,2982,,N
2023,"2021-541102",Hazardous Materials Removal Workers,2983,,N
2023,"2021-541201",Traffic Officer,2984,,N
2023,"2021-541202", Non - commissioned Police Official,2985,,N
2023,"2021-541203",Military Police Official,2986,,N
2023,"2021-541301",Prison Officer,2987,,N
2023,"2021-541401",Security Officer,2988,,N
2023,"2021-541402","Alarm, Security or Surveillance Monitor",2989,,N
2023,"2021-541403",Retail Loss Prevention Officer,2990,,N
2023,"2021-541404",Close protector,2991,,N
2023,"2021-541501",Intelligence Operator,2992,,N
2023,"2021-541901",Lifeguard,2993,,N
2023,"2021-541902",Emergency Service and Rescue Official,2994,,N
2023,"2021-541903",Parking Inspector,2995,,N
2023,"2021-541904",Armoured Car Escort,2996,,N
2023,"2021-541905",Crowd Controller,2997,,N
2023,"2021-541906",Security Consultant,2998,,N
2023,"2021-541907",Disaster Management Officer,2999,,N
2023,"2021-542101",Naval Combat Operator,3000,,N
2023,"2021-542102",Naval Combat Officer,3001,,N
2023,"2021-542201",Special Forces Manager,3002,,N
2023,"2021-542202",Special Forces Officer,3003,,N
2023,"2021-542203",Special Forces Operator,3004,,N
2023,"2021-542301",Infantry Soldier,3005,,N
2023,"2021-542302",Artillery Soldier,3006,,N
2023,"2021-542303",Air Defence Artillery Soldier,3007,,N
2023,"2021-542304",Armour Soldier,3008,,N
2023,"2021-542305",Engineer Soldier,3009,,N
2023,"2021-542306",Signal Soldier,3010,,N
2023,"2021-542401",Combat Medical Support Operator,3011,,N
2023,"2021-542501",Air Operations Officer,3012,,N
2023,"2021-611101",Agronomy Farmer,3013,,N
2023,"2021-611102",Field Vegetable Farmer,3014,,N
2023,"2021-611201",Arboriculture Farmer,3015,,N
2023,"2021-611202",Horticultural Farmer,3016,,N
2023,"2021-611301",Ornamental Horticultural Farmer,3017,,N
2023,"2021-611302",Landscape Contractor,3018,,N
2023,"2021-611303",Groundskeeper,3019,,N
2023,"2021-611304",Nurseryperson,3020,,N
2023,"2021-611306",Arboriculturist,3021,,N
2023,"2021-611401",Mixed Crop Farm Production Manager / Foreman,3022,,N
2023,"2021-612101",Livestock Farmer,3023,,N
2023,"2021-612102",Dairy Farmer,3024,,N
2023,"2021-612201",Poultry Farmer,3025,,N
2023,"2021-612202",Ratites Farmer,3026,,N
2023,"2021-612301",Insect Farmer,3027,,N
2023,"2021-612901",Avian Farmer,3028,,N
2023,"2021-612902",Game Farmer,3029,,N
2023,"2021-613101",Mixed Crop and Livestock Farmer,3030,,N
2023,"2021-621101",Tree Feller,3031,,N
2023,"2021-621102",Forest and Conservation Workers,3032,,N
2023,"2021-622101",Aquaculture Farmer,3033,,N
2023,"2021-622102",Mariculture Farmer,3034,,N
2023,"2021-622201",Skipper (Fishing Boat),3035,,N
2023,"2021-622301",Master Fisher,3036,,N
2023,"2021-622401",Hunter,3037,,N
2023,"2021-631101",Subsistence Crop Farmer,3038,,N
2023,"2021-631201",Subsistence Livestock Farmer,3039,,N
2023,"2021-631301",Subsistence Mixed Crop and Livestock Farmers,3040,,N
2023,"2021-641101",House Builder,3041,,N
2023,"2021-641201",Bricklayer,3042,,N
2023,"2021-641301",Stonemason,3043,,N
2023,"2021-641302",Granite Cutter,3044,,N
2023,"2021-641303",Refractory Mason,3045,,N
2023,"2021-641401",Concreter,3046,,N
2023,"2021-641402",Fibre-cement Moulder,3047,,N
2023,"2021-641403",Civil Engineering Constructor,3048,,N
2023,"2021-641501",Carpenter and Joiner,3049,,N
2023,"2021-641502",Carpenter,3050,,N
2023,"2021-641503",Joiner,3051,,N
2023,"2021-641901",Demolition Technician,3052,,N
2023,"2021-641902",Scaffolder,3053,,N
2023,"2021-642101",Roof Tiler,3054,,N
2023,"2021-642102",Roof Plumber,3055,,N
2023,"2021-642103",Roof Thatcher,3056,,N
2023,"2021-642201",Wall and Floor Tiler,3057,,N
2023,"2021-642202",Floor Finisher,3058,,N
2023,"2021-642301",Fibrous Plasterer,3059,,N
2023,"2021-642302",Plasterer,3060,,N
2023,"2021-642401",Insulation Installer,3061,,N
2023,"2021-642501",Glazier,3062,,N
2023,"2021-642601",Plumber,3063,,N
2023,"2021-642602",Solar Installer,3064,,N
2023,"2021-642603",Gas Practitioner,3065,,N
2023,"2021-642604",Fire Services Plumber,3066,,N
2023,"2021-642605",Plumbing Inspector,3067,,N
2023,"2021-642606",Heat Pump Installer,3068,,N
2023,"2021-642607",Pipe Fitter,3069,,N
2023,"2021-642701",Air-conditioning and Refrigeration Mechanic,3070,,N
2023,"2021-642702",Refrigeration Mechanic,3071,,N
2023,"2021-643101",Painter,3072,,N
2023,"2021-643201",Industrial Spraypainter,3073,,N
2023,"2021-643202",Vehicle Painter,3074,,N
2023,"2021-643302",Chimney Cleaner,3075,,N
2023,"2021-651101",Moulder,3076,,N
2023,"2021-651201",Pressure Welder,3077,,N
2023,"2021-651202",Welder,3078,,N
2023,"2021-651203",Fitter-welder,3079,,N
2023,"2021-651204",Gas Cutter,3080,,N
2023,"2021-651301",Sheet Metal Worker,3081,,N
2023,"2021-651302",Boiler Maker,3082,,N
2023,"2021-651401",Metal Fabricator,3083,,N
2023,"2021-651402",Structural Steel Erector,3084,,N
2023,"2021-651403",Steel Fixer,3085,,N
2023,"2021-651404",Structural Plater,3086,,N
2023,"2021-651501",Rigger,3087,,N
2023,"2021-651502",Cable and Rope Splicer,3088,,N
2023,"2021-652101",Blacksmith,3089,,N
2023,"2021-652102",Forging Press Worker,3090,,N
2023,"2021-652201",Toolmaker,3091,,N
2023,"2021-652202",Gunsmith,3092,,N
2023,"2021-652203",Locksmith,3093,,N
2023,"2021-652204",Patternmaker,3094,,N
2023,"2021-652205",Master Toolmaker,3095,,N
2023,"2021-652206",Die Sinker,3096,,N
2023,"2021-652301",Metal Machinist,3097,,N
2023,"2021-652302",Fitter and Turner,3098,,N
2023,"2021-652401",Metal Polisher,3099,,N
2023,"2021-652402",Tool Grinder and Sharpener,3100,,N
2023,"2021-652403",Saw Maker and Repairer,3101,,N
2023,"2021-652404",Grinder,3102,,N
2023,"2021-653101",Automotive Motor Mechanic,3103,,N
2023,"2021-653103",Motorcycle Mechanic,3104,,N
2023,"2021-653109",Automotive Engine Mechanic,3105,,N
2023,"2021-653201",Aircraft Maintenance Mechanic,3106,,N
2023,"2021-653202",Aircraft Structures Worker,3107,,N
2023,"2021-653301",Industrial Machinery Mechanic,3108,,N
2023,"2021-653302",Mechanical Equipment Repairer,3109,,N
2023,"2021-653303",Mechanical Fitter,3110,,N
2023,"2021-653304",Diesel Fitter,3111,,N
2023,"2021-653305",Small Engine Mechanic,3112,,N
2023,"2021-653306",Diesel Mechanic,3113,,N
2023,"2021-653307",Heavy Equipment Mechanic,3114,,N
2023,"2021-653308",Tractor Mechanic,3115,,N
2023,"2021-653309",Forklift Mechanic,3116,,N
2023,"2021-653310",Lubrication Equipment Mechanic,3117,,N
2023,"2021-653401",Bicycle Mechanic,3118,,N
2023,"2021-653402",Non-motorised Transport Equipment Repairer,3119,,N
2023,"2021-661101",Precision Instrument Maker and Repairer,3120,,N
2023,"2021-661102",Watch and Clock Maker and Repairer,3121,,N
2023,"2021-661103",Scale Fitter,3122,,N
2023,"2021-661201",Musical Instrument Maker or Repairer,3123,,N
2023,"2021-661301",Goldsmith,3124,,N
2023,"2021-661302",Diamond and Gemstone Setter,3125,,N
2023,"2021-661303",Jewellery Evaluator,3126,,N
2023,"2021-661304",Diamond Sorter and Evaluator,3127,,N
2023,"2021-661401",Potter or Ceramic Artist,3128,,N
2023,"2021-661501",Glass Maker,3129,,N
2023,"2021-661502",Optical Mechanic,3130,,N
2023,"2021-661601",Signwriter,3131,,N
2023,"2021-661602",Engraver,3132,,N
2023,"2021-661701","Basket, Cane and Wicker Worker",3133,,N
2023,"2021-661702",Carver,3134,,N
2023,"2021-661703",Cane Furniture Maker,3135,,N
2023,"2021-661801","Textile, Leather and Related Materials Handicraft Workers",3136,,N
2023,"2021-661901",Metal Toymaker,3137,,N
2023,"2021-662101",Electronic Pre-press,3138,,N
2023,"2021-662104",Electronic Originator,3139,,N
2023,"2021-662105",Gravure Cylinder Preparation Technician,3140,,N
2023,"2021-662106",Process Engraver,3141,,N
2023,"2021-662107",Printing Plate Maker,3142,,N
2023,"2021-662201",Printing Machinist,3143,,N
2023,"2021-662202",Small Offset Lithography Operator,3144,,N
2023,"2021-662203",Screen Printer,3145,,N
2023,"2021-662204",Paper Sheetfed Offset Lithography Technician,3146,,N
2023,"2021-662205",Metal Sheetfed Offset Lithography Technician,3147,,N
2023,"2021-662206",Continuous Stationery Printing Machine Technician,3148,,N
2023,"2021-662207",Monoblock Offset Machine Technician,3149,,N
2023,"2021-662208",Roll Label Machine Technician,3150,,N
2023,"2021-662209",Gravure Printing Technician,3151,,N
2023,"2021-662210",Heatset Rotary Offset Lithography Technician,3152,,N
2023,"2021-662211",Coldset Rotary Offset Lithographic Printing Technician (Coldset),3153,,N
2023,"2021-662212",Rotary Printing and Re-reeling Flexographic Machine Technician,3154,,N
2023,"2021-662213",Rotary Printing and Re-reeling Gravure Machine Technician,3155,,N
2023,"2021-662215",Stationery Machine Technician,3156,,N
2023,"2021-662216",Commercial Digital Printer,3157,,N
2023,"2021-662301",Mechanized soft-cover bookbinding technician,3158,,N
2023,"2021-662303",Mechanised Bookbinding Technician,3159,,N
2023,"2021-662304",Craft Bookbinding Technician,3160,,N
2023,"2021-662305",Mechanised Hard-cover Bookbinding Technician,3161,,N
2023,"2021-662307",Folding Machine Operator (Paper Products),3162,,N
2023,"2021-662308",Saddle Stitch Machine Operator,3163,,N
2023,"2021-662309",Adhesive Binding Machine Operator,3164,,N
2023,"2021-662310",Book Sewing Machine Operator,3165,,N
2023,"2021-662311",Gathering Machine Operator,3166,,N
2023,"2021-662312",Commercial Mailing Machine Operator,3167,,N
2023,"2021-662313",Newspaper and Magazine Mailroom Machine Operator,3168,,N
2023,"2021-662314",Envelope Manufacturing Machine Operator,3169,,N
2023,"2021-662315",Coating Machine Operator,3170,,N
2023,"2021-662316",Foiling Machine Operator,3171,,N
2023,"2021-662317",Roll Label Rewind Machine Operator,3172,,N
2023,"2021-671101",Electrician,3173,,N
2023,"2021-671102",Electrical Installation Inspector,3174,,N
2023,"2021-671202",Millwright,3175,,N
2023,"2021-671203",Mechatronics Technician,3176,,N
2023,"2021-671204",Lift Mechanic,3177,,N
2023,"2021-671205",Weapon Systems Mechanic,3178,,N
2023,"2021-671206",Electrical Equipment Mechanic,3179,,N
2023,"2021-671207",Armature Winder,3180,,N
2023,"2021-671208",Transportation Electrician,3181,,N
2023,"2021-671301",Electrical Line Mechanic,3182,,N
2023,"2021-671302",Cable Jointer,3183,,N
2023,"2021-672101",Avionics Mechanician,3184,,N
2023,"2021-672102",Radar Mechanic,3185,,N
2023,"2021-672103",Business Machine Mechanic,3186,,N
2023,"2021-672104",Electronic Equipment Mechanician,3187,,N
2023,"2021-672105",Instrument Mechanician,3188,,N
2023,"2021-672107",Special Class Electrician,3189,,N
2023,"2021-672108",Radiotrician,3190,,N
2023,"2021-672201",Data and Telecommunications Cabler,3191,,N
2023,"2021-672202",Telecommunications Cable Jointer,3192,,N
2023,"2021-672203",Computer Engineering Mechanic / Service Person,3193,,N
2023,"2021-672204",Telecommunications Line Mechanic,3194,,N
2023,"2021-672205",Telecommunications Technician,3195,,N
2023,"2021-672206",Communications Operator,3196,,N
2023,"2021-681101",Slaughterer,3197,,N
2023,"2021-681102",Red Meat De-boner,3198,,N
2023,"2021-681103",Butcher,3199,,N
2023,"2021-681104",Fishmonger,3200,,N
2023,"2021-681105",Poultry Slaughterer,3201,,N
2023,"2021-681201",Confectionary Baker,3202,,N
2023,"2021-681202",Pastry Cook,3203,,N
2023,"2021-681203",Confectionery Maker,3204,,N
2023,"2021-681301",Dairyman,3205,,N
2023,"2021-681401",Fruit or Vegetable Preserver,3206,,N
2023,"2021-681402",Oil Expeller,3207,,N
2023,"2021-681403",Jam Maker,3208,,N
2023,"2021-681501",Cheese Grader / Tester,3209,,N
2023,"2021-681502",Food Taster / Grader,3210,,N
2023,"2021-681503",Tea Taster / Grader,3211,,N
2023,"2021-681504",Wine Taster / Grader,3212,,N
2023,"2021-681505",Fruit and Vegetable Grader / Classer,3213,,N
2023,"2021-681506",Livestock Product Analyst,3214,,N
2023,"2021-681601",Cigar Maker,3215,,N
2023,"2021-681602",Green Tobacco Storage Controller / Manager,3216,,N
2023,"2021-681603",Tobacco Processing Machine Operator,3217,,N
2023,"2021-682101",Wood Preparer and Treater,3218,,N
2023,"2021-682102",Plywood and Veneer Maker and Repairer,3219,,N
2023,"2021-682201",Cabinet Maker,3220,,N
2023,"2021-682203",Wood Model Maker,3221,,N
2023,"2021-682301",Furniture Finisher,3222,,N
2023,"2021-682302",Picture Framer,3223,,N
2023,"2021-682303",Wood Machinist,3224,,N
2023,"2021-682304",Wood Turner,3225,,N
2023,"2021-682305",Cooper,3226,,N
2023,"2021-683101",Tailor,3227,,N
2023,"2021-683102",Furrier,3228,,N
2023,"2021-683103",Hat Maker,3229,,N
2023,"2021-683104",Wig Maker,3230,,N
2023,"2021-683201","Clothing, Home Textiles and General Goods Cutter",3231,,N
2023,"2021-683202",Apparel and related pattern maker,3232,,N
2023,"2021-683301",Canvas Goods Maker,3233,,N
2023,"2021-683302",Sail Maker,3234,,N
2023,"2021-683303",Textile Produce Mender and Embroiderer,3235,,N
2023,"2021-683401",Upholsterer,3236,,N
2023,"2021-683402",Bed Maker,3237,,N
2023,"2021-683501",Fellmonger,3238,,N
2023,"2021-683502",Tanner,3239,,N
2023,"2021-683503",Pelt Grader,3240,,N
2023,"2021-683601",Shoemaker,3241,,N
2023,"2021-684101",Diver,3242,,N
2023,"2021-684201", Mining Blaster,3243,,N
2023,"2021-684202",Blaster,3244,,N
2023,"2021-684301",Crop Produce Analyst,3245,,N
2023,"2021-684302",Tobacco Grader,3246,,N
2023,"2021-684303",Cotton Grader,3247,,N
2023,"2021-684304",Wool Classer / Grader,3248,,N
2023,"2021-684305",Quality Controller (Manufacturing),3249,,N
2023,"2021-684401",Pest or Weed Controller,3250,,N
2023,"2021-684901","Textile, Clothing, Footwear and Leather Processing Machine Mechanic",3251,,N
2023,"2021-684902",Farrier,3252,,N
2023,"2021-684904",Panelbeater,3253,,N
2023,"2021-684905",Vehicle Body Builder,3254,,N
2023,"2021-684906",Vehicle Trimmer,3255,,N
2023,"2021-684907",Boatbuilder and Repairer,3256,,N
2023,"2021-684908",Shipwright,3257,,N
2023,"2021-684909",Survival Equipment Fitter,3258,,N
2023,"2021-684910",Ammunition Fitter,3259,,N
2023,"2021-684911",Florist,3260,,N
2023,"2021-684912",Photographer's Assistant,3261,,N
2023,"2021-684913",Melter,3262,,N
2023,"2021-684914",Textile Machine Mechanic,3263,,N
2023,"2021-711101",Mining Operator,3264,,N
2023,"2021-711102",Shotcreter,3265,,N
2023,"2021-711201",Mineral Processing Plant Operator,3266,,N
2023,"2021-711202",Jewellery Processing and Finishing Machine Operator,3267,,N
2023,"2021-711203",Diamond Cutter and Polisher,3268,,N
2023,"2021-711204",Gemstone Cutter,3269,,N
2023,"2021-711205",Gemstone Machine Operator,3270,,N
2023,"2021-711301",Driller,3271,,N
2023,"2021-711302",Rock Drill Operator,3272,,N
2023,"2021-711401",Concrete Products Machine Operator,3273,,N
2023,"2021-711402","Glass, Clay and Stone Manufacturing Machine Setter and Minder",3274,,N
2023,"2021-711403",Plaster Machine Operator,3275,,N
2023,"2021-711404",Cement Production Plant Operator,3276,,N
2023,"2021-711405",Concrete Batching Plant Operator,3277,,N
2023,"2021-711406",Industrial Diamond Polishing Machine Operator,3278,,N
2023,"2021-712101",Metal Processing Plant Operator,3279,,N
2023,"2021-712102",Metal Manufacturing Machine Setter and Minder,3280,,N
2023,"2021-712103",Abrasive Wheel Maker,3281,,N
2023,"2021-712104",Brake Lining Maker,3282,,N
2023,"2021-712201",Electroplater,3283,,N
2023,"2021-713101",Chemical Production Machine Operator,3284,,N
2023,"2021-713201",Photographic Developer and Printer,3285,,N
2023,"2021-714101",Rubber Production Machine Operator,3286,,N
2023,"2021-714102",Rubber Manufacturing Machine Setter and Minder,3287,,N
2023,"2021-714201",Plastic Cablemaking Machine Operator,3288,,N
2023,"2021-714202",Plastic Compounding and Reclamation Machine Operator,3289,,N
2023,"2021-714203",Plastics Fabricator or Welder,3290,,N
2023,"2021-714204",Plastics Production Machine Operator (General),3291,,N
2023,"2021-714205",Reinforced Plastic and Composite Production Worker,3292,,N
2023,"2021-714206",Rotational Moulding Operator (Plastics),3293,,N
2023,"2021-714207",Thermoforming Machine Operator,3294,,N
2023,"2021-714208",Plastics Manufacturing Machine Minder,3295,,N
2023,"2021-714209",Reinforced Plastics and Composite Trades Worker,3296,,N
2023,"2021-714301",Paper Products Machine Operator,3297,,N
2023,"2021-715101",Fibre Preparation Production Machine Operator,3298,,N
2023,"2021-715102",Yarn Production Machine Operator,3299,,N
2023,"2021-715103",Man-made Fibre Production Machine Operator,3300,,N
2023,"2021-715201",Weaving Machine Operator,3301,,N
2023,"2021-715202",Warping Machine Operator,3302,,N
2023,"2021-715203",Braiding Machine Operator,3303,,N
2023,"2021-715204",Knitting Machine Operator,3304,,N
2023,"2021-715205",Non-woven Machine Operator,3305,,N
2023,"2021-715206",Textile Dry Finishing Machine Operator,3306,,N
2023,"2021-715301",Sewing Machine Operator,3307,,N
2023,"2021-715302","Clothing, Textile and Leather Goods Production Operator",3308,,N
2023,"2021-715401",Textile Wet Process Production Operator,3309,,N
2023,"2021-715501",Leather Processing Machine Operator,3310,,N
2023,"2021-715601",Footwear Cutting Production Machine Operator,3311,,N
2023,"2021-715602",Footwear Closing Production Machine Operator,3312,,N
2023,"2021-715603",Footwear Bottom Stock Production Machine Operator,3313,,N
2023,"2021-715604",Footwear Lasting Production Machine Operator,3314,,N
2023,"2021-715605",Footwear Finishing Production Machine Operator,3315,,N
2023,"2021-715701",Laundry and Dry Cleaning Machine Operator,3316,,N
2023,"2021-715901",Textile and Footwear Manufacturing Machine Minder,3317,,N
2023,"2021-716101",Fruit and Vegetable Processing Machine Operator,3318,,N
2023,"2021-716102",Distillery Process Machine Operator,3319,,N
2023,"2021-716103",Juice Extraction and Blending Process Machine Operator,3320,,N
2023,"2021-716104",Dairy Products Machine Operator,3321,,N
2023,"2021-716105",Bakery and Confectionary Products Machine Operator,3322,,N
2023,"2021-716106",Sugar Processing Machine Operator,3323,,N
2023,"2021-716107",Coffee and Tea Processing Machine Operator,3324,,N
2023,"2021-716108",Seed Processing Machine Operator,3325,,N
2023,"2021-716109",Milling Process Machine Operator,3326,,N
2023,"2021-716110",Tobacco Product Processing Machine Operator,3327,,N
2023,"2021-716111",Meat Processing Machine Operator,3328,,N
2023,"2021-716112",Seafood Processing Machine Operator,3329,,N
2023,"2021-716113",Grain Handling Operator,3330,,N
2023,"2021-716114",Sparkling Soft drink process machine operator,3331,,N
2023,"2021-716115",Wine processing machine operator,3332,,N
2023,"2021-716116","Cereals, snacks, pasta and condiments machine process operator",3333,,N
2023,"2021-716117",Brew house Process Machine Operator,3334,,N
2023,"2021-716118",Food and Beverage Process Operator,3335,,N
2023,"2021-717101",Wood and Paper Manufacturing Machine Minder,3336,,N
2023,"2021-717102",Paper and Pulp Mill Operator,3337,,N
2023,"2021-717201",Wood Processing Machine Operator,3338,,N
2023,"2021-718101",Clay Production Machine Operator,3339,,N
2023,"2021-718102",Glass Production Machine Operator,3340,,N
2023,"2021-718201",Boiler or Engine Operator,3341,,N
2023,"2021-718301",Labelling Machine Operator,3342,,N
2023,"2021-718302",Packing Machine Operator,3343,,N
2023,"2021-718303",Filling Line Operator,3344,,N
2023,"2021-718304",Packaging Manufacturing Machine Minder,3345,,N
2023,"2021-718901",Silicon Chip Production Machine Operator,3346,,N
2023,"2021-718902",Cable and Rope Splicing Machine Operator,3347,,N
2023,"2021-718903",Cable Manufacturing Machine Minder,3348,,N
2023,"2021-718904",Integrated Manufacturing Line Machine Setter,3349,,N
2023,"2021-718905",Engineering Production Systems Worker,3350,,N
2023,"2021-718906",Bulk Materials Handling Plant Operator,3351,,N
2023,"2021-718907",Weighbridge Operator,3352,,N
2023,"2021-718908",Car Compactor Operator,3353,,N
2023,"2021-718909",Lighthouse Keeper,3354,,N
2023,"2021-718910",Lock Master (Water Transport),3355,,N
2023,"2021-718911",Snow Maker,3356,,N
2023,"2021-718912",Wash Plant Operator,3357,,N
2023,"2021-718913",Motion Picture Projectionist,3358,,N
2023,"2021-718914",Sand Blaster,3359,,N
2023,"2021-718915",Venetian Blind Machine Operator,3360,,N
2023,"2021-721101",Machinery Assembler,3361,,N
2023,"2021-721201",Electrical and Electronic Equipment Assembler,3362,,N
2023,"2021-721901",Product Assembler,3363,,N
2023,"2021-731101",Train Driver,3364,,N
2023,"2021-731102",Tram Driver,3365,,N
2023,"2021-731201",Railway Signal Operator,3366,,N
2023,"2021-731202",Train Controller,3367,,N
2023,"2021-732101",Delivery Driver,3368,,N
2023,"2021-732102",Delivery Driver (Motorcycle),3369,,N
2023,"2021-732201",Chauffeur,3370,,N
2023,"2021-732202",Taxi Driver,3371,,N
2023,"2021-732203",Emergency Vehicle Drivers,3372,,N
2023,"2021-732204",Oversize Load Pilot / Escort,3373,,N
2023,"2021-733101",Bus Driver,3374,,N
2023,"2021-733102",Charter and Tour Bus Driver,3375,,N
2023,"2021-733103",Passenger Coach Driver,3376,,N
2023,"2021-733201",Truck Driver (General),3377,,N
2023,"2021-733202",Aircraft Refueller,3378,,N
2023,"2021-733203",Furniture Removalist,3379,,N
2023,"2021-733204",Tanker Driver,3380,,N
2023,"2021-733205",Tow Truck Driver,3381,,N
2023,"2021-733206",Armoured Personnel Carrier Operator,3382,,N
2023,"2021-733207",Snow Groomer,3383,,N
2023,"2021-733208",Mobile Mining Equipment Operator,3384,,N
2023,"2021-733209",Linemarker,3385,,N
2023,"2021-733210",Road Construction Plant Operator,3386,,N
2023,"2021-733211",Remotely Operated Vehicle (ROV) Pilot,3387,,N
2023,"2021-734101",Agricultural Mobile Plant (Equipment) Operator,3388,,N
2023,"2021-734102",Logging Plant Operator,3389,,N
2023,"2021-734201",Earthmoving Plant Operator (General),3390,,N
2023,"2021-734202",Backhoe Operator,3391,,N
2023,"2021-734203",Bulldozer Operator,3392,,N
2023,"2021-734204",Excavator Operator,3393,,N
2023,"2021-734205",Grader Operator,3394,,N
2023,"2021-734206",Loader Operator,3395,,N
2023,"2021-734207",Mulcher Operator,3396,,N
2023,"2021-734208",Tunnelling Machine Operator,3397,,N
2023,"2021-734209",Mobile Explosives Manufacturing Unit (MEMU) Operator,3398,,N
2023,"2021-734210",Scraper Operator,3399,,N
2023,"2021-734211",Dragline Operator,3400,,N
2023,"2021-734212",Railway Track Master,3401,,N
2023,"2021-734213",Road Roller Operator,3402,,N
2023,"2021-734214",Dump Truck Operator,3403,,N
2023,"2021-734301",Crane or Hoist Operator,3404,,N
2023,"2021-734302",Cable Ferry Operator,3405,,N
2023,"2021-734303",Dredge Operator,3406,,N
2023,"2021-734401",Lift Operator,3407,,N
2023,"2021-734402",Forklift Driver,3408,,N
2023,"2021-734403",Straddle Carrier Operator,3409,,N
2023,"2021-735101",Deck Hand,3410,,N
2023,"2021-735102",Jetty Operator,3411,,N
2023,"2021-811101",Domestic Cleaner,3412,,N
2023,"2021-811201",Commercial Cleaner,3413,,N
2023,"2021-811202",Healthcare Cleaner,3414,,N
2023,"2021-811203",Tea Attendant,3415,,N
2023,"2021-811204",Caretaker / cleaner,3416,,N
2023,"2021-812101",Laundry Worker (General),3417,,N
2023,"2021-812103",Ironer or Presser,3418,,N
2023,"2021-812104",Carpet Cleaner,3419,,N
2023,"2021-812201",Vehicle Detailer (Valet Servicer),3420,,N
2023,"2021-812301",Window Cleaner,3421,,N
2023,"2021-812901",Septic Tank Cleaner,3422,,N
2023,"2021-812902",Swimming Pool Cleaner,3423,,N
2023,"2021-812903",Washroom Attendant,3424,,N
2023,"2021-812904",Sterilisation Technician,3425,,N
2023,"2021-821101",Crop Production Farm Worker / Assistant,3426,,N
2023,"2021-821102",Irrigationist,3427,,N
2023,"2021-821103",Scout,3428,,N
2023,"2021-821104",Harvester / Picker,3429,,N
2023,"2021-821105",Pruner,3430,,N
2023,"2021-821201",Livestock Farm Worker / Assistant,3431,,N
2023,"2021-821202",Insect Farm Worker / Assistant,3432,,N
2023,"2021-821203",Game Farm Worker / Assistant,3433,,N
2023,"2021-821204","Poultry, Ratites or Avian Farm Worker / Assistant",3434,,N
2023,"2021-821205",Wool Handler,3435,,N
2023,"2021-821301",Mixed Crop and Livestock Farm Worker / Assistant,3436,,N
2023,"2021-821401",Garden Workers,3437,,N
2023,"2021-821402",Ornamental Horticultural or Nursery Assistant,3438,,N
2023,"2021-821403",Indoor Plant Worker,3439,,N
2023,"2021-821501",Forestry Worker,3440,,N
2023,"2021-821502",Logging Assistant,3441,,N
2023,"2021-821601",Fishing Hand,3442,,N
2023,"2021-821602",Aquaculture Farm Worker / Assistant,3443,,N
2023,"2021-831101",Mining Worker ,3444,,N
2023,"2021-831102",Driller's Assistant,3445,,N
2023,"2021-831103",Mineral Beneficiation Plant Worker,3446,,N
2023,"2021-831104",Mining Spotter Controller,3447,,N
2023,"2021-831301",Builder's Worker,3448,,N
2023,"2021-831302","Drainage, Sewerage and Storm Water Worker",3449,,N
2023,"2021-831303",Earthmoving Worker,3450,,N
2023,"2021-831304",Plumber's Assistant,3451,,N
2023,"2021-831305",Cement and Concrete Plant Worker,3452,,N
2023,"2021-831306",Paving and Surfacing Worker,3453,,N
2023,"2021-831307",Railway Track Worker,3454,,N
2023,"2021-831308",Crane Chaser,3455,,N
2023,"2021-831309",Lagger,3456,,N
2023,"2021-831310",Surveyor's Assistant,3457,,N
2023,"2021-831311",Fencer,3458,,N
2023,"2021-831312",Sign Erector,3459,,N
2023,"2021-831313",Water Process Worker,3460,,N
2023,"2021-832101",Packer (Non Perishable Products),3461,,N
2023,"2021-832102",Meat Packer,3462,,N
2023,"2021-832103",Fish or Seafood Packer,3463,,N
2023,"2021-832104",Cheese Packer,3464,,N
2023,"2021-832901",Metal Engineering Process Worker,3465,,N
2023,"2021-832902","Plastics, Composites and Rubber Factory Worker",3466,,N
2023,"2021-832903",Timber and Wood Process Worker,3467,,N
2023,"2021-832904",Food and Beverage Factory Worker,3468,,N
2023,"2021-832905",Footwear and Leather Factory Worker,3469,,N
2023,"2021-832906",Glass Processing Worker,3470,,N
2023,"2021-832907",Chemical Plant Worker,3471,,N
2023,"2021-832908",Clay Processing Factory Worker,3472,,N
2023,"2021-832909","Textile, Clothing and Footwear Factory Worker",3473,,N
2023,"2021-832910",Component Fitter,3474,,N
2023,"2021-833301",Freight Handler (Rail or Road),3475,,N
2023,"2021-833302",Truck Driver's Offsider,3476,,N
2023,"2021-833303",Waterside Worker,3477,,N
2023,"2021-833304",Airline Ground Crew,3478,,N
2023,"2021-833401",Shelf Filler,3479,,N
2023,"2021-833402",Store Person,3480,,N
2023,"2021-841101",Fast Food Cook,3481,,N
2023,"2021-841201",Kitchenhand,3482,,N
2023,"2021-841202",Food Trade Assistant,3483,,N
2023,"2021-851101",Car Park Attendant,3484,,N
2023,"2021-851102",Leaflet or Newspaper Deliverer,3485,,N
2023,"2021-852101",Street Vendor,3486,,N
2023,"2021-861101",Recycling or Rubbish Collector,3487,,N
2023,"2021-861201",Refuse Sorter,3488,,N
2023,"2021-861202",Waste Material Sorter and Classifier,3489,,N
2023,"2021-861301",Street Sweeper Operator,3490,,N
2023,"2021-862101",Busser,3491,,N
2023,"2021-862102",Luggage Porter,3492,,N
2023,"2021-862103",Cloak Room Attendant,3493,,N
2023,"2021-862104",Hotel Cellar Hand,3494,,N
2023,"2021-862201",Home Improvement Installer,3495,,N
2023,"2021-862202",Handyperson,3496,,N
2023,"2021-862301",Meter Reader,3497,,N
2023,"2021-862302",Vending Machine Attendant,3498,,N
2023,"2021-862913",Event Assistant,3499,,N
2023,"2021-862914",Sheltered Workshop Worker,3500,,N
2023,"2021-862915",Chemical Mixer,3501,,N
2023,"2021-862916",Farm Maintenance Worker,3502,,N
2023,"2021-862917",Crossing Supervisor,3503,,N
2023,"2021-862918",Electrical or Telecommunications Trades Assistant,3504,,N
2023,"2021-862919",Mechanic Trade Assistant,3505,,N
2023,"2021-862920",Railways Assistant,3506,,N
2023,"2021-862922",Electronics and Telecommunications Trades Assistant,3507,,N
2023,"2021-862923",Trolley Collector,3508,,N
2023,"2021-862924",Stage or Studio Hand,3509,,N
2023,"2021-862925",Caddie,3510,,N
2023,"2021-862926",Ticket Collector,3511,,N
2023,"2021-862927",Borehole Pump Operator ,3512,,N
2023,"2021-000000",No Mapping,3513,,N
2022,"2021-235205",Adult Education Teacher,3514,,N
2023,"2021-235205",Adult Education Teacher,3515,,N
2023,"2021-900000",Learner,3516,,N
2024,"2021-111101",Local or Provincial Government Legislator,3517,,N
2024,"2021-111102",Parliamentarian,3518,,N
2024,"2021-111201",Defence Force Senior Officer,3519,,N
2024,"2021-111202",General Manager Public Service,3520,,N
2024,"2021-111203",Local Authority Manager,3521,,N
2024,"2021-111204",Senior Government Official,3522,,N
2024,"2021-111205",Senior Police Officer,3523,,N
2024,"2021-111206",Ombudsperson,3524,,N
2024,"2021-111207",Senior Government Manager,3525,,N
2024,"2021-111301",Traditional Leader,3526,,N
2024,"2021-111401",Elected Official,3527,,N
2024,"2021-111402",Trade Union Representative,3528,,N
2024,"2021-111403",Political Party Representative,3529,,N
2024,"2021-112101",Director (Enterprise / Organisation),3530,,N
2024,"2021-121101",Finance Manager,3531,,N
2024,"2021-121102",Payroll Manager,3532,,N
2024,"2021-121103",Credit Manager,3533,,N
2024,"2021-121104",Internal Audit Manager,3534,,N
2024,"2021-121201",Human Resource Manager,3535,,N
2024,"2021-121202",Business Training Manager,3536,,N
2024,"2021-121203",Compensation and Benefits Manager,3537,,N
2024,"2021-121204",Recruitment Manager,3538,,N
2024,"2021-121205",Employee Wellness Manager,3539,,N
2024,"2021-121206",Health and Safety Manager,3540,,N
2024,"2021-121207",Personnel Manager,3541,,N
2024,"2021-121301",Policy and Planning Manager,3542,,N
2024,"2021-121901",Corporate General Manager,3543,,N
2024,"2021-121902",Corporate Services Manager,3544,,N
2024,"2021-121903",Physical Asset Manager,3545,,N
2024,"2021-121904",Contract Manager,3546,,N
2024,"2021-121905",Programme or Project Manager,3547,,N
2024,"2021-121906",Franchise Manager,3548,,N
2024,"2021-121908",Quality Systems Manager,3549,,N
2024,"2021-121909",Sustainability Manager,3550,,N
2024,"2021-121910",Water Asset Manager,3551,,N
2024,"2021-122101",Sales and Marketing Manager,3552,,N
2024,"2021-122102",Sales Manager,3553,,N
2024,"2021-122103",Director of Marketing,3554,,N
2024,"2021-122104",Interactive and Direct Marketing Strategist,3555,,N
2024,"2021-122105",Customer Service Manager,3556,,N
2024,"2021-122201",Advertising and Public Relations Manager,3557,,N
2024,"2021-122301",Research and Development Manager,3558,,N
2024,"2021-131101",Agricultural Farm Manager,3559,,N
2024,"2021-131102",Forestry Operations Manager ,3560,,N
2024,"2021-131103",Forestry Operations Supervisor,3561,,N
2024,"2021-131201",Aquaculture Farm Manager,3562,,N
2024,"2021-132101",Manufacturer,3563,,N
2024,"2021-132102",Manufacturing Operations Manager,3564,,N
2024,"2021-132104",Engineering Manager,3565,,N
2024,"2021-132105",Power Generation Operations Manager,3566,,N
2024,"2021-132106",Manufacturing Quality Manager,3567,,N
2024,"2021-132107",Quality Manager,3568,,N
2024,"2021-132108",Metrologist,3569,,N
2024,"2021-132109",Quality Systems Auditor,3570,,N
2024,"2021-132201",Mining Manager,3571,,N
2024,"2021-132202",Mineral Resources Manager,3572,,N
2024,"2021-132203",Rock Engineering Manager,3573,,N
2024,"2021-132301",Construction Project Manager,3574,,N
2024,"2021-132302",Project Builder,3575,,N
2024,"2021-132401",Supply and Distribution Manager,3576,,N
2024,"2021-132402",Logistics Manager,3577,,N
2024,"2021-132403",Road Transport Manager,3578,,N
2024,"2021-132404",Warehouse Manager,3579,,N
2024,"2021-132405",Fleet Manager,3580,,N
2024,"2021-132406",Railway Station Manager,3581,,N
2024,"2021-132407",Airport or Harbour Manager,3582,,N
2024,"2021-132408",Grain Depot Manager,3583,,N
2024,"2021-132409",Fuel Manager,3584,,N
2024,"2021-132410",Maritime Search and Rescue Mission Coordinator,3585,,N
2024,"2021-133101",Chief Information Officer,3586,,N
2024,"2021-133102",ICT Project Manager,3587,,N
2024,"2021-133103",Data Management Manager,3588,,N
2024,"2021-133104",Application Development Manager,3589,,N
2024,"2021-133105",Information Technology Manager,3590,,N
2024,"2021-133106",Information Systems Director,3591,,N
2024,"2021-134101",Child Care Centre Manager,3592,,N
2024,"2021-134201",Medical Superintendent,3593,,N
2024,"2021-134202",Nursing Clinical Director,3594,,N
2024,"2021-134203",Primary Health Care Manager,3595,,N
2024,"2021-134204",Secondary Health Services Manager,3596,,N
2024,"2021-134205",Health Service Specialised Clinic Manager,3597,,N
2024,"2021-134206",Sport Science Manager,3598,,N
2024,"2021-134207",Community Health Manager,3599,,N
2024,"2021-134301",Special Care Accommodation Manager,3600,,N
2024,"2021-134401",Social Services Manager,3601,,N
2024,"2021-134402",Community Development Manager,3602,,N
2024,"2021-134403",Child and Youth Care Manager,3603,,N
2024,"2021-134501",School Principal,3604,,N
2024,"2021-134502",College Principal,3605,,N
2024,"2021-134503",Faculty Head,3606,,N
2024,"2021-134504",District Education Manager,3607,,N
2024,"2021-134505",Educational Rector,3608,,N
2024,"2021-134506",Educational Registrar,3609,,N
2024,"2021-134507",Departmental Head,3610,,N
2024,"2021-134601",Bank Manager,3611,,N
2024,"2021-134602",Credit Bureau Manager,3612,,N
2024,"2021-134603",Financial Markets Business Manager,3613,,N
2024,"2021-134701",Military Manager,3614,,N
2024,"2021-134702",Military Commander,3615,,N
2024,"2021-134703",Military Warrant Officer,3616,,N
2024,"2021-134901",Environmental Manager,3617,,N
2024,"2021-134902",Laboratory Manager,3618,,N
2024,"2021-134903",Small Business Manager,3619,,N
2024,"2021-134904",Office Manager,3620,,N
2024,"2021-134905",Judicial Court Manager,3621,,N
2024,"2021-134906",Practice Manager,3622,,N
2024,"2021-134907",Archives Manager,3623,,N
2024,"2021-134908",Library Manager,3624,,N
2024,"2021-134909",Museum Manager,3625,,N
2024,"2021-134911",Insurance Policy Administration Manager,3626,,N
2024,"2021-134912",Commissioned Fire and Rescue Officer,3627,,N
2024,"2021-134913",Commissioned Police Officer,3628,,N
2024,"2021-134914",Correctional Services Manager,3629,,N
2024,"2021-134915",Non Manufacturing Operations Manager,3630,,N
2024,"2021-134916",Non Manufacturing Operations Foreman,3631,,N
2024,"2021-134917",Publisher,3632,,N
2024,"2021-134918",Water production and Supply Manager,3633,,N
2024,"2021-134919",Traffic and Law Enforcement Manager,3634,,N
2024,"2021-134920",Community Correctional Manager,3635,,N
2024,"2021-134921",Disaster Management Manager ,3636,,N
2024,"2021-141101",Hotel or Motel Manager,3637,,N
2024,"2021-141102",Guest House Manager,3638,,N
2024,"2021-141103",Reception Manager,3639,,N
2024,"2021-141201",Café (Licensed) or Restaurant Manager,3640,,N
2024,"2021-141202",Licensed Club Manager,3641,,N
2024,"2021-141203",Catering Production Manager,3642,,N
2024,"2021-141204",Reservations Manager,3643,,N
2024,"2021-142101",Importer or Exporter,3644,,N
2024,"2021-142102",Wholesaler,3645,,N
2024,"2021-142103",Retail General Manager,3646,,N
2024,"2021-142104",Post Office Manager,3647,,N
2024,"2021-143101",Betting Agency Manager,3648,,N
2024,"2021-143102",Gaming Manager,3649,,N
2024,"2021-143103",Cinema or Theatre Manager,3650,,N
2024,"2021-143104",Arts / Culture Manager,3651,,N
2024,"2021-143105",Sports Administrator,3652,,N
2024,"2021-143106",Amusement Centre Manager,3653,,N
2024,"2021-143107",Fitness Centre Manager,3654,,N
2024,"2021-143108",Facility Centre Manager,3655,,N
2024,"2021-143109",Club Membership Manager,3656,,N
2024,"2021-143901",Facilities Manager,3657,,N
2024,"2021-143902",Cleaning Services Manager,3658,,N
2024,"2021-143903",Boarding Kennel or Cattery Manager,3659,,N
2024,"2021-143904",Security Services Manager,3660,,N
2024,"2021-143905",Call or Contact Centre Manager,3661,,N
2024,"2021-143906",Caravan Park and Camping Ground Manager,3662,,N
2024,"2021-143907",Dockmaster,3663,,N
2024,"2021-143908",Travel Accommodation Inspector,3664,,N
2024,"2021-143909",Travel Agency Manager,3665,,N
2024,"2021-211101",Physicist,3666,,N
2024,"2021-211201",Meteorologist,3667,,N
2024,"2021-211205",Climate Change Scientist,3668,,N
2024,"2021-211301",Chemist,3669,,N
2024,"2021-211302",Manufacturing Research Chemist,3670,,N
2024,"2021-211401",Geologist,3671,,N
2024,"2021-211402",Geophysicist,3672,,N
2024,"2021-211403",Materials Scientist,3673,,N
2024,"2021-211404",Gemologist,3674,,N
2024,"2021-211405",Mineralogist,3675,,N
2024,"2021-211406",Hydrologist,3676,,N
2024,"2021-211407",Oceanographer,3677,,N
2024,"2021-212101",Actuary,3678,,N
2024,"2021-212102",Mathematician,3679,,N
2024,"2021-212103",Statistician,3680,,N
2024,"2021-213101",Animal Behaviourist,3681,,N
2024,"2021-213102",General Biologist,3682,,N
2024,"2021-213103",Anatomist or Physiologist,3683,,N
2024,"2021-213104",Biochemist,3684,,N
2024,"2021-213105",Biotechnologist,3685,,N
2024,"2021-213106",Botanist,3686,,N
2024,"2021-213107",Marine Biologist,3687,,N
2024,"2021-213108",Microbiologist,3688,,N
2024,"2021-213109",Zoologist,3689,,N
2024,"2021-213110",Medical Scientist,3690,,N
2024,"2021-213111",Pharmaceutical Physician,3691,,N
2024,"2021-213201",Agriculture Consultant,3692,,N
2024,"2021-213202",Agricultural Scientist,3693,,N
2024,"2021-213203",Forest Scientist,3694,,N
2024,"2021-213204",Wine Maker,3695,,N
2024,"2021-213205",Food and Beverage Scientist,3696,,N
2024,"2021-213301",Conservation Scientist,3697,,N
2024,"2021-213302",Environmental Scientist,3698,,N
2024,"2021-213304",Earth and Soil Scientist,3699,,N
2024,"2021-213305",Air Quality Analyst,3700,,N
2024,"2021-213306",Water Quality Analyst,3701,,N
2024,"2021-213307",Park Ranger,3702,,N
2024,"2021-213308",Brownfield Redevelopment Specialist,3703,,N
2024,"2021-213309",Toxicologist,3704,,N
2024,"2021-213310",Biodiversity Planner ,3705,,N
2024,"2021-214101",Industrial Engineer,3706,,N
2024,"2021-214102",Industrial Engineering Technologist,3707,,N
2024,"2021-214103",Production Engineer,3708,,N
2024,"2021-214104",Production Engineering Technologist,3709,,N
2024,"2021-214105",Energy Efficiency Manager,3710,,N
2024,"2021-214201",Civil Engineer,3711,,N
2024,"2021-214202",Civil Engineering Technologist,3712,,N
2024,"2021-214301",Environmental Engineer,3713,,N
2024,"2021-214302",Environmental Impact and Restoration Analyst,3714,,N
2024,"2021-214401",Mechanical Engineer,3715,,N
2024,"2021-214402",Mechanical Engineering Technologist,3716,,N
2024,"2021-214403",Aeronautical Engineer,3717,,N
2024,"2021-214404",Aeronautical Engineering Technologist,3718,,N
2024,"2021-214405",Naval Architect,3719,,N
2024,"2021-214406",Marine Engineering Technologist,3720,,N
2024,"2021-214407",Defence Industry Armament Engineer,3721,,N
2024,"2021-214408",Defence Industry Armament Engineering Technologist,3722,,N
2024,"2021-214501",Chemical Engineer,3723,,N
2024,"2021-214502",Chemical Engineering Technologist,3724,,N
2024,"2021-214503",Explosives and Dangerous Goods Inspector,3725,,N
2024,"2021-214601",Mining Engineer ,3726,,N
2024,"2021-214602",Mining Engineering Technologist,3727,,N
2024,"2021-214603",Metallurgical Engineer,3728,,N
2024,"2021-214604",Metallurgical Engineering Technologist,3729,,N
2024,"2021-214605",Metallurgist,3730,,N
2024,"2021-214607",Petroleum Engineer,3731,,N
2024,"2021-214901",Biomedical Engineer,3732,,N
2024,"2021-214902",Explosive Ordnance Engineer,3733,,N
2024,"2021-214903",Marine Salvage Engineer,3734,,N
2024,"2021-214904",Quantity Surveyor,3735,,N
2024,"2021-214905",Agricultural Engineer,3736,,N
2024,"2021-214906",Agricultural Engineering Technologist,3737,,N
2024,"2021-214907",Materials Engineer,3738,,N
2024,"2021-214908",Materials Engineering Technologist,3739,,N
2024,"2021-214909",Microsystems Engineers,3740,,N
2024,"2021-215101",Electrical Engineer,3741,,N
2024,"2021-215102",Electrical Engineering Technologist,3742,,N
2024,"2021-215103",Energy Engineer,3743,,N
2024,"2021-215104",Energy Engineering Technologist,3744,,N
2024,"2021-215201",Electronics Engineer,3745,,N
2024,"2021-215202",Electronics Engineering Technologist,3746,,N
2024,"2021-215301",Telecommunications Engineer,3747,,N
2024,"2021-215302",Telecommunications Engineering Technologist,3748,,N
2024,"2021-215303",Telecommunications Network Engineer,3749,,N
2024,"2021-215304",Telecommunications Field Engineer,3750,,N
2024,"2021-216101",Architect,3751,,N
2024,"2021-216201",Landscape Architect,3752,,N
2024,"2021-216301",Fashion Designer,3753,,N
2024,"2021-216302",Industrial Designer,3754,,N
2024,"2021-216303",Jewellery Designer,3755,,N
2024,"2021-216304",Footwear Designer,3756,,N
2024,"2021-216401",Urban and Regional Planner,3757,,N
2024,"2021-216402",Transport Analyst,3758,,N
2024,"2021-216403",Marine Spatial Planner,3759,,N
2024,"2021-216501",Cartographer,3760,,N
2024,"2021-216502",Surveyor,3761,,N
2024,"2021-216601",Digital Artist,3762,,N
2024,"2021-216602",Illustrator,3763,,N
2024,"2021-216603",Multimedia Designer,3764,,N
2024,"2021-216604",Web Designer,3765,,N
2024,"2021-221101",General Medical Practitioner,3766,,N
2024,"2021-221102",Resident Medical Officer,3767,,N
2024,"2021-221103",Public Health Physician,3768,,N
2024,"2021-221201",Anaesthetist,3769,,N
2024,"2021-221202",Cardiologist,3770,,N
2024,"2021-221203",Emergency Medicine Specialist,3771,,N
2024,"2021-221204",Obstetrician and Gynaecologist,3772,,N
2024,"2021-221205",Ophthalmologist,3773,,N
2024,"2021-221206",Paediatrician,3774,,N
2024,"2021-221207",Pathologist,3775,,N
2024,"2021-221208",Psychiatrist,3776,,N
2024,"2021-221209",Radiologist,3777,,N
2024,"2021-221210",General Medicine Specialist Physician,3778,,N
2024,"2021-221211",Surgeon,3779,,N
2024,"2021-221212",Forensic Pathologist,3780,,N
2024,"2021-221213",Radiation Oncologist,3781,,N
2024,"2021-221214",Nuclear Medicine Specialist,3782,,N
2024,"2021-221215",Family Physician,3783,,N
2024,"2021-221216",Neurologist,3784,,N
2024,"2021-221217",Clinical Pharmacologist,3785,,N
2024,"2021-221218",Medical Geneticist,3786,,N
2024,"2021-221219",Plastic and Reconstructive Surgeon,3787,,N
2024,"2021-221220",Urologist,3788,,N
2024,"2021-221221",Public Health Medicine Specialist,3789,,N
2024,"2021-221222",Public Health Occupational Medicine Specialist ,3790,,N
2024,"2021-221223",Paediatric Surgeon,3791,,N
2024,"2021-221224",Orthopaedic Surgeon,3792,,N
2024,"2021-221225",Neurosurgeon,3793,,N
2024,"2021-221226",Otorhinolaryngologist,3794,,N
2024,"2021-221227",Dermatologist,3795,,N
2024,"2021-222101",Clinical Nurse Practitioner,3796,,N
2024,"2021-222102",Aged Care Registered Nurse,3797,,N
2024,"2021-222103",Registered Nurse (Child and Family Health),3798,,N
2024,"2021-222104",Registered Nurse (Community Health),3799,,N
2024,"2021-222105",Registered Nurse (Critical Care and Emergency),3800,,N
2024,"2021-222106",Registered Nurse (Developmental Disability),3801,,N
2024,"2021-222107",Registered Nurse (Disability and Rehabilitation),3802,,N
2024,"2021-222108",Registered Nurse (Medical),3803,,N
2024,"2021-222109",Registered Nurse (Medical Practice),3804,,N
2024,"2021-222110",Registered Nurse (Mental Health),3805,,N
2024,"2021-222111",Registered Nurse (Operating theatre),3806,,N
2024,"2021-222112",Registered Nurse (Surgical),3807,,N
2024,"2021-222113",Paediatrics Nurse,3808,,N
2024,"2021-222114",Nurse Educator,3809,,N
2024,"2021-222115",Nurse Researcher,3810,,N
2024,"2021-222116",Nurse Manager,3811,,N
2024,"2021-222117",Midwife,3812,,N
2024,"2021-223101",Acupuncturist,3813,,N
2024,"2021-223102",Ayurvedic Practitioner,3814,,N
2024,"2021-223103",Homoeopath,3815,,N
2024,"2021-223104",Naturopath,3816,,N
2024,"2021-223105",Traditional African Medicine Practitioner,3817,,N
2024,"2021-223106",Traditional Chinese Medicine Practitioner,3818,,N
2024,"2021-223107",Phytotherapist,3819,,N
2024,"2021-224101",Paramedical Practitioner,3820,,N
2024,"2021-224102",Sports Scientist,3821,,N
2024,"2021-225101",Veterinarian,3822,,N
2024,"2021-225102",Veterinary Public Health Professional / Practitioner,3823,,N
2024,"2021-225103",Livestock Inspector,3824,,N
2024,"2021-226101",Dental Specialist,3825,,N
2024,"2021-226102",Dentist,3826,,N
2024,"2021-226201",Hospital Pharmacist,3827,,N
2024,"2021-226202",Industrial Pharmacist,3828,,N
2024,"2021-226203",Retail Pharmacist,3829,,N
2024,"2021-226204",Authorised Pharmacist Prescriber,3830,,N
2024,"2021-226301",Environmental Health Officer,3831,,N
2024,"2021-226302","Safety, Health, Environment and Quality (SHE&Q) Practitioner",3832,,N
2024,"2021-226303",Ergonomist,3833,,N
2024,"2021-226304",Food Inspector,3834,,N
2024,"2021-226401",Physiotherapist,3835,,N
2024,"2021-226501",Dietitian,3836,,N
2024,"2021-226502",Nutritionist,3837,,N
2024,"2021-226601",Audiologist,3838,,N
2024,"2021-226602",Speech Pathologist,3839,,N
2024,"2021-226603",Speech Therapist and Audiologist,3840,,N
2024,"2021-226604",Hearing Aid Acousticians,3841,,N
2024,"2021-226701",Optometrist,3842,,N
2024,"2021-226702",Orthoptist,3843,,N
2024,"2021-226901",Arts Therapist,3844,,N
2024,"2021-226902",Occupational Therapist,3845,,N
2024,"2021-226903",Podiatrist,3846,,N
2024,"2021-226904",Diversional Therapist,3847,,N
2024,"2021-226905",Biokineticist,3848,,N
2024,"2021-226906",Rheumatologist,3849,,N
2024,"2021-231101",University Lecturer,3850,,N
2024,"2021-231102",University Tutor,3851,,N
2024,"2021-232130",TVET Educator,3852,,N
2024,"2021-232131",Adult Education Teacher,3853,,N
2024,"2021-232132",College Lecturer,3854,,N
2024,"2021-233107",FET Phase School Teacher (Grades 10-12),3855,,N
2024,"2021-233108",Senior Phase School Teacher (Grades 7 - 9),3856,,N
2024,"2021-234101",Foundation Phase School Teacher,3857,,N
2024,"2021-234102",Intermediate Phase School Teacher (Grades 4-6),3858,,N
2024,"2021-234201",Early Childhood Development Practitioner,3859,,N
2024,"2021-235101",Education or Training Advisor,3860,,N
2024,"2021-235102",Education or Training Reviewer,3861,,N
2024,"2021-235201",Special Needs Teacher,3862,,N
2024,"2021-235401",Private Tuition Music Teacher,3863,,N
2024,"2021-235501",Private Tuition Art Teacher,3864,,N
2024,"2021-235502",Private Tuition Dance Teacher,3865,,N
2024,"2021-235503",Private Tuition Drama Teacher,3866,,N
2024,"2021-235601",ICT Trainer,3867,,N
2024,"2021-235901",Private Tuition Dressmaking Teacher,3868,,N
2024,"2021-235902",Private Tuition Handicrafts Teacher,3869,,N
2024,"2021-235903",School Laboratory Technician,3870,,N
2024,"2021-235904",Examination Supervisor,3871,,N
2024,"2021-241101",General Accountant,3872,,N
2024,"2021-241102",Management Accountant,3873,,N
2024,"2021-241103",Tax Professional,3874,,N
2024,"2021-241104",External Auditor,3875,,N
2024,"2021-241106",Accountant in Practice,3876,,N
2024,"2021-241107",Financial Accountant,3877,,N
2024,"2021-241108",Forensic Accountant,3878,,N
2024,"2021-241201",Investment Analyst,3879,,N
2024,"2021-241202",Investment Manager,3880,,N
2024,"2021-241203",Investment Advisor,3881,,N
2024,"2021-241204",Financial Markets Practitioner,3882,,N
2024,"2021-241205",Professional Principal Executive Officer,3883,,N
2024,"2021-241301",Financial Investment Advisor,3884,,N
2024,"2021-242101",Management Consultant,3885,,N
2024,"2021-242102",Organisation and Methods Analyst,3886,,N
2024,"2021-242103",Business Development Officer,3887,,N
2024,"2021-242104",AML Surveillance Analyst,3888,,N
2024,"2021-242201",Intelligence Officer,3889,,N
2024,"2021-242202",Policy Analyst,3890,,N
2024,"2021-242203",Company Secretary,3891,,N
2024,"2021-242204",Corporate Treasurer,3892,,N
2024,"2021-242207",Compliance Officer,3893,,N
2024,"2021-242208",Organisational Risk Manager,3894,,N
2024,"2021-242209",Accounting Officer,3895,,N
2024,"2021-242210",Business Administrator,3896,,N
2024,"2021-242211",Internal Auditor,3897,,N
2024,"2021-242212",Diplomat ,3898,,N
2024,"2021-242213",Regulatory Affairs Officer,3899,,N
2024,"2021-242214",Intellectual Property Special Advisor,3900,,N
2024,"2021-242215",Fraud Examiner,3901,,N
2024,"2021-242301",Career Development Practitioner,3902,,N
2024,"2021-242302",Skills Development Practitioner,3903,,N
2024,"2021-242303",Human Resource Advisor,3904,,N
2024,"2021-242304",Industrial Relations Advisor,3905,,N
2024,"2021-242305",Occupational Analyst,3906,,N
2024,"2021-242306",Labour Market Analyst,3907,,N
2024,"2021-242307",Recreation Officer,3908,,N
2024,"2021-242401",Training and Development Professional,3909,,N
2024,"2021-242402",Occupational Instructor ,3910,,N
2024,"2021-242403",Assessment Practitioner,3911,,N
2024,"2021-242404",Student Support Service Officer,3912,,N
2024,"2021-243101",Advertising Specialist,3913,,N
2024,"2021-243102",Market Research Analyst,3914,,N
2024,"2021-243103",Marketing Practitioner,3915,,N
2024,"2021-243104",Market Campaign Analyst,3916,,N
2024,"2021-243201",Communication Coordinator,3917,,N
2024,"2021-243202",Communication Strategist,3918,,N
2024,"2021-243203",Corporate Communication Manager,3919,,N
2024,"2021-243204",Event Producer,3920,,N
2024,"2021-243301",Industrial Products Sales Representative ,3921,,N
2024,"2021-243302",Medical and Pharmaceutical Products Sales Representative ,3922,,N
2024,"2021-243303",Educational Products and Services Sales Representative ,3923,,N
2024,"2021-243304",Printing and Publishing Equipment Sales Representative,3924,,N
2024,"2021-243401",ICT Account Manager,3925,,N
2024,"2021-243402",ICT Business Development Manager,3926,,N
2024,"2021-243403",ICT Sales Representative,3927,,N
2024,"2021-251101",ICT Systems Analyst,3928,,N
2024,"2021-251102",Data Scientist ,3929,,N
2024,"2021-251201",Software Developer,3930,,N
2024,"2021-251202",Programmer Analyst,3931,,N
2024,"2021-251203",Developer Programmer,3932,,N
2024,"2021-251301",Multimedia Specialist,3933,,N
2024,"2021-251302",Web Developer,3934,,N
2024,"2021-251401",Applications Programmer,3935,,N
2024,"2021-251901",Computers Quality Assurance Analyst,3936,,N
2024,"2021-252101",Database Designer and Administrator,3937,,N
2024,"2021-252201",Systems Administrator,3938,,N
2024,"2021-252301",Computer Network and Systems Engineer,3939,,N
2024,"2021-252302",Network Analyst,3940,,N
2024,"2021-252303",`Transmission Engineer,3941,,N
2024,"2021-252901",ICT Security Specialist,3942,,N
2024,"2021-252902",Technical ICT Support Services Manager,3943,,N
2024,"2021-261101",Attorney,3944,,N
2024,"2021-261102",Administrative Lawyer,3945,,N
2024,"2021-261103",Patent Attorney,3946,,N
2024,"2021-261104",Trade Mark Attorney,3947,,N
2024,"2021-261105",Tribunal Member,3948,,N
2024,"2021-261106",Advocate,3949,,N
2024,"2021-261107",Legal Manager,3950,,N
2024,"2021-261201",Judge,3951,,N
2024,"2021-261202",Magistrate,3952,,N
2024,"2021-261901",Adjudicator,3953,,N
2024,"2021-261902",Legislation Facilitator,3954,,N
2024,"2021-261903",Master of The Court,3955,,N
2024,"2021-261904",Family Court Registrar,3956,,N
2024,"2021-261905",Notary,3957,,N
2024,"2021-262101",Archivist,3958,,N
2024,"2021-262102",Gallery or Museum Curator,3959,,N
2024,"2021-262103",Conservator,3960,,N
2024,"2021-262201",Librarian,3961,,N
2024,"2021-262202",Information Services Manager,3962,,N
2024,"2021-263101",Economist,3963,,N
2024,"2021-263102",Economic Reasearch Manager,3964,,N
2024,"2021-263201",Anthropologist,3965,,N
2024,"2021-263202",Archaeologist,3966,,N
2024,"2021-263203",Geographer,3967,,N
2024,"2021-263204",Sociologist,3968,,N
2024,"2021-263205",Criminologist,3969,,N
2024,"2021-263206",Heritage Consultant,3970,,N
2024,"2021-263301",Genealogist,3971,,N
2024,"2021-263302",Historian,3972,,N
2024,"2021-263303",Prehistorian,3973,,N
2024,"2021-263304",Political Scientist,3974,,N
2024,"2021-263401",Clinical Psychologist,3975,,N
2024,"2021-263402",Educational Psychologist,3976,,N
2024,"2021-263403",Organisational Psychologist,3977,,N
2024,"2021-263404",Psychotherapist,3978,,N
2024,"2021-263405",Research Psychologist,3979,,N
2024,"2021-263406",Sport Psychologist,3980,,N
2024,"2021-263407",Counselling Psychologist,3981,,N
2024,"2021-263408",Community Psychologist,3982,,N
2024,"2021-263409",Psychometrician,3983,,N
2024,"2021-263501",Social Counselling Worker,3984,,N
2024,"2021-263502",Addictions Counsellor,3985,,N
2024,"2021-263503",Marriage and Family Counsellor,3986,,N
2024,"2021-263504",Rehabilitation Counsellor,3987,,N
2024,"2021-263505",Student Counsellor,3988,,N
2024,"2021-263506",Probation Social Worker,3989,,N
2024,"2021-263507",Adoption Social Worker,3990,,N
2024,"2021-263508",Child and Youth Care Worker,3991,,N
2024,"2021-263509",Parole Board Member,3992,,N
2024,"2021-263510",Employee Wellness Practitioner,3993,,N
2024,"2021-263511",Career Councillor,3994,,N
2024,"2021-263512",Community Development Practitioner,3995,,N
2024,"2021-263601",Minister of Religion,3996,,N
2024,"2021-264101",Author,3997,,N
2024,"2021-264102",Book or Script Editor,3998,,N
2024,"2021-264103",Technical Writer,3999,,N
2024,"2021-264201",Copywriter,4000,,N
2024,"2021-264202", Editor,4001,,N
2024,"2021-264203",Journalist,4002,,N
2024,"2021-264204",Radio Journalist,4003,,N
2024,"2021-264205",Content Presenter,4004,,N
2024,"2021-264206",Critic,4005,,N
2024,"2021-264301",Interpreter,4006,,N
2024,"2021-264302",Translator,4007,,N
2024,"2021-264303",Linguist,4008,,N
2024,"2021-265101",Painter (Visual Arts),4009,,N
2024,"2021-265102",Potter or Ceramic,4010,,N
2024,"2021-265103",Sculptor,4011,,N
2024,"2021-265104",Ephemeral Artist,4012,,N
2024,"2021-265201",Composer,4013,,N
2024,"2021-265202",Music Director,4014,,N
2024,"2021-265203",Musician (Instrumental),4015,,N
2024,"2021-265204",Singer,4016,,N
2024,"2021-265205",Music Researcher,4017,,N
2024,"2021-265206",Music Copyist,4018,,N
2024,"2021-265301",Dancer or Choreographer,4019,,N
2024,"2021-265401","Director (Film, Television, Radio or Stage)",4020,,N
2024,"2021-265402",Director of Photography,4021,,N
2024,"2021-265403",Film and Video Editor,4022,,N
2024,"2021-265404",Program Director (Television or Radio),4023,,N
2024,"2021-265405",Technical Director,4024,,N
2024,"2021-265406",Video Producer,4025,,N
2024,"2021-265407",Police Video Unit Manager and Producer,4026,,N
2024,"2021-265408",Casting Director,4027,,N
2024,"2021-265409",Film and Television Production Manager,4028,,N
2024,"2021-265410",Radio or Television Programme Organiser,4029,,N
2024,"2021-265411",Location Manager (Film or Television),4030,,N
2024,"2021-265412",Media Producer,4031,,N
2024,"2021-265501",Actor,4032,,N
2024,"2021-265601",Radio Presenter,4033,,N
2024,"2021-265602",Television Presenter,4034,,N
2024,"2021-265901",Entertainer or Variety Artist,4035,,N
2024,"2021-265902",Hypnotist,4036,,N
2024,"2021-265903",Public Speaker,4037,,N
2024,"2021-265904",Community Arts Worker,4038,,N
2024,"2021-311101",Chemistry Technician,4039,,N
2024,"2021-311102",Physical Science Technician,4040,,N
2024,"2021-311103",Fragrance Evaluators/ flavourists,4041,,N
2024,"2021-311104",Radiation Control/ Nuclear Monitoring Technician,4042,,N
2024,"2021-311201",Civil Engineering Technician,4043,,N
2024,"2021-311202",Surveying or Cartographic Technician,4044,,N
2024,"2021-311203",Town Planning Technician,4045,,N
2024,"2021-311217",Water Control Officer,4046,,N
2024,"2021-311301",Electrical Engineering Technician,4047,,N
2024,"2021-311302",Electric Substation Operations Manager,4048,,N
2024,"2021-311303",Energy Efficiency Technician,4049,,N
2024,"2021-311401",Electronic Engineering Technician,4050,,N
2024,"2021-311501",Mechanical Engineering Technician,4051,,N
2024,"2021-311502",Pressure Equipment  Inspector,4052,,N
2024,"2021-311503",Aeronautical Engineering Technician,4053,,N
2024,"2021-311601",Chemical Engineering Technician,4054,,N
2024,"2021-311701",Mining Technician,4055,,N
2024,"2021-311702",Metallurgical or Materials Technician,4056,,N
2024,"2021-311703",Non-Destructive Testing Technician  (NDTT),4057,,N
2024,"2021-311704",Geophysical Technician,4058,,N
2024,"2021-311801",Draughtsperson,4059,,N
2024,"2021-311901","Forensic Technician (Biology, Toxicology)",4060,,N
2024,"2021-311902",Fire Investigator,4061,,N
2024,"2021-311903",Food and Beverage Technician,4062,,N
2024,"2021-311904",Manufacturing Technician,4063,,N
2024,"2021-311905",Industrial Engineering Technician,4064,,N
2024,"2021-311906",Environmental Engineering Technician,4065,,N
2024,"2021-311910",Food Laboratory Analyst,4066,,N
2024,"2021-312101",Mining Production Supervisor,4067,,N
2024,"2021-312102",Miner,4068,,N
2024,"2021-312103",Engineering Supervisor,4069,,N
2024,"2021-312201",Production / Operations Supervisor (Manufacturing),4070,,N
2024,"2021-312202",Maintenance Planner,4071,,N
2024,"2021-312301",Building Associate,4072,,N
2024,"2021-313102",Fossil Power Plant Process Controller,4073,,N
2024,"2021-313103",Hydro Power Plant Process Controller,4074,,N
2024,"2021-313104",Nuclear Power Plant Process Controller,4075,,N
2024,"2021-313105",Wind Turbine Power Plant Process Controller,4076,,N
2024,"2021-313106",Concentrated Solar Power (CSP) Plant Process Controller,4077,,N
2024,"2021-313107",Geothermal Technicians,4078,,N
2024,"2021-313108",Weatherisation Installers and Technicians,4079,,N
2024,"2021-313109",Solar Photovoltaic Service Technician,4080,,N
2024,"2021-313110",Wind Turbine Service Technician,4081,,N
2024,"2021-313201",Water Plant Operator,4082,,N
2024,"2021-313202",Waste Materials Plant Operator,4083,,N
2024,"2021-313203",Water Process Controller,4084,,N
2024,"2021-313301",Chemical Plant Controller,4085,,N
2024,"2021-313401",Gas or Petroleum Controller,4086,,N
2024,"2021-313501",Metal Manufacturing Process Control Technician,4087,,N
2024,"2021-313901",Integrated Manufacturing Line Process Control Technician,4088,,N
2024,"2021-313902",Wood Processing Control Technician,4089,,N
2024,"2021-313903","Clothing, Textile and Footwear Manufacturing Process Control Technician",4090,,N
2024,"2021-313905",Cotton Ginning Process Controller,4091,,N
2024,"2021-313906",Fresh Produce Packing Controller,4092,,N
2024,"2021-313907",Food and Beverage Manufacturing Process Controller,4093,,N
2024,"2021-313908",Sugar Process Controller,4094,,N
2024,"2021-313909",Miller,4095,,N
2024,"2021-313910",Juice Extraction Process Controller,4096,,N
2024,"2021-313911",Grain Handling Controller,4097,,N
2024,"2021-313912",Mineral Beneficiation Process Controller,4098,,N
2024,"2021-313913",Chemical Waste Controller,4099,,N
2024,"2021-313916",Manufacturing Production Technicians,4100,,N
2024,"2021-313917",Pulp and Paper Manufacturing Process Control Technician,4101,,N
2024,"2021-314101",Life Science Technician,4102,,N
2024,"2021-314102",Environmental Science Technician,4103,,N
2024,"2021-314201",Agricultural Technician,4104,,N
2024,"2021-314301",Forestry Technician,4105,,N
2024,"2021-314302",Forestry Research Technician,4106,,N
2024,"2021-315101",Marine Engineer,4107,,N
2024,"2021-315201",Ship's Master,4108,,N
2024,"2021-315202",Ship's Officer,4109,,N
2024,"2021-315203",Ship's Surveyor,4110,,N
2024,"2021-315204",Marine Certification & Surveillance Manager,4111,,N
2024,"2021-315205",Boat Driver / Coxswain,4112,,N
2024,"2021-315206",Aids to Navigation Manager,4113,,N
2024,"2021-315207",Aids to Navigation Technician,4114,,N
2024,"2021-315301",Aircraft Navigator,4115,,N
2024,"2021-315302",Flight Engineer,4116,,N
2024,"2021-315303",Aeroplane Pilot,4117,,N
2024,"2021-315304",Flying Instructor,4118,,N
2024,"2021-315305",Helicopter Pilot,4119,,N
2024,"2021-315306",Balloonist,4120,,N
2024,"2021-315401",Traffic Controller,4121,,N
2024,"2021-315501",Airborne Electronics Analyst,4122,,N
2024,"2021-315502",Airworthiness Surveyor,4123,,N
2024,"2021-321101",Medical Diagnostic Radiographer,4124,,N
2024,"2021-321102",Medical Radiation Therapist,4125,,N
2024,"2021-321103",Nuclear Medicine Technologist,4126,,N
2024,"2021-321104",Sonographer,4127,,N
2024,"2021-321105",Anaesthetic Technician,4128,,N
2024,"2021-321106",Cardiac Technician,4129,,N
2024,"2021-321107",Operating Theatre Technician,4130,,N
2024,"2021-321108",Audiometrist,4131,,N
2024,"2021-321109",Dialysis Technician,4132,,N
2024,"2021-321110",Neurophysiological Technician,4133,,N
2024,"2021-321111",Renal Technician,4134,,N
2024,"2021-321112",Intensive Care Technician,4135,,N
2024,"2021-321113",Orthopaedic Technician,4136,,N
2024,"2021-321114",Health Technical Support Officer,4137,,N
2024,"2021-321115",Medical Electronic Equipment Operator,4138,,N
2024,"2021-321116",Electroencephalographic Technician,4139,,N
2024,"2021-321117",Radiation Laboratory Technician,4140,,N
2024,"2021-321118",Orthotist or Prosthetist,4141,,N
2024,"2021-321119",Pulmonology Clinical Technologist,4142,,N
2024,"2021-321120",Reproductive Biology Clinical Technologist,4143,,N
2024,"2021-321121",Cardiothoracic Perfusion Clinical Technologist,4144,,N
2024,"2021-321122",Occupational Therapy Technician,4145,,N
2024,"2021-321123",Orientation and Mobility Practitioner,4146,,N
2024,"2021-321201",Medical Technician,4147,,N
2024,"2021-321206",Medical Technologist,4148,,N
2024,"2021-321301",Pharmacy Technician,4149,,N
2024,"2021-321401",Clinical Dental Technician,4150,,N
2024,"2021-321402",Dental Technician,4151,,N
2024,"2021-321403",Dental Therapist,4152,,N
2024,"2021-321405",Orthotic and Prosthetic Technician,4153,,N
2024,"2021-321406",Dental Technologist,4154,,N
2024,"2021-322101",Enrolled Nurse,4155,,N
2024,"2021-322102",Mother Craft Nurse,4156,,N
2024,"2021-322201",Assistant Midwife,4157,,N
2024,"2021-323101",Indigenous Heath Worker (Inyanga),4158,,N
2024,"2021-323102",Ancillary Health Care Worker,4159,,N
2024,"2021-323105",Therapeutic Aromatherapist,4160,,N
2024,"2021-323106",Therapeutic Reflexologist,4161,,N
2024,"2021-324101",Veterinary Nurse,4162,,N
2024,"2021-324102",Veterinary Technician,4163,,N
2024,"2021-324103",Veterinary Technologist,4164,,N
2024,"2021-325101",Dental Assistant,4165,,N
2024,"2021-325102",Oral Hygienist,4166,,N
2024,"2021-325201",Health Information Manager,4167,,N
2024,"2021-325301",Health Promotion Practitioner,4168,,N
2024,"2021-325401",Dispensing Optician,4169,,N
2024,"2021-325501",Massage Therapist,4170,,N
2024,"2021-325502",Hydrotherapist,4171,,N
2024,"2021-325503",Electrotherapist,4172,,N
2024,"2021-325504",Physiotherapy Technician,4173,,N
2024,"2021-325601",Clinical Associate,4174,,N
2024,"2021-325701",Environmental and Occupational Health Inspector,4175,,N
2024,"2021-325702",Marine Safety Officer,4176,,N
2024,"2021-325703",Agricultural / Horticultural Produce Inspector,4177,,N
2024,"2021-325704",Aquaculture Produce Analyst,4178,,N
2024,"2021-325705",Safety Inspector,4179,,N
2024,"2021-325706",Ammunition Technician,4180,,N
2024,"2021-325707",Mine Health and Safety Inspector,4181,,N
2024,"2021-325708",Magazine Master,4182,,N
2024,"2021-325801",Ambulance Officer,4183,,N
2024,"2021-325802",Intensive Care Ambulance Paramedic / Ambulance Paramedic,4184,,N
2024,"2021-325901",Chiropractor,4185,,N
2024,"2021-325902",Osteopath,4186,,N
2024,"2021-331101",Securities Dealer,4187,,N
2024,"2021-331105",Asset Swap Administrator,4188,,N
2024,"2021-331106",Financial Markets Settlement Officer,4189,,N
2024,"2021-331201",Credit or Loans Officer,4190,,N
2024,"2021-331204",False Worker,4191,,N
2024,"2021-331205",Business Banker,4192,,N
2024,"2021-331301",Bookkeeper,4193,,N
2024,"2021-331302",Accounting Technician,4194,,N
2024,"2021-331303",Tax Technician,4195,,N
2024,"2021-331401",Statistical and Mathematical Assistant,4196,,N
2024,"2021-331501",Valuer,4197,,N
2024,"2021-331502",Insurance Investigator,4198,,N
2024,"2021-331503",Insurance Loss Adjuster,4199,,N
2024,"2021-331504",Insurance Risk Surveyor,4200,,N
2024,"2021-331505",Vehicle Damage Quantifier,4201,,N
2024,"2021-332101",Insurance Agent,4202,,N
2024,"2021-332102",Insurance Broker,4203,,N
2024,"2021-332201",Commercial Sales Representative,4204,,N
2024,"2021-332202",Sales Representative (Building and Plumbing Supplies),4205,,N
2024,"2021-332203",Sales Representative (Personal and Household Goods),4206,,N
2024,"2021-332204",Commercial Services Sales Agent,4207,,N
2024,"2021-332205",Manufacturers Representative,4208,,N
2024,"2021-332206",Sales Representative (Photographic Equipment and Supplies),4209,,N
2024,"2021-332207",Chemical Sales Representative,4210,,N
2024,"2021-332208",Pharmacy Sales Assistant,4211,,N
2024,"2021-332301",Retail Buyer,4212,,N
2024,"2021-332302",Purchasing Officer,4213,,N
2024,"2021-332401",Commodities Trader,4214,,N
2024,"2021-332402",Finance Broker,4215,,N
2024,"2021-333101",Clearing and Forwarding Agent,4216,,N
2024,"2021-333201",Events Manager,4217,,N
2024,"2021-333301",Recruitment Officer,4218,,N
2024,"2021-333302",Labour Recruitment Consultant: Permanent Employment Agency (PEA),4219,,N
2024,"2021-333303",Labour Recruitment Consultant: Temporary Employment Services (TES),4220,,N
2024,"2021-333401",Property Manager,4221,,N
2024,"2021-333402",Real Estate Agent,4222,,N
2024,"2021-333404",Real Estate Sales Settlement Administrator,4223,,N
2024,"2021-333405",Real Estate Agency Principal ,4224,,N
2024,"2021-333406",Property Lease Administrator,4225,,N
2024,"2021-333901",Auctioneer,4226,,N
2024,"2021-333902",Special Services Contracting Agent,4227,,N
2024,"2021-333903",Sales Representative (Business Services),4228,,N
2024,"2021-333904",Business Broker,4229,,N
2024,"2021-333905",Supply Chain Practitioner,4230,,N
2024,"2021-333906",Stock and Station Agent,4231,,N
2024,"2021-333907",Property Portfolio and Asset Manager,4232,,N
2024,"2021-333908",Marketing Coordinator,4233,,N
2024,"2021-333909",Bid Assistant,4234,,N
2024,"2021-333910",Business Support Coordinator,4235,,N
2024,"2021-333911",Physical Asset Practitioner,4236,,N
2024,"2021-334101",Office Supervisor,4237,,N
2024,"2021-334102",Office Administrator,4238,,N
2024,"2021-334103",Call Centre Team Leader,4239,,N
2024,"2021-334201",Legal Secretary,4240,,N
2024,"2021-334301",Secretary Bargaining Council,4241,,N
2024,"2021-334302",Personal Assistant,4242,,N
2024,"2021-334401",Medical Secretary,4243,,N
2024,"2021-335101",Customs Officer,4244,,N
2024,"2021-335102",Immigration Officer,4245,,N
2024,"2021-335201",Taxation Inspector,4246,,N
2024,"2021-335301",Social Security Assessor,4247,,N
2024,"2021-335401",Driving license examiner  ,4248,,N
2024,"2021-335402",Import-export Administrator,4249,,N
2024,"2021-335403",Passport Officer (Issuing),4250,,N
2024,"2021-335404",Motor Vehicle Examiner,4251,,N
2024,"2021-335501",Detective,4252,,N
2024,"2021-335502",Crash Investigator ,4253,,N
2024,"2021-335901",Labour Inspector,4254,,N
2024,"2021-335902",Wage Inspector,4255,,N
2024,"2021-335903",Refugee Status Determination Officer,4256,,N
2024,"2021-335904",Pest Management Officer,4257,,N
2024,"2021-335905",Water Allocation Officer,4258,,N
2024,"2021-335906",Environmental Practices Inspector,4259,,N
2024,"2021-335907",Weights and Measures Inspector,4260,,N
2024,"2021-335908",Censorship Inspector,4261,,N
2024,"2021-335909",Price Inspector,4262,,N
2024,"2021-335910",Trade Mark Examiner,4263,,N
2024,"2021-335911",Quarantine Officer,4264,,N
2024,"2021-335912",Fisheries Officer,4265,,N
2024,"2021-335913",Building Inspector,4266,,N
2024,"2021-335914",Train Examiner,4267,,N
2024,"2021-335915",Transport Operations Inspector,4268,,N
2024,"2021-335916",Gaming Operations Compliance Officer,4269,,N
2024,"2021-341101",Conveyancer,4270,,N
2024,"2021-341102",Legal Executive,4271,,N
2024,"2021-341103",Paralegal,4272,,N
2024,"2021-341104",Clerk of Court,4273,,N
2024,"2021-341105",Court Bailiff,4274,,N
2024,"2021-341106",Court Orderly / Court Registry Officer,4275,,N
2024,"2021-341107",Law Clerk,4276,,N
2024,"2021-341108",Trust Officer,4277,,N
2024,"2021-341109",Private Investigator,4278,,N
2024,"2021-341110",Associate Legal Professional,4279,,N
2024,"2021-341111",Debt Counsellor,4280,,N
2024,"2021-341112",Labour Dispute Enforcement Agent,4281,,N
2024,"2021-341201",Auxiliary Community Development Practitioner,4282,,N
2024,"2021-341202",Disabilities Services Officer,4283,,N
2024,"2021-341203",Social Auxiliary Worker,4284,,N
2024,"2021-341204",Auxiliary Child and Youth Care Worker,4285,,N
2024,"2021-341301",Religious Associate Professional,4286,,N
2024,"2021-342101",Footballer,4287,,N
2024,"2021-342102",Golfer,4288,,N
2024,"2021-342103",Jockey,4289,,N
2024,"2021-342104",Cricketer,4290,,N
2024,"2021-342105",Athlete,4291,,N
2024,"2021-342106",Boxer,4292,,N
2024,"2021-342107",Cyclist,4293,,N
2024,"2021-342108",Racing Driver,4294,,N
2024,"2021-342109",Surfer,4295,,N
2024,"2021-342110",Swimmer,4296,,N
2024,"2021-342111",Tennis Player,4297,,N
2024,"2021-342112",Wrestler,4298,,N
2024,"2021-342113",Yachtsman,4299,,N
2024,"2021-342114",Other Sportsperson,4300,,N
2024,"2021-342201",Sports Development Officer,4301,,N
2024,"2021-342202",Sports Umpire,4302,,N
2024,"2021-342203",Sports Official,4303,,N
2024,"2021-342204",Sports Coach or Instructor,4304,,N
2024,"2021-342301",Fitness Instructor,4305,,N
2024,"2021-342302",Outdoor Adventure Guide,4306,,N
2024,"2021-342303",Caving Guide,4307,,N
2024,"2021-343101",Photographer,4308,,N
2024,"2021-343102",Air Observer,4309,,N
2024,"2021-343201",Interior Designer,4310,,N
2024,"2021-343202",Interior Decorator,4311,,N
2024,"2021-343203",Visual Merchandiser,4312,,N
2024,"2021-343204",Set Designer,4313,,N
2024,"2021-343301",Gallery or Museum Technician,4314,,N
2024,"2021-343302",Library Technician,4315,,N
2024,"2021-343401",Chef,4316,,N
2024,"2021-343901",Tattoo Artist,4317,,N
2024,"2021-343902",Light Technician,4318,,N
2024,"2021-343903",Stage Manager,4319,,N
2024,"2021-343904",Theatrical Dresser,4320,,N
2024,"2021-343905",Stunt Person,4321,,N
2024,"2021-343906",Special Effects Person,4322,,N
2024,"2021-343907",Continuity Person,4323,,N
2024,"2021-343908",Film Technician,4324,,N
2024,"2021-343909",Microphone Boom Operator,4325,,N
2024,"2021-343910",Performing Arts Road Manager,4326,,N
2024,"2021-351101",Computer Operator,4327,,N
2024,"2021-351201",ICT Communications Assistant,4328,,N
2024,"2021-351301",Computer Network Technician,4329,,N
2024,"2021-351302",Geographic Information Systems Technicians,4330,,N
2024,"2021-351303",Marine GIS Technician,4331,,N
2024,"2021-351401",Web Technician,4332,,N
2024,"2021-352101",Broadcast Transmitter Operator,4333,,N
2024,"2021-352102","Camera Operator (Film, Television or Video)",4334,,N
2024,"2021-352103",Sound Technician,4335,,N
2024,"2021-352104",Television Equipment Operator,4336,,N
2024,"2021-352105",Radio Station Operator,4337,,N
2024,"2021-352106","Production Assistant (Film, Television or Radio)",4338,,N
2024,"2021-352201",Telecommunications Technical Officer or Technologist,4339,,N
2024,"2021-411101",General Clerk,4340,,N
2024,"2021-411102",Back Office Process Consultant,4341,,N
2024,"2021-411103",Parole Board Clerk,4342,,N
2024,"2021-412101",Secretary (General),4343,,N
2024,"2021-413101",Word Processing Operator,4344,,N
2024,"2021-413102",Machine Shorthand Reporter,4345,,N
2024,"2021-413201",Data Entry Operator,4346,,N
2024,"2021-421101",Bank Teller,4347,,N
2024,"2021-421102",Bank Worker,4348,,N
2024,"2021-421103",Currency Exchange Officer,4349,,N
2024,"2021-421104",Banknote Processor,4350,,N
2024,"2021-421105",Postal Frontline Service Worker,4351,,N
2024,"2021-421201",Bookmaker,4352,,N
2024,"2021-421202",Gaming Worker,4353,,N
2024,"2021-421203",Betting Agency Counter Clerk,4354,,N
2024,"2021-421204",Bookmaker's Clerk,4355,,N
2024,"2021-421205",Telephone Betting Clerk,4356,,N
2024,"2021-421206",Bingo Caller,4357,,N
2024,"2021-421207",Lotto Operator,4358,,N
2024,"2021-421301",Pawnbrokers and Money-lenders,4359,,N
2024,"2021-421401",Debt Collector,4360,,N
2024,"2021-422101",Tourist Information Officer,4361,,N
2024,"2021-422102",Travel Consultant,4362,,N
2024,"2021-422201",Inbound Contact Centre Consultant,4363,,N
2024,"2021-422202",Outbound Contact Centre Consultant,4364,,N
2024,"2021-422203",Contact Centre Real Time Advisor,4365,,N
2024,"2021-422204",Contact Centre Resource Planner,4366,,N
2024,"2021-422205",Contact Centre Forecast Analyst,4367,,N
2024,"2021-422206",Call or Contact Centre Agent,4368,,N
2024,"2021-422301",Switchboard Operator,4369,,N
2024,"2021-422401",Hotel or Motel Receptionist,4370,,N
2024,"2021-422501",Enquiry Clerk,4371,,N
2024,"2021-422601",Receptionist (General),4372,,N
2024,"2021-422602",Medical Receptionist,4373,,N
2024,"2021-422701",Survey Interviewer,4374,,N
2024,"2021-422901",Admissions Clerk,4375,,N
2024,"2021-422902",Ship's Purser,4376,,N
2024,"2021-431101",Accounts Clerk,4377,,N
2024,"2021-431102",Cost Clerk,4378,,N
2024,"2021-431103",Taxation Clerk,4379,,N
2024,"2021-431201",Insurance Administrator,4380,,N
2024,"2021-431202",Securities Services Administrative Officer,4381,,N
2024,"2021-431203",Statistical Clerk,4382,,N
2024,"2021-431204",Insurance Claims Administrator,4383,,N
2024,"2021-431301",Payroll Clerk,4384,,N
2024,"2021-432101",Stock Clerk / Officer,4385,,N
2024,"2021-432102",Dispatching and Receiving Clerk / Officer,4386,,N
2024,"2021-432103",Order Clerk / Officer,4387,,N
2024,"2021-432104",Warehouse Administrator / Clerk,4388,,N
2024,"2021-432105",Lampman,4389,,N
2024,"2021-432201",Production Coordinator,4390,,N
2024,"2021-432301",Transport Clerk,4391,,N
2024,"2021-441101",Library Assistant,4392,,N
2024,"2021-441201",Courier,4393,,N
2024,"2021-441202",Postal Delivery Officer,4394,,N
2024,"2021-441203",Mail Clerk,4395,,N
2024,"2021-441301",Coding Clerk,4396,,N
2024,"2021-441302",Proof Reader,4397,,N
2024,"2021-441401",Scribe,4398,,N
2024,"2021-441501",Filing or Registry Clerk,4399,,N
2024,"2021-441502",Office Machine Operator,4400,,N
2024,"2021-441601",Human Resources Clerk,4401,,N
2024,"2021-441602",Skills Development Administrator,4402,,N
2024,"2021-441603",Compensation and Benefits Clerk,4403,,N
2024,"2021-441604",Labour Relations Case Administrator,4404,,N
2024,"2021-441605",Academic Administrative Officer,4405,,N
2024,"2021-441901",Classified Advertising Clerk,4406,,N
2024,"2021-441902",Contract Administrator,4407,,N
2024,"2021-441903",Program or Project Administrators,4408,,N
2024,"2021-441905",Account Clerk (Public Relations / Communication),4409,,N
2024,"2021-511101",Flight Attendant,4410,,N
2024,"2021-511102",Bus Hostess,4411,,N
2024,"2021-511103",Marine Steward,4412,,N
2024,"2021-511104",Railway Steward,4413,,N
2024,"2021-511201",Transport Conductor,4414,,N
2024,"2021-511301",Gallery or Museum Guide,4415,,N
2024,"2021-511302",Tour Guide,4416,,N
2024,"2021-512101",Cook,4417,,N
2024,"2021-513101",Waiter,4418,,N
2024,"2021-513102",Cafe Worker,4419,,N
2024,"2021-513201",Bar Attendant,4420,,N
2024,"2021-513202",Barista,4421,,N
2024,"2021-514101",Hairdresser,4422,,N
2024,"2021-514102",Hair or Beauty Salon Assistant,4423,,N
2024,"2021-514201",Skin Care Therapist,4424,,N
2024,"2021-514202",Slimming Therapist,4425,,N
2024,"2021-514203",Hair Removal Technician,4426,,N
2024,"2021-514204",Nail Technician,4427,,N
2024,"2021-514205",Make Up Artist,4428,,N
2024,"2021-514206",Weight Loss Consultant,4429,,N
2024,"2021-514207",Somatologist,4430,,N
2024,"2021-514208",Spa Therapist ,4431,,N
2024,"2021-514209",Aesthetic Laser Therapist ,4432,,N
2024,"2021-514210",Image consultant ,4433,,N
2024,"2021-515101",Hotel Service Manager,4434,,N
2024,"2021-515102",Housekeeping Service Manager,4435,,N
2024,"2021-515103",Commercial Housekeeper,4436,,N
2024,"2021-515104",Cleaning Practitioner,4437,,N
2024,"2021-515201",Domestic Housekeeper,4438,,N
2024,"2021-515202",Butler,4439,,N
2024,"2021-515301",Caretaker,4440,,N
2024,"2021-515302","Amusement, Fitness or Sport Centre Attendant",4441,,N
2024,"2021-516101",Astrologer,4442,,N
2024,"2021-516201",Escort,4443,,N
2024,"2021-516301",Funeral Director,4444,,N
2024,"2021-516303",Embalmer,4445,,N
2024,"2021-516305",Mortuary Technician / Assistant,4446,,N
2024,"2021-516306",Crematorium Operator,4447,,N
2024,"2021-516401",Animal Attendant / Groomer,4448,,N
2024,"2021-516402",Animal Trainer,4449,,N
2024,"2021-516403",Zookeeper,4450,,N
2024,"2021-516404",Dog Walker,4451,,N
2024,"2021-516501",Driving Instructor,4452,,N
2024,"2021-516901",Refuge Worker,4453,,N
2024,"2021-516902",Civil Celebrant,4454,,N
2024,"2021-521101",Street Market Vendor,4455,,N
2024,"2021-521201",Street Food Sales Person,4456,,N
2024,"2021-521202",Cash Van Salesperson,4457,,N
2024,"2021-522101",Antique Dealer,4458,,N
2024,"2021-522102",Salon Manager,4459,,N
2024,"2021-522201",Retail Supervisor,4460,,N
2024,"2021-522301",Sales Assistant (General),4461,,N
2024,"2021-522302",Motorised Vehicle or Caravan Salesperson,4462,,N
2024,"2021-522303",Automotive Parts Salesperson,4463,,N
2024,"2021-522304",ICT Sales Assistant,4464,,N
2024,"2021-523101",Checkout Operator,4465,,N
2024,"2021-523102",Office Cashier,4466,,N
2024,"2021-523103",Ticket Seller,4467,,N
2024,"2021-524101",Model,4468,,N
2024,"2021-524102",Event Stylist,4469,,N
2024,"2021-524201",Sales Demonstrator,4470,,N
2024,"2021-524301",Door-to-door Salesperson,4471,,N
2024,"2021-524401",Call Centre Salesperson,4472,,N
2024,"2021-524501",Service Station Attendant,4473,,N
2024,"2021-524601",Food Service Counter Attendant,4474,,N
2024,"2021-524901",Materials Recycler,4475,,N
2024,"2021-524902",Rental Salesperson,4476,,N
2024,"2021-524903",Sales Clerk / Officer,4477,,N
2024,"2021-524904",Energy Broker,4478,,N
2024,"2021-531101",Child Care Worker,4479,,N
2024,"2021-531102",Family Day Care Worker,4480,,N
2024,"2021-531103",Nanny,4481,,N
2024,"2021-531104",Out of School Hours Care Worker,4482,,N
2024,"2021-531105",Child or Youth Residential Care Assistant,4483,,N
2024,"2021-531106",Hostel Parent,4484,,N
2024,"2021-531201",Teachers' Aide,4485,,N
2024,"2021-531202",Pre-School Aide,4486,,N
2024,"2021-531203",Integration Aide,4487,,N
2024,"2021-532201",Residential Care Officer,4488,,N
2024,"2021-532202",Aged or Disabled Carer,4489,,N
2024,"2021-532203",Community Health Worker,4490,,N
2024,"2021-532901",First Aid Attendant,4491,,N
2024,"2021-532902",Hospital Orderly,4492,,N
2024,"2021-532903",Nursing Support Worker,4493,,N
2024,"2021-532904",Personal Care Assistant,4494,,N
2024,"2021-532905",Therapy Aide,4495,,N
2024,"2021-532906",Natural Remedy Consultant,4496,,N
2024,"2021-541101",Fire Fighter,4497,,N
2024,"2021-541102",Hazardous Materials Removal Workers,4498,,N
2024,"2021-541201",Traffic Officer,4499,,N
2024,"2021-541202", Non - commissioned Police Official,4500,,N
2024,"2021-541203",Military Police Official,4501,,N
2024,"2021-541301",Prison Officer,4502,,N
2024,"2021-541401",Security Officer,4503,,N
2024,"2021-541402","Alarm, Security or Surveillance Monitor",4504,,N
2024,"2021-541403",Retail Loss Prevention Officer,4505,,N
2024,"2021-541404",Close protector,4506,,N
2024,"2021-541501",Intelligence Operator,4507,,N
2024,"2021-541901",Lifeguard,4508,,N
2024,"2021-541902",Emergency Service and Rescue Official,4509,,N
2024,"2021-541903",Parking Inspector,4510,,N
2024,"2021-541904",Armoured Car Escort,4511,,N
2024,"2021-541905",Crowd Controller,4512,,N
2024,"2021-541906",Security Consultant,4513,,N
2024,"2021-541907",Disaster Management Officer,4514,,N
2024,"2021-542101",Naval Combat Operator,4515,,N
2024,"2021-542102",Naval Combat Officer,4516,,N
2024,"2021-542201",Special Forces Manager,4517,,N
2024,"2021-542202",Special Forces Officer,4518,,N
2024,"2021-542203",Special Forces Operator,4519,,N
2024,"2021-542301",Infantry Soldier,4520,,N
2024,"2021-542302",Artillery Soldier,4521,,N
2024,"2021-542303",Air Defence Artillery Soldier,4522,,N
2024,"2021-542304",Armour Soldier,4523,,N
2024,"2021-542305",Engineer Soldier,4524,,N
2024,"2021-542306",Signal Soldier,4525,,N
2024,"2021-542401",Combat Medical Support Operator,4526,,N
2024,"2021-542501",Air Operations Officer,4527,,N
2024,"2021-611101",Agronomy Farmer,4528,,N
2024,"2021-611102",Field Vegetable Farmer,4529,,N
2024,"2021-611201",Arboriculture Farmer,4530,,N
2024,"2021-611202",Horticultural Farmer,4531,,N
2024,"2021-611301",Ornamental Horticultural Farmer,4532,,N
2024,"2021-611302",Landscape Contractor,4533,,N
2024,"2021-611303",Groundskeeper,4534,,N
2024,"2021-611304",Nurseryperson,4535,,N
2024,"2021-611306",Arboriculturist,4536,,N
2024,"2021-611401",Mixed Crop Farm Production Manager / Foreman,4537,,N
2024,"2021-612101",Livestock Farmer,4538,,N
2024,"2021-612102",Dairy Farmer,4539,,N
2024,"2021-612201",Poultry Farmer,4540,,N
2024,"2021-612202",Ratites Farmer,4541,,N
2024,"2021-612301",Insect Farmer,4542,,N
2024,"2021-612901",Avian Farmer,4543,,N
2024,"2021-612902",Game Farmer,4544,,N
2024,"2021-613101",Mixed Crop and Livestock Farmer,4545,,N
2024,"2021-621101",Tree Feller,4546,,N
2024,"2021-621102",Forest and Conservation Workers,4547,,N
2024,"2021-622101",Aquaculture Farmer,4548,,N
2024,"2021-622102",Mariculture Farmer,4549,,N
2024,"2021-622201",Skipper (Fishing Boat),4550,,N
2024,"2021-622301",Master Fisher,4551,,N
2024,"2021-622401",Hunter,4552,,N
2024,"2021-631101",Subsistence Crop Farmer,4553,,N
2024,"2021-631201",Subsistence Livestock Farmer,4554,,N
2024,"2021-631301",Subsistence Mixed Crop and Livestock Farmers,4555,,N
2024,"2021-641101",House Builder,4556,,N
2024,"2021-641201",Bricklayer,4557,,N
2024,"2021-641301",Stonemason,4558,,N
2024,"2021-641302",Granite Cutter,4559,,N
2024,"2021-641303",Refractory Mason,4560,,N
2024,"2021-641401",Concreter,4561,,N
2024,"2021-641402",Fibre-cement Moulder,4562,,N
2024,"2021-641403",Civil Engineering Constructor,4563,,N
2024,"2021-641501",Carpenter and Joiner,4564,,N
2024,"2021-641502",Carpenter,4565,,N
2024,"2021-641503",Joiner,4566,,N
2024,"2021-641901",Demolition Technician,4567,,N
2024,"2021-641902",Scaffolder,4568,,N
2024,"2021-642101",Roof Tiler,4569,,N
2024,"2021-642102",Roof Plumber,4570,,N
2024,"2021-642103",Roof Thatcher,4571,,N
2024,"2021-642201",Wall and Floor Tiler,4572,,N
2024,"2021-642202",Floor Finisher,4573,,N
2024,"2021-642301",Fibrous Plasterer,4574,,N
2024,"2021-642302",Plasterer,4575,,N
2024,"2021-642401",Insulation Installer,4576,,N
2024,"2021-642501",Glazier,4577,,N
2024,"2021-642601",Plumber,4578,,N
2024,"2021-642602",Solar Installer,4579,,N
2024,"2021-642603",Gas Practitioner,4580,,N
2024,"2021-642604",Fire Services Plumber,4581,,N
2024,"2021-642605",Plumbing Inspector,4582,,N
2024,"2021-642606",Heat Pump Installer,4583,,N
2024,"2021-642607",Pipe Fitter,4584,,N
2024,"2021-642701",Air-conditioning and Refrigeration Mechanic,4585,,N
2024,"2021-642702",Refrigeration Mechanic,4586,,N
2024,"2021-643101",Painter,4587,,N
2024,"2021-643201",Industrial Spraypainter,4588,,N
2024,"2021-643202",Vehicle Painter,4589,,N
2024,"2021-643302",Chimney Cleaner,4590,,N
2024,"2021-651101",Moulder,4591,,N
2024,"2021-651201",Pressure Welder,4592,,N
2024,"2021-651202",Welder,4593,,N
2024,"2021-651203",Fitter-welder,4594,,N
2024,"2021-651204",Gas Cutter,4595,,N
2024,"2021-651301",Sheet Metal Worker,4596,,N
2024,"2021-651302",Boiler Maker,4597,,N
2024,"2021-651401",Metal Fabricator,4598,,N
2024,"2021-651402",Structural Steel Erector,4599,,N
2024,"2021-651403",Steel Fixer,4600,,N
2024,"2021-651404",Structural Plater,4601,,N
2024,"2021-651501",Rigger,4602,,N
2024,"2021-651502",Cable and Rope Splicer,4603,,N
2024,"2021-652101",Blacksmith,4604,,N
2024,"2021-652102",Forging Press Worker,4605,,N
2024,"2021-652201",Toolmaker,4606,,N
2024,"2021-652202",Gunsmith,4607,,N
2024,"2021-652203",Locksmith,4608,,N
2024,"2021-652204",Patternmaker,4609,,N
2024,"2021-652205",Master Toolmaker,4610,,N
2024,"2021-652206",Die Sinker,4611,,N
2024,"2021-652301",Metal Machinist,4612,,N
2024,"2021-652302",Fitter and Turner,4613,,N
2024,"2021-652401",Metal Polisher,4614,,N
2024,"2021-652402",Tool Grinder and Sharpener,4615,,N
2024,"2021-652403",Saw Maker and Repairer,4616,,N
2024,"2021-652404",Grinder,4617,,N
2024,"2021-653101",Automotive Motor Mechanic,4618,,N
2024,"2021-653103",Motorcycle Mechanic,4619,,N
2024,"2021-653109",Automotive Engine Mechanic,4620,,N
2024,"2021-653201",Aircraft Maintenance Mechanic,4621,,N
2024,"2021-653202",Aircraft Structures Worker,4622,,N
2024,"2021-653301",Industrial Machinery Mechanic,4623,,N
2024,"2021-653302",Mechanical Equipment Repairer,4624,,N
2024,"2021-653303",Mechanical Fitter,4625,,N
2024,"2021-653304",Diesel Fitter,4626,,N
2024,"2021-653305",Small Engine Mechanic,4627,,N
2024,"2021-653306",Diesel Mechanic,4628,,N
2024,"2021-653307",Heavy Equipment Mechanic,4629,,N
2024,"2021-653308",Tractor Mechanic,4630,,N
2024,"2021-653309",Forklift Mechanic,4631,,N
2024,"2021-653310",Lubrication Equipment Mechanic,4632,,N
2024,"2021-653401",Bicycle Mechanic,4633,,N
2024,"2021-653402",Non-motorised Transport Equipment Repairer,4634,,N
2024,"2021-661101",Precision Instrument Maker and Repairer,4635,,N
2024,"2021-661102",Watch and Clock Maker and Repairer,4636,,N
2024,"2021-661103",Scale Fitter,4637,,N
2024,"2021-661201",Musical Instrument Maker or Repairer,4638,,N
2024,"2021-661301",Goldsmith,4639,,N
2024,"2021-661302",Diamond and Gemstone Setter,4640,,N
2024,"2021-661303",Jewellery Evaluator,4641,,N
2024,"2021-661304",Diamond Sorter and Evaluator,4642,,N
2024,"2021-661401",Potter or Ceramic Artist,4643,,N
2024,"2021-661501",Glass Maker,4644,,N
2024,"2021-661502",Optical Mechanic,4645,,N
2024,"2021-661601",Signwriter,4646,,N
2024,"2021-661602",Engraver,4647,,N
2024,"2021-661701","Basket, Cane and Wicker Worker",4648,,N
2024,"2021-661702",Carver,4649,,N
2024,"2021-661703",Cane Furniture Maker,4650,,N
2024,"2021-661801","Textile, Leather and Related Materials Handicraft Workers",4651,,N
2024,"2021-661901",Metal Toymaker,4652,,N
2024,"2021-662101",Electronic Pre-press,4653,,N
2024,"2021-662104",Electronic Originator,4654,,N
2024,"2021-662105",Gravure Cylinder Preparation Technician,4655,,N
2024,"2021-662106",Process Engraver,4656,,N
2024,"2021-662107",Printing Plate Maker,4657,,N
2024,"2021-662201",Printing Machinist,4658,,N
2024,"2021-662202",Small Offset Lithography Operator,4659,,N
2024,"2021-662203",Screen Printer,4660,,N
2024,"2021-662204",Paper Sheetfed Offset Lithography Technician,4661,,N
2024,"2021-662205",Metal Sheetfed Offset Lithography Technician,4662,,N
2024,"2021-662206",Continuous Stationery Printing Machine Technician,4663,,N
2024,"2021-662207",Monoblock Offset Machine Technician,4664,,N
2024,"2021-662208",Roll Label Machine Technician,4665,,N
2024,"2021-662209",Gravure Printing Technician,4666,,N
2024,"2021-662210",Heatset Rotary Offset Lithography Technician,4667,,N
2024,"2021-662211",Coldset Rotary Offset Lithographic Printing Technician (Coldset),4668,,N
2024,"2021-662212",Rotary Printing and Re-reeling Flexographic Machine Technician,4669,,N
2024,"2021-662213",Rotary Printing and Re-reeling Gravure Machine Technician,4670,,N
2024,"2021-662215",Stationery Machine Technician,4671,,N
2024,"2021-662216",Commercial Digital Printer,4672,,N
2024,"2021-662301",Mechanized soft-cover bookbinding technician,4673,,N
2024,"2021-662303",Mechanised Bookbinding Technician,4674,,N
2024,"2021-662304",Craft Bookbinding Technician,4675,,N
2024,"2021-662305",Mechanised Hard-cover Bookbinding Technician,4676,,N
2024,"2021-662307",Folding Machine Operator (Paper Products),4677,,N
2024,"2021-662308",Saddle Stitch Machine Operator,4678,,N
2024,"2021-662309",Adhesive Binding Machine Operator,4679,,N
2024,"2021-662310",Book Sewing Machine Operator,4680,,N
2024,"2021-662311",Gathering Machine Operator,4681,,N
2024,"2021-662312",Commercial Mailing Machine Operator,4682,,N
2024,"2021-662313",Newspaper and Magazine Mailroom Machine Operator,4683,,N
2024,"2021-662314",Envelope Manufacturing Machine Operator,4684,,N
2024,"2021-662315",Coating Machine Operator,4685,,N
2024,"2021-662316",Foiling Machine Operator,4686,,N
2024,"2021-662317",Roll Label Rewind Machine Operator,4687,,N
2024,"2021-671101",Electrician,4688,,N
2024,"2021-671102",Electrical Installation Inspector,4689,,N
2024,"2021-671202",Millwright,4690,,N
2024,"2021-671203",Mechatronics Technician,4691,,N
2024,"2021-671204",Lift Mechanic,4692,,N
2024,"2021-671205",Weapon Systems Mechanic,4693,,N
2024,"2021-671206",Electrical Equipment Mechanic,4694,,N
2024,"2021-671207",Armature Winder,4695,,N
2024,"2021-671208",Transportation Electrician,4696,,N
2024,"2021-671301",Electrical Line Mechanic,4697,,N
2024,"2021-671302",Cable Jointer,4698,,N
2024,"2021-672101",Avionics Mechanician,4699,,N
2024,"2021-672102",Radar Mechanic,4700,,N
2024,"2021-672103",Business Machine Mechanic,4701,,N
2024,"2021-672104",Electronic Equipment Mechanician,4702,,N
2024,"2021-672105",Instrument Mechanician,4703,,N
2024,"2021-672107",Special Class Electrician,4704,,N
2024,"2021-672108",Radiotrician,4705,,N
2024,"2021-672201",Data and Telecommunications Cabler,4706,,N
2024,"2021-672202",Telecommunications Cable Jointer,4707,,N
2024,"2021-672203",Computer Engineering Mechanic / Service Person,4708,,N
2024,"2021-672204",Telecommunications Line Mechanic,4709,,N
2024,"2021-672205",Telecommunications Technician,4710,,N
2024,"2021-672206",Communications Operator,4711,,N
2024,"2021-681101",Slaughterer,4712,,N
2024,"2021-681102",Red Meat De-boner,4713,,N
2024,"2021-681103",Butcher,4714,,N
2024,"2021-681104",Fishmonger,4715,,N
2024,"2021-681105",Poultry Slaughterer,4716,,N
2024,"2021-681201",Confectionary Baker,4717,,N
2024,"2021-681202",Pastry Cook,4718,,N
2024,"2021-681203",Confectionery Maker,4719,,N
2024,"2021-681301",Dairyman,4720,,N
2024,"2021-681401",Fruit or Vegetable Preserver,4721,,N
2024,"2021-681402",Oil Expeller,4722,,N
2024,"2021-681403",Jam Maker,4723,,N
2024,"2021-681501",Cheese Grader / Tester,4724,,N
2024,"2021-681502",Food Taster / Grader,4725,,N
2024,"2021-681503",Tea Taster / Grader,4726,,N
2024,"2021-681504",Wine Taster / Grader,4727,,N
2024,"2021-681505",Fruit and Vegetable Grader / Classer,4728,,N
2024,"2021-681506",Livestock Product Analyst,4729,,N
2024,"2021-681601",Cigar Maker,4730,,N
2024,"2021-681602",Green Tobacco Storage Controller / Manager,4731,,N
2024,"2021-681603",Tobacco Processing Machine Operator,4732,,N
2024,"2021-682101",Wood Preparer and Treater,4733,,N
2024,"2021-682102",Plywood and Veneer Maker and Repairer,4734,,N
2024,"2021-682201",Cabinet Maker,4735,,N
2024,"2021-682203",Wood Model Maker,4736,,N
2024,"2021-682301",Furniture Finisher,4737,,N
2024,"2021-682302",Picture Framer,4738,,N
2024,"2021-682303",Wood Machinist,4739,,N
2024,"2021-682304",Wood Turner,4740,,N
2024,"2021-682305",Cooper,4741,,N
2024,"2021-683101",Tailor,4742,,N
2024,"2021-683102",Furrier,4743,,N
2024,"2021-683103",Hat Maker,4744,,N
2024,"2021-683104",Wig Maker,4745,,N
2024,"2021-683201","Clothing, Home Textiles and General Goods Cutter",4746,,N
2024,"2021-683202",Apparel and related pattern maker,4747,,N
2024,"2021-683301",Canvas Goods Maker,4748,,N
2024,"2021-683302",Sail Maker,4749,,N
2024,"2021-683303",Textile Produce Mender and Embroiderer,4750,,N
2024,"2021-683401",Upholsterer,4751,,N
2024,"2021-683402",Bed Maker,4752,,N
2024,"2021-683501",Fellmonger,4753,,N
2024,"2021-683502",Tanner,4754,,N
2024,"2021-683503",Pelt Grader,4755,,N
2024,"2021-683601",Shoemaker,4756,,N
2024,"2021-684101",Diver,4757,,N
2024,"2021-684201", Mining Blaster,4758,,N
2024,"2021-684202",Blaster,4759,,N
2024,"2021-684301",Crop Produce Analyst,4760,,N
2024,"2021-684302",Tobacco Grader,4761,,N
2024,"2021-684303",Cotton Grader,4762,,N
2024,"2021-684304",Wool Classer / Grader,4763,,N
2024,"2021-684305",Quality Controller (Manufacturing),4764,,N
2024,"2021-684401",Pest or Weed Controller,4765,,N
2024,"2021-684901","Textile, Clothing, Footwear and Leather Processing Machine Mechanic",4766,,N
2024,"2021-684902",Farrier,4767,,N
2024,"2021-684904",Panelbeater,4768,,N
2024,"2021-684905",Vehicle Body Builder,4769,,N
2024,"2021-684906",Vehicle Trimmer,4770,,N
2024,"2021-684907",Boatbuilder and Repairer,4771,,N
2024,"2021-684908",Shipwright,4772,,N
2024,"2021-684909",Survival Equipment Fitter,4773,,N
2024,"2021-684910",Ammunition Fitter,4774,,N
2024,"2021-684911",Florist,4775,,N
2024,"2021-684912",Photographer's Assistant,4776,,N
2024,"2021-684913",Melter,4777,,N
2024,"2021-684914",Textile Machine Mechanic,4778,,N
2024,"2021-711101",Mining Operator,4779,,N
2024,"2021-711102",Shotcreter,4780,,N
2024,"2021-711201",Mineral Processing Plant Operator,4781,,N
2024,"2021-711202",Jewellery Processing and Finishing Machine Operator,4782,,N
2024,"2021-711203",Diamond Cutter and Polisher,4783,,N
2024,"2021-711204",Gemstone Cutter,4784,,N
2024,"2021-711205",Gemstone Machine Operator,4785,,N
2024,"2021-711301",Driller,4786,,N
2024,"2021-711302",Rock Drill Operator,4787,,N
2024,"2021-711401",Concrete Products Machine Operator,4788,,N
2024,"2021-711402","Glass, Clay and Stone Manufacturing Machine Setter and Minder",4789,,N
2024,"2021-711403",Plaster Machine Operator,4790,,N
2024,"2021-711404",Cement Production Plant Operator,4791,,N
2024,"2021-711405",Concrete Batching Plant Operator,4792,,N
2024,"2021-711406",Industrial Diamond Polishing Machine Operator,4793,,N
2024,"2021-712101",Metal Processing Plant Operator,4794,,N
2024,"2021-712102",Metal Manufacturing Machine Setter and Minder,4795,,N
2024,"2021-712103",Abrasive Wheel Maker,4796,,N
2024,"2021-712104",Brake Lining Maker,4797,,N
2024,"2021-712201",Electroplater,4798,,N
2024,"2021-713101",Chemical Production Machine Operator,4799,,N
2024,"2021-713201",Photographic Developer and Printer,4800,,N
2024,"2021-714101",Rubber Production Machine Operator,4801,,N
2024,"2021-714102",Rubber Manufacturing Machine Setter and Minder,4802,,N
2024,"2021-714201",Plastic Cablemaking Machine Operator,4803,,N
2024,"2021-714202",Plastic Compounding and Reclamation Machine Operator,4804,,N
2024,"2021-714203",Plastics Fabricator or Welder,4805,,N
2024,"2021-714204",Plastics Production Machine Operator (General),4806,,N
2024,"2021-714205",Reinforced Plastic and Composite Production Worker,4807,,N
2024,"2021-714206",Rotational Moulding Operator (Plastics),4808,,N
2024,"2021-714207",Thermoforming Machine Operator,4809,,N
2024,"2021-714208",Plastics Manufacturing Machine Minder,4810,,N
2024,"2021-714209",Reinforced Plastics and Composite Trades Worker,4811,,N
2024,"2021-714301",Paper Products Machine Operator,4812,,N
2024,"2021-715101",Fibre Preparation Production Machine Operator,4813,,N
2024,"2021-715102",Yarn Production Machine Operator,4814,,N
2024,"2021-715103",Man-made Fibre Production Machine Operator,4815,,N
2024,"2021-715201",Weaving Machine Operator,4816,,N
2024,"2021-715202",Warping Machine Operator,4817,,N
2024,"2021-715203",Braiding Machine Operator,4818,,N
2024,"2021-715204",Knitting Machine Operator,4819,,N
2024,"2021-715205",Non-woven Machine Operator,4820,,N
2024,"2021-715206",Textile Dry Finishing Machine Operator,4821,,N
2024,"2021-715301",Sewing Machine Operator,4822,,N
2024,"2021-715302","Clothing, Textile and Leather Goods Production Operator",4823,,N
2024,"2021-715401",Textile Wet Process Production Operator,4824,,N
2024,"2021-715501",Leather Processing Machine Operator,4825,,N
2024,"2021-715601",Footwear Cutting Production Machine Operator,4826,,N
2024,"2021-715602",Footwear Closing Production Machine Operator,4827,,N
2024,"2021-715603",Footwear Bottom Stock Production Machine Operator,4828,,N
2024,"2021-715604",Footwear Lasting Production Machine Operator,4829,,N
2024,"2021-715605",Footwear Finishing Production Machine Operator,4830,,N
2024,"2021-715701",Laundry and Dry Cleaning Machine Operator,4831,,N
2024,"2021-715901",Textile and Footwear Manufacturing Machine Minder,4832,,N
2024,"2021-716101",Fruit and Vegetable Processing Machine Operator,4833,,N
2024,"2021-716102",Distillery Process Machine Operator,4834,,N
2024,"2021-716103",Juice Extraction and Blending Process Machine Operator,4835,,N
2024,"2021-716104",Dairy Products Machine Operator,4836,,N
2024,"2021-716105",Bakery and Confectionary Products Machine Operator,4837,,N
2024,"2021-716106",Sugar Processing Machine Operator,4838,,N
2024,"2021-716107",Coffee and Tea Processing Machine Operator,4839,,N
2024,"2021-716108",Seed Processing Machine Operator,4840,,N
2024,"2021-716109",Milling Process Machine Operator,4841,,N
2024,"2021-716110",Tobacco Product Processing Machine Operator,4842,,N
2024,"2021-716111",Meat Processing Machine Operator,4843,,N
2024,"2021-716112",Seafood Processing Machine Operator,4844,,N
2024,"2021-716113",Grain Handling Operator,4845,,N
2024,"2021-716114",Sparkling Soft drink process machine operator,4846,,N
2024,"2021-716115",Wine processing machine operator,4847,,N
2024,"2021-716116","Cereals, snacks, pasta and condiments machine process operator",4848,,N
2024,"2021-716117",Brew house Process Machine Operator,4849,,N
2024,"2021-716118",Food and Beverage Process Operator,4850,,N
2024,"2021-717101",Wood and Paper Manufacturing Machine Minder,4851,,N
2024,"2021-717102",Paper and Pulp Mill Operator,4852,,N
2024,"2021-717201",Wood Processing Machine Operator,4853,,N
2024,"2021-718101",Clay Production Machine Operator,4854,,N
2024,"2021-718102",Glass Production Machine Operator,4855,,N
2024,"2021-718201",Boiler or Engine Operator,4856,,N
2024,"2021-718301",Labelling Machine Operator,4857,,N
2024,"2021-718302",Packing Machine Operator,4858,,N
2024,"2021-718303",Filling Line Operator,4859,,N
2024,"2021-718304",Packaging Manufacturing Machine Minder,4860,,N
2024,"2021-718901",Silicon Chip Production Machine Operator,4861,,N
2024,"2021-718902",Cable and Rope Splicing Machine Operator,4862,,N
2024,"2021-718903",Cable Manufacturing Machine Minder,4863,,N
2024,"2021-718904",Integrated Manufacturing Line Machine Setter,4864,,N
2024,"2021-718905",Engineering Production Systems Worker,4865,,N
2024,"2021-718906",Bulk Materials Handling Plant Operator,4866,,N
2024,"2021-718907",Weighbridge Operator,4867,,N
2024,"2021-718908",Car Compactor Operator,4868,,N
2024,"2021-718909",Lighthouse Keeper,4869,,N
2024,"2021-718910",Lock Master (Water Transport),4870,,N
2024,"2021-718911",Snow Maker,4871,,N
2024,"2021-718912",Wash Plant Operator,4872,,N
2024,"2021-718913",Motion Picture Projectionist,4873,,N
2024,"2021-718914",Sand Blaster,4874,,N
2024,"2021-718915",Venetian Blind Machine Operator,4875,,N
2024,"2021-721101",Machinery Assembler,4876,,N
2024,"2021-721201",Electrical and Electronic Equipment Assembler,4877,,N
2024,"2021-721901",Product Assembler,4878,,N
2024,"2021-731101",Train Driver,4879,,N
2024,"2021-731102",Tram Driver,4880,,N
2024,"2021-731201",Railway Signal Operator,4881,,N
2024,"2021-731202",Train Controller,4882,,N
2024,"2021-732101",Delivery Driver,4883,,N
2024,"2021-732102",Delivery Driver (Motorcycle),4884,,N
2024,"2021-732201",Chauffeur,4885,,N
2024,"2021-732202",Taxi Driver,4886,,N
2024,"2021-732203",Emergency Vehicle Drivers,4887,,N
2024,"2021-732204",Oversize Load Pilot / Escort,4888,,N
2024,"2021-733101",Bus Driver,4889,,N
2024,"2021-733102",Charter and Tour Bus Driver,4890,,N
2024,"2021-733103",Passenger Coach Driver,4891,,N
2024,"2021-733201",Truck Driver (General),4892,,N
2024,"2021-733202",Aircraft Refueller,4893,,N
2024,"2021-733203",Furniture Removalist,4894,,N
2024,"2021-733204",Tanker Driver,4895,,N
2024,"2021-733205",Tow Truck Driver,4896,,N
2024,"2021-733206",Armoured Personnel Carrier Operator,4897,,N
2024,"2021-733207",Snow Groomer,4898,,N
2024,"2021-733208",Mobile Mining Equipment Operator,4899,,N
2024,"2021-733209",Linemarker,4900,,N
2024,"2021-733210",Road Construction Plant Operator,4901,,N
2024,"2021-733211",Remotely Operated Vehicle (ROV) Pilot,4902,,N
2024,"2021-734101",Agricultural Mobile Plant (Equipment) Operator,4903,,N
2024,"2021-734102",Logging Plant Operator,4904,,N
2024,"2021-734201",Earthmoving Plant Operator (General),4905,,N
2024,"2021-734202",Backhoe Operator,4906,,N
2024,"2021-734203",Bulldozer Operator,4907,,N
2024,"2021-734204",Excavator Operator,4908,,N
2024,"2021-734205",Grader Operator,4909,,N
2024,"2021-734206",Loader Operator,4910,,N
2024,"2021-734207",Mulcher Operator,4911,,N
2024,"2021-734208",Tunnelling Machine Operator,4912,,N
2024,"2021-734209",Mobile Explosives Manufacturing Unit (MEMU) Operator,4913,,N
2024,"2021-734210",Scraper Operator,4914,,N
2024,"2021-734211",Dragline Operator,4915,,N
2024,"2021-734212",Railway Track Master,4916,,N
2024,"2021-734213",Road Roller Operator,4917,,N
2024,"2021-734214",Dump Truck Operator,4918,,N
2024,"2021-734301",Crane or Hoist Operator,4919,,N
2024,"2021-734302",Cable Ferry Operator,4920,,N
2024,"2021-734303",Dredge Operator,4921,,N
2024,"2021-734401",Lift Operator,4922,,N
2024,"2021-734402",Forklift Driver,4923,,N
2024,"2021-734403",Straddle Carrier Operator,4924,,N
2024,"2021-735101",Deck Hand,4925,,N
2024,"2021-735102",Jetty Operator,4926,,N
2024,"2021-811101",Domestic Cleaner,4927,,N
2024,"2021-811201",Commercial Cleaner,4928,,N
2024,"2021-811202",Healthcare Cleaner,4929,,N
2024,"2021-811203",Tea Attendant,4930,,N
2024,"2021-811204",Caretaker / cleaner,4931,,N
2024,"2021-812101",Laundry Worker (General),4932,,N
2024,"2021-812103",Ironer or Presser,4933,,N
2024,"2021-812104",Carpet Cleaner,4934,,N
2024,"2021-812201",Vehicle Detailer (Valet Servicer),4935,,N
2024,"2021-812301",Window Cleaner,4936,,N
2024,"2021-812901",Septic Tank Cleaner,4937,,N
2024,"2021-812902",Swimming Pool Cleaner,4938,,N
2024,"2021-812903",Washroom Attendant,4939,,N
2024,"2021-812904",Sterilisation Technician,4940,,N
2024,"2021-821101",Crop Production Farm Worker / Assistant,4941,,N
2024,"2021-821102",Irrigationist,4942,,N
2024,"2021-821103",Scout,4943,,N
2024,"2021-821104",Harvester / Picker,4944,,N
2024,"2021-821105",Pruner,4945,,N
2024,"2021-821201",Livestock Farm Worker / Assistant,4946,,N
2024,"2021-821202",Insect Farm Worker / Assistant,4947,,N
2024,"2021-821203",Game Farm Worker / Assistant,4948,,N
2024,"2021-821204","Poultry, Ratites or Avian Farm Worker / Assistant",4949,,N
2024,"2021-821205",Wool Handler,4950,,N
2024,"2021-821301",Mixed Crop and Livestock Farm Worker / Assistant,4951,,N
2024,"2021-821401",Garden Workers,4952,,N
2024,"2021-821402",Ornamental Horticultural or Nursery Assistant,4953,,N
2024,"2021-821403",Indoor Plant Worker,4954,,N
2024,"2021-821501",Forestry Worker,4955,,N
2024,"2021-821502",Logging Assistant,4956,,N
2024,"2021-821601",Fishing Hand,4957,,N
2024,"2021-821602",Aquaculture Farm Worker / Assistant,4958,,N
2024,"2021-831101",Mining Worker ,4959,,N
2024,"2021-831102",Driller's Assistant,4960,,N
2024,"2021-831103",Mineral Beneficiation Plant Worker,4961,,N
2024,"2021-831104",Mining Spotter Controller,4962,,N
2024,"2021-831301",Builder's Worker,4963,,N
2024,"2021-831302","Drainage, Sewerage and Storm Water Worker",4964,,N
2024,"2021-831303",Earthmoving Worker,4965,,N
2024,"2021-831304",Plumber's Assistant,4966,,N
2024,"2021-831305",Cement and Concrete Plant Worker,4967,,N
2024,"2021-831306",Paving and Surfacing Worker,4968,,N
2024,"2021-831307",Railway Track Worker,4969,,N
2024,"2021-831308",Crane Chaser,4970,,N
2024,"2021-831309",Lagger,4971,,N
2024,"2021-831310",Surveyor's Assistant,4972,,N
2024,"2021-831311",Fencer,4973,,N
2024,"2021-831312",Sign Erector,4974,,N
2024,"2021-831313",Water Process Worker,4975,,N
2024,"2021-832101",Packer (Non Perishable Products),4976,,N
2024,"2021-832102",Meat Packer,4977,,N
2024,"2021-832103",Fish or Seafood Packer,4978,,N
2024,"2021-832104",Cheese Packer,4979,,N
2024,"2021-832901",Metal Engineering Process Worker,4980,,N
2024,"2021-832902","Plastics, Composites and Rubber Factory Worker",4981,,N
2024,"2021-832903",Timber and Wood Process Worker,4982,,N
2024,"2021-832904",Food and Beverage Factory Worker,4983,,N
2024,"2021-832905",Footwear and Leather Factory Worker,4984,,N
2024,"2021-832906",Glass Processing Worker,4985,,N
2024,"2021-832907",Chemical Plant Worker,4986,,N
2024,"2021-832908",Clay Processing Factory Worker,4987,,N
2024,"2021-832909","Textile, Clothing and Footwear Factory Worker",4988,,N
2024,"2021-832910",Component Fitter,4989,,N
2024,"2021-833301",Freight Handler (Rail or Road),4990,,N
2024,"2021-833302",Truck Driver's Offsider,4991,,N
2024,"2021-833303",Waterside Worker,4992,,N
2024,"2021-833304",Airline Ground Crew,4993,,N
2024,"2021-833401",Shelf Filler,4994,,N
2024,"2021-833402",Store Person,4995,,N
2024,"2021-841101",Fast Food Cook,4996,,N
2024,"2021-841201",Kitchenhand,4997,,N
2024,"2021-841202",Food Trade Assistant,4998,,N
2024,"2021-851101",Car Park Attendant,4999,,N
2024,"2021-851102",Leaflet or Newspaper Deliverer,5000,,N
2024,"2021-852101",Street Vendor,5001,,N
2024,"2021-861101",Recycling or Rubbish Collector,5002,,N
2024,"2021-861201",Refuse Sorter,5003,,N
2024,"2021-861202",Waste Material Sorter and Classifier,5004,,N
2024,"2021-861301",Street Sweeper Operator,5005,,N
2024,"2021-862101",Busser,5006,,N
2024,"2021-862102",Luggage Porter,5007,,N
2024,"2021-862103",Cloak Room Attendant,5008,,N
2024,"2021-862104",Hotel Cellar Hand,5009,,N
2024,"2021-862201",Home Improvement Installer,5010,,N
2024,"2021-862202",Handyperson,5011,,N
2024,"2021-862301",Meter Reader,5012,,N
2024,"2021-862302",Vending Machine Attendant,5013,,N
2024,"2021-862913",Event Assistant,5014,,N
2024,"2021-862914",Sheltered Workshop Worker,5015,,N
2024,"2021-862915",Chemical Mixer,5016,,N
2024,"2021-862916",Farm Maintenance Worker,5017,,N
2024,"2021-862917",Crossing Supervisor,5018,,N
2024,"2021-862918",Electrical or Telecommunications Trades Assistant,5019,,N
2024,"2021-862919",Mechanic Trade Assistant,5020,,N
2024,"2021-862920",Railways Assistant,5021,,N
2024,"2021-862922",Electronics and Telecommunications Trades Assistant,5022,,N
2024,"2021-862923",Trolley Collector,5023,,N
2024,"2021-862924",Stage or Studio Hand,5024,,N
2024,"2021-862925",Caddie,5025,,N
2024,"2021-862926",Ticket Collector,5026,,N
2024,"2021-862927",Borehole Pump Operator ,5027,,N
2024,"2021-000000",No Mapping,5028,,N
2024,"2021-235205",Adult Education Teacher,5029,,N
2024,"2021-900000",Learner,5030,,N
2025,"2021-111101",Local or Provincial Government Legislator,5031,,N
2025,"2021-111102",Parliamentarian,5032,,N
2025,"2021-111201",Defence Force Senior Officer,5033,,N
2025,"2021-111202",General Manager Public Service,5034,,N
2025,"2021-111203",Local Authority Manager,5035,,N
2025,"2021-111204",Senior Government Official,5036,,N
2025,"2021-111205",Senior Police Officer,5037,,N
2025,"2021-111206",Ombudsperson,5038,,N
2025,"2021-111207",Senior Government Manager,5039,,N
2025,"2021-111301",Traditional Leader,5040,,N
2025,"2021-111401",Elected Official,5041,,N
2025,"2021-111402",Trade Union Representative,5042,,N
2025,"2021-111403",Political Party Representative,5043,,N
2025,"2021-112101",Director (Enterprise / Organisation),5044,,N
2025,"2021-121101",Finance Manager,5045,,N
2025,"2021-121102",Payroll Manager,5046,,N
2025,"2021-121103",Credit Manager,5047,,N
2025,"2021-121104",Internal Audit Manager,5048,,N
2025,"2021-121201",Human Resource Manager,5049,,N
2025,"2021-121202",Business Training Manager,5050,,N
2025,"2021-121203",Compensation and Benefits Manager,5051,,N
2025,"2021-121204",Recruitment Manager,5052,,N
2025,"2021-121205",Employee Wellness Manager,5053,,N
2025,"2021-121206",Health and Safety Manager,5054,,N
2025,"2021-121207",Personnel Manager,5055,,N
2025,"2021-121301",Policy and Planning Manager,5056,,N
2025,"2021-121901",Corporate General Manager,5057,,N
2025,"2021-121902",Corporate Services Manager,5058,,N
2025,"2021-121903",Physical Asset Manager,5059,,N
2025,"2021-121904",Contract Manager,5060,,N
2025,"2021-121905",Programme or Project Manager,5061,,N
2025,"2021-121906",Franchise Manager,5062,,N
2025,"2021-121908",Quality Systems Manager,5063,,N
2025,"2021-121909",Sustainability Manager,5064,,N
2025,"2021-121910",Water Asset Manager,5065,,N
2025,"2021-122101",Sales and Marketing Manager,5066,,N
2025,"2021-122102",Sales Manager,5067,,N
2025,"2021-122103",Director of Marketing,5068,,N
2025,"2021-122104",Interactive and Direct Marketing Strategist,5069,,N
2025,"2021-122105",Customer Service Manager,5070,,N
2025,"2021-122201",Advertising and Public Relations Manager,5071,,N
2025,"2021-122301",Research and Development Manager,5072,,N
2025,"2021-131101",Agricultural Farm Manager,5073,,N
2025,"2021-131102",Forestry Operations Manager ,5074,,N
2025,"2021-131103",Forestry Operations Supervisor,5075,,N
2025,"2021-131201",Aquaculture Farm Manager,5076,,N
2025,"2021-132101",Manufacturer,5077,,N
2025,"2021-132102",Manufacturing Operations Manager,5078,,N
2025,"2021-132104",Engineering Manager,5079,,N
2025,"2021-132105",Power Generation Operations Manager,5080,,N
2025,"2021-132106",Manufacturing Quality Manager,5081,,N
2025,"2021-132107",Quality Manager,5082,,N
2025,"2021-132108",Metrologist,5083,,N
2025,"2021-132109",Quality Systems Auditor,5084,,N
2025,"2021-132201",Mining Manager,5085,,N
2025,"2021-132202",Mineral Resources Manager,5086,,N
2025,"2021-132203",Rock Engineering Manager,5087,,N
2025,"2021-132301",Construction Project Manager,5088,,N
2025,"2021-132302",Project Builder,5089,,N
2025,"2021-132401",Supply and Distribution Manager,5090,,N
2025,"2021-132402",Logistics Manager,5091,,N
2025,"2021-132403",Road Transport Manager,5092,,N
2025,"2021-132404",Warehouse Manager,5093,,N
2025,"2021-132405",Fleet Manager,5094,,N
2025,"2021-132406",Railway Station Manager,5095,,N
2025,"2021-132407",Airport or Harbour Manager,5096,,N
2025,"2021-132408",Grain Depot Manager,5097,,N
2025,"2021-132409",Fuel Manager,5098,,N
2025,"2021-132410",Maritime Search and Rescue Mission Coordinator,5099,,N
2025,"2021-133101",Chief Information Officer,5100,,N
2025,"2021-133102",ICT Project Manager,5101,,N
2025,"2021-133103",Data Management Manager,5102,,N
2025,"2021-133104",Application Development Manager,5103,,N
2025,"2021-133105",Information Technology Manager,5104,,N
2025,"2021-133106",Information Systems Director,5105,,N
2025,"2021-134101",Child Care Centre Manager,5106,,N
2025,"2021-134201",Medical Superintendent,5107,,N
2025,"2021-134202",Nursing Clinical Director,5108,,N
2025,"2021-134203",Primary Health Care Manager,5109,,N
2025,"2021-134204",Secondary Health Services Manager,5110,,N
2025,"2021-134205",Health Service Specialised Clinic Manager,5111,,N
2025,"2021-134206",Sport Science Manager,5112,,N
2025,"2021-134207",Community Health Manager,5113,,N
2025,"2021-134301",Special Care Accommodation Manager,5114,,N
2025,"2021-134401",Social Services Manager,5115,,N
2025,"2021-134402",Community Development Manager,5116,,N
2025,"2021-134403",Child and Youth Care Manager,5117,,N
2025,"2021-134501",School Principal,5118,,N
2025,"2021-134502",College Principal,5119,,N
2025,"2021-134503",Faculty Head,5120,,N
2025,"2021-134504",District Education Manager,5121,,N
2025,"2021-134505",Educational Rector,5122,,N
2025,"2021-134506",Educational Registrar,5123,,N
2025,"2021-134507",Departmental Head,5124,,N
2025,"2021-134601",Bank Manager,5125,,N
2025,"2021-134602",Credit Bureau Manager,5126,,N
2025,"2021-134603",Financial Markets Business Manager,5127,,N
2025,"2021-134701",Military Manager,5128,,N
2025,"2021-134702",Military Commander,5129,,N
2025,"2021-134703",Military Warrant Officer,5130,,N
2025,"2021-134901",Environmental Manager,5131,,N
2025,"2021-134902",Laboratory Manager,5132,,N
2025,"2021-134903",Small Business Manager,5133,,N
2025,"2021-134904",Office Manager,5134,,N
2025,"2021-134905",Judicial Court Manager,5135,,N
2025,"2021-134906",Practice Manager,5136,,N
2025,"2021-134907",Archives Manager,5137,,N
2025,"2021-134908",Library Manager,5138,,N
2025,"2021-134909",Museum Manager,5139,,N
2025,"2021-134911",Insurance Policy Administration Manager,5140,,N
2025,"2021-134912",Commissioned Fire and Rescue Officer,5141,,N
2025,"2021-134913",Commissioned Police Officer,5142,,N
2025,"2021-134914",Correctional Services Manager,5143,,N
2025,"2021-134915",Non Manufacturing Operations Manager,5144,,N
2025,"2021-134916",Non Manufacturing Operations Foreman,5145,,N
2025,"2021-134917",Publisher,5146,,N
2025,"2021-134918",Water production and Supply Manager,5147,,N
2025,"2021-134919",Traffic and Law Enforcement Manager,5148,,N
2025,"2021-134920",Community Correctional Manager,5149,,N
2025,"2021-134921",Disaster Management Manager ,5150,,N
2025,"2021-141101",Hotel or Motel Manager,5151,,N
2025,"2021-141102",Guest House Manager,5152,,N
2025,"2021-141103",Reception Manager,5153,,N
2025,"2021-141201",Café (Licensed) or Restaurant Manager,5154,,N
2025,"2021-141202",Licensed Club Manager,5155,,N
2025,"2021-141203",Catering Production Manager,5156,,N
2025,"2021-141204",Reservations Manager,5157,,N
2025,"2021-142101",Importer or Exporter,5158,,N
2025,"2021-142102",Wholesaler,5159,,N
2025,"2021-142103",Retail General Manager,5160,,N
2025,"2021-142104",Post Office Manager,5161,,N
2025,"2021-143101",Betting Agency Manager,5162,,N
2025,"2021-143102",Gaming Manager,5163,,N
2025,"2021-143103",Cinema or Theatre Manager,5164,,N
2025,"2021-143104",Arts / Culture Manager,5165,,N
2025,"2021-143105",Sports Administrator,5166,,N
2025,"2021-143106",Amusement Centre Manager,5167,,N
2025,"2021-143107",Fitness Centre Manager,5168,,N
2025,"2021-143108",Facility Centre Manager,5169,,N
2025,"2021-143109",Club Membership Manager,5170,,N
2025,"2021-143901",Facilities Manager,5171,,N
2025,"2021-143902",Cleaning Services Manager,5172,,N
2025,"2021-143903",Boarding Kennel or Cattery Manager,5173,,N
2025,"2021-143904",Security Services Manager,5174,,N
2025,"2021-143905",Call or Contact Centre Manager,5175,,N
2025,"2021-143906",Caravan Park and Camping Ground Manager,5176,,N
2025,"2021-143907",Dockmaster,5177,,N
2025,"2021-143908",Travel Accommodation Inspector,5178,,N
2025,"2021-143909",Travel Agency Manager,5179,,N
2025,"2021-211101",Physicist,5180,,N
2025,"2021-211201",Meteorologist,5181,,N
2025,"2021-211205",Climate Change Scientist,5182,,N
2025,"2021-211301",Chemist,5183,,N
2025,"2021-211302",Manufacturing Research Chemist,5184,,N
2025,"2021-211401",Geologist,5185,,N
2025,"2021-211402",Geophysicist,5186,,N
2025,"2021-211403",Materials Scientist,5187,,N
2025,"2021-211404",Gemologist,5188,,N
2025,"2021-211405",Mineralogist,5189,,N
2025,"2021-211406",Hydrologist,5190,,N
2025,"2021-211407",Oceanographer,5191,,N
2025,"2021-212101",Actuary,5192,,N
2025,"2021-212102",Mathematician,5193,,N
2025,"2021-212103",Statistician,5194,,N
2025,"2021-213101",Animal Behaviourist,5195,,N
2025,"2021-213102",General Biologist,5196,,N
2025,"2021-213103",Anatomist or Physiologist,5197,,N
2025,"2021-213104",Biochemist,5198,,N
2025,"2021-213105",Biotechnologist,5199,,N
2025,"2021-213106",Botanist,5200,,N
2025,"2021-213107",Marine Biologist,5201,,N
2025,"2021-213108",Microbiologist,5202,,N
2025,"2021-213109",Zoologist,5203,,N
2025,"2021-213110",Medical Scientist,5204,,N
2025,"2021-213111",Pharmaceutical Physician,5205,,N
2025,"2021-213201",Agriculture Consultant,5206,,N
2025,"2021-213202",Agricultural Scientist,5207,,N
2025,"2021-213203",Forest Scientist,5208,,N
2025,"2021-213204",Wine Maker,5209,,N
2025,"2021-213205",Food and Beverage Scientist,5210,,N
2025,"2021-213301",Conservation Scientist,5211,,N
2025,"2021-213302",Environmental Scientist,5212,,N
2025,"2021-213304",Earth and Soil Scientist,5213,,N
2025,"2021-213305",Air Quality Analyst,5214,,N
2025,"2021-213306",Water Quality Analyst,5215,,N
2025,"2021-213307",Park Ranger,5216,,N
2025,"2021-213308",Brownfield Redevelopment Specialist,5217,,N
2025,"2021-213309",Toxicologist,5218,,N
2025,"2021-213310",Biodiversity Planner ,5219,,N
2025,"2021-214101",Industrial Engineer,5220,,N
2025,"2021-214102",Industrial Engineering Technologist,5221,,N
2025,"2021-214103",Production Engineer,5222,,N
2025,"2021-214104",Production Engineering Technologist,5223,,N
2025,"2021-214105",Energy Efficiency Manager,5224,,N
2025,"2021-214201",Civil Engineer,5225,,N
2025,"2021-214202",Civil Engineering Technologist,5226,,N
2025,"2021-214301",Environmental Engineer,5227,,N
2025,"2021-214302",Environmental Impact and Restoration Analyst,5228,,N
2025,"2021-214401",Mechanical Engineer,5229,,N
2025,"2021-214402",Mechanical Engineering Technologist,5230,,N
2025,"2021-214403",Aeronautical Engineer,5231,,N
2025,"2021-214404",Aeronautical Engineering Technologist,5232,,N
2025,"2021-214405",Naval Architect,5233,,N
2025,"2021-214406",Marine Engineering Technologist,5234,,N
2025,"2021-214407",Defence Industry Armament Engineer,5235,,N
2025,"2021-214408",Defence Industry Armament Engineering Technologist,5236,,N
2025,"2021-214501",Chemical Engineer,5237,,N
2025,"2021-214502",Chemical Engineering Technologist,5238,,N
2025,"2021-214503",Explosives and Dangerous Goods Inspector,5239,,N
2025,"2021-214601",Mining Engineer ,5240,,N
2025,"2021-214602",Mining Engineering Technologist,5241,,N
2025,"2021-214603",Metallurgical Engineer,5242,,N
2025,"2021-214604",Metallurgical Engineering Technologist,5243,,N
2025,"2021-214605",Metallurgist,5244,,N
2025,"2021-214607",Petroleum Engineer,5245,,N
2025,"2021-214901",Biomedical Engineer,5246,,N
2025,"2021-214902",Explosive Ordnance Engineer,5247,,N
2025,"2021-214903",Marine Salvage Engineer,5248,,N
2025,"2021-214904",Quantity Surveyor,5249,,N
2025,"2021-214905",Agricultural Engineer,5250,,N
2025,"2021-214906",Agricultural Engineering Technologist,5251,,N
2025,"2021-214907",Materials Engineer,5252,,N
2025,"2021-214908",Materials Engineering Technologist,5253,,N
2025,"2021-214909",Microsystems Engineers,5254,,N
2025,"2021-215101",Electrical Engineer,5255,,N
2025,"2021-215102",Electrical Engineering Technologist,5256,,N
2025,"2021-215103",Energy Engineer,5257,,N
2025,"2021-215104",Energy Engineering Technologist,5258,,N
2025,"2021-215201",Electronics Engineer,5259,,N
2025,"2021-215202",Electronics Engineering Technologist,5260,,N
2025,"2021-215301",Telecommunications Engineer,5261,,N
2025,"2021-215302",Telecommunications Engineering Technologist,5262,,N
2025,"2021-215303",Telecommunications Network Engineer,5263,,N
2025,"2021-215304",Telecommunications Field Engineer,5264,,N
2025,"2021-216101",Architect,5265,,N
2025,"2021-216201",Landscape Architect,5266,,N
2025,"2021-216301",Fashion Designer,5267,,N
2025,"2021-216302",Industrial Designer,5268,,N
2025,"2021-216303",Jewellery Designer,5269,,N
2025,"2021-216304",Footwear Designer,5270,,N
2025,"2021-216401",Urban and Regional Planner,5271,,N
2025,"2021-216402",Transport Analyst,5272,,N
2025,"2021-216403",Marine Spatial Planner,5273,,N
2025,"2021-216501",Cartographer,5274,,N
2025,"2021-216502",Surveyor,5275,,N
2025,"2021-216601",Digital Artist,5276,,N
2025,"2021-216602",Illustrator,5277,,N
2025,"2021-216603",Multimedia Designer,5278,,N
2025,"2021-216604",Web Designer,5279,,N
2025,"2021-221101",General Medical Practitioner,5280,,N
2025,"2021-221102",Resident Medical Officer,5281,,N
2025,"2021-221103",Public Health Physician,5282,,N
2025,"2021-221201",Anaesthetist,5283,,N
2025,"2021-221202",Cardiologist,5284,,N
2025,"2021-221203",Emergency Medicine Specialist,5285,,N
2025,"2021-221204",Obstetrician and Gynaecologist,5286,,N
2025,"2021-221205",Ophthalmologist,5287,,N
2025,"2021-221206",Paediatrician,5288,,N
2025,"2021-221207",Pathologist,5289,,N
2025,"2021-221208",Psychiatrist,5290,,N
2025,"2021-221209",Radiologist,5291,,N
2025,"2021-221210",General Medicine Specialist Physician,5292,,N
2025,"2021-221211",Surgeon,5293,,N
2025,"2021-221212",Forensic Pathologist,5294,,N
2025,"2021-221213",Radiation Oncologist,5295,,N
2025,"2021-221214",Nuclear Medicine Specialist,5296,,N
2025,"2021-221215",Family Physician,5297,,N
2025,"2021-221216",Neurologist,5298,,N
2025,"2021-221217",Clinical Pharmacologist,5299,,N
2025,"2021-221218",Medical Geneticist,5300,,N
2025,"2021-221219",Plastic and Reconstructive Surgeon,5301,,N
2025,"2021-221220",Urologist,5302,,N
2025,"2021-221221",Public Health Medicine Specialist,5303,,N
2025,"2021-221222",Public Health Occupational Medicine Specialist ,5304,,N
2025,"2021-221223",Paediatric Surgeon,5305,,N
2025,"2021-221224",Orthopaedic Surgeon,5306,,N
2025,"2021-221225",Neurosurgeon,5307,,N
2025,"2021-221226",Otorhinolaryngologist,5308,,N
2025,"2021-221227",Dermatologist,5309,,N
2025,"2021-222101",Clinical Nurse Practitioner,5310,,N
2025,"2021-222102",Aged Care Registered Nurse,5311,,N
2025,"2021-222103",Registered Nurse (Child and Family Health),5312,,N
2025,"2021-222104",Registered Nurse (Community Health),5313,,N
2025,"2021-222105",Registered Nurse (Critical Care and Emergency),5314,,N
2025,"2021-222106",Registered Nurse (Developmental Disability),5315,,N
2025,"2021-222107",Registered Nurse (Disability and Rehabilitation),5316,,N
2025,"2021-222108",Registered Nurse (Medical),5317,,N
2025,"2021-222109",Registered Nurse (Medical Practice),5318,,N
2025,"2021-222110",Registered Nurse (Mental Health),5319,,N
2025,"2021-222111",Registered Nurse (Operating theatre),5320,,N
2025,"2021-222112",Registered Nurse (Surgical),5321,,N
2025,"2021-222113",Paediatrics Nurse,5322,,N
2025,"2021-222114",Nurse Educator,5323,,N
2025,"2021-222115",Nurse Researcher,5324,,N
2025,"2021-222116",Nurse Manager,5325,,N
2025,"2021-222117",Midwife,5326,,N
2025,"2021-223101",Acupuncturist,5327,,N
2025,"2021-223102",Ayurvedic Practitioner,5328,,N
2025,"2021-223103",Homoeopath,5329,,N
2025,"2021-223104",Naturopath,5330,,N
2025,"2021-223105",Traditional African Medicine Practitioner,5331,,N
2025,"2021-223106",Traditional Chinese Medicine Practitioner,5332,,N
2025,"2021-223107",Phytotherapist,5333,,N
2025,"2021-224101",Paramedical Practitioner,5334,,N
2025,"2021-224102",Sports Scientist,5335,,N
2025,"2021-225101",Veterinarian,5336,,N
2025,"2021-225102",Veterinary Public Health Professional / Practitioner,5337,,N
2025,"2021-225103",Livestock Inspector,5338,,N
2025,"2021-226101",Dental Specialist,5339,,N
2025,"2021-226102",Dentist,5340,,N
2025,"2021-226201",Hospital Pharmacist,5341,,N
2025,"2021-226202",Industrial Pharmacist,5342,,N
2025,"2021-226203",Retail Pharmacist,5343,,N
2025,"2021-226204",Authorised Pharmacist Prescriber,5344,,N
2025,"2021-226301",Environmental Health Officer,5345,,N
2025,"2021-226302","Safety, Health, Environment and Quality (SHE&Q) Practitioner",5346,,N
2025,"2021-226303",Ergonomist,5347,,N
2025,"2021-226304",Food Inspector,5348,,N
2025,"2021-226401",Physiotherapist,5349,,N
2025,"2021-226501",Dietitian,5350,,N
2025,"2021-226502",Nutritionist,5351,,N
2025,"2021-226601",Audiologist,5352,,N
2025,"2021-226602",Speech Pathologist,5353,,N
2025,"2021-226603",Speech Therapist and Audiologist,5354,,N
2025,"2021-226604",Hearing Aid Acousticians,5355,,N
2025,"2021-226701",Optometrist,5356,,N
2025,"2021-226702",Orthoptist,5357,,N
2025,"2021-226901",Arts Therapist,5358,,N
2025,"2021-226902",Occupational Therapist,5359,,N
2025,"2021-226903",Podiatrist,5360,,N
2025,"2021-226904",Diversional Therapist,5361,,N
2025,"2021-226905",Biokineticist,5362,,N
2025,"2021-226906",Rheumatologist,5363,,N
2025,"2021-231101",University Lecturer,5364,,N
2025,"2021-231102",University Tutor,5365,,N
2025,"2021-232130",TVET Educator,5366,,N
2025,"2021-232131",Adult Education Teacher,5367,,N
2025,"2021-232132",College Lecturer,5368,,N
2025,"2021-233107",FET Phase School Teacher (Grades 10-12),5369,,N
2025,"2021-233108",Senior Phase School Teacher (Grades 7 - 9),5370,,N
2025,"2021-234101",Foundation Phase School Teacher,5371,,N
2025,"2021-234102",Intermediate Phase School Teacher (Grades 4-6),5372,,N
2025,"2021-234201",Early Childhood Development Practitioner,5373,,N
2025,"2021-235101",Education or Training Advisor,5374,,N
2025,"2021-235102",Education or Training Reviewer,5375,,N
2025,"2021-235201",Special Needs Teacher,5376,,N
2025,"2021-235401",Private Tuition Music Teacher,5377,,N
2025,"2021-235501",Private Tuition Art Teacher,5378,,N
2025,"2021-235502",Private Tuition Dance Teacher,5379,,N
2025,"2021-235503",Private Tuition Drama Teacher,5380,,N
2025,"2021-235601",ICT Trainer,5381,,N
2025,"2021-235901",Private Tuition Dressmaking Teacher,5382,,N
2025,"2021-235902",Private Tuition Handicrafts Teacher,5383,,N
2025,"2021-235903",School Laboratory Technician,5384,,N
2025,"2021-235904",Examination Supervisor,5385,,N
2025,"2021-241101",General Accountant,5386,,N
2025,"2021-241102",Management Accountant,5387,,N
2025,"2021-241103",Tax Professional,5388,,N
2025,"2021-241104",External Auditor,5389,,N
2025,"2021-241106",Accountant in Practice,5390,,N
2025,"2021-241107",Financial Accountant,5391,,N
2025,"2021-241108",Forensic Accountant,5392,,N
2025,"2021-241201",Investment Analyst,5393,,N
2025,"2021-241202",Investment Manager,5394,,N
2025,"2021-241203",Investment Advisor,5395,,N
2025,"2021-241204",Financial Markets Practitioner,5396,,N
2025,"2021-241205",Professional Principal Executive Officer,5397,,N
2025,"2021-241301",Financial Investment Advisor,5398,,N
2025,"2021-242101",Management Consultant,5399,,N
2025,"2021-242102",Organisation and Methods Analyst,5400,,N
2025,"2021-242103",Business Development Officer,5401,,N
2025,"2021-242104",AML Surveillance Analyst,5402,,N
2025,"2021-242201",Intelligence Officer,5403,,N
2025,"2021-242202",Policy Analyst,5404,,N
2025,"2021-242203",Company Secretary,5405,,N
2025,"2021-242204",Corporate Treasurer,5406,,N
2025,"2021-242207",Compliance Officer,5407,,N
2025,"2021-242208",Organisational Risk Manager,5408,,N
2025,"2021-242209",Accounting Officer,5409,,N
2025,"2021-242210",Business Administrator,5410,,N
2025,"2021-242211",Internal Auditor,5411,,N
2025,"2021-242212",Diplomat ,5412,,N
2025,"2021-242213",Regulatory Affairs Officer,5413,,N
2025,"2021-242214",Intellectual Property Special Advisor,5414,,N
2025,"2021-242215",Fraud Examiner,5415,,N
2025,"2021-242301",Career Development Practitioner,5416,,N
2025,"2021-242302",Skills Development Practitioner,5417,,N
2025,"2021-242303",Human Resource Advisor,5418,,N
2025,"2021-242304",Industrial Relations Advisor,5419,,N
2025,"2021-242305",Occupational Analyst,5420,,N
2025,"2021-242306",Labour Market Analyst,5421,,N
2025,"2021-242307",Recreation Officer,5422,,N
2025,"2021-242401",Training and Development Professional,5423,,N
2025,"2021-242402",Occupational Instructor ,5424,,N
2025,"2021-242403",Assessment Practitioner,5425,,N
2025,"2021-242404",Student Support Service Officer,5426,,N
2025,"2021-243101",Advertising Specialist,5427,,N
2025,"2021-243102",Market Research Analyst,5428,,N
2025,"2021-243103",Marketing Practitioner,5429,,N
2025,"2021-243104",Market Campaign Analyst,5430,,N
2025,"2021-243201",Communication Coordinator,5431,,N
2025,"2021-243202",Communication Strategist,5432,,N
2025,"2021-243203",Corporate Communication Manager,5433,,N
2025,"2021-243204",Event Producer,5434,,N
2025,"2021-243301",Industrial Products Sales Representative ,5435,,N
2025,"2021-243302",Medical and Pharmaceutical Products Sales Representative ,5436,,N
2025,"2021-243303",Educational Products and Services Sales Representative ,5437,,N
2025,"2021-243304",Printing and Publishing Equipment Sales Representative,5438,,N
2025,"2021-243401",ICT Account Manager,5439,,N
2025,"2021-243402",ICT Business Development Manager,5440,,N
2025,"2021-243403",ICT Sales Representative,5441,,N
2025,"2021-251101",ICT Systems Analyst,5442,,N
2025,"2021-251102",Data Scientist ,5443,,N
2025,"2021-251201",Software Developer,5444,,N
2025,"2021-251202",Programmer Analyst,5445,,N
2025,"2021-251203",Developer Programmer,5446,,N
2025,"2021-251301",Multimedia Specialist,5447,,N
2025,"2021-251302",Web Developer,5448,,N
2025,"2021-251401",Applications Programmer,5449,,N
2025,"2021-251901",Computers Quality Assurance Analyst,5450,,N
2025,"2021-252101",Database Designer and Administrator,5451,,N
2025,"2021-252201",Systems Administrator,5452,,N
2025,"2021-252301",Computer Network and Systems Engineer,5453,,N
2025,"2021-252302",Network Analyst,5454,,N
2025,"2021-252303",`Transmission Engineer,5455,,N
2025,"2021-252901",ICT Security Specialist,5456,,N
2025,"2021-252902",Technical ICT Support Services Manager,5457,,N
2025,"2021-261101",Attorney,5458,,N
2025,"2021-261102",Administrative Lawyer,5459,,N
2025,"2021-261103",Patent Attorney,5460,,N
2025,"2021-261104",Trade Mark Attorney,5461,,N
2025,"2021-261105",Tribunal Member,5462,,N
2025,"2021-261106",Advocate,5463,,N
2025,"2021-261107",Legal Manager,5464,,N
2025,"2021-261201",Judge,5465,,N
2025,"2021-261202",Magistrate,5466,,N
2025,"2021-261901",Adjudicator,5467,,N
2025,"2021-261902",Legislation Facilitator,5468,,N
2025,"2021-261903",Master of The Court,5469,,N
2025,"2021-261904",Family Court Registrar,5470,,N
2025,"2021-261905",Notary,5471,,N
2025,"2021-262101",Archivist,5472,,N
2025,"2021-262102",Gallery or Museum Curator,5473,,N
2025,"2021-262103",Conservator,5474,,N
2025,"2021-262201",Librarian,5475,,N
2025,"2021-262202",Information Services Manager,5476,,N
2025,"2021-263101",Economist,5477,,N
2025,"2021-263102",Economic Reasearch Manager,5478,,N
2025,"2021-263201",Anthropologist,5479,,N
2025,"2021-263202",Archaeologist,5480,,N
2025,"2021-263203",Geographer,5481,,N
2025,"2021-263204",Sociologist,5482,,N
2025,"2021-263205",Criminologist,5483,,N
2025,"2021-263206",Heritage Consultant,5484,,N
2025,"2021-263301",Genealogist,5485,,N
2025,"2021-263302",Historian,5486,,N
2025,"2021-263303",Prehistorian,5487,,N
2025,"2021-263304",Political Scientist,5488,,N
2025,"2021-263401",Clinical Psychologist,5489,,N
2025,"2021-263402",Educational Psychologist,5490,,N
2025,"2021-263403",Organisational Psychologist,5491,,N
2025,"2021-263404",Psychotherapist,5492,,N
2025,"2021-263405",Research Psychologist,5493,,N
2025,"2021-263406",Sport Psychologist,5494,,N
2025,"2021-263407",Counselling Psychologist,5495,,N
2025,"2021-263408",Community Psychologist,5496,,N
2025,"2021-263409",Psychometrician,5497,,N
2025,"2021-263501",Social Counselling Worker,5498,,N
2025,"2021-263502",Addictions Counsellor,5499,,N
2025,"2021-263503",Marriage and Family Counsellor,5500,,N
2025,"2021-263504",Rehabilitation Counsellor,5501,,N
2025,"2021-263505",Student Counsellor,5502,,N
2025,"2021-263506",Probation Social Worker,5503,,N
2025,"2021-263507",Adoption Social Worker,5504,,N
2025,"2021-263508",Child and Youth Care Worker,5505,,N
2025,"2021-263509",Parole Board Member,5506,,N
2025,"2021-263510",Employee Wellness Practitioner,5507,,N
2025,"2021-263511",Career Councillor,5508,,N
2025,"2021-263512",Community Development Practitioner,5509,,N
2025,"2021-263601",Minister of Religion,5510,,N
2025,"2021-264101",Author,5511,,N
2025,"2021-264102",Book or Script Editor,5512,,N
2025,"2021-264103",Technical Writer,5513,,N
2025,"2021-264201",Copywriter,5514,,N
2025,"2021-264202", Editor,5515,,N
2025,"2021-264203",Journalist,5516,,N
2025,"2021-264204",Radio Journalist,5517,,N
2025,"2021-264205",Content Presenter,5518,,N
2025,"2021-264206",Critic,5519,,N
2025,"2021-264301",Interpreter,5520,,N
2025,"2021-264302",Translator,5521,,N
2025,"2021-264303",Linguist,5522,,N
2025,"2021-265101",Painter (Visual Arts),5523,,N
2025,"2021-265102",Potter or Ceramic,5524,,N
2025,"2021-265103",Sculptor,5525,,N
2025,"2021-265104",Ephemeral Artist,5526,,N
2025,"2021-265201",Composer,5527,,N
2025,"2021-265202",Music Director,5528,,N
2025,"2021-265203",Musician (Instrumental),5529,,N
2025,"2021-265204",Singer,5530,,N
2025,"2021-265205",Music Researcher,5531,,N
2025,"2021-265206",Music Copyist,5532,,N
2025,"2021-265301",Dancer or Choreographer,5533,,N
2025,"2021-265401","Director (Film, Television, Radio or Stage)",5534,,N
2025,"2021-265402",Director of Photography,5535,,N
2025,"2021-265403",Film and Video Editor,5536,,N
2025,"2021-265404",Program Director (Television or Radio),5537,,N
2025,"2021-265405",Technical Director,5538,,N
2025,"2021-265406",Video Producer,5539,,N
2025,"2021-265407",Police Video Unit Manager and Producer,5540,,N
2025,"2021-265408",Casting Director,5541,,N
2025,"2021-265409",Film and Television Production Manager,5542,,N
2025,"2021-265410",Radio or Television Programme Organiser,5543,,N
2025,"2021-265411",Location Manager (Film or Television),5544,,N
2025,"2021-265412",Media Producer,5545,,N
2025,"2021-265501",Actor,5546,,N
2025,"2021-265601",Radio Presenter,5547,,N
2025,"2021-265602",Television Presenter,5548,,N
2025,"2021-265901",Entertainer or Variety Artist,5549,,N
2025,"2021-265902",Hypnotist,5550,,N
2025,"2021-265903",Public Speaker,5551,,N
2025,"2021-265904",Community Arts Worker,5552,,N
2025,"2021-311101",Chemistry Technician,5553,,N
2025,"2021-311102",Physical Science Technician,5554,,N
2025,"2021-311103",Fragrance Evaluators/ flavourists,5555,,N
2025,"2021-311104",Radiation Control/ Nuclear Monitoring Technician,5556,,N
2025,"2021-311201",Civil Engineering Technician,5557,,N
2025,"2021-311202",Surveying or Cartographic Technician,5558,,N
2025,"2021-311203",Town Planning Technician,5559,,N
2025,"2021-311217",Water Control Officer,5560,,N
2025,"2021-311301",Electrical Engineering Technician,5561,,N
2025,"2021-311302",Electric Substation Operations Manager,5562,,N
2025,"2021-311303",Energy Efficiency Technician,5563,,N
2025,"2021-311401",Electronic Engineering Technician,5564,,N
2025,"2021-311501",Mechanical Engineering Technician,5565,,N
2025,"2021-311502",Pressure Equipment  Inspector,5566,,N
2025,"2021-311503",Aeronautical Engineering Technician,5567,,N
2025,"2021-311601",Chemical Engineering Technician,5568,,N
2025,"2021-311701",Mining Technician,5569,,N
2025,"2021-311702",Metallurgical or Materials Technician,5570,,N
2025,"2021-311703",Non-Destructive Testing Technician  (NDTT),5571,,N
2025,"2021-311704",Geophysical Technician,5572,,N
2025,"2021-311801",Draughtsperson,5573,,N
2025,"2021-311901","Forensic Technician (Biology, Toxicology)",5574,,N
2025,"2021-311902",Fire Investigator,5575,,N
2025,"2021-311903",Food and Beverage Technician,5576,,N
2025,"2021-311904",Manufacturing Technician,5577,,N
2025,"2021-311905",Industrial Engineering Technician,5578,,N
2025,"2021-311906",Environmental Engineering Technician,5579,,N
2025,"2021-311910",Food Laboratory Analyst,5580,,N
2025,"2021-312101",Mining Production Supervisor,5581,,N
2025,"2021-312102",Miner,5582,,N
2025,"2021-312103",Engineering Supervisor,5583,,N
2025,"2021-312201",Production / Operations Supervisor (Manufacturing),5584,,N
2025,"2021-312202",Maintenance Planner,5585,,N
2025,"2021-312301",Building Associate,5586,,N
2025,"2021-313102",Fossil Power Plant Process Controller,5587,,N
2025,"2021-313103",Hydro Power Plant Process Controller,5588,,N
2025,"2021-313104",Nuclear Power Plant Process Controller,5589,,N
2025,"2021-313105",Wind Turbine Power Plant Process Controller,5590,,N
2025,"2021-313106",Concentrated Solar Power (CSP) Plant Process Controller,5591,,N
2025,"2021-313107",Geothermal Technicians,5592,,N
2025,"2021-313108",Weatherisation Installers and Technicians,5593,,N
2025,"2021-313109",Solar Photovoltaic Service Technician,5594,,N
2025,"2021-313110",Wind Turbine Service Technician,5595,,N
2025,"2021-313201",Water Plant Operator,5596,,N
2025,"2021-313202",Waste Materials Plant Operator,5597,,N
2025,"2021-313203",Water Process Controller,5598,,N
2025,"2021-313301",Chemical Plant Controller,5599,,N
2025,"2021-313401",Gas or Petroleum Controller,5600,,N
2025,"2021-313501",Metal Manufacturing Process Control Technician,5601,,N
2025,"2021-313901",Integrated Manufacturing Line Process Control Technician,5602,,N
2025,"2021-313902",Wood Processing Control Technician,5603,,N
2025,"2021-313903","Clothing, Textile and Footwear Manufacturing Process Control Technician",5604,,N
2025,"2021-313905",Cotton Ginning Process Controller,5605,,N
2025,"2021-313906",Fresh Produce Packing Controller,5606,,N
2025,"2021-313907",Food and Beverage Manufacturing Process Controller,5607,,N
2025,"2021-313908",Sugar Process Controller,5608,,N
2025,"2021-313909",Miller,5609,,N
2025,"2021-313910",Juice Extraction Process Controller,5610,,N
2025,"2021-313911",Grain Handling Controller,5611,,N
2025,"2021-313912",Mineral Beneficiation Process Controller,5612,,N
2025,"2021-313913",Chemical Waste Controller,5613,,N
2025,"2021-313916",Manufacturing Production Technicians,5614,,N
2025,"2021-313917",Pulp and Paper Manufacturing Process Control Technician,5615,,N
2025,"2021-314101",Life Science Technician,5616,,N
2025,"2021-314102",Environmental Science Technician,5617,,N
2025,"2021-314201",Agricultural Technician,5618,,N
2025,"2021-314301",Forestry Technician,5619,,N
2025,"2021-314302",Forestry Research Technician,5620,,N
2025,"2021-315101",Marine Engineer,5621,,N
2025,"2021-315201",Ship's Master,5622,,N
2025,"2021-315202",Ship's Officer,5623,,N
2025,"2021-315203",Ship's Surveyor,5624,,N
2025,"2021-315204",Marine Certification & Surveillance Manager,5625,,N
2025,"2021-315205",Boat Driver / Coxswain,5626,,N
2025,"2021-315206",Aids to Navigation Manager,5627,,N
2025,"2021-315207",Aids to Navigation Technician,5628,,N
2025,"2021-315301",Aircraft Navigator,5629,,N
2025,"2021-315302",Flight Engineer,5630,,N
2025,"2021-315303",Aeroplane Pilot,5631,,N
2025,"2021-315304",Flying Instructor,5632,,N
2025,"2021-315305",Helicopter Pilot,5633,,N
2025,"2021-315306",Balloonist,5634,,N
2025,"2021-315401",Traffic Controller,5635,,N
2025,"2021-315501",Airborne Electronics Analyst,5636,,N
2025,"2021-315502",Airworthiness Surveyor,5637,,N
2025,"2021-321101",Medical Diagnostic Radiographer,5638,,N
2025,"2021-321102",Medical Radiation Therapist,5639,,N
2025,"2021-321103",Nuclear Medicine Technologist,5640,,N
2025,"2021-321104",Sonographer,5641,,N
2025,"2021-321105",Anaesthetic Technician,5642,,N
2025,"2021-321106",Cardiac Technician,5643,,N
2025,"2021-321107",Operating Theatre Technician,5644,,N
2025,"2021-321108",Audiometrist,5645,,N
2025,"2021-321109",Dialysis Technician,5646,,N
2025,"2021-321110",Neurophysiological Technician,5647,,N
2025,"2021-321111",Renal Technician,5648,,N
2025,"2021-321112",Intensive Care Technician,5649,,N
2025,"2021-321113",Orthopaedic Technician,5650,,N
2025,"2021-321114",Health Technical Support Officer,5651,,N
2025,"2021-321115",Medical Electronic Equipment Operator,5652,,N
2025,"2021-321116",Electroencephalographic Technician,5653,,N
2025,"2021-321117",Radiation Laboratory Technician,5654,,N
2025,"2021-321118",Orthotist or Prosthetist,5655,,N
2025,"2021-321119",Pulmonology Clinical Technologist,5656,,N
2025,"2021-321120",Reproductive Biology Clinical Technologist,5657,,N
2025,"2021-321121",Cardiothoracic Perfusion Clinical Technologist,5658,,N
2025,"2021-321122",Occupational Therapy Technician,5659,,N
2025,"2021-321123",Orientation and Mobility Practitioner,5660,,N
2025,"2021-321201",Medical Technician,5661,,N
2025,"2021-321206",Medical Technologist,5662,,N
2025,"2021-321301",Pharmacy Technician,5663,,N
2025,"2021-321401",Clinical Dental Technician,5664,,N
2025,"2021-321402",Dental Technician,5665,,N
2025,"2021-321403",Dental Therapist,5666,,N
2025,"2021-321405",Orthotic and Prosthetic Technician,5667,,N
2025,"2021-321406",Dental Technologist,5668,,N
2025,"2021-322101",Enrolled Nurse,5669,,N
2025,"2021-322102",Mother Craft Nurse,5670,,N
2025,"2021-322201",Assistant Midwife,5671,,N
2025,"2021-323101",Indigenous Heath Worker (Inyanga),5672,,N
2025,"2021-323102",Ancillary Health Care Worker,5673,,N
2025,"2021-323105",Therapeutic Aromatherapist,5674,,N
2025,"2021-323106",Therapeutic Reflexologist,5675,,N
2025,"2021-324101",Veterinary Nurse,5676,,N
2025,"2021-324102",Veterinary Technician,5677,,N
2025,"2021-324103",Veterinary Technologist,5678,,N
2025,"2021-325101",Dental Assistant,5679,,N
2025,"2021-325102",Oral Hygienist,5680,,N
2025,"2021-325201",Health Information Manager,5681,,N
2025,"2021-325301",Health Promotion Practitioner,5682,,N
2025,"2021-325401",Dispensing Optician,5683,,N
2025,"2021-325501",Massage Therapist,5684,,N
2025,"2021-325502",Hydrotherapist,5685,,N
2025,"2021-325503",Electrotherapist,5686,,N
2025,"2021-325504",Physiotherapy Technician,5687,,N
2025,"2021-325601",Clinical Associate,5688,,N
2025,"2021-325701",Environmental and Occupational Health Inspector,5689,,N
2025,"2021-325702",Marine Safety Officer,5690,,N
2025,"2021-325703",Agricultural / Horticultural Produce Inspector,5691,,N
2025,"2021-325704",Aquaculture Produce Analyst,5692,,N
2025,"2021-325705",Safety Inspector,5693,,N
2025,"2021-325706",Ammunition Technician,5694,,N
2025,"2021-325707",Mine Health and Safety Inspector,5695,,N
2025,"2021-325708",Magazine Master,5696,,N
2025,"2021-325801",Ambulance Officer,5697,,N
2025,"2021-325802",Intensive Care Ambulance Paramedic / Ambulance Paramedic,5698,,N
2025,"2021-325901",Chiropractor,5699,,N
2025,"2021-325902",Osteopath,5700,,N
2025,"2021-331101",Securities Dealer,5701,,N
2025,"2021-331105",Asset Swap Administrator,5702,,N
2025,"2021-331106",Financial Markets Settlement Officer,5703,,N
2025,"2021-331201",Credit or Loans Officer,5704,,N
2025,"2021-331204",False Worker,5705,,N
2025,"2021-331205",Business Banker,5706,,N
2025,"2021-331301",Bookkeeper,5707,,N
2025,"2021-331302",Accounting Technician,5708,,N
2025,"2021-331303",Tax Technician,5709,,N
2025,"2021-331401",Statistical and Mathematical Assistant,5710,,N
2025,"2021-331501",Valuer,5711,,N
2025,"2021-331502",Insurance Investigator,5712,,N
2025,"2021-331503",Insurance Loss Adjuster,5713,,N
2025,"2021-331504",Insurance Risk Surveyor,5714,,N
2025,"2021-331505",Vehicle Damage Quantifier,5715,,N
2025,"2021-332101",Insurance Agent,5716,,N
2025,"2021-332102",Insurance Broker,5717,,N
2025,"2021-332201",Commercial Sales Representative,5718,,N
2025,"2021-332202",Sales Representative (Building and Plumbing Supplies),5719,,N
2025,"2021-332203",Sales Representative (Personal and Household Goods),5720,,N
2025,"2021-332204",Commercial Services Sales Agent,5721,,N
2025,"2021-332205",Manufacturers Representative,5722,,N
2025,"2021-332206",Sales Representative (Photographic Equipment and Supplies),5723,,N
2025,"2021-332207",Chemical Sales Representative,5724,,N
2025,"2021-332208",Pharmacy Sales Assistant,5725,,N
2025,"2021-332301",Retail Buyer,5726,,N
2025,"2021-332302",Purchasing Officer,5727,,N
2025,"2021-332401",Commodities Trader,5728,,N
2025,"2021-332402",Finance Broker,5729,,N
2025,"2021-333101",Clearing and Forwarding Agent,5730,,N
2025,"2021-333201",Events Manager,5731,,N
2025,"2021-333301",Recruitment Officer,5732,,N
2025,"2021-333302",Labour Recruitment Consultant: Permanent Employment Agency (PEA),5733,,N
2025,"2021-333303",Labour Recruitment Consultant: Temporary Employment Services (TES),5734,,N
2025,"2021-333401",Property Manager,5735,,N
2025,"2021-333402",Real Estate Agent,5736,,N
2025,"2021-333404",Real Estate Sales Settlement Administrator,5737,,N
2025,"2021-333405",Real Estate Agency Principal ,5738,,N
2025,"2021-333406",Property Lease Administrator,5739,,N
2025,"2021-333901",Auctioneer,5740,,N
2025,"2021-333902",Special Services Contracting Agent,5741,,N
2025,"2021-333903",Sales Representative (Business Services),5742,,N
2025,"2021-333904",Business Broker,5743,,N
2025,"2021-333905",Supply Chain Practitioner,5744,,N
2025,"2021-333906",Stock and Station Agent,5745,,N
2025,"2021-333907",Property Portfolio and Asset Manager,5746,,N
2025,"2021-333908",Marketing Coordinator,5747,,N
2025,"2021-333909",Bid Assistant,5748,,N
2025,"2021-333910",Business Support Coordinator,5749,,N
2025,"2021-333911",Physical Asset Practitioner,5750,,N
2025,"2021-334101",Office Supervisor,5751,,N
2025,"2021-334102",Office Administrator,5752,,N
2025,"2021-334103",Call Centre Team Leader,5753,,N
2025,"2021-334201",Legal Secretary,5754,,N
2025,"2021-334301",Secretary Bargaining Council,5755,,N
2025,"2021-334302",Personal Assistant,5756,,N
2025,"2021-334401",Medical Secretary,5757,,N
2025,"2021-335101",Customs Officer,5758,,N
2025,"2021-335102",Immigration Officer,5759,,N
2025,"2021-335201",Taxation Inspector,5760,,N
2025,"2021-335301",Social Security Assessor,5761,,N
2025,"2021-335401",Driving license examiner  ,5762,,N
2025,"2021-335402",Import-export Administrator,5763,,N
2025,"2021-335403",Passport Officer (Issuing),5764,,N
2025,"2021-335404",Motor Vehicle Examiner,5765,,N
2025,"2021-335501",Detective,5766,,N
2025,"2021-335502",Crash Investigator ,5767,,N
2025,"2021-335901",Labour Inspector,5768,,N
2025,"2021-335902",Wage Inspector,5769,,N
2025,"2021-335903",Refugee Status Determination Officer,5770,,N
2025,"2021-335904",Pest Management Officer,5771,,N
2025,"2021-335905",Water Allocation Officer,5772,,N
2025,"2021-335906",Environmental Practices Inspector,5773,,N
2025,"2021-335907",Weights and Measures Inspector,5774,,N
2025,"2021-335908",Censorship Inspector,5775,,N
2025,"2021-335909",Price Inspector,5776,,N
2025,"2021-335910",Trade Mark Examiner,5777,,N
2025,"2021-335911",Quarantine Officer,5778,,N
2025,"2021-335912",Fisheries Officer,5779,,N
2025,"2021-335913",Building Inspector,5780,,N
2025,"2021-335914",Train Examiner,5781,,N
2025,"2021-335915",Transport Operations Inspector,5782,,N
2025,"2021-335916",Gaming Operations Compliance Officer,5783,,N
2025,"2021-341101",Conveyancer,5784,,N
2025,"2021-341102",Legal Executive,5785,,N
2025,"2021-341103",Paralegal,5786,,N
2025,"2021-341104",Clerk of Court,5787,,N
2025,"2021-341105",Court Bailiff,5788,,N
2025,"2021-341106",Court Orderly / Court Registry Officer,5789,,N
2025,"2021-341107",Law Clerk,5790,,N
2025,"2021-341108",Trust Officer,5791,,N
2025,"2021-341109",Private Investigator,5792,,N
2025,"2021-341110",Associate Legal Professional,5793,,N
2025,"2021-341111",Debt Counsellor,5794,,N
2025,"2021-341112",Labour Dispute Enforcement Agent,5795,,N
2025,"2021-341201",Auxiliary Community Development Practitioner,5796,,N
2025,"2021-341202",Disabilities Services Officer,5797,,N
2025,"2021-341203",Social Auxiliary Worker,5798,,N
2025,"2021-341204",Auxiliary Child and Youth Care Worker,5799,,N
2025,"2021-341301",Religious Associate Professional,5800,,N
2025,"2021-342101",Footballer,5801,,N
2025,"2021-342102",Golfer,5802,,N
2025,"2021-342103",Jockey,5803,,N
2025,"2021-342104",Cricketer,5804,,N
2025,"2021-342105",Athlete,5805,,N
2025,"2021-342106",Boxer,5806,,N
2025,"2021-342107",Cyclist,5807,,N
2025,"2021-342108",Racing Driver,5808,,N
2025,"2021-342109",Surfer,5809,,N
2025,"2021-342110",Swimmer,5810,,N
2025,"2021-342111",Tennis Player,5811,,N
2025,"2021-342112",Wrestler,5812,,N
2025,"2021-342113",Yachtsman,5813,,N
2025,"2021-342114",Other Sportsperson,5814,,N
2025,"2021-342201",Sports Development Officer,5815,,N
2025,"2021-342202",Sports Umpire,5816,,N
2025,"2021-342203",Sports Official,5817,,N
2025,"2021-342204",Sports Coach or Instructor,5818,,N
2025,"2021-342301",Fitness Instructor,5819,,N
2025,"2021-342302",Outdoor Adventure Guide,5820,,N
2025,"2021-342303",Caving Guide,5821,,N
2025,"2021-343101",Photographer,5822,,N
2025,"2021-343102",Air Observer,5823,,N
2025,"2021-343201",Interior Designer,5824,,N
2025,"2021-343202",Interior Decorator,5825,,N
2025,"2021-343203",Visual Merchandiser,5826,,N
2025,"2021-343204",Set Designer,5827,,N
2025,"2021-343301",Gallery or Museum Technician,5828,,N
2025,"2021-343302",Library Technician,5829,,N
2025,"2021-343401",Chef,5830,,N
2025,"2021-343901",Tattoo Artist,5831,,N
2025,"2021-343902",Light Technician,5832,,N
2025,"2021-343903",Stage Manager,5833,,N
2025,"2021-343904",Theatrical Dresser,5834,,N
2025,"2021-343905",Stunt Person,5835,,N
2025,"2021-343906",Special Effects Person,5836,,N
2025,"2021-343907",Continuity Person,5837,,N
2025,"2021-343908",Film Technician,5838,,N
2025,"2021-343909",Microphone Boom Operator,5839,,N
2025,"2021-343910",Performing Arts Road Manager,5840,,N
2025,"2021-351101",Computer Operator,5841,,N
2025,"2021-351201",ICT Communications Assistant,5842,,N
2025,"2021-351301",Computer Network Technician,5843,,N
2025,"2021-351302",Geographic Information Systems Technicians,5844,,N
2025,"2021-351303",Marine GIS Technician,5845,,N
2025,"2021-351401",Web Technician,5846,,N
2025,"2021-352101",Broadcast Transmitter Operator,5847,,N
2025,"2021-352102","Camera Operator (Film, Television or Video)",5848,,N
2025,"2021-352103",Sound Technician,5849,,N
2025,"2021-352104",Television Equipment Operator,5850,,N
2025,"2021-352105",Radio Station Operator,5851,,N
2025,"2021-352106","Production Assistant (Film, Television or Radio)",5852,,N
2025,"2021-352201",Telecommunications Technical Officer or Technologist,5853,,N
2025,"2021-411101",General Clerk,5854,,N
2025,"2021-411102",Back Office Process Consultant,5855,,N
2025,"2021-411103",Parole Board Clerk,5856,,N
2025,"2021-412101",Secretary (General),5857,,N
2025,"2021-413101",Word Processing Operator,5858,,N
2025,"2021-413102",Machine Shorthand Reporter,5859,,N
2025,"2021-413201",Data Entry Operator,5860,,N
2025,"2021-421101",Bank Teller,5861,,N
2025,"2021-421102",Bank Worker,5862,,N
2025,"2021-421103",Currency Exchange Officer,5863,,N
2025,"2021-421104",Banknote Processor,5864,,N
2025,"2021-421105",Postal Frontline Service Worker,5865,,N
2025,"2021-421201",Bookmaker,5866,,N
2025,"2021-421202",Gaming Worker,5867,,N
2025,"2021-421203",Betting Agency Counter Clerk,5868,,N
2025,"2021-421204",Bookmaker's Clerk,5869,,N
2025,"2021-421205",Telephone Betting Clerk,5870,,N
2025,"2021-421206",Bingo Caller,5871,,N
2025,"2021-421207",Lotto Operator,5872,,N
2025,"2021-421301",Pawnbrokers and Money-lenders,5873,,N
2025,"2021-421401",Debt Collector,5874,,N
2025,"2021-422101",Tourist Information Officer,5875,,N
2025,"2021-422102",Travel Consultant,5876,,N
2025,"2021-422201",Inbound Contact Centre Consultant,5877,,N
2025,"2021-422202",Outbound Contact Centre Consultant,5878,,N
2025,"2021-422203",Contact Centre Real Time Advisor,5879,,N
2025,"2021-422204",Contact Centre Resource Planner,5880,,N
2025,"2021-422205",Contact Centre Forecast Analyst,5881,,N
2025,"2021-422206",Call or Contact Centre Agent,5882,,N
2025,"2021-422301",Switchboard Operator,5883,,N
2025,"2021-422401",Hotel or Motel Receptionist,5884,,N
2025,"2021-422501",Enquiry Clerk,5885,,N
2025,"2021-422601",Receptionist (General),5886,,N
2025,"2021-422602",Medical Receptionist,5887,,N
2025,"2021-422701",Survey Interviewer,5888,,N
2025,"2021-422901",Admissions Clerk,5889,,N
2025,"2021-422902",Ship's Purser,5890,,N
2025,"2021-431101",Accounts Clerk,5891,,N
2025,"2021-431102",Cost Clerk,5892,,N
2025,"2021-431103",Taxation Clerk,5893,,N
2025,"2021-431201",Insurance Administrator,5894,,N
2025,"2021-431202",Securities Services Administrative Officer,5895,,N
2025,"2021-431203",Statistical Clerk,5896,,N
2025,"2021-431204",Insurance Claims Administrator,5897,,N
2025,"2021-431301",Payroll Clerk,5898,,N
2025,"2021-432101",Stock Clerk / Officer,5899,,N
2025,"2021-432102",Dispatching and Receiving Clerk / Officer,5900,,N
2025,"2021-432103",Order Clerk / Officer,5901,,N
2025,"2021-432104",Warehouse Administrator / Clerk,5902,,N
2025,"2021-432105",Lampman,5903,,N
2025,"2021-432201",Production Coordinator,5904,,N
2025,"2021-432301",Transport Clerk,5905,,N
2025,"2021-441101",Library Assistant,5906,,N
2025,"2021-441201",Courier,5907,,N
2025,"2021-441202",Postal Delivery Officer,5908,,N
2025,"2021-441203",Mail Clerk,5909,,N
2025,"2021-441301",Coding Clerk,5910,,N
2025,"2021-441302",Proof Reader,5911,,N
2025,"2021-441401",Scribe,5912,,N
2025,"2021-441501",Filing or Registry Clerk,5913,,N
2025,"2021-441502",Office Machine Operator,5914,,N
2025,"2021-441601",Human Resources Clerk,5915,,N
2025,"2021-441602",Skills Development Administrator,5916,,N
2025,"2021-441603",Compensation and Benefits Clerk,5917,,N
2025,"2021-441604",Labour Relations Case Administrator,5918,,N
2025,"2021-441605",Academic Administrative Officer,5919,,N
2025,"2021-441901",Classified Advertising Clerk,5920,,N
2025,"2021-441902",Contract Administrator,5921,,N
2025,"2021-441903",Program or Project Administrators,5922,,N
2025,"2021-441905",Account Clerk (Public Relations / Communication),5923,,N
2025,"2021-511101",Flight Attendant,5924,,N
2025,"2021-511102",Bus Hostess,5925,,N
2025,"2021-511103",Marine Steward,5926,,N
2025,"2021-511104",Railway Steward,5927,,N
2025,"2021-511201",Transport Conductor,5928,,N
2025,"2021-511301",Gallery or Museum Guide,5929,,N
2025,"2021-511302",Tour Guide,5930,,N
2025,"2021-512101",Cook,5931,,N
2025,"2021-513101",Waiter,5932,,N
2025,"2021-513102",Cafe Worker,5933,,N
2025,"2021-513201",Bar Attendant,5934,,N
2025,"2021-513202",Barista,5935,,N
2025,"2021-514101",Hairdresser,5936,,N
2025,"2021-514102",Hair or Beauty Salon Assistant,5937,,N
2025,"2021-514201",Skin Care Therapist,5938,,N
2025,"2021-514202",Slimming Therapist,5939,,N
2025,"2021-514203",Hair Removal Technician,5940,,N
2025,"2021-514204",Nail Technician,5941,,N
2025,"2021-514205",Make Up Artist,5942,,N
2025,"2021-514206",Weight Loss Consultant,5943,,N
2025,"2021-514207",Somatologist,5944,,N
2025,"2021-514208",Spa Therapist ,5945,,N
2025,"2021-514209",Aesthetic Laser Therapist ,5946,,N
2025,"2021-514210",Image consultant ,5947,,N
2025,"2021-515101",Hotel Service Manager,5948,,N
2025,"2021-515102",Housekeeping Service Manager,5949,,N
2025,"2021-515103",Commercial Housekeeper,5950,,N
2025,"2021-515104",Cleaning Practitioner,5951,,N
2025,"2021-515201",Domestic Housekeeper,5952,,N
2025,"2021-515202",Butler,5953,,N
2025,"2021-515301",Caretaker,5954,,N
2025,"2021-515302","Amusement, Fitness or Sport Centre Attendant",5955,,N
2025,"2021-516101",Astrologer,5956,,N
2025,"2021-516201",Escort,5957,,N
2025,"2021-516301",Funeral Director,5958,,N
2025,"2021-516303",Embalmer,5959,,N
2025,"2021-516305",Mortuary Technician / Assistant,5960,,N
2025,"2021-516306",Crematorium Operator,5961,,N
2025,"2021-516401",Animal Attendant / Groomer,5962,,N
2025,"2021-516402",Animal Trainer,5963,,N
2025,"2021-516403",Zookeeper,5964,,N
2025,"2021-516404",Dog Walker,5965,,N
2025,"2021-516501",Driving Instructor,5966,,N
2025,"2021-516901",Refuge Worker,5967,,N
2025,"2021-516902",Civil Celebrant,5968,,N
2025,"2021-521101",Street Market Vendor,5969,,N
2025,"2021-521201",Street Food Sales Person,5970,,N
2025,"2021-521202",Cash Van Salesperson,5971,,N
2025,"2021-522101",Antique Dealer,5972,,N
2025,"2021-522102",Salon Manager,5973,,N
2025,"2021-522201",Retail Supervisor,5974,,N
2025,"2021-522301",Sales Assistant (General),5975,,N
2025,"2021-522302",Motorised Vehicle or Caravan Salesperson,5976,,N
2025,"2021-522303",Automotive Parts Salesperson,5977,,N
2025,"2021-522304",ICT Sales Assistant,5978,,N
2025,"2021-523101",Checkout Operator,5979,,N
2025,"2021-523102",Office Cashier,5980,,N
2025,"2021-523103",Ticket Seller,5981,,N
2025,"2021-524101",Model,5982,,N
2025,"2021-524102",Event Stylist,5983,,N
2025,"2021-524201",Sales Demonstrator,5984,,N
2025,"2021-524301",Door-to-door Salesperson,5985,,N
2025,"2021-524401",Call Centre Salesperson,5986,,N
2025,"2021-524501",Service Station Attendant,5987,,N
2025,"2021-524601",Food Service Counter Attendant,5988,,N
2025,"2021-524901",Materials Recycler,5989,,N
2025,"2021-524902",Rental Salesperson,5990,,N
2025,"2021-524903",Sales Clerk / Officer,5991,,N
2025,"2021-524904",Energy Broker,5992,,N
2025,"2021-531101",Child Care Worker,5993,,N
2025,"2021-531102",Family Day Care Worker,5994,,N
2025,"2021-531103",Nanny,5995,,N
2025,"2021-531104",Out of School Hours Care Worker,5996,,N
2025,"2021-531105",Child or Youth Residential Care Assistant,5997,,N
2025,"2021-531106",Hostel Parent,5998,,N
2025,"2021-531201",Teachers' Aide,5999,,N
2025,"2021-531202",Pre-School Aide,6000,,N
2025,"2021-531203",Integration Aide,6001,,N
2025,"2021-532201",Residential Care Officer,6002,,N
2025,"2021-532202",Aged or Disabled Carer,6003,,N
2025,"2021-532203",Community Health Worker,6004,,N
2025,"2021-532901",First Aid Attendant,6005,,N
2025,"2021-532902",Hospital Orderly,6006,,N
2025,"2021-532903",Nursing Support Worker,6007,,N
2025,"2021-532904",Personal Care Assistant,6008,,N
2025,"2021-532905",Therapy Aide,6009,,N
2025,"2021-532906",Natural Remedy Consultant,6010,,N
2025,"2021-541101",Fire Fighter,6011,,N
2025,"2021-541102",Hazardous Materials Removal Workers,6012,,N
2025,"2021-541201",Traffic Officer,6013,,N
2025,"2021-541202", Non - commissioned Police Official,6014,,N
2025,"2021-541203",Military Police Official,6015,,N
2025,"2021-541301",Prison Officer,6016,,N
2025,"2021-541401",Security Officer,6017,,N
2025,"2021-541402","Alarm, Security or Surveillance Monitor",6018,,N
2025,"2021-541403",Retail Loss Prevention Officer,6019,,N
2025,"2021-541404",Close protector,6020,,N
2025,"2021-541501",Intelligence Operator,6021,,N
2025,"2021-541901",Lifeguard,6022,,N
2025,"2021-541902",Emergency Service and Rescue Official,6023,,N
2025,"2021-541903",Parking Inspector,6024,,N
2025,"2021-541904",Armoured Car Escort,6025,,N
2025,"2021-541905",Crowd Controller,6026,,N
2025,"2021-541906",Security Consultant,6027,,N
2025,"2021-541907",Disaster Management Officer,6028,,N
2025,"2021-542101",Naval Combat Operator,6029,,N
2025,"2021-542102",Naval Combat Officer,6030,,N
2025,"2021-542201",Special Forces Manager,6031,,N
2025,"2021-542202",Special Forces Officer,6032,,N
2025,"2021-542203",Special Forces Operator,6033,,N
2025,"2021-542301",Infantry Soldier,6034,,N
2025,"2021-542302",Artillery Soldier,6035,,N
2025,"2021-542303",Air Defence Artillery Soldier,6036,,N
2025,"2021-542304",Armour Soldier,6037,,N
2025,"2021-542305",Engineer Soldier,6038,,N
2025,"2021-542306",Signal Soldier,6039,,N
2025,"2021-542401",Combat Medical Support Operator,6040,,N
2025,"2021-542501",Air Operations Officer,6041,,N
2025,"2021-611101",Agronomy Farmer,6042,,N
2025,"2021-611102",Field Vegetable Farmer,6043,,N
2025,"2021-611201",Arboriculture Farmer,6044,,N
2025,"2021-611202",Horticultural Farmer,6045,,N
2025,"2021-611301",Ornamental Horticultural Farmer,6046,,N
2025,"2021-611302",Landscape Contractor,6047,,N
2025,"2021-611303",Groundskeeper,6048,,N
2025,"2021-611304",Nurseryperson,6049,,N
2025,"2021-611306",Arboriculturist,6050,,N
2025,"2021-611401",Mixed Crop Farm Production Manager / Foreman,6051,,N
2025,"2021-612101",Livestock Farmer,6052,,N
2025,"2021-612102",Dairy Farmer,6053,,N
2025,"2021-612201",Poultry Farmer,6054,,N
2025,"2021-612202",Ratites Farmer,6055,,N
2025,"2021-612301",Insect Farmer,6056,,N
2025,"2021-612901",Avian Farmer,6057,,N
2025,"2021-612902",Game Farmer,6058,,N
2025,"2021-613101",Mixed Crop and Livestock Farmer,6059,,N
2025,"2021-621101",Tree Feller,6060,,N
2025,"2021-621102",Forest and Conservation Workers,6061,,N
2025,"2021-622101",Aquaculture Farmer,6062,,N
2025,"2021-622102",Mariculture Farmer,6063,,N
2025,"2021-622201",Skipper (Fishing Boat),6064,,N
2025,"2021-622301",Master Fisher,6065,,N
2025,"2021-622401",Hunter,6066,,N
2025,"2021-631101",Subsistence Crop Farmer,6067,,N
2025,"2021-631201",Subsistence Livestock Farmer,6068,,N
2025,"2021-631301",Subsistence Mixed Crop and Livestock Farmers,6069,,N
2025,"2021-641101",House Builder,6070,,N
2025,"2021-641201",Bricklayer,6071,,N
2025,"2021-641301",Stonemason,6072,,N
2025,"2021-641302",Granite Cutter,6073,,N
2025,"2021-641303",Refractory Mason,6074,,N
2025,"2021-641401",Concreter,6075,,N
2025,"2021-641402",Fibre-cement Moulder,6076,,N
2025,"2021-641403",Civil Engineering Constructor,6077,,N
2025,"2021-641501",Carpenter and Joiner,6078,,N
2025,"2021-641502",Carpenter,6079,,N
2025,"2021-641503",Joiner,6080,,N
2025,"2021-641901",Demolition Technician,6081,,N
2025,"2021-641902",Scaffolder,6082,,N
2025,"2021-642101",Roof Tiler,6083,,N
2025,"2021-642102",Roof Plumber,6084,,N
2025,"2021-642103",Roof Thatcher,6085,,N
2025,"2021-642201",Wall and Floor Tiler,6086,,N
2025,"2021-642202",Floor Finisher,6087,,N
2025,"2021-642301",Fibrous Plasterer,6088,,N
2025,"2021-642302",Plasterer,6089,,N
2025,"2021-642401",Insulation Installer,6090,,N
2025,"2021-642501",Glazier,6091,,N
2025,"2021-642601",Plumber,6092,,N
2025,"2021-642602",Solar Installer,6093,,N
2025,"2021-642603",Gas Practitioner,6094,,N
2025,"2021-642604",Fire Services Plumber,6095,,N
2025,"2021-642605",Plumbing Inspector,6096,,N
2025,"2021-642606",Heat Pump Installer,6097,,N
2025,"2021-642607",Pipe Fitter,6098,,N
2025,"2021-642701",Air-conditioning and Refrigeration Mechanic,6099,,N
2025,"2021-642702",Refrigeration Mechanic,6100,,N
2025,"2021-643101",Painter,6101,,N
2025,"2021-643201",Industrial Spraypainter,6102,,N
2025,"2021-643202",Vehicle Painter,6103,,N
2025,"2021-643302",Chimney Cleaner,6104,,N
2025,"2021-651101",Moulder,6105,,N
2025,"2021-651201",Pressure Welder,6106,,N
2025,"2021-651202",Welder,6107,,N
2025,"2021-651203",Fitter-welder,6108,,N
2025,"2021-651204",Gas Cutter,6109,,N
2025,"2021-651301",Sheet Metal Worker,6110,,N
2025,"2021-651302",Boiler Maker,6111,,N
2025,"2021-651401",Metal Fabricator,6112,,N
2025,"2021-651402",Structural Steel Erector,6113,,N
2025,"2021-651403",Steel Fixer,6114,,N
2025,"2021-651404",Structural Plater,6115,,N
2025,"2021-651501",Rigger,6116,,N
2025,"2021-651502",Cable and Rope Splicer,6117,,N
2025,"2021-652101",Blacksmith,6118,,N
2025,"2021-652102",Forging Press Worker,6119,,N
2025,"2021-652201",Toolmaker,6120,,N
2025,"2021-652202",Gunsmith,6121,,N
2025,"2021-652203",Locksmith,6122,,N
2025,"2021-652204",Patternmaker,6123,,N
2025,"2021-652205",Master Toolmaker,6124,,N
2025,"2021-652206",Die Sinker,6125,,N
2025,"2021-652301",Metal Machinist,6126,,N
2025,"2021-652302",Fitter and Turner,6127,,N
2025,"2021-652401",Metal Polisher,6128,,N
2025,"2021-652402",Tool Grinder and Sharpener,6129,,N
2025,"2021-652403",Saw Maker and Repairer,6130,,N
2025,"2021-652404",Grinder,6131,,N
2025,"2021-653101",Automotive Motor Mechanic,6132,,N
2025,"2021-653103",Motorcycle Mechanic,6133,,N
2025,"2021-653109",Automotive Engine Mechanic,6134,,N
2025,"2021-653201",Aircraft Maintenance Mechanic,6135,,N
2025,"2021-653202",Aircraft Structures Worker,6136,,N
2025,"2021-653301",Industrial Machinery Mechanic,6137,,N
2025,"2021-653302",Mechanical Equipment Repairer,6138,,N
2025,"2021-653303",Mechanical Fitter,6139,,N
2025,"2021-653304",Diesel Fitter,6140,,N
2025,"2021-653305",Small Engine Mechanic,6141,,N
2025,"2021-653306",Diesel Mechanic,6142,,N
2025,"2021-653307",Heavy Equipment Mechanic,6143,,N
2025,"2021-653308",Tractor Mechanic,6144,,N
2025,"2021-653309",Forklift Mechanic,6145,,N
2025,"2021-653310",Lubrication Equipment Mechanic,6146,,N
2025,"2021-653401",Bicycle Mechanic,6147,,N
2025,"2021-653402",Non-motorised Transport Equipment Repairer,6148,,N
2025,"2021-661101",Precision Instrument Maker and Repairer,6149,,N
2025,"2021-661102",Watch and Clock Maker and Repairer,6150,,N
2025,"2021-661103",Scale Fitter,6151,,N
2025,"2021-661201",Musical Instrument Maker or Repairer,6152,,N
2025,"2021-661301",Goldsmith,6153,,N
2025,"2021-661302",Diamond and Gemstone Setter,6154,,N
2025,"2021-661303",Jewellery Evaluator,6155,,N
2025,"2021-661304",Diamond Sorter and Evaluator,6156,,N
2025,"2021-661401",Potter or Ceramic Artist,6157,,N
2025,"2021-661501",Glass Maker,6158,,N
2025,"2021-661502",Optical Mechanic,6159,,N
2025,"2021-661601",Signwriter,6160,,N
2025,"2021-661602",Engraver,6161,,N
2025,"2021-661701","Basket, Cane and Wicker Worker",6162,,N
2025,"2021-661702",Carver,6163,,N
2025,"2021-661703",Cane Furniture Maker,6164,,N
2025,"2021-661801","Textile, Leather and Related Materials Handicraft Workers",6165,,N
2025,"2021-661901",Metal Toymaker,6166,,N
2025,"2021-662101",Electronic Pre-press,6167,,N
2025,"2021-662104",Electronic Originator,6168,,N
2025,"2021-662105",Gravure Cylinder Preparation Technician,6169,,N
2025,"2021-662106",Process Engraver,6170,,N
2025,"2021-662107",Printing Plate Maker,6171,,N
2025,"2021-662201",Printing Machinist,6172,,N
2025,"2021-662202",Small Offset Lithography Operator,6173,,N
2025,"2021-662203",Screen Printer,6174,,N
2025,"2021-662204",Paper Sheetfed Offset Lithography Technician,6175,,N
2025,"2021-662205",Metal Sheetfed Offset Lithography Technician,6176,,N
2025,"2021-662206",Continuous Stationery Printing Machine Technician,6177,,N
2025,"2021-662207",Monoblock Offset Machine Technician,6178,,N
2025,"2021-662208",Roll Label Machine Technician,6179,,N
2025,"2021-662209",Gravure Printing Technician,6180,,N
2025,"2021-662210",Heatset Rotary Offset Lithography Technician,6181,,N
2025,"2021-662211",Coldset Rotary Offset Lithographic Printing Technician (Coldset),6182,,N
2025,"2021-662212",Rotary Printing and Re-reeling Flexographic Machine Technician,6183,,N
2025,"2021-662213",Rotary Printing and Re-reeling Gravure Machine Technician,6184,,N
2025,"2021-662215",Stationery Machine Technician,6185,,N
2025,"2021-662216",Commercial Digital Printer,6186,,N
2025,"2021-662301",Mechanized soft-cover bookbinding technician,6187,,N
2025,"2021-662303",Mechanised Bookbinding Technician,6188,,N
2025,"2021-662304",Craft Bookbinding Technician,6189,,N
2025,"2021-662305",Mechanised Hard-cover Bookbinding Technician,6190,,N
2025,"2021-662307",Folding Machine Operator (Paper Products),6191,,N
2025,"2021-662308",Saddle Stitch Machine Operator,6192,,N
2025,"2021-662309",Adhesive Binding Machine Operator,6193,,N
2025,"2021-662310",Book Sewing Machine Operator,6194,,N
2025,"2021-662311",Gathering Machine Operator,6195,,N
2025,"2021-662312",Commercial Mailing Machine Operator,6196,,N
2025,"2021-662313",Newspaper and Magazine Mailroom Machine Operator,6197,,N
2025,"2021-662314",Envelope Manufacturing Machine Operator,6198,,N
2025,"2021-662315",Coating Machine Operator,6199,,N
2025,"2021-662316",Foiling Machine Operator,6200,,N
2025,"2021-662317",Roll Label Rewind Machine Operator,6201,,N
2025,"2021-671101",Electrician,6202,,N
2025,"2021-671102",Electrical Installation Inspector,6203,,N
2025,"2021-671202",Millwright,6204,,N
2025,"2021-671203",Mechatronics Technician,6205,,N
2025,"2021-671204",Lift Mechanic,6206,,N
2025,"2021-671205",Weapon Systems Mechanic,6207,,N
2025,"2021-671206",Electrical Equipment Mechanic,6208,,N
2025,"2021-671207",Armature Winder,6209,,N
2025,"2021-671208",Transportation Electrician,6210,,N
2025,"2021-671301",Electrical Line Mechanic,6211,,N
2025,"2021-671302",Cable Jointer,6212,,N
2025,"2021-672101",Avionics Mechanician,6213,,N
2025,"2021-672102",Radar Mechanic,6214,,N
2025,"2021-672103",Business Machine Mechanic,6215,,N
2025,"2021-672104",Electronic Equipment Mechanician,6216,,N
2025,"2021-672105",Instrument Mechanician,6217,,N
2025,"2021-672107",Special Class Electrician,6218,,N
2025,"2021-672108",Radiotrician,6219,,N
2025,"2021-672201",Data and Telecommunications Cabler,6220,,N
2025,"2021-672202",Telecommunications Cable Jointer,6221,,N
2025,"2021-672203",Computer Engineering Mechanic / Service Person,6222,,N
2025,"2021-672204",Telecommunications Line Mechanic,6223,,N
2025,"2021-672205",Telecommunications Technician,6224,,N
2025,"2021-672206",Communications Operator,6225,,N
2025,"2021-681101",Slaughterer,6226,,N
2025,"2021-681102",Red Meat De-boner,6227,,N
2025,"2021-681103",Butcher,6228,,N
2025,"2021-681104",Fishmonger,6229,,N
2025,"2021-681105",Poultry Slaughterer,6230,,N
2025,"2021-681201",Confectionary Baker,6231,,N
2025,"2021-681202",Pastry Cook,6232,,N
2025,"2021-681203",Confectionery Maker,6233,,N
2025,"2021-681301",Dairyman,6234,,N
2025,"2021-681401",Fruit or Vegetable Preserver,6235,,N
2025,"2021-681402",Oil Expeller,6236,,N
2025,"2021-681403",Jam Maker,6237,,N
2025,"2021-681501",Cheese Grader / Tester,6238,,N
2025,"2021-681502",Food Taster / Grader,6239,,N
2025,"2021-681503",Tea Taster / Grader,6240,,N
2025,"2021-681504",Wine Taster / Grader,6241,,N
2025,"2021-681505",Fruit and Vegetable Grader / Classer,6242,,N
2025,"2021-681506",Livestock Product Analyst,6243,,N
2025,"2021-681601",Cigar Maker,6244,,N
2025,"2021-681602",Green Tobacco Storage Controller / Manager,6245,,N
2025,"2021-681603",Tobacco Processing Machine Operator,6246,,N
2025,"2021-682101",Wood Preparer and Treater,6247,,N
2025,"2021-682102",Plywood and Veneer Maker and Repairer,6248,,N
2025,"2021-682201",Cabinet Maker,6249,,N
2025,"2021-682203",Wood Model Maker,6250,,N
2025,"2021-682301",Furniture Finisher,6251,,N
2025,"2021-682302",Picture Framer,6252,,N
2025,"2021-682303",Wood Machinist,6253,,N
2025,"2021-682304",Wood Turner,6254,,N
2025,"2021-682305",Cooper,6255,,N
2025,"2021-683101",Tailor,6256,,N
2025,"2021-683102",Furrier,6257,,N
2025,"2021-683103",Hat Maker,6258,,N
2025,"2021-683104",Wig Maker,6259,,N
2025,"2021-683201","Clothing, Home Textiles and General Goods Cutter",6260,,N
2025,"2021-683202",Apparel and related pattern maker,6261,,N
2025,"2021-683301",Canvas Goods Maker,6262,,N
2025,"2021-683302",Sail Maker,6263,,N
2025,"2021-683303",Textile Produce Mender and Embroiderer,6264,,N
2025,"2021-683401",Upholsterer,6265,,N
2025,"2021-683402",Bed Maker,6266,,N
2025,"2021-683501",Fellmonger,6267,,N
2025,"2021-683502",Tanner,6268,,N
2025,"2021-683503",Pelt Grader,6269,,N
2025,"2021-683601",Shoemaker,6270,,N
2025,"2021-684101",Diver,6271,,N
2025,"2021-684201", Mining Blaster,6272,,N
2025,"2021-684202",Blaster,6273,,N
2025,"2021-684301",Crop Produce Analyst,6274,,N
2025,"2021-684302",Tobacco Grader,6275,,N
2025,"2021-684303",Cotton Grader,6276,,N
2025,"2021-684304",Wool Classer / Grader,6277,,N
2025,"2021-684305",Quality Controller (Manufacturing),6278,,N
2025,"2021-684401",Pest or Weed Controller,6279,,N
2025,"2021-684901","Textile, Clothing, Footwear and Leather Processing Machine Mechanic",6280,,N
2025,"2021-684902",Farrier,6281,,N
2025,"2021-684904",Panelbeater,6282,,N
2025,"2021-684905",Vehicle Body Builder,6283,,N
2025,"2021-684906",Vehicle Trimmer,6284,,N
2025,"2021-684907",Boatbuilder and Repairer,6285,,N
2025,"2021-684908",Shipwright,6286,,N
2025,"2021-684909",Survival Equipment Fitter,6287,,N
2025,"2021-684910",Ammunition Fitter,6288,,N
2025,"2021-684911",Florist,6289,,N
2025,"2021-684912",Photographer's Assistant,6290,,N
2025,"2021-684913",Melter,6291,,N
2025,"2021-684914",Textile Machine Mechanic,6292,,N
2025,"2021-711101",Mining Operator,6293,,N
2025,"2021-711102",Shotcreter,6294,,N
2025,"2021-711201",Mineral Processing Plant Operator,6295,,N
2025,"2021-711202",Jewellery Processing and Finishing Machine Operator,6296,,N
2025,"2021-711203",Diamond Cutter and Polisher,6297,,N
2025,"2021-711204",Gemstone Cutter,6298,,N
2025,"2021-711205",Gemstone Machine Operator,6299,,N
2025,"2021-711301",Driller,6300,,N
2025,"2021-711302",Rock Drill Operator,6301,,N
2025,"2021-711401",Concrete Products Machine Operator,6302,,N
2025,"2021-711402","Glass, Clay and Stone Manufacturing Machine Setter and Minder",6303,,N
2025,"2021-711403",Plaster Machine Operator,6304,,N
2025,"2021-711404",Cement Production Plant Operator,6305,,N
2025,"2021-711405",Concrete Batching Plant Operator,6306,,N
2025,"2021-711406",Industrial Diamond Polishing Machine Operator,6307,,N
2025,"2021-712101",Metal Processing Plant Operator,6308,,N
2025,"2021-712102",Metal Manufacturing Machine Setter and Minder,6309,,N
2025,"2021-712103",Abrasive Wheel Maker,6310,,N
2025,"2021-712104",Brake Lining Maker,6311,,N
2025,"2021-712201",Electroplater,6312,,N
2025,"2021-713101",Chemical Production Machine Operator,6313,,N
2025,"2021-713201",Photographic Developer and Printer,6314,,N
2025,"2021-714101",Rubber Production Machine Operator,6315,,N
2025,"2021-714102",Rubber Manufacturing Machine Setter and Minder,6316,,N
2025,"2021-714201",Plastic Cablemaking Machine Operator,6317,,N
2025,"2021-714202",Plastic Compounding and Reclamation Machine Operator,6318,,N
2025,"2021-714203",Plastics Fabricator or Welder,6319,,N
2025,"2021-714204",Plastics Production Machine Operator (General),6320,,N
2025,"2021-714205",Reinforced Plastic and Composite Production Worker,6321,,N
2025,"2021-714206",Rotational Moulding Operator (Plastics),6322,,N
2025,"2021-714207",Thermoforming Machine Operator,6323,,N
2025,"2021-714208",Plastics Manufacturing Machine Minder,6324,,N
2025,"2021-714209",Reinforced Plastics and Composite Trades Worker,6325,,N
2025,"2021-714301",Paper Products Machine Operator,6326,,N
2025,"2021-715101",Fibre Preparation Production Machine Operator,6327,,N
2025,"2021-715102",Yarn Production Machine Operator,6328,,N
2025,"2021-715103",Man-made Fibre Production Machine Operator,6329,,N
2025,"2021-715201",Weaving Machine Operator,6330,,N
2025,"2021-715202",Warping Machine Operator,6331,,N
2025,"2021-715203",Braiding Machine Operator,6332,,N
2025,"2021-715204",Knitting Machine Operator,6333,,N
2025,"2021-715205",Non-woven Machine Operator,6334,,N
2025,"2021-715206",Textile Dry Finishing Machine Operator,6335,,N
2025,"2021-715301",Sewing Machine Operator,6336,,N
2025,"2021-715302","Clothing, Textile and Leather Goods Production Operator",6337,,N
2025,"2021-715401",Textile Wet Process Production Operator,6338,,N
2025,"2021-715501",Leather Processing Machine Operator,6339,,N
2025,"2021-715601",Footwear Cutting Production Machine Operator,6340,,N
2025,"2021-715602",Footwear Closing Production Machine Operator,6341,,N
2025,"2021-715603",Footwear Bottom Stock Production Machine Operator,6342,,N
2025,"2021-715604",Footwear Lasting Production Machine Operator,6343,,N
2025,"2021-715605",Footwear Finishing Production Machine Operator,6344,,N
2025,"2021-715701",Laundry and Dry Cleaning Machine Operator,6345,,N
2025,"2021-715901",Textile and Footwear Manufacturing Machine Minder,6346,,N
2025,"2021-716101",Fruit and Vegetable Processing Machine Operator,6347,,N
2025,"2021-716102",Distillery Process Machine Operator,6348,,N
2025,"2021-716103",Juice Extraction and Blending Process Machine Operator,6349,,N
2025,"2021-716104",Dairy Products Machine Operator,6350,,N
2025,"2021-716105",Bakery and Confectionary Products Machine Operator,6351,,N
2025,"2021-716106",Sugar Processing Machine Operator,6352,,N
2025,"2021-716107",Coffee and Tea Processing Machine Operator,6353,,N
2025,"2021-716108",Seed Processing Machine Operator,6354,,N
2025,"2021-716109",Milling Process Machine Operator,6355,,N
2025,"2021-716110",Tobacco Product Processing Machine Operator,6356,,N
2025,"2021-716111",Meat Processing Machine Operator,6357,,N
2025,"2021-716112",Seafood Processing Machine Operator,6358,,N
2025,"2021-716113",Grain Handling Operator,6359,,N
2025,"2021-716114",Sparkling Soft drink process machine operator,6360,,N
2025,"2021-716115",Wine processing machine operator,6361,,N
2025,"2021-716116","Cereals, snacks, pasta and condiments machine process operator",6362,,N
2025,"2021-716117",Brew house Process Machine Operator,6363,,N
2025,"2021-716118",Food and Beverage Process Operator,6364,,N
2025,"2021-717101",Wood and Paper Manufacturing Machine Minder,6365,,N
2025,"2021-717102",Paper and Pulp Mill Operator,6366,,N
2025,"2021-717201",Wood Processing Machine Operator,6367,,N
2025,"2021-718101",Clay Production Machine Operator,6368,,N
2025,"2021-718102",Glass Production Machine Operator,6369,,N
2025,"2021-718201",Boiler or Engine Operator,6370,,N
2025,"2021-718301",Labelling Machine Operator,6371,,N
2025,"2021-718302",Packing Machine Operator,6372,,N
2025,"2021-718303",Filling Line Operator,6373,,N
2025,"2021-718304",Packaging Manufacturing Machine Minder,6374,,N
2025,"2021-718901",Silicon Chip Production Machine Operator,6375,,N
2025,"2021-718902",Cable and Rope Splicing Machine Operator,6376,,N
2025,"2021-718903",Cable Manufacturing Machine Minder,6377,,N
2025,"2021-718904",Integrated Manufacturing Line Machine Setter,6378,,N
2025,"2021-718905",Engineering Production Systems Worker,6379,,N
2025,"2021-718906",Bulk Materials Handling Plant Operator,6380,,N
2025,"2021-718907",Weighbridge Operator,6381,,N
2025,"2021-718908",Car Compactor Operator,6382,,N
2025,"2021-718909",Lighthouse Keeper,6383,,N
2025,"2021-718910",Lock Master (Water Transport),6384,,N
2025,"2021-718911",Snow Maker,6385,,N
2025,"2021-718912",Wash Plant Operator,6386,,N
2025,"2021-718913",Motion Picture Projectionist,6387,,N
2025,"2021-718914",Sand Blaster,6388,,N
2025,"2021-718915",Venetian Blind Machine Operator,6389,,N
2025,"2021-721101",Machinery Assembler,6390,,N
2025,"2021-721201",Electrical and Electronic Equipment Assembler,6391,,N
2025,"2021-721901",Product Assembler,6392,,N
2025,"2021-731101",Train Driver,6393,,N
2025,"2021-731102",Tram Driver,6394,,N
2025,"2021-731201",Railway Signal Operator,6395,,N
2025,"2021-731202",Train Controller,6396,,N
2025,"2021-732101",Delivery Driver,6397,,N
2025,"2021-732102",Delivery Driver (Motorcycle),6398,,N
2025,"2021-732201",Chauffeur,6399,,N
2025,"2021-732202",Taxi Driver,6400,,N
2025,"2021-732203",Emergency Vehicle Drivers,6401,,N
2025,"2021-732204",Oversize Load Pilot / Escort,6402,,N
2025,"2021-733101",Bus Driver,6403,,N
2025,"2021-733102",Charter and Tour Bus Driver,6404,,N
2025,"2021-733103",Passenger Coach Driver,6405,,N
2025,"2021-733201",Truck Driver (General),6406,,N
2025,"2021-733202",Aircraft Refueller,6407,,N
2025,"2021-733203",Furniture Removalist,6408,,N
2025,"2021-733204",Tanker Driver,6409,,N
2025,"2021-733205",Tow Truck Driver,6410,,N
2025,"2021-733206",Armoured Personnel Carrier Operator,6411,,N
2025,"2021-733207",Snow Groomer,6412,,N
2025,"2021-733208",Mobile Mining Equipment Operator,6413,,N
2025,"2021-733209",Linemarker,6414,,N
2025,"2021-733210",Road Construction Plant Operator,6415,,N
2025,"2021-733211",Remotely Operated Vehicle (ROV) Pilot,6416,,N
2025,"2021-734101",Agricultural Mobile Plant (Equipment) Operator,6417,,N
2025,"2021-734102",Logging Plant Operator,6418,,N
2025,"2021-734201",Earthmoving Plant Operator (General),6419,,N
2025,"2021-734202",Backhoe Operator,6420,,N
2025,"2021-734203",Bulldozer Operator,6421,,N
2025,"2021-734204",Excavator Operator,6422,,N
2025,"2021-734205",Grader Operator,6423,,N
2025,"2021-734206",Loader Operator,6424,,N
2025,"2021-734207",Mulcher Operator,6425,,N
2025,"2021-734208",Tunnelling Machine Operator,6426,,N
2025,"2021-734209",Mobile Explosives Manufacturing Unit (MEMU) Operator,6427,,N
2025,"2021-734210",Scraper Operator,6428,,N
2025,"2021-734211",Dragline Operator,6429,,N
2025,"2021-734212",Railway Track Master,6430,,N
2025,"2021-734213",Road Roller Operator,6431,,N
2025,"2021-734214",Dump Truck Operator,6432,,N
2025,"2021-734301",Crane or Hoist Operator,6433,,N
2025,"2021-734302",Cable Ferry Operator,6434,,N
2025,"2021-734303",Dredge Operator,6435,,N
2025,"2021-734401",Lift Operator,6436,,N
2025,"2021-734402",Forklift Driver,6437,,N
2025,"2021-734403",Straddle Carrier Operator,6438,,N
2025,"2021-735101",Deck Hand,6439,,N
2025,"2021-735102",Jetty Operator,6440,,N
2025,"2021-811101",Domestic Cleaner,6441,,N
2025,"2021-811201",Commercial Cleaner,6442,,N
2025,"2021-811202",Healthcare Cleaner,6443,,N
2025,"2021-811203",Tea Attendant,6444,,N
2025,"2021-811204",Caretaker / cleaner,6445,,N
2025,"2021-812101",Laundry Worker (General),6446,,N
2025,"2021-812103",Ironer or Presser,6447,,N
2025,"2021-812104",Carpet Cleaner,6448,,N
2025,"2021-812201",Vehicle Detailer (Valet Servicer),6449,,N
2025,"2021-812301",Window Cleaner,6450,,N
2025,"2021-812901",Septic Tank Cleaner,6451,,N
2025,"2021-812902",Swimming Pool Cleaner,6452,,N
2025,"2021-812903",Washroom Attendant,6453,,N
2025,"2021-812904",Sterilisation Technician,6454,,N
2025,"2021-821101",Crop Production Farm Worker / Assistant,6455,,N
2025,"2021-821102",Irrigationist,6456,,N
2025,"2021-821103",Scout,6457,,N
2025,"2021-821104",Harvester / Picker,6458,,N
2025,"2021-821105",Pruner,6459,,N
2025,"2021-821201",Livestock Farm Worker / Assistant,6460,,N
2025,"2021-821202",Insect Farm Worker / Assistant,6461,,N
2025,"2021-821203",Game Farm Worker / Assistant,6462,,N
2025,"2021-821204","Poultry, Ratites or Avian Farm Worker / Assistant",6463,,N
2025,"2021-821205",Wool Handler,6464,,N
2025,"2021-821301",Mixed Crop and Livestock Farm Worker / Assistant,6465,,N
2025,"2021-821401",Garden Workers,6466,,N
2025,"2021-821402",Ornamental Horticultural or Nursery Assistant,6467,,N
2025,"2021-821403",Indoor Plant Worker,6468,,N
2025,"2021-821501",Forestry Worker,6469,,N
2025,"2021-821502",Logging Assistant,6470,,N
2025,"2021-821601",Fishing Hand,6471,,N
2025,"2021-821602",Aquaculture Farm Worker / Assistant,6472,,N
2025,"2021-831101",Mining Worker ,6473,,N
2025,"2021-831102",Driller's Assistant,6474,,N
2025,"2021-831103",Mineral Beneficiation Plant Worker,6475,,N
2025,"2021-831104",Mining Spotter Controller,6476,,N
2025,"2021-831301",Builder's Worker,6477,,N
2025,"2021-831302","Drainage, Sewerage and Storm Water Worker",6478,,N
2025,"2021-831303",Earthmoving Worker,6479,,N
2025,"2021-831304",Plumber's Assistant,6480,,N
2025,"2021-831305",Cement and Concrete Plant Worker,6481,,N
2025,"2021-831306",Paving and Surfacing Worker,6482,,N
2025,"2021-831307",Railway Track Worker,6483,,N
2025,"2021-831308",Crane Chaser,6484,,N
2025,"2021-831309",Lagger,6485,,N
2025,"2021-831310",Surveyor's Assistant,6486,,N
2025,"2021-831311",Fencer,6487,,N
2025,"2021-831312",Sign Erector,6488,,N
2025,"2021-831313",Water Process Worker,6489,,N
2025,"2021-832101",Packer (Non Perishable Products),6490,,N
2025,"2021-832102",Meat Packer,6491,,N
2025,"2021-832103",Fish or Seafood Packer,6492,,N
2025,"2021-832104",Cheese Packer,6493,,N
2025,"2021-832901",Metal Engineering Process Worker,6494,,N
2025,"2021-832902","Plastics, Composites and Rubber Factory Worker",6495,,N
2025,"2021-832903",Timber and Wood Process Worker,6496,,N
2025,"2021-832904",Food and Beverage Factory Worker,6497,,N
2025,"2021-832905",Footwear and Leather Factory Worker,6498,,N
2025,"2021-832906",Glass Processing Worker,6499,,N
2025,"2021-832907",Chemical Plant Worker,6500,,N
2025,"2021-832908",Clay Processing Factory Worker,6501,,N
2025,"2021-832909","Textile, Clothing and Footwear Factory Worker",6502,,N
2025,"2021-832910",Component Fitter,6503,,N
2025,"2021-833301",Freight Handler (Rail or Road),6504,,N
2025,"2021-833302",Truck Driver's Offsider,6505,,N
2025,"2021-833303",Waterside Worker,6506,,N
2025,"2021-833304",Airline Ground Crew,6507,,N
2025,"2021-833401",Shelf Filler,6508,,N
2025,"2021-833402",Store Person,6509,,N
2025,"2021-841101",Fast Food Cook,6510,,N
2025,"2021-841201",Kitchenhand,6511,,N
2025,"2021-841202",Food Trade Assistant,6512,,N
2025,"2021-851101",Car Park Attendant,6513,,N
2025,"2021-851102",Leaflet or Newspaper Deliverer,6514,,N
2025,"2021-852101",Street Vendor,6515,,N
2025,"2021-861101",Recycling or Rubbish Collector,6516,,N
2025,"2021-861201",Refuse Sorter,6517,,N
2025,"2021-861202",Waste Material Sorter and Classifier,6518,,N
2025,"2021-861301",Street Sweeper Operator,6519,,N
2025,"2021-862101",Busser,6520,,N
2025,"2021-862102",Luggage Porter,6521,,N
2025,"2021-862103",Cloak Room Attendant,6522,,N
2025,"2021-862104",Hotel Cellar Hand,6523,,N
2025,"2021-862201",Home Improvement Installer,6524,,N
2025,"2021-862202",Handyperson,6525,,N
2025,"2021-862301",Meter Reader,6526,,N
2025,"2021-862302",Vending Machine Attendant,6527,,N
2025,"2021-862913",Event Assistant,6528,,N
2025,"2021-862914",Sheltered Workshop Worker,6529,,N
2025,"2021-862915",Chemical Mixer,6530,,N
2025,"2021-862916",Farm Maintenance Worker,6531,,N
2025,"2021-862917",Crossing Supervisor,6532,,N
2025,"2021-862918",Electrical or Telecommunications Trades Assistant,6533,,N
2025,"2021-862919",Mechanic Trade Assistant,6534,,N
2025,"2021-862920",Railways Assistant,6535,,N
2025,"2021-862922",Electronics and Telecommunications Trades Assistant,6536,,N
2025,"2021-862923",Trolley Collector,6537,,N
2025,"2021-862924",Stage or Studio Hand,6538,,N
2025,"2021-862925",Caddie,6539,,N
2025,"2021-862926",Ticket Collector,6540,,N
2025,"2021-862927",Borehole Pump Operator ,6541,,N
2025,"2021-000000",No Mapping,6542,,N
2025,"2021-235205",Adult Education Teacher,6543,,N
2025,"2021-900000",Learner,6544,,N
2022,"2021-5162",Companions and Valets,250,Unit Group,Y
2023,"2021-6832",Garment and Related Patternmakers and Cutters,788,Unit Group,Y
2025,"2021-3212",Medical and Pathology Laboratory Technicians,1471,Unit Group,Y
2022,"2021-1421",Retail and Wholesale Trade Managers,30,Unit Group,Y
2023,"2021-2653",Dancers and Choreographers,555,Unit Group,Y
2023,"2021-6511",Metal Moulders and Coremakers,748,Unit Group,Y
2024,"2021-6834",Upholsterers and Related Workers,1232,Unit Group,Y
2025,"2021-6515",Riggers and Cable Splicers,1636,Unit Group,Y
2024,"2021-2424",Training and Staff Development Professionals,967,Unit Group,Y
2025,"2021-8311",Mining and Quarrying Labourers,1734,Unit Group,Y
2022,"2021-1331",Information and Communications Technology Service Managers,19,Unit Group,Y
2024,"2021-7211",Mechanical Machinery Assemblers,1266,Unit Group,Y
2023,"2021-3153",Aircraft Pilots and Related Associate Professionals,583,Unit Group,Y
2023,"2021-2142",Civil Engineers,477,Unit Group,Y
2022,"2021-2611",Lawyers,104,Unit Group,Y
2023,"2021-12",Administrative and Commercial Managers,41,Sub Major Group,Y
2023,"2021-7342",Earthmoving and Related Plant Operators,834,Unit Group,Y
2024,"2021-2433",Technical and Medical Sales Professionals (Excluding ICT),970,Unit Group,Y
2024,"2021-3121",Mining Production / Operations Supervisors,1011,Unit Group,Y
2024,"2021-53",Personal Care Workers,103,Sub Major Group,Y
2025,"2021-6121",Livestock and Dairy Producers,1607,Unit Group,Y
2023,"2021-53",Personal Care Workers,61,Sub Major Group,Y
2022,"2021-7143",Paper Products Machine Operators,373,Unit Group,Y
2023,"2021-4213",Pawnbrokers and Money-lenders,650,Unit Group,Y
2023,"2021-3341",Office Supervisors,617,Unit Group,Y
2024,"2021-1219",Business Services and Administration Managers not Elsewhere Classified,886,Unit Group,Y
2025,"2021-6523",Metal Working Machine Tool Setters and Operators,1639,Unit Group,Y
2022,"2021-6623",Print Finishing and Binding Workers,337,Unit Group,Y
2023,"2021-8334",Shelf Fillers,858,Unit Group,Y
2024,"2021-4411",Library Clerks,1108,Unit Group,Y
2023,"2021-7112",Mineral and Stone Processing Plant Operators,799,Unit Group,Y
2024,"2021-6836",Shoemakers and Related Workers,1234,Unit Group,Y
2024,"2021-7161",Food and Related Products Machine Operators,1259,Unit Group,Y
2025,"2021-6111",Field Crop and Vegetable Growers,1603,Unit Group,Y
2022,"2021-3118",Draughtspersons,132,Unit Group,Y
2022,"2021-5141",Hairdressers,244,Unit Group,Y
2023,"2021-6211",Forestry and Related Workers,872,Unit Group,Y
2022,"2021-1111",Legislators,1,Unit Group,Y
2023,"2021-7159","Textile, Fur and Leather Products Machine Operators not Elsewhere Classified",816,Unit Group,Y
2022,"2021-66",Handicraft and Printing Workers,28,Sub Major Group,Y
2022,"2021-1343",Aged Care Service Managers,22,Unit Group,Y
2022,"2021-7219",Assemblers not Elsewhere Classified,391,Unit Group,Y
2025,"2021-6425",Glaziers,1626,Unit Group,Y
2022,"2021-2222",Midwifery Professionals,60,Unit Group,Y
2023,"2021-3522",Telecommunications Engineering Technicians,643,Unit Group,Y
2024,"2021-4419",Clerical Support Workers not Elsewhere Classified,1114,Unit Group,Y
2024,"2021-6816",Tobacco Preparers and Tobacco Products Makers,1225,Unit Group,Y
2022,"2021-6313",Subsistence Mixed Crop and Livestock Farmers,295,Unit Group,Y
2024,"2021-9",LEARNERS,27,Major Group,Y
2025,"2021-9",LEARNERS,37,Major Group,Y
2022,"2021-8123",Window Cleaners,407,Unit Group,Y
2025,"2021-1439",Services Managers not Elsewhere Classified,1351,Unit Group,Y
2025,"2021-2512",Software Developers,1415,Unit Group,Y
2023,"2021-3255",Physiotherapy Technicians and Assistants,598,Unit Group,Y
2023,"2021-6844",Fumigators and Other Pest and Weed Controllers,796,Unit Group,Y
2025,"2021-1223",Research and Development Managers,1331,Unit Group,Y
2025,"2021-2622",Librarians and Related Information Professionals,1427,Unit Group,Y
2025,"2021-6531",Motor Vehicle Mechanics and Repairers,1641,Unit Group,Y
2023,"2021-67",Electrical and Electronics Trades Workers,68,Sub Major Group,Y
2023,"2021-2163",Product and Garment Designers,488,Unit Group,Y
2023,"2021-9000",Learner,871,Unit Group,Y
2025,"2021-3258",Ambulance Workers,1485,Unit Group,Y
2022,"2021-5164",Pet Groomers and Animal Care Workers,252,Unit Group,Y
2022,"2021-6822",Cabinet Makers and Related Workers,350,Unit Group,Y
2023,"2021-1345",Education Managers,459,Unit Group,Y
2024,"2021-2411",Accountants,961,Unit Group,Y
2025,"2021-7153",Sewing Machine Operators,1695,Unit Group,Y
2022,"2021-6523",Metal Working Machine Tool Setters and Operators,320,Unit Group,Y
2022,"2021-7343","Crane, Hoist and Related Plant Operators",400,Unit Group,Y
2025,"2021-4",CLERICAL SUPPORT WORKERS,32,Major Group,Y
2024,"2021-83","Labourers in Mining, Construction, Manufacturing and Transport",118,Sub Major Group,Y
2022,"2021-5169",Personal Services Workers not Elsewhere Classified,254,Unit Group,Y
2023,"2021-5421",Seaward Defence Members,714,Unit Group,Y
2024,"2021-2261",Dentists,941,Unit Group,Y
2024,"2021-4415",Filing and Copying Clerks,1112,Unit Group,Y
2025,"2021-2133",Environmental Protection Professionals,1359,Unit Group,Y
2025,"2021-4412",Mail Carriers and Sorting Clerks,1551,Unit Group,Y
2024,"2021-7",PLANT AND MACHINE OPERATORS AND ASSEMBLERS,25,Major Group,Y
2022,"2021-3321",Insurance Representatives,173,Unit Group,Y
2023,"2021-6524","Metal Polishers, Wheel Grinders and Tool Sharpeners",756,Unit Group,Y
2024,"2021-2654","Film, Stage and Related Directors and Producers",998,Unit Group,Y
2025,"2021-6113","Gardeners, Ornamental Horticultural and Nursery Growers",1605,Unit Group,Y
2024,"2021-6814","Fruit, Vegetable and Related Preservers",1223,Unit Group,Y
2022,"2021-5152",Domestic Housekeepers,247,Unit Group,Y
2023,"2021-3252",Medical Records and Health Information Technicians,595,Unit Group,Y
2025,"2021-2341",Primary School or Foundational Phase Teachers,1394,Unit Group,Y
2022,"2021-7321",Motorcycle Drivers,394,Unit Group,Y
2022,"2021-8411",Fast Food Preparers,424,Unit Group,Y
2023,"2021-1111",Legislators,436,Unit Group,Y
2025,"2021-7113",Well Drillers and Borers and Related Workers,1684,Unit Group,Y
2023,"2021-5131",Waiters,677,Unit Group,Y
2023,"2021-6616","Sign Writers, Decorative Painters, Engravers and Etchers",766,Unit Group,Y
2024,"2021-1344",Social Welfare Managers,900,Unit Group,Y
2025,"2021-5411",Fire fighters,1592,Unit Group,Y
2022,"2021-5",SERVICE AND SALES WORKERS,5,Major Group,Y
2023,"2021-2612",Judges,540,Unit Group,Y
2025,"2021-3324",Trade Brokers,1495,Unit Group,Y
2025,"2021-85",Street and Related Sales and Service Workers,162,Sub Major Group,Y
2025,"2021-6514",Structural Metal Preparers and Erectors,1635,Unit Group,Y
2024,"2021-2359",Teaching Professionals not Elsewhere Classified,960,Unit Group,Y
2024,"2021-6433",Building Structure Cleaners,1189,Unit Group,Y
2025,"2021-5311",Child Care Workers,1587,Unit Group,Y
2025,"2021-66",Handicraft and Printing Workers,152,Sub Major Group,Y
2023,"2021-5321",Health Care Assistants,705,Unit Group,Y
2024,"2021-6427",Air Conditioning and Refrigeration Mechanics,1186,Unit Group,Y
2022,"2021-51",Personal Service Workers,20,Sub Major Group,Y
2022,"2021-3113",Electrical Engineering Technicians,127,Unit Group,Y
2023,"2021-2642",Journalists,551,Unit Group,Y
2024,"2021-8321",Hand Packers,1295,Unit Group,Y
2025,"2021-1221",Sales and Marketing Managers,1329,Unit Group,Y
2023,"2021-6222",Skilled Inland and Coastal Waters Fishery Workers,874,Unit Group,Y
2024,"2021-3433","Gallery, Museum and Library Technicians",1077,Unit Group,Y
2024,"2021-6311",Subsistence Crop Farmers,1170,Unit Group,Y
2022,"2021-65","Metal, Machinery and Related Trades Workers",27,Sub Major Group,Y
2025,"2021-5424",Defence Support Members,1601,Unit Group,Y
2024,"2021-86",Refuse Workers and Other Elementary Workers,121,Sub Major Group,Y
2022,"2021-5311",Child Care Workers,268,Unit Group,Y
2023,"2021-5222",Shop Supervisors,693,Unit Group,Y
2025,"2021-6816",Tobacco Preparers and Tobacco Products Makers,1667,Unit Group,Y
2023,"2021-3513",Computer Network and Systems Technicians,640,Unit Group,Y
2022,"2021-3351",Customs and Border Inspectors,186,Unit Group,Y
2025,"2021-1322",Mining Managers,1335,Unit Group,Y
2022,"2021-2262",Pharmacists,65,Unit Group,Y
2025,"2021-2211",Generalist Medical Practitioners,1376,Unit Group,Y
2025,"2021-3142",Agricultural Technicians,1463,Unit Group,Y
2025,"2021-3511",Information and Communications Technology Operations Technicians,1522,Unit Group,Y
2023,"2021-25",Information and Communications Technology Professionals,48,Sub Major Group,Y
2023,"2021-6813",Dairy Products Makers,780,Unit Group,Y
2024,"2021-4226",Receptionists (General),1099,Unit Group,Y
2025,"2021-33",Business and Administration Associate Professionals,136,Sub Major Group,Y
2022,"2021-5329",Personal Care Workers in Health Services not Elsewhere Classified,272,Unit Group,Y
2024,"2021-4222",Contact Centre Information Clerks,1095,Unit Group,Y
2022,"2021-2656","Announcers On Radio, Television and Other Media",123,Unit Group,Y
2024,"2021-5222",Shop Supervisors,1135,Unit Group,Y
2024,"2021-52",Sales Workers,102,Sub Major Group,Y
2022,"2021-2221",Nursing Professionals,59,Unit Group,Y
2024,"2021-8521",Street Vendors,1304,Unit Group,Y
2023,"2021-2269",Health Professionals not Elsewhere Classified,506,Unit Group,Y
2025,"2021-6221",Skilled Aquaculture Workers,1757,Unit Group,Y
2023,"2021-2114",Geologists and Geophysicists,471,Unit Group,Y
2024,"2021-7122","Metal Finishing, Plating and Coating Machine Operators",1245,Unit Group,Y
2022,"2021-4121",Secretaries (General),210,Unit Group,Y
2023,"2021-8123",Window Cleaners,842,Unit Group,Y
2023,"2021-3354",Government Licensing Officials,624,Unit Group,Y
2024,"2021-3312",Credit and Loans Officers,1046,Unit Group,Y
2025,"2021-4226",Receptionists (General),1541,Unit Group,Y
2022,"2021-2133",Environmental Protection Professionals,40,Unit Group,Y
2023,"2021-3313",Accounting Associate Professionals,605,Unit Group,Y
2023,"2021-54",Protective Services Workers,62,Sub Major Group,Y
2022,"2021-1344",Social Welfare Managers,23,Unit Group,Y
2022,"2021-2321",Vocational or Further Education Teachers,73,Unit Group,Y
2023,"2021-7151","Fibre Preparing, Spinning and Winding Machine Operators",809,Unit Group,Y
2025,"2021-3123",Construction Supervisors,1455,Unit Group,Y
2022,"2021-42",Customer Services Clerks,17,Sub Major Group,Y
2025,"2021-32",Health Associate Professionals,135,Sub Major Group,Y
2022,"2021-5423",Landward Defence Members,281,Unit Group,Y
2024,"2021-3155",Air Traffic Safety Electronics Technicians,1027,Unit Group,Y
2024,"2021-6832",Garment and Related Patternmakers and Cutters,1230,Unit Group,Y
2024,"2021-73",Drivers and Mobile Plant Operators,115,Sub Major Group,Y
2024,"2021-6131",Mixed Crop and Animal Producers,1169,Unit Group,Y
2024,"2021-3117",Mining and Metallurgical Technicians,1008,Unit Group,Y
2024,"2021-3411",Legal and Related Associate Professionals,1069,Unit Group,Y
2022,"2021-4224",Hotel Receptionists,220,Unit Group,Y
2025,"2021-34","Legal, Social, Cultural and Related Associate Professionals",137,Sub Major Group,Y
2024,"2021-1113",Traditional Chiefs and Heads of Villages,880,Unit Group,Y
2024,"2021-1412",Restaurant Managers,906,Unit Group,Y
2025,"2021-6849",Craft and Related Workers not Elsewhere Classified,1681,Unit Group,Y
2023,"2021-2113",Chemists,470,Unit Group,Y
2023,"2021-2513",Web and Multimedia Developers,532,Unit Group,Y
2024,"2021-3323",Buyers,1052,Unit Group,Y
2022,"2021-2141",Industrial and Production Engineers,41,Unit Group,Y
2023,"2021-3151",Ships' Engineers,581,Unit Group,Y
2022,"2021-3155",Air Traffic Safety Electronics Technicians,150,Unit Group,Y
2023,"2021-6431",Painters and Related Workers,745,Unit Group,Y
2024,"2021-7212",Electrical and Electronic Equipment Assemblers,1267,Unit Group,Y
2022,"2021-6427",Air Conditioning and Refrigeration Mechanics,309,Unit Group,Y
2022,"2021-6844",Fumigators and Other Pest and Weed Controllers,361,Unit Group,Y
2023,"2021-3352",Government Tax and Excise Officials,622,Unit Group,Y
2025,"2021-6814","Fruit, Vegetable and Related Preservers",1665,Unit Group,Y
2022,"2021-6622",Printers,336,Unit Group,Y
2023,"2021-2529",Database and Network Professionals not Elsewhere Classified,538,Unit Group,Y
2023,"2021-41",General and Keyboard Clerks,55,Sub Major Group,Y
2022,"2021-1411",Hotel Managers,28,Unit Group,Y
2024,"2021-1211",Finance Managers,883,Unit Group,Y
2022,"2021-8623",Meter Readers and Vending-machine Collectors,433,Unit Group,Y
2023,"2021-2265",Dieticians and Nutritionists,503,Unit Group,Y
2023,"2021-6112",Tree and Shrub Crop Growers,720,Unit Group,Y
2024,"2021-43",Numerical and Material Recording Clerks,99,Sub Major Group,Y
2025,"2021-2164",Town and Traffic Planners,1373,Unit Group,Y
2025,"2021-2222",Midwifery Professionals,1379,Unit Group,Y
2022,"2021-3422","Sports Coaches, Instructors and Officials",196,Unit Group,Y
2025,"2021-1347",Armed Forces Managers,1345,Unit Group,Y
2023,"2021-2342",Early Childhood Educators,511,Unit Group,Y
2024,"2021-5311",Child Care Workers,1145,Unit Group,Y
2023,"2021-2356",Information Technology Trainers,517,Unit Group,Y
2023,"2021-4226",Receptionists (General),657,Unit Group,Y
2024,"2021-3257",Environmental and Occupational Health Inspectors and Associates,1042,Unit Group,Y
2022,"2021-4222",Contact Centre Information Clerks,218,Unit Group,Y
2022,"2021-2521",Database Designers and Administrators,100,Unit Group,Y
2024,"2021-2612",Judges,982,Unit Group,Y
2025,"2021-2151",Electrical Engineers,1367,Unit Group,Y
2025,"2021-2161",Building Architects,1370,Unit Group,Y
2022,"2021-6849",Craft and Related Workers not Elsewhere Classified,362,Unit Group,Y
2025,"2021-8123",Window Cleaners,1726,Unit Group,Y
2024,"2021-4321",Stock Clerks,1105,Unit Group,Y
2024,"2021-4412",Mail Carriers and Sorting Clerks,1109,Unit Group,Y
2022,"2021-5411",Fire fighters,273,Unit Group,Y
2023,"2021-3142",Agricultural Technicians,579,Unit Group,Y
2023,"2021-81",Cleaners and Helpers,73,Sub Major Group,Y
2022,"2021-6834",Upholsterers and Related Workers,355,Unit Group,Y
2023,"2021-3254",Dispensing Opticians,597,Unit Group,Y
2022,"2021-6522",Toolmakers and Related Workers,319,Unit Group,Y
2022,"2021-3111",Chemical and Physical Science Technicians,125,Unit Group,Y
2024,"2021-2656","Announcers On Radio, Television and Other Media",1000,Unit Group,Y
2024,"2021-2212",Specialist Medical Practitioners,935,Unit Group,Y
2024,"2021-2643","Translators, Interpreters and Other Linguists",994,Unit Group,Y
2022,"2021-43",Numerical and Material Recording Clerks,18,Sub Major Group,Y
2022,"2021-6832",Garment and Related Patternmakers and Cutters,353,Unit Group,Y
2024,"2021-5423",Landward Defence Members,1158,Unit Group,Y
2024,"2021-8329",Manufacturing Labourers not Elsewhere Classified,1296,Unit Group,Y
2022,"2021-21","Physical, Mathematical and Engineering Science Professionals",5,Sub Major Group,Y
2025,"2021-3512",Information and Communications Technology User Support Technicians,1523,Unit Group,Y
2025,"2021-14","Hospitality, Retail and Other Services Managers",127,Sub Major Group,Y
2022,"2021-4",CLERICAL SUPPORT WORKERS,4,Major Group,Y
2022,"2021-3354",Government Licensing Officials,189,Unit Group,Y
2025,"2021-63","Subsistence Farmers, Fishers, Hunters and Gatherers",149,Sub Major Group,Y
2022,"2021-3122",Manufacturing Supervisors,135,Unit Group,Y
2023,"2021-52",Sales Workers,60,Sub Major Group,Y
2023,"2021-2412",Financial and Investment Advisors,520,Unit Group,Y
2025,"2021-7312","Railway Brake, Signal and Switch Operators",1712,Unit Group,Y
2022,"2021-8212",Livestock Farm Labourers,410,Unit Group,Y
2024,"2021-1431","Sports, Recreation and Cultural Centre Managers",908,Unit Group,Y
2022,"2021-6423",Plasterers,305,Unit Group,Y
2023,"2021-3343",Administrative and Executive Secretaries,619,Unit Group,Y
2023,"2021-6122",Poultry Producers,724,Unit Group,Y
2023,"2021-3253",Community Health Workers,596,Unit Group,Y
2025,"2021-6833","Sewing, Embroidery and Related Workers",1673,Unit Group,Y
2025,"2021-5113",Travel Guides,1559,Unit Group,Y
2023,"2021-6521","Blacksmiths, Hammersmiths and Forging Press Workers",753,Unit Group,Y
2024,"2021-3213",Pharmaceutical Technicians and Assistants,1030,Unit Group,Y
2022,"2021-4322",Production Clerks,229,Unit Group,Y
2023,"2021-3322",Commercial Sales Representatives,609,Unit Group,Y
2025,"2021-2145",Chemical Engineers,1364,Unit Group,Y
2025,"2021-2163",Product and Garment Designers,1372,Unit Group,Y
2025,"2021-42",Customer Services Clerks,140,Sub Major Group,Y
2024,"2021-3413",Religious Associate Professionals,1071,Unit Group,Y
2022,"2021-1221",Sales and Marketing Managers,10,Unit Group,Y
2022,"2021-7121",Metal Processing Plant Operators,367,Unit Group,Y
2023,"2021-5163",Undertakers and Embalmers,686,Unit Group,Y
2023,"2021-5169",Personal Services Workers not Elsewhere Classified,689,Unit Group,Y
2025,"2021-6532",Aircraft Engine Mechanics and Repairers,1642,Unit Group,Y
2023,"2021-5112",Transport Conductors,674,Unit Group,Y
2024,"2021-8623",Meter Readers and Vending-machine Collectors,1310,Unit Group,Y
2025,"2021-6314","Subsistence Fishers, Hunters, Trappers and Gatherers",1615,Unit Group,Y
2022,"2021-2434",Information and Communications Technology Sales Professionals,94,Unit Group,Y
2023,"2021-5244",Contact Centre Salespersons,699,Unit Group,Y
2024,"2021-6712",Electrical Mechanics and Fitters,1216,Unit Group,Y
2022,"2021-33",Business and Administration Associate Professionals,13,Sub Major Group,Y
2022,"2021-3411",Legal and Related Associate Professionals,192,Unit Group,Y
2023,"2021-8624",Water and Firewood Collectors,869,Unit Group,Y
2024,"2021-2222",Midwifery Professionals,937,Unit Group,Y
2024,"2021-5164",Pet Groomers and Animal Care Workers,1129,Unit Group,Y
2024,"2021-6622",Printers,1213,Unit Group,Y
2025,"2021-1222",Advertising and Public Relations Managers,1330,Unit Group,Y
2024,"2021-3115",Mechanical Engineering Technicians,1006,Unit Group,Y
2025,"2021-2359",Teaching Professionals not Elsewhere Classified,1402,Unit Group,Y
2024,"2021-3251",Dental Assistants and Therapists,1036,Unit Group,Y
2025,"2021-8112","Cleaners and Helpers in Offices, Hotels and Other Establishments",1723,Unit Group,Y
2023,"2021-7212",Electrical and Electronic Equipment Assemblers,825,Unit Group,Y
2024,"2021-6613",Jewellery and Precious Metal Workers,1205,Unit Group,Y
2025,"2021-2149",Engineering Professionals not Elsewhere Classified,1366,Unit Group,Y
2025,"2021-3411",Legal and Related Associate Professionals,1511,Unit Group,Y
2023,"2021-2145",Chemical Engineers,480,Unit Group,Y
2023,"2021-3122",Manufacturing Supervisors,570,Unit Group,Y
2024,"2021-2351",Education Methods Specialists,954,Unit Group,Y
2024,"2021-2353",Other Language Teachers,956,Unit Group,Y
2024,"2021-5165",Driving Instructors,1130,Unit Group,Y
2023,"2021-3213",Pharmaceutical Technicians and Assistants,588,Unit Group,Y
2024,"2021-3514",Web Technicians,1083,Unit Group,Y
2024,"2021-8313",Building Construction Labourers,1294,Unit Group,Y
2025,"2021-3122",Manufacturing Supervisors,1454,Unit Group,Y
2022,"2021-13",Production and Specialised Services Managers,3,Sub Major Group,Y
2022,"2021-52",Sales Workers,21,Sub Major Group,Y
2022,"2021-3314","Statistical, Mathematical and Related Associate Professionals",171,Unit Group,Y
2023,"2021-4131",Typists and Word Processing Operators,646,Unit Group,Y
2025,"2021-2631",Economists,1428,Unit Group,Y
2025,"2021-6617","Handicraft Workers in Wood, Basketry and Related Materials",1651,Unit Group,Y
2025,"2021-31",Science and Engineering Associate Professionals,134,Sub Major Group,Y
2023,"2021-5111",Travel Attendants and Travel Stewards,673,Unit Group,Y
2023,"2021-5211",Stall and Market Salespersons,690,Unit Group,Y
2022,"2021-3433","Gallery, Museum and Library Technicians",200,Unit Group,Y
2024,"2021-6619",Handicraft Workers not Elsewhere Classified,1211,Unit Group,Y
2022,"2021-2265",Dieticians and Nutritionists,68,Unit Group,Y
2025,"2021-2267",Optometrists and Ophthalmic Opticians,1389,Unit Group,Y
2023,"2021-2321",Vocational or Further Education Teachers,508,Unit Group,Y
2024,"2021-6532",Aircraft Engine Mechanics and Repairers,1200,Unit Group,Y
2025,"2021-2619",Legal Professionals not Elsewhere Classified,1425,Unit Group,Y
2025,"2021-3433","Gallery, Museum and Library Technicians",1519,Unit Group,Y
2022,"2021-2142",Civil Engineers,42,Unit Group,Y
2022,"2021-3132",Incinerator and Water Treatment Plant Operators,138,Unit Group,Y
2022,"2021-3413",Religious Associate Professionals,194,Unit Group,Y
2023,"2021-3259",Health Associate Professionals not Elsewhere Classified,602,Unit Group,Y
2022,"2021-5221",Shop Keepers,257,Unit Group,Y
2022,"2021-6815",Food and Beverage Tasters and Graders,347,Unit Group,Y
2022,"2021-7157",Laundry Machine Operators,380,Unit Group,Y
2023,"2021-7141",Rubber Products Machine Operators,806,Unit Group,Y
2025,"2021-3141",Life Science Technicians (Excluding Medical),1462,Unit Group,Y
2025,"2021-8313",Building Construction Labourers,1736,Unit Group,Y
2022,"2021-8629",Elementary Workers not Elsewhere Classified,435,Unit Group,Y
2023,"2021-1341",Child Care Service Managers,455,Unit Group,Y
2025,"2021-2263",Environmental and Occupational Health and Hygiene Professionals,1385,Unit Group,Y
2023,"2021-6613",Jewellery and Precious Metal Workers,763,Unit Group,Y
2024,"2021-5231",Cashiers and Ticket Clerks,1137,Unit Group,Y
2025,"2021-2431",Advertising and Marketing Professionals,1410,Unit Group,Y
2025,"2021-2635",Social Work and Counselling Professionals,1432,Unit Group,Y
2023,"2021-4321",Stock Clerks,663,Unit Group,Y
2022,"2021-8622",Odd Job Persons,432,Unit Group,Y
2023,"2021-2352",Special Needs Teachers,513,Unit Group,Y
2024,"2021-7351",Ships' Deck Crews and Related Workers,1279,Unit Group,Y
2025,"2021-3323",Buyers,1494,Unit Group,Y
2025,"2021-6313",Subsistence Mixed Crop and Livestock Farmers,1614,Unit Group,Y
2024,"2021-7114","Cement, Stone and Other Mineral Products Machine Operators",1243,Unit Group,Y
2022,"2021-2634",Psychologists,112,Unit Group,Y
2022,"2021-3323",Buyers,175,Unit Group,Y
2023,"2021-8331",Hand and Pedal Vehicle Drivers,855,Unit Group,Y
2022,"2021-3154",Air Traffic Controllers,149,Unit Group,Y
2023,"2021-3359",Government Regulatory Associate Professionals not Elsewhere Classified,626,Unit Group,Y
2022,"2021-3114",Electronics Engineering Technicians,128,Unit Group,Y
2022,"2021-2424",Training and Staff Development Professionals,90,Unit Group,Y
2025,"2021-3314","Statistical, Mathematical and Related Associate Professionals",1490,Unit Group,Y
2023,"2021-9",LEARNERS,17,Major Group,Y
2022,"2021-7142",Plastic Products Machine Operators,372,Unit Group,Y
2025,"2021-0000",No Mapping,1761,Unit Group,Y
2022,"2021-3116",Chemical Engineering Technicians,130,Unit Group,Y
2023,"2021-3514",Web Technicians,641,Unit Group,Y
2024,"2021-2356",Information Technology Trainers,959,Unit Group,Y
2024,"2021-6514",Structural Metal Preparers and Erectors,1193,Unit Group,Y
2024,"2021-8312",Civil Engineering Labourers,1293,Unit Group,Y
2022,"2021-1212",Human Resource Managers,7,Unit Group,Y
2022,"2021-2266",Audiologists and Speech Therapists,69,Unit Group,Y
2023,"2021-6619",Handicraft Workers not Elsewhere Classified,769,Unit Group,Y
2024,"2021-7143",Paper Products Machine Operators,1250,Unit Group,Y
2025,"2021-7212",Electrical and Electronic Equipment Assemblers,1709,Unit Group,Y
2023,"2021-68","Food Processing, Wood Working, Garment and Other Craft and Related Trades Workers",69,Sub Major Group,Y
2022,"2021-6411",House Builders,297,Unit Group,Y
2023,"2021-1222",Advertising and Public Relations Managers,446,Unit Group,Y
2023,"2021-6617","Handicraft Workers in Wood, Basketry and Related Materials",767,Unit Group,Y
2025,"2021-3341",Office Supervisors,1501,Unit Group,Y
2023,"2021-2162",Landscape Architects,487,Unit Group,Y
2024,"2021-2342",Early Childhood Educators,953,Unit Group,Y
2025,"2021-6521","Blacksmiths, Hammersmiths and Forging Press Workers",1637,Unit Group,Y
2022,"2021-7182",Steam Engine and Boiler Operators,386,Unit Group,Y
2025,"2021-2265",Dieticians and Nutritionists,1387,Unit Group,Y
2025,"2021-3439",Artistic and Cultural Associate Professionals not Elsewhere Classified,1521,Unit Group,Y
2025,"2021-6611",Precision-instrument Makers and Repairers,1645,Unit Group,Y
2023,"2021-4419",Clerical Support Workers not Elsewhere Classified,672,Unit Group,Y
2024,"2021-6425",Glaziers,1184,Unit Group,Y
2025,"2021-5242",Sales Demonstrators,1581,Unit Group,Y
2022,"2021-3423",Fitness and Recreation Instructors and Program Leaders,197,Unit Group,Y
2023,"2021-2121","Mathematicians, Actuaries and Statisticians",472,Unit Group,Y
2023,"2021-6513",Sheet Metal Workers,750,Unit Group,Y
2024,"2021-3258",Ambulance Workers,1043,Unit Group,Y
2022,"2021-1113",Traditional Chiefs and Heads of Villages,3,Unit Group,Y
2022,"2021-7181",Glass and Ceramics Plant Operators,385,Unit Group,Y
2023,"2021-8213",Mixed Crop and Livestock Farm Labourers,846,Unit Group,Y
2024,"2021-8612",Refuse Sorters,1306,Unit Group,Y
2025,"2021-2166",Graphic and Multimedia Designers,1375,Unit Group,Y
2025,"2021-8613",Sweepers and Related Labourers,1749,Unit Group,Y
2022,"2021-5245",Service Station Attendants,265,Unit Group,Y
2023,"2021-6531",Motor Vehicle Mechanics and Repairers,757,Unit Group,Y
2024,"2021-6616","Sign Writers, Decorative Painters, Engravers and Etchers",1208,Unit Group,Y
2024,"2021-7156",Shoemaking and Related Machine Operators,1256,Unit Group,Y
2023,"2021-3333",Employment Agents and Contractors,614,Unit Group,Y
2025,"2021-1121",Managing Directors and Chief Executives,1324,Unit Group,Y
2023,"2021-3321",Insurance Representatives,608,Unit Group,Y
2024,"2021-3241",Veterinary Technicians and Assistants,1035,Unit Group,Y
2025,"2021-3259",Health Associate Professionals not Elsewhere Classified,1486,Unit Group,Y
2023,"2021-3257",Environmental and Occupational Health Inspectors and Associates,600,Unit Group,Y
2025,"2021-2342",Early Childhood Educators,1395,Unit Group,Y
2025,"2021-7311",Locomotive Engine Drivers,1711,Unit Group,Y
2023,"2021-3324",Trade Brokers,611,Unit Group,Y
2024,"2021-7312","Railway Brake, Signal and Switch Operators",1270,Unit Group,Y
2025,"2021-3153",Aircraft Pilots and Related Associate Professionals,1467,Unit Group,Y
2025,"2021-53",Personal Care Workers,145,Sub Major Group,Y
2022,"2021-3152",Ships' Deck Officers and Pilots,147,Unit Group,Y
2024,"2021-2512",Software Developers,973,Unit Group,Y
2022,"2021-8211",Crop Farm Workers,409,Unit Group,Y
2025,"2021-6415",Carpenters and Joiners,1620,Unit Group,Y
2023,"2021-3214",Medical and Dental Prosthetic Technicians,589,Unit Group,Y
2024,"2021-3341",Office Supervisors,1059,Unit Group,Y
2022,"2021-8313",Building Construction Labourers,417,Unit Group,Y
2025,"2021-2354",Other Music Teachers,1399,Unit Group,Y
2023,"2021-6822",Cabinet Makers and Related Workers,785,Unit Group,Y
2024,"2021-2655",Actors,999,Unit Group,Y
2023,"2021-6313",Subsistence Mixed Crop and Livestock Farmers,730,Unit Group,Y
2024,"2021-3134",Petroleum and Natural Gas Refining Plant Operators,1017,Unit Group,Y
2023,"2021-8622",Odd Job Persons,867,Unit Group,Y
2024,"2021-1312",Aquaculture and Fisheries Production Managers,891,Unit Group,Y
2024,"2021-2132","Farming, Forestry and Fisheries Advisers",916,Unit Group,Y
2024,"2021-6412",Bricklayers and Related Workers,1175,Unit Group,Y
2024,"2021-6812","Bakers, Pastry-cooks and Confectionery Makers",1221,Unit Group,Y
2025,"2021-6432",Spray Painters and Varnishers,1630,Unit Group,Y
2024,"2021-6621",Pre-press Technicians,1212,Unit Group,Y
2023,"2021-3433","Gallery, Museum and Library Technicians",635,Unit Group,Y
2024,"2021-6612",Musical Instrument Makers and Tuners,1204,Unit Group,Y
2025,"2021-3359",Government Regulatory Associate Professionals not Elsewhere Classified,1510,Unit Group,Y
2025,"2021-3135",Metal Production Process Controllers,1460,Unit Group,Y
2022,"2021-6521","Blacksmiths, Hammersmiths and Forging Press Workers",318,Unit Group,Y
2023,"2021-2153",Telecommunications Engineers,485,Unit Group,Y
2024,"2021-7112",Mineral and Stone Processing Plant Operators,1241,Unit Group,Y
2023,"2021-2354",Other Music Teachers,515,Unit Group,Y
2023,"2021-6834",Upholsterers and Related Workers,790,Unit Group,Y
2022,"2021-2161",Building Architects,51,Unit Group,Y
2022,"2021-6314","Subsistence Fishers, Hunters, Trappers and Gatherers",296,Unit Group,Y
2023,"2021-5132",Bartenders,678,Unit Group,Y
2024,"2021-4212","Bookmakers, Croupiers and Related Gaming Workers",1091,Unit Group,Y
2024,"2021-6835","Pelt Dressers, Tanners and Fellmongers",1233,Unit Group,Y
2025,"2021-24",Business and Administration Professionals,131,Sub Major Group,Y
2022,"2021-3339",Business Services Agents not Elsewhere Classified,181,Unit Group,Y
2022,"2021-5142",Beauticians and Related Workers,245,Unit Group,Y
2023,"2021-2221",Nursing Professionals,494,Unit Group,Y
2023,"2021-6816",Tobacco Preparers and Tobacco Products Makers,783,Unit Group,Y
2025,"2021-6843",Product Graders and Testers (Except Foods and Beverages),1679,Unit Group,Y
2024,"2021-4",CLERICAL SUPPORT WORKERS,22,Major Group,Y
2024,"2021-3142",Agricultural Technicians,1021,Unit Group,Y
2024,"2021-7153",Sewing Machine Operators,1253,Unit Group,Y
2025,"2021-1321",Manufacturing Managers,1334,Unit Group,Y
2022,"2021-5425",Airward Defence Members,283,Unit Group,Y
2024,"2021-4111",General Office Clerks,1086,Unit Group,Y
2025,"2021-7189",Stationary Plant and Machine Operators not Elsewhere Classified,1707,Unit Group,Y
2022,"2021-8112","Cleaners and Helpers in Offices, Hotels and Other Establishments",404,Unit Group,Y
2025,"2021-2141",Industrial and Production Engineers,1360,Unit Group,Y
2022,"2021-8213",Mixed Crop and Livestock Farm Labourers,411,Unit Group,Y
2024,"2021-1111",Legislators,878,Unit Group,Y
2022,"2021-3135",Metal Production Process Controllers,141,Unit Group,Y
2022,"2021-7322","Car, Taxi and Van Drivers",395,Unit Group,Y
2023,"2021-2161",Building Architects,486,Unit Group,Y
2023,"2021-2522",Systems Administrators,536,Unit Group,Y
2023,"2021-5415",Intelligence Operators,712,Unit Group,Y
2024,"2021-2267",Optometrists and Ophthalmic Opticians,947,Unit Group,Y
2025,"2021-2413",Financial Analysts,1405,Unit Group,Y
2024,"2021-64",Building and Related Trades Workers,108,Sub Major Group,Y
2023,"2021-2132","Farming, Forestry and Fisheries Advisers",474,Unit Group,Y
2025,"2021-2212",Specialist Medical Practitioners,1377,Unit Group,Y
2025,"2021-6412",Bricklayers and Related Workers,1617,Unit Group,Y
2024,"2021-33",Business and Administration Associate Professionals,94,Sub Major Group,Y
2024,"2021-2321",Vocational or Further Education Teachers,950,Unit Group,Y
2023,"2021-73",Drivers and Mobile Plant Operators,72,Sub Major Group,Y
2025,"2021-81",Cleaners and Helpers,158,Sub Major Group,Y
2024,"2021-6413","Stonemasons, Stone Cutters, Splitters and Carvers",1176,Unit Group,Y
2023,"2021-1121",Managing Directors and Chief Executives,440,Unit Group,Y
2024,"2021-6833","Sewing, Embroidery and Related Workers",1231,Unit Group,Y
2023,"2021-42",Customer Services Clerks,56,Sub Major Group,Y
2023,"2021-6114",Mixed Crop Growers,722,Unit Group,Y
2024,"2021-2423",Personnel and Careers Professionals,966,Unit Group,Y
2023,"2021-2353",Other Language Teachers,514,Unit Group,Y
2024,"2021-13",Production and Specialised Services Managers,84,Sub Major Group,Y
2024,"2021-1321",Manufacturing Managers,892,Unit Group,Y
2022,"2021-3253",Community Health Workers,161,Unit Group,Y
2022,"2021-3256",Medical Assistants,164,Unit Group,Y
2025,"2021-73",Drivers and Mobile Plant Operators,157,Sub Major Group,Y
2023,"2021-8111",Domestic Cleaners and Helpers,838,Unit Group,Y
2023,"2021-8312",Civil Engineering Labourers,851,Unit Group,Y
2025,"2021-4229",Client Information Workers not Elsewhere Classified,1543,Unit Group,Y
2024,"2021-22",Health Professionals,87,Sub Major Group,Y
2023,"2021-1342",Health Service Managers,456,Unit Group,Y
2024,"2021-0000",No Mapping,1319,Unit Group,Y
2025,"2021-7332",Heavy Truck and Lorry Drivers,1716,Unit Group,Y
2023,"2021-5121",Cooks,676,Unit Group,Y
2023,"2021-6622",Printers,771,Unit Group,Y
2025,"2021-7171",Pulp and Papermaking Plant Operators,1702,Unit Group,Y
2023,"2021-86",Refuse Workers and Other Elementary Workers,78,Sub Major Group,Y
2022,"2021-6415",Carpenters and Joiners,301,Unit Group,Y
2023,"2021-5212",Street Food Salespersons,691,Unit Group,Y
2022,"2021-3434",Chefs,201,Unit Group,Y
2022,"2021-1211",Finance Managers,6,Unit Group,Y
2022,"2021-6812","Bakers, Pastry-cooks and Confectionery Makers",344,Unit Group,Y
2022,"2021-3123",Construction Supervisors,136,Unit Group,Y
2024,"2021-2632","Sociologists, Anthropologists and Related Professionals",987,Unit Group,Y
2024,"2021-3143",Forestry Technicians,1022,Unit Group,Y
2022,"2021-1222",Advertising and Public Relations Managers,11,Unit Group,Y
2022,"2021-1121",Managing Directors and Chief Executives,5,Unit Group,Y
2024,"2021-6521","Blacksmiths, Hammersmiths and Forging Press Workers",1195,Unit Group,Y
2023,"2021-2351",Education Methods Specialists,512,Unit Group,Y
2024,"2021-6414","Concrete Placers, Concrete Finishers and Related Workers",1177,Unit Group,Y
2023,"2021-7156",Shoemaking and Related Machine Operators,814,Unit Group,Y
2024,"2021-1341",Child Care Service Managers,897,Unit Group,Y
2024,"2021-6531",Motor Vehicle Mechanics and Repairers,1199,Unit Group,Y
2022,"2021-2231",Traditional and Complementary Medicine Professionals,61,Unit Group,Y
2022,"2021-7153",Sewing Machine Operators,376,Unit Group,Y
2024,"2021-2221",Nursing Professionals,936,Unit Group,Y
2024,"2021-2121","Mathematicians, Actuaries and Statisticians",914,Unit Group,Y
2025,"2021-8215",Forestry Labourers,1732,Unit Group,Y
2022,"2021-2211",Generalist Medical Practitioners,57,Unit Group,Y
2022,"2021-3221",Nursing Associate Professionals,155,Unit Group,Y
2022,"2021-4412",Mail Carriers and Sorting Clerks,232,Unit Group,Y
2024,"2021-1311",Agricultural and Forestry Production Managers,890,Unit Group,Y
2024,"2021-3313",Accounting Associate Professionals,1047,Unit Group,Y
2024,"2021-1439",Services Managers not Elsewhere Classified,909,Unit Group,Y
2024,"2021-3354",Government Licensing Officials,1066,Unit Group,Y
2025,"2021-6224",Hunters and Trappers,1760,Unit Group,Y
2025,"2021-7112",Mineral and Stone Processing Plant Operators,1683,Unit Group,Y
2022,"2021-3259",Health Associate Professionals not Elsewhere Classified,167,Unit Group,Y
2022,"2021-7132",Photographic Products Machine Operators,370,Unit Group,Y
2024,"2021-7182",Steam Engine and Boiler Operators,1263,Unit Group,Y
2024,"2021-7311",Locomotive Engine Drivers,1269,Unit Group,Y
2024,"2021-3255",Physiotherapy Technicians and Assistants,1040,Unit Group,Y
2022,"2021-7341",Mobile Farm and Forestry Plant Operators,398,Unit Group,Y
2024,"2021-2269",Health Professionals not Elsewhere Classified,948,Unit Group,Y
2024,"2021-35",Information and Communications Technicians,96,Sub Major Group,Y
2023,"2021-1",MANAGERS,9,Major Group,Y
2023,"2021-2431",Advertising and Marketing Professionals,526,Unit Group,Y
2023,"2021-3116",Chemical Engineering Technicians,565,Unit Group,Y
2023,"2021-3344",Medical Secretaries,620,Unit Group,Y
2023,"2021-6812","Bakers, Pastry-cooks and Confectionery Makers",779,Unit Group,Y
2022,"2021-2641",Authors and Related Writers,115,Unit Group,Y
2024,"2021-1347",Armed Forces Managers,903,Unit Group,Y
2024,"2021-3342",Legal Secretaries,1060,Unit Group,Y
2025,"2021-82","Agricultural, Forestry and Fishery Labourers",159,Sub Major Group,Y
2022,"2021-3211",Medical Imaging and Therapeutic Equipment Technicians,151,Unit Group,Y
2022,"2021-6533",Agricultural and Industrial Machinery Mechanics and Repairers,324,Unit Group,Y
2024,"2021-5141",Hairdressers,1121,Unit Group,Y
2023,"2021-3312",Credit and Loans Officers,604,Unit Group,Y
2023,"2021-3421",Athletes and Sports Players,630,Unit Group,Y
2025,"2021-3213",Pharmaceutical Technicians and Assistants,1472,Unit Group,Y
2023,"2021-34","Legal, Social, Cultural and Related Associate Professionals",53,Sub Major Group,Y
2023,"2021-3115",Mechanical Engineering Technicians,564,Unit Group,Y
2022,"2021-5412",Police Officers,274,Unit Group,Y
2022,"2021-6841",Underwater Divers,358,Unit Group,Y
2023,"2021-2659",Creative and Performing Artists Not Elsewhere Classified,559,Unit Group,Y
2024,"2021-7172",Wood Processing Plant Operators,1261,Unit Group,Y
2022,"2021-7114","Cement, Stone and Other Mineral Products Machine Operators",366,Unit Group,Y
2024,"2021-8123",Window Cleaners,1284,Unit Group,Y
2022,"2021-1349",Professional Services Managers not Elsewhere Classified,27,Unit Group,Y
2023,"2021-2266",Audiologists and Speech Therapists,504,Unit Group,Y
2023,"2021-6532",Aircraft Engine Mechanics and Repairers,758,Unit Group,Y
2024,"2021-2263",Environmental and Occupational Health and Hygiene Professionals,943,Unit Group,Y
2025,"2021-3112",Civil Engineering Technicians,1445,Unit Group,Y
2025,"2021-6129",Other Animal Producers not Elsewhere Classified,1610,Unit Group,Y
2022,"2021-6823",Woodworking Machine Tool Setters and Operators,351,Unit Group,Y
2025,"2021-5112",Transport Conductors,1558,Unit Group,Y
2022,"2021-2166",Graphic and Multimedia Designers,56,Unit Group,Y
2023,"2021-4221",Travel Consultants and Clerks,652,Unit Group,Y
2022,"2021-2164",Town and Traffic Planners,54,Unit Group,Y
2022,"2021-3311",Securities and Finance Dealers and Brokers,168,Unit Group,Y
2024,"2021-3222",Midwifery Associate Professionals,1033,Unit Group,Y
2022,"2021-4214",Debt-collectors and Related Workers,216,Unit Group,Y
2022,"2021-6121",Livestock and Dairy Producers,288,Unit Group,Y
2022,"2021-4213",Pawnbrokers and Money-lenders,215,Unit Group,Y
2024,"2021-3324",Trade Brokers,1053,Unit Group,Y
2025,"2021-3344",Medical Secretaries,1504,Unit Group,Y
2022,"2021-3139",Process Control Technicians not Elsewhere Classified,142,Unit Group,Y
2024,"2021-7113",Well Drillers and Borers and Related Workers,1242,Unit Group,Y
2024,"2021-6211",Forestry and Related Workers,1314,Unit Group,Y
2025,"2021-8211",Crop Farm Workers,1728,Unit Group,Y
2025,"2021-86",Refuse Workers and Other Elementary Workers,163,Sub Major Group,Y
2022,"2021-3119",Physical and Engineering Science Technicians not Elsewhere Classified,133,Unit Group,Y
2022,"2021-3252",Medical Records and Health Information Technicians,160,Unit Group,Y
2024,"2021-9000",Learner,1313,Unit Group,Y
2024,"2021-23",Teaching Professionals,88,Sub Major Group,Y
2024,"2021-82","Agricultural, Forestry and Fishery Labourers",117,Sub Major Group,Y
2024,"2021-6821",Wood Treaters,1226,Unit Group,Y
2025,"2021-5222",Shop Supervisors,1577,Unit Group,Y
2025,"2021-3423",Fitness and Recreation Instructors and Program Leaders,1516,Unit Group,Y
2024,"2021-6431",Painters and Related Workers,1187,Unit Group,Y
2024,"2021-6614",Potters and Related Workers,1206,Unit Group,Y
2022,"2021-8129",Other Cleaning Workers,408,Unit Group,Y
2025,"2021-8511",Street and Related Service Workers,1745,Unit Group,Y
2023,"2021-4",CLERICAL SUPPORT WORKERS,12,Major Group,Y
2023,"2021-8329",Manufacturing Labourers not Elsewhere Classified,854,Unit Group,Y
2025,"2021-3152",Ships' Deck Officers and Pilots,1466,Unit Group,Y
2025,"2021-90",Learner,164,Sub Major Group,Y
2023,"2021-6111",Field Crop and Vegetable Growers,719,Unit Group,Y
2023,"2021-8",ELEMENTARY OCCUPATIONS,16,Major Group,Y
2022,"2021-3131",Power Production Plant Operators,137,Unit Group,Y
2025,"2021-1341",Child Care Service Managers,1339,Unit Group,Y
2023,"2021-2263",Environmental and Occupational Health and Hygiene Professionals,501,Unit Group,Y
2022,"2021-6413","Stonemasons, Stone Cutters, Splitters and Carvers",299,Unit Group,Y
2024,"2021-5243",Door-to-door Salesperson,1140,Unit Group,Y
2024,"2021-2211",Generalist Medical Practitioners,934,Unit Group,Y
2024,"2021-4214",Debt-collectors and Related Workers,1093,Unit Group,Y
2024,"2021-6415",Carpenters and Joiners,1178,Unit Group,Y
2024,"2021-6813",Dairy Products Makers,1222,Unit Group,Y
2022,"2021-8321",Hand Packers,418,Unit Group,Y
2023,"2021-2112",Meteorologists,469,Unit Group,Y
2023,"2021-6811","Butchers, Fishmongers and Related Food Preparers",778,Unit Group,Y
2023,"2021-6615","Glass Makers, Cutters, Grinders and Finishers",765,Unit Group,Y
2025,"2021-6823",Woodworking Machine Tool Setters and Operators,1670,Unit Group,Y
2025,"2021-1311",Agricultural and Forestry Production Managers,1332,Unit Group,Y
2025,"2021-7211",Mechanical Machinery Assemblers,1708,Unit Group,Y
2022,"2021-6614",Potters and Related Workers,329,Unit Group,Y
2025,"2021-6511",Metal Moulders and Coremakers,1632,Unit Group,Y
2025,"2021-4411",Library Clerks,1550,Unit Group,Y
2022,"2021-6835","Pelt Dressers, Tanners and Fellmongers",356,Unit Group,Y
2025,"2021-3211",Medical Imaging and Therapeutic Equipment Technicians,1470,Unit Group,Y
2022,"2021-5244",Contact Centre Salespersons,264,Unit Group,Y
2024,"2021-2521",Database Designers and Administrators,977,Unit Group,Y
2022,"2021-6129",Other Animal Producers not Elsewhere Classified,291,Unit Group,Y
2023,"2021-3111",Chemical and Physical Science Technicians,560,Unit Group,Y
2024,"2021-8121",Hand Launderers and Pressers,1282,Unit Group,Y
2024,"2021-1342",Health Service Managers,898,Unit Group,Y
2025,"2021-3231",Traditional and Complementary Medicine Associate Professionals,1476,Unit Group,Y
2022,"2021-2151",Electrical Engineers,48,Unit Group,Y
2025,"2021-5164",Pet Groomers and Animal Care Workers,1571,Unit Group,Y
2025,"2021-6522",Toolmakers and Related Workers,1638,Unit Group,Y
2025,"2021-2424",Training and Staff Development Professionals,1409,Unit Group,Y
2024,"2021-44",Other Clerical Support Workers,100,Sub Major Group,Y
2022,"2021-2432",Public Relations Professionals,92,Unit Group,Y
2025,"2021-3354",Government Licensing Officials,1508,Unit Group,Y
2024,"2021-68","Food Processing, Wood Working, Garment and Other Craft and Related Trades Workers",112,Sub Major Group,Y
2024,"2021-85",Street and Related Sales and Service Workers,120,Sub Major Group,Y
2023,"2021-3135",Metal Production Process Controllers,576,Unit Group,Y
2025,"2021-6821",Wood Treaters,1668,Unit Group,Y
2025,"2021-7111",Miners and Quarriers,1682,Unit Group,Y
2023,"2021-1323",Construction Managers,452,Unit Group,Y
2025,"2021-2636",Religious Professionals,1433,Unit Group,Y
2022,"2021-4313",Payroll Clerks,227,Unit Group,Y
2025,"2021-3321",Insurance Representatives,1492,Unit Group,Y
2025,"2021-5121",Cooks,1560,Unit Group,Y
2025,"2021-6433",Building Structure Cleaners,1631,Unit Group,Y
2024,"2021-25",Information and Communications Technology Professionals,90,Sub Major Group,Y
2023,"2021-8521",Street Vendors,862,Unit Group,Y
2022,"2021-6431",Painters and Related Workers,310,Unit Group,Y
2023,"2021-5414",Security Guards,711,Unit Group,Y
2025,"2021-1219",Business Services and Administration Managers not Elsewhere Classified,1328,Unit Group,Y
2025,"2021-4415",Filing and Copying Clerks,1554,Unit Group,Y
2022,"2021-6831","Tailors, Dressmakers, Furriers and Hatters",352,Unit Group,Y
2022,"2021-8215",Forestry Labourers,413,Unit Group,Y
2023,"2021-7154","Bleaching, Dyeing and Fabric Cleaning Machine Operators",812,Unit Group,Y
2024,"2021-7157",Laundry Machine Operators,1257,Unit Group,Y
2024,"2021-5142",Beauticians and Related Workers,1122,Unit Group,Y
2025,"2021-3413",Religious Associate Professionals,1513,Unit Group,Y
2025,"2021-6712",Electrical Mechanics and Fitters,1658,Unit Group,Y
2025,"2021-6413","Stonemasons, Stone Cutters, Splitters and Carvers",1618,Unit Group,Y
2023,"2021-2262",Pharmacists,500,Unit Group,Y
2022,"2021-22",Health Professionals,6,Sub Major Group,Y
2025,"2021-3254",Dispensing Opticians,1481,Unit Group,Y
2025,"2021-62","Market-oriented Fishery Workers, Hunters and Trappers",148,Sub Major Group,Y
2022,"2021-3153",Aircraft Pilots and Related Associate Professionals,148,Unit Group,Y
2024,"2021-3114",Electronics Engineering Technicians,1005,Unit Group,Y
2025,"2021-4414",Scribes and Related Workers,1553,Unit Group,Y
2024,"2021-4311",Accounting and Bookkeeping Clerks,1102,Unit Group,Y
2022,"2021-2422",Policy Administration Professionals,88,Unit Group,Y
2025,"2021-6811","Butchers, Fishmongers and Related Food Preparers",1662,Unit Group,Y
2022,"2021-1321",Manufacturing Managers,15,Unit Group,Y
2022,"2021-6711",Building and Related Electricians,338,Unit Group,Y
2023,"2021-62","Market-oriented Fishery Workers, Hunters and Trappers",80,Sub Major Group,Y
2022,"2021-2519",Software and Applications Developers and Analysts not Elsewhere Classified,99,Unit Group,Y
2023,"2021-1211",Finance Managers,441,Unit Group,Y
2025,"2021-2356",Information Technology Trainers,1401,Unit Group,Y
2025,"2021-1212",Human Resource Managers,1326,Unit Group,Y
2024,"2021-7121",Metal Processing Plant Operators,1244,Unit Group,Y
2022,"2021-2619",Legal Professionals not Elsewhere Classified,106,Unit Group,Y
2023,"2021-3331",Clearing and Forwarding Agents,612,Unit Group,Y
2024,"2021-5163",Undertakers and Embalmers,1128,Unit Group,Y
2025,"2021-2421",Management and Organization Analysts,1406,Unit Group,Y
2025,"2021-3322",Commercial Sales Representatives,1493,Unit Group,Y
2022,"2021-3258",Ambulance Workers,166,Unit Group,Y
2022,"2021-7342",Earthmoving and Related Plant Operators,399,Unit Group,Y
2025,"2021-1331",Information and Communications Technology Service Managers,1338,Unit Group,Y
2023,"2021-6623",Print Finishing and Binding Workers,772,Unit Group,Y
2023,"2021-7322","Car, Taxi and Van Drivers",830,Unit Group,Y
2022,"2021-11","Chief Executives, Senior Officials and Legislators",1,Sub Major Group,Y
2023,"2021-3154",Air Traffic Controllers,584,Unit Group,Y
2024,"2021-2631",Economists,986,Unit Group,Y
2022,"2021-1341",Child Care Service Managers,20,Unit Group,Y
2022,"2021-7351",Ships' Deck Crews and Related Workers,402,Unit Group,Y
2025,"2021-67",Electrical and Electronics Trades Workers,153,Sub Major Group,Y
2022,"2021-3412",Social Work Associate Professionals,193,Unit Group,Y
2025,"2021-2146","Mining Engineers, Metallurgists and Related Professionals",1365,Unit Group,Y
2022,"2021-4414",Scribes and Related Workers,234,Unit Group,Y
2024,"2021-8213",Mixed Crop and Livestock Farm Labourers,1288,Unit Group,Y
2023,"2021-3112",Civil Engineering Technicians,561,Unit Group,Y
2023,"2021-3439",Artistic and Cultural Associate Professionals not Elsewhere Classified,637,Unit Group,Y
2023,"2021-6722",Information and Communications Technology Installers and Servicers and Related Occupations,777,Unit Group,Y
2023,"2021-8613",Sweepers and Related Labourers,865,Unit Group,Y
2024,"2021-3116",Chemical Engineering Technicians,1007,Unit Group,Y
2024,"2021-5424",Defence Support Members,1159,Unit Group,Y
2025,"2021-6813",Dairy Products Makers,1664,Unit Group,Y
2025,"2021-2412",Financial and Investment Advisors,1404,Unit Group,Y
2022,"2021-7155",Fur and Leather Preparing Machine Operators,378,Unit Group,Y
2022,"2021-8311",Mining and Quarrying Labourers,415,Unit Group,Y
2024,"2021-1324","Supply, Distribution and Related Managers",895,Unit Group,Y
2024,"2021-2514",Applications Programmers,975,Unit Group,Y
2025,"2021-3252",Medical Records and Health Information Technicians,1479,Unit Group,Y
2022,"2021-5223",Shop Sales Assistants,259,Unit Group,Y
2025,"2021-8624",Water and Firewood Collectors,1753,Unit Group,Y
2025,"2021-6533",Agricultural and Industrial Machinery Mechanics and Repairers,1643,Unit Group,Y
2025,"2021-8214",Garden and Horticultural Labourers,1731,Unit Group,Y
2022,"2021-4211",Bank Tellers and Related Clerks,213,Unit Group,Y
2022,"2021-5153",Building Caretakers,248,Unit Group,Y
2024,"2021-7151","Fibre Preparing, Spinning and Winding Machine Operators",1251,Unit Group,Y
2024,"2021-8216",Fishery and Aquaculture Labourers,1291,Unit Group,Y
2023,"2021-6836",Shoemakers and Related Workers,792,Unit Group,Y
2024,"2021-6419",Building Frame and Related Trades Workers not Elsewhere Classified,1179,Unit Group,Y
2025,"2021-2523",Computer Network Professionals,1421,Unit Group,Y
2025,"2021-6711",Building and Related Electricians,1657,Unit Group,Y
2022,"2021-1324","Supply, Distribution and Related Managers",18,Unit Group,Y
2024,"2021-2413",Financial Analysts,963,Unit Group,Y
2024,"2021-4323",Transport Clerks,1107,Unit Group,Y
2024,"2021-6534",Bicycle and Related Repairers,1202,Unit Group,Y
2023,"2021-6426",Plumbers and Pipe Fitters,743,Unit Group,Y
2024,"2021-6844",Fumigators and Other Pest and Weed Controllers,1238,Unit Group,Y
2024,"2021-3151",Ships' Engineers,1023,Unit Group,Y
2025,"2021-2422",Policy Administration Professionals,1407,Unit Group,Y
2023,"2021-1343",Aged Care Service Managers,457,Unit Group,Y
2023,"2021-3422","Sports Coaches, Instructors and Officials",631,Unit Group,Y
2022,"2021-2513",Web and Multimedia Developers,97,Unit Group,Y
2023,"2021-3134",Petroleum and Natural Gas Refining Plant Operators,575,Unit Group,Y
2025,"2021-3434",Chefs,1520,Unit Group,Y
2024,"2021-2513",Web and Multimedia Developers,974,Unit Group,Y
2024,"2021-5412",Police Officers,1151,Unit Group,Y
2025,"2021-2519",Software and Applications Developers and Analysts not Elsewhere Classified,1418,Unit Group,Y
2022,"2021-73",Drivers and Mobile Plant Operators,33,Sub Major Group,Y
2023,"2021-2634",Psychologists,547,Unit Group,Y
2025,"2021-7321",Motorcycle Drivers,1713,Unit Group,Y
2025,"2021-8321",Hand Packers,1737,Unit Group,Y
2023,"2021-2619",Legal Professionals not Elsewhere Classified,541,Unit Group,Y
2022,"2021-6111",Field Crop and Vegetable Growers,284,Unit Group,Y
2024,"2021-5212",Street Food Salespersons,1133,Unit Group,Y
2024,"2021-6222",Skilled Inland and Coastal Waters Fishery Workers,1316,Unit Group,Y
2022,"2021-3522",Telecommunications Engineering Technicians,208,Unit Group,Y
2023,"2021-7321",Motorcycle Drivers,829,Unit Group,Y
2024,"2021-5169",Personal Services Workers not Elsewhere Classified,1131,Unit Group,Y
2023,"2021-8623",Meter Readers and Vending-machine Collectors,868,Unit Group,Y
2022,"2021-7122","Metal Finishing, Plating and Coating Machine Operators",368,Unit Group,Y
2023,"2021-6419",Building Frame and Related Trades Workers not Elsewhere Classified,737,Unit Group,Y
2024,"2021-2523",Computer Network Professionals,979,Unit Group,Y
2022,"2021-6513",Sheet Metal Workers,315,Unit Group,Y
2022,"2021-6811","Butchers, Fishmongers and Related Food Preparers",343,Unit Group,Y
2023,"2021-2433",Technical and Medical Sales Professionals (Excluding ICT),528,Unit Group,Y
2023,"2021-3121",Mining Production / Operations Supervisors,569,Unit Group,Y
2024,"2021-3339",Business Services Agents not Elsewhere Classified,1058,Unit Group,Y
2025,"2021-1323",Construction Managers,1336,Unit Group,Y
2025,"2021-6426",Plumbers and Pipe Fitters,1627,Unit Group,Y
2025,"2021-6513",Sheet Metal Workers,1634,Unit Group,Y
2022,"2021-81",Cleaners and Helpers,34,Sub Major Group,Y
2024,"2021-1349",Professional Services Managers not Elsewhere Classified,904,Unit Group,Y
2024,"2021-8129",Other Cleaning Workers,1285,Unit Group,Y
2022,"2021-2149",Engineering Professionals not Elsewhere Classified,47,Unit Group,Y
2022,"2021-6613",Jewellery and Precious Metal Workers,328,Unit Group,Y
2022,"2021-5312",Teachers' Aides,269,Unit Group,Y
2023,"2021-2152",Electronics Engineers,484,Unit Group,Y
2023,"2021-7161",Food and Related Products Machine Operators,817,Unit Group,Y
2024,"2021-5153",Building Caretakers,1125,Unit Group,Y
2025,"2021-2264",Physiotherapists,1386,Unit Group,Y
2023,"2021-6312",Subsistence Livestock Farmers,729,Unit Group,Y
2024,"2021-5245",Service Station Attendants,1142,Unit Group,Y
2023,"2021-5142",Beauticians and Related Workers,680,Unit Group,Y
2023,"2021-7121",Metal Processing Plant Operators,802,Unit Group,Y
2025,"2021-3117",Mining and Metallurgical Technicians,1450,Unit Group,Y
2025,"2021-3342",Legal Secretaries,1502,Unit Group,Y
2022,"2021-6433",Building Structure Cleaners,312,Unit Group,Y
2024,"2021-1212",Human Resource Managers,884,Unit Group,Y
2022,"2021-6616","Sign Writers, Decorative Painters, Engravers and Etchers",331,Unit Group,Y
2024,"2021-2421",Management and Organization Analysts,964,Unit Group,Y
2024,"2021-11","Chief Executives, Senior Officials and Legislators",82,Sub Major Group,Y
2022,"2021-3334",Real Estate Agents and Property Managers,180,Unit Group,Y
2025,"2021-6114",Mixed Crop Growers,1606,Unit Group,Y
2025,"2021-8111",Domestic Cleaners and Helpers,1722,Unit Group,Y
2025,"2021-8329",Manufacturing Labourers not Elsewhere Classified,1738,Unit Group,Y
2022,"2021-2636",Religious Professionals,114,Unit Group,Y
2022,"2021-6618","Handicraft Workers in Textile, Leather and Related Materials",333,Unit Group,Y
2025,"2021-8129",Other Cleaning Workers,1727,Unit Group,Y
2023,"2021-2149",Engineering Professionals not Elsewhere Classified,482,Unit Group,Y
2024,"2021-2641",Authors and Related Writers,992,Unit Group,Y
2025,"2021-4121",Secretaries (General),1529,Unit Group,Y
2025,"2021-6844",Fumigators and Other Pest and Weed Controllers,1680,Unit Group,Y
2024,"2021-5121",Cooks,1118,Unit Group,Y
2024,"2021-2619",Legal Professionals not Elsewhere Classified,983,Unit Group,Y
2025,"2021-3116",Chemical Engineering Technicians,1449,Unit Group,Y
2025,"2021-7143",Paper Products Machine Operators,1692,Unit Group,Y
2024,"2021-3",TECHNICIANS AND ASSOCIATE PROFESSIONALS,21,Major Group,Y
2024,"2021-3212",Medical and Pathology Laboratory Technicians,1029,Unit Group,Y
2025,"2021-35",Information and Communications Technicians,138,Sub Major Group,Y
2025,"2021-8334",Shelf Fillers,1742,Unit Group,Y
2023,"2021-3256",Medical Assistants,599,Unit Group,Y
2024,"2021-3343",Administrative and Executive Secretaries,1061,Unit Group,Y
2025,"2021-1412",Restaurant Managers,1348,Unit Group,Y
2025,"2021-2132","Farming, Forestry and Fisheries Advisers",1358,Unit Group,Y
2022,"2021-2264",Physiotherapists,67,Unit Group,Y
2023,"2021-3339",Business Services Agents not Elsewhere Classified,616,Unit Group,Y
2023,"2021-7152",Weaving and Knitting Machine Operators,810,Unit Group,Y
2022,"2021-54",Protective Services Workers,23,Sub Major Group,Y
2024,"2021-6422",Floor Layers and Tile Setters,1181,Unit Group,Y
2022,"2021-4229",Client Information Workers not Elsewhere Classified,224,Unit Group,Y
2023,"2021-4323",Transport Clerks,665,Unit Group,Y
2025,"2021-3421",Athletes and Sports Players,1514,Unit Group,Y
2025,"2021-8612",Refuse Sorters,1748,Unit Group,Y
2023,"2021-65","Metal, Machinery and Related Trades Workers",66,Sub Major Group,Y
2022,"2021-2412",Financial and Investment Advisors,85,Unit Group,Y
2023,"2021-3311",Securities and Finance Dealers and Brokers,603,Unit Group,Y
2025,"2021-3222",Midwifery Associate Professionals,1475,Unit Group,Y
2023,"2021-8121",Hand Launderers and Pressers,840,Unit Group,Y
2022,"2021-6113","Gardeners, Ornamental Horticultural and Nursery Growers",286,Unit Group,Y
2025,"2021-71",Stationary Plant and Machine Operators,155,Sub Major Group,Y
2022,"2021-3514",Web Technicians,206,Unit Group,Y
2024,"2021-5414",Security Guards,1153,Unit Group,Y
2023,"2021-2512",Software Developers,531,Unit Group,Y
2025,"2021-4323",Transport Clerks,1549,Unit Group,Y
2025,"2021-6423",Plasterers,1624,Unit Group,Y
2025,"2021-7132",Photographic Products Machine Operators,1689,Unit Group,Y
2022,"2021-6833","Sewing, Embroidery and Related Workers",354,Unit Group,Y
2023,"2021-6821",Wood Treaters,784,Unit Group,Y
2024,"2021-2266",Audiologists and Speech Therapists,946,Unit Group,Y
2024,"2021-6721",Electronics Mechanics and Servicers,1218,Unit Group,Y
2022,"2021-1114",Senior Officials of Special-interest Organisations,4,Unit Group,Y
2023,"2021-4227",Survey and Market Research Interviewers,658,Unit Group,Y
2025,"2021-7151","Fibre Preparing, Spinning and Winding Machine Operators",1693,Unit Group,Y
2022,"2021-32",Health Associate Professionals,12,Sub Major Group,Y
2025,"2021-72",Assemblers,156,Sub Major Group,Y
2023,"2021-1331",Information and Communications Technology Service Managers,454,Unit Group,Y
2024,"2021-1343",Aged Care Service Managers,899,Unit Group,Y
2023,"2021-3131",Power Production Plant Operators,572,Unit Group,Y
2024,"2021-2166",Graphic and Multimedia Designers,933,Unit Group,Y
2025,"2021-1421",Retail and Wholesale Trade Managers,1349,Unit Group,Y
2022,"2021-2311",University and Higher Education Teachers,72,Unit Group,Y
2023,"2021-6223",Skilled Deep-sea Fishery Workers,875,Unit Group,Y
2023,"2021-5242",Sales Demonstrators,697,Unit Group,Y
2024,"2021-3259",Health Associate Professionals not Elsewhere Classified,1044,Unit Group,Y
2025,"2021-3118",Draughtspersons,1451,Unit Group,Y
2025,"2021-3313",Accounting Associate Professionals,1489,Unit Group,Y
2022,"2021-6114",Mixed Crop Growers,287,Unit Group,Y
2024,"2021-3332",Conference and Event Planners,1055,Unit Group,Y
2023,"2021-6411",House Builders,732,Unit Group,Y
2023,"2021-6422",Floor Layers and Tile Setters,739,Unit Group,Y
2024,"2021-3231",Traditional and Complementary Medicine Associate Professionals,1034,Unit Group,Y
2024,"2021-8622",Odd Job Persons,1309,Unit Group,Y
2024,"2021-3254",Dispensing Opticians,1039,Unit Group,Y
2023,"2021-14","Hospitality, Retail and Other Services Managers",43,Sub Major Group,Y
2023,"2021-2212",Specialist Medical Practitioners,493,Unit Group,Y
2022,"2021-1112",Senior Government Officials,2,Unit Group,Y
2022,"2021-6311",Subsistence Crop Farmers,293,Unit Group,Y
2022,"2021-3331",Clearing and Forwarding Agents,177,Unit Group,Y
2024,"2021-8624",Water and Firewood Collectors,1311,Unit Group,Y
2025,"2021-8213",Mixed Crop and Livestock Farm Labourers,1730,Unit Group,Y
2025,"2021-9000",Learner,1755,Unit Group,Y
2023,"2021-7111",Miners and Quarriers,798,Unit Group,Y
2023,"2021-3241",Veterinary Technicians and Assistants,593,Unit Group,Y
2023,"2021-2146","Mining Engineers, Metallurgists and Related Professionals",481,Unit Group,Y
2023,"2021-6514",Structural Metal Preparers and Erectors,751,Unit Group,Y
2024,"2021-6523",Metal Working Machine Tool Setters and Operators,1197,Unit Group,Y
2025,"2021-1211",Finance Managers,1325,Unit Group,Y
2023,"2021-7332",Heavy Truck and Lorry Drivers,832,Unit Group,Y
2024,"2021-2434",Information and Communications Technology Sales Professionals,971,Unit Group,Y
2024,"2021-5211",Stall and Market Salespersons,1132,Unit Group,Y
2024,"2021-5151",Cleaning and Housekeeping Supervisors,1123,Unit Group,Y
2025,"2021-8332",Drivers of Animal-drawn Vehicles and Machinery,1740,Unit Group,Y
2022,"2021-6112",Tree and Shrub Crop Growers,285,Unit Group,Y
2025,"2021-44",Other Clerical Support Workers,142,Sub Major Group,Y
2022,"2021-7159","Textile, Fur and Leather Products Machine Operators not Elsewhere Classified",381,Unit Group,Y
2023,"2021-7211",Mechanical Machinery Assemblers,824,Unit Group,Y
2022,"2021-2411",Accountants,84,Unit Group,Y
2023,"2021-8612",Refuse Sorters,864,Unit Group,Y
2024,"2021-2164",Town and Traffic Planners,931,Unit Group,Y
2024,"2021-8613",Sweepers and Related Labourers,1307,Unit Group,Y
2025,"2021-6512",Welders and Flame Cutters,1633,Unit Group,Y
2022,"2021-2421",Management and Organization Analysts,87,Unit Group,Y
2022,"2021-5161","Astrologers, Fortune-tellers and Related Workers",249,Unit Group,Y
2025,"2021-2311",University and Higher Education Teachers,1391,Unit Group,Y
2023,"2021-5423",Landward Defence Members,716,Unit Group,Y
2022,"2021-2144",Mechanical Engineers,44,Unit Group,Y
2022,"2021-2621",Archivists and Curators,107,Unit Group,Y
2024,"2021-3123",Construction Supervisors,1013,Unit Group,Y
2024,"2021-3511",Information and Communications Technology Operations Technicians,1080,Unit Group,Y
2023,"2021-2267",Optometrists and Ophthalmic Opticians,505,Unit Group,Y
2023,"2021-2631",Economists,544,Unit Group,Y
2025,"2021-2655",Actors,1441,Unit Group,Y
2025,"2021-54",Protective Services Workers,146,Sub Major Group,Y
2022,"2021-8511",Street and Related Service Workers,426,Unit Group,Y
2023,"2021-1347",Armed Forces Managers,461,Unit Group,Y
2024,"2021-7322","Car, Taxi and Van Drivers",1272,Unit Group,Y
2025,"2021-2321",Vocational or Further Education Teachers,1392,Unit Group,Y
2022,"2021-4221",Travel Consultants and Clerks,217,Unit Group,Y
2025,"2021-6835","Pelt Dressers, Tanners and Fellmongers",1675,Unit Group,Y
2024,"2021-6713",Electrical Line Installers and Repairers,1217,Unit Group,Y
2025,"2021-2131","Biologists, Botanists, Zoologists and Related Professionals",1357,Unit Group,Y
2024,"2021-8611",Garbage and Recycling Collectors,1305,Unit Group,Y
2025,"2021-4224",Hotel Receptionists,1539,Unit Group,Y
2022,"2021-4411",Library Clerks,231,Unit Group,Y
2025,"2021-6722",Information and Communications Technology Installers and Servicers and Related Occupations,1661,Unit Group,Y
2022,"2021-7161",Food and Related Products Machine Operators,382,Unit Group,Y
2023,"2021-2424",Training and Staff Development Professionals,525,Unit Group,Y
2023,"2021-4229",Client Information Workers not Elsewhere Classified,659,Unit Group,Y
2024,"2021-7342",Earthmoving and Related Plant Operators,1276,Unit Group,Y
2022,"2021-3513",Computer Network and Systems Technicians,205,Unit Group,Y
2024,"2021-2153",Telecommunications Engineers,927,Unit Group,Y
2024,"2021-2162",Landscape Architects,929,Unit Group,Y
2022,"2021-8214",Garden and Horticultural Labourers,412,Unit Group,Y
2025,"2021-3139",Process Control Technicians not Elsewhere Classified,1461,Unit Group,Y
2025,"2021-4225",Enquiry Clerks,1540,Unit Group,Y
2024,"2021-2331",Secondary or Intermediate and Senior Education Teachers,951,Unit Group,Y
2025,"2021-5423",Landward Defence Members,1600,Unit Group,Y
2025,"2021-6815",Food and Beverage Tasters and Graders,1666,Unit Group,Y
2023,"2021-82","Agricultural, Forestry and Fishery Labourers",74,Sub Major Group,Y
2022,"2021-3255",Physiotherapy Technicians and Assistants,163,Unit Group,Y
2022,"2021-6721",Electronics Mechanics and Servicers,341,Unit Group,Y
2024,"2021-6623",Print Finishing and Binding Workers,1214,Unit Group,Y
2023,"2021-5151",Cleaning and Housekeeping Supervisors,681,Unit Group,Y
2024,"2021-3359",Government Regulatory Associate Professionals not Elsewhere Classified,1068,Unit Group,Y
2023,"2021-2241",Paramedical Practitioners,497,Unit Group,Y
2025,"2021-1312",Aquaculture and Fisheries Production Managers,1333,Unit Group,Y
2022,"2021-7211",Mechanical Machinery Assemblers,389,Unit Group,Y
2023,"2021-2514",Applications Programmers,533,Unit Group,Y
2024,"2021-6533",Agricultural and Industrial Machinery Mechanics and Repairers,1201,Unit Group,Y
2025,"2021-6616","Sign Writers, Decorative Painters, Engravers and Etchers",1650,Unit Group,Y
2022,"2021-2512",Software Developers,96,Unit Group,Y
2022,"2021-3315",Valuers and Loss Assessors,172,Unit Group,Y
2022,"2021-7312","Railway Brake, Signal and Switch Operators",393,Unit Group,Y
2024,"2021-5241",Fashion and Other Models,1138,Unit Group,Y
2025,"2021-51",Personal Service Workers,143,Sub Major Group,Y
2022,"2021-2523",Computer Network Professionals,102,Unit Group,Y
2023,"2021-7181",Glass and Ceramics Plant Operators,820,Unit Group,Y
2024,"2021-24",Business and Administration Professionals,89,Sub Major Group,Y
2024,"2021-2352",Special Needs Teachers,955,Unit Group,Y
2025,"2021-1111",Legislators,1320,Unit Group,Y
2023,"2021-2341",Primary School or Foundational Phase Teachers,510,Unit Group,Y
2023,"2021-4212","Bookmakers, Croupiers and Related Gaming Workers",649,Unit Group,Y
2025,"2021-3331",Clearing and Forwarding Agents,1496,Unit Group,Y
2023,"2021-23",Teaching Professionals,46,Sub Major Group,Y
2022,"2021-5222",Shop Supervisors,258,Unit Group,Y
2023,"2021-3117",Mining and Metallurgical Technicians,566,Unit Group,Y
2023,"2021-6621",Pre-press Technicians,770,Unit Group,Y
2024,"2021-3422","Sports Coaches, Instructors and Officials",1073,Unit Group,Y
2025,"2021-3355",Police Inspectors and Detectives,1509,Unit Group,Y
2023,"2021-2413",Financial Analysts,521,Unit Group,Y
2024,"2021-2112",Meteorologists,911,Unit Group,Y
2025,"2021-3311",Securities and Finance Dealers and Brokers,1487,Unit Group,Y
2023,"2021-1431","Sports, Recreation and Cultural Centre Managers",466,Unit Group,Y
2023,"2021-3118",Draughtspersons,567,Unit Group,Y
2025,"2021-1345",Education Managers,1343,Unit Group,Y
2025,"2021-2632","Sociologists, Anthropologists and Related Professionals",1429,Unit Group,Y
2025,"2021-6615","Glass Makers, Cutters, Grinders and Finishers",1649,Unit Group,Y
2025,"2021-6222",Skilled Inland and Coastal Waters Fishery Workers,1758,Unit Group,Y
2023,"2021-51",Personal Service Workers,59,Sub Major Group,Y
2022,"2021-6813",Dairy Products Makers,345,Unit Group,Y
2023,"2021-3231",Traditional and Complementary Medicine Associate Professionals,592,Unit Group,Y
2022,"2021-6412",Bricklayers and Related Workers,298,Unit Group,Y
2022,"2021-2354",Other Music Teachers,80,Unit Group,Y
2022,"2021-6511",Metal Moulders and Coremakers,313,Unit Group,Y
2024,"2021-2141",Industrial and Production Engineers,918,Unit Group,Y
2024,"2021-5425",Airward Defence Members,1160,Unit Group,Y
2023,"2021-3342",Legal Secretaries,618,Unit Group,Y
2025,"2021-5169",Personal Services Workers not Elsewhere Classified,1573,Unit Group,Y
2023,"2021-6712",Electrical Mechanics and Fitters,774,Unit Group,Y
2025,"2021-1343",Aged Care Service Managers,1341,Unit Group,Y
2024,"2021-6313",Subsistence Mixed Crop and Livestock Farmers,1172,Unit Group,Y
2023,"2021-1213",Policy and Planning Managers,443,Unit Group,Y
2023,"2021-4132",Data Entry Clerks,647,Unit Group,Y
2022,"2021-5165",Driving Instructors,253,Unit Group,Y
2025,"2021-3155",Air Traffic Safety Electronics Technicians,1469,Unit Group,Y
2024,"2021-2522",Systems Administrators,978,Unit Group,Y
2025,"2021-6131",Mixed Crop and Animal Producers,1611,Unit Group,Y
2025,"2021-6619",Handicraft Workers not Elsewhere Classified,1653,Unit Group,Y
2022,"2021-6131",Mixed Crop and Animal Producers,292,Unit Group,Y
2023,"2021-5413",Prison Guards,710,Unit Group,Y
2025,"2021-0",NO MAPPING,38,Major Group,Y
2022,"2021-8312",Civil Engineering Labourers,416,Unit Group,Y
2023,"2021-5322",Home-based Personal Care Workers,706,Unit Group,Y
2023,"2021-5419",Protective Services Workers not Elsewhere Classified,713,Unit Group,Y
2025,"2021-2221",Nursing Professionals,1378,Unit Group,Y
2024,"2021-2422",Policy Administration Professionals,965,Unit Group,Y
2022,"2021-3439",Artistic and Cultural Associate Professionals not Elsewhere Classified,202,Unit Group,Y
2023,"2021-7155",Fur and Leather Preparing Machine Operators,813,Unit Group,Y
2024,"2021-0",NO MAPPING,28,Major Group,Y
2022,"2021-1439",Services Managers not Elsewhere Classified,32,Unit Group,Y
2022,"2021-6312",Subsistence Livestock Farmers,294,Unit Group,Y
2025,"2021-2231",Traditional and Complementary Medicine Professionals,1380,Unit Group,Y
2025,"2021-6831","Tailors, Dressmakers, Furriers and Hatters",1671,Unit Group,Y
2022,"2021-2655",Actors,122,Unit Group,Y
2022,"2021-4415",Filing and Copying Clerks,235,Unit Group,Y
2022,"2021-7111",Miners and Quarriers,363,Unit Group,Y
2023,"2021-3143",Forestry Technicians,580,Unit Group,Y
2025,"2021-6431",Painters and Related Workers,1629,Unit Group,Y
2025,"2021-2162",Landscape Architects,1371,Unit Group,Y
2025,"2021-3114",Electronics Engineering Technicians,1447,Unit Group,Y
2023,"2021-3258",Ambulance Workers,601,Unit Group,Y
2023,"2021-6534",Bicycle and Related Repairers,760,Unit Group,Y
2025,"2021-3333",Employment Agents and Contractors,1498,Unit Group,Y
2024,"2021-6722",Information and Communications Technology Installers and Servicers and Related Occupations,1219,Unit Group,Y
2024,"2021-3355",Police Inspectors and Detectives,1067,Unit Group,Y
2025,"2021-2113",Chemists,1354,Unit Group,Y
2024,"2021-6129",Other Animal Producers not Elsewhere Classified,1168,Unit Group,Y
2022,"2021-3332",Conference and Event Planners,178,Unit Group,Y
2022,"2021-6615","Glass Makers, Cutters, Grinders and Finishers",330,Unit Group,Y
2025,"2021-8623",Meter Readers and Vending-machine Collectors,1752,Unit Group,Y
2024,"2021-2131","Biologists, Botanists, Zoologists and Related Professionals",915,Unit Group,Y
2022,"2021-2643","Translators, Interpreters and Other Linguists",117,Unit Group,Y
2022,"2021-5212",Street Food Salespersons,256,Unit Group,Y
2025,"2021-2513",Web and Multimedia Developers,1416,Unit Group,Y
2025,"2021-8216",Fishery and Aquaculture Labourers,1733,Unit Group,Y
2022,"2021-8621","Messengers, Package Deliverers and Luggage Porters",431,Unit Group,Y
2023,"2021-4311",Accounting and Bookkeeping Clerks,660,Unit Group,Y
2023,"2021-1223",Research and Development Managers,447,Unit Group,Y
2023,"2021-1349",Professional Services Managers not Elsewhere Classified,462,Unit Group,Y
2023,"2021-1322",Mining Managers,451,Unit Group,Y
2023,"2021-3139",Process Control Technicians not Elsewhere Classified,577,Unit Group,Y
2023,"2021-4313",Payroll Clerks,662,Unit Group,Y
2025,"2021-2521",Database Designers and Administrators,1419,Unit Group,Y
2025,"2021-3353",Government Social Benefits Officials,1507,Unit Group,Y
2022,"2021-7154","Bleaching, Dyeing and Fabric Cleaning Machine Operators",377,Unit Group,Y
2023,"2021-6815",Food and Beverage Tasters and Graders,782,Unit Group,Y
2024,"2021-2622",Librarians and Related Information Professionals,985,Unit Group,Y
2022,"2021-1213",Policy and Planning Managers,8,Unit Group,Y
2022,"2021-2355",Other Arts Teachers,81,Unit Group,Y
2024,"2021-6811","Butchers, Fishmongers and Related Food Preparers",1220,Unit Group,Y
2022,"2021-5231",Cashiers and Ticket Clerks,260,Unit Group,Y
2024,"2021-6314","Subsistence Fishers, Hunters, Trappers and Gatherers",1173,Unit Group,Y
2025,"2021-84",Food Preparation Assistants,161,Sub Major Group,Y
2023,"2021-3314","Statistical, Mathematical and Related Associate Professionals",606,Unit Group,Y
2022,"2021-2431",Advertising and Marketing Professionals,91,Unit Group,Y
2022,"2021-4227",Survey and Market Research Interviewers,223,Unit Group,Y
2024,"2021-5",SERVICE AND SALES WORKERS,23,Major Group,Y
2025,"2021-1",MANAGERS,29,Major Group,Y
2024,"2021-2355",Other Arts Teachers,958,Unit Group,Y
2023,"2021-7113",Well Drillers and Borers and Related Workers,800,Unit Group,Y
2023,"2021-4211",Bank Tellers and Related Clerks,648,Unit Group,Y
2025,"2021-2423",Personnel and Careers Professionals,1408,Unit Group,Y
2022,"2021-3",TECHNICIANS AND ASSOCIATE PROFESSIONALS,3,Major Group,Y
2022,"2021-6611",Precision-instrument Makers and Repairers,326,Unit Group,Y
2024,"2021-3153",Aircraft Pilots and Related Associate Professionals,1025,Unit Group,Y
2024,"2021-4131",Typists and Word Processing Operators,1088,Unit Group,Y
2024,"2021-8331",Hand and Pedal Vehicle Drivers,1297,Unit Group,Y
2025,"2021-2266",Audiologists and Speech Therapists,1388,Unit Group,Y
2024,"2021-7331",Bus and Tram Drivers,1273,Unit Group,Y
2024,"2021-8214",Garden and Horticultural Labourers,1289,Unit Group,Y
2025,"2021-64",Building and Related Trades Workers,150,Sub Major Group,Y
2022,"2021-5414",Security Guards,276,Unit Group,Y
2024,"2021-6312",Subsistence Livestock Farmers,1171,Unit Group,Y
2023,"2021-7351",Ships' Deck Crews and Related Workers,837,Unit Group,Y
2025,"2021-5245",Service Station Attendants,1584,Unit Group,Y
2022,"2021-3257",Environmental and Occupational Health Inspectors and Associates,165,Unit Group,Y
2024,"2021-6849",Craft and Related Workers not Elsewhere Classified,1239,Unit Group,Y
2024,"2021-34","Legal, Social, Cultural and Related Associate Professionals",95,Sub Major Group,Y
2025,"2021-23",Teaching Professionals,130,Sub Major Group,Y
2023,"2021-3222",Midwifery Associate Professionals,591,Unit Group,Y
2023,"2021-0000",No Mapping,877,Unit Group,Y
2024,"2021-8412",Kitchen Helpers,1302,Unit Group,Y
2025,"2021-3339",Business Services Agents not Elsewhere Classified,1500,Unit Group,Y
2023,"2021-3411",Legal and Related Associate Professionals,627,Unit Group,Y
2024,"2021-7181",Glass and Ceramics Plant Operators,1262,Unit Group,Y
2023,"2021-8211",Crop Farm Workers,844,Unit Group,Y
2024,"2021-3311",Securities and Finance Dealers and Brokers,1045,Unit Group,Y
2024,"2021-7154","Bleaching, Dyeing and Fabric Cleaning Machine Operators",1254,Unit Group,Y
2025,"2021-6","SKILLED AGRICULTURAL, FORESTRY, FISHERY, CRAFT AND RELATED TRADES WORKERS",34,Major Group,Y
2022,"2021-4223",Telephone Switchboard Operators,219,Unit Group,Y
2024,"2021-26","Legal, Social and Cultural Professionals",91,Sub Major Group,Y
2022,"2021-6424",Insulation Workers,306,Unit Group,Y
2023,"2021-3323",Buyers,610,Unit Group,Y
2025,"2021-8411",Fast Food Preparers,1743,Unit Group,Y
2023,"2021-5231",Cashiers and Ticket Clerks,695,Unit Group,Y
2024,"2021-4213",Pawnbrokers and Money-lenders,1092,Unit Group,Y
2025,"2021-2432",Public Relations Professionals,1411,Unit Group,Y
2023,"2021-43",Numerical and Material Recording Clerks,57,Sub Major Group,Y
2022,"2021-8333",Freight Handlers,422,Unit Group,Y
2023,"2021-8611",Garbage and Recycling Collectors,863,Unit Group,Y
2025,"2021-3253",Community Health Workers,1480,Unit Group,Y
2024,"2021-6831","Tailors, Dressmakers, Furriers and Hatters",1229,Unit Group,Y
2024,"2021-5422",Special Forces Defence Members,1157,Unit Group,Y
2024,"2021-7131",Chemical Products Plant and Machine Operators,1246,Unit Group,Y
2025,"2021-5244",Contact Centre Salespersons,1583,Unit Group,Y
2022,"2021-26","Legal, Social and Cultural Professionals",10,Sub Major Group,Y
2025,"2021-1344",Social Welfare Managers,1342,Unit Group,Y
2025,"2021-1113",Traditional Chiefs and Heads of Villages,1322,Unit Group,Y
2025,"2021-3351",Customs and Border Inspectors,1505,Unit Group,Y
2024,"2021-2621",Archivists and Curators,984,Unit Group,Y
2025,"2021-2143",Environmental Engineers,1362,Unit Group,Y
2024,"2021-63","Subsistence Farmers, Fishers, Hunters and Gatherers",107,Sub Major Group,Y
2022,"2021-5415",Intelligence Operators,277,Unit Group,Y
2022,"2021-2121","Mathematicians, Actuaries and Statisticians",37,Unit Group,Y
2024,"2021-2635",Social Work and Counselling Professionals,990,Unit Group,Y
2025,"2021-5425",Airward Defence Members,1602,Unit Group,Y
2025,"2021-3332",Conference and Event Planners,1497,Unit Group,Y
2025,"2021-52",Sales Workers,144,Sub Major Group,Y
2023,"2021-2144",Mechanical Engineers,479,Unit Group,Y
2025,"2021-3431",Photographers,1517,Unit Group,Y
2022,"2021-8412",Kitchen Helpers,425,Unit Group,Y
2022,"2021-2511",Systems Analysts,95,Unit Group,Y
2023,"2021-2421",Management and Organization Analysts,522,Unit Group,Y
2023,"2021-5162",Companions and Valets,685,Unit Group,Y
2022,"2021-2353",Other Language Teachers,79,Unit Group,Y
2022,"2021-4311",Accounting and Bookkeeping Clerks,225,Unit Group,Y
2023,"2021-8511",Street and Related Service Workers,861,Unit Group,Y
2024,"2021-7152",Weaving and Knitting Machine Operators,1252,Unit Group,Y
2023,"2021-2643","Translators, Interpreters and Other Linguists",552,Unit Group,Y
2025,"2021-5246",Food Service Counter Attendants,1585,Unit Group,Y
2025,"2021-7114","Cement, Stone and Other Mineral Products Machine Operators",1685,Unit Group,Y
2022,"2021-6514",Structural Metal Preparers and Erectors,316,Unit Group,Y
2022,"2021-7331",Bus and Tram Drivers,396,Unit Group,Y
2023,"2021-6121",Livestock and Dairy Producers,723,Unit Group,Y
2023,"2021-6833","Sewing, Embroidery and Related Workers",789,Unit Group,Y
2023,"2021-5223",Shop Sales Assistants,694,Unit Group,Y
2025,"2021-2111",Physicists and Astronomers,1352,Unit Group,Y
2024,"2021-2251",Veterinarians,940,Unit Group,Y
2025,"2021-3",TECHNICIANS AND ASSOCIATE PROFESSIONALS,31,Major Group,Y
2025,"2021-6122",Poultry Producers,1608,Unit Group,Y
2022,"2021-8",ELEMENTARY OCCUPATIONS,8,Major Group,Y
2024,"2021-7321",Motorcycle Drivers,1271,Unit Group,Y
2024,"2021-5312",Teachers' Aides,1146,Unit Group,Y
2023,"2021-1221",Sales and Marketing Managers,445,Unit Group,Y
2024,"2021-00",No Mapping,123,Sub Major Group,Y
2022,"2021-2652","Musicians, Singers and Composers",119,Unit Group,Y
2022,"2021-2165",Cartographers and Surveyors,55,Unit Group,Y
2025,"2021-8212",Livestock Farm Labourers,1729,Unit Group,Y
2022,"2021-41",General and Keyboard Clerks,16,Sub Major Group,Y
2024,"2021-81",Cleaners and Helpers,116,Sub Major Group,Y
2024,"2021-1411",Hotel Managers,905,Unit Group,Y
2025,"2021-5412",Police Officers,1593,Unit Group,Y
2022,"2021-6621",Pre-press Technicians,335,Unit Group,Y
2023,"2021-3423",Fitness and Recreation Instructors and Program Leaders,632,Unit Group,Y
2025,"2021-6421",Roofers,1622,Unit Group,Y
2022,"2021-6619",Handicraft Workers not Elsewhere Classified,334,Unit Group,Y
2025,"2021-83","Labourers in Mining, Construction, Manufacturing and Transport",160,Sub Major Group,Y
2023,"2021-6415",Carpenters and Joiners,736,Unit Group,Y
2025,"2021-4416",Personnel Clerks,1555,Unit Group,Y
2025,"2021-3514",Web Technicians,1525,Unit Group,Y
2024,"2021-41",General and Keyboard Clerks,97,Sub Major Group,Y
2022,"2021-2423",Personnel and Careers Professionals,89,Unit Group,Y
2024,"2021-8511",Street and Related Service Workers,1303,Unit Group,Y
2025,"2021-2261",Dentists,1383,Unit Group,Y
2025,"2021-2611",Lawyers,1423,Unit Group,Y
2025,"2021-2659",Creative and Performing Artists Not Elsewhere Classified,1443,Unit Group,Y
2025,"2021-00",No Mapping,165,Sub Major Group,Y
2022,"2021-4212","Bookmakers, Croupiers and Related Gaming Workers",214,Unit Group,Y
2022,"2021-5132",Bartenders,243,Unit Group,Y
2024,"2021-2511",Systems Analysts,972,Unit Group,Y
2025,"2021-3111",Chemical and Physical Science Technicians,1444,Unit Group,Y
2023,"2021-7132",Photographic Products Machine Operators,805,Unit Group,Y
2024,"2021-5221",Shop Keepers,1134,Unit Group,Y
2023,"2021-6835","Pelt Dressers, Tanners and Fellmongers",791,Unit Group,Y
2022,"2021-2632","Sociologists, Anthropologists and Related Professionals",110,Unit Group,Y
2023,"2021-2656","Announcers On Radio, Television and Other Media",558,Unit Group,Y
2024,"2021-8411",Fast Food Preparers,1301,Unit Group,Y
2022,"2021-2132","Farming, Forestry and Fisheries Advisers",39,Unit Group,Y
2025,"2021-2152",Electronics Engineers,1368,Unit Group,Y
2023,"2021-5241",Fashion and Other Models,696,Unit Group,Y
2025,"2021-3221",Nursing Associate Professionals,1474,Unit Group,Y
2025,"2021-7181",Glass and Ceramics Plant Operators,1704,Unit Group,Y
2022,"2021-2145",Chemical Engineers,45,Unit Group,Y
2024,"2021-8215",Forestry Labourers,1290,Unit Group,Y
2022,"2021-1311",Agricultural and Forestry Production Managers,13,Unit Group,Y
2022,"2021-7152",Weaving and Knitting Machine Operators,375,Unit Group,Y
2023,"2021-4413","Coding, Proof-reading and Related Clerks",668,Unit Group,Y
2025,"2021-5142",Beauticians and Related Workers,1564,Unit Group,Y
2022,"2021-24",Business and Administration Professionals,8,Sub Major Group,Y
2022,"2021-8521",Street Vendors,427,Unit Group,Y
2025,"2021-2529",Database and Network Professionals not Elsewhere Classified,1422,Unit Group,Y
2024,"2021-4312","Statistical, Finance and Insurance Clerks",1103,Unit Group,Y
2025,"2021-4322",Production Clerks,1548,Unit Group,Y
2024,"2021-12",Administrative and Commercial Managers,83,Sub Major Group,Y
2024,"2021-2652","Musicians, Singers and Composers",996,Unit Group,Y
2024,"2021-5112",Transport Conductors,1116,Unit Group,Y
2023,"2021-3334",Real Estate Agents and Property Managers,615,Unit Group,Y
2024,"2021-2265",Dieticians and Nutritionists,945,Unit Group,Y
2024,"2021-3344",Medical Secretaries,1062,Unit Group,Y
2022,"2021-86",Refuse Workers and Other Elementary Workers,39,Sub Major Group,Y
2022,"2021-3342",Legal Secretaries,183,Unit Group,Y
2024,"2021-4322",Production Clerks,1106,Unit Group,Y
2024,"2021-6822",Cabinet Makers and Related Workers,1227,Unit Group,Y
2025,"2021-3131",Power Production Plant Operators,1456,Unit Group,Y
2025,"2021-5321",Health Care Assistants,1589,Unit Group,Y
2025,"2021-5141",Hairdressers,1563,Unit Group,Y
2025,"2021-4132",Data Entry Clerks,1531,Unit Group,Y
2024,"2021-7111",Miners and Quarriers,1240,Unit Group,Y
2025,"2021-4131",Typists and Word Processing Operators,1530,Unit Group,Y
2025,"2021-4311",Accounting and Bookkeeping Clerks,1544,Unit Group,Y
2023,"2021-8313",Building Construction Labourers,852,Unit Group,Y
2024,"2021-3322",Commercial Sales Representatives,1051,Unit Group,Y
2025,"2021-7219",Assemblers not Elsewhere Classified,1710,Unit Group,Y
2024,"2021-4414",Scribes and Related Workers,1111,Unit Group,Y
2024,"2021-5113",Travel Guides,1117,Unit Group,Y
2023,"2021-3521",Broadcasting and Audio-visual Technicians,642,Unit Group,Y
2023,"2021-6841",Underwater Divers,793,Unit Group,Y
2025,"2021-6812","Bakers, Pastry-cooks and Confectionery Makers",1663,Unit Group,Y
2022,"2021-4413","Coding, Proof-reading and Related Clerks",233,Unit Group,Y
2024,"2021-3111",Chemical and Physical Science Technicians,1002,Unit Group,Y
2025,"2021-2651",Visual Artists,1437,Unit Group,Y
2022,"2021-2263",Environmental and Occupational Health and Hygiene Professionals,66,Unit Group,Y
2022,"2021-4419",Clerical Support Workers not Elsewhere Classified,237,Unit Group,Y
2022,"2021-5241",Fashion and Other Models,261,Unit Group,Y
2022,"2021-7171",Pulp and Papermaking Plant Operators,383,Unit Group,Y
2024,"2021-6511",Metal Moulders and Coremakers,1190,Unit Group,Y
2023,"2021-1321",Manufacturing Managers,450,Unit Group,Y
2025,"2021-4227",Survey and Market Research Interviewers,1542,Unit Group,Y
2025,"2021-6414","Concrete Placers, Concrete Finishers and Related Workers",1619,Unit Group,Y
2025,"2021-6524","Metal Polishers, Wheel Grinders and Tool Sharpeners",1640,Unit Group,Y
2025,"2021-7121",Metal Processing Plant Operators,1686,Unit Group,Y
2024,"2021-3135",Metal Production Process Controllers,1018,Unit Group,Y
2023,"2021-5221",Shop Keepers,692,Unit Group,Y
2023,"2021-7171",Pulp and Papermaking Plant Operators,818,Unit Group,Y
2025,"2021-4211",Bank Tellers and Related Clerks,1532,Unit Group,Y
2025,"2021-5152",Domestic Housekeepers,1566,Unit Group,Y
2025,"2021-4419",Clerical Support Workers not Elsewhere Classified,1556,Unit Group,Y
2023,"2021-2211",Generalist Medical Practitioners,492,Unit Group,Y
2022,"2021-2522",Systems Administrators,101,Unit Group,Y
2023,"2021-5113",Travel Guides,675,Unit Group,Y
2023,"2021-7153",Sewing Machine Operators,811,Unit Group,Y
2025,"2021-7331",Bus and Tram Drivers,1715,Unit Group,Y
2025,"2021-1342",Health Service Managers,1340,Unit Group,Y
2022,"2021-3143",Forestry Technicians,145,Unit Group,Y
2022,"2021-4323",Transport Clerks,230,Unit Group,Y
2025,"2021-5131",Waiters,1561,Unit Group,Y
2022,"2021-85",Street and Related Sales and Service Workers,38,Sub Major Group,Y
2023,"2021-1312",Aquaculture and Fisheries Production Managers,449,Unit Group,Y
2025,"2021-7157",Laundry Machine Operators,1699,Unit Group,Y
2025,"2021-26","Legal, Social and Cultural Professionals",133,Sub Major Group,Y
2025,"2021-3432",Interior Designers and Decorators,1518,Unit Group,Y
2025,"2021-6623",Print Finishing and Binding Workers,1656,Unit Group,Y
2023,"2021-2423",Personnel and Careers Professionals,524,Unit Group,Y
2025,"2021-7182",Steam Engine and Boiler Operators,1705,Unit Group,Y
2022,"2021-2622",Librarians and Related Information Professionals,108,Unit Group,Y
2022,"2021-3121",Mining Production / Operations Supervisors,134,Unit Group,Y
2025,"2021-2511",Systems Analysts,1414,Unit Group,Y
2022,"2021-2112",Meteorologists,34,Unit Group,Y
2023,"2021-7312","Railway Brake, Signal and Switch Operators",828,Unit Group,Y
2024,"2021-3321",Insurance Representatives,1050,Unit Group,Y
2024,"2021-6522",Toolmakers and Related Workers,1196,Unit Group,Y
2025,"2021-2121","Mathematicians, Actuaries and Statisticians",1356,Unit Group,Y
2025,"2021-2142",Civil Engineers,1361,Unit Group,Y
2025,"2021-5243",Door-to-door Salesperson,1582,Unit Group,Y
2023,"2021-2143",Environmental Engineers,478,Unit Group,Y
2022,"2021-2341",Primary School or Foundational Phase Teachers,75,Unit Group,Y
2023,"2021-6523",Metal Working Machine Tool Setters and Operators,755,Unit Group,Y
2022,"2021-3213",Pharmaceutical Technicians and Assistants,153,Unit Group,Y
2022,"2021-7156",Shoemaking and Related Machine Operators,379,Unit Group,Y
2024,"2021-1331",Information and Communications Technology Service Managers,896,Unit Group,Y
2025,"2021-5231",Cashiers and Ticket Clerks,1579,Unit Group,Y
2022,"2021-6524","Metal Polishers, Wheel Grinders and Tool Sharpeners",321,Unit Group,Y
2023,"2021-1412",Restaurant Managers,464,Unit Group,Y
2024,"2021-7171",Pulp and Papermaking Plant Operators,1260,Unit Group,Y
2025,"2021-43",Numerical and Material Recording Clerks,141,Sub Major Group,Y
2024,"2021-2143",Environmental Engineers,920,Unit Group,Y
2022,"2021-2659",Creative and Performing Artists Not Elsewhere Classified,124,Unit Group,Y
2024,"2021-8212",Livestock Farm Labourers,1287,Unit Group,Y
2025,"2021-2642",Journalists,1435,Unit Group,Y
2024,"2021-4229",Client Information Workers not Elsewhere Classified,1101,Unit Group,Y
2023,"2021-2261",Dentists,499,Unit Group,Y
2025,"2021-7341",Mobile Farm and Forestry Plant Operators,1717,Unit Group,Y
2022,"2021-4312","Statistical, Finance and Insurance Clerks",226,Unit Group,Y
2025,"2021-5312",Teachers' Aides,1588,Unit Group,Y
2023,"2021-35",Information and Communications Technicians,54,Sub Major Group,Y
2022,"2021-7332",Heavy Truck and Lorry Drivers,397,Unit Group,Y
2023,"2021-4414",Scribes and Related Workers,669,Unit Group,Y
2023,"2021-6842",Shotfirers and Blasters,794,Unit Group,Y
2025,"2021-2241",Paramedical Practitioners,1381,Unit Group,Y
2025,"2021-22",Health Professionals,129,Sub Major Group,Y
2023,"2021-3132",Incinerator and Water Treatment Plant Operators,573,Unit Group,Y
2022,"2021-67",Electrical and Electronics Trades Workers,29,Sub Major Group,Y
2023,"2021-3",TECHNICIANS AND ASSOCIATE PROFESSIONALS,11,Major Group,Y
2022,"2021-2163",Product and Garment Designers,53,Unit Group,Y
2023,"2021-6129",Other Animal Producers not Elsewhere Classified,726,Unit Group,Y
2023,"2021-2523",Computer Network Professionals,537,Unit Group,Y
2023,"2021-5412",Police Officers,709,Unit Group,Y
2023,"2021-5",SERVICE AND SALES WORKERS,13,Major Group,Y
2024,"2021-7189",Stationary Plant and Machine Operators not Elsewhere Classified,1265,Unit Group,Y
2024,"2021-1322",Mining Managers,893,Unit Group,Y
2024,"2021-5413",Prison Guards,1152,Unit Group,Y
2022,"2021-2143",Environmental Engineers,43,Unit Group,Y
2022,"2021-8624",Water and Firewood Collectors,434,Unit Group,Y
2023,"2021-2651",Visual Artists,553,Unit Group,Y
2024,"2021-2142",Civil Engineers,919,Unit Group,Y
2025,"2021-3522",Telecommunications Engineering Technicians,1527,Unit Group,Y
2022,"2021-3112",Civil Engineering Technicians,126,Unit Group,Y
2023,"2021-1439",Services Managers not Elsewhere Classified,467,Unit Group,Y
2023,"2021-8311",Mining and Quarrying Labourers,850,Unit Group,Y
2022,"2021-6816",Tobacco Preparers and Tobacco Products Makers,348,Unit Group,Y
2024,"2021-1223",Research and Development Managers,889,Unit Group,Y
2025,"2021-2654","Film, Stage and Related Directors and Producers",1440,Unit Group,Y
2022,"2021-2654","Film, Stage and Related Directors and Producers",121,Unit Group,Y
2024,"2021-3513",Computer Network and Systems Technicians,1082,Unit Group,Y
2024,"2021-5223",Shop Sales Assistants,1136,Unit Group,Y
2025,"2021-3151",Ships' Engineers,1465,Unit Group,Y
2023,"2021-2166",Graphic and Multimedia Designers,491,Unit Group,Y
2023,"2021-3511",Information and Communications Technology Operations Technicians,638,Unit Group,Y
2023,"2021-5245",Service Station Attendants,700,Unit Group,Y
2022,"2021-2269",Health Professionals not Elsewhere Classified,71,Unit Group,Y
2023,"2021-5424",Defence Support Members,717,Unit Group,Y
2022,"2021-7131",Chemical Products Plant and Machine Operators,369,Unit Group,Y
2023,"2021-1114",Senior Officials of Special-interest Organisations,439,Unit Group,Y
2024,"2021-1345",Education Managers,901,Unit Group,Y
2023,"2021-13",Production and Specialised Services Managers,42,Sub Major Group,Y
2023,"2021-6113","Gardeners, Ornamental Horticultural and Nursery Growers",721,Unit Group,Y
2025,"2021-5419",Protective Services Workers not Elsewhere Classified,1597,Unit Group,Y
2022,"2021-5243",Door-to-door Salesperson,263,Unit Group,Y
2023,"2021-4223",Telephone Switchboard Operators,654,Unit Group,Y
2024,"2021-2146","Mining Engineers, Metallurgists and Related Professionals",923,Unit Group,Y
2025,"2021-2352",Special Needs Teachers,1397,Unit Group,Y
2023,"2021-5329",Personal Care Workers in Health Services not Elsewhere Classified,707,Unit Group,Y
2024,"2021-3141",Life Science Technicians (Excluding Medical),1020,Unit Group,Y
2024,"2021-7219",Assemblers not Elsewhere Classified,1268,Unit Group,Y
2024,"2021-42",Customer Services Clerks,98,Sub Major Group,Y
2023,"2021-2133",Environmental Protection Professionals,475,Unit Group,Y
2022,"2021-1342",Health Service Managers,21,Unit Group,Y
2025,"2021-5211",Stall and Market Salespersons,1574,Unit Group,Y
2022,"2021-12",Administrative and Commercial Managers,2,Sub Major Group,Y
2025,"2021-2355",Other Arts Teachers,1400,Unit Group,Y
2022,"2021-2642",Journalists,116,Unit Group,Y
2022,"2021-3313",Accounting Associate Professionals,170,Unit Group,Y
2022,"2021-6","SKILLED AGRICULTURAL, FORESTRY, FISHERY, CRAFT AND RELATED TRADES WORKERS",6,Major Group,Y
2022,"2021-2212",Specialist Medical Practitioners,58,Unit Group,Y
2022,"2021-2633","Philosophers, Historians and Political Scientists",111,Unit Group,Y
2022,"2021-5321",Health Care Assistants,270,Unit Group,Y
2022,"2021-8331",Hand and Pedal Vehicle Drivers,420,Unit Group,Y
2025,"2021-7152",Weaving and Knitting Machine Operators,1694,Unit Group,Y
2023,"2021-2111",Physicists and Astronomers,468,Unit Group,Y
2023,"2021-3315",Valuers and Loss Assessors,607,Unit Group,Y
2025,"2021-4213",Pawnbrokers and Money-lenders,1534,Unit Group,Y
2023,"2021-7143",Paper Products Machine Operators,808,Unit Group,Y
2023,"2021-2231",Traditional and Complementary Medicine Professionals,496,Unit Group,Y
2022,"2021-3341",Office Supervisors,182,Unit Group,Y
2023,"2021-3432",Interior Designers and Decorators,634,Unit Group,Y
2023,"2021-5422",Special Forces Defence Members,715,Unit Group,Y
2023,"2021-3113",Electrical Engineering Technicians,562,Unit Group,Y
2025,"2021-2114",Geologists and Geophysicists,1355,Unit Group,Y
2023,"2021-3351",Customs and Border Inspectors,621,Unit Group,Y
2023,"2021-6721",Electronics Mechanics and Servicers,776,Unit Group,Y
2022,"2021-6617","Handicraft Workers in Wood, Basketry and Related Materials",332,Unit Group,Y
2023,"2021-8122",Vehicle Cleaners,841,Unit Group,Y
2025,"2021-8331",Hand and Pedal Vehicle Drivers,1739,Unit Group,Y
2024,"2021-1121",Managing Directors and Chief Executives,882,Unit Group,Y
2025,"2021-13",Production and Specialised Services Managers,126,Sub Major Group,Y
2022,"2021-2651",Visual Artists,118,Unit Group,Y
2022,"2021-3355",Police Inspectors and Detectives,190,Unit Group,Y
2024,"2021-2354",Other Music Teachers,957,Unit Group,Y
2023,"2021-6","SKILLED AGRICULTURAL, FORESTRY, FISHERY, CRAFT AND RELATED TRADES WORKERS",14,Major Group,Y
2022,"2021-1323",Construction Managers,17,Unit Group,Y
2023,"2021-3332",Conference and Event Planners,613,Unit Group,Y
2023,"2021-5152",Domestic Housekeepers,682,Unit Group,Y
2024,"2021-3256",Medical Assistants,1041,Unit Group,Y
2022,"2021-82","Agricultural, Forestry and Fishery Labourers",35,Sub Major Group,Y
2023,"2021-8214",Garden and Horticultural Labourers,847,Unit Group,Y
2024,"2021-6113","Gardeners, Ornamental Horticultural and Nursery Growers",1163,Unit Group,Y
2025,"2021-2153",Telecommunications Engineers,1369,Unit Group,Y
2025,"2021-3315",Valuers and Loss Assessors,1491,Unit Group,Y
2024,"2021-6411",House Builders,1174,Unit Group,Y
2023,"2021-85",Street and Related Sales and Service Workers,77,Sub Major Group,Y
2022,"2021-5246",Food Service Counter Attendants,266,Unit Group,Y
2025,"2021-7183","Packing, Bottling and Labelling Machine Operators",1706,Unit Group,Y
2024,"2021-5329",Personal Care Workers in Health Services not Elsewhere Classified,1149,Unit Group,Y
2025,"2021-7122","Metal Finishing, Plating and Coating Machine Operators",1687,Unit Group,Y
2022,"2021-2351",Education Methods Specialists,77,Unit Group,Y
2022,"2021-3214",Medical and Dental Prosthetic Technicians,154,Unit Group,Y
2024,"2021-6611",Precision-instrument Makers and Repairers,1203,Unit Group,Y
2025,"2021-2269",Health Professionals not Elsewhere Classified,1390,Unit Group,Y
2022,"2021-8334",Shelf Fillers,423,Unit Group,Y
2023,"2021-1324","Supply, Distribution and Related Managers",453,Unit Group,Y
2023,"2021-6414","Concrete Placers, Concrete Finishers and Related Workers",735,Unit Group,Y
2022,"2021-2153",Telecommunications Engineers,50,Unit Group,Y
2023,"2021-1411",Hotel Managers,463,Unit Group,Y
2023,"2021-6522",Toolmakers and Related Workers,754,Unit Group,Y
2022,"2021-1431","Sports, Recreation and Cultural Centre Managers",31,Unit Group,Y
2022,"2021-7212",Electrical and Electronic Equipment Assemblers,390,Unit Group,Y
2024,"2021-6823",Woodworking Machine Tool Setters and Operators,1228,Unit Group,Y
2022,"2021-83","Labourers in Mining, Construction, Manufacturing and Transport",36,Sub Major Group,Y
2023,"2021-22",Health Professionals,45,Sub Major Group,Y
2022,"2021-7172",Wood Processing Plant Operators,384,Unit Group,Y
2023,"2021-3434",Chefs,636,Unit Group,Y
2024,"2021-3439",Artistic and Cultural Associate Professionals not Elsewhere Classified,1079,Unit Group,Y
2025,"2021-5223",Shop Sales Assistants,1578,Unit Group,Y
2022,"2021-3142",Agricultural Technicians,144,Unit Group,Y
2024,"2021-61",Market-oriented Skilled Agricultural Workers,105,Sub Major Group,Y
2023,"2021-3114",Electronics Engineering Technicians,563,Unit Group,Y
2022,"2021-3117",Mining and Metallurgical Technicians,131,Unit Group,Y
2024,"2021-4313",Payroll Clerks,1104,Unit Group,Y
2024,"2021-3353",Government Social Benefits Officials,1065,Unit Group,Y
2022,"2021-6432",Spray Painters and Varnishers,311,Unit Group,Y
2023,"2021-1344",Social Welfare Managers,458,Unit Group,Y
2025,"2021-5132",Bartenders,1562,Unit Group,Y
2022,"2021-1412",Restaurant Managers,29,Unit Group,Y
2022,"2021-3322",Commercial Sales Representatives,174,Unit Group,Y
2024,"2021-6426",Plumbers and Pipe Fitters,1185,Unit Group,Y
2025,"2021-5212",Street Food Salespersons,1575,Unit Group,Y
2023,"2021-66",Handicraft and Printing Workers,67,Sub Major Group,Y
2023,"2021-2164",Town and Traffic Planners,489,Unit Group,Y
2025,"2021-3255",Physiotherapy Technicians and Assistants,1482,Unit Group,Y
2025,"2021-6621",Pre-press Technicians,1654,Unit Group,Y
2024,"2021-6122",Poultry Producers,1166,Unit Group,Y
2022,"2021-5249",Sales Workers not Elsewhere Classified,267,Unit Group,Y
2025,"2021-3256",Medical Assistants,1483,Unit Group,Y
2025,"2021-1346",Financial and Insurance Services Branch Managers,1344,Unit Group,Y
2024,"2021-31",Science and Engineering Associate Professionals,92,Sub Major Group,Y
2022,"2021-4111",General Office Clerks,209,Unit Group,Y
2023,"2021-6618","Handicraft Workers in Textile, Leather and Related Materials",768,Unit Group,Y
2023,"2021-6711",Building and Related Electricians,773,Unit Group,Y
2025,"2021-4214",Debt-collectors and Related Workers,1535,Unit Group,Y
2023,"2021-2434",Information and Communications Technology Sales Professionals,529,Unit Group,Y
2024,"2021-2412",Financial and Investment Advisors,962,Unit Group,Y
2022,"2021-3151",Ships' Engineers,146,Unit Group,Y
2025,"2021-6223",Skilled Deep-sea Fishery Workers,1759,Unit Group,Y
2023,"2021-6412",Bricklayers and Related Workers,733,Unit Group,Y
2025,"2021-6123",Apiarists and Sericulturists,1609,Unit Group,Y
2024,"2021-5415",Intelligence Operators,1154,Unit Group,Y
2022,"2021-6722",Information and Communications Technology Installers and Servicers and Related Occupations,342,Unit Group,Y
2025,"2021-6612",Musical Instrument Makers and Tuners,1646,Unit Group,Y
2022,"2021-2114",Geologists and Geophysicists,36,Unit Group,Y
2024,"2021-4227",Survey and Market Research Interviewers,1100,Unit Group,Y
2024,"2021-7343","Crane, Hoist and Related Plant Operators",1277,Unit Group,Y
2025,"2021-6832",Garment and Related Patternmakers and Cutters,1672,Unit Group,Y
2022,"2021-3359",Government Regulatory Associate Professionals not Elsewhere Classified,191,Unit Group,Y
2023,"2021-1421",Retail and Wholesale Trade Managers,465,Unit Group,Y
2024,"2021-2659",Creative and Performing Artists Not Elsewhere Classified,1001,Unit Group,Y
2025,"2021-7322","Car, Taxi and Van Drivers",1714,Unit Group,Y
2022,"2021-3511",Information and Communications Technology Operations Technicians,203,Unit Group,Y
2024,"2021-3131",Power Production Plant Operators,1014,Unit Group,Y
2025,"2021-4212","Bookmakers, Croupiers and Related Gaming Workers",1533,Unit Group,Y
2022,"2021-3353",Government Social Benefits Officials,188,Unit Group,Y
2023,"2021-2655",Actors,557,Unit Group,Y
2023,"2021-8129",Other Cleaning Workers,843,Unit Group,Y
2022,"2021-4225",Enquiry Clerks,221,Unit Group,Y
2023,"2021-8332",Drivers of Animal-drawn Vehicles and Machinery,856,Unit Group,Y
2022,"2021-25",Information and Communications Technology Professionals,9,Sub Major Group,Y
2023,"2021-84",Food Preparation Assistants,76,Sub Major Group,Y
2022,"2021-2146","Mining Engineers, Metallurgists and Related Professionals",46,Unit Group,Y
2024,"2021-8311",Mining and Quarrying Labourers,1292,Unit Group,Y
2025,"2021-3422","Sports Coaches, Instructors and Officials",1515,Unit Group,Y
2022,"2021-2413",Financial Analysts,86,Unit Group,Y
2022,"2021-6532",Aircraft Engine Mechanics and Repairers,323,Unit Group,Y
2025,"2021-8412",Kitchen Helpers,1744,Unit Group,Y
2025,"2021-8312",Civil Engineering Labourers,1735,Unit Group,Y
2025,"2021-2353",Other Language Teachers,1398,Unit Group,Y
2024,"2021-2144",Mechanical Engineers,921,Unit Group,Y
2024,"2021-3412",Social Work Associate Professionals,1070,Unit Group,Y
2024,"2021-5132",Bartenders,1120,Unit Group,Y
2024,"2021-5131",Waiters,1119,Unit Group,Y
2022,"2021-72",Assemblers,32,Sub Major Group,Y
2022,"2021-5322",Home-based Personal Care Workers,271,Unit Group,Y
2023,"2021-5246",Food Service Counter Attendants,701,Unit Group,Y
2024,"2021-5242",Sales Demonstrators,1139,Unit Group,Y
2023,"2021-7122","Metal Finishing, Plating and Coating Machine Operators",803,Unit Group,Y
2024,"2021-8332",Drivers of Animal-drawn Vehicles and Machinery,1298,Unit Group,Y
2023,"2021-5164",Pet Groomers and Animal Care Workers,687,Unit Group,Y
2023,"2021-8412",Kitchen Helpers,860,Unit Group,Y
2024,"2021-4224",Hotel Receptionists,1097,Unit Group,Y
2023,"2021-33",Business and Administration Associate Professionals,52,Sub Major Group,Y
2023,"2021-00",No Mapping,81,Sub Major Group,Y
2025,"2021-1112",Senior Government Officials,1321,Unit Group,Y
2022,"2021-2111",Physicists and Astronomers,33,Unit Group,Y
2023,"2021-1212",Human Resource Managers,442,Unit Group,Y
2023,"2021-8629",Elementary Workers not Elsewhere Classified,870,Unit Group,Y
2024,"2021-3333",Employment Agents and Contractors,1056,Unit Group,Y
2023,"2021-32",Health Associate Professionals,51,Sub Major Group,Y
2024,"2021-3113",Electrical Engineering Technicians,1004,Unit Group,Y
2025,"2021-5111",Travel Attendants and Travel Stewards,1557,Unit Group,Y
2023,"2021-6123",Apiarists and Sericulturists,725,Unit Group,Y
2024,"2021-2341",Primary School or Foundational Phase Teachers,952,Unit Group,Y
2022,"2021-6814","Fruit, Vegetable and Related Preservers",346,Unit Group,Y
2023,"2021-6427",Air Conditioning and Refrigeration Mechanics,744,Unit Group,Y
2025,"2021-3121",Mining Production / Operations Supervisors,1453,Unit Group,Y
2023,"2021-2264",Physiotherapists,502,Unit Group,Y
2023,"2021-5425",Airward Defence Members,718,Unit Group,Y
2024,"2021-1",MANAGERS,19,Major Group,Y
2022,"2021-2342",Early Childhood Educators,76,Unit Group,Y
2022,"2021-3432",Interior Designers and Decorators,199,Unit Group,Y
2022,"2021-3512",Information and Communications Technology User Support Technicians,204,Unit Group,Y
2024,"2021-3122",Manufacturing Supervisors,1012,Unit Group,Y
2024,"2021-6123",Apiarists and Sericulturists,1167,Unit Group,Y
2024,"2021-6513",Sheet Metal Workers,1192,Unit Group,Y
2025,"2021-6411",House Builders,1616,Unit Group,Y
2022,"2021-6712",Electrical Mechanics and Fitters,339,Unit Group,Y
2024,"2021-2145",Chemical Engineers,922,Unit Group,Y
2025,"2021-2653",Dancers and Choreographers,1439,Unit Group,Y
2025,"2021-6618","Handicraft Workers in Textile, Leather and Related Materials",1652,Unit Group,Y
2024,"2021-54",Protective Services Workers,104,Sub Major Group,Y
2022,"2021-7112",Mineral and Stone Processing Plant Operators,364,Unit Group,Y
2024,"2021-7344",Lifting Truck Operators,1278,Unit Group,Y
2022,"2021-8121",Hand Launderers and Pressers,405,Unit Group,Y
2023,"2021-2633","Philosophers, Historians and Political Scientists",546,Unit Group,Y
2023,"2021-71",Stationary Plant and Machine Operators,70,Sub Major Group,Y
2024,"2021-5162",Companions and Valets,1127,Unit Group,Y
2022,"2021-2514",Applications Programmers,98,Unit Group,Y
2025,"2021-2612",Judges,1424,Unit Group,Y
2022,"2021-4132",Data Entry Clerks,212,Unit Group,Y
2024,"2021-3521",Broadcasting and Audio-visual Technicians,1084,Unit Group,Y
2025,"2021-4313",Payroll Clerks,1546,Unit Group,Y
2023,"2021-4415",Filing and Copying Clerks,670,Unit Group,Y
2022,"2021-2131","Biologists, Botanists, Zoologists and Related Professionals",38,Unit Group,Y
2025,"2021-3334",Real Estate Agents and Property Managers,1499,Unit Group,Y
2025,"2021-4312","Statistical, Finance and Insurance Clerks",1545,Unit Group,Y
2023,"2021-61",Market-oriented Skilled Agricultural Workers,63,Sub Major Group,Y
2022,"2021-5151",Cleaning and Housekeeping Supervisors,246,Unit Group,Y
2023,"2021-3412",Social Work Associate Professionals,628,Unit Group,Y
2023,"2021-5243",Door-to-door Salesperson,698,Unit Group,Y
2023,"2021-7182",Steam Engine and Boiler Operators,821,Unit Group,Y
2025,"2021-1213",Policy and Planning Managers,1327,Unit Group,Y
2025,"2021-2656","Announcers On Radio, Television and Other Media",1442,Unit Group,Y
2025,"2021-7131",Chemical Products Plant and Machine Operators,1688,Unit Group,Y
2024,"2021-71",Stationary Plant and Machine Operators,113,Sub Major Group,Y
2023,"2021-2611",Lawyers,539,Unit Group,Y
2023,"2021-44",Other Clerical Support Workers,58,Sub Major Group,Y
2023,"2021-6423",Plasterers,740,Unit Group,Y
2024,"2021-4211",Bank Tellers and Related Clerks,1090,Unit Group,Y
2024,"2021-6432",Spray Painters and Varnishers,1188,Unit Group,Y
2023,"2021-3133",Chemical Processing Plant Controllers,574,Unit Group,Y
2024,"2021-3314","Statistical, Mathematical and Related Associate Professionals",1048,Unit Group,Y
2025,"2021-3412",Social Work Associate Professionals,1512,Unit Group,Y
2023,"2021-83","Labourers in Mining, Construction, Manufacturing and Transport",75,Sub Major Group,Y
2025,"2021-5",SERVICE AND SALES WORKERS,33,Major Group,Y
2023,"2021-4214",Debt-collectors and Related Workers,651,Unit Group,Y
2024,"2021-4413","Coding, Proof-reading and Related Clerks",1110,Unit Group,Y
2024,"2021-5411",Fire fighters,1150,Unit Group,Y
2022,"2021-4321",Stock Clerks,228,Unit Group,Y
2023,"2021-3512",Information and Communications Technology User Support Technicians,639,Unit Group,Y
2024,"2021-5249",Sales Workers not Elsewhere Classified,1144,Unit Group,Y
2023,"2021-11","Chief Executives, Senior Officials and Legislators",40,Sub Major Group,Y
2023,"2021-3119",Physical and Engineering Science Technicians not Elsewhere Classified,568,Unit Group,Y
2022,"2021-84",Food Preparation Assistants,37,Sub Major Group,Y
2022,"2021-2241",Paramedical Practitioners,62,Unit Group,Y
2022,"2021-2267",Optometrists and Ophthalmic Opticians,70,Unit Group,Y
2022,"2021-2352",Special Needs Teachers,78,Unit Group,Y
2022,"2021-3254",Dispensing Opticians,162,Unit Group,Y
2025,"2021-2411",Accountants,1403,Unit Group,Y
2023,"2021-5165",Driving Instructors,688,Unit Group,Y
2024,"2021-3315",Valuers and Loss Assessors,1049,Unit Group,Y
2024,"2021-2264",Physiotherapists,944,Unit Group,Y
2022,"2021-3421",Athletes and Sports Players,195,Unit Group,Y
2023,"2021-2",PROFESSIONALS,10,Major Group,Y
2023,"2021-3221",Nursing Associate Professionals,590,Unit Group,Y
2024,"2021-7183","Packing, Bottling and Labelling Machine Operators",1264,Unit Group,Y
2025,"2021-8",ELEMENTARY OCCUPATIONS,36,Major Group,Y
2025,"2021-3513",Computer Network and Systems Technicians,1524,Unit Group,Y
2023,"2021-2411",Accountants,519,Unit Group,Y
2024,"2021-5322",Home-based Personal Care Workers,1148,Unit Group,Y
2024,"2021-2",PROFESSIONALS,20,Major Group,Y
2022,"2021-2152",Electronics Engineers,49,Unit Group,Y
2022,"2021-3231",Traditional and Complementary Medicine Associate Professionals,157,Unit Group,Y
2023,"2021-3155",Air Traffic Safety Electronics Technicians,585,Unit Group,Y
2023,"2021-6131",Mixed Crop and Animal Producers,727,Unit Group,Y
2024,"2021-5161","Astrologers, Fortune-tellers and Related Workers",1126,Unit Group,Y
2024,"2021-62","Market-oriented Fishery Workers, Hunters and Trappers",106,Sub Major Group,Y
2022,"2021-5211",Stall and Market Salespersons,255,Unit Group,Y
2023,"2021-6831","Tailors, Dressmakers, Furriers and Hatters",787,Unit Group,Y
2024,"2021-2111",Physicists and Astronomers,910,Unit Group,Y
2025,"2021-3143",Forestry Technicians,1464,Unit Group,Y
2023,"2021-2622",Librarians and Related Information Professionals,543,Unit Group,Y
2025,"2021-6422",Floor Layers and Tile Setters,1623,Unit Group,Y
2025,"2021-6834",Upholsterers and Related Workers,1674,Unit Group,Y
2024,"2021-6112",Tree and Shrub Crop Growers,1162,Unit Group,Y
2025,"2021-25",Information and Communications Technology Professionals,132,Sub Major Group,Y
2025,"2021-3115",Mechanical Engineering Technicians,1448,Unit Group,Y
2024,"2021-8111",Domestic Cleaners and Helpers,1280,Unit Group,Y
2023,"2021-7172",Wood Processing Plant Operators,819,Unit Group,Y
2024,"2021-2311",University and Higher Education Teachers,949,Unit Group,Y
2024,"2021-8211",Crop Farm Workers,1286,Unit Group,Y
2023,"2021-6311",Subsistence Crop Farmers,728,Unit Group,Y
2024,"2021-3253",Community Health Workers,1038,Unit Group,Y
2024,"2021-6111",Field Crop and Vegetable Growers,1161,Unit Group,Y
2025,"2021-6614",Potters and Related Workers,1648,Unit Group,Y
2022,"2021-4416",Personnel Clerks,236,Unit Group,Y
2024,"2021-1421",Retail and Wholesale Trade Managers,907,Unit Group,Y
2024,"2021-5244",Contact Centre Salespersons,1141,Unit Group,Y
2024,"2021-3133",Chemical Processing Plant Controllers,1016,Unit Group,Y
2025,"2021-2351",Education Methods Specialists,1396,Unit Group,Y
2025,"2021-6112",Tree and Shrub Crop Growers,1604,Unit Group,Y
2025,"2021-61",Market-oriented Skilled Agricultural Workers,147,Sub Major Group,Y
2023,"2021-3413",Religious Associate Professionals,629,Unit Group,Y
2025,"2021-3312",Credit and Loans Officers,1488,Unit Group,Y
2022,"2021-6842",Shotfirers and Blasters,359,Unit Group,Y
2023,"2021-3431",Photographers,633,Unit Group,Y
2023,"2021-4416",Personnel Clerks,671,Unit Group,Y
2023,"2021-5312",Teachers' Aides,704,Unit Group,Y
2023,"2021-6843",Product Graders and Testers (Except Foods and Beverages),795,Unit Group,Y
2024,"2021-2114",Geologists and Geophysicists,913,Unit Group,Y
2025,"2021-7141",Rubber Products Machine Operators,1690,Unit Group,Y
2023,"2021-2632","Sociologists, Anthropologists and Related Professionals",545,Unit Group,Y
2023,"2021-4225",Enquiry Clerks,656,Unit Group,Y
2025,"2021-2621",Archivists and Curators,1426,Unit Group,Y
2025,"2021-4111",General Office Clerks,1528,Unit Group,Y
2025,"2021-7172",Wood Processing Plant Operators,1703,Unit Group,Y
2023,"2021-3355",Police Inspectors and Detectives,625,Unit Group,Y
2025,"2021-6419",Building Frame and Related Trades Workers not Elsewhere Classified,1621,Unit Group,Y
2025,"2021-6622",Printers,1655,Unit Group,Y
2025,"2021-8333",Freight Handlers,1741,Unit Group,Y
2022,"2021-2356",Information Technology Trainers,82,Unit Group,Y
2022,"2021-7",PLANT AND MACHINE OPERATORS AND ASSEMBLERS,7,Major Group,Y
2023,"2021-4312","Statistical, Finance and Insurance Clerks",661,Unit Group,Y
2024,"2021-2151",Electrical Engineers,925,Unit Group,Y
2024,"2021-2152",Electronics Engineers,926,Unit Group,Y
2025,"2021-6842",Shotfirers and Blasters,1678,Unit Group,Y
2022,"2021-2631",Economists,109,Unit Group,Y
2023,"2021-1346",Financial and Insurance Services Branch Managers,460,Unit Group,Y
2025,"2021-3521",Broadcasting and Audio-visual Technicians,1526,Unit Group,Y
2023,"2021-21","Physical, Mathematical and Engineering Science Professionals",44,Sub Major Group,Y
2024,"2021-3334",Real Estate Agents and Property Managers,1057,Unit Group,Y
2023,"2021-2222",Midwifery Professionals,495,Unit Group,Y
2024,"2021-4221",Travel Consultants and Clerks,1094,Unit Group,Y
2024,"2021-3351",Customs and Border Inspectors,1063,Unit Group,Y
2025,"2021-5221",Shop Keepers,1576,Unit Group,Y
2024,"2021-6841",Underwater Divers,1235,Unit Group,Y
2025,"2021-8622",Odd Job Persons,1751,Unit Group,Y
2025,"2021-68","Food Processing, Wood Working, Garment and Other Craft and Related Trades Workers",154,Sub Major Group,Y
2024,"2021-7155",Fur and Leather Preparing Machine Operators,1255,Unit Group,Y
2025,"2021-6613",Jewellery and Precious Metal Workers,1647,Unit Group,Y
2022,"2021-1223",Research and Development Managers,12,Unit Group,Y
2022,"2021-1346",Financial and Insurance Services Branch Managers,25,Unit Group,Y
2024,"2021-8112","Cleaners and Helpers in Offices, Hotels and Other Establishments",1281,Unit Group,Y
2022,"2021-1322",Mining Managers,16,Unit Group,Y
2024,"2021-5152",Domestic Housekeepers,1124,Unit Group,Y
2022,"2021-3324",Trade Brokers,176,Unit Group,Y
2022,"2021-5113",Travel Guides,240,Unit Group,Y
2022,"2021-6422",Floor Layers and Tile Setters,304,Unit Group,Y
2023,"2021-2131","Biologists, Botanists, Zoologists and Related Professionals",473,Unit Group,Y
2024,"2021-32",Health Associate Professionals,93,Sub Major Group,Y
2023,"2021-1311",Agricultural and Forestry Production Managers,448,Unit Group,Y
2024,"2021-3434",Chefs,1078,Unit Group,Y
2025,"2021-6713",Electrical Line Installers and Repairers,1659,Unit Group,Y
2022,"2021-7183","Packing, Bottling and Labelling Machine Operators",387,Unit Group,Y
2025,"2021-6836",Shoemakers and Related Workers,1676,Unit Group,Y
2025,"2021-1324","Supply, Distribution and Related Managers",1337,Unit Group,Y
2025,"2021-3257",Environmental and Occupational Health Inspectors and Associates,1484,Unit Group,Y
2022,"2021-3133",Chemical Processing Plant Controllers,139,Unit Group,Y
2024,"2021-6424",Insulation Workers,1183,Unit Group,Y
2024,"2021-6221",Skilled Aquaculture Workers,1315,Unit Group,Y
2022,"2021-23",Teaching Professionals,7,Sub Major Group,Y
2022,"2021-2653",Dancers and Choreographers,120,Unit Group,Y
2023,"2021-2311",University and Higher Education Teachers,507,Unit Group,Y
2022,"2021-31",Science and Engineering Associate Professionals,11,Sub Major Group,Y
2023,"2021-3123",Construction Supervisors,571,Unit Group,Y
2024,"2021-6","SKILLED AGRICULTURAL, FORESTRY, FISHERY, CRAFT AND RELATED TRADES WORKERS",24,Major Group,Y
2022,"2021-6515",Riggers and Cable Splicers,317,Unit Group,Y
2024,"2021-2163",Product and Garment Designers,930,Unit Group,Y
2024,"2021-2165",Cartographers and Surveyors,932,Unit Group,Y
2022,"2021-6512",Welders and Flame Cutters,314,Unit Group,Y
2023,"2021-4121",Secretaries (General),645,Unit Group,Y
2025,"2021-21","Physical, Mathematical and Engineering Science Professionals",128,Sub Major Group,Y
2022,"2021-6123",Apiarists and Sericulturists,290,Unit Group,Y
2023,"2021-2521",Database Designers and Administrators,535,Unit Group,Y
2024,"2021-2634",Psychologists,989,Unit Group,Y
2025,"2021-1431","Sports, Recreation and Cultural Centre Managers",1350,Unit Group,Y
2022,"2021-5112",Transport Conductors,239,Unit Group,Y
2023,"2021-6512",Welders and Flame Cutters,749,Unit Group,Y
2025,"2021-3134",Petroleum and Natural Gas Refining Plant Operators,1459,Unit Group,Y
2025,"2021-5421",Seaward Defence Members,1598,Unit Group,Y
2025,"2021-7142",Plastic Products Machine Operators,1691,Unit Group,Y
2023,"2021-6515",Riggers and Cable Splicers,752,Unit Group,Y
2025,"2021-7351",Ships' Deck Crews and Related Workers,1721,Unit Group,Y
2023,"2021-6611",Precision-instrument Makers and Repairers,761,Unit Group,Y
2024,"2021-2633","Philosophers, Historians and Political Scientists",988,Unit Group,Y
2023,"2021-6421",Roofers,738,Unit Group,Y
2024,"2021-90",Learner,122,Sub Major Group,Y
2023,"2021-4411",Library Clerks,666,Unit Group,Y
2024,"2021-6815",Food and Beverage Tasters and Graders,1224,Unit Group,Y
2025,"2021-1349",Professional Services Managers not Elsewhere Classified,1346,Unit Group,Y
2025,"2021-3132",Incinerator and Water Treatment Plant Operators,1457,Unit Group,Y
2025,"2021-65","Metal, Machinery and Related Trades Workers",151,Sub Major Group,Y
2022,"2021-7344",Lifting Truck Operators,401,Unit Group,Y
2023,"2021-6314","Subsistence Fishers, Hunters, Trappers and Gatherers",731,Unit Group,Y
2023,"2021-8212",Livestock Farm Labourers,845,Unit Group,Y
2024,"2021-1114",Senior Officials of Special-interest Organisations,881,Unit Group,Y
2024,"2021-3139",Process Control Technicians not Elsewhere Classified,1019,Unit Group,Y
2022,"2021-14","Hospitality, Retail and Other Services Managers",4,Sub Major Group,Y
2023,"2021-2636",Religious Professionals,549,Unit Group,Y
2025,"2021-8629",Elementary Workers not Elsewhere Classified,1754,Unit Group,Y
2025,"2021-2641",Authors and Related Writers,1434,Unit Group,Y
2024,"2021-3352",Government Tax and Excise Officials,1064,Unit Group,Y
2024,"2021-3423",Fitness and Recreation Instructors and Program Leaders,1074,Unit Group,Y
2024,"2021-6515",Riggers and Cable Splicers,1194,Unit Group,Y
2022,"2021-1347",Armed Forces Managers,26,Unit Group,Y
2022,"2021-2612",Judges,105,Unit Group,Y
2024,"2021-2432",Public Relations Professionals,969,Unit Group,Y
2022,"2021-8612",Refuse Sorters,429,Unit Group,Y
2025,"2021-1411",Hotel Managers,1347,Unit Group,Y
2022,"2021-64",Building and Related Trades Workers,26,Sub Major Group,Y
2023,"2021-7343","Crane, Hoist and Related Plant Operators",835,Unit Group,Y
2024,"2021-3119",Physical and Engineering Science Technicians not Elsewhere Classified,1010,Unit Group,Y
2025,"2021-5151",Cleaning and Housekeeping Supervisors,1565,Unit Group,Y
2025,"2021-8122",Vehicle Cleaners,1725,Unit Group,Y
2023,"2021-6433",Building Structure Cleaners,747,Unit Group,Y
2023,"2021-8411",Fast Food Preparers,859,Unit Group,Y
2024,"2021-3221",Nursing Associate Professionals,1032,Unit Group,Y
2024,"2021-4223",Telephone Switchboard Operators,1096,Unit Group,Y
2025,"2021-2251",Veterinarians,1382,Unit Group,Y
2023,"2021-6224",Hunters and Trappers,876,Unit Group,Y
2022,"2021-5419",Protective Services Workers not Elsewhere Classified,278,Unit Group,Y
2022,"2021-6534",Bicycle and Related Repairers,325,Unit Group,Y
2024,"2021-3211",Medical Imaging and Therapeutic Equipment Technicians,1028,Unit Group,Y
2022,"2021-61",Market-oriented Skilled Agricultural Workers,24,Sub Major Group,Y
2025,"2021-8621","Messengers, Package Deliverers and Luggage Porters",1750,Unit Group,Y
2022,"2021-7113",Well Drillers and Borers and Related Workers,365,Unit Group,Y
2023,"2021-6814","Fruit, Vegetable and Related Preservers",781,Unit Group,Y
2024,"2021-1221",Sales and Marketing Managers,887,Unit Group,Y
2024,"2021-2529",Database and Network Professionals not Elsewhere Classified,980,Unit Group,Y
2024,"2021-3432",Interior Designers and Decorators,1076,Unit Group,Y
2025,"2021-6534",Bicycle and Related Repairers,1644,Unit Group,Y
2024,"2021-3112",Civil Engineering Technicians,1003,Unit Group,Y
2025,"2021-2643","Translators, Interpreters and Other Linguists",1436,Unit Group,Y
2022,"2021-63","Subsistence Farmers, Fishers, Hunters and Gatherers",25,Sub Major Group,Y
2023,"2021-64",Building and Related Trades Workers,65,Sub Major Group,Y
2023,"2021-7157",Laundry Machine Operators,815,Unit Group,Y
2024,"2021-6524","Metal Polishers, Wheel Grinders and Tool Sharpeners",1198,Unit Group,Y
2022,"2021-2331",Secondary or Intermediate and Senior Education Teachers,74,Unit Group,Y
2025,"2021-5241",Fashion and Other Models,1580,Unit Group,Y
2025,"2021-8611",Garbage and Recycling Collectors,1747,Unit Group,Y
2022,"2021-1312",Aquaculture and Fisheries Production Managers,14,Unit Group,Y
2025,"2021-2433",Technical and Medical Sales Professionals (Excluding ICT),1412,Unit Group,Y
2023,"2021-6849",Craft and Related Workers not Elsewhere Classified,797,Unit Group,Y
2023,"2021-8333",Freight Handlers,857,Unit Group,Y
2024,"2021-2262",Pharmacists,942,Unit Group,Y
2025,"2021-6427",Air Conditioning and Refrigeration Mechanics,1628,Unit Group,Y
2025,"2021-6822",Cabinet Makers and Related Workers,1669,Unit Group,Y
2022,"2021-3212",Medical and Pathology Laboratory Technicians,152,Unit Group,Y
2022,"2021-5121",Cooks,241,Unit Group,Y
2023,"2021-5411",Fire fighters,708,Unit Group,Y
2024,"2021-6121",Livestock and Dairy Producers,1165,Unit Group,Y
2023,"2021-4322",Production Clerks,664,Unit Group,Y
2023,"2021-7344",Lifting Truck Operators,836,Unit Group,Y
2024,"2021-2149",Engineering Professionals not Elsewhere Classified,924,Unit Group,Y
2024,"2021-2636",Religious Professionals,991,Unit Group,Y
2024,"2021-2651",Visual Artists,995,Unit Group,Y
2025,"2021-5413",Prison Guards,1594,Unit Group,Y
2022,"2021-3222",Midwifery Associate Professionals,156,Unit Group,Y
2022,"2021-5413",Prison Guards,275,Unit Group,Y
2024,"2021-7341",Mobile Farm and Forestry Plant Operators,1275,Unit Group,Y
2024,"2021-5246",Food Service Counter Attendants,1143,Unit Group,Y
2025,"2021-5165",Driving Instructors,1572,Unit Group,Y
2022,"2021-6836",Shoemakers and Related Workers,357,Unit Group,Y
2024,"2021-51",Personal Service Workers,101,Sub Major Group,Y
2022,"2021-8332",Drivers of Animal-drawn Vehicles and Machinery,421,Unit Group,Y
2025,"2021-2",PROFESSIONALS,30,Major Group,Y
2024,"2021-6223",Skilled Deep-sea Fishery Workers,1317,Unit Group,Y
2025,"2021-1114",Senior Officials of Special-interest Organisations,1323,Unit Group,Y
2025,"2021-3154",Air Traffic Controllers,1468,Unit Group,Y
2025,"2021-3352",Government Tax and Excise Officials,1506,Unit Group,Y
2022,"2021-6426",Plumbers and Pipe Fitters,308,Unit Group,Y
2023,"2021-5161","Astrologers, Fortune-tellers and Related Workers",684,Unit Group,Y
2024,"2021-1346",Financial and Insurance Services Branch Managers,902,Unit Group,Y
2024,"2021-4416",Personnel Clerks,1113,Unit Group,Y
2025,"2021-5414",Security Guards,1595,Unit Group,Y
2025,"2021-11","Chief Executives, Senior Officials and Legislators",124,Sub Major Group,Y
2023,"2021-6713",Electrical Line Installers and Repairers,775,Unit Group,Y
2023,"2021-8621","Messengers, Package Deliverers and Luggage Porters",866,Unit Group,Y
2025,"2021-5249",Sales Workers not Elsewhere Classified,1586,Unit Group,Y
2024,"2021-3522",Telecommunications Engineering Technicians,1085,Unit Group,Y
2024,"2021-72",Assemblers,114,Sub Major Group,Y
2024,"2021-7159","Textile, Fur and Leather Products Machine Operators not Elsewhere Classified",1258,Unit Group,Y
2025,"2021-3241",Veterinary Technicians and Assistants,1477,Unit Group,Y
2023,"2021-3211",Medical Imaging and Therapeutic Equipment Technicians,586,Unit Group,Y
2025,"2021-6311",Subsistence Crop Farmers,1612,Unit Group,Y
2022,"2021-5131",Waiters,242,Unit Group,Y
2022,"2021-2251",Veterinarians,63,Unit Group,Y
2025,"2021-3133",Chemical Processing Plant Controllers,1458,Unit Group,Y
2023,"2021-24",Business and Administration Professionals,47,Sub Major Group,Y
2024,"2021-67",Electrical and Electronics Trades Workers,111,Sub Major Group,Y
2022,"2021-5163",Undertakers and Embalmers,251,Unit Group,Y
2024,"2021-6615","Glass Makers, Cutters, Grinders and Finishers",1207,Unit Group,Y
2025,"2021-8121",Hand Launderers and Pressers,1724,Unit Group,Y
2025,"2021-7155",Fur and Leather Preparing Machine Operators,1697,Unit Group,Y
2022,"2021-35",Information and Communications Technicians,15,Sub Major Group,Y
2023,"2021-90",Learner,79,Sub Major Group,Y
2023,"2021-0",NO MAPPING,18,Major Group,Y
2024,"2021-1323",Construction Managers,894,Unit Group,Y
2024,"2021-3214",Medical and Dental Prosthetic Technicians,1031,Unit Group,Y
2022,"2021-6421",Roofers,303,Unit Group,Y
2022,"2021-5421",Seaward Defence Members,279,Unit Group,Y
2023,"2021-6424",Insulation Workers,741,Unit Group,Y
2023,"2021-6614",Potters and Related Workers,764,Unit Group,Y
2022,"2021-71",Stationary Plant and Machine Operators,31,Sub Major Group,Y
2023,"2021-2635",Social Work and Counselling Professionals,548,Unit Group,Y
2025,"2021-6211",Forestry and Related Workers,1756,Unit Group,Y
2023,"2021-2165",Cartographers and Surveyors,490,Unit Group,Y
2024,"2021-8122",Vehicle Cleaners,1283,Unit Group,Y
2024,"2021-65","Metal, Machinery and Related Trades Workers",109,Sub Major Group,Y
2023,"2021-7219",Assemblers not Elsewhere Classified,826,Unit Group,Y
2023,"2021-8112","Cleaners and Helpers in Offices, Hotels and Other Establishments",839,Unit Group,Y
2024,"2021-3132",Incinerator and Water Treatment Plant Operators,1015,Unit Group,Y
2024,"2021-84",Food Preparation Assistants,119,Sub Major Group,Y
2022,"2021-6821",Wood Treaters,349,Unit Group,Y
2024,"2021-1222",Advertising and Public Relations Managers,888,Unit Group,Y
2023,"2021-6425",Glaziers,742,Unit Group,Y
2024,"2021-2241",Paramedical Practitioners,939,Unit Group,Y
2024,"2021-2642",Journalists,993,Unit Group,Y
2022,"2021-3521",Broadcasting and Audio-visual Technicians,207,Unit Group,Y
2022,"2021-8111",Domestic Cleaners and Helpers,403,Unit Group,Y
2025,"2021-3119",Physical and Engineering Science Technicians not Elsewhere Classified,1452,Unit Group,Y
2025,"2021-6841",Underwater Divers,1677,Unit Group,Y
2025,"2021-7343","Crane, Hoist and Related Plant Operators",1719,Unit Group,Y
2023,"2021-7189",Stationary Plant and Machine Operators not Elsewhere Classified,823,Unit Group,Y
2024,"2021-6843",Product Graders and Testers (Except Foods and Beverages),1237,Unit Group,Y
2025,"2021-6312",Subsistence Livestock Farmers,1613,Unit Group,Y
2024,"2021-8333",Freight Handlers,1299,Unit Group,Y
2024,"2021-4225",Enquiry Clerks,1098,Unit Group,Y
2025,"2021-4321",Stock Clerks,1547,Unit Group,Y
2023,"2021-26","Legal, Social and Cultural Professionals",49,Sub Major Group,Y
2022,"2021-8329",Manufacturing Labourers not Elsewhere Classified,419,Unit Group,Y
2024,"2021-5421",Seaward Defence Members,1156,Unit Group,Y
2023,"2021-2432",Public Relations Professionals,527,Unit Group,Y
2023,"2021-2652","Musicians, Singers and Composers",554,Unit Group,Y
2022,"2021-3241",Veterinary Technicians and Assistants,158,Unit Group,Y
2022,"2021-3344",Medical Secretaries,185,Unit Group,Y
2023,"2021-5153",Building Caretakers,683,Unit Group,Y
2025,"2021-3113",Electrical Engineering Technicians,1446,Unit Group,Y
2025,"2021-5153",Building Caretakers,1567,Unit Group,Y
2022,"2021-6414","Concrete Placers, Concrete Finishers and Related Workers",300,Unit Group,Y
2023,"2021-6221",Skilled Aquaculture Workers,873,Unit Group,Y
2024,"2021-2611",Lawyers,981,Unit Group,Y
2023,"2021-2359",Teaching Professionals not Elsewhere Classified,518,Unit Group,Y
2025,"2021-5163",Undertakers and Embalmers,1570,Unit Group,Y
2024,"2021-2161",Building Architects,928,Unit Group,Y
2024,"2021-5321",Health Care Assistants,1147,Unit Group,Y
2022,"2021-5242",Sales Demonstrators,262,Unit Group,Y
2023,"2021-2422",Policy Administration Professionals,523,Unit Group,Y
2023,"2021-8321",Hand Packers,853,Unit Group,Y
2023,"2021-72",Assemblers,71,Sub Major Group,Y
2025,"2021-5161","Astrologers, Fortune-tellers and Related Workers",1568,Unit Group,Y
2022,"2021-34","Legal, Social, Cultural and Related Associate Professionals",14,Sub Major Group,Y
2023,"2021-8216",Fishery and Aquaculture Labourers,849,Unit Group,Y
2024,"2021-3154",Air Traffic Controllers,1026,Unit Group,Y
2023,"2021-2621",Archivists and Curators,542,Unit Group,Y
2023,"2021-5249",Sales Workers not Elsewhere Classified,702,Unit Group,Y
2025,"2021-7344",Lifting Truck Operators,1720,Unit Group,Y
2022,"2021-1",MANAGERS,1,Major Group,Y
2024,"2021-2231",Traditional and Complementary Medicine Professionals,938,Unit Group,Y
2022,"2021-5111",Travel Attendants and Travel Stewards,238,Unit Group,Y
2023,"2021-4111",General Office Clerks,644,Unit Group,Y
2023,"2021-5141",Hairdressers,679,Unit Group,Y
2025,"2021-3251",Dental Assistants and Therapists,1478,Unit Group,Y
2025,"2021-12",Administrative and Commercial Managers,125,Sub Major Group,Y
2022,"2021-5422",Special Forces Defence Members,280,Unit Group,Y
2025,"2021-3214",Medical and Dental Prosthetic Technicians,1473,Unit Group,Y
2024,"2021-2431",Advertising and Marketing Professionals,968,Unit Group,Y
2024,"2021-4121",Secretaries (General),1087,Unit Group,Y
2022,"2021-3431",Photographers,198,Unit Group,Y
2022,"2021-4131",Typists and Word Processing Operators,211,Unit Group,Y
2023,"2021-7183","Packing, Bottling and Labelling Machine Operators",822,Unit Group,Y
2024,"2021-3512",Information and Communications Technology User Support Technicians,1081,Unit Group,Y
2025,"2021-2634",Psychologists,1431,Unit Group,Y
2025,"2021-3343",Administrative and Executive Secretaries,1503,Unit Group,Y
2023,"2021-5311",Child Care Workers,703,Unit Group,Y
2023,"2021-8215",Forestry Labourers,848,Unit Group,Y
2022,"2021-3312",Credit and Loans Officers,169,Unit Group,Y
2024,"2021-7142",Plastic Products Machine Operators,1249,Unit Group,Y
2025,"2021-5415",Intelligence Operators,1596,Unit Group,Y
2022,"2021-3115",Mechanical Engineering Technicians,129,Unit Group,Y
2023,"2021-2654","Film, Stage and Related Directors and Producers",556,Unit Group,Y
2022,"2021-4226",Receptionists (General),222,Unit Group,Y
2022,"2021-53",Personal Care Workers,22,Sub Major Group,Y
2022,"2021-3343",Administrative and Executive Secretaries,184,Unit Group,Y
2023,"2021-6823",Woodworking Machine Tool Setters and Operators,786,Unit Group,Y
2025,"2021-7154","Bleaching, Dyeing and Fabric Cleaning Machine Operators",1696,Unit Group,Y
2023,"2021-7131",Chemical Products Plant and Machine Operators,804,Unit Group,Y
2024,"2021-3331",Clearing and Forwarding Agents,1054,Unit Group,Y
2024,"2021-4132",Data Entry Clerks,1089,Unit Group,Y
2022,"2021-1219",Business Services and Administration Managers not Elsewhere Classified,9,Unit Group,Y
2022,"2021-2529",Database and Network Professionals not Elsewhere Classified,103,Unit Group,Y
2025,"2021-2522",Systems Administrators,1420,Unit Group,Y
2024,"2021-1112",Senior Government Officials,879,Unit Group,Y
2024,"2021-8621","Messengers, Package Deliverers and Luggage Porters",1308,Unit Group,Y
2025,"2021-5162",Companions and Valets,1569,Unit Group,Y
2022,"2021-6531",Motor Vehicle Mechanics and Repairers,322,Unit Group,Y
2023,"2021-2151",Electrical Engineers,483,Unit Group,Y
2023,"2021-7311",Locomotive Engine Drivers,827,Unit Group,Y
2024,"2021-2113",Chemists,912,Unit Group,Y
2024,"2021-66",Handicraft and Printing Workers,110,Sub Major Group,Y
2023,"2021-6612",Musical Instrument Makers and Tuners,762,Unit Group,Y
2024,"2021-2653",Dancers and Choreographers,997,Unit Group,Y
2022,"2021-3141",Life Science Technicians (Excluding Medical),143,Unit Group,Y
2022,"2021-7311",Locomotive Engine Drivers,392,Unit Group,Y
2023,"2021-3251",Dental Assistants and Therapists,594,Unit Group,Y
2023,"2021-6432",Spray Painters and Varnishers,746,Unit Group,Y
2025,"2021-2652","Musicians, Singers and Composers",1438,Unit Group,Y
2023,"2021-6413","Stonemasons, Stone Cutters, Splitters and Carvers",734,Unit Group,Y
2023,"2021-7142",Plastic Products Machine Operators,807,Unit Group,Y
2025,"2021-4221",Travel Consultants and Clerks,1536,Unit Group,Y
2024,"2021-3431",Photographers,1075,Unit Group,Y
2024,"2021-14","Hospitality, Retail and Other Services Managers",85,Sub Major Group,Y
2022,"2021-8613",Sweepers and Related Labourers,430,Unit Group,Y
2025,"2021-2112",Meteorologists,1353,Unit Group,Y
2025,"2021-2165",Cartographers and Surveyors,1374,Unit Group,Y
2022,"2021-8122",Vehicle Cleaners,406,Unit Group,Y
2025,"2021-4413","Coding, Proof-reading and Related Clerks",1552,Unit Group,Y
2024,"2021-5419",Protective Services Workers not Elsewhere Classified,1155,Unit Group,Y
2023,"2021-2331",Secondary or Intermediate and Senior Education Teachers,509,Unit Group,Y
2024,"2021-6423",Plasterers,1182,Unit Group,Y
2024,"2021-6617","Handicraft Workers in Wood, Basketry and Related Materials",1209,Unit Group,Y
2025,"2021-2331",Secondary or Intermediate and Senior Education Teachers,1393,Unit Group,Y
2024,"2021-21","Physical, Mathematical and Engineering Science Professionals",86,Sub Major Group,Y
2022,"2021-7189",Stationary Plant and Machine Operators not Elsewhere Classified,388,Unit Group,Y
2023,"2021-2355",Other Arts Teachers,516,Unit Group,Y
2024,"2021-6618","Handicraft Workers in Textile, Leather and Related Materials",1210,Unit Group,Y
2025,"2021-7159","Textile, Fur and Leather Products Machine Operators not Elsewhere Classified",1700,Unit Group,Y
2022,"2021-3134",Petroleum and Natural Gas Refining Plant Operators,140,Unit Group,Y
2024,"2021-3152",Ships' Deck Officers and Pilots,1024,Unit Group,Y
2022,"2021-3352",Government Tax and Excise Officials,187,Unit Group,Y
2023,"2021-1219",Business Services and Administration Managers not Elsewhere Classified,444,Unit Group,Y
2025,"2021-7156",Shoemaking and Related Machine Operators,1698,Unit Group,Y
2025,"2021-4222",Contact Centre Information Clerks,1537,Unit Group,Y
2022,"2021-6713",Electrical Line Installers and Repairers,340,Unit Group,Y
2023,"2021-3212",Medical and Pathology Laboratory Technicians,587,Unit Group,Y
2025,"2021-5322",Home-based Personal Care Workers,1590,Unit Group,Y
2025,"2021-7161",Food and Related Products Machine Operators,1701,Unit Group,Y
2023,"2021-2641",Authors and Related Writers,550,Unit Group,Y
2022,"2021-68","Food Processing, Wood Working, Garment and Other Craft and Related Trades Workers",30,Sub Major Group,Y
2023,"2021-1113",Traditional Chiefs and Heads of Villages,438,Unit Group,Y
2024,"2021-6224",Hunters and Trappers,1318,Unit Group,Y
2025,"2021-2633","Philosophers, Historians and Political Scientists",1430,Unit Group,Y
2022,"2021-3333",Employment Agents and Contractors,179,Unit Group,Y
2024,"2021-3118",Draughtspersons,1009,Unit Group,Y
2024,"2021-3252",Medical Records and Health Information Technicians,1037,Unit Group,Y
2025,"2021-8521",Street Vendors,1746,Unit Group,Y
2023,"2021-7",PLANT AND MACHINE OPERATORS AND ASSEMBLERS,15,Major Group,Y
2024,"2021-6842",Shotfirers and Blasters,1236,Unit Group,Y
2024,"2021-7141",Rubber Products Machine Operators,1248,Unit Group,Y
2022,"2021-1345",Education Managers,24,Unit Group,Y
2023,"2021-3152",Ships' Deck Officers and Pilots,582,Unit Group,Y
2025,"2021-7",PLANT AND MACHINE OPERATORS AND ASSEMBLERS,35,Major Group,Y
2022,"2021-2113",Chemists,35,Unit Group,Y
2025,"2021-2262",Pharmacists,1384,Unit Group,Y
2025,"2021-2144",Mechanical Engineers,1363,Unit Group,Y
2023,"2021-4224",Hotel Receptionists,655,Unit Group,Y
2024,"2021-3421",Athletes and Sports Players,1072,Unit Group,Y
2022,"2021-2261",Dentists,64,Unit Group,Y
2023,"2021-2519",Software and Applications Developers and Analysts not Elsewhere Classified,534,Unit Group,Y
2023,"2021-7341",Mobile Farm and Forestry Plant Operators,833,Unit Group,Y
2022,"2021-2433",Technical and Medical Sales Professionals (Excluding ICT),93,Unit Group,Y
2023,"2021-3353",Government Social Benefits Officials,623,Unit Group,Y
2023,"2021-63","Subsistence Farmers, Fishers, Hunters and Gatherers",64,Sub Major Group,Y
2023,"2021-7114","Cement, Stone and Other Mineral Products Machine Operators",801,Unit Group,Y
2025,"2021-2434",Information and Communications Technology Sales Professionals,1413,Unit Group,Y
2022,"2021-44",Other Clerical Support Workers,19,Sub Major Group,Y
2022,"2021-2",PROFESSIONALS,2,Major Group,Y
2023,"2021-4222",Contact Centre Information Clerks,653,Unit Group,Y
2023,"2021-6533",Agricultural and Industrial Machinery Mechanics and Repairers,759,Unit Group,Y
2024,"2021-8334",Shelf Fillers,1300,Unit Group,Y
2025,"2021-5422",Special Forces Defence Members,1599,Unit Group,Y
2023,"2021-3141",Life Science Technicians (Excluding Medical),578,Unit Group,Y
2025,"2021-4223",Telephone Switchboard Operators,1538,Unit Group,Y
2022,"2021-8216",Fishery and Aquaculture Labourers,414,Unit Group,Y
2022,"2021-2162",Landscape Architects,52,Unit Group,Y
2022,"2021-5424",Defence Support Members,282,Unit Group,Y
2022,"2021-6843",Product Graders and Testers (Except Foods and Beverages),360,Unit Group,Y
2024,"2021-2133",Environmental Protection Professionals,917,Unit Group,Y
2022,"2021-8611",Garbage and Recycling Collectors,428,Unit Group,Y
2022,"2021-7151","Fibre Preparing, Spinning and Winding Machine Operators",374,Unit Group,Y
2024,"2021-6114",Mixed Crop Growers,1164,Unit Group,Y
2025,"2021-2514",Applications Programmers,1417,Unit Group,Y
2025,"2021-5329",Personal Care Workers in Health Services not Elsewhere Classified,1591,Unit Group,Y
2025,"2021-6424",Insulation Workers,1625,Unit Group,Y
2022,"2021-2359",Teaching Professionals not Elsewhere Classified,83,Unit Group,Y
2023,"2021-1112",Senior Government Officials,437,Unit Group,Y
2022,"2021-6425",Glaziers,307,Unit Group,Y
2025,"2021-7342",Earthmoving and Related Plant Operators,1718,Unit Group,Y
2025,"2021-41",General and Keyboard Clerks,139,Sub Major Group,Y
2024,"2021-6512",Welders and Flame Cutters,1191,Unit Group,Y
2023,"2021-2251",Veterinarians,498,Unit Group,Y
2024,"2021-1213",Policy and Planning Managers,885,Unit Group,Y
2023,"2021-31",Science and Engineering Associate Professionals,50,Sub Major Group,Y
2022,"2021-2635",Social Work and Counselling Professionals,113,Unit Group,Y
2022,"2021-3251",Dental Assistants and Therapists,159,Unit Group,Y
2023,"2021-7331",Bus and Tram Drivers,831,Unit Group,Y
2024,"2021-2519",Software and Applications Developers and Analysts not Elsewhere Classified,976,Unit Group,Y
2024,"2021-6711",Building and Related Electricians,1215,Unit Group,Y
2024,"2021-8629",Elementary Workers not Elsewhere Classified,1312,Unit Group,Y
2022,"2021-6122",Poultry Producers,289,Unit Group,Y
2022,"2021-7141",Rubber Products Machine Operators,371,Unit Group,Y
2024,"2021-7132",Photographic Products Machine Operators,1247,Unit Group,Y
2025,"2021-6721",Electronics Mechanics and Servicers,1660,Unit Group,Y
2024,"2021-7332",Heavy Truck and Lorry Drivers,1274,Unit Group,Y
2024,"2021-5111",Travel Attendants and Travel Stewards,1115,Unit Group,Y
2022,"2021-6419",Building Frame and Related Trades Workers not Elsewhere Classified,302,Unit Group,Y
2022,"2021-6612",Musical Instrument Makers and Tuners,327,Unit Group,Y
2023,"2021-2141",Industrial and Production Engineers,476,Unit Group,Y
2024,"2021-6421",Roofers,1180,Unit Group,Y
2024,"2021-8",ELEMENTARY OCCUPATIONS,26,Major Group,Y
2023,"2021-2511",Systems Analysts,530,Unit Group,Y
2023,"2021-4412",Mail Carriers and Sorting Clerks,667,Unit Group,Y
