"AD_Org_ID[Name]","ZZModuleCode","ZZModuleTitle","ZZQualityAssuranceBody","ZZCredits","Registrationstartdate","Registrationenddate","ZZLastEnrolmentDate","ZZLastAchievementDate","IsActive","ZZMigrationCode/K"
*,"9754",Mark off and map face sampling sections for mineral evaluation purposes,,11,1900-01-01 00:00:00.000,1900-01-01 00:00:00.000,1900-01-01 00:00:00.000,1900-01-01 00:00:00.000,Y,1
*,"9685",Extend tracks by means of jump-sets and sliding rails,,2,1900-01-01 00:00:00.000,1900-01-01 00:00:00.000,1900-01-01 00:00:00.000,1900-01-01 00:00:00.000,Y,2
*,"9689",Support an underground working place by means of stick support.,,2,1900-01-01 00:00:00.000,1900-01-01 00:00:00.000,1900-01-01 00:00:00.000,1900-01-01 00:00:00.000,Y,3
*,Met-G007,Crush material by means of a roller-type crusher,,6,1900-01-01 00:00:00.000,1900-01-01 00:00:00.000,1900-01-01 00:00:00.000,1900-01-01 00:00:00.000,Y,4
*,"10636",Transfer broken rock by means of a diesel-powered Load Haul Dumper (LHD) in an underground mine.,,4,1900-01-01 00:00:00.000,1900-01-01 00:00:00.000,1900-01-01 00:00:00.000,1900-01-01 00:00:00.000,Y,5
*,"9595","Transport persons, material, equipment and explosives by means of a fixed saddle utility vehicle in an underground mine.",,3,1900-01-01 00:00:00.000,1900-01-01 00:00:00.000,1900-01-01 00:00:00.000,1900-01-01 00:00:00.000,Y,6
*,"9596","Transport persons, material, equipment and explosives by means of a light delivery vehicle (LDV) in an underground mine.",,2,1900-01-01 00:00:00.000,1900-01-01 00:00:00.000,1900-01-01 00:00:00.000,1900-01-01 00:00:00.000,Y,7
*,"9597","Transport persons, material, equipment and explosives by means of an interchangeable-saddle utility vehicle in an underground mine.",,3,1900-01-01 00:00:00.000,1900-01-01 00:00:00.000,1900-01-01 00:00:00.000,1900-01-01 00:00:00.000,Y,8
*,"9600",Support an underground working place by means of wire mesh and lacing.,,4,1900-01-01 00:00:00.000,1900-01-01 00:00:00.000,1900-01-01 00:00:00.000,1900-01-01 00:00:00.000,Y,9
*,"9601",Support an underground work place by means of back-filling.,,4,1900-01-01 00:00:00.000,1900-01-01 00:00:00.000,1900-01-01 00:00:00.000,1900-01-01 00:00:00.000,Y,10
*,"116437",Support an underground working place by means of full column grouted rods,,3,1900-01-01 00:00:00.000,1900-01-01 00:00:00.000,1900-01-01 00:00:00.000,1900-01-01 00:00:00.000,Y,11
*,"9614",Feed and break coal using a feeder breaker in an underground coal mine.,,3,1900-01-01 00:00:00.000,1900-01-01 00:00:00.000,1900-01-01 00:00:00.000,1900-01-01 00:00:00.000,Y,12
*,"9615",Conduct visual inspection of flameproof equipment in an underground coal mine.,,2,1900-01-01 00:00:00.000,1900-01-01 00:00:00.000,1900-01-01 00:00:00.000,1900-01-01 00:00:00.000,Y,13
*,"9607",Cut and load a coal-face using continuous mining equipment in an underground coal mine.,,28,1900-01-01 00:00:00.000,1900-01-01 00:00:00.000,1900-01-01 00:00:00.000,1900-01-01 00:00:00.000,Y,14
*,"9609",Support roof using a roofbolter in an underground coal mine.,,13,1900-01-01 00:00:00.000,1900-01-01 00:00:00.000,1900-01-01 00:00:00.000,1900-01-01 00:00:00.000,Y,15
*,"9610",Sound and bar down roof and side walls using sounding and barring equipment in an underground coal mine.,,4,1900-01-01 00:00:00.000,1900-01-01 00:00:00.000,1900-01-01 00:00:00.000,1900-01-01 00:00:00.000,Y,16
*,"9622",Demonstrate an understanding of the prevention of flammable gas ignition through the use of flame proofing in an underground coal mine.,,5,1900-01-01 00:00:00.000,1900-01-01 00:00:00.000,1900-01-01 00:00:00.000,1900-01-01 00:00:00.000,Y,17
*,"9611",Conduct statutory examinations in a production section in an underground coal mine.,,3,1900-01-01 00:00:00.000,1900-01-01 00:00:00.000,1900-01-01 00:00:00.000,1900-01-01 00:00:00.000,Y,18
*,"9612","Test, monitor and control the eight common mine gases in an underground coal mine.",,17,1900-01-01 00:00:00.000,1900-01-01 00:00:00.000,1900-01-01 00:00:00.000,1900-01-01 00:00:00.000,Y,19
*,"9573",Maintain a cyclone,,2,1900-01-01 00:00:00.000,1900-01-01 00:00:00.000,1900-01-01 00:00:00.000,1900-01-01 00:00:00.000,Y,20
*,"252348",Regenerate resin,,4,1900-01-01 00:00:00.000,1900-01-01 00:00:00.000,1900-01-01 00:00:00.000,1900-01-01 00:00:00.000,Y,21
*,"252346",Recover gold from solution by means of chemical precipitation(version 2),,4,1900-01-01 00:00:00.000,1900-01-01 00:00:00.000,1900-01-01 00:00:00.000,1900-01-01 00:00:00.000,Y,22
*,"9625",Determine the mass of a substance,,2,2002-09-30 00:00:00.000,2005-09-30 00:00:00.000,2002-09-30 00:00:00.000,1900-01-01 00:00:00.000,Y,23
*,"9626",Perform measurements using volumetric equipment,,2,1900-01-01 00:00:00.000,1900-01-01 00:00:00.000,1900-01-01 00:00:00.000,1900-01-01 00:00:00.000,Y,24
*,"9627",Perform titrimetric analysis.,,3,1900-01-01 00:00:00.000,1900-01-01 00:00:00.000,1900-01-01 00:00:00.000,1900-01-01 00:00:00.000,Y,25
*,"9634",Prepare analytical samples from a slurry,,4,1900-01-01 00:00:00.000,1900-01-01 00:00:00.000,1900-01-01 00:00:00.000,1900-01-01 00:00:00.000,Y,26
*,"9635",Take a representative sample of solid material in a metallurgical process ,,4,1900-01-01 00:00:00.000,1900-01-01 00:00:00.000,1900-01-01 00:00:00.000,1900-01-01 00:00:00.000,Y,27
*,"9637",Determine the conductance of a liquid by means of a conductivity meter,,2,1900-01-01 00:00:00.000,1900-01-01 00:00:00.000,1900-01-01 00:00:00.000,1900-01-01 00:00:00.000,Y,28
*,"9639",Assemble prepared jewellery components without applying heat.,,5,1900-01-01 00:00:00.000,1900-01-01 00:00:00.000,1900-01-01 00:00:00.000,1900-01-01 00:00:00.000,Y,29
*,"9638",Set faceted stones in multiple claw or wire settings,,15,1900-01-01 00:00:00.000,1900-01-01 00:00:00.000,1900-01-01 00:00:00.000,1900-01-01 00:00:00.000,Y,30
*,"9642",Set faceted stones in multiple tube settings,,15,1900-01-01 00:00:00.000,1900-01-01 00:00:00.000,1900-01-01 00:00:00.000,1900-01-01 00:00:00.000,Y,31
*,"9643",Set faceted stones in channel settings,,18,1900-01-01 00:00:00.000,1900-01-01 00:00:00.000,1900-01-01 00:00:00.000,1900-01-01 00:00:00.000,Y,32
*,"9644",Tension set a single faceted stone,,2,1900-01-01 00:00:00.000,1900-01-01 00:00:00.000,1900-01-01 00:00:00.000,1900-01-01 00:00:00.000,Y,33
*,"9645",Flush-set  faceted stones,,15,1900-01-01 00:00:00.000,1900-01-01 00:00:00.000,1900-01-01 00:00:00.000,1900-01-01 00:00:00.000,Y,34
*,"243001",Pave and star-set  faceted stones,,15,1900-01-01 00:00:00.000,1900-01-01 00:00:00.000,1900-01-01 00:00:00.000,1900-01-01 00:00:00.000,Y,35
*,"9647",Draw and design jewellery,,15,1900-01-01 00:00:00.000,1900-01-01 00:00:00.000,1900-01-01 00:00:00.000,1900-01-01 00:00:00.000,Y,36
*,"9648",Manufacture jewellery for single faceted stone settings,,21,1900-01-01 00:00:00.000,1900-01-01 00:00:00.000,1900-01-01 00:00:00.000,1900-01-01 00:00:00.000,Y,37
*,"9650",Demonstrate appropriate product knowledge to enable working in a jewellery environment,,11,1900-01-01 00:00:00.000,1900-01-01 00:00:00.000,1900-01-01 00:00:00.000,1900-01-01 00:00:00.000,Y,38
*,"9649",Utilize the tools and equipment in a jewellery workshop,,25,1900-01-01 00:00:00.000,1900-01-01 00:00:00.000,1900-01-01 00:00:00.000,1900-01-01 00:00:00.000,Y,39
*,"9651",Manufacture non-ferrous and precious metal sheet and bar from granules,,4,1900-01-01 00:00:00.000,1900-01-01 00:00:00.000,1900-01-01 00:00:00.000,1900-01-01 00:00:00.000,Y,40
*,"110433",Connect an industrial plug rated higher than 16 Ampere,,2,1900-01-01 00:00:00.000,1900-01-01 00:00:00.000,1900-01-01 00:00:00.000,1900-01-01 00:00:00.000,Y,41
*,"110394",Install an industrial socket outlet rated higher than 16 Ampere,,2,1900-01-01 00:00:00.000,1900-01-01 00:00:00.000,1900-01-01 00:00:00.000,1900-01-01 00:00:00.000,Y,42
*,"10635",Install a low voltage supply system in underground workings.,,5,1900-01-01 00:00:00.000,1900-01-01 00:00:00.000,1900-01-01 00:00:00.000,1900-01-01 00:00:00.000,Y,43
*,"10639",Advance or retreat electrical reticulation in an underground coal section.,,6,1900-01-01 00:00:00.000,1900-01-01 00:00:00.000,1900-01-01 00:00:00.000,1900-01-01 00:00:00.000,Y,44
*,"10647",Install a low voltage gate end box.,,2,1900-01-01 00:00:00.000,1900-01-01 00:00:00.000,1900-01-01 00:00:00.000,1900-01-01 00:00:00.000,Y,45
*,"10650",Carry out a detailed inspection on a DC motor.,,3,1900-01-01 00:00:00.000,1900-01-01 00:00:00.000,1900-01-01 00:00:00.000,1900-01-01 00:00:00.000,Y,46
*,"110387",Carry out a detailed inspection on an overhead trolley line.,,4,1900-01-01 00:00:00.000,1900-01-01 00:00:00.000,1900-01-01 00:00:00.000,1900-01-01 00:00:00.000,Y,47
*,"10701",Install an overhead trolley line in an underground haulage.,,6,1900-01-01 00:00:00.000,1900-01-01 00:00:00.000,1900-01-01 00:00:00.000,1900-01-01 00:00:00.000,Y,48
*,"10704",Repair an electronic controller on a battery-operated machine.,,5,1900-01-01 00:00:00.000,1900-01-01 00:00:00.000,1900-01-01 00:00:00.000,1900-01-01 00:00:00.000,Y,49
*,"10247",Carry out a detailed inspection on a cam operated motor controller.,,5,1900-01-01 00:00:00.000,1900-01-01 00:00:00.000,1900-01-01 00:00:00.000,1900-01-01 00:00:00.000,Y,50
*,"10248",Replace electrical components in a distribution board.,,3,1900-01-01 00:00:00.000,1900-01-01 00:00:00.000,1900-01-01 00:00:00.000,1900-01-01 00:00:00.000,Y,51
*,"10249",Install a flitting panel.,,3,1900-01-01 00:00:00.000,1900-01-01 00:00:00.000,1900-01-01 00:00:00.000,1900-01-01 00:00:00.000,Y,52
*,"10721",Install a conveyor pull wire system.,,3,1900-01-01 00:00:00.000,1900-01-01 00:00:00.000,1900-01-01 00:00:00.000,1900-01-01 00:00:00.000,Y,53
*,"10804",Replace the cutter clutch assembly of a continuous miner.,,2,1900-01-01 00:00:00.000,1900-01-01 00:00:00.000,1900-01-01 00:00:00.000,1900-01-01 00:00:00.000,Y,54
*,"10848",Replace liners in a transfer chute.,,2,1900-01-01 00:00:00.000,1900-01-01 00:00:00.000,1900-01-01 00:00:00.000,1900-01-01 00:00:00.000,Y,55
*,"10850",Install a transfer chute.,,4,1900-01-01 00:00:00.000,1900-01-01 00:00:00.000,1900-01-01 00:00:00.000,1900-01-01 00:00:00.000,Y,56
*,"10855",Repair a transfer chute.,,4,1900-01-01 00:00:00.000,1900-01-01 00:00:00.000,1900-01-01 00:00:00.000,1900-01-01 00:00:00.000,Y,57
*,"10862",Repair a vertical spindle pump.,,4,1900-01-01 00:00:00.000,1900-01-01 00:00:00.000,1900-01-01 00:00:00.000,1900-01-01 00:00:00.000,Y,58
*,"10865",Replace a final drive/gearbox assembly of an underground locomotive.,,5,1900-01-01 00:00:00.000,1900-01-01 00:00:00.000,1900-01-01 00:00:00.000,1900-01-01 00:00:00.000,Y,59
*,"10868",Replace an axle assembly of an underground locomotive.,,4,1900-01-01 00:00:00.000,1900-01-01 00:00:00.000,1900-01-01 00:00:00.000,1900-01-01 00:00:00.000,Y,60
*,"10874",Replace components on a conveyor belt installation.,,3,1900-01-01 00:00:00.000,1900-01-01 00:00:00.000,1900-01-01 00:00:00.000,1900-01-01 00:00:00.000,Y,61
*,"10876",Trace and correct faults on a diesel engine.,,7,1900-01-01 00:00:00.000,1900-01-01 00:00:00.000,1900-01-01 00:00:00.000,1900-01-01 00:00:00.000,Y,62
*,"10759",Repair the mechanical brake system of an underground locomotive.,,5,2004-12-02 00:00:00.000,2007-12-02 00:00:00.000,2008-12-02 00:00:00.000,1900-01-01 00:00:00.000,Y,63
*,"10760",Join a conveyor belt by means of mechanical clips.,,2,1900-01-01 00:00:00.000,1900-01-01 00:00:00.000,1900-01-01 00:00:00.000,1900-01-01 00:00:00.000,Y,64
*,"10761",Replace an electric motor.,,5,1900-01-01 00:00:00.000,1900-01-01 00:00:00.000,1900-01-01 00:00:00.000,1900-01-01 00:00:00.000,Y,65
*,"10746",Repair a single-stage centrifugal pump.,,7,1900-01-01 00:00:00.000,1900-01-01 00:00:00.000,1900-01-01 00:00:00.000,1900-01-01 00:00:00.000,Y,66
*,"10762",Join mild steel by means of arc welding.,,11,1900-01-01 00:00:00.000,1900-01-01 00:00:00.000,1900-01-01 00:00:00.000,1900-01-01 00:00:00.000,Y,67
*,"10735",Replace a taper sleeve type bearing.,,2,1900-01-01 00:00:00.000,1900-01-01 00:00:00.000,1900-01-01 00:00:00.000,1900-01-01 00:00:00.000,Y,68
*,"10736",Replace a reduction gearbox.,,3,1900-01-01 00:00:00.000,1900-01-01 00:00:00.000,1900-01-01 00:00:00.000,1900-01-01 00:00:00.000,Y,69
*,"10737",Replace a single-stage centrifugal pump.,,2,1900-01-01 00:00:00.000,1900-01-01 00:00:00.000,1900-01-01 00:00:00.000,1900-01-01 00:00:00.000,Y,70
*,"10739",Repair a double drum scraper winch.,,4,1900-01-01 00:00:00.000,1900-01-01 00:00:00.000,1900-01-01 00:00:00.000,1900-01-01 00:00:00.000,Y,71
*,"10741",Replace an in-line ventilation fan in an underground environment.,,2,1900-01-01 00:00:00.000,1900-01-01 00:00:00.000,1900-01-01 00:00:00.000,1900-01-01 00:00:00.000,Y,72
*,"10743",Replace a vertical spindle pump unit.,,2,1900-01-01 00:00:00.000,1900-01-01 00:00:00.000,1900-01-01 00:00:00.000,1900-01-01 00:00:00.000,Y,73
*,"10745",Cut mild steel by means of an Oxy-acetylene cutting torch.,,3,1900-01-01 00:00:00.000,1900-01-01 00:00:00.000,1900-01-01 00:00:00.000,1900-01-01 00:00:00.000,Y,74
*,"10770",Replace a double drum scraper winch.,,3,1900-01-01 00:00:00.000,1900-01-01 00:00:00.000,1900-01-01 00:00:00.000,1900-01-01 00:00:00.000,Y,75
*,EnM-G034,Replace the gathering-head gearbox on a continuous miner.,,3,1900-01-01 00:00:00.000,1900-01-01 00:00:00.000,1900-01-01 00:00:00.000,1900-01-01 00:00:00.000,Y,76
*,"10773",Repair the hydraulic braking system on a self-propelled machine.,,7,1900-01-01 00:00:00.000,1900-01-01 00:00:00.000,1900-01-01 00:00:00.000,1900-01-01 00:00:00.000,Y,77
*,"10787",Assemble Oxy-acetylene equipment.,,1,1900-01-01 00:00:00.000,1900-01-01 00:00:00.000,1900-01-01 00:00:00.000,1900-01-01 00:00:00.000,Y,78
*,"10799",Replace the wheel-end final drive assembly of a self-propelled mobile machine.,,4,2005-01-19 00:00:00.000,2008-01-19 00:00:00.000,2005-01-19 00:00:00.000,1900-01-01 00:00:00.000,Y,79
*,"10800",Replace the final-drive axle assembly of a self-propelled mobile machine.,,4,1900-01-01 00:00:00.000,1900-01-01 00:00:00.000,1900-01-01 00:00:00.000,1900-01-01 00:00:00.000,Y,80
*,"10805",Replace a flanged pipe section.,,2,1900-01-01 00:00:00.000,1900-01-01 00:00:00.000,1900-01-01 00:00:00.000,1900-01-01 00:00:00.000,Y,81
*,"10803",Replace a flange mounted valve.,,2,1900-01-01 00:00:00.000,1900-01-01 00:00:00.000,1900-01-01 00:00:00.000,1900-01-01 00:00:00.000,Y,82
*,"10845",Bend steel by means of a bending machine. ,,3,1900-01-01 00:00:00.000,1900-01-01 00:00:00.000,1900-01-01 00:00:00.000,1900-01-01 00:00:00.000,Y,83
*,"10866",Replace a hydraulic pump/motor.,,3,1900-01-01 00:00:00.000,1900-01-01 00:00:00.000,1900-01-01 00:00:00.000,1900-01-01 00:00:00.000,Y,84
*,"10809",Replace the components of an air-driven track bound mechanical loader.,,7,1900-01-01 00:00:00.000,1900-01-01 00:00:00.000,1900-01-01 00:00:00.000,1900-01-01 00:00:00.000,Y,85
*,"10813",Repair the upper gearbox of an air-driven track bound mechanical loader.,,4,1900-01-01 00:00:00.000,1900-01-01 00:00:00.000,1900-01-01 00:00:00.000,1900-01-01 00:00:00.000,Y,86
*,"10814",Repair the lower gearbox of an air-driven track bound mechanical loader.,,4,1900-01-01 00:00:00.000,1900-01-01 00:00:00.000,1900-01-01 00:00:00.000,1900-01-01 00:00:00.000,Y,87
*,"10818",Repair the axle assembly of an air-driven mechanical loader.,,4,1900-01-01 00:00:00.000,1900-01-01 00:00:00.000,1900-01-01 00:00:00.000,1900-01-01 00:00:00.000,Y,88
*,"10820",Repair the controls and pipes of an air-driven mechanical loader.,,4,1900-01-01 00:00:00.000,1900-01-01 00:00:00.000,1900-01-01 00:00:00.000,1900-01-01 00:00:00.000,Y,89
*,"10822",Replace a tyre-type drive coupling.,,2,1900-01-01 00:00:00.000,1900-01-01 00:00:00.000,1900-01-01 00:00:00.000,1900-01-01 00:00:00.000,Y,90
*,"10823",Replace a pin and bush type drive coupling.,,2,1900-01-01 00:00:00.000,1900-01-01 00:00:00.000,1900-01-01 00:00:00.000,1900-01-01 00:00:00.000,Y,91
*,"10832",Replace a direct mount bearing.,,3,1900-01-01 00:00:00.000,1900-01-01 00:00:00.000,1900-01-01 00:00:00.000,1900-01-01 00:00:00.000,Y,92
*,"10833",Repair a monorope winch.,,3,1900-01-01 00:00:00.000,1900-01-01 00:00:00.000,1900-01-01 00:00:00.000,1900-01-01 00:00:00.000,Y,93
*,"10835",Replace a monorope winch.,,2,1900-01-01 00:00:00.000,1900-01-01 00:00:00.000,1900-01-01 00:00:00.000,1900-01-01 00:00:00.000,Y,94
*,*&^,Carry out a detailed inspection on an AC induction motor.,,3,1900-01-01 00:00:00.000,1900-01-01 00:00:00.000,1900-01-01 00:00:00.000,1900-01-01 00:00:00.000,Y,95
*,"110403",Carry out a detailed inspection on low voltage switchgear.,,3,1900-01-01 00:00:00.000,1900-01-01 00:00:00.000,1900-01-01 00:00:00.000,1900-01-01 00:00:00.000,Y,96
*,EnE-G064,Disconnect and connect an AC induction motor with three terminals.,,3,1900-01-01 00:00:00.000,1900-01-01 00:00:00.000,1900-01-01 00:00:00.000,1900-01-01 00:00:00.000,Y,97
*,"10729",Test a three-phase low voltage induction motor.,,2,1900-01-01 00:00:00.000,1900-01-01 00:00:00.000,1900-01-01 00:00:00.000,1900-01-01 00:00:00.000,Y,98
*,"9613",Ventilate a production section to control gases and dust in an underground coal mine.,,5,1900-01-01 00:00:00.000,1900-01-01 00:00:00.000,1900-01-01 00:00:00.000,1900-01-01 00:00:00.000,Y,99
*,"9616",Drill work face using self propelled drilling equipment in an underground coal mine.,,8,1900-01-01 00:00:00.000,1900-01-01 00:00:00.000,1900-01-01 00:00:00.000,1900-01-01 00:00:00.000,Y,100
*,"9617",Drill work face using hand held drilling equipment  in an underground coal mine.,,4,1900-01-01 00:00:00.000,1900-01-01 00:00:00.000,1900-01-01 00:00:00.000,1900-01-01 00:00:00.000,Y,101
*,"9623",Cut coal face using a universal type coal cutter in an underground coal mine.,,13,1900-01-01 00:00:00.000,1900-01-01 00:00:00.000,1900-01-01 00:00:00.000,1900-01-01 00:00:00.000,Y,102
*,"9618",Cut coal face using an arc wall type coal cutter in an underground coal mine.,,4,1900-01-01 00:00:00.000,1900-01-01 00:00:00.000,1900-01-01 00:00:00.000,1900-01-01 00:00:00.000,Y,103
*,"9619",Control dust in a production section in an underground coal mine.,,3,1900-01-01 00:00:00.000,1900-01-01 00:00:00.000,1900-01-01 00:00:00.000,1900-01-01 00:00:00.000,Y,104
*,"110217",Demonstrate knowledge and ability to work in an underground coal mine.,,8,1900-01-01 00:00:00.000,1900-01-01 00:00:00.000,1900-01-01 00:00:00.000,1900-01-01 00:00:00.000,Y,105
*,"10601",Install an electrical cable.,,3,1900-01-01 00:00:00.000,1900-01-01 00:00:00.000,1900-01-01 00:00:00.000,1900-01-01 00:00:00.000,Y,106
*,"10603",Restore power by joining a low voltage electrical cable.,,4,1900-01-01 00:00:00.000,1900-01-01 00:00:00.000,1900-01-01 00:00:00.000,1900-01-01 00:00:00.000,Y,107
*,"10605",Inspect and clean a distribution board.,,2,1900-01-01 00:00:00.000,1900-01-01 00:00:00.000,1900-01-01 00:00:00.000,1900-01-01 00:00:00.000,Y,108
*,"10256",Carry out a close inspection on a transformer.,,1,1900-01-01 00:00:00.000,1900-01-01 00:00:00.000,1900-01-01 00:00:00.000,1900-01-01 00:00:00.000,Y,109
*,"10618",Terminate and connect a low voltage cable end.,,3,1900-01-01 00:00:00.000,1900-01-01 00:00:00.000,1900-01-01 00:00:00.000,1900-01-01 00:00:00.000,Y,110
*,"110397",Isolate and restore power to a low voltage electrical system.,,2,1900-01-01 00:00:00.000,1900-01-01 00:00:00.000,1900-01-01 00:00:00.000,1900-01-01 00:00:00.000,Y,111
*,"10624",Install a lighting system.,,4,1900-01-01 00:00:00.000,1900-01-01 00:00:00.000,1900-01-01 00:00:00.000,1900-01-01 00:00:00.000,Y,112
*,"10626",Repair a lighting system.,,2,1900-01-01 00:00:00.000,1900-01-01 00:00:00.000,1900-01-01 00:00:00.000,1900-01-01 00:00:00.000,Y,113
*,"10628",Install earthing and bonding on an electrical installation.,,3,1900-01-01 00:00:00.000,1900-01-01 00:00:00.000,1900-01-01 00:00:00.000,1900-01-01 00:00:00.000,Y,114
*,"10632",Install a straining wire cable support system.,,2,1900-01-01 00:00:00.000,1900-01-01 00:00:00.000,1900-01-01 00:00:00.000,1900-01-01 00:00:00.000,Y,115
*,"10633",Use and care for hand held electrical test instruments.,,3,1900-01-01 00:00:00.000,1900-01-01 00:00:00.000,1900-01-01 00:00:00.000,1900-01-01 00:00:00.000,Y,116
*,"10634",Install or replace an earth leakage unit in a low voltage circuit.,,3,1900-01-01 00:00:00.000,1900-01-01 00:00:00.000,1900-01-01 00:00:00.000,1900-01-01 00:00:00.000,Y,117
*,"10642",Install an electrical blasting box.,,1,1900-01-01 00:00:00.000,1900-01-01 00:00:00.000,1900-01-01 00:00:00.000,1900-01-01 00:00:00.000,Y,118
*,"10644",Carry out a detailed inspection on an electrical blasting box.,,1,1900-01-01 00:00:00.000,1900-01-01 00:00:00.000,1900-01-01 00:00:00.000,1900-01-01 00:00:00.000,Y,119
*,"10645",Install a gully box.,,2,1900-01-01 00:00:00.000,1900-01-01 00:00:00.000,1900-01-01 00:00:00.000,1900-01-01 00:00:00.000,Y,120
*,"110432",Replace a low voltage electrical cable.,,3,1900-01-01 00:00:00.000,1900-01-01 00:00:00.000,1900-01-01 00:00:00.000,1900-01-01 00:00:00.000,Y,121
*,"10281",Connect and commission a three phase direct on line motor control system.,,6,1900-01-01 00:00:00.000,1900-01-01 00:00:00.000,1900-01-01 00:00:00.000,1900-01-01 00:00:00.000,Y,122
*,"252343",Recover metal by means of centrifugal concentration.,,3,1900-01-01 00:00:00.000,1900-01-01 00:00:00.000,1900-01-01 00:00:00.000,1900-01-01 00:00:00.000,Y,123
*,"252341",Perform gravity concentration in a metallurgical plant,,6,1900-01-01 00:00:00.000,1900-01-01 00:00:00.000,1900-01-01 00:00:00.000,1900-01-01 00:00:00.000,Y,124
*,"252334",Granulate a precious metal.,,2,1900-01-01 00:00:00.000,1900-01-01 00:00:00.000,1900-01-01 00:00:00.000,1900-01-01 00:00:00.000,Y,125
*,"252339",Wash material by means of a rotary scrubber. ,,2,1900-01-01 00:00:00.000,1900-01-01 00:00:00.000,1900-01-01 00:00:00.000,1900-01-01 00:00:00.000,Y,126
*,"252357",Remove impurities from carbon by means of acid treatment.,,6,1900-01-01 00:00:00.000,1900-01-01 00:00:00.000,1900-01-01 00:00:00.000,1900-01-01 00:00:00.000,Y,127
*,"252319",Off-load cyanide from a tanker into a bulk storage facility.,,7,1900-01-01 00:00:00.000,1900-01-01 00:00:00.000,1900-01-01 00:00:00.000,1900-01-01 00:00:00.000,Y,128
*,"252311",Off-load carbon from a tanker into a storage facility.,,6,1900-01-01 00:00:00.000,1900-01-01 00:00:00.000,1900-01-01 00:00:00.000,1900-01-01 00:00:00.000,Y,129
*,"252356",Off-load ore from a rail truck into a storage facility.,,2,1900-01-01 00:00:00.000,1900-01-01 00:00:00.000,1900-01-01 00:00:00.000,1900-01-01 00:00:00.000,Y,130
*,"252337",Handle liquid cyanide safely in a metallurgical  plant(version 2),,4,1900-01-01 00:00:00.000,1900-01-01 00:00:00.000,1900-01-01 00:00:00.000,1900-01-01 00:00:00.000,Y,131
*,"252333",Dispatch metallurgical process by-products.(version 2),,4,1900-01-01 00:00:00.000,1900-01-01 00:00:00.000,1900-01-01 00:00:00.000,1900-01-01 00:00:00.000,Y,132
*,"252321",Handle cyanide solids safely in a metallurgical plant.(version 2),,4,1900-01-01 00:00:00.000,1900-01-01 00:00:00.000,1900-01-01 00:00:00.000,1900-01-01 00:00:00.000,Y,133
*,"252310",Handle bulk oxygen safely in a metallurgical plant.(version 2),,4,1900-01-01 00:00:00.000,1900-01-01 00:00:00.000,1900-01-01 00:00:00.000,1900-01-01 00:00:00.000,Y,134
*,"252299",Produce backfill from waste slurry.(version 2),,6,1900-01-01 00:00:00.000,1900-01-01 00:00:00.000,1900-01-01 00:00:00.000,1900-01-01 00:00:00.000,Y,135
*,OcH-G016,Measure velocity pressures by means of a pitot tube to determine air velocity and volume flow rate and take appropriate action.,,3,1900-01-01 00:00:00.000,1900-01-01 00:00:00.000,1900-01-01 00:00:00.000,1900-01-01 00:00:00.000,Y,136
*,"115105",Determine wet and dry bulb temperature by means of a  whirling hygrometer and take appropriate action.,,2,1900-01-01 00:00:00.000,1900-01-01 00:00:00.000,1900-01-01 00:00:00.000,1900-01-01 00:00:00.000,Y,137
*,"115092",Measure and record the concentration of flammable and noxious gases and vapours and take appropriate action (See OcH-G101),,2,1900-01-01 00:00:00.000,1900-01-01 00:00:00.000,1900-01-01 00:00:00.000,1900-01-01 00:00:00.000,Y,138
*,OcH-G006,Test for noxious gases by means of a suitable hand-held electronic instrument and take appropriate action.,,2,1900-01-01 00:00:00.000,1900-01-01 00:00:00.000,1900-01-01 00:00:00.000,1900-01-01 00:00:00.000,Y,139
*,"11038",Identify and quantify the petrographic characteristics of coal materials by means of a microscope.,,13,1900-01-01 00:00:00.000,1900-01-01 00:00:00.000,1900-01-01 00:00:00.000,1900-01-01 00:00:00.000,Y,140
*,"11031",Sample material from rail or road trucks.,,6,1900-01-01 00:00:00.000,1900-01-01 00:00:00.000,1900-01-01 00:00:00.000,1900-01-01 00:00:00.000,Y,141
*,"11033",Quantify analyte content by precipitation gravimetry. ,,5,1900-01-01 00:00:00.000,1900-01-01 00:00:00.000,1900-01-01 00:00:00.000,1900-01-01 00:00:00.000,Y,142
*,"11034",Prepare samples for analysis by means of microwave digestion.,,4,1900-01-01 00:00:00.000,1900-01-01 00:00:00.000,1900-01-01 00:00:00.000,1900-01-01 00:00:00.000,Y,143
*,"11035",Dissolve a sample by means of pressure dissolution.,,5,1900-01-01 00:00:00.000,1900-01-01 00:00:00.000,1900-01-01 00:00:00.000,1900-01-01 00:00:00.000,Y,144
*,"11037",Determine the particle size distribution of a sample by means of the sieving technique.,,3,1900-01-01 00:00:00.000,1900-01-01 00:00:00.000,1900-01-01 00:00:00.000,1900-01-01 00:00:00.000,Y,145
*,"11039",Handle gas cylinders in a laboratory environment.,,2,1900-01-01 00:00:00.000,1900-01-01 00:00:00.000,1900-01-01 00:00:00.000,1900-01-01 00:00:00.000,Y,146
*,"252353",Load carbon from a storage facility into a road tanker.(version 2),,6,1900-01-01 00:00:00.000,1900-01-01 00:00:00.000,1900-01-01 00:00:00.000,1900-01-01 00:00:00.000,Y,147
*,"252355",Off-load pulp from a tanker into a storage facility.(version 2),,2,1900-01-01 00:00:00.000,1900-01-01 00:00:00.000,1900-01-01 00:00:00.000,1900-01-01 00:00:00.000,Y,148
*,"11112",Produce a survey note.,,4,1900-01-01 00:00:00.000,1900-01-01 00:00:00.000,1900-01-01 00:00:00.000,1900-01-01 00:00:00.000,Y,149
*,"11111",Calculate and manufacture grade chains,,3,1900-01-01 00:00:00.000,1900-01-01 00:00:00.000,1900-01-01 00:00:00.000,1900-01-01 00:00:00.000,Y,150
*,"11043",Sample a mining face with a scanning device for mineral evaluation purposes.,,6,1900-01-01 00:00:00.000,1900-01-01 00:00:00.000,1900-01-01 00:00:00.000,1900-01-01 00:00:00.000,Y,151
*,"15266",Manufacture non-ferrous and precious metal jewellery using hand tools and equipment.,,8,2012-09-20 00:00:00.000,2015-09-20 00:00:00.000,2016-09-20 00:00:00.000,1900-01-01 00:00:00.000,Y,152
*,"15272",Manufacture jewellery by soldering prepared components.,,9,1900-01-01 00:00:00.000,1900-01-01 00:00:00.000,1900-01-01 00:00:00.000,1900-01-01 00:00:00.000,Y,153
*,"15281",Set single stones,,21,2007-05-18 00:00:00.000,2010-05-18 00:00:00.000,2011-05-18 00:00:00.000,1900-01-01 00:00:00.000,Y,154
*,"15260",Hand polish a piece of jewellery,,4,1900-01-01 00:00:00.000,1900-01-01 00:00:00.000,1900-01-01 00:00:00.000,1900-01-01 00:00:00.000,Y,155
*,"15264",Make and use repousse and chasing punches,,20,2002-09-02 00:00:00.000,2005-09-02 00:00:00.000,2002-09-02 00:00:00.000,1900-01-01 00:00:00.000,Y,156
*,"15268",Forge metal to manufacture jewellery,,21,1900-01-01 00:00:00.000,1900-01-01 00:00:00.000,1900-01-01 00:00:00.000,1900-01-01 00:00:00.000,Y,157
*,"15273",Reproduce a piece of jewellery using the lost wax casting technique.,,6,2004-04-09 00:00:00.000,2006-04-09 00:00:00.000,2007-04-09 00:00:00.000,1900-01-01 00:00:00.000,Y,158
*,"119129",Construct a stopping to control airflow underground.,,2,1900-01-01 00:00:00.000,1900-01-01 00:00:00.000,1900-01-01 00:00:00.000,1900-01-01 00:00:00.000,Y,159
*,"10548",Drill holes by means of a stope drill-rig.,,4,1900-01-01 00:00:00.000,1900-01-01 00:00:00.000,1900-01-01 00:00:00.000,1900-01-01 00:00:00.000,Y,160
*,"10550",Charge shot holes with bulk explosives.,,2,1900-01-01 00:00:00.000,1900-01-01 00:00:00.000,1900-01-01 00:00:00.000,1900-01-01 00:00:00.000,Y,161
*,"252323",Replace medium in a fluidised bed roaster.(version 2),,3,1900-01-01 00:00:00.000,1900-01-01 00:00:00.000,1900-01-01 00:00:00.000,1900-01-01 00:00:00.000,Y,162
*,"252342",Regenerate organic solvent. (version 2),,4,1900-01-01 00:00:00.000,1900-01-01 00:00:00.000,1900-01-01 00:00:00.000,1900-01-01 00:00:00.000,Y,163
*,"252280",Remove airborne pollutants by means of a scrubber. (version 2),,3,1900-01-01 00:00:00.000,1900-01-01 00:00:00.000,1900-01-01 00:00:00.000,1900-01-01 00:00:00.000,Y,164
*,"252350",Determine relative density by means of a density scale. (version 2),,3,1900-01-01 00:00:00.000,1900-01-01 00:00:00.000,1900-01-01 00:00:00.000,1900-01-01 00:00:00.000,Y,165
*,"252349",Generate compressed air. (version 2),,3,1900-01-01 00:00:00.000,1900-01-01 00:00:00.000,1900-01-01 00:00:00.000,1900-01-01 00:00:00.000,Y,166
*,"9690",Support an underground working place by means of timber pack support.,,4,1900-01-01 00:00:00.000,1900-01-01 00:00:00.000,1900-01-01 00:00:00.000,1900-01-01 00:00:00.000,Y,167
*,"119092",Support an underground working place by means of sets.,,4,1900-01-01 00:00:00.000,1900-01-01 00:00:00.000,1900-01-01 00:00:00.000,1900-01-01 00:00:00.000,Y,168
*,"15265",Treat and remove misfires. ,,2,1900-01-01 00:00:00.000,1900-01-01 00:00:00.000,1900-01-01 00:00:00.000,1900-01-01 00:00:00.000,Y,169
*,"119119",Support an underground working place by means of mechanical anchors.,,4,1900-01-01 00:00:00.000,1900-01-01 00:00:00.000,1900-01-01 00:00:00.000,1900-01-01 00:00:00.000,Y,170
*,"119115",Install a mono rope system,,4,1900-01-01 00:00:00.000,1900-01-01 00:00:00.000,1900-01-01 00:00:00.000,1900-01-01 00:00:00.000,Y,171
*,"15280",Install a swing barricade,,1,1900-01-01 00:00:00.000,1900-01-01 00:00:00.000,1900-01-01 00:00:00.000,1900-01-01 00:00:00.000,Y,172
*,"119109",Install a blasting barricade,,1,1900-01-01 00:00:00.000,1900-01-01 00:00:00.000,1900-01-01 00:00:00.000,1900-01-01 00:00:00.000,Y,173
*,"119111",Install a stope box front and chute,,5,1900-01-01 00:00:00.000,1900-01-01 00:00:00.000,1900-01-01 00:00:00.000,1900-01-01 00:00:00.000,Y,174
*,"119118",Construct an underground ladder way,,2,1900-01-01 00:00:00.000,1900-01-01 00:00:00.000,1900-01-01 00:00:00.000,1900-01-01 00:00:00.000,Y,175
*,"119113",Construct a winch bed.,,1,1900-01-01 00:00:00.000,1900-01-01 00:00:00.000,1900-01-01 00:00:00.000,1900-01-01 00:00:00.000,Y,176
*,"119123",Install a stope grizzly,,3,1900-01-01 00:00:00.000,1900-01-01 00:00:00.000,1900-01-01 00:00:00.000,1900-01-01 00:00:00.000,Y,177
*,"15284",Construct and install a platform,,1,1900-01-01 00:00:00.000,1900-01-01 00:00:00.000,1900-01-01 00:00:00.000,1900-01-01 00:00:00.000,Y,178
*,"119124",Transport explosives and accessories by means of rolling stock,,2,1900-01-01 00:00:00.000,1900-01-01 00:00:00.000,1900-01-01 00:00:00.000,1900-01-01 00:00:00.000,Y,179
*,"119121",Transport material and equipment by means of rolling stock,,2,1900-01-01 00:00:00.000,1900-01-01 00:00:00.000,1900-01-01 00:00:00.000,1900-01-01 00:00:00.000,Y,180
*,"119122",Transport broken rock by means of rolling stock,,2,1900-01-01 00:00:00.000,1900-01-01 00:00:00.000,1900-01-01 00:00:00.000,1900-01-01 00:00:00.000,Y,181
*,"9591",Transfer broken rock by means of an electrically powered Load Haul Dumper (LHD) in an underground mine.,,4,1900-01-01 00:00:00.000,1900-01-01 00:00:00.000,1900-01-01 00:00:00.000,1900-01-01 00:00:00.000,Y,182
*,"9693",Install and remove mechanical props. ,,3,1900-01-01 00:00:00.000,1900-01-01 00:00:00.000,1900-01-01 00:00:00.000,1900-01-01 00:00:00.000,Y,183
*,"9679",Join steel ropes by means of splicing.,,2,1900-01-01 00:00:00.000,1900-01-01 00:00:00.000,1900-01-01 00:00:00.000,1900-01-01 00:00:00.000,Y,184
*,"9680",Install scraper ropes onto scraper winch drums.,,2,1900-01-01 00:00:00.000,1900-01-01 00:00:00.000,1900-01-01 00:00:00.000,1900-01-01 00:00:00.000,Y,185
*,"9682",Install a winch signalling arrangement in an underground workplace.,,1,1900-01-01 00:00:00.000,1900-01-01 00:00:00.000,1900-01-01 00:00:00.000,1900-01-01 00:00:00.000,Y,186
*,"9683",Remove broken rock by means of a scraper winch in an underground workplace. ,,4,1900-01-01 00:00:00.000,1900-01-01 00:00:00.000,1900-01-01 00:00:00.000,1900-01-01 00:00:00.000,Y,187
*,"9684",Remove broken rock by means of a high-pressure water jet unit.,,3,1900-01-01 00:00:00.000,1900-01-01 00:00:00.000,1900-01-01 00:00:00.000,1900-01-01 00:00:00.000,Y,188
*,"9686",Remove broken rock by means of a track-bound mechanical loader. ,,5,1900-01-01 00:00:00.000,1900-01-01 00:00:00.000,1900-01-01 00:00:00.000,1900-01-01 00:00:00.000,Y,189
*,"9598",Remove broken rock by means of a suction unit.,,3,1900-01-01 00:00:00.000,1900-01-01 00:00:00.000,1900-01-01 00:00:00.000,1900-01-01 00:00:00.000,Y,190
*,"119095",Support an underground working place by means of a thin-layered spray,,4,1900-01-01 00:00:00.000,1900-01-01 00:00:00.000,1900-01-01 00:00:00.000,1900-01-01 00:00:00.000,Y,191
*,"9691",Install and remove hydraulic props ,,3,1900-01-01 00:00:00.000,1900-01-01 00:00:00.000,1900-01-01 00:00:00.000,1900-01-01 00:00:00.000,Y,192
*,"119094",Mark service holes underground,,4,1900-01-01 00:00:00.000,1900-01-01 00:00:00.000,1900-01-01 00:00:00.000,1900-01-01 00:00:00.000,Y,193
*,"119112",Transport material and equipment by means of a mono rope system. ,,3,1900-01-01 00:00:00.000,1900-01-01 00:00:00.000,1900-01-01 00:00:00.000,1900-01-01 00:00:00.000,Y,194
*,"9694",Drill holes by means of a hand-held rock drill machine ,,4,2007-08-16 00:00:00.000,2010-08-16 00:00:00.000,2011-08-16 00:00:00.000,1900-01-01 00:00:00.000,Y,195
*,"119114",Operate a mono rail system,,4,1900-01-01 00:00:00.000,1900-01-01 00:00:00.000,1900-01-01 00:00:00.000,1900-01-01 00:00:00.000,Y,196
*,"119108",Install a set of rails in an underground workplace.,,2,1900-01-01 00:00:00.000,1900-01-01 00:00:00.000,1900-01-01 00:00:00.000,1900-01-01 00:00:00.000,Y,197
*,"119110",Install a rail turn-out in an underground workplace.,,2,1900-01-01 00:00:00.000,1900-01-01 00:00:00.000,1900-01-01 00:00:00.000,1900-01-01 00:00:00.000,Y,198
*,"119098",Charge shot holes with cartridged explosives and accessories. ,,2,1900-01-01 00:00:00.000,1900-01-01 00:00:00.000,1900-01-01 00:00:00.000,1900-01-01 00:00:00.000,Y,199
*,"119106",Transport persons by means of a carriage.,,1,1900-01-01 00:00:00.000,1900-01-01 00:00:00.000,1900-01-01 00:00:00.000,1900-01-01 00:00:00.000,Y,200
*,"119107",Charge shot holes with ammonium nitrate based explosives.,,2,1900-01-01 00:00:00.000,1900-01-01 00:00:00.000,1900-01-01 00:00:00.000,1900-01-01 00:00:00.000,Y,201
*,"9700",Make safe a workplace by means of barring.,,3,1900-01-01 00:00:00.000,1900-01-01 00:00:00.000,1900-01-01 00:00:00.000,1900-01-01 00:00:00.000,Y,202
*,"119105",Load a battery onto and remove it from a locomotive,,1,1900-01-01 00:00:00.000,1900-01-01 00:00:00.000,1900-01-01 00:00:00.000,1900-01-01 00:00:00.000,Y,203
*,"15271",Remove an accumulation of water from an orepass. ,,1,1900-01-01 00:00:00.000,1900-01-01 00:00:00.000,1900-01-01 00:00:00.000,1900-01-01 00:00:00.000,Y,204
*,"119116",Install and remove pipes and accessories.,,3,1900-01-01 00:00:00.000,1900-01-01 00:00:00.000,1900-01-01 00:00:00.000,1900-01-01 00:00:00.000,Y,205
*,"119120",Install a dust-allaying device,,1,1900-01-01 00:00:00.000,1900-01-01 00:00:00.000,1900-01-01 00:00:00.000,1900-01-01 00:00:00.000,Y,206
*,"10551",Install and remove ventilation columns and accessories.,,3,1900-01-01 00:00:00.000,1900-01-01 00:00:00.000,1900-01-01 00:00:00.000,1900-01-01 00:00:00.000,Y,207
*,MnH-G041,Operate a battery locomotive underground,,3,1900-01-01 00:00:00.000,1900-01-01 00:00:00.000,1900-01-01 00:00:00.000,1900-01-01 00:00:00.000,Y,208
*,"10553",Install pre-stressed elongated support.,,2,1900-01-01 00:00:00.000,1900-01-01 00:00:00.000,1900-01-01 00:00:00.000,1900-01-01 00:00:00.000,Y,209
*,"119100",Re-rail a track bound unit,,3,1900-01-01 00:00:00.000,1900-01-01 00:00:00.000,1900-01-01 00:00:00.000,1900-01-01 00:00:00.000,Y,210
*,"10556",Install tendon support by means of a roofbolter.,,4,1900-01-01 00:00:00.000,1900-01-01 00:00:00.000,1900-01-01 00:00:00.000,1900-01-01 00:00:00.000,Y,211
*,"10555",Support an underground workplace by means of grout packs.,,2,1900-01-01 00:00:00.000,1900-01-01 00:00:00.000,1900-01-01 00:00:00.000,1900-01-01 00:00:00.000,Y,212
*,"119102",Operate a diesel locomotive underground,,3,1900-01-01 00:00:00.000,1900-01-01 00:00:00.000,1900-01-01 00:00:00.000,1900-01-01 00:00:00.000,Y,213
*,MnH-G043,Operate an electric locomotive underground,,3,1900-01-01 00:00:00.000,1900-01-01 00:00:00.000,1900-01-01 00:00:00.000,1900-01-01 00:00:00.000,Y,214
*,"15332","Transport personnel, material or equipment using approved self-propelled mobile machines in an underground coal mine",,12,1900-01-01 00:00:00.000,1900-01-01 00:00:00.000,1900-01-01 00:00:00.000,1900-01-01 00:00:00.000,Y,215
*,"15339",Place and operate an auxiliary fan in an underground coal mine.,,13,1900-01-01 00:00:00.000,1900-01-01 00:00:00.000,1900-01-01 00:00:00.000,1900-01-01 00:00:00.000,Y,216
*,"15289",Load coal using a gathering arm loader in an underground coal mine.,,7,1900-01-01 00:00:00.000,1900-01-01 00:00:00.000,1900-01-01 00:00:00.000,1900-01-01 00:00:00.000,Y,217
*,"15259",Transport coal using shuttle mining equipment in an underground coal mine.,,8,1900-01-01 00:00:00.000,1900-01-01 00:00:00.000,1900-01-01 00:00:00.000,1900-01-01 00:00:00.000,Y,218
*,"15262",Operate a belt conveyor unit to convey coal in an underground coal mine.,,2,1900-01-01 00:00:00.000,1900-01-01 00:00:00.000,1900-01-01 00:00:00.000,1900-01-01 00:00:00.000,Y,219
*,"15334",Supervise the installation and operation of  belt conveyors in an underground coal mine.,,15,1900-01-01 00:00:00.000,1900-01-01 00:00:00.000,1900-01-01 00:00:00.000,1900-01-01 00:00:00.000,Y,220
*,"15282",Support roof using a mine pole in an underground coal mine.,,2,1900-01-01 00:00:00.000,1900-01-01 00:00:00.000,1900-01-01 00:00:00.000,1900-01-01 00:00:00.000,Y,221
*,"15255",Support roof using hydraulic chock shield in a wall mining section in underground coal mine.,,3,2012-10-20 00:00:00.000,2015-10-20 00:00:00.000,2016-10-20 00:00:00.000,1900-01-01 00:00:00.000,Y,222
*,"15277",Deliver compressed air using a mobile compressor in an underground coal mine.,,3,1900-01-01 00:00:00.000,1900-01-01 00:00:00.000,1900-01-01 00:00:00.000,1900-01-01 00:00:00.000,Y,223
*,"15291",Apply stone dust using stone dusting equipment in an underground coal mine.,,8,1900-01-01 00:00:00.000,1900-01-01 00:00:00.000,1900-01-01 00:00:00.000,1900-01-01 00:00:00.000,Y,224
*,"15303",Pump water using pumping equipment in an underground coal mine.,,3,1900-01-01 00:00:00.000,1900-01-01 00:00:00.000,1900-01-01 00:00:00.000,1900-01-01 00:00:00.000,Y,225
*,"15335",Charge up a work face for blasting in an underground coal mine.,,11,1900-01-01 00:00:00.000,1900-01-01 00:00:00.000,1900-01-01 00:00:00.000,1900-01-01 00:00:00.000,Y,226
*,"15331",Control operations in a wall section in an underground coal mine.,,12,2012-10-20 00:00:00.000,2015-10-20 00:00:00.000,2016-10-20 00:00:00.000,1900-01-01 00:00:00.000,Y,227
*,"15276",Install a ventilation curtain in an underground coal mine.,,1,1900-01-01 00:00:00.000,1900-01-01 00:00:00.000,1900-01-01 00:00:00.000,1900-01-01 00:00:00.000,Y,228
*,"252293",Deposit waste rock onto a waste dump by means of a belt conveyor system. (version 2),,3,1900-01-01 00:00:00.000,1900-01-01 00:00:00.000,1900-01-01 00:00:00.000,1900-01-01 00:00:00.000,Y,229
*,"252287",Make-up an ammonia solution in a metallurgical plant. (version 2),,4,1900-01-01 00:00:00.000,1900-01-01 00:00:00.000,1900-01-01 00:00:00.000,1900-01-01 00:00:00.000,Y,230
*,"252332",Slake lime.(version 2) ,,4,1900-01-01 00:00:00.000,1900-01-01 00:00:00.000,1900-01-01 00:00:00.000,1900-01-01 00:00:00.000,Y,231
*,MNH-G078,Demonstrate an understanding of the identification of and dealing with rock strata conditions,,5,1900-01-01 00:00:00.000,1900-01-01 00:00:00.000,1900-01-01 00:00:00.000,1900-01-01 00:00:00.000,Y,232
*,"119130","Measure, plot and interpret area measurements within an underground workplace ",,3,1900-01-01 00:00:00.000,1900-01-01 00:00:00.000,1900-01-01 00:00:00.000,1900-01-01 00:00:00.000,Y,233
*,"119127",Extinguish a fire underground by means of a portable fire extinguisher,,1,1900-01-01 00:00:00.000,1900-01-01 00:00:00.000,1900-01-01 00:00:00.000,1900-01-01 00:00:00.000,Y,234
*,"9678",Follow basic health and safety practices underground.,,5,1900-01-01 00:00:00.000,1900-01-01 00:00:00.000,1900-01-01 00:00:00.000,1900-01-01 00:00:00.000,Y,235
*,"252326",Dispatch base metals.(version 2),,4,1900-01-01 00:00:00.000,1900-01-01 00:00:00.000,1900-01-01 00:00:00.000,1900-01-01 00:00:00.000,Y,236
*,"9654",Acquire an appreciation for the role of rock engineering in the mining process.,,4,1900-01-01 00:00:00.000,1900-01-01 00:00:00.000,1900-01-01 00:00:00.000,1900-01-01 00:00:00.000,Y,237
*,"9621",Control operations in a continuous miner section in an underground coal mine.,,8,2015-07-01 00:00:00.000,2018-06-30 00:00:00.000,2019-06-30 00:00:00.000,1900-01-01 00:00:00.000,Y,238
*,"110119",Quantify sulphur and/or carbon by means of a combustion furnace and titration method.,,5,1900-01-01 00:00:00.000,1900-01-01 00:00:00.000,1900-01-01 00:00:00.000,1900-01-01 00:00:00.000,Y,239
*,"110169",Separate solids from liquids by means of filtration,,3,1900-01-01 00:00:00.000,1900-01-01 00:00:00.000,1900-01-01 00:00:00.000,1900-01-01 00:00:00.000,Y,240
*,"110174",Store chemicals in the laboratory,,2,1900-01-01 00:00:00.000,1900-01-01 00:00:00.000,1900-01-01 00:00:00.000,1900-01-01 00:00:00.000,Y,241
*,"110178",Dry material for analytical purposes,,2,1900-01-01 00:00:00.000,1900-01-01 00:00:00.000,1900-01-01 00:00:00.000,1900-01-01 00:00:00.000,Y,242
*,"115501",Receive and register samples in a laboratory,,3,2004-09-13 00:00:00.000,2007-09-13 00:00:00.000,2004-09-13 00:00:00.000,1900-01-01 00:00:00.000,Y,243
*,"110181",Determine the redox potential of a liquid by means of a potentiometer,,2,1900-01-01 00:00:00.000,1900-01-01 00:00:00.000,1900-01-01 00:00:00.000,1900-01-01 00:00:00.000,Y,244
*,OcH-G085,Describe the basic environmental factors of ventilating a workplace to ensure a safe and healthy working environment. (See MnH-G210),,3,1900-01-01 00:00:00.000,1900-01-01 00:00:00.000,1900-01-01 00:00:00.000,1900-01-01 00:00:00.000,Y,245
*,"110435",Carry out a close inspection on a gully box.,,2,1900-01-01 00:00:00.000,1900-01-01 00:00:00.000,1900-01-01 00:00:00.000,1900-01-01 00:00:00.000,Y,246
*,"15299",Bar and break big rocks using a mobile scaler.,,6,1900-01-01 00:00:00.000,1900-01-01 00:00:00.000,1900-01-01 00:00:00.000,1900-01-01 00:00:00.000,Y,247
*,"15304",Break big rocks using a secondary breaker.,,3,1900-01-01 00:00:00.000,1900-01-01 00:00:00.000,1900-01-01 00:00:00.000,1900-01-01 00:00:00.000,Y,248
*,"10725",Install and electrical signalling device for scraper winches,,2,1900-01-01 00:00:00.000,1900-01-01 00:00:00.000,1900-01-01 00:00:00.000,1900-01-01 00:00:00.000,Y,249
*,^$*,Repair a water level control system,,3,1900-01-01 00:00:00.000,1900-01-01 00:00:00.000,1900-01-01 00:00:00.000,1900-01-01 00:00:00.000,Y,250
*,EnE-G076,Repair a traction-battery charger.,,3,1900-01-01 00:00:00.000,1900-01-01 00:00:00.000,1900-01-01 00:00:00.000,1900-01-01 00:00:00.000,Y,251
*,EnE-G077,Repair a lead acid battery comprising of indepedent cells,,3,1900-01-01 00:00:00.000,1900-01-01 00:00:00.000,1900-01-01 00:00:00.000,1900-01-01 00:00:00.000,Y,252
*,"15274",Install an intercom system,,2,1900-01-01 00:00:00.000,1900-01-01 00:00:00.000,1900-01-01 00:00:00.000,1900-01-01 00:00:00.000,Y,253
*,"15279",Disconnect and connect a DC motor.,,3,1900-01-01 00:00:00.000,1900-01-01 00:00:00.000,1900-01-01 00:00:00.000,1900-01-01 00:00:00.000,Y,254
*,"15256",Disconnect and connect a three phase pole changing motor.,,3,1900-01-01 00:00:00.000,1900-01-01 00:00:00.000,1900-01-01 00:00:00.000,1900-01-01 00:00:00.000,Y,255
*,"15261",Repair an onboard gas monitoring system.,,3,1900-01-01 00:00:00.000,1900-01-01 00:00:00.000,1900-01-01 00:00:00.000,1900-01-01 00:00:00.000,Y,256
*,"10816",Repair the motor of an air driven mechanical loader.,,5,1900-01-01 00:00:00.000,1900-01-01 00:00:00.000,1900-01-01 00:00:00.000,1900-01-01 00:00:00.000,Y,257
*,"10837",Replace hydraulic pipes  and fittings,,3,1900-01-01 00:00:00.000,1900-01-01 00:00:00.000,1900-01-01 00:00:00.000,1900-01-01 00:00:00.000,Y,258
*,"11131",Measure the stratigraphic widths of a mineral exposure.,,6,1900-01-01 00:00:00.000,1900-01-01 00:00:00.000,1900-01-01 00:00:00.000,1900-01-01 00:00:00.000,Y,259
*,"11116",Calculate and plot the position of an underground survey point from traverse measurements by employing first principles.,,7,1900-01-01 00:00:00.000,1900-01-01 00:00:00.000,1900-01-01 00:00:00.000,1900-01-01 00:00:00.000,Y,260
*,"110122",Determine velocity of air in a workplace by means of the tape method and take appropriate action.,,1,1900-01-01 00:00:00.000,1900-01-01 00:00:00.000,1900-01-01 00:00:00.000,1900-01-01 00:00:00.000,Y,261
*,"110127",Install underground workplace ventilation controls.,,3,1900-01-01 00:00:00.000,1900-01-01 00:00:00.000,1900-01-01 00:00:00.000,1900-01-01 00:00:00.000,Y,262
*,"110118",Demonstrate knowledge of the most common harmful gases and vapours ,,1,1900-01-01 00:00:00.000,1900-01-01 00:00:00.000,1900-01-01 00:00:00.000,1900-01-01 00:00:00.000,Y,263
*,EnM-G017,Replace a hydraulic cylinder.,,2,1900-01-01 00:00:00.000,1900-01-01 00:00:00.000,1900-01-01 00:00:00.000,1900-01-01 00:00:00.000,Y,264
*,EnM-G083,Install a chain drive,,4,1900-01-01 00:00:00.000,1900-01-01 00:00:00.000,1900-01-01 00:00:00.000,1900-01-01 00:00:00.000,Y,265
*,"15318",Replace components on an onboard dust suppression unit.,,3,1900-01-01 00:00:00.000,1900-01-01 00:00:00.000,1900-01-01 00:00:00.000,1900-01-01 00:00:00.000,Y,266
*,"15314",Replace a flight chain assembly.,,3,1900-01-01 00:00:00.000,1900-01-01 00:00:00.000,1900-01-01 00:00:00.000,1900-01-01 00:00:00.000,Y,267
*,"15327",Replace the wheel unit of a shuttle car.,,3,1900-01-01 00:00:00.000,1900-01-01 00:00:00.000,1900-01-01 00:00:00.000,1900-01-01 00:00:00.000,Y,268
*,"15319",Replace a hydraulic valve bank.,,4,1900-01-01 00:00:00.000,1900-01-01 00:00:00.000,1900-01-01 00:00:00.000,1900-01-01 00:00:00.000,Y,269
*,"15322",Replace the cat track on a self-propelled mobile machine.,,3,1900-01-01 00:00:00.000,1900-01-01 00:00:00.000,1900-01-01 00:00:00.000,1900-01-01 00:00:00.000,Y,270
*,"15325",Replace the clutch assembly of a gathering arm gear case.,,3,1900-01-01 00:00:00.000,1900-01-01 00:00:00.000,1900-01-01 00:00:00.000,1900-01-01 00:00:00.000,Y,271
*,"15328",Replace the universal joint of a coal cutter.,,3,1900-01-01 00:00:00.000,1900-01-01 00:00:00.000,1900-01-01 00:00:00.000,1900-01-01 00:00:00.000,Y,272
*,"15330",Replace the cutting bar of a coal cutter.,,3,1900-01-01 00:00:00.000,1900-01-01 00:00:00.000,1900-01-01 00:00:00.000,1900-01-01 00:00:00.000,Y,273
*,*^%,Replace the flight chain drive assembly of a self-propelled mobile machine.,,4,1900-01-01 00:00:00.000,1900-01-01 00:00:00.000,1900-01-01 00:00:00.000,1900-01-01 00:00:00.000,Y,274
*,EnM-G163,Replace a conveyor drive power pack.,,2,1900-01-01 00:00:00.000,1900-01-01 00:00:00.000,1900-01-01 00:00:00.000,1900-01-01 00:00:00.000,Y,275
*,EnM-G164,Replace a belt conveyor pulley / drum.,,2,1900-01-01 00:00:00.000,1900-01-01 00:00:00.000,1900-01-01 00:00:00.000,1900-01-01 00:00:00.000,Y,276
*,EnM-G165,Train a conveyor belt.,,3,1900-01-01 00:00:00.000,1900-01-01 00:00:00.000,1900-01-01 00:00:00.000,1900-01-01 00:00:00.000,Y,277
*,"119964",Understand and apply a problem-solving technique.,,2,1900-01-01 00:00:00.000,1900-01-01 00:00:00.000,1900-01-01 00:00:00.000,1900-01-01 00:00:00.000,Y,278
*,"120086",Examine and repair a chute,,3,1900-01-01 00:00:00.000,1900-01-01 00:00:00.000,1900-01-01 00:00:00.000,1900-01-01 00:00:00.000,Y,279
*,"110182",Sample a water source for analytical purposes,,6,1900-01-01 00:00:00.000,1900-01-01 00:00:00.000,1900-01-01 00:00:00.000,1900-01-01 00:00:00.000,Y,280
*,"110186",Reduce bulk and particle size of a dry solid sample.  ,,10,1900-01-01 00:00:00.000,1900-01-01 00:00:00.000,1900-01-01 00:00:00.000,1900-01-01 00:00:00.000,Y,281
*,"110201",Determine the concentration of a substance by Ion Chromatography [IC].,,13,1900-01-01 00:00:00.000,1900-01-01 00:00:00.000,1900-01-01 00:00:00.000,1900-01-01 00:00:00.000,Y,282
*,"110204",Prepare and verify standards for quantitative analytical measurements. ,,11,1900-01-01 00:00:00.000,1900-01-01 00:00:00.000,1900-01-01 00:00:00.000,1900-01-01 00:00:00.000,Y,283
*,"14656",Demonstrate an understanding of sexuality and sexually transmitted infections including HIV /AIDS,,5,1900-01-01 00:00:00.000,1900-01-01 00:00:00.000,1900-01-01 00:00:00.000,1900-01-01 00:00:00.000,Y,284
*,"253817",Use a loupe to examine diamond gemstones,,8,1900-01-01 00:00:00.000,1900-01-01 00:00:00.000,1900-01-01 00:00:00.000,1900-01-01 00:00:00.000,Y,285
*,"10495",Describe the structure of the diamond processing industry,,3,1900-01-01 00:00:00.000,1900-01-01 00:00:00.000,1900-01-01 00:00:00.000,1900-01-01 00:00:00.000,Y,286
*,"10497",Describe and identify the characteristics of diamond gemstones,,10,2005-04-13 00:00:00.000,2008-02-06 00:00:00.000,2009-02-06 00:00:00.000,1900-01-01 00:00:00.000,Y,287
*,"253821",Explain the requirements for the security of diamonds,,2,2008-02-06 00:00:00.000,2011-02-06 00:00:00.000,2012-02-06 00:00:00.000,1900-01-01 00:00:00.000,Y,288
*,"253811",Prepare a scaiffe for polishing diamond gemstones. ,,2,1900-01-01 00:00:00.000,1900-01-01 00:00:00.000,1900-01-01 00:00:00.000,1900-01-01 00:00:00.000,Y,289
*,"253810",Level tangs for polishing diamond gemstones. ,,2,1900-01-01 00:00:00.000,1900-01-01 00:00:00.000,1900-01-01 00:00:00.000,1900-01-01 00:00:00.000,Y,290
*,"15324",Replace the cutter clutch assembly of a coal cutter,,3,1900-01-01 00:00:00.000,1900-01-01 00:00:00.000,1900-01-01 00:00:00.000,1900-01-01 00:00:00.000,Y,291
*,"110130",Treat misfires and sockets in an underground coal mine.,,6,1900-01-01 00:00:00.000,1900-01-01 00:00:00.000,1900-01-01 00:00:00.000,1900-01-01 00:00:00.000,Y,292
*,"110125",Control operations in a blasting section in an underground coal mine.,,15,1900-01-01 00:00:00.000,1900-01-01 00:00:00.000,1900-01-01 00:00:00.000,1900-01-01 00:00:00.000,Y,293
*,"110210",Conduct blasting operations in an underground coal mine.,,11,1900-01-01 00:00:00.000,1900-01-01 00:00:00.000,1900-01-01 00:00:00.000,1900-01-01 00:00:00.000,Y,294
*,"110205","Demonstrate knowledge of the Mine Health and Safety Act, regulations and definitions",,5,1900-01-01 00:00:00.000,1900-01-01 00:00:00.000,1900-01-01 00:00:00.000,1900-01-01 00:00:00.000,Y,295
*,"15269",Demonstrate knowledge and understanding of basic strata control principles.,,3,1900-01-01 00:00:00.000,1900-01-01 00:00:00.000,1900-01-01 00:00:00.000,1900-01-01 00:00:00.000,Y,296
*,"11686",Identify and verify the selected mining horizon.,,3,1900-01-01 00:00:00.000,1900-01-01 00:00:00.000,1900-01-01 00:00:00.000,1900-01-01 00:00:00.000,Y,297
*,"253837",Describe the History of the Diamond Processing Industry,,2,2004-04-19 00:00:00.000,2007-04-19 00:00:00.000,2004-04-19 00:00:00.000,1900-01-01 00:00:00.000,Y,298
*,"253815",Describe Process Control Systems for Processing Diamond Gemstones,,2,1900-01-01 00:00:00.000,1900-01-01 00:00:00.000,1900-01-01 00:00:00.000,1900-01-01 00:00:00.000,Y,299
*,"253802",Describe the shapes and applications of diamond gemstones,,2,1900-01-01 00:00:00.000,1900-01-01 00:00:00.000,1900-01-01 00:00:00.000,1900-01-01 00:00:00.000,Y,300
*,"253796",Demonstrate a basic understanding of the use of tools and equipment used for processing diamonds,,2,1900-01-01 00:00:00.000,1900-01-01 00:00:00.000,1900-01-01 00:00:00.000,1900-01-01 00:00:00.000,Y,301
*,"9773",Make complete bottoms on sawn diamond gemstones ,,18,1900-01-01 00:00:00.000,1900-01-01 00:00:00.000,1900-01-01 00:00:00.000,1900-01-01 00:00:00.000,Y,302
*,"9778",Prepare and polish tables on sawn diamond gemstones ,,5,1900-01-01 00:00:00.000,1900-01-01 00:00:00.000,1900-01-01 00:00:00.000,1900-01-01 00:00:00.000,Y,303
*,"9779",Bottom block sawn diamond gemstones ,,8,1900-01-01 00:00:00.000,1900-01-01 00:00:00.000,1900-01-01 00:00:00.000,1900-01-01 00:00:00.000,Y,304
*,DiP-G343,Bottom lap sawn diamond gemstones ,,6,1900-01-01 00:00:00.000,1900-01-01 00:00:00.000,1900-01-01 00:00:00.000,1900-01-01 00:00:00.000,Y,305
*,DiP-G344,Polish bottom halves on sawn diamond gemstones ,,4,1900-01-01 00:00:00.000,1900-01-01 00:00:00.000,1900-01-01 00:00:00.000,1900-01-01 00:00:00.000,Y,306
*,"9782",Make complete bottoms on makeable diamond gemstones ,,18,1900-01-01 00:00:00.000,1900-01-01 00:00:00.000,1900-01-01 00:00:00.000,1900-01-01 00:00:00.000,Y,307
*,"9774",Prepare and polish tables on makeable diamond gemstones ,,5,1900-01-01 00:00:00.000,1900-01-01 00:00:00.000,1900-01-01 00:00:00.000,1900-01-01 00:00:00.000,Y,308
*,DiP-G347,Bottom block makeable diamond gemstones ,,8,1900-01-01 00:00:00.000,1900-01-01 00:00:00.000,1900-01-01 00:00:00.000,1900-01-01 00:00:00.000,Y,309
*,"9784",Bottom lap makeable diamond gemstones ,,6,1900-01-01 00:00:00.000,1900-01-01 00:00:00.000,1900-01-01 00:00:00.000,1900-01-01 00:00:00.000,Y,310
*,"9785",Polish bottom halves on makeable diamond gemstones ,,4,1900-01-01 00:00:00.000,1900-01-01 00:00:00.000,1900-01-01 00:00:00.000,1900-01-01 00:00:00.000,Y,311
*,"9786",Make complete tops on sawn diamond gemstones ,,13,1900-01-01 00:00:00.000,1900-01-01 00:00:00.000,1900-01-01 00:00:00.000,1900-01-01 00:00:00.000,Y,312
*,"9787",Top block sawn diamond gemstones ,,7,1900-01-01 00:00:00.000,1900-01-01 00:00:00.000,1900-01-01 00:00:00.000,1900-01-01 00:00:00.000,Y,313
*,"9788",Top lap sawn diamond gemstones ,,5,1900-01-01 00:00:00.000,1900-01-01 00:00:00.000,1900-01-01 00:00:00.000,1900-01-01 00:00:00.000,Y,314
*,"9775",Polish top halves on sawn diamond gemstones ,,4,1900-01-01 00:00:00.000,1900-01-01 00:00:00.000,1900-01-01 00:00:00.000,1900-01-01 00:00:00.000,Y,315
*,"9789",Polish stars on sawn diamond gemstones ,,4,1900-01-01 00:00:00.000,1900-01-01 00:00:00.000,1900-01-01 00:00:00.000,1900-01-01 00:00:00.000,Y,316
*,"9776",Make complete tops on makeable diamond gemstones ,,9,1900-01-01 00:00:00.000,1900-01-01 00:00:00.000,1900-01-01 00:00:00.000,1900-01-01 00:00:00.000,Y,317
*,"9790",Top block makeable diamond gemstones ,,7,1900-01-01 00:00:00.000,1900-01-01 00:00:00.000,1900-01-01 00:00:00.000,1900-01-01 00:00:00.000,Y,318
*,"9791",Top Lap makeable diamond gemstones ,,3,1900-01-01 00:00:00.000,1900-01-01 00:00:00.000,1900-01-01 00:00:00.000,1900-01-01 00:00:00.000,Y,319
*,"9792",Polish top halves on makeable diamond gemstones ,,4,1900-01-01 00:00:00.000,1900-01-01 00:00:00.000,1900-01-01 00:00:00.000,1900-01-01 00:00:00.000,Y,320
*,"9777",Polish stars on makeable diamond gemstones ,,2,1900-01-01 00:00:00.000,1900-01-01 00:00:00.000,1900-01-01 00:00:00.000,1900-01-01 00:00:00.000,Y,321
*,"9681",Install scraper rigs and rig scraper ropes in an underground workplace. ,,4,1900-01-01 00:00:00.000,1900-01-01 00:00:00.000,1900-01-01 00:00:00.000,1900-01-01 00:00:00.000,Y,322
*,"116534",Carry out basic first aid treatment in the workplace,,2,2012-07-01 00:00:00.000,2015-12-01 00:00:00.000,2016-12-01 00:00:00.000,1900-01-01 00:00:00.000,Y,323
*,"120330",Conduct a continuous risk assessment in a workplace.,,4,1900-01-01 00:00:00.000,1900-01-01 00:00:00.000,1900-01-01 00:00:00.000,1900-01-01 00:00:00.000,Y,324
*,"115101",Address workplace hazards and risks .,,4,1900-01-01 00:00:00.000,1900-01-01 00:00:00.000,1900-01-01 00:00:00.000,1900-01-01 00:00:00.000,Y,325
*,"252554","Apply calculations of areas, volumes and masses and weights to simple shapes in strata control.",,3,1900-01-01 00:00:00.000,1900-01-01 00:00:00.000,1900-01-01 00:00:00.000,1900-01-01 00:00:00.000,Y,326
*,"11114",Compile a sample sheet and manually calculate the results for mineral evaluation purposes,,4,1900-01-01 00:00:00.000,1900-01-01 00:00:00.000,1900-01-01 00:00:00.000,1900-01-01 00:00:00.000,Y,327
*,"11118",Determine the mineral content of a mining unit applying elementary evaluation techniques,,3,1900-01-01 00:00:00.000,1900-01-01 00:00:00.000,1900-01-01 00:00:00.000,1900-01-01 00:00:00.000,Y,328
*,"116664","Plan, organise, lead and control activities ",,10,2004-09-08 00:00:00.000,2007-09-08 00:00:00.000,2004-09-08 00:00:00.000,1900-01-01 00:00:00.000,Y,329
*,MnH-G112,Lift and move a load by means of a mobilift,,6,2004-09-08 00:00:00.000,2007-09-08 00:00:00.000,2004-09-08 00:00:00.000,1900-01-01 00:00:00.000,Y,330
*,MnC-G040,Demonstrate an understanding of applicable legislation and compliance in the Mining and Minerals sector,,2,2015-07-01 00:00:00.000,2018-06-30 00:00:00.000,2022-06-30 00:00:00.000,1900-01-01 00:00:00.000,Y,331
*,MnC-G041,Understand quality management principles and processes ,,2,1900-01-01 00:00:00.000,1900-01-01 00:00:00.000,1900-01-01 00:00:00.000,1900-01-01 00:00:00.000,Y,332
*,"11473",Manage individual and team performance,,8,1900-01-01 00:00:00.000,1900-01-01 00:00:00.000,1900-01-01 00:00:00.000,1900-01-01 00:00:00.000,Y,333
*,"115093",Control workplace hazardous substances .,,4,1900-01-01 00:00:00.000,1900-01-01 00:00:00.000,1900-01-01 00:00:00.000,1900-01-01 00:00:00.000,Y,334
*,"116527",Demonstrate knowledge pertaining to basic health and safety principles in and around a working place.,,2,1900-01-01 00:00:00.000,1900-01-01 00:00:00.000,1900-01-01 00:00:00.000,1900-01-01 00:00:00.000,Y,335
*,"116520","Apply safety, health and  environmental principles and procedures in a workplace",,2,2010-02-20 00:00:00.000,2013-02-20 00:00:00.000,2014-02-20 00:00:00.000,1900-01-01 00:00:00.000,Y,336
*,"120329","Respond to, implement and manage emergencies to an emergency action plan in a workplace.",,2,1900-01-01 00:00:00.000,1900-01-01 00:00:00.000,1900-01-01 00:00:00.000,1900-01-01 00:00:00.000,Y,337
*,"230013",Conduct face profiling and drill hole surveys,,6,1900-01-01 00:00:00.000,1900-01-01 00:00:00.000,1900-01-01 00:00:00.000,1900-01-01 00:00:00.000,Y,338
*,OUT1,Identify and interpret instrumentation and automation in the process control environment,,0,1900-01-01 00:00:00.000,1900-01-01 00:00:00.000,1900-01-01 00:00:00.000,1900-01-01 00:00:00.000,Y,339
*,OUT2,"Connect, install, test, calibrate and maintain various process control and measuring devices and equipment ",,0,1900-01-01 00:00:00.000,1900-01-01 00:00:00.000,1900-01-01 00:00:00.000,1900-01-01 00:00:00.000,Y,340
*,OUT3,Understand issues generic to the workplace and society in general.,,0,1900-01-01 00:00:00.000,1900-01-01 00:00:00.000,1900-01-01 00:00:00.000,1900-01-01 00:00:00.000,Y,341
*,OUT4,Apply engineering principles to install engineering equipment,,0,1900-01-01 00:00:00.000,1900-01-01 00:00:00.000,1900-01-01 00:00:00.000,1900-01-01 00:00:00.000,Y,342
*,OUT5,Apply engineering principles to maintain engineering equipment,,0,1900-01-01 00:00:00.000,1900-01-01 00:00:00.000,1900-01-01 00:00:00.000,1900-01-01 00:00:00.000,Y,343
*,OUT6,Apply engineering principles to repair engineering equipment,,0,1900-01-01 00:00:00.000,1900-01-01 00:00:00.000,1900-01-01 00:00:00.000,1900-01-01 00:00:00.000,Y,344
*,OUT7,Apply engineering principles to maintain flameproof equipment in a hazardous location,,0,1900-01-01 00:00:00.000,1900-01-01 00:00:00.000,1900-01-01 00:00:00.000,1900-01-01 00:00:00.000,Y,345
*,IT,Install telephones,,1,1900-01-01 00:00:00.000,1900-01-01 00:00:00.000,1900-01-01 00:00:00.000,1900-01-01 00:00:00.000,Y,346
*,OUT29.1,Use basic hand tools,,9,1900-01-01 00:00:00.000,1900-01-01 00:00:00.000,1900-01-01 00:00:00.000,1900-01-01 00:00:00.000,Y,347
*,OUT30.1,Use Basic Machine Tools,,8,1900-01-01 00:00:00.000,1900-01-01 00:00:00.000,1900-01-01 00:00:00.000,1900-01-01 00:00:00.000,Y,348
*,OUT31.1,Remove and Install Bearings,,4,1900-01-01 00:00:00.000,1900-01-01 00:00:00.000,1900-01-01 00:00:00.000,1900-01-01 00:00:00.000,Y,349
*,OUT32,"Cut and Fit Gaskets, Seals and Packing",,1,1900-01-01 00:00:00.000,1900-01-01 00:00:00.000,1900-01-01 00:00:00.000,1900-01-01 00:00:00.000,Y,350
*,OUT33,Maintain Petrol and Diesel Systems,,4,1900-01-01 00:00:00.000,1900-01-01 00:00:00.000,1900-01-01 00:00:00.000,1900-01-01 00:00:00.000,Y,351
*,"51-FT",Maintain hydraulic circuits on a coal cutter,,1,2016-01-01 00:00:00.000,2018-03-31 00:00:00.000,2019-03-31 00:00:00.000,1900-01-01 00:00:00.000,Y,352
*,OUT35,Construct Hydraulic Circuits,,13,1900-01-01 00:00:00.000,1900-01-01 00:00:00.000,1900-01-01 00:00:00.000,1900-01-01 00:00:00.000,Y,353
*,OUT36.1,Construct Pneumatic Circuits,,11,1900-01-01 00:00:00.000,1900-01-01 00:00:00.000,1900-01-01 00:00:00.000,1900-01-01 00:00:00.000,Y,354
*,OUT37,Use Welding and Cutting Equipment,,4,1900-01-01 00:00:00.000,1900-01-01 00:00:00.000,1900-01-01 00:00:00.000,1900-01-01 00:00:00.000,Y,355
*,OUT38,Repair Transmissions,,7,1900-01-01 00:00:00.000,1900-01-01 00:00:00.000,1900-01-01 00:00:00.000,1900-01-01 00:00:00.000,Y,356
*,OUT39.4,Maintain and Repair Universals and Clutches,,3,1900-01-01 00:00:00.000,1900-01-01 00:00:00.000,1900-01-01 00:00:00.000,1900-01-01 00:00:00.000,Y,357
*,OUT40,Maintain and Repair Differentials and Final Drives,,4,1900-01-01 00:00:00.000,1900-01-01 00:00:00.000,1900-01-01 00:00:00.000,1900-01-01 00:00:00.000,Y,358
*,OUT42,Repair an Engine,,8,1900-01-01 00:00:00.000,1900-01-01 00:00:00.000,1900-01-01 00:00:00.000,1900-01-01 00:00:00.000,Y,359
*,RA-E-2,Maintain auto-electrical systems,,2,1900-01-01 00:00:00.000,1900-01-01 00:00:00.000,1900-01-01 00:00:00.000,1900-01-01 00:00:00.000,Y,360
*,OUT44,Maintain and repair fuel systems,,9,1900-01-01 00:00:00.000,1900-01-01 00:00:00.000,1900-01-01 00:00:00.000,1900-01-01 00:00:00.000,Y,361
*,OUT45,Maintain Hydraulic Brakes,,2,1900-01-01 00:00:00.000,1900-01-01 00:00:00.000,1900-01-01 00:00:00.000,1900-01-01 00:00:00.000,Y,362
*,OUT46,Workplace and Cociety in General,,0,1900-01-01 00:00:00.000,1900-01-01 00:00:00.000,1900-01-01 00:00:00.000,1900-01-01 00:00:00.000,Y,363
*,OUT47.2,Maintain Tracks and Undercarriages - Diesel,,3,1900-01-01 00:00:00.000,1900-01-01 00:00:00.000,1900-01-01 00:00:00.000,1900-01-01 00:00:00.000,Y,364
*,OUT48,Maintain Bearings,,1,1900-01-01 00:00:00.000,1900-01-01 00:00:00.000,1900-01-01 00:00:00.000,1900-01-01 00:00:00.000,Y,365
*,OUT49,Maintain a Vehcle,,8,1900-01-01 00:00:00.000,1900-01-01 00:00:00.000,1900-01-01 00:00:00.000,1900-01-01 00:00:00.000,Y,366
*,OUT50,Maintain Filters - Diesel,,1,1900-01-01 00:00:00.000,1900-01-01 00:00:00.000,1900-01-01 00:00:00.000,1900-01-01 00:00:00.000,Y,367
*,OUT51,Recover a Vehicle - Diesel,,2,1900-01-01 00:00:00.000,1900-01-01 00:00:00.000,1900-01-01 00:00:00.000,1900-01-01 00:00:00.000,Y,368
*,OUT52,Maintain Brake systems - Diesel,,3,1900-01-01 00:00:00.000,1900-01-01 00:00:00.000,1900-01-01 00:00:00.000,1900-01-01 00:00:00.000,Y,369
*,OUT53,Maintain Steering System - Diesel,,2,1900-01-01 00:00:00.000,1900-01-01 00:00:00.000,1900-01-01 00:00:00.000,1900-01-01 00:00:00.000,Y,370
*,OUT55,Maintain V-Belts,,2,1900-01-01 00:00:00.000,1900-01-01 00:00:00.000,1900-01-01 00:00:00.000,1900-01-01 00:00:00.000,Y,371
*,OUT56,Test and Identify faults in auto-electrical Systems - Diesel,,4,1900-01-01 00:00:00.000,1900-01-01 00:00:00.000,1900-01-01 00:00:00.000,1900-01-01 00:00:00.000,Y,372
*,OUT57,Replace Cooling System Components,,1,1900-01-01 00:00:00.000,1900-01-01 00:00:00.000,1900-01-01 00:00:00.000,1900-01-01 00:00:00.000,Y,373
*,OUT58.4,Replace Filters,,1,1900-01-01 00:00:00.000,1900-01-01 00:00:00.000,1900-01-01 00:00:00.000,1900-01-01 00:00:00.000,Y,374
*,OUT59,Repair a Steering System,,2,1900-01-01 00:00:00.000,1900-01-01 00:00:00.000,1900-01-01 00:00:00.000,1900-01-01 00:00:00.000,Y,375
*,OUT60,Repair a Fuel System,,4,1900-01-01 00:00:00.000,1900-01-01 00:00:00.000,1900-01-01 00:00:00.000,1900-01-01 00:00:00.000,Y,376
*,OUT61.1,Repair a Differential,,4,1900-01-01 00:00:00.000,1900-01-01 00:00:00.000,1900-01-01 00:00:00.000,1900-01-01 00:00:00.000,Y,377
*,OUT62,Repair a Transmission,,5,1900-01-01 00:00:00.000,1900-01-01 00:00:00.000,1900-01-01 00:00:00.000,1900-01-01 00:00:00.000,Y,378
*,OUT63,Repair Tyres,,1,1900-01-01 00:00:00.000,1900-01-01 00:00:00.000,1900-01-01 00:00:00.000,1900-01-01 00:00:00.000,Y,379
*,OUT64,Repair HydraulicSystems,,2,1900-01-01 00:00:00.000,1900-01-01 00:00:00.000,1900-01-01 00:00:00.000,1900-01-01 00:00:00.000,Y,380
*,OUT65,Repair Brake,,2,1900-01-01 00:00:00.000,1900-01-01 00:00:00.000,1900-01-01 00:00:00.000,1900-01-01 00:00:00.000,Y,381
*,OUT66,Repair Clutches,,1,1900-01-01 00:00:00.000,1900-01-01 00:00:00.000,1900-01-01 00:00:00.000,1900-01-01 00:00:00.000,Y,382
*,OUT67,Repair Engines,,2,1900-01-01 00:00:00.000,1900-01-01 00:00:00.000,1900-01-01 00:00:00.000,1900-01-01 00:00:00.000,Y,383
*,OUT68,Use Basic Hand Tools - Plater Welder,,8,1900-01-01 00:00:00.000,1900-01-01 00:00:00.000,1900-01-01 00:00:00.000,1900-01-01 00:00:00.000,Y,384
*,OUT69.1,Operate Plater Machines - Plater / Welder,,8,1900-01-01 00:00:00.000,1900-01-01 00:00:00.000,1900-01-01 00:00:00.000,1900-01-01 00:00:00.000,Y,385
*,OUT70,Measure and Mark off Profiles - Plater / Welder,,4,1900-01-01 00:00:00.000,1900-01-01 00:00:00.000,1900-01-01 00:00:00.000,1900-01-01 00:00:00.000,Y,386
*,OUT71,Fabricate and Erect Steel Construction - Plater / Welder,,8,1900-01-01 00:00:00.000,1900-01-01 00:00:00.000,1900-01-01 00:00:00.000,1900-01-01 00:00:00.000,Y,387
*,OUT72.1,Fabricate Engineering Components - Plater Welder,,6,1900-01-01 00:00:00.000,1900-01-01 00:00:00.000,1900-01-01 00:00:00.000,1900-01-01 00:00:00.000,Y,388
*,OUT73.1,Inspect and Repair Engineering Components - Plater / Welder,,3,1900-01-01 00:00:00.000,1900-01-01 00:00:00.000,1900-01-01 00:00:00.000,1900-01-01 00:00:00.000,Y,389
*,OUT74,Mark off Components Using a Contour Marker and Centre Finder - Plate / Welder,,7,1900-01-01 00:00:00.000,1900-01-01 00:00:00.000,1900-01-01 00:00:00.000,1900-01-01 00:00:00.000,Y,390
*,OUT99,Construct pneumatic circuits,,3,1900-01-01 00:00:00.000,1900-01-01 00:00:00.000,1900-01-01 00:00:00.000,1900-01-01 00:00:00.000,Y,391
*,OUT105,Workplace and society in general,,0,1900-01-01 00:00:00.000,1900-01-01 00:00:00.000,1900-01-01 00:00:00.000,1900-01-01 00:00:00.000,Y,392
*,"253494",Maintain compressors,,4,1900-01-01 00:00:00.000,1900-01-01 00:00:00.000,1900-01-01 00:00:00.000,1900-01-01 00:00:00.000,Y,393
*,OUT131.1,Use basic hand tools,,10,1900-01-01 00:00:00.000,1900-01-01 00:00:00.000,1900-01-01 00:00:00.000,1900-01-01 00:00:00.000,Y,394
*,OUT133.1,Remove and install bearings,,3,1900-01-01 00:00:00.000,1900-01-01 00:00:00.000,1900-01-01 00:00:00.000,1900-01-01 00:00:00.000,Y,395
*,OUT160,Manufacture components,,7,1900-01-01 00:00:00.000,1900-01-01 00:00:00.000,1900-01-01 00:00:00.000,1900-01-01 00:00:00.000,Y,396
*,OUT168.1,Operate plater machine,,5,1900-01-01 00:00:00.000,1900-01-01 00:00:00.000,1900-01-01 00:00:00.000,1900-01-01 00:00:00.000,Y,397
*,OUT169,Measureand markof profiles,,4,1900-01-01 00:00:00.000,1900-01-01 00:00:00.000,1900-01-01 00:00:00.000,1900-01-01 00:00:00.000,Y,398
*,OUT170,Fabricate and erect steel constructions,,7,1900-01-01 00:00:00.000,1900-01-01 00:00:00.000,1900-01-01 00:00:00.000,1900-01-01 00:00:00.000,Y,399
*,OUT171.1,Fabricate engineering components,,6,1900-01-01 00:00:00.000,1900-01-01 00:00:00.000,1900-01-01 00:00:00.000,1900-01-01 00:00:00.000,Y,400
*,OUT172,Inspect and repair engineering components,,3,1900-01-01 00:00:00.000,1900-01-01 00:00:00.000,1900-01-01 00:00:00.000,1900-01-01 00:00:00.000,Y,401
*,OUT173,Mark of components using a contour maker and centre finder,,8,1900-01-01 00:00:00.000,1900-01-01 00:00:00.000,1900-01-01 00:00:00.000,1900-01-01 00:00:00.000,Y,402
*,OUT174,Develop and fabricate by means of parallel line method,,16,1900-01-01 00:00:00.000,1900-01-01 00:00:00.000,1900-01-01 00:00:00.000,1900-01-01 00:00:00.000,Y,403
*,OUT175,Develop and fabricate by means of radial line methods,,8,1900-01-01 00:00:00.000,1900-01-01 00:00:00.000,1900-01-01 00:00:00.000,1900-01-01 00:00:00.000,Y,404
*,OUT176,Develop and fabricate by means of triangulation method,,8,1900-01-01 00:00:00.000,1900-01-01 00:00:00.000,1900-01-01 00:00:00.000,1900-01-01 00:00:00.000,Y,405
*,OUT177,Cut mild steel by using Oxyacetylene equipment,,6,1900-01-01 00:00:00.000,1900-01-01 00:00:00.000,1900-01-01 00:00:00.000,1900-01-01 00:00:00.000,Y,406
*,OUT178,Joint metal by means of arc welding,,14,1900-01-01 00:00:00.000,1900-01-01 00:00:00.000,1900-01-01 00:00:00.000,1900-01-01 00:00:00.000,Y,407
*,OUT179,Joint metals by means of gas welding,,2,1900-01-01 00:00:00.000,1900-01-01 00:00:00.000,1900-01-01 00:00:00.000,1900-01-01 00:00:00.000,Y,408
*,OUT180.1,Maintain equipment-Metaliferous,,8,1900-01-01 00:00:00.000,1900-01-01 00:00:00.000,1900-01-01 00:00:00.000,1900-01-01 00:00:00.000,Y,409
*,OUT181,Fabricate bins/hoppers-Metaliferous,,8,1900-01-01 00:00:00.000,1900-01-01 00:00:00.000,1900-01-01 00:00:00.000,1900-01-01 00:00:00.000,Y,410
*,OUT182.1,Fabricate pipe sections-Metaliferous,,4,1900-01-01 00:00:00.000,1900-01-01 00:00:00.000,1900-01-01 00:00:00.000,1900-01-01 00:00:00.000,Y,411
*,OUT184.1,Install steel structures- Metaliferous,,7,1900-01-01 00:00:00.000,1900-01-01 00:00:00.000,1900-01-01 00:00:00.000,1900-01-01 00:00:00.000,Y,412
*,OUT185.1,Assist with inspection- Metaliferous,,3,1900-01-01 00:00:00.000,1900-01-01 00:00:00.000,1900-01-01 00:00:00.000,1900-01-01 00:00:00.000,Y,413
*,OUT186.2,Assist with repairs and fabricate- Metaliferous,,2,1900-01-01 00:00:00.000,1900-01-01 00:00:00.000,1900-01-01 00:00:00.000,1900-01-01 00:00:00.000,Y,414
*,OUT187.1,Assisting with installing components and equipment- Metaliferous,,19,1900-01-01 00:00:00.000,1900-01-01 00:00:00.000,1900-01-01 00:00:00.000,1900-01-01 00:00:00.000,Y,415
*,OUT188.1,Assist with maintaining equipment- Metaliferous,,7,1900-01-01 00:00:00.000,1900-01-01 00:00:00.000,1900-01-01 00:00:00.000,1900-01-01 00:00:00.000,Y,416
*,OUT189,Use basic hand tools,,8,1900-01-01 00:00:00.000,1900-01-01 00:00:00.000,1900-01-01 00:00:00.000,1900-01-01 00:00:00.000,Y,417
*,OUT190.1,Repair equipment- Metaliferous 1,,4,1900-01-01 00:00:00.000,1900-01-01 00:00:00.000,1900-01-01 00:00:00.000,1900-01-01 00:00:00.000,Y,418
*,OUT191,Use basic hand tools,,16,1900-01-01 00:00:00.000,1900-01-01 00:00:00.000,1900-01-01 00:00:00.000,1900-01-01 00:00:00.000,Y,419
*,OUT192,Use basic machine tools,,6,1900-01-01 00:00:00.000,1900-01-01 00:00:00.000,1900-01-01 00:00:00.000,1900-01-01 00:00:00.000,Y,420
*,OUT193.1,Use electrical test instruments,,7,1900-01-01 00:00:00.000,1900-01-01 00:00:00.000,1900-01-01 00:00:00.000,1900-01-01 00:00:00.000,Y,421
*,OUT194.1,Explain electrical power supplies,,3,1900-01-01 00:00:00.000,1900-01-01 00:00:00.000,1900-01-01 00:00:00.000,1900-01-01 00:00:00.000,Y,422
*,OUT195.1,Select and use conductors and cables,,3,1900-01-01 00:00:00.000,1900-01-01 00:00:00.000,1900-01-01 00:00:00.000,1900-01-01 00:00:00.000,Y,423
*,OUT196,Explain and connect transformers,,3,1900-01-01 00:00:00.000,1900-01-01 00:00:00.000,1900-01-01 00:00:00.000,1900-01-01 00:00:00.000,Y,424
*,OUT198,Explain and wire electical circuits and eqpuipment,,3,1900-01-01 00:00:00.000,1900-01-01 00:00:00.000,1900-01-01 00:00:00.000,1900-01-01 00:00:00.000,Y,425
*,OUT199,Wire and test domestic circuits and equipment,,7,1900-01-01 00:00:00.000,1900-01-01 00:00:00.000,1900-01-01 00:00:00.000,1900-01-01 00:00:00.000,Y,426
*,OUT200,Connect single phase motors-c,,6,1900-01-01 00:00:00.000,1900-01-01 00:00:00.000,1900-01-01 00:00:00.000,1900-01-01 00:00:00.000,Y,427
*,OUT202,"Use identify, and test electronic components and construct circuits",,10,1900-01-01 00:00:00.000,1900-01-01 00:00:00.000,1900-01-01 00:00:00.000,1900-01-01 00:00:00.000,Y,428
*,OUT203,"Explain, wire and test 3-phase motor starters-c",,20,1900-01-01 00:00:00.000,1900-01-01 00:00:00.000,1900-01-01 00:00:00.000,1900-01-01 00:00:00.000,Y,429
*,OUT210.1,Construct hydraulic circuits-c,,6,1900-01-01 00:00:00.000,1900-01-01 00:00:00.000,1900-01-01 00:00:00.000,1900-01-01 00:00:00.000,Y,430
*,OUT211,Construct pneumatic circuits-c,,6,1900-01-01 00:00:00.000,1900-01-01 00:00:00.000,1900-01-01 00:00:00.000,1900-01-01 00:00:00.000,Y,431
*,OUT265,Use and maintain hand and power tools,,8,1900-01-01 00:00:00.000,1900-01-01 00:00:00.000,1900-01-01 00:00:00.000,1900-01-01 00:00:00.000,Y,432
*,OUT266,Use electrical test instruments-core,,6,1900-01-01 00:00:00.000,1900-01-01 00:00:00.000,1900-01-01 00:00:00.000,1900-01-01 00:00:00.000,Y,433
*,OUT267.1,Explain electrical power supplies-core,,3,1900-01-01 00:00:00.000,1900-01-01 00:00:00.000,1900-01-01 00:00:00.000,1900-01-01 00:00:00.000,Y,434
*,OUT268,Selext and use condactors and cables,,2,1900-01-01 00:00:00.000,1900-01-01 00:00:00.000,1900-01-01 00:00:00.000,1900-01-01 00:00:00.000,Y,435
*,OUT269,Explain and connect transformers-core,,3,1900-01-01 00:00:00.000,1900-01-01 00:00:00.000,1900-01-01 00:00:00.000,1900-01-01 00:00:00.000,Y,436
*,OUT270,Explain and wire electrical circuits and equipment-core,,4,1900-01-01 00:00:00.000,1900-01-01 00:00:00.000,1900-01-01 00:00:00.000,1900-01-01 00:00:00.000,Y,437
*,OUT271,Wire and test domestic circuits and appliances-core,,10,1900-01-01 00:00:00.000,1900-01-01 00:00:00.000,1900-01-01 00:00:00.000,1900-01-01 00:00:00.000,Y,438
*,OUT272,Connect single phase motors-core,,6,1900-01-01 00:00:00.000,1900-01-01 00:00:00.000,1900-01-01 00:00:00.000,1900-01-01 00:00:00.000,Y,439
*,OUT273,Connect energy meters-core,,5,1900-01-01 00:00:00.000,1900-01-01 00:00:00.000,1900-01-01 00:00:00.000,1900-01-01 00:00:00.000,Y,440
*,OUT274.1,"Explain, wire and test 3-phase motor starters-core",,30,1900-01-01 00:00:00.000,1900-01-01 00:00:00.000,1900-01-01 00:00:00.000,1900-01-01 00:00:00.000,Y,441
*,OUT275,Wire and explain DC machines-core,,3,1900-01-01 00:00:00.000,1900-01-01 00:00:00.000,1900-01-01 00:00:00.000,1900-01-01 00:00:00.000,Y,442
*,OUT276.1,"Use, identify, and test electronic components and construct circuits-core",,12,1900-01-01 00:00:00.000,1900-01-01 00:00:00.000,1900-01-01 00:00:00.000,1900-01-01 00:00:00.000,Y,443
*,OUT277,Fault find circuit-core,,4,1900-01-01 00:00:00.000,1900-01-01 00:00:00.000,1900-01-01 00:00:00.000,1900-01-01 00:00:00.000,Y,444
*,OUT278,"Explain, overhaul and test electrical motors-core",,3,1900-01-01 00:00:00.000,1900-01-01 00:00:00.000,1900-01-01 00:00:00.000,1900-01-01 00:00:00.000,Y,445
*,OUT279,Workplace and society in general-core,,12,1900-01-01 00:00:00.000,1900-01-01 00:00:00.000,1900-01-01 00:00:00.000,1900-01-01 00:00:00.000,Y,446
*,OUT280.1,"Install, join and test cables-Metalliferous",,8,1900-01-01 00:00:00.000,1900-01-01 00:00:00.000,1900-01-01 00:00:00.000,1900-01-01 00:00:00.000,Y,447
*,OUT281,Install telephones-Metalliferous,,4,1900-01-01 00:00:00.000,1900-01-01 00:00:00.000,1900-01-01 00:00:00.000,1900-01-01 00:00:00.000,Y,448
*,OUT282,Check and maintain battery locos-Metalliferous,,15,1900-01-01 00:00:00.000,1900-01-01 00:00:00.000,1900-01-01 00:00:00.000,1900-01-01 00:00:00.000,Y,449
*,OUT283.1,"Connect, maintain and test transformers-Metalliferous",,4,1900-01-01 00:00:00.000,1900-01-01 00:00:00.000,1900-01-01 00:00:00.000,1900-01-01 00:00:00.000,Y,450
*,OUT284,Service overhead cranes-Metalliferous,,2,1900-01-01 00:00:00.000,1900-01-01 00:00:00.000,1900-01-01 00:00:00.000,1900-01-01 00:00:00.000,Y,451
*,OUT285,Maintain main sub-station-Metalliferous,,4,1900-01-01 00:00:00.000,1900-01-01 00:00:00.000,1900-01-01 00:00:00.000,1900-01-01 00:00:00.000,Y,452
*,OUT286,Overhaul a contractor-Metalliferous,,2,1900-01-01 00:00:00.000,1900-01-01 00:00:00.000,1900-01-01 00:00:00.000,1900-01-01 00:00:00.000,Y,453
*,OUT287.1,"Repair, fault find and maintain electrical installations-Metalliferous",,5,1900-01-01 00:00:00.000,1900-01-01 00:00:00.000,1900-01-01 00:00:00.000,1900-01-01 00:00:00.000,Y,454
*,OUT288,"Repair, fault find and maintain domestic appliances-Metalliferous",,8,1900-01-01 00:00:00.000,1900-01-01 00:00:00.000,1900-01-01 00:00:00.000,1900-01-01 00:00:00.000,Y,455
*,OUT289,Fault find and repair telephones-Metalliferous,,3,1900-01-01 00:00:00.000,1900-01-01 00:00:00.000,1900-01-01 00:00:00.000,1900-01-01 00:00:00.000,Y,456
*,OUT290.1,Repair AC motors-Metalliferous 1,,4,1900-01-01 00:00:00.000,1900-01-01 00:00:00.000,1900-01-01 00:00:00.000,1900-01-01 00:00:00.000,Y,457
*,OUT291.1,Repair DC motors-Metalliferous,,3,1900-01-01 00:00:00.000,1900-01-01 00:00:00.000,1900-01-01 00:00:00.000,1900-01-01 00:00:00.000,Y,458
*,OUT292,Maintain flameproof equipment,,0,2016-01-01 00:00:00.000,2019-12-31 00:00:00.000,2020-12-31 00:00:00.000,1900-01-01 00:00:00.000,Y,459
*,OUT293,Use and maintain hand tools/g.i,,10,1900-01-01 00:00:00.000,1900-01-01 00:00:00.000,1900-01-01 00:00:00.000,1900-01-01 00:00:00.000,Y,460
*,OUT294,Apply safety and interpret drawings/g.i,,10,1900-01-01 00:00:00.000,1900-01-01 00:00:00.000,1900-01-01 00:00:00.000,1900-01-01 00:00:00.000,Y,461
*,OUT295,Connect and utilise applicable equipment/g.i,,31,1900-01-01 00:00:00.000,1900-01-01 00:00:00.000,1900-01-01 00:00:00.000,1900-01-01 00:00:00.000,Y,462
*,OUT296,"Identify and test electronic components, and construct and fault find electronic circuits",,32,1900-01-01 00:00:00.000,1900-01-01 00:00:00.000,1900-01-01 00:00:00.000,1900-01-01 00:00:00.000,Y,463
*,OUT297,"Explain and apply various principles, functions and operations in a process control enviroment",,30,1900-01-01 00:00:00.000,1900-01-01 00:00:00.000,1900-01-01 00:00:00.000,1900-01-01 00:00:00.000,Y,464
*,OUT298,"Connect, install, test, calibrate and maintain various process control and measuring devices and equipment/g.i",,32,1900-01-01 00:00:00.000,1900-01-01 00:00:00.000,1900-01-01 00:00:00.000,1900-01-01 00:00:00.000,Y,465
*,OUT299,Workplace and society in general/g.i,,0,1900-01-01 00:00:00.000,1900-01-01 00:00:00.000,1900-01-01 00:00:00.000,1900-01-01 00:00:00.000,Y,466
*,PDF,Maintain fuel systems,,2,1900-01-01 00:00:00.000,1900-01-01 00:00:00.000,1900-01-01 00:00:00.000,1900-01-01 00:00:00.000,Y,467
*,OUT322,Maintain engines,,6,1900-01-01 00:00:00.000,1900-01-01 00:00:00.000,1900-01-01 00:00:00.000,1900-01-01 00:00:00.000,Y,468
*,OUT334,Jack up vehicle and make safe,,2,1900-01-01 00:00:00.000,1900-01-01 00:00:00.000,1900-01-01 00:00:00.000,1900-01-01 00:00:00.000,Y,469
*,OUT335,Lock -out procedures,,1,1900-01-01 00:00:00.000,1900-01-01 00:00:00.000,1900-01-01 00:00:00.000,1900-01-01 00:00:00.000,Y,470
*,OUT344.3,Repair drive train components,,2,1900-01-01 00:00:00.000,1900-01-01 00:00:00.000,1900-01-01 00:00:00.000,1900-01-01 00:00:00.000,Y,471
*,OUT345.3,Repair steering components,,1,1900-01-01 00:00:00.000,1900-01-01 00:00:00.000,1900-01-01 00:00:00.000,1900-01-01 00:00:00.000,Y,472
*,OUT348,Construct and analyse hydraulic systems,,6,1900-01-01 00:00:00.000,1900-01-01 00:00:00.000,1900-01-01 00:00:00.000,1900-01-01 00:00:00.000,Y,473
*,OUT374.1,Fabricate steel structures-Opencast,,12,1900-01-01 00:00:00.000,1900-01-01 00:00:00.000,1900-01-01 00:00:00.000,1900-01-01 00:00:00.000,Y,474
*,OUT378.1,Assist with installation- Opencast,,11,1900-01-01 00:00:00.000,1900-01-01 00:00:00.000,1900-01-01 00:00:00.000,1900-01-01 00:00:00.000,Y,475
*,OUT432,Fault find hydraulic and pneumatic systems,,13,1900-01-01 00:00:00.000,1900-01-01 00:00:00.000,1900-01-01 00:00:00.000,1900-01-01 00:00:00.000,Y,476
*,OUT512.1,Install and align drive systems-opencast,,3,1900-01-01 00:00:00.000,1900-01-01 00:00:00.000,1900-01-01 00:00:00.000,1900-01-01 00:00:00.000,Y,477
*,OUT521.1,Maintain valves-opencast,,4,1900-01-01 00:00:00.000,1900-01-01 00:00:00.000,1900-01-01 00:00:00.000,1900-01-01 00:00:00.000,Y,478
*,OUT523.1,Maintain brake systems,,2,1900-01-01 00:00:00.000,1900-01-01 00:00:00.000,1900-01-01 00:00:00.000,1900-01-01 00:00:00.000,Y,479
*,OUT525.1,Maintain crushers-opencsat,,3,1900-01-01 00:00:00.000,1900-01-01 00:00:00.000,1900-01-01 00:00:00.000,1900-01-01 00:00:00.000,Y,480
*,OUT526.1,Maintain and overhaul gearboxes-opencast,,2,1900-01-01 00:00:00.000,1900-01-01 00:00:00.000,1900-01-01 00:00:00.000,1900-01-01 00:00:00.000,Y,481
*,OUT527,Maintain hydraulic anad pneumatic systems-opencast,,10,1900-01-01 00:00:00.000,1900-01-01 00:00:00.000,1900-01-01 00:00:00.000,1900-01-01 00:00:00.000,Y,482
*,OUT529.1,Maintain belt conveyor systems-opencast,,5,1900-01-01 00:00:00.000,1900-01-01 00:00:00.000,1900-01-01 00:00:00.000,1900-01-01 00:00:00.000,Y,483
*,OUT532.4,Maintain and replace bearings-opencast,,4,1900-01-01 00:00:00.000,1900-01-01 00:00:00.000,1900-01-01 00:00:00.000,1900-01-01 00:00:00.000,Y,484
*,OUT534.4,Maintain air receivers-opencsat,,2,1900-01-01 00:00:00.000,1900-01-01 00:00:00.000,1900-01-01 00:00:00.000,1900-01-01 00:00:00.000,Y,485
*,OUT537,Daily section checks-opencast,,2,1900-01-01 00:00:00.000,1900-01-01 00:00:00.000,1900-01-01 00:00:00.000,1900-01-01 00:00:00.000,Y,486
*,OUT649,Maintain workshop machinery,,2,1900-01-01 00:00:00.000,1900-01-01 00:00:00.000,1900-01-01 00:00:00.000,1900-01-01 00:00:00.000,Y,487
*,"252344",Neutralize solution for final processing,,3,1900-01-01 00:00:00.000,1900-01-01 00:00:00.000,1900-01-01 00:00:00.000,1900-01-01 00:00:00.000,Y,488
*,"252328",Load uranium slurry from a bulk storage facility into a tanker,,4,1900-01-01 00:00:00.000,1900-01-01 00:00:00.000,1900-01-01 00:00:00.000,1900-01-01 00:00:00.000,Y,489
*,"254401",Control water quality in a cooling system,,6,1900-01-01 00:00:00.000,1900-01-01 00:00:00.000,1900-01-01 00:00:00.000,1900-01-01 00:00:00.000,Y,490
*,"243650",Handle waste material in a metallurgical plant,,4,1900-01-01 00:00:00.000,1900-01-01 00:00:00.000,1900-01-01 00:00:00.000,1900-01-01 00:00:00.000,Y,491
*,"252307",Separate material by means of an electrostatic separator,,3,1900-01-01 00:00:00.000,1900-01-01 00:00:00.000,1900-01-01 00:00:00.000,1900-01-01 00:00:00.000,Y,492
*,"252302",Handle inorganic reagents safely in a metallurgical plant,,6,1900-01-01 00:00:00.000,1900-01-01 00:00:00.000,1900-01-01 00:00:00.000,1900-01-01 00:00:00.000,Y,493
*,"116511",Carry out basic first aid treatment in the work place,,1,1900-01-01 00:00:00.000,1900-01-01 00:00:00.000,1900-01-01 00:00:00.000,1900-01-01 00:00:00.000,Y,494
*,"110382",Determine the calorific value of a substance.,,5,1900-01-01 00:00:00.000,1900-01-01 00:00:00.000,1900-01-01 00:00:00.000,1900-01-01 00:00:00.000,Y,495
*,"110431",Determine the presence of bacteria in samples.,,3,1900-01-01 00:00:00.000,1900-01-01 00:00:00.000,1900-01-01 00:00:00.000,1900-01-01 00:00:00.000,Y,496
*,"110388",Quantify analyte concentrations in prepared samples by High Performance Liquid Chromatography [HPLC].,,13,1900-01-01 00:00:00.000,1900-01-01 00:00:00.000,1900-01-01 00:00:00.000,1900-01-01 00:00:00.000,Y,497
*,"110464",Monitor the quality system in the laboratory.,,8,1900-01-01 00:00:00.000,1900-01-01 00:00:00.000,1900-01-01 00:00:00.000,1900-01-01 00:00:00.000,Y,498
*,"110425",Demonstrate knowledge required to effectively monitor water quality,,4,1900-01-01 00:00:00.000,1900-01-01 00:00:00.000,1900-01-01 00:00:00.000,1900-01-01 00:00:00.000,Y,499
*,"12469",Read and respond to a range of texts types,,6,1900-01-01 00:00:00.000,1900-01-01 00:00:00.000,1900-01-01 00:00:00.000,1900-01-01 00:00:00.000,Y,500
*,"12470",Write for a variety of different purposes,,6,2004-02-25 00:00:00.000,2007-02-25 00:00:00.000,2004-02-25 00:00:00.000,1900-01-01 00:00:00.000,Y,501
*,"7507",Demonstrate an understanding of the concept of science,,2,2004-02-19 00:00:00.000,2007-02-19 00:00:00.000,2004-02-19 00:00:00.000,1900-01-01 00:00:00.000,Y,502
*,"14110",Demonstrate an understanding of fundamental concepts and principles in the natural sciences,,5,2004-02-19 00:00:00.000,2007-02-19 00:00:00.000,2004-02-19 00:00:00.000,1900-01-01 00:00:00.000,Y,503
*,"14111",Demonstrate an understanding of how scientific skills and knowledge could contribute to sustainable use of resources,,2,2004-02-19 00:00:00.000,2007-02-19 00:00:00.000,2004-02-19 00:00:00.000,1900-01-01 00:00:00.000,Y,504
*,"7513",Assess the impact of scientific innovation on quality of life,,3,2004-02-19 00:00:00.000,2007-02-19 00:00:00.000,2004-02-19 00:00:00.000,1900-01-01 00:00:00.000,Y,505
*,OUT657.1,Maintain Conveyor Belts - Open Cast,,7,2003-07-31 00:00:00.000,2006-07-31 00:00:00.000,2003-07-31 00:00:00.000,1900-01-01 00:00:00.000,Y,506
*,OUT658.1,Inspect Compressors - Open Cast,,3,2003-07-31 00:00:00.000,2006-07-31 00:00:00.000,2003-07-31 00:00:00.000,1900-01-01 00:00:00.000,Y,507
*,OUT659,Inspect and Maintain Fans - Open Cast,,8,1900-01-01 00:00:00.000,1900-01-01 00:00:00.000,1900-01-01 00:00:00.000,1900-01-01 00:00:00.000,Y,508
*,OUT660,Maintain Centre Burner,,2,2003-07-31 00:00:00.000,2006-07-31 00:00:00.000,2003-07-31 00:00:00.000,1900-01-01 00:00:00.000,Y,509
*,OUT661,Inspect Thickener,,1,2003-07-31 00:00:00.000,2006-07-31 00:00:00.000,2003-07-31 00:00:00.000,1900-01-01 00:00:00.000,Y,510
*,OUT663,Maintain Engines,,5,2003-07-31 00:00:00.000,2006-07-31 00:00:00.000,2003-07-31 00:00:00.000,1900-01-01 00:00:00.000,Y,511
*,OUT664,Maintain Auto-Electrical Systems,,1,2003-07-31 00:00:00.000,2006-07-31 00:00:00.000,2003-07-31 00:00:00.000,1900-01-01 00:00:00.000,Y,512
*,OUT665.1,Maintain a Vehicle,,9,2003-07-31 00:00:00.000,2006-07-31 00:00:00.000,2003-07-31 00:00:00.000,1900-01-01 00:00:00.000,Y,513
*,OUT666,Repair Engines,,1,2003-07-31 00:00:00.000,2006-07-31 00:00:00.000,2003-07-31 00:00:00.000,1900-01-01 00:00:00.000,Y,514
*,OUT667,Fault Find Auto Electrical,,1,2003-07-31 00:00:00.000,2006-07-31 00:00:00.000,2003-07-31 00:00:00.000,1900-01-01 00:00:00.000,Y,515
*,OUT668.1,Maintain Conveyor Belt - Open Cast,,7,2003-07-31 00:00:00.000,2006-07-31 00:00:00.000,2003-07-31 00:00:00.000,1900-01-01 00:00:00.000,Y,516
*,OUT669,Maintain and Repace Bearings - Open Cast,,4,2003-07-31 00:00:00.000,2006-07-31 00:00:00.000,2003-07-31 00:00:00.000,1900-01-01 00:00:00.000,Y,517
*,OUT670,Maintain Equipment - Open Cast,,3,2003-08-12 00:00:00.000,2006-08-12 00:00:00.000,2003-08-12 00:00:00.000,1900-01-01 00:00:00.000,Y,518
*,OUT671,Repair Equipment - Open Cast,,4,2003-08-12 00:00:00.000,2006-08-12 00:00:00.000,2003-08-12 00:00:00.000,1900-01-01 00:00:00.000,Y,519
*,OUT672,Fabricate Bins / Hoppers - Open Cast,,4,2003-08-12 00:00:00.000,2006-08-12 00:00:00.000,2003-08-12 00:00:00.000,1900-01-01 00:00:00.000,Y,520
*,OUT673,Assist with installation,,1,2003-08-12 00:00:00.000,2006-08-12 00:00:00.000,2003-08-12 00:00:00.000,1900-01-01 00:00:00.000,Y,521
*,EnE-G094,"Carry out a detailed electrical inspection on a charging system for cap lamps, gas testing and monitoring devices ",,2,1900-01-01 00:00:00.000,1900-01-01 00:00:00.000,1900-01-01 00:00:00.000,1900-01-01 00:00:00.000,Y,522
*,EnE-G120,Fault find and repair remote control system on an underground continues miner,,3,1900-01-01 00:00:00.000,1900-01-01 00:00:00.000,1900-01-01 00:00:00.000,1900-01-01 00:00:00.000,Y,523
*,ODC,Overhaul a DC motor,,3,1900-01-01 00:00:00.000,1900-01-01 00:00:00.000,1900-01-01 00:00:00.000,1900-01-01 00:00:00.000,Y,524
*,EnE-G149,Terminate and connect a high voltage cable end,,2,1900-01-01 00:00:00.000,1900-01-01 00:00:00.000,1900-01-01 00:00:00.000,1900-01-01 00:00:00.000,Y,525
*,"119125",Conduct a preliminary investigation into workplace incidents and accidents,,4,2003-12-18 00:00:00.000,2006-12-18 00:00:00.000,2003-12-18 00:00:00.000,1900-01-01 00:00:00.000,Y,526
*,"119126",Analyse and solve problems,,4,1900-01-01 00:00:00.000,1900-01-01 00:00:00.000,1900-01-01 00:00:00.000,1900-01-01 00:00:00.000,Y,527
*,OUT674,Use Welding and Cutting Equipment - Fitting,,4,2004-02-16 00:00:00.000,2007-02-16 00:00:00.000,2004-02-16 00:00:00.000,1900-01-01 00:00:00.000,Y,528
*,"12449",Engage in a range of speaking and listening interactions,,6,2004-02-17 00:00:00.000,2007-02-17 00:00:00.000,2004-02-17 00:00:00.000,1900-01-01 00:00:00.000,Y,529
*,"8962",Maintain and adapt oral communication,,5,2004-02-17 00:00:00.000,2007-02-17 00:00:00.000,2004-02-17 00:00:00.000,1900-01-01 00:00:00.000,Y,530
*,"8963",Access and use information from texts,,5,2004-02-17 00:00:00.000,2007-02-17 00:00:00.000,2004-02-17 00:00:00.000,1900-01-01 00:00:00.000,Y,531
*,"8964",Write for a defined context,,5,2004-02-17 00:00:00.000,2007-02-17 00:00:00.000,2004-02-17 00:00:00.000,1900-01-01 00:00:00.000,Y,532
*,"8968",Accommodate audience and context needs in oral communication,,5,2004-10-13 00:00:00.000,2006-02-09 00:00:00.000,2007-02-09 00:00:00.000,1900-01-01 00:00:00.000,Y,533
*,"8969",Interpret and use information from texts,,5,2004-02-17 00:00:00.000,2007-02-17 00:00:00.000,2004-02-17 00:00:00.000,1900-01-01 00:00:00.000,Y,534
*,"8970",Write texts for a range of communicative contexts,,5,2004-02-17 00:00:00.000,2007-02-17 00:00:00.000,2004-02-17 00:00:00.000,1900-01-01 00:00:00.000,Y,535
*,"8974",Engage in sustained oral communication and evaluate spoken texts,,5,2004-02-17 00:00:00.000,2007-02-17 00:00:00.000,2004-02-17 00:00:00.000,1900-01-01 00:00:00.000,Y,536
*,"8975","Read,analyse and respond to a variety of texts",,5,2004-02-17 00:00:00.000,2007-02-17 00:00:00.000,2004-02-17 00:00:00.000,1900-01-01 00:00:00.000,Y,537
*,"8976",Write for a wide range of contexts,,5,2004-02-17 00:00:00.000,2007-02-17 00:00:00.000,2004-02-17 00:00:00.000,1900-01-01 00:00:00.000,Y,538
*,"8972",Interpret a variety of literary texts,,5,2004-02-17 00:00:00.000,2007-02-17 00:00:00.000,2004-02-17 00:00:00.000,1900-01-01 00:00:00.000,Y,539
*,"8973",Use language and communication in occupational learning programmes,,5,2004-02-17 00:00:00.000,2007-02-17 00:00:00.000,2004-02-17 00:00:00.000,1900-01-01 00:00:00.000,Y,540
*,"8979",Use language and communication in occupational learning programmes,,5,2004-02-18 00:00:00.000,2007-02-18 00:00:00.000,2004-02-18 00:00:00.000,1900-01-01 00:00:00.000,Y,541
*,"12153",Use the writing process to compose texts required in the business environment,,5,2004-02-18 00:00:00.000,2007-02-18 00:00:00.000,2004-02-18 00:00:00.000,1900-01-01 00:00:00.000,Y,542
*,"7515",Debate ethical issues arising from advaces in the natural sciences,,2,2004-02-19 00:00:00.000,2007-02-19 00:00:00.000,2004-02-19 00:00:00.000,1900-01-01 00:00:00.000,Y,543
*,"12442","Demonstrate understanding of rational and irrational numbers,and number systems,with the context of relevant calculations",,3,2004-02-19 00:00:00.000,2007-02-19 00:00:00.000,2004-02-19 00:00:00.000,1900-01-01 00:00:00.000,Y,544
*,"7469",Use mathematics to investigate and monitor the financial aspects of personal and community life,,2,2004-02-19 00:00:00.000,2007-02-19 00:00:00.000,2004-02-19 00:00:00.000,1900-01-01 00:00:00.000,Y,545
*,"9007",Work with a range of patterns and functions and solve problems,,5,2004-02-19 00:00:00.000,2007-02-19 00:00:00.000,2004-02-19 00:00:00.000,1900-01-01 00:00:00.000,Y,546
*,"12444","Measure,estimate and calculate physical quantities and explore,describe and represent geometrical relationships in 2 dimensions in different life or workplace contexts",,3,2004-02-19 00:00:00.000,2007-02-19 00:00:00.000,2004-02-19 00:00:00.000,1900-01-01 00:00:00.000,Y,547
*,"9010",Demonstrate an understanding of the use of different number bases and measurement units and an awareness of error in the context of relevant calculations,,2,2004-02-19 00:00:00.000,2007-02-19 00:00:00.000,2004-02-19 00:00:00.000,1900-01-01 00:00:00.000,Y,548
*,"7468","Use mathematics to investigate and monitor the financial aspects of personal and business, national and international issues",,6,2004-02-19 00:00:00.000,2007-02-19 00:00:00.000,2004-02-19 00:00:00.000,1900-01-01 00:00:00.000,Y,549
*,"9012",Investigate life and work related problems using data and probabilities,,5,2004-02-19 00:00:00.000,2007-02-19 00:00:00.000,2004-02-19 00:00:00.000,1900-01-01 00:00:00.000,Y,550
*,"12417","Measure, estimate, calculate physical quantities, explore, describe and represent, interpret, justify geometrical relationships in 2 & 3-dimensional space relevant to the life or workplace of the comm ",,4,2004-02-19 00:00:00.000,2007-02-19 00:00:00.000,2004-02-19 00:00:00.000,1900-01-01 00:00:00.000,Y,551
*,"9009",Apply basic knowledge of statistics and probability to influence the use of data and procedures in order to investigate life-related problems,,3,2004-02-24 00:00:00.000,2007-02-24 00:00:00.000,2004-02-24 00:00:00.000,1900-01-01 00:00:00.000,Y,552
*,"7456","Use mathematics to investigate and monitor the financial aspects of personal,business and national issues",,5,2004-02-25 00:00:00.000,2007-02-25 00:00:00.000,2004-02-25 00:00:00.000,1900-01-01 00:00:00.000,Y,553
*,"9015",Apply knowledge of statistics and probability to critically interrogate and effectively communicate findings on life-related problems,,6,2004-02-25 00:00:00.000,2007-02-25 00:00:00.000,2004-02-25 00:00:00.000,1900-01-01 00:00:00.000,Y,554
*,"9016","Represent, analyse and calculate shape and motion in 2-and 3- dimensional space in different contexts.",,4,2004-02-25 00:00:00.000,2007-02-25 00:00:00.000,2004-02-25 00:00:00.000,1900-01-01 00:00:00.000,Y,555
*,"115505",Handle cyanide safely in a laboratory.,,4,2004-03-31 00:00:00.000,2007-03-31 00:00:00.000,2004-03-31 00:00:00.000,1900-01-01 00:00:00.000,Y,556
*,"252320",Generate steam by means of an electric boiler,,2,2004-04-08 00:00:00.000,2007-04-08 00:00:00.000,2004-04-08 00:00:00.000,1900-01-01 00:00:00.000,Y,557
*,"252336",Dispatch bullion,,4,2004-04-15 00:00:00.000,2007-04-15 00:00:00.000,2004-04-15 00:00:00.000,1900-01-01 00:00:00.000,Y,558
*,"252284",Classify material in a metallurgical plant,,6,2004-04-15 00:00:00.000,2007-04-15 00:00:00.000,2004-04-15 00:00:00.000,1900-01-01 00:00:00.000,Y,559
*,"253016",Read and understand a mine plan  and transfer recorded information onto  mine plans.,,4,2004-04-15 00:00:00.000,2007-04-15 00:00:00.000,2004-04-15 00:00:00.000,1900-01-01 00:00:00.000,Y,560
*,"116669",Conduct an issue-based risk assessment within an underground workplace,,2,2004-09-08 00:00:00.000,2007-09-08 00:00:00.000,2004-09-08 00:00:00.000,1900-01-01 00:00:00.000,Y,561
*,"13914",Conduct a formal meeting,,3,1900-01-01 00:00:00.000,1900-01-01 00:00:00.000,1900-01-01 00:00:00.000,1900-01-01 00:00:00.000,Y,562
*,"13915","Demonstrate knowledge and understanding of HIV/AIDS in a workplace, and its effects on a business sub-sector, own organisation and a specific workplace",,4,1900-01-01 00:00:00.000,1900-01-01 00:00:00.000,1900-01-01 00:00:00.000,1900-01-01 00:00:00.000,Y,563
*,"13916",Identify and keep records that are the responsibility of a junior manager,,4,1900-01-01 00:00:00.000,1900-01-01 00:00:00.000,1900-01-01 00:00:00.000,1900-01-01 00:00:00.000,Y,564
*,"13917",Indicate the role of a team leader ensuring that a team meets an organisation''s standards,,6,1900-01-01 00:00:00.000,1900-01-01 00:00:00.000,1900-01-01 00:00:00.000,1900-01-01 00:00:00.000,Y,565
*,"13911",Induct a new member into  a team,,3,1900-01-01 00:00:00.000,1900-01-01 00:00:00.000,1900-01-01 00:00:00.000,1900-01-01 00:00:00.000,Y,566
*,"13919",Investigate and explain the structure of selected workplace or organisation,,10,1900-01-01 00:00:00.000,1900-01-01 00:00:00.000,1900-01-01 00:00:00.000,1900-01-01 00:00:00.000,Y,567
*,"13918",Manage time and the work process in a business environment,,4,1900-01-01 00:00:00.000,1900-01-01 00:00:00.000,1900-01-01 00:00:00.000,1900-01-01 00:00:00.000,Y,568
*,"13943",Analyse new developments reported in the media that could impact on a business sector or industry,,10,1900-01-01 00:00:00.000,1900-01-01 00:00:00.000,1900-01-01 00:00:00.000,1900-01-01 00:00:00.000,Y,569
*,"13949",Apply technical knowledge and skill to align business unit performance to business goals,,5,1900-01-01 00:00:00.000,1900-01-01 00:00:00.000,1900-01-01 00:00:00.000,1900-01-01 00:00:00.000,Y,570
*,"13941",Apply the budget function in a business unit,,5,1900-01-01 00:00:00.000,1900-01-01 00:00:00.000,1900-01-01 00:00:00.000,1900-01-01 00:00:00.000,Y,571
*,"13953",Apply the principles of situational leadership to a business unit,,5,1900-01-01 00:00:00.000,1900-01-01 00:00:00.000,1900-01-01 00:00:00.000,1900-01-01 00:00:00.000,Y,572
*,"13942",Demonstrate a basic understanding of the role of a business strategy in managing a small business or a business unit,,5,1900-01-01 00:00:00.000,1900-01-01 00:00:00.000,1900-01-01 00:00:00.000,1900-01-01 00:00:00.000,Y,573
*,"13952",Demonstrate basic understanding of the Primary labour legislation that impacts on a business unit,,8,1900-01-01 00:00:00.000,1900-01-01 00:00:00.000,1900-01-01 00:00:00.000,1900-01-01 00:00:00.000,Y,574
*,"14667",Describe and apply the management functions of an organization,,10,2009-09-20 00:00:00.000,2012-09-20 00:00:00.000,2013-09-20 00:00:00.000,1900-01-01 00:00:00.000,Y,575
*,"13945",Describe and apply the management of stock and fixed assets in a business unit,,2,1900-01-01 00:00:00.000,1900-01-01 00:00:00.000,1900-01-01 00:00:00.000,1900-01-01 00:00:00.000,Y,576
*,"13944",Describe the relationship of junior management to the general management function,,5,1900-01-01 00:00:00.000,1900-01-01 00:00:00.000,1900-01-01 00:00:00.000,1900-01-01 00:00:00.000,Y,577
*,"114589",Manage time productively,,4,1900-01-01 00:00:00.000,1900-01-01 00:00:00.000,1900-01-01 00:00:00.000,1900-01-01 00:00:00.000,Y,578
*,"13947",Motivate a team,,6,1900-01-01 00:00:00.000,1900-01-01 00:00:00.000,1900-01-01 00:00:00.000,1900-01-01 00:00:00.000,Y,579
*,"13948",Negotiate an agreement or deal in an authentic work situation,,5,1900-01-01 00:00:00.000,1900-01-01 00:00:00.000,1900-01-01 00:00:00.000,1900-01-01 00:00:00.000,Y,580
*,"8555",Contribute to information distribution regarding HIV/AIDS in the workplace,,4,1900-01-01 00:00:00.000,1900-01-01 00:00:00.000,1900-01-01 00:00:00.000,1900-01-01 00:00:00.000,Y,581
*,"9532",Demonstrate basic knowledge of computers,,6,1900-01-01 00:00:00.000,1900-01-01 00:00:00.000,1900-01-01 00:00:00.000,1900-01-01 00:00:00.000,Y,582
*,"7567",Produce and use spreadsheets for business,,5,1900-01-01 00:00:00.000,1900-01-01 00:00:00.000,1900-01-01 00:00:00.000,1900-01-01 00:00:00.000,Y,583
*,"7575",Produce presentation documents for business,,5,1900-01-01 00:00:00.000,1900-01-01 00:00:00.000,1900-01-01 00:00:00.000,1900-01-01 00:00:00.000,Y,584
*,"7570",Produce word processing documents for business,,5,1900-01-01 00:00:00.000,1900-01-01 00:00:00.000,1900-01-01 00:00:00.000,1900-01-01 00:00:00.000,Y,585
*,"115391",Demonstrate an understanding of the principles of the internet and the world-wide-web,,3,1900-01-01 00:00:00.000,1900-01-01 00:00:00.000,1900-01-01 00:00:00.000,1900-01-01 00:00:00.000,Y,586
*,"12484",Perform basic fire fighting ,,4,1900-01-01 00:00:00.000,1900-01-01 00:00:00.000,1900-01-01 00:00:00.000,1900-01-01 00:00:00.000,Y,587
*,"12481",Sling loads ,,4,1900-01-01 00:00:00.000,1900-01-01 00:00:00.000,1900-01-01 00:00:00.000,1900-01-01 00:00:00.000,Y,588
*,"12463",Understand and deal with HIV/AIDS,,3,1900-01-01 00:00:00.000,1900-01-01 00:00:00.000,1900-01-01 00:00:00.000,1900-01-01 00:00:00.000,Y,589
*,"7480",Demonstrate understanding of rational and irrational numbers and number systems,,3,1900-01-01 00:00:00.000,1900-01-01 00:00:00.000,1900-01-01 00:00:00.000,1900-01-01 00:00:00.000,Y,590
*,"9008","Identify, describe, compare, classify, explore shape and motion in 2-and 3-dimensional shapes in different contexts",,3,1900-01-01 00:00:00.000,1900-01-01 00:00:00.000,1900-01-01 00:00:00.000,1900-01-01 00:00:00.000,Y,591
*,"9013","Measure, estimate and calculate physical quantities and explore, describe and represent, interpret and justify geometrical relationships in two and three dimensional space relevant to the life or workplace of the community ",,4,2007-02-20 00:00:00.000,2010-02-20 00:00:00.000,2011-02-20 00:00:00.000,1900-01-01 00:00:00.000,Y,592
*,"14339",Identify and maintain the types of records required in own industry and understand why it is necessary to create evidence and maintain confidentiality,,5,1900-01-01 00:00:00.000,1900-01-01 00:00:00.000,1900-01-01 00:00:00.000,1900-01-01 00:00:00.000,Y,593
*,"110009",Manage administration records,,4,1900-01-01 00:00:00.000,1900-01-01 00:00:00.000,1900-01-01 00:00:00.000,1900-01-01 00:00:00.000,Y,594
*,"13505","Apply concepts of lines of sight, views and perspectives to make sense of and decisions relative to the world around us",,1,1900-01-01 00:00:00.000,1900-01-01 00:00:00.000,1900-01-01 00:00:00.000,1900-01-01 00:00:00.000,Y,595
*,"13503",Construct and use tables and graphs to organise and interpret,,3,1900-01-01 00:00:00.000,1900-01-01 00:00:00.000,1900-01-01 00:00:00.000,1900-01-01 00:00:00.000,Y,596
*,"13507",Demonstrate knowledge of the development of mathematics as a human activity and use an alternate number system to the base ten system,,1,1900-01-01 00:00:00.000,1900-01-01 00:00:00.000,1900-01-01 00:00:00.000,1900-01-01 00:00:00.000,Y,597
*,"14080",Describe routes and locations and draw simple maps,,1,1900-01-01 00:00:00.000,1900-01-01 00:00:00.000,1900-01-01 00:00:00.000,1900-01-01 00:00:00.000,Y,598
*,"13504","Describe, interpret and represent the environment geometrically",,2,1900-01-01 00:00:00.000,1900-01-01 00:00:00.000,1900-01-01 00:00:00.000,1900-01-01 00:00:00.000,Y,599
*,"13502","Measure and solve problems involving measurement, perimeter, area, volume and time",,2,1900-01-01 00:00:00.000,1900-01-01 00:00:00.000,1900-01-01 00:00:00.000,1900-01-01 00:00:00.000,Y,600
*,"14069","Solve realistic and abstract problems involving changing quantities by addition, substraction, multiplication and division",,3,1900-01-01 00:00:00.000,1900-01-01 00:00:00.000,1900-01-01 00:00:00.000,1900-01-01 00:00:00.000,Y,601
*,"13497",Solve realistic and abstract problems involving grouping and equal and proportional sharing,,1,1900-01-01 00:00:00.000,1900-01-01 00:00:00.000,1900-01-01 00:00:00.000,1900-01-01 00:00:00.000,Y,602
*,"13498",Solve realistic and abstract problems involving rates and direct and indirect proportion,,1,1900-01-01 00:00:00.000,1900-01-01 00:00:00.000,1900-01-01 00:00:00.000,1900-01-01 00:00:00.000,Y,603
*,"13496",Solve realistic and abstract problems involving the comparison of quantities in terms of differences and ratios,,1,1900-01-01 00:00:00.000,1900-01-01 00:00:00.000,1900-01-01 00:00:00.000,1900-01-01 00:00:00.000,Y,604
*,"13499",Solve realistic and abstract problems involving variables and non-symbolic form,,1,1900-01-01 00:00:00.000,1900-01-01 00:00:00.000,1900-01-01 00:00:00.000,1900-01-01 00:00:00.000,Y,605
*,"13500",Work with a variety of number patterns and relationships,,1,1900-01-01 00:00:00.000,1900-01-01 00:00:00.000,1900-01-01 00:00:00.000,1900-01-01 00:00:00.000,Y,606
*,"13501","Work with fractions, percentages and decimals to describe situations and calculate change situations",,2,1900-01-01 00:00:00.000,1900-01-01 00:00:00.000,1900-01-01 00:00:00.000,1900-01-01 00:00:00.000,Y,607
*,"12456",Explain and use organisational procedures,,6,1900-01-01 00:00:00.000,1900-01-01 00:00:00.000,1900-01-01 00:00:00.000,1900-01-01 00:00:00.000,Y,608
*,"9530",Manage work time effectively,,3,1900-01-01 00:00:00.000,1900-01-01 00:00:00.000,1900-01-01 00:00:00.000,1900-01-01 00:00:00.000,Y,609
*,"9533",Use communication skills to handle and resolve conflict in the workplace,,3,1900-01-01 00:00:00.000,1900-01-01 00:00:00.000,1900-01-01 00:00:00.000,1900-01-01 00:00:00.000,Y,610
*,"12219","Select, use and care for engineering power tools",,6,1900-01-01 00:00:00.000,1900-01-01 00:00:00.000,1900-01-01 00:00:00.000,1900-01-01 00:00:00.000,Y,611
*,"12466",Explain the individual''s role within business,,4,1900-01-01 00:00:00.000,1900-01-01 00:00:00.000,1900-01-01 00:00:00.000,1900-01-01 00:00:00.000,Y,612
*,"12483",Perform basic first aid,,4,1900-01-01 00:00:00.000,1900-01-01 00:00:00.000,1900-01-01 00:00:00.000,1900-01-01 00:00:00.000,Y,613
*,"12215","Read, interpret and produce basic engineering drawings",,6,1900-01-01 00:00:00.000,1900-01-01 00:00:00.000,1900-01-01 00:00:00.000,1900-01-01 00:00:00.000,Y,614
*,"13912",Apply knowledge of self and team in order to develop a plan to enhance team performance,,5,1900-01-01 00:00:00.000,1900-01-01 00:00:00.000,1900-01-01 00:00:00.000,1900-01-01 00:00:00.000,Y,615
*,"12548",Demonstrate ability to use and interpret texts that apply to the role and responsibilities of trustees of Group Retirement Funds,,4,1900-01-01 00:00:00.000,1900-01-01 00:00:00.000,1900-01-01 00:00:00.000,1900-01-01 00:00:00.000,Y,616
*,"12547","Demonstrate knowledge and understanding of the role, functions and duties of trustees of Group Retirement Funds",,3,1900-01-01 00:00:00.000,1900-01-01 00:00:00.000,1900-01-01 00:00:00.000,1900-01-01 00:00:00.000,Y,617
*,"12550",Demonstrate knowledge and understanding of the role functions and responsibilities of Trustees of Medical Schemes,,4,1900-01-01 00:00:00.000,1900-01-01 00:00:00.000,1900-01-01 00:00:00.000,1900-01-01 00:00:00.000,Y,618
*,"10377",Demonstrate knowledge and insight into the Compensation for Occupational Injury and Disease Act 130 of 1993 (COIDA),,2,1900-01-01 00:00:00.000,1900-01-01 00:00:00.000,1900-01-01 00:00:00.000,1900-01-01 00:00:00.000,Y,619
*,"10378","Demonstrate knowledge and understanding of the statutory cover afforded under the Compensation for Occupational Injuries and Diseases Act, 130 of 1993, as amended (COIDA) ",,3,1900-01-01 00:00:00.000,1900-01-01 00:00:00.000,1900-01-01 00:00:00.000,1900-01-01 00:00:00.000,Y,620
*,"9528",Communicate with clients,,3,1900-01-01 00:00:00.000,1900-01-01 00:00:00.000,1900-01-01 00:00:00.000,1900-01-01 00:00:00.000,Y,621
*,"12488",Complete feasibility and commissioning reports,,3,1900-01-01 00:00:00.000,1900-01-01 00:00:00.000,1900-01-01 00:00:00.000,1900-01-01 00:00:00.000,Y,622
*,OUT680,Maintain Auto-electrical systems - Diesel,,3,2005-04-11 00:00:00.000,2008-04-11 00:00:00.000,2005-04-11 00:00:00.000,1900-01-01 00:00:00.000,Y,623
*,OUT681,Maintain and repair fuel systems,,9,2005-04-11 00:00:00.000,2008-04-11 00:00:00.000,2005-04-11 00:00:00.000,1900-01-01 00:00:00.000,Y,624
*,"253428",Replace components on an apron feeder,,2,1900-01-01 00:00:00.000,1900-01-01 00:00:00.000,1900-01-01 00:00:00.000,1900-01-01 00:00:00.000,Y,625
*,"8967",Use language and communication in occupational learning programmes,,5,1900-01-01 00:00:00.000,1900-01-01 00:00:00.000,1900-01-01 00:00:00.000,1900-01-01 00:00:00.000,Y,626
*,"13940",Demonstrate knowledge and application of ethical conduct in a business environment,,4,1900-01-01 00:00:00.000,1900-01-01 00:00:00.000,1900-01-01 00:00:00.000,1900-01-01 00:00:00.000,Y,627
*,"116937",Use a Graphical User Interface (GUI)-based spreadsheet application to create and edit spreadsheet,,4,1900-01-01 00:00:00.000,1900-01-01 00:00:00.000,1900-01-01 00:00:00.000,1900-01-01 00:00:00.000,Y,628
*,"117924",Use a Graphical User Interface (GUI)-based word processor to format documents.,,5,1900-01-01 00:00:00.000,1900-01-01 00:00:00.000,1900-01-01 00:00:00.000,1900-01-01 00:00:00.000,Y,629
*,"116930",Use a Graphical User Interface (GUI)-based presentation application to enhance presentation appearance,,5,1900-01-01 00:00:00.000,1900-01-01 00:00:00.000,1900-01-01 00:00:00.000,1900-01-01 00:00:00.000,Y,630
*,"116940",Use a Graphical User Interface (GUI)-based spreadsheet application to solve a given problem,,6,1900-01-01 00:00:00.000,1900-01-01 00:00:00.000,1900-01-01 00:00:00.000,1900-01-01 00:00:00.000,Y,631
*,"119078",Use a GUI-based word processor to enhance a document through the use of tables and columns,,5,1900-01-01 00:00:00.000,1900-01-01 00:00:00.000,1900-01-01 00:00:00.000,1900-01-01 00:00:00.000,Y,632
*,"10388",Interpret basic financial statements,,4,1900-01-01 00:00:00.000,1900-01-01 00:00:00.000,1900-01-01 00:00:00.000,1900-01-01 00:00:00.000,Y,633
*,"117927",Use Graphical User Interface (GUI)-based database application to solve given problem,,6,1900-01-01 00:00:00.000,1900-01-01 00:00:00.000,1900-01-01 00:00:00.000,1900-01-01 00:00:00.000,Y,634
*,"115753",Conduct outcomes-based assessment,,15,1900-01-01 00:00:00.000,1900-01-01 00:00:00.000,1900-01-01 00:00:00.000,1900-01-01 00:00:00.000,Y,635
*,"117877",Perform one-to-one training on the job,,4,1900-01-01 00:00:00.000,1900-01-01 00:00:00.000,1900-01-01 00:00:00.000,1900-01-01 00:00:00.000,Y,636
*,"13954",Manage risk in own work/business environment,,5,1900-01-01 00:00:00.000,1900-01-01 00:00:00.000,1900-01-01 00:00:00.000,1900-01-01 00:00:00.000,Y,637
*,"13950",Apply technical knowledge and skill on order to manage risk in occupational health and occupational hygiene,,8,1900-01-01 00:00:00.000,1900-01-01 00:00:00.000,1900-01-01 00:00:00.000,1900-01-01 00:00:00.000,Y,638
*,"10385",Develop a business plan for small business,,5,1900-01-01 00:00:00.000,1900-01-01 00:00:00.000,1900-01-01 00:00:00.000,1900-01-01 00:00:00.000,Y,639
*,"10386",Investigate the possibilities of establishing and running a small business enterprise (SMME),,3,1900-01-01 00:00:00.000,1900-01-01 00:00:00.000,1900-01-01 00:00:00.000,1900-01-01 00:00:00.000,Y,640
*,"120406",Demonstrate an understanding of mining strategies applicable to the different depth environments,,6,1900-01-01 00:00:00.000,1900-01-01 00:00:00.000,1900-01-01 00:00:00.000,1900-01-01 00:00:00.000,Y,641
*,"117416",Comply with good housekeeping practices,,4,1900-01-01 00:00:00.000,1900-01-01 00:00:00.000,1900-01-01 00:00:00.000,1900-01-01 00:00:00.000,Y,642
*,"119968",Demonstrate understanding of the role and the processes of a laboratory involved in a mining operation,,3,1900-01-01 00:00:00.000,1900-01-01 00:00:00.000,1900-01-01 00:00:00.000,1900-01-01 00:00:00.000,Y,643
*,"253362",Replace the screw of a screw type feeder,,2,1900-01-01 00:00:00.000,1900-01-01 00:00:00.000,1900-01-01 00:00:00.000,1900-01-01 00:00:00.000,Y,644
*,"253378",Overhaul a drum type separator,,3,1900-01-01 00:00:00.000,1900-01-01 00:00:00.000,1900-01-01 00:00:00.000,1900-01-01 00:00:00.000,Y,645
*,"253354",Repair a grate cooler,,3,1900-01-01 00:00:00.000,1900-01-01 00:00:00.000,1900-01-01 00:00:00.000,1900-01-01 00:00:00.000,Y,646
*,"253445",Replace an air slide,,3,1900-01-01 00:00:00.000,1900-01-01 00:00:00.000,1900-01-01 00:00:00.000,1900-01-01 00:00:00.000,Y,647
*,"253436",Replace a pneumatic drill on a clay gun,,2,1900-01-01 00:00:00.000,1900-01-01 00:00:00.000,1900-01-01 00:00:00.000,1900-01-01 00:00:00.000,Y,648
*,"253364",Replace a rotary valve on a bag house,,2,1900-01-01 00:00:00.000,1900-01-01 00:00:00.000,1900-01-01 00:00:00.000,1900-01-01 00:00:00.000,Y,649
*,"253421",Make up a spare strand section for a pig cast machine,,2,1900-01-01 00:00:00.000,1900-01-01 00:00:00.000,1900-01-01 00:00:00.000,1900-01-01 00:00:00.000,Y,650
*,"9836",Inspect and clean an electrical enclosure,,2,1900-01-01 00:00:00.000,1900-01-01 00:00:00.000,1900-01-01 00:00:00.000,1900-01-01 00:00:00.000,Y,651
*,"10619",Isolate and restore power to an electrical system,,2,1900-01-01 00:00:00.000,1900-01-01 00:00:00.000,1900-01-01 00:00:00.000,1900-01-01 00:00:00.000,Y,652
*,"10740",Lift and move a load using a mechanical lifting equipment,,7,1900-01-01 00:00:00.000,1900-01-01 00:00:00.000,1900-01-01 00:00:00.000,1900-01-01 00:00:00.000,Y,653
*,"10648",Replace an electrical cable,,3,1900-01-01 00:00:00.000,1900-01-01 00:00:00.000,1900-01-01 00:00:00.000,1900-01-01 00:00:00.000,Y,654
*,"120496",Provide risk-based primary emergency care/first aid in the workplace,,5,2010-06-30 00:00:00.000,2013-06-30 00:00:00.000,2014-06-30 00:00:00.000,1900-01-01 00:00:00.000,Y,655
*,"13224","Monitor the application of safety, health and environmental protection procedures",,4,1900-01-01 00:00:00.000,1900-01-01 00:00:00.000,1900-01-01 00:00:00.000,1900-01-01 00:00:00.000,Y,656
*,"13223","Apply safety, health and environmental protection procedures",,6,1900-01-01 00:00:00.000,1900-01-01 00:00:00.000,1900-01-01 00:00:00.000,1900-01-01 00:00:00.000,Y,657
*,"113909",Coach a team member in order to enhance individual performance in work environment,,5,1900-01-01 00:00:00.000,1900-01-01 00:00:00.000,1900-01-01 00:00:00.000,1900-01-01 00:00:00.000,Y,658
*,"10981",Supervise work unit to achieve work unit objective (individual and teams),,12,1900-01-01 00:00:00.000,1900-01-01 00:00:00.000,1900-01-01 00:00:00.000,1900-01-01 00:00:00.000,Y,659
*,"11596",Construct a Cartesian coordinate grid and plot points,,4,1900-01-01 00:00:00.000,1900-01-01 00:00:00.000,1900-01-01 00:00:00.000,1900-01-01 00:00:00.000,Y,660
*,"11637",Set up a survey instrument to take observations,,4,1900-01-01 00:00:00.000,1900-01-01 00:00:00.000,1900-01-01 00:00:00.000,1900-01-01 00:00:00.000,Y,661
*,"119472",Accommodate audience and context needs in oral/signed communication,,5,1900-01-01 00:00:00.000,1900-01-01 00:00:00.000,1900-01-01 00:00:00.000,1900-01-01 00:00:00.000,Y,662
*,"119465",Write/present/sign texts for a range of communicative contexts,,5,1900-01-01 00:00:00.000,1900-01-01 00:00:00.000,1900-01-01 00:00:00.000,1900-01-01 00:00:00.000,Y,663
*,"119462",Engage in sustained oral/signed communication and evaluate spoken/signed texts,,5,1900-01-01 00:00:00.000,1900-01-01 00:00:00.000,1900-01-01 00:00:00.000,1900-01-01 00:00:00.000,Y,664
*,"119469","Read/view, analyse and respond to a variety of texts",,5,1900-01-01 00:00:00.000,1900-01-01 00:00:00.000,1900-01-01 00:00:00.000,1900-01-01 00:00:00.000,Y,665
*,"11459",Write/present/sign for a wide range of contexts,,5,1900-01-01 00:00:00.000,1900-01-01 00:00:00.000,1900-01-01 00:00:00.000,1900-01-01 00:00:00.000,Y,666
*,"119471",Use language and communication in occupational learning programmes (Version2),,5,1900-01-01 00:00:00.000,1900-01-01 00:00:00.000,1900-01-01 00:00:00.000,1900-01-01 00:00:00.000,Y,667
*,"119457",Interpret and use information from texts (Version 2),,5,1900-01-01 00:00:00.000,1900-01-01 00:00:00.000,1900-01-01 00:00:00.000,1900-01-01 00:00:00.000,Y,668
*,"119458",Analyse and respond to a variety of literary texts (Version 2),,5,1900-01-01 00:00:00.000,1900-01-01 00:00:00.000,1900-01-01 00:00:00.000,1900-01-01 00:00:00.000,Y,669
*,"116932",Operate a personal computer system (Version 2),,3,1900-01-01 00:00:00.000,1900-01-01 00:00:00.000,1900-01-01 00:00:00.000,1900-01-01 00:00:00.000,Y,670
*,"119467",Use language and communication in occupational learning programmes (Version 2),,5,1900-01-01 00:00:00.000,1900-01-01 00:00:00.000,1900-01-01 00:00:00.000,1900-01-01 00:00:00.000,Y,671
*,"244445",Follow basic health and safety practices underground (version 2),,5,2012-07-01 00:00:00.000,2015-07-01 00:00:00.000,2016-07-01 00:00:00.000,1900-01-01 00:00:00.000,Y,672
*,"244487",Break big rocks by means of blasting (version 2),,3,1900-01-01 00:00:00.000,1900-01-01 00:00:00.000,1900-01-01 00:00:00.000,1900-01-01 00:00:00.000,Y,673
*,"244465",Blast a misfired hole in a development end during the shift (version 2),,3,1900-01-01 00:00:00.000,1900-01-01 00:00:00.000,1900-01-01 00:00:00.000,1900-01-01 00:00:00.000,Y,674
*,"244422",Demonstrate knowledge of the most common harmful gases and vapours (version 2),,4,2012-07-01 00:00:00.000,2015-07-01 00:00:00.000,2016-07-01 00:00:00.000,1900-01-01 00:00:00.000,Y,675
*,"244400",Describe the basic environmental factors of ventilating an underground working place to ensure a safe and healthy working environment (version 2),,3,1900-01-01 00:00:00.000,1900-01-01 00:00:00.000,1900-01-01 00:00:00.000,1900-01-01 00:00:00.000,Y,676
*,"244432","Measure, plot and interpret area measurements within an underground workplace (version 2)",,3,1900-01-01 00:00:00.000,1900-01-01 00:00:00.000,1900-01-01 00:00:00.000,1900-01-01 00:00:00.000,Y,677
*,"244421",Time a blasting round or circuit on a face where conventional fuses are used ,,3,2012-07-01 00:00:00.000,2015-07-01 00:00:00.000,2016-07-01 00:00:00.000,1900-01-01 00:00:00.000,Y,678
*,"244365",Lift and move material and equipment by means of a forklift (version2),,3,2012-07-01 00:00:00.000,2015-07-01 00:00:00.000,2016-07-01 00:00:00.000,1900-01-01 00:00:00.000,Y,679
*,"12476","Select, use and care for engineering measuring equipment",,4,1900-01-01 00:00:00.000,1900-01-01 00:00:00.000,1900-01-01 00:00:00.000,1900-01-01 00:00:00.000,Y,680
*,"119915",Manage personal expenditure,,3,1900-01-01 00:00:00.000,1900-01-01 00:00:00.000,1900-01-01 00:00:00.000,1900-01-01 00:00:00.000,Y,681
*,"119463",Access and use information from texts (version 2),,5,2006-02-09 00:00:00.000,2009-02-09 00:00:00.000,2010-02-09 00:00:00.000,1900-01-01 00:00:00.000,Y,682
*,"252347",Convey material by means of a bucket elevator,,4,1900-01-01 00:00:00.000,1900-01-01 00:00:00.000,1900-01-01 00:00:00.000,1900-01-01 00:00:00.000,Y,683
*,"252345",Transport material by means of a screw conveyor,,4,1900-01-01 00:00:00.000,1900-01-01 00:00:00.000,1900-01-01 00:00:00.000,1900-01-01 00:00:00.000,Y,684
*,"252283",Filter liquids from solids in a metallurgical plant,,7,1900-01-01 00:00:00.000,1900-01-01 00:00:00.000,1900-01-01 00:00:00.000,1900-01-01 00:00:00.000,Y,685
*,"252335","Handle acids safely in a metallurgical plant (Merged, 11096, 11097, 11098)",,6,1900-01-01 00:00:00.000,1900-01-01 00:00:00.000,1900-01-01 00:00:00.000,1900-01-01 00:00:00.000,Y,686
*,"252327","Make up inorganic reagents in a metallurgical plant (Merged, 15286, 15301, 15306, 15287)",,6,1900-01-01 00:00:00.000,1900-01-01 00:00:00.000,1900-01-01 00:00:00.000,1900-01-01 00:00:00.000,Y,687
*,"252314","Filter material in a metallurgical plant (Merged, 10577, 10578, 9568, 110402, 110184)",,7,1900-01-01 00:00:00.000,1900-01-01 00:00:00.000,1900-01-01 00:00:00.000,1900-01-01 00:00:00.000,Y,688
*,"252312","Make up organic reagents in a metallurgical plant (Merged, 15326, 110385, 110170, 15323)",,6,1900-01-01 00:00:00.000,1900-01-01 00:00:00.000,1900-01-01 00:00:00.000,1900-01-01 00:00:00.000,Y,689
*,"252286","Handle organic reagents safely in a metallurgical plant (Merged, 11101, 11106, 11102)",,6,1900-01-01 00:00:00.000,1900-01-01 00:00:00.000,1900-01-01 00:00:00.000,1900-01-01 00:00:00.000,Y,690
*,"252285","Deposit tailings onto a tailings dam (Merged, 9728, 9729, 9730)",,7,1900-01-01 00:00:00.000,1900-01-01 00:00:00.000,1900-01-01 00:00:00.000,1900-01-01 00:00:00.000,Y,691
*,"13221",Perform routine maintenance,,8,1900-01-01 00:00:00.000,1900-01-01 00:00:00.000,1900-01-01 00:00:00.000,1900-01-01 00:00:00.000,Y,692
*,"119459",write/present/sign for a wide range of contexts,,5,1900-01-01 00:00:00.000,1900-01-01 00:00:00.000,1900-01-01 00:00:00.000,1900-01-01 00:00:00.000,Y,693
*,"13277",Maintain lubricating systems,,4,1900-01-01 00:00:00.000,1900-01-01 00:00:00.000,1900-01-01 00:00:00.000,1900-01-01 00:00:00.000,Y,694
*,"13279",Maintain dynamic seals in machines and / or equipment,,3,1900-01-01 00:00:00.000,1900-01-01 00:00:00.000,1900-01-01 00:00:00.000,1900-01-01 00:00:00.000,Y,695
*,"13280",Maintain direct drives,,6,1900-01-01 00:00:00.000,1900-01-01 00:00:00.000,1900-01-01 00:00:00.000,1900-01-01 00:00:00.000,Y,696
*,"13283",Maintain bearings in machines and equipment,,8,1900-01-01 00:00:00.000,1900-01-01 00:00:00.000,1900-01-01 00:00:00.000,1900-01-01 00:00:00.000,Y,697
*,"13282",Maintain brakes and clutches,,6,1900-01-01 00:00:00.000,1900-01-01 00:00:00.000,1900-01-01 00:00:00.000,1900-01-01 00:00:00.000,Y,698
*,"246451",Perform gravimetric analyses,,6,1900-01-01 00:00:00.000,1900-01-01 00:00:00.000,1900-01-01 00:00:00.000,1900-01-01 00:00:00.000,Y,699
*,"246436",Understand and apply chemical principles,,8,1900-01-01 00:00:00.000,1900-01-01 00:00:00.000,1900-01-01 00:00:00.000,1900-01-01 00:00:00.000,Y,700
*,"246438",Understand and apply principles of physics,,8,1900-01-01 00:00:00.000,1900-01-01 00:00:00.000,1900-01-01 00:00:00.000,1900-01-01 00:00:00.000,Y,701
*,"246435",analyse samples quantitatively by means of X-ray spectometry(Aztec),,5,1900-01-01 00:00:00.000,1900-01-01 00:00:00.000,1900-01-01 00:00:00.000,1900-01-01 00:00:00.000,Y,702
*,"246462",Determine the microbiological quality of samples in a laboratory enviroment,,8,1900-01-01 00:00:00.000,1900-01-01 00:00:00.000,1900-01-01 00:00:00.000,1900-01-01 00:00:00.000,Y,703
*,"246456",Perform intermediate non-instrumental physical testing in a laboratory environment,,8,1900-01-01 00:00:00.000,1900-01-01 00:00:00.000,1900-01-01 00:00:00.000,1900-01-01 00:00:00.000,Y,704
*,"246439",Quantify analyte concentrations in prepared samples by means of hydride generation atomic absorption spectoscopy,,11,2009-02-20 00:00:00.000,2012-02-20 00:00:00.000,2013-02-20 00:00:00.000,1900-01-01 00:00:00.000,Y,705
*,"246432",Quantify concetrations in samples by means of Infrared Spectrometry,,3,2008-11-20 00:00:00.000,2011-11-20 00:00:00.000,2012-11-20 00:00:00.000,1900-01-01 00:00:00.000,Y,706
*,"246434",Validate and verify analytical data,,6,1900-01-01 00:00:00.000,1900-01-01 00:00:00.000,1900-01-01 00:00:00.000,1900-01-01 00:00:00.000,Y,707
*,"10631","Demonstrate an understanding of manufacturing, principles, methodologies and processes",,7,1900-01-01 00:00:00.000,1900-01-01 00:00:00.000,1900-01-01 00:00:00.000,1900-01-01 00:00:00.000,Y,708
*,"246444",Reduce samples or materials by means of hydrogen reduction,,3,1900-01-01 00:00:00.000,1900-01-01 00:00:00.000,1900-01-01 00:00:00.000,1900-01-01 00:00:00.000,Y,709
*,"119567",Perform basic life support and first aid procedures  ,,5,2010-06-30 00:00:00.000,2013-06-30 00:00:00.000,2014-06-30 00:00:00.000,1900-01-01 00:00:00.000,Y,710
*,"119744","Select, use and care for engineering hand tools",,8,1900-01-01 00:00:00.000,1900-01-01 00:00:00.000,1900-01-01 00:00:00.000,1900-01-01 00:00:00.000,Y,711
*,"243784",Demonstrate an understanding of the South African mining and mineral sector processes,,5,1900-01-01 00:00:00.000,1900-01-01 00:00:00.000,1900-01-01 00:00:00.000,1900-01-01 00:00:00.000,Y,712
*,"119454",Maintain and adapt oral/ signed communication,,5,1900-01-01 00:00:00.000,1900-01-01 00:00:00.000,1900-01-01 00:00:00.000,1900-01-01 00:00:00.000,Y,713
*,"13327",Diagnose and repair faults on equipment and machinery during production/operation,,24,1900-01-01 00:00:00.000,1900-01-01 00:00:00.000,1900-01-01 00:00:00.000,1900-01-01 00:00:00.000,Y,714
*,"119460",Use language and communication in occupational learning programmes.,,5,1900-01-01 00:00:00.000,1900-01-01 00:00:00.000,1900-01-01 00:00:00.000,1900-01-01 00:00:00.000,Y,715
*,"119456",Write/present for a defined context,,5,1900-01-01 00:00:00.000,1900-01-01 00:00:00.000,1900-01-01 00:00:00.000,1900-01-01 00:00:00.000,Y,716
*,"12769",Perform elementary acid-base titrations and interpret the results,,6,1900-01-01 00:00:00.000,1900-01-01 00:00:00.000,1900-01-01 00:00:00.000,1900-01-01 00:00:00.000,Y,717
*,"13216",Maintain indirect drives,,6,1900-01-01 00:00:00.000,1900-01-01 00:00:00.000,1900-01-01 00:00:00.000,1900-01-01 00:00:00.000,Y,718
*,"13219",Maintain static seals in machines and or equipment,,4,1900-01-01 00:00:00.000,1900-01-01 00:00:00.000,1900-01-01 00:00:00.000,1900-01-01 00:00:00.000,Y,719
*,"9881",Mark off basic regular engineering shapes,,6,1900-01-01 00:00:00.000,1900-01-01 00:00:00.000,1900-01-01 00:00:00.000,1900-01-01 00:00:00.000,Y,720
*,"13214",Operate and monitor a drilling machine to produce simple components,,6,1900-01-01 00:00:00.000,1900-01-01 00:00:00.000,1900-01-01 00:00:00.000,1900-01-01 00:00:00.000,Y,721
*,"13297",Grind tools and drill bits,,4,1900-01-01 00:00:00.000,1900-01-01 00:00:00.000,1900-01-01 00:00:00.000,1900-01-01 00:00:00.000,Y,722
*,"13328",Refurbish machines,,24,1900-01-01 00:00:00.000,1900-01-01 00:00:00.000,1900-01-01 00:00:00.000,1900-01-01 00:00:00.000,Y,723
*,"13303",Align machines and equipment using laser technology,,6,1900-01-01 00:00:00.000,1900-01-01 00:00:00.000,1900-01-01 00:00:00.000,1900-01-01 00:00:00.000,Y,724
*,"13325",Maintain gearboxes,,10,2007-05-15 00:00:00.000,2010-05-15 00:00:00.000,2011-05-15 00:00:00.000,1900-01-01 00:00:00.000,Y,725
*,"13326",Maintain safety valves,,4,1900-01-01 00:00:00.000,1900-01-01 00:00:00.000,1900-01-01 00:00:00.000,1900-01-01 00:00:00.000,Y,726
*,"243067",Cut materials using the oxy-fuel gas cutting process(manual cutting),,6,1900-01-01 00:00:00.000,1900-01-01 00:00:00.000,1900-01-01 00:00:00.000,1900-01-01 00:00:00.000,Y,727
*,"243063",Weld carbon steel work-pieces using the shielded metal arc welding process in the down-hand position,,15,1900-01-01 00:00:00.000,1900-01-01 00:00:00.000,1900-01-01 00:00:00.000,1900-01-01 00:00:00.000,Y,728
*,"117867",Managing files in a Graphical User Interface (GUI) environment,,3,1900-01-01 00:00:00.000,1900-01-01 00:00:00.000,1900-01-01 00:00:00.000,1900-01-01 00:00:00.000,Y,729
*,"117902",Use generic functions in a Graphical User Interface(GUI) environment,,4,1900-01-01 00:00:00.000,1900-01-01 00:00:00.000,1900-01-01 00:00:00.000,1900-01-01 00:00:00.000,Y,730
*,"243069",Braze metals using the oxy-fuel brazing process,,6,1900-01-01 00:00:00.000,1900-01-01 00:00:00.000,1900-01-01 00:00:00.000,1900-01-01 00:00:00.000,Y,731
*,"116714","Lead a team, plan, allocate and assess their work",,4,1900-01-01 00:00:00.000,1900-01-01 00:00:00.000,1900-01-01 00:00:00.000,1900-01-01 00:00:00.000,Y,732
*,"252318",Demonstrate knowledge of the knowledge of the various activities related to the processing of minerals,,14,1900-01-01 00:00:00.000,1900-01-01 00:00:00.000,1900-01-01 00:00:00.000,1900-01-01 00:00:00.000,Y,733
*,"252315",Perform size separation in a metallurgical plant,,6,1900-01-01 00:00:00.000,1900-01-01 00:00:00.000,1900-01-01 00:00:00.000,1900-01-01 00:00:00.000,Y,734
*,"252282",Thicken slurry in a metallurgical plant,,4,1900-01-01 00:00:00.000,1900-01-01 00:00:00.000,1900-01-01 00:00:00.000,1900-01-01 00:00:00.000,Y,735
*,"252324",Transfer material by means of a belt conveyor,,4,1900-01-01 00:00:00.000,1900-01-01 00:00:00.000,1900-01-01 00:00:00.000,1900-01-01 00:00:00.000,Y,736
*,"252295",Transfer fluids by means of a pump,,3,1900-01-01 00:00:00.000,1900-01-01 00:00:00.000,1900-01-01 00:00:00.000,1900-01-01 00:00:00.000,Y,737
*,"252325",Hand sort material,,2,1900-01-01 00:00:00.000,1900-01-01 00:00:00.000,1900-01-01 00:00:00.000,1900-01-01 00:00:00.000,Y,738
*,"252313",Centrifuge a slurry in a metallurgical plant,,6,1900-01-01 00:00:00.000,1900-01-01 00:00:00.000,1900-01-01 00:00:00.000,1900-01-01 00:00:00.000,Y,739
*,"252351",Classify material by means of a winnower,,5,1900-01-01 00:00:00.000,1900-01-01 00:00:00.000,1900-01-01 00:00:00.000,1900-01-01 00:00:00.000,Y,740
*,"252329",Control the pH level in a metallurgical process,,4,1900-01-01 00:00:00.000,1900-01-01 00:00:00.000,1900-01-01 00:00:00.000,1900-01-01 00:00:00.000,Y,741
*,"252304",Control the water reticulation in a metallurgical process,,4,1900-01-01 00:00:00.000,1900-01-01 00:00:00.000,1900-01-01 00:00:00.000,1900-01-01 00:00:00.000,Y,742
*,"252306",control feed distribution by means of a mobile process,,2,1900-01-01 00:00:00.000,1900-01-01 00:00:00.000,1900-01-01 00:00:00.000,1900-01-01 00:00:00.000,Y,743
*,"252340",De-water material by means of de-watering screen,,2,1900-01-01 00:00:00.000,1900-01-01 00:00:00.000,1900-01-01 00:00:00.000,1900-01-01 00:00:00.000,Y,744
*,"252352",Load sulphic acid from a bulk storage facility into a tanker,,4,1900-01-01 00:00:00.000,1900-01-01 00:00:00.000,1900-01-01 00:00:00.000,1900-01-01 00:00:00.000,Y,745
*,"252309",Maintain steel ball load in a mill by means of a suspended magnetic  loading system,,3,2012-07-01 00:00:00.000,2015-07-01 00:00:00.000,2016-07-01 00:00:00.000,1900-01-01 00:00:00.000,Y,746
*,"252322",Off-acid from a tanker into a storage facility,,6,1900-01-01 00:00:00.000,1900-01-01 00:00:00.000,1900-01-01 00:00:00.000,1900-01-01 00:00:00.000,Y,747
*,"252316",Off-load an alkali into a storage facility,,6,1900-01-01 00:00:00.000,1900-01-01 00:00:00.000,1900-01-01 00:00:00.000,1900-01-01 00:00:00.000,Y,748
*,"252289",Off-load liquefied gas into a storage facility,,6,1900-01-01 00:00:00.000,1900-01-01 00:00:00.000,1900-01-01 00:00:00.000,1900-01-01 00:00:00.000,Y,749
*,"252317",off-load organic reagents into a storage facility,,6,1900-01-01 00:00:00.000,1900-01-01 00:00:00.000,1900-01-01 00:00:00.000,1900-01-01 00:00:00.000,Y,750
*,"252338",Perform minor mechanical maintenance on mertallurgical process equipment,,6,2018-07-01 00:00:00.000,2023-06-30 00:00:00.000,2024-06-30 00:00:00.000,1900-01-01 00:00:00.000,Y,751
*,"252331",Remove airbone dust by means of a bag filter,,3,1900-01-01 00:00:00.000,1900-01-01 00:00:00.000,1900-01-01 00:00:00.000,1900-01-01 00:00:00.000,Y,752
*,"252305",Remove ferromagnetic material from a belt conveyor by means of an over-belt magnet,,2,2012-07-01 00:00:00.000,2015-07-01 00:00:00.000,2016-07-01 00:00:00.000,1900-01-01 00:00:00.000,Y,753
*,"252298",Strip base metals from a titanium blanks in an electro-winning process,,4,1900-01-01 00:00:00.000,1900-01-01 00:00:00.000,1900-01-01 00:00:00.000,1900-01-01 00:00:00.000,Y,754
*,"252301",Separate material by means of a dry  high intensity magnetic separator,,3,1900-01-01 00:00:00.000,1900-01-01 00:00:00.000,1900-01-01 00:00:00.000,1900-01-01 00:00:00.000,Y,755
*,"254434",Control a blending and reclaiming process in a beneficiation plant,,4,1900-01-01 00:00:00.000,1900-01-01 00:00:00.000,1900-01-01 00:00:00.000,1900-01-01 00:00:00.000,Y,756
*,"254405",De-sliming material by means of a screen,,2,1900-01-01 00:00:00.000,1900-01-01 00:00:00.000,1900-01-01 00:00:00.000,1900-01-01 00:00:00.000,Y,757
*,"254400",Make-up a heavy medium suspension in a metallurgical plant ,,6,1900-01-01 00:00:00.000,1900-01-01 00:00:00.000,1900-01-01 00:00:00.000,1900-01-01 00:00:00.000,Y,758
*,"254414",Perform dense medium separation in a metallurgical plant,,7,2008-12-08 00:00:00.000,2011-12-08 00:00:00.000,2012-12-08 00:00:00.000,1900-01-01 00:00:00.000,Y,759
*,"254416",Reclaim material by means of a brigde-type reclaimer,,4,1900-01-01 00:00:00.000,1900-01-01 00:00:00.000,1900-01-01 00:00:00.000,1900-01-01 00:00:00.000,Y,760
*,"254402",reclaim material from tailings dam by means of high pressure monitoring,,3,1900-01-01 00:00:00.000,1900-01-01 00:00:00.000,1900-01-01 00:00:00.000,1900-01-01 00:00:00.000,Y,761
*,"254406",Recover diamonds by means of hand sorting,,6,1900-01-01 00:00:00.000,1900-01-01 00:00:00.000,1900-01-01 00:00:00.000,1900-01-01 00:00:00.000,Y,762
*,"242816",Conduct a structured meeting,,5,1900-01-01 00:00:00.000,1900-01-01 00:00:00.000,1900-01-01 00:00:00.000,1900-01-01 00:00:00.000,Y,763
*,"120372",Explain fundamentals of Project Management,,6,1900-01-01 00:00:00.000,1900-01-01 00:00:00.000,1900-01-01 00:00:00.000,1900-01-01 00:00:00.000,Y,764
*,"242824",Apply leadership concepts in the work context,,12,1900-01-01 00:00:00.000,1900-01-01 00:00:00.000,1900-01-01 00:00:00.000,1900-01-01 00:00:00.000,Y,765
*,"116938",Use a Graphical User Interface (GUI)- based word processor to create and edit documents.,,4,1900-01-01 00:00:00.000,1900-01-01 00:00:00.000,1900-01-01 00:00:00.000,1900-01-01 00:00:00.000,Y,766
*,"252330",control feed rate by means of a feeder (version 2),,2,1900-01-01 00:00:00.000,1900-01-01 00:00:00.000,1900-01-01 00:00:00.000,1900-01-01 00:00:00.000,Y,767
*,"252354",De -water material by means of a vibrating screen(version2),,2,1900-01-01 00:00:00.000,1900-01-01 00:00:00.000,1900-01-01 00:00:00.000,1900-01-01 00:00:00.000,Y,768
*,"252308",Peoduce briquettes from fine material (version2),,5,1900-01-01 00:00:00.000,1900-01-01 00:00:00.000,1900-01-01 00:00:00.000,1900-01-01 00:00:00.000,Y,769
*,"253440",Assemble mechanical components,,12,1900-01-01 00:00:00.000,1900-01-01 00:00:00.000,1900-01-01 00:00:00.000,1900-01-01 00:00:00.000,Y,770
*,"13220",keep the work area safe and productive.,,8,1900-01-01 00:00:00.000,1900-01-01 00:00:00.000,1900-01-01 00:00:00.000,1900-01-01 00:00:00.000,Y,771
*,"254357",  Bend a pipe by means of a hydraulic pipe bender. ,,2,1900-01-01 00:00:00.000,1900-01-01 00:00:00.000,1900-01-01 00:00:00.000,1900-01-01 00:00:00.000,Y,772
*,"253496",Cut srew threads and install threaded pipe systems,,4,1900-01-01 00:00:00.000,1900-01-01 00:00:00.000,1900-01-01 00:00:00.000,1900-01-01 00:00:00.000,Y,773
*,"253392",Maintain a conveyor belt installation,,6,1900-01-01 00:00:00.000,1900-01-01 00:00:00.000,1900-01-01 00:00:00.000,1900-01-01 00:00:00.000,Y,774
*,"253537",Overhaul the bogey of rolling stock,,2,1900-01-01 00:00:00.000,1900-01-01 00:00:00.000,1900-01-01 00:00:00.000,1900-01-01 00:00:00.000,Y,775
*,"253424",Repair a belt/chain type bucket elevator.,,4,1900-01-01 00:00:00.000,1900-01-01 00:00:00.000,1900-01-01 00:00:00.000,1900-01-01 00:00:00.000,Y,776
*,"253355",Repair a dredge,,4,1900-01-01 00:00:00.000,1900-01-01 00:00:00.000,1900-01-01 00:00:00.000,1900-01-01 00:00:00.000,Y,777
*,"254356",Repair a drum stacker,,5,1900-01-01 00:00:00.000,1900-01-01 00:00:00.000,1900-01-01 00:00:00.000,1900-01-01 00:00:00.000,Y,778
*,"253444",Repair a Rope/Hydraulic shovel,,4,1900-01-01 00:00:00.000,1900-01-01 00:00:00.000,1900-01-01 00:00:00.000,1900-01-01 00:00:00.000,Y,779
*,"253514",Repair  a rotary drill,,4,1900-01-01 00:00:00.000,1900-01-01 00:00:00.000,1900-01-01 00:00:00.000,1900-01-01 00:00:00.000,Y,780
*,"253534",Repair air driven track bound mechanical loaders.,,4,1900-01-01 00:00:00.000,1900-01-01 00:00:00.000,1900-01-01 00:00:00.000,1900-01-01 00:00:00.000,Y,781
*,"253441",Repair crushers,,4,1900-01-01 00:00:00.000,1900-01-01 00:00:00.000,1900-01-01 00:00:00.000,1900-01-01 00:00:00.000,Y,782
*,"253394",Repair double drum scraper winches,,6,1900-01-01 00:00:00.000,1900-01-01 00:00:00.000,1900-01-01 00:00:00.000,1900-01-01 00:00:00.000,Y,783
*,"253425",Repair internal combustion engines,,5,1900-01-01 00:00:00.000,1900-01-01 00:00:00.000,1900-01-01 00:00:00.000,1900-01-01 00:00:00.000,Y,784
*,"253437",Repair mechanical rock breakers,,4,1900-01-01 00:00:00.000,1900-01-01 00:00:00.000,1900-01-01 00:00:00.000,1900-01-01 00:00:00.000,Y,785
*,"253535",Repair mono rope winches,,3,1900-01-01 00:00:00.000,1900-01-01 00:00:00.000,1900-01-01 00:00:00.000,1900-01-01 00:00:00.000,Y,786
*,"253414",Repair screw type conveyors,,3,1900-01-01 00:00:00.000,1900-01-01 00:00:00.000,1900-01-01 00:00:00.000,1900-01-01 00:00:00.000,Y,787
*,"253427",Repair track driven earth moving equipment,,4,1900-01-01 00:00:00.000,1900-01-01 00:00:00.000,1900-01-01 00:00:00.000,1900-01-01 00:00:00.000,Y,788
*,"253435",Repair underground locomotives,,8,1900-01-01 00:00:00.000,1900-01-01 00:00:00.000,1900-01-01 00:00:00.000,1900-01-01 00:00:00.000,Y,789
*,"253431",Replace  a magnetic separator,,2,1900-01-01 00:00:00.000,1900-01-01 00:00:00.000,1900-01-01 00:00:00.000,1900-01-01 00:00:00.000,Y,790
*,"253360",Replace a mould wheel assembly on a pig cast machine strand,,2,1900-01-01 00:00:00.000,1900-01-01 00:00:00.000,1900-01-01 00:00:00.000,1900-01-01 00:00:00.000,Y,791
*,"253365",Replace components on a chairlift installation,,4,1900-01-01 00:00:00.000,1900-01-01 00:00:00.000,1900-01-01 00:00:00.000,1900-01-01 00:00:00.000,Y,792
*,"253416",Replace mechanical components on a vibrating screen,,4,1900-01-01 00:00:00.000,1900-01-01 00:00:00.000,1900-01-01 00:00:00.000,1900-01-01 00:00:00.000,Y,793
*,"9322",Work in a team,,3,1900-01-01 00:00:00.000,1900-01-01 00:00:00.000,1900-01-01 00:00:00.000,1900-01-01 00:00:00.000,Y,794
*,"253391",Maintain centrifugal pumps,,14,1900-01-01 00:00:00.000,1900-01-01 00:00:00.000,1900-01-01 00:00:00.000,1900-01-01 00:00:00.000,Y,795
*,"253497",Maintain positive displacement pumps,,10,1900-01-01 00:00:00.000,1900-01-01 00:00:00.000,1900-01-01 00:00:00.000,1900-01-01 00:00:00.000,Y,796
*,"253446",Overhaul pneumatic percussion drills,,4,1900-01-01 00:00:00.000,1900-01-01 00:00:00.000,1900-01-01 00:00:00.000,1900-01-01 00:00:00.000,Y,797
*,"253420",Repair a haul truck ,,5,1900-01-01 00:00:00.000,1900-01-01 00:00:00.000,1900-01-01 00:00:00.000,1900-01-01 00:00:00.000,Y,798
*,"253454",Repair blow tanks,,2,1900-01-01 00:00:00.000,1900-01-01 00:00:00.000,1900-01-01 00:00:00.000,1900-01-01 00:00:00.000,Y,799
*,"253380",Repair self-propelled mobile machines,,5,1900-01-01 00:00:00.000,1900-01-01 00:00:00.000,1900-01-01 00:00:00.000,1900-01-01 00:00:00.000,Y,800
*,"253426",Replace a hammer mill,,4,1900-01-01 00:00:00.000,1900-01-01 00:00:00.000,1900-01-01 00:00:00.000,1900-01-01 00:00:00.000,Y,801
*,"253432",Replace components on a dragline,,8,1900-01-01 00:00:00.000,1900-01-01 00:00:00.000,1900-01-01 00:00:00.000,1900-01-01 00:00:00.000,Y,802
*,"12477","Identify engineering materials, their characteristics and applications and common metal tests used in engineering.",,4,1900-01-01 00:00:00.000,1900-01-01 00:00:00.000,1900-01-01 00:00:00.000,1900-01-01 00:00:00.000,Y,803
*,"254355",Inspect and conduct routine maintenance on an overhead crane .(version 2),,2,1900-01-01 00:00:00.000,1900-01-01 00:00:00.000,1900-01-01 00:00:00.000,1900-01-01 00:00:00.000,Y,804
*,"253388",Maintain glass equipment,,5,1900-01-01 00:00:00.000,1900-01-01 00:00:00.000,1900-01-01 00:00:00.000,1900-01-01 00:00:00.000,Y,805
*,"253434",Maintain heat exchangers and pressure vessels,,8,1900-01-01 00:00:00.000,1900-01-01 00:00:00.000,1900-01-01 00:00:00.000,1900-01-01 00:00:00.000,Y,806
*,"253393",Overhaul a centrifuge(version 2),,7,1900-01-01 00:00:00.000,1900-01-01 00:00:00.000,1900-01-01 00:00:00.000,1900-01-01 00:00:00.000,Y,807
*,"253375",Overhaul compressors,,5,1900-01-01 00:00:00.000,1900-01-01 00:00:00.000,1900-01-01 00:00:00.000,1900-01-01 00:00:00.000,Y,808
*,"253386",Overhaul positive displacement pumps,,7,1900-01-01 00:00:00.000,1900-01-01 00:00:00.000,1900-01-01 00:00:00.000,1900-01-01 00:00:00.000,Y,809
*,"253377",Overhaul the wheel-end final drive assembly of a self-propelled mobile machine,,6,1900-01-01 00:00:00.000,1900-01-01 00:00:00.000,1900-01-01 00:00:00.000,1900-01-01 00:00:00.000,Y,810
*,"253384",Perform maintenance on winding plant.,,8,2012-06-30 00:00:00.000,2015-06-30 00:00:00.000,2016-06-30 00:00:00.000,1900-01-01 00:00:00.000,Y,811
*,"253447",Take samples and measurements on rotating machinery for condition monitoring purposes.,,5,1900-01-01 00:00:00.000,1900-01-01 00:00:00.000,1900-01-01 00:00:00.000,1900-01-01 00:00:00.000,Y,812
*,"253376",Overhaul centrifugal pumps.,,7,1900-01-01 00:00:00.000,1900-01-01 00:00:00.000,1900-01-01 00:00:00.000,1900-01-01 00:00:00.000,Y,813
*,"119466",Interpret a variety of literary texts(version 2),,5,1900-01-01 00:00:00.000,1900-01-01 00:00:00.000,1900-01-01 00:00:00.000,1900-01-01 00:00:00.000,Y,814
*,"13299",Commission assembly/machine,,8,1900-01-01 00:00:00.000,1900-01-01 00:00:00.000,1900-01-01 00:00:00.000,1900-01-01 00:00:00.000,Y,815
*,"253361",Maintain pneumatic systems,,8,1900-01-01 00:00:00.000,1900-01-01 00:00:00.000,1900-01-01 00:00:00.000,1900-01-01 00:00:00.000,Y,816
*,"253415",Maintain hydraulic systems,,8,1900-01-01 00:00:00.000,1900-01-01 00:00:00.000,1900-01-01 00:00:00.000,1900-01-01 00:00:00.000,Y,817
*,"253356",Inspect a safety detaching hook.,,2,1900-01-01 00:00:00.000,1900-01-01 00:00:00.000,1900-01-01 00:00:00.000,1900-01-01 00:00:00.000,Y,818
*,"253433",Repair bag palletisers.,,4,1900-01-01 00:00:00.000,1900-01-01 00:00:00.000,1900-01-01 00:00:00.000,1900-01-01 00:00:00.000,Y,819
*,"253385",Repair bag-applicator machines.,,5,1900-01-01 00:00:00.000,1900-01-01 00:00:00.000,1900-01-01 00:00:00.000,1900-01-01 00:00:00.000,Y,820
*,"253422",Repair boom type stackers.,,3,1900-01-01 00:00:00.000,1900-01-01 00:00:00.000,1900-01-01 00:00:00.000,1900-01-01 00:00:00.000,Y,821
*,"253395",Repair jig washers.,,4,1900-01-01 00:00:00.000,1900-01-01 00:00:00.000,1900-01-01 00:00:00.000,1900-01-01 00:00:00.000,Y,822
*,"253358",Repair material separating/classfying equipment.,,2,1900-01-01 00:00:00.000,1900-01-01 00:00:00.000,1900-01-01 00:00:00.000,1900-01-01 00:00:00.000,Y,823
*,"253874",Repail rail tracks,,2,1900-01-01 00:00:00.000,1900-01-01 00:00:00.000,1900-01-01 00:00:00.000,1900-01-01 00:00:00.000,Y,824
*,"253359",Repair shuttle cars,,5,1900-01-01 00:00:00.000,1900-01-01 00:00:00.000,1900-01-01 00:00:00.000,1900-01-01 00:00:00.000,Y,825
*,"253419",Replace components on a stage loader.,,3,1900-01-01 00:00:00.000,1900-01-01 00:00:00.000,1900-01-01 00:00:00.000,1900-01-01 00:00:00.000,Y,826
*,"253382",Maintain filter presses,,4,1900-01-01 00:00:00.000,1900-01-01 00:00:00.000,1900-01-01 00:00:00.000,1900-01-01 00:00:00.000,Y,827
*,"253383",Maintain glass lined equipment,,5,1900-01-01 00:00:00.000,1900-01-01 00:00:00.000,1900-01-01 00:00:00.000,1900-01-01 00:00:00.000,Y,828
*,"253439",Maintain valves.,,8,1900-01-01 00:00:00.000,1900-01-01 00:00:00.000,1900-01-01 00:00:00.000,1900-01-01 00:00:00.000,Y,829
*,"253418",Repair a rotary packer. (version 2),,2,1900-01-01 00:00:00.000,1900-01-01 00:00:00.000,1900-01-01 00:00:00.000,1900-01-01 00:00:00.000,Y,830
*,"253396",Repair a vacuum pump,,3,1900-01-01 00:00:00.000,1900-01-01 00:00:00.000,1900-01-01 00:00:00.000,1900-01-01 00:00:00.000,Y,831
*,"253438",Repair an electro filter.,,4,1900-01-01 00:00:00.000,1900-01-01 00:00:00.000,1900-01-01 00:00:00.000,1900-01-01 00:00:00.000,Y,832
*,"253379",Repair mechanised coal mining equipment,,9,1900-01-01 00:00:00.000,1900-01-01 00:00:00.000,1900-01-01 00:00:00.000,1900-01-01 00:00:00.000,Y,833
*,"253397",Repair rotary kilns,,7,1900-01-01 00:00:00.000,1900-01-01 00:00:00.000,1900-01-01 00:00:00.000,1900-01-01 00:00:00.000,Y,834
*,"253390",Replace the girth gear and pinion on a mill,,4,1900-01-01 00:00:00.000,1900-01-01 00:00:00.000,1900-01-01 00:00:00.000,1900-01-01 00:00:00.000,Y,835
*,"14442",Plot tape and offset measurements on a plan.,,3,1900-01-01 00:00:00.000,1900-01-01 00:00:00.000,1900-01-01 00:00:00.000,1900-01-01 00:00:00.000,Y,836
*,"253387",Repair a bag-type dust suppresion system.,,2,1900-01-01 00:00:00.000,1900-01-01 00:00:00.000,1900-01-01 00:00:00.000,1900-01-01 00:00:00.000,Y,837
*,FM,Explain Principles of flow,,0,2008-11-28 17:10:04.000,2011-11-28 17:10:04.000,2008-11-28 17:10:04.000,1900-01-01 00:00:00.000,Y,838
*,WWP,Weld work pieces (Staunch weld),,0,2008-11-28 00:00:00.000,2011-11-28 00:00:00.000,2008-11-28 00:00:00.000,1900-01-01 00:00:00.000,Y,839
*,WSC ,Replace worn seal on a crank shaft,,1,2008-11-28 00:00:00.000,2011-11-28 00:00:00.000,2008-11-28 00:00:00.000,1900-01-01 00:00:00.000,Y,840
*,WRD       ,Maintain waste rock dump conveyors,,0,2008-11-28 17:10:04.000,2011-11-28 17:10:04.000,2008-11-28 17:10:04.000,1900-01-01 00:00:00.000,Y,841
*,wo,"Worm, parcel and serve a rope",,1,2008-11-28 00:00:00.000,2011-11-28 00:00:00.000,2008-11-28 00:00:00.000,1900-01-01 00:00:00.000,Y,842
*,WMC,Carry out weekly maintenance checks on a transformer (LV),,1,2008-11-28 00:00:00.000,2011-11-28 00:00:00.000,2008-11-28 00:00:00.000,1900-01-01 00:00:00.000,Y,843
*,WLC       ,Maintain wiring and lighting circuits,,0,2008-11-28 17:10:04.000,2011-11-28 17:10:04.000,2008-11-28 17:10:04.000,1900-01-01 00:00:00.000,Y,844
*,WIS   ,Assist in carrying out weekly inspection on skip and cage attachments,,1,2008-11-28 00:00:00.000,2011-11-28 00:00:00.000,2008-11-28 00:00:00.000,1900-01-01 00:00:00.000,Y,845
*,wh,Whip and seize ropes,,1,2008-11-28 00:00:00.000,2011-11-28 00:00:00.000,2008-11-28 00:00:00.000,1900-01-01 00:00:00.000,Y,846
*,WB        ,Wedge battery boxes,,0,2008-11-28 17:10:04.000,2011-11-28 17:10:04.000,2008-11-28 17:10:04.000,1900-01-01 00:00:00.000,Y,847
*,WAC       ,Wire alarm circuits,,0,2008-11-28 17:10:04.000,2011-11-28 17:10:04.000,2008-11-28 17:10:04.000,1900-01-01 00:00:00.000,Y,848
*,VST       ,Check valve operation,,0,2008-11-28 17:10:04.000,2011-11-28 17:10:04.000,2008-11-28 17:10:04.000,1900-01-01 00:00:00.000,Y,849
*,VSE,Test a variable speed AC motor,,0,2008-11-28 00:00:00.000,2011-11-28 00:00:00.000,2008-11-28 00:00:00.000,1900-01-01 00:00:00.000,Y,850
*,VAL,Maintain valves,,2,2008-11-28 00:00:00.000,2011-11-28 00:00:00.000,2008-11-28 00:00:00.000,1900-01-01 00:00:00.000,Y,851
*,VG        ,Grind valves,,0,2008-11-28 17:10:04.000,2011-11-28 17:10:04.000,2008-11-28 17:10:04.000,1900-01-01 00:00:00.000,Y,852
*,VCC       ,Calibrate a voltage-to-current convertor,,0,2008-11-28 17:10:04.000,2011-11-28 17:10:04.000,2008-11-28 17:10:04.000,1900-01-01 00:00:00.000,Y,853
*,VBD   ,Service a v-belt drive on an engine,,1,2008-11-28 00:00:00.000,2011-11-28 00:00:00.000,2008-11-28 00:00:00.000,1900-01-01 00:00:00.000,Y,854
*,USM       ,Use a shaping machine,,0,2008-11-28 17:10:04.000,2011-11-28 17:10:04.000,2008-11-28 17:10:04.000,1900-01-01 00:00:00.000,Y,855
*,USC       ,Calibrate ultrasonic level transmitters,,0,2008-11-28 17:10:04.000,2011-11-28 17:10:04.000,2008-11-28 17:10:04.000,1900-01-01 00:00:00.000,Y,856
*,US     ,Test and connect a universal AC series motor (single phase),,1,2008-11-28 00:00:00.000,2011-11-28 00:00:00.000,2008-11-28 00:00:00.000,1900-01-01 00:00:00.000,Y,857
*,up-t,Convert units and prefixes,,1,2008-11-28 00:00:00.000,2011-11-28 00:00:00.000,2008-11-28 00:00:00.000,1900-01-01 00:00:00.000,Y,858
*,UN        ,Remove and replace universal joints,,0,2008-11-28 17:10:04.000,2011-11-28 17:10:04.000,2008-11-28 17:10:04.000,1900-01-01 00:00:00.000,Y,859
*,UMM       ,Use a milling machine,,0,2008-11-28 17:10:04.000,2011-11-28 17:10:04.000,2008-11-28 17:10:04.000,1900-01-01 00:00:00.000,Y,860
*,ul,Check and use ladders,,1,2008-11-28 00:00:00.000,2011-11-28 00:00:00.000,2008-11-28 00:00:00.000,1900-01-01 00:00:00.000,Y,861
*,UC        ,Undercut a commutator,,0,2008-11-28 17:10:04.000,2011-11-28 17:10:04.000,2008-11-28 17:10:04.000,1900-01-01 00:00:00.000,Y,862
*,UAL       ,Use a lathe,,0,2008-11-28 17:10:04.000,2011-11-28 17:10:04.000,2008-11-28 17:10:04.000,1900-01-01 00:00:00.000,Y,863
*,TU-E      ,Top up batteries,,0,2008-11-28 17:10:04.000,2011-11-28 17:10:04.000,2008-11-28 17:10:04.000,1900-01-01 00:00:00.000,Y,864
*,TU        ,Maintain conveyor belt take-ups,,0,2008-11-28 17:10:04.000,2011-11-28 17:10:04.000,2008-11-28 17:10:04.000,1900-01-01 00:00:00.000,Y,865
*,tt-2,Explain three phase transformers,,1,2008-11-28 00:00:00.000,2011-11-28 00:00:00.000,2008-11-28 00:00:00.000,1900-01-01 00:00:00.000,Y,866
*,tt-1,Explain single phase transformers,,2,2008-11-28 00:00:00.000,2011-11-28 00:00:00.000,2008-11-28 00:00:00.000,1900-01-01 00:00:00.000,Y,867
*,TS,Identify threads,,1,2008-11-28 00:00:00.000,2011-11-28 00:00:00.000,2008-11-28 00:00:00.000,1900-01-01 00:00:00.000,Y,868
*,trs,Drill and tap holes,,1,2008-11-28 00:00:00.000,2011-11-28 00:00:00.000,2008-11-28 00:00:00.000,1900-01-01 00:00:00.000,Y,869
*,TR        ,Erect and use a tripod,,0,2008-11-28 17:10:04.000,2011-11-28 17:10:04.000,2008-11-28 17:10:04.000,1900-01-01 00:00:00.000,Y,870
*,TPI    ,Test a three phase squirrel cage induction motor,,1,2008-11-28 00:00:00.000,2011-11-28 00:00:00.000,2008-11-28 00:00:00.000,1900-01-01 00:00:00.000,Y,871
*,TPC-1,Test photo electrical cells,,0,2008-11-28 00:00:00.000,2011-11-28 00:00:00.000,2008-11-28 00:00:00.000,1900-01-01 00:00:00.000,Y,872
*,TOS       ,Take oil samples,,0,2008-11-28 17:10:04.000,2011-11-28 17:10:04.000,2008-11-28 17:10:04.000,1900-01-01 00:00:00.000,Y,873
*,TM-1      ,Make a template,,0,2008-11-28 17:10:04.000,2011-11-28 17:10:04.000,2008-11-28 17:10:04.000,1900-01-01 00:00:00.000,Y,874
*,TM        ,Measurement of temperature,,0,2008-11-28 17:10:04.000,2011-11-28 17:10:04.000,2008-11-28 17:10:04.000,1900-01-01 00:00:00.000,Y,875
*,TLS       ,Test and maintain limit switches,,0,2008-11-28 17:10:04.000,2011-11-28 17:10:04.000,2008-11-28 17:10:04.000,1900-01-01 00:00:00.000,Y,876
*,TIG,Use TIG welding equipment,,0,2008-11-28 00:00:00.000,2011-11-28 00:00:00.000,2008-11-28 00:00:00.000,1900-01-01 00:00:00.000,Y,877
*,TI-2      ,Use an oscilloscope,,0,2008-11-28 17:10:04.000,2011-11-28 17:10:04.000,2008-11-28 17:10:04.000,1900-01-01 00:00:00.000,Y,878
*,TI-1,Use and maintain Electrical test Instruments,,4,2008-11-28 00:00:00.000,2011-11-28 00:00:00.000,2008-11-28 00:00:00.000,1900-01-01 00:00:00.000,Y,879
*,THT,Take hydrometer tests on batteries,,1,2008-11-28 00:00:00.000,2011-11-28 00:00:00.000,2008-11-28 00:00:00.000,1900-01-01 00:00:00.000,Y,880
*,th,Tie hitches,,2,2008-11-28 00:00:00.000,2011-11-28 00:00:00.000,2008-11-28 00:00:00.000,1900-01-01 00:00:00.000,Y,881
*,TEM       ,Calibrate thermo couples,,0,2008-11-28 17:10:04.000,2011-11-28 17:10:04.000,2008-11-28 17:10:04.000,1900-01-01 00:00:00.000,Y,882
*,TEL       ,Test and maintain earth leakage protection units,,0,2008-11-28 17:10:04.000,2011-11-28 17:10:04.000,2008-11-28 17:10:04.000,1900-01-01 00:00:00.000,Y,883
*,TD-3      ,Develop an oblique cone (eccentric),,0,2008-11-28 17:10:04.000,2011-11-28 17:10:04.000,2008-11-28 17:10:04.000,1900-01-01 00:00:00.000,Y,884
*,TD-2      ,Develop and fabricate a square to round,,0,2008-11-28 17:10:04.000,2011-11-28 17:10:04.000,2008-11-28 17:10:04.000,1900-01-01 00:00:00.000,Y,885
*,TD-1      ,Develop a concentric cone,,0,2008-11-28 17:10:04.000,2011-11-28 17:10:04.000,2008-11-28 17:10:04.000,1900-01-01 00:00:00.000,Y,886
*,TC-IM     ,Make up and install a thermocouple,,0,2008-11-28 17:10:04.000,2011-11-28 17:10:04.000,2008-11-28 17:10:04.000,1900-01-01 00:00:00.000,Y,887
*,TC-E      ,Disassemble and overhaul a thyristor controller,,0,2008-11-28 17:10:04.000,2011-11-28 17:10:04.000,2008-11-28 17:10:04.000,1900-01-01 00:00:00.000,Y,888
*,TC-DM     ,Inspect and maintain turbo chargers,,0,2008-11-28 17:10:04.000,2011-11-28 17:10:04.000,2008-11-28 17:10:04.000,1900-01-01 00:00:00.000,Y,889
*,TC-1,Connect transformers (4),,0,2008-11-28 00:00:00.000,2011-11-28 00:00:00.000,2008-11-28 00:00:00.000,1900-01-01 00:00:00.000,Y,890
*,tc,Cut a thread with stock and dies,,2,2008-11-28 00:00:00.000,2011-11-28 00:00:00.000,2008-11-28 00:00:00.000,1900-01-01 00:00:00.000,Y,891
*,TBUD,Turn bowl of truck up–side–down,,3,2008-11-28 00:00:00.000,2011-11-28 00:00:00.000,2008-11-28 00:00:00.000,1900-01-01 00:00:00.000,Y,892
*,tbme,Tow-in broken down mobile equipment,,2,2008-11-28 00:00:00.000,2011-11-28 00:00:00.000,2008-11-28 00:00:00.000,1900-01-01 00:00:00.000,Y,893
*,TB        ,"Remove, refit, bed and tension carbon brushes",,0,2008-11-28 17:10:04.000,2011-11-28 17:10:04.000,2008-11-28 17:10:04.000,1900-01-01 00:00:00.000,Y,894
*,TA        ,Tune automatic controllers,,0,2008-11-28 17:10:04.000,2011-11-28 17:10:04.000,2008-11-28 17:10:04.000,1900-01-01 00:00:00.000,Y,895
*,SWR       ,Splice a steel wire rope using the Liverpool method,,0,2008-11-28 17:10:04.000,2011-11-28 17:10:04.000,2008-11-28 17:10:04.000,1900-01-01 00:00:00.000,Y,896
*,SWB,Assist with examining sheave wheel bearings,,1,2008-11-28 00:00:00.000,2011-11-28 00:00:00.000,2008-11-28 00:00:00.000,1900-01-01 00:00:00.000,Y,897
*,sw-3,Wire a thermostatic control switch,,1,2008-11-28 00:00:00.000,2011-11-28 00:00:00.000,2008-11-28 00:00:00.000,1900-01-01 00:00:00.000,Y,898
*,sw-2,Wire a five heat stove switch,,1,2008-11-28 00:00:00.000,2011-11-28 00:00:00.000,2008-11-28 00:00:00.000,1900-01-01 00:00:00.000,Y,899
*,sw-1,Wire a three heat stove switch,,1,2008-11-28 00:00:00.000,2011-11-28 00:00:00.000,2008-11-28 00:00:00.000,1900-01-01 00:00:00.000,Y,900
*,SV-DM,Set valves according to specifications,,2,2008-11-28 00:00:00.000,2011-11-28 00:00:00.000,2008-11-28 00:00:00.000,1900-01-01 00:00:00.000,Y,901
*,SV,Remove & replace a Saunders valve,,1,2008-11-28 00:00:00.000,2011-11-28 00:00:00.000,2008-11-28 00:00:00.000,1900-01-01 00:00:00.000,Y,902
*,STM       ,Splice a thimble in a manila rope,,0,2008-11-28 17:10:04.000,2011-11-28 17:10:04.000,2008-11-28 17:10:04.000,1900-01-01 00:00:00.000,Y,903
*,STA ,"Set, tension and align V-belts",,1,2008-11-28 00:00:00.000,2011-11-28 00:00:00.000,2008-11-28 00:00:00.000,1900-01-01 00:00:00.000,Y,904
*,ST-DM,Set injectors according specifications,,2,2008-11-28 00:00:00.000,2011-11-28 00:00:00.000,2008-11-28 00:00:00.000,1900-01-01 00:00:00.000,Y,905
*,ST-2      ,Set timers,,0,2008-11-28 17:10:04.000,2011-11-28 17:10:04.000,2008-11-28 17:10:04.000,1900-01-01 00:00:00.000,Y,906
*,ST,Safety,,3,2008-11-28 00:00:00.000,2011-11-28 00:00:00.000,2008-11-28 00:00:00.000,1900-01-01 00:00:00.000,Y,907
*,SSW       ,Test and maintain speed switches,,0,2008-11-28 17:10:04.000,2011-11-28 17:10:04.000,2008-11-28 17:10:04.000,1900-01-01 00:00:00.000,Y,908
*,SSG,Assist in checking shaft steelwork e.g. bunttons,,0,2008-11-28 00:00:00.000,2011-11-28 00:00:00.000,2008-11-28 00:00:00.000,1900-01-01 00:00:00.000,Y,909
*,SSA,Splice a soft eye in a steel wire rope using the Admiralty method,,3,2008-11-28 00:00:00.000,2011-11-28 00:00:00.000,2008-11-28 00:00:00.000,1900-01-01 00:00:00.000,Y,910
*,SRI,"Test, repair or replace and commission a slip-ring induction motor",,0,2008-11-28 00:00:00.000,2011-11-28 00:00:00.000,2008-11-28 00:00:00.000,1900-01-01 00:00:00.000,Y,911
*,SR        ,Calibrate a system recorder,,0,2008-11-28 17:10:04.000,2011-11-28 17:10:04.000,2008-11-28 17:10:04.000,1900-01-01 00:00:00.000,Y,912
*,SQE       ,Calibrate a square root extractor,,0,2008-11-28 17:10:04.000,2011-11-28 17:10:04.000,2008-11-28 17:10:04.000,1900-01-01 00:00:00.000,Y,913
*,SPI,Test a single phase/squirrel cage induction motor,,1,2008-11-28 00:00:00.000,2011-11-28 00:00:00.000,2008-11-28 00:00:00.000,1900-01-01 00:00:00.000,Y,914
*,SPG-2    ,Fit seals and packing,,2,2008-11-28 00:00:00.000,2011-11-28 00:00:00.000,2008-11-28 00:00:00.000,1900-01-01 00:00:00.000,Y,915
*,spg-1,Cut and fit gaskets,,1,2008-11-28 00:00:00.000,2011-11-28 00:00:00.000,2008-11-28 00:00:00.000,1900-01-01 00:00:00.000,Y,916
*,SPB       ,Service a pneumatic brake system,,0,2008-11-28 17:10:04.000,2011-11-28 17:10:04.000,2008-11-28 17:10:04.000,1900-01-01 00:00:00.000,Y,917
*,SP-T,Single phase motor theory,,2,2008-11-28 00:00:00.000,2011-11-28 00:00:00.000,2008-11-28 00:00:00.000,1900-01-01 00:00:00.000,Y,918
*,SP-3      ,Connect a single phase motor to reversing contactors,,0,2008-11-28 17:10:04.000,2011-11-28 17:10:04.000,2008-11-28 17:10:04.000,1900-01-01 00:00:00.000,Y,919
*,SP-2      ,Connect a single phase motor to a rotary switch,,0,2008-11-28 17:10:04.000,2011-11-28 17:10:04.000,2008-11-28 17:10:04.000,1900-01-01 00:00:00.000,Y,920
*,sp-1,Connect a flexible cord to a motor,,1,2008-11-28 00:00:00.000,2011-11-28 00:00:00.000,2008-11-28 00:00:00.000,1900-01-01 00:00:00.000,Y,921
*,SOE,Assist with slinging of equipment in shaft,,3,2008-11-28 00:00:00.000,2011-11-28 00:00:00.000,2008-11-28 00:00:00.000,1900-01-01 00:00:00.000,Y,922
*,SNR       ,Splice a non spin wire rope,,0,2008-11-28 17:10:04.000,2011-11-28 17:10:04.000,2008-11-28 17:10:04.000,1900-01-01 00:00:00.000,Y,923
*,SMS-3,Carry out scheduled maintenance on a sizer (Yearly),,1,2008-11-28 00:00:00.000,2011-11-28 00:00:00.000,2008-11-28 00:00:00.000,1900-01-01 00:00:00.000,Y,924
*,SMS-2,Carry out scheduled maintenance on a sizer (Weekly),,1,2008-11-28 00:00:00.000,2011-11-28 00:00:00.000,2008-11-28 00:00:00.000,1900-01-01 00:00:00.000,Y,925
*,SMS-1,Carry out scheduled maintenance on a sizer (Daily),,1,2008-11-28 00:00:00.000,2011-11-28 00:00:00.000,2008-11-28 00:00:00.000,1900-01-01 00:00:00.000,Y,926
*,SMG       ,Splice a manila grommet,,0,2008-11-28 17:10:04.000,2011-11-28 17:10:04.000,2008-11-28 17:10:04.000,1900-01-01 00:00:00.000,Y,927
*,SMCI      ,Assist with surface mobile crane inspection,,0,2008-11-28 17:10:04.000,2011-11-28 17:10:04.000,2008-11-28 17:10:04.000,1900-01-01 00:00:00.000,Y,928
*,SM        ,Test and identify faults in a starter motor,,0,2008-11-28 17:10:04.000,2011-11-28 17:10:04.000,2008-11-28 17:10:04.000,1900-01-01 00:00:00.000,Y,929
*,SL-3,Wire a grid and controller to a slip ring motor,,0,2008-11-28 00:00:00.000,2011-11-28 00:00:00.000,2008-11-28 00:00:00.000,1900-01-01 00:00:00.000,Y,930
*,SL-2      ,Wire a liquid starter to slip ring motor,,0,2008-11-28 17:10:04.000,2011-11-28 17:10:04.000,2008-11-28 17:10:04.000,1900-01-01 00:00:00.000,Y,931
*,SL-1,Wire an automatic resistance starter to slip ring motor,,0,2008-11-28 00:00:00.000,2011-11-28 00:00:00.000,2008-11-28 00:00:00.000,1900-01-01 00:00:00.000,Y,932
*,SIL,Service an engine with a in-line fuel system,,2,2008-11-28 00:00:00.000,2011-11-28 00:00:00.000,2008-11-28 00:00:00.000,1900-01-01 00:00:00.000,Y,933
*,SHS,Assist with slinging a hopper in a shaft,,1,2008-11-28 00:00:00.000,2011-11-28 00:00:00.000,2008-11-28 00:00:00.000,1900-01-01 00:00:00.000,Y,934
*,SHL       ,Set headlights,,0,2008-11-28 17:10:04.000,2011-11-28 17:10:04.000,2008-11-28 17:10:04.000,1900-01-01 00:00:00.000,Y,935
*,SHH ,Assist with carrying out six monthly inspections on skip and cage attachments,,1,2008-11-28 00:00:00.000,2011-11-28 00:00:00.000,2008-11-28 00:00:00.000,1900-01-01 00:00:00.000,Y,936
*,SGU,"Remove, maintain and replace silica-gel units",,1,2008-11-28 00:00:00.000,2011-11-28 00:00:00.000,2008-11-28 00:00:00.000,1900-01-01 00:00:00.000,Y,937
*,sdp,Service an engine with a DP fuel system,,2,2008-11-28 00:00:00.000,2011-11-28 00:00:00.000,2008-11-28 00:00:00.000,1900-01-01 00:00:00.000,Y,938
*,SDH       ,Inspect a safety detaching hook,,0,2008-11-28 17:10:04.000,2011-11-28 17:10:04.000,2008-11-28 17:10:04.000,1900-01-01 00:00:00.000,Y,939
*,sd-t,Star and delta connections,,1,2008-11-28 00:00:00.000,2011-11-28 00:00:00.000,2008-11-28 00:00:00.000,1900-01-01 00:00:00.000,Y,940
*,SD-3    ,Wire a fully automatic star delta starter,,0,2008-11-28 00:00:00.000,2011-11-28 00:00:00.000,2008-11-28 00:00:00.000,1900-01-01 00:00:00.000,Y,941
*,SD-2,Wire semi-automatic star delta starter,,0,2008-11-28 00:00:00.000,2011-11-28 00:00:00.000,2008-11-28 00:00:00.000,1900-01-01 00:00:00.000,Y,942
*,SD-1,Wire a manual star delta starter,,0,2008-11-28 00:00:00.000,2011-11-28 00:00:00.000,2008-11-28 00:00:00.000,1900-01-01 00:00:00.000,Y,943
*,SD        ,Make star and delta connections,,0,2008-11-28 17:10:04.000,2011-11-28 17:10:04.000,2008-11-28 17:10:04.000,1900-01-01 00:00:00.000,Y,944
*,SCV       ,Stroke control valves,,0,2008-11-28 17:10:04.000,2011-11-28 17:10:04.000,2008-11-28 17:10:04.000,1900-01-01 00:00:00.000,Y,945
*,SCJ,Join PVC cable using a scotch cast resin splice joint,,2,2008-11-28 00:00:00.000,2011-11-28 00:00:00.000,2008-11-28 00:00:00.000,1900-01-01 00:00:00.000,Y,946
*,SCG       ,Set crusher gaps,,0,2008-11-28 17:10:04.000,2011-11-28 17:10:04.000,2008-11-28 17:10:04.000,1900-01-01 00:00:00.000,Y,947
*,SCC-3   ,Assist in maintaining shaft conveyances (Six Monthly)),,0,2008-11-28 00:00:00.000,2011-11-28 00:00:00.000,2008-11-28 00:00:00.000,1900-01-01 00:00:00.000,Y,948
*,SCC-2     ,Assist in maintaining shaft conveyances (Man Cages Monthly),,0,2008-11-28 17:10:04.000,2011-11-28 17:10:04.000,2008-11-28 17:10:04.000,1900-01-01 00:00:00.000,Y,949
*,SCC-1     ,Assist in maintaining shaft conveyances (Weekly),,0,2008-11-28 17:10:04.000,2011-11-28 17:10:04.000,2008-11-28 17:10:04.000,1900-01-01 00:00:00.000,Y,950
*,SCC       ,Assist in maintaining shaft conveyances (Daily),,0,2008-11-28 17:10:04.000,2011-11-28 17:10:04.000,2008-11-28 17:10:04.000,1900-01-01 00:00:00.000,Y,951
*,SCB       ,Select and change bearings,,0,2008-11-28 17:10:04.000,2011-11-28 17:10:04.000,2008-11-28 17:10:04.000,1900-01-01 00:00:00.000,Y,952
*,SCA,Assist in carrying out daily inspections on skip and cage attachments,,1,2008-11-28 00:00:00.000,2011-11-28 00:00:00.000,2008-11-28 00:00:00.000,1900-01-01 00:00:00.000,Y,953
*,SC-IM     ,Use a system calibrator,,0,2008-11-28 17:10:04.000,2011-11-28 17:10:04.000,2008-11-28 17:10:04.000,1900-01-01 00:00:00.000,Y,954
*,SC        ,Maintain screens,,0,2008-11-28 17:10:04.000,2011-11-28 17:10:04.000,2008-11-28 17:10:04.000,1900-01-01 00:00:00.000,Y,955
*,SB        ,Maintain scrubbers,,0,2008-11-28 17:10:04.000,2011-11-28 17:10:04.000,2008-11-28 17:10:04.000,1900-01-01 00:00:00.000,Y,956
*,SAG,Sweat gland to PILC/SWA cables,,0,2008-11-28 00:00:00.000,2011-11-28 00:00:00.000,2008-11-28 00:00:00.000,1900-01-01 00:00:00.000,Y,957
*,saf,Strip and clean an air filter,,1,2008-11-28 00:00:00.000,2011-11-28 00:00:00.000,2008-11-28 00:00:00.000,1900-01-01 00:00:00.000,Y,958
*,RVP       ,Repair vacuum pumps,,0,2008-11-28 17:10:04.000,2011-11-28 17:10:04.000,2008-11-28 17:10:04.000,1900-01-01 00:00:00.000,Y,959
*,RVC       ,Calibrate a resistance-to-voltage convertor,,0,2008-11-28 17:10:04.000,2011-11-28 17:10:04.000,2008-11-28 17:10:04.000,1900-01-01 00:00:00.000,Y,960
*,RTP       ,Replace crusher toggle plates,,0,2008-11-28 17:10:04.000,2011-11-28 17:10:04.000,2008-11-28 17:10:04.000,1900-01-01 00:00:00.000,Y,961
*,RTC       ,Replace thermo couples,,0,2008-11-28 17:10:04.000,2011-11-28 17:10:04.000,2008-11-28 17:10:04.000,1900-01-01 00:00:00.000,Y,962
*,RT-E,"Test, maintain and repair thyristor drive",,3,2008-11-28 00:00:00.000,2011-11-28 00:00:00.000,2008-11-28 00:00:00.000,1900-01-01 00:00:00.000,Y,963
*,RT        ,Repair telephones,,0,2008-11-28 17:10:04.000,2011-11-28 17:10:04.000,2008-11-28 17:10:04.000,1900-01-01 00:00:00.000,Y,964
*,RSW,Maintain and repair steelwork,,1,2008-11-28 00:00:00.000,2011-11-28 00:00:00.000,2008-11-28 00:00:00.000,1900-01-01 00:00:00.000,Y,965
*,RSG,"Test, maintain and repair stand by generator",,5,2008-11-28 00:00:00.000,2011-11-28 00:00:00.000,2008-11-28 00:00:00.000,1900-01-01 00:00:00.000,Y,966
*,RRFD      ,Remove and replace a fluid drive coupling,,0,2008-11-28 17:10:04.000,2011-11-28 17:10:04.000,2008-11-28 17:10:04.000,1900-01-01 00:00:00.000,Y,967
*,RRC,"Remove, replace and line up a coupling",,2,2008-11-28 00:00:00.000,2011-11-28 00:00:00.000,2008-11-28 00:00:00.000,1900-01-01 00:00:00.000,Y,968
*,rrb,Remove and replace bearings,,1,2008-11-28 00:00:00.000,2011-11-28 00:00:00.000,2008-11-28 00:00:00.000,1900-01-01 00:00:00.000,Y,969
*,RR        ,Replace battery cells,,0,2008-11-28 17:10:04.000,2011-11-28 17:10:04.000,2008-11-28 17:10:04.000,1900-01-01 00:00:00.000,Y,970
*,RPS,Replace pipes and water sprayers on a conveyor belt system,,1,2008-11-28 00:00:00.000,2011-11-28 00:00:00.000,2008-11-28 00:00:00.000,1900-01-01 00:00:00.000,Y,971
*,RP-R      ,Erect and use a raised pole,,0,2008-11-28 17:10:04.000,2011-11-28 17:10:04.000,2008-11-28 17:10:04.000,1900-01-01 00:00:00.000,Y,972
*,RP-E      ,Test and repair precipitators,,0,2008-11-28 17:10:04.000,2011-11-28 17:10:04.000,2008-11-28 17:10:04.000,1900-01-01 00:00:00.000,Y,973
*,rp-2,Examine and repair a hopper,,2,2008-11-28 00:00:00.000,2011-11-28 00:00:00.000,2008-11-28 00:00:00.000,1900-01-01 00:00:00.000,Y,974
*,rp-1,Examine and repair a chute,,2,2008-11-28 00:00:00.000,2011-11-28 00:00:00.000,2008-11-28 00:00:00.000,1900-01-01 00:00:00.000,Y,975
*,ROF,Replace an oil filter,,1,2008-11-28 00:00:00.000,2011-11-28 00:00:00.000,2008-11-28 00:00:00.000,1900-01-01 00:00:00.000,Y,976
*,RMM       ,"Test, maintain and repair Morgan mill",,0,2008-11-28 17:10:04.000,2011-11-28 17:10:04.000,2008-11-28 17:10:04.000,1900-01-01 00:00:00.000,Y,977
*,RM        ,Maintain rod mills,,0,2008-11-28 17:10:04.000,2011-11-28 17:10:04.000,2008-11-28 17:10:04.000,1900-01-01 00:00:00.000,Y,978
*,RLJ       ,Replace liners on a jaw crusher,,0,2008-11-28 17:10:04.000,2011-11-28 17:10:04.000,2008-11-28 17:10:04.000,1900-01-01 00:00:00.000,Y,979
*,RLD-7     ,Develop a 60 degree chute,,0,2008-11-28 17:10:04.000,2011-11-28 17:10:04.000,2008-11-28 17:10:04.000,1900-01-01 00:00:00.000,Y,980
*,RLD-6     ,Develop and fabricate an off-centre chute,,0,2008-11-28 00:00:00.000,2011-11-28 00:00:00.000,2008-11-28 00:00:00.000,1900-01-01 00:00:00.000,Y,981
*,RLD-5     ,Develop a tapering Y-piece,,0,2008-11-28 17:10:04.000,2011-11-28 17:10:04.000,2008-11-28 17:10:04.000,1900-01-01 00:00:00.000,Y,982
*,RLD-4,Develop a oblique cone,,0,2008-11-28 00:00:00.000,2011-11-28 00:00:00.000,2008-11-28 00:00:00.000,1900-01-01 00:00:00.000,Y,983
*,RLD-3,Develop a pyramid,,0,2008-11-28 00:00:00.000,2011-11-28 00:00:00.000,2008-11-28 00:00:00.000,1900-01-01 00:00:00.000,Y,984
*,RLD-2     ,Develop and fabricate an angle cone,,0,2008-11-28 00:00:00.000,2011-11-28 00:00:00.000,2008-11-28 00:00:00.000,1900-01-01 00:00:00.000,Y,985
*,RLD-1     ,Develop a cone cut horizontally,,0,2008-11-28 17:10:04.000,2011-11-28 17:10:04.000,2008-11-28 17:10:04.000,1900-01-01 00:00:00.000,Y,986
*,RIG       ,Do basic rigging,,0,2008-11-28 17:10:04.000,2011-11-28 17:10:04.000,2008-11-28 17:10:04.000,1900-01-01 00:00:00.000,Y,987
*,RIF       ,Remove and install rotary filters,,0,2008-11-28 17:10:04.000,2011-11-28 17:10:04.000,2008-11-28 17:10:04.000,1900-01-01 00:00:00.000,Y,988
*,RHV       ,Replace high vacuum booster pumps,,0,2008-11-28 17:10:04.000,2011-11-28 17:10:04.000,2008-11-28 17:10:04.000,1900-01-01 00:00:00.000,Y,989
*,REV       ,Maintain and repair elevators,,0,2008-11-28 17:10:04.000,2011-11-28 17:10:04.000,2008-11-28 17:10:04.000,1900-01-01 00:00:00.000,Y,990
*,REL       ,Reassemble and test an electric loco,,0,2008-11-28 17:10:04.000,2011-11-28 17:10:04.000,2008-11-28 17:10:04.000,1900-01-01 00:00:00.000,Y,991
*,RED       ,Read electrical circuit drawings,,0,2008-11-28 17:10:04.000,2011-11-28 17:10:04.000,2008-11-28 17:10:04.000,1900-01-01 00:00:00.000,Y,992
*,rec,Recognise general hazards,,1,2008-11-28 00:00:00.000,2011-11-28 00:00:00.000,2008-11-28 00:00:00.000,1900-01-01 00:00:00.000,Y,993
*,RDW       ,"Test, maintain and repair rolling door winch",,0,2008-11-28 17:10:04.000,2011-11-28 17:10:04.000,2008-11-28 17:10:04.000,1900-01-01 00:00:00.000,Y,994
*,RDT       ,Repair a deflated tyre,,0,2008-11-28 17:10:04.000,2011-11-28 17:10:04.000,2008-11-28 17:10:04.000,1900-01-01 00:00:00.000,Y,995
*,RDM       ,Maintain rock drill machines,,0,2008-11-28 17:10:04.000,2011-11-28 17:10:04.000,2008-11-28 17:10:04.000,1900-01-01 00:00:00.000,Y,996
*,rdc-e,Replace defective components,,2,2008-11-28 00:00:00.000,2011-11-28 00:00:00.000,2008-11-28 00:00:00.000,1900-01-01 00:00:00.000,Y,997
*,RCT   ,Replace a canister type oil filter,,1,2008-11-28 00:00:00.000,2011-11-28 00:00:00.000,2008-11-28 00:00:00.000,1900-01-01 00:00:00.000,Y,998
*,RCO       ,Roll cable off drum,,0,2008-11-28 17:10:04.000,2011-11-28 17:10:04.000,2008-11-28 17:10:04.000,1900-01-01 00:00:00.000,Y,999
*,RCD,Roll the cable drum,,0,2008-11-28 17:10:04.000,2011-11-28 17:10:04.000,2008-11-28 17:10:04.000,1900-01-01 00:00:00.000,Y,1000
*,RBS,Replace brake shoes on electromagnetic brakes,,1,2008-11-28 00:00:00.000,2011-11-28 00:00:00.000,2008-11-28 00:00:00.000,1900-01-01 00:00:00.000,Y,1001
*,RBA,Recover a  broken down vehicle (manual / automatic),,2,2008-11-28 00:00:00.000,2011-11-28 00:00:00.000,2008-11-28 00:00:00.000,1900-01-01 00:00:00.000,Y,1002
*,rb-2,Reeve blocks,,2,2008-11-28 00:00:00.000,2011-11-28 00:00:00.000,2008-11-28 00:00:00.000,1900-01-01 00:00:00.000,Y,1003
*,rb-1,Reeve blocks,,2,2008-11-28 00:00:00.000,2011-11-28 00:00:00.000,2008-11-28 00:00:00.000,1900-01-01 00:00:00.000,Y,1004
*,RAG       ,Remove the agitator gearbox on a rotary filter,,0,2008-11-28 17:10:04.000,2011-11-28 17:10:04.000,2008-11-28 17:10:04.000,1900-01-01 00:00:00.000,Y,1005
*,"",Maintain a storage battery,,0,2008-11-28 17:10:04.000,2011-11-28 17:10:04.000,2008-11-28 17:10:04.000,1900-01-01 00:00:00.000,Y,1006
*,R-1,Rivet flat bar rings,,0,2008-11-28 00:00:00.000,2011-11-28 00:00:00.000,2008-11-28 00:00:00.000,1900-01-01 00:00:00.000,Y,1007
*,PW-5      ,Connect 3 single phase energy meters,,0,2008-11-28 17:10:04.000,2011-11-28 17:10:04.000,2008-11-28 17:10:04.000,1900-01-01 00:00:00.000,Y,1008
*,PW-4,Wire a three phase balance load (8),,0,2008-11-28 00:00:00.000,2011-11-28 00:00:00.000,2008-11-28 00:00:00.000,1900-01-01 00:00:00.000,Y,1009
*,PW-3,Wire three phase reversing starters,,0,2008-11-28 00:00:00.000,2011-11-28 00:00:00.000,2008-11-28 00:00:00.000,1900-01-01 00:00:00.000,Y,1010
*,PW-2,Wire sequence starters (4),,0,2008-11-28 00:00:00.000,2011-11-28 00:00:00.000,2008-11-28 00:00:00.000,1900-01-01 00:00:00.000,Y,1011
*,pw-1,Measure resistances,,2,2008-11-28 00:00:00.000,2011-11-28 00:00:00.000,2008-11-28 00:00:00.000,1900-01-01 00:00:00.000,Y,1012
*,PVB,Service a poly v-belt drive on an engine,,1,2008-11-28 00:00:00.000,2011-11-28 00:00:00.000,2008-11-28 00:00:00.000,1900-01-01 00:00:00.000,Y,1013
*,PTR       ,Assist in pressure testing a receiver,,0,2008-11-28 17:10:04.000,2011-11-28 17:10:04.000,2008-11-28 17:10:04.000,1900-01-01 00:00:00.000,Y,1014
*,PTC       ,Pressure test a cooling system,,0,2008-11-28 17:10:04.000,2011-11-28 17:10:04.000,2008-11-28 17:10:04.000,1900-01-01 00:00:00.000,Y,1015
*,PST       ,Assist with dismantling and assembling a power shift transmission,,0,2008-11-28 17:10:04.000,2011-11-28 17:10:04.000,2008-11-28 17:10:04.000,1900-01-01 00:00:00.000,Y,1016
*,ps-t-2,Explain three phase power supplies,,2,2008-11-28 00:00:00.000,2011-11-28 00:00:00.000,2008-11-28 00:00:00.000,1900-01-01 00:00:00.000,Y,1017
*,ps-t-1,Explain single phase power supplies,,1,2008-11-28 00:00:00.000,2011-11-28 00:00:00.000,2008-11-28 00:00:00.000,1900-01-01 00:00:00.000,Y,1018
*,ppb,Pack a plummer block,,1,2008-11-28 00:00:00.000,2011-11-28 00:00:00.000,2008-11-28 00:00:00.000,1900-01-01 00:00:00.000,Y,1019
*,pnh,Assist with preparing a non spin hoist rope  Test Specimen,,2,2008-11-28 00:00:00.000,2011-11-28 00:00:00.000,2008-11-28 00:00:00.000,1900-01-01 00:00:00.000,Y,1020
*,PN-9  ,Construct and adjust a circuit with a time delay valve,,0,2008-11-28 00:00:00.000,2011-11-28 00:00:00.000,2008-11-28 00:00:00.000,1900-01-01 00:00:00.000,Y,1021
*,PN-8      ,Set pressure sequence valves,,0,2008-11-28 17:10:04.000,2011-11-28 17:10:04.000,2008-11-28 17:10:04.000,1900-01-01 00:00:00.000,Y,1022
*,PN-7      ,Design and construct a pneumatic circuit,,0,2008-11-28 17:10:04.000,2011-11-28 17:10:04.000,2008-11-28 17:10:04.000,1900-01-01 00:00:00.000,Y,1023
*,PN-6      ,Control the speed of a double acting cylinder,,0,2008-11-28 17:10:04.000,2011-11-28 17:10:04.000,2008-11-28 17:10:04.000,1900-01-01 00:00:00.000,Y,1024
*,PN-5,Construct a circuit controlled from two different points,,1,2008-11-28 00:00:00.000,2011-11-28 00:00:00.000,2008-11-28 00:00:00.000,1900-01-01 00:00:00.000,Y,1025
*,PN-4,Control the speed of a single acting cylinder,,1,2008-11-28 00:00:00.000,2011-11-28 00:00:00.000,2008-11-28 00:00:00.000,1900-01-01 00:00:00.000,Y,1026
*,pn-3,Fit and adjust a service unit,,1,2008-11-28 00:00:00.000,2011-11-28 00:00:00.000,2008-11-28 00:00:00.000,1900-01-01 00:00:00.000,Y,1027
*,pn-2,Construct a circuit with single acting cylinders,,1,2008-11-28 00:00:00.000,2011-11-28 00:00:00.000,2008-11-28 00:00:00.000,1900-01-01 00:00:00.000,Y,1028
*,pn-1,Principles of pneumatics,,1,2008-11-28 00:00:00.000,2011-11-28 00:00:00.000,2008-11-28 00:00:00.000,1900-01-01 00:00:00.000,Y,1029
*,PMO-2  ,Overhaul a multi stage centrifugal pump,,2,2008-11-28 00:00:00.000,2011-11-28 00:00:00.000,2008-11-28 00:00:00.000,1900-01-01 00:00:00.000,Y,1030
*,pmo-1,Overhaul a single stage centrifugal pump,,2,2008-11-28 00:00:00.000,2011-11-28 00:00:00.000,2008-11-28 00:00:00.000,1900-01-01 00:00:00.000,Y,1031
*,PM-T,Explain pole changing motors,,0,2008-11-28 00:00:00.000,2011-11-28 00:00:00.000,2008-11-28 00:00:00.000,1900-01-01 00:00:00.000,Y,1032
*,PM-IM     ,Measurement of pressure,,0,2008-11-28 17:10:04.000,2011-11-28 17:10:04.000,2008-11-28 17:10:04.000,1900-01-01 00:00:00.000,Y,1033
*,PM-3,Connect pole changing motors to fully automatic starter,,0,2008-11-28 00:00:00.000,2011-11-28 00:00:00.000,2008-11-28 00:00:00.000,1900-01-01 00:00:00.000,Y,1034
*,PM-2,Connect pole changing motors to contactors,,0,2008-11-28 00:00:00.000,2011-11-28 00:00:00.000,2008-11-28 00:00:00.000,1900-01-01 00:00:00.000,Y,1035
*,PM-1      ,Connect a 3 phase pole changing motor to rotary switch,,0,2008-11-28 17:10:04.000,2011-11-28 17:10:04.000,2008-11-28 17:10:04.000,1900-01-01 00:00:00.000,Y,1036
*,PM1,Make up a pipe system,,2,2008-11-28 00:00:00.000,2011-11-28 00:00:00.000,2008-11-28 00:00:00.000,1900-01-01 00:00:00.000,Y,1037
*,PLD-8,Develop a off-set pipe lateral,,0,2008-11-28 00:00:00.000,2011-11-28 00:00:00.000,2008-11-28 00:00:00.000,1900-01-01 00:00:00.000,Y,1038
*,PLD-7     ,Develop and fabricate a 60 degree pipe lateral,,0,2008-11-28 17:10:04.000,2011-11-28 17:10:04.000,2008-11-28 17:10:04.000,1900-01-01 00:00:00.000,Y,1039
*,PLD-6,Develop an unequal pipe T-piece,,0,2008-11-28 00:00:00.000,2011-11-28 00:00:00.000,2008-11-28 00:00:00.000,1900-01-01 00:00:00.000,Y,1040
*,PLD-5,Develop a lobster back bend,,0,2008-11-28 00:00:00.000,2011-11-28 00:00:00.000,2008-11-28 00:00:00.000,1900-01-01 00:00:00.000,Y,1041
*,PLD-4     ,Develop a 45 degree pipe lateral,,0,2008-11-28 17:10:04.000,2011-11-28 17:10:04.000,2008-11-28 17:10:04.000,1900-01-01 00:00:00.000,Y,1042
*,PLD-3     ,Develop and fabricate an equal pipe T-piece,,0,2008-11-28 17:10:04.000,2011-11-28 17:10:04.000,2008-11-28 17:10:04.000,1900-01-01 00:00:00.000,Y,1043
*,PLD-2,Develop and fabricate a pipe,,0,2008-11-28 00:00:00.000,2011-11-28 00:00:00.000,2008-11-28 00:00:00.000,1900-01-01 00:00:00.000,Y,1044
*,PLD-1     ,Develop a square pipe elbow,,0,2008-11-28 17:10:04.000,2011-11-28 17:10:04.000,2008-11-28 17:10:04.000,1900-01-01 00:00:00.000,Y,1045
*,PLD-0     ,Draw geometrical developments,,0,2008-11-28 17:10:04.000,2011-11-28 17:10:04.000,2008-11-28 17:10:04.000,1900-01-01 00:00:00.000,Y,1046
*,PLC-IM    ,Check PLC input and output signals,,0,2008-11-28 17:10:04.000,2011-11-28 17:10:04.000,2008-11-28 17:10:04.000,1900-01-01 00:00:00.000,Y,1047
*,PHR,Assist with preparing a hoist rope test specimen,,2,2008-11-28 00:00:00.000,2011-11-28 00:00:00.000,2008-11-28 00:00:00.000,1900-01-01 00:00:00.000,Y,1048
*,PGC       ,Calibrate pressure gauges,,0,2008-11-28 17:10:04.000,2011-11-28 17:10:04.000,2008-11-28 17:10:04.000,1900-01-01 00:00:00.000,Y,1049
*,"29-FT",Operate a portable angle grinder,,1,2008-11-28 00:00:00.000,2011-11-28 00:00:00.000,2008-11-28 00:00:00.000,1900-01-01 00:00:00.000,Y,1050
*,PF-6      ,Fabricate a pipe reducer,,0,2008-11-28 17:10:04.000,2011-11-28 17:10:04.000,2008-11-28 17:10:04.000,1900-01-01 00:00:00.000,Y,1051
*,PF-5,Fabricate a lobster back bend,,0,2008-11-28 00:00:00.000,2011-11-28 00:00:00.000,2008-11-28 00:00:00.000,1900-01-01 00:00:00.000,Y,1052
*,PF-4      ,Fabricate a cone,,0,2008-11-28 17:10:04.000,2011-11-28 17:10:04.000,2008-11-28 17:10:04.000,1900-01-01 00:00:00.000,Y,1053
*,PF-3      ,Fabricate a pipe clamp,,0,2008-11-28 17:10:04.000,2011-11-28 17:10:04.000,2008-11-28 17:10:04.000,1900-01-01 00:00:00.000,Y,1054
*,PF-2,Roll flat bar rings,,0,2008-11-28 00:00:00.000,2011-11-28 00:00:00.000,2008-11-28 00:00:00.000,1900-01-01 00:00:00.000,Y,1055
*,PF-1,Fabricate a flat bar bracket,,0,2008-11-28 00:00:00.000,2011-11-28 00:00:00.000,2008-11-28 00:00:00.000,1900-01-01 00:00:00.000,Y,1056
*,PDW       ,Maintain cooling systems,,0,2008-11-28 17:10:04.000,2011-11-28 17:10:04.000,2008-11-28 17:10:04.000,1900-01-01 00:00:00.000,Y,1057
*,PDS,Start a four stroke petrol / diesel engine,,1,2008-11-28 00:00:00.000,2011-11-28 00:00:00.000,2008-11-28 00:00:00.000,1900-01-01 00:00:00.000,Y,1058
*,PDO       ,Maintain lubrication systems,,0,2008-11-28 17:10:04.000,2011-11-28 17:10:04.000,2008-11-28 17:10:04.000,1900-01-01 00:00:00.000,Y,1059
*,PDC       ,Maintain cylinder heads,,0,2008-11-28 17:10:04.000,2011-11-28 17:10:04.000,2008-11-28 17:10:04.000,1900-01-01 00:00:00.000,Y,1060
*,PCC,Construct a continuity tester,,0,2008-11-28 00:00:00.000,2011-11-28 00:00:00.000,2008-11-28 00:00:00.000,1900-01-01 00:00:00.000,Y,1061
*,PC        ,Phase out cables,,0,2008-11-28 17:10:04.000,2011-11-28 17:10:04.000,2008-11-28 17:10:04.000,1900-01-01 00:00:00.000,Y,1062
*,PBA,Remove & replace a bearing fitted with an adaptor sleeve,,1,2008-11-28 00:00:00.000,2011-11-28 00:00:00.000,2008-11-28 00:00:00.000,1900-01-01 00:00:00.000,Y,1063
*,OV        ,Overhaul various types of valves,,0,2008-11-28 17:10:04.000,2011-11-28 17:10:04.000,2008-11-28 17:10:04.000,1900-01-01 00:00:00.000,Y,1064
*,OT  ,Overhaul and maintain a turbo charger,,1,2008-11-28 00:00:00.000,2011-11-28 00:00:00.000,2008-11-28 00:00:00.000,1900-01-01 00:00:00.000,Y,1065
*,OSS       ,Repair a steering system,,0,2008-11-28 17:10:04.000,2011-11-28 17:10:04.000,2008-11-28 17:10:04.000,1900-01-01 00:00:00.000,Y,1066
*,OSR,Overhaul a slip-ring motor,,2,2008-11-28 00:00:00.000,2011-11-28 00:00:00.000,2008-11-28 00:00:00.000,1900-01-01 00:00:00.000,Y,1067
*,OSB,Overhaul a steering box (non power assisted),,2,2008-11-28 00:00:00.000,2011-11-28 00:00:00.000,2008-11-28 00:00:00.000,1900-01-01 00:00:00.000,Y,1068
*,OSA       ,Overhaul a sub-assembly,,0,2008-11-28 17:10:04.000,2011-11-28 17:10:04.000,2008-11-28 17:10:04.000,1900-01-01 00:00:00.000,Y,1069
*,OPT       ,Overhaul a power transmission,,0,2008-11-28 17:10:04.000,2011-11-28 17:10:04.000,2008-11-28 17:10:04.000,1900-01-01 00:00:00.000,Y,1070
*,ops,Overhaul a propeller shaft,,1,2008-11-28 00:00:00.000,2011-11-28 00:00:00.000,2008-11-28 00:00:00.000,1900-01-01 00:00:00.000,Y,1071
*,OPR       ,Overhaul pressure regulators,,0,2008-11-28 17:10:04.000,2011-11-28 17:10:04.000,2008-11-28 17:10:04.000,1900-01-01 00:00:00.000,Y,1072
*,OPE-2,Operate and maintain a portable grinder,,2,2008-11-28 00:00:00.000,2011-11-28 00:00:00.000,2008-11-28 00:00:00.000,1900-01-01 00:00:00.000,Y,1073
*,OPE-1,Operate and maintain a portable drilling machine,,2,2008-11-28 00:00:00.000,2011-11-28 00:00:00.000,2008-11-28 00:00:00.000,1900-01-01 00:00:00.000,Y,1074
*,OPD       ,Assist with overhauling a pneumatic brake system,,0,2008-11-28 17:10:04.000,2011-11-28 17:10:04.000,2008-11-28 17:10:04.000,1900-01-01 00:00:00.000,Y,1075
*,OPA       ,Overhaul a steering box (power assisted),,0,2008-11-28 17:10:04.000,2011-11-28 17:10:04.000,2008-11-28 17:10:04.000,1900-01-01 00:00:00.000,Y,1076
*,OP        ,Overhaul a planetary system,,0,2008-11-28 17:10:04.000,2011-11-28 17:10:04.000,2008-11-28 17:10:04.000,1900-01-01 00:00:00.000,Y,1077
*,OMT-2     ,Overhaul a manual transmission,,0,2008-11-28 17:10:04.000,2011-11-28 17:10:04.000,2008-11-28 17:10:04.000,1900-01-01 00:00:00.000,Y,1078
*,OMT-1,Select the gear ratio’s on a manual transmission,,3,2008-11-28 00:00:00.000,2011-11-28 00:00:00.000,2008-11-28 00:00:00.000,1900-01-01 00:00:00.000,Y,1079
*,OMG-1,Maintain a gearbox,,2,2008-11-28 00:00:00.000,2011-11-28 00:00:00.000,2008-11-28 00:00:00.000,1900-01-01 00:00:00.000,Y,1080
*,OM-6      ,Operate a bending roll,,0,2008-11-28 17:10:04.000,2011-11-28 17:10:04.000,2008-11-28 17:10:04.000,1900-01-01 00:00:00.000,Y,1081
*,OM-5      ,Operate a bending press,,0,2008-11-28 17:10:04.000,2011-11-28 17:10:04.000,2008-11-28 17:10:04.000,1900-01-01 00:00:00.000,Y,1082
*,om-4,Operate a punch and shearing machine,,1,2008-11-28 00:00:00.000,2011-11-28 00:00:00.000,2008-11-28 00:00:00.000,1900-01-01 00:00:00.000,Y,1083
*,om-3,Operate a guillotine shearing machine,,1,2008-11-28 00:00:00.000,2011-11-28 00:00:00.000,2008-11-28 00:00:00.000,1900-01-01 00:00:00.000,Y,1084
*,om-2,Operate a drilling machine,,1,2008-11-28 00:00:00.000,2011-11-28 00:00:00.000,2008-11-28 00:00:00.000,1900-01-01 00:00:00.000,Y,1085
*,OM-1,Operate a pedestal grinder,,1,2008-11-28 00:00:00.000,2011-11-28 00:00:00.000,2008-11-28 00:00:00.000,1900-01-01 00:00:00.000,Y,1086
*,OLS,Assist with overhauling a limited slip differential,,2,2008-11-28 00:00:00.000,2011-11-28 00:00:00.000,2008-11-28 00:00:00.000,1900-01-01 00:00:00.000,Y,1087
*,OEC       ,Maintain overhead electric cranes,,0,2008-11-28 17:10:04.000,2011-11-28 17:10:04.000,2008-11-28 17:10:04.000,1900-01-01 00:00:00.000,Y,1088
*,ODP,Overhaul an injector of a DP fuel system,,2,2008-11-28 00:00:00.000,2011-11-28 00:00:00.000,2008-11-28 00:00:00.000,1900-01-01 00:00:00.000,Y,1089
*,ODF-2     ,Assemble a differential and final drive,,0,2008-11-28 17:10:04.000,2011-11-28 17:10:04.000,2008-11-28 17:10:04.000,1900-01-01 00:00:00.000,Y,1090
*,ODF-1     ,"Strip, clean and inspect a differential and final drive",,0,2008-11-28 17:10:04.000,2011-11-28 17:10:04.000,2008-11-28 17:10:04.000,1900-01-01 00:00:00.000,Y,1091
*,ODC       ,Overhaul a D.C. motor,,0,2008-11-28 17:10:04.000,2011-11-28 17:10:04.000,2008-11-28 17:10:04.000,1900-01-01 00:00:00.000,Y,1092
*,OCA       ,Overhaul a cylinder head assembly,,0,2008-11-28 17:10:04.000,2011-11-28 17:10:04.000,2008-11-28 17:10:04.000,1900-01-01 00:00:00.000,Y,1093
*,OC,Examine and use an Overhead Crane,,0,2008-11-28 00:00:00.000,2011-11-28 00:00:00.000,2008-11-28 00:00:00.000,1900-01-01 00:00:00.000,Y,1094
*,obw,Service brake shoes and wheel cylinders,,2,2008-11-28 00:00:00.000,2011-11-28 00:00:00.000,2008-11-28 00:00:00.000,1900-01-01 00:00:00.000,Y,1095
*,OAW-E,Use oxy-acetylene and arc welding equipment,,0,2008-11-28 17:10:04.000,2011-11-28 17:10:04.000,2008-11-28 17:10:04.000,1900-01-01 00:00:00.000,Y,1096
*,oaw-e,Use oxy-acetylene and arc welding equipment,,5,2008-11-28 17:10:04.000,2011-11-28 17:10:04.000,2008-11-28 17:10:04.000,1900-01-01 00:00:00.000,Y,1097
*,oaw-2,Braze a lap joint,,1,2008-11-28 00:00:00.000,2011-11-28 00:00:00.000,2008-11-28 00:00:00.000,1900-01-01 00:00:00.000,Y,1098
*,oaw-1,Weld plates (Oxy-acetylene),,3,2008-11-28 00:00:00.000,2011-11-28 00:00:00.000,2008-11-28 00:00:00.000,1900-01-01 00:00:00.000,Y,1099
*,oaw,Use welding equipment,,2,2008-11-28 00:00:00.000,2011-11-28 00:00:00.000,2008-11-28 00:00:00.000,1900-01-01 00:00:00.000,Y,1100
*,oac-4,Use a profile cutting machine,,1,2008-11-28 00:00:00.000,2011-11-28 00:00:00.000,2008-11-28 00:00:00.000,1900-01-01 00:00:00.000,Y,1101
*,oac-3,Use a portable straight line cutter,,1,2008-11-28 00:00:00.000,2011-11-28 00:00:00.000,2008-11-28 00:00:00.000,1900-01-01 00:00:00.000,Y,1102
*,oac-2,Use a radius bar,,1,2008-11-28 00:00:00.000,2011-11-28 00:00:00.000,2008-11-28 00:00:00.000,1900-01-01 00:00:00.000,Y,1103
*,OAC-1,Use oxy-acetylene cutting equipment,,3,2008-11-28 00:00:00.000,2011-11-28 00:00:00.000,2008-11-28 00:00:00.000,1900-01-01 00:00:00.000,Y,1104
*,OAC       ,Use oxy-acetylene cutting equipment,,0,2008-11-28 17:10:04.000,2011-11-28 17:10:04.000,2008-11-28 17:10:04.000,1900-01-01 00:00:00.000,Y,1105
*,oa-1,Operate oxy-acetylene cutting equipment,,1,2008-11-28 00:00:00.000,2011-11-28 00:00:00.000,2008-11-28 00:00:00.000,1900-01-01 00:00:00.000,Y,1106
*,NDU       ,Remove and replace a nitinol drive unit,,0,2008-11-28 17:10:04.000,2011-11-28 17:10:04.000,2008-11-28 17:10:04.000,1900-01-01 00:00:00.000,Y,1107
*,MWS ,Maintain a water pipe system,,1,2008-11-28 00:00:00.000,2011-11-28 00:00:00.000,2008-11-28 00:00:00.000,1900-01-01 00:00:00.000,Y,1108
*,MWP       ,Mark off a workpiece,,0,2008-11-28 17:10:04.000,2011-11-28 17:10:04.000,2008-11-28 17:10:04.000,1900-01-01 00:00:00.000,Y,1109
*,MWM       ,Maintain workshop machines,,0,2008-11-28 17:10:04.000,2011-11-28 17:10:04.000,2008-11-28 17:10:04.000,1900-01-01 00:00:00.000,Y,1110
*,mw,Maintain winches,,1,2008-11-28 00:00:00.000,2011-11-28 00:00:00.000,2008-11-28 00:00:00.000,1900-01-01 00:00:00.000,Y,1111
*,MVS,Maintain a vibrating screen,,1,2008-11-28 00:00:00.000,2011-11-28 00:00:00.000,2008-11-28 00:00:00.000,1900-01-01 00:00:00.000,Y,1112
*,MVF       ,Maintain vibration feeders,,0,2008-11-28 17:10:04.000,2011-11-28 17:10:04.000,2008-11-28 17:10:04.000,1900-01-01 00:00:00.000,Y,1113
*,MVB,Service a multiple v-belt drive on an engine,,1,2008-11-28 00:00:00.000,2011-11-28 00:00:00.000,2008-11-28 00:00:00.000,1900-01-01 00:00:00.000,Y,1114
*,MUS,Assist with maintaining and repairing an underground settler,,0,2008-11-28 00:00:00.000,2011-11-28 00:00:00.000,2008-11-28 00:00:00.000,1900-01-01 00:00:00.000,Y,1115
*,MTP       ,Plan a turning workpiece,,0,2008-11-28 17:10:04.000,2011-11-28 17:10:04.000,2008-11-28 17:10:04.000,1900-01-01 00:00:00.000,Y,1116
*,"65-FT",Adjust slip clutches on a loader,,0,2008-11-28 00:00:00.000,2011-11-28 00:00:00.000,2008-11-28 00:00:00.000,1900-01-01 00:00:00.000,Y,1117
*,MTM       ,Maintain a lathe,,0,2008-11-28 17:10:04.000,2011-11-28 17:10:04.000,2008-11-28 17:10:04.000,1900-01-01 00:00:00.000,Y,1118
*,MTH       ,Maintain 10 ton hoppers,,0,2008-11-28 17:10:04.000,2011-11-28 17:10:04.000,2008-11-28 17:10:04.000,1900-01-01 00:00:00.000,Y,1119
*,MTG       ,Grind tool bits,,0,2008-11-28 17:10:04.000,2011-11-28 17:10:04.000,2008-11-28 17:10:04.000,1900-01-01 00:00:00.000,Y,1120
*,MTF       ,Turn a coupling pin and bush,,0,2008-11-28 17:10:04.000,2011-11-28 17:10:04.000,2008-11-28 17:10:04.000,1900-01-01 00:00:00.000,Y,1121
*,MTC,Test a cable,,1,2008-11-28 00:00:00.000,2011-11-28 00:00:00.000,2008-11-28 00:00:00.000,1900-01-01 00:00:00.000,Y,1122
*,MT-P      ,Maintain a tank,,0,2008-11-28 17:10:04.000,2011-11-28 17:10:04.000,2008-11-28 17:10:04.000,1900-01-01 00:00:00.000,Y,1123
*,mt-2,Test a three phase motor,,1,2008-11-28 00:00:00.000,2011-11-28 00:00:00.000,2008-11-28 00:00:00.000,1900-01-01 00:00:00.000,Y,1124
*,MT-1,Test a single phase motor,,2,2008-11-28 00:00:00.000,2011-11-28 00:00:00.000,2008-11-28 00:00:00.000,1900-01-01 00:00:00.000,Y,1125
*,MT        ,Assist with overhauling a manual transmission,,0,2008-11-28 17:10:04.000,2011-11-28 17:10:04.000,2008-11-28 17:10:04.000,1900-01-01 00:00:00.000,Y,1126
*,MST       ,Maintain surface transport e.g. trucks,,0,2008-11-28 17:10:04.000,2011-11-28 17:10:04.000,2008-11-28 17:10:04.000,1900-01-01 00:00:00.000,Y,1127
*,MSS-E,Service main sub-station,,0,2008-11-28 00:00:00.000,2011-11-28 00:00:00.000,2008-11-28 00:00:00.000,1900-01-01 00:00:00.000,Y,1128
*,MSM       ,Maintain a shaper,,0,2008-11-28 17:10:04.000,2011-11-28 17:10:04.000,2008-11-28 17:10:04.000,1900-01-01 00:00:00.000,Y,1129
*,MSF    ,Shape a stop block,,2,2008-11-28 00:00:00.000,2011-11-28 00:00:00.000,2008-11-28 00:00:00.000,1900-01-01 00:00:00.000,Y,1130
*,MSD,Maintain safety devices on a conveyor belt system,,1,2008-11-28 00:00:00.000,2011-11-28 00:00:00.000,2008-11-28 00:00:00.000,1900-01-01 00:00:00.000,Y,1131
*,MS-IM     ,Use relative density scales,,0,2008-11-28 17:10:04.000,2011-11-28 17:10:04.000,2008-11-28 17:10:04.000,1900-01-01 00:00:00.000,Y,1132
*,mrv,Maintain and repair gate valves,,2,2008-11-28 00:00:00.000,2011-11-28 00:00:00.000,2008-11-28 00:00:00.000,1900-01-01 00:00:00.000,Y,1133
*,MRS-1     ,Check haulage rolling stock (six monthly),,0,2008-11-28 17:10:04.000,2011-11-28 17:10:04.000,2008-11-28 17:10:04.000,1900-01-01 00:00:00.000,Y,1134
*,MRS       ,Check main line rolling stock,,0,2008-11-28 17:10:04.000,2011-11-28 17:10:04.000,2008-11-28 17:10:04.000,1900-01-01 00:00:00.000,Y,1135
*,MRPS,Maintain and repair pipe work systems,,1,2008-11-28 00:00:00.000,2011-11-28 00:00:00.000,2008-11-28 00:00:00.000,1900-01-01 00:00:00.000,Y,1136
*,MRP,Assist with maintaining an underground refrigeration plant,,0,2008-11-28 00:00:00.000,2011-11-28 00:00:00.000,2008-11-28 00:00:00.000,1900-01-01 00:00:00.000,Y,1137
*,MRC,"Inspect, repair and maintain a conveyor belt system.",,1,2008-11-28 00:00:00.000,2011-11-28 00:00:00.000,2008-11-28 00:00:00.000,1900-01-01 00:00:00.000,Y,1138
*,MPS       ,Plan a shaping workpiece,,0,2008-11-28 17:10:04.000,2011-11-28 17:10:04.000,2008-11-28 17:10:04.000,1900-01-01 00:00:00.000,Y,1139
*,MPR       ,Test and maintain motor protection relays,,0,2008-11-28 17:10:04.000,2011-11-28 17:10:04.000,2008-11-28 17:10:04.000,1900-01-01 00:00:00.000,Y,1140
*,MPM    ,Plan a milling workpiece,,0,2008-11-28 00:00:00.000,2011-11-28 00:00:00.000,2008-11-28 00:00:00.000,1900-01-01 00:00:00.000,Y,1141
*,mpe,Maintain portable electrical equipment,,2,2008-11-28 00:00:00.000,2011-11-28 00:00:00.000,2008-11-28 00:00:00.000,1900-01-01 00:00:00.000,Y,1142
*,mpd,Plan a drilling workpiece,,1,2008-11-28 00:00:00.000,2011-11-28 00:00:00.000,2008-11-28 00:00:00.000,1900-01-01 00:00:00.000,Y,1143
*,mp-1,Phase out an induction motor,,1,2008-11-28 00:00:00.000,2011-11-28 00:00:00.000,2008-11-28 00:00:00.000,1900-01-01 00:00:00.000,Y,1144
*,mop,Maintain and overhaul pumps,,1,2008-11-28 00:00:00.000,2011-11-28 00:00:00.000,2008-11-28 00:00:00.000,1900-01-01 00:00:00.000,Y,1145
*,mog,Maintain and overhaul a gearbox,,1,2008-11-28 00:00:00.000,2011-11-28 00:00:00.000,2008-11-28 00:00:00.000,1900-01-01 00:00:00.000,Y,1146
*,MOC-E     ,Maintain overhead cranes,,0,2008-11-28 17:10:04.000,2011-11-28 17:10:04.000,2008-11-28 17:10:04.000,1900-01-01 00:00:00.000,Y,1147
*,MOC       ,Maintain 5 ton hoppers,,0,2008-11-28 17:10:04.000,2011-11-28 17:10:04.000,2008-11-28 17:10:04.000,1900-01-01 00:00:00.000,Y,1148
*,mo-3,Mark off a channel iron,,1,2008-11-28 00:00:00.000,2011-11-28 00:00:00.000,2008-11-28 00:00:00.000,1900-01-01 00:00:00.000,Y,1149
*,mo-2,Mark off a I-beam,,1,2008-11-28 00:00:00.000,2011-11-28 00:00:00.000,2008-11-28 00:00:00.000,1900-01-01 00:00:00.000,Y,1150
*,MO-1-MW   ,Overhaul a three phase motor,,0,2008-11-28 17:10:04.000,2011-11-28 17:10:04.000,2008-11-28 17:10:04.000,1900-01-01 00:00:00.000,Y,1151
*,mo-1,Mark off a liner plate,,1,2008-11-28 00:00:00.000,2011-11-28 00:00:00.000,2008-11-28 00:00:00.000,1900-01-01 00:00:00.000,Y,1152
*,MMW-3     ,Assist in the maintenance of main winders (yearly),,0,2008-11-28 17:10:04.000,2011-11-28 17:10:04.000,2008-11-28 17:10:04.000,1900-01-01 00:00:00.000,Y,1153
*,MMW-2,Assist in the maintenance of main winders (two weekly),,0,2008-11-28 00:00:00.000,2011-11-28 00:00:00.000,2008-11-28 00:00:00.000,1900-01-01 00:00:00.000,Y,1154
*,MMW-1 ,Assist in the maintenance of main winders (Daily & Weekly),,1,2008-11-28 00:00:00.000,2011-11-28 00:00:00.000,2008-11-28 00:00:00.000,1900-01-01 00:00:00.000,Y,1155
*,MMP,Maintain main de-watering plant,,2,2008-11-28 00:00:00.000,2011-11-28 00:00:00.000,2008-11-28 00:00:00.000,1900-01-01 00:00:00.000,Y,1156
*,MMM       ,Maintain a milling machine,,0,2008-11-28 17:10:04.000,2011-11-28 17:10:04.000,2008-11-28 17:10:04.000,1900-01-01 00:00:00.000,Y,1157
*,MMI-IM    ,Use measuring instruments and marking off tools,,0,2008-11-28 17:10:04.000,2011-11-28 17:10:04.000,2008-11-28 17:10:04.000,1900-01-01 00:00:00.000,Y,1158
*,mmi-e,Measure and mark off material,,2,2008-11-28 00:00:00.000,2011-11-28 00:00:00.000,2008-11-28 00:00:00.000,1900-01-01 00:00:00.000,Y,1159
*,mmi,Use measuring instruments,,2,2008-11-28 00:00:00.000,2011-11-28 00:00:00.000,2008-11-28 00:00:00.000,1900-01-01 00:00:00.000,Y,1160
*,MMG,Maintain a pedestal grinder,,1,2008-11-28 00:00:00.000,2011-11-28 00:00:00.000,2008-11-28 00:00:00.000,1900-01-01 00:00:00.000,Y,1161
*,MMF-P     ,Assist with maintaining a main fan,,0,2008-11-28 17:10:04.000,2011-11-28 17:10:04.000,2008-11-28 17:10:04.000,1900-01-01 00:00:00.000,Y,1162
*,MMF,Mill a keyway and hexagon,,4,2008-11-28 00:00:00.000,2011-11-28 00:00:00.000,2008-11-28 00:00:00.000,1900-01-01 00:00:00.000,Y,1163
*,MMC       ,Maintain compressors,,0,2008-11-28 17:10:04.000,2011-11-28 17:10:04.000,2008-11-28 17:10:04.000,1900-01-01 00:00:00.000,Y,1164
*,MM        ,Mass measurement,,0,2008-11-28 17:10:04.000,2011-11-28 17:10:04.000,2008-11-28 17:10:04.000,1900-01-01 00:00:00.000,Y,1165
*,MLM       ,Maintain level measuring devices,,0,2008-11-28 17:10:04.000,2011-11-28 17:10:04.000,2008-11-28 17:10:04.000,1900-01-01 00:00:00.000,Y,1166
*,MLF       ,Maintain and lubricate rotary filters,,0,2008-11-28 17:10:04.000,2011-11-28 17:10:04.000,2008-11-28 17:10:04.000,1900-01-01 00:00:00.000,Y,1167
*,MLB,"Assist with inspecting, maintaining and repairing a loading/box",,0,2008-11-28 00:00:00.000,2011-11-28 00:00:00.000,2008-11-28 00:00:00.000,1900-01-01 00:00:00.000,Y,1168
*,ML,Maintain mechanical loaders,,3,2008-11-28 00:00:00.000,2011-11-28 00:00:00.000,2008-11-28 00:00:00.000,1900-01-01 00:00:00.000,Y,1169
*,MIR,Assist with monthly inspection of ropes and shaft,,2,2008-11-28 00:00:00.000,2011-11-28 00:00:00.000,2008-11-28 00:00:00.000,1900-01-01 00:00:00.000,Y,1170
*,MIG,Use MIG welding equipment,,0,2008-11-28 00:00:00.000,2011-11-28 00:00:00.000,2008-11-28 00:00:00.000,1900-01-01 00:00:00.000,Y,1171
*,mi,Identify material,,1,2008-11-28 00:00:00.000,2011-11-28 00:00:00.000,2008-11-28 00:00:00.000,1900-01-01 00:00:00.000,Y,1172
*,MHT,"Inspect, maintain and repair an underground haulage tip",,0,2008-11-28 00:00:00.000,2011-11-28 00:00:00.000,2008-11-28 00:00:00.000,1900-01-01 00:00:00.000,Y,1173
*,MH,Maintain a bin/hopper,,1,2008-11-28 00:00:00.000,2011-11-28 00:00:00.000,2008-11-28 00:00:00.000,1900-01-01 00:00:00.000,Y,1174
*,MG-P      ,Fabricate machine guards,,0,2008-11-28 17:10:04.000,2011-11-28 17:10:04.000,2008-11-28 17:10:04.000,1900-01-01 00:00:00.000,Y,1175
*,MG-E,Fit a mechanical gland to a PVC/PILC cable,,1,2008-11-28 00:00:00.000,2011-11-28 00:00:00.000,2008-11-28 00:00:00.000,1900-01-01 00:00:00.000,Y,1176
*,mg,Operate and maintain a pedestal grinder,,2,2008-11-28 00:00:00.000,2011-11-28 00:00:00.000,2008-11-28 00:00:00.000,1900-01-01 00:00:00.000,Y,1177
*,MFL       ,Maintain front end loaders,,0,2008-11-28 17:10:04.000,2011-11-28 17:10:04.000,2008-11-28 17:10:04.000,1900-01-01 00:00:00.000,Y,1178
*,MF  ,Assist with the maintenance of main fans,,2,2008-11-28 00:00:00.000,2011-11-28 00:00:00.000,2008-11-28 00:00:00.000,1900-01-01 00:00:00.000,Y,1179
*,MEG,Assist with the maintenance of emergency generators,,2,2008-11-28 00:00:00.000,2011-11-28 00:00:00.000,2008-11-28 00:00:00.000,1900-01-01 00:00:00.000,Y,1180
*,MEB       ,Maintain electromagnetic brakes,,0,2008-11-28 17:10:04.000,2011-11-28 17:10:04.000,2008-11-28 17:10:04.000,1900-01-01 00:00:00.000,Y,1181
*,MDP       ,Maintain dust plants,,0,2008-11-28 17:10:04.000,2011-11-28 17:10:04.000,2008-11-28 17:10:04.000,1900-01-01 00:00:00.000,Y,1182
*,mdm,Maintain a pedestal drill,,1,2008-11-28 00:00:00.000,2011-11-28 00:00:00.000,2008-11-28 00:00:00.000,1900-01-01 00:00:00.000,Y,1183
*,MDL-3     ,Maintain diesel locomotives (monthly),,0,2008-11-28 17:10:04.000,2011-11-28 17:10:04.000,2008-11-28 17:10:04.000,1900-01-01 00:00:00.000,Y,1184
*,MDL-2     ,Maintain diesel locomotives (weekly),,0,2008-11-28 17:10:04.000,2011-11-28 17:10:04.000,2008-11-28 17:10:04.000,1900-01-01 00:00:00.000,Y,1185
*,MDL-1     ,Maintain diesel locomotives (daily),,0,2008-11-28 17:10:04.000,2011-11-28 17:10:04.000,2008-11-28 17:10:04.000,1900-01-01 00:00:00.000,Y,1186
*,mdg,Sharpen a drill,,2,2008-11-28 00:00:00.000,2011-11-28 00:00:00.000,2008-11-28 00:00:00.000,1900-01-01 00:00:00.000,Y,1187
*,MDF       ,Drill a flange,,0,2008-11-28 17:10:04.000,2011-11-28 17:10:04.000,2008-11-28 17:10:04.000,1900-01-01 00:00:00.000,Y,1188
*,MDE       ,Inspect and maintain diesel powered equipment,,0,2008-11-28 17:10:04.000,2011-11-28 17:10:04.000,2008-11-28 17:10:04.000,1900-01-01 00:00:00.000,Y,1189
*,MCY       ,Maintain a cyclone,,0,2008-11-28 17:10:04.000,2011-11-28 17:10:04.000,2008-11-28 17:10:04.000,1900-01-01 00:00:00.000,Y,1190
*,MCS-2     ,Maintain auto-electrical systems,,0,2008-11-28 17:10:04.000,2011-11-28 17:10:04.000,2008-11-28 17:10:04.000,1900-01-01 00:00:00.000,Y,1191
*,mcs-1,Maintain a storage battery,,3,2008-11-28 00:00:00.000,2011-11-28 00:00:00.000,2008-11-28 00:00:00.000,1900-01-01 00:00:00.000,Y,1192
*,MCS       ,Maintain a compressed air pipe system,,0,2008-11-28 17:10:04.000,2011-11-28 17:10:04.000,2008-11-28 17:10:04.000,1900-01-01 00:00:00.000,Y,1193
*,MCR       ,Maintain crushers,,0,2008-11-28 17:10:04.000,2011-11-28 17:10:04.000,2008-11-28 17:10:04.000,1900-01-01 00:00:00.000,Y,1194
*,MCL-2     ,Maintain a compressor lubricating system (monthly),,0,2008-11-28 17:10:04.000,2011-11-28 17:10:04.000,2008-11-28 17:10:04.000,1900-01-01 00:00:00.000,Y,1195
*,MCL-1 ,Maintain a compressor lubricating system (Daily & Weekly),,1,2008-11-28 00:00:00.000,2011-11-28 00:00:00.000,2008-11-28 00:00:00.000,1900-01-01 00:00:00.000,Y,1196
*,MCH,Maintain and fault find on the cylinder head of an engine,,2,2008-11-28 00:00:00.000,2011-11-28 00:00:00.000,2008-11-28 00:00:00.000,1900-01-01 00:00:00.000,Y,1197
*,MCF   ,Maintain compressor filters,,1,2008-11-28 00:00:00.000,2011-11-28 00:00:00.000,2008-11-28 00:00:00.000,1900-01-01 00:00:00.000,Y,1198
*,MCD       ,Maintain and align a chain drive,,0,2008-11-28 17:10:04.000,2011-11-28 17:10:04.000,2008-11-28 17:10:04.000,1900-01-01 00:00:00.000,Y,1199
*,MCC-2     ,Maintain a cone crusher,,0,2008-11-28 17:10:04.000,2011-11-28 17:10:04.000,2008-11-28 17:10:04.000,1900-01-01 00:00:00.000,Y,1200
*,MCC       ,Maintain a compressor cooling system,,0,2008-11-28 17:10:04.000,2011-11-28 17:10:04.000,2008-11-28 17:10:04.000,1900-01-01 00:00:00.000,Y,1201
*,mcb,Mount circuit breakers,,1,2008-11-28 00:00:00.000,2011-11-28 00:00:00.000,2008-11-28 00:00:00.000,1900-01-01 00:00:00.000,Y,1202
*,MC,Maintain chutes,,1,2008-11-28 00:00:00.000,2011-11-28 00:00:00.000,2008-11-28 00:00:00.000,1900-01-01 00:00:00.000,Y,1203
*,MBT-3     ,Maintain ball and tube mills (six monthly),,0,2008-11-28 17:10:04.000,2011-11-28 17:10:04.000,2008-11-28 17:10:04.000,1900-01-01 00:00:00.000,Y,1204
*,MBT-2     ,Maintain ball and tube mills (monthly),,0,2008-11-28 17:10:04.000,2011-11-28 17:10:04.000,2008-11-28 17:10:04.000,1900-01-01 00:00:00.000,Y,1205
*,MBT-1  ,Maintain ball and tube mills (Daily & Weekly),,1,2008-11-28 00:00:00.000,2011-11-28 00:00:00.000,2008-11-28 00:00:00.000,1900-01-01 00:00:00.000,Y,1206
*,MBS       ,Maintain exhaust brake systems,,0,2008-11-28 17:10:04.000,2011-11-28 17:10:04.000,2008-11-28 17:10:04.000,1900-01-01 00:00:00.000,Y,1207
*,MBL-2     ,Maintain battery locomotives (monthly),,0,2008-11-28 17:10:04.000,2011-11-28 17:10:04.000,2008-11-28 17:10:04.000,1900-01-01 00:00:00.000,Y,1208
*,MBL-1 ,Maintain battery locomotives (Daily & Weekly),,1,2008-11-28 00:00:00.000,2011-11-28 00:00:00.000,2008-11-28 00:00:00.000,1900-01-01 00:00:00.000,Y,1209
*,MBC,"Maintain brushes and commutators, remove, refit, bed and tension brushes",,3,2008-11-28 00:00:00.000,2011-11-28 00:00:00.000,2008-11-28 00:00:00.000,1900-01-01 00:00:00.000,Y,1210
*,MB-P      ,Fabricate machine base plates,,0,2008-11-28 17:10:04.000,2011-11-28 17:10:04.000,2008-11-28 17:10:04.000,1900-01-01 00:00:00.000,Y,1211
*,mb-dm,Maintain batteries,,1,2008-11-28 00:00:00.000,2011-11-28 00:00:00.000,2008-11-28 00:00:00.000,1900-01-01 00:00:00.000,Y,1212
*,MB-3,Assist with maintaining boilers (Monthly),,0,2008-11-28 00:00:00.000,2011-11-28 00:00:00.000,2008-11-28 00:00:00.000,1900-01-01 00:00:00.000,Y,1213
*,MB-2      ,Assist with maintaining boilers (Weekly),,0,2008-11-28 17:10:04.000,2011-11-28 17:10:04.000,2008-11-28 17:10:04.000,1900-01-01 00:00:00.000,Y,1214
*,MB-1      ,Assist with maintaining boilers (Daily),,0,2008-11-28 17:10:04.000,2011-11-28 17:10:04.000,2008-11-28 17:10:04.000,1900-01-01 00:00:00.000,Y,1215
*,IMB     ,Inspect and maintain magnetic belts,,1,2008-11-28 00:00:00.000,2011-11-28 00:00:00.000,2008-11-28 00:00:00.000,1900-01-01 00:00:00.000,Y,1216
*,MAS       ,Maintain a sieve,,0,2008-11-28 17:10:04.000,2011-11-28 17:10:04.000,2008-11-28 17:10:04.000,1900-01-01 00:00:00.000,Y,1217
*,MAR-2,Assist maintaining a receiver (Yearly),,0,2008-11-28 00:00:00.000,2011-11-28 00:00:00.000,2008-11-28 00:00:00.000,1900-01-01 00:00:00.000,Y,1218
*,MAR-1,Assist in maintaining a receiver (Daily),,1,2008-11-28 00:00:00.000,2011-11-28 00:00:00.000,2008-11-28 00:00:00.000,1900-01-01 00:00:00.000,Y,1219
*,MAF       ,Maintain an apron feeder,,0,2008-11-28 17:10:04.000,2011-11-28 17:10:04.000,2008-11-28 17:10:04.000,1900-01-01 00:00:00.000,Y,1220
*,MAC-1,Maintain air actuating cylinders and service units (weekly),,0,2008-11-28 00:00:00.000,2011-11-28 00:00:00.000,2008-11-28 00:00:00.000,1900-01-01 00:00:00.000,Y,1221
*,"",Maintain air actuating cylinders and service units,,0,2008-11-28 17:10:04.000,2011-11-28 17:10:04.000,2008-11-28 17:10:04.000,1900-01-01 00:00:00.000,Y,1222
*,mac-1,Maintain air actuating cylinders and service units,,1,2008-11-28 00:00:00.000,2011-11-28 00:00:00.000,2008-11-28 00:00:00.000,1900-01-01 00:00:00.000,Y,1223
*,ma-t,Explain electromagnetism,,3,2008-11-28 00:00:00.000,2011-11-28 00:00:00.000,2008-11-28 00:00:00.000,1900-01-01 00:00:00.000,Y,1224
*,LUB-2,Pack a plummer block,,1,2008-11-28 00:00:00.000,2011-11-28 00:00:00.000,2008-11-28 00:00:00.000,1900-01-01 00:00:00.000,Y,1225
*,LUB-1,Set a drip feed lubricator,,1,2008-11-28 00:00:00.000,2011-11-28 00:00:00.000,2008-11-28 00:00:00.000,1900-01-01 00:00:00.000,Y,1226
*,lsv,Lubricate and service a vehicle,,1,2008-11-28 00:00:00.000,2011-11-28 00:00:00.000,2008-11-28 00:00:00.000,1900-01-01 00:00:00.000,Y,1227
*,LSS       ,Make a long splice in two steel ropes,,0,2008-11-28 17:10:04.000,2011-11-28 17:10:04.000,2008-11-28 17:10:04.000,1900-01-01 00:00:00.000,Y,1228
*,LSM       ,Splice a long splice in a manila rope,,0,2008-11-28 17:10:04.000,2011-11-28 17:10:04.000,2008-11-28 17:10:04.000,1900-01-01 00:00:00.000,Y,1229
*,ls,Maintain lights and sirens,,1,2008-11-28 00:00:00.000,2011-11-28 00:00:00.000,2008-11-28 00:00:00.000,1900-01-01 00:00:00.000,Y,1230
*,LRB       ,Take and interpret lead readings on bearings,,0,2008-11-28 17:10:04.000,2011-11-28 17:10:04.000,2008-11-28 17:10:04.000,1900-01-01 00:00:00.000,Y,1231
*,LOP,Do lock-out procedure,,1,2008-11-28 00:00:00.000,2011-11-28 00:00:00.000,2008-11-28 00:00:00.000,1900-01-01 00:00:00.000,Y,1232
*,LMM,Lift and move machinery and equipment,,2,2008-11-28 00:00:00.000,2011-11-28 00:00:00.000,2008-11-28 00:00:00.000,1900-01-01 00:00:00.000,Y,1233
*,LM-IM     ,Level measurement,,0,2008-11-28 17:10:04.000,2011-11-28 17:10:04.000,2008-11-28 17:10:04.000,1900-01-01 00:00:00.000,Y,1234
*,LM-2      ,Lift and move equipment,,0,2008-11-28 17:10:04.000,2011-11-28 17:10:04.000,2008-11-28 17:10:04.000,1900-01-01 00:00:00.000,Y,1235
*,LM-1,Check and maintain lifting equipment and rigging hardware,,1,2008-11-28 00:00:00.000,2011-11-28 00:00:00.000,2008-11-28 00:00:00.000,1900-01-01 00:00:00.000,Y,1236
*,lm,Lift and move equipment,,2,2008-11-28 00:00:00.000,2011-11-28 00:00:00.000,2008-11-28 00:00:00.000,1900-01-01 00:00:00.000,Y,1237
*,LI        ,Calibrate a linear integrator,,0,2008-11-28 17:10:04.000,2011-11-28 17:10:04.000,2008-11-28 17:10:04.000,1900-01-01 00:00:00.000,Y,1238
*,LE        ,Assist with inspecting liberator extraction fan,,0,2008-11-28 17:10:04.000,2011-11-28 17:10:04.000,2008-11-28 17:10:04.000,1900-01-01 00:00:00.000,Y,1239
*,LCE-2     ,Maintain large capacity winches (monthly),,0,2008-11-28 17:10:04.000,2011-11-28 17:10:04.000,2008-11-28 17:10:04.000,1900-01-01 00:00:00.000,Y,1240
*,LCE-1     ,Maintain large capacity winches (weekly),,0,2008-11-28 17:10:04.000,2011-11-28 17:10:04.000,2008-11-28 17:10:04.000,1900-01-01 00:00:00.000,Y,1241
*,LCE,Lay cable in figure of eight,,0,2008-11-28 00:00:00.000,2011-11-28 00:00:00.000,2008-11-28 00:00:00.000,1900-01-01 00:00:00.000,Y,1242
*,lc-1,Wire fluorescent lamp circuits,,4,2008-11-28 00:00:00.000,2011-11-28 00:00:00.000,2008-11-28 00:00:00.000,1900-01-01 00:00:00.000,Y,1243
*,LB        ,Clean lutes in level purge systems,,0,2008-11-28 17:10:04.000,2011-11-28 17:10:04.000,2008-11-28 17:10:04.000,1900-01-01 00:00:00.000,Y,1244
*,KF       ,Fit a key,,4,2008-11-28 00:00:00.000,2011-11-28 00:00:00.000,2008-11-28 00:00:00.000,1900-01-01 00:00:00.000,Y,1245
*,kb,Tie knots and bends,,2,2008-11-28 00:00:00.000,2011-11-28 00:00:00.000,2008-11-28 00:00:00.000,1900-01-01 00:00:00.000,Y,1246
*,JVS       ,Jack up a vehicle and make it safe,,0,2008-11-28 17:10:04.000,2011-11-28 17:10:04.000,2008-11-28 17:10:04.000,1900-01-01 00:00:00.000,Y,1247
*,JTC-E     ,Join telephone cables,,0,2008-11-28 17:10:04.000,2011-11-28 17:10:04.000,2008-11-28 17:10:04.000,1900-01-01 00:00:00.000,Y,1248
*,JPE,Assist with the maintenance of main ventilation fans,,1,2008-11-28 00:00:00.000,2011-11-28 00:00:00.000,2008-11-28 00:00:00.000,1900-01-01 00:00:00.000,Y,1249
*,JP-1,Join PILC/SWA cable using pressure joint kit,,0,2008-11-28 00:00:00.000,2011-11-28 00:00:00.000,2008-11-28 00:00:00.000,1900-01-01 00:00:00.000,Y,1250
*,JP,Join PVC/SWA cable using pressure joint kit,,0,2008-11-28 00:00:00.000,2011-11-28 00:00:00.000,2008-11-28 00:00:00.000,1900-01-01 00:00:00.000,Y,1251
*,JC        ,Maintain jaw crushers,,0,2008-11-28 17:10:04.000,2011-11-28 17:10:04.000,2008-11-28 17:10:04.000,1900-01-01 00:00:00.000,Y,1252
*,JB        ,Join a belt,,0,2008-11-28 17:10:04.000,2011-11-28 17:10:04.000,2008-11-28 17:10:04.000,1900-01-01 00:00:00.000,Y,1253
*,ITC-1,Impulse test a cable(High voltage tester),,1,2008-11-28 00:00:00.000,2011-11-28 00:00:00.000,2008-11-28 00:00:00.000,1900-01-01 00:00:00.000,Y,1254
*,ITC,Impulse test cables,,0,2008-11-28 00:00:00.000,2011-11-28 00:00:00.000,2008-11-28 00:00:00.000,1900-01-01 00:00:00.000,Y,1255
*,it-2,Test a three phase installation,,2,2008-11-28 00:00:00.000,2011-11-28 00:00:00.000,2008-11-28 00:00:00.000,1900-01-01 00:00:00.000,Y,1256
*,it-1,Test a single phase installation,,4,2008-11-28 00:00:00.000,2011-11-28 00:00:00.000,2008-11-28 00:00:00.000,1900-01-01 00:00:00.000,Y,1257
*,IT        ,Install telephones,,0,2008-11-28 17:10:04.000,2011-11-28 17:10:04.000,2008-11-28 17:10:04.000,1900-01-01 00:00:00.000,Y,1258
*,ISO,Do isolation/switching-in procedures,,2,2008-11-28 00:00:00.000,2011-11-28 00:00:00.000,2008-11-28 00:00:00.000,1900-01-01 00:00:00.000,Y,1259
*,ISE,Assist with installing with installing settler,,0,2008-11-28 00:00:00.000,2011-11-28 00:00:00.000,2008-11-28 00:00:00.000,1900-01-01 00:00:00.000,Y,1260
*,IS,Install steelwork,,2,2008-11-28 00:00:00.000,2011-11-28 00:00:00.000,2008-11-28 00:00:00.000,1900-01-01 00:00:00.000,Y,1261
*,IRP,Assist with installing with installing a underground refrigeration plant,,0,2008-11-28 00:00:00.000,2011-11-28 00:00:00.000,2008-11-28 00:00:00.000,1900-01-01 00:00:00.000,Y,1262
*,IRC-3,Carry out yearly inspections on a compressor,,1,2008-11-28 00:00:00.000,2011-11-28 00:00:00.000,2008-11-28 00:00:00.000,1900-01-01 00:00:00.000,Y,1263
*,IRC-2,Carry out three monthly inspections on a compressor,,1,2008-11-28 00:00:00.000,2011-11-28 00:00:00.000,2008-11-28 00:00:00.000,1900-01-01 00:00:00.000,Y,1264
*,IRC-1,Carry out daily inspections on a compressor,,1,2008-11-28 00:00:00.000,2011-11-28 00:00:00.000,2008-11-28 00:00:00.000,1900-01-01 00:00:00.000,Y,1265
*,ir,Identify and coil ropes,,1,2008-11-28 00:00:00.000,2011-11-28 00:00:00.000,2008-11-28 00:00:00.000,1900-01-01 00:00:00.000,Y,1266
*,IPS,Install pipe work systems,,2,2008-11-28 00:00:00.000,2011-11-28 00:00:00.000,2008-11-28 00:00:00.000,1900-01-01 00:00:00.000,Y,1267
*,IPD       ,Check an integrator power driver,,0,2008-11-28 17:10:04.000,2011-11-28 17:10:04.000,2008-11-28 17:10:04.000,1900-01-01 00:00:00.000,Y,1268
*,IOC-R     ,Assist with inspection of overhead crane,,0,2008-11-28 17:10:04.000,2011-11-28 17:10:04.000,2008-11-28 17:10:04.000,1900-01-01 00:00:00.000,Y,1269
*,IOC,Assist with installing an underground crane,,0,2008-11-28 00:00:00.000,2011-11-28 00:00:00.000,2008-11-28 00:00:00.000,1900-01-01 00:00:00.000,Y,1270
*,IMT       ,Install and maintain thermometers,,0,2008-11-28 17:10:04.000,2011-11-28 17:10:04.000,2008-11-28 17:10:04.000,1900-01-01 00:00:00.000,Y,1271
*,IMP       ,Install and maintain pressure measuring devices,,0,2008-11-28 17:10:04.000,2011-11-28 17:10:04.000,2008-11-28 17:10:04.000,1900-01-01 00:00:00.000,Y,1272
*,iml-1,Install and maintain lights,,2,2008-11-28 00:00:00.000,2011-11-28 00:00:00.000,2008-11-28 00:00:00.000,1900-01-01 00:00:00.000,Y,1273
*,IMJ       ,Inspect and maintain a jaw crusher,,0,2008-11-28 17:10:04.000,2011-11-28 17:10:04.000,2008-11-28 17:10:04.000,1900-01-01 00:00:00.000,Y,1274
*,IMF       ,Assist with installing a main fan,,0,2008-11-28 17:10:04.000,2011-11-28 17:10:04.000,2008-11-28 17:10:04.000,1900-01-01 00:00:00.000,Y,1275
*,IMD       ,Install and maintain pneumatic devices,,0,2008-11-28 17:10:04.000,2011-11-28 17:10:04.000,2008-11-28 17:10:04.000,1900-01-01 00:00:00.000,Y,1276
*,ILB       ,Assist with installing a loading box,,0,2008-11-28 17:10:04.000,2011-11-28 17:10:04.000,2008-11-28 17:10:04.000,1900-01-01 00:00:00.000,Y,1277
*,IL        ,"Test, maintain and repair insulated light units",,0,2008-11-28 17:10:04.000,2011-11-28 17:10:04.000,2008-11-28 17:10:04.000,1900-01-01 00:00:00.000,Y,1278
*,IHT,Assist in installing underground haulage tip,,0,2008-11-28 00:00:00.000,2011-11-28 00:00:00.000,2008-11-28 00:00:00.000,1900-01-01 00:00:00.000,Y,1279
*,IG        ,Install gully and production boxes,,0,2008-11-28 17:10:04.000,2011-11-28 17:10:04.000,2008-11-28 17:10:04.000,1900-01-01 00:00:00.000,Y,1280
*,ifr,Identify faults in ropes,,1,2008-11-28 00:00:00.000,2011-11-28 00:00:00.000,2008-11-28 00:00:00.000,1900-01-01 00:00:00.000,Y,1281
*,IFM       ,Install and maintain flow measuring devices,,0,2008-11-28 17:10:04.000,2011-11-28 17:10:04.000,2008-11-28 17:10:04.000,1900-01-01 00:00:00.000,Y,1282
*,IED       ,Interpret engineering drawings,,0,2008-11-28 17:10:04.000,2011-11-28 17:10:04.000,2008-11-28 17:10:04.000,1900-01-01 00:00:00.000,Y,1283
*,IE-7,Test electronic systems,,0,2008-11-28 00:00:00.000,2011-11-28 00:00:00.000,2008-11-28 00:00:00.000,1900-01-01 00:00:00.000,Y,1284
*,IE-6      ,Test logic gates,,0,2008-11-28 17:10:04.000,2011-11-28 17:10:04.000,2008-11-28 17:10:04.000,1900-01-01 00:00:00.000,Y,1285
*,IE-5      ,Test a field effect transistor,,0,2008-11-28 17:10:04.000,2011-11-28 17:10:04.000,2008-11-28 17:10:04.000,1900-01-01 00:00:00.000,Y,1286
*,IE-4      ,Identify operational amplifiers,,0,2008-11-28 17:10:04.000,2011-11-28 17:10:04.000,2008-11-28 17:10:04.000,1900-01-01 00:00:00.000,Y,1287
*,IE-3      ,Test multivibrators,,0,2008-11-28 17:10:04.000,2011-11-28 17:10:04.000,2008-11-28 17:10:04.000,1900-01-01 00:00:00.000,Y,1288
*,IE-2      ,Use a transistor as a switch,,0,2008-11-28 17:10:04.000,2011-11-28 17:10:04.000,2008-11-28 17:10:04.000,1900-01-01 00:00:00.000,Y,1289
*,IE-1      ,Test an amplifier,,0,2008-11-28 17:10:04.000,2011-11-28 17:10:04.000,2008-11-28 17:10:04.000,1900-01-01 00:00:00.000,Y,1290
*,IE        ,Install earth leakage protection units,,0,2008-11-28 17:10:04.000,2011-11-28 17:10:04.000,2008-11-28 17:10:04.000,1900-01-01 00:00:00.000,Y,1291
*,IDP       ,Interconnect a differential pressure cell,,0,2008-11-28 17:10:04.000,2011-11-28 17:10:04.000,2008-11-28 17:10:04.000,1900-01-01 00:00:00.000,Y,1292
*,ICU,Assist with installing chute,,0,2008-11-28 00:00:00.000,2011-11-28 00:00:00.000,2008-11-28 00:00:00.000,1900-01-01 00:00:00.000,Y,1293
*,ICL       ,Assist with installing an underground chair lift,,0,2008-11-28 17:10:04.000,2011-11-28 17:10:04.000,2008-11-28 17:10:04.000,1900-01-01 00:00:00.000,Y,1294
*,ICI       ,Inspect and clean intercoolers and aftercoolers,,1,2008-11-28 00:00:00.000,2011-11-28 00:00:00.000,2008-11-28 00:00:00.000,1900-01-01 00:00:00.000,Y,1295
*,IBB       ,Install bus-bars in a distribution box,,0,2008-11-28 17:10:04.000,2011-11-28 17:10:04.000,2008-11-28 17:10:04.000,1900-01-01 00:00:00.000,Y,1296
*,IAC,Maintain air conditioners and refrigeration systems,,5,2008-11-28 00:00:00.000,2011-11-28 00:00:00.000,2008-11-28 00:00:00.000,1900-01-01 00:00:00.000,Y,1297
*,HYD-9     ,Construct a dual circuit,,0,2008-11-28 17:10:04.000,2011-11-28 17:10:04.000,2008-11-28 17:10:04.000,1900-01-01 00:00:00.000,Y,1298
*,HYD-8     ,Control the speed of an actuator,,0,2008-11-28 17:10:04.000,2011-11-28 17:10:04.000,2008-11-28 17:10:04.000,1900-01-01 00:00:00.000,Y,1299
*,HYD - 7,Construct a circuit with rotary motor,,0,2008-11-28 00:00:00.000,2011-11-28 00:00:00.000,2008-11-28 00:00:00.000,1900-01-01 00:00:00.000,Y,1300
*,HYD-6,Construct a circuit with a check valve,,0,2008-11-28 00:00:00.000,2011-11-28 00:00:00.000,2008-11-28 00:00:00.000,1900-01-01 00:00:00.000,Y,1301
*,HYD-5,Construct a circuit with a double acting cylinder,,1,2008-11-28 00:00:00.000,2011-11-28 00:00:00.000,2008-11-28 00:00:00.000,1900-01-01 00:00:00.000,Y,1302
*,HYD-4,Construct a circuit with a single acting cylinder,,1,2008-11-28 00:00:00.000,2011-11-28 00:00:00.000,2008-11-28 00:00:00.000,1900-01-01 00:00:00.000,Y,1303
*,HYD-3,Fit and set a pressure relief valve,,1,2008-11-28 00:00:00.000,2011-11-28 00:00:00.000,2008-11-28 00:00:00.000,1900-01-01 00:00:00.000,Y,1304
*,hyd-2,Test the pump in a circuit,,1,2008-11-28 00:00:00.000,2011-11-28 00:00:00.000,2008-11-28 00:00:00.000,1900-01-01 00:00:00.000,Y,1305
*,HYD-13,Diagnose and test a hydraulic circuit,,2,2008-11-28 00:00:00.000,2011-11-28 00:00:00.000,2008-11-28 00:00:00.000,1900-01-01 00:00:00.000,Y,1306
*,HYD-12,Make up hydraulic hoses,,0,2008-11-28 00:00:00.000,2011-11-28 00:00:00.000,2008-11-28 00:00:00.000,1900-01-01 00:00:00.000,Y,1307
*,HYD-11    ,Construct a circuit with an accumulator,,0,2008-11-28 17:10:04.000,2011-11-28 17:10:04.000,2008-11-28 17:10:04.000,1900-01-01 00:00:00.000,Y,1308
*,HYD-10,Construct a circuit with sequenced actuators,,0,2008-11-28 00:00:00.000,2011-11-28 00:00:00.000,2008-11-28 00:00:00.000,1900-01-01 00:00:00.000,Y,1309
*,hyd-1,Principles of hydraulics,,1,2008-11-28 00:00:00.000,2011-11-28 00:00:00.000,2008-11-28 00:00:00.000,1900-01-01 00:00:00.000,Y,1310
*,htt,Use a file and saw,,4,2008-11-28 00:00:00.000,2011-11-28 00:00:00.000,2008-11-28 00:00:00.000,1900-01-01 00:00:00.000,Y,1311
*,HTL,Maintain HT and LT switch gear,,4,2008-11-28 00:00:00.000,2011-11-28 00:00:00.000,2008-11-28 00:00:00.000,1900-01-01 00:00:00.000,Y,1312
*,ht-2,Grind a drill,,1,2008-11-28 00:00:00.000,2011-11-28 00:00:00.000,2008-11-28 00:00:00.000,1900-01-01 00:00:00.000,Y,1313
*,ht-1,Fabricate a drill gauge,,1,2008-11-28 00:00:00.000,2011-11-28 00:00:00.000,2008-11-28 00:00:00.000,1900-01-01 00:00:00.000,Y,1314
*,ht-0,Use hand tools,,1,2008-11-28 00:00:00.000,2011-11-28 00:00:00.000,2008-11-28 00:00:00.000,1900-01-01 00:00:00.000,Y,1315
*,ht,Shape and finish hand tools,,4,2008-11-28 00:00:00.000,2011-11-28 00:00:00.000,2008-11-28 00:00:00.000,1900-01-01 00:00:00.000,Y,1316
*,HSJ-1,Heat shrink joint on PILC/SWA cable,,0,2008-11-28 00:00:00.000,2011-11-28 00:00:00.000,2008-11-28 00:00:00.000,1900-01-01 00:00:00.000,Y,1317
*,HSJ,Heat shrink joint on PVC/SWA cable,,0,2008-11-28 00:00:00.000,2011-11-28 00:00:00.000,2008-11-28 00:00:00.000,1900-01-01 00:00:00.000,Y,1318
*,HRS-4     ,Check locomotives (weekly),,0,2008-11-28 17:10:04.000,2011-11-28 17:10:04.000,2008-11-28 17:10:04.000,1900-01-01 00:00:00.000,Y,1319
*,HRS-3,Check explosives cars (Weekly),,0,2008-11-28 00:00:00.000,2011-11-28 00:00:00.000,2008-11-28 00:00:00.000,1900-01-01 00:00:00.000,Y,1320
*,HRS-2     ,Check man carriages (weekly),,0,2008-11-28 17:10:04.000,2011-11-28 17:10:04.000,2008-11-28 17:10:04.000,1900-01-01 00:00:00.000,Y,1321
*,HRS-1     ,Check side discharge hoppers (weekly),,0,2008-11-28 17:10:04.000,2011-11-28 17:10:04.000,2008-11-28 17:10:04.000,1900-01-01 00:00:00.000,Y,1322
*,HM-3      ,Solder components,,0,2008-11-28 17:10:04.000,2011-11-28 17:10:04.000,2008-11-28 17:10:04.000,1900-01-01 00:00:00.000,Y,1323
*,HM-2,Operate and maintain a pedestal drill,,2,2008-11-28 00:00:00.000,2011-11-28 00:00:00.000,2008-11-28 00:00:00.000,1900-01-01 00:00:00.000,Y,1324
*,HM-1,Use and maintain a variety of hand tools,,8,2008-11-28 00:00:00.000,2011-11-28 00:00:00.000,2008-11-28 00:00:00.000,1900-01-01 00:00:00.000,Y,1325
*,HLA,Assist with testing high/low alarm systems,,0,2008-11-28 00:00:00.000,2011-11-28 00:00:00.000,2008-11-28 00:00:00.000,1900-01-01 00:00:00.000,Y,1326
*,HGS       ,Assist with replacing headgear steelwork,,0,2008-11-28 17:10:04.000,2011-11-28 17:10:04.000,2008-11-28 17:10:04.000,1900-01-01 00:00:00.000,Y,1327
*,HGF,"Test, maintain and repair 6,6KV drive",,3,2008-11-28 00:00:00.000,2011-11-28 00:00:00.000,2008-11-28 00:00:00.000,1900-01-01 00:00:00.000,Y,1328
*,HG-R      ,Winch a load into a tower,,0,2008-11-28 17:10:04.000,2011-11-28 17:10:04.000,2008-11-28 17:10:04.000,1900-01-01 00:00:00.000,Y,1329
*,HG        ,Fit new header valve to a rotary filter,,0,2008-11-28 17:10:04.000,2011-11-28 17:10:04.000,2008-11-28 17:10:04.000,1900-01-01 00:00:00.000,Y,1330
*,HCJ       ,Join TRS cables using a heat shrink joint kit,,0,2008-11-28 17:10:04.000,2011-11-28 17:10:04.000,2008-11-28 17:10:04.000,1900-01-01 00:00:00.000,Y,1331
*,HBS,Overhaul a servo-assisted hydraulic brake system,,3,2008-11-28 00:00:00.000,2011-11-28 00:00:00.000,2008-11-28 00:00:00.000,1900-01-01 00:00:00.000,Y,1332
*,HB-1  ,Use a huck-bolt machine,,1,2008-11-28 00:00:00.000,2011-11-28 00:00:00.000,2008-11-28 00:00:00.000,1900-01-01 00:00:00.000,Y,1333
*,HB        ,Overhaul hydraulic brakes,,0,2008-11-28 17:10:04.000,2011-11-28 17:10:04.000,2008-11-28 17:10:04.000,1900-01-01 00:00:00.000,Y,1334
*,GV        ,Overhaul a split body valve,,0,2008-11-28 17:10:04.000,2011-11-28 17:10:04.000,2008-11-28 17:10:04.000,1900-01-01 00:00:00.000,Y,1335
*,GR        ,Maintain grizzlies,,0,2008-11-28 17:10:04.000,2011-11-28 17:10:04.000,2008-11-28 17:10:04.000,1900-01-01 00:00:00.000,Y,1336
*,GHR,Assist with greasing a hoist rope,,1,2008-11-28 00:00:00.000,2011-11-28 00:00:00.000,2008-11-28 00:00:00.000,1900-01-01 00:00:00.000,Y,1337
*,GBM,Replace the gearbox on a main drive of rotary filter,,1,2008-11-28 00:00:00.000,2011-11-28 00:00:00.000,2008-11-28 00:00:00.000,1900-01-01 00:00:00.000,Y,1338
*,FTS       ,Calibrate and replace a filled thermal system,,0,2008-11-28 17:10:04.000,2011-11-28 17:10:04.000,2008-11-28 17:10:04.000,1900-01-01 00:00:00.000,Y,1339
*,FT-P      ,Fabricate a tank,,0,2008-11-28 17:10:04.000,2011-11-28 17:10:04.000,2008-11-28 17:10:04.000,1900-01-01 00:00:00.000,Y,1340
*,FT-IM     ,Tighten screws and torque bolts,,0,2008-11-28 17:10:04.000,2011-11-28 17:10:04.000,2008-11-28 17:10:04.000,1900-01-01 00:00:00.000,Y,1341
*,ft,Fit washers and tighten screws,,1,2008-11-28 00:00:00.000,2011-11-28 00:00:00.000,2008-11-28 00:00:00.000,1900-01-01 00:00:00.000,Y,1342
*,FSW,Fabricate steelwork,,2,2008-11-28 00:00:00.000,2011-11-28 00:00:00.000,2008-11-28 00:00:00.000,1900-01-01 00:00:00.000,Y,1343
*,FSH,Assist with fabricating shaft and headgear steelwork,,0,2008-11-28 00:00:00.000,2011-11-28 00:00:00.000,2008-11-28 00:00:00.000,1900-01-01 00:00:00.000,Y,1344
*,FSC ,Fabricate screens,,2,2008-11-28 00:00:00.000,2011-11-28 00:00:00.000,2008-11-28 00:00:00.000,1900-01-01 00:00:00.000,Y,1345
*,FS-1      ,Maintain feeders,,0,2008-11-28 17:10:04.000,2011-11-28 17:10:04.000,2008-11-28 17:10:04.000,1900-01-01 00:00:00.000,Y,1346
*,FS        ,Assist with fabricating a skip,,0,2008-11-28 17:10:04.000,2011-11-28 17:10:04.000,2008-11-28 17:10:04.000,1900-01-01 00:00:00.000,Y,1347
*,FRN       ,Assist with starting up furnaces,,0,2008-11-28 17:10:04.000,2011-11-28 17:10:04.000,2008-11-28 17:10:04.000,1900-01-01 00:00:00.000,Y,1348
*,FRA,Fit new rakes on an agitator of a rotary filter,,1,2008-11-28 00:00:00.000,2011-11-28 00:00:00.000,2008-11-28 00:00:00.000,1900-01-01 00:00:00.000,Y,1349
*,FPS-F     ,Fault find pneumatic systems,,0,2008-11-28 17:10:04.000,2011-11-28 17:10:04.000,2008-11-28 17:10:04.000,1900-01-01 00:00:00.000,Y,1350
*,FPS,Fabricate a pipe section,,2,2008-11-28 00:00:00.000,2011-11-28 00:00:00.000,2008-11-28 00:00:00.000,1900-01-01 00:00:00.000,Y,1351
*,FPG,Fit a gland to a PVC cable,,0,2008-11-28 00:00:00.000,2011-11-28 00:00:00.000,2008-11-28 00:00:00.000,1900-01-01 00:00:00.000,Y,1352
*,fpc,Fit split pins and circlips,,1,2008-11-28 00:00:00.000,2011-11-28 00:00:00.000,2008-11-28 00:00:00.000,1900-01-01 00:00:00.000,Y,1353
*,FMC       ,Assist with fabricating a man carriage,,0,2008-11-28 17:10:04.000,2011-11-28 17:10:04.000,2008-11-28 17:10:04.000,1900-01-01 00:00:00.000,Y,1354
*,FLT       ,Fault find control loops,,0,2008-11-28 17:10:04.000,2011-11-28 17:10:04.000,2008-11-28 17:10:04.000,1900-01-01 00:00:00.000,Y,1355
*,FLP,Fabricate liner plates,,2,2008-11-28 00:00:00.000,2011-11-28 00:00:00.000,2008-11-28 00:00:00.000,1900-01-01 00:00:00.000,Y,1356
*,FLC       ,Control flow rates and levels,,0,2008-11-28 17:10:04.000,2011-11-28 17:10:04.000,2008-11-28 17:10:04.000,1900-01-01 00:00:00.000,Y,1357
*,FLB       ,Assist with fabricating a low pressure boiler,,0,2008-11-28 17:10:04.000,2011-11-28 17:10:04.000,2008-11-28 17:10:04.000,1900-01-01 00:00:00.000,Y,1358
*,FIL       ,Fabricate and install liners,,0,2008-11-28 17:10:04.000,2011-11-28 17:10:04.000,2008-11-28 17:10:04.000,1900-01-01 00:00:00.000,Y,1359
*,FHS,Fault find hydraulic systems,,1,2008-11-28 00:00:00.000,2011-11-28 00:00:00.000,2008-11-28 00:00:00.000,1900-01-01 00:00:00.000,Y,1360
*,FH        ,Fabricate a hopper,,0,2008-11-28 17:10:04.000,2011-11-28 17:10:04.000,2008-11-28 17:10:04.000,1900-01-01 00:00:00.000,Y,1361
*,FGR       ,Maintain and repair gantry rails,,0,2008-11-28 17:10:04.000,2011-11-28 17:10:04.000,2008-11-28 17:10:04.000,1900-01-01 00:00:00.000,Y,1362
*,FG,Fabricate a guard,,0,2008-11-28 00:00:00.000,2011-11-28 00:00:00.000,2008-11-28 00:00:00.000,1900-01-01 00:00:00.000,Y,1363
*,ffu,Fault find and repair urns,,1,2008-11-28 00:00:00.000,2011-11-28 00:00:00.000,2008-11-28 00:00:00.000,1900-01-01 00:00:00.000,Y,1364
*,FFT       ,Fault find on telephones,,0,2008-11-28 17:10:04.000,2011-11-28 17:10:04.000,2008-11-28 17:10:04.000,1900-01-01 00:00:00.000,Y,1365
*,FFS-IM    ,Fault find electronic control equipment,,0,2008-11-28 17:10:04.000,2011-11-28 17:10:04.000,2008-11-28 17:10:04.000,1900-01-01 00:00:00.000,Y,1366
*,ffs,Fault find and repair stoves,,2,2008-11-28 00:00:00.000,2011-11-28 00:00:00.000,2008-11-28 00:00:00.000,1900-01-01 00:00:00.000,Y,1367
*,FFP,Fault find and repair polishers,,0,2008-11-28 00:00:00.000,2011-11-28 00:00:00.000,2008-11-28 00:00:00.000,1900-01-01 00:00:00.000,Y,1368
*,FFO       ,Fault find and repair electric iron,,0,2008-11-28 17:10:04.000,2011-11-28 17:10:04.000,2008-11-28 17:10:04.000,1900-01-01 00:00:00.000,Y,1369
*,ffk,Fault find and repair kettles,,1,2008-11-28 00:00:00.000,2011-11-28 00:00:00.000,2008-11-28 00:00:00.000,1900-01-01 00:00:00.000,Y,1370
*,FFG,Fault find and repair geysers,,2,2008-11-28 00:00:00.000,2011-11-28 00:00:00.000,2008-11-28 00:00:00.000,1900-01-01 00:00:00.000,Y,1371
*,FFF       ,Fault find and repair fans,,0,2008-11-28 17:10:04.000,2011-11-28 17:10:04.000,2008-11-28 17:10:04.000,1900-01-01 00:00:00.000,Y,1372
*,FF-3,Fault find circuits 3,,0,2008-11-28 00:00:00.000,2011-11-28 00:00:00.000,2008-11-28 00:00:00.000,1900-01-01 00:00:00.000,Y,1373
*,FF-2-E,Fault find live electrical circuit,,0,2008-11-28 00:00:00.000,2011-11-28 00:00:00.000,2008-11-28 00:00:00.000,1900-01-01 00:00:00.000,Y,1374
*,FF-2,Fault find circuits 2,,0,2008-11-28 00:00:00.000,2011-11-28 00:00:00.000,2008-11-28 00:00:00.000,1900-01-01 00:00:00.000,Y,1375
*,FF-1-E,Fault find basic electrical circuit,,0,2008-11-28 00:00:00.000,2011-11-28 00:00:00.000,2008-11-28 00:00:00.000,1900-01-01 00:00:00.000,Y,1376
*,FF-1,Fault find electronic circuits one,,0,2008-11-28 00:00:00.000,2011-11-28 00:00:00.000,2008-11-28 00:00:00.000,1900-01-01 00:00:00.000,Y,1377
*,FES,Do fault find on electrical circuits,,2,2008-11-28 00:00:00.000,2011-11-28 00:00:00.000,2008-11-28 00:00:00.000,1900-01-01 00:00:00.000,Y,1378
*,FEL  ,Fault find and repair the hydraulics in mechanised machines,,4,2008-11-28 00:00:00.000,2011-11-28 00:00:00.000,2008-11-28 00:00:00.000,1900-01-01 00:00:00.000,Y,1379
*,FEB       ,Fabricate elevator buckets,,0,2008-11-28 17:10:04.000,2011-11-28 17:10:04.000,2008-11-28 17:10:04.000,1900-01-01 00:00:00.000,Y,1380
*,FD        ,Line up a fluid drive coupling,,0,2008-11-28 17:10:04.000,2011-11-28 17:10:04.000,2008-11-28 17:10:04.000,1900-01-01 00:00:00.000,Y,1381
*,FCY,Fabricate a cyclone,,2,2008-11-28 00:00:00.000,2011-11-28 00:00:00.000,2008-11-28 00:00:00.000,1900-01-01 00:00:00.000,Y,1382
*,FCR       ,Fit clamps to steel wire ropes,,0,2008-11-28 17:10:04.000,2011-11-28 17:10:04.000,2008-11-28 17:10:04.000,1900-01-01 00:00:00.000,Y,1383
*,FCG,Fit compression gland to a TRS cable,,1,2008-11-28 00:00:00.000,2011-11-28 00:00:00.000,2008-11-28 00:00:00.000,1900-01-01 00:00:00.000,Y,1384
*,FCE       ,Fit lugs to cable ends,,0,2008-11-28 17:10:04.000,2011-11-28 17:10:04.000,2008-11-28 17:10:04.000,1900-01-01 00:00:00.000,Y,1385
*,FCC       ,Fit lugs to cable core,,0,2008-11-28 17:10:04.000,2011-11-28 17:10:04.000,2008-11-28 17:10:04.000,1900-01-01 00:00:00.000,Y,1386
*,FCB,Fabricate a conveyor system,,2,2008-11-28 00:00:00.000,2011-11-28 00:00:00.000,2008-11-28 00:00:00.000,1900-01-01 00:00:00.000,Y,1387
*,FCA       ,Assist in fabricating a cage,,0,2008-11-28 17:10:04.000,2011-11-28 17:10:04.000,2008-11-28 17:10:04.000,1900-01-01 00:00:00.000,Y,1388
*,FC,Fabricate a chute or loading box,,2,2008-11-28 00:00:00.000,2011-11-28 00:00:00.000,2008-11-28 00:00:00.000,1900-01-01 00:00:00.000,Y,1389
*,FB,Fabricate a bin,,2,2008-11-28 00:00:00.000,2011-11-28 00:00:00.000,2008-11-28 00:00:00.000,1900-01-01 00:00:00.000,Y,1390
*,FAL       ,Maintain an automatic lubrication system,,0,2008-11-28 17:10:04.000,2011-11-28 17:10:04.000,2008-11-28 17:10:04.000,1900-01-01 00:00:00.000,Y,1391
*,EVC       ,Calibrate an emf-to-voltage convertor,,0,2008-11-28 17:10:04.000,2011-11-28 17:10:04.000,2008-11-28 17:10:04.000,1900-01-01 00:00:00.000,Y,1392
*,eu-t,Analyse electrical units,,2,2008-11-28 00:00:00.000,2011-11-28 00:00:00.000,2008-11-28 00:00:00.000,1900-01-01 00:00:00.000,Y,1393
*,etp,Erect a temporary working platform,,2,2008-11-28 00:00:00.000,2011-11-28 00:00:00.000,2008-11-28 00:00:00.000,1900-01-01 00:00:00.000,Y,1394
*,ESW       ,Assist with examining sheave wheels,,0,2008-11-28 17:10:04.000,2011-11-28 17:10:04.000,2008-11-28 17:10:04.000,1900-01-01 00:00:00.000,Y,1395
*,ESD       ,Examine single drum winches,,0,2008-11-28 17:10:04.000,2011-11-28 17:10:04.000,2008-11-28 17:10:04.000,1900-01-01 00:00:00.000,Y,1396
*,ER,Erect a steel constructions,,0,2008-11-28 00:00:00.000,2011-11-28 00:00:00.000,2008-11-28 00:00:00.000,1900-01-01 00:00:00.000,Y,1397
*,EP-1      ,Erect a pole or mast,,0,2008-11-28 17:10:04.000,2011-11-28 17:10:04.000,2008-11-28 17:10:04.000,1900-01-01 00:00:00.000,Y,1398
*,EMT,Assist with electromagnetic testing of ropes,,1,2008-11-28 00:00:00.000,2011-11-28 00:00:00.000,2008-11-28 00:00:00.000,1900-01-01 00:00:00.000,Y,1399
*,EMB       ,Overhaul an electromagnetic brake,,0,2008-11-28 17:10:04.000,2011-11-28 17:10:04.000,2008-11-28 17:10:04.000,1900-01-01 00:00:00.000,Y,1400
*,EM-T-2    ,Read energy meters,,0,2008-11-28 17:10:04.000,2011-11-28 17:10:04.000,2008-11-28 17:10:04.000,1900-01-01 00:00:00.000,Y,1401
*,EM-T-1,Explain the use of electrical measuring instruments,,1,2008-11-28 00:00:00.000,2011-11-28 00:00:00.000,2008-11-28 00:00:00.000,1900-01-01 00:00:00.000,Y,1402
*,EM-3,Connect three phase energy meters with range extension,,0,2008-11-28 00:00:00.000,2011-11-28 00:00:00.000,2008-11-28 00:00:00.000,1900-01-01 00:00:00.000,Y,1403
*,EM-2      ,Connect three phase energy meters,,0,2008-11-28 17:10:04.000,2011-11-28 17:10:04.000,2008-11-28 17:10:04.000,1900-01-01 00:00:00.000,Y,1404
*,EM-1,Connect a single phase energy meter,,0,2008-11-28 00:00:00.000,2011-11-28 00:00:00.000,2008-11-28 00:00:00.000,1900-01-01 00:00:00.000,Y,1405
*,EL-T,Explain and draw single phase earth leakage protection circuits,,1,2008-11-28 00:00:00.000,2011-11-28 00:00:00.000,2008-11-28 00:00:00.000,1900-01-01 00:00:00.000,Y,1406
*,EDH,Assist with examining detaching hook,,1,2008-11-28 00:00:00.000,2011-11-28 00:00:00.000,2008-11-28 00:00:00.000,1900-01-01 00:00:00.000,Y,1407
*,EC-1      ,Wire circuits,,0,2008-11-28 17:10:04.000,2011-11-28 17:10:04.000,2008-11-28 17:10:04.000,1900-01-01 00:00:00.000,Y,1408
*,EB,Use an electrical blower,,1,2008-11-28 00:00:00.000,2011-11-28 00:00:00.000,2008-11-28 00:00:00.000,1900-01-01 00:00:00.000,Y,1409
*,DWR,Assist in determining wear on humble hook pins and humble hook body holes,,1,2008-11-28 00:00:00.000,2011-11-28 00:00:00.000,2008-11-28 00:00:00.000,1900-01-01 00:00:00.000,Y,1410
*,dvb,Tension and align V-belts,,2,2008-11-28 00:00:00.000,2011-11-28 00:00:00.000,2008-11-28 00:00:00.000,1900-01-01 00:00:00.000,Y,1411
*,DT-DM,Test an engine on a dynamometer,,1,2008-11-28 00:00:00.000,2011-11-28 00:00:00.000,2008-11-28 00:00:00.000,1900-01-01 00:00:00.000,Y,1412
*,DT        ,Explain terms used in process control,,0,2008-11-28 17:10:04.000,2011-11-28 17:10:04.000,2008-11-28 17:10:04.000,1900-01-01 00:00:00.000,Y,1413
*,DSS  ,Carry out daily and weekly tests on drill steel sharpening equipment,,1,2008-11-28 00:00:00.000,2011-11-28 00:00:00.000,2008-11-28 00:00:00.000,1900-01-01 00:00:00.000,Y,1414
*,DSC,Daily section checks,,1,2008-11-28 00:00:00.000,2011-11-28 00:00:00.000,2008-11-28 00:00:00.000,1900-01-01 00:00:00.000,Y,1415
*,DRT,Do an insulation resistance and continuity test on an installation,,2,2008-11-28 00:00:00.000,2011-11-28 00:00:00.000,2008-11-28 00:00:00.000,1900-01-01 00:00:00.000,Y,1416
*,DRP,Disassemble & replace worn parts & assemble a cone crusher,,2,2008-11-28 00:00:00.000,2011-11-28 00:00:00.000,2008-11-28 00:00:00.000,1900-01-01 00:00:00.000,Y,1417
*,DRG-E,Read Engineering Drawings,,0,2008-11-28 17:10:04.000,2011-11-28 17:10:04.000,2008-11-28 17:10:04.000,1900-01-01 00:00:00.000,Y,1418
*,DRG-2     ,Draw up a materialist,,0,2008-11-28 17:10:04.000,2011-11-28 17:10:04.000,2008-11-28 17:10:04.000,1900-01-01 00:00:00.000,Y,1419
*,drg-1,Read engineering drawings,,2,2008-11-28 00:00:00.000,2011-11-28 00:00:00.000,2008-11-28 00:00:00.000,1900-01-01 00:00:00.000,Y,1420
*,DRG-E,Read engineering drawings,,1,2008-11-28 00:00:00.000,2011-11-28 00:00:00.000,2008-11-28 00:00:00.000,1900-01-01 00:00:00.000,Y,1421
*,DR        ,Maintain drill rigs,,0,2008-11-28 17:10:04.000,2011-11-28 17:10:04.000,2008-11-28 17:10:04.000,1900-01-01 00:00:00.000,Y,1422
*,DPD       ,Use an air drill,,0,2008-11-28 17:10:04.000,2011-11-28 17:10:04.000,2008-11-28 17:10:04.000,1900-01-01 00:00:00.000,Y,1423
*,DPC-2     ,Calibrate D/P cells,,0,2008-11-28 17:10:04.000,2011-11-28 17:10:04.000,2008-11-28 17:10:04.000,1900-01-01 00:00:00.000,Y,1424
*,DPC-1     ,Overhaul a D/P cell,,0,2008-11-28 17:10:04.000,2011-11-28 17:10:04.000,2008-11-28 17:10:04.000,1900-01-01 00:00:00.000,Y,1425
*,DPC       ,"Install, maintain and calibrate a D/P cell",,0,2008-11-28 17:10:04.000,2011-11-28 17:10:04.000,2008-11-28 17:10:04.000,1900-01-01 00:00:00.000,Y,1426
*,DPA,Tune-up on an engine fitted with a distributor or in-line fuel system,,2,2008-11-28 00:00:00.000,2011-11-28 00:00:00.000,2008-11-28 00:00:00.000,1900-01-01 00:00:00.000,Y,1427
*,DP,Replace dust bags / filters on a dust plant,,1,2008-11-28 00:00:00.000,2011-11-28 00:00:00.000,2008-11-28 00:00:00.000,1900-01-01 00:00:00.000,Y,1428
*,DOG       ,Disassemble and overhaul grids,,0,2008-11-28 17:10:04.000,2011-11-28 17:10:04.000,2008-11-28 17:10:04.000,1900-01-01 00:00:00.000,Y,1429
*,DOC       ,Disassemble and overhaul a contactor,,0,2008-11-28 17:10:04.000,2011-11-28 17:10:04.000,2008-11-28 17:10:04.000,1900-01-01 00:00:00.000,Y,1430
*,DO-L,Wire a direct-on-line starters,,2,2008-11-28 00:00:00.000,2011-11-28 00:00:00.000,2008-11-28 00:00:00.000,1900-01-01 00:00:00.000,Y,1431
*,DMW,Assist with daily maintenance on elevators,,4,2008-11-28 00:00:00.000,2011-11-28 00:00:00.000,2008-11-28 00:00:00.000,1900-01-01 00:00:00.000,Y,1432
*,DMR       ,Maintain a drill rig,,0,2008-11-28 17:10:04.000,2011-11-28 17:10:04.000,2008-11-28 17:10:04.000,1900-01-01 00:00:00.000,Y,1433
*,DMM       ,Do maintenance and minor repairs on battery locos,,0,2008-11-28 17:10:04.000,2011-11-28 17:10:04.000,2008-11-28 17:10:04.000,1900-01-01 00:00:00.000,Y,1434
*,DMC,Carry out daily maintenance checks on a transformer (LV),,1,2008-11-28 00:00:00.000,2011-11-28 00:00:00.000,2008-11-28 00:00:00.000,1900-01-01 00:00:00.000,Y,1435
*,di,Carry out daily inspection on crushers,,1,2008-11-28 00:00:00.000,2011-11-28 00:00:00.000,2008-11-28 00:00:00.000,1900-01-01 00:00:00.000,Y,1436
*,DHH,"Assist with dismantling, cleaning and reassembling a humble hook",,2,2008-11-28 00:00:00.000,2011-11-28 00:00:00.000,2008-11-28 00:00:00.000,1900-01-01 00:00:00.000,Y,1437
*,der,Assist with daily examination of ropes,,2,2008-11-28 00:00:00.000,2011-11-28 00:00:00.000,2008-11-28 00:00:00.000,1900-01-01 00:00:00.000,Y,1438
*,de,Assist with dismantling an engine,,4,2008-11-28 00:00:00.000,2011-11-28 00:00:00.000,2008-11-28 00:00:00.000,1900-01-01 00:00:00.000,Y,1439
*,DDM       ,Disassemble a DC drive motor,,0,2008-11-28 17:10:04.000,2011-11-28 17:10:04.000,2008-11-28 17:10:04.000,1900-01-01 00:00:00.000,Y,1440
*,DCS  ,Determine correct cable sizes for new installations,,2,2008-11-28 00:00:00.000,2011-11-28 00:00:00.000,2008-11-28 00:00:00.000,1900-01-01 00:00:00.000,Y,1441
*,DCC-1,Determine capacity and type of circuit breakers in a lighting circuit,,1,2008-11-28 00:00:00.000,2011-11-28 00:00:00.000,2008-11-28 00:00:00.000,1900-01-01 00:00:00.000,Y,1442
*,dcc,Maintain and align couplings,,3,2008-11-28 00:00:00.000,2011-11-28 00:00:00.000,2008-11-28 00:00:00.000,1900-01-01 00:00:00.000,Y,1443
*,DC-T,Direct current machines: theory,,0,2008-11-28 00:00:00.000,2011-11-28 00:00:00.000,2008-11-28 00:00:00.000,1900-01-01 00:00:00.000,Y,1444
*,DC-3      ,Connect a Ward-Leonard speed control,,0,2008-11-28 17:10:04.000,2011-11-28 17:10:04.000,2008-11-28 17:10:04.000,1900-01-01 00:00:00.000,Y,1445
*,DC-2      ,Connect a DC motor and starter,,0,2008-11-28 17:10:04.000,2011-11-28 17:10:04.000,2008-11-28 17:10:04.000,1900-01-01 00:00:00.000,Y,1446
*,DC-1,Connect a load to DC generator,,0,2008-11-28 00:00:00.000,2011-11-28 00:00:00.000,2008-11-28 00:00:00.000,1900-01-01 00:00:00.000,Y,1447
*,DBC,Determine the condition of battery connections,,1,2008-11-28 00:00:00.000,2011-11-28 00:00:00.000,2008-11-28 00:00:00.000,1900-01-01 00:00:00.000,Y,1448
*,DAT,Do a tap change on a transformer  (LV),,1,2008-11-28 00:00:00.000,2011-11-28 00:00:00.000,2008-11-28 00:00:00.000,1900-01-01 00:00:00.000,Y,1449
*,CY,Assist with maintaining a cyclone,,1,2008-11-28 00:00:00.000,2011-11-28 00:00:00.000,2008-11-28 00:00:00.000,1900-01-01 00:00:00.000,Y,1450
*,cwt,Wire a panel,,3,2008-11-28 00:00:00.000,2011-11-28 00:00:00.000,2008-11-28 00:00:00.000,1900-01-01 00:00:00.000,Y,1451
*,CWP       ,Assist with changing wrapper plates on a hoist,,0,2008-11-28 17:10:04.000,2011-11-28 17:10:04.000,2008-11-28 17:10:04.000,1900-01-01 00:00:00.000,Y,1452
*,cw-1,Construct and wire a conduit panel,,5,2008-11-28 00:00:00.000,2011-11-28 00:00:00.000,2008-11-28 00:00:00.000,1900-01-01 00:00:00.000,Y,1453
*,CW        ,Fabricate a support column,,0,2008-11-28 17:10:04.000,2011-11-28 17:10:04.000,2008-11-28 17:10:04.000,1900-01-01 00:00:00.000,Y,1454
*,CVC       ,Calibrate a current-to-voltage convertor,,0,2008-11-28 17:10:04.000,2011-11-28 17:10:04.000,2008-11-28 17:10:04.000,1900-01-01 00:00:00.000,Y,1455
*,CU        ,Calibrate a control unit,,0,2008-11-28 17:10:04.000,2011-11-28 17:10:04.000,2008-11-28 17:10:04.000,1900-01-01 00:00:00.000,Y,1456
*,CTO,Change transformer oil (LV),,2,2008-11-28 00:00:00.000,2011-11-28 00:00:00.000,2008-11-28 00:00:00.000,1900-01-01 00:00:00.000,Y,1457
*,CTDC      ,Check and test a DC motor,,0,2008-11-28 17:10:04.000,2011-11-28 17:10:04.000,2008-11-28 17:10:04.000,1900-01-01 00:00:00.000,Y,1458
*,ctac,Check and test an AC induction motor,,2,2008-11-28 00:00:00.000,2011-11-28 00:00:00.000,2008-11-28 00:00:00.000,1900-01-01 00:00:00.000,Y,1459
*,CT-1,Test a  low voltage cable,,2,2008-11-28 00:00:00.000,2011-11-28 00:00:00.000,2008-11-28 00:00:00.000,1900-01-01 00:00:00.000,Y,1460
*,csv-dm,Test the cooling system of a vehicle,,2,2008-11-28 00:00:00.000,2011-11-28 00:00:00.000,2008-11-28 00:00:00.000,1900-01-01 00:00:00.000,Y,1461
*,CSV       ,Change suction and delivery valves on a compressor,,0,2008-11-28 17:10:04.000,2011-11-28 17:10:04.000,2008-11-28 17:10:04.000,1900-01-01 00:00:00.000,Y,1462
*,CSS       ,Splice a cut splice in steel wire ropes sling,,0,2008-11-28 17:10:04.000,2011-11-28 17:10:04.000,2008-11-28 17:10:04.000,1900-01-01 00:00:00.000,Y,1463
*,CSR,Connect a three phase slip-ring motor,,2,2008-11-28 00:00:00.000,2011-11-28 00:00:00.000,2008-11-28 00:00:00.000,1900-01-01 00:00:00.000,Y,1464
*,CSP-P     ,Cut steel profiles with an Oxy-acetylene cutting torch,,0,2008-11-28 17:10:04.000,2011-11-28 17:10:04.000,2008-11-28 17:10:04.000,1900-01-01 00:00:00.000,Y,1465
*,CSP       ,Assist in inspecting a humble hook,,0,2008-11-28 17:10:04.000,2011-11-28 17:10:04.000,2008-11-28 17:10:04.000,1900-01-01 00:00:00.000,Y,1466
*,CSD,Replace chains and sprocket wheels,,3,2008-11-28 00:00:00.000,2011-11-28 00:00:00.000,2008-11-28 00:00:00.000,1900-01-01 00:00:00.000,Y,1467
*,CSC       ,Assist with changing skips and cages,,0,2008-11-28 17:10:04.000,2011-11-28 17:10:04.000,2008-11-28 17:10:04.000,1900-01-01 00:00:00.000,Y,1468
*,CS        ,Test and identify faults in a charging system,,0,2008-11-28 17:10:04.000,2011-11-28 17:10:04.000,2008-11-28 17:10:04.000,1900-01-01 00:00:00.000,Y,1469
*,CRT       ,"Plan, layout and wire-up circuits",,0,2008-11-28 17:10:04.000,2011-11-28 17:10:04.000,2008-11-28 17:10:04.000,1900-01-01 00:00:00.000,Y,1470
*,CRP-1,Assist with checking and maintaining refrigeration plants (Daily & Weekly),,1,2008-11-28 00:00:00.000,2011-11-28 00:00:00.000,2008-11-28 00:00:00.000,1900-01-01 00:00:00.000,Y,1471
*,CRP-2,Assist with checking and maintaining refrigeration plants (monthly),,0,2008-11-28 00:00:00.000,2011-11-28 00:00:00.000,2008-11-28 00:00:00.000,1900-01-01 00:00:00.000,Y,1472
*,CRD,Assist with checking and replacing guide rollers and dolly wheels (V2),,2,2008-11-28 00:00:00.000,2011-11-28 00:00:00.000,2008-11-28 00:00:00.000,1900-01-01 00:00:00.000,Y,1473
*,CPT,"Secure cables to catenary wire, poles and trays",,1,2008-11-28 00:00:00.000,2011-11-28 00:00:00.000,2008-11-28 00:00:00.000,1900-01-01 00:00:00.000,Y,1474
*,CPR       ,Calibrate and service pressure release valves,,0,2008-11-28 17:10:04.000,2011-11-28 17:10:04.000,2008-11-28 17:10:04.000,1900-01-01 00:00:00.000,Y,1475
*,co-t,Identify contactors,,2,2008-11-28 00:00:00.000,2011-11-28 00:00:00.000,2008-11-28 00:00:00.000,1900-01-01 00:00:00.000,Y,1476
*,CMM       ,Establish accuracies of density measuring equipmen,,0,2008-11-28 17:10:04.000,2011-11-28 17:10:04.000,2008-11-28 17:10:04.000,1900-01-01 00:00:00.000,Y,1477
*,CMD-9     ,Mark off a true pipe Y-piece,,0,2008-11-28 17:10:04.000,2011-11-28 17:10:04.000,2008-11-28 17:10:04.000,1900-01-01 00:00:00.000,Y,1478
*,CMD-8     ,Fabricate a pipe bend,,0,2008-11-28 17:10:04.000,2011-11-28 17:10:04.000,2008-11-28 17:10:04.000,1900-01-01 00:00:00.000,Y,1479
*,CMD-7     ,Mark off a pipe bend,,0,2008-11-28 17:10:04.000,2011-11-28 17:10:04.000,2008-11-28 17:10:04.000,1900-01-01 00:00:00.000,Y,1480
*,CMD-6     ,Mark off an unequal pipe lateral,,0,2008-11-28 17:10:04.000,2011-11-28 17:10:04.000,2008-11-28 17:10:04.000,1900-01-01 00:00:00.000,Y,1481
*,CMD-5,Mark off an unequal pipe T-piece,,0,2008-11-28 00:00:00.000,2011-11-28 00:00:00.000,2008-11-28 00:00:00.000,1900-01-01 00:00:00.000,Y,1482
*,CMD-4     ,Mark off a pipe lateral,,0,2008-11-28 17:10:04.000,2011-11-28 17:10:04.000,2008-11-28 17:10:04.000,1900-01-01 00:00:00.000,Y,1483
*,CMD-3     ,Mark off a pipe T-piece,,0,2008-11-28 17:10:04.000,2011-11-28 17:10:04.000,2008-11-28 17:10:04.000,1900-01-01 00:00:00.000,Y,1484
*,CMD-2     ,Mark off a set pipe,,0,2008-11-28 17:10:04.000,2011-11-28 17:10:04.000,2008-11-28 17:10:04.000,1900-01-01 00:00:00.000,Y,1485
*,CMD-11  ,Measure for a lobsterback bend,,0,2008-11-28 00:00:00.000,2011-11-28 00:00:00.000,2008-11-28 00:00:00.000,1900-01-01 00:00:00.000,Y,1486
*,CMD-10,Mark off a high pressure pipe,,0,2008-11-28 00:00:00.000,2011-11-28 00:00:00.000,2008-11-28 00:00:00.000,1900-01-01 00:00:00.000,Y,1487
*,CMD-1     ,Mark off a pipe off-set,,0,2008-11-28 17:10:04.000,2011-11-28 17:10:04.000,2008-11-28 17:10:04.000,1900-01-01 00:00:00.000,Y,1488
*,CMD-0,Use a contour marker,,0,2008-11-28 00:00:00.000,2011-11-28 00:00:00.000,2008-11-28 00:00:00.000,1900-01-01 00:00:00.000,Y,1489
*,CM-T     ,Explain induction motors (a) Squirrel cage (b) Slip Ring,,1,2008-11-28 00:00:00.000,2011-11-28 00:00:00.000,2008-11-28 00:00:00.000,1900-01-01 00:00:00.000,Y,1490
*,CLU       ,Maintain clutches,,0,2008-11-28 17:10:04.000,2011-11-28 17:10:04.000,2008-11-28 17:10:04.000,1900-01-01 00:00:00.000,Y,1491
*,CLP       ,Maintain capacitive level probes,,0,2008-11-28 17:10:04.000,2011-11-28 17:10:04.000,2008-11-28 17:10:04.000,1900-01-01 00:00:00.000,Y,1492
*,CJ,Do a clip joint on a conveyor belt,,1,2008-11-28 00:00:00.000,2011-11-28 00:00:00.000,2008-11-28 00:00:00.000,1900-01-01 00:00:00.000,Y,1493
*,CIP       ,Connect and calibrate I/P converters,,0,2008-11-28 17:10:04.000,2011-11-28 17:10:04.000,2008-11-28 17:10:04.000,1900-01-01 00:00:00.000,Y,1494
*,CIC       ,Assist in cleaning inter / after coolers,,0,2008-11-28 17:10:04.000,2011-11-28 17:10:04.000,2008-11-28 17:10:04.000,1900-01-01 00:00:00.000,Y,1495
*,CIB       ,Check and interpret bearing temperatures,,0,2008-11-28 17:10:04.000,2011-11-28 17:10:04.000,2008-11-28 17:10:04.000,1900-01-01 00:00:00.000,Y,1496
*,CHR       ,Assist with changing hoist ropes on a winder,,0,2008-11-28 17:10:04.000,2011-11-28 17:10:04.000,2008-11-28 17:10:04.000,1900-01-01 00:00:00.000,Y,1497
*,CFM       ,Calibrate flowmeters,,0,2008-11-28 17:10:04.000,2011-11-28 17:10:04.000,2008-11-28 17:10:04.000,1900-01-01 00:00:00.000,Y,1498
*,CFE,Assist with cutting front ends,,4,2008-11-28 00:00:00.000,2011-11-28 00:00:00.000,2008-11-28 00:00:00.000,1900-01-01 00:00:00.000,Y,1499
*,CEM       ,Change electrical motors,,0,2008-11-28 17:10:04.000,2011-11-28 17:10:04.000,2008-11-28 17:10:04.000,1900-01-01 00:00:00.000,Y,1500
*,cee,Connect and earth equipment,,1,2008-11-28 00:00:00.000,2011-11-28 00:00:00.000,2008-11-28 00:00:00.000,1900-01-01 00:00:00.000,Y,1501
*,CE        ,Maintain concrete equipment,,0,2008-11-28 17:10:04.000,2011-11-28 17:10:04.000,2008-11-28 17:10:04.000,1900-01-01 00:00:00.000,Y,1502
*,CDB       ,Assist with changing drum bushes on a winder,,0,2008-11-28 17:10:04.000,2011-11-28 17:10:04.000,2008-11-28 17:10:04.000,1900-01-01 00:00:00.000,Y,1503
*,ccv,Check and clean gate valves,,1,2008-11-28 00:00:00.000,2011-11-28 00:00:00.000,2008-11-28 00:00:00.000,1900-01-01 00:00:00.000,Y,1504
*,cce,Connect up cable ends,,1,2008-11-28 00:00:00.000,2011-11-28 00:00:00.000,2008-11-28 00:00:00.000,1900-01-01 00:00:00.000,Y,1505
*,CCD,Course control documents,,1,2008-11-28 00:00:00.000,2011-11-28 00:00:00.000,2008-11-28 00:00:00.000,1900-01-01 00:00:00.000,Y,1506
*,ccb,Change conveyor belt,,2,2008-11-28 00:00:00.000,2011-11-28 00:00:00.000,2008-11-28 00:00:00.000,1900-01-01 00:00:00.000,Y,1507
*,CC-WE     ,Check a commutator for wear,,0,2008-11-28 17:10:04.000,2011-11-28 17:10:04.000,2008-11-28 17:10:04.000,1900-01-01 00:00:00.000,Y,1508
*,CC-T      ,Select conductors and cables,,0,2008-11-28 17:10:04.000,2011-11-28 17:10:04.000,2008-11-28 17:10:04.000,1900-01-01 00:00:00.000,Y,1509
*,CC-P      ,Maintain scrubbers,,0,2008-11-28 17:10:04.000,2011-11-28 17:10:04.000,2008-11-28 17:10:04.000,1900-01-01 00:00:00.000,Y,1510
*,CC        ,Change charts on records,,0,2008-11-28 17:10:04.000,2011-11-28 17:10:04.000,2008-11-28 17:10:04.000,1900-01-01 00:00:00.000,Y,1511
*,CBE-R,Assist with cutting back ends,,4,2008-11-28 00:00:00.000,2011-11-28 00:00:00.000,2008-11-28 00:00:00.000,1900-01-01 00:00:00.000,Y,1512
*,CBC,"Assist with stripping, cleaning and checking bridle",,0,2008-11-28 00:00:00.000,2011-11-28 00:00:00.000,2008-11-28 00:00:00.000,1900-01-01 00:00:00.000,Y,1513
*,CB-E,Determine the condition of DC circuit breakers,,1,2008-11-28 00:00:00.000,2011-11-28 00:00:00.000,2008-11-28 00:00:00.000,1900-01-01 00:00:00.000,Y,1514
*,CB,Install a conveyor belt system,,2,2008-11-28 00:00:00.000,2011-11-28 00:00:00.000,2008-11-28 00:00:00.000,1900-01-01 00:00:00.000,Y,1515
*,CAT,"Connect, maintain and test transformers (LV)",,3,2008-11-28 00:00:00.000,2011-11-28 00:00:00.000,2008-11-28 00:00:00.000,1900-01-01 00:00:00.000,Y,1516
*,CAC  ,Connect a three phase squirrel cage motor,,1,2008-11-28 00:00:00.000,2011-11-28 00:00:00.000,2008-11-28 00:00:00.000,1900-01-01 00:00:00.000,Y,1517
*,CA-6,Make off a cross linked polyethylene (XLPE) cable end,,0,2008-11-28 00:00:00.000,2011-11-28 00:00:00.000,2008-11-28 00:00:00.000,1900-01-01 00:00:00.000,Y,1518
*,CA-5,"Make off a paper insulated, wire armoured cable end",,0,2008-11-28 00:00:00.000,2011-11-28 00:00:00.000,2008-11-28 00:00:00.000,1900-01-01 00:00:00.000,Y,1519
*,ca-4,Join a cable,,2,2008-11-28 00:00:00.000,2011-11-28 00:00:00.000,2008-11-28 00:00:00.000,1900-01-01 00:00:00.000,Y,1520
*,ca-3,Fit a gland,,1,2008-11-28 00:00:00.000,2011-11-28 00:00:00.000,2008-11-28 00:00:00.000,1900-01-01 00:00:00.000,Y,1521
*,ca-2,Fit a compression gland,,1,2008-11-28 00:00:00.000,2011-11-28 00:00:00.000,2008-11-28 00:00:00.000,1900-01-01 00:00:00.000,Y,1522
*,ca-1,Fit a 16 amp plug top,,1,2008-11-28 00:00:00.000,2011-11-28 00:00:00.000,2008-11-28 00:00:00.000,1900-01-01 00:00:00.000,Y,1523
*,BSM,Splice a back splice in a manila rope,,1,2008-11-28 00:00:00.000,2011-11-28 00:00:00.000,2008-11-28 00:00:00.000,1900-01-01 00:00:00.000,Y,1524
*,BSB    ,Overhaul big and small end bushes on a rotary filter,,1,2008-11-28 00:00:00.000,2011-11-28 00:00:00.000,2008-11-28 00:00:00.000,1900-01-01 00:00:00.000,Y,1525
*,BS        ,Overhaul level purge systems,,0,2008-11-28 17:10:04.000,2011-11-28 17:10:04.000,2008-11-28 17:10:04.000,1900-01-01 00:00:00.000,Y,1526
*,BRR-4,Remove and mount a bearing mechanically,,1,2008-11-28 00:00:00.000,2011-11-28 00:00:00.000,2008-11-28 00:00:00.000,1900-01-01 00:00:00.000,Y,1527
*,BRR-3 ,Remove and mount bearings,,1,2008-11-28 00:00:00.000,2011-11-28 00:00:00.000,2008-11-28 00:00:00.000,1900-01-01 00:00:00.000,Y,1528
*,BRR-2,Remove and mount a bearing mechanically,,1,2008-11-28 00:00:00.000,2011-11-28 00:00:00.000,2008-11-28 00:00:00.000,1900-01-01 00:00:00.000,Y,1529
*,brr-1,Mount a bearing manually,,1,2008-11-28 00:00:00.000,2011-11-28 00:00:00.000,2008-11-28 00:00:00.000,1900-01-01 00:00:00.000,Y,1530
*,BR-1,Handle material safely,,1,2008-11-28 00:00:00.000,2011-11-28 00:00:00.000,2008-11-28 00:00:00.000,1900-01-01 00:00:00.000,Y,1531
*,BOI       ,Service boilers,,0,2008-11-28 17:10:04.000,2011-11-28 17:10:04.000,2008-11-28 17:10:04.000,1900-01-01 00:00:00.000,Y,1532
*,bif,Examine bearings,,1,2008-11-28 00:00:00.000,2011-11-28 00:00:00.000,2008-11-28 00:00:00.000,1900-01-01 00:00:00.000,Y,1533
*,BF-2      ,Carry out monthly checks on line fans,,0,2008-11-28 17:10:04.000,2011-11-28 17:10:04.000,2008-11-28 17:10:04.000,1900-01-01 00:00:00.000,Y,1534
*,BF-1      ,Carry out daily and weekly checks on line fans,,0,2008-11-28 17:10:04.000,2011-11-28 17:10:04.000,2008-11-28 17:10:04.000,1900-01-01 00:00:00.000,Y,1535
*,BE-9      ,Identify transistor configurations,,0,2008-11-28 17:10:04.000,2011-11-28 17:10:04.000,2008-11-28 17:10:04.000,1900-01-01 00:00:00.000,Y,1536
*,BE-8      ,Identify transistor action,,0,2008-11-28 17:10:04.000,2011-11-28 17:10:04.000,2008-11-28 17:10:04.000,1900-01-01 00:00:00.000,Y,1537
*,BE-7      ,Construct a voltage doubler,,0,2008-11-28 17:10:04.000,2011-11-28 17:10:04.000,2008-11-28 17:10:04.000,1900-01-01 00:00:00.000,Y,1538
*,BE-6      ,Identify and use zener diodes,,0,2008-11-28 17:10:04.000,2011-11-28 17:10:04.000,2008-11-28 17:10:04.000,1900-01-01 00:00:00.000,Y,1539
*,BE-5      ,Construct rectification circuits,,0,2008-11-28 17:10:04.000,2011-11-28 17:10:04.000,2008-11-28 17:10:04.000,1900-01-01 00:00:00.000,Y,1540
*,BE-4,Identify and use diodes,,0,2008-11-28 00:00:00.000,2011-11-28 00:00:00.000,2008-11-28 00:00:00.000,1900-01-01 00:00:00.000,Y,1541
*,BE-3      ,Identify and use inductors,,0,2008-11-28 17:10:04.000,2011-11-28 17:10:04.000,2008-11-28 17:10:04.000,1900-01-01 00:00:00.000,Y,1542
*,BE-2      ,Identify and use capacitors,,0,2008-11-28 17:10:04.000,2011-11-28 17:10:04.000,2008-11-28 17:10:04.000,1900-01-01 00:00:00.000,Y,1543
*,BE-13     ,Explain and apply PLC operating principles,,0,2008-11-28 17:10:04.000,2011-11-28 17:10:04.000,2008-11-28 17:10:04.000,1900-01-01 00:00:00.000,Y,1544
*,BE-12     ,Test thyristor phase control,,0,2008-11-28 17:10:04.000,2011-11-28 17:10:04.000,2008-11-28 17:10:04.000,1900-01-01 00:00:00.000,Y,1545
*,BE-11,Test thyristor,,0,2008-11-28 00:00:00.000,2011-11-28 00:00:00.000,2008-11-28 00:00:00.000,1900-01-01 00:00:00.000,Y,1546
*,BE-10,Construct and test regulated power supply,,0,2008-11-28 00:00:00.000,2011-11-28 00:00:00.000,2008-11-28 00:00:00.000,1900-01-01 00:00:00.000,Y,1547
*,BE-1      ,Identify and use resistors,,0,2008-11-28 17:10:04.000,2011-11-28 17:10:04.000,2008-11-28 17:10:04.000,1900-01-01 00:00:00.000,Y,1548
*,BBS       ,Temper and grind a chisel,,0,2008-11-28 17:10:04.000,2011-11-28 17:10:04.000,2008-11-28 17:10:04.000,1900-01-01 00:00:00.000,Y,1549
*,BAL,Balance loads,,0,2008-11-28 00:00:00.000,2011-11-28 00:00:00.000,2008-11-28 00:00:00.000,1900-01-01 00:00:00.000,Y,1550
*,AWA       ,Check and adjust wheel alignment,,0,2008-11-28 17:10:04.000,2011-11-28 17:10:04.000,2008-11-28 17:10:04.000,1900-01-01 00:00:00.000,Y,1551
*,aw-9,Arc gouge,,3,2008-11-28 00:00:00.000,2011-11-28 00:00:00.000,2008-11-28 00:00:00.000,1900-01-01 00:00:00.000,Y,1552
*,aw-8,Hardface surfaces,,1,2008-11-28 00:00:00.000,2011-11-28 00:00:00.000,2008-11-28 00:00:00.000,1900-01-01 00:00:00.000,Y,1553
*,AW-7,Butt-weld pipes in position,,0,2008-11-28 00:00:00.000,2011-11-28 00:00:00.000,2008-11-28 00:00:00.000,1900-01-01 00:00:00.000,Y,1554
*,aw-6,Weld a vertical up butt-joint,,1,2008-11-28 00:00:00.000,2011-11-28 00:00:00.000,2008-11-28 00:00:00.000,1900-01-01 00:00:00.000,Y,1555
*,aw-5,Weld an  overhead fillet joint,,1,2008-11-28 00:00:00.000,2011-11-28 00:00:00.000,2008-11-28 00:00:00.000,1900-01-01 00:00:00.000,Y,1556
*,aw-4,Weld a horizontal butt-joint,,3,2008-11-28 00:00:00.000,2011-11-28 00:00:00.000,2008-11-28 00:00:00.000,1900-01-01 00:00:00.000,Y,1557
*,aw-3,Weld a butT-joint,,1,2008-11-28 00:00:00.000,2011-11-28 00:00:00.000,2008-11-28 00:00:00.000,1900-01-01 00:00:00.000,Y,1558
*,aw-2,Weld a fillet and corner joint,,1,2008-11-28 00:00:00.000,2011-11-28 00:00:00.000,2008-11-28 00:00:00.000,1900-01-01 00:00:00.000,Y,1559
*,AW-11     ,Weld cold cast iron,,0,2008-11-28 17:10:04.000,2011-11-28 17:10:04.000,2008-11-28 17:10:04.000,1900-01-01 00:00:00.000,Y,1560
*,AW-10     ,Weld stainless steel,,0,2008-11-28 17:10:04.000,2011-11-28 17:10:04.000,2008-11-28 17:10:04.000,1900-01-01 00:00:00.000,Y,1561
*,aw-1,Bead and weave weld,,1,2008-11-28 00:00:00.000,2011-11-28 00:00:00.000,2008-11-28 00:00:00.000,1900-01-01 00:00:00.000,Y,1562
*,ATF       ,Allowances and tolerances for fits,,0,2008-11-28 17:10:04.000,2011-11-28 17:10:04.000,2008-11-28 17:10:04.000,1900-01-01 00:00:00.000,Y,1563
*,AT-1      ,Wire an auto transformer starter,,0,2008-11-28 17:10:04.000,2011-11-28 17:10:04.000,2008-11-28 17:10:04.000,1900-01-01 00:00:00.000,Y,1564
*,ASZ       ,Strip and assemble sizers,,0,2008-11-28 17:10:04.000,2011-11-28 17:10:04.000,2008-11-28 17:10:04.000,1900-01-01 00:00:00.000,Y,1565
*,AS-5      ,Lay out a roof truss,,0,2008-11-28 17:10:04.000,2011-11-28 17:10:04.000,2008-11-28 17:10:04.000,1900-01-01 00:00:00.000,Y,1566
*,AS-4      ,Fabricate an angle iron bracket,,0,2008-11-28 17:10:04.000,2011-11-28 17:10:04.000,2008-11-28 17:10:04.000,1900-01-01 00:00:00.000,Y,1567
*,as-3,Mark off matching angle iron frame,,1,2008-11-28 00:00:00.000,2011-11-28 00:00:00.000,2008-11-28 00:00:00.000,1900-01-01 00:00:00.000,Y,1568
*,as-2,Mark off an angle iron frame,,1,2008-11-28 00:00:00.000,2011-11-28 00:00:00.000,2008-11-28 00:00:00.000,1900-01-01 00:00:00.000,Y,1569
*,AS-1      ,Fabricate a square angle iron frame,,0,2008-11-28 17:10:04.000,2011-11-28 17:10:04.000,2008-11-28 17:10:04.000,1900-01-01 00:00:00.000,Y,1570
*,APF-2     ,Fabricate a sweep-tee,,0,2008-11-28 17:10:04.000,2011-11-28 17:10:04.000,2008-11-28 17:10:04.000,1900-01-01 00:00:00.000,Y,1571
*,APF-1     ,Develop a sweep-tee,,0,2008-11-28 17:10:04.000,2011-11-28 17:10:04.000,2008-11-28 17:10:04.000,1900-01-01 00:00:00.000,Y,1572
*,AL        ,Maintain air legs,,0,2008-11-28 17:10:04.000,2011-11-28 17:10:04.000,2008-11-28 17:10:04.000,1900-01-01 00:00:00.000,Y,1573
*,AIT,Assist with annual inspection and testing of boilers,,0,2008-11-28 00:00:00.000,2011-11-28 00:00:00.000,2008-11-28 00:00:00.000,1900-01-01 00:00:00.000,Y,1574
*,AF,Erect and use an A-Frame,,0,2008-11-28 00:00:00.000,2011-11-28 00:00:00.000,2008-11-28 00:00:00.000,1900-01-01 00:00:00.000,Y,1575
*,AAC       ,Adjust and align conveyor belts,,0,2008-11-28 17:10:04.000,2011-11-28 17:10:04.000,2008-11-28 17:10:04.000,1900-01-01 00:00:00.000,Y,1576
*,AAB,Maintain air assisted brakes,,2,2008-11-28 00:00:00.000,2011-11-28 00:00:00.000,2008-11-28 00:00:00.000,1900-01-01 00:00:00.000,Y,1577
*,"9-F   ",Maintain a bevel wheel and pinion gearbox,,1,2008-11-28 00:00:00.000,2011-11-28 00:00:00.000,2008-11-28 00:00:00.000,1900-01-01 00:00:00.000,Y,1578
*,"9-E",Join a MV cable under supervision of competent person,,0,2008-11-28 00:00:00.000,2011-11-28 00:00:00.000,2008-11-28 00:00:00.000,1900-01-01 00:00:00.000,Y,1579
*,"13-F",Select and change bearings for an axial load,,0,2008-11-28 17:10:04.000,2011-11-28 17:10:04.000,2008-11-28 17:10:04.000,1900-01-01 00:00:00.000,Y,1580
*,"73-FT",Service a coal drill,,0,2008-11-28 17:10:04.000,2011-11-28 17:10:04.000,2008-11-28 17:10:04.000,1900-01-01 00:00:00.000,Y,1581
*,"75-FT",Service a dozer,,0,2008-11-28 17:10:04.000,2011-11-28 17:10:04.000,2008-11-28 17:10:04.000,1900-01-01 00:00:00.000,Y,1582
*,"86-E      ",Maintain a shovel,,0,2008-11-28 17:10:04.000,2011-11-28 17:10:04.000,2008-11-28 17:10:04.000,1900-01-01 00:00:00.000,Y,1583
*,"78-FT",Service a face shovel,,0,2008-11-28 17:10:04.000,2011-11-28 17:10:04.000,2008-11-28 17:10:04.000,1900-01-01 00:00:00.000,Y,1584
*,"85-E      ",Maintain an overburden drill,,0,2008-11-28 17:10:04.000,2011-11-28 17:10:04.000,2008-11-28 17:10:04.000,1900-01-01 00:00:00.000,Y,1585
*,"83-E",Service an overburden drill,,0,2008-11-28 17:10:04.000,2011-11-28 17:10:04.000,2008-11-28 17:10:04.000,1900-01-01 00:00:00.000,Y,1586
*,"84-E      ",Service a shovel,,0,2008-11-28 17:10:04.000,2011-11-28 17:10:04.000,2008-11-28 17:10:04.000,1900-01-01 00:00:00.000,Y,1587
*,"77-FT",Service a coal hauler,,0,2008-11-28 17:10:04.000,2011-11-28 17:10:04.000,2008-11-28 17:10:04.000,1900-01-01 00:00:00.000,Y,1588
*,"83-FT",Repair an air hammer (coal drill),,2,2008-11-28 00:00:00.000,2011-11-28 00:00:00.000,2008-11-28 00:00:00.000,1900-01-01 00:00:00.000,Y,1589
*,"82-FT     ",Repair an air motor (coal drill),,0,2008-11-28 17:10:04.000,2011-11-28 17:10:04.000,2008-11-28 17:10:04.000,1900-01-01 00:00:00.000,Y,1590
*,"82-E      ",Service the low tension eqiupment of a dragline (e,,0,2008-11-28 17:10:04.000,2011-11-28 17:10:04.000,2008-11-28 17:10:04.000,1900-01-01 00:00:00.000,Y,1591
*,"81-FT",Service and adjust air brakes and clutches on an over burden drill,,1,2008-11-28 00:00:00.000,2011-11-28 00:00:00.000,2008-11-28 00:00:00.000,1900-01-01 00:00:00.000,Y,1592
*,"81-E",Service the electrical apparatus in a control room,,1,2008-11-28 00:00:00.000,2011-11-28 00:00:00.000,2008-11-28 00:00:00.000,1900-01-01 00:00:00.000,Y,1593
*,"80-FT     ",Service and adjust air brakes and clutches on a face shovel,,0,2008-11-28 17:10:04.000,2011-11-28 17:10:04.000,2008-11-28 17:10:04.000,1900-01-01 00:00:00.000,Y,1594
*,"8-F",Maintain a worm and worm wheel gearbox,,1,2008-11-28 00:00:00.000,2011-11-28 00:00:00.000,2008-11-28 00:00:00.000,1900-01-01 00:00:00.000,Y,1595
*,"8-E",Make off a MV cable under supervision of competent person,,2,2008-11-28 00:00:00.000,2011-11-28 00:00:00.000,2008-11-28 00:00:00.000,1900-01-01 00:00:00.000,Y,1596
*,"12-F",Select and change bearings for a radial load,,0,2008-11-28 17:10:04.000,2011-11-28 17:10:04.000,2008-11-28 17:10:04.000,1900-01-01 00:00:00.000,Y,1597
*,"79-FT",Service and adjust air brakes and clutches on a drill,,1,2008-11-28 00:00:00.000,2011-11-28 00:00:00.000,2008-11-28 00:00:00.000,1900-01-01 00:00:00.000,Y,1598
*,"79-E","Service the tub, cable, slip-rings and circuit breakers",,2,2008-11-28 00:00:00.000,2011-11-28 00:00:00.000,2008-11-28 00:00:00.000,1900-01-01 00:00:00.000,Y,1599
*,"78-E",Service DC motors and generators of dragline,,2,2008-11-28 00:00:00.000,2011-11-28 00:00:00.000,2008-11-28 00:00:00.000,1900-01-01 00:00:00.000,Y,1600
*,"77-E","Test, connect & maintain DC motors for: AC-DC shut",,2,2008-11-28 00:00:00.000,2011-11-28 00:00:00.000,2008-11-28 00:00:00.000,1900-01-01 00:00:00.000,Y,1601
*,"76-FT     ",Service a road grader,,0,2008-11-28 17:10:04.000,2011-11-28 17:10:04.000,2008-11-28 17:10:04.000,1900-01-01 00:00:00.000,Y,1602
*,"75-MW     ",Service transformers of a dragline,,0,2008-11-28 17:10:04.000,2011-11-28 17:10:04.000,2008-11-28 17:10:04.000,1900-01-01 00:00:00.000,Y,1603
*,"74-FT  ",Service an over burden drill,,2,2008-11-28 00:00:00.000,2011-11-28 00:00:00.000,2008-11-28 00:00:00.000,1900-01-01 00:00:00.000,Y,1604
*,"72-FT     ",Service an automatic lubrication system,,0,2008-11-28 17:10:04.000,2011-11-28 17:10:04.000,2008-11-28 17:10:04.000,1900-01-01 00:00:00.000,Y,1605
*,"70-FT     ",Maintain the hydraulic circuits of a coal drill,,0,2008-11-28 17:10:04.000,2011-11-28 17:10:04.000,2008-11-28 17:10:04.000,1900-01-01 00:00:00.000,Y,1606
*,"69-FT",Maintain the hydraulic circuits of an over burden drill,,1,2008-11-28 00:00:00.000,2011-11-28 00:00:00.000,2008-11-28 00:00:00.000,1900-01-01 00:00:00.000,Y,1607
*,"71-FT",Maintain the hydraulic circuits of a road grader,,0,2008-11-28 17:10:04.000,2011-11-28 17:10:04.000,2008-11-28 17:10:04.000,1900-01-01 00:00:00.000,Y,1608
*,"68-FT     ",Maintain the hydraulic circuits of a dozer,,0,2008-11-28 17:10:04.000,2011-11-28 17:10:04.000,2008-11-28 17:10:04.000,1900-01-01 00:00:00.000,Y,1609
*,"67-FT    ",Maintain the hydraulic circuits of a front end loader,,0,2008-11-28 00:00:00.000,2011-11-28 00:00:00.000,2008-11-28 00:00:00.000,1900-01-01 00:00:00.000,Y,1610
*,"57-FT",Service a scoop,,0,2008-11-28 17:10:04.000,2011-11-28 17:10:04.000,2008-11-28 17:10:04.000,1900-01-01 00:00:00.000,Y,1611
*,"65-FT1",Adjust slip clutches on a loader,,2,2008-11-28 00:00:00.000,2011-11-28 00:00:00.000,2008-11-28 00:00:00.000,1900-01-01 00:00:00.000,Y,1612
*,"61-FT",Service a roof bolter,,0,2008-11-28 17:10:04.000,2011-11-28 17:10:04.000,2008-11-28 17:10:04.000,1900-01-01 00:00:00.000,Y,1613
*,"64-FT     ",Adjust slip clutches on a coal cutter,,0,2008-11-28 17:10:04.000,2011-11-28 17:10:04.000,2008-11-28 17:10:04.000,1900-01-01 00:00:00.000,Y,1614
*,"66-FT",Service a diesel engine,,0,2008-11-28 17:10:04.000,2011-11-28 17:10:04.000,2008-11-28 17:10:04.000,1900-01-01 00:00:00.000,Y,1615
*,"63-FT  ",Service a long wall system,,1,2008-11-28 00:00:00.000,2011-11-28 00:00:00.000,2008-11-28 00:00:00.000,1900-01-01 00:00:00.000,Y,1616
*,"62-FT",Service a feeder breaker,,0,2008-11-28 17:10:04.000,2011-11-28 17:10:04.000,2008-11-28 17:10:04.000,1900-01-01 00:00:00.000,Y,1617
*,HYD-7,Control a circuit with a rotary motion,,2,2008-11-28 00:00:00.000,2011-11-28 00:00:00.000,2008-11-28 00:00:00.000,1900-01-01 00:00:00.000,Y,1618
*,"58-FT",Service a continuous miner,,0,2008-11-28 17:10:04.000,2011-11-28 17:10:04.000,2008-11-28 17:10:04.000,1900-01-01 00:00:00.000,Y,1619
*,"59-FT",Service a coal cutter,,0,2008-11-28 17:10:04.000,2011-11-28 17:10:04.000,2008-11-28 17:10:04.000,1900-01-01 00:00:00.000,Y,1620
*,"60-FT     ",Service a face drill,,0,2008-11-28 17:10:04.000,2011-11-28 17:10:04.000,2008-11-28 17:10:04.000,1900-01-01 00:00:00.000,Y,1621
*,"56-FT",Service a shuttle car,,0,2008-11-28 17:10:04.000,2011-11-28 17:10:04.000,2008-11-28 17:10:04.000,1900-01-01 00:00:00.000,Y,1622
*,"55-FT",Service a mechanical loader,,0,2008-11-28 17:10:04.000,2011-11-28 17:10:04.000,2008-11-28 17:10:04.000,1900-01-01 00:00:00.000,Y,1623
*,"58-E      ",Join a TRS cable,,0,2008-11-28 17:10:04.000,2011-11-28 17:10:04.000,2008-11-28 17:10:04.000,1900-01-01 00:00:00.000,Y,1624
*,"57-PW  ",Do structural repairs on a continues miner,,1,2008-11-28 00:00:00.000,2011-11-28 00:00:00.000,2008-11-28 00:00:00.000,1900-01-01 00:00:00.000,Y,1625
*,"57-E      ",Connect a cable plug to a TRS cable,,0,2008-11-28 17:10:04.000,2011-11-28 17:10:04.000,2008-11-28 17:10:04.000,1900-01-01 00:00:00.000,Y,1626
*,"56-PW     ",Do structural repairs on a coal cutter,,0,2008-11-28 17:10:04.000,2011-11-28 17:10:04.000,2008-11-28 17:10:04.000,1900-01-01 00:00:00.000,Y,1627
*,"56-E      ",Test a TRS cable with a surge or impulse generator,,0,2008-11-28 17:10:04.000,2011-11-28 17:10:04.000,2008-11-28 17:10:04.000,1900-01-01 00:00:00.000,Y,1628
*,"55-PW     ",Do structural repairs on a loader,,0,2008-11-28 17:10:04.000,2011-11-28 17:10:04.000,2008-11-28 17:10:04.000,1900-01-01 00:00:00.000,Y,1629
*,"55-E",Test a TRS cables,,2,2008-11-28 00:00:00.000,2011-11-28 00:00:00.000,2008-11-28 00:00:00.000,1900-01-01 00:00:00.000,Y,1630
*,"55-DM",Maintain a orbitrol hydraulic steering,,2,2008-11-28 00:00:00.000,2011-11-28 00:00:00.000,2008-11-28 00:00:00.000,1900-01-01 00:00:00.000,Y,1631
*,"54-PW     ",Do structural repairs on a shuttle car,,0,2008-11-28 17:10:04.000,2011-11-28 17:10:04.000,2008-11-28 17:10:04.000,1900-01-01 00:00:00.000,Y,1632
*,"54-FT   ",Maintain hydraulic circuits on a long wall system,,1,2008-11-28 00:00:00.000,2011-11-28 00:00:00.000,2008-11-28 00:00:00.000,1900-01-01 00:00:00.000,Y,1633
*,"54-E",Maintain overhead lines,,2,2008-11-28 00:00:00.000,2011-11-28 00:00:00.000,2008-11-28 00:00:00.000,1900-01-01 00:00:00.000,Y,1634
*,"54-DM     ",Maintain a steering unit (power assisted),,0,2008-11-28 17:10:04.000,2011-11-28 17:10:04.000,2008-11-28 17:10:04.000,1900-01-01 00:00:00.000,Y,1635
*,"53-PW",Use TIG welding,,0,2008-11-28 00:00:00.000,2011-11-28 00:00:00.000,2008-11-28 00:00:00.000,1900-01-01 00:00:00.000,Y,1636
*,"53-FT     ",Maintain hydraulic circuits on a roof bolter,,0,2008-11-28 17:10:04.000,2011-11-28 17:10:04.000,2008-11-28 17:10:04.000,1900-01-01 00:00:00.000,Y,1637
*,"53-E",Carry out the isolation and switching procedures on a MV system under the supervision of a competent person,,5,2008-11-28 00:00:00.000,2011-11-28 00:00:00.000,2008-11-28 00:00:00.000,1900-01-01 00:00:00.000,Y,1638
*,"53-DM",Maintain a steering unit (non power assisted),,2,2008-11-28 00:00:00.000,2011-11-28 00:00:00.000,2008-11-28 00:00:00.000,1900-01-01 00:00:00.000,Y,1639
*,"52-PW",Use MIG welding,,0,2008-11-28 00:00:00.000,2011-11-28 00:00:00.000,2008-11-28 00:00:00.000,1900-01-01 00:00:00.000,Y,1640
*,"52-FT",Maintain hydraulic circuits on a face drill,,0,2008-11-28 17:10:04.000,2011-11-28 17:10:04.000,2008-11-28 17:10:04.000,1900-01-01 00:00:00.000,Y,1641
*,"52-E      ",Test and charge batteries,,0,2008-11-28 17:10:04.000,2011-11-28 17:10:04.000,2008-11-28 17:10:04.000,1900-01-01 00:00:00.000,Y,1642
*,"52-DM     ",Check and adjust the wheel alignment of a vehicle,,0,2008-11-28 17:10:04.000,2011-11-28 17:10:04.000,2008-11-28 17:10:04.000,1900-01-01 00:00:00.000,Y,1643
*,"51-P      ",Service a conveyor,,0,2008-11-28 17:10:04.000,2011-11-28 17:10:04.000,2008-11-28 17:10:04.000,1900-01-01 00:00:00.000,Y,1644
*,"51-FT1",Maintain hydraulic circuits on a coal cutter,,1,2008-11-28 00:00:00.000,2011-11-28 00:00:00.000,2008-11-28 00:00:00.000,1900-01-01 00:00:00.000,Y,1645
*,"51-DM     ",Repair a flat tyre,,0,2008-11-28 17:10:04.000,2011-11-28 17:10:04.000,2008-11-28 17:10:04.000,1900-01-01 00:00:00.000,Y,1646
*,"50-P      ",Service a crusher,,0,2008-11-28 17:10:04.000,2011-11-28 17:10:04.000,2008-11-28 17:10:04.000,1900-01-01 00:00:00.000,Y,1647
*,"50-FT     ",Maintain hydraulic circuits on a continuous miner,,1,2008-11-28 00:00:00.000,2011-11-28 00:00:00.000,2008-11-28 00:00:00.000,1900-01-01 00:00:00.000,Y,1648
*,"50-DM     ",Maintain a starter motor,,0,2008-11-28 17:10:04.000,2011-11-28 17:10:04.000,2008-11-28 17:10:04.000,1900-01-01 00:00:00.000,Y,1649
*,"49-P      ",Service a screen,,0,2008-11-28 17:10:04.000,2011-11-28 17:10:04.000,2008-11-28 17:10:04.000,1900-01-01 00:00:00.000,Y,1650
*,"49-FT",Maintain hydraulic circuits on a scoop,,0,2008-11-28 00:00:00.000,2011-11-28 00:00:00.000,2008-11-28 00:00:00.000,1900-01-01 00:00:00.000,Y,1651
*,"49-E",Connect and read energy meters in domestic installations,,1,2008-11-28 00:00:00.000,2011-11-28 00:00:00.000,2008-11-28 00:00:00.000,1900-01-01 00:00:00.000,Y,1652
*,"49-DM     ",Maintain a charging system,,0,2008-11-28 17:10:04.000,2011-11-28 17:10:04.000,2008-11-28 17:10:04.000,1900-01-01 00:00:00.000,Y,1653
*,"48-P  ","Rig and lift vertically, equipment with a mass not more than 5 tons",,0,2008-11-28 00:00:00.000,2011-11-28 00:00:00.000,2008-11-28 00:00:00.000,1900-01-01 00:00:00.000,Y,1654
*,"48-FT     ",Maintain hydraulic circuits on a shuttle car,,0,2008-11-28 17:10:04.000,2011-11-28 17:10:04.000,2008-11-28 17:10:04.000,1900-01-01 00:00:00.000,Y,1655
*,"48-E",Test and connect a single phase and three phase transformers,,2,2008-11-28 00:00:00.000,2011-11-28 00:00:00.000,2008-11-28 00:00:00.000,1900-01-01 00:00:00.000,Y,1656
*,"48-DM     ",Test a battery,,0,2008-11-28 17:10:04.000,2011-11-28 17:10:04.000,2008-11-28 17:10:04.000,1900-01-01 00:00:00.000,Y,1657
*,"23-F",Demonstrate all hand signals applicable to rigging,,0,2008-11-28 17:10:04.000,2011-11-28 17:10:04.000,2008-11-28 17:10:04.000,1900-01-01 00:00:00.000,Y,1658
*,"47-FT     ",Maintain hydraulic circuits on a mechanical loader,,0,2008-11-28 17:10:04.000,2011-11-28 17:10:04.000,2008-11-28 17:10:04.000,1900-01-01 00:00:00.000,Y,1659
*,"47-E  ",Change the tapping position on a transformer,,1,2008-11-28 00:00:00.000,2011-11-28 00:00:00.000,2008-11-28 00:00:00.000,1900-01-01 00:00:00.000,Y,1660
*,"47-DM     ",Maintain a diesel engine,,0,2008-11-28 17:10:04.000,2011-11-28 17:10:04.000,2008-11-28 17:10:04.000,1900-01-01 00:00:00.000,Y,1661
*,"46-P",Develop and fabricate a Y-piece,,0,2008-11-28 00:00:00.000,2011-11-28 00:00:00.000,2008-11-28 00:00:00.000,1900-01-01 00:00:00.000,Y,1662
*,"46-FT   ",Read / interpret an hydraulic diagram,,1,2008-11-28 00:00:00.000,2011-11-28 00:00:00.000,2008-11-28 00:00:00.000,1900-01-01 00:00:00.000,Y,1663
*,"46-E",Read and interpret the oil level gauge on a transformer,,1,2008-11-28 00:00:00.000,2011-11-28 00:00:00.000,2008-11-28 00:00:00.000,1900-01-01 00:00:00.000,Y,1664
*,"46-DM     ","Change, align and adjust the tracks of a track driven vehicle",,0,2008-11-28 17:10:04.000,2011-11-28 17:10:04.000,2008-11-28 17:10:04.000,1900-01-01 00:00:00.000,Y,1665
*,"45-P",Develop and fabricate a rectangular to round,,0,2008-11-28 00:00:00.000,2011-11-28 00:00:00.000,2008-11-28 00:00:00.000,1900-01-01 00:00:00.000,Y,1666
*,"45-FT",Maintain the pneumatic circuits on machines,,1,2008-11-28 00:00:00.000,2011-11-28 00:00:00.000,2008-11-28 00:00:00.000,1900-01-01 00:00:00.000,Y,1667
*,"45-E      ",Test and connect a three phase 4-wire system,,0,2008-11-28 17:10:04.000,2011-11-28 17:10:04.000,2008-11-28 17:10:04.000,1900-01-01 00:00:00.000,Y,1668
*,"45-DM     ",Maintain the cooling system of a vehicle,,0,2008-11-28 17:10:04.000,2011-11-28 17:10:04.000,2008-11-28 17:10:04.000,1900-01-01 00:00:00.000,Y,1669
*,"44-P      ",Develop and fabricate a square to round,,0,2008-11-28 17:10:04.000,2011-11-28 17:10:04.000,2008-11-28 17:10:04.000,1900-01-01 00:00:00.000,Y,1670
*,"44-FT",Read / interpret an pneumatic diagram,,1,2008-11-28 00:00:00.000,2011-11-28 00:00:00.000,2008-11-28 00:00:00.000,1900-01-01 00:00:00.000,Y,1671
*,"44-E      ",Test and connect a three-phase 3-wire system,,0,2008-11-28 17:10:04.000,2011-11-28 17:10:04.000,2008-11-28 17:10:04.000,1900-01-01 00:00:00.000,Y,1672
*,"44-DM     ",Maintain and adjust the clutch of a vehicle,,0,2008-11-28 17:10:04.000,2011-11-28 17:10:04.000,2008-11-28 17:10:04.000,1900-01-01 00:00:00.000,Y,1673
*,"43-P      ",Develop and fabricate a cone,,0,2008-11-28 17:10:04.000,2011-11-28 17:10:04.000,2008-11-28 17:10:04.000,1900-01-01 00:00:00.000,Y,1674
*,"43-FT  ","Change, align and adjust the tracks of a track driven machine",,0,2008-11-28 00:00:00.000,2011-11-28 00:00:00.000,2008-11-28 00:00:00.000,1900-01-01 00:00:00.000,Y,1675
*,"43-E",Test and connect single phase system,,2,2008-11-28 00:00:00.000,2011-11-28 00:00:00.000,2008-11-28 00:00:00.000,1900-01-01 00:00:00.000,Y,1676
*,"43-DM ","Lubricate and service the following units on a vehicle: a. Diesel engine, b. Transmission,  c. Differential, d. Wheel bearings, e. Chassis",,3,2008-11-28 00:00:00.000,2011-11-28 00:00:00.000,2008-11-28 00:00:00.000,1900-01-01 00:00:00.000,Y,1677
*,"42-P      ",Develop and fabricate a pipe lateral,,0,2008-11-28 17:10:04.000,2011-11-28 17:10:04.000,2008-11-28 17:10:04.000,1900-01-01 00:00:00.000,Y,1678
*,"42-FT     ","Check, service and adjust a chain drive",,0,2008-11-28 17:10:04.000,2011-11-28 17:10:04.000,2008-11-28 17:10:04.000,1900-01-01 00:00:00.000,Y,1679
*,"42-E",Test and connect a single phase motor,,1,2008-11-28 00:00:00.000,2011-11-28 00:00:00.000,2008-11-28 00:00:00.000,1900-01-01 00:00:00.000,Y,1680
*,"42-DM     ",Operate a valve seat cutter,,0,2008-11-28 17:10:04.000,2011-11-28 17:10:04.000,2008-11-28 17:10:04.000,1900-01-01 00:00:00.000,Y,1681
*,"41-P ",Develop and fabricate a T-piece,,0,2008-11-28 00:00:00.000,2011-11-28 00:00:00.000,2008-11-28 00:00:00.000,1900-01-01 00:00:00.000,Y,1682
*,MAS,Maintain a screen,,0,2008-11-28 17:10:04.000,2011-11-28 17:10:04.000,2008-11-28 17:10:04.000,1900-01-01 00:00:00.000,Y,1683
*,"41-FT     ",Check and test a pressure vessel,,0,2008-11-28 17:10:04.000,2011-11-28 17:10:04.000,2008-11-28 17:10:04.000,1900-01-01 00:00:00.000,Y,1684
*,"41-E",Maintain:  (a) Hostel equipment (b) Laundry equipment,,1,2008-11-28 00:00:00.000,2011-11-28 00:00:00.000,2008-11-28 00:00:00.000,1900-01-01 00:00:00.000,Y,1685
*,"41-DM     ",Operate a honer,,0,2008-11-28 17:10:04.000,2011-11-28 17:10:04.000,2008-11-28 17:10:04.000,1900-01-01 00:00:00.000,Y,1686
*,"40-P      ",Develop and fabricate a pipe reducer,,0,2008-11-28 17:10:04.000,2011-11-28 17:10:04.000,2008-11-28 17:10:04.000,1900-01-01 00:00:00.000,Y,1687
*,"40-FT     ",Check and maintain air columns,,0,2008-11-28 17:10:04.000,2011-11-28 17:10:04.000,2008-11-28 17:10:04.000,1900-01-01 00:00:00.000,Y,1688
*,"40-FM     ","Check, service and adjust a chain drive",,0,2008-11-28 17:10:04.000,2011-11-28 17:10:04.000,2008-11-28 17:10:04.000,1900-01-01 00:00:00.000,Y,1689
*,"40-E",Carry out medium voltage tests under the supervision of a competent person,,2,2008-11-28 00:00:00.000,2011-11-28 00:00:00.000,2008-11-28 00:00:00.000,1900-01-01 00:00:00.000,Y,1690
*,"40-DM",Operate a valve grinder and re-facer,,1,2008-11-28 00:00:00.000,2011-11-28 00:00:00.000,2008-11-28 00:00:00.000,1900-01-01 00:00:00.000,Y,1691
*,"39-P",Develop and fabricate a lobster back bend,,0,2008-11-28 00:00:00.000,2011-11-28 00:00:00.000,2008-11-28 00:00:00.000,1900-01-01 00:00:00.000,Y,1692
*,"39-FT     ",Check and maintain water columns,,0,2008-11-28 17:10:04.000,2011-11-28 17:10:04.000,2008-11-28 17:10:04.000,1900-01-01 00:00:00.000,Y,1693
*,"31-FT",Operate a portable drill,,0,2008-11-28 17:10:04.000,2011-11-28 17:10:04.000,2008-11-28 17:10:04.000,1900-01-01 00:00:00.000,Y,1694
*,"38-P",Develop and fabricate a elbow,,0,2008-11-28 00:00:00.000,2011-11-28 00:00:00.000,2008-11-28 00:00:00.000,1900-01-01 00:00:00.000,Y,1695
*,"38-FT  ",Carry out a complete routine examination on a screen,,0,2008-11-28 00:00:00.000,2011-11-28 00:00:00.000,2008-11-28 00:00:00.000,1900-01-01 00:00:00.000,Y,1696
*,PM,Make up a pipe system,,2,2008-11-28 00:00:00.000,2011-11-28 00:00:00.000,2008-11-28 00:00:00.000,1900-01-01 00:00:00.000,Y,1697
*,"37-P      ",Fabricate a frame using pipe,,0,2008-11-28 17:10:04.000,2011-11-28 17:10:04.000,2008-11-28 17:10:04.000,1900-01-01 00:00:00.000,Y,1698
*,"37-FT",Carry out a complete routine examination on a crusher,,2,2008-11-28 00:00:00.000,2011-11-28 00:00:00.000,2008-11-28 00:00:00.000,1900-01-01 00:00:00.000,Y,1699
*,"38-E/39-E","Measure voltage, current and resistances by using a megger and a tong tester   ",,1,2008-11-28 00:00:00.000,2011-11-28 00:00:00.000,2008-11-28 00:00:00.000,1900-01-01 00:00:00.000,Y,1700
*,"37-DM     ",Operate a portable grinder,,0,2008-11-28 17:10:04.000,2011-11-28 17:10:04.000,2008-11-28 17:10:04.000,1900-01-01 00:00:00.000,Y,1701
*,"36-P",Fabricate a gantry using RSJ,,0,2008-11-28 00:00:00.000,2011-11-28 00:00:00.000,2008-11-28 00:00:00.000,1900-01-01 00:00:00.000,Y,1702
*,"36-FT     ",Install and line up a conveyor drive assembly,,0,2008-11-28 17:10:04.000,2011-11-28 17:10:04.000,2008-11-28 17:10:04.000,1900-01-01 00:00:00.000,Y,1703
*,"36-E/37-E",Read and interpret line/schematic diagrams,,0,2008-11-28 17:10:04.000,2011-11-28 17:10:04.000,2008-11-28 17:10:04.000,1900-01-01 00:00:00.000,Y,1704
*,"36-DM     ",Operate a pedestal grinder,,0,2008-11-28 17:10:04.000,2011-11-28 17:10:04.000,2008-11-28 17:10:04.000,1900-01-01 00:00:00.000,Y,1705
*,"35-P","Fabricate a workpiece (e.g. A-frame, roof truss)",,0,2008-11-28 00:00:00.000,2011-11-28 00:00:00.000,2008-11-28 00:00:00.000,1900-01-01 00:00:00.000,Y,1706
*,"35-FT ",Carry out a complete routine examination on a conveyor belt,,1,2008-11-28 00:00:00.000,2011-11-28 00:00:00.000,2008-11-28 00:00:00.000,1900-01-01 00:00:00.000,Y,1707
*,"35-E      ",Test a motor,,0,2008-11-28 17:10:04.000,2011-11-28 17:10:04.000,2008-11-28 17:10:04.000,1900-01-01 00:00:00.000,Y,1708
*,"26-F",Operate a power saw / band saw,,1,2008-11-28 00:00:00.000,2011-11-28 00:00:00.000,2008-11-28 00:00:00.000,1900-01-01 00:00:00.000,Y,1709
*,"34-P","Fabricate a workpiece (e.g. Conveyor frame, roof truss) using angle iron",,0,2008-11-28 00:00:00.000,2011-11-28 00:00:00.000,2008-11-28 00:00:00.000,1900-01-01 00:00:00.000,Y,1710
*,"34-FT",Service an electromagnetic braking system,,2,2008-11-28 00:00:00.000,2011-11-28 00:00:00.000,2008-11-28 00:00:00.000,1900-01-01 00:00:00.000,Y,1711
*,"34-E      ",Maintain a motor,,0,2008-11-28 17:10:04.000,2011-11-28 17:10:04.000,2008-11-28 17:10:04.000,1900-01-01 00:00:00.000,Y,1712
*,"34-DM","Maintain the hydraulic circuits on any one of the  following machines: a. Front end loader, b. Forklift , c. Rear dump truck, d. Road grader, e.  Drill Rig",,6,2008-11-28 00:00:00.000,2011-11-28 00:00:00.000,2008-11-28 00:00:00.000,1900-01-01 00:00:00.000,Y,1713
*,"33-P",Fabricate a workpiece (e.g. Burglar proofing) using round bar,,0,2008-11-28 00:00:00.000,2011-11-28 00:00:00.000,2008-11-28 00:00:00.000,1900-01-01 00:00:00.000,Y,1714
*,MMO,Operate a milling machine,,0,2008-11-28 17:10:04.000,2011-11-28 17:10:04.000,2008-11-28 17:10:04.000,1900-01-01 00:00:00.000,Y,1715
*,"33-E",Identify and name the uses of a slip ring induction motor,,1,2008-11-28 00:00:00.000,2011-11-28 00:00:00.000,2008-11-28 00:00:00.000,1900-01-01 00:00:00.000,Y,1716
*,"33-DM     ",Read and interpret hydraulic circuit diagrams and explain the function and operation of each component,,0,2008-11-28 17:10:04.000,2011-11-28 17:10:04.000,2008-11-28 17:10:04.000,1900-01-01 00:00:00.000,Y,1717
*,"32-P",Fabricate a workpiece (e.g. Gate) using square tubing,,0,2008-11-28 00:00:00.000,2011-11-28 00:00:00.000,2008-11-28 00:00:00.000,1900-01-01 00:00:00.000,Y,1718
*,"32-FT     ",Operate a shaping machine,,0,2008-11-28 17:10:04.000,2011-11-28 17:10:04.000,2008-11-28 17:10:04.000,1900-01-01 00:00:00.000,Y,1719
*,"32-E",Identify and name the uses of a squirrel cage induction motor,,1,2008-11-28 00:00:00.000,2011-11-28 00:00:00.000,2008-11-28 00:00:00.000,1900-01-01 00:00:00.000,Y,1720
*,"32-DM     ",Maintain a pneumatic brake system,,0,2008-11-28 17:10:04.000,2011-11-28 17:10:04.000,2008-11-28 17:10:04.000,1900-01-01 00:00:00.000,Y,1721
*,"31-P",Fabricate a workpiece (e.g. pipe clamp) using flat bar,,0,2008-11-28 00:00:00.000,2011-11-28 00:00:00.000,2008-11-28 00:00:00.000,1900-01-01 00:00:00.000,Y,1722
*,"31-E   ",Maintain communication systems,,1,2008-11-28 00:00:00.000,2011-11-28 00:00:00.000,2008-11-28 00:00:00.000,1900-01-01 00:00:00.000,Y,1723
*,"31-DM",Maintain a servo-assisted hydraulic brake system,,2,2008-11-28 00:00:00.000,2011-11-28 00:00:00.000,2008-11-28 00:00:00.000,1900-01-01 00:00:00.000,Y,1724
*,"30-P      ",Fabricate a chute or a hopper using steel plate,,0,2008-11-28 17:10:04.000,2011-11-28 17:10:04.000,2008-11-28 17:10:04.000,1900-01-01 00:00:00.000,Y,1725
*,"30-FT     ",Operate a pedestal drill,,0,2008-11-28 17:10:04.000,2011-11-28 17:10:04.000,2008-11-28 17:10:04.000,1900-01-01 00:00:00.000,Y,1726
*,"30-E",Maintain lighting system,,1,2008-11-28 00:00:00.000,2011-11-28 00:00:00.000,2008-11-28 00:00:00.000,1900-01-01 00:00:00.000,Y,1727
*,"30-DM",Recover a broken down vehicle with an automatic transmission,,2,2008-11-28 00:00:00.000,2011-11-28 00:00:00.000,2008-11-28 00:00:00.000,1900-01-01 00:00:00.000,Y,1728
*,"29-P",Do hard-facing,,0,2008-11-28 00:00:00.000,2011-11-28 00:00:00.000,2008-11-28 00:00:00.000,1900-01-01 00:00:00.000,Y,1729
*,"29-DM",Recover a broken down vehicle with a manual transmission,,2,2008-11-28 00:00:00.000,2011-11-28 00:00:00.000,2008-11-28 00:00:00.000,1900-01-01 00:00:00.000,Y,1730
*,"28-DM","Rig and lift vertically, equipment with a mass not exceeding 5 tons",,3,2008-11-28 00:00:00.000,2011-11-28 00:00:00.000,2008-11-28 00:00:00.000,1900-01-01 00:00:00.000,Y,1731
*,"27-P      ",Do arc gouging,,0,2008-11-28 17:10:04.000,2011-11-28 17:10:04.000,2008-11-28 17:10:04.000,1900-01-01 00:00:00.000,Y,1732
*,"27-FT     ",Operate a lathe,,0,2008-11-28 17:10:04.000,2011-11-28 17:10:04.000,2008-11-28 17:10:04.000,1900-01-01 00:00:00.000,Y,1733
*,"27-DM     ",Demonstrate all ahnd signals applicable to rigging,,0,2008-11-28 17:10:04.000,2011-11-28 17:10:04.000,2008-11-28 17:10:04.000,1900-01-01 00:00:00.000,Y,1734
*,"26-P      ",Weld stainless steel,,0,2008-11-28 17:10:04.000,2011-11-28 17:10:04.000,2008-11-28 17:10:04.000,1900-01-01 00:00:00.000,Y,1735
*,"26-F      ",Operate a power saw / band saw,,0,2008-11-28 17:10:04.000,2011-11-28 17:10:04.000,2008-11-28 17:10:04.000,1900-01-01 00:00:00.000,Y,1736
*,"26-DM",Service poly v-belt drives (flat with grooves),,1,2008-11-28 00:00:00.000,2011-11-28 00:00:00.000,2008-11-28 00:00:00.000,1900-01-01 00:00:00.000,Y,1737
*,"25-P      ",Weld a pipe in position,,0,2008-11-28 17:10:04.000,2011-11-28 17:10:04.000,2008-11-28 17:10:04.000,1900-01-01 00:00:00.000,Y,1738
*,"25-F",Service and do statuary tests on a compressor,,3,2008-11-28 00:00:00.000,2011-11-28 00:00:00.000,2008-11-28 00:00:00.000,1900-01-01 00:00:00.000,Y,1739
*,"25-DM     ",Service multiple V-belt drives,,0,2008-11-28 17:10:04.000,2011-11-28 17:10:04.000,2008-11-28 17:10:04.000,1900-01-01 00:00:00.000,Y,1740
*,"24-P      ",Weld overhead fillet joints,,0,2008-11-28 17:10:04.000,2011-11-28 17:10:04.000,2008-11-28 17:10:04.000,1900-01-01 00:00:00.000,Y,1741
*,"24-F",Rig and lift vertically equipment with a mass not exceeding five tons,,1,2008-11-28 00:00:00.000,2011-11-28 00:00:00.000,2008-11-28 00:00:00.000,1900-01-01 00:00:00.000,Y,1742
*,"24-DM     ",Service V-belts,,0,2008-11-28 17:10:04.000,2011-11-28 17:10:04.000,2008-11-28 17:10:04.000,1900-01-01 00:00:00.000,Y,1743
*,"23-P",Weld vertical butt-joints,,0,2008-11-28 00:00:00.000,2011-11-28 00:00:00.000,2008-11-28 00:00:00.000,1900-01-01 00:00:00.000,Y,1744
*,"23-E/29-E",Service and maintain switchgear and assemblies of a vibrators,,1,2008-11-28 00:00:00.000,2011-11-28 00:00:00.000,2008-11-28 00:00:00.000,1900-01-01 00:00:00.000,Y,1745
*,"23-DM     ",Maintain a diesel engine fitted with a DP fuel system,,0,2008-11-28 17:10:04.000,2011-11-28 17:10:04.000,2008-11-28 17:10:04.000,1900-01-01 00:00:00.000,Y,1746
*,"22-P",Weld horizontal butt-joints,,0,2008-11-28 00:00:00.000,2011-11-28 00:00:00.000,2008-11-28 00:00:00.000,1900-01-01 00:00:00.000,Y,1747
*,"22-F    ",Identify worn / damaged v-belts and pulleys and replace,,1,2008-11-28 00:00:00.000,2011-11-28 00:00:00.000,2008-11-28 00:00:00.000,1900-01-01 00:00:00.000,Y,1748
*,"22-E/28-E",Service and maintain switchgear and assemblies of a sequence starter,,1,2008-11-28 00:00:00.000,2011-11-28 00:00:00.000,2008-11-28 00:00:00.000,1900-01-01 00:00:00.000,Y,1749
*,"22-DM",Maintain Diesel engines fitted with a PT fuel system,,2,2008-11-28 00:00:00.000,2011-11-28 00:00:00.000,2008-11-28 00:00:00.000,1900-01-01 00:00:00.000,Y,1750
*,"21-P",Weld a fillet and corner joints,,0,2008-11-28 00:00:00.000,2011-11-28 00:00:00.000,2008-11-28 00:00:00.000,1900-01-01 00:00:00.000,Y,1751
*,"21-F      ",Maintain a reciprocating pump,,0,2008-11-28 17:10:04.000,2011-11-28 17:10:04.000,2008-11-28 17:10:04.000,1900-01-01 00:00:00.000,Y,1752
*,"21-E/27-E",Service and maintain switchgear and assemblies of a conveyor drive,,1,2008-11-28 00:00:00.000,2011-11-28 00:00:00.000,2008-11-28 00:00:00.000,1900-01-01 00:00:00.000,Y,1753
*,"21-DM     ",Maintain a diesel engine fitted with an in-line fuel system,,0,2008-11-28 17:10:04.000,2011-11-28 17:10:04.000,2008-11-28 17:10:04.000,1900-01-01 00:00:00.000,Y,1754
*,"20-P      ",Weld flat beads,,0,2008-11-28 17:10:04.000,2011-11-28 17:10:04.000,2008-11-28 17:10:04.000,1900-01-01 00:00:00.000,Y,1755
*,"20-F",Maintain a rotor and stator type pump (mono pump),,1,2008-11-28 00:00:00.000,2011-11-28 00:00:00.000,2008-11-28 00:00:00.000,1900-01-01 00:00:00.000,Y,1756
*,"20-E/26-E",Service and maintain switchgear and assemblies of a  crusher,,1,2008-11-28 00:00:00.000,2011-11-28 00:00:00.000,2008-11-28 00:00:00.000,1900-01-01 00:00:00.000,Y,1757
*,"20-DM",Maintain a diesel engine fitted with a CRD (Common Rail Diesel) system ,,2,2008-11-28 00:00:00.000,2011-11-28 00:00:00.000,2008-11-28 00:00:00.000,1900-01-01 00:00:00.000,Y,1758
*,"19-P      ",Do brazing,,0,2008-11-28 17:10:04.000,2011-11-28 17:10:04.000,2008-11-28 17:10:04.000,1900-01-01 00:00:00.000,Y,1759
*,"19-F      ",Maintain a diaphragm pump,,0,2008-11-28 17:10:04.000,2011-11-28 17:10:04.000,2008-11-28 17:10:04.000,1900-01-01 00:00:00.000,Y,1760
*,"19-E/25-E",Service and maintain switchgear and assemblies of a pump,,1,2008-11-28 00:00:00.000,2011-11-28 00:00:00.000,2008-11-28 00:00:00.000,1900-01-01 00:00:00.000,Y,1761
*,"19-DM",Test and maintain injectors of a PT fuel system,,2,2008-11-28 00:00:00.000,2011-11-28 00:00:00.000,2008-11-28 00:00:00.000,1900-01-01 00:00:00.000,Y,1762
*,"18-P      ",Gas weld mild steel plate,,0,2008-11-28 17:10:04.000,2011-11-28 17:10:04.000,2008-11-28 17:10:04.000,1900-01-01 00:00:00.000,Y,1763
*,"18-F      ",Maintain a centrifugal pump,,0,2008-11-28 17:10:04.000,2011-11-28 17:10:04.000,2008-11-28 17:10:04.000,1900-01-01 00:00:00.000,Y,1764
*,"18-E/24-E",Service and maintain switchgear and assemblies of a compressor,,1,2008-11-28 00:00:00.000,2011-11-28 00:00:00.000,2008-11-28 00:00:00.000,1900-01-01 00:00:00.000,Y,1765
*,"18-DM",Test and maintain injectors of a in-line fuel system,,1,2008-11-28 00:00:00.000,2011-11-28 00:00:00.000,2008-11-28 00:00:00.000,1900-01-01 00:00:00.000,Y,1766
*,"17-P      ",Operate a profile cutting machine,,0,2008-11-28 17:10:04.000,2011-11-28 17:10:04.000,2008-11-28 17:10:04.000,1900-01-01 00:00:00.000,Y,1767
*,"17-F",Line up two shafts connected with a Fenner flex coupling,,1,2008-11-28 00:00:00.000,2011-11-28 00:00:00.000,2008-11-28 00:00:00.000,1900-01-01 00:00:00.000,Y,1768
*,"17-E      ",Test the condition of a cable,,0,2008-11-28 17:10:04.000,2011-11-28 17:10:04.000,2008-11-28 17:10:04.000,1900-01-01 00:00:00.000,Y,1769
*,"17-DM",Maintain a propeller shaft,,1,2008-11-28 00:00:00.000,2011-11-28 00:00:00.000,2008-11-28 00:00:00.000,1900-01-01 00:00:00.000,Y,1770
*,"16-P      ",Operate a straight line cutting machine,,0,2008-11-28 17:10:04.000,2011-11-28 17:10:04.000,2008-11-28 17:10:04.000,1900-01-01 00:00:00.000,Y,1771
*,"16-F  ",Line up two shafts connected with a non-slip coupling,,0,2008-11-28 00:00:00.000,2011-11-28 00:00:00.000,2008-11-28 00:00:00.000,1900-01-01 00:00:00.000,Y,1772
*,"16-E",Fit lugs to the cores and connect cores to terminals,,1,2008-11-28 00:00:00.000,2011-11-28 00:00:00.000,2008-11-28 00:00:00.000,1900-01-01 00:00:00.000,Y,1773
*,"16-DM     ",Maintain a limited slip differential,,0,2008-11-28 17:10:04.000,2011-11-28 17:10:04.000,2008-11-28 17:10:04.000,1900-01-01 00:00:00.000,Y,1774
*,"15-F",Line up two shafts connected with a fluid drive coupling,,2,2008-11-28 00:00:00.000,2011-11-28 00:00:00.000,2008-11-28 00:00:00.000,1900-01-01 00:00:00.000,Y,1775
*,"15-E",Phase out the cores of a power cable(MV),,1,2008-11-28 00:00:00.000,2011-11-28 00:00:00.000,2008-11-28 00:00:00.000,1900-01-01 00:00:00.000,Y,1776
*,"15-DM     ",Maintain a heavy duty differential,,0,2008-11-28 17:10:04.000,2011-11-28 17:10:04.000,2008-11-28 17:10:04.000,1900-01-01 00:00:00.000,Y,1777
*,"14-F ",Select and change bearings for combined radial and axial load,,2,2008-11-28 00:00:00.000,2011-11-28 00:00:00.000,2008-11-28 00:00:00.000,1900-01-01 00:00:00.000,Y,1778
*,"14-E      ","Hang, clamp and secure cables",,0,2008-11-28 17:10:04.000,2011-11-28 17:10:04.000,2008-11-28 17:10:04.000,1900-01-01 00:00:00.000,Y,1779
*,"14-DM     ",Maintain a light duty differential,,0,2008-11-28 17:10:04.000,2011-11-28 17:10:04.000,2008-11-28 17:10:04.000,1900-01-01 00:00:00.000,Y,1780
*,"13-E      ",Lay a cable in a trench,,0,2008-11-28 17:10:04.000,2011-11-28 17:10:04.000,2008-11-28 17:10:04.000,1900-01-01 00:00:00.000,Y,1781
*,"13-DM     ",Maintain a planetary system,,0,2008-11-28 17:10:04.000,2011-11-28 17:10:04.000,2008-11-28 17:10:04.000,1900-01-01 00:00:00.000,Y,1782
*,"12-E      ",Lay out a figure eight,,0,2008-11-28 17:10:04.000,2011-11-28 17:10:04.000,2008-11-28 17:10:04.000,1900-01-01 00:00:00.000,Y,1783
*,"12-DM     ",Maintain a power shift transmission,,0,2008-11-28 17:10:04.000,2011-11-28 17:10:04.000,2008-11-28 17:10:04.000,1900-01-01 00:00:00.000,Y,1784
*,"11-F      ",Maintain a double helical gearbox,,0,2008-11-28 17:10:04.000,2011-11-28 17:10:04.000,2008-11-28 17:10:04.000,1900-01-01 00:00:00.000,Y,1785
*,"11-E",Roll the cable off drum,,1,2008-11-28 00:00:00.000,2011-11-28 00:00:00.000,2008-11-28 00:00:00.000,1900-01-01 00:00:00.000,Y,1786
*,"11-DM     ",Maintain a manual transmission,,0,2008-11-28 17:10:04.000,2011-11-28 17:10:04.000,2008-11-28 17:10:04.000,1900-01-01 00:00:00.000,Y,1787
*,"10-F      ",Maintain a planetary gearbox,,0,2008-11-28 17:10:04.000,2011-11-28 17:10:04.000,2008-11-28 17:10:04.000,1900-01-01 00:00:00.000,Y,1788
*,"10-DM     ",Select and change bearings for a combined radial and axial load,,0,2008-11-28 17:10:04.000,2011-11-28 17:10:04.000,2008-11-28 17:10:04.000,1900-01-01 00:00:00.000,Y,1789
*,"254335 ",Perform a basic titration ,,2,2008-03-12 00:00:00.000,2011-03-12 00:00:00.000,2012-03-12 00:00:00.000,1900-01-01 00:00:00.000,Y,1790
*,"254337",Prepare samples for analysis by X-Ray Fluorescence (Aztec) Spectrometry ,,2,2008-03-12 00:00:00.000,2011-03-12 00:00:00.000,2012-03-12 00:00:00.000,1900-01-01 00:00:00.000,Y,1791
*,"254338",Prepare briquettes for quantitative analysis by means of X-Ray Fluorescence Spectrometry ,,4,2015-07-01 00:00:00.000,2018-06-30 00:00:00.000,2019-06-30 00:00:00.000,1900-01-01 00:00:00.000,Y,1792
*,"256848",Demonstrate an understanding of the relationship between geological structures and mining layouts,,3,2008-08-20 00:00:00.000,2011-08-20 00:00:00.000,2012-08-20 00:00:00.000,1900-01-01 00:00:00.000,Y,1793
*,"256856",Demonstrate knowledge of rock-related hazards and consequences due to the geological environment,,4,2008-08-20 00:00:00.000,2011-08-20 00:00:00.000,2012-08-20 00:00:00.000,1900-01-01 00:00:00.000,Y,1794
*,"256844","Explain the interaction between rock strength, stress and fracturing",,3,2008-08-20 00:00:00.000,2011-08-20 00:00:00.000,2012-08-20 00:00:00.000,1900-01-01 00:00:00.000,Y,1795
*,"259604 ","Verify compliance to safety, health and environmental requirements in the workplace",,4,2008-11-26 00:00:00.000,2011-11-26 00:00:00.000,2015-11-26 00:00:00.000,1900-01-01 00:00:00.000,Y,1796
*,"252250",Apply fire fighting techniques,,3,2008-11-28 00:00:00.000,2011-11-28 00:00:00.000,2012-11-28 00:00:00.000,1900-01-01 00:00:00.000,Y,1797
*,"253656",Communicate with clients,,3,2008-11-28 00:00:00.000,2011-11-28 00:00:00.000,2012-11-28 00:00:00.000,1900-01-01 00:00:00.000,Y,1798
*,"257095",Carry out basic surveying and calculations in surface excavations,,8,2008-09-17 00:00:00.000,2011-09-17 00:00:00.000,2012-09-17 00:00:00.000,1900-01-01 00:00:00.000,Y,1799
*,EL-T-1,Explain and draw three phase earth leakage protection circuits (5),,1,2009-04-21 00:00:00.000,2012-04-21 00:00:00.000,2009-04-21 00:00:00.000,1900-01-01 00:00:00.000,Y,1800
*,CCT,Select Conductors and cables,,3,2009-04-21 00:00:00.000,2012-04-21 00:00:00.000,2009-04-21 00:00:00.000,1900-01-01 00:00:00.000,Y,1801
*,CPH-B,Calculate positions of holes in flat bar rings,,0,2009-04-22 14:02:35.743,2012-04-22 14:02:35.743,2009-04-22 14:02:35.743,1900-01-01 00:00:00.000,Y,1802
*,CDF-R,Calculate dimensions to fabricate radial door liners,,0,2009-04-22 14:02:35.887,2012-04-22 14:02:35.887,2009-04-22 14:02:35.887,1900-01-01 00:00:00.000,Y,1803
*,OUT280.2,"Install, join and test cables-Metalliferous",,13,2009-04-22 14:03:32.260,2012-04-22 14:03:32.260,2009-04-22 14:03:32.260,1900-01-01 00:00:00.000,Y,1804
*,OUT283.2,"Connect, maintain and test transformers-Metalliferous",,4,2009-04-22 14:03:33.120,2012-04-22 14:03:33.120,2009-04-22 14:03:33.120,1900-01-01 00:00:00.000,Y,1805
*,OUT287.2,"Repair, fault find and maintain electrical installations-Metalliferous",,2,2009-04-22 14:03:33.777,2012-04-22 14:03:33.777,2009-04-22 14:03:33.777,1900-01-01 00:00:00.000,Y,1806
*,OUT290.2,Repair AC motors-Metalliferous 1,,1,2009-04-22 14:03:34.493,2012-04-22 14:03:34.493,2009-04-22 14:03:34.493,1900-01-01 00:00:00.000,Y,1807
*,OUT291.2,Repair DC motors-Metalliferous,,7,2009-04-22 14:03:34.743,2012-04-22 14:03:34.743,2009-04-22 14:03:34.743,1900-01-01 00:00:00.000,Y,1808
*,OUT168.2,Operate plater machine,,2,2009-04-22 14:26:11.417,2012-04-22 14:26:11.417,2009-04-22 14:26:11.417,1900-01-01 00:00:00.000,Y,1809
*,R-2,Calculate positions of holes in flat bar rings,,0,2009-04-22 14:26:12.027,2012-04-22 14:26:12.027,2009-04-22 14:26:12.027,1900-01-01 00:00:00.000,Y,1810
*,R-3,Calculate dimensions to fabricate radial door liners,,0,2009-04-22 14:26:12.073,2012-04-22 14:26:12.073,2009-04-22 14:26:12.073,1900-01-01 00:00:00.000,Y,1811
*,OUT171.2,Fabricate engineering components,,2,2009-04-22 14:26:12.120,2012-04-22 14:26:12.120,2009-04-22 14:26:12.120,1900-01-01 00:00:00.000,Y,1812
*,OUT180.2,Maintain equipment-Metaliferous,,2,2009-04-22 14:26:27.540,2012-04-22 14:26:27.540,2009-04-22 14:26:27.540,1900-01-01 00:00:00.000,Y,1813
*,OUT182.2,Fabricate pipe sections-Metaliferous,,1,2009-04-22 14:26:27.963,2012-04-22 14:26:27.963,2009-04-22 14:26:27.963,1900-01-01 00:00:00.000,Y,1814
*,OUT184.2,Install steel structures- Metaliferous,,1,2009-04-22 14:26:28.137,2012-04-22 14:26:28.137,2009-04-22 14:26:28.137,1900-01-01 00:00:00.000,Y,1815
*,OUT185.2,Assist with inspection- Metaliferous,,1,2009-04-22 14:26:28.277,2012-04-22 14:26:28.277,2009-04-22 14:26:28.277,1900-01-01 00:00:00.000,Y,1816
*,OUT187.2,Assisting with installing components and equipment- Metaliferous,,10,2009-04-22 14:26:28.713,2012-04-22 14:26:28.713,2009-04-22 14:26:28.713,1900-01-01 00:00:00.000,Y,1817
*,OUT188.2,Assist with maintaining equipment- Metaliferous,,3,2009-04-22 14:26:29.167,2012-04-22 14:26:29.167,2009-04-22 14:26:29.167,1900-01-01 00:00:00.000,Y,1818
*,OUT190.2,Repair equipment- Metaliferous 1,,1,2009-04-22 14:26:29.730,2012-04-22 14:26:29.730,2009-04-22 14:26:29.730,1900-01-01 00:00:00.000,Y,1819
*,OUT123.2,Manufacture components-metaliferous,,7,2009-04-22 14:26:32.057,2012-04-22 14:26:32.057,2009-04-22 14:26:32.057,1900-01-01 00:00:00.000,Y,1820
*,OUT186,Assist with repairs and fabricate- Metaliferous,,13,2009-04-22 14:27:26.540,2012-04-22 14:27:26.540,2009-04-22 14:27:26.540,1900-01-01 00:00:00.000,Y,1821
*,OUT267.2,Explain electrical power supplies-core,,1,2009-05-11 22:04:55.870,2012-05-11 22:04:55.870,2009-05-11 22:04:55.870,1900-01-01 00:00:00.000,Y,1822
*,OUT276.2,"Use, identify, and test electronic components and construct circuits-core",,0,2009-05-11 22:04:58.213,2012-05-11 22:04:58.213,2009-05-11 22:04:58.213,1900-01-01 00:00:00.000,Y,1823
*,OUT274,"Explain, wire and test 3-phase motor starters-core",,30,2009-05-11 22:05:12.587,2012-05-11 22:05:12.587,2009-05-11 22:05:12.587,1900-01-01 00:00:00.000,Y,1824
*,"13961",Demonstrate knowledge and use of hand operated fire fighting equipment,,4,2008-11-26 00:00:00.000,2011-11-26 00:00:00.000,2012-11-26 00:00:00.000,1900-01-01 00:00:00.000,Y,1825
*,HT-3,Identify special Plater’s tools,,1,2009-05-26 00:00:00.000,2012-05-26 00:00:00.000,2009-05-26 00:00:00.000,1900-01-01 00:00:00.000,Y,1826
*,AW-S,Identify and interpret welding symbols,,0,2009-05-26 00:00:00.000,2012-05-26 00:00:00.000,2009-05-26 00:00:00.000,1900-01-01 00:00:00.000,Y,1827
*,-1,Rivet flatbar rings,,0,2009-06-04 19:40:07.067,2012-06-04 19:40:07.067,2009-06-04 19:40:07.067,1900-01-01 00:00:00.000,Y,1828
*,-2,Calculat e positions of holes in a flat bar rings,,0,2009-06-04 19:40:10.080,2012-06-04 19:40:10.080,2009-06-04 19:40:10.080,1900-01-01 00:00:00.000,Y,1829
*,-3,Calculate dimensions to fabricate radisl door liners,,0,2009-06-04 19:40:10.130,2012-06-04 19:40:10.130,2009-06-04 19:40:10.130,1900-01-01 00:00:00.000,Y,1830
*,SPT,Service an engine with a PT fuel system,,0,2009-06-09 20:26:26.890,2012-06-09 20:26:26.890,2009-06-09 20:26:26.890,1900-01-01 00:00:00.000,Y,1831
*,"262181",Construct a geological features that could result in potentially harzadous conditions in the workplace,,5,2009-03-12 00:00:00.000,2012-03-12 00:00:00.000,2013-03-12 00:00:00.000,1900-01-01 00:00:00.000,Y,1832
*,"262264",Locate a surface geographical position by employing plan reading techniques,,3,2009-03-12 00:00:00.000,2012-03-12 00:00:00.000,2013-03-12 00:00:00.000,1900-01-01 00:00:00.000,Y,1833
*,"261817",Locate an underground geographical position by employing plan reading techniques,,3,2009-03-12 00:00:00.000,2012-03-12 00:00:00.000,2013-03-12 00:00:00.000,1900-01-01 00:00:00.000,Y,1834
*,"261818","Demonstrate a basic understanding of mineral resource types, utilisation and exploitation",,5,2009-03-12 00:00:00.000,2012-03-12 00:00:00.000,2013-03-12 00:00:00.000,1900-01-01 00:00:00.000,Y,1835
*,"262259",Demonstrate a basic understanding of the stratigraphy of the relevant economic deposit,,3,2009-03-12 00:00:00.000,2012-03-12 00:00:00.000,2013-03-12 00:00:00.000,1900-01-01 00:00:00.000,Y,1836
*,"14461",Determine quantities from plotted data,,6,2009-03-12 00:00:00.000,2012-03-12 00:00:00.000,2013-03-12 00:00:00.000,1900-01-01 00:00:00.000,Y,1837
*,"262237",Collate data for grade control and geological interpretation purposes,,5,2009-03-12 00:00:00.000,2012-03-12 00:00:00.000,2013-03-12 00:00:00.000,1900-01-01 00:00:00.000,Y,1838
*,"262184",Compile a grade distribution plan,,3,2009-03-12 00:00:00.000,2012-03-12 00:00:00.000,2013-03-12 00:00:00.000,1900-01-01 00:00:00.000,Y,1839
*,"261778",Demonstrate a basic understanding of global tectonic systems,,3,2009-03-12 00:00:00.000,2012-03-12 00:00:00.000,2013-03-12 00:00:00.000,1900-01-01 00:00:00.000,Y,1840
*,"262303",Demonstrate a basic understanding of South African stratigraphy and associated major economic deposits,,6,2009-03-12 00:00:00.000,2012-03-12 00:00:00.000,2013-03-12 00:00:00.000,1900-01-01 00:00:00.000,Y,1841
*,"261797",Demonstrate an understanding of igneous rocks,,6,2009-03-12 00:00:00.000,2012-03-12 00:00:00.000,2013-03-12 00:00:00.000,1900-01-01 00:00:00.000,Y,1842
*,"262179",Demonstrate an understanding of metamorphic rocks,,6,2009-03-12 00:00:00.000,2012-03-12 00:00:00.000,2013-03-12 00:00:00.000,1900-01-01 00:00:00.000,Y,1843
*,"262198",Demonstrate an understanding of mineralization processes,,4,2009-03-12 00:00:00.000,2012-03-12 00:00:00.000,2013-03-12 00:00:00.000,1900-01-01 00:00:00.000,Y,1844
*,"262277",Identify geographical and geological features from aerial photographs,,5,2009-03-12 00:00:00.000,2012-03-12 00:00:00.000,2013-03-12 00:00:00.000,1900-01-01 00:00:00.000,Y,1845
*,"261801",Manually construct an outcrop plan of a geologically simple area from given data,,3,2009-03-12 00:00:00.000,2012-03-12 00:00:00.000,2013-03-12 00:00:00.000,1900-01-01 00:00:00.000,Y,1846
*,"261758",Manually construct an underground geological plan of a geologically simple area from a given data,,3,2009-03-12 00:00:00.000,2012-03-12 00:00:00.000,2013-03-12 00:00:00.000,1900-01-01 00:00:00.000,Y,1847
*,"262306",Measure and record basic geological plan of a geologically simple area from given data,,3,2009-03-12 00:00:00.000,2012-03-12 00:00:00.000,2013-03-12 00:00:00.000,1900-01-01 00:00:00.000,Y,1848
*,"262239",Measure and record water levels in boreholes,,2,2009-03-12 00:00:00.000,2012-03-12 00:00:00.000,2013-03-12 00:00:00.000,1900-01-01 00:00:00.000,Y,1849
*,"114978",Use a word processing package to produce business documents,,3,2009-03-12 00:00:00.000,2012-03-12 00:00:00.000,2013-03-12 00:00:00.000,1900-01-01 00:00:00.000,Y,1850
*,"262257",Electronic data capturing for geological interpretation and modelling purposes,,6,2009-03-12 00:00:00.000,2012-03-12 00:00:00.000,2013-03-12 00:00:00.000,1900-01-01 00:00:00.000,Y,1851
*,"261757",Identify structural and stratigraphic features on a surface geological map,,4,2009-03-12 00:00:00.000,2012-03-12 00:00:00.000,2013-03-12 00:00:00.000,1900-01-01 00:00:00.000,Y,1852
*,"261286",Identify structural and stratigraphic features on an underground geological  plan,,4,2009-03-12 00:00:00.000,2012-03-12 00:00:00.000,2013-03-12 00:00:00.000,1900-01-01 00:00:00.000,Y,1853
*,"14271",Perform distance measurements using a tape and electronic distance measurement (EDM) equipment,,2,2009-03-12 00:00:00.000,2012-03-12 00:00:00.000,2013-03-12 00:00:00.000,1900-01-01 00:00:00.000,Y,1854
*,"11713",Reduce basic distance measurements (Tape or EDM) for use in surveying,,2,2009-03-12 00:00:00.000,2012-03-12 00:00:00.000,2013-03-12 00:00:00.000,1900-01-01 00:00:00.000,Y,1855
*,"261800",Supervise the rehabilitation of a geological site,,7,2009-03-12 00:00:00.000,2012-03-12 00:00:00.000,2013-03-12 00:00:00.000,1900-01-01 00:00:00.000,Y,1856
*,"262217","Identify, record and report on geological features that could result in potentially hazardous conditions in the workplace",,5,2009-03-12 00:00:00.000,2012-03-12 00:00:00.000,2013-03-12 00:00:00.000,1900-01-01 00:00:00.000,Y,1857
*,"253339",Crush material in a metallurgical plant,,9,2009-06-30 00:00:00.000,2012-06-30 00:00:00.000,2013-06-30 00:00:00.000,1900-01-01 00:00:00.000,Y,1858
*,"256596",Take representative samples of slurries and liquids in a metallurgical process,,4,2009-07-01 00:00:00.000,2012-07-01 00:00:00.000,2013-07-01 00:00:00.000,1900-01-01 00:00:00.000,Y,1859
*,"9011",Use mathematics to investigate and monitor the financial aspects of personal and business issues,,5,2007-08-10 00:00:00.000,2012-08-10 00:00:00.000,2013-08-10 00:00:00.000,1900-01-01 00:00:00.000,Y,1860
*,"253595",Direct the operation of an overhead crane,,3,2008-11-02 00:00:00.000,2011-11-02 00:00:00.000,2012-11-02 00:00:00.000,1900-01-01 00:00:00.000,Y,1861
*,"253774",Adhere to basic occupational health and safety practices pertaining to shaft operations,,3,2008-11-20 00:00:00.000,2012-11-20 00:00:00.000,2013-11-20 00:00:00.000,1900-01-01 00:00:00.000,Y,1862
*,"253715",Load and remove long material into a shaft conveyance,,3,2008-11-20 00:00:00.000,2011-11-20 00:00:00.000,2012-11-20 00:00:00.000,1900-01-01 00:00:00.000,Y,1863
*,"253754",Load and remove rolling stock into a shaft conveyance,,8,2008-11-20 00:00:00.000,2011-11-20 00:00:00.000,2012-11-20 00:00:00.000,1900-01-01 00:00:00.000,Y,1864
*,"253694",Load and unload persons into and from a shaft conveyance,,4,2008-11-20 00:00:00.000,2011-11-20 00:00:00.000,2012-11-20 00:00:00.000,1900-01-01 00:00:00.000,Y,1865
*,"253775",Prepare a conveyance for shaft examination and repairs,,2,2008-11-20 00:00:00.000,2011-11-20 00:00:00.000,2012-11-20 00:00:00.000,1900-01-01 00:00:00.000,Y,1866
*,"253639",Replace a conveyance in a shaft,,2,2008-11-20 00:00:00.000,2011-11-20 00:00:00.000,2012-11-20 00:00:00.000,1900-01-01 00:00:00.000,Y,1867
*,"256304",Demonstrate an understanding of the functions and the operation of signalling arrangements and safety devices in a shaft,,3,2008-11-20 00:00:00.000,2011-11-20 00:00:00.000,2012-11-20 00:00:00.000,1900-01-01 00:00:00.000,Y,1868
*,"256664",Leach metal bearing material in a metallurgical plant,,6,2008-11-20 00:00:00.000,2011-11-20 00:00:00.000,2012-11-20 00:00:00.000,1900-01-01 00:00:00.000,Y,1869
*,"256674",Recover uranium from solution by means of a chemical precipitation,,7,2008-11-20 00:00:00.000,2011-11-20 00:00:00.000,2012-11-20 00:00:00.000,1900-01-01 00:00:00.000,Y,1870
*,"256622",Collect precious metals from a fluxed sample into a metal button by means of the fire assay fusion process,,6,2009-05-05 00:00:00.000,2012-05-05 00:00:00.000,2013-05-05 00:00:00.000,1900-01-01 00:00:00.000,Y,1871
*,"256626",Flux samples in preparation for the fire assay fusion,,6,2009-05-05 00:00:00.000,2012-05-05 00:00:00.000,2013-05-05 00:00:00.000,1900-01-01 00:00:00.000,Y,1872
*,"256602",Recover precious metals from a lead button by means of the cupellation process,,7,2009-05-05 00:00:00.000,2012-05-05 00:00:00.000,2013-05-05 00:00:00.000,1900-01-01 00:00:00.000,Y,1873
*,"256617",Determine the pH of a liquid by means of a pH meter,,2,2009-05-05 00:00:00.000,2012-05-05 00:00:00.000,2013-05-05 00:00:00.000,1900-01-01 00:00:00.000,Y,1874
*,"256601",Determine the precious metal content of an assayed sample by high temperature cupellation and weighing,,7,2008-11-20 00:00:00.000,2011-11-20 00:00:00.000,2012-11-20 00:00:00.000,1900-01-01 00:00:00.000,Y,1875
*,"256620",Dissolve solid samples for analysis,,5,2008-11-20 00:00:00.000,2011-11-20 00:00:00.000,2012-11-20 00:00:00.000,1900-01-01 00:00:00.000,Y,1876
*,"256625",Perform a sink-float analysis,,5,2008-05-20 00:00:00.000,2011-05-20 00:00:00.000,2012-05-20 00:00:00.000,1900-01-01 00:00:00.000,Y,1877
*,"256605","Maintain stock levels of equipment, reagents and consumables required by the laboratory",,12,2008-11-20 00:00:00.000,2011-11-20 00:00:00.000,2012-11-20 00:00:00.000,1900-01-01 00:00:00.000,Y,1878
*,"256627",Determine the gold fineness of gold bullion by the re-inquartation and parting procedure,,4,2008-11-20 00:00:00.000,2011-11-20 00:00:00.000,2012-11-20 00:00:00.000,1900-01-01 00:00:00.000,Y,1879
*,"256598",Quantify analyte concentrations in prepared samples by means of Ultraviolet-Visible Spectrophotometry,,6,2008-11-20 00:00:00.000,2011-11-20 00:00:00.000,2012-11-20 00:00:00.000,1900-01-01 00:00:00.000,Y,1880
*,"256615",Quantify analyte concentrations in samples by means of X-ray Fluorescence Spectrometry,,9,2008-11-20 00:00:00.000,2011-11-20 00:00:00.000,2012-11-20 00:00:00.000,1900-01-01 00:00:00.000,Y,1881
*,"256628",Quantify analyte concentrations in prepared samples by means of Flame Atomic Absorption Spectroscopy,,15,2008-11-20 00:00:00.000,2011-11-20 00:00:00.000,2012-11-20 00:00:00.000,1900-01-01 00:00:00.000,Y,1882
*,"256604",Quantify analyte concentrations in prepared samples by means of Graphite Furnace Atomic Absorption Spectroscopy,,3,2008-11-20 00:00:00.000,2011-11-20 00:00:00.000,2012-11-20 00:00:00.000,1900-01-01 00:00:00.000,Y,1883
*,"256618",Quantify analyte concentrations in prepared samples by means of Inductively Coupled Plasma Optical Emission Spectrometry (ICP-OES),,12,2008-11-20 00:00:00.000,2011-11-20 00:00:00.000,2012-11-20 00:00:00.000,1900-01-01 00:00:00.000,Y,1884
*,"256623",Quantify analyte concentrations in prepared solid samples by means of Emission Spectroscopy,,12,2008-11-20 00:00:00.000,2011-11-20 00:00:00.000,2012-11-20 00:00:00.000,1900-01-01 00:00:00.000,Y,1885
*,"256603",Operate a direct current winder,,15,2008-11-20 00:00:00.000,2011-11-20 00:00:00.000,2012-11-20 00:00:00.000,1900-01-01 00:00:00.000,Y,1886
*,"256597",Operate an alternating current winder,,15,2008-11-20 00:00:00.000,2011-11-20 00:00:00.000,2012-11-20 00:00:00.000,1900-01-01 00:00:00.000,Y,1887
*,"256636",Demonstrate an understanding of the functions of electrical and mechanical components on a winder,,6,2008-11-20 00:00:00.000,2011-11-20 00:00:00.000,2012-11-20 00:00:00.000,1900-01-01 00:00:00.000,Y,1888
*,"256600",Position conveyances in a shaft by means of clutching,,11,2008-11-20 00:00:00.000,2011-11-20 00:00:00.000,2012-11-20 00:00:00.000,1900-01-01 00:00:00.000,Y,1889
*,"256606",Shut down a winding plant,,3,2008-11-20 00:00:00.000,2011-11-20 00:00:00.000,2012-11-20 00:00:00.000,1900-01-01 00:00:00.000,Y,1890
*,"256635",Start and take control of a winder,,19,2008-11-20 00:00:00.000,2011-11-20 00:00:00.000,2012-11-20 00:00:00.000,1900-01-01 00:00:00.000,Y,1891
*,"256616",Sling material into and remove slung material from a shaft,,4,2008-11-20 00:00:00.000,2011-11-20 00:00:00.000,2012-11-20 00:00:00.000,1900-01-01 00:00:00.000,Y,1892
*,"256595",Operate a friction-driven winder,,5,2008-11-20 00:00:00.000,2011-11-20 00:00:00.000,2012-11-20 00:00:00.000,1900-01-01 00:00:00.000,Y,1893
*,MCI-CCD,Course control document,,1,2009-10-01 00:00:00.000,2012-10-01 00:00:00.000,2013-10-01 00:00:00.000,1900-01-01 00:00:00.000,Y,1894
*,MCI-ST,Perform safe work practices,,3,2009-10-01 00:00:00.000,2012-10-01 00:00:00.000,2013-10-01 00:00:00.000,1900-01-01 00:00:00.000,Y,1895
*,"256637",Understand health and safety practices pertaining to winding operations,,5,2008-08-20 00:00:00.000,2011-08-20 00:00:00.000,2012-08-20 00:00:00.000,1900-01-01 00:00:00.000,Y,1896
*,"244073","Receive, handle and store hazardous chemicals safely",,5,2008-01-27 00:00:00.000,2011-01-27 00:00:00.000,2012-01-27 00:00:00.000,1900-01-01 00:00:00.000,Y,1897
*,"376159",Construct a contour plan to determine the dip and strike of a plane,,3,2010-03-20 00:00:00.000,2013-03-20 00:00:00.000,2014-03-20 00:00:00.000,1900-01-01 00:00:00.000,Y,1898
*,"376161",Collate and interpret borehole data,,5,2010-03-20 00:00:00.000,2013-03-20 00:00:00.000,2014-03-20 00:00:00.000,1900-01-01 00:00:00.000,Y,1899
*,"376239",Compile and interpret a grade distribution plan,,4,2010-03-20 00:00:00.000,2013-03-20 00:00:00.000,2014-03-20 00:00:00.000,1900-01-01 00:00:00.000,Y,1900
*,"376282",Construct and interpret a geological cross-section in a familiar area,,3,2010-03-20 00:00:00.000,2013-03-20 00:00:00.000,2014-03-20 00:00:00.000,1900-01-01 00:00:00.000,Y,1901
*,"376199",Demonstrate an understanding of drilling techniques,,5,2010-03-20 00:00:00.000,2013-03-20 00:00:00.000,2014-03-20 00:00:00.000,1900-01-01 00:00:00.000,Y,1902
*,"376223",Demonstrate an understanding of structural geology,,6,2010-03-20 00:00:00.000,2013-03-20 00:00:00.000,2014-03-20 00:00:00.000,1900-01-01 00:00:00.000,Y,1903
*,"376221",Demonstrate an understanding of the mineralisation of a relevant economic deposit,,6,2010-03-20 00:00:00.000,2013-03-20 00:00:00.000,2014-03-20 00:00:00.000,1900-01-01 00:00:00.000,Y,1904
*,"376201",Demonstrate  an understanding of the principles of stratigraphy,,6,2010-03-20 00:00:00.000,2013-03-20 00:00:00.000,2014-03-20 00:00:00.000,1900-01-01 00:00:00.000,Y,1905
*,"376160",Demonstrate an understanding of the relationship between global tectonic systems and mineral deposits,,4,2010-03-20 00:00:00.000,2013-03-20 00:00:00.000,2014-03-20 00:00:00.000,1900-01-01 00:00:00.000,Y,1906
*,"376200",Demonstrate an understanding of the typical phases of a mineral deposit,,4,2010-03-20 00:00:00.000,2013-03-20 00:00:00.000,2014-03-20 00:00:00.000,1900-01-01 00:00:00.000,Y,1907
*,"376227","Identify, measure and record the attitude of in situ geological structures",,7,2010-05-20 00:00:00.000,2013-05-20 00:00:00.000,2014-05-20 00:00:00.000,1900-01-01 00:00:00.000,Y,1908
*,"376139",Log borehole core,,4,2010-03-20 00:00:00.000,2013-03-20 00:00:00.000,2014-03-20 00:00:00.000,1900-01-01 00:00:00.000,Y,1909
*,"376163",Plot and extrapolate geological information in a geological map or plan,,4,2010-03-20 00:00:00.000,2013-03-20 00:00:00.000,2014-03-20 00:00:00.000,1900-01-01 00:00:00.000,Y,1910
*,"376181",Construct and interpret a geological cross-section in a deformed area,,3,2010-03-20 00:00:00.000,2013-03-20 00:00:00.000,2014-03-20 00:00:00.000,1900-01-01 00:00:00.000,Y,1911
*,"376281",Manage a geological core yard facility,,5,2010-03-20 00:00:00.000,2013-03-20 00:00:00.000,2014-03-20 00:00:00.000,1900-01-01 00:00:00.000,Y,1912
*,"376142",Conduct surface geological surveys,,3,2010-03-20 00:00:00.000,2013-03-20 00:00:00.000,2014-03-20 00:00:00.000,1900-01-01 00:00:00.000,Y,1913
*,"376225",Measure and record the yield of water in boreholes,,2,2010-03-20 00:00:00.000,2013-03-20 00:00:00.000,2014-03-20 00:00:00.000,1900-01-01 00:00:00.000,Y,1914
*,"376141",Conduct a ground magnetic survey on the sub surface strata,,8,2010-03-20 00:00:00.000,2013-03-20 00:00:00.000,2014-03-20 00:00:00.000,1900-01-01 00:00:00.000,Y,1915
*,"376245",Construct and interpret a map of a geologically familiar area,,3,2010-03-20 00:00:00.000,2013-03-20 00:00:00.000,2014-03-20 00:00:00.000,1900-01-01 00:00:00.000,Y,1916
*,"376220",Demonstrate an understanding of Engineering geology and rock mechanics,,10,2010-03-20 00:00:00.000,2013-03-20 00:00:00.000,2014-03-20 00:00:00.000,1900-01-01 00:00:00.000,Y,1917
*,"376164",Demonstrate an understanding of fossils,,6,2010-03-20 00:00:00.000,2013-03-20 00:00:00.000,2014-03-20 00:00:00.000,1900-01-01 00:00:00.000,Y,1918
*,"376140",Demonstrate an understanding of prospecting methods,,8,2010-03-20 00:00:00.000,2013-03-20 00:00:00.000,2014-03-20 00:00:00.000,1900-01-01 00:00:00.000,Y,1919
*,"376224",Demonstrate an understanding of soil types and their characteristics,,6,2010-03-20 00:00:00.000,2013-03-20 00:00:00.000,2014-03-20 00:00:00.000,1900-01-01 00:00:00.000,Y,1920
*,"376226",Demonstrate an understanding of surface processes,,5,2010-03-20 00:00:00.000,2013-03-20 00:00:00.000,2014-03-20 00:00:00.000,1900-01-01 00:00:00.000,Y,1921
*,"376162",Integrate borehole data for geological modeling,,5,2010-03-20 00:00:00.000,2013-03-20 00:00:00.000,2014-03-20 00:00:00.000,1900-01-01 00:00:00.000,Y,1922
*,"376180",Interpret simple structural and stratigraphic features on a geological plan,,4,2010-03-20 00:00:00.000,2013-03-20 00:00:00.000,2014-03-20 00:00:00.000,1900-01-01 00:00:00.000,Y,1923
*,"263024",Pan and produce two dimensional (2D) Computer Aided Drawings (CAD),,15,2010-03-20 00:00:00.000,2013-03-20 00:00:00.000,2014-03-20 00:00:00.000,1900-01-01 00:00:00.000,Y,1924
*,"376222",Process geological information for grade control purposes,,5,2010-03-20 00:00:00.000,2013-03-20 00:00:00.000,2014-03-20 00:00:00.000,1900-01-01 00:00:00.000,Y,1925
*,"376280",Sample soil material for economic and environmental,,3,2010-03-20 00:00:00.000,2013-03-20 00:00:00.000,2014-03-20 00:00:00.000,1900-01-01 00:00:00.000,Y,1926
*,"376179",Log and sample a face to obtain geological information for quality control purposes in the relevant deposit,,6,2010-05-20 00:00:00.000,2013-05-20 00:00:00.000,2014-05-20 00:00:00.000,1900-01-01 00:00:00.000,Y,1927
*,"376219",Sample and surface rock outcrops,,4,2010-03-20 00:00:00.000,2013-03-20 00:00:00.000,2014-03-20 00:00:00.000,1900-01-01 00:00:00.000,Y,1928
*,"376247",Sample stream sediment material for economic and environmental purpose,,3,2010-03-20 00:00:00.000,2013-03-20 00:00:00.000,2014-03-20 00:00:00.000,1900-01-01 00:00:00.000,Y,1929
*,"376466",Apply lamproom procedures,,2,2010-06-02 00:00:00.000,2013-06-02 00:00:00.000,2014-06-02 00:00:00.000,1900-01-01 00:00:00.000,Y,1930
*,"246575",Apply safety concepts to a gas installation site,,3,2010-06-02 00:00:00.000,2013-06-02 00:00:00.000,2014-06-02 00:00:00.000,1900-01-01 00:00:00.000,Y,1931
*,"376462",Demonstrate an understanding of lamprooms and lamproom equipment,,3,2010-06-02 00:00:00.000,2013-06-02 00:00:00.000,2014-06-02 00:00:00.000,1900-01-01 00:00:00.000,Y,1932
*,"376460",Dispatch and receive lamproom equipment,,3,2010-06-02 00:00:00.000,2013-06-02 00:00:00.000,2014-06-02 00:00:00.000,1900-01-01 00:00:00.000,Y,1933
*,"113852","Apply  occupational health, safety and environmental principles",,10,2010-06-02 00:00:00.000,2013-06-02 00:00:00.000,2014-06-02 00:00:00.000,1900-01-01 00:00:00.000,Y,1934
*,"376467",Apply the legal requirements regarding gas detection instruments,,2,2010-06-02 00:00:00.000,2013-06-02 00:00:00.000,2014-06-02 00:00:00.000,1900-01-01 00:00:00.000,Y,1935
*,"376464",Perform generic repairs on lamp room equipment,,3,2010-06-02 00:00:00.000,2013-06-02 00:00:00.000,2014-06-02 00:00:00.000,1900-01-01 00:00:00.000,Y,1936
*,"376463",Supervise activities in a lamproom in the mining environment,,6,2010-06-02 00:00:00.000,2013-06-02 00:00:00.000,2014-06-02 00:00:00.000,1900-01-01 00:00:00.000,Y,1937
*,"376465",Apply effective equipment control within a lamproom,,3,2010-06-02 00:00:00.000,2013-06-02 00:00:00.000,2014-06-02 00:00:00.000,1900-01-01 00:00:00.000,Y,1938
*,"376461",Apply legal requirements pertaining to lamproom operations,,4,2010-06-02 00:00:00.000,2013-06-02 00:00:00.000,2014-06-02 00:00:00.000,1900-01-01 00:00:00.000,Y,1939
*,"264375",Adhere to disciplinary code and grievance procedures,,3,2010-06-02 00:00:00.000,2013-06-02 00:00:00.000,2014-06-20 00:00:00.000,1900-01-01 00:00:00.000,Y,1940
*,"113836",Apply basic computer technology,,11,2010-06-02 00:00:00.000,2013-06-02 00:00:00.000,2014-06-02 00:00:00.000,1900-01-01 00:00:00.000,Y,1941
*,"252170",Apply the principles of customer care in client interactions,,5,2010-06-02 00:00:00.000,2013-06-02 00:00:00.000,2014-06-02 00:00:00.000,1900-01-01 00:00:00.000,Y,1942
*,"16030192",Mathematics,,0,2010-06-01 00:00:00.000,2011-06-01 00:00:00.000,2012-06-01 00:00:00.000,1900-01-01 00:00:00.000,Y,1943
*,"15070402",Engineering Science,,0,2010-06-01 00:00:00.000,2011-06-01 00:00:00.000,2012-06-01 00:00:00.000,1900-01-01 00:00:00.000,Y,1944
*,"8090272",Engineering Drawing,,0,2010-06-01 00:00:00.000,2011-06-01 00:00:00.000,2012-06-01 00:00:00.000,1900-01-01 00:00:00.000,Y,1945
*,"8090102",Plating and Structural Steel Drawing,,0,2010-06-01 00:00:00.000,2011-06-01 00:00:00.000,2012-06-01 00:00:00.000,1900-01-01 00:00:00.000,Y,1946
*,"11022032",Fitting and Machining Theory,,0,2010-06-01 00:00:00.000,2011-06-01 00:00:00.000,2012-06-01 00:00:00.000,1900-01-01 00:00:00.000,Y,1947
*,"11022182",Platers Theory,,0,2010-06-01 00:00:00.000,2011-06-01 00:00:00.000,2012-06-01 00:00:00.000,1900-01-01 00:00:00.000,Y,1948
*,OUT123,Testing Artisan Module ,,5,2012-04-01 00:00:00.000,2015-04-01 00:00:00.000,2016-04-01 00:00:00.000,1900-01-01 00:00:00.000,Y,1949
*,LT,lift and turn a load,,2,2012-11-30 00:00:00.000,2015-11-30 00:00:00.000,2016-11-30 00:00:00.000,1900-01-01 00:00:00.000,Y,1950
*,SL,Secure a load for transportation,,1,2012-11-30 00:00:00.000,2015-11-30 00:00:00.000,2016-11-30 00:00:00.000,1900-01-01 00:00:00.000,Y,1951
*,LS-1,Light Switching,,2,2012-11-30 00:00:00.000,2015-11-30 00:00:00.000,2016-11-30 00:00:00.000,1900-01-01 00:00:00.000,Y,1952
*,"59-E/68-E",Service and maintain a mechanical loader,,2,2015-07-01 00:00:00.000,2018-06-30 00:00:00.000,2019-06-30 00:00:00.000,1900-01-01 00:00:00.000,Y,1953
*,"60-E/69-E",Service and maintain a shuttle car,,2,2015-07-01 00:00:00.000,2018-06-30 00:00:00.000,2019-06-30 00:00:00.000,1900-01-01 00:00:00.000,Y,1954
*,"61-E/70-E",Service and maintain a coal cutter,,2,2015-07-01 00:00:00.000,2018-06-30 00:00:00.000,2019-06-30 00:00:00.000,1900-01-01 00:00:00.000,Y,1955
*,"62-E/71-E",Service and maintain a continuous miner (Road Header),,4,2015-07-01 00:00:00.000,2018-06-30 00:00:00.000,2019-06-30 00:00:00.000,1900-01-01 00:00:00.000,Y,1956
*,"63-E/72-E",Service and maintain a feeder,,1,2015-07-01 00:00:00.000,2018-06-30 00:00:00.000,2019-06-30 00:00:00.000,1900-01-01 00:00:00.000,Y,1957
*,"64-E/73-E",Service and maintain a gate-end box,,2,2015-07-01 00:00:00.000,2018-06-30 00:00:00.000,2019-06-30 00:00:00.000,1900-01-01 00:00:00.000,Y,1958
*,"65-E/74-E",Service and maintain a roof bolter,,1,2015-07-01 00:00:00.000,2018-06-30 00:00:00.000,2019-06-30 00:00:00.000,1900-01-01 00:00:00.000,Y,1959
*,"66-E/75-E",Service and maintain a scoop,,2,2015-07-01 00:00:00.000,2018-06-30 00:00:00.000,2019-06-30 00:00:00.000,1900-01-01 00:00:00.000,Y,1960
*,"67-E/76-E",Service and maintain long wall equipment,,4,2015-07-01 00:00:00.000,2018-06-30 00:00:00.000,2019-06-30 00:00:00.000,1900-01-01 00:00:00.000,Y,1961
*,ABS,Anti-lock Brake System,,2,2015-07-01 00:00:00.000,2018-06-30 00:00:00.000,2019-06-30 00:00:00.000,1900-01-01 00:00:00.000,Y,1962
*,ACV,Assist in changing a vibrating screen,,3,2015-07-01 00:00:00.000,2018-06-30 00:00:00.000,2019-06-30 00:00:00.000,1900-01-01 00:00:00.000,Y,1963
*,BE,Basic electricity,,2,2015-07-01 00:00:00.000,2018-06-30 00:00:00.000,2019-06-30 00:00:00.000,1900-01-01 00:00:00.000,Y,1964
*,CRDI,Remove and replace the injector of a CRD engine,,2,2015-07-01 00:00:00.000,2018-06-30 00:00:00.000,2019-06-30 00:00:00.000,1900-01-01 00:00:00.000,Y,1965
*,IBB-1,Install bus bars in a distribution box ,,1,2015-07-01 00:00:00.000,2018-06-30 00:00:00.000,2019-06-30 00:00:00.000,1900-01-01 00:00:00.000,Y,1966
*,LIFT,Inspect and Operate a 2/4 post lift,,1,2015-07-01 00:00:00.000,2018-06-30 00:00:00.000,2019-06-30 00:00:00.000,1900-01-01 00:00:00.000,Y,1967
*,LIFTS,Inspect and Operate a 2 or 4 Post Vehicle Lift,,1,2015-07-01 00:00:00.000,2018-06-30 00:00:00.000,2019-06-30 00:00:00.000,1900-01-01 00:00:00.000,Y,1968
*,LO,Lock Out (Isolate and switch-in),,1,2015-07-01 00:00:00.000,2018-06-30 00:00:00.000,2019-06-30 00:00:00.000,1900-01-01 00:00:00.000,Y,1969
*,LOC,Make a long splice in an overland conveyer,,3,2015-07-01 00:00:00.000,2018-06-30 00:00:00.000,2019-06-30 00:00:00.000,1900-01-01 00:00:00.000,Y,1970
*,LTD,Lift and turn a dragline bucket,,3,2015-07-01 00:00:00.000,2018-06-30 00:00:00.000,2019-06-30 00:00:00.000,1900-01-01 00:00:00.000,Y,1971
*,MGE,Fit a mechanical gland to a PILC/SWA cable,,1,2015-07-01 00:00:00.000,2018-06-30 00:00:00.000,2019-06-30 00:00:00.000,1900-01-01 00:00:00.000,Y,1972
*,RCRD,Repair Common Rail Diesel engine components,,2,2015-07-01 00:00:00.000,2018-06-30 00:00:00.000,2019-06-30 00:00:00.000,1900-01-01 00:00:00.000,Y,1973
*,RCV,Remove and Replace the clutch of a vehicle,,2,2015-07-01 00:00:00.000,2018-06-30 00:00:00.000,2019-06-30 00:00:00.000,1900-01-01 00:00:00.000,Y,1974
*,RDB,Replace a dragline bucket,,3,2015-07-01 00:00:00.000,2018-06-30 00:00:00.000,2019-06-30 00:00:00.000,1900-01-01 00:00:00.000,Y,1975
*,SCRD,Service a Common Rail Diesel Engine,,2,2015-07-01 00:00:00.000,2018-06-30 00:00:00.000,2019-06-30 00:00:00.000,1900-01-01 00:00:00.000,Y,1976
*,SL-4,Wire a vapourmatic starter  ,,2,2015-07-01 00:00:00.000,2018-06-30 00:00:00.000,2019-06-30 00:00:00.000,1900-01-01 00:00:00.000,Y,1977
*,SR1,Test a slip-ring/induction motor,,1,2015-07-01 00:00:00.000,2018-06-30 00:00:00.000,2019-06-30 00:00:00.000,1900-01-01 00:00:00.000,Y,1978
*,SWD,Change sheave wheel on draglines,,3,2015-07-01 00:00:00.000,2018-06-30 00:00:00.000,2019-06-30 00:00:00.000,1900-01-01 00:00:00.000,Y,1979
*,UAG,Operate a portable angle grinder,,1,2015-07-01 00:00:00.000,2018-06-30 00:00:00.000,2019-06-30 00:00:00.000,1900-01-01 00:00:00.000,Y,1980
*,WG,Make up a steel wire rope grommet,,2,2015-07-01 00:00:00.000,2018-06-30 00:00:00.000,2019-06-30 00:00:00.000,1900-01-01 00:00:00.000,Y,1981
*,PF-7,Fabricate a spiral ,,2,2015-01-01 00:00:00.000,2018-03-31 00:00:00.000,2019-03-31 00:00:00.000,1900-01-01 00:00:00.000,Y,1982
*,RA-E-1,Maintain a storage battery - Autotronics,,1,2015-01-01 00:00:00.000,2018-03-31 00:00:00.000,2019-03-31 00:00:00.000,1900-01-01 00:00:00.000,Y,1983
*,MAC-2,Maintain air actuating cylinders and service units (Six Monthly),,0,2008-11-28 00:00:00.000,2011-11-28 00:00:00.000,2008-11-28 00:00:00.000,1900-01-01 00:00:00.000,Y,1984
*,VO,Overhaul Valves,,2,2008-11-28 00:00:00.000,2011-11-28 00:00:00.000,2008-11-28 00:00:00.000,1900-01-01 00:00:00.000,Y,1985
*,HDR,Replace hoist and drag ropes on dragline,,1,2016-01-01 00:00:00.000,2018-03-31 00:00:00.000,2019-03-31 00:00:00.000,1900-01-01 00:00:00.000,Y,1986
*,HRTS,Prepare a hoist rope for test specimen,,1,2016-01-01 00:00:00.000,2018-03-31 00:00:00.000,2019-03-31 00:00:00.000,1900-01-01 00:00:00.000,Y,1987
*,SSM,Short splice in a manila rope,,0,2016-01-01 00:00:00.000,2018-03-31 00:00:00.000,2019-03-31 00:00:00.000,1900-01-01 00:00:00.000,Y,1988
*,IGS,Assist with installing underground gantry steelwork,,1,2016-01-01 00:00:00.000,2018-03-31 00:00:00.000,2019-03-31 00:00:00.000,1900-01-01 00:00:00.000,Y,1989
*,TS-R,Splice a thimble into a wire rope,,5,2016-01-01 00:00:00.000,2018-03-31 00:00:00.000,2019-03-31 00:00:00.000,1900-01-01 00:00:00.000,Y,1990
*,RRC-R,Rerail a Conveyance,,1,2016-01-01 00:00:00.000,2018-03-31 00:00:00.000,2019-03-31 00:00:00.000,1900-01-01 00:00:00.000,Y,1991
*,AW-1-R,Perform Basic Arc welding,,2,2016-01-01 00:00:00.000,2018-03-31 00:00:00.000,2019-03-31 00:00:00.000,1900-01-01 00:00:00.000,Y,1992
*,"33-FT",Operate a milling machine,,1,2016-01-01 00:00:00.000,2018-03-31 00:00:00.000,2019-03-31 00:00:00.000,1900-01-01 00:00:00.000,Y,1993
*,"35-DM",Operate a power saw,,1,2016-01-01 00:00:00.000,2018-03-31 00:00:00.000,2019-03-31 00:00:00.000,1900-01-01 00:00:00.000,Y,1994
*,"38-DM",Operate a pedestal drill,,1,2016-01-01 00:00:00.000,2018-03-31 00:00:00.000,2019-03-31 00:00:00.000,1900-01-01 00:00:00.000,Y,1995
*,"39-DM",Operate a portable drill,,1,2016-01-01 00:00:00.000,2018-03-31 00:00:00.000,2019-03-31 00:00:00.000,1900-01-01 00:00:00.000,Y,1996
*,"47-P",Demonstrate all hand signals applicable to rigging  ,,1,2016-01-01 00:00:00.000,2018-03-31 00:00:00.000,2019-03-31 00:00:00.000,1900-01-01 00:00:00.000,Y,1997
*,"8-DM",Select and change bearings for a radial load,,1,2016-01-01 00:00:00.000,2018-03-31 00:00:00.000,2019-03-31 00:00:00.000,1900-01-01 00:00:00.000,Y,1998
*,"9-DM",Select and change bearings for an axial load,,1,2016-01-01 00:00:00.000,2018-03-31 00:00:00.000,2019-03-31 00:00:00.000,1900-01-01 00:00:00.000,Y,1999
*,MTO,Operate a lathe,,1,2016-01-01 00:00:00.000,2018-03-31 00:00:00.000,2019-03-31 00:00:00.000,1900-01-01 00:00:00.000,Y,2000
*,SMR,Splice a soft eye in a manila rope,,1,2016-01-01 00:00:00.000,2018-03-31 00:00:00.000,2019-03-31 00:00:00.000,1900-01-01 00:00:00.000,Y,2001
*,PG,Use a Portable grinder,,1,2016-01-01 00:00:00.000,2018-03-31 00:00:00.000,2019-03-31 00:00:00.000,1900-01-01 00:00:00.000,Y,2002
*,"262160",Demonstrate an understanding of sedimentary rocks ,,6,2015-07-01 00:00:00.000,2018-06-30 00:00:00.000,2019-06-30 00:00:00.000,1900-01-01 00:00:00.000,Y,2003
*,"9795",Make a working place safe in a bord and pillar coal-mining panel.,,3,1900-01-01 00:00:00.000,1900-01-01 00:00:00.000,1900-01-01 00:00:00.000,1900-01-01 00:00:00.000,Y,2004
*,"10638",Switch a high voltage inline switch on and off.,,2,1900-01-01 00:00:00.000,1900-01-01 00:00:00.000,1900-01-01 00:00:00.000,1900-01-01 00:00:00.000,Y,2005
*,"110384",Repair an electronic control system for an AC multi-speed motor.,,6,1900-01-01 00:00:00.000,1900-01-01 00:00:00.000,1900-01-01 00:00:00.000,1900-01-01 00:00:00.000,Y,2006
*,"10764",Repair a drum reclaimer.,,5,1900-01-01 00:00:00.000,1900-01-01 00:00:00.000,1900-01-01 00:00:00.000,1900-01-01 00:00:00.000,Y,2007
*,"10840",Overhaul a screw-type air compressor.,,7,1900-01-01 00:00:00.000,1900-01-01 00:00:00.000,1900-01-01 00:00:00.000,1900-01-01 00:00:00.000,Y,2008
*,"10849",Punch and shear material by means of a punch and shearing machine.,,3,1900-01-01 00:00:00.000,1900-01-01 00:00:00.000,1900-01-01 00:00:00.000,1900-01-01 00:00:00.000,Y,2009
*,"10852",Overhaul a double-drum scraper winch.,,6,1900-01-01 00:00:00.000,1900-01-01 00:00:00.000,1900-01-01 00:00:00.000,1900-01-01 00:00:00.000,Y,2010
*,"10854",Repair a positive displacement pump.,,6,1900-01-01 00:00:00.000,1900-01-01 00:00:00.000,1900-01-01 00:00:00.000,1900-01-01 00:00:00.000,Y,2011
*,"10858",Repair a V-belt drive.,,4,1900-01-01 00:00:00.000,1900-01-01 00:00:00.000,1900-01-01 00:00:00.000,1900-01-01 00:00:00.000,Y,2012
*,"10861",Repair a pneumatic cylinder.,,4,1900-01-01 00:00:00.000,1900-01-01 00:00:00.000,1900-01-01 00:00:00.000,1900-01-01 00:00:00.000,Y,2013
*,"10864",Overhaul a pneumatic cylinder.,,5,1900-01-01 00:00:00.000,1900-01-01 00:00:00.000,1900-01-01 00:00:00.000,1900-01-01 00:00:00.000,Y,2014
*,"10867",Replace the torque converter of a self-propelled mobile machine.,,3,1900-01-01 00:00:00.000,1900-01-01 00:00:00.000,1900-01-01 00:00:00.000,1900-01-01 00:00:00.000,Y,2015
*,"10870",Repair the torque converter of a self-propelled mobile machine.,,4,1900-01-01 00:00:00.000,1900-01-01 00:00:00.000,1900-01-01 00:00:00.000,1900-01-01 00:00:00.000,Y,2016
*,"10873",Replace a cylinder head assembly of an internal combustion engine.,,5,1900-01-01 00:00:00.000,1900-01-01 00:00:00.000,1900-01-01 00:00:00.000,1900-01-01 00:00:00.000,Y,2017
*,"10782",Adjust the valve clearances of an internal combustion engine.,,5,1900-01-01 00:00:00.000,1900-01-01 00:00:00.000,1900-01-01 00:00:00.000,1900-01-01 00:00:00.000,Y,2018
*,"10788",Repair the liquid cooling system of an internal combustion engine.,,3,1900-01-01 00:00:00.000,1900-01-01 00:00:00.000,1900-01-01 00:00:00.000,1900-01-01 00:00:00.000,Y,2019
*,"10806",Overhaul the cutter clutch assembly of a continuous miner.,,3,1900-01-01 00:00:00.000,1900-01-01 00:00:00.000,1900-01-01 00:00:00.000,1900-01-01 00:00:00.000,Y,2020
*,"10828",Replace the manual transmission of a vehicle.,,3,1900-01-01 00:00:00.000,1900-01-01 00:00:00.000,1900-01-01 00:00:00.000,1900-01-01 00:00:00.000,Y,2021
*,OcH-G005,Demonstrate knowledge of the most common harmful gases and vapours ,,4,1900-01-01 00:00:00.000,1900-01-01 00:00:00.000,1900-01-01 00:00:00.000,1900-01-01 00:00:00.000,Y,2022
*,"11117",Plot linear measurements on a plan and calculate quantities.,,12,1900-01-01 00:00:00.000,1900-01-01 00:00:00.000,1900-01-01 00:00:00.000,1900-01-01 00:00:00.000,Y,2023
*,"15333",Transport material and equipment using a load haul dumper in an underground coal mine.,,13,1900-01-01 00:00:00.000,1900-01-01 00:00:00.000,1900-01-01 00:00:00.000,1900-01-01 00:00:00.000,Y,2024
*,"116533",Demonstrate basic knowledge and understanding of emergency preparedness and response. ,,2,1900-01-01 00:00:00.000,1900-01-01 00:00:00.000,1900-01-01 00:00:00.000,1900-01-01 00:00:00.000,Y,2025
*,"9603",Sling material into a shaft.,,4,1900-01-01 00:00:00.000,1900-01-01 00:00:00.000,1900-01-01 00:00:00.000,1900-01-01 00:00:00.000,Y,2026
*,"9604",Remove slung material from a shaft.,,4,1900-01-01 00:00:00.000,1900-01-01 00:00:00.000,1900-01-01 00:00:00.000,1900-01-01 00:00:00.000,Y,2027
*,"9605",Load and unload persons into and from a shaft conveyance.,,4,1900-01-01 00:00:00.000,1900-01-01 00:00:00.000,1900-01-01 00:00:00.000,1900-01-01 00:00:00.000,Y,2028
*,"9606",Load long material into a shaft conveyance.,,3,1900-01-01 00:00:00.000,1900-01-01 00:00:00.000,1900-01-01 00:00:00.000,1900-01-01 00:00:00.000,Y,2029
*,MnH-Ons005,Remove long material from a shaft conveyance.,,3,1900-01-01 00:00:00.000,1900-01-01 00:00:00.000,1900-01-01 00:00:00.000,1900-01-01 00:00:00.000,Y,2030
*,MnH-Ons007,Change a conveyance in a shaft,,2,1900-01-01 00:00:00.000,1900-01-01 00:00:00.000,1900-01-01 00:00:00.000,1900-01-01 00:00:00.000,Y,2031
*,"253751",Load and remove rolling stock into and from a shaft conveyance,,8,2008-06-11 00:00:00.000,2011-06-11 00:00:00.000,2012-06-11 00:00:00.000,1900-01-01 00:00:00.000,Y,2032
*,MnH-Ons008,Prepare a conveyance for shaft examination and repairs.,,2,1900-01-01 00:00:00.000,1900-01-01 00:00:00.000,1900-01-01 00:00:00.000,1900-01-01 00:00:00.000,Y,2033
*,"14897",Adhere to basic health and safety practices pertaining to shaft operations.,,2,1900-01-01 00:00:00.000,1900-01-01 00:00:00.000,1900-01-01 00:00:00.000,1900-01-01 00:00:00.000,Y,2034
*,MnH-Ons010,Demonstrate an understanding of the functions and the operation of signalling arrangements and safety devices in a shaft.,,3,1900-01-01 00:00:00.000,1900-01-01 00:00:00.000,1900-01-01 00:00:00.000,1900-01-01 00:00:00.000,Y,2035
*,"9590",Position conveyances in a shaft by means of clutching.,,11,1900-01-01 00:00:00.000,1900-01-01 00:00:00.000,1900-01-01 00:00:00.000,1900-01-01 00:00:00.000,Y,2036
*,"110153",Start and take control of a winder.,,19,1900-01-01 00:00:00.000,1900-01-01 00:00:00.000,1900-01-01 00:00:00.000,1900-01-01 00:00:00.000,Y,2037
*,"110172",Demonstrate an understanding of the functions of electrical and mechanical components on a winder.,,9,1900-01-01 00:00:00.000,1900-01-01 00:00:00.000,1900-01-01 00:00:00.000,1900-01-01 00:00:00.000,Y,2038
*,"110179",Follow basic health and safety practices pertaining to winding operations.,,5,1900-01-01 00:00:00.000,1900-01-01 00:00:00.000,1900-01-01 00:00:00.000,1900-01-01 00:00:00.000,Y,2039
*,"110165",Operate a direct current winder.,,15,1900-01-01 00:00:00.000,1900-01-01 00:00:00.000,1900-01-01 00:00:00.000,1900-01-01 00:00:00.000,Y,2040
*,"110154",Operate an alternating current winder.,,15,1900-01-01 00:00:00.000,1900-01-01 00:00:00.000,1900-01-01 00:00:00.000,1900-01-01 00:00:00.000,Y,2041
*,"110144",Operate a friction-driven winder,,15,1900-01-01 00:00:00.000,1900-01-01 00:00:00.000,1900-01-01 00:00:00.000,1900-01-01 00:00:00.000,Y,2042
*,"110207","Demonstrate knowledge to test and monitor for basic gases in an underground coal mine (Co, Co2, O2 and CH4).",,2,2004-04-19 00:00:00.000,2007-04-19 00:00:00.000,2004-04-19 00:00:00.000,1900-01-01 00:00:00.000,Y,2043
*,OcS-F007,Promoting and implementing occupational health and safety in the working place.,,3,1900-01-01 00:00:00.000,1900-01-01 00:00:00.000,1900-01-01 00:00:00.000,1900-01-01 00:00:00.000,Y,2044
*,"115750",Demonstrate a basic understanding of the causes of Falls Of Ground.,,2,1900-01-01 00:00:00.000,1900-01-01 00:00:00.000,1900-01-01 00:00:00.000,1900-01-01 00:00:00.000,Y,2045
*,OUT41,Repair a Steering System,,5,1900-01-01 00:00:00.000,1900-01-01 00:00:00.000,1900-01-01 00:00:00.000,1900-01-01 00:00:00.000,Y,2046
*,MB-DM,Maintain Batteries,,1,1900-01-01 00:00:00.000,1900-01-01 00:00:00.000,1900-01-01 00:00:00.000,1900-01-01 00:00:00.000,Y,2047
*,OUT75.3,Maintain equipment-Metalliferous,,7,1900-01-01 00:00:00.000,1900-01-01 00:00:00.000,1900-01-01 00:00:00.000,1900-01-01 00:00:00.000,Y,2048
*,OUT76.1,Repair equipment-Metaliferous,,5,1900-01-01 00:00:00.000,1900-01-01 00:00:00.000,1900-01-01 00:00:00.000,1900-01-01 00:00:00.000,Y,2049
*,OUT77,Fabricate bins/hoppers-Metallerous,,8,1900-01-01 00:00:00.000,1900-01-01 00:00:00.000,1900-01-01 00:00:00.000,1900-01-01 00:00:00.000,Y,2050
*,OUT78.1,Fabricate pipe sections-Metalliferous,,3,1900-01-01 00:00:00.000,1900-01-01 00:00:00.000,1900-01-01 00:00:00.000,1900-01-01 00:00:00.000,Y,2051
*,OUT79.3,Fabricate steel structures-Metaliferous,,8,1900-01-01 00:00:00.000,1900-01-01 00:00:00.000,1900-01-01 00:00:00.000,1900-01-01 00:00:00.000,Y,2052
*,OUT80.1,Install steel structures-Metaliferous,,7,1900-01-01 00:00:00.000,1900-01-01 00:00:00.000,1900-01-01 00:00:00.000,1900-01-01 00:00:00.000,Y,2053
*,OUT81.3,Assist with inspection-Metaliferous,,1,1900-01-01 00:00:00.000,1900-01-01 00:00:00.000,1900-01-01 00:00:00.000,1900-01-01 00:00:00.000,Y,2054
*,OUT82.1,Assist with repairs and fabrication-Metaliferous,,14,1900-01-01 00:00:00.000,1900-01-01 00:00:00.000,1900-01-01 00:00:00.000,1900-01-01 00:00:00.000,Y,2055
*,OUT83.1,Assist with installation-Metaliferous,,19,1900-01-01 00:00:00.000,1900-01-01 00:00:00.000,1900-01-01 00:00:00.000,1900-01-01 00:00:00.000,Y,2056
*,OUT84.1,Assist with maintenance-Metaliferous,,7,1900-01-01 00:00:00.000,1900-01-01 00:00:00.000,1900-01-01 00:00:00.000,1900-01-01 00:00:00.000,Y,2057
*,OUT85.1,Develop and fabricate by means of parallel line methods,,17,1900-01-01 00:00:00.000,1900-01-01 00:00:00.000,1900-01-01 00:00:00.000,1900-01-01 00:00:00.000,Y,2058
*,OUT86,Develop and fabricate by means of radial line method,,8,1900-01-01 00:00:00.000,1900-01-01 00:00:00.000,1900-01-01 00:00:00.000,1900-01-01 00:00:00.000,Y,2059
*,OUT87,Develop and fabricate by means ot triangulation,,8,1900-01-01 00:00:00.000,1900-01-01 00:00:00.000,1900-01-01 00:00:00.000,1900-01-01 00:00:00.000,Y,2060
*,OUT88,Cut mild steel by using Oxyacetylene equipment,,6,1900-01-01 00:00:00.000,1900-01-01 00:00:00.000,1900-01-01 00:00:00.000,1900-01-01 00:00:00.000,Y,2061
*,OUT89.1,Join metal by means of arc welding,,16,1900-01-01 00:00:00.000,1900-01-01 00:00:00.000,1900-01-01 00:00:00.000,1900-01-01 00:00:00.000,Y,2062
*,OUT90,Join metals by means of gas welding,,2,1900-01-01 00:00:00.000,1900-01-01 00:00:00.000,1900-01-01 00:00:00.000,1900-01-01 00:00:00.000,Y,2063
*,OUT92,Use basic handtools,,10,1900-01-01 00:00:00.000,1900-01-01 00:00:00.000,1900-01-01 00:00:00.000,1900-01-01 00:00:00.000,Y,2064
*,OUT93,Use basic machine tools,,10,1900-01-01 00:00:00.000,1900-01-01 00:00:00.000,1900-01-01 00:00:00.000,1900-01-01 00:00:00.000,Y,2065
*,OUT94.1,Remove and install bearings,,3,1900-01-01 00:00:00.000,1900-01-01 00:00:00.000,1900-01-01 00:00:00.000,1900-01-01 00:00:00.000,Y,2066
*,OUT95.4,Maintain and align drive systems,,5,1900-01-01 00:00:00.000,1900-01-01 00:00:00.000,1900-01-01 00:00:00.000,1900-01-01 00:00:00.000,Y,2067
*,OUT96,Maintain valves,,3,1900-01-01 00:00:00.000,1900-01-01 00:00:00.000,1900-01-01 00:00:00.000,1900-01-01 00:00:00.000,Y,2068
*,OUT97,Maintain diesel and petrol systems,,3,1900-01-01 00:00:00.000,1900-01-01 00:00:00.000,1900-01-01 00:00:00.000,1900-01-01 00:00:00.000,Y,2069
*,OUT98,Construct hydraulic circuits,,6,1900-01-01 00:00:00.000,1900-01-01 00:00:00.000,1900-01-01 00:00:00.000,1900-01-01 00:00:00.000,Y,2070
*,OUT100,Use welding and cutting equipment,,3,1900-01-01 00:00:00.000,1900-01-01 00:00:00.000,1900-01-01 00:00:00.000,1900-01-01 00:00:00.000,Y,2071
*,OUT101,Maintain/Overhaul pumps and gearboxes,,4,1900-01-01 00:00:00.000,1900-01-01 00:00:00.000,1900-01-01 00:00:00.000,1900-01-01 00:00:00.000,Y,2072
*,OUT102.1,Shape a work piece,,2,1900-01-01 00:00:00.000,1900-01-01 00:00:00.000,1900-01-01 00:00:00.000,1900-01-01 00:00:00.000,Y,2073
*,OUT103,Turn a work piece,,8,1900-01-01 00:00:00.000,1900-01-01 00:00:00.000,1900-01-01 00:00:00.000,1900-01-01 00:00:00.000,Y,2074
*,OUT104.1,Mill a work piece,,6,1900-01-01 00:00:00.000,1900-01-01 00:00:00.000,1900-01-01 00:00:00.000,1900-01-01 00:00:00.000,Y,2075
*,OUT106,Check and maintain refrigeration plant-Metaliferous,,4,1900-01-01 00:00:00.000,1900-01-01 00:00:00.000,1900-01-01 00:00:00.000,1900-01-01 00:00:00.000,Y,2076
*,OUT107.1,Maintain fans,,2,1900-01-01 00:00:00.000,1900-01-01 00:00:00.000,1900-01-01 00:00:00.000,1900-01-01 00:00:00.000,Y,2077
*,OUT108,Maintain and replace bearings,,3,1900-01-01 00:00:00.000,1900-01-01 00:00:00.000,1900-01-01 00:00:00.000,1900-01-01 00:00:00.000,Y,2078
*,OUT110,Inspect compressors,,6,1900-01-01 00:00:00.000,1900-01-01 00:00:00.000,1900-01-01 00:00:00.000,1900-01-01 00:00:00.000,Y,2079
*,OUT112,Maintain winches-metaliferous,,2,1900-01-01 00:00:00.000,1900-01-01 00:00:00.000,1900-01-01 00:00:00.000,1900-01-01 00:00:00.000,Y,2080
*,OUT113,Maintain air cylinders and service units-metaliferous,,2,1900-01-01 00:00:00.000,1900-01-01 00:00:00.000,1900-01-01 00:00:00.000,1900-01-01 00:00:00.000,Y,2081
*,OUT114,Maintain air receivers-metaliferous,,2,1900-01-01 00:00:00.000,1900-01-01 00:00:00.000,1900-01-01 00:00:00.000,1900-01-01 00:00:00.000,Y,2082
*,OUT115,Maintain battery locos-metaliferous,,4,1900-01-01 00:00:00.000,1900-01-01 00:00:00.000,1900-01-01 00:00:00.000,1900-01-01 00:00:00.000,Y,2083
*,OUT116,Maintain mills-metaliferous,,6,1900-01-01 00:00:00.000,1900-01-01 00:00:00.000,1900-01-01 00:00:00.000,1900-01-01 00:00:00.000,Y,2084
*,OUT117,Maintain diesel locos,,4,1900-01-01 00:00:00.000,1900-01-01 00:00:00.000,1900-01-01 00:00:00.000,1900-01-01 00:00:00.000,Y,2085
*,OUT118,Maintaine mechanical loaders-metaliferous,,3,1900-01-01 00:00:00.000,1900-01-01 00:00:00.000,1900-01-01 00:00:00.000,1900-01-01 00:00:00.000,Y,2086
*,OUT119,Maintain winders-metaliferous,,6,1900-01-01 00:00:00.000,1900-01-01 00:00:00.000,1900-01-01 00:00:00.000,1900-01-01 00:00:00.000,Y,2087
*,OUT120,Manitain overhead electric cranes-metaliferous,,2,1900-01-01 00:00:00.000,1900-01-01 00:00:00.000,1900-01-01 00:00:00.000,1900-01-01 00:00:00.000,Y,2088
*,OUT121,maintain rock drill machines-metaliferous,,2,1900-01-01 00:00:00.000,1900-01-01 00:00:00.000,1900-01-01 00:00:00.000,1900-01-01 00:00:00.000,Y,2089
*,OUT122,Inspect skips-metaliferous,,2,1900-01-01 00:00:00.000,1900-01-01 00:00:00.000,1900-01-01 00:00:00.000,1900-01-01 00:00:00.000,Y,2090
*,OUT123.1,Manufacture components-metaliferous,,10,1900-01-01 00:00:00.000,1900-01-01 00:00:00.000,1900-01-01 00:00:00.000,1900-01-01 00:00:00.000,Y,2091
*,OUT124,Install and align drive systems-metaliferous,,3,1900-01-01 00:00:00.000,1900-01-01 00:00:00.000,1900-01-01 00:00:00.000,1900-01-01 00:00:00.000,Y,2092
*,OUT125.1,Replace rotary filter components-metaliferous,,3,1900-01-01 00:00:00.000,1900-01-01 00:00:00.000,1900-01-01 00:00:00.000,1900-01-01 00:00:00.000,Y,2093
*,OUT126.1,Replace crusher components-metaliferous,,3,1900-01-01 00:00:00.000,1900-01-01 00:00:00.000,1900-01-01 00:00:00.000,1900-01-01 00:00:00.000,Y,2094
*,OUT127.1,Repair conveyor belt systems-metaliferous,,3,1900-01-01 00:00:00.000,1900-01-01 00:00:00.000,1900-01-01 00:00:00.000,1900-01-01 00:00:00.000,Y,2095
*,OUT128,Overhaul gearboxes,,2,1900-01-01 00:00:00.000,1900-01-01 00:00:00.000,1900-01-01 00:00:00.000,1900-01-01 00:00:00.000,Y,2096
*,OUT129,Overhaul pumps-metaliferous,,4,1900-01-01 00:00:00.000,1900-01-01 00:00:00.000,1900-01-01 00:00:00.000,1900-01-01 00:00:00.000,Y,2097
*,OUT130,Repair vacuum pumps-metaliferous,,5,1900-01-01 00:00:00.000,1900-01-01 00:00:00.000,1900-01-01 00:00:00.000,1900-01-01 00:00:00.000,Y,2098
*,OUT132,Use basic machine tools,,10,1900-01-01 00:00:00.000,1900-01-01 00:00:00.000,1900-01-01 00:00:00.000,1900-01-01 00:00:00.000,Y,2099
*,OUT134,Maintain and align drive systems,,5,1900-01-01 00:00:00.000,1900-01-01 00:00:00.000,1900-01-01 00:00:00.000,1900-01-01 00:00:00.000,Y,2100
*,OUT135,Maintain valves,,3,1900-01-01 00:00:00.000,1900-01-01 00:00:00.000,1900-01-01 00:00:00.000,1900-01-01 00:00:00.000,Y,2101
*,OUT136.1,Maintain diesel and petrol systems,,3,1900-01-01 00:00:00.000,1900-01-01 00:00:00.000,1900-01-01 00:00:00.000,1900-01-01 00:00:00.000,Y,2102
*,OUT137,Construct hydraulic circuits,,6,1900-01-01 00:00:00.000,1900-01-01 00:00:00.000,1900-01-01 00:00:00.000,1900-01-01 00:00:00.000,Y,2103
*,OUT138.1,Construct pneumatic circuits,,10,1900-01-01 00:00:00.000,1900-01-01 00:00:00.000,1900-01-01 00:00:00.000,1900-01-01 00:00:00.000,Y,2104
*,OUT139,Use welding and cutting equiment,,3,1900-01-01 00:00:00.000,1900-01-01 00:00:00.000,1900-01-01 00:00:00.000,1900-01-01 00:00:00.000,Y,2105
*,OUT140,Maintain/Overhaul pumps and gearboxes,,4,1900-01-01 00:00:00.000,1900-01-01 00:00:00.000,1900-01-01 00:00:00.000,1900-01-01 00:00:00.000,Y,2106
*,OUT141,Shape a work piece,,5,1900-01-01 00:00:00.000,1900-01-01 00:00:00.000,1900-01-01 00:00:00.000,1900-01-01 00:00:00.000,Y,2107
*,OUT142,Check and maintain refrigeration-metaliferous,,4,1900-01-01 00:00:00.000,1900-01-01 00:00:00.000,1900-01-01 00:00:00.000,1900-01-01 00:00:00.000,Y,2108
*,OUT143,Maintian fans-metaliferous,,6,1900-01-01 00:00:00.000,1900-01-01 00:00:00.000,1900-01-01 00:00:00.000,1900-01-01 00:00:00.000,Y,2109
*,OUT144,Maintain valves-metaliferous,,2,1900-01-01 00:00:00.000,1900-01-01 00:00:00.000,1900-01-01 00:00:00.000,1900-01-01 00:00:00.000,Y,2110
*,OUT145,Maintain and replace bearings-Metaliferous,,3,1900-01-01 00:00:00.000,1900-01-01 00:00:00.000,1900-01-01 00:00:00.000,1900-01-01 00:00:00.000,Y,2111
*,OUT146,Inspect humble hooks-Metaliferous,,2,1900-01-01 00:00:00.000,1900-01-01 00:00:00.000,1900-01-01 00:00:00.000,1900-01-01 00:00:00.000,Y,2112
*,OUT147,Inspect compressors-Metaliferous,,3,1900-01-01 00:00:00.000,1900-01-01 00:00:00.000,1900-01-01 00:00:00.000,1900-01-01 00:00:00.000,Y,2113
*,OUT148,Main compressors-Metsliferous,,4,1900-01-01 00:00:00.000,1900-01-01 00:00:00.000,1900-01-01 00:00:00.000,1900-01-01 00:00:00.000,Y,2114
*,OUT149,Maintain winches-Metaliferous,,2,1900-01-01 00:00:00.000,1900-01-01 00:00:00.000,1900-01-01 00:00:00.000,1900-01-01 00:00:00.000,Y,2115
*,OUT150,Maintain air cylinders and service units,,2,1900-01-01 00:00:00.000,1900-01-01 00:00:00.000,1900-01-01 00:00:00.000,1900-01-01 00:00:00.000,Y,2116
*,OUT151,Maintain air receivers,,2,1900-01-01 00:00:00.000,1900-01-01 00:00:00.000,1900-01-01 00:00:00.000,1900-01-01 00:00:00.000,Y,2117
*,OUT152,Maintain battery locos-Metaliferous 1,,4,1900-01-01 00:00:00.000,1900-01-01 00:00:00.000,1900-01-01 00:00:00.000,1900-01-01 00:00:00.000,Y,2118
*,OUT153,Maintain mills-Metaliferous 1,,6,1900-01-01 00:00:00.000,1900-01-01 00:00:00.000,1900-01-01 00:00:00.000,1900-01-01 00:00:00.000,Y,2119
*,OUT154,Maintain diesel locos-Metaliferous 1,,4,1900-01-01 00:00:00.000,1900-01-01 00:00:00.000,1900-01-01 00:00:00.000,1900-01-01 00:00:00.000,Y,2120
*,OUT155,Maintain mechanical loaders-Metaliferous 1,,4,1900-01-01 00:00:00.000,1900-01-01 00:00:00.000,1900-01-01 00:00:00.000,1900-01-01 00:00:00.000,Y,2121
*,OUT157,Maintain overhead electric cranes-Metaliferous 1,,2,1900-01-01 00:00:00.000,1900-01-01 00:00:00.000,1900-01-01 00:00:00.000,1900-01-01 00:00:00.000,Y,2122
*,OUT158,Maintain rock drill machines-Metaliferous 1,,2,1900-01-01 00:00:00.000,1900-01-01 00:00:00.000,1900-01-01 00:00:00.000,1900-01-01 00:00:00.000,Y,2123
*,OUT159,Inspect skips-Metaliferous 1,,2,1900-01-01 00:00:00.000,1900-01-01 00:00:00.000,1900-01-01 00:00:00.000,1900-01-01 00:00:00.000,Y,2124
*,OUT161,Install and align systems-Metaliferous 1,,3,1900-01-01 00:00:00.000,1900-01-01 00:00:00.000,1900-01-01 00:00:00.000,1900-01-01 00:00:00.000,Y,2125
*,OUT162.1,Replace rotary filter components-Metaliferous 1,,3,1900-01-01 00:00:00.000,1900-01-01 00:00:00.000,1900-01-01 00:00:00.000,1900-01-01 00:00:00.000,Y,2126
*,OUT163.1,Replace crusher components-Metaliferous 1,,3,1900-01-01 00:00:00.000,1900-01-01 00:00:00.000,1900-01-01 00:00:00.000,1900-01-01 00:00:00.000,Y,2127
*,OUT164.1,Repair conveyor belt systems-Metalifeous 1,,3,1900-01-01 00:00:00.000,1900-01-01 00:00:00.000,1900-01-01 00:00:00.000,1900-01-01 00:00:00.000,Y,2128
*,OUT165,Overhaul gearboxes-Metaliferous1,,2,1900-01-01 00:00:00.000,1900-01-01 00:00:00.000,1900-01-01 00:00:00.000,1900-01-01 00:00:00.000,Y,2129
*,OUT166,Overhaul pumps-Metaliferous 1,,4,1900-01-01 00:00:00.000,1900-01-01 00:00:00.000,1900-01-01 00:00:00.000,1900-01-01 00:00:00.000,Y,2130
*,OUT167,Repair vacuum pumps-Metaliferous 1,,5,1900-01-01 00:00:00.000,1900-01-01 00:00:00.000,1900-01-01 00:00:00.000,1900-01-01 00:00:00.000,Y,2131
*,OUT197.1,Use welding and cutting equipment-c,,2,1900-01-01 00:00:00.000,1900-01-01 00:00:00.000,1900-01-01 00:00:00.000,1900-01-01 00:00:00.000,Y,2132
*,OUT201.1,Wire and explain DC machines-c,,3,1900-01-01 00:00:00.000,1900-01-01 00:00:00.000,1900-01-01 00:00:00.000,1900-01-01 00:00:00.000,Y,2133
*,OUT204.1,Remove and install bearings-c,,3,1900-01-01 00:00:00.000,1900-01-01 00:00:00.000,1900-01-01 00:00:00.000,1900-01-01 00:00:00.000,Y,2134
*,OUT205,Maintain and align drive systems-c,,2,1900-01-01 00:00:00.000,1900-01-01 00:00:00.000,1900-01-01 00:00:00.000,1900-01-01 00:00:00.000,Y,2135
*,OUT206.1,Maintain valves,,2,1900-01-01 00:00:00.000,1900-01-01 00:00:00.000,1900-01-01 00:00:00.000,1900-01-01 00:00:00.000,Y,2136
*,OUT207,Maintain diesel and petrol systems-c,,2,1900-01-01 00:00:00.000,1900-01-01 00:00:00.000,1900-01-01 00:00:00.000,1900-01-01 00:00:00.000,Y,2137
*,OUT208,Maintain/Overhaul pumps and gearboxes-c,,3,1900-01-01 00:00:00.000,1900-01-01 00:00:00.000,1900-01-01 00:00:00.000,1900-01-01 00:00:00.000,Y,2138
*,OUT209.1,Maintain/Overhaul equipment-c,,3,1900-01-01 00:00:00.000,1900-01-01 00:00:00.000,1900-01-01 00:00:00.000,1900-01-01 00:00:00.000,Y,2139
*,OUT212,Fault find electrical and electronic circuits,,4,1900-01-01 00:00:00.000,1900-01-01 00:00:00.000,1900-01-01 00:00:00.000,1900-01-01 00:00:00.000,Y,2140
*,OUT213,Lift and move loads,,2,1900-01-01 00:00:00.000,1900-01-01 00:00:00.000,1900-01-01 00:00:00.000,1900-01-01 00:00:00.000,Y,2141
*,OUT215,"Install, join and test cables-Metaliferous",,4,1900-01-01 00:00:00.000,1900-01-01 00:00:00.000,1900-01-01 00:00:00.000,1900-01-01 00:00:00.000,Y,2142
*,OUT216,Install and align drive systems-Metaliferous,,2,1900-01-01 00:00:00.000,1900-01-01 00:00:00.000,1900-01-01 00:00:00.000,1900-01-01 00:00:00.000,Y,2143
*,OUT217,Install a conveyor belt system-Metaliferous,,12,1900-01-01 00:00:00.000,1900-01-01 00:00:00.000,1900-01-01 00:00:00.000,1900-01-01 00:00:00.000,Y,2144
*,OUT218,"Connect, test and earth equipment-Metaliferous",,2,1900-01-01 00:00:00.000,1900-01-01 00:00:00.000,1900-01-01 00:00:00.000,1900-01-01 00:00:00.000,Y,2145
*,OUT219,Install and maintain lightning systems,,2,1900-01-01 00:00:00.000,1900-01-01 00:00:00.000,1900-01-01 00:00:00.000,1900-01-01 00:00:00.000,Y,2146
*,OUT220,Install motors and starters-Metaliferous,,3,1900-01-01 00:00:00.000,1900-01-01 00:00:00.000,1900-01-01 00:00:00.000,1900-01-01 00:00:00.000,Y,2147
*,OUT221,"Connect, maintain and test transformers-Metaliferous",,2,1900-01-01 00:00:00.000,1900-01-01 00:00:00.000,1900-01-01 00:00:00.000,1900-01-01 00:00:00.000,Y,2148
*,OUT222,Maintain overhead cranes-Metaliferous,,2,1900-01-01 00:00:00.000,1900-01-01 00:00:00.000,1900-01-01 00:00:00.000,1900-01-01 00:00:00.000,Y,2149
*,OUT223,Maintain main sub-station-Metaliferous,,4,1900-01-01 00:00:00.000,1900-01-01 00:00:00.000,1900-01-01 00:00:00.000,1900-01-01 00:00:00.000,Y,2150
*,OUT224,Maintain batteries-Metaliferous,,2,1900-01-01 00:00:00.000,1900-01-01 00:00:00.000,1900-01-01 00:00:00.000,1900-01-01 00:00:00.000,Y,2151
*,OUT225,Check and maintain refrigeration plant-Metalliferous,,6,1900-01-01 00:00:00.000,1900-01-01 00:00:00.000,1900-01-01 00:00:00.000,1900-01-01 00:00:00.000,Y,2152
*,OUT226,Maintain fans-Metalliferous,,5,1900-01-01 00:00:00.000,1900-01-01 00:00:00.000,1900-01-01 00:00:00.000,1900-01-01 00:00:00.000,Y,2153
*,OUT227.1,Maintain valves-Metalliferous,,2,1900-01-01 00:00:00.000,1900-01-01 00:00:00.000,1900-01-01 00:00:00.000,1900-01-01 00:00:00.000,Y,2154
*,OUT228,Maintain and replace bearings-Metalliferous,,4,1900-01-01 00:00:00.000,1900-01-01 00:00:00.000,1900-01-01 00:00:00.000,1900-01-01 00:00:00.000,Y,2155
*,OUT229,Maintain winches-Metalliferous,,2,1900-01-01 00:00:00.000,1900-01-01 00:00:00.000,1900-01-01 00:00:00.000,1900-01-01 00:00:00.000,Y,2156
*,OUT230.1,Maintain compressors and air receivers-Metalliferous,,3,1900-01-01 00:00:00.000,1900-01-01 00:00:00.000,1900-01-01 00:00:00.000,1900-01-01 00:00:00.000,Y,2157
*,OUT231,Maintain brake systems-Metalliferous,,3,1900-01-01 00:00:00.000,1900-01-01 00:00:00.000,1900-01-01 00:00:00.000,1900-01-01 00:00:00.000,Y,2158
*,OUT232.1,Maintain and align a chain drive-Metalliferous,,1,1900-01-01 00:00:00.000,1900-01-01 00:00:00.000,1900-01-01 00:00:00.000,1900-01-01 00:00:00.000,Y,2159
*,OUT233,Maintain crushers-Metalliferous,,4,1900-01-01 00:00:00.000,1900-01-01 00:00:00.000,1900-01-01 00:00:00.000,1900-01-01 00:00:00.000,Y,2160
*,OUT234.1,Maintain and overhaul gearboxes-Metalliferous,,2,1900-01-01 00:00:00.000,1900-01-01 00:00:00.000,1900-01-01 00:00:00.000,1900-01-01 00:00:00.000,Y,2161
*,OUT235,Maintain grids-Metalliferous,,2,1900-01-01 00:00:00.000,1900-01-01 00:00:00.000,1900-01-01 00:00:00.000,1900-01-01 00:00:00.000,Y,2162
*,OUT236,Maintain hydraulic and pneumatic systems-Metalliferous,,8,1900-01-01 00:00:00.000,1900-01-01 00:00:00.000,1900-01-01 00:00:00.000,1900-01-01 00:00:00.000,Y,2163
*,OUT237,Maintain boilers-Metallifeous,,6,1900-01-01 00:00:00.000,1900-01-01 00:00:00.000,1900-01-01 00:00:00.000,1900-01-01 00:00:00.000,Y,2164
*,OUT238,Maintain locomotives-Metalliferous,,5,1900-01-01 00:00:00.000,1900-01-01 00:00:00.000,1900-01-01 00:00:00.000,1900-01-01 00:00:00.000,Y,2165
*,OUT239,Maintain mills-Metalliferous,,4,1900-01-01 00:00:00.000,1900-01-01 00:00:00.000,1900-01-01 00:00:00.000,1900-01-01 00:00:00.000,Y,2166
*,OUT240,Maintain main winders-Metalliferous,,8,1900-01-01 00:00:00.000,1900-01-01 00:00:00.000,1900-01-01 00:00:00.000,1900-01-01 00:00:00.000,Y,2167
*,OUT241.1,Maintain and overhaul pumps-Metalliferous,,2,1900-01-01 00:00:00.000,1900-01-01 00:00:00.000,1900-01-01 00:00:00.000,1900-01-01 00:00:00.000,Y,2168
*,OUT242.1,Maintain belt conveyor systems-Metalliferous,,5,1900-01-01 00:00:00.000,1900-01-01 00:00:00.000,1900-01-01 00:00:00.000,1900-01-01 00:00:00.000,Y,2169
*,OUT243,Maintain workshop machines-Metalliferous,,3,1900-01-01 00:00:00.000,1900-01-01 00:00:00.000,1900-01-01 00:00:00.000,1900-01-01 00:00:00.000,Y,2170
*,OUT244,Maintain a water pipe system-Metalliferous,,4,1900-01-01 00:00:00.000,1900-01-01 00:00:00.000,1900-01-01 00:00:00.000,1900-01-01 00:00:00.000,Y,2171
*,OUT245,Maintain air actuating cylinders and service units-Metalliferous,,2,1900-01-01 00:00:00.000,1900-01-01 00:00:00.000,1900-01-01 00:00:00.000,1900-01-01 00:00:00.000,Y,2172
*,OUT246,Inspect skips-Metalliferous,,2,1900-01-01 00:00:00.000,1900-01-01 00:00:00.000,1900-01-01 00:00:00.000,1900-01-01 00:00:00.000,Y,2173
*,OUT247,Daily section checks-Metalliferous,,2,1900-01-01 00:00:00.000,1900-01-01 00:00:00.000,1900-01-01 00:00:00.000,1900-01-01 00:00:00.000,Y,2174
*,OUT248,Maintain drives-Metalliferous,,3,1900-01-01 00:00:00.000,1900-01-01 00:00:00.000,1900-01-01 00:00:00.000,1900-01-01 00:00:00.000,Y,2175
*,OUT249,"Repair, fault find and maintain electical installations-Metalliferous",,4,1900-01-01 00:00:00.000,1900-01-01 00:00:00.000,1900-01-01 00:00:00.000,1900-01-01 00:00:00.000,Y,2176
*,OUT250,"Repai, fault find and maintain portable electrical equipment-Metalliferous",,2,1900-01-01 00:00:00.000,1900-01-01 00:00:00.000,1900-01-01 00:00:00.000,1900-01-01 00:00:00.000,Y,2177
*,OUT251,Repair AC motors-Metalliferous,,2,1900-01-01 00:00:00.000,1900-01-01 00:00:00.000,1900-01-01 00:00:00.000,1900-01-01 00:00:00.000,Y,2178
*,OUT252,Repair DC motors,,2,1900-01-01 00:00:00.000,1900-01-01 00:00:00.000,1900-01-01 00:00:00.000,1900-01-01 00:00:00.000,Y,2179
*,OUT253,Use basic hand tools-core,,10,1900-01-01 00:00:00.000,1900-01-01 00:00:00.000,1900-01-01 00:00:00.000,1900-01-01 00:00:00.000,Y,2180
*,OUT254,Operate oxy-acetylene cutting equipment-core,,4,1900-01-01 00:00:00.000,1900-01-01 00:00:00.000,1900-01-01 00:00:00.000,1900-01-01 00:00:00.000,Y,2181
*,OUT255,Identify coil and inspect ropes,,9,1900-01-01 00:00:00.000,1900-01-01 00:00:00.000,1900-01-01 00:00:00.000,1900-01-01 00:00:00.000,Y,2182
*,OUT256,"Tie knots, bends and hitches",,7,1900-01-01 00:00:00.000,1900-01-01 00:00:00.000,1900-01-01 00:00:00.000,1900-01-01 00:00:00.000,Y,2183
*,OUT257,Protects ropes using various techniques,,5,1900-01-01 00:00:00.000,1900-01-01 00:00:00.000,1900-01-01 00:00:00.000,1900-01-01 00:00:00.000,Y,2184
*,OUT258,Check and maintain lifting equipment and rigging hardware,,17,1900-01-01 00:00:00.000,1900-01-01 00:00:00.000,1900-01-01 00:00:00.000,1900-01-01 00:00:00.000,Y,2185
*,OUT259,Erect and use rigging hardware,,12,1900-01-01 00:00:00.000,1900-01-01 00:00:00.000,1900-01-01 00:00:00.000,1900-01-01 00:00:00.000,Y,2186
*,OUT260,Lift and move machinery and equipment,,8,1900-01-01 00:00:00.000,1900-01-01 00:00:00.000,1900-01-01 00:00:00.000,1900-01-01 00:00:00.000,Y,2187
*,OUT261,Splice manila rope,,10,1900-01-01 00:00:00.000,1900-01-01 00:00:00.000,1900-01-01 00:00:00.000,1900-01-01 00:00:00.000,Y,2188
*,OUT262,Splice steel wire rope,,16,1900-01-01 00:00:00.000,1900-01-01 00:00:00.000,1900-01-01 00:00:00.000,1900-01-01 00:00:00.000,Y,2189
*,OUT264,Inspect and maintain conveyance equipment-open cast,,26,1900-01-01 00:00:00.000,1900-01-01 00:00:00.000,1900-01-01 00:00:00.000,1900-01-01 00:00:00.000,Y,2190
*,OUT300,Lift and move equipment-coal,,2,1900-01-01 00:00:00.000,1900-01-01 00:00:00.000,1900-01-01 00:00:00.000,1900-01-01 00:00:00.000,Y,2191
*,OUT301,Recover broken down vehicles,,5,1900-01-01 00:00:00.000,1900-01-01 00:00:00.000,1900-01-01 00:00:00.000,1900-01-01 00:00:00.000,Y,2192
*,OUT302.1,Use power tools,,5,1900-01-01 00:00:00.000,1900-01-01 00:00:00.000,1900-01-01 00:00:00.000,1900-01-01 00:00:00.000,Y,2193
*,OUT303.1,Maintain transmissions,,6,1900-01-01 00:00:00.000,1900-01-01 00:00:00.000,1900-01-01 00:00:00.000,1900-01-01 00:00:00.000,Y,2194
*,OUT304,Maintain differentials,,6,1900-01-01 00:00:00.000,1900-01-01 00:00:00.000,1900-01-01 00:00:00.000,1900-01-01 00:00:00.000,Y,2195
*,OUT305,Maintain drive shafts,,1,1900-01-01 00:00:00.000,1900-01-01 00:00:00.000,1900-01-01 00:00:00.000,1900-01-01 00:00:00.000,Y,2196
*,OUT307,Maintain V belts,,2,1900-01-01 00:00:00.000,1900-01-01 00:00:00.000,1900-01-01 00:00:00.000,1900-01-01 00:00:00.000,Y,2197
*,OUT308,Manitain brake system-Coal,,3,1900-01-01 00:00:00.000,1900-01-01 00:00:00.000,1900-01-01 00:00:00.000,1900-01-01 00:00:00.000,Y,2198
*,OUT309,Maintain hydraulic circuits-Coal,,4,1900-01-01 00:00:00.000,1900-01-01 00:00:00.000,1900-01-01 00:00:00.000,1900-01-01 00:00:00.000,Y,2199
*,OUT310.1,Maintain a vehicle-Coal,,10,1900-01-01 00:00:00.000,1900-01-01 00:00:00.000,1900-01-01 00:00:00.000,1900-01-01 00:00:00.000,Y,2200
*,OUT311,Maintain aoto-electrical systems of a vehicle-Coal,,3,1900-01-01 00:00:00.000,1900-01-01 00:00:00.000,1900-01-01 00:00:00.000,1900-01-01 00:00:00.000,Y,2201
*,OUT312,Repair tracks,,3,1900-01-01 00:00:00.000,1900-01-01 00:00:00.000,1900-01-01 00:00:00.000,1900-01-01 00:00:00.000,Y,2202
*,OUT313,Repair tyres-Coal,,1,1900-01-01 00:00:00.000,1900-01-01 00:00:00.000,1900-01-01 00:00:00.000,1900-01-01 00:00:00.000,Y,2203
*,OUT314,Repair a suspensionon a vehicle-Coal,,1,1900-01-01 00:00:00.000,1900-01-01 00:00:00.000,1900-01-01 00:00:00.000,1900-01-01 00:00:00.000,Y,2204
*,OUT315,Construct and analyse hydraulic circuits-Coal,,4,1900-01-01 00:00:00.000,1900-01-01 00:00:00.000,1900-01-01 00:00:00.000,1900-01-01 00:00:00.000,Y,2205
*,OUT316,Maintain drill riggs-Diamonds,,1,1900-01-01 00:00:00.000,1900-01-01 00:00:00.000,1900-01-01 00:00:00.000,1900-01-01 00:00:00.000,Y,2206
*,OUT318,Maintain front end loaders-(under)diamonds,,1,1900-01-01 00:00:00.000,1900-01-01 00:00:00.000,1900-01-01 00:00:00.000,1900-01-01 00:00:00.000,Y,2207
*,OUT323,Maintain brakes-diamonds,,1,1900-01-01 00:00:00.000,1900-01-01 00:00:00.000,1900-01-01 00:00:00.000,1900-01-01 00:00:00.000,Y,2208
*,OUT324,Replace steering components-diamonds,,1,1900-01-01 00:00:00.000,1900-01-01 00:00:00.000,1900-01-01 00:00:00.000,1900-01-01 00:00:00.000,Y,2209
*,OUT325,Replace cooling system components-diamonds,,1,1900-01-01 00:00:00.000,1900-01-01 00:00:00.000,1900-01-01 00:00:00.000,1900-01-01 00:00:00.000,Y,2210
*,OUT326,Repair axle components-diamonds,,2,1900-01-01 00:00:00.000,1900-01-01 00:00:00.000,1900-01-01 00:00:00.000,1900-01-01 00:00:00.000,Y,2211
*,OUT327,Repair fuel systems-diamonds,,1,1900-01-01 00:00:00.000,1900-01-01 00:00:00.000,1900-01-01 00:00:00.000,1900-01-01 00:00:00.000,Y,2212
*,OUT328,Repair transmissions-diamonds,,6,1900-01-01 00:00:00.000,1900-01-01 00:00:00.000,1900-01-01 00:00:00.000,1900-01-01 00:00:00.000,Y,2213
*,OUT329,Repair hydraulic systems-diamonds,,4,1900-01-01 00:00:00.000,1900-01-01 00:00:00.000,1900-01-01 00:00:00.000,1900-01-01 00:00:00.000,Y,2214
*,OUT330,Repair brakes-diamonds,,3,1900-01-01 00:00:00.000,1900-01-01 00:00:00.000,1900-01-01 00:00:00.000,1900-01-01 00:00:00.000,Y,2215
*,OUT331,Repair steering systems-diamonds,,1,1900-01-01 00:00:00.000,1900-01-01 00:00:00.000,1900-01-01 00:00:00.000,1900-01-01 00:00:00.000,Y,2216
*,OUT332,Repair engines-diamonds,,1,1900-01-01 00:00:00.000,1900-01-01 00:00:00.000,1900-01-01 00:00:00.000,1900-01-01 00:00:00.000,Y,2217
*,OUT333,Fault find auto-electrical systems ,,1,1900-01-01 00:00:00.000,1900-01-01 00:00:00.000,1900-01-01 00:00:00.000,1900-01-01 00:00:00.000,Y,2218
*,OUT341,Maintain wheel alignment,,1,1900-01-01 00:00:00.000,1900-01-01 00:00:00.000,1900-01-01 00:00:00.000,1900-01-01 00:00:00.000,Y,2219
*,OUT350.1,Operate plater machines-coal,,5,1900-01-01 00:00:00.000,1900-01-01 00:00:00.000,1900-01-01 00:00:00.000,1900-01-01 00:00:00.000,Y,2220
*,OUT351,Fabricate and erect steel constructions-coal,,4,1900-01-01 00:00:00.000,1900-01-01 00:00:00.000,1900-01-01 00:00:00.000,1900-01-01 00:00:00.000,Y,2221
*,OUT352,Fabricate engineering components-coal,,6,1900-01-01 00:00:00.000,1900-01-01 00:00:00.000,1900-01-01 00:00:00.000,1900-01-01 00:00:00.000,Y,2222
*,OUT353.1,Repair and service structural engineering components-coal,,8,1900-01-01 00:00:00.000,1900-01-01 00:00:00.000,1900-01-01 00:00:00.000,1900-01-01 00:00:00.000,Y,2223
*,OUT354,Develop and fabricate by means of parallel line method-coal,,3,1900-01-01 00:00:00.000,1900-01-01 00:00:00.000,1900-01-01 00:00:00.000,1900-01-01 00:00:00.000,Y,2224
*,OUT355,Develop and fabricate by means of radial line method-coal,,1,1900-01-01 00:00:00.000,1900-01-01 00:00:00.000,1900-01-01 00:00:00.000,1900-01-01 00:00:00.000,Y,2225
*,OUT356,Develop and fabricate by means of triangulation method-coal,,3,1900-01-01 00:00:00.000,1900-01-01 00:00:00.000,1900-01-01 00:00:00.000,1900-01-01 00:00:00.000,Y,2226
*,OUT357,Cut mild steel by using Oxy-acetylene equipment-coal,,1,1900-01-01 00:00:00.000,1900-01-01 00:00:00.000,1900-01-01 00:00:00.000,1900-01-01 00:00:00.000,Y,2227
*,OUT358,Joint metal by means of arc welding-coal,,7,1900-01-01 00:00:00.000,1900-01-01 00:00:00.000,1900-01-01 00:00:00.000,1900-01-01 00:00:00.000,Y,2228
*,OUT359,Join metals by means of gas welding-coal,,1,1900-01-01 00:00:00.000,1900-01-01 00:00:00.000,1900-01-01 00:00:00.000,1900-01-01 00:00:00.000,Y,2229
*,OUT370.1,Maintan equipment-Opencast,,5,1900-01-01 00:00:00.000,1900-01-01 00:00:00.000,1900-01-01 00:00:00.000,1900-01-01 00:00:00.000,Y,2230
*,OUT371,Repair equipment-Opencast,,2,1900-01-01 00:00:00.000,1900-01-01 00:00:00.000,1900-01-01 00:00:00.000,1900-01-01 00:00:00.000,Y,2231
*,OUT373.1,Fabricate pipe sections-Opencast,,4,1900-01-01 00:00:00.000,1900-01-01 00:00:00.000,1900-01-01 00:00:00.000,1900-01-01 00:00:00.000,Y,2232
*,OUT375.1,Install steel structures-Opencast,,7,1900-01-01 00:00:00.000,1900-01-01 00:00:00.000,1900-01-01 00:00:00.000,1900-01-01 00:00:00.000,Y,2233
*,OUT379,Assist with Inspection,,1,1900-01-01 00:00:00.000,1900-01-01 00:00:00.000,1900-01-01 00:00:00.000,1900-01-01 00:00:00.000,Y,2234
*,OUT382.1,Maintain pumps-underground coal,,1,1900-01-01 00:00:00.000,1900-01-01 00:00:00.000,1900-01-01 00:00:00.000,1900-01-01 00:00:00.000,Y,2235
*,OUT383,Service and test compressors-underground coal,,3,1900-01-01 00:00:00.000,1900-01-01 00:00:00.000,1900-01-01 00:00:00.000,1900-01-01 00:00:00.000,Y,2236
*,OUT384,Service a conveyor systems-underground coal,,4,1900-01-01 00:00:00.000,1900-01-01 00:00:00.000,1900-01-01 00:00:00.000,1900-01-01 00:00:00.000,Y,2237
*,OUT385,Examine crushers and screens-underground coal,,4,1900-01-01 00:00:00.000,1900-01-01 00:00:00.000,1900-01-01 00:00:00.000,1900-01-01 00:00:00.000,Y,2238
*,OUT386,Check maintain air and water columns-undergound coal,,5,1900-01-01 00:00:00.000,1900-01-01 00:00:00.000,1900-01-01 00:00:00.000,1900-01-01 00:00:00.000,Y,2239
*,OUT387,Maintain pneumatic circuits-underground coal,,3,1900-01-01 00:00:00.000,1900-01-01 00:00:00.000,1900-01-01 00:00:00.000,1900-01-01 00:00:00.000,Y,2240
*,OUT388.1,Maintain hydraulic circuits(underground machinery),,2,1900-01-01 00:00:00.000,1900-01-01 00:00:00.000,1900-01-01 00:00:00.000,1900-01-01 00:00:00.000,Y,2241
*,OUT389.1,Service coal mining machines-underground coal,,2,1900-01-01 00:00:00.000,1900-01-01 00:00:00.000,1900-01-01 00:00:00.000,1900-01-01 00:00:00.000,Y,2242
*,OUT390,Adjust clutches-underground coal,,5,1900-01-01 00:00:00.000,1900-01-01 00:00:00.000,1900-01-01 00:00:00.000,1900-01-01 00:00:00.000,Y,2243
*,OUT391,"Change, align and adjust the tracks of a track driven machine-underground coal",,3,1900-01-01 00:00:00.000,1900-01-01 00:00:00.000,1900-01-01 00:00:00.000,1900-01-01 00:00:00.000,Y,2244
*,OUT392,Maintain hydraulic circuits(opencast machinery)-underground coal,,6,1900-01-01 00:00:00.000,1900-01-01 00:00:00.000,1900-01-01 00:00:00.000,1900-01-01 00:00:00.000,Y,2245
*,OUT393,Service and adjust air brakes-undergound coal,,2,1900-01-01 00:00:00.000,1900-01-01 00:00:00.000,1900-01-01 00:00:00.000,1900-01-01 00:00:00.000,Y,2246
*,OUT394,Lift and move loads-underground coal,,4,1900-01-01 00:00:00.000,1900-01-01 00:00:00.000,1900-01-01 00:00:00.000,1900-01-01 00:00:00.000,Y,2247
*,OUT395,Operate power machines-undergound coal,,3,1900-01-01 00:00:00.000,1900-01-01 00:00:00.000,1900-01-01 00:00:00.000,1900-01-01 00:00:00.000,Y,2248
*,OUT396,Repair coal drills-undergound coal,,3,1900-01-01 00:00:00.000,1900-01-01 00:00:00.000,1900-01-01 00:00:00.000,1900-01-01 00:00:00.000,Y,2249
*,OUT397.1,Manufacture a work piece-undergound coal,,14,1900-01-01 00:00:00.000,1900-01-01 00:00:00.000,1900-01-01 00:00:00.000,1900-01-01 00:00:00.000,Y,2250
*,OUT398,Maintain sizers-underground diamonds,,4,1900-01-01 00:00:00.000,1900-01-01 00:00:00.000,1900-01-01 00:00:00.000,1900-01-01 00:00:00.000,Y,2251
*,OUT399,Maintain cyclones-underground diamonds,,2,1900-01-01 00:00:00.000,1900-01-01 00:00:00.000,1900-01-01 00:00:00.000,1900-01-01 00:00:00.000,Y,2252
*,OUT400,Maintain fans-underground diamonds,,3,1900-01-01 00:00:00.000,1900-01-01 00:00:00.000,1900-01-01 00:00:00.000,1900-01-01 00:00:00.000,Y,2253
*,OUT401,Maintain dust plants-undergound diamonds,,3,1900-01-01 00:00:00.000,1900-01-01 00:00:00.000,1900-01-01 00:00:00.000,1900-01-01 00:00:00.000,Y,2254
*,OUT402,Maintain valves-undergound diamonds,,3,1900-01-01 00:00:00.000,1900-01-01 00:00:00.000,1900-01-01 00:00:00.000,1900-01-01 00:00:00.000,Y,2255
*,OUT403,Maintain and replace bearings-underground diamonds,,3,1900-01-01 00:00:00.000,1900-01-01 00:00:00.000,1900-01-01 00:00:00.000,1900-01-01 00:00:00.000,Y,2256
*,OUT404,Inspect humble hooks-underground diamonds,,2,1900-01-01 00:00:00.000,1900-01-01 00:00:00.000,1900-01-01 00:00:00.000,1900-01-01 00:00:00.000,Y,2257
*,OUT405,Inspect compressors-underground diamonds,,2,1900-01-01 00:00:00.000,1900-01-01 00:00:00.000,1900-01-01 00:00:00.000,1900-01-01 00:00:00.000,Y,2258
*,OUT406,Maintain compressors-undergound diamonds,,4,1900-01-01 00:00:00.000,1900-01-01 00:00:00.000,1900-01-01 00:00:00.000,1900-01-01 00:00:00.000,Y,2259
*,OUT407,Maintain crushers-underground diamonds,,4,1900-01-01 00:00:00.000,1900-01-01 00:00:00.000,1900-01-01 00:00:00.000,1900-01-01 00:00:00.000,Y,2260
*,OUT408,Maintain air cylinders and service units-underground diamonds,,3,1900-01-01 00:00:00.000,1900-01-01 00:00:00.000,1900-01-01 00:00:00.000,1900-01-01 00:00:00.000,Y,2261
*,OUT409,Maintain air receivers-underground coal,,4,1900-01-01 00:00:00.000,1900-01-01 00:00:00.000,1900-01-01 00:00:00.000,1900-01-01 00:00:00.000,Y,2262
*,OUT410,Maintain winders-underground diamonds,,2,1900-01-01 00:00:00.000,1900-01-01 00:00:00.000,1900-01-01 00:00:00.000,1900-01-01 00:00:00.000,Y,2263
*,OUT411,Maintain overhead electric crane-undergound diamonds,,2,1900-01-01 00:00:00.000,1900-01-01 00:00:00.000,1900-01-01 00:00:00.000,1900-01-01 00:00:00.000,Y,2264
*,OUT412,Inspect skips-underground diamonds,,2,1900-01-01 00:00:00.000,1900-01-01 00:00:00.000,1900-01-01 00:00:00.000,1900-01-01 00:00:00.000,Y,2265
*,OUT413,Maintain a feeder-undergound diamonds,,3,1900-01-01 00:00:00.000,1900-01-01 00:00:00.000,1900-01-01 00:00:00.000,1900-01-01 00:00:00.000,Y,2266
*,OUT414,Install and align drive systems-underground diamonds,,5,1900-01-01 00:00:00.000,1900-01-01 00:00:00.000,1900-01-01 00:00:00.000,1900-01-01 00:00:00.000,Y,2267
*,OUT415,Lift and move a load-underground diamonds,,2,1900-01-01 00:00:00.000,1900-01-01 00:00:00.000,1900-01-01 00:00:00.000,1900-01-01 00:00:00.000,Y,2268
*,OUT416,Repair conveyor belt systems-underground diamonds,,4,1900-01-01 00:00:00.000,1900-01-01 00:00:00.000,1900-01-01 00:00:00.000,1900-01-01 00:00:00.000,Y,2269
*,OUT417,Overhaul gearboxes-underground diamonds,,4,1900-01-01 00:00:00.000,1900-01-01 00:00:00.000,1900-01-01 00:00:00.000,1900-01-01 00:00:00.000,Y,2270
*,OUT418,Overhaul pumps-underground diamonds,,4,1900-01-01 00:00:00.000,1900-01-01 00:00:00.000,1900-01-01 00:00:00.000,1900-01-01 00:00:00.000,Y,2271
*,OUT419.1,Manufacture components-underground diamonds,,16,1900-01-01 00:00:00.000,1900-01-01 00:00:00.000,1900-01-01 00:00:00.000,1900-01-01 00:00:00.000,Y,2272
*,OUT420,Maintain conveyor belts,,4,1900-01-01 00:00:00.000,1900-01-01 00:00:00.000,1900-01-01 00:00:00.000,1900-01-01 00:00:00.000,Y,2273
*,OUT421,Maintain valves-surface diamonds,,4,1900-01-01 00:00:00.000,1900-01-01 00:00:00.000,1900-01-01 00:00:00.000,1900-01-01 00:00:00.000,Y,2274
*,OUT422,Maintain and replace bearings-surface diamonds,,4,1900-01-01 00:00:00.000,1900-01-01 00:00:00.000,1900-01-01 00:00:00.000,1900-01-01 00:00:00.000,Y,2275
*,OUT423,Inspect compressors-surface diamonds,,3,1900-01-01 00:00:00.000,1900-01-01 00:00:00.000,1900-01-01 00:00:00.000,1900-01-01 00:00:00.000,Y,2276
*,OUT424,Maintain crushers-surface diamonds,,3,1900-01-01 00:00:00.000,1900-01-01 00:00:00.000,1900-01-01 00:00:00.000,1900-01-01 00:00:00.000,Y,2277
*,OUT425,Maintain air receivers-surface diamonds,,2,1900-01-01 00:00:00.000,1900-01-01 00:00:00.000,1900-01-01 00:00:00.000,1900-01-01 00:00:00.000,Y,2278
*,OUT426,Maintain workshop machinery-surface diamonds,,2,1900-01-01 00:00:00.000,1900-01-01 00:00:00.000,1900-01-01 00:00:00.000,1900-01-01 00:00:00.000,Y,2279
*,OUT427,Check sections-surface diamonds,,2,1900-01-01 00:00:00.000,1900-01-01 00:00:00.000,1900-01-01 00:00:00.000,1900-01-01 00:00:00.000,Y,2280
*,OUT428,Overhaul gearboxes-surface diamonds,,3,1900-01-01 00:00:00.000,1900-01-01 00:00:00.000,1900-01-01 00:00:00.000,1900-01-01 00:00:00.000,Y,2281
*,OUT429,Overhaul pumps-surface diamonds,,3,1900-01-01 00:00:00.000,1900-01-01 00:00:00.000,1900-01-01 00:00:00.000,1900-01-01 00:00:00.000,Y,2282
*,OUT430,Install and align drive systems-surface diamonds,,3,1900-01-01 00:00:00.000,1900-01-01 00:00:00.000,1900-01-01 00:00:00.000,1900-01-01 00:00:00.000,Y,2283
*,OUT431,Lift and move a load-surface diamonds,,2,1900-01-01 00:00:00.000,1900-01-01 00:00:00.000,1900-01-01 00:00:00.000,1900-01-01 00:00:00.000,Y,2284
*,OUT433.1,Manufacture components-surface diamonds,,16,1900-01-01 00:00:00.000,1900-01-01 00:00:00.000,1900-01-01 00:00:00.000,1900-01-01 00:00:00.000,Y,2285
*,OUT434,Operate plater machines-coal,,5,1900-01-01 00:00:00.000,1900-01-01 00:00:00.000,1900-01-01 00:00:00.000,1900-01-01 00:00:00.000,Y,2286
*,OUT435,Fabricate and erect steel constructions- coal,,4,1900-01-01 00:00:00.000,1900-01-01 00:00:00.000,1900-01-01 00:00:00.000,1900-01-01 00:00:00.000,Y,2287
*,OUT436,Fabricate engineering components- coal,,6,1900-01-01 00:00:00.000,1900-01-01 00:00:00.000,1900-01-01 00:00:00.000,1900-01-01 00:00:00.000,Y,2288
*,OUT437.1,Repair and service structural enigeneering components-coal,,9,1900-01-01 00:00:00.000,1900-01-01 00:00:00.000,1900-01-01 00:00:00.000,1900-01-01 00:00:00.000,Y,2289
*,OUT438,Develop and fabricate by means of parallel line method- coal,,3,1900-01-01 00:00:00.000,1900-01-01 00:00:00.000,1900-01-01 00:00:00.000,1900-01-01 00:00:00.000,Y,2290
*,OUT439,Develop and fabricate by means of radial line method-coal,,1,1900-01-01 00:00:00.000,1900-01-01 00:00:00.000,1900-01-01 00:00:00.000,1900-01-01 00:00:00.000,Y,2291
*,OUT440,Develop and fabricate by means of triangulation method- coal,,3,1900-01-01 00:00:00.000,1900-01-01 00:00:00.000,1900-01-01 00:00:00.000,1900-01-01 00:00:00.000,Y,2292
*,OUT441,Cut metal steel by using oxy-acetylene equipment- coal,,1,1900-01-01 00:00:00.000,1900-01-01 00:00:00.000,1900-01-01 00:00:00.000,1900-01-01 00:00:00.000,Y,2293
*,OUT442,Joint metal by means of arc welding- coal,,5,1900-01-01 00:00:00.000,1900-01-01 00:00:00.000,1900-01-01 00:00:00.000,1900-01-01 00:00:00.000,Y,2294
*,OUT443,Joint metals by means of gas welding- coal,,1,1900-01-01 00:00:00.000,1900-01-01 00:00:00.000,1900-01-01 00:00:00.000,1900-01-01 00:00:00.000,Y,2295
*,OUT444.1,Maintain equipment -opencast,,4,1900-01-01 00:00:00.000,1900-01-01 00:00:00.000,1900-01-01 00:00:00.000,1900-01-01 00:00:00.000,Y,2296
*,OUT445.1,Repair equipment-opencast,,5,1900-01-01 00:00:00.000,1900-01-01 00:00:00.000,1900-01-01 00:00:00.000,1900-01-01 00:00:00.000,Y,2297
*,OUT446.1,Fabricate bins/hoppers-opencast,,8,1900-01-01 00:00:00.000,1900-01-01 00:00:00.000,1900-01-01 00:00:00.000,1900-01-01 00:00:00.000,Y,2298
*,OUT447.1,Fabricate pipe sections-opencast,,4,1900-01-01 00:00:00.000,1900-01-01 00:00:00.000,1900-01-01 00:00:00.000,1900-01-01 00:00:00.000,Y,2299
*,OUT448.1,Fabricate steel structures-opencast,,12,1900-01-01 00:00:00.000,1900-01-01 00:00:00.000,1900-01-01 00:00:00.000,1900-01-01 00:00:00.000,Y,2300
*,OUT449,Install steel structures-opencast,,4,1900-01-01 00:00:00.000,1900-01-01 00:00:00.000,1900-01-01 00:00:00.000,1900-01-01 00:00:00.000,Y,2301
*,OUT450.1,Assist with repairs of engineering equipment-opencast,,1,1900-01-01 00:00:00.000,1900-01-01 00:00:00.000,1900-01-01 00:00:00.000,1900-01-01 00:00:00.000,Y,2302
*,OUT451.1,Maintain equipment-diamond opencast,,5,1900-01-01 00:00:00.000,1900-01-01 00:00:00.000,1900-01-01 00:00:00.000,1900-01-01 00:00:00.000,Y,2303
*,OUT452,Repair equipment-diamond open cast,,2,1900-01-01 00:00:00.000,1900-01-01 00:00:00.000,1900-01-01 00:00:00.000,1900-01-01 00:00:00.000,Y,2304
*,OUT453.1,Fabricate bins/hoppers-diamonds opencast,,5,1900-01-01 00:00:00.000,1900-01-01 00:00:00.000,1900-01-01 00:00:00.000,1900-01-01 00:00:00.000,Y,2305
*,OUT456.1,Fabricate steel structures-diamonds opencast,,10,1900-01-01 00:00:00.000,1900-01-01 00:00:00.000,1900-01-01 00:00:00.000,1900-01-01 00:00:00.000,Y,2306
*,OUT457.1,Install steel structures-diamonds opencast,,7,1900-01-01 00:00:00.000,1900-01-01 00:00:00.000,1900-01-01 00:00:00.000,1900-01-01 00:00:00.000,Y,2307
*,OUT458,Assist with inspection of engineering equipment-diamonds opencast,,1,1900-01-01 00:00:00.000,1900-01-01 00:00:00.000,1900-01-01 00:00:00.000,1900-01-01 00:00:00.000,Y,2308
*,OUT459.1,Assist with repairs and fabricate engineering components-diamonds opencast,,5,1900-01-01 00:00:00.000,1900-01-01 00:00:00.000,1900-01-01 00:00:00.000,1900-01-01 00:00:00.000,Y,2309
*,OUT460.1,Assist with installation of enigineering components and equipment-diamond opencast,,11,1900-01-01 00:00:00.000,1900-01-01 00:00:00.000,1900-01-01 00:00:00.000,1900-01-01 00:00:00.000,Y,2310
*,OUT461,Maintain a gearbox-coal,,5,1900-01-01 00:00:00.000,1900-01-01 00:00:00.000,1900-01-01 00:00:00.000,1900-01-01 00:00:00.000,Y,2311
*,OUT462,Adjust and align drive systems-coal,,5,1900-01-01 00:00:00.000,1900-01-01 00:00:00.000,1900-01-01 00:00:00.000,1900-01-01 00:00:00.000,Y,2312
*,OUT463,Maintain pumps-coal,,8,1900-01-01 00:00:00.000,1900-01-01 00:00:00.000,1900-01-01 00:00:00.000,1900-01-01 00:00:00.000,Y,2313
*,OUT464,"Service compressors, crushers, conveyor system-coal",,23,1900-01-01 00:00:00.000,1900-01-01 00:00:00.000,1900-01-01 00:00:00.000,1900-01-01 00:00:00.000,Y,2314
*,OUT465,Service and maintain transformers-coal,,6,1900-01-01 00:00:00.000,1900-01-01 00:00:00.000,1900-01-01 00:00:00.000,1900-01-01 00:00:00.000,Y,2315
*,OUT466,Test and connect cables-coal,,6,1900-01-01 00:00:00.000,1900-01-01 00:00:00.000,1900-01-01 00:00:00.000,1900-01-01 00:00:00.000,Y,2316
*,OUT467,Test and join cables(underground task)-coal,,6,1900-01-01 00:00:00.000,1900-01-01 00:00:00.000,1900-01-01 00:00:00.000,1900-01-01 00:00:00.000,Y,2317
*,OUT468,Maintain and test a three phase motor,,1,1900-01-01 00:00:00.000,1900-01-01 00:00:00.000,1900-01-01 00:00:00.000,1900-01-01 00:00:00.000,Y,2318
*,OUT469,Maintain mine machines-coal,,8,1900-01-01 00:00:00.000,1900-01-01 00:00:00.000,1900-01-01 00:00:00.000,1900-01-01 00:00:00.000,Y,2319
*,OUT470,Maintain underground machinery-coal,,20,1900-01-01 00:00:00.000,1900-01-01 00:00:00.000,1900-01-01 00:00:00.000,1900-01-01 00:00:00.000,Y,2320
*,OUT471,Service undergound machinery-coal,,20,1900-01-01 00:00:00.000,1900-01-01 00:00:00.000,1900-01-01 00:00:00.000,1900-01-01 00:00:00.000,Y,2321
*,OUT472,Service open cast machinery-coal,,8,1900-01-01 00:00:00.000,1900-01-01 00:00:00.000,1900-01-01 00:00:00.000,1900-01-01 00:00:00.000,Y,2322
*,OUT473,Maintain open cst machinery-coal,,8,1900-01-01 00:00:00.000,1900-01-01 00:00:00.000,1900-01-01 00:00:00.000,1900-01-01 00:00:00.000,Y,2323
*,OUT474,Service coal processing plant machine-coal,,8,1900-01-01 00:00:00.000,1900-01-01 00:00:00.000,1900-01-01 00:00:00.000,1900-01-01 00:00:00.000,Y,2324
*,OUT475,Maintain coal processing plant machines-coal,,8,1900-01-01 00:00:00.000,1900-01-01 00:00:00.000,1900-01-01 00:00:00.000,1900-01-01 00:00:00.000,Y,2325
*,OUT476,"Test, connect and maintain DC motors on mining equipment-coal",,2,1900-01-01 00:00:00.000,1900-01-01 00:00:00.000,1900-01-01 00:00:00.000,1900-01-01 00:00:00.000,Y,2326
*,OUT477,Maintain section switch-gear-coal,,2,1900-01-01 00:00:00.000,1900-01-01 00:00:00.000,1900-01-01 00:00:00.000,1900-01-01 00:00:00.000,Y,2327
*,OUT478,Miantain switch-gear and assemblies(open cast)-coal,,10,1900-01-01 00:00:00.000,1900-01-01 00:00:00.000,1900-01-01 00:00:00.000,1900-01-01 00:00:00.000,Y,2328
*,OUT479,"Service, switch-gear and assembles(opencast)-coal",,10,1900-01-01 00:00:00.000,1900-01-01 00:00:00.000,1900-01-01 00:00:00.000,1900-01-01 00:00:00.000,Y,2329
*,OUT480,Replace brake shoes-coal,,1,1900-01-01 00:00:00.000,1900-01-01 00:00:00.000,1900-01-01 00:00:00.000,1900-01-01 00:00:00.000,Y,2330
*,OUT481,"Change, align and adjust the tracks of a track driven machine-coal",,3,1900-01-01 00:00:00.000,1900-01-01 00:00:00.000,1900-01-01 00:00:00.000,1900-01-01 00:00:00.000,Y,2331
*,OUT482,Test and connect single motors-coal,,1,1900-01-01 00:00:00.000,1900-01-01 00:00:00.000,1900-01-01 00:00:00.000,1900-01-01 00:00:00.000,Y,2332
*,OUT483,Phase out and connect three phase motors to starters,,1,1900-01-01 00:00:00.000,1900-01-01 00:00:00.000,1900-01-01 00:00:00.000,1900-01-01 00:00:00.000,Y,2333
*,OUT484,Test and connect power supplies-coal,,3,1900-01-01 00:00:00.000,1900-01-01 00:00:00.000,1900-01-01 00:00:00.000,1900-01-01 00:00:00.000,Y,2334
*,OUT485,Test and connect transformers coal,,6,1900-01-01 00:00:00.000,1900-01-01 00:00:00.000,1900-01-01 00:00:00.000,1900-01-01 00:00:00.000,Y,2335
*,OUT486,Do fault finding on PLC systems-coal,,4,1900-01-01 00:00:00.000,1900-01-01 00:00:00.000,1900-01-01 00:00:00.000,1900-01-01 00:00:00.000,Y,2336
*,OUT487,"Install, join and test cables-diamonds",,2,1900-01-01 00:00:00.000,1900-01-01 00:00:00.000,1900-01-01 00:00:00.000,1900-01-01 00:00:00.000,Y,2337
*,OUT488,Install and align drive systems-diamonds,,2,1900-01-01 00:00:00.000,1900-01-01 00:00:00.000,1900-01-01 00:00:00.000,1900-01-01 00:00:00.000,Y,2338
*,OUT489,"Conect, test and earth equipment-diamonds",,2,1900-01-01 00:00:00.000,1900-01-01 00:00:00.000,1900-01-01 00:00:00.000,1900-01-01 00:00:00.000,Y,2339
*,OUT490,Install and maintain lighting systems-diamonds,,2,1900-01-01 00:00:00.000,1900-01-01 00:00:00.000,1900-01-01 00:00:00.000,1900-01-01 00:00:00.000,Y,2340
*,OUT491,Install motors and starters-diamonds,,3,1900-01-01 00:00:00.000,1900-01-01 00:00:00.000,1900-01-01 00:00:00.000,1900-01-01 00:00:00.000,Y,2341
*,OUT492,"Connect, maintain and test transformers-diamonds",,2,1900-01-01 00:00:00.000,1900-01-01 00:00:00.000,1900-01-01 00:00:00.000,1900-01-01 00:00:00.000,Y,2342
*,OUT493,Maintain overhead-diamond,,2,1900-01-01 00:00:00.000,1900-01-01 00:00:00.000,1900-01-01 00:00:00.000,1900-01-01 00:00:00.000,Y,2343
*,OUT494,Maintain main sub-station-diamonds,,4,1900-01-01 00:00:00.000,1900-01-01 00:00:00.000,1900-01-01 00:00:00.000,1900-01-01 00:00:00.000,Y,2344
*,OUT495,Maintain batteries-diamonds,,2,1900-01-01 00:00:00.000,1900-01-01 00:00:00.000,1900-01-01 00:00:00.000,1900-01-01 00:00:00.000,Y,2345
*,OUT496,Maintain valves-diamonds,,2,1900-01-01 00:00:00.000,1900-01-01 00:00:00.000,1900-01-01 00:00:00.000,1900-01-01 00:00:00.000,Y,2346
*,OUT497,maintain compressors and air receivers-diamonds,,3,1900-01-01 00:00:00.000,1900-01-01 00:00:00.000,1900-01-01 00:00:00.000,1900-01-01 00:00:00.000,Y,2347
*,OUT498,Maintain brake systems-diamonds,,3,1900-01-01 00:00:00.000,1900-01-01 00:00:00.000,1900-01-01 00:00:00.000,1900-01-01 00:00:00.000,Y,2348
*,OUT499,Maintain and align a chain drive-diamonds,,2,1900-01-01 00:00:00.000,1900-01-01 00:00:00.000,1900-01-01 00:00:00.000,1900-01-01 00:00:00.000,Y,2349
*,OUT500,Maintain crushers-diamonds,,4,1900-01-01 00:00:00.000,1900-01-01 00:00:00.000,1900-01-01 00:00:00.000,1900-01-01 00:00:00.000,Y,2350
*,OUT501,Maintain gearboxes-diamonds,,2,1900-01-01 00:00:00.000,1900-01-01 00:00:00.000,1900-01-01 00:00:00.000,1900-01-01 00:00:00.000,Y,2351
*,OUT502,Maintain hydraulic and pneumatic systems-diamonds,,10,1900-01-01 00:00:00.000,1900-01-01 00:00:00.000,1900-01-01 00:00:00.000,1900-01-01 00:00:00.000,Y,2352
*,OUT503,Maintain and overhaul pumps-diamonds,,2,1900-01-01 00:00:00.000,1900-01-01 00:00:00.000,1900-01-01 00:00:00.000,1900-01-01 00:00:00.000,Y,2353
*,OUT504,Maintain belt conveyor systems-diamonds,,5,1900-01-01 00:00:00.000,1900-01-01 00:00:00.000,1900-01-01 00:00:00.000,1900-01-01 00:00:00.000,Y,2354
*,OUT505,Maintain air actuating cylinders and service units-diamonds,,2,1900-01-01 00:00:00.000,1900-01-01 00:00:00.000,1900-01-01 00:00:00.000,1900-01-01 00:00:00.000,Y,2355
*,OUT506,Maintain drives,,3,1900-01-01 00:00:00.000,1900-01-01 00:00:00.000,1900-01-01 00:00:00.000,1900-01-01 00:00:00.000,Y,2356
*,OUT507,"Repair, fault find and maintain electrical installation-diamonds",,3,1900-01-01 00:00:00.000,1900-01-01 00:00:00.000,1900-01-01 00:00:00.000,1900-01-01 00:00:00.000,Y,2357
*,OUT508,"Reapai, fault find and maintain portable electrical equipment-diamonds",,2,1900-01-01 00:00:00.000,1900-01-01 00:00:00.000,1900-01-01 00:00:00.000,1900-01-01 00:00:00.000,Y,2358
*,OUT509,Repair AC motors-diamonds,,2,1900-01-01 00:00:00.000,1900-01-01 00:00:00.000,1900-01-01 00:00:00.000,1900-01-01 00:00:00.000,Y,2359
*,OUT510,Repair DC motors-diamonds,,2,1900-01-01 00:00:00.000,1900-01-01 00:00:00.000,1900-01-01 00:00:00.000,1900-01-01 00:00:00.000,Y,2360
*,OUT511,"Install, join and test cables-opencast",,2,1900-01-01 00:00:00.000,1900-01-01 00:00:00.000,1900-01-01 00:00:00.000,1900-01-01 00:00:00.000,Y,2361
*,OUT513,"Connect, test and earth equipment-opencast",,2,1900-01-01 00:00:00.000,1900-01-01 00:00:00.000,1900-01-01 00:00:00.000,1900-01-01 00:00:00.000,Y,2362
*,OUT514,Install and maintain lighting systems-opencast,,2,1900-01-01 00:00:00.000,1900-01-01 00:00:00.000,1900-01-01 00:00:00.000,1900-01-01 00:00:00.000,Y,2363
*,OUT515,Install motors and starters-opencast,,3,1900-01-01 00:00:00.000,1900-01-01 00:00:00.000,1900-01-01 00:00:00.000,1900-01-01 00:00:00.000,Y,2364
*,OUT516,Install conveyor belt system-opencast,,6,1900-01-01 00:00:00.000,1900-01-01 00:00:00.000,1900-01-01 00:00:00.000,1900-01-01 00:00:00.000,Y,2365
*,OUT517,"Connect, test and maintain transformers-opencast",,2,1900-01-01 00:00:00.000,1900-01-01 00:00:00.000,1900-01-01 00:00:00.000,1900-01-01 00:00:00.000,Y,2366
*,OUT518,Maintain overhead cranes-opencast,,2,1900-01-01 00:00:00.000,1900-01-01 00:00:00.000,1900-01-01 00:00:00.000,1900-01-01 00:00:00.000,Y,2367
*,OUT519,Maintain main sub-station-opencast,,4,1900-01-01 00:00:00.000,1900-01-01 00:00:00.000,1900-01-01 00:00:00.000,1900-01-01 00:00:00.000,Y,2368
*,OUT520,Maintain batteries-opencast,,1,1900-01-01 00:00:00.000,1900-01-01 00:00:00.000,1900-01-01 00:00:00.000,1900-01-01 00:00:00.000,Y,2369
*,OUT522,Maintain compressors and air receivers-opencast,,3,1900-01-01 00:00:00.000,1900-01-01 00:00:00.000,1900-01-01 00:00:00.000,1900-01-01 00:00:00.000,Y,2370
*,OUT528.1,Maintain and overhaul pumps-opencast,,2,1900-01-01 00:00:00.000,1900-01-01 00:00:00.000,1900-01-01 00:00:00.000,1900-01-01 00:00:00.000,Y,2371
*,OUT530,Maintain air actuating cylinders and service units-opencst,,2,1900-01-01 00:00:00.000,1900-01-01 00:00:00.000,1900-01-01 00:00:00.000,1900-01-01 00:00:00.000,Y,2372
*,OUT531,Maintain drives-opencast,,3,1900-01-01 00:00:00.000,1900-01-01 00:00:00.000,1900-01-01 00:00:00.000,1900-01-01 00:00:00.000,Y,2373
*,OUT533,Maintain fans-opencast,,1,1900-01-01 00:00:00.000,1900-01-01 00:00:00.000,1900-01-01 00:00:00.000,1900-01-01 00:00:00.000,Y,2374
*,OUT535,Maintain workshop machines-opencast,,3,1900-01-01 00:00:00.000,1900-01-01 00:00:00.000,1900-01-01 00:00:00.000,1900-01-01 00:00:00.000,Y,2375
*,OUT536,Maintain a water pipe systems-opencst,,4,1900-01-01 00:00:00.000,1900-01-01 00:00:00.000,1900-01-01 00:00:00.000,1900-01-01 00:00:00.000,Y,2376
*,OUT538,Repair fault find and maintain electrical installations-opencast,,3,1900-01-01 00:00:00.000,1900-01-01 00:00:00.000,1900-01-01 00:00:00.000,1900-01-01 00:00:00.000,Y,2377
*,OUT539,"Repair, fault find amd maintain portable electrical equipment-opencast",,2,1900-01-01 00:00:00.000,1900-01-01 00:00:00.000,1900-01-01 00:00:00.000,1900-01-01 00:00:00.000,Y,2378
*,OUT540,Repair AC motors-opencast,,2,1900-01-01 00:00:00.000,1900-01-01 00:00:00.000,1900-01-01 00:00:00.000,1900-01-01 00:00:00.000,Y,2379
*,OUT541,Repair DC motors-opencast,,2,1900-01-01 00:00:00.000,1900-01-01 00:00:00.000,1900-01-01 00:00:00.000,1900-01-01 00:00:00.000,Y,2380
*,OUT542,"Identify, maintain and test electrical motor-underground coal",,5,1900-01-01 00:00:00.000,1900-01-01 00:00:00.000,1900-01-01 00:00:00.000,1900-01-01 00:00:00.000,Y,2381
*,OUT543,Use electrical testing equipment and connect electrical systems-underground coal,,15,1900-01-01 00:00:00.000,1900-01-01 00:00:00.000,1900-01-01 00:00:00.000,1900-01-01 00:00:00.000,Y,2382
*,OUT544,Use power tools-underground coal,,2,1900-01-01 00:00:00.000,1900-01-01 00:00:00.000,1900-01-01 00:00:00.000,1900-01-01 00:00:00.000,Y,2383
*,OUT545.1,Install and test electrical cables-underground coal,,10,1900-01-01 00:00:00.000,1900-01-01 00:00:00.000,1900-01-01 00:00:00.000,1900-01-01 00:00:00.000,Y,2384
*,OUT546.1,Service switchgear-undergound coal,,12,1900-01-01 00:00:00.000,1900-01-01 00:00:00.000,1900-01-01 00:00:00.000,1900-01-01 00:00:00.000,Y,2385
*,OUT547,Maintain domestic appliances-underground coal,,8,1900-01-01 00:00:00.000,1900-01-01 00:00:00.000,1900-01-01 00:00:00.000,1900-01-01 00:00:00.000,Y,2386
*,OUT548.1,Isolate and test meduim voltage equipment-underground coal,,3,1900-01-01 00:00:00.000,1900-01-01 00:00:00.000,1900-01-01 00:00:00.000,1900-01-01 00:00:00.000,Y,2387
*,OUT550,"Identify, maintain and test an electrical motor-surface coal",,5,1900-01-01 00:00:00.000,1900-01-01 00:00:00.000,1900-01-01 00:00:00.000,1900-01-01 00:00:00.000,Y,2388
*,OUT551,Use electrical testing equipment and connect electrical systems-surface coal,,15,1900-01-01 00:00:00.000,1900-01-01 00:00:00.000,1900-01-01 00:00:00.000,1900-01-01 00:00:00.000,Y,2389
*,OUT552,Use power tools-surface power,,2,1900-01-01 00:00:00.000,1900-01-01 00:00:00.000,1900-01-01 00:00:00.000,1900-01-01 00:00:00.000,Y,2390
*,OUT553.1,Install and test electrical cables-surface coal,,10,1900-01-01 00:00:00.000,1900-01-01 00:00:00.000,1900-01-01 00:00:00.000,1900-01-01 00:00:00.000,Y,2391
*,OUT554,Service and maintain switchgear and equipment-surface coal,,20,1900-01-01 00:00:00.000,1900-01-01 00:00:00.000,1900-01-01 00:00:00.000,1900-01-01 00:00:00.000,Y,2392
*,OUT555,Maintain domestic appliances-surface coal,,7,1900-01-01 00:00:00.000,1900-01-01 00:00:00.000,1900-01-01 00:00:00.000,1900-01-01 00:00:00.000,Y,2393
*,OUT556.1,Isolate and test medium voltage equipment-surface coal,,5,1900-01-01 00:00:00.000,1900-01-01 00:00:00.000,1900-01-01 00:00:00.000,1900-01-01 00:00:00.000,Y,2394
*,OUT557,"Install, join and test cables-undergound diamonds",,10,1900-01-01 00:00:00.000,1900-01-01 00:00:00.000,1900-01-01 00:00:00.000,1900-01-01 00:00:00.000,Y,2395
*,OUT558,"Maintain, test and conect three AC motors-underground diamonds",,6,1900-01-01 00:00:00.000,1900-01-01 00:00:00.000,1900-01-01 00:00:00.000,1900-01-01 00:00:00.000,Y,2396
*,OUT559,"Maintain, test and connect single phase AC motors-underground diamonds",,3,1900-01-01 00:00:00.000,1900-01-01 00:00:00.000,1900-01-01 00:00:00.000,1900-01-01 00:00:00.000,Y,2397
*,OUT560,Test and maintain LT and HT transformers-underground diamonds,,10,1900-01-01 00:00:00.000,1900-01-01 00:00:00.000,1900-01-01 00:00:00.000,1900-01-01 00:00:00.000,Y,2398
*,OUT561,"Test, replace and maintain industrial circuits and appliances-underground diamonds",,14,1900-01-01 00:00:00.000,1900-01-01 00:00:00.000,1900-01-01 00:00:00.000,1900-01-01 00:00:00.000,Y,2399
*,OUT562,Test and maintain control starters-underground diamonds,,12,1900-01-01 00:00:00.000,1900-01-01 00:00:00.000,1900-01-01 00:00:00.000,1900-01-01 00:00:00.000,Y,2400
*,OUT563,Maintain winders and elevators-underground diamonds,,3,1900-01-01 00:00:00.000,1900-01-01 00:00:00.000,1900-01-01 00:00:00.000,1900-01-01 00:00:00.000,Y,2401
*,OUT564,Maintain switch gear-underground diamonds,,5,1900-01-01 00:00:00.000,1900-01-01 00:00:00.000,1900-01-01 00:00:00.000,1900-01-01 00:00:00.000,Y,2402
*,OUT565,Maintain emergency generators-underground diamonds,,2,1900-01-01 00:00:00.000,1900-01-01 00:00:00.000,1900-01-01 00:00:00.000,1900-01-01 00:00:00.000,Y,2403
*,OUT566,"Install, join and test cables-surface diamonds",,10,1900-01-01 00:00:00.000,1900-01-01 00:00:00.000,1900-01-01 00:00:00.000,1900-01-01 00:00:00.000,Y,2404
*,OUT567,Maintain DC units-surface diamonds,,2,1900-01-01 00:00:00.000,1900-01-01 00:00:00.000,1900-01-01 00:00:00.000,1900-01-01 00:00:00.000,Y,2405
*,OUT568,"Maintain, test and connect single phase AC motors",,3,1900-01-01 00:00:00.000,1900-01-01 00:00:00.000,1900-01-01 00:00:00.000,1900-01-01 00:00:00.000,Y,2406
*,OUT569,"Maintain, test and connect three phase AC motors-surface diamonds",,8,1900-01-01 00:00:00.000,1900-01-01 00:00:00.000,1900-01-01 00:00:00.000,1900-01-01 00:00:00.000,Y,2407
*,OUT570,Test and maintain LT and HT transformers-surface diamonds,,5,1900-01-01 00:00:00.000,1900-01-01 00:00:00.000,1900-01-01 00:00:00.000,1900-01-01 00:00:00.000,Y,2408
*,OUT571,Maintain switch gear-surface diamonds,,5,1900-01-01 00:00:00.000,1900-01-01 00:00:00.000,1900-01-01 00:00:00.000,1900-01-01 00:00:00.000,Y,2409
*,OUT572,Test and maintain control starters-surface diamonds,,8,1900-01-01 00:00:00.000,1900-01-01 00:00:00.000,1900-01-01 00:00:00.000,1900-01-01 00:00:00.000,Y,2410
*,OUT573,"Test, replace and maintain industrial circuits and appliances-surface diamonds",,15,1900-01-01 00:00:00.000,1900-01-01 00:00:00.000,1900-01-01 00:00:00.000,1900-01-01 00:00:00.000,Y,2411
*,OUT574.1,"Install, join and test cables-open cast",,8,1900-01-01 00:00:00.000,1900-01-01 00:00:00.000,1900-01-01 00:00:00.000,1900-01-01 00:00:00.000,Y,2412
*,OUT575.1,Maintain DC units-open cast,,3,1900-01-01 00:00:00.000,1900-01-01 00:00:00.000,1900-01-01 00:00:00.000,1900-01-01 00:00:00.000,Y,2413
*,OUT576,"Maitain, test and connect single phase AC motors-open cast",,3,1900-01-01 00:00:00.000,1900-01-01 00:00:00.000,1900-01-01 00:00:00.000,1900-01-01 00:00:00.000,Y,2414
*,OUT577.1,"Maintain, test and connect three phase AC motors-open cast",,8,1900-01-01 00:00:00.000,1900-01-01 00:00:00.000,1900-01-01 00:00:00.000,1900-01-01 00:00:00.000,Y,2415
*,OUT578.1,Test and maintain LT and HT transformers-open cast,,5,1900-01-01 00:00:00.000,1900-01-01 00:00:00.000,1900-01-01 00:00:00.000,1900-01-01 00:00:00.000,Y,2416
*,OUT579,Maintain switch gear-open cast,,8,1900-01-01 00:00:00.000,1900-01-01 00:00:00.000,1900-01-01 00:00:00.000,1900-01-01 00:00:00.000,Y,2417
*,OUT580,Maintain emergency generators-open cast,,4,1900-01-01 00:00:00.000,1900-01-01 00:00:00.000,1900-01-01 00:00:00.000,1900-01-01 00:00:00.000,Y,2418
*,OUT581.1,"Test, maintain and repair control starters-open cast",,5,1900-01-01 00:00:00.000,1900-01-01 00:00:00.000,1900-01-01 00:00:00.000,1900-01-01 00:00:00.000,Y,2419
*,OUT582.1,"Test, replace and maintain industrial circuits and appliances-open cast",,15,1900-01-01 00:00:00.000,1900-01-01 00:00:00.000,1900-01-01 00:00:00.000,1900-01-01 00:00:00.000,Y,2420
*,OUT583,"Examine winder ropes, attachments, sheave wheels/conveyors, and assist with shaft slinging-surface/underground",,10,1900-01-01 00:00:00.000,1900-01-01 00:00:00.000,1900-01-01 00:00:00.000,1900-01-01 00:00:00.000,Y,2421
*,OUT584.1,Assist with maintaining winder ropes and equipment-surface/underground,,17,1900-01-01 00:00:00.000,1900-01-01 00:00:00.000,1900-01-01 00:00:00.000,1900-01-01 00:00:00.000,Y,2422
*,OUT585,Terminate ropes by using different splices-surface/underground,,26,1900-01-01 00:00:00.000,1900-01-01 00:00:00.000,1900-01-01 00:00:00.000,1900-01-01 00:00:00.000,Y,2423
*,OUT605,Maintain a gearbox- surface coal,,5,1900-01-01 00:00:00.000,1900-01-01 00:00:00.000,1900-01-01 00:00:00.000,1900-01-01 00:00:00.000,Y,2424
*,OUT606,Adjust and align drive systems- surface coal,,4,1900-01-01 00:00:00.000,1900-01-01 00:00:00.000,1900-01-01 00:00:00.000,1900-01-01 00:00:00.000,Y,2425
*,OUT607.1,Maintain pumps- surface coal,,1,1900-01-01 00:00:00.000,1900-01-01 00:00:00.000,1900-01-01 00:00:00.000,1900-01-01 00:00:00.000,Y,2426
*,OUT608,Service and test compressors-- surface coal,,4,1900-01-01 00:00:00.000,1900-01-01 00:00:00.000,1900-01-01 00:00:00.000,1900-01-01 00:00:00.000,Y,2427
*,OUT609,Service a conveyor system- surface coal,,4,1900-01-01 00:00:00.000,1900-01-01 00:00:00.000,1900-01-01 00:00:00.000,1900-01-01 00:00:00.000,Y,2428
*,OUT610,Examine crushers and screens- surface coal,,4,1900-01-01 00:00:00.000,1900-01-01 00:00:00.000,1900-01-01 00:00:00.000,1900-01-01 00:00:00.000,Y,2429
*,OUT611,Check maintain air and water columns- surface coal,,5,1900-01-01 00:00:00.000,1900-01-01 00:00:00.000,1900-01-01 00:00:00.000,1900-01-01 00:00:00.000,Y,2430
*,OUT612,"Change, align and adjust the tracks of a track driven machine- surface coal",,3,1900-01-01 00:00:00.000,1900-01-01 00:00:00.000,1900-01-01 00:00:00.000,1900-01-01 00:00:00.000,Y,2431
*,OUT613,Maintain pneumatic circuits- surface coal,,3,1900-01-01 00:00:00.000,1900-01-01 00:00:00.000,1900-01-01 00:00:00.000,1900-01-01 00:00:00.000,Y,2432
*,OUT614,Adjust clutches -surface coal,,3,1900-01-01 00:00:00.000,1900-01-01 00:00:00.000,1900-01-01 00:00:00.000,1900-01-01 00:00:00.000,Y,2433
*,OUT615,Maintain hydraulic circuits(open cast machinery)-surface coal,,10,1900-01-01 00:00:00.000,1900-01-01 00:00:00.000,1900-01-01 00:00:00.000,1900-01-01 00:00:00.000,Y,2434
*,OUT616,Service open cast machinery-surface coal,,11,1900-01-01 00:00:00.000,1900-01-01 00:00:00.000,1900-01-01 00:00:00.000,1900-01-01 00:00:00.000,Y,2435
*,OUT617,Service and adjust air brakes-surface coal,,2,1900-01-01 00:00:00.000,1900-01-01 00:00:00.000,1900-01-01 00:00:00.000,1900-01-01 00:00:00.000,Y,2436
*,OUT618,Repair coal drills-surface coal,,2,1900-01-01 00:00:00.000,1900-01-01 00:00:00.000,1900-01-01 00:00:00.000,1900-01-01 00:00:00.000,Y,2437
*,OUT619,Lift and move loads- surface coal,,2,1900-01-01 00:00:00.000,1900-01-01 00:00:00.000,1900-01-01 00:00:00.000,1900-01-01 00:00:00.000,Y,2438
*,OUT620.1,Operate power machines- surface coal,,6,1900-01-01 00:00:00.000,1900-01-01 00:00:00.000,1900-01-01 00:00:00.000,1900-01-01 00:00:00.000,Y,2439
*,OUT621,Maintain sizers- underground diamonds,,4,1900-01-01 00:00:00.000,1900-01-01 00:00:00.000,1900-01-01 00:00:00.000,1900-01-01 00:00:00.000,Y,2440
*,OUT622,Maintain cyclones- underground diamonds,,2,1900-01-01 00:00:00.000,1900-01-01 00:00:00.000,1900-01-01 00:00:00.000,1900-01-01 00:00:00.000,Y,2441
*,OUT623,Maitain fans-underground diamonds,,3,1900-01-01 00:00:00.000,1900-01-01 00:00:00.000,1900-01-01 00:00:00.000,1900-01-01 00:00:00.000,Y,2442
*,OUT624,Maintain dust plants- underground diamonds,,3,1900-01-01 00:00:00.000,1900-01-01 00:00:00.000,1900-01-01 00:00:00.000,1900-01-01 00:00:00.000,Y,2443
*,OUT625,Maintain valves- underground diamonds,,3,1900-01-01 00:00:00.000,1900-01-01 00:00:00.000,1900-01-01 00:00:00.000,1900-01-01 00:00:00.000,Y,2444
*,OUT626,Maintain and replace bearings- underground diamonds,,3,1900-01-01 00:00:00.000,1900-01-01 00:00:00.000,1900-01-01 00:00:00.000,1900-01-01 00:00:00.000,Y,2445
*,OUT627,Inspect humble hooks- underground diamonds,,2,1900-01-01 00:00:00.000,1900-01-01 00:00:00.000,1900-01-01 00:00:00.000,1900-01-01 00:00:00.000,Y,2446
*,OUT628,Inspect compressors- underground diamonds,,2,1900-01-01 00:00:00.000,1900-01-01 00:00:00.000,1900-01-01 00:00:00.000,1900-01-01 00:00:00.000,Y,2447
*,OUT629,Maintain compressors- underground diamonds,,4,1900-01-01 00:00:00.000,1900-01-01 00:00:00.000,1900-01-01 00:00:00.000,1900-01-01 00:00:00.000,Y,2448
*,OUT630,Maintain crushers- underground diamonds,,4,1900-01-01 00:00:00.000,1900-01-01 00:00:00.000,1900-01-01 00:00:00.000,1900-01-01 00:00:00.000,Y,2449
*,OUT631,Maintain air cylinders and service units- underground diamonds,,3,1900-01-01 00:00:00.000,1900-01-01 00:00:00.000,1900-01-01 00:00:00.000,1900-01-01 00:00:00.000,Y,2450
*,OUT632,Maintain receivers- underground diamonds,,4,1900-01-01 00:00:00.000,1900-01-01 00:00:00.000,1900-01-01 00:00:00.000,1900-01-01 00:00:00.000,Y,2451
*,OUT633,Maintain winders- underground diamods,,2,1900-01-01 00:00:00.000,1900-01-01 00:00:00.000,1900-01-01 00:00:00.000,1900-01-01 00:00:00.000,Y,2452
*,OUT635,Inspect skips- underground diamonds,,2,1900-01-01 00:00:00.000,1900-01-01 00:00:00.000,1900-01-01 00:00:00.000,1900-01-01 00:00:00.000,Y,2453
*,OUT636,Maintain feeder- underground diamond,,3,1900-01-01 00:00:00.000,1900-01-01 00:00:00.000,1900-01-01 00:00:00.000,1900-01-01 00:00:00.000,Y,2454
*,OUT637,Install and align drive systems- underground diamoonds,,5,1900-01-01 00:00:00.000,1900-01-01 00:00:00.000,1900-01-01 00:00:00.000,1900-01-01 00:00:00.000,Y,2455
*,OUT638,Lift and move loaders- underground diamonds,,2,1900-01-01 00:00:00.000,1900-01-01 00:00:00.000,1900-01-01 00:00:00.000,1900-01-01 00:00:00.000,Y,2456
*,OUT639,Repair conveyor belt systems- underground diamonds,,4,1900-01-01 00:00:00.000,1900-01-01 00:00:00.000,1900-01-01 00:00:00.000,1900-01-01 00:00:00.000,Y,2457
*,OUT640,Overhaul gearboxes- underground diamonds,,4,1900-01-01 00:00:00.000,1900-01-01 00:00:00.000,1900-01-01 00:00:00.000,1900-01-01 00:00:00.000,Y,2458
*,OUT641,Overhaul pumps- underground diamonds,,4,1900-01-01 00:00:00.000,1900-01-01 00:00:00.000,1900-01-01 00:00:00.000,1900-01-01 00:00:00.000,Y,2459
*,OUT642,Manufacture components- underground diamonds,,7,1900-01-01 00:00:00.000,1900-01-01 00:00:00.000,1900-01-01 00:00:00.000,1900-01-01 00:00:00.000,Y,2460
*,OUT643,Maintain conveyor belt- surface diamond,,4,1900-01-01 00:00:00.000,1900-01-01 00:00:00.000,1900-01-01 00:00:00.000,1900-01-01 00:00:00.000,Y,2461
*,OUT644,Maintain valves- surface diamonds,,4,1900-01-01 00:00:00.000,1900-01-01 00:00:00.000,1900-01-01 00:00:00.000,1900-01-01 00:00:00.000,Y,2462
*,OUT645,Maintain and replace bearings- surface diamonds,,4,1900-01-01 00:00:00.000,1900-01-01 00:00:00.000,1900-01-01 00:00:00.000,1900-01-01 00:00:00.000,Y,2463
*,OUT646,Inspect compressors- surface diamonds,,3,1900-01-01 00:00:00.000,1900-01-01 00:00:00.000,1900-01-01 00:00:00.000,1900-01-01 00:00:00.000,Y,2464
*,OUT647,Maintain crushers- surface diamonds,,3,1900-01-01 00:00:00.000,1900-01-01 00:00:00.000,1900-01-01 00:00:00.000,1900-01-01 00:00:00.000,Y,2465
*,OUT648,Maintain air receivers- surface diamonds,,2,1900-01-01 00:00:00.000,1900-01-01 00:00:00.000,1900-01-01 00:00:00.000,1900-01-01 00:00:00.000,Y,2466
*,OUT650,Check sections,,2,1900-01-01 00:00:00.000,1900-01-01 00:00:00.000,1900-01-01 00:00:00.000,1900-01-01 00:00:00.000,Y,2467
*,OUT651,Overhaul gearboxes- surface diamonds,,3,1900-01-01 00:00:00.000,1900-01-01 00:00:00.000,1900-01-01 00:00:00.000,1900-01-01 00:00:00.000,Y,2468
*,OUT652,Overhaul pumps- surface diamonds,,3,1900-01-01 00:00:00.000,1900-01-01 00:00:00.000,1900-01-01 00:00:00.000,1900-01-01 00:00:00.000,Y,2469
*,OUT653,Install and align drive systems- surface diamonds,,3,1900-01-01 00:00:00.000,1900-01-01 00:00:00.000,1900-01-01 00:00:00.000,1900-01-01 00:00:00.000,Y,2470
*,OUT654,lift and move a load- surface diamonds,,2,1900-01-01 00:00:00.000,1900-01-01 00:00:00.000,1900-01-01 00:00:00.000,1900-01-01 00:00:00.000,Y,2471
*,OUT655,Fualt find hydraulic and pneumatic systems,,13,1900-01-01 00:00:00.000,1900-01-01 00:00:00.000,1900-01-01 00:00:00.000,1900-01-01 00:00:00.000,Y,2472
*,OUT656,Manufacture components- surface diamonds,,7,1900-01-01 00:00:00.000,1900-01-01 00:00:00.000,1900-01-01 00:00:00.000,1900-01-01 00:00:00.000,Y,2473
*,"115663",Demonstrate an understanding of legislation and compliance in the Mining and Minerals sector.,,9,2004-04-15 00:00:00.000,2007-04-15 00:00:00.000,2004-04-15 00:00:00.000,1900-01-01 00:00:00.000,Y,2474
*,"7508",Conduct an investigation in the natural science,,4,2004-02-19 00:00:00.000,2007-02-19 00:00:00.000,2004-02-19 00:00:00.000,1900-01-01 00:00:00.000,Y,2475
*,"115744",Fabricate a spiral by means of triangulation,,5,1900-01-01 00:00:00.000,1900-01-01 00:00:00.000,1900-01-01 00:00:00.000,1900-01-01 00:00:00.000,Y,2476
*,"12453",Use reading skills to respond to defined texts,,8,2004-02-17 00:00:00.000,2007-02-17 00:00:00.000,2004-02-17 00:00:00.000,1900-01-01 00:00:00.000,Y,2477
*,"12460",Write defined texts,,6,2004-02-17 00:00:00.000,2007-02-17 00:00:00.000,2004-02-17 00:00:00.000,1900-01-01 00:00:00.000,Y,2478
*,"8965",Respond to literary texts,,5,2004-02-17 00:00:00.000,2007-02-17 00:00:00.000,2004-02-17 00:00:00.000,1900-01-01 00:00:00.000,Y,2479
*,EnM-G190,Inspect a safety detaching hook,,2,2004-04-02 00:00:00.000,2007-04-02 00:00:00.000,2004-04-02 00:00:00.000,1900-01-01 00:00:00.000,Y,2480
*,"116636",Determine environmental thermal conditions in an underground workplace by means of a whirling hygrometer and take appropriate action,,2,1900-01-01 00:00:00.000,1900-01-01 00:00:00.000,1900-01-01 00:00:00.000,1900-01-01 00:00:00.000,Y,2481
*,"116657",Test for flammable gas in a mining environment by means of a hand held electronic instrument and take appropriate action,,2,2004-09-08 00:00:00.000,2007-09-08 00:00:00.000,2004-09-08 00:00:00.000,1900-01-01 00:00:00.000,Y,2482
*,"116655",Conduct continous hazard indentification and risk assessment within a workplace,,2,2004-09-08 00:00:00.000,2007-09-08 00:00:00.000,2004-09-08 00:00:00.000,1900-01-01 00:00:00.000,Y,2483
*,"12225",Construct and test advanced electronic circuits ,,16,1900-01-01 00:00:00.000,1900-01-01 00:00:00.000,1900-01-01 00:00:00.000,1900-01-01 00:00:00.000,Y,2484
*,"7460","Use structured models to describe, represent and analyse shape and motion in 2- and 3-dimensional space",,4,1900-01-01 00:00:00.000,1900-01-01 00:00:00.000,1900-01-01 00:00:00.000,1900-01-01 00:00:00.000,Y,2485
*,"14086",Work with a wide range of patterns and basic functions and solve related problems,,3,1900-01-01 00:00:00.000,1900-01-01 00:00:00.000,1900-01-01 00:00:00.000,1900-01-01 00:00:00.000,Y,2486
*,"7485",Demonstrate understanding of real and complex number systems,,3,1900-01-01 00:00:00.000,1900-01-01 00:00:00.000,1900-01-01 00:00:00.000,1900-01-01 00:00:00.000,Y,2487
*,"12226","Diagnose, service and maintain automobile air conditioning systems",,12,1900-01-01 00:00:00.000,1900-01-01 00:00:00.000,1900-01-01 00:00:00.000,1900-01-01 00:00:00.000,Y,2488
*,"12230","Diagnose, test and repair electronic automobile fuel injection systems",,16,1900-01-01 00:00:00.000,1900-01-01 00:00:00.000,1900-01-01 00:00:00.000,1900-01-01 00:00:00.000,Y,2489
*,"12229",Fit and wire up auxiliary auto-electrical equipment,,12,1900-01-01 00:00:00.000,1900-01-01 00:00:00.000,1900-01-01 00:00:00.000,1900-01-01 00:00:00.000,Y,2490
*,"12228",Service and repair electronic automobile ignition systems,,12,1900-01-01 00:00:00.000,1900-01-01 00:00:00.000,1900-01-01 00:00:00.000,1900-01-01 00:00:00.000,Y,2491
*,"12227",Trace and repair faults on advanced auto electrical circuits,,16,1900-01-01 00:00:00.000,1900-01-01 00:00:00.000,1900-01-01 00:00:00.000,1900-01-01 00:00:00.000,Y,2492
*,"12429",Develop a personal financial plan,,2,1900-01-01 00:00:00.000,1900-01-01 00:00:00.000,1900-01-01 00:00:00.000,1900-01-01 00:00:00.000,Y,2493
*,"13254",Contribute to the implementation and maintenance of business processes,,10,1900-01-01 00:00:00.000,1900-01-01 00:00:00.000,1900-01-01 00:00:00.000,1900-01-01 00:00:00.000,Y,2494
*,"9505",Manage basic business and personal finance,,6,1900-01-01 00:00:00.000,1900-01-01 00:00:00.000,1900-01-01 00:00:00.000,1900-01-01 00:00:00.000,Y,2495
*,"9506",Communicate in an assertive manner with clients and fellow workers,,4,1900-01-01 00:00:00.000,1900-01-01 00:00:00.000,1900-01-01 00:00:00.000,1900-01-01 00:00:00.000,Y,2496
*,"9502",Write a technical report,,4,1900-01-01 00:00:00.000,1900-01-01 00:00:00.000,1900-01-01 00:00:00.000,1900-01-01 00:00:00.000,Y,2497
*,MnH-Wed171,Shut down a winding plant,,2,1900-01-01 00:00:00.000,1900-01-01 00:00:00.000,1900-01-01 00:00:00.000,1900-01-01 00:00:00.000,Y,2498
*,MnH-Ons104,Load long material into a shaft conveyance,,3,1900-01-01 00:00:00.000,1900-01-01 00:00:00.000,1900-01-01 00:00:00.000,1900-01-01 00:00:00.000,Y,2499
*,"13276",Maintain pumps,,24,1900-01-01 00:00:00.000,1900-01-01 00:00:00.000,1900-01-01 00:00:00.000,1900-01-01 00:00:00.000,Y,2500
*,"34-DM(d)",Hydraulic maintainance on road grader,,0,2008-11-28 17:10:04.000,2011-11-28 17:10:04.000,2008-11-28 17:10:04.000,1900-01-01 00:00:00.000,Y,2501
*,"34-DM(c)",Hydraulic maintainance on rear dump truck,,0,2008-11-28 17:10:04.000,2011-11-28 17:10:04.000,2008-11-28 17:10:04.000,1900-01-01 00:00:00.000,Y,2502
*,"34-DM(b)",Hydraulic maintainance on fork-lift,,0,2008-11-28 17:10:04.000,2011-11-28 17:10:04.000,2008-11-28 17:10:04.000,1900-01-01 00:00:00.000,Y,2503
*,"34-DM(a)",Hydraulic maintainance on front end-loader,,0,2008-11-28 17:10:04.000,2011-11-28 17:10:04.000,2008-11-28 17:10:04.000,1900-01-01 00:00:00.000,Y,2504
*,FIB,THE  FIELDBUS  COMMUNICATION  PROTOCOL,,0,2008-11-28 17:10:04.000,2011-11-28 17:10:04.000,2008-11-28 17:10:04.000,1900-01-01 00:00:00.000,Y,2505
*,PRF,INTRODUCTION  TO  PROFIBUS  COMMUNICATION,,0,2008-11-28 17:10:04.000,2011-11-28 17:10:04.000,2008-11-28 17:10:04.000,1900-01-01 00:00:00.000,Y,2506
*,NET-13,"BUILD, CONFIGURE  AND  TEST  A  NETWORK",,0,2008-11-28 17:10:04.000,2011-11-28 17:10:04.000,2008-11-28 17:10:04.000,1900-01-01 00:00:00.000,Y,2507
*,NET-12,MANUFACTURE  NETWORK  CABLES,,0,2008-11-28 17:10:04.000,2011-11-28 17:10:04.000,2008-11-28 17:10:04.000,1900-01-01 00:00:00.000,Y,2508
*,NET-11,ADD  A  COMPUTER  TO  THE  NETWORK,,0,2008-11-28 17:10:04.000,2011-11-28 17:10:04.000,2008-11-28 17:10:04.000,1900-01-01 00:00:00.000,Y,2509
*,NET-10,NETWORK  TROUBLESHOOTING,,0,2008-11-28 17:10:04.000,2011-11-28 17:10:04.000,2008-11-28 17:10:04.000,1900-01-01 00:00:00.000,Y,2510
*,NET-9,DIFFERENT  SERVER  FUNCTIONS,,0,2008-11-28 17:10:04.000,2011-11-28 17:10:04.000,2008-11-28 17:10:04.000,1900-01-01 00:00:00.000,Y,2511
*,NET-8,WORKGROUP  AND  DOMAIN  NETWORK  MODELS,,0,2008-11-28 17:10:04.000,2011-11-28 17:10:04.000,2008-11-28 17:10:04.000,1900-01-01 00:00:00.000,Y,2512
*,NET-7,TCP/IP  PROTOCOL  AND  IP  ADDRESSING,,0,2008-11-28 17:10:04.000,2011-11-28 17:10:04.000,2008-11-28 17:10:04.000,1900-01-01 00:00:00.000,Y,2513
*,NET-6,SPECIALISED  NETWORK  EQUIPMENT,,0,2008-11-28 17:10:04.000,2011-11-28 17:10:04.000,2008-11-28 17:10:04.000,1900-01-01 00:00:00.000,Y,2514
*,NET-5,NETWORK  PROTOCOLS,,0,2008-11-28 17:10:04.000,2011-11-28 17:10:04.000,2008-11-28 17:10:04.000,1900-01-01 00:00:00.000,Y,2515
*,NET-4,MEDIA  ACCESS  METHODS,,0,2008-11-28 17:10:04.000,2011-11-28 17:10:04.000,2008-11-28 17:10:04.000,1900-01-01 00:00:00.000,Y,2516
*,NET-3,NETWORK  MEDIA  TYPES,,0,2008-11-28 17:10:04.000,2011-11-28 17:10:04.000,2008-11-28 17:10:04.000,1900-01-01 00:00:00.000,Y,2517
*,RD,RESET  AND  DERIVATIVE  CONTROL,,0,2008-11-28 17:10:04.000,2011-11-28 17:10:04.000,2008-11-28 17:10:04.000,1900-01-01 00:00:00.000,Y,2518
*,NET-2,NETWORK  TOPOLOGIES,,0,2008-11-28 17:10:04.000,2011-11-28 17:10:04.000,2008-11-28 17:10:04.000,1900-01-01 00:00:00.000,Y,2519
*,IBI,INTERACTION  BETWEEN  INSTRUMENTS  IN  A  CONTROL  LOOP,,0,2008-11-28 17:10:04.000,2011-11-28 17:10:04.000,2008-11-28 17:10:04.000,1900-01-01 00:00:00.000,Y,2520
*,MASS,DENSITY  AND  MASS  MEASUREMENT,,0,2008-11-28 17:10:04.000,2011-11-28 17:10:04.000,2008-11-28 17:10:04.000,1900-01-01 00:00:00.000,Y,2521
*,IP,CURRENT  TO  PRESSURE  CONVERTER,,0,2008-11-28 17:10:04.000,2011-11-28 17:10:04.000,2008-11-28 17:10:04.000,1900-01-01 00:00:00.000,Y,2522
*,DPE,DIFFERENTIAL  PRESSURE  MEASUREMENT  ELECTRONIC  METHODS,,0,2008-11-28 17:10:04.000,2011-11-28 17:10:04.000,2008-11-28 17:10:04.000,1900-01-01 00:00:00.000,Y,2523
*,RFL,"AIR  REGULATORS,  FILTERS  AND  LUBRICATORS",,0,2008-11-28 17:10:04.000,2011-11-28 17:10:04.000,2008-11-28 17:10:04.000,1900-01-01 00:00:00.000,Y,2524
*,PMM,Preassure Measurement using MANOMETERS,,0,2008-11-28 17:10:04.000,2011-11-28 17:10:04.000,2008-11-28 17:10:04.000,1900-01-01 00:00:00.000,Y,2525
*,PMD,Pressure Measurement using a Dead,,0,2008-11-28 17:10:04.000,2011-11-28 17:10:04.000,2008-11-28 17:10:04.000,1900-01-01 00:00:00.000,Y,2526
*,PPS,Process Pressure Sensors,,0,2008-11-28 17:10:04.000,2011-11-28 17:10:04.000,2008-11-28 17:10:04.000,1900-01-01 00:00:00.000,Y,2527
*,FE,Flow Mearsurement Electrical,,0,2008-11-28 17:10:04.000,2011-11-28 17:10:04.000,2008-11-28 17:10:04.000,1900-01-01 00:00:00.000,Y,2528
*,IPC,Introduction to Process Control,,0,2008-11-28 17:10:04.000,2011-11-28 17:10:04.000,2008-11-28 17:10:04.000,1900-01-01 00:00:00.000,Y,2529
*,UDM,Use Digital Multimeter,,0,2008-11-28 17:10:04.000,2011-11-28 17:10:04.000,2008-11-28 17:10:04.000,1900-01-01 00:00:00.000,Y,2530
*,NET 1,INTRODUCTION TO NETWORKS,,0,2008-11-28 17:10:04.000,2011-11-28 17:10:04.000,2008-11-28 17:10:04.000,1900-01-01 00:00:00.000,Y,2531
*,VS        ,Maintain vibrating screens,,0,2008-11-28 17:10:04.000,2011-11-28 17:10:04.000,2008-11-28 17:10:04.000,1900-01-01 00:00:00.000,Y,2532
*,VCP       ,Inspect coal dust vacuum cleaner pumps,,0,2008-11-28 17:10:04.000,2011-11-28 17:10:04.000,2008-11-28 17:10:04.000,1900-01-01 00:00:00.000,Y,2533
*,UHB       ,Use a huck-bolt machine,,0,2008-11-28 17:10:04.000,2011-11-28 17:10:04.000,2008-11-28 17:10:04.000,1900-01-01 00:00:00.000,Y,2534
*,TS-MW     ,Test and connect starters,,0,2008-11-28 17:10:04.000,2011-11-28 17:10:04.000,2008-11-28 17:10:04.000,1900-01-01 00:00:00.000,Y,2535
*,TDC       ,Test and connect DC motors,,0,2008-11-28 17:10:04.000,2011-11-28 17:10:04.000,2008-11-28 17:10:04.000,1900-01-01 00:00:00.000,Y,2536
*,TC-MW     ,Maintain variable speed drives,,0,2008-11-28 17:10:04.000,2011-11-28 17:10:04.000,2008-11-28 17:10:04.000,1900-01-01 00:00:00.000,Y,2537
*,TAC       ,Tune and maintain a carburettor,,0,2008-11-28 17:10:04.000,2011-11-28 17:10:04.000,2008-11-28 17:10:04.000,1900-01-01 00:00:00.000,Y,2538
*,SW-R      ,Assist with removing and replacing headgear sheave,,0,2008-11-28 17:10:04.000,2011-11-28 17:10:04.000,2008-11-28 17:10:04.000,1900-01-01 00:00:00.000,Y,2539
*,SW        ,"Remove, repair and replace sheave wheel block on r",,0,2008-11-28 17:10:04.000,2011-11-28 17:10:04.000,2008-11-28 17:10:04.000,1900-01-01 00:00:00.000,Y,2540
*,STD       ,Set tension and align chain drives,,0,2008-11-28 17:10:04.000,2011-11-28 17:10:04.000,2008-11-28 17:10:04.000,1900-01-01 00:00:00.000,Y,2541
*,SSW-R     ,Splice steel wire rope using the Liverpool method,,0,2008-11-28 17:10:04.000,2011-11-28 17:10:04.000,2008-11-28 17:10:04.000,1900-01-01 00:00:00.000,Y,2542
*,spt-dm,Service an engine with a PT fuel system,,1,2008-11-28 00:00:00.000,2011-11-28 00:00:00.000,2008-11-28 00:00:00.000,1900-01-01 00:00:00.000,Y,2543
*,SPM       ,Test and connect single phase motors,,0,2008-11-28 17:10:04.000,2011-11-28 17:10:04.000,2008-11-28 17:10:04.000,1900-01-01 00:00:00.000,Y,2544
*,SOM       ,Splice a soft eye in a manila rope,,0,2008-11-28 17:10:04.000,2011-11-28 17:10:04.000,2008-11-28 17:10:04.000,1900-01-01 00:00:00.000,Y,2545
*,SNA       ,Make an admiralty splice in non-spin rope,,0,2008-11-28 17:10:04.000,2011-11-28 17:10:04.000,2008-11-28 17:10:04.000,1900-01-01 00:00:00.000,Y,2546
*,smr a,Splice a soft eye manila rope,,1,2008-11-28 00:00:00.000,2011-11-28 00:00:00.000,2008-11-28 00:00:00.000,1900-01-01 00:00:00.000,Y,2547
*,RRW      ,Remove and replace a water pump,,1,2008-11-28 00:00:00.000,2011-11-28 00:00:00.000,2008-11-28 00:00:00.000,1900-01-01 00:00:00.000,Y,2548
*,RRB-R ,Reeve a rope onto rope blocks,,0,2008-11-28 00:00:00.000,2011-11-28 00:00:00.000,2008-11-28 00:00:00.000,1900-01-01 00:00:00.000,Y,2549
*,RP        ,Assist with repairing blowers,,0,2008-11-28 17:10:04.000,2011-11-28 17:10:04.000,2008-11-28 17:10:04.000,1900-01-01 00:00:00.000,Y,2550
*,ROS,Remove and replace an orbitrol steering valve,,1,2008-11-28 00:00:00.000,2011-11-28 00:00:00.000,2008-11-28 00:00:00.000,1900-01-01 00:00:00.000,Y,2551
*,ROR       ,Run out a rope from a drum,,0,2008-11-28 17:10:04.000,2011-11-28 17:10:04.000,2008-11-28 17:10:04.000,1900-01-01 00:00:00.000,Y,2552
*,RDC       ,Inspect roller conveyor,,0,2008-11-28 17:10:04.000,2011-11-28 17:10:04.000,2008-11-28 17:10:04.000,1900-01-01 00:00:00.000,Y,2553
*,RA-E-2    ,Repair auto-electrical systems,,0,2008-11-28 17:10:04.000,2011-11-28 17:10:04.000,2008-11-28 17:10:04.000,1900-01-01 00:00:00.000,Y,2554
*,PT        ,Tune-up on a pressure timed (PT) fuel system,,0,2008-11-28 17:10:04.000,2011-11-28 17:10:04.000,2008-11-28 17:10:04.000,1900-01-01 00:00:00.000,Y,2555
*,PSS       ,Repair a power assisted steering system,,0,2008-11-28 17:10:04.000,2011-11-28 17:10:04.000,2008-11-28 17:10:04.000,1900-01-01 00:00:00.000,Y,2556
*,PN-0      ,Read Pneumatic circuit diagrams,,0,2008-11-28 17:10:04.000,2011-11-28 17:10:04.000,2008-11-28 17:10:04.000,1900-01-01 00:00:00.000,Y,2557
*,PLU-9A    ,Braze a conduit pipe set bend,,0,2008-11-28 17:10:04.000,2011-11-28 17:10:04.000,2008-11-28 17:10:04.000,1900-01-01 00:00:00.000,Y,2558
*,PLU-9     ,Braze a conduit pipe set bend,,0,2008-11-28 17:10:04.000,2011-11-28 17:10:04.000,2008-11-28 17:10:04.000,1900-01-01 00:00:00.000,Y,2559
*,PLU-8     ,Prepare and tin material surfaces and soft-and sil,,0,2008-11-28 17:10:04.000,2011-11-28 17:10:04.000,2008-11-28 17:10:04.000,1900-01-01 00:00:00.000,Y,2560
*,PLU-7A    ,Take on-site measurements and draw up a material o,,0,2008-11-28 17:10:04.000,2011-11-28 17:10:04.000,2008-11-28 17:10:04.000,1900-01-01 00:00:00.000,Y,2561
*,PLU-7     ,Take on-site measurements and draw up a material o,,0,2008-11-28 17:10:04.000,2011-11-28 17:10:04.000,2008-11-28 17:10:04.000,1900-01-01 00:00:00.000,Y,2562
*,PLU-6A    ,"Erect, use and dismantle scaffolding and check and",,0,2008-11-28 17:10:04.000,2011-11-28 17:10:04.000,2008-11-28 17:10:04.000,1900-01-01 00:00:00.000,Y,2563
*,PLU-6     ,"Erect, use and dismantle scaffolding and check and",,0,2008-11-28 17:10:04.000,2011-11-28 17:10:04.000,2008-11-28 17:10:04.000,1900-01-01 00:00:00.000,Y,2564
*,PLU-5A    ,Identify different materials used in the plumbing ,,0,2008-11-28 17:10:04.000,2011-11-28 17:10:04.000,2008-11-28 17:10:04.000,1900-01-01 00:00:00.000,Y,2565
*,PLU-5     ,Identify different materials used in the plumbing ,,0,2008-11-28 17:10:04.000,2011-11-28 17:10:04.000,2008-11-28 17:10:04.000,1900-01-01 00:00:00.000,Y,2566
*,PLU-42A   ,Install and maintain a stormwater drainage system,,0,2008-11-28 17:10:04.000,2011-11-28 17:10:04.000,2008-11-28 17:10:04.000,1900-01-01 00:00:00.000,Y,2567
*,PLU-42    ,Install and maintain a stormwater drainage system,,0,2008-11-28 17:10:04.000,2011-11-28 17:10:04.000,2008-11-28 17:10:04.000,1900-01-01 00:00:00.000,Y,2568
*,PLU-41    ,"Determine the sewer line levels, excavate & shore ",,0,2008-11-28 17:10:04.000,2011-11-28 17:10:04.000,2008-11-28 17:10:04.000,1900-01-01 00:00:00.000,Y,2569
*,PLU-40A   ,Install and maintain a syphonage system with the s,,0,2008-11-28 17:10:04.000,2011-11-28 17:10:04.000,2008-11-28 17:10:04.000,1900-01-01 00:00:00.000,Y,2570
*,PLU-40    ,Install and maintain a syphonage system with the s,,0,2008-11-28 17:10:04.000,2011-11-28 17:10:04.000,2008-11-28 17:10:04.000,1900-01-01 00:00:00.000,Y,2571
*,PLU-4     ,Operate and care of petrol engine driven generator,,0,2008-11-28 17:10:04.000,2011-11-28 17:10:04.000,2008-11-28 17:10:04.000,1900-01-01 00:00:00.000,Y,2572
*,PLU-39A   ,Install and maintain a urinal complete with trap c,,0,2008-11-28 17:10:04.000,2011-11-28 17:10:04.000,2008-11-28 17:10:04.000,1900-01-01 00:00:00.000,Y,2573
*,PLU-39    ,Install and maintain a urinal complete with trap c,,0,2008-11-28 17:10:04.000,2011-11-28 17:10:04.000,2008-11-28 17:10:04.000,1900-01-01 00:00:00.000,Y,2574
*,PLU-38A   ,Install and maintain a cistern and WC complete wit,,0,2008-11-28 17:10:04.000,2011-11-28 17:10:04.000,2008-11-28 17:10:04.000,1900-01-01 00:00:00.000,Y,2575
*,PLU-38    ,Install and maintain a cistern and WC complete wit,,0,2008-11-28 17:10:04.000,2011-11-28 17:10:04.000,2008-11-28 17:10:04.000,1900-01-01 00:00:00.000,Y,2576
*,PLU-37A   ,Install and maintain a shower complete with hot an,,0,2008-11-28 17:10:04.000,2011-11-28 17:10:04.000,2008-11-28 17:10:04.000,1900-01-01 00:00:00.000,Y,2577
*,PLU-37    ,Install and maintain a shower complete with hot an,,0,2008-11-28 17:10:04.000,2011-11-28 17:10:04.000,2008-11-28 17:10:04.000,1900-01-01 00:00:00.000,Y,2578
*,PLU-36A   ,Install and maintain a bidet complete with hot and,,0,2008-11-28 17:10:04.000,2011-11-28 17:10:04.000,2008-11-28 17:10:04.000,1900-01-01 00:00:00.000,Y,2579
*,PLU-36    ,Install and maintain a bidet complete with hot and,,0,2008-11-28 17:10:04.000,2011-11-28 17:10:04.000,2008-11-28 17:10:04.000,1900-01-01 00:00:00.000,Y,2580
*,PLU-35A   ,Install and maintain a bath complete with water su,,0,2008-11-28 17:10:04.000,2011-11-28 17:10:04.000,2008-11-28 17:10:04.000,1900-01-01 00:00:00.000,Y,2581
*,PLU-35    ,Install and maintain a bath complete with water su,,0,2008-11-28 17:10:04.000,2011-11-28 17:10:04.000,2008-11-28 17:10:04.000,1900-01-01 00:00:00.000,Y,2582
*,PLU-34A   ,Install and maintain a wash basin complete with wa,,0,2008-11-28 17:10:04.000,2011-11-28 17:10:04.000,2008-11-28 17:10:04.000,1900-01-01 00:00:00.000,Y,2583
*,PLU-34    ,Install and maintain a wash basin complete with wa,,0,2008-11-28 17:10:04.000,2011-11-28 17:10:04.000,2008-11-28 17:10:04.000,1900-01-01 00:00:00.000,Y,2584
*,PLU-33A   ,Install and maintain a sink unit complete with wat,,0,2008-11-28 17:10:04.000,2011-11-28 17:10:04.000,2008-11-28 17:10:04.000,1900-01-01 00:00:00.000,Y,2585
*,PLU-33    ,Install and maintain a sink unit complete with wat,,0,2008-11-28 17:10:04.000,2011-11-28 17:10:04.000,2008-11-28 17:10:04.000,1900-01-01 00:00:00.000,Y,2586
*,PLU-32A   ,"Fit, maintain and repair cocks and valves",,0,2008-11-28 17:10:04.000,2011-11-28 17:10:04.000,2008-11-28 17:10:04.000,1900-01-01 00:00:00.000,Y,2587
*,PLU-32    ,"Fit, maintain and repair cocks and valves",,0,2008-11-28 17:10:04.000,2011-11-28 17:10:04.000,2008-11-28 17:10:04.000,1900-01-01 00:00:00.000,Y,2588
*,PLU-31A   ,"Install and maintain a boiler, cylinder, supply ta",,0,2008-11-28 17:10:04.000,2011-11-28 17:10:04.000,2008-11-28 17:10:04.000,1900-01-01 00:00:00.000,Y,2589
*,PLU-31    ,"Install and maintain a boiler, cylinder, supply ta",,0,2008-11-28 17:10:04.000,2011-11-28 17:10:04.000,2008-11-28 17:10:04.000,1900-01-01 00:00:00.000,Y,2590
*,PLU-30A   ,"Install, connect and maintain a solar heating syst",,0,2008-11-28 17:10:04.000,2011-11-28 17:10:04.000,2008-11-28 17:10:04.000,1900-01-01 00:00:00.000,Y,2591
*,PLU-30    ,"Install, connect and maintain a solar heating syst",,0,2008-11-28 17:10:04.000,2011-11-28 17:10:04.000,2008-11-28 17:10:04.000,1900-01-01 00:00:00.000,Y,2592
*,PLU-3     ,"Operate & care of bending brakes, jennies, common ",,0,2008-11-28 17:10:04.000,2011-11-28 17:10:04.000,2008-11-28 17:10:04.000,1900-01-01 00:00:00.000,Y,2593
*,PLU-29A   ,"Install, connect and maintain a high pressure geys",,0,2008-11-28 17:10:04.000,2011-11-28 17:10:04.000,2008-11-28 17:10:04.000,1900-01-01 00:00:00.000,Y,2594
*,PLU-29    ,"Install, connect and maintain a high pressure geys",,0,2008-11-28 17:10:04.000,2011-11-28 17:10:04.000,2008-11-28 17:10:04.000,1900-01-01 00:00:00.000,Y,2595
*,PLU-28A   ,"Install, connect and maintain a combination geyser",,0,2008-11-28 17:10:04.000,2011-11-28 17:10:04.000,2008-11-28 17:10:04.000,1900-01-01 00:00:00.000,Y,2596
*,PLU-28    ,"Install, connect and maintain a combination geyser",,0,2008-11-28 17:10:04.000,2011-11-28 17:10:04.000,2008-11-28 17:10:04.000,1900-01-01 00:00:00.000,Y,2597
*,PLU-27A   ,Install and maintain a push-through type geyser,,0,2008-11-28 17:10:04.000,2011-11-28 17:10:04.000,2008-11-28 17:10:04.000,1900-01-01 00:00:00.000,Y,2598
*,PLU-27    ,Install and maintain a push-through type geyser,,0,2008-11-28 17:10:04.000,2011-11-28 17:10:04.000,2008-11-28 17:10:04.000,1900-01-01 00:00:00.000,Y,2599
*,PLU-26A   ,Lag an outside pipe system,,0,2008-11-28 17:10:04.000,2011-11-28 17:10:04.000,2008-11-28 17:10:04.000,1900-01-01 00:00:00.000,Y,2600
*,PLU-26    ,Lag an outside pipe system,,0,2008-11-28 17:10:04.000,2011-11-28 17:10:04.000,2008-11-28 17:10:04.000,1900-01-01 00:00:00.000,Y,2601
*,PLU-25A   ,"Install, pressure test and maintain pressure and n",,0,2008-11-28 17:10:04.000,2011-11-28 17:10:04.000,2008-11-28 17:10:04.000,1900-01-01 00:00:00.000,Y,2602
*,PLU-25    ,"Install, pressure test and maintain pressure and n",,0,2008-11-28 17:10:04.000,2011-11-28 17:10:04.000,2008-11-28 17:10:04.000,1900-01-01 00:00:00.000,Y,2603
*,PLU-24A   ,"Join galvanised, copper and plastic pipes to form ",,0,2008-11-28 17:10:04.000,2011-11-28 17:10:04.000,2008-11-28 17:10:04.000,1900-01-01 00:00:00.000,Y,2604
*,PLU-24    ,"Join galvanised, copper and plastic pipes to form ",,0,2008-11-28 17:10:04.000,2011-11-28 17:10:04.000,2008-11-28 17:10:04.000,1900-01-01 00:00:00.000,Y,2605
*,PLU-23A   ,"Cut, bend and assemble a copper pipe system",,0,2008-11-28 17:10:04.000,2011-11-28 17:10:04.000,2008-11-28 17:10:04.000,1900-01-01 00:00:00.000,Y,2606
*,PLU-23    ,"Cut, bend and assemble a copper pipe system",,0,2008-11-28 17:10:04.000,2011-11-28 17:10:04.000,2008-11-28 17:10:04.000,1900-01-01 00:00:00.000,Y,2607
*,PLU-22A   ,"Cut, thread and assemble a galvanised pipe system",,0,2008-11-28 17:10:04.000,2011-11-28 17:10:04.000,2008-11-28 17:10:04.000,1900-01-01 00:00:00.000,Y,2608
*,PLU-22    ,"Cut, thread and assemble a galvanised pipe system",,0,2008-11-28 17:10:04.000,2011-11-28 17:10:04.000,2008-11-28 17:10:04.000,1900-01-01 00:00:00.000,Y,2609
*,PLU-21    ,"Measure, cut, assemble and fit square fibre cement",,0,2008-11-28 17:10:04.000,2011-11-28 17:10:04.000,2008-11-28 17:10:04.000,1900-01-01 00:00:00.000,Y,2610
*,PLU-20    ,"Measure, cut, assemble and fit half round plastic ",,0,2008-11-28 17:10:04.000,2011-11-28 17:10:04.000,2008-11-28 17:10:04.000,1900-01-01 00:00:00.000,Y,2611
*,PLU-2     ,"Use & care for hand tools, portable power and expl",,0,2008-11-28 17:10:04.000,2011-11-28 17:10:04.000,2008-11-28 17:10:04.000,1900-01-01 00:00:00.000,Y,2612
*,PLU-1A    ,Read and interpret plumbing drawings,,0,2008-11-28 17:10:04.000,2011-11-28 17:10:04.000,2008-11-28 17:10:04.000,1900-01-01 00:00:00.000,Y,2613
*,PLU-19A   ,"Measure, cut, assemble and fit square metal gutter",,0,2008-11-28 17:10:04.000,2011-11-28 17:10:04.000,2008-11-28 17:10:04.000,1900-01-01 00:00:00.000,Y,2614
*,PLU-19    ,"Measure, cut, assemble and fit square metal gutter",,0,2008-11-28 17:10:04.000,2011-11-28 17:10:04.000,2008-11-28 17:10:04.000,1900-01-01 00:00:00.000,Y,2615
*,PLU-18A   ,Fabricate and fit under and cover metal flashings ,,0,2008-11-28 17:10:04.000,2011-11-28 17:10:04.000,2008-11-28 17:10:04.000,1900-01-01 00:00:00.000,Y,2616
*,PLU-18    ,Fabricate and fit under and cover metal flashings ,,0,2008-11-28 17:10:04.000,2011-11-28 17:10:04.000,2008-11-28 17:10:04.000,1900-01-01 00:00:00.000,Y,2617
*,PLU-17A   ,Develop and fabricate a sheet metal square to roun,,0,2008-11-28 17:10:04.000,2011-11-28 17:10:04.000,2008-11-28 17:10:04.000,1900-01-01 00:00:00.000,Y,2618
*,PLU-17    ,Develop and fabricate a sheet metal square to roun,,0,2008-11-28 17:10:04.000,2011-11-28 17:10:04.000,2008-11-28 17:10:04.000,1900-01-01 00:00:00.000,Y,2619
*,PLU-16A   ,"Mark out, drill and rivet two flat pieces of sheet",,0,2008-11-28 17:10:04.000,2011-11-28 17:10:04.000,2008-11-28 17:10:04.000,1900-01-01 00:00:00.000,Y,2620
*,PLU-16    ,"Mark out, drill and rivet two flat pieces of sheet",,0,2008-11-28 17:10:04.000,2011-11-28 17:10:04.000,2008-11-28 17:10:04.000,1900-01-01 00:00:00.000,Y,2621
*,PLU-15A   ,"Mark out, cut and fold sheet metal",,0,2008-11-28 17:10:04.000,2011-11-28 17:10:04.000,2008-11-28 17:10:04.000,1900-01-01 00:00:00.000,Y,2622
*,PLU-15    ,"Mark out, cut and fold sheet metal",,0,2008-11-28 17:10:04.000,2011-11-28 17:10:04.000,2008-11-28 17:10:04.000,1900-01-01 00:00:00.000,Y,2623
*,PLU-14A   ,Use triangulation and develop a square to square c,,0,2008-11-28 17:10:04.000,2011-11-28 17:10:04.000,2008-11-28 17:10:04.000,1900-01-01 00:00:00.000,Y,2624
*,PLU-14    ,Use triangulation and develop a square to square c,,0,2008-11-28 17:10:04.000,2011-11-28 17:10:04.000,2008-11-28 17:10:04.000,1900-01-01 00:00:00.000,Y,2625
*,PLU-13    ,Use the radial line method to develop a cone,,0,2008-11-28 17:10:04.000,2011-11-28 17:10:04.000,2008-11-28 17:10:04.000,1900-01-01 00:00:00.000,Y,2626
*,PLU-12A   ,Develop the pattern for one pipe of a bend using t,,0,2008-11-28 17:10:04.000,2011-11-28 17:10:04.000,2008-11-28 17:10:04.000,1900-01-01 00:00:00.000,Y,2627
*,PLU-12    ,Develop the pattern for one pipe of a bend using t,,0,2008-11-28 17:10:04.000,2011-11-28 17:10:04.000,2008-11-28 17:10:04.000,1900-01-01 00:00:00.000,Y,2628
*,PLU-11    ,Arc weld a butt-joint in mild steel plates,,0,2008-11-28 17:10:04.000,2011-11-28 17:10:04.000,2008-11-28 17:10:04.000,1900-01-01 00:00:00.000,Y,2629
*,PLU-10A   ,Gas weld sheet metal,,0,2008-11-28 17:10:04.000,2011-11-28 17:10:04.000,2008-11-28 17:10:04.000,1900-01-01 00:00:00.000,Y,2630
*,PLU-10    ,Gas weld sheet metal,,0,2008-11-28 17:10:04.000,2011-11-28 17:10:04.000,2008-11-28 17:10:04.000,1900-01-01 00:00:00.000,Y,2631
*,PLU-1     ,Read and interpret plumbing drawings,,0,2008-11-28 17:10:04.000,2011-11-28 17:10:04.000,2008-11-28 17:10:04.000,1900-01-01 00:00:00.000,Y,2632
*,PLC       ,Fault find using a PLC system,,0,2008-11-28 17:10:04.000,2011-11-28 17:10:04.000,2008-11-28 17:10:04.000,1900-01-01 00:00:00.000,Y,2633
*,PER       ,Prepare vehicles for repair,,0,2008-11-28 17:10:04.000,2011-11-28 17:10:04.000,2008-11-28 17:10:04.000,1900-01-01 00:00:00.000,Y,2634
*,HYD-12,Maintain fuel systems,,0,2008-11-28 17:10:04.000,2011-11-28 17:10:04.000,2008-11-28 17:10:04.000,1900-01-01 00:00:00.000,Y,2635
*,OPT-DM    ,Overhaul an injector of a PT fuel system,,0,2008-11-28 17:10:04.000,2011-11-28 17:10:04.000,2008-11-28 17:10:04.000,1900-01-01 00:00:00.000,Y,2636
*,OOS       ,Overhaul an orbital steering unit,,0,2008-11-28 17:10:04.000,2011-11-28 17:10:04.000,2008-11-28 17:10:04.000,1900-01-01 00:00:00.000,Y,2637
*,OIL,Overhaul an injector of an in-line fuel system,,0,2008-11-28 00:00:00.000,2011-11-28 00:00:00.000,2008-11-28 00:00:00.000,1900-01-01 00:00:00.000,Y,2638
*,OF        ,Overhaul and maintain a fuel injection system,,0,2008-11-28 17:10:04.000,2011-11-28 17:10:04.000,2008-11-28 17:10:04.000,1900-01-01 00:00:00.000,Y,2639
*,ocv,Overhaul the clutch of a vehicle,,2,2008-11-28 00:00:00.000,2011-11-28 00:00:00.000,2008-11-28 00:00:00.000,1900-01-01 00:00:00.000,Y,2640
*,OB        ,Overhaul and maintain the blower of an engine,,0,2008-11-28 17:10:04.000,2011-11-28 17:10:04.000,2008-11-28 17:10:04.000,1900-01-01 00:00:00.000,Y,2641
*,NST       ,Inspect nickel sulphate thickener,,0,2008-11-28 17:10:04.000,2011-11-28 17:10:04.000,2008-11-28 17:10:04.000,1900-01-01 00:00:00.000,Y,2642
*,MV        ,Maintain valves,,0,2008-11-28 17:10:04.000,2011-11-28 17:10:04.000,2008-11-28 17:10:04.000,1900-01-01 00:00:00.000,Y,2643
*,MSS       ,Maintain suspension systems,,0,2008-11-28 17:10:04.000,2011-11-28 17:10:04.000,2008-11-28 17:10:04.000,1900-01-01 00:00:00.000,Y,2644
*,MSG       ,Make up a steel wire grommet to a specified diamet,,0,2008-11-28 17:10:04.000,2011-11-28 17:10:04.000,2008-11-28 17:10:04.000,1900-01-01 00:00:00.000,Y,2645
*,MS        ,Maintain belt conveyor systems,,0,2008-11-28 17:10:04.000,2011-11-28 17:10:04.000,2008-11-28 17:10:04.000,1900-01-01 00:00:00.000,Y,2646
*,MR        ,Maintain reticulation systems,,0,2008-11-28 17:10:04.000,2011-11-28 17:10:04.000,2008-11-28 17:10:04.000,1900-01-01 00:00:00.000,Y,2647
*,MP-MW     ,Maintain pneumatic systems,,0,2008-11-28 17:10:04.000,2011-11-28 17:10:04.000,2008-11-28 17:10:04.000,1900-01-01 00:00:00.000,Y,2648
*,MP        ,Maintain pumps,,0,2008-11-28 17:10:04.000,2011-11-28 17:10:04.000,2008-11-28 17:10:04.000,1900-01-01 00:00:00.000,Y,2649
*,MMW       ,Assist in the maintenance of main winders,,0,2008-11-28 17:10:04.000,2011-11-28 17:10:04.000,2008-11-28 17:10:04.000,1900-01-01 00:00:00.000,Y,2650
*,MMS       ,Inspect finishing mill and morgan mill stands 1 -,,0,2008-11-28 17:10:04.000,2011-11-28 17:10:04.000,2008-11-28 17:10:04.000,1900-01-01 00:00:00.000,Y,2651
*,MM-MW     ,Maintain mills,,0,2008-11-28 17:10:04.000,2011-11-28 17:10:04.000,2008-11-28 17:10:04.000,1900-01-01 00:00:00.000,Y,2652
*,ML-MW     ,Maintain locomotives,,0,2008-11-28 17:10:04.000,2011-11-28 17:10:04.000,2008-11-28 17:10:04.000,1900-01-01 00:00:00.000,Y,2653
*,MIG-MM    ,Maintain instruments and guages,,0,2008-11-28 17:10:04.000,2011-11-28 17:10:04.000,2008-11-28 17:10:04.000,1900-01-01 00:00:00.000,Y,2654
*,MIB       ,Assist in the maintenance and inspection of boiler,,0,2008-11-28 17:10:04.000,2011-11-28 17:10:04.000,2008-11-28 17:10:04.000,1900-01-01 00:00:00.000,Y,2655
*,MH-MW     ,Maintain hydraulic systems,,0,2008-11-28 17:10:04.000,2011-11-28 17:10:04.000,2008-11-28 17:10:04.000,1900-01-01 00:00:00.000,Y,2656
*,MGR       ,Maintain grids,,0,2008-11-28 17:10:04.000,2011-11-28 17:10:04.000,2008-11-28 17:10:04.000,1900-01-01 00:00:00.000,Y,2657
*,MG-MW     ,Maintain gearboxes,,0,2008-11-28 17:10:04.000,2011-11-28 17:10:04.000,2008-11-28 17:10:04.000,1900-01-01 00:00:00.000,Y,2658
*,ME        ,Maintain exhaust systems,,0,2008-11-28 17:10:04.000,2011-11-28 17:10:04.000,2008-11-28 17:10:04.000,1900-01-01 00:00:00.000,Y,2659
*,MDM-1     ,Plan a drilling workpiece,,0,2008-11-28 17:10:04.000,2011-11-28 17:10:04.000,2008-11-28 17:10:04.000,1900-01-01 00:00:00.000,Y,2660
*,MC-MW     ,Maintain compressors (including receivers),,0,2008-11-28 17:10:04.000,2011-11-28 17:10:04.000,2008-11-28 17:10:04.000,1900-01-01 00:00:00.000,Y,2661
*,MBS-DM    ,Maintain exhaust brake systems (mechanical),,0,2008-11-28 17:10:04.000,2011-11-28 17:10:04.000,2008-11-28 17:10:04.000,1900-01-01 00:00:00.000,Y,2662
*,MA        ,Maintain air actuating cylinders and service units,,0,2008-11-28 17:10:04.000,2011-11-28 17:10:04.000,2008-11-28 17:10:04.000,1900-01-01 00:00:00.000,Y,2663
*,LUB       ,Lubricate moving parts,,0,2008-11-28 17:10:04.000,2011-11-28 17:10:04.000,2008-11-28 17:10:04.000,1900-01-01 00:00:00.000,Y,2664
*,LEF       ,Assist with inspecting liberator extraction fan,,0,2008-11-28 17:10:04.000,2011-11-28 17:10:04.000,2008-11-28 17:10:04.000,1900-01-01 00:00:00.000,Y,2665
*,JTC       ,"Join, terminate and test low tension (LT) cables",,0,2008-11-28 17:10:04.000,2011-11-28 17:10:04.000,2008-11-28 17:10:04.000,1900-01-01 00:00:00.000,Y,2666
*,IVP       ,Inspect vacuum pump,,0,2008-11-28 17:10:04.000,2011-11-28 17:10:04.000,2008-11-28 17:10:04.000,1900-01-01 00:00:00.000,Y,2667
*,ISF       ,Assist with inspecting substation fan,,0,2008-11-28 17:10:04.000,2011-11-28 17:10:04.000,2008-11-28 17:10:04.000,1900-01-01 00:00:00.000,Y,2668
*,ISC       ,Inspect slat conveyor,,0,2008-11-28 17:10:04.000,2011-11-28 17:10:04.000,2008-11-28 17:10:04.000,1900-01-01 00:00:00.000,Y,2669
*,IRC       ,Inspect rod conveyor,,0,2008-11-28 17:10:04.000,2011-11-28 17:10:04.000,2008-11-28 17:10:04.000,1900-01-01 00:00:00.000,Y,2670
*,iml,Install and maintain lighting systems,,1,2008-11-28 00:00:00.000,2011-11-28 00:00:00.000,2008-11-28 00:00:00.000,1900-01-01 00:00:00.000,Y,2671
*,ISG ,Assist with installing underground gantry steelwor,,0,2008-11-28 00:00:00.000,2011-11-28 00:00:00.000,2008-11-28 00:00:00.000,1900-01-01 00:00:00.000,Y,2672
*,IEF       ,Inspect extraction fans,,0,2008-11-28 17:10:04.000,2011-11-28 17:10:04.000,2008-11-28 17:10:04.000,1900-01-01 00:00:00.000,Y,2673
*,ICP       ,Inspect coal pumps (Fuller Kenyon),,0,2008-11-28 17:10:04.000,2011-11-28 17:10:04.000,2008-11-28 17:10:04.000,1900-01-01 00:00:00.000,Y,2674
*,IAB       ,"Inspect auxiliary blower AB 2,3",,0,2008-11-28 17:10:04.000,2011-11-28 17:10:04.000,2008-11-28 17:10:04.000,1900-01-01 00:00:00.000,Y,2675
*,HYD-0     ,Read hydraulic circuit diagrams,,0,2008-11-28 17:10:04.000,2011-11-28 17:10:04.000,2008-11-28 17:10:04.000,1900-01-01 00:00:00.000,Y,2676
*,HTL-MW    ,Maintain switchgear (including contactors),,0,2008-11-28 17:10:04.000,2011-11-28 17:10:04.000,2008-11-28 17:10:04.000,1900-01-01 00:00:00.000,Y,2677
*,HRP       ,Check nickel refinery plant,,0,2008-11-28 17:10:04.000,2011-11-28 17:10:04.000,2008-11-28 17:10:04.000,1900-01-01 00:00:00.000,Y,2678
*,H-RTS,Prepare Langs Lay hoist rope test specimen,,2,2008-11-28 00:00:00.000,2011-11-28 00:00:00.000,2008-11-28 00:00:00.000,1900-01-01 00:00:00.000,Y,2679
*,H         ,On-job Phase Test H,,0,2008-11-28 17:10:04.000,2011-11-28 17:10:04.000,2008-11-28 17:10:04.000,1900-01-01 00:00:00.000,Y,2680
*,G         ,On-job Phase Test G,,0,2008-11-28 17:10:04.000,2011-11-28 17:10:04.000,2008-11-28 17:10:04.000,1900-01-01 00:00:00.000,Y,2681
*,FT-O      ,Fabricate a Tank,,0,2008-11-28 17:10:04.000,2011-11-28 17:10:04.000,2008-11-28 17:10:04.000,1900-01-01 00:00:00.000,Y,2682
*,FPH       ,Fault find and test pneumatic and hydraulic circui,,0,2008-11-28 17:10:04.000,2011-11-28 17:10:04.000,2008-11-28 17:10:04.000,1900-01-01 00:00:00.000,Y,2683
*,FMF       ,Find mechanical faults,,0,2008-11-28 17:10:04.000,2011-11-28 17:10:04.000,2008-11-28 17:10:04.000,1900-01-01 00:00:00.000,Y,2684
*,FM        ,Flow measurement,,0,2008-11-28 17:10:04.000,2011-11-28 17:10:04.000,2008-11-28 17:10:04.000,1900-01-01 00:00:00.000,Y,2685
*,FF        ,Find faults in electrical and electronic circuits,,0,2008-11-28 17:10:04.000,2011-11-28 17:10:04.000,2008-11-28 17:10:04.000,1900-01-01 00:00:00.000,Y,2686
*,FD-DM,"Assist with stripping, cleaning and inspection on a differential",,2,2008-11-28 00:00:00.000,2011-11-28 00:00:00.000,2008-11-28 00:00:00.000,1900-01-01 00:00:00.000,Y,2687
*,FAM       ,Inspect holding furnace air motor,,0,2008-11-28 17:10:04.000,2011-11-28 17:10:04.000,2008-11-28 17:10:04.000,1900-01-01 00:00:00.000,Y,2688
*,F         ,On-job Phase Test F,,0,2008-11-28 17:10:04.000,2011-11-28 17:10:04.000,2008-11-28 17:10:04.000,1900-01-01 00:00:00.000,Y,2689
*,EI        ,Maintain electronic ignition systems,,0,2008-11-28 17:10:04.000,2011-11-28 17:10:04.000,2008-11-28 17:10:04.000,1900-01-01 00:00:00.000,Y,2690
*,E         ,On-job Phase Test E,,0,2008-11-28 17:10:04.000,2011-11-28 17:10:04.000,2008-11-28 17:10:04.000,1900-01-01 00:00:00.000,Y,2691
*,DRG-2-P   ,Draw up a material list,,0,2008-11-28 17:10:04.000,2011-11-28 17:10:04.000,2008-11-28 17:10:04.000,1900-01-01 00:00:00.000,Y,2692
*,DRG-1-P   ,Read Engineering drawings,,0,2008-11-28 17:10:04.000,2011-11-28 17:10:04.000,2008-11-28 17:10:04.000,1900-01-01 00:00:00.000,Y,2693
*,DDA       ,Tune-up on a direct pump fuel system,,0,2008-11-28 17:10:04.000,2011-11-28 17:10:04.000,2008-11-28 17:10:04.000,1900-01-01 00:00:00.000,Y,2694
*,D         ,On-job Phase Test D,,0,2008-11-28 17:10:04.000,2011-11-28 17:10:04.000,2008-11-28 17:10:04.000,1900-01-01 00:00:00.000,Y,2695
*,CTF       ,Inspect cooling tower fans,,0,2008-11-28 17:10:04.000,2011-11-28 17:10:04.000,2008-11-28 17:10:04.000,1900-01-01 00:00:00.000,Y,2696
*,CTE       ,"Connect, test and earth equipment",,0,2008-11-28 17:10:04.000,2011-11-28 17:10:04.000,2008-11-28 17:10:04.000,1900-01-01 00:00:00.000,Y,2697
*,CSP-MW    ,Assist with the maintenance of main fans,,0,2008-11-28 17:10:04.000,2011-11-28 17:10:04.000,2008-11-28 17:10:04.000,1900-01-01 00:00:00.000,Y,2698
*,CS-DM     ,Test and identify faults in a charging system,,0,2008-11-28 17:10:04.000,2011-11-28 17:10:04.000,2008-11-28 17:10:04.000,1900-01-01 00:00:00.000,Y,2699
*,CRW   ,Check wire rope for wear and damage,,1,2008-11-28 00:00:00.000,2011-11-28 00:00:00.000,2008-11-28 00:00:00.000,1900-01-01 00:00:00.000,Y,2700
*,CRP       ,Assist with checking and maintaining refrigeration,,0,2008-11-28 17:10:04.000,2011-11-28 17:10:04.000,2008-11-28 17:10:04.000,1900-01-01 00:00:00.000,Y,2701
*,CRB       ,Remove and replace centre roof burner on reverb,,0,2008-11-28 17:10:04.000,2011-11-28 17:10:04.000,2008-11-28 17:10:04.000,1900-01-01 00:00:00.000,Y,2702
*,CPH       ,Clean and change faulty pH electrodes and standard,,0,2008-11-28 17:10:04.000,2011-11-28 17:10:04.000,2008-11-28 17:10:04.000,1900-01-01 00:00:00.000,Y,2703
*,CLU-DM    ,"Strip, inspect and maintain clutches",,0,2008-11-28 17:10:04.000,2011-11-28 17:10:04.000,2008-11-28 17:10:04.000,1900-01-01 00:00:00.000,Y,2704
*,CDV       ,Remove and replace coal diverter valves,,0,2008-11-28 17:10:04.000,2011-11-28 17:10:04.000,2008-11-28 17:10:04.000,1900-01-01 00:00:00.000,Y,2705
*,CD-DM     ,test and identify faults in a charging system,,0,2008-11-28 17:10:04.000,2011-11-28 17:10:04.000,2008-11-28 17:10:04.000,1900-01-01 00:00:00.000,Y,2706
*,CCT-DM    ,"Change, align and adjust caterpillar tracks",,0,2008-11-28 17:10:04.000,2011-11-28 17:10:04.000,2008-11-28 17:10:04.000,1900-01-01 00:00:00.000,Y,2707
*,CBC-F     ,Inspect crop bar conveyor,,0,2008-11-28 17:10:04.000,2011-11-28 17:10:04.000,2008-11-28 17:10:04.000,1900-01-01 00:00:00.000,Y,2708
*,CAR-9A    ,Erect steel formwork for lift shafts,,0,2008-11-28 17:10:04.000,2011-11-28 17:10:04.000,2008-11-28 17:10:04.000,1900-01-01 00:00:00.000,Y,2709
*,CAR-9     ,Erect steel formwork for lift shafts,,0,2008-11-28 17:10:04.000,2011-11-28 17:10:04.000,2008-11-28 17:10:04.000,1900-01-01 00:00:00.000,Y,2710
*,CAR-8A    ,Erect steel formwork for beams and slab,,0,2008-11-28 17:10:04.000,2011-11-28 17:10:04.000,2008-11-28 17:10:04.000,1900-01-01 00:00:00.000,Y,2711
*,CAR-8     ,Erect steel formwork for beams and slab,,0,2008-11-28 17:10:04.000,2011-11-28 17:10:04.000,2008-11-28 17:10:04.000,1900-01-01 00:00:00.000,Y,2712
*,CAR-7A    ,Erect steel formwork for walls,,0,2008-11-28 17:10:04.000,2011-11-28 17:10:04.000,2008-11-28 17:10:04.000,1900-01-01 00:00:00.000,Y,2713
*,CAR-7     ,Erect steel formwork for walls,,0,2008-11-28 17:10:04.000,2011-11-28 17:10:04.000,2008-11-28 17:10:04.000,1900-01-01 00:00:00.000,Y,2714
*,CAR-6A    ,Erect purpose made steel formwork,,0,2008-11-28 17:10:04.000,2011-11-28 17:10:04.000,2008-11-28 17:10:04.000,1900-01-01 00:00:00.000,Y,2715
*,CAR-6     ,Erect purpose made steel formwork,,0,2008-11-28 17:10:04.000,2011-11-28 17:10:04.000,2008-11-28 17:10:04.000,1900-01-01 00:00:00.000,Y,2716
*,CAR-5     ,Set out and fix reinforcing and erect steel framew,,0,2008-11-28 17:10:04.000,2011-11-28 17:10:04.000,2008-11-28 17:10:04.000,1900-01-01 00:00:00.000,Y,2717
*,CAR-4A    ,Erect and dismantle scaffolding,,0,2008-11-28 17:10:04.000,2011-11-28 17:10:04.000,2008-11-28 17:10:04.000,1900-01-01 00:00:00.000,Y,2718
*,CAR-40A   ,Assemble and fit a straight flight of stairs with ,,0,2008-11-28 17:10:04.000,2011-11-28 17:10:04.000,2008-11-28 17:10:04.000,1900-01-01 00:00:00.000,Y,2719
*,CAR-40    ,Assemble and fit a straight flight of stairs with ,,0,2008-11-28 17:10:04.000,2011-11-28 17:10:04.000,2008-11-28 17:10:04.000,1900-01-01 00:00:00.000,Y,2720
*,CAR-4     ,Erect and dismantle scaffolding,,0,2008-11-28 17:10:04.000,2011-11-28 17:10:04.000,2008-11-28 17:10:04.000,1900-01-01 00:00:00.000,Y,2721
*,CAR-39    ,Aseemble and fit a bar counter,,0,2008-11-28 17:10:04.000,2011-11-28 17:10:04.000,2008-11-28 17:10:04.000,1900-01-01 00:00:00.000,Y,2722
*,CAR-38A   ,Assemble and fit a half glass door,,0,2008-11-28 17:10:04.000,2011-11-28 17:10:04.000,2008-11-28 17:10:04.000,1900-01-01 00:00:00.000,Y,2723
*,CAR-38    ,Assemble and fit a half glass door,,0,2008-11-28 17:10:04.000,2011-11-28 17:10:04.000,2008-11-28 17:10:04.000,1900-01-01 00:00:00.000,Y,2724
*,CAR-37A   ,Assemble and fit a cupboard,,0,2008-11-28 17:10:04.000,2011-11-28 17:10:04.000,2008-11-28 17:10:04.000,1900-01-01 00:00:00.000,Y,2725
*,CAR-37    ,Assemble and fit a cupboard,,0,2008-11-28 17:10:04.000,2011-11-28 17:10:04.000,2008-11-28 17:10:04.000,1900-01-01 00:00:00.000,Y,2726
*,CAR-36    ,Assemble and fit counter-balanced sliding sash win,,0,2008-11-28 17:10:04.000,2011-11-28 17:10:04.000,2008-11-28 17:10:04.000,1900-01-01 00:00:00.000,Y,2727
*,CAR-35A   ,Assemble and fit a casement window and frame,,0,2008-11-28 17:10:04.000,2011-11-28 17:10:04.000,2008-11-28 17:10:04.000,1900-01-01 00:00:00.000,Y,2728
*,CAR-35    ,Assemble and fit a casement window and frame,,0,2008-11-28 17:10:04.000,2011-11-28 17:10:04.000,2008-11-28 17:10:04.000,1900-01-01 00:00:00.000,Y,2729
*,CAR-34A   ,Machine components for a straight flight of stairs,,0,2008-11-28 17:10:04.000,2011-11-28 17:10:04.000,2008-11-28 17:10:04.000,1900-01-01 00:00:00.000,Y,2730
*,CAR-34    ,Machine components for a straight flight of stairs,,0,2008-11-28 17:10:04.000,2011-11-28 17:10:04.000,2008-11-28 17:10:04.000,1900-01-01 00:00:00.000,Y,2731
*,CAR-33A   ,Machine components for a bar counter,,0,2008-11-28 17:10:04.000,2011-11-28 17:10:04.000,2008-11-28 17:10:04.000,1900-01-01 00:00:00.000,Y,2732
*,CAR-33    ,Machine components for a bar counter,,0,2008-11-28 17:10:04.000,2011-11-28 17:10:04.000,2008-11-28 17:10:04.000,1900-01-01 00:00:00.000,Y,2733
*,CAR-32A   ,Machine components for a half glass door,,0,2008-11-28 17:10:04.000,2011-11-28 17:10:04.000,2008-11-28 17:10:04.000,1900-01-01 00:00:00.000,Y,2734
*,CAR-32    ,Machine components for a half glass door,,0,2008-11-28 17:10:04.000,2011-11-28 17:10:04.000,2008-11-28 17:10:04.000,1900-01-01 00:00:00.000,Y,2735
*,CAR-31A   ,Machine components for a cupboard with a hinged do,,0,2008-11-28 17:10:04.000,2011-11-28 17:10:04.000,2008-11-28 17:10:04.000,1900-01-01 00:00:00.000,Y,2736
*,CAR-31    ,Machine components for a cupboard with a hinged do,,0,2008-11-28 17:10:04.000,2011-11-28 17:10:04.000,2008-11-28 17:10:04.000,1900-01-01 00:00:00.000,Y,2737
*,CAR-30A   ,Machine components for a counter balanced sliding ,,0,2008-11-28 17:10:04.000,2011-11-28 17:10:04.000,2008-11-28 17:10:04.000,1900-01-01 00:00:00.000,Y,2738
*,CAR-30    ,Machine components for a counter balanced sliding ,,0,2008-11-28 17:10:04.000,2011-11-28 17:10:04.000,2008-11-28 17:10:04.000,1900-01-01 00:00:00.000,Y,2739
*,CAR-3     ,Set out a biulding,,0,2008-11-28 17:10:04.000,2011-11-28 17:10:04.000,2008-11-28 17:10:04.000,1900-01-01 00:00:00.000,Y,2740
*,CAR-2A    ,Determine levels,,0,2008-11-28 17:10:04.000,2011-11-28 17:10:04.000,2008-11-28 17:10:04.000,1900-01-01 00:00:00.000,Y,2741
*,CAR-29A   ,Machine components for a casement window,,0,2008-11-28 17:10:04.000,2011-11-28 17:10:04.000,2008-11-28 17:10:04.000,1900-01-01 00:00:00.000,Y,2742
*,CAR-29    ,Machine components for a casement window,,0,2008-11-28 17:10:04.000,2011-11-28 17:10:04.000,2008-11-28 17:10:04.000,1900-01-01 00:00:00.000,Y,2743
*,CAR-28A   ,Machine tongue and groove boarding,,0,2008-11-28 17:10:04.000,2011-11-28 17:10:04.000,2008-11-28 17:10:04.000,1900-01-01 00:00:00.000,Y,2744
*,CAR-28    ,Machine tongue and groove boarding,,0,2008-11-28 17:10:04.000,2011-11-28 17:10:04.000,2008-11-28 17:10:04.000,1900-01-01 00:00:00.000,Y,2745
*,CAR-27A   ,Set out and make basic joints,,0,2008-11-28 17:10:04.000,2011-11-28 17:10:04.000,2008-11-28 17:10:04.000,1900-01-01 00:00:00.000,Y,2746
*,CAR-27    ,Set out and make basic joints,,0,2008-11-28 17:10:04.000,2011-11-28 17:10:04.000,2008-11-28 17:10:04.000,1900-01-01 00:00:00.000,Y,2747
*,CAR-26A   ,Fit wall panelling,,0,2008-11-28 17:10:04.000,2011-11-28 17:10:04.000,2008-11-28 17:10:04.000,1900-01-01 00:00:00.000,Y,2748
*,CAR-26    ,Fit wall panelling,,0,2008-11-28 17:10:04.000,2011-11-28 17:10:04.000,2008-11-28 17:10:04.000,1900-01-01 00:00:00.000,Y,2749
*,CAR-25A   ,"Fit skirtings, architraves and cornices",,0,2008-11-28 17:10:04.000,2011-11-28 17:10:04.000,2008-11-28 17:10:04.000,1900-01-01 00:00:00.000,Y,2750
*,CAR-25    ,"Fit skirtings, architraves and cornices",,0,2008-11-28 17:10:04.000,2011-11-28 17:10:04.000,2008-11-28 17:10:04.000,1900-01-01 00:00:00.000,Y,2751
*,CAR-24    ,Fit built-in and purpose made cupboards,,0,2008-11-28 17:10:04.000,2011-11-28 17:10:04.000,2008-11-28 17:10:04.000,1900-01-01 00:00:00.000,Y,2752
*,CAR-23A   ,Fit and hang doors,,0,2008-11-28 17:10:04.000,2011-11-28 17:10:04.000,2008-11-28 17:10:04.000,1900-01-01 00:00:00.000,Y,2753
*,CAR-23    ,Fit and hang doors,,0,2008-11-28 17:10:04.000,2011-11-28 17:10:04.000,2008-11-28 17:10:04.000,1900-01-01 00:00:00.000,Y,2754
*,CAR-22A   ,Set out and erect metal frame partitions,,0,2008-11-28 17:10:04.000,2011-11-28 17:10:04.000,2008-11-28 17:10:04.000,1900-01-01 00:00:00.000,Y,2755
*,CAR-22    ,Set out and erect metal frame partitions,,0,2008-11-28 17:10:04.000,2011-11-28 17:10:04.000,2008-11-28 17:10:04.000,1900-01-01 00:00:00.000,Y,2756
*,CAR-21A   ,Set out and erect timber frame partitions,,0,2008-11-28 17:10:04.000,2011-11-28 17:10:04.000,2008-11-28 17:10:04.000,1900-01-01 00:00:00.000,Y,2757
*,CAR-21    ,Set out and erect timber frame partitions,,0,2008-11-28 17:10:04.000,2011-11-28 17:10:04.000,2008-11-28 17:10:04.000,1900-01-01 00:00:00.000,Y,2758
*,CAR-20A   ,Set out and erect suspended ceilings,,0,2008-11-28 17:10:04.000,2011-11-28 17:10:04.000,2008-11-28 17:10:04.000,1900-01-01 00:00:00.000,Y,2759
*,CAR-20    ,Set out and erect suspended ceilings,,0,2008-11-28 17:10:04.000,2011-11-28 17:10:04.000,2008-11-28 17:10:04.000,1900-01-01 00:00:00.000,Y,2760
*,CAR-2     ,Determine levels,,0,2008-11-28 17:10:04.000,2011-11-28 17:10:04.000,2008-11-28 17:10:04.000,1900-01-01 00:00:00.000,Y,2761
*,CAR-19A   ,Set out and erect timber ceilings,,0,2008-11-28 17:10:04.000,2011-11-28 17:10:04.000,2008-11-28 17:10:04.000,1900-01-01 00:00:00.000,Y,2762
*,CAR-19    ,Set out and erect timber ceilings,,0,2008-11-28 17:10:04.000,2011-11-28 17:10:04.000,2008-11-28 17:10:04.000,1900-01-01 00:00:00.000,Y,2763
*,CAR-18A   ,Set out and erect boarded ceilings,,0,2008-11-28 17:10:04.000,2011-11-28 17:10:04.000,2008-11-28 17:10:04.000,1900-01-01 00:00:00.000,Y,2764
*,CAR-18    ,Set out and erect boarded ceilings,,0,2008-11-28 17:10:04.000,2011-11-28 17:10:04.000,2008-11-28 17:10:04.000,1900-01-01 00:00:00.000,Y,2765
*,CAR-17A   ,Clad roof structures with corrugated iron sheeting,,0,2008-11-28 17:10:04.000,2011-11-28 17:10:04.000,2008-11-28 17:10:04.000,1900-01-01 00:00:00.000,Y,2766
*,CAR-17    ,Clad roof structures with corrugated iron sheeting,,0,2008-11-28 17:10:04.000,2011-11-28 17:10:04.000,2008-11-28 17:10:04.000,1900-01-01 00:00:00.000,Y,2767
*,CAR-16    ,"Construct and erect an ""L"" shape roof structure",,0,2008-11-28 17:10:04.000,2011-11-28 17:10:04.000,2008-11-28 17:10:04.000,1900-01-01 00:00:00.000,Y,2768
*,CAR-15A   ,Construct a South African roof truss,,0,2008-11-28 17:10:04.000,2011-11-28 17:10:04.000,2008-11-28 17:10:04.000,1900-01-01 00:00:00.000,Y,2769
*,CAR-15    ,Construct a South African roof truss,,0,2008-11-28 17:10:04.000,2011-11-28 17:10:04.000,2008-11-28 17:10:04.000,1900-01-01 00:00:00.000,Y,2770
*,CAR-14A   ,Construct and erect formwork for return stairs wit,,0,2008-11-28 17:10:04.000,2011-11-28 17:10:04.000,2008-11-28 17:10:04.000,1900-01-01 00:00:00.000,Y,2771
*,CAR-14    ,Construct and erect formwork for return stairs wit,,0,2008-11-28 17:10:04.000,2011-11-28 17:10:04.000,2008-11-28 17:10:04.000,1900-01-01 00:00:00.000,Y,2772
*,CAR-13A   ,Construct formwork for semi-circular arches,,0,2008-11-28 17:10:04.000,2011-11-28 17:10:04.000,2008-11-28 17:10:04.000,1900-01-01 00:00:00.000,Y,2773
*,CAR-13    ,Construct formwork for semi-circular arches,,0,2008-11-28 17:10:04.000,2011-11-28 17:10:04.000,2008-11-28 17:10:04.000,1900-01-01 00:00:00.000,Y,2774
*,CAR-12A   ,Set out and erect trench shoring (shuttering),,0,2008-11-28 17:10:04.000,2011-11-28 17:10:04.000,2008-11-28 17:10:04.000,1900-01-01 00:00:00.000,Y,2775
*,CAR-12    ,Set out and erect trench shoring (shuttering),,0,2008-11-28 17:10:04.000,2011-11-28 17:10:04.000,2008-11-28 17:10:04.000,1900-01-01 00:00:00.000,Y,2776
*,CAR-11A   ,Construct and erect timber formwork for walls,,0,2008-11-28 17:10:04.000,2011-11-28 17:10:04.000,2008-11-28 17:10:04.000,1900-01-01 00:00:00.000,Y,2777
*,CAR-11    ,Construct and erect timber formwork for walls,,0,2008-11-28 17:10:04.000,2011-11-28 17:10:04.000,2008-11-28 17:10:04.000,1900-01-01 00:00:00.000,Y,2778
*,CAR-10A   ,Construct and erect timber formwork for a rectangu,,0,2008-11-28 17:10:04.000,2011-11-28 17:10:04.000,2008-11-28 17:10:04.000,1900-01-01 00:00:00.000,Y,2779
*,CAR-10    ,Construct and erect timber formwork for a rectangu,,0,2008-11-28 17:10:04.000,2011-11-28 17:10:04.000,2008-11-28 17:10:04.000,1900-01-01 00:00:00.000,Y,2780
*,CAR-1     ,Interpret and read basic drawings,,0,2008-11-28 17:10:04.000,2011-11-28 17:10:04.000,2008-11-28 17:10:04.000,1900-01-01 00:00:00.000,Y,2781
*,C         ,On-job Phase Test C,,0,2008-11-28 17:10:04.000,2011-11-28 17:10:04.000,2008-11-28 17:10:04.000,1900-01-01 00:00:00.000,Y,2782
*,BRR-4-MM  ,Remove and mount bearings mechanically,,0,2008-11-28 17:10:04.000,2011-11-28 17:10:04.000,2008-11-28 17:10:04.000,1900-01-01 00:00:00.000,Y,2783
*,BPF       ,Inspect batch plant fan,,0,2008-11-28 17:10:04.000,2011-11-28 17:10:04.000,2008-11-28 17:10:04.000,1900-01-01 00:00:00.000,Y,2784
*,B         ,On-job Phase Test B,,0,2008-11-28 17:10:04.000,2011-11-28 17:10:04.000,2008-11-28 17:10:04.000,1900-01-01 00:00:00.000,Y,2785
*,AHF       ,Remove and replace ash hopper frames on reverb,,0,2008-11-28 17:10:04.000,2011-11-28 17:10:04.000,2008-11-28 17:10:04.000,1900-01-01 00:00:00.000,Y,2786
*,A         ,On-job Phase Test A,,0,2008-11-28 17:10:04.000,2011-11-28 17:10:04.000,2008-11-28 17:10:04.000,1900-01-01 00:00:00.000,Y,2787
*,"99-MW     ",Maintain a compactor,,0,2008-11-28 17:10:04.000,2011-11-28 17:10:04.000,2008-11-28 17:10:04.000,1900-01-01 00:00:00.000,Y,2788
*,"98-MW     ",Maintain a tractor,,0,2008-11-28 17:10:04.000,2011-11-28 17:10:04.000,2008-11-28 17:10:04.000,1900-01-01 00:00:00.000,Y,2789
*,"97-MW     ",Maintain a coal drill,,0,2008-11-28 17:10:04.000,2011-11-28 17:10:04.000,2008-11-28 17:10:04.000,1900-01-01 00:00:00.000,Y,2790
*,"96-MW     ",Maintain a road grader,,0,2008-11-28 17:10:04.000,2011-11-28 17:10:04.000,2008-11-28 17:10:04.000,1900-01-01 00:00:00.000,Y,2791
*,"95-MW     ",Maintain a dozer,,0,2008-11-28 17:10:04.000,2011-11-28 17:10:04.000,2008-11-28 17:10:04.000,1900-01-01 00:00:00.000,Y,2792
*,"94-MW     ",Maintain a face shovel,,0,2008-11-28 17:10:04.000,2011-11-28 17:10:04.000,2008-11-28 17:10:04.000,1900-01-01 00:00:00.000,Y,2793
*,"93-MW     ",Maintain a overburden drill,,0,2008-11-28 17:10:04.000,2011-11-28 17:10:04.000,2008-11-28 17:10:04.000,1900-01-01 00:00:00.000,Y,2794
*,"92-MW     ",Maintain a coal hauler,,0,2008-11-28 17:10:04.000,2011-11-28 17:10:04.000,2008-11-28 17:10:04.000,1900-01-01 00:00:00.000,Y,2795
*,"91-MW     ",Service a front-end loader,,0,2008-11-28 17:10:04.000,2011-11-28 17:10:04.000,2008-11-28 17:10:04.000,1900-01-01 00:00:00.000,Y,2796
*,"90-MW     ",Service a compactor,,0,2008-11-28 17:10:04.000,2011-11-28 17:10:04.000,2008-11-28 17:10:04.000,1900-01-01 00:00:00.000,Y,2797
*,"9-P       ",Operate a portable grinder,,0,2008-11-28 17:10:04.000,2011-11-28 17:10:04.000,2008-11-28 17:10:04.000,1900-01-01 00:00:00.000,Y,2798
*,"9-MW      ",Test and connect single phase motor,,0,2008-11-28 17:10:04.000,2011-11-28 17:10:04.000,2008-11-28 17:10:04.000,1900-01-01 00:00:00.000,Y,2799
*,"9         ",Off-job Phase Test 9,,0,2008-11-28 17:10:04.000,2011-11-28 17:10:04.000,2008-11-28 17:10:04.000,1900-01-01 00:00:00.000,Y,2800
*,"89-MW     ",Service a tractor,,0,2008-11-28 17:10:04.000,2011-11-28 17:10:04.000,2008-11-28 17:10:04.000,1900-01-01 00:00:00.000,Y,2801
*,"87-MW     ",Service a road grader,,0,2008-11-28 17:10:04.000,2011-11-28 17:10:04.000,2008-11-28 17:10:04.000,1900-01-01 00:00:00.000,Y,2802
*,"83-E      ",Service an overburden drill,,0,2008-11-28 17:10:04.000,2011-11-28 17:10:04.000,2008-11-28 17:10:04.000,1900-01-01 00:00:00.000,Y,2803
*,"82-MW     ",Maintain low tension equipment of a dragline eg fans,,0,2008-11-28 17:10:04.000,2011-11-28 17:10:04.000,2008-11-28 17:10:04.000,1900-01-01 00:00:00.000,Y,2804
*,"81-MW     ",Maintain electrical apparatus in the control room and operate cabin of dragline,,0,2008-11-28 17:10:04.000,2011-11-28 17:10:04.000,2008-11-28 17:10:04.000,1900-01-01 00:00:00.000,Y,2805
*,"81-FM     ",Repair an air hammer (coal drill),,0,2008-11-28 17:10:04.000,2011-11-28 17:10:04.000,2008-11-28 17:10:04.000,1900-01-01 00:00:00.000,Y,2806
*,"80-MW     ",Maintain transformers of a dragline,,0,2008-11-28 17:10:04.000,2011-11-28 17:10:04.000,2008-11-28 17:10:04.000,1900-01-01 00:00:00.000,Y,2807
*,"80-FM     ",Repair an air motor (coal drill),,0,2008-11-28 17:10:04.000,2011-11-28 17:10:04.000,2008-11-28 17:10:04.000,1900-01-01 00:00:00.000,Y,2808
*,"80-E      ",Service the transformers of a dragline,,0,2008-11-28 17:10:04.000,2011-11-28 17:10:04.000,2008-11-28 17:10:04.000,1900-01-01 00:00:00.000,Y,2809
*,"8-P       ",Operate a pedestal grinder,,0,2008-11-28 17:10:04.000,2011-11-28 17:10:04.000,2008-11-28 17:10:04.000,1900-01-01 00:00:00.000,Y,2810
*,"8-MW      ",Phase out and connect three phase motors to starters,,0,2008-11-28 17:10:04.000,2011-11-28 17:10:04.000,2008-11-28 17:10:04.000,1900-01-01 00:00:00.000,Y,2811
*,"8         ",Off-job Phase Test 8,,0,2008-11-28 17:10:04.000,2011-11-28 17:10:04.000,2008-11-28 17:10:04.000,1900-01-01 00:00:00.000,Y,2812
*,"79-MW     ","Maintain tub cable, slip-rings and oil circuit breakers of a dragline",,0,2008-11-28 17:10:04.000,2011-11-28 17:10:04.000,2008-11-28 17:10:04.000,1900-01-01 00:00:00.000,Y,2813
*,"79-FM     ",Service and adjust air brakes and clutches on an o,,0,2008-11-28 17:10:04.000,2011-11-28 17:10:04.000,2008-11-28 17:10:04.000,1900-01-01 00:00:00.000,Y,2814
*,"78-MW     ",Maintain DC motors and generators of a dragline,,0,2008-11-28 17:10:04.000,2011-11-28 17:10:04.000,2008-11-28 17:10:04.000,1900-01-01 00:00:00.000,Y,2815
*,"78-FT     ",Service a face shovel,,0,2008-11-28 17:10:04.000,2011-11-28 17:10:04.000,2008-11-28 17:10:04.000,1900-01-01 00:00:00.000,Y,2816
*,"78-FM     ",Service and adjust air brakes and clutches on a fa,,0,2008-11-28 17:10:04.000,2011-11-28 17:10:04.000,2008-11-28 17:10:04.000,1900-01-01 00:00:00.000,Y,2817
*,"77-MW     ","Service low tension equipment of a dragline, eg fans",,0,2008-11-28 17:10:04.000,2011-11-28 17:10:04.000,2008-11-28 17:10:04.000,1900-01-01 00:00:00.000,Y,2818
*,"77-FT     ",Service a coal hauler,,0,2008-11-28 17:10:04.000,2011-11-28 17:10:04.000,2008-11-28 17:10:04.000,1900-01-01 00:00:00.000,Y,2819
*,"77-FM     ",Service and adjust air brakes and clutches on a dr,,0,2008-11-28 17:10:04.000,2011-11-28 17:10:04.000,2008-11-28 17:10:04.000,1900-01-01 00:00:00.000,Y,2820
*,"76-MW     ",Service electrical apparatus in the control room and operator cabin of dragline,,0,2008-11-28 17:10:04.000,2011-11-28 17:10:04.000,2008-11-28 17:10:04.000,1900-01-01 00:00:00.000,Y,2821
*,"76-FM     ",Service a face shovel,,0,2008-11-28 17:10:04.000,2011-11-28 17:10:04.000,2008-11-28 17:10:04.000,1900-01-01 00:00:00.000,Y,2822
*,"76-E      ",Maintain the following longwall equipment: stage l,,0,2008-11-28 17:10:04.000,2011-11-28 17:10:04.000,2008-11-28 17:10:04.000,1900-01-01 00:00:00.000,Y,2823
*,"75-FT     ",Service a dozer,,0,2008-11-28 17:10:04.000,2011-11-28 17:10:04.000,2008-11-28 17:10:04.000,1900-01-01 00:00:00.000,Y,2824
*,"75-FM     ",Service a coal hauler,,0,2008-11-28 17:10:04.000,2011-11-28 17:10:04.000,2008-11-28 17:10:04.000,1900-01-01 00:00:00.000,Y,2825
*,"75-E      ",Maintain a scoop,,0,2008-11-28 17:10:04.000,2011-11-28 17:10:04.000,2008-11-28 17:10:04.000,1900-01-01 00:00:00.000,Y,2826
*,"74-MW     ","Service tub cable, slip-rings and oil circuit breabers of dragline",,0,2008-11-28 17:10:04.000,2011-11-28 17:10:04.000,2008-11-28 17:10:04.000,1900-01-01 00:00:00.000,Y,2827
*,"74-FM     ",Service a road grader,,0,2008-11-28 17:10:04.000,2011-11-28 17:10:04.000,2008-11-28 17:10:04.000,1900-01-01 00:00:00.000,Y,2828
*,"74-E      ",Maintain a roof bolter,,0,2008-11-28 17:10:04.000,2011-11-28 17:10:04.000,2008-11-28 17:10:04.000,1900-01-01 00:00:00.000,Y,2829
*,"73-MW     ",Service DC motors and generators of a dragline,,0,2008-11-28 17:10:04.000,2011-11-28 17:10:04.000,2008-11-28 17:10:04.000,1900-01-01 00:00:00.000,Y,2830
*,"73-FT     ",Service a coal drill,,0,2008-11-28 17:10:04.000,2011-11-28 17:10:04.000,2008-11-28 17:10:04.000,1900-01-01 00:00:00.000,Y,2831
*,"73-FM     ",Service a dozer,,0,2008-11-28 17:10:04.000,2011-11-28 17:10:04.000,2008-11-28 17:10:04.000,1900-01-01 00:00:00.000,Y,2832
*,"73-E      ",Maintain a gate-end box,,0,2008-11-28 17:10:04.000,2011-11-28 17:10:04.000,2008-11-28 17:10:04.000,1900-01-01 00:00:00.000,Y,2833
*,"72-MW     ",Maintain section switchgear AC-DC Shuttle car,,0,2008-11-28 17:10:04.000,2011-11-28 17:10:04.000,2008-11-28 17:10:04.000,1900-01-01 00:00:00.000,Y,2834
*,"72-FM     ",Service an overburden drill,,0,2008-11-28 17:10:04.000,2011-11-28 17:10:04.000,2008-11-28 17:10:04.000,1900-01-01 00:00:00.000,Y,2835
*,"72-E      ",Maintain a feeder breaker,,0,2008-11-28 17:10:04.000,2011-11-28 17:10:04.000,2008-11-28 17:10:04.000,1900-01-01 00:00:00.000,Y,2836
*,"71-MW     ","AC-DC shuttle car, continous miner and battery diriven machine",,0,2008-11-28 17:10:04.000,2011-11-28 17:10:04.000,2008-11-28 17:10:04.000,1900-01-01 00:00:00.000,Y,2837
*,"71-FT     ",Maintain the hydraulic circuits of road graders,,0,2008-11-28 17:10:04.000,2011-11-28 17:10:04.000,2008-11-28 17:10:04.000,1900-01-01 00:00:00.000,Y,2838
*,"71-FM     ",Service a coal drill,,0,2008-11-28 17:10:04.000,2011-11-28 17:10:04.000,2008-11-28 17:10:04.000,1900-01-01 00:00:00.000,Y,2839
*,"71-E      ",Maintain a continuous miner,,0,2008-11-28 17:10:04.000,2011-11-28 17:10:04.000,2008-11-28 17:10:04.000,1900-01-01 00:00:00.000,Y,2840
*,"70-MW     ",Maintain a hydraulic face support,,0,2008-11-28 17:10:04.000,2011-11-28 17:10:04.000,2008-11-28 17:10:04.000,1900-01-01 00:00:00.000,Y,2841
*,"70-FM     ",Service an automatic lubrication system,,0,2008-11-28 17:10:04.000,2011-11-28 17:10:04.000,2008-11-28 17:10:04.000,1900-01-01 00:00:00.000,Y,2842
*,"70-E      ",Maintain a coal cutter,,0,2008-11-28 17:10:04.000,2011-11-28 17:10:04.000,2008-11-28 17:10:04.000,1900-01-01 00:00:00.000,Y,2843
*,"7-MW      ","Maint & test on a 3-phase motor: insulation resistance, Phase continuty, phase current, earth continuty",,0,2008-11-28 17:10:04.000,2011-11-28 17:10:04.000,2008-11-28 17:10:04.000,1900-01-01 00:00:00.000,Y,2844
*,"7         ",Off-job Phase Test 7,,0,2008-11-28 17:10:04.000,2011-11-28 17:10:04.000,2008-11-28 17:10:04.000,1900-01-01 00:00:00.000,Y,2845
*,"69-MW     ",Maintain an armoured face conveyor drive,,0,2008-11-28 17:10:04.000,2011-11-28 17:10:04.000,2008-11-28 17:10:04.000,1900-01-01 00:00:00.000,Y,2846
*,"69-E      ",Maintain a shuttle car,,0,2008-11-28 17:10:04.000,2011-11-28 17:10:04.000,2008-11-28 17:10:04.000,1900-01-01 00:00:00.000,Y,2847
*,"68-MW     ",Maintain a shearer,,0,2008-11-28 17:10:04.000,2011-11-28 17:10:04.000,2008-11-28 17:10:04.000,1900-01-01 00:00:00.000,Y,2848
*,"68-FM     ",Maintain the hydraulic circuits of a coal drill,,0,2008-11-28 17:10:04.000,2011-11-28 17:10:04.000,2008-11-28 17:10:04.000,1900-01-01 00:00:00.000,Y,2849
*,"68-E      ",Maintain a mechanical loader,,0,2008-11-28 17:10:04.000,2011-11-28 17:10:04.000,2008-11-28 17:10:04.000,1900-01-01 00:00:00.000,Y,2850
*,"67-MW     ",Maintain a stage loader,,0,2008-11-28 17:10:04.000,2011-11-28 17:10:04.000,2008-11-28 17:10:04.000,1900-01-01 00:00:00.000,Y,2851
*,"67-FM     ",Maintain the hydraulic circuits of an overburden d,,0,2008-11-28 17:10:04.000,2011-11-28 17:10:04.000,2008-11-28 17:10:04.000,1900-01-01 00:00:00.000,Y,2852
*,"67-E      ",Service the following longwall equipment: stage lo,,0,2008-11-28 17:10:04.000,2011-11-28 17:10:04.000,2008-11-28 17:10:04.000,1900-01-01 00:00:00.000,Y,2853
*,"66-MW     ",Maintain a roof bolter,,0,2008-11-28 17:10:04.000,2011-11-28 17:10:04.000,2008-11-28 17:10:04.000,1900-01-01 00:00:00.000,Y,2854
*,"66-FT     ",Service diesel engines,,0,2008-11-28 17:10:04.000,2011-11-28 17:10:04.000,2008-11-28 17:10:04.000,1900-01-01 00:00:00.000,Y,2855
*,"66-FM     ",Maintain the hydraulic circuits of a dozer,,0,2008-11-28 17:10:04.000,2011-11-28 17:10:04.000,2008-11-28 17:10:04.000,1900-01-01 00:00:00.000,Y,2856
*,"65-MW     ",Maintain a face drill,,0,2008-11-28 17:10:04.000,2011-11-28 17:10:04.000,2008-11-28 17:10:04.000,1900-01-01 00:00:00.000,Y,2857
*,"65-FM     ",Maintain the hydraulic circuits of a front end loa,,0,2008-11-28 17:10:04.000,2011-11-28 17:10:04.000,2008-11-28 17:10:04.000,1900-01-01 00:00:00.000,Y,2858
*,"64-MW     ",Maintain a scoop,,0,2008-11-28 17:10:04.000,2011-11-28 17:10:04.000,2008-11-28 17:10:04.000,1900-01-01 00:00:00.000,Y,2859
*,"64-E      ",Service a gate-end box,,0,2008-11-28 17:10:04.000,2011-11-28 17:10:04.000,2008-11-28 17:10:04.000,1900-01-01 00:00:00.000,Y,2860
*,"63-MW     ",Maintain a feeder breaker,,0,2008-11-28 17:10:04.000,2011-11-28 17:10:04.000,2008-11-28 17:10:04.000,1900-01-01 00:00:00.000,Y,2861
*,"63-FM     ",Adjust slip clutches on a loader,,0,2008-11-28 17:10:04.000,2011-11-28 17:10:04.000,2008-11-28 17:10:04.000,1900-01-01 00:00:00.000,Y,2862
*,"62-MW     ",Maintain a continuous miner,,0,2008-11-28 17:10:04.000,2011-11-28 17:10:04.000,2008-11-28 17:10:04.000,1900-01-01 00:00:00.000,Y,2863
*,"62-FM     ",Adjust slip clutches on a coal cutter,,0,2008-11-28 17:10:04.000,2011-11-28 17:10:04.000,2008-11-28 17:10:04.000,1900-01-01 00:00:00.000,Y,2864
*,"61-MW     ",Maintain a coal cutter,,0,2008-11-28 17:10:04.000,2011-11-28 17:10:04.000,2008-11-28 17:10:04.000,1900-01-01 00:00:00.000,Y,2865
*,HYD-10,Service a roof bolter,,0,2008-11-28 17:10:04.000,2011-11-28 17:10:04.000,2008-11-28 17:10:04.000,1900-01-01 00:00:00.000,Y,2866
*,"61-FM     ",Service a longwall system,,0,2008-11-28 17:10:04.000,2011-11-28 17:10:04.000,2008-11-28 17:10:04.000,1900-01-01 00:00:00.000,Y,2867
*,"60-MW     ",Maintain a shuttle car,,0,2008-11-28 17:10:04.000,2011-11-28 17:10:04.000,2008-11-28 17:10:04.000,1900-01-01 00:00:00.000,Y,2868
*,"60-FM     ",Service a feeder breaker,,0,2008-11-28 17:10:04.000,2011-11-28 17:10:04.000,2008-11-28 17:10:04.000,1900-01-01 00:00:00.000,Y,2869
*,"6-MW      ",Three-phase 4-wire systems and balance load,,0,2008-11-28 17:10:04.000,2011-11-28 17:10:04.000,2008-11-28 17:10:04.000,1900-01-01 00:00:00.000,Y,2870
*,"6         ",Off-job Phase Test 6,,0,2008-11-28 17:10:04.000,2011-11-28 17:10:04.000,2008-11-28 17:10:04.000,1900-01-01 00:00:00.000,Y,2871
*,"59-MW     ",Maintain a mechanical loader,,0,2008-11-28 17:10:04.000,2011-11-28 17:10:04.000,2008-11-28 17:10:04.000,1900-01-01 00:00:00.000,Y,2872
*,HYD-5,Service a coal cutter,,0,2008-11-28 17:10:04.000,2011-11-28 17:10:04.000,2008-11-28 17:10:04.000,1900-01-01 00:00:00.000,Y,2873
*,"59-FM     ",Service a roof bolter,,0,2008-11-28 17:10:04.000,2011-11-28 17:10:04.000,2008-11-28 17:10:04.000,1900-01-01 00:00:00.000,Y,2874
*,"58-MW     ",Service a hydraulic face support,,0,2008-11-28 17:10:04.000,2011-11-28 17:10:04.000,2008-11-28 17:10:04.000,1900-01-01 00:00:00.000,Y,2875
*,HYD-6,Service a continuous miner,,0,2008-11-28 17:10:04.000,2011-11-28 17:10:04.000,2008-11-28 17:10:04.000,1900-01-01 00:00:00.000,Y,2876
*,"58-FM     ",Service a face drill,,0,2008-11-28 17:10:04.000,2011-11-28 17:10:04.000,2008-11-28 17:10:04.000,1900-01-01 00:00:00.000,Y,2877
*,"57-MW     ",Service an armoured face conveyor drive,,0,2008-11-28 17:10:04.000,2011-11-28 17:10:04.000,2008-11-28 17:10:04.000,1900-01-01 00:00:00.000,Y,2878
*,HYD-13,Service a scoop,,0,2008-11-28 17:10:04.000,2011-11-28 17:10:04.000,2008-11-28 17:10:04.000,1900-01-01 00:00:00.000,Y,2879
*,"57-FM     ",Service a coal cutter,,0,2008-11-28 17:10:04.000,2011-11-28 17:10:04.000,2008-11-28 17:10:04.000,1900-01-01 00:00:00.000,Y,2880
*,"56-MW     ",Service a shearer,,0,2008-11-28 17:10:04.000,2011-11-28 17:10:04.000,2008-11-28 17:10:04.000,1900-01-01 00:00:00.000,Y,2881
*,"56-FT     ",Service a shuttle car,,0,2008-11-28 17:10:04.000,2011-11-28 17:10:04.000,2008-11-28 17:10:04.000,1900-01-01 00:00:00.000,Y,2882
*,"56-FM     ",Service a continuous miner,,0,2008-11-28 17:10:04.000,2011-11-28 17:10:04.000,2008-11-28 17:10:04.000,1900-01-01 00:00:00.000,Y,2883
*,"55-PB     ",Do structural repairs on a continuous miner,,0,2008-11-28 17:10:04.000,2011-11-28 17:10:04.000,2008-11-28 17:10:04.000,1900-01-01 00:00:00.000,Y,2884
*,"55-MW     ",Service a stage loader,,0,2008-11-28 17:10:04.000,2011-11-28 17:10:04.000,2008-11-28 17:10:04.000,1900-01-01 00:00:00.000,Y,2885
*,"55-FT     ",Service a mechanical loader,,0,2008-11-28 17:10:04.000,2011-11-28 17:10:04.000,2008-11-28 17:10:04.000,1900-01-01 00:00:00.000,Y,2886
*,"55-FM     ",Service a scoop,,0,2008-11-28 17:10:04.000,2011-11-28 17:10:04.000,2008-11-28 17:10:04.000,1900-01-01 00:00:00.000,Y,2887
*,"54-PB     ",Do structural repairs on a coal cutter,,0,2008-11-28 17:10:04.000,2011-11-28 17:10:04.000,2008-11-28 17:10:04.000,1900-01-01 00:00:00.000,Y,2888
*,"54-MW     ",Service a roof bolter,,0,2008-11-28 17:10:04.000,2011-11-28 17:10:04.000,2008-11-28 17:10:04.000,1900-01-01 00:00:00.000,Y,2889
*,"54-FM     ",Service a shuttle car,,0,2008-11-28 17:10:04.000,2011-11-28 17:10:04.000,2008-11-28 17:10:04.000,1900-01-01 00:00:00.000,Y,2890
*,"53-PB     ",Do structural repairs on a loader,,0,2008-11-28 17:10:04.000,2011-11-28 17:10:04.000,2008-11-28 17:10:04.000,1900-01-01 00:00:00.000,Y,2891
*,"53-MW     ",Service a face drill,,0,2008-11-28 17:10:04.000,2011-11-28 17:10:04.000,2008-11-28 17:10:04.000,1900-01-01 00:00:00.000,Y,2892
*,"53-FM     ",Service a mechanical loader,,0,2008-11-28 17:10:04.000,2011-11-28 17:10:04.000,2008-11-28 17:10:04.000,1900-01-01 00:00:00.000,Y,2893
*,"52-PB     ",Do structural repairs on a shuttle car,,0,2008-11-28 17:10:04.000,2011-11-28 17:10:04.000,2008-11-28 17:10:04.000,1900-01-01 00:00:00.000,Y,2894
*,"52-MW     ",Service a scoop,,0,2008-11-28 17:10:04.000,2011-11-28 17:10:04.000,2008-11-28 17:10:04.000,1900-01-01 00:00:00.000,Y,2895
*,"52-FM     ",Maintain hydraulic circuits on a longwall system e,,0,2008-11-28 17:10:04.000,2011-11-28 17:10:04.000,2008-11-28 17:10:04.000,1900-01-01 00:00:00.000,Y,2896
*,"51-MW     ",Service a feeder breaker,,0,2008-11-28 17:10:04.000,2011-11-28 17:10:04.000,2008-11-28 17:10:04.000,1900-01-01 00:00:00.000,Y,2897
*,"51-FM     ",Maintain hydraulic circuits on a roof bolter,,0,2008-11-28 17:10:04.000,2011-11-28 17:10:04.000,2008-11-28 17:10:04.000,1900-01-01 00:00:00.000,Y,2898
*,"51-E      ",Operate a pedestal and portable grinder,,0,2008-11-28 17:10:04.000,2011-11-28 17:10:04.000,2008-11-28 17:10:04.000,1900-01-01 00:00:00.000,Y,2899
*,"50-MW     ",Service a continuous miner,,0,2008-11-28 17:10:04.000,2011-11-28 17:10:04.000,2008-11-28 17:10:04.000,1900-01-01 00:00:00.000,Y,2900
*,"50-FM     ",Maintain hydraulic circuits on a face drill,,0,2008-11-28 17:10:04.000,2011-11-28 17:10:04.000,2008-11-28 17:10:04.000,1900-01-01 00:00:00.000,Y,2901
*,"50-E      ",Operate a pedestal and portable drill,,0,2008-11-28 17:10:04.000,2011-11-28 17:10:04.000,2008-11-28 17:10:04.000,1900-01-01 00:00:00.000,Y,2902
*,"5-MW      ",Test and connect a three-phase 3-wire system,,0,2008-11-28 17:10:04.000,2011-11-28 17:10:04.000,2008-11-28 17:10:04.000,1900-01-01 00:00:00.000,Y,2903
*,"5         ",Off-job Phase Test 5,,0,2008-11-28 17:10:04.000,2011-11-28 17:10:04.000,2008-11-28 17:10:04.000,1900-01-01 00:00:00.000,Y,2904
*,"49-MW     ",Service a coal cutter,,0,2008-11-28 17:10:04.000,2011-11-28 17:10:04.000,2008-11-28 17:10:04.000,1900-01-01 00:00:00.000,Y,2905
*,"49-FM     ",Maintain hydraulic circuits on a coal cutter,,0,2008-11-28 17:10:04.000,2011-11-28 17:10:04.000,2008-11-28 17:10:04.000,1900-01-01 00:00:00.000,Y,2906
*,"48-MW     ",Service a shuttle car,,0,2008-11-28 17:10:04.000,2011-11-28 17:10:04.000,2008-11-28 17:10:04.000,1900-01-01 00:00:00.000,Y,2907
*,"48-FM     ",Maintain hydraulic ciruits on a continuous miner,,0,2008-11-28 17:10:04.000,2011-11-28 17:10:04.000,2008-11-28 17:10:04.000,1900-01-01 00:00:00.000,Y,2908
*,"47-MW     ",Service a mechanical loader,,0,2008-11-28 17:10:04.000,2011-11-28 17:10:04.000,2008-11-28 17:10:04.000,1900-01-01 00:00:00.000,Y,2909
*,"47-FM     ",Maintain hydraulic circuits on a scoop,,0,2008-11-28 17:10:04.000,2011-11-28 17:10:04.000,2008-11-28 17:10:04.000,1900-01-01 00:00:00.000,Y,2910
*,"46-MW     ",Joint cables,,0,2008-11-28 17:10:04.000,2011-11-28 17:10:04.000,2008-11-28 17:10:04.000,1900-01-01 00:00:00.000,Y,2911
*,"46-FM     ",Maintain hydraulic circuits on a shuttle car,,0,2008-11-28 17:10:04.000,2011-11-28 17:10:04.000,2008-11-28 17:10:04.000,1900-01-01 00:00:00.000,Y,2912
*,"45-MW     ",Connect a cable plug to a cable,,0,2008-11-28 17:10:04.000,2011-11-28 17:10:04.000,2008-11-28 17:10:04.000,1900-01-01 00:00:00.000,Y,2913
*,"45-FM     ",Maintain hydraulic circuits on a mechanical loader,,0,2008-11-28 17:10:04.000,2011-11-28 17:10:04.000,2008-11-28 17:10:04.000,1900-01-01 00:00:00.000,Y,2914
*,"44-MW     ","Test flexible trailing cables for: continuity, ins",,0,2008-11-28 17:10:04.000,2011-11-28 17:10:04.000,2008-11-28 17:10:04.000,1900-01-01 00:00:00.000,Y,2915
*,"44-FM     ",Read/interpret an hydraulic circuit diagram and ex,,0,2008-11-28 17:10:04.000,2011-11-28 17:10:04.000,2008-11-28 17:10:04.000,1900-01-01 00:00:00.000,Y,2916
*,"43-MW     ",Maintain a stacker/reclaimer,,0,2008-11-28 17:10:04.000,2011-11-28 17:10:04.000,2008-11-28 17:10:04.000,1900-01-01 00:00:00.000,Y,2917
*,"43-FM     ",Maintain the magnetic circuits on machines,,0,2008-11-28 17:10:04.000,2011-11-28 17:10:04.000,2008-11-28 17:10:04.000,1900-01-01 00:00:00.000,Y,2918
*,"42-MW     ",Maintain a feeder vibrator,,0,2008-11-28 17:10:04.000,2011-11-28 17:10:04.000,2008-11-28 17:10:04.000,1900-01-01 00:00:00.000,Y,2919
*,"42-FM     ",Read/interpret a pneumatic circuit diagam and expl,,0,2008-11-28 17:10:04.000,2011-11-28 17:10:04.000,2008-11-28 17:10:04.000,1900-01-01 00:00:00.000,Y,2920
*,"41-FM     ","Change, align and adjust the tracks of a track dri",,0,2008-11-28 17:10:04.000,2011-11-28 17:10:04.000,2008-11-28 17:10:04.000,1900-01-01 00:00:00.000,Y,2921
*,"40-MW     ",Maintain a centrifuge,,0,2008-11-28 17:10:04.000,2011-11-28 17:10:04.000,2008-11-28 17:10:04.000,1900-01-01 00:00:00.000,Y,2922
*,"4-MW      ",Test and connect a single phase system,,0,2008-11-28 17:10:04.000,2011-11-28 17:10:04.000,2008-11-28 17:10:04.000,1900-01-01 00:00:00.000,Y,2923
*,"4         ",Off-job Phase Test 4,,0,2008-11-28 17:10:04.000,2011-11-28 17:10:04.000,2008-11-28 17:10:04.000,1900-01-01 00:00:00.000,Y,2924
*,"39-MW     ",Maintain a magnetic separator,,0,2008-11-28 17:10:04.000,2011-11-28 17:10:04.000,2008-11-28 17:10:04.000,1900-01-01 00:00:00.000,Y,2925
*,"39-FM     ",Check and test a pressure vessel,,0,2008-11-28 17:10:04.000,2011-11-28 17:10:04.000,2008-11-28 17:10:04.000,1900-01-01 00:00:00.000,Y,2926
*,"39-E      ",A tong tester,,0,2008-11-28 17:10:04.000,2011-11-28 17:10:04.000,2008-11-28 17:10:04.000,1900-01-01 00:00:00.000,Y,2927
*,"38-MW     ",Maintain a drum separator,,0,2008-11-28 17:10:04.000,2011-11-28 17:10:04.000,2008-11-28 17:10:04.000,1900-01-01 00:00:00.000,Y,2928
*,"38-FM     ",Check and maintain air columns,,0,2008-11-28 17:10:04.000,2011-11-28 17:10:04.000,2008-11-28 17:10:04.000,1900-01-01 00:00:00.000,Y,2929
*,"38-E      ",A megger,,0,2008-11-28 17:10:04.000,2011-11-28 17:10:04.000,2008-11-28 17:10:04.000,1900-01-01 00:00:00.000,Y,2930
*,"37-MW     ",Service a stacker/reclaimer,,0,2008-11-28 17:10:04.000,2011-11-28 17:10:04.000,2008-11-28 17:10:04.000,1900-01-01 00:00:00.000,Y,2931
*,"37-FM     ",Check and maintain water columns,,0,2008-11-28 17:10:04.000,2011-11-28 17:10:04.000,2008-11-28 17:10:04.000,1900-01-01 00:00:00.000,Y,2932
*,"36-MW     ",Service a feeder vibrator,,0,2008-11-28 17:10:04.000,2011-11-28 17:10:04.000,2008-11-28 17:10:04.000,1900-01-01 00:00:00.000,Y,2933
*,"36-FM     ",Carry out a complete routine examination on a scre,,0,2008-11-28 17:10:04.000,2011-11-28 17:10:04.000,2008-11-28 17:10:04.000,1900-01-01 00:00:00.000,Y,2934
*,"35-MW     ",Service a screen,,0,2008-11-28 17:10:04.000,2011-11-28 17:10:04.000,2008-11-28 17:10:04.000,1900-01-01 00:00:00.000,Y,2935
*,"35-FM     ",Carry out a complete routine examination on a crus,,0,2008-11-28 17:10:04.000,2011-11-28 17:10:04.000,2008-11-28 17:10:04.000,1900-01-01 00:00:00.000,Y,2936
*,"34-MW     ",Service a centrifuge,,0,2008-11-28 17:10:04.000,2011-11-28 17:10:04.000,2008-11-28 17:10:04.000,1900-01-01 00:00:00.000,Y,2937
*,"34-FM     ",Install and line up a conveyor drive assembly,,0,2008-11-28 17:10:04.000,2011-11-28 17:10:04.000,2008-11-28 17:10:04.000,1900-01-01 00:00:00.000,Y,2938
*,"33-MW     ",Service a magnetic separator,,0,2008-11-28 17:10:04.000,2011-11-28 17:10:04.000,2008-11-28 17:10:04.000,1900-01-01 00:00:00.000,Y,2939
*,"33-FM     ",Carry out a complete routine examination on a conv,,0,2008-11-28 17:10:04.000,2011-11-28 17:10:04.000,2008-11-28 17:10:04.000,1900-01-01 00:00:00.000,Y,2940
*,"32-MW     ",Service a drum separator,,0,2008-11-28 17:10:04.000,2011-11-28 17:10:04.000,2008-11-28 17:10:04.000,1900-01-01 00:00:00.000,Y,2941
*,"32-FM     ",Service an electro-magnetic braking system,,0,2008-11-28 17:10:04.000,2011-11-28 17:10:04.000,2008-11-28 17:10:04.000,1900-01-01 00:00:00.000,Y,2942
*,"31-MW     ",Do fault finding on an installation controlled by,,0,2008-11-28 17:10:04.000,2011-11-28 17:10:04.000,2008-11-28 17:10:04.000,1900-01-01 00:00:00.000,Y,2943
*,"31-FT     ",Operate a portable drill,,0,2008-11-28 17:10:04.000,2011-11-28 17:10:04.000,2008-11-28 17:10:04.000,1900-01-01 00:00:00.000,Y,2944
*,"31-FM     ",Operate a shaping machine,,0,2008-11-28 17:10:04.000,2011-11-28 17:10:04.000,2008-11-28 17:10:04.000,1900-01-01 00:00:00.000,Y,2945
*,"30-MW     ",Maintain variable speed drive,,0,2008-11-28 17:10:04.000,2011-11-28 17:10:04.000,2008-11-28 17:10:04.000,1900-01-01 00:00:00.000,Y,2946
*,"30-FM     ",Operate a portable drill,,0,2008-11-28 17:10:04.000,2011-11-28 17:10:04.000,2008-11-28 17:10:04.000,1900-01-01 00:00:00.000,Y,2947
*,"3-MW      ",Phase out cores and connect cores to terminals,,0,2008-11-28 17:10:04.000,2011-11-28 17:10:04.000,2008-11-28 17:10:04.000,1900-01-01 00:00:00.000,Y,2948
*,"3         ",Off-job Phase Test 3,,0,2008-11-28 17:10:04.000,2011-11-28 17:10:04.000,2008-11-28 17:10:04.000,1900-01-01 00:00:00.000,Y,2949
*,"29-MW     ",Maintain hydraulic systems,,0,2008-11-28 17:10:04.000,2011-11-28 17:10:04.000,2008-11-28 17:10:04.000,1900-01-01 00:00:00.000,Y,2950
*,"29-FT     ",Operate a portable grinder,,0,2008-11-28 17:10:04.000,2011-11-28 17:10:04.000,2008-11-28 17:10:04.000,1900-01-01 00:00:00.000,Y,2951
*,"29-FM     ",Operate a pedestal drill,,0,2008-11-28 17:10:04.000,2011-11-28 17:10:04.000,2008-11-28 17:10:04.000,1900-01-01 00:00:00.000,Y,2952
*,"29-E      ",Maintain a vibrator,,0,2008-11-28 17:10:04.000,2011-11-28 17:10:04.000,2008-11-28 17:10:04.000,1900-01-01 00:00:00.000,Y,2953
*,"28-P      ",Weld cold cast iron,,0,2008-11-28 17:10:04.000,2011-11-28 17:10:04.000,2008-11-28 17:10:04.000,1900-01-01 00:00:00.000,Y,2954
*,"28-MW     ",Maintain a belt conveyor,,0,2008-11-28 17:10:04.000,2011-11-28 17:10:04.000,2008-11-28 17:10:04.000,1900-01-01 00:00:00.000,Y,2955
*,"49-FT",Operate a pedestal grinder,,0,2008-11-28 17:10:04.000,2011-11-28 17:10:04.000,2008-11-28 17:10:04.000,1900-01-01 00:00:00.000,Y,2956
*,"28-FM     ",Operate a portable grinder,,0,2008-11-28 17:10:04.000,2011-11-28 17:10:04.000,2008-11-28 17:10:04.000,1900-01-01 00:00:00.000,Y,2957
*,"28-E      ",Mainatin a sequence starter,,0,2008-11-28 17:10:04.000,2011-11-28 17:10:04.000,2008-11-28 17:10:04.000,1900-01-01 00:00:00.000,Y,2958
*,"27-MW     ",Maintain a compressor,,0,2008-11-28 17:10:04.000,2011-11-28 17:10:04.000,2008-11-28 17:10:04.000,1900-01-01 00:00:00.000,Y,2959
*,"27-FM     ",Operate a pedestal grinder,,0,2008-11-28 17:10:04.000,2011-11-28 17:10:04.000,2008-11-28 17:10:04.000,1900-01-01 00:00:00.000,Y,2960
*,"27-E      ",Maintain a conveyor drive,,0,2008-11-28 17:10:04.000,2011-11-28 17:10:04.000,2008-11-28 17:10:04.000,1900-01-01 00:00:00.000,Y,2961
*,"26-MW     ",Service a belt conveyor,,0,2008-11-28 17:10:04.000,2011-11-28 17:10:04.000,2008-11-28 17:10:04.000,1900-01-01 00:00:00.000,Y,2962
*,"26-E      ",Maintain a crusher,,0,2008-11-28 17:10:04.000,2011-11-28 17:10:04.000,2008-11-28 17:10:04.000,1900-01-01 00:00:00.000,Y,2963
*,"25-MW     ",Service a crusher,,0,2008-11-28 17:10:04.000,2011-11-28 17:10:04.000,2008-11-28 17:10:04.000,1900-01-01 00:00:00.000,Y,2964
*,"25-E      ",Maintain a pump,,0,2008-11-28 17:10:04.000,2011-11-28 17:10:04.000,2008-11-28 17:10:04.000,1900-01-01 00:00:00.000,Y,2965
*,"24-MW     ",Service a compressor,,0,2008-11-28 17:10:04.000,2011-11-28 17:10:04.000,2008-11-28 17:10:04.000,1900-01-01 00:00:00.000,Y,2966
*,"24-E      ",Maintain a compressor,,0,2008-11-28 17:10:04.000,2011-11-28 17:10:04.000,2008-11-28 17:10:04.000,1900-01-01 00:00:00.000,Y,2967
*,"23-MW     ","Maintain 3 of the following pumps: centrifugal, diaphram pump, rotor and stator type pump (mono pump, reciprocating pump",,0,2008-11-28 17:10:04.000,2011-11-28 17:10:04.000,2008-11-28 17:10:04.000,1900-01-01 00:00:00.000,Y,2968
*,"23-F      ",Demonstrate all hand signals applicable to rigging,,0,2008-11-28 17:10:04.000,2011-11-28 17:10:04.000,2008-11-28 17:10:04.000,1900-01-01 00:00:00.000,Y,2969
*,"22-MW     ","Maintain the following gearboxes: worm & worm wheel gearbox, Maitain a bevel wheel and pinion gearbox, maintain a planetary gearbox, maintain a double hlical gearbox",,0,2008-11-28 17:10:04.000,2011-11-28 17:10:04.000,2008-11-28 17:10:04.000,1900-01-01 00:00:00.000,Y,2970
*,"21-MW     ",Remove and replace brake shoes and adjust the armature gap of the electro-magnet,,0,2008-11-28 17:10:04.000,2011-11-28 17:10:04.000,2008-11-28 17:10:04.000,1900-01-01 00:00:00.000,Y,2971
*,"20-MW     ",Maintain and adjust a chain drive,,0,2008-11-28 17:10:04.000,2011-11-28 17:10:04.000,2008-11-28 17:10:04.000,1900-01-01 00:00:00.000,Y,2972
*,"2-MW      ",Joint and test a low tension cable,,0,2008-11-28 17:10:04.000,2011-11-28 17:10:04.000,2008-11-28 17:10:04.000,1900-01-01 00:00:00.000,Y,2973
*,"2         ",Off-job Phase Test 2,,0,2008-11-28 17:10:04.000,2011-11-28 17:10:04.000,2008-11-28 17:10:04.000,1900-01-01 00:00:00.000,Y,2974
*,"19-MW     ",Identify worn/damaged V belts and pulleys and replace,,0,2008-11-28 17:10:04.000,2011-11-28 17:10:04.000,2008-11-28 17:10:04.000,1900-01-01 00:00:00.000,Y,2975
*,"18-MW     ",Line up 2 shafts connected with a fenner flexf coupling,,0,2008-11-28 17:10:04.000,2011-11-28 17:10:04.000,2008-11-28 17:10:04.000,1900-01-01 00:00:00.000,Y,2976
*,"17-MW     ",Line up 2 shafts connected with a non-slip coupling,,0,2008-11-28 17:10:04.000,2011-11-28 17:10:04.000,2008-11-28 17:10:04.000,1900-01-01 00:00:00.000,Y,2977
*,"16-MW     ",Line up 2 shafts connected with a fluid drive coupling,,0,2008-11-28 17:10:04.000,2011-11-28 17:10:04.000,2008-11-28 17:10:04.000,1900-01-01 00:00:00.000,Y,2978
*,"15-P      ",Operate a bending roll,,0,2008-11-28 17:10:04.000,2011-11-28 17:10:04.000,2008-11-28 17:10:04.000,1900-01-01 00:00:00.000,Y,2979
*,"15-MW     ",Test and connect a lighting transformer,,0,2008-11-28 17:10:04.000,2011-11-28 17:10:04.000,2008-11-28 17:10:04.000,1900-01-01 00:00:00.000,Y,2980
*,"14-P      ",Operate a bending press,,0,2008-11-28 17:10:04.000,2011-11-28 17:10:04.000,2008-11-28 17:10:04.000,1900-01-01 00:00:00.000,Y,2981
*,"14-MW     ",Test and connect an instrument transformer,,0,2008-11-28 17:10:04.000,2011-11-28 17:10:04.000,2008-11-28 17:10:04.000,1900-01-01 00:00:00.000,Y,2982
*,"13-P      ",Operate a punch and shearing machine,,0,2008-11-28 17:10:04.000,2011-11-28 17:10:04.000,2008-11-28 17:10:04.000,1900-01-01 00:00:00.000,Y,2983
*,"13-MW     ",Test and connect a power transformer,,0,2008-11-28 17:10:04.000,2011-11-28 17:10:04.000,2008-11-28 17:10:04.000,1900-01-01 00:00:00.000,Y,2984
*,"13-F      ",Select and change bearings an axial load,,0,2008-11-28 17:10:04.000,2011-11-28 17:10:04.000,2008-11-28 17:10:04.000,1900-01-01 00:00:00.000,Y,2985
*,"12-P      ",Operate a guillotine,,0,2008-11-28 17:10:04.000,2011-11-28 17:10:04.000,2008-11-28 17:10:04.000,1900-01-01 00:00:00.000,Y,2986
*,"12-MW     ",Service and maintain a lighting transformer,,0,2008-11-28 17:10:04.000,2011-11-28 17:10:04.000,2008-11-28 17:10:04.000,1900-01-01 00:00:00.000,Y,2987
*,"12-F      ",Select and change bearings for a radial load,,0,2008-11-28 17:10:04.000,2011-11-28 17:10:04.000,2008-11-28 17:10:04.000,1900-01-01 00:00:00.000,Y,2988
*,"12        ",Off-job Phase Test 12,,0,2008-11-28 17:10:04.000,2011-11-28 17:10:04.000,2008-11-28 17:10:04.000,1900-01-01 00:00:00.000,Y,2989
*,"11-P      ",Operate a portable drill,,0,2008-11-28 17:10:04.000,2011-11-28 17:10:04.000,2008-11-28 17:10:04.000,1900-01-01 00:00:00.000,Y,2990
*,"11-MW     ",Service and maintain an instrument transformer,,0,2008-11-28 17:10:04.000,2011-11-28 17:10:04.000,2008-11-28 17:10:04.000,1900-01-01 00:00:00.000,Y,2991
*,"11        ",Off-job Phase Test 11,,0,2008-11-28 17:10:04.000,2011-11-28 17:10:04.000,2008-11-28 17:10:04.000,1900-01-01 00:00:00.000,Y,2992
*,"101-MW    ","Change, align and adjust the track of a track driven machine",,0,2008-11-28 17:10:04.000,2011-11-28 17:10:04.000,2008-11-28 17:10:04.000,1900-01-01 00:00:00.000,Y,2993
*,"100-MW    ",Maintain a front end loader,,0,2008-11-28 17:10:04.000,2011-11-28 17:10:04.000,2008-11-28 17:10:04.000,1900-01-01 00:00:00.000,Y,2994
*,"10-P      ",Operate a pedestal drill,,0,2008-11-28 17:10:04.000,2011-11-28 17:10:04.000,2008-11-28 17:10:04.000,1900-01-01 00:00:00.000,Y,2995
*,"10-MW     ",Service and maintain a power transformer,,0,2008-11-28 17:10:04.000,2011-11-28 17:10:04.000,2008-11-28 17:10:04.000,1900-01-01 00:00:00.000,Y,2996
*,RCD,Roll the cable drum,,0,2008-11-28 17:10:04.000,2011-11-28 17:10:04.000,2008-11-28 17:10:04.000,1900-01-01 00:00:00.000,Y,2997
*,"10        ",Off-job Phase Test 10,,0,2008-11-28 17:10:04.000,2011-11-28 17:10:04.000,2008-11-28 17:10:04.000,1900-01-01 00:00:00.000,Y,2998
*,"1-MW      ",Terminate and test a low tension cable,,0,2008-11-28 17:10:04.000,2011-11-28 17:10:04.000,2008-11-28 17:10:04.000,1900-01-01 00:00:00.000,Y,2999
*,"1         ",Off-job Phase Test 1,,0,2008-11-28 17:10:04.000,2011-11-28 17:10:04.000,2008-11-28 17:10:04.000,1900-01-01 00:00:00.000,Y,3000
*,PMW001,PRECIOUS METAL WORKING AND MOUNTING (including Diamond Mounting but excluding Marcasite Working),,120,2001-01-01 00:00:00.000,2020-01-01 00:00:00.000,2021-01-01 00:00:00.000,1900-01-01 00:00:00.000,Y,3001
*,OUT227.2,Maintain valves-Metalliferous,,4,2009-04-21 11:28:04.473,2012-04-21 11:28:05.020,2009-04-21 11:28:07.500,1900-01-01 00:00:00.000,Y,3002
*,OUT230.2,Maintain compressors and air receivers-Metalliferous,,7,2009-04-21 12:15:47.257,2012-04-21 12:15:47.257,2009-04-21 12:15:47.257,1900-01-01 00:00:00.000,Y,3003
*,OUT232.2,Maintain and align a chain drive-Metalliferous,,3,2009-04-21 12:22:01.547,2012-04-21 12:22:01.547,2009-04-21 12:22:01.547,1900-01-01 00:00:00.000,Y,3004
*,OUT234.2,Maintain and overhaul gearboxes-Metalliferous,,4,2009-04-21 12:22:40.250,2012-04-21 12:22:40.250,2009-04-21 12:22:40.250,1900-01-01 00:00:00.000,Y,3005
*,OUT241.2,Maintain and overhaul pumps-Metalliferous,,3,2009-04-21 12:22:59.890,2012-04-21 12:22:59.890,2009-04-21 12:22:59.890,1900-01-01 00:00:00.000,Y,3006
*,OUT242.2,Maintain belt conveyor systems-Metalliferous,,2,2009-04-21 12:23:07.177,2012-04-21 12:23:07.177,2009-04-21 12:23:07.177,1900-01-01 00:00:00.000,Y,3007
*,OUT574.2,"Install, join and test cables-open cast",,6,2009-04-22 14:02:29.073,2012-04-22 14:02:29.073,2009-04-22 14:02:29.090,1900-01-01 00:00:00.000,Y,3008
*,OUT575.2,Maintain DC units-open cast,,4,2009-04-22 14:02:29.353,2012-04-22 14:02:29.353,2009-04-22 14:02:29.353,1900-01-01 00:00:00.000,Y,3009
*,OUT577.2,"Maintain, test and connect three phase AC motors-open cast",,1,2009-04-22 14:02:29.900,2012-04-22 14:02:29.900,2009-04-22 14:02:29.900,1900-01-01 00:00:00.000,Y,3010
*,OUT581.2,"Test, maintain and repair control starters-open cast",,17,2009-04-22 14:02:30.760,2012-04-22 14:02:30.760,2009-04-22 14:02:30.760,1900-01-01 00:00:00.000,Y,3011
*,OUT582.2,"Test, replace and maintain industrial circuits and appliances-open cast",,2,2009-04-22 14:02:31.573,2012-04-22 14:02:31.573,2009-04-22 14:02:31.573,1900-01-01 00:00:00.000,Y,3012
*,OUT69.2,Operate Plater Machines - Plater / Welder,,1,2009-04-22 14:02:35.120,2012-04-22 14:02:35.120,2009-04-22 14:02:35.120,1900-01-01 00:00:00.000,Y,3013
*,OUT353.2,Repair and service structural engineering components-coal,,1,2009-04-22 14:02:44.683,2012-04-22 14:02:44.683,2009-04-22 14:02:44.683,1900-01-01 00:00:00.000,Y,3014
*,OUT370.2,Maintan equipment-Opencast,,2,2009-04-22 14:03:06.683,2012-04-22 14:03:06.683,2009-04-22 14:03:06.683,1900-01-01 00:00:00.000,Y,3015
*,OUT373.2,Fabricate pipe sections-Opencast,,1,2009-04-22 14:03:07.150,2012-04-22 14:03:07.150,2009-04-22 14:03:07.150,1900-01-01 00:00:00.000,Y,3016
*,OUT374.2,Fabricate steel structures-Opencast,,1,2009-04-22 14:03:07.510,2012-04-22 14:03:07.510,2009-04-22 14:03:07.510,1900-01-01 00:00:00.000,Y,3017
*,OUT375.2,Install steel structures-Opencast,,1,2009-04-22 14:03:07.713,2012-04-22 14:03:07.713,2009-04-22 14:03:07.713,1900-01-01 00:00:00.000,Y,3018
*,OUT378.2,Assist with installation- Opencast,,3,2009-04-22 14:03:07.917,2012-04-22 14:03:07.917,2009-04-22 14:03:07.917,1900-01-01 00:00:00.000,Y,3019
*,OUT545.2,Install and test electrical cables-underground coal,,8,2009-04-22 14:03:17.057,2012-04-22 14:03:17.057,2009-04-22 14:03:17.057,1900-01-01 00:00:00.000,Y,3020
*,OUT546.2,Service switchgear-undergound coal,,22,2009-04-22 14:03:18.090,2012-04-22 14:03:18.090,2009-04-22 14:03:18.090,1900-01-01 00:00:00.000,Y,3021
*,OUT548.2,Isolate and test meduim voltage equipment-underground coal,,7,2009-04-22 14:03:18.667,2012-04-22 14:03:18.667,2009-04-22 14:03:18.667,1900-01-01 00:00:00.000,Y,3022
*,OUT72.2,Fabricate Engineering Components - Plater Welder,,2,2009-04-22 14:03:36.290,2012-04-22 14:03:36.290,2009-04-22 14:03:36.290,1900-01-01 00:00:00.000,Y,3023
*,OUT75.2,Maintain equipment-Metalliferous,,2,2009-04-22 14:03:37.323,2012-04-22 14:03:37.323,2009-04-22 14:03:37.323,1900-01-01 00:00:00.000,Y,3024
*,OUT76.2,Repair equipment-Metaliferous,,1,2009-04-22 14:03:37.713,2012-04-22 14:03:37.713,2009-04-22 14:03:37.713,1900-01-01 00:00:00.000,Y,3025
*,OUT78.2,Fabricate pipe sections-Metalliferous,,1,2009-04-22 14:03:38.057,2012-04-22 14:03:38.057,2009-04-22 14:03:38.057,1900-01-01 00:00:00.000,Y,3026
*,OUT79.2,Fabricate steel structures-Metaliferous,,1,2009-04-22 14:03:38.323,2012-04-22 14:03:38.323,2009-04-22 14:03:38.323,1900-01-01 00:00:00.000,Y,3027
*,OUT80.2,Install steel structures-Metaliferous,,1,2009-04-22 14:03:38.527,2012-04-22 14:03:38.527,2009-04-22 14:03:38.527,1900-01-01 00:00:00.000,Y,3028
*,OUT81.2,Assist with inspection-Metaliferous,,2,2009-04-22 14:03:38.683,2012-04-22 14:03:38.683,2009-04-22 14:03:38.683,1900-01-01 00:00:00.000,Y,3029
*,OUT82.2,Assist with repairs and fabrication-Metaliferous,,2,2009-04-22 14:03:38.963,2012-04-22 14:03:38.963,2009-04-22 14:03:38.963,1900-01-01 00:00:00.000,Y,3030
*,OUT83.2,Assist with installation-Metaliferous,,1,2009-04-22 14:03:39.197,2012-04-22 14:03:39.197,2009-04-22 14:03:39.197,1900-01-01 00:00:00.000,Y,3031
*,OUT84.2,Assist with maintenance-Metaliferous,,2,2009-04-22 14:03:39.760,2012-04-22 14:03:39.760,2009-04-22 14:03:39.760,1900-01-01 00:00:00.000,Y,3032
*,OUT528.2,Maintain and overhaul pumps-opencast,,6,2009-04-22 14:03:49.650,2012-04-22 14:03:49.650,2009-04-22 14:03:49.650,1900-01-01 00:00:00.000,Y,3033
*,OUT553.2,Install and test electrical cables-surface coal,,8,2009-04-22 14:03:59.463,2012-04-22 14:03:59.463,2009-04-22 14:03:59.463,1900-01-01 00:00:00.000,Y,3034
*,OUT556.2,Isolate and test medium voltage equipment-surface coal,,2,2009-04-22 14:04:00.777,2012-04-22 14:04:00.777,2009-04-22 14:04:00.777,1900-01-01 00:00:00.000,Y,3035
*,OUT546,Service switchgear-undergound coal,,22,2009-04-22 14:05:01.447,2012-04-22 14:05:01.447,2009-04-22 14:05:01.447,1900-01-01 00:00:00.000,Y,3036
*,OUT380,Maintain gearbox-underground coal,,6,2009-04-22 14:26:06.557,2012-04-22 14:26:06.557,2009-04-22 14:26:06.557,1900-01-01 00:00:00.000,Y,3037
*,OUT381,Adjust and align drive systems-underground coal,,4,2009-04-22 14:26:06.853,2012-04-22 14:26:06.853,2009-04-22 14:26:06.853,1900-01-01 00:00:00.000,Y,3038
*,OUT382.2,Maintain pumps-underground coal,,3,2009-04-22 14:26:07.073,2012-04-22 14:26:07.073,2009-04-22 14:26:07.073,1900-01-01 00:00:00.000,Y,3039
*,OUT388.2,Maintain hydraulic circuits(underground machinery),,11,2009-04-22 14:26:07.713,2012-04-22 14:26:07.713,2009-04-22 14:26:07.713,1900-01-01 00:00:00.000,Y,3040
*,OUT389.2,Service coal mining machines-underground coal,,11,2009-04-22 14:26:08.040,2012-04-22 14:26:08.040,2009-04-22 14:26:08.040,1900-01-01 00:00:00.000,Y,3041
*,OUT397.2,Manufacture a work piece-undergound coal,,16,2009-04-22 14:26:09.120,2012-04-22 14:26:09.120,2009-04-22 14:26:09.120,1900-01-01 00:00:00.000,Y,3042
*,OUT444.2,Maintain equipment -opencast,,2,2009-04-22 14:26:14.370,2012-04-22 14:26:14.370,2009-04-22 14:26:14.370,1900-01-01 00:00:00.000,Y,3043
*,OUT445.2,Repair equipment-opencast,,1,2009-04-22 14:26:14.650,2012-04-22 14:26:14.650,2009-04-22 14:26:14.650,1900-01-01 00:00:00.000,Y,3044
*,OUT446.2,Fabricate bins/hoppers-opencast,,2,2009-04-22 14:26:14.853,2012-04-22 14:26:14.853,2009-04-22 14:26:14.853,1900-01-01 00:00:00.000,Y,3045
*,OUT447.2,Fabricate pipe sections-opencast,,1,2009-04-22 14:26:14.993,2012-04-22 14:26:14.993,2009-04-22 14:26:14.993,1900-01-01 00:00:00.000,Y,3046
*,OUT448.2,Fabricate steel structures-opencast,,1,2009-04-22 14:26:15.307,2012-04-22 14:26:15.307,2009-04-22 14:26:15.307,1900-01-01 00:00:00.000,Y,3047
*,OUT450.2,Assist with repairs of engineering equipment-opencast,,1,2009-04-22 14:26:15.527,2012-04-22 14:26:15.527,2009-04-22 14:26:15.527,1900-01-01 00:00:00.000,Y,3048
*,OUT433.2,Manufacture components-surface diamonds,,7,2009-04-22 14:26:17.590,2012-04-22 14:26:17.590,2009-04-22 14:26:17.590,1900-01-01 00:00:00.000,Y,3049
*,OUT437.2,Repair and service structural enigeneering components-coal,,4,2009-04-22 14:26:23.387,2012-04-22 14:26:23.387,2009-04-22 14:26:23.387,1900-01-01 00:00:00.000,Y,3050
*,OUT451.2,Maintain equipment-diamond opencast,,1,2009-04-22 14:26:38.963,2012-04-22 14:26:38.963,2009-04-22 14:26:38.963,1900-01-01 00:00:00.000,Y,3051
*,OUT453.2,Fabricate bins/hoppers-diamonds opencast,,2,2009-04-22 14:26:39.183,2012-04-22 14:26:39.183,2009-04-22 14:26:39.183,1900-01-01 00:00:00.000,Y,3052
*,OUT456.2,Fabricate steel structures-diamonds opencast,,1,2009-04-22 14:26:39.650,2012-04-22 14:26:39.650,2009-04-22 14:26:39.650,1900-01-01 00:00:00.000,Y,3053
*,OUT457.2,Install steel structures-diamonds opencast,,1,2009-04-22 14:26:39.823,2012-04-22 14:26:39.823,2009-04-22 14:26:39.823,1900-01-01 00:00:00.000,Y,3054
*,OUT459.2,Assist with repairs and fabricate engineering components-diamonds opencast,,1,2009-04-22 14:26:40.040,2012-04-22 14:26:40.040,2009-04-22 14:26:40.040,1900-01-01 00:00:00.000,Y,3055
*,OUT460.2,Assist with installation of enigineering components and equipment-diamond opencast,,3,2009-04-22 14:26:40.353,2012-04-22 14:26:40.353,2009-04-22 14:26:40.353,1900-01-01 00:00:00.000,Y,3056
*,OUT136.2,Maintain diesel and petrol systems,,3,2009-04-22 14:26:46.993,2012-04-22 14:26:46.993,2009-04-22 14:26:46.993,1900-01-01 00:00:00.000,Y,3057
*,OUT162.2,Replace rotary filter components-Metaliferous 1,,2,2009-04-22 14:26:56.620,2012-04-22 14:26:56.620,2009-04-22 14:26:56.620,1900-01-01 00:00:00.000,Y,3058
*,OUT163.2,Replace crusher components-Metaliferous 1,,7,2009-04-22 14:26:56.807,2012-04-22 14:26:56.807,2009-04-22 14:26:56.807,1900-01-01 00:00:00.000,Y,3059
*,OUT419.2,Manufacture components-underground diamonds,,7,2009-04-22 14:27:00.697,2012-04-22 14:27:00.697,2009-04-22 14:27:00.697,1900-01-01 00:00:00.000,Y,3060
*,OUT584.2,Assist with maintaining winder ropes and equipment-surface/underground,,3,2009-04-23 20:31:23.660,2012-04-23 20:31:23.660,2009-04-23 20:31:23.660,1900-01-01 00:00:00.000,Y,3061
*,OUT607.2,Maintain pumps- surface coal,,3,2009-04-23 20:31:33.707,2012-04-23 20:31:33.707,2009-04-23 20:31:33.707,1900-01-01 00:00:00.000,Y,3062
*,OUT620.2,Operate power machines- surface coal,,2,2009-04-23 20:31:35.173,2012-04-23 20:31:35.173,2009-04-23 20:31:35.173,1900-01-01 00:00:00.000,Y,3063
*,OUT512.2,Install and align drive systems-opencast,,3,2009-04-23 20:31:42.473,2012-04-23 20:31:42.473,2009-04-23 20:31:42.473,1900-01-01 00:00:00.000,Y,3064
*,OUT521,Maintain valves-opencast,,7,2009-04-23 20:31:42.567,2012-04-23 20:31:42.567,2009-04-23 20:31:42.567,1900-01-01 00:00:00.000,Y,3065
*,OUT525.2,Maintain crushers-opencsat,,6,2009-04-23 20:31:42.830,2012-04-23 20:31:42.830,2009-04-23 20:31:42.830,1900-01-01 00:00:00.000,Y,3066
*,OUT526,Maintain and overhaul gearboxes-opencast,,4,2009-04-23 20:31:43.080,2012-04-23 20:31:43.080,2009-04-23 20:31:43.080,1900-01-01 00:00:00.000,Y,3067
*,OUT657.2,Maintain Conveyor Belts - Open Cast,,7,2009-04-23 20:31:43.643,2012-04-23 20:31:43.643,2009-04-23 20:31:43.643,1900-01-01 00:00:00.000,Y,3068
*,OUT658.2,Inspect Compressors - Open Cast,,7,2009-04-23 20:31:43.893,2012-04-23 20:31:43.893,2009-04-23 20:31:43.893,1900-01-01 00:00:00.000,Y,3069
*,OUT274.2,"Explain, wire and test 3-phase motor starters-core",,0,2009-05-11 22:04:57.527,2012-05-11 22:04:57.527,2009-05-11 22:04:57.527,1900-01-01 00:00:00.000,Y,3070
*,OUT578.2,Test and maintain LT and HT transformers-open cast,,0,2009-05-11 22:04:59.870,2012-05-11 22:04:59.870,2009-05-11 22:04:59.870,1900-01-01 00:00:00.000,Y,3071
*,OUT131.2,Use basic hand tools,,3,2009-05-11 22:05:01.430,2012-05-11 22:05:01.430,2009-05-11 22:05:01.430,1900-01-01 00:00:00.000,Y,3072
*,OUT193.2,Use electrical test instruments,,1,2009-05-11 22:05:02.133,2012-05-11 22:05:02.133,2009-05-11 22:05:02.133,1900-01-01 00:00:00.000,Y,3073
*,EMT-2,Read energy meters,,0,2009-05-11 22:05:02.167,2012-05-11 22:05:02.167,2009-05-11 22:05:02.167,1900-01-01 00:00:00.000,Y,3074
*,OUT194.2,Explain electrical power supplies,,1,2009-05-11 22:05:02.370,2012-05-11 22:05:02.370,2009-05-11 22:05:02.370,1900-01-01 00:00:00.000,Y,3075
*,OUT195.2,Select and use conductors and cables,,1,2009-05-11 22:05:02.510,2012-05-11 22:05:02.510,2009-05-11 22:05:02.510,1900-01-01 00:00:00.000,Y,3076
*,OUT197.2,Use welding and cutting equipment-c,,1,2009-05-11 22:05:02.790,2012-05-11 22:05:02.790,2009-05-11 22:05:02.790,1900-01-01 00:00:00.000,Y,3077
*,OUT204.2,Remove and install bearings-c,,1,2009-05-11 22:05:04.993,2012-05-11 22:05:04.993,2009-05-11 22:05:04.993,1900-01-01 00:00:00.000,Y,3078
*,OUT209.2,Maintain/Overhaul equipment-c,,5,2009-05-11 22:05:05.870,2012-05-11 22:05:05.870,2009-05-11 22:05:05.870,1900-01-01 00:00:00.000,Y,3079
*,OUT210.2,Construct hydraulic circuits-c,,1,2009-05-11 22:05:06.430,2012-05-11 22:05:06.430,2009-05-11 22:05:06.430,1900-01-01 00:00:00.000,Y,3080
*,OUT201.2,Wire and explain DC machines-c,,1,2009-05-11 22:05:19.010,2012-05-11 22:05:19.010,2009-05-11 22:05:19.010,1900-01-01 00:00:00.000,Y,3081
*,"46100",DIAMOND AND JEWEL SETTING (excluding Marcasite Setting) ,,120,2001-01-01 00:00:00.000,2012-01-01 00:00:00.000,2014-01-01 00:00:00.000,1900-01-01 00:00:00.000,Y,3082
*,OUT276,"Use, identify, and test electronic components and construct circuits-core",,12,2009-05-21 20:02:52.997,2012-05-21 20:02:52.997,2009-05-21 20:02:52.997,1900-01-01 00:00:00.000,Y,3083
*,OUT372,Fabricate bins/hoppers-Opencast,,5,2009-05-26 14:03:53.030,2012-05-26 14:03:53.030,2009-05-26 14:03:53.030,1900-01-01 00:00:00.000,Y,3084
*,OUT68.2,Use Basic Hand Tools - Plater Welder,,3,2009-05-26 14:05:56.423,2012-05-26 14:05:56.423,2009-05-26 14:05:56.423,1900-01-01 00:00:00.000,Y,3085
*,OUT71.2,Fabricate and Erect Steel Construction - Plater / Welder,,1,2009-05-26 14:06:49.687,2012-05-26 14:06:49.687,2009-05-26 14:06:49.687,1900-01-01 00:00:00.000,Y,3086
*,OUT85.2,Develop and fabricate by means of parallel line methods,,1,2009-05-26 14:08:15.827,2012-05-26 14:08:15.827,2009-05-26 14:08:15.827,1900-01-01 00:00:00.000,Y,3087
*,OUT89.2,Join metal by means of arc welding,,1,2009-05-26 14:09:22.563,2012-05-26 14:09:22.563,2009-05-26 14:09:22.563,1900-01-01 00:00:00.000,Y,3088
*,OUT350.2,Operate plater machines-coal,,1,2009-05-26 20:49:36.183,2012-05-26 20:49:36.183,2009-05-26 20:49:36.183,1900-01-01 00:00:00.000,Y,3089
*,OUT133,Remove and install bearings,,3,2009-05-26 20:49:52.467,2012-05-26 20:49:52.467,2009-05-26 20:49:52.467,1900-01-01 00:00:00.000,Y,3090
*,OUT164.2,Repair conveyor belt systems-Metalifeous 1,,2,2009-05-26 20:50:02.343,2012-05-26 20:50:02.343,2009-05-26 20:50:02.343,1900-01-01 00:00:00.000,Y,3091
*,OUT30.2,Use Basic Machine Tools,,1,2009-05-26 20:50:08.107,2012-05-26 20:50:08.107,2009-05-26 20:50:08.107,1900-01-01 00:00:00.000,Y,3092
*,OUT302.2,Use power tools,,2,2009-05-26 20:50:08.593,2012-05-26 20:50:08.593,2009-05-26 20:50:08.593,1900-01-01 00:00:00.000,Y,3093
*,OUT303.2,Maintain transmissions,,4,2009-05-26 20:50:08.873,2012-05-26 20:50:08.873,2009-05-26 20:50:08.873,1900-01-01 00:00:00.000,Y,3094
*,OUT306.2,Maintain fuel systems,,6,2009-05-26 20:50:09.297,2012-05-26 20:50:09.297,2009-05-26 20:50:09.297,1900-01-01 00:00:00.000,Y,3095
*,"43-D",Lubricate and service the following units on a vehicle: a. Diesel engine b. Transmission c. Differential d. Wheel bearings e. Chassis,,0,2009-05-26 20:50:10.153,2012-05-26 20:50:10.153,2009-05-26 20:50:10.153,1900-01-01 00:00:00.000,Y,3096
*,OUT310.2,Maintain a vehicle-Coal,,4,2009-05-26 20:50:10.327,2012-05-26 20:50:10.327,2009-05-26 20:50:10.327,1900-01-01 00:00:00.000,Y,3097
*,OUT36.2,Construct Pneumatic Circuits,,1,2009-05-26 20:50:11.950,2012-05-26 20:50:11.950,2009-05-26 20:50:11.950,1900-01-01 00:00:00.000,Y,3098
*,OUT206.2,Maintain valves,,1,2009-05-27 20:40:10.017,2012-05-27 20:40:10.017,2009-05-27 20:40:10.017,1900-01-01 00:00:00.000,Y,3099
*,OUT512,Install and align drive systems-opencast,,2,2009-05-27 20:42:04.313,2012-05-27 20:42:04.313,2009-05-27 20:42:04.313,1900-01-01 00:00:00.000,Y,3100
*,OUT524,Maintain and align a chain drive-opencast,,2,2009-05-27 20:43:11.953,2012-05-27 20:43:11.953,2009-05-27 20:43:11.953,1900-01-01 00:00:00.000,Y,3101
*,OUT525,Maintain crushers-opencsat,,4,2009-05-27 20:43:18.767,2012-05-27 20:43:18.767,2009-05-27 20:43:18.767,1900-01-01 00:00:00.000,Y,3102
*,OUT529,Maintain belt conveyor systems-opencast,,2,2009-05-27 20:43:50.563,2012-05-27 20:43:50.563,2009-05-27 20:43:50.563,1900-01-01 00:00:00.000,Y,3103
*,OUT94.2,Remove and install bearings,,2,2009-06-01 22:17:10.083,2012-06-01 22:17:10.083,2009-06-01 22:17:10.083,1900-01-01 00:00:00.000,Y,3104
*,OUT194,Explain electrical power supplies,,3,2009-06-01 22:17:41.693,2012-06-01 22:17:41.693,2009-06-01 22:17:41.693,1900-01-01 00:00:00.000,Y,3105
*,OUT102.2,Shape a work piece,,3,2009-06-01 22:17:55.930,2012-06-01 22:17:55.930,2009-06-01 22:17:55.930,1900-01-01 00:00:00.000,Y,3106
*,OUT104.2,Mill a work piece,,2,2009-06-01 22:17:56.413,2012-06-01 22:17:56.413,2009-06-01 22:17:56.413,1900-01-01 00:00:00.000,Y,3107
*,OUT454,Fabricate pipe sections-diamond opencast,,4,2009-06-01 22:18:36.570,2012-06-01 22:18:36.570,2009-06-01 22:18:36.570,1900-01-01 00:00:00.000,Y,3108
*,OUT102,Shape a work piece,,5,2009-06-01 22:18:38.210,2012-06-01 22:18:38.210,2009-06-01 22:18:38.210,1900-01-01 00:00:00.000,Y,3109
*,OUT104,Mill a work piece,,8,2009-06-01 22:18:38.523,2012-06-01 22:18:38.523,2009-06-01 22:18:38.523,1900-01-01 00:00:00.000,Y,3110
*,OUT107.2,Maintain fans,,1,2009-06-01 22:18:38.897,2012-06-01 22:18:38.897,2009-06-01 22:18:38.897,1900-01-01 00:00:00.000,Y,3111
*,OUT125.2,Replace rotary filter components-metaliferous,,2,2009-06-01 22:18:40.977,2012-06-01 22:18:40.977,2009-06-01 22:18:40.977,1900-01-01 00:00:00.000,Y,3112
*,OUT126.2,Replace crusher components-metaliferous,,7,2009-06-01 22:18:41.193,2012-06-01 22:18:41.193,2009-06-01 22:18:41.193,1900-01-01 00:00:00.000,Y,3113
*,OUT127.2,Repair conveyor belt systems-metaliferous,,2,2009-06-01 22:18:41.537,2012-06-01 22:18:41.537,2009-06-01 22:18:41.537,1900-01-01 00:00:00.000,Y,3114
*,OUT607,Maintain pumps- surface coal,,3,2009-06-01 22:18:54.693,2012-06-01 22:18:54.693,2009-06-01 22:18:54.693,1900-01-01 00:00:00.000,Y,3115
*,OUT620,Operate power machines- surface coal,,8,2009-06-01 22:18:56.367,2012-06-01 22:18:56.367,2009-06-01 22:18:56.367,1900-01-01 00:00:00.000,Y,3116
*,OUT94,Remove and install bearings,,3,2009-06-01 22:18:57.320,2012-06-01 22:18:57.320,2009-06-01 22:18:57.320,1900-01-01 00:00:00.000,Y,3117
*,OUT36,Construct Pneumatic Circuits,,11,2009-06-01 22:19:06.133,2012-06-01 22:19:06.133,2009-06-01 22:19:06.133,1900-01-01 00:00:00.000,Y,3118
*,OUT668.2,Maintain Conveyor Belt - Open Cast,,6,2009-06-01 22:19:09.100,2012-06-01 22:19:09.100,2009-06-01 22:19:09.100,1900-01-01 00:00:00.000,Y,3119
*,OUT380,Assist with repairs and fabrication,,5,2009-06-04 19:40:29.880,2012-06-04 19:40:29.880,2009-06-04 19:40:29.880,1900-01-01 00:00:00.000,Y,3120
*,OUT381,Assist with maintenance,,5,2009-06-04 19:40:30.033,2012-06-04 19:40:30.033,2009-06-04 19:40:30.033,1900-01-01 00:00:00.000,Y,3121
*,"39873",Assist maintaining a receiver (daily),,0,2009-06-04 19:40:47.003,2012-06-04 19:40:47.003,2009-06-04 19:40:47.003,1900-01-01 00:00:00.000,Y,3122
*,"39874",Assist maintaining a receiver (yearly),,0,2009-06-04 19:41:30.597,2012-06-04 19:41:30.597,2009-06-04 19:41:30.597,1900-01-01 00:00:00.000,Y,3123
*,OUT95,Maintain and align drive systems,,5,2009-06-04 19:41:34.363,2012-06-04 19:41:34.363,2009-06-04 19:41:34.363,1900-01-01 00:00:00.000,Y,3124
*,OUT532,Maintain and replace bearings-opencast,,2,2009-06-04 19:41:43.723,2012-06-04 19:41:43.723,2009-06-04 19:41:43.723,1900-01-01 00:00:00.000,Y,3125
*,MAR-!,Assist maintaining a receiver (daily),,0,2009-06-04 19:41:43.957,2012-06-04 19:41:43.957,2009-06-04 19:41:43.957,1900-01-01 00:00:00.000,Y,3126
*,OUT131,Use basic hand tools,,10,2009-06-04 19:42:09.053,2012-06-04 19:42:09.053,2009-06-04 19:42:09.053,1900-01-01 00:00:00.000,Y,3127
*,"9527","Lead a team, plan. allocate and assess their work",,4,2006-11-07 00:00:00.000,2009-11-07 00:00:00.000,2010-11-07 00:00:00.000,1900-01-01 00:00:00.000,Y,3128
*,OUT911.1,Use basic hand tools,,16,2009-06-08 09:10:42.073,2012-06-08 09:10:42.073,2009-06-08 09:10:42.073,1900-01-01 00:00:00.000,Y,3129
*,OUT911.2,Use basic hand tools,,16,2009-06-08 09:10:43.010,2012-06-08 09:10:43.010,2009-06-08 09:10:43.010,1900-01-01 00:00:00.000,Y,3130
*,OUT912,Use basic machine tools,,20,2009-06-08 09:10:43.087,2012-06-08 09:10:43.087,2009-06-08 09:10:43.087,1900-01-01 00:00:00.000,Y,3131
*,OUT914,Maintain and align drive systems,,7,2009-06-08 09:10:43.540,2012-06-08 09:10:43.540,2009-06-08 09:10:43.540,1900-01-01 00:00:00.000,Y,3132
*,OUT915,Maintain valves,,4,2009-06-08 09:10:43.993,2012-06-08 09:10:43.993,2009-06-08 09:10:43.993,1900-01-01 00:00:00.000,Y,3133
*,OUT917,Construct hydraulic circuits,,10,2009-06-08 09:10:44.493,2012-06-08 09:10:44.493,2009-06-08 09:10:44.493,1900-01-01 00:00:00.000,Y,3134
*,OUT918,Use welding and cutting equiment,,5,2009-06-08 09:10:45.073,2012-06-08 09:10:45.073,2009-06-08 09:10:45.073,1900-01-01 00:00:00.000,Y,3135
*,OUT919,Maintain/Overhaul pumps and gearboxes,,9,2009-06-08 09:10:45.463,2012-06-08 09:10:45.463,2009-06-08 09:10:45.463,1900-01-01 00:00:00.000,Y,3136
*,OUT935,Remove and install bearings,,10,2009-06-08 09:10:47.040,2012-06-08 09:10:47.040,2009-06-08 09:10:47.040,1900-01-01 00:00:00.000,Y,3137
*,OUT936,Maintain diesel and petrol systems,,3,2009-06-08 09:10:50.493,2012-06-08 09:10:50.493,2009-06-08 09:10:50.493,1900-01-01 00:00:00.000,Y,3138
*,OUT937,Maintain diesel and petrol systems,,3,2009-06-08 09:10:56.180,2012-06-08 09:10:56.180,2009-06-08 09:10:56.180,1900-01-01 00:00:00.000,Y,3139
*,OUT939,Shape a work piece,,5,2009-06-08 09:10:56.523,2012-06-08 09:10:56.523,2009-06-08 09:10:56.523,1900-01-01 00:00:00.000,Y,3140
*,OUT941,Adjust and align drive systems- underground coal,,4,2009-06-08 09:10:59.523,2012-06-08 09:10:59.523,2009-06-08 09:10:59.523,1900-01-01 00:00:00.000,Y,3141
*,OUT942,Maintain pumps- underground coal,,4,2009-06-08 09:11:02.760,2012-06-08 09:11:02.760,2009-06-08 09:11:02.760,1900-01-01 00:00:00.000,Y,3142
*,OUT943,Maintain pumps- underground coal,,3,2009-06-08 09:11:02.837,2012-06-08 09:11:02.837,2009-06-08 09:11:02.837,1900-01-01 00:00:00.000,Y,3143
*,OUT944,Service and test compessors-underground coal,,3,2009-06-08 09:11:03.023,2012-06-08 09:11:03.023,2009-06-08 09:11:03.023,1900-01-01 00:00:00.000,Y,3144
*,OUT945,Service a conveyor system- underground coal,,4,2009-06-08 09:11:03.650,2012-06-08 09:11:03.650,2009-06-08 09:11:03.650,1900-01-01 00:00:00.000,Y,3145
*,OUT946,Examine crushers and screens- underground coal,,4,2009-06-08 09:11:04.510,2012-06-08 09:11:04.510,2009-06-08 09:11:04.510,1900-01-01 00:00:00.000,Y,3146
*,OUT947,Check maintain air and water columns- underground coal,,5,2009-06-08 09:11:06.103,2012-06-08 09:11:06.103,2009-06-08 09:11:06.103,1900-01-01 00:00:00.000,Y,3147
*,OUT948,Maintain pneumatic circuits- underground coal,,3,2009-06-08 09:11:06.917,2012-06-08 09:11:06.917,2009-06-08 09:11:06.917,1900-01-01 00:00:00.000,Y,3148
*,OUT949,Maintain hydraulic circuits(underground machinery)- underground coal,,2,2009-06-08 09:11:07.057,2012-06-08 09:11:07.057,2009-06-08 09:11:07.057,1900-01-01 00:00:00.000,Y,3149
*,OUT950,Maintain hydraulic circuits(underground machinery)- underground coal,,11,2009-06-08 09:11:07.260,2012-06-08 09:11:07.260,2009-06-08 09:11:07.260,1900-01-01 00:00:00.000,Y,3150
*,OUT951,Service coal mining machines- underground coal,,2,2009-06-08 09:11:07.587,2012-06-08 09:11:07.587,2009-06-08 09:11:07.587,1900-01-01 00:00:00.000,Y,3151
*,OUT952,Service coal mining machines- underground coal,,11,2009-06-08 09:11:07.727,2012-06-08 09:11:07.727,2009-06-08 09:11:07.727,1900-01-01 00:00:00.000,Y,3152
*,OUT953,Adjust clutches- underground coal,,5,2009-06-08 09:11:08.150,2012-06-08 09:11:08.150,2009-06-08 09:11:08.150,1900-01-01 00:00:00.000,Y,3153
*,OUT954,"Change, align and adjust the tracks of a track driven machine- underground coal",,3,2009-06-08 09:11:09.790,2012-06-08 09:11:09.790,2009-06-08 09:11:09.790,1900-01-01 00:00:00.000,Y,3154
*,OUT955,Maintain hydraulic circuits(opencast machinery)- underground coal,,6,2009-06-08 09:11:12.180,2012-06-08 09:11:12.180,2009-06-08 09:11:12.180,1900-01-01 00:00:00.000,Y,3155
*,OUT956,Service and adjust air brakes- underground coal,,2,2009-06-08 09:11:12.870,2012-06-08 09:11:12.870,2009-06-08 09:11:12.870,1900-01-01 00:00:00.000,Y,3156
*,OUT957,Lift and move loads- underground coal,,4,2009-06-08 09:11:13.027,2012-06-08 09:11:13.027,2009-06-08 09:11:13.027,1900-01-01 00:00:00.000,Y,3157
*,OUT958,Operate power machines- underground coal,,3,2009-06-08 09:11:13.150,2012-06-08 09:11:13.150,2009-06-08 09:11:13.150,1900-01-01 00:00:00.000,Y,3158
*,OUT959,Repair coal drills- underground coal,,3,2009-06-08 09:11:13.353,2012-06-08 09:11:13.353,2009-06-08 09:11:13.353,1900-01-01 00:00:00.000,Y,3159
*,OUT960,M anufacture a work piece- underground coal,,14,2009-06-08 09:11:13.493,2012-06-08 09:11:13.493,2009-06-08 09:11:13.493,1900-01-01 00:00:00.000,Y,3160
*,OUT913,Remove and install bearings,,10,2009-06-08 09:11:21.510,2012-06-08 09:11:21.510,2009-06-08 09:11:21.510,1900-01-01 00:00:00.000,Y,3161
*,OUT916,Maintain diesel and petrol systems,,3,2009-06-08 09:11:22.167,2012-06-08 09:11:22.167,2009-06-08 09:11:22.167,1900-01-01 00:00:00.000,Y,3162
*,OUT930,Remove and install bearings,,2,2009-06-08 09:11:24.073,2012-06-08 09:11:24.073,2009-06-08 09:11:24.073,1900-01-01 00:00:00.000,Y,3163
*,OUT920,Lift and Move Equipment,,2,2009-06-08 09:11:29.430,2012-06-08 09:11:29.430,2009-06-08 09:11:29.430,1900-01-01 00:00:00.000,Y,3164
*,OUT921,Install and align drive systems-opencast,,6,2009-06-08 09:11:29.680,2012-06-08 09:11:29.680,2009-06-08 09:11:29.680,1900-01-01 00:00:00.000,Y,3165
*,OUT922,Install and align drive systems-opencast,,3,2009-06-08 09:11:29.823,2012-06-08 09:11:29.823,2009-06-08 09:11:29.823,1900-01-01 00:00:00.000,Y,3166
*,OUT924,Maintain and replace bearings-opencast,,4,2009-06-08 09:11:29.930,2012-06-08 09:11:29.930,2009-06-08 09:11:29.930,1900-01-01 00:00:00.000,Y,3167
*,OUT925,Maintain workshop machinery,,6,2009-06-08 09:11:30.243,2012-06-08 09:11:30.243,2009-06-08 09:11:30.243,1900-01-01 00:00:00.000,Y,3168
*,OUT926,Maintain Conveyor Belts - Open Cast,,10,2009-06-08 09:11:30.353,2012-06-08 09:11:30.353,2009-06-08 09:11:30.353,1900-01-01 00:00:00.000,Y,3169
*,OUT927,Inspect Compressors - Open Cast,,4,2009-06-08 09:11:30.587,2012-06-08 09:11:30.587,2009-06-08 09:11:30.587,1900-01-01 00:00:00.000,Y,3170
*,OUT928,Inspect Compressors - Open Cast,,4,2009-06-08 09:11:30.713,2012-06-08 09:11:30.713,2009-06-08 09:11:30.713,1900-01-01 00:00:00.000,Y,3171
*,OUT929,Maintain crushers-opencsat,,5,2009-06-08 09:11:31.120,2012-06-08 09:11:31.120,2009-06-08 09:11:31.120,1900-01-01 00:00:00.000,Y,3172
*,OUT932,Maintain and overhaul gearboxes-opencast,,3,2009-06-08 09:11:31.290,2012-06-08 09:11:31.290,2009-06-08 09:11:31.290,1900-01-01 00:00:00.000,Y,3173
*,OUT30,Use Basic Machine Tools,,9,2009-06-09 20:26:12.780,2012-06-09 20:26:12.780,2009-06-09 20:26:12.780,1900-01-01 00:00:00.000,Y,3174
*,OUT31,Remove and Install Bearings,,6,2009-06-09 20:26:14.907,2012-06-09 20:26:14.907,2009-06-09 20:26:14.907,1900-01-01 00:00:00.000,Y,3175
*,OUT43,Maintain auto-electrical systems,,3,2009-06-09 20:26:17.483,2012-06-09 20:26:17.483,2009-06-09 20:26:17.483,1900-01-01 00:00:00.000,Y,3176
*,OUT61.2,Repair a Differential,,1,2009-06-09 20:26:21.983,2012-06-09 20:26:21.983,2009-06-09 20:26:21.983,1900-01-01 00:00:00.000,Y,3177
*,OUT39.1,Maintain and Repair Universals and Clutches,,2,2009-06-09 20:26:25.110,2012-06-09 20:26:25.110,2009-06-09 20:26:25.110,1900-01-01 00:00:00.000,Y,3178
*,OUT39.2,Maintain and Repair Universals and Clutches,,1,2009-06-09 20:26:25.187,2012-06-09 20:26:25.187,2009-06-09 20:26:25.187,1900-01-01 00:00:00.000,Y,3179
*,OUT523.2,Maintain brake systems,,1,2009-06-09 20:26:26.017,2012-06-09 20:26:26.017,2009-06-09 20:26:26.017,1900-01-01 00:00:00.000,Y,3180
*,OUT665.2,Maintain a Vehicle,,2,2009-06-09 20:26:26.983,2012-06-09 20:26:26.983,2009-06-09 20:26:26.983,1900-01-01 00:00:00.000,Y,3181
*,MCI-DRG-1,Read and interpret electrical drawings,,8,2009-10-01 00:00:00.000,2012-10-01 00:00:00.000,2013-10-01 00:00:00.000,1900-01-01 00:00:00.000,Y,3182
*,MCI-MMI-E,Use measuring instruments and marking off tools,,2,2009-10-01 00:00:00.000,2012-10-01 00:00:00.000,2013-10-01 00:00:00.000,1900-01-01 00:00:00.000,Y,3183
*,MCI-HM-1,Use handtools,,8,2009-10-01 00:00:00.000,2012-10-01 00:00:00.000,2013-10-01 00:00:00.000,1900-01-01 00:00:00.000,Y,3184
*,MCI-HM-2,Use and maintain a pedestal drill,,1,2009-10-01 00:00:00.000,2012-10-01 00:00:00.000,2013-10-01 00:00:00.000,1900-01-01 00:00:00.000,Y,3185
*,MCI-MG,Use and maintain a pedestal grinder,,2,2009-10-01 00:00:00.000,2012-10-01 00:00:00.000,2013-10-01 00:00:00.000,1900-01-01 00:00:00.000,Y,3186
*,MCI-OPE-1,Use and maintain a portable drilling machine,,2,2009-10-01 00:00:00.000,2012-10-01 00:00:00.000,2013-10-01 00:00:00.000,1900-01-01 00:00:00.000,Y,3187
*,MCI-CA-1,Fit a 16 ampere plug top,,1,2009-10-01 00:00:00.000,2012-10-01 00:00:00.000,2013-10-01 00:00:00.000,1900-01-01 00:00:00.000,Y,3188
*,MCI-CA-2,Fit a compression gland,,1,2009-10-01 00:00:00.000,2012-10-01 00:00:00.000,2013-10-01 00:00:00.000,1900-01-01 00:00:00.000,Y,3189
*,MCI-CA-3,Fit a amour cable,,1,2009-10-01 00:00:00.000,2012-10-01 00:00:00.000,2013-10-01 00:00:00.000,1900-01-01 00:00:00.000,Y,3190
*,MCI-CA-4,Join a low tension cable,,4,2009-10-01 00:00:00.000,2012-10-01 00:00:00.000,2013-10-01 00:00:00.000,1900-01-01 00:00:00.000,Y,3191
*,MCI-EMT-1,Use electrical measuring instruments,,1,2009-10-01 00:00:00.000,2012-10-01 00:00:00.000,2013-10-01 00:00:00.000,1900-01-01 00:00:00.000,Y,3192
*,MCI-MAT-1,Explain electromagnetism,,3,2009-10-01 00:00:00.000,2012-10-01 00:00:00.000,2013-10-01 00:00:00.000,1900-01-01 00:00:00.000,Y,3193
*,MCI-UP-T,Convert units and prefixes,,1,2009-10-01 00:00:00.000,2012-10-01 00:00:00.000,2013-10-01 00:00:00.000,1900-01-01 00:00:00.000,Y,3194
*,MCI-EU-T,Analise electrical units,,1,2009-10-01 00:00:00.000,2012-10-01 00:00:00.000,2013-10-01 00:00:00.000,1900-01-01 00:00:00.000,Y,3195
*,MCI-UDM,Use digital multimeter,,3,2009-10-01 00:00:00.000,2012-10-01 00:00:00.000,2013-10-01 00:00:00.000,1900-01-01 00:00:00.000,Y,3196
*,MCI-PW-1,Test a resistance box,,1,2009-10-01 00:00:00.000,2012-10-01 00:00:00.000,2013-10-01 00:00:00.000,1900-01-01 00:00:00.000,Y,3197
*,MCI-OAC,Use oxy-acetylene cutting equipment,,3,2009-10-01 00:00:00.000,2012-10-01 00:00:00.000,2013-10-01 00:00:00.000,1900-01-01 00:00:00.000,Y,3198
*,MCI-OAW,Use oxy acetylene and arc welding equipment,,4,2009-10-01 00:00:00.000,2012-10-01 00:00:00.000,2013-10-01 00:00:00.000,1900-01-01 00:00:00.000,Y,3199
*,MCI-HM-3,Solder components,,2,2009-10-01 00:00:00.000,2012-10-01 00:00:00.000,2013-10-01 00:00:00.000,1900-01-01 00:00:00.000,Y,3200
*,MCI-BE-1,Identify and use resistors,,1,2009-10-01 00:00:00.000,2012-10-01 00:00:00.000,2013-10-01 00:00:00.000,1900-01-01 00:00:00.000,Y,3201
*,MCI-BE-2,Identify and use capacitors,,1,2009-10-01 00:00:00.000,2012-10-01 00:00:00.000,2013-10-01 00:00:00.000,1900-01-01 00:00:00.000,Y,3202
*,MCI-BE-3,Identify and use inductors,,1,2009-10-01 00:00:00.000,2012-10-01 00:00:00.000,2013-10-01 00:00:00.000,1900-01-01 00:00:00.000,Y,3203
*,MCI-BE-4,Identify diodes,,1,2009-10-01 00:00:00.000,2012-10-01 00:00:00.000,2013-10-01 00:00:00.000,1900-01-01 00:00:00.000,Y,3204
*,MCI-TI-2,Use an oscilloscope,,2,2009-10-01 00:00:00.000,2012-10-01 00:00:00.000,2013-10-01 00:00:00.000,1900-01-01 00:00:00.000,Y,3205
*,MCI-BE-5,Construct rectification circuits,,2,2009-10-01 00:00:00.000,2012-10-01 00:00:00.000,2013-10-01 00:00:00.000,1900-01-01 00:00:00.000,Y,3206
*,MCI-BE-6,Identify and use zener diodes,,1,2009-10-01 00:00:00.000,2012-10-01 00:00:00.000,2013-10-01 00:00:00.000,1900-01-01 00:00:00.000,Y,3207
*,MCI-BE-7,Construct a voltage doubler,,1,2009-10-01 00:00:00.000,2012-10-01 00:00:00.000,2013-10-01 00:00:00.000,1900-01-01 00:00:00.000,Y,3208
*,MCI-BE-8,Identify transistor action,,1,2009-10-01 00:00:00.000,2012-10-01 00:00:00.000,2013-10-01 00:00:00.000,1900-01-01 00:00:00.000,Y,3209
*,MCI-BE-9,Identify transistor configurations,,1,2009-10-01 00:00:00.000,2012-10-01 00:00:00.000,2013-10-01 00:00:00.000,1900-01-01 00:00:00.000,Y,3210
*,MCI-BE-10,Test regulated power supplies,,2,2009-10-01 00:00:00.000,2012-10-01 00:00:00.000,2013-10-01 00:00:00.000,1900-01-01 00:00:00.000,Y,3211
*,MCI-BE-11,Test thyristors,,1,2009-10-01 00:00:00.000,2012-10-01 00:00:00.000,2013-10-01 00:00:00.000,1900-01-01 00:00:00.000,Y,3212
*,MCI-BE-12,Test thyristor phase control,,1,2009-10-01 00:00:00.000,2012-10-01 00:00:00.000,2013-10-01 00:00:00.000,1900-01-01 00:00:00.000,Y,3213
*,MCI-IE-1,Test an amplifier,,1,2009-10-01 00:00:00.000,2012-10-01 00:00:00.000,2013-10-01 00:00:00.000,1900-01-01 00:00:00.000,Y,3214
*,MCI-IE-2,Use a transistor as a switch,,1,2009-10-01 00:00:00.000,2012-10-01 00:00:00.000,2013-10-01 00:00:00.000,1900-01-01 00:00:00.000,Y,3215
*,MCI-IE-3,Test multivibrators,,1,2009-10-01 00:00:00.000,2012-10-01 00:00:00.000,2013-10-01 00:00:00.000,1900-01-01 00:00:00.000,Y,3216
*,MCI-IE-4,Identify operational amplifiers,,1,2009-10-01 00:00:00.000,2012-10-01 00:00:00.000,2013-10-01 00:00:00.000,1900-01-01 00:00:00.000,Y,3217
*,MCI-PCC,Construct a continuity tester,,2,2009-10-01 00:00:00.000,2012-10-01 00:00:00.000,2013-10-01 00:00:00.000,1900-01-01 00:00:00.000,Y,3218
*,MCI-IE-5,Test a field effect transitor,,1,2009-10-01 00:00:00.000,2012-10-01 00:00:00.000,2013-10-01 00:00:00.000,1900-01-01 00:00:00.000,Y,3219
*,MCI-IE-6,Test logic gates,,1,2009-10-01 00:00:00.000,2012-10-01 00:00:00.000,2013-10-01 00:00:00.000,1900-01-01 00:00:00.000,Y,3220
*,MCI-NET-1,Introduction to networks,,1,2009-10-01 00:00:00.000,2012-10-01 00:00:00.000,2013-10-01 00:00:00.000,1900-01-01 00:00:00.000,Y,3221
*,MCI-NET-2,Network topologies,,1,2009-10-01 00:00:00.000,2012-10-01 00:00:00.000,2013-10-01 00:00:00.000,1900-01-01 00:00:00.000,Y,3222
*,MCI-NET-3,Network media types,,1,2009-10-01 00:00:00.000,2012-10-01 00:00:00.000,2013-10-01 00:00:00.000,1900-01-01 00:00:00.000,Y,3223
*,MCI-NET-4,Media access methods,,1,2009-10-01 00:00:00.000,2012-10-01 00:00:00.000,2013-10-01 00:00:00.000,1900-01-01 00:00:00.000,Y,3224
*,MCI-NET-5,Network protocols,,1,2009-10-01 00:00:00.000,2012-10-01 00:00:00.000,2013-10-01 00:00:00.000,1900-01-01 00:00:00.000,Y,3225
*,MCI-NET-6,Specialised network equipment,,1,2009-10-01 00:00:00.000,2012-10-01 00:00:00.000,2013-10-01 00:00:00.000,1900-01-01 00:00:00.000,Y,3226
*,MCI-NET-7,TCP/IP Protocol and IP addressing,,1,2009-10-01 00:00:00.000,2012-10-01 00:00:00.000,2013-10-01 00:00:00.000,1900-01-01 00:00:00.000,Y,3227
*,MCI-NET-8,Workgroup and Domain network models,,1,2009-10-01 00:00:00.000,2012-10-01 00:00:00.000,2013-10-01 00:00:00.000,1900-01-01 00:00:00.000,Y,3228
*,MCI-NET-9,Differential server functions,,1,2009-10-01 00:00:00.000,2012-10-01 00:00:00.000,2013-10-01 00:00:00.000,1900-01-01 00:00:00.000,Y,3229
*,MCI-NET-10,Network troubelshooting,,1,2009-10-01 00:00:00.000,2012-10-01 00:00:00.000,2013-10-01 00:00:00.000,1900-01-01 00:00:00.000,Y,3230
*,MCI-NET-11,Add a computer to the network,,1,2009-10-01 00:00:00.000,2012-10-01 00:00:00.000,2013-10-01 00:00:00.000,1900-01-01 00:00:00.000,Y,3231
*,MCI-NET-12,Manufacture network cable,,1,2009-10-01 00:00:00.000,2012-10-01 00:00:00.000,2013-10-01 00:00:00.000,1900-01-01 00:00:00.000,Y,3232
*,MCI-NET-13,"Built, configure and test a network",,1,2009-10-01 00:00:00.000,2012-10-01 00:00:00.000,2013-10-01 00:00:00.000,1900-01-01 00:00:00.000,Y,3233
*,MCI-PLC,Programmable logic controllers,,14,2009-10-01 00:00:00.000,2012-10-01 00:00:00.000,2013-10-01 00:00:00.000,1900-01-01 00:00:00.000,Y,3234
*,MCI-DT,Define terms,,2,2009-10-01 00:00:00.000,2012-10-01 00:00:00.000,2013-10-01 00:00:00.000,1900-01-01 00:00:00.000,Y,3235
*,MCI-DRG-2,Instrument drawing symbols,,2,2009-10-01 00:00:00.000,2012-10-01 00:00:00.000,2013-10-01 00:00:00.000,1900-01-01 00:00:00.000,Y,3236
*,MCI-RFL,"Air regulators, filters and lubricators",,1,2009-10-01 00:00:00.000,2012-10-01 00:00:00.000,2013-10-01 00:00:00.000,1900-01-01 00:00:00.000,Y,3237
*,MCI-PMM,Pressure measurement using manometers,,2,2009-10-01 00:00:00.000,2012-10-01 00:00:00.000,2013-10-01 00:00:00.000,1900-01-01 00:00:00.000,Y,3238
*,MCI-PMD,Pressure measurement using a dead weight tester,,2,2009-10-01 00:00:00.000,2012-10-01 00:00:00.000,2013-10-01 00:00:00.000,1900-01-01 00:00:00.000,Y,3239
*,MCI-SC,Use system calibrator,,1,2009-10-01 00:00:00.000,2012-10-01 00:00:00.000,2013-10-01 00:00:00.000,1900-01-01 00:00:00.000,Y,3240
*,MCI-PM,Measurement of pressure,,3,2009-10-01 00:00:00.000,2012-10-01 00:00:00.000,2013-10-01 00:00:00.000,1900-01-01 00:00:00.000,Y,3241
*,MCI-PPS,Process pressure sensors,,1,2009-10-01 00:00:00.000,2012-10-01 00:00:00.000,2013-10-01 00:00:00.000,1900-01-01 00:00:00.000,Y,3242
*,MCI-IP,Current to pressure converter,,1,2009-10-01 00:00:00.000,2012-10-01 00:00:00.000,2013-10-01 00:00:00.000,1900-01-01 00:00:00.000,Y,3243
*,MCI-DPE,Differential pressure measurement electronic methods,,1,2009-10-01 00:00:00.000,2012-10-01 00:00:00.000,2013-10-01 00:00:00.000,1900-01-01 00:00:00.000,Y,3244
*,MCI-DPC,"Install, maintain and calibrate a D/P cell",,3,2009-10-01 00:00:00.000,2012-10-01 00:00:00.000,2013-10-01 00:00:00.000,1900-01-01 00:00:00.000,Y,3245
*,MCI-FM,Explain principles of flow,,1,2009-10-01 00:00:00.000,2012-10-01 00:00:00.000,2013-10-01 00:00:00.000,1900-01-01 00:00:00.000,Y,3246
*,MCI-FE,Flow measurement electrical methods,,3,2009-10-01 00:00:00.000,2012-10-01 00:00:00.000,2013-10-01 00:00:00.000,1900-01-01 00:00:00.000,Y,3247
*,MCI-MLM,Level measuring devices,,4,2009-10-01 00:00:00.000,2012-10-01 00:00:00.000,2013-10-01 00:00:00.000,1900-01-01 00:00:00.000,Y,3248
*,MCI-SCV,Stroke controle valves,,4,2009-10-01 00:00:00.000,2012-10-01 00:00:00.000,2013-10-01 00:00:00.000,1900-01-01 00:00:00.000,Y,3249
*,MCI-TR,Temperature measurement resistance methods,,1,2009-10-01 00:00:00.000,2012-10-01 00:00:00.000,2013-10-01 00:00:00.000,1900-01-01 00:00:00.000,Y,3250
*,MCI-TH,Temperature measurement thermocouples,,2,2009-10-01 00:00:00.000,2012-10-01 00:00:00.000,2013-10-01 00:00:00.000,1900-01-01 00:00:00.000,Y,3251
*,MCI-IPC,Introduction to process control,,1,2009-10-01 00:00:00.000,2012-10-01 00:00:00.000,2013-10-01 00:00:00.000,1900-01-01 00:00:00.000,Y,3252
*,MCI-MAS,Density and mass measurement,,3,2009-10-01 00:00:00.000,2012-10-01 00:00:00.000,2013-10-01 00:00:00.000,1900-01-01 00:00:00.000,Y,3253
*,MCI-IAC,Introduction to automatic control,,1,2009-10-01 00:00:00.000,2012-10-01 00:00:00.000,2013-10-01 00:00:00.000,1900-01-01 00:00:00.000,Y,3254
*,MCI-OP,On-off and proportional control,,1,2009-10-01 00:00:00.000,2012-10-01 00:00:00.000,2013-10-01 00:00:00.000,1900-01-01 00:00:00.000,Y,3255
*,MCI-RD,Reset and derivative control,,2,2009-10-01 00:00:00.000,2012-10-01 00:00:00.000,2013-10-01 00:00:00.000,1900-01-01 00:00:00.000,Y,3256
*,MCI-IBI,Interaction between instruments and a control loop,,2,2009-10-01 00:00:00.000,2012-10-01 00:00:00.000,2013-10-01 00:00:00.000,1900-01-01 00:00:00.000,Y,3257
*,MCI-FC,Fundamental concepts of automatic control,,2,2009-10-01 00:00:00.000,2012-10-01 00:00:00.000,2013-10-01 00:00:00.000,1900-01-01 00:00:00.000,Y,3258
*,MCI-CTE,Control time elements,,1,2009-10-01 00:00:00.000,2012-10-01 00:00:00.000,2013-10-01 00:00:00.000,1900-01-01 00:00:00.000,Y,3259
*,MCI-TA,Tune automatic controllers,,6,2009-10-01 00:00:00.000,2012-10-01 00:00:00.000,2013-10-01 00:00:00.000,1900-01-01 00:00:00.000,Y,3260
*,MCI-SCA,Introduction to Scada systems,,1,2009-10-01 00:00:00.000,2012-10-01 00:00:00.000,2013-10-01 00:00:00.000,1900-01-01 00:00:00.000,Y,3261
*,MCI-FOT,Fibre optic theory and application,,1,2009-10-01 00:00:00.000,2012-10-01 00:00:00.000,2013-10-01 00:00:00.000,1900-01-01 00:00:00.000,Y,3262
*,MCI-PRF,Introduction to Profibus communication,,1,2009-10-01 00:00:00.000,2012-10-01 00:00:00.000,2013-10-01 00:00:00.000,1900-01-01 00:00:00.000,Y,3263
*,MCI-FIB,Fieldbus communication protocol,,1,2009-10-01 00:00:00.000,2012-10-01 00:00:00.000,2013-10-01 00:00:00.000,1900-01-01 00:00:00.000,Y,3264
*,MCI-EC-1,Wire circuits,,4,2009-10-01 00:00:00.000,2012-10-01 00:00:00.000,2013-10-01 00:00:00.000,1900-01-01 00:00:00.000,Y,3265
*,MCI-CW-T,Wire panel,,3,2009-10-01 00:00:00.000,2012-10-01 00:00:00.000,2013-10-01 00:00:00.000,1900-01-01 00:00:00.000,Y,3266
*,MCI-FF-1,Fault find basic electric circuits,,2,2009-10-01 00:00:00.000,2012-10-01 00:00:00.000,2013-10-01 00:00:00.000,1900-01-01 00:00:00.000,Y,3267
*,MCI-CCL,Cascade Control Loop,,6,2009-10-01 00:00:00.000,2012-10-01 00:00:00.000,2013-10-01 00:00:00.000,1900-01-01 00:00:00.000,Y,3268
*,MCI-IED,Interpret Engineering drawings,,4,2009-10-01 00:00:00.000,2012-10-01 00:00:00.000,2013-10-01 00:00:00.000,1900-01-01 00:00:00.000,Y,3269
*,MCI-GV,Overhaul split body valve,,4,2009-10-01 00:00:00.000,2012-10-01 00:00:00.000,2013-10-01 00:00:00.000,1900-01-01 00:00:00.000,Y,3270
*,MCI-DPC - 1,Overhaul DP/cell,,2,2009-10-01 00:00:00.000,2012-10-01 00:00:00.000,2013-10-01 00:00:00.000,1900-01-01 00:00:00.000,Y,3271
*,MCI-TEM,Calibrate temperature transmitter,,1,2009-10-01 00:00:00.000,2012-10-01 00:00:00.000,2013-10-01 00:00:00.000,1900-01-01 00:00:00.000,Y,3272
*,MCI-RTC,Replace thermocouples/RTDs,,1,2009-10-01 00:00:00.000,2012-10-01 00:00:00.000,2013-10-01 00:00:00.000,1900-01-01 00:00:00.000,Y,3273
*,MCI-BS,Overhaul level purge system,,3,2009-10-01 00:00:00.000,2012-10-01 00:00:00.000,2013-10-01 00:00:00.000,1900-01-01 00:00:00.000,Y,3274
*,MCI-CPH,Clean and change pH electrodes and standardise pH equipment,,3,2009-10-01 00:00:00.000,2012-10-01 00:00:00.000,2013-10-01 00:00:00.000,1900-01-01 00:00:00.000,Y,3275
*,MCI-CCE,Connect up cable ends,,1,2009-10-01 00:00:00.000,2012-10-01 00:00:00.000,2013-10-01 00:00:00.000,1900-01-01 00:00:00.000,Y,3276
*,MCI-FCE,Fit lugs to cables,,1,2009-10-01 00:00:00.000,2012-10-01 00:00:00.000,2013-10-01 00:00:00.000,1900-01-01 00:00:00.000,Y,3277
*,MCI-CIP,Connect and calibrate I/P convertor,,1,2009-10-01 00:00:00.000,2012-10-01 00:00:00.000,2013-10-01 00:00:00.000,1900-01-01 00:00:00.000,Y,3278
*,MCI-CS,Change ultrasonic level sensors,,3,2009-10-01 00:00:00.000,2012-10-01 00:00:00.000,2013-10-01 00:00:00.000,1900-01-01 00:00:00.000,Y,3279
*,MCI-CC,Change charts on recorders or print trends,,1,2009-10-01 00:00:00.000,2012-10-01 00:00:00.000,2013-10-01 00:00:00.000,1900-01-01 00:00:00.000,Y,3280
*,MCI-PGC,Calibrate pressure gauges,,3,2009-10-01 00:00:00.000,2012-10-01 00:00:00.000,2013-10-01 00:00:00.000,1900-01-01 00:00:00.000,Y,3281
*,MCI-CRT,Plan layout and wire-up circuits,,4,2009-10-01 00:00:00.000,2012-10-01 00:00:00.000,2013-10-01 00:00:00.000,1900-01-01 00:00:00.000,Y,3282
*,MCI-WAC,Wire alarm circiuts,,4,2009-10-01 00:00:00.000,2012-10-01 00:00:00.000,2013-10-01 00:00:00.000,1900-01-01 00:00:00.000,Y,3283
*,MCI-FFS-IM,Fault find on electronic control equipment,,5,2009-10-01 00:00:00.000,2012-10-01 00:00:00.000,2013-10-01 00:00:00.000,1900-01-01 00:00:00.000,Y,3284
*,MCI-OPR,Clean and maintain pressure regulators,,1,2009-10-01 00:00:00.000,2012-10-01 00:00:00.000,2013-10-01 00:00:00.000,1900-01-01 00:00:00.000,Y,3285
*,MCI-FLT,Fault find on control loops,,6,2009-10-01 00:00:00.000,2012-10-01 00:00:00.000,2013-10-01 00:00:00.000,1900-01-01 00:00:00.000,Y,3286
*,MCI-LB,Clean lutes in level purge system,,1,2009-10-01 00:00:00.000,2012-10-01 00:00:00.000,2013-10-01 00:00:00.000,1900-01-01 00:00:00.000,Y,3287
*,MCI-CFM,Calibrate flow meters,,3,2009-10-01 00:00:00.000,2012-10-01 00:00:00.000,2013-10-01 00:00:00.000,1900-01-01 00:00:00.000,Y,3288
*,MCI-MS-IM,Use relative density scales,,2,2009-10-01 00:00:00.000,2012-10-01 00:00:00.000,2013-10-01 00:00:00.000,1900-01-01 00:00:00.000,Y,3289
*,MCI-CMM,Establish accuracies of density equipment,,4,2009-10-01 00:00:00.000,2012-10-01 00:00:00.000,2013-10-01 00:00:00.000,1900-01-01 00:00:00.000,Y,3290
*,MCI-CPR,Calibrate and service pressure relief valves,,1,2009-10-01 00:00:00.000,2012-10-01 00:00:00.000,2013-10-01 00:00:00.000,1900-01-01 00:00:00.000,Y,3291
*,MCI-USC,Calibrate ultrasonic level transmitter,,3,2009-10-01 00:00:00.000,2012-10-01 00:00:00.000,2012-10-01 00:00:00.000,1900-01-01 00:00:00.000,Y,3292
*,MCI-PLC-IM,Check PLC output and input signals,,4,2009-10-01 00:00:00.000,2012-10-01 00:00:00.000,2013-10-01 00:00:00.000,1900-01-01 00:00:00.000,Y,3293
*,MCI-CLP,Maintain capacitive level probes,,1,2009-10-01 00:00:00.000,2012-10-01 00:00:00.000,2013-10-01 00:00:00.000,1900-01-01 00:00:00.000,Y,3294
*,MCI-FRN,Assist in starting up furnances,,4,2009-10-01 00:00:00.000,2012-10-01 00:00:00.000,2013-10-01 00:00:00.000,1900-01-01 00:00:00.000,Y,3295
*,MCI-DPC - 2,Calibrate DP/cells,,2,2009-10-01 00:00:00.000,2012-10-01 00:00:00.000,2013-10-01 00:00:00.000,1900-01-01 00:00:00.000,Y,3296
*,MCI-VST,Check valve operation,,4,2009-10-01 00:00:00.000,2012-10-01 00:00:00.000,2013-10-01 00:00:00.000,1900-01-01 00:00:00.000,Y,3297
*,MCI-OV,Overhaul various tipes of valves,,4,2009-10-01 00:00:00.000,2012-10-01 00:00:00.000,2013-10-01 00:00:00.000,1900-01-01 00:00:00.000,Y,3298
*,MCI-BWT,Belt Weighers,,5,2009-10-01 00:00:00.000,2012-10-01 00:00:00.000,2013-10-01 00:00:00.000,1900-01-01 00:00:00.000,Y,3299
*,OUT138.2,Construct pneumatic circuits,,10,1900-01-01 00:00:00.000,1900-01-01 00:00:00.000,1900-01-01 00:00:00.000,1900-01-01 00:00:00.000,Y,3300
*,"8080602",Industrial Electronics,,0,2010-06-01 00:00:00.000,2011-06-01 00:00:00.000,2012-06-01 00:00:00.000,1900-01-01 00:00:00.000,Y,3301
*,"11040192",Diesel Trade Theory,,0,2010-06-01 00:00:00.000,2011-06-01 00:00:00.000,2012-06-01 00:00:00.000,1900-01-01 00:00:00.000,Y,3302
*,"11041872",Electrical Trade Theory,,0,2010-06-01 00:00:00.000,2011-06-01 00:00:00.000,2012-06-01 00:00:00.000,1900-01-01 00:00:00.000,Y,3303
*,"11040452",Instrument Trade Theory,,0,2010-06-01 00:00:00.000,2011-06-01 00:00:00.000,2012-06-01 00:00:00.000,1900-01-01 00:00:00.000,Y,3304
*,"11041852",Rigging Theory,,0,2010-06-01 00:00:00.000,2011-06-01 00:00:00.000,2012-06-01 00:00:00.000,1900-01-01 00:00:00.000,Y,3305
*,OUT961,Maintain a cooling system,,1,2003-07-31 00:00:00.000,2006-07-31 00:00:00.000,2010-12-31 00:00:00.000,1900-01-01 00:00:00.000,Y,3306
*,OUT962,Maintain auto electrical systems,,2,2003-07-31 00:00:00.000,2006-07-31 00:00:00.000,2010-12-31 00:00:00.000,1900-01-01 00:00:00.000,Y,3307
*,OUT963,Operate Plater Machines - Plater / Welder,,8,1900-01-01 00:00:00.000,1900-01-01 00:00:00.000,1900-01-01 00:00:00.000,1900-01-01 00:00:00.000,Y,3308
*,OUT964,Fabricate and Erect Steel Construction - Plater / Welder,,8,1900-01-01 00:00:00.000,1900-01-01 00:00:00.000,1900-01-01 00:00:00.000,1900-01-01 00:00:00.000,Y,3309
*,CP2,Calculate dimensions to fabricate radial door liners,,0,2009-04-22 14:02:35.887,2012-04-22 14:02:35.887,2009-04-22 14:02:35.887,1900-01-01 00:00:00.000,Y,3310
*,OUT72.2,Fabricate Engineering Components - Plater Welder,,1,2009-04-22 14:03:36.290,2012-04-22 14:03:36.290,2009-04-22 14:03:36.290,1900-01-01 00:00:00.000,Y,3311
*,OUT73,Inspect and Repair Engineering Components - Plater / Welder,,3,1900-01-01 00:00:00.000,1900-01-01 00:00:00.000,1900-01-01 00:00:00.000,1900-01-01 00:00:00.000,Y,3312
*,RP-3,Examine and repair a chute,,0,2008-11-28 17:10:04.000,2011-11-28 17:10:04.000,2008-11-28 17:10:04.000,1900-01-01 00:00:00.000,Y,3313
*,OUT75.1,Maintain equipment-Metalliferous,,9,1900-01-01 00:00:00.000,1900-01-01 00:00:00.000,1900-01-01 00:00:00.000,1900-01-01 00:00:00.000,Y,3314
*,OUT75.2,Maintain equipment-Metalliferous,,5,2009-04-22 14:03:37.323,2012-04-22 14:03:37.323,2009-04-22 14:03:37.323,1900-01-01 00:00:00.000,Y,3315
*,OUT79.1,Fabricate steel structures-Metaliferous,,8,1900-01-01 00:00:00.000,1900-01-01 00:00:00.000,1900-01-01 00:00:00.000,1900-01-01 00:00:00.000,Y,3316
*,OUT81.2,Assist with inspection-Metaliferous,,1,2009-04-22 14:03:38.683,2012-04-22 14:03:38.683,2009-04-22 14:03:38.683,1900-01-01 00:00:00.000,Y,3317
*,OUT81.1,Assist with inspection-Metaliferous,,3,1900-01-01 00:00:00.000,1900-01-01 00:00:00.000,1900-01-01 00:00:00.000,1900-01-01 00:00:00.000,Y,3318
*,OUT82.2,Assist with repairs and fabrication-Metaliferous,,5,2009-04-22 14:03:38.963,2012-04-22 14:03:38.963,2009-04-22 14:03:38.963,1900-01-01 00:00:00.000,Y,3319
*,OUT84.2,Assist with maintenance-Metaliferous,,1,2009-04-22 14:03:39.760,2012-04-22 14:03:39.760,2009-04-22 14:03:39.760,1900-01-01 00:00:00.000,Y,3320
*,OUT85,Develop and fabricate by means of parallel line methods,,17,1900-01-01 00:00:00.000,1900-01-01 00:00:00.000,1900-01-01 00:00:00.000,1900-01-01 00:00:00.000,Y,3321
*,OUT89,Join metal by means of arc welding,,16,1900-01-01 00:00:00.000,1900-01-01 00:00:00.000,1900-01-01 00:00:00.000,1900-01-01 00:00:00.000,Y,3322
*,OUT138,Construct pneumatic circuits,,3,1900-01-01 00:00:00.000,1900-01-01 00:00:00.000,1900-01-01 00:00:00.000,1900-01-01 00:00:00.000,Y,3323
*,MCI-IMT,Describe thermometers,,1,2016-01-01 00:00:00.000,2018-03-31 00:00:00.000,2018-03-31 00:00:00.000,1900-01-01 00:00:00.000,Y,3324
*,MG - P,Fabricate machine guards,,2,2015-01-01 00:00:00.000,2018-03-31 00:00:00.000,2019-03-31 00:00:00.000,1900-01-01 00:00:00.000,Y,3325
*,IGDI,Inspect and use gas testing equipment,,4,2015-01-01 00:00:00.000,2018-03-31 00:00:00.000,2019-03-31 00:00:00.000,1900-01-01 00:00:00.000,Y,3326
*,MB - P,Fabricate mchine base plates ,,2,2015-01-01 00:00:00.000,2018-03-31 00:00:00.000,2019-03-31 00:00:00.000,1900-01-01 00:00:00.000,Y,3327
*,DRG-E,Read Engineering Drawings,,2,2015-01-01 00:00:00.000,2018-03-31 00:00:00.000,2019-03-31 00:00:00.000,1900-01-01 00:00:00.000,Y,3328
*,MAC-3,Maintain air actuating cylinders and service units (Yearly),,1,2016-01-01 00:00:00.000,2018-03-31 00:00:00.000,2019-03-31 00:00:00.000,1900-01-01 00:00:00.000,Y,3329
*,OUT444.3,Millwright Metalliferous,,250,2015-07-01 00:00:00.000,2018-06-30 00:00:00.000,2018-06-30 00:00:00.000,1900-01-01 00:00:00.000,Y,3330
*,OUT404.1,Electrical Metalliferous,,250,2015-07-01 00:00:00.000,2018-06-30 00:00:00.000,2018-06-30 00:00:00.000,1900-01-01 00:00:00.000,Y,3331
*,OUT3134,Electrical Underground Diamonds,,120,2016-01-01 00:00:00.000,2020-12-31 00:00:00.000,2020-12-31 00:00:00.000,1900-01-01 00:00:00.000,Y,3332
*,OUT3494,Electrical Underground Coal,,120,2016-01-01 00:00:00.000,2020-12-31 00:00:00.000,2020-12-31 00:00:00.000,1900-01-01 00:00:00.000,Y,3333
*,OUT3444,Electrical Surface Coal,,120,2016-01-01 00:00:00.000,2020-12-31 00:00:00.000,2020-12-31 00:00:00.000,1900-01-01 00:00:00.000,Y,3334
*,OUT3294,Electrical Opencast,,120,2016-01-01 00:00:00.000,2020-12-31 00:00:00.000,2020-12-31 00:00:00.000,1900-01-01 00:00:00.000,Y,3335
*,OUT3014,Electrical Surface Diamonds,,120,2016-01-01 00:00:00.000,2020-12-31 00:00:00.000,2020-12-31 00:00:00.000,1900-01-01 00:00:00.000,Y,3336
*,OUT1493,Diesel Mechanic Metalliferous,,150,2016-01-01 00:00:00.000,2020-12-31 00:00:00.000,2020-12-31 00:00:00.000,1900-01-01 00:00:00.000,Y,3337
*,OUT1623,Diesel Mechanic Coal,,0,2016-01-01 00:00:00.000,2020-12-31 00:00:00.000,2020-12-31 00:00:00.000,1900-01-01 00:00:00.000,Y,3338
*,OUT1303,Diesel Mechanic Underground Diamonds,,0,2016-01-01 00:00:00.000,2020-12-31 00:00:00.000,2020-12-31 00:00:00.000,1900-01-01 00:00:00.000,Y,3339
*,OUT1373,Diesel Mechanic Surface Diamonds,,150,2016-01-01 00:00:00.000,2020-12-31 00:00:00.000,2020-12-31 00:00:00.000,1900-01-01 00:00:00.000,Y,3340
*,OUT1463,Diesel Mechanic Open Cast,,150,2016-01-01 00:00:00.000,2020-12-31 00:00:00.000,2020-12-31 00:00:00.000,1900-01-01 00:00:00.000,Y,3341
*,OUT4094,Millwright Coal,,150,2016-01-01 00:00:00.000,2020-12-31 00:00:00.000,2020-12-31 00:00:00.000,1900-01-01 00:00:00.000,Y,3342
*,OUT3394,Millwright Diamond,,150,2016-01-01 00:00:00.000,2020-12-31 00:00:00.000,2020-12-31 00:00:00.000,1900-01-01 00:00:00.000,Y,3343
*,OUT3814,Millwright Opencast,,150,2016-01-01 00:00:00.000,2020-12-31 00:00:00.000,2020-12-31 00:00:00.000,1900-01-01 00:00:00.000,Y,3344
*,OUT1773,Plater/Welder Metalliferous,,150,2016-01-01 00:00:00.000,2020-12-31 00:00:00.000,2020-12-31 00:00:00.000,1900-01-01 00:00:00.000,Y,3345
*,OUT1333,Plater/Welder Underground Diamonds,,150,2016-01-01 00:00:00.000,2020-12-31 00:00:00.000,2020-12-31 00:00:00.000,1900-01-01 00:00:00.000,Y,3346
*,OUT1623.1,Plater/Welder Underground Diamonds,,150,2016-01-01 00:00:00.000,2020-12-31 00:00:00.000,2020-12-31 00:00:00.000,1900-01-01 00:00:00.000,Y,3347
*,OUT1523,Plater/Welder Diamonds Opencast,,150,2016-01-01 00:00:00.000,2020-12-31 00:00:00.000,2020-12-31 00:00:00.000,1900-01-01 00:00:00.000,Y,3348
*,OUT1463.1,Plater/Welder: Open Cast,,150,2016-01-01 00:00:00.000,2020-12-31 00:00:00.000,2020-12-31 00:00:00.000,1900-01-01 00:00:00.000,Y,3349
*,OUT1323,Plater/Boilermaker Opencast,,150,2016-01-01 00:00:00.000,2020-12-31 00:00:00.000,2020-12-31 00:00:00.000,1900-01-01 00:00:00.000,Y,3350
*,OUT1343,Plater/Boilermaker Coal,,150,2016-01-01 00:00:00.000,2020-12-31 00:00:00.000,2020-12-31 00:00:00.000,1900-01-01 00:00:00.000,Y,3351
*,OUT1733,Plater/Boilermaker Metalliferous,,150,2016-01-01 00:00:00.000,2020-12-31 00:00:00.000,2020-12-31 00:00:00.000,1900-01-01 00:00:00.000,Y,3352
*,OUT1493.1,Plater/Boilermaker Diamonds Open Cast,,150,2016-01-01 00:00:00.000,2020-12-31 00:00:00.000,2020-12-31 00:00:00.000,1900-01-01 00:00:00.000,Y,3353
*,OUT1593,Fitting and Turning Underground Diamonds,,150,2016-01-01 00:00:00.000,2020-12-31 00:00:00.000,1900-01-01 00:00:00.000,1900-01-01 00:00:00.000,Y,3354
*,OUT1853,Fitting and Turning: Underground Coal,,150,2016-01-01 00:00:00.000,2020-12-31 00:00:00.000,2020-12-31 00:00:00.000,1900-01-01 00:00:00.000,Y,3355
*,OUT1463.2,Fitting and Turning Surface Coal,,150,2016-01-01 00:00:00.000,2020-12-31 00:00:00.000,2020-12-31 00:00:00.000,1900-01-01 00:00:00.000,Y,3356
*,OUT2763,Fitting and Turning Metalliferous,,150,2016-01-01 00:00:00.000,2020-12-31 00:00:00.000,2020-12-31 00:00:00.000,1900-01-01 00:00:00.000,Y,3357
*,OUT1403,Fitting and Turning: Surface Diamonds,,150,2016-12-31 00:00:00.000,2020-12-31 00:00:00.000,2020-12-31 00:00:00.000,1900-01-01 00:00:00.000,Y,3358
*,OUT1463.3,Fitting and Turning Open Cast,,150,2016-01-01 00:00:00.000,2020-12-31 00:00:00.000,2020-12-31 00:00:00.000,1900-01-01 00:00:00.000,Y,3359
*,OUT1273,Fitting (including machining) Underground Daimonds,,150,2016-01-01 00:00:00.000,2020-12-31 00:00:00.000,2020-12-31 00:00:00.000,1900-01-01 00:00:00.000,Y,3360
*,OUT1533,Fitting (including machining) Underground Coal,,150,2016-01-01 00:00:00.000,2020-12-31 00:00:00.000,2020-12-31 00:00:00.000,1900-01-01 00:00:00.000,Y,3361
*,OUT1283,Fitting (including machining) Surface Coal,,150,2016-01-01 00:00:00.000,2020-12-31 00:00:00.000,2020-12-31 00:00:00.000,1900-01-01 00:00:00.000,Y,3362
*,OUT2443,Fitting (including machining) : Metalliferous,,150,2016-01-01 00:00:00.000,2020-12-31 00:00:00.000,2020-12-31 00:00:00.000,1900-01-01 00:00:00.000,Y,3363
*,OUT1203,Fitting (including machining) Surface Diamonds,,150,2016-01-01 00:00:00.000,2020-12-31 00:00:00.000,2020-12-31 00:00:00.000,1900-01-01 00:00:00.000,Y,3364
*,OUT1463.4,Fitting (including machining) Open Cast,,150,2016-01-01 00:00:00.000,2020-12-31 00:00:00.000,2020-12-31 00:00:00.000,1900-01-01 00:00:00.000,Y,3365
*,OUT1273_OC,Rigger Ropesman Open Cast,,150,2016-01-01 00:00:00.000,2020-12-31 00:00:00.000,2020-12-31 00:00:00.000,1900-01-01 00:00:00.000,Y,3366
*,OUT1273_SU,Rigger Ropesman Surface Underground,,150,2016-01-01 00:00:00.000,2020-12-31 00:00:00.000,2020-12-31 00:00:00.000,1900-01-01 00:00:00.000,Y,3367
*,"61305",Automotive electrician mining,,120,2018-07-01 00:00:00.000,2023-06-30 00:00:00.000,2023-06-30 00:00:00.000,1900-01-01 00:00:00.000,Y,3368
*,"97388",Earth Moving Mechanic,,120,2018-06-01 00:00:00.000,2023-06-30 00:00:00.000,2023-06-30 00:00:00.000,1900-01-01 00:00:00.000,Y,3369
*,"96276",Heavy Equipment Mechanic,,120,1900-01-01 00:00:00.000,1900-01-01 00:00:00.000,1900-01-01 00:00:00.000,1900-01-01 00:00:00.000,Y,3370
*,"96283",Goldsmith,,120,2018-06-01 00:00:00.000,2023-06-30 00:00:00.000,2023-06-30 00:00:00.000,1900-01-01 00:00:00.000,Y,3371
*,"96349",Diamond Cutter,,120,2018-06-01 00:00:00.000,2023-06-30 00:00:00.000,2023-06-30 00:00:00.000,1900-01-01 00:00:00.000,Y,3372
*,"96284",Diamond and gemstone setter,,120,2018-06-01 00:00:00.000,2023-06-30 00:00:00.000,2023-06-30 00:00:00.000,1900-01-01 00:00:00.000,Y,3373
*,OUT61305,Automotive electrician mining,,120,2016-01-01 00:00:00.000,2020-12-31 00:00:00.000,2020-12-31 00:00:00.000,1900-01-01 00:00:00.000,Y,3374
*,OUT96276,Heavy Equipment Mechanic,,120,2016-01-01 00:00:00.000,2020-12-31 00:00:00.000,2020-12-31 00:00:00.000,1900-01-01 00:00:00.000,Y,3375
*,OUT96283,Goldsmith,,120,2016-01-01 00:00:00.000,2020-12-31 00:00:00.000,2020-12-31 00:00:00.000,1900-01-01 00:00:00.000,Y,3376
*,OUT96284,Diamond and gemstone setter,,120,2016-01-01 00:00:00.000,2020-12-31 00:00:00.000,2020-12-31 00:00:00.000,1900-01-01 00:00:00.000,Y,3377
*,OUT96349,Diamond Cutter,,120,2016-01-01 00:00:00.000,2020-12-31 00:00:00.000,2020-12-31 00:00:00.000,1900-01-01 00:00:00.000,Y,3378
*,OUT97388,Earth Moving Mechanic,,120,2016-01-01 00:00:00.000,2020-12-31 00:00:00.000,2020-12-31 00:00:00.000,1900-01-01 00:00:00.000,Y,3379
*,"10-DM (V2)",Select and change bearings for a combined radial and axial load (V2),,1,2016-01-01 00:00:00.000,2020-12-31 00:00:00.000,2020-12-31 00:00:00.000,1900-01-01 00:00:00.000,Y,3380
*,"10-e (V2)",Roll the cable drum (V2),,1,2016-01-01 00:00:00.000,2020-12-31 00:00:00.000,2020-12-31 00:00:00.000,1900-01-01 00:00:00.000,Y,3381
*,"10-F (V2)",Maintain a planetary gearbox (V2),,1,2016-01-01 00:00:00.000,2020-12-31 00:00:00.000,2020-12-31 00:00:00.000,1900-01-01 00:00:00.000,Y,3382
*,"11-DM (V2)",Maintain a manual transmission (V2),,2,2016-01-01 00:00:00.000,2020-12-31 00:00:00.000,2020-12-31 00:00:00.000,1900-01-01 00:00:00.000,Y,3383
*,"11-E (V2)",Roll the cable off drum (V2),,1,2016-01-01 00:00:00.000,2020-12-31 00:00:00.000,2020-12-31 00:00:00.000,1900-01-01 00:00:00.000,Y,3384
*,"11-F (V2)",Maintain a double helical gearbox (V2),,2,2016-01-01 00:00:00.000,2020-12-31 00:00:00.000,2020-12-31 00:00:00.000,1900-01-01 00:00:00.000,Y,3385
*,"12-DM (V2)",Maintain a power shift transmission (V2),,3,2016-01-01 00:00:00.000,2020-12-31 00:00:00.000,2020-12-31 00:00:00.000,1900-01-01 00:00:00.000,Y,3386
*,"12-e (V2)",Lay out a figure eight (V2),,1,2016-01-01 00:00:00.000,2020-12-31 00:00:00.000,2020-12-31 00:00:00.000,1900-01-01 00:00:00.000,Y,3387
*,"12-F (V2)",Select and change bearings for a radial load (V2),,1,2016-01-01 00:00:00.000,2020-12-31 00:00:00.000,2020-12-31 00:00:00.000,1900-01-01 00:00:00.000,Y,3388
*,"13-DM (V2)",Maintain a planetary system (V2),,2,2016-01-01 00:00:00.000,2020-12-31 00:00:00.000,2020-12-31 00:00:00.000,1900-01-01 00:00:00.000,Y,3389
*,"13-e (V2)",Lay a cable in a trench (V2),,1,2016-01-01 00:00:00.000,2020-12-31 00:00:00.000,2020-12-31 00:00:00.000,1900-01-01 00:00:00.000,Y,3390
*,"13-F (V2)",Select and change bearings for an axial load (V2),,1,2016-01-01 00:00:00.000,2020-12-31 00:00:00.000,2020-12-31 00:00:00.000,1900-01-01 00:00:00.000,Y,3391
*,"14-DM (V2)",Maintain a light duty differential (V2),,2,2016-01-01 00:00:00.000,2020-12-31 00:00:00.000,2020-12-31 00:00:00.000,1900-01-01 00:00:00.000,Y,3392
*,"14-e (V2)","Hang, clamp and secure cables (V2)",,1,2016-01-01 00:00:00.000,2020-12-31 00:00:00.000,2020-12-31 00:00:00.000,1900-01-01 00:00:00.000,Y,3393
*,"14-F (V2)",Select and change bearings for combined radial and axial load (V2),,2,2016-01-01 00:00:00.000,2020-12-31 00:00:00.000,2020-12-31 00:00:00.000,1900-01-01 00:00:00.000,Y,3394
*,"15-DM (V2)",Maintain a heavy duty differential (V2),,2,2016-01-01 00:00:00.000,2020-12-31 00:00:00.000,2020-12-31 00:00:00.000,1900-01-01 00:00:00.000,Y,3395
*,"15-E (V2)",Phase out the cores of a power cable (MV) (V2),,1,2016-01-01 00:00:00.000,2020-12-31 00:00:00.000,2020-12-31 00:00:00.000,1900-01-01 00:00:00.000,Y,3396
*,"15-F (V2)",Line up two shafts connected with a fluid drive coupling (V2),,2,2016-01-01 00:00:00.000,2020-12-31 00:00:00.000,2020-12-31 00:00:00.000,1900-01-01 00:00:00.000,Y,3397
*,"16-DM (V2)",Maintain a limited slip differential (V2),,2,2016-01-01 00:00:00.000,2020-12-31 00:00:00.000,2020-12-31 00:00:00.000,1900-01-01 00:00:00.000,Y,3398
*,"16-e (V2)",Fit lugs to the cores and connect cores to terminals (V2),,1,2016-01-01 00:00:00.000,2020-12-31 00:00:00.000,2020-12-31 00:00:00.000,1900-01-01 00:00:00.000,Y,3399
*,"16-F (V2)",Line up two shafts connected with a non-slip coupling (V2),,2,2016-01-01 00:00:00.000,2020-12-31 00:00:00.000,2020-12-31 00:00:00.000,1900-01-01 00:00:00.000,Y,3400
*,"16-P (V2)",Operate a straight line cutting machine (V2),,1,2016-01-01 00:00:00.000,2020-12-31 00:00:00.000,2020-12-31 00:00:00.000,1900-01-01 00:00:00.000,Y,3401
*,"17-DM (V2)",Maintain a propeller shaft (V2),,1,2016-01-01 00:00:00.000,2020-12-31 00:00:00.000,2020-12-31 00:00:00.000,1900-01-01 00:00:00.000,Y,3402
*,"17-e (V2)",Test the condition of a cable (V2),,2,2016-01-01 00:00:00.000,2020-12-31 00:00:00.000,2020-12-31 00:00:00.000,1900-01-01 00:00:00.000,Y,3403
*,"17-F (V2)",Line up two shafts connected with a Fenner flex coupling (V2),,1,2016-01-01 00:00:00.000,2020-12-31 00:00:00.000,2020-12-31 00:00:00.000,1900-01-01 00:00:00.000,Y,3404
*,"17-P (V2)",Operate a profile cutting machine (V2),,1,2016-01-01 00:00:00.000,2020-12-31 00:00:00.000,2020-12-31 00:00:00.000,1900-01-01 00:00:00.000,Y,3405
*,"18-DM (V2)",Test and maintain injectors of a in-line fuel system (V2),,1,2016-01-01 00:00:00.000,2020-12-31 00:00:00.000,2020-12-31 00:00:00.000,1900-01-01 00:00:00.000,Y,3406
*,"18-E/24-E (V2)",Service and maintain switchgear and assemblies of a compressor (V2),,1,2016-01-01 00:00:00.000,2020-12-31 00:00:00.000,2020-12-31 00:00:00.000,1900-01-01 00:00:00.000,Y,3407
*,"18-F (V2)",Maintain a centrifugal pump (V2),,1,2016-01-01 00:00:00.000,2020-12-31 00:00:00.000,2020-12-31 00:00:00.000,1900-01-01 00:00:00.000,Y,3408
*,"18-P (V2)",Gas weld mild steel plate (V2),,1,2016-01-01 00:00:00.000,2020-12-31 00:00:00.000,2020-12-31 00:00:00.000,1900-01-01 00:00:00.000,Y,3409
*,"19-DM (V2)",Test and maintain injectors of a PT fuel system (V2),,2,2016-01-01 00:00:00.000,2020-12-31 00:00:00.000,2020-12-31 00:00:00.000,1900-01-01 00:00:00.000,Y,3410
*,"19-E/25-E (V2)",Service and maintain switchgear and assemblies of a pump (V2),,1,2016-01-01 00:00:00.000,2020-12-31 00:00:00.000,2020-12-31 00:00:00.000,1900-01-01 00:00:00.000,Y,3411
*,"19-F (V2)",Maintain a diaphragm pump (V2),,1,2016-01-01 00:00:00.000,2020-12-31 00:00:00.000,2020-12-31 00:00:00.000,1900-01-01 00:00:00.000,Y,3412
*,"19-P (V2)",Do brazing (V2),,1,2016-01-01 00:00:00.000,2020-12-31 00:00:00.000,2020-12-31 00:00:00.000,1900-01-01 00:00:00.000,Y,3413
*,"20-DM (V2)",Maintain a diesel engine fitted with a CRD (Common Rail Diesel) system (V2),,2,2016-01-01 00:00:00.000,2020-12-31 00:00:00.000,2020-12-31 00:00:00.000,1900-01-01 00:00:00.000,Y,3414
*,"20-E/26-E (V2)",Service and maintain switchgear and assemblies of a crusher (V2),,1,2016-01-01 00:00:00.000,2020-12-31 00:00:00.000,2020-12-31 00:00:00.000,1900-01-01 00:00:00.000,Y,3415
*,"20-F (V2)",Maintain a rotor and stator type pump (mono pump) (V2),,1,2016-01-01 00:00:00.000,2020-12-31 00:00:00.000,2020-12-31 00:00:00.000,1900-01-01 00:00:00.000,Y,3416
*,"20-P (V2)",Weld flat beads (V2),,1,2016-01-01 00:00:00.000,2020-12-31 00:00:00.000,2020-12-31 00:00:00.000,1900-01-01 00:00:00.000,Y,3417
*,"21-DM (V2)",Maintain a diesel engine fitted with an in-line fuel system (V2),,2,2016-01-01 00:00:00.000,2020-12-31 00:00:00.000,2020-12-31 00:00:00.000,1900-01-01 00:00:00.000,Y,3418
*,"21-E/27-E (V2)",Service and maintain switchgear and assemblies of a conveyor drive (V2),,1,2016-01-01 00:00:00.000,2020-12-31 00:00:00.000,2020-12-31 00:00:00.000,1900-01-01 00:00:00.000,Y,3419
*,"21-F (V2)",Maintain a reciprocating pump (V2),,1,2016-01-01 00:00:00.000,2020-12-31 00:00:00.000,2020-12-31 00:00:00.000,1900-01-01 00:00:00.000,Y,3420
*,"21-P (V2)",Weld a fillet and corner joints (V2),,1,2016-01-01 00:00:00.000,2020-12-31 00:00:00.000,2020-12-31 00:00:00.000,1900-01-01 00:00:00.000,Y,3421
*,"22-DM (V2)",Maintain Diesel engines fitted with a PT fuel system (V2),,2,2016-01-01 00:00:00.000,2020-12-31 00:00:00.000,2020-12-31 00:00:00.000,1900-01-01 00:00:00.000,Y,3422
*,"22-E/28-E (V2)",Service and maintain switchgear and assemblies of a sequence starter (V2),,1,2016-01-01 00:00:00.000,2020-12-31 00:00:00.000,2020-12-31 00:00:00.000,1900-01-01 00:00:00.000,Y,3423
*,"22-F (V2)",Identify worn/damaged V-belts and pulleys and replace (V2),,1,2016-01-01 00:00:00.000,2020-12-31 00:00:00.000,2020-12-31 00:00:00.000,1900-01-01 00:00:00.000,Y,3424
*,"22-P (V2)",Weld horizontal butt-joints (V2),,1,2016-01-01 00:00:00.000,2020-12-31 00:00:00.000,2020-12-31 00:00:00.000,1900-01-01 00:00:00.000,Y,3425
*,"23-DM (V2)",Maintain a diesel engine fitted with a DP fuel system (V2),,2,2016-01-01 00:00:00.000,2020-12-31 00:00:00.000,2020-12-31 00:00:00.000,1900-01-01 00:00:00.000,Y,3426
*,"23-E/29-E (V2)",Service and maintain switchgear and assemblies of a vibrator (V2),,1,2016-01-01 00:00:00.000,2020-12-31 00:00:00.000,2020-12-31 00:00:00.000,1900-01-01 00:00:00.000,Y,3427
*,"23-F (V2)",Demonstrate all hand signals applicable to rigging (V2),,1,2016-01-01 00:00:00.000,2020-12-31 00:00:00.000,2020-12-31 00:00:00.000,1900-01-01 00:00:00.000,Y,3428
*,"23-P (V2)",Weld vertical butt-joints (V2),,1,2016-01-01 00:00:00.000,2020-12-31 00:00:00.000,2020-12-31 00:00:00.000,1900-01-01 00:00:00.000,Y,3429
*,"24-DM (V2)",Service v-belts (V2),,1,2016-01-01 00:00:00.000,2020-12-31 00:00:00.000,2020-12-31 00:00:00.000,1900-01-01 00:00:00.000,Y,3430
*,"24-F (V2)",Rig and lift vertically equipment with a mass not exceeding five tons (V2),,1,2016-01-01 00:00:00.000,2020-12-31 00:00:00.000,2020-12-31 00:00:00.000,1900-01-01 00:00:00.000,Y,3431
*,"24-P (V2)",Weld overhead fillet joints (V2),,1,2016-01-01 00:00:00.000,2020-12-31 00:00:00.000,2020-12-31 00:00:00.000,1900-01-01 00:00:00.000,Y,3432
*,"25-DM (V2)",Service multiple v-belt drives (V2),,1,2016-01-01 00:00:00.000,2020-12-31 00:00:00.000,2020-12-31 00:00:00.000,1900-01-01 00:00:00.000,Y,3433
*,"25-F (V2)",Service and do statuary tests on a compressor (V2),,3,2016-01-01 00:00:00.000,2020-12-31 00:00:00.000,2020-12-31 00:00:00.000,1900-01-01 00:00:00.000,Y,3434
*,"25-P (V2)",Weld a pipe in position (V2),,1,2016-01-01 00:00:00.000,2020-12-31 00:00:00.000,2020-12-31 00:00:00.000,1900-01-01 00:00:00.000,Y,3435
*,"26-DM (V2)",Service poly v-belt drives (flat with grooves) (V2),,1,2016-01-01 00:00:00.000,2020-12-31 00:00:00.000,2020-12-31 00:00:00.000,1900-01-01 00:00:00.000,Y,3436
*,"26-F (V2)",Operate a power saw/band saw (V2),,1,2016-01-01 00:00:00.000,2020-12-31 00:00:00.000,2020-12-31 00:00:00.000,1900-01-01 00:00:00.000,Y,3437
*,"26-P (V2)",Weld stainless steel (V2),,1,2016-01-01 00:00:00.000,2020-12-31 00:00:00.000,2020-12-31 00:00:00.000,1900-01-01 00:00:00.000,Y,3438
*,"27-DM (V2)",Demonstrate all hand signals applicable to rigging (V2),,2,2016-01-01 00:00:00.000,2020-12-31 00:00:00.000,2020-12-31 00:00:00.000,1900-01-01 00:00:00.000,Y,3439
*,"27-FT (V2)",Operate a lathe (V2),,2,2016-01-01 00:00:00.000,2020-12-31 00:00:00.000,2020-12-31 00:00:00.000,1900-01-01 00:00:00.000,Y,3440
*,"27-P (V2)",Do arc gouging (V2),,1,2016-01-01 00:00:00.000,2020-12-31 00:00:00.000,2020-12-31 00:00:00.000,1900-01-01 00:00:00.000,Y,3441
*,"28-DM (V2)","Rig and lift vertically, equipment with a mass not exceeding 5 tons (V2)",,3,2016-01-01 00:00:00.000,2020-12-31 00:00:00.000,2020-12-31 00:00:00.000,1900-01-01 00:00:00.000,Y,3442
*,"28-FT (V2)",Operate a pedestal grinder (V2),,2,2016-01-01 00:00:00.000,2020-12-31 00:00:00.000,2020-12-31 00:00:00.000,1900-01-01 00:00:00.000,Y,3443
*,"29-DM (V2)",Recover a broken down vehicle with a manual transmission (V2),,2,2016-01-01 00:00:00.000,2020-12-31 00:00:00.000,2020-12-31 00:00:00.000,1900-01-01 00:00:00.000,Y,3444
*,"29-FT (V2)",Operate a portable angle grinder (V2),,1,2016-01-01 00:00:00.000,2020-12-31 00:00:00.000,2020-12-31 00:00:00.000,1900-01-01 00:00:00.000,Y,3445
*,"29-P (V2)",Do hard-facing (V2),,1,2016-01-01 00:00:00.000,2020-12-31 00:00:00.000,2020-12-31 00:00:00.000,1900-01-01 00:00:00.000,Y,3446
*,"30-DM (V2)",Recover a broken down vehicle with an automatic transmission (V2),,2,2016-01-01 00:00:00.000,2020-12-31 00:00:00.000,2020-12-31 00:00:00.000,1900-01-01 00:00:00.000,Y,3447
*,"30-E (V2)",Maintain lighting system (V2),,1,2016-01-01 00:00:00.000,2020-12-31 00:00:00.000,2020-12-31 00:00:00.000,1900-01-01 00:00:00.000,Y,3448
*,"30-FT (V2)",Operate a pedestal drill (V2),,1,2016-01-01 00:00:00.000,2020-12-31 00:00:00.000,2020-12-31 00:00:00.000,1900-01-01 00:00:00.000,Y,3449
*,"30-P (V2)",Fabricate a chute or a hopper using steel plate (V2),,1,2016-01-01 00:00:00.000,2020-12-31 00:00:00.000,2020-12-31 00:00:00.000,1900-01-01 00:00:00.000,Y,3450
*,"31-DM (V2)",Maintain a servo-assisted hydraulic brake system (V2),,2,2016-01-01 00:00:00.000,2020-12-31 00:00:00.000,2020-12-31 00:00:00.000,1900-01-01 00:00:00.000,Y,3451
*,"31-E (V2)",Maintain communication systems (V2),,1,2016-01-01 00:00:00.000,2020-12-31 00:00:00.000,2020-12-31 00:00:00.000,1900-01-01 00:00:00.000,Y,3452
*,"31-FT (V2)",Operate a portable drill (V2),,1,2016-01-01 00:00:00.000,2020-12-31 00:00:00.000,2020-12-31 00:00:00.000,1900-01-01 00:00:00.000,Y,3453
*,"31-P (V2)",Fabricate a workpiece (e.g. pipe clamp) using flat bar (V2),,1,2016-01-01 00:00:00.000,2020-12-31 00:00:00.000,2020-12-31 00:00:00.000,1900-01-01 00:00:00.000,Y,3454
*,"32-DM (V2)",Maintain a pneumatic brake system (V2),,2,2016-01-01 00:00:00.000,2020-12-31 00:00:00.000,2020-12-31 00:00:00.000,1900-01-01 00:00:00.000,Y,3455
*,"32-e (V2)",Identify and name the uses of a squirrel cage induction motor (V2),,1,2016-01-01 00:00:00.000,2020-12-31 00:00:00.000,2020-12-31 00:00:00.000,1900-01-01 00:00:00.000,Y,3456
*,"32-FT (V2)",Operate a shaping machine (V2),,3,2016-01-01 00:00:00.000,2020-12-31 00:00:00.000,2020-12-31 00:00:00.000,1900-01-01 00:00:00.000,Y,3457
*,"32-P (V2)",Fabricate a workpiece (e.g. Gate) using square tubing (V2),,1,2016-01-01 00:00:00.000,2020-12-31 00:00:00.000,2020-12-31 00:00:00.000,1900-01-01 00:00:00.000,Y,3458
*,"33-DM (V2)",Read and interpret hydraulic circuit diagrams and explain the function and operation of each component (V2),,6,2016-01-01 00:00:00.000,2020-12-31 00:00:00.000,2020-12-31 00:00:00.000,1900-01-01 00:00:00.000,Y,3459
*,"33-E (V2)",Identify and name the uses of a slip ring induction motor (V2),,1,2016-01-01 00:00:00.000,2020-12-31 00:00:00.000,2020-12-31 00:00:00.000,1900-01-01 00:00:00.000,Y,3460
*,"33-FT (V2)",Operate a milling machine (V2),,1,2016-01-01 00:00:00.000,2020-12-31 00:00:00.000,2020-12-31 00:00:00.000,1900-01-01 00:00:00.000,Y,3461
*,"33-P (V2)",Fabricate a workpiece (e.g. Burglar proofing) using round bar (V2),,1,2016-01-01 00:00:00.000,2020-12-31 00:00:00.000,2020-12-31 00:00:00.000,1900-01-01 00:00:00.000,Y,3462
*,"34-DM (V2)","Maintain the hydraulic circuits on any one of the following machines: a. Front end loader, b. Forklift, c. Rear dump truck, d. Road grader, e. Drill Rig (V2)",,6,2016-01-01 00:00:00.000,2020-12-31 00:00:00.000,2020-12-31 00:00:00.000,1900-01-01 00:00:00.000,Y,3463
*,"34-e (V2)",Maintain a motor (V2),,1,2016-01-01 00:00:00.000,2020-12-31 00:00:00.000,2020-12-31 00:00:00.000,1900-01-01 00:00:00.000,Y,3464
*,"34-FT (V2)",Service an Electromagnetic braking system (V2),,2,2016-01-01 00:00:00.000,2020-12-31 00:00:00.000,2020-12-31 00:00:00.000,1900-01-01 00:00:00.000,Y,3465
*,"34-P (V2)","Fabricate a workpiece (e.g. Conveyor frame, roof truss) using angle iron (V2)",,1,2016-01-01 00:00:00.000,2020-12-31 00:00:00.000,2020-12-31 00:00:00.000,1900-01-01 00:00:00.000,Y,3466
*,"35-DM (V2)",Operate a power saw (V2),,1,2016-01-01 00:00:00.000,2020-12-31 00:00:00.000,2020-12-31 00:00:00.000,1900-01-01 00:00:00.000,Y,3467
*,"35-e (V2)",Test a motor (V2),,1,2016-01-01 00:00:00.000,2020-12-31 00:00:00.000,2020-12-31 00:00:00.000,1900-01-01 00:00:00.000,Y,3468
*,"35-FT (V2)",Carry out a complete routine examination on a conveyor belt (V2),,1,2016-01-01 00:00:00.000,2020-12-31 00:00:00.000,2020-12-31 00:00:00.000,1900-01-01 00:00:00.000,Y,3469
*,"35-P (V2)","Fabricate a workpiece (e.g. A-frame, roof truss) (V2)",,1,2016-01-01 00:00:00.000,2020-12-31 00:00:00.000,2020-12-31 00:00:00.000,1900-01-01 00:00:00.000,Y,3470
*,"36-DM (V2)",Operate a pedestal grinder (V2),,1,2016-01-01 00:00:00.000,2020-12-31 00:00:00.000,2020-12-31 00:00:00.000,1900-01-01 00:00:00.000,Y,3471
*,"36-E/37-E (V2)",Read and interpret line/schematic diagrams (V2),,1,2016-01-01 00:00:00.000,2020-12-31 00:00:00.000,2020-12-31 00:00:00.000,1900-01-01 00:00:00.000,Y,3472
*,"36-FT (V2)",Install and line up a conveyor drive assembly (V2),,1,2016-01-01 00:00:00.000,2020-12-31 00:00:00.000,2020-12-31 00:00:00.000,1900-01-01 00:00:00.000,Y,3473
*,"36-P (V2)",Fabricate a gantry using RSJ (V2),,2,2016-01-01 00:00:00.000,2020-12-31 00:00:00.000,2020-12-31 00:00:00.000,1900-01-01 00:00:00.000,Y,3474
*,"37-DM (V2)",Operate a portable grinder (V2),,1,2016-01-01 00:00:00.000,2020-12-31 00:00:00.000,2020-12-31 00:00:00.000,1900-01-01 00:00:00.000,Y,3475
*,"37-FT (V2)",Carry out a complete routine examination on a crusher (V2),,2,2016-01-01 00:00:00.000,2020-12-31 00:00:00.000,2020-12-31 00:00:00.000,1900-01-01 00:00:00.000,Y,3476
*,"37-P (V2)",Fabricate a frame using pipe (V2),,1,2016-01-01 00:00:00.000,2020-12-31 00:00:00.000,2020-12-31 00:00:00.000,1900-01-01 00:00:00.000,Y,3477
*,"38-DM (V2)",Operate a pedestal drill (V2),,1,2016-01-01 00:00:00.000,2020-12-31 00:00:00.000,2020-12-31 00:00:00.000,1900-01-01 00:00:00.000,Y,3478
*,"38-E/39-E (V2)","Measure voltage, current and resistances by using a megger and a tong tester    (V2)",,1,2016-01-01 00:00:00.000,2020-12-31 00:00:00.000,2020-12-31 00:00:00.000,1900-01-01 00:00:00.000,Y,3479
*,"38-FT (V2)",Carry out a complete routine examination on a screen (V2),,2,2016-01-01 00:00:00.000,2020-12-31 00:00:00.000,2020-12-31 00:00:00.000,1900-01-01 00:00:00.000,Y,3480
*,"38-P (V2)",Develop and fabricate a elbow (V2),,1,2016-01-01 00:00:00.000,2020-12-31 00:00:00.000,2020-12-31 00:00:00.000,1900-01-01 00:00:00.000,Y,3481
*,"39-DM (V2)",Operate a portable drill (V2),,1,2016-01-01 00:00:00.000,2020-12-31 00:00:00.000,2020-12-31 00:00:00.000,1900-01-01 00:00:00.000,Y,3482
*,"39-FT (V2)",Check and maintain water columns (V2),,1,2016-01-01 00:00:00.000,2020-12-31 00:00:00.000,2020-12-31 00:00:00.000,1900-01-01 00:00:00.000,Y,3483
*,"39-P (V2)",Develop and fabricate a lobster back bend (V2),,1,2016-01-01 00:00:00.000,2020-12-31 00:00:00.000,2020-12-31 00:00:00.000,1900-01-01 00:00:00.000,Y,3484
*,"40-DM (V2)",Operate a valve grinder and re-facer (V2),,1,2016-01-01 00:00:00.000,2020-12-31 00:00:00.000,2020-12-31 00:00:00.000,1900-01-01 00:00:00.000,Y,3485
*,"40-E (V2)",Carry out medium voltage tests under the supervision of a competent person (V2),,2,2016-01-01 00:00:00.000,2020-12-31 00:00:00.000,2020-12-31 00:00:00.000,1900-01-01 00:00:00.000,Y,3486
*,"40-FM (V2)",Check service and adjust a chain drive (V2),,1,2016-01-01 00:00:00.000,2020-12-31 00:00:00.000,2020-12-31 00:00:00.000,1900-01-01 00:00:00.000,Y,3487
*,"40-FT (V2)",Check and maintain air columns (V2),,1,2016-01-01 00:00:00.000,2020-12-31 00:00:00.000,2020-12-31 00:00:00.000,1900-01-01 00:00:00.000,Y,3488
*,"40-P (V2)",Develop and fabricate a pipe reducer (V2),,2,2016-01-01 00:00:00.000,2020-12-31 00:00:00.000,2020-12-31 00:00:00.000,1900-01-01 00:00:00.000,Y,3489
*,"41-DM (V2)",Operate a honer (V2),,1,2016-01-01 00:00:00.000,2020-12-31 00:00:00.000,2020-12-31 00:00:00.000,1900-01-01 00:00:00.000,Y,3490
*,"41-E (V2)","Maintain: (a) hostel equipment, (b) laundry equipment (V2)",,1,2016-01-01 00:00:00.000,2020-12-31 00:00:00.000,2020-12-31 00:00:00.000,1900-01-01 00:00:00.000,Y,3491
*,"41-FT (V2)",Check and test a pressure vessel (V2),,2,2016-01-01 00:00:00.000,2020-12-31 00:00:00.000,2020-12-31 00:00:00.000,1900-01-01 00:00:00.000,Y,3492
*,"41-P (V2)",Develop and fabricate a T-piece (V2),,1,2016-01-01 00:00:00.000,2020-12-31 00:00:00.000,2020-12-31 00:00:00.000,1900-01-01 00:00:00.000,Y,3493
*,"42-DM (V2)",Operate a valve seat cutter (V2),,1,2016-01-01 00:00:00.000,2020-12-31 00:00:00.000,2020-12-31 00:00:00.000,1900-01-01 00:00:00.000,Y,3494
*,"42-E (V2)",Test and connect a single phase motor (V2),,1,2016-01-01 00:00:00.000,2020-12-31 00:00:00.000,2020-12-31 00:00:00.000,1900-01-01 00:00:00.000,Y,3495
*,"42-FT (V2)","Check, service and adjust a chain drive (V2)",,1,2016-01-01 00:00:00.000,2020-12-31 00:00:00.000,2020-12-31 00:00:00.000,1900-01-01 00:00:00.000,Y,3496
*,"42-P (V2)",Develop and fabricate a pipe lateral (V2),,1,2016-01-01 00:00:00.000,2020-12-31 00:00:00.000,2020-12-31 00:00:00.000,1900-01-01 00:00:00.000,Y,3497
*,"43-DM (V2)","Lubricate and service the following units on a vehicle: a. Diesel engine, b. Transmission, c. Differential, d. Wheel bearings, e. Chassis (V2)",,3,2016-01-01 00:00:00.000,2020-12-31 00:00:00.000,2020-12-31 00:00:00.000,1900-01-01 00:00:00.000,Y,3498
*,"43-E (V2)",Test and connect single phase system (V2),,2,2016-01-01 00:00:00.000,2020-12-31 00:00:00.000,2020-12-31 00:00:00.000,1900-01-01 00:00:00.000,Y,3499
*,"43-FT (V2)","Change, align and adjust the tracks of a track driven machine (V2)",,3,2016-01-01 00:00:00.000,2020-12-31 00:00:00.000,2020-12-31 00:00:00.000,1900-01-01 00:00:00.000,Y,3500
*,"43-P (V2)",Develop and fabricate a cone (V2),,1,2016-01-01 00:00:00.000,2020-12-31 00:00:00.000,2020-12-31 00:00:00.000,1900-01-01 00:00:00.000,Y,3501
*,"44-DM (V2)",Maintain and adjust the clutch of a vehicle (V2),,1,2016-01-01 00:00:00.000,2020-12-31 00:00:00.000,2020-12-31 00:00:00.000,1900-01-01 00:00:00.000,Y,3502
*,"44-E (V2)",Test and connect a three phase 3 wire system (V2),,2,2016-01-01 00:00:00.000,2020-12-31 00:00:00.000,2020-12-31 00:00:00.000,1900-01-01 00:00:00.000,Y,3503
*,"44-FT (V2)",Read / interpret an pneumatic diagram (V2),,1,2016-01-01 00:00:00.000,2020-12-31 00:00:00.000,2020-12-31 00:00:00.000,1900-01-01 00:00:00.000,Y,3504
*,"44-P (V2)",Develop and fabricate a square to round (V2),,1,2016-01-01 00:00:00.000,2020-12-31 00:00:00.000,2020-12-31 00:00:00.000,1900-01-01 00:00:00.000,Y,3505
*,"45-DM (V2)",Maintain the cooling system of a vehicle (V2),,1,2016-01-01 00:00:00.000,2020-12-31 00:00:00.000,2020-12-31 00:00:00.000,1900-01-01 00:00:00.000,Y,3506
*,"45-E (V2)",Test and connect a three phase 4-wire system (V2),,2,2016-01-01 00:00:00.000,2020-12-31 00:00:00.000,2020-12-31 00:00:00.000,1900-01-01 00:00:00.000,Y,3507
*,"45-FT (V2)",Maintain the pneumatic circuits on machines  (V2),,1,2016-01-01 00:00:00.000,2020-12-31 00:00:00.000,2020-12-31 00:00:00.000,1900-01-01 00:00:00.000,Y,3508
*,"45-P (V2)",Develop and fabricate a rectangular to round (V2),,1,2016-01-01 00:00:00.000,2020-12-31 00:00:00.000,2020-12-31 00:00:00.000,1900-01-01 00:00:00.000,Y,3509
*,"46-DM (V2)","Change, align and adjust the tracks of a track driven vehicle (V2)",,3,2016-01-01 00:00:00.000,2020-12-31 00:00:00.000,2020-12-31 00:00:00.000,1900-01-01 00:00:00.000,Y,3510
*,"46-E (V2)",Read and interpret the oil level gauge on a transformer (V2),,1,2016-01-01 00:00:00.000,2020-12-31 00:00:00.000,2020-12-31 00:00:00.000,1900-01-01 00:00:00.000,Y,3511
*,"46-FT (V2)",Read/interpret an hydraulic diagram (V2),,1,2016-01-01 00:00:00.000,2020-12-31 00:00:00.000,2020-12-31 00:00:00.000,1900-01-01 00:00:00.000,Y,3512
*,"46-P (V2)",Develop and fabricate a Y-piece (V2),,1,2016-01-01 00:00:00.000,2020-12-31 00:00:00.000,2020-12-31 00:00:00.000,1900-01-01 00:00:00.000,Y,3513
*,"47-DM (V2)",Maintain a diesel engine (V2),,1,2016-01-01 00:00:00.000,2020-12-31 00:00:00.000,2020-12-31 00:00:00.000,1900-01-01 00:00:00.000,Y,3514
*,"47-E (V2)",Change the tapping position on a transformer (V2),,1,2016-01-01 00:00:00.000,2020-12-31 00:00:00.000,2020-12-31 00:00:00.000,1900-01-01 00:00:00.000,Y,3515
*,"47-FT (V2)",Maintain hydraulic circuits on a mechanical loader (V2),,1,2016-01-01 00:00:00.000,2020-12-31 00:00:00.000,2020-12-31 00:00:00.000,1900-01-01 00:00:00.000,Y,3516
*,"47-P (V2)",Demonstrate all hand signals applicable to rigging (V2),,1,2016-01-01 00:00:00.000,2020-12-31 00:00:00.000,2020-12-31 00:00:00.000,1900-01-01 00:00:00.000,Y,3517
*,"48-DM (V2)",Test a battery (V2),,1,2016-01-01 00:00:00.000,2020-12-31 00:00:00.000,2020-12-31 00:00:00.000,1900-01-01 00:00:00.000,Y,3518
*,"48-E (V2)",Test and connect a single phase and three phase transformers (V2),,2,2016-01-01 00:00:00.000,2020-12-31 00:00:00.000,2020-12-31 00:00:00.000,1900-01-01 00:00:00.000,Y,3519
*,"48-FT (V2)",Maintain hydraulic circuits on a shuttle car (V2),,1,2016-01-01 00:00:00.000,2020-12-31 00:00:00.000,2020-12-31 00:00:00.000,1900-01-01 00:00:00.000,Y,3520
*,"48-P (V2)","Rig and lift vertically, equipment with a mass not more than 5 tons (V2)",,1,2016-01-01 00:00:00.000,2020-12-31 00:00:00.000,2020-12-31 00:00:00.000,1900-01-01 00:00:00.000,Y,3521
*,"49-DM (V2)",Maintain a charging system (V2),,2,2016-01-01 00:00:00.000,2020-12-31 00:00:00.000,2020-12-31 00:00:00.000,1900-01-01 00:00:00.000,Y,3522
*,"49-e (V2)",Connect and read energy meters in domestic installations (V2),,1,2016-01-01 00:00:00.000,2020-12-31 00:00:00.000,2020-12-31 00:00:00.000,1900-01-01 00:00:00.000,Y,3523
*,"49-FT (V2)",Maintain hydraulic circuits on a scoop (V2),,1,2016-01-01 00:00:00.000,2020-12-31 00:00:00.000,2020-12-31 00:00:00.000,1900-01-01 00:00:00.000,Y,3524
*,"49-P (V2)",Service a screen (V2),,1,2016-01-01 00:00:00.000,2020-12-31 00:00:00.000,2020-12-31 00:00:00.000,1900-01-01 00:00:00.000,Y,3525
*,"50-DM (V2)",Maintain a starter motor (V2),,1,2016-01-01 00:00:00.000,2020-12-31 00:00:00.000,2020-12-31 00:00:00.000,1900-01-01 00:00:00.000,Y,3526
*,"50-FT (V2)",Maintain hydraulic circuits on a continuous miner (V2),,1,2016-01-01 00:00:00.000,2020-12-31 00:00:00.000,2020-12-31 00:00:00.000,1900-01-01 00:00:00.000,Y,3527
*,"50-P (V2)",Service a crusher (V2),,1,2016-01-01 00:00:00.000,2020-12-31 00:00:00.000,2020-12-31 00:00:00.000,1900-01-01 00:00:00.000,Y,3528
*,"51-DM (V2)",Repair a flat tyre (V2),,1,2016-01-01 00:00:00.000,2020-12-31 00:00:00.000,2020-12-31 00:00:00.000,1900-01-01 00:00:00.000,Y,3529
*,"51-FT (V2)",Maintain hydraulic circuits on a coal cutter (V2),,1,2016-01-01 00:00:00.000,2020-12-31 00:00:00.000,2020-12-31 00:00:00.000,1900-01-01 00:00:00.000,Y,3530
*,"51-P (V2)",Service a conveyor (V2),,1,2016-01-01 00:00:00.000,2020-12-31 00:00:00.000,2020-12-31 00:00:00.000,1900-01-01 00:00:00.000,Y,3531
*,"52-DM (V2)",Check and adjust the wheel alignment of a vehicle (V2),,3,2016-01-01 00:00:00.000,2020-12-31 00:00:00.000,2020-12-31 00:00:00.000,1900-01-01 00:00:00.000,Y,3532
*,"52-E (V2)",Test and charge Batteries (V2),,2,2016-01-01 00:00:00.000,2020-12-31 00:00:00.000,2020-12-31 00:00:00.000,1900-01-01 00:00:00.000,Y,3533
*,"52-FT (V2)",Maintain hydraulic circuits on a face drill (V2),,1,2016-01-01 00:00:00.000,2020-12-31 00:00:00.000,2020-12-31 00:00:00.000,1900-01-01 00:00:00.000,Y,3534
*,"52-PW (V2)",Use MIG welding (V2),,1,2016-01-01 00:00:00.000,2020-12-31 00:00:00.000,2020-12-31 00:00:00.000,1900-01-01 00:00:00.000,Y,3535
*,"53-DM (V2)",Maintain a steering unit (non power assisted) (V2),,2,2016-01-01 00:00:00.000,2020-12-31 00:00:00.000,2020-12-31 00:00:00.000,1900-01-01 00:00:00.000,Y,3536
*,"53-E (V2)",Carry out the isolation and switching procedures on a MV system under the supervision of a competent person (V2),,5,2016-01-01 00:00:00.000,2020-12-31 00:00:00.000,2020-12-31 00:00:00.000,1900-01-01 00:00:00.000,Y,3537
*,"53-FT (V2)",Maintain hydraulic circuits on a roof bolter (V2),,1,2016-01-01 00:00:00.000,2020-12-31 00:00:00.000,2020-12-31 00:00:00.000,1900-01-01 00:00:00.000,Y,3538
*,"53-PW (V2)",Use TIG welding (V2),,1,2016-01-01 00:00:00.000,2020-12-31 00:00:00.000,2020-12-31 00:00:00.000,1900-01-01 00:00:00.000,Y,3539
*,"54-DM (V2)",Maintain a steering unit (power assisted) (V2),,1,2016-01-01 00:00:00.000,2020-12-31 00:00:00.000,2020-12-31 00:00:00.000,1900-01-01 00:00:00.000,Y,3540
*,"54-E (V2)",Maintain overhead lines (V2),,2,2016-01-01 00:00:00.000,2020-12-31 00:00:00.000,2020-12-31 00:00:00.000,1900-01-01 00:00:00.000,Y,3541
*,"54-FT (V2)",Maintain hydraulic circuits on a long wall system (V2),,1,2016-01-01 00:00:00.000,2020-12-31 00:00:00.000,2020-12-31 00:00:00.000,1900-01-01 00:00:00.000,Y,3542
*,"54-PW (V2)",Do structural repairs on a shuttle car (V2),,2,2016-01-01 00:00:00.000,2020-12-31 00:00:00.000,2020-12-31 00:00:00.000,1900-01-01 00:00:00.000,Y,3543
*,"55-DM (V2)",Maintain a orbitrol hydraulic steering (V2),,2,2016-01-01 00:00:00.000,2020-12-31 00:00:00.000,2020-12-31 00:00:00.000,1900-01-01 00:00:00.000,Y,3544
*,"55-E (V2)",Test a TRS cable (V2),,2,2016-01-01 00:00:00.000,2020-12-31 00:00:00.000,2020-12-31 00:00:00.000,1900-01-01 00:00:00.000,Y,3545
*,"55-FT (V2)",Service a mechanical loader (V2),,1,2016-01-01 00:00:00.000,2020-12-31 00:00:00.000,2020-12-31 00:00:00.000,1900-01-01 00:00:00.000,Y,3546
*,"55-PW (V2)",Do structural repairs on a loader (V2),,2,2016-01-01 00:00:00.000,2020-12-31 00:00:00.000,2020-12-31 00:00:00.000,1900-01-01 00:00:00.000,Y,3547
*,"56-E (V2)",Test a TRS cable with a surge or impulse generator (V2),,2,2016-01-01 00:00:00.000,2020-12-31 00:00:00.000,2020-12-31 00:00:00.000,1900-01-01 00:00:00.000,Y,3548
*,"56-FT (V2)",Service a shuttle car (V2),,1,2016-01-01 00:00:00.000,2020-12-31 00:00:00.000,2020-12-31 00:00:00.000,1900-01-01 00:00:00.000,Y,3549
*,"56-PW (V2)",Do structural repairs on a coal cutter (V2),,2,2016-01-01 00:00:00.000,2020-12-31 00:00:00.000,2020-12-31 00:00:00.000,1900-01-01 00:00:00.000,Y,3550
*,"57-E (V2)",Connect a cable plug to a TRS cable (V2),,1,2016-01-01 00:00:00.000,2020-12-31 00:00:00.000,2020-12-31 00:00:00.000,1900-01-01 00:00:00.000,Y,3551
*,"57-FT (V2)",Service a scoop (V2),,1,2016-01-01 00:00:00.000,2020-12-31 00:00:00.000,2020-12-31 00:00:00.000,1900-01-01 00:00:00.000,Y,3552
*,"57-PW (V2)",Do structural repairs on a continues miner (V2),,1,2016-01-01 00:00:00.000,2020-12-31 00:00:00.000,2020-12-31 00:00:00.000,1900-01-01 00:00:00.000,Y,3553
*,"58-e (V2)",Join a TRS cable (V2),,1,2016-01-01 00:00:00.000,2020-12-31 00:00:00.000,2020-12-31 00:00:00.000,1900-01-01 00:00:00.000,Y,3554
*,"58-FT (V2)",Service a continuous miner (V2),,1,2016-01-01 00:00:00.000,2020-12-31 00:00:00.000,2020-12-31 00:00:00.000,1900-01-01 00:00:00.000,Y,3555
*,"59-E/68-E (V2)",Service and maintain a mechanical loader (V2),,2,2016-01-01 00:00:00.000,2020-12-31 00:00:00.000,2020-12-31 00:00:00.000,1900-01-01 00:00:00.000,Y,3556
*,"59-FT (V2)",Service a coal cutter (V2),,1,2016-01-01 00:00:00.000,2020-12-31 00:00:00.000,2020-12-31 00:00:00.000,1900-01-01 00:00:00.000,Y,3557
*,"60-E/69-E (V2)",Service and maintain a shuttle car (V2),,2,2016-01-01 00:00:00.000,2020-12-31 00:00:00.000,2020-12-31 00:00:00.000,1900-01-01 00:00:00.000,Y,3558
*,"60-FT (V2)",Service a face drill (V2),,1,2016-01-01 00:00:00.000,2020-12-31 00:00:00.000,2020-12-31 00:00:00.000,1900-01-01 00:00:00.000,Y,3559
*,"61-E/70-E (V2)",Service and maintain a coal cutter (V2),,2,2016-01-01 00:00:00.000,2020-12-31 00:00:00.000,2020-12-31 00:00:00.000,1900-01-01 00:00:00.000,Y,3560
*,"61-FT (V2)",Service a roof bolter (V2),,1,2016-01-01 00:00:00.000,2020-12-31 00:00:00.000,2020-12-31 00:00:00.000,1900-01-01 00:00:00.000,Y,3561
*,"62-E/71-E (V2)",Service and maintain a continuous miner (Road Header) (V2),,4,2016-01-01 00:00:00.000,2020-12-31 00:00:00.000,2020-12-31 00:00:00.000,1900-01-01 00:00:00.000,Y,3562
*,"62-FT (V2)",Service a feeder breaker (V2),,1,2016-01-01 00:00:00.000,2020-12-31 00:00:00.000,2020-12-31 00:00:00.000,1900-01-01 00:00:00.000,Y,3563
*,"63-E/72-E (V2)",Service and maintain a feeder (V2),,1,2016-01-01 00:00:00.000,2020-12-31 00:00:00.000,2020-12-31 00:00:00.000,1900-01-01 00:00:00.000,Y,3564
*,"63-FT (V2)",Service a long wall system (V2),,1,2016-01-01 00:00:00.000,2020-12-31 00:00:00.000,2020-12-31 00:00:00.000,1900-01-01 00:00:00.000,Y,3565
*,"64-E/73-E (V2)",Service and maintain a gate-end box (V2),,2,2016-01-01 00:00:00.000,2020-12-31 00:00:00.000,2020-12-31 00:00:00.000,1900-01-01 00:00:00.000,Y,3566
*,"64-FT (V2)",Adjust slip clutches on a coal cutter (V2),,2,2016-01-01 00:00:00.000,2020-12-31 00:00:00.000,2020-12-31 00:00:00.000,1900-01-01 00:00:00.000,Y,3567
*,"65-E/74-E (V2)",Service and maintain a roof bolter (V2),,1,2016-01-01 00:00:00.000,2020-12-31 00:00:00.000,2020-12-31 00:00:00.000,1900-01-01 00:00:00.000,Y,3568
*,"65-FT (V2)",Adjust slip clutches on a loader (V2),,3,2016-01-01 00:00:00.000,2020-12-31 00:00:00.000,2020-12-31 00:00:00.000,1900-01-01 00:00:00.000,Y,3569
*,"66-E/75-E (V2)",Service and maintain a scoop (V2),,2,2016-01-01 00:00:00.000,2020-12-31 00:00:00.000,2020-12-31 00:00:00.000,1900-01-01 00:00:00.000,Y,3570
*,"66-FT (V2)",Service a diesel engine (V2),,1,2016-01-01 00:00:00.000,2020-12-31 00:00:00.000,2020-12-31 00:00:00.000,1900-01-01 00:00:00.000,Y,3571
*,"67-E/76-E (V2)",Service and maintain long wall equipment (V2),,4,2016-01-01 00:00:00.000,2020-12-31 00:00:00.000,2020-12-31 00:00:00.000,1900-01-01 00:00:00.000,Y,3572
*,"67-FT (V2)",Maintain the hydraulic circuits of a front end loader (V2),,1,2016-01-01 00:00:00.000,2020-12-31 00:00:00.000,2020-12-31 00:00:00.000,1900-01-01 00:00:00.000,Y,3573
*,"68-FT (V2)",Maintain the hydraulic circuits of a dozer (V2),,1,2016-01-01 00:00:00.000,2020-12-31 00:00:00.000,2020-12-31 00:00:00.000,1900-01-01 00:00:00.000,Y,3574
*,"69-FT (V2)",Maintain the hydraulic circuits of an over burden drill (V2),,1,2016-01-01 00:00:00.000,2020-12-31 00:00:00.000,2020-12-31 00:00:00.000,1900-01-01 00:00:00.000,Y,3575
*,"70-FT (V2)",Maintain the hydraulic circuits of a coal drill (V2),,1,2016-01-01 00:00:00.000,2020-12-31 00:00:00.000,2020-12-31 00:00:00.000,1900-01-01 00:00:00.000,Y,3576
*,"71-FT (V2)",Maintain the hydraulic circuits of a road grader (V2),,1,2016-01-01 00:00:00.000,2020-12-31 00:00:00.000,2020-12-31 00:00:00.000,1900-01-01 00:00:00.000,Y,3577
*,"72-FT (V2)",Service an automatic lubrication system (V2),,2,2016-01-01 00:00:00.000,2020-12-31 00:00:00.000,2020-12-31 00:00:00.000,1900-01-01 00:00:00.000,Y,3578
*,"73-FT (V2)",Service a coal drill (V2),,2,2016-01-01 00:00:00.000,2020-12-31 00:00:00.000,2020-12-31 00:00:00.000,1900-01-01 00:00:00.000,Y,3579
*,"74-FT (V2)",Service an over burden drill (V2),,2,2016-01-01 00:00:00.000,2020-12-31 00:00:00.000,2020-12-31 00:00:00.000,1900-01-01 00:00:00.000,Y,3580
*,"75-FT (V2)",Service a dozer (V2),,1,2016-01-01 00:00:00.000,2020-12-31 00:00:00.000,2020-12-31 00:00:00.000,1900-01-01 00:00:00.000,Y,3581
*,"76-FT (V2)",Service a road grader (V2),,2,2016-01-01 00:00:00.000,2020-12-31 00:00:00.000,2020-12-31 00:00:00.000,1900-01-01 00:00:00.000,Y,3582
*,"77-E (V2)","Test, connect and maintain DC motors (V2)",,2,2016-01-01 00:00:00.000,2020-12-31 00:00:00.000,2020-12-31 00:00:00.000,1900-01-01 00:00:00.000,Y,3583
*,"77-FT (V2)",Service a coal hauler (V2),,1,2016-01-01 00:00:00.000,2020-12-31 00:00:00.000,2020-12-31 00:00:00.000,1900-01-01 00:00:00.000,Y,3584
*,"78-E (V2)",Service DC motors and generators of dragline (V2),,2,2016-01-01 00:00:00.000,2020-12-31 00:00:00.000,2020-12-31 00:00:00.000,1900-01-01 00:00:00.000,Y,3585
*,"78-FT (V2)",Service a face shovel (V2),,1,2016-01-01 00:00:00.000,2020-12-31 00:00:00.000,2020-12-31 00:00:00.000,1900-01-01 00:00:00.000,Y,3586
*,"79-E (V2)","Service the tub, cable, slip-rings and circuit breakers (V2)",,2,2016-01-01 00:00:00.000,2020-12-31 00:00:00.000,2020-12-31 00:00:00.000,1900-01-01 00:00:00.000,Y,3587
*,"79-FT (V2)",Service and adjust air brakes and clutches on a drill (V2),,1,2016-01-01 00:00:00.000,2020-12-31 00:00:00.000,2020-12-31 00:00:00.000,1900-01-01 00:00:00.000,Y,3588
*,"80-E (V2)",Service transformers of a dragline (V2),,1,2016-01-01 00:00:00.000,2020-12-31 00:00:00.000,2020-12-31 00:00:00.000,1900-01-01 00:00:00.000,Y,3589
*,"80-FT (V2)",Service and adjust air brakes and clutches on a face shovel (V2),,1,2016-01-01 00:00:00.000,2020-12-31 00:00:00.000,2020-12-31 00:00:00.000,1900-01-01 00:00:00.000,Y,3590
*,"81-E (V2)",Service the electrical apparatus in a control room (V2),,1,2016-01-01 00:00:00.000,2020-12-31 00:00:00.000,2020-12-31 00:00:00.000,1900-01-01 00:00:00.000,Y,3591
*,"81-FT (V2)",Service and adjust air brakes and clutches on an over burden drill (V2),,1,2016-01-01 00:00:00.000,2020-12-31 00:00:00.000,2020-12-31 00:00:00.000,1900-01-01 00:00:00.000,Y,3592
*,"82-E (V2)",Service the low voltage equipment of a dragline (V2),,2,2016-01-01 00:00:00.000,2020-12-31 00:00:00.000,2020-12-31 00:00:00.000,1900-01-01 00:00:00.000,Y,3593
*,"82-FT (V2)",Repair an air motor (coal drill) (V2),,2,2016-01-01 00:00:00.000,2020-12-31 00:00:00.000,2020-12-31 00:00:00.000,1900-01-01 00:00:00.000,Y,3594
*,"83-E (V2)",Service an overburden drill (V2),,2,2016-01-01 00:00:00.000,2020-12-31 00:00:00.000,2020-12-31 00:00:00.000,1900-01-01 00:00:00.000,Y,3595
*,"83-FT (V2)",Repair an air hammer (coal drill) (V2),,2,2016-01-01 00:00:00.000,2020-12-31 00:00:00.000,2020-12-31 00:00:00.000,1900-01-01 00:00:00.000,Y,3596
*,"84-E (V2)",Service a shovel (V2),,2,2016-01-01 00:00:00.000,2020-12-31 00:00:00.000,2020-12-31 00:00:00.000,1900-01-01 00:00:00.000,Y,3597
*,"85-E (V2)",Maintain an overburden drill (V2),,2,2016-01-01 00:00:00.000,2020-12-31 00:00:00.000,2020-12-31 00:00:00.000,1900-01-01 00:00:00.000,Y,3598
*,"86-E (V2)",Maintain a shovel (V2),,2,2016-01-01 00:00:00.000,2020-12-31 00:00:00.000,2020-12-31 00:00:00.000,1900-01-01 00:00:00.000,Y,3599
*,"8-DM (V2)",Select and change bearings for a radial load (V2),,1,2016-01-01 00:00:00.000,2020-12-31 00:00:00.000,2020-12-31 00:00:00.000,1900-01-01 00:00:00.000,Y,3600
*,"8-E (V2)",Make off MV cables under the supervision of a competent person (V2),,2,2016-01-01 00:00:00.000,2020-12-31 00:00:00.000,2020-12-31 00:00:00.000,1900-01-01 00:00:00.000,Y,3601
*,"8-F (V2)",Maintain a worm and worm wheel gearbox (V2),,1,2016-01-01 00:00:00.000,2020-12-31 00:00:00.000,2020-12-31 00:00:00.000,1900-01-01 00:00:00.000,Y,3602
*,"9-DM (V2)",Select and change bearings for an axial load (V2),,1,2016-01-01 00:00:00.000,2020-12-31 00:00:00.000,2020-12-31 00:00:00.000,1900-01-01 00:00:00.000,Y,3603
*,"9-E (V2)",Join a MV cable under the supervision of a competent person (V2),,2,2016-01-01 00:00:00.000,2020-12-31 00:00:00.000,2020-12-31 00:00:00.000,1900-01-01 00:00:00.000,Y,3604
*,"9-F (V2)",Maintain a bevel wheel and pinion gearbox (V2),,1,2016-01-01 00:00:00.000,2020-12-31 00:00:00.000,2020-12-31 00:00:00.000,1900-01-01 00:00:00.000,Y,3605
*,AAB (V2),Maintain air-assisted brakes (V2),,2,2016-01-01 00:00:00.000,2020-12-31 00:00:00.000,2020-12-31 00:00:00.000,1900-01-01 00:00:00.000,Y,3606
*,AAC (V2),Adjust and align conveyor belts (V2),,1,2016-01-01 00:00:00.000,2020-12-31 00:00:00.000,2020-12-31 00:00:00.000,1900-01-01 00:00:00.000,Y,3607
*,ABS (V2),Anti-lock Brake System (V2),,2,2016-01-01 00:00:00.000,2020-12-31 00:00:00.000,2020-12-31 00:00:00.000,1900-01-01 00:00:00.000,Y,3608
*,ACV (V2),Assist in changing a vibrating screen (V2),,3,2016-01-01 00:00:00.000,2020-12-31 00:00:00.000,2020-12-31 00:00:00.000,1900-01-01 00:00:00.000,Y,3609
*,AF (V2),Erect and use an A-Frame (V2),,3,2016-01-01 00:00:00.000,2020-12-31 00:00:00.000,2020-12-31 00:00:00.000,1900-01-01 00:00:00.000,Y,3610
*,AIT (V2),Assist with annual inspection and testing of boilers (V2),,1,2016-01-01 00:00:00.000,2020-12-31 00:00:00.000,2020-12-31 00:00:00.000,1900-01-01 00:00:00.000,Y,3611
*,AL (V2),Maintain air legs (V2),,1,2016-01-01 00:00:00.000,2020-12-31 00:00:00.000,2020-12-31 00:00:00.000,1900-01-01 00:00:00.000,Y,3612
*,AMT (V2),Assist in maintaining a Teska (V2),,2,2016-01-01 00:00:00.000,2020-12-31 00:00:00.000,2020-12-31 00:00:00.000,1900-01-01 00:00:00.000,Y,3613
*,APF-1 (V2),Develop a sweep-tee (V2),,1,2016-01-01 00:00:00.000,2020-12-31 00:00:00.000,2020-12-31 00:00:00.000,1900-01-01 00:00:00.000,Y,3614
*,APF-2 (V2),Fabricate a sweep-tee (V2),,2,2016-01-01 00:00:00.000,2020-12-31 00:00:00.000,2020-12-31 00:00:00.000,1900-01-01 00:00:00.000,Y,3615
*,AS-1 (V2),Fabricate a square angle iron frame (V2),,1,2016-01-01 00:00:00.000,2020-12-31 00:00:00.000,2020-12-31 00:00:00.000,1900-01-01 00:00:00.000,Y,3616
*,AS-2 (V2),Mark off an angle iron frame (V2),,1,2016-01-01 00:00:00.000,2020-12-31 00:00:00.000,2020-12-31 00:00:00.000,1900-01-01 00:00:00.000,Y,3617
*,AS-3 (V2),Mark off matching angle iron frames (V2),,1,2016-01-01 00:00:00.000,2020-12-31 00:00:00.000,2020-12-31 00:00:00.000,1900-01-01 00:00:00.000,Y,3618
*,AS-4 (V2),Fabricate an angle iron bracket (V2),,1,2016-01-01 00:00:00.000,2020-12-31 00:00:00.000,2020-12-31 00:00:00.000,1900-01-01 00:00:00.000,Y,3619
*,AS-5 (V2),Lay out a roof truss (V2),,1,2016-01-01 00:00:00.000,2020-12-31 00:00:00.000,2020-12-31 00:00:00.000,1900-01-01 00:00:00.000,Y,3620
*,ASZ (V2),Strip and assemble sizers (V2),,2,2016-01-01 00:00:00.000,2020-12-31 00:00:00.000,2020-12-31 00:00:00.000,1900-01-01 00:00:00.000,Y,3621
*,AT-1 (V2),Wire an auto transformer starter (V2),,2,2016-01-01 00:00:00.000,2020-12-31 00:00:00.000,2020-12-31 00:00:00.000,1900-01-01 00:00:00.000,Y,3622
*,ATF (V2),Allowances and tolerances for fits (V2),,1,2016-01-01 00:00:00.000,2020-12-31 00:00:00.000,2020-12-31 00:00:00.000,1900-01-01 00:00:00.000,Y,3623
*,AW-1 (V2),Bead and weave weld (V2),,2,2016-01-01 00:00:00.000,2020-12-31 00:00:00.000,2020-12-31 00:00:00.000,1900-01-01 00:00:00.000,Y,3624
*,AW-10 (V2),Weld stainless steel (V2),,1,2016-01-01 00:00:00.000,2020-12-31 00:00:00.000,2020-12-31 00:00:00.000,1900-01-01 00:00:00.000,Y,3625
*,AW-11 (V2),Weld cold cast iron (V2),,1,2016-01-01 00:00:00.000,2020-12-31 00:00:00.000,2020-12-31 00:00:00.000,1900-01-01 00:00:00.000,Y,3626
*,AW-2 (V2),Weld a fillet and corner joint (V2),,1,2016-01-01 00:00:00.000,2020-12-31 00:00:00.000,2020-12-31 00:00:00.000,1900-01-01 00:00:00.000,Y,3627
*,AW-3 (V2),Weld a butt-joint (V2),,1,2016-01-01 00:00:00.000,2020-12-31 00:00:00.000,2020-12-31 00:00:00.000,1900-01-01 00:00:00.000,Y,3628
*,AW-4 (V2),Weld a horizontal butt-joint (V2),,3,2016-01-01 00:00:00.000,2020-12-31 00:00:00.000,2020-12-31 00:00:00.000,1900-01-01 00:00:00.000,Y,3629
*,AW-5 (V2),Weld an overhead fillet-joint (V2),,1,2016-01-01 00:00:00.000,2020-12-31 00:00:00.000,2020-12-31 00:00:00.000,1900-01-01 00:00:00.000,Y,3630
*,AW-6 (V2),Weld a vertical up butt-joint (V2),,1,2016-01-01 00:00:00.000,2020-12-31 00:00:00.000,2020-12-31 00:00:00.000,1900-01-01 00:00:00.000,Y,3631
*,AW-7 (V2),Butt-weld pipes in position (V2),,1,2016-01-01 00:00:00.000,2020-12-31 00:00:00.000,2020-12-31 00:00:00.000,1900-01-01 00:00:00.000,Y,3632
*,AW-8 (V2),Hardface surfaces (V2),,1,2016-01-01 00:00:00.000,2020-12-31 00:00:00.000,2020-12-31 00:00:00.000,1900-01-01 00:00:00.000,Y,3633
*,AW-9 (V2),Arc gouge (V2),,3,2016-01-01 00:00:00.000,2020-12-31 00:00:00.000,2020-12-31 00:00:00.000,1900-01-01 00:00:00.000,Y,3634
*,AWA (V2),Check and adjust wheel alignment (V2),,4,2016-01-01 00:00:00.000,2020-12-31 00:00:00.000,2020-12-31 00:00:00.000,1900-01-01 00:00:00.000,Y,3635
*,AW-S (V2),Identify and interpret welding symbols (V2),,1,2016-01-01 00:00:00.000,2020-12-31 00:00:00.000,2020-12-31 00:00:00.000,1900-01-01 00:00:00.000,Y,3636
*,BAL (V2),Balance loads (V2),,2,2016-01-01 00:00:00.000,2020-12-31 00:00:00.000,2020-12-31 00:00:00.000,1900-01-01 00:00:00.000,Y,3637
*,BBS (V2),Temper and grind a chisel (V2),,1,2016-01-01 00:00:00.000,2020-12-31 00:00:00.000,2020-12-31 00:00:00.000,1900-01-01 00:00:00.000,Y,3638
*,BE (V2),Basic electricity (V2),,2,2016-01-01 00:00:00.000,2020-12-31 00:00:00.000,2020-12-31 00:00:00.000,1900-01-01 00:00:00.000,Y,3639
*,BE-1 (V2),Identify and use resistors (V2),,1,2016-01-01 00:00:00.000,2020-12-31 00:00:00.000,2020-12-31 00:00:00.000,1900-01-01 00:00:00.000,Y,3640
*,BE-10 (V2),Construct and test regulated power supply (V2),,2,2016-01-01 00:00:00.000,2020-12-31 00:00:00.000,2020-12-31 00:00:00.000,1900-01-01 00:00:00.000,Y,3641
*,BE-11 (V2),Test thyristor (V2),,1,2016-01-01 00:00:00.000,2020-12-31 00:00:00.000,2020-12-31 00:00:00.000,1900-01-01 00:00:00.000,Y,3642
*,BE-12 (V2),Test thyristor phase control (V2),,2,2016-01-01 00:00:00.000,2020-12-31 00:00:00.000,2020-12-31 00:00:00.000,1900-01-01 00:00:00.000,Y,3643
*,BE-13 (V2),Explain and apply PLC operating principles (V2),,4,2016-01-01 00:00:00.000,2020-12-31 00:00:00.000,2020-12-31 00:00:00.000,1900-01-01 00:00:00.000,Y,3644
*,BE-2 (V2),Identify and use capacitors (V2),,1,2016-01-01 00:00:00.000,2020-12-31 00:00:00.000,2020-12-31 00:00:00.000,1900-01-01 00:00:00.000,Y,3645
*,BE-3 (V2),Identify and use inductors (V2),,1,2016-01-01 00:00:00.000,2020-12-31 00:00:00.000,2020-12-31 00:00:00.000,1900-01-01 00:00:00.000,Y,3646
*,BE-4 (V2),Identify and use diodes (V2),,1,2016-01-01 00:00:00.000,2020-12-31 00:00:00.000,2020-12-31 00:00:00.000,1900-01-01 00:00:00.000,Y,3647
*,BE-5 (V2),Construct rectification circuits (V2),,2,2016-01-01 00:00:00.000,2020-12-31 00:00:00.000,2020-12-31 00:00:00.000,1900-01-01 00:00:00.000,Y,3648
*,BE-6 (V2),Identify and use zener diodes (V2),,1,2016-01-01 00:00:00.000,2020-12-31 00:00:00.000,2020-12-31 00:00:00.000,1900-01-01 00:00:00.000,Y,3649
*,BE-7 (V2),Construct a voltage doubler (V2),,1,2016-01-01 00:00:00.000,2020-12-31 00:00:00.000,2020-12-31 00:00:00.000,1900-01-01 00:00:00.000,Y,3650
*,BE-8 (V2),Identify transistor action (V2),,1,2016-01-01 00:00:00.000,2020-12-31 00:00:00.000,2020-12-31 00:00:00.000,1900-01-01 00:00:00.000,Y,3651
*,BE-9 (V2),Identify transistor configurations (V2),,1,2016-01-01 00:00:00.000,2020-12-31 00:00:00.000,2020-12-31 00:00:00.000,1900-01-01 00:00:00.000,Y,3652
*,BF-1 (V2),Carry out daily and weekly checks on line fans (V2),,1,2016-01-01 00:00:00.000,2020-12-31 00:00:00.000,2020-12-31 00:00:00.000,1900-01-01 00:00:00.000,Y,3653
*,BF-2 (V2),Carry out monthly checks on line fans (V2),,1,2016-01-01 00:00:00.000,2020-12-31 00:00:00.000,2020-12-31 00:00:00.000,1900-01-01 00:00:00.000,Y,3654
*,BIF (V2),Examine bearings (V2),,1,2016-01-01 00:00:00.000,2020-12-31 00:00:00.000,2020-12-31 00:00:00.000,1900-01-01 00:00:00.000,Y,3655
*,BOI (V2),Service boilers (V2),,1,2016-01-01 00:00:00.000,2020-12-31 00:00:00.000,2020-12-31 00:00:00.000,1900-01-01 00:00:00.000,Y,3656
*,BR-1 (V2),Handle material safely (V2),,1,2016-01-01 00:00:00.000,2020-12-31 00:00:00.000,2020-12-31 00:00:00.000,1900-01-01 00:00:00.000,Y,3657
*,BRR-1 (V2),Mount a bearing manually (V2),,1,2016-01-01 00:00:00.000,2020-12-31 00:00:00.000,2020-12-31 00:00:00.000,1900-01-01 00:00:00.000,Y,3658
*,BRR-2 (V2),Remove a bearing mechanically (V2),,2,2016-01-01 00:00:00.000,2020-12-31 00:00:00.000,2020-12-31 00:00:00.000,1900-01-01 00:00:00.000,Y,3659
*,BRR-3 (V2),Remove and mount a bearing with adaptor sleeve (V2),,2,2016-01-01 00:00:00.000,2020-12-31 00:00:00.000,2020-12-31 00:00:00.000,1900-01-01 00:00:00.000,Y,3660
*,BRR-4 (V2),Remove and mount a bearing mechanically (V2),,1,2016-01-01 00:00:00.000,2020-12-31 00:00:00.000,2020-12-31 00:00:00.000,1900-01-01 00:00:00.000,Y,3661
*,BSB (V2),Overhaul big and small end bushes on a rotary filter (V2),,1,2016-01-01 00:00:00.000,2020-12-31 00:00:00.000,2020-12-31 00:00:00.000,1900-01-01 00:00:00.000,Y,3662
*,BSM (V2),Splice a back splice in a manila rope (V2),,2,2016-01-01 00:00:00.000,2020-12-31 00:00:00.000,2020-12-31 00:00:00.000,1900-01-01 00:00:00.000,Y,3663
*,CA-1 (V2),Fit a 16 amp plug top (V2),,1,2016-01-01 00:00:00.000,2020-12-31 00:00:00.000,2020-12-31 00:00:00.000,1900-01-01 00:00:00.000,Y,3664
*,CA-2 (V2),Fit a compression gland (V2),,1,2016-01-01 00:00:00.000,2020-12-31 00:00:00.000,2020-12-31 00:00:00.000,1900-01-01 00:00:00.000,Y,3665
*,CA-3 (V2),Fit a gland (V2),,1,2016-01-01 00:00:00.000,2020-12-31 00:00:00.000,2020-12-31 00:00:00.000,1900-01-01 00:00:00.000,Y,3666
*,CA-4 (V2),Join a cable (V2),,2,2016-01-01 00:00:00.000,2020-12-31 00:00:00.000,2020-12-31 00:00:00.000,1900-01-01 00:00:00.000,Y,3667
*,CA-5 (V2),"Make off a paper insulated, wire armoured cable end (V2)",,2,2016-01-01 00:00:00.000,2020-12-31 00:00:00.000,2020-12-31 00:00:00.000,1900-01-01 00:00:00.000,Y,3668
*,CA-6 (V2),Make off a cross linked polyethylene (XLPE) cable end (V2),,2,2016-01-01 00:00:00.000,2020-12-31 00:00:00.000,2020-12-31 00:00:00.000,1900-01-01 00:00:00.000,Y,3669
*,CAC (V2),Connect a three phase squirrel cage motor (V2),,1,2016-01-01 00:00:00.000,2020-12-31 00:00:00.000,2020-12-31 00:00:00.000,1900-01-01 00:00:00.000,Y,3670
*,CAT (V2),"Connect, maintain and test transformers (LT only) (V2)",,3,2016-01-01 00:00:00.000,2020-12-31 00:00:00.000,2020-12-31 00:00:00.000,1900-01-01 00:00:00.000,Y,3671
*,CB (V2),Install a conveyor belt system (V2),,3,2016-01-01 00:00:00.000,2020-12-31 00:00:00.000,2020-12-31 00:00:00.000,1900-01-01 00:00:00.000,Y,3672
*,CBC (V2),"Assist with stripping, cleaning and checking a bridle (V2)",,1,2016-01-01 00:00:00.000,2020-12-31 00:00:00.000,2020-12-31 00:00:00.000,1900-01-01 00:00:00.000,Y,3673
*,CB-E (V2),Determine the condition of DC circuit breakers (V2),,1,2016-01-01 00:00:00.000,2020-12-31 00:00:00.000,2020-12-31 00:00:00.000,1900-01-01 00:00:00.000,Y,3674
*,CBE-R (V2),Assist with cutting back ends (V2),,4,2016-01-01 00:00:00.000,2020-12-31 00:00:00.000,2020-12-31 00:00:00.000,1900-01-01 00:00:00.000,Y,3675
*,CCB (V2),Change conveyer belt (V2),,3,2016-01-01 00:00:00.000,2020-12-31 00:00:00.000,2020-12-31 00:00:00.000,1900-01-01 00:00:00.000,Y,3676
*,CCD (V2),Course control document (V2),,1,2016-01-01 00:00:00.000,2020-12-31 00:00:00.000,2020-12-31 00:00:00.000,1900-01-01 00:00:00.000,Y,3677
*,CCE (V2),Connect up cable ends (V2),,1,2016-01-01 00:00:00.000,2020-12-31 00:00:00.000,2020-12-31 00:00:00.000,1900-01-01 00:00:00.000,Y,3678
*,CC-P (V2),Maintain scrubbers (V2),,1,2016-01-01 00:00:00.000,2020-12-31 00:00:00.000,2020-12-31 00:00:00.000,1900-01-01 00:00:00.000,Y,3679
*,CC-T (V2),Select conductors and cables (V2),,3,2016-01-01 00:00:00.000,2020-12-31 00:00:00.000,2020-12-31 00:00:00.000,1900-01-01 00:00:00.000,Y,3680
*,CCV (V2),Check and clean gate valves (V2),,1,2016-01-01 00:00:00.000,2020-12-31 00:00:00.000,2020-12-31 00:00:00.000,1900-01-01 00:00:00.000,Y,3681
*,CC-WE (V2),Check a commutator for wear (V2),,1,2016-01-01 00:00:00.000,2020-12-31 00:00:00.000,2020-12-31 00:00:00.000,1900-01-01 00:00:00.000,Y,3682
*,CDB (V2),Assist with changing drum bushes on a winder (V2),,1,2016-01-01 00:00:00.000,2020-12-31 00:00:00.000,2020-12-31 00:00:00.000,1900-01-01 00:00:00.000,Y,3683
*,CE (V2),Maintain concrete equipment (V2),,1,2016-01-01 00:00:00.000,2020-12-31 00:00:00.000,2020-12-31 00:00:00.000,1900-01-01 00:00:00.000,Y,3684
*,CEE (V2),Connect and earth equipment (V2),,1,2016-01-01 00:00:00.000,2020-12-31 00:00:00.000,2020-12-31 00:00:00.000,1900-01-01 00:00:00.000,Y,3685
*,CEM (V2),Change electrical motors (V2),,2,2016-01-01 00:00:00.000,2020-12-31 00:00:00.000,2020-12-31 00:00:00.000,1900-01-01 00:00:00.000,Y,3686
*,CFE (V2),Assist with cutting front ends (V2),,4,2016-01-01 00:00:00.000,2020-12-31 00:00:00.000,2020-12-31 00:00:00.000,1900-01-01 00:00:00.000,Y,3687
*,CHR (V2),Assist with changing hoist ropes on a winder (V2),,4,2016-01-01 00:00:00.000,2020-12-31 00:00:00.000,2020-12-31 00:00:00.000,1900-01-01 00:00:00.000,Y,3688
*,CIB (V2),Check and interpret bearing temperatures (V2),,1,2016-01-01 00:00:00.000,2020-12-31 00:00:00.000,2020-12-31 00:00:00.000,1900-01-01 00:00:00.000,Y,3689
*,CIC (V2),Assist in cleaning inter / after coolers (V2),,1,2016-01-01 00:00:00.000,2020-12-31 00:00:00.000,2020-12-31 00:00:00.000,1900-01-01 00:00:00.000,Y,3690
*,CJ (V2),Do a clip joint on a conveyor belt (V2),,1,2016-01-01 00:00:00.000,2020-12-31 00:00:00.000,2020-12-31 00:00:00.000,1900-01-01 00:00:00.000,Y,3691
*,CLU (V2),"Strip, inspect and maintain clutches (V2)",,2,2016-01-01 00:00:00.000,2020-12-31 00:00:00.000,2020-12-31 00:00:00.000,1900-01-01 00:00:00.000,Y,3692
*,CMD-0 (V2),Use a contour marker (V2),,1,2016-01-01 00:00:00.000,2020-12-31 00:00:00.000,2020-12-31 00:00:00.000,1900-01-01 00:00:00.000,Y,3693
*,CMD-1 (V2),Mark off a pipe off-set (V2),,1,2016-01-01 00:00:00.000,2020-12-31 00:00:00.000,2020-12-31 00:00:00.000,1900-01-01 00:00:00.000,Y,3694
*,CMD-10 (V2),Mark off a high pressure pipe (V2),,1,2016-01-01 00:00:00.000,2020-12-31 00:00:00.000,2020-12-31 00:00:00.000,1900-01-01 00:00:00.000,Y,3695
*,CMD-11 (V2),Measure for a lobster back bend (V2),,1,2016-01-01 00:00:00.000,2020-12-31 00:00:00.000,2020-12-31 00:00:00.000,1900-01-01 00:00:00.000,Y,3696
*,CMD-2 (V2),Mark off a set pipe (V2),,1,2016-01-01 00:00:00.000,2020-12-31 00:00:00.000,2020-12-31 00:00:00.000,1900-01-01 00:00:00.000,Y,3697
*,CMD-3 (V2),Mark off a pipe T-piece (V2),,1,2016-01-01 00:00:00.000,2020-12-31 00:00:00.000,2020-12-31 00:00:00.000,1900-01-01 00:00:00.000,Y,3698
*,CMD-4 (V2),Mark off a pipe lateral (V2),,1,2016-01-01 00:00:00.000,2020-12-31 00:00:00.000,2020-12-31 00:00:00.000,1900-01-01 00:00:00.000,Y,3699
*,CMD-5 (V2),Mark off an unequal pipe T-piece (V2),,1,2016-01-01 00:00:00.000,2020-12-31 00:00:00.000,2020-12-31 00:00:00.000,1900-01-01 00:00:00.000,Y,3700
*,CMD-6 (V2),Mark off an unequal pipe lateral (V2),,1,2016-01-01 00:00:00.000,2020-12-31 00:00:00.000,2020-12-31 00:00:00.000,1900-01-01 00:00:00.000,Y,3701
*,CMD-7 (V2),Mark off a pipe bend (V2),,1,2016-01-01 00:00:00.000,2020-12-31 00:00:00.000,2020-12-31 00:00:00.000,1900-01-01 00:00:00.000,Y,3702
*,CMD-8 (V2),Fabricate a pipe bend (V2),,1,2016-01-01 00:00:00.000,2020-12-31 00:00:00.000,2020-12-31 00:00:00.000,1900-01-01 00:00:00.000,Y,3703
*,CMD-9 (V2),Mark off a true pipe Y-piece (V2),,1,2016-01-01 00:00:00.000,2020-12-31 00:00:00.000,2020-12-31 00:00:00.000,1900-01-01 00:00:00.000,Y,3704
*,CM-T (V2),Explain induction motors (a) Squirrel cage (b) Slip Ring (V2),,2,2016-01-01 00:00:00.000,2020-12-31 00:00:00.000,2020-12-31 00:00:00.000,1900-01-01 00:00:00.000,Y,3705
*,CO-T (V2),Identify contactors (V2),,2,2016-01-01 00:00:00.000,2020-12-31 00:00:00.000,2020-12-31 00:00:00.000,1900-01-01 00:00:00.000,Y,3706
*,CPT (V2),"Secure cables to catenary wires, poles and trays (V2)",,1,2016-01-01 00:00:00.000,2020-12-31 00:00:00.000,2020-12-31 00:00:00.000,1900-01-01 00:00:00.000,Y,3707
*,CRD (V2),Assist with checking and replacing guide rollers and dolly wheels (V2),,1,2016-01-01 00:00:00.000,2020-12-31 00:00:00.000,2020-12-31 00:00:00.000,1900-01-01 00:00:00.000,Y,3708
*,CRD-DM (V2),Common Rail Diesel systems (V2),,2,2016-01-01 00:00:00.000,2020-12-31 00:00:00.000,2020-12-31 00:00:00.000,1900-01-01 00:00:00.000,Y,3709
*,CRDI (V2),Remove and replace the injector of a CRD engine (V2),,2,2016-01-01 00:00:00.000,2020-12-31 00:00:00.000,2020-12-31 00:00:00.000,1900-01-01 00:00:00.000,Y,3710
*,CRP-1 (V2),Assist with checking and maintaining refrigeration plants (Daily & Weekly) (V2),,1,2016-01-01 00:00:00.000,2020-12-31 00:00:00.000,2020-12-31 00:00:00.000,1900-01-01 00:00:00.000,Y,3711
*,CRP-2 (V2),Assist with checking and maintaining refrigeration plants (Monthly) (V2),,3,2016-01-01 00:00:00.000,2020-12-31 00:00:00.000,2020-12-31 00:00:00.000,1900-01-01 00:00:00.000,Y,3712
*,CRW (V2),Check wire rope for wear and damage (V2),,1,2016-01-01 00:00:00.000,2020-12-31 00:00:00.000,2020-12-31 00:00:00.000,1900-01-01 00:00:00.000,Y,3713
*,CS (V2),Test and identify faults in a charging system (V2),,2,2016-01-01 00:00:00.000,2020-12-31 00:00:00.000,2020-12-31 00:00:00.000,1900-01-01 00:00:00.000,Y,3714
*,CSC (V2),Assist with changing skips and cages (V2),,4,2016-01-01 00:00:00.000,2020-12-31 00:00:00.000,2020-12-31 00:00:00.000,1900-01-01 00:00:00.000,Y,3715
*,CSD (V2),Replace chains and sprocket wheels (V2),,3,2016-01-01 00:00:00.000,2020-12-31 00:00:00.000,2020-12-31 00:00:00.000,1900-01-01 00:00:00.000,Y,3716
*,CSP (V2),Assist in inspecting a humble hook (V2),,1,2016-01-01 00:00:00.000,2020-12-31 00:00:00.000,2020-12-31 00:00:00.000,1900-01-01 00:00:00.000,Y,3717
*,CSP-P (V2),Cut steel profiles with an Oxy-acetylene cutting torch (V2),,2,2016-01-01 00:00:00.000,2020-12-31 00:00:00.000,2020-12-31 00:00:00.000,1900-01-01 00:00:00.000,Y,3718
*,CSR (V2),Connect a three phase slip-ring motor (V2),,2,2016-01-01 00:00:00.000,2020-12-31 00:00:00.000,2020-12-31 00:00:00.000,1900-01-01 00:00:00.000,Y,3719
*,CSS (V2),Splice a cut splice into a steel wire rope (V2),,3,2016-01-01 00:00:00.000,2020-12-31 00:00:00.000,2020-12-31 00:00:00.000,1900-01-01 00:00:00.000,Y,3720
*,CSV (V2),Change suction and delivery valves on a compressor (V2),,1,2016-01-01 00:00:00.000,2020-12-31 00:00:00.000,2020-12-31 00:00:00.000,1900-01-01 00:00:00.000,Y,3721
*,CSV-DM (V2),Test the cooling system of a vehicle (V2),,2,2016-01-01 00:00:00.000,2020-12-31 00:00:00.000,2020-12-31 00:00:00.000,1900-01-01 00:00:00.000,Y,3722
*,CT-1 (V2),Test a  low voltage cable (V2),,2,2016-01-01 00:00:00.000,2020-12-31 00:00:00.000,2020-12-31 00:00:00.000,1900-01-01 00:00:00.000,Y,3723
*,CTAC (V2),Check and test an AC induction motor (V2),,2,2016-01-01 00:00:00.000,2020-12-31 00:00:00.000,2020-12-31 00:00:00.000,1900-01-01 00:00:00.000,Y,3724
*,CTDC (V2),Check and test a DC motor (V2),,2,2016-01-01 00:00:00.000,2020-12-31 00:00:00.000,2020-12-31 00:00:00.000,1900-01-01 00:00:00.000,Y,3725
*,CTO (V2),Change transformer oil (LV) (V2),,2,2016-01-01 00:00:00.000,2020-12-31 00:00:00.000,2020-12-31 00:00:00.000,1900-01-01 00:00:00.000,Y,3726
*,CW (V2),Fabricate a support column (V2),,1,2016-01-01 00:00:00.000,2020-12-31 00:00:00.000,2020-12-31 00:00:00.000,1900-01-01 00:00:00.000,Y,3727
*,CW-1 (V2),Construct and wire a conduit panel (V2),,5,2016-01-01 00:00:00.000,2020-12-31 00:00:00.000,2020-12-31 00:00:00.000,1900-01-01 00:00:00.000,Y,3728
*,CWP (V2),Assist with changing wrapper plates on a hoist (V2),,1,2016-01-01 00:00:00.000,2020-12-31 00:00:00.000,2020-12-31 00:00:00.000,1900-01-01 00:00:00.000,Y,3729
*,CWT (V2),Wire a panel (V2),,3,2016-01-01 00:00:00.000,2020-12-31 00:00:00.000,2020-12-31 00:00:00.000,1900-01-01 00:00:00.000,Y,3730
*,CY (V2),Assist with maintaining cyclones (V2),,1,2016-01-01 00:00:00.000,2020-12-31 00:00:00.000,2020-12-31 00:00:00.000,1900-01-01 00:00:00.000,Y,3731
*,DAT (V2),Do a tap change on a transformer (LV) (V2),,1,2016-01-01 00:00:00.000,2020-12-31 00:00:00.000,2020-12-31 00:00:00.000,1900-01-01 00:00:00.000,Y,3732
*,DBC (V2),Determine the condition of battery connections (V2),,1,2016-01-01 00:00:00.000,2020-12-31 00:00:00.000,2020-12-31 00:00:00.000,1900-01-01 00:00:00.000,Y,3733
*,DC-1 (V2),Connect a load to DC generator (V2),,1,2016-01-01 00:00:00.000,2020-12-31 00:00:00.000,2020-12-31 00:00:00.000,1900-01-01 00:00:00.000,Y,3734
*,DC-2 (V2),Connect a DC motor and starter (V2),,2,2016-01-01 00:00:00.000,2020-12-31 00:00:00.000,2020-12-31 00:00:00.000,1900-01-01 00:00:00.000,Y,3735
*,DC-3 (V2),Connect a Ward-Leonard speed control (V2),,2,2016-01-01 00:00:00.000,2020-12-31 00:00:00.000,2020-12-31 00:00:00.000,1900-01-01 00:00:00.000,Y,3736
*,DCC (V2),Maintain and align couplings (V2),,3,2016-01-01 00:00:00.000,2020-12-31 00:00:00.000,2020-12-31 00:00:00.000,1900-01-01 00:00:00.000,Y,3737
*,DCC-1 (V2),Determine capacity and type of circuit breakers (V2),,1,2016-01-01 00:00:00.000,2020-12-31 00:00:00.000,2020-12-31 00:00:00.000,1900-01-01 00:00:00.000,Y,3738
*,DCS (V2),Determine correct cable sizes for new instalations (V2),,2,2016-01-01 00:00:00.000,2020-12-31 00:00:00.000,2020-12-31 00:00:00.000,1900-01-01 00:00:00.000,Y,3739
*,DC-T (V2),Direct current machines: theory (V2),,1,2016-01-01 00:00:00.000,2020-12-31 00:00:00.000,2020-12-31 00:00:00.000,1900-01-01 00:00:00.000,Y,3740
*,DDM (V2),Disassemble a DC drive motor (V2),,2,2016-01-01 00:00:00.000,2020-12-31 00:00:00.000,2020-12-31 00:00:00.000,1900-01-01 00:00:00.000,Y,3741
*,DE (V2),Assist with dismantling a diesel engine (V2),,4,2016-01-01 00:00:00.000,2020-12-31 00:00:00.000,2020-12-31 00:00:00.000,1900-01-01 00:00:00.000,Y,3742
*,DER (V2),Assist with daily examination of ropes (V2),,2,2016-01-01 00:00:00.000,2020-12-31 00:00:00.000,2020-12-31 00:00:00.000,1900-01-01 00:00:00.000,Y,3743
*,DHH (V2),"Assist with dismantling, cleaning and reassembling a humble hook (V2)",,2,2016-01-01 00:00:00.000,2020-12-31 00:00:00.000,2020-12-31 00:00:00.000,1900-01-01 00:00:00.000,Y,3744
*,DI (V2),Carry out daily inspection on crushers (V2),,1,2016-01-01 00:00:00.000,2020-12-31 00:00:00.000,2020-12-31 00:00:00.000,1900-01-01 00:00:00.000,Y,3745
*,DMC (V2),Carry out daily maintenance checks on a transformer (LV only) (V2),,1,2016-01-01 00:00:00.000,2020-12-31 00:00:00.000,2020-12-31 00:00:00.000,1900-01-01 00:00:00.000,Y,3746
*,DMM (V2),Do maintenance and minor repairs on battery locos (V2),,4,2016-01-01 00:00:00.000,2020-12-31 00:00:00.000,2020-12-31 00:00:00.000,1900-01-01 00:00:00.000,Y,3747
*,DMR (V2),Maintain a drill rig (V2),,2,2016-01-01 00:00:00.000,2020-12-31 00:00:00.000,2020-12-31 00:00:00.000,1900-01-01 00:00:00.000,Y,3748
*,DMW (V2),Assist with daily maintenance on winder/elevators (V2),,4,2016-01-01 00:00:00.000,2020-12-31 00:00:00.000,2020-12-31 00:00:00.000,1900-01-01 00:00:00.000,Y,3749
*,DOC (V2),Disassemble and overhaul a contactor (V2),,2,2016-01-01 00:00:00.000,2020-12-31 00:00:00.000,2020-12-31 00:00:00.000,1900-01-01 00:00:00.000,Y,3750
*,DOG (V2),Disassemble and overhaul grids (V2),,1,2016-01-01 00:00:00.000,2020-12-31 00:00:00.000,2020-12-31 00:00:00.000,1900-01-01 00:00:00.000,Y,3751
*,DO-L (V2),Wire a direct-on-line starters (V2),,2,2016-01-01 00:00:00.000,2020-12-31 00:00:00.000,2020-12-31 00:00:00.000,1900-01-01 00:00:00.000,Y,3752
*,DP (V2),Replace dust bags / filters on a dust plant (V2),,1,2016-01-01 00:00:00.000,2020-12-31 00:00:00.000,2020-12-31 00:00:00.000,1900-01-01 00:00:00.000,Y,3753
*,DPA (V2),Tune-up on an engine fitted with a distributor or in-line fuel system (V2),,2,2016-01-01 00:00:00.000,2020-12-31 00:00:00.000,2020-12-31 00:00:00.000,1900-01-01 00:00:00.000,Y,3754
*,DPD (V2),Use an air drill (V2),,1,2016-01-01 00:00:00.000,2020-12-31 00:00:00.000,2020-12-31 00:00:00.000,1900-01-01 00:00:00.000,Y,3755
*,DR (V2),Maintain drill rigs (V2),,4,2016-01-01 00:00:00.000,2020-12-31 00:00:00.000,2020-12-31 00:00:00.000,1900-01-01 00:00:00.000,Y,3756
*,DRG (V2),Read engineering drawings (V2),,1,2016-01-01 00:00:00.000,2020-12-31 00:00:00.000,2020-12-31 00:00:00.000,1900-01-01 00:00:00.000,Y,3757
*,DRG-1 (V2),Read engineering drawings (V2),,2,2016-01-01 00:00:00.000,2020-12-31 00:00:00.000,2020-12-31 00:00:00.000,1900-01-01 00:00:00.000,Y,3758
*,DRG-2 (V2),Draw up a Material List (V2),,1,2016-01-01 00:00:00.000,2020-12-31 00:00:00.000,2020-12-31 00:00:00.000,1900-01-01 00:00:00.000,Y,3759
*,DRG-E (V2),Read Engineering drawings (V2),,2,2016-01-01 00:00:00.000,2020-12-31 00:00:00.000,2020-12-31 00:00:00.000,1900-01-01 00:00:00.000,Y,3760
*,DRP (V2),Disassemble & replace worn parts & assemble a cone crusher (V2),,2,2016-01-01 00:00:00.000,2020-12-31 00:00:00.000,2020-12-31 00:00:00.000,1900-01-01 00:00:00.000,Y,3761
*,DRT (V2),Do an insulation resistance and continuity test on an installation (V2),,2,2016-01-01 00:00:00.000,2020-12-31 00:00:00.000,2020-12-31 00:00:00.000,1900-01-01 00:00:00.000,Y,3762
*,DSC (V2),Daily section checks (V2),,1,2016-01-01 00:00:00.000,2020-12-31 00:00:00.000,2020-12-31 00:00:00.000,1900-01-01 00:00:00.000,Y,3763
*,DSS (V2),Carry out daily and weekly tests on drill steel sharpening equipment (V2),,1,2016-01-01 00:00:00.000,2020-12-31 00:00:00.000,2020-12-31 00:00:00.000,1900-01-01 00:00:00.000,Y,3764
*,DT-DM (V2),Test an engine on a dynamometer (V2),,1,2016-01-01 00:00:00.000,2020-12-31 00:00:00.000,2020-12-31 00:00:00.000,1900-01-01 00:00:00.000,Y,3765
*,DVB (V2),Tension and align V-belts (V2),,3,2016-01-01 00:00:00.000,2020-12-31 00:00:00.000,2020-12-31 00:00:00.000,1900-01-01 00:00:00.000,Y,3766
*,DWR (V2),Assist in determining wear on humble hook pins and humble hook body holes (V2),,1,2016-01-01 00:00:00.000,2020-12-31 00:00:00.000,2020-12-31 00:00:00.000,1900-01-01 00:00:00.000,Y,3767
*,EB (V2),Use an electrical blower (V2),,1,2016-01-01 00:00:00.000,2020-12-31 00:00:00.000,2020-12-31 00:00:00.000,1900-01-01 00:00:00.000,Y,3768
*,EC-1 (V2),Wire circuits (V2),,5,2016-01-01 00:00:00.000,2020-12-31 00:00:00.000,2020-12-31 00:00:00.000,1900-01-01 00:00:00.000,Y,3769
*,EDH (V2),Assist with examining detaching hook (V2),,1,2016-01-01 00:00:00.000,2020-12-31 00:00:00.000,2020-12-31 00:00:00.000,1900-01-01 00:00:00.000,Y,3770
*,EL-T (V2),Explain and draw single phase earth leakage protection circuits (V2),,1,2016-01-01 00:00:00.000,2020-12-31 00:00:00.000,2020-12-31 00:00:00.000,1900-01-01 00:00:00.000,Y,3771
*,EL-T-1 (V2),Explain and draw three phase earth leakage protection circuits (5) (V2),,2,2016-01-01 00:00:00.000,2020-12-31 00:00:00.000,2020-12-31 00:00:00.000,1900-01-01 00:00:00.000,Y,3772
*,EM-1 (V2),Connect a single phase energy meter (V2),,1,2016-01-01 00:00:00.000,2020-12-31 00:00:00.000,2020-12-31 00:00:00.000,1900-01-01 00:00:00.000,Y,3773
*,EM-2 (V2),Connect three phase energy meters (V2),,1,2016-01-01 00:00:00.000,2020-12-31 00:00:00.000,2020-12-31 00:00:00.000,1900-01-01 00:00:00.000,Y,3774
*,EM-3 (V2),Connect three phase energy meters with range extension (V2),,2,2016-01-01 00:00:00.000,2020-12-31 00:00:00.000,2020-12-31 00:00:00.000,1900-01-01 00:00:00.000,Y,3775
*,EMB (V2),Overhaul an electromagnetic brake (V2),,1,2016-01-01 00:00:00.000,2020-12-31 00:00:00.000,2020-12-31 00:00:00.000,1900-01-01 00:00:00.000,Y,3776
*,EMT (V2),Assist with electromagnetic testing of ropes (V2),,1,2016-01-01 00:00:00.000,2020-12-31 00:00:00.000,2020-12-31 00:00:00.000,1900-01-01 00:00:00.000,Y,3777
*,EM-T-1 (V2),Explain the use of electrical measuring instruments (V2),,1,2016-01-01 00:00:00.000,2020-12-31 00:00:00.000,2020-12-31 00:00:00.000,1900-01-01 00:00:00.000,Y,3778
*,EM-T-2 (V2),Read energy meters (V2),,1,2016-01-01 00:00:00.000,2020-12-31 00:00:00.000,2020-12-31 00:00:00.000,1900-01-01 00:00:00.000,Y,3779
*,EP-1 (V2),Erect a pole or mast (V2),,2,2016-01-01 00:00:00.000,2020-12-31 00:00:00.000,2020-12-31 00:00:00.000,1900-01-01 00:00:00.000,Y,3780
*,ER (V2),Erect a steel constructions (V2),,1,2016-01-01 00:00:00.000,2020-12-31 00:00:00.000,2020-12-31 00:00:00.000,1900-01-01 00:00:00.000,Y,3781
*,ESD (V2),Examine single drum winches (V2),,1,2016-01-01 00:00:00.000,2020-12-31 00:00:00.000,2020-12-31 00:00:00.000,1900-01-01 00:00:00.000,Y,3782
*,ESW (V2),Assist with examining sheave wheels (V2),,1,2016-01-01 00:00:00.000,2020-12-31 00:00:00.000,2020-12-31 00:00:00.000,1900-01-01 00:00:00.000,Y,3783
*,ETP (V2),Erect a temporary working platform (V2),,2,2016-01-01 00:00:00.000,2020-12-31 00:00:00.000,2020-12-31 00:00:00.000,1900-01-01 00:00:00.000,Y,3784
*,EU-T (V2),Analyse electrical units (V2),,2,2016-01-01 00:00:00.000,2020-12-31 00:00:00.000,2020-12-31 00:00:00.000,1900-01-01 00:00:00.000,Y,3785
*,FAL (V2),Maintain an automatic lubrication system (V2),,1,2016-01-01 00:00:00.000,2020-12-31 00:00:00.000,2020-12-31 00:00:00.000,1900-01-01 00:00:00.000,Y,3786
*,FB (V2),Fabricate a bin/hopper (V2),,2,2016-01-01 00:00:00.000,2020-12-31 00:00:00.000,2020-12-31 00:00:00.000,1900-01-01 00:00:00.000,Y,3787
*,FC (V2),Fabricate a chute or loading box (V2),,2,2016-01-01 00:00:00.000,2020-12-31 00:00:00.000,2020-12-31 00:00:00.000,1900-01-01 00:00:00.000,Y,3788
*,FCA (V2),Assist in fabricating a cage (V2),,4,2016-01-01 00:00:00.000,2020-12-31 00:00:00.000,2020-12-31 00:00:00.000,1900-01-01 00:00:00.000,Y,3789
*,FCB (V2),Fabricate a conveyor system (V2),,3,2016-01-01 00:00:00.000,2020-12-31 00:00:00.000,2020-12-31 00:00:00.000,1900-01-01 00:00:00.000,Y,3790
*,FCC (V2),Fit lugs to cable core (V2),,1,2016-01-01 00:00:00.000,2020-12-31 00:00:00.000,2020-12-31 00:00:00.000,1900-01-01 00:00:00.000,Y,3791
*,FCG (V2),Fit a compression gland on a TRS cable (V2),,1,2016-01-01 00:00:00.000,2020-12-31 00:00:00.000,2020-12-31 00:00:00.000,1900-01-01 00:00:00.000,Y,3792
*,FCR (V2),Fit clamps to steel wire ropes (V2),,1,2016-01-01 00:00:00.000,2020-12-31 00:00:00.000,2020-12-31 00:00:00.000,1900-01-01 00:00:00.000,Y,3793
*,FCY (V2),Fabricate a cyclone (V2),,2,2016-01-01 00:00:00.000,2020-12-31 00:00:00.000,2020-12-31 00:00:00.000,1900-01-01 00:00:00.000,Y,3794
*,FD (V2),Line up a fluid drive coupling (V2),,4,2016-01-01 00:00:00.000,2020-12-31 00:00:00.000,2020-12-31 00:00:00.000,1900-01-01 00:00:00.000,Y,3795
*,FD-DM (V2),"Assist with stripping,  cleaning and inspection on a differential (V2)",,2,2016-01-01 00:00:00.000,2020-12-31 00:00:00.000,2020-12-31 00:00:00.000,1900-01-01 00:00:00.000,Y,3796
*,FEB (V2),Fabricate elevator buckets (V2),,2,2016-01-01 00:00:00.000,2020-12-31 00:00:00.000,2020-12-31 00:00:00.000,1900-01-01 00:00:00.000,Y,3797
*,FEL (V2),Fault find and repair hydraulics on mechanised equipment (V2),,4,2016-01-01 00:00:00.000,2020-12-31 00:00:00.000,2020-12-31 00:00:00.000,1900-01-01 00:00:00.000,Y,3798
*,FES (V2),Do fault find on electrical circuits (V2),,2,2016-01-01 00:00:00.000,2020-12-31 00:00:00.000,2020-12-31 00:00:00.000,1900-01-01 00:00:00.000,Y,3799
*,FF-1 (V2),Fault find electronic circuits 1 (V2),,2,2016-01-01 00:00:00.000,2020-12-31 00:00:00.000,2020-12-31 00:00:00.000,1900-01-01 00:00:00.000,Y,3800
*,FF-1-E (V2),Fault find basic electrical circuit (V2),,2,2016-01-01 00:00:00.000,2020-12-31 00:00:00.000,2020-12-31 00:00:00.000,1900-01-01 00:00:00.000,Y,3801
*,FF-2 (V2),Fault find circuits 2 (V2),,2,2016-01-01 00:00:00.000,2020-12-31 00:00:00.000,2020-12-31 00:00:00.000,1900-01-01 00:00:00.000,Y,3802
*,FF-2-E (V2),Fault find live electrical circuit (V2),,1,2016-01-01 00:00:00.000,2020-12-31 00:00:00.000,2020-12-31 00:00:00.000,1900-01-01 00:00:00.000,Y,3803
*,FF-3 (V2),Fault find circuits 3 (V2),,2,2016-01-01 00:00:00.000,2020-12-31 00:00:00.000,2020-12-31 00:00:00.000,1900-01-01 00:00:00.000,Y,3804
*,FFF (V2),Fault find and repair fans (V2),,2,2016-01-01 00:00:00.000,2020-12-31 00:00:00.000,2020-12-31 00:00:00.000,1900-01-01 00:00:00.000,Y,3805
*,FFG (V2),Fault find and repair geysers (V2),,2,2016-01-01 00:00:00.000,2020-12-31 00:00:00.000,2020-12-31 00:00:00.000,1900-01-01 00:00:00.000,Y,3806
*,FFK (V2),Fault find and repair kettles (V2),,1,2016-01-01 00:00:00.000,2020-12-31 00:00:00.000,2020-12-31 00:00:00.000,1900-01-01 00:00:00.000,Y,3807
*,FFO (V2),Fault find and repair electric iron (V2),,1,2016-01-01 00:00:00.000,2020-12-31 00:00:00.000,2020-12-31 00:00:00.000,1900-01-01 00:00:00.000,Y,3808
*,FFP (V2),Fault find and repair polishers (V2),,1,2016-01-01 00:00:00.000,2020-12-31 00:00:00.000,2020-12-31 00:00:00.000,1900-01-01 00:00:00.000,Y,3809
*,FFS (V2),Fault find and repair stoves (V2),,2,2016-01-01 00:00:00.000,2020-12-31 00:00:00.000,2020-12-31 00:00:00.000,1900-01-01 00:00:00.000,Y,3810
*,FFT (V2),Fault find on telephones (V2),,2,2016-01-01 00:00:00.000,2020-12-31 00:00:00.000,2020-12-31 00:00:00.000,1900-01-01 00:00:00.000,Y,3811
*,FFU (V2),Fault find and repair urns (V2),,1,2016-01-01 00:00:00.000,2020-12-31 00:00:00.000,2020-12-31 00:00:00.000,1900-01-01 00:00:00.000,Y,3812
*,FG (V2),Fabricate and install a guard (V2),,2,2016-01-01 00:00:00.000,2020-12-31 00:00:00.000,2020-12-31 00:00:00.000,1900-01-01 00:00:00.000,Y,3813
*,FGR (V2),Maintain and repair gantry rails (Hand rails) (V2),,2,2016-01-01 00:00:00.000,2020-12-31 00:00:00.000,2020-12-31 00:00:00.000,1900-01-01 00:00:00.000,Y,3814
*,FHS (V2),Fault find hydraulic systems (V2),,1,2016-01-01 00:00:00.000,2020-12-31 00:00:00.000,2020-12-31 00:00:00.000,1900-01-01 00:00:00.000,Y,3815
*,FIL (V2),Fabricate and install liners (V2),,2,2016-01-01 00:00:00.000,2020-12-31 00:00:00.000,2020-12-31 00:00:00.000,1900-01-01 00:00:00.000,Y,3816
*,FLB (V2),Assist with fabricating a low pressure boiler (V2),,2,2016-01-01 00:00:00.000,2020-12-31 00:00:00.000,2020-12-31 00:00:00.000,1900-01-01 00:00:00.000,Y,3817
*,FLP (V2),Fabricate liner plates (V2),,2,2016-01-01 00:00:00.000,2020-12-31 00:00:00.000,2020-12-31 00:00:00.000,1900-01-01 00:00:00.000,Y,3818
*,FMC (V2),Assist with fabricating a man carriage (V2),,3,2016-01-01 00:00:00.000,2020-12-31 00:00:00.000,2020-12-31 00:00:00.000,1900-01-01 00:00:00.000,Y,3819
*,FPC (V2),Fit split pins and circlips (V2),,1,2016-01-01 00:00:00.000,2020-12-31 00:00:00.000,2020-12-31 00:00:00.000,1900-01-01 00:00:00.000,Y,3820
*,FPG (V2),Fit a gland to a PVC / SWA cable (V2),,1,2016-01-01 00:00:00.000,2020-12-31 00:00:00.000,2020-12-31 00:00:00.000,1900-01-01 00:00:00.000,Y,3821
*,FPS (V2),Fabricate a pipe section (V2),,2,2016-01-01 00:00:00.000,2020-12-31 00:00:00.000,2020-12-31 00:00:00.000,1900-01-01 00:00:00.000,Y,3822
*,FPS-F (V2),Fault find pneumatic systems (V2),,1,2016-01-01 00:00:00.000,2020-12-31 00:00:00.000,2020-12-31 00:00:00.000,1900-01-01 00:00:00.000,Y,3823
*,FRA (V2),Fit new rakes on an agitator of a rotary filter (V2),,1,2016-01-01 00:00:00.000,2020-12-31 00:00:00.000,2020-12-31 00:00:00.000,1900-01-01 00:00:00.000,Y,3824
*,FS (V2),Assist with fabricating a skip (V2),,4,2016-01-01 00:00:00.000,2020-12-31 00:00:00.000,2020-12-31 00:00:00.000,1900-01-01 00:00:00.000,Y,3825
*,FS-1 (V2),Maintain feeders (V2),,1,2016-01-01 00:00:00.000,2020-12-31 00:00:00.000,2020-12-31 00:00:00.000,1900-01-01 00:00:00.000,Y,3826
*,FSC (V2),Fabricate expanded metal frame screens (V2),,2,2016-01-01 00:00:00.000,2020-12-31 00:00:00.000,2020-12-31 00:00:00.000,1900-01-01 00:00:00.000,Y,3827
*,FSH (V2),Assist with fabricating shaft and headgear steelwork (V2),,2,2016-01-01 00:00:00.000,2020-12-31 00:00:00.000,2020-12-31 00:00:00.000,1900-01-01 00:00:00.000,Y,3828
*,FSW (V2),Fabricate steelwork (V2),,2,2016-01-01 00:00:00.000,2020-12-31 00:00:00.000,2020-12-31 00:00:00.000,1900-01-01 00:00:00.000,Y,3829
*,FT (V2),Fit washers and tighten screws (V2),,1,2016-01-01 00:00:00.000,2020-12-31 00:00:00.000,2020-12-31 00:00:00.000,1900-01-01 00:00:00.000,Y,3830
*,FT-P (V2),Fabricate a tank (V2),,2,2016-01-01 00:00:00.000,2020-12-31 00:00:00.000,2020-12-31 00:00:00.000,1900-01-01 00:00:00.000,Y,3831
*,GBM (V2),Replace the gearbox on a main drive of rotary filter (V2),,1,2016-01-01 00:00:00.000,2020-12-31 00:00:00.000,2020-12-31 00:00:00.000,1900-01-01 00:00:00.000,Y,3832
*,GHR (V2),Assist with greasing a hoist rope (V2),,1,2016-01-01 00:00:00.000,2020-12-31 00:00:00.000,2020-12-31 00:00:00.000,1900-01-01 00:00:00.000,Y,3833
*,GR (V2),Maintain grizzlies (V2),,1,2016-01-01 00:00:00.000,2020-12-31 00:00:00.000,2020-12-31 00:00:00.000,1900-01-01 00:00:00.000,Y,3834
*,HB (V2),Overhaul Hydraulic Brakes (V2),,2,2016-01-01 00:00:00.000,2020-12-31 00:00:00.000,2020-12-31 00:00:00.000,1900-01-01 00:00:00.000,Y,3835
*,HB-1 (V2),Use a Huck bolt machine (V2),,1,2016-01-01 00:00:00.000,2020-12-31 00:00:00.000,2020-12-31 00:00:00.000,1900-01-01 00:00:00.000,Y,3836
*,HBS (V2),Overhaul a servo-assisted hydraulic brake system (V2),,3,2016-01-01 00:00:00.000,2020-12-31 00:00:00.000,2020-12-31 00:00:00.000,1900-01-01 00:00:00.000,Y,3837
*,HCJ (V2),Join TRS cables using a heat shrink joint kit (V2),,2,2016-01-01 00:00:00.000,2020-12-31 00:00:00.000,2020-12-31 00:00:00.000,1900-01-01 00:00:00.000,Y,3838
*,HDPE-W (V2),HDPE pipe welding (High Density polyethylene) (V2),,2,2016-01-01 00:00:00.000,2020-12-31 00:00:00.000,2020-12-31 00:00:00.000,1900-01-01 00:00:00.000,Y,3839
*,HDR (V2),Replace hoist and drag ropes on dragline (V2),,2,2016-01-01 00:00:00.000,2020-12-31 00:00:00.000,2020-12-31 00:00:00.000,1900-01-01 00:00:00.000,Y,3840
*,HG (V2),Fit new header valve to a rotary filter (V2),,1,2016-01-01 00:00:00.000,2020-12-31 00:00:00.000,2020-12-31 00:00:00.000,1900-01-01 00:00:00.000,Y,3841
*,HGF (V2),"Test, maintain and repair 6,6KV drive (V2)",,3,2016-01-01 00:00:00.000,2020-12-31 00:00:00.000,2020-12-31 00:00:00.000,1900-01-01 00:00:00.000,Y,3842
*,HG-R (V2),Winch a load into a tower (V2),,2,2016-01-01 00:00:00.000,2020-12-31 00:00:00.000,2020-12-31 00:00:00.000,1900-01-01 00:00:00.000,Y,3843
*,HGS (V2),Assist with replacing headgear steelwork (V2),,1,2016-01-01 00:00:00.000,2020-12-31 00:00:00.000,2020-12-31 00:00:00.000,1900-01-01 00:00:00.000,Y,3844
*,HGSW (V2),Assist with removing and replacing headgear sheave wheels (V2),,1,2016-01-01 00:00:00.000,2020-12-31 00:00:00.000,2020-12-31 00:00:00.000,1900-01-01 00:00:00.000,Y,3845
*,HLA (V2),Assist with testing high/low alarm systems (V2),,1,2016-01-01 00:00:00.000,2020-12-31 00:00:00.000,2020-12-31 00:00:00.000,1900-01-01 00:00:00.000,Y,3846
*,HM-1 (V2),Use and maintain a variety of hand tools (V2),,8,2016-01-01 00:00:00.000,2020-12-31 00:00:00.000,2020-12-31 00:00:00.000,1900-01-01 00:00:00.000,Y,3847
*,HM-2 (V2),Operate and maintain a pedestal drill (V2),,3,2016-01-01 00:00:00.000,2020-12-31 00:00:00.000,2020-12-31 00:00:00.000,1900-01-01 00:00:00.000,Y,3848
*,HM-3 (V2),Solder components (V2),,2,2016-01-01 00:00:00.000,2020-12-31 00:00:00.000,2020-12-31 00:00:00.000,1900-01-01 00:00:00.000,Y,3849
*,HRS-1 (V2),Check side discharge hoppers (Weekly) (V2),,1,2016-01-01 00:00:00.000,2020-12-31 00:00:00.000,2020-12-31 00:00:00.000,1900-01-01 00:00:00.000,Y,3850
*,HRS-2 (V2),Check man carriages (Weekly) (V2),,1,2016-01-01 00:00:00.000,2020-12-31 00:00:00.000,2020-12-31 00:00:00.000,1900-01-01 00:00:00.000,Y,3851
*,HRS-3 (V2),Check explosives cars (Weekly) (V2),,1,2016-01-01 00:00:00.000,2020-12-31 00:00:00.000,2020-12-31 00:00:00.000,1900-01-01 00:00:00.000,Y,3852
*,HRS-4 (V2),Check locomotives (Weekly) (V2),,1,2016-01-01 00:00:00.000,2020-12-31 00:00:00.000,2020-12-31 00:00:00.000,1900-01-01 00:00:00.000,Y,3853
*,HRTS (V2),Prepare a hoist rope for test specimen (V2),,2,2016-01-01 00:00:00.000,2020-12-31 00:00:00.000,2020-12-31 00:00:00.000,1900-01-01 00:00:00.000,Y,3854
*,HSJ (V2),Heat shrink joint on PVC/SWA cable (V2),,3,2016-01-01 00:00:00.000,2020-12-31 00:00:00.000,2020-12-31 00:00:00.000,1900-01-01 00:00:00.000,Y,3855
*,HSJ-1 (V2),Heat shrink joint on PILC/SWA cable (V2),,2,2016-01-01 00:00:00.000,2020-12-31 00:00:00.000,2020-12-31 00:00:00.000,1900-01-01 00:00:00.000,Y,3856
*,HT (V2),Shape and finish hand tools (V2),,10,2016-01-01 00:00:00.000,2020-12-31 00:00:00.000,2020-12-31 00:00:00.000,1900-01-01 00:00:00.000,Y,3857
*,HT-0 (V2),Use hand tools (V2),,1,2016-01-01 00:00:00.000,2020-12-31 00:00:00.000,2020-12-31 00:00:00.000,1900-01-01 00:00:00.000,Y,3858
*,HT-1 (V2),Fabricate a drill gauge (V2),,1,2016-01-01 00:00:00.000,2020-12-31 00:00:00.000,2020-12-31 00:00:00.000,1900-01-01 00:00:00.000,Y,3859
*,HT-2 (V2),Grind a drill (V2),,1,2016-01-01 00:00:00.000,2020-12-31 00:00:00.000,2020-12-31 00:00:00.000,1900-01-01 00:00:00.000,Y,3860
*,HT-3 (V2),Identify special Plater’s tools (V2),,1,2016-01-01 00:00:00.000,2020-12-31 00:00:00.000,2020-12-31 00:00:00.000,1900-01-01 00:00:00.000,Y,3861
*,HTL (V2),Maintain LT switch gear (V2),,4,2016-01-01 00:00:00.000,2020-12-31 00:00:00.000,2020-12-31 00:00:00.000,1900-01-01 00:00:00.000,Y,3862
*,HTT (V2),Use a file and saw (V2),,4,2016-01-01 00:00:00.000,2020-12-31 00:00:00.000,2020-12-31 00:00:00.000,1900-01-01 00:00:00.000,Y,3863
*,HYD-1 (V2),Principles of hydraulics (V2),,1,2016-01-01 00:00:00.000,2020-12-31 00:00:00.000,2020-12-31 00:00:00.000,1900-01-01 00:00:00.000,Y,3864
*,HYD-10 (V2),Construct a circuit with sequenced actuators (V2),,2,2016-01-01 00:00:00.000,2020-12-31 00:00:00.000,2020-12-31 00:00:00.000,1900-01-01 00:00:00.000,Y,3865
*,HYD-11 (V2),Construct a circuit with an accumulator (V2),,1,2016-01-01 00:00:00.000,2020-12-31 00:00:00.000,2020-12-31 00:00:00.000,1900-01-01 00:00:00.000,Y,3866
*,HYD-12 (V2),Make up hydraulic hoses (V2),,1,2016-01-01 00:00:00.000,2020-12-31 00:00:00.000,2020-12-31 00:00:00.000,1900-01-01 00:00:00.000,Y,3867
*,HYD-13 (V2),Diagnose and test a hydraulic circuit (V2),,2,2016-01-01 00:00:00.000,2020-12-31 00:00:00.000,2020-12-31 00:00:00.000,1900-01-01 00:00:00.000,Y,3868
*,HYD-2 (V2),Test the pump in a circuit (V2),,1,2016-01-01 00:00:00.000,2020-12-31 00:00:00.000,2020-12-31 00:00:00.000,1900-01-01 00:00:00.000,Y,3869
*,HYD-3 (V2),Fit and set a pressure relief valve (V2),,1,2016-01-01 00:00:00.000,2020-12-31 00:00:00.000,2020-12-31 00:00:00.000,1900-01-01 00:00:00.000,Y,3870
*,HYD-4 (V2),Construct a circuit with a single acting cylinder (V2),,1,2016-01-01 00:00:00.000,2020-12-31 00:00:00.000,2020-12-31 00:00:00.000,1900-01-01 00:00:00.000,Y,3871
*,HYD-5 (V2),Construct a circuit with a double acting cylinder (V2),,1,2016-01-01 00:00:00.000,2020-12-31 00:00:00.000,2020-12-31 00:00:00.000,1900-01-01 00:00:00.000,Y,3872
*,HYD-6 (V2),Construct a circuit with a check valve (V2),,1,2016-01-01 00:00:00.000,2020-12-31 00:00:00.000,2020-12-31 00:00:00.000,1900-01-01 00:00:00.000,Y,3873
*,HYD-7 (V2),Control a circuit with a rotary motion (V2),,2,2016-01-01 00:00:00.000,2020-12-31 00:00:00.000,2020-12-31 00:00:00.000,1900-01-01 00:00:00.000,Y,3874
*,HYD-8 (V2),Control the speed of an actuator (V2),,1,2016-01-01 00:00:00.000,2020-12-31 00:00:00.000,2020-12-31 00:00:00.000,1900-01-01 00:00:00.000,Y,3875
*,HYD-9 (V2),Construct a dual circuit (V2),,2,2016-01-01 00:00:00.000,2020-12-31 00:00:00.000,2020-12-31 00:00:00.000,1900-01-01 00:00:00.000,Y,3876
*,IAC (V2),Maintain air conditioners and refrigeration system (V2),,5,2016-01-01 00:00:00.000,2020-12-31 00:00:00.000,2020-12-31 00:00:00.000,1900-01-01 00:00:00.000,Y,3877
*,IBB (V2),Install bus-bars in a distribution box (V2),,1,2016-01-01 00:00:00.000,2020-12-31 00:00:00.000,2020-12-31 00:00:00.000,1900-01-01 00:00:00.000,Y,3878
*,IBB-1 (V2),Install bus bars in a distribution box (V2),,1,2016-01-01 00:00:00.000,2020-12-31 00:00:00.000,2020-12-31 00:00:00.000,1900-01-01 00:00:00.000,Y,3879
*,ICI (V2),Inspect and clean intercoolers and aftercoolers (V2),,1,2016-01-01 00:00:00.000,2020-12-31 00:00:00.000,2020-12-31 00:00:00.000,1900-01-01 00:00:00.000,Y,3880
*,ICL (V2),Assist with installing an underground chair lift (V2),,2,2016-01-01 00:00:00.000,2020-12-31 00:00:00.000,2020-12-31 00:00:00.000,1900-01-01 00:00:00.000,Y,3881
*,ICU (V2),Assist with installing a chute (V2),,2,2016-01-01 00:00:00.000,2020-12-31 00:00:00.000,2020-12-31 00:00:00.000,1900-01-01 00:00:00.000,Y,3882
*,IE (V2),Install earth leakage protection units (V2),,1,2016-01-01 00:00:00.000,2020-12-31 00:00:00.000,2020-12-31 00:00:00.000,1900-01-01 00:00:00.000,Y,3883
*,IE-1 (V2),Test an amplifier (V2),,1,2016-01-01 00:00:00.000,2020-12-31 00:00:00.000,2020-12-31 00:00:00.000,1900-01-01 00:00:00.000,Y,3884
*,IE-2 (V2),Use a transistor as a switch (V2),,1,2016-01-01 00:00:00.000,2020-12-31 00:00:00.000,2020-12-31 00:00:00.000,1900-01-01 00:00:00.000,Y,3885
*,IE-3 (V2),Test multivibrators (V2),,1,2016-01-01 00:00:00.000,2020-12-31 00:00:00.000,2020-12-31 00:00:00.000,1900-01-01 00:00:00.000,Y,3886
*,IE-4 (V2),Identify operational amplifiers (V2),,1,2016-01-01 00:00:00.000,2020-12-31 00:00:00.000,2020-12-31 00:00:00.000,1900-01-01 00:00:00.000,Y,3887
*,IE-5 (V2),Test a field effect transistor (V2),,1,2016-01-01 00:00:00.000,2020-12-31 00:00:00.000,2020-12-31 00:00:00.000,1900-01-01 00:00:00.000,Y,3888
*,IE-6 (V2),Test logic gates (V2),,1,2016-01-01 00:00:00.000,2020-12-31 00:00:00.000,2020-12-31 00:00:00.000,1900-01-01 00:00:00.000,Y,3889
*,IE-7 (V2),Test electronic systems   (V2),,2,2016-01-01 00:00:00.000,2020-12-31 00:00:00.000,2020-12-31 00:00:00.000,1900-01-01 00:00:00.000,Y,3890
*,IFR (V2),Identify faults in ropes (V2),,2,2016-01-01 00:00:00.000,2020-12-31 00:00:00.000,2020-12-31 00:00:00.000,1900-01-01 00:00:00.000,Y,3891
*,IG (V2),Install gully and production boxes (V2),,2,2016-01-01 00:00:00.000,2020-12-31 00:00:00.000,2020-12-31 00:00:00.000,1900-01-01 00:00:00.000,Y,3892
*,IGDI (V2),Inspect and use gas testing equipment (V2),,4,2016-01-01 00:00:00.000,2020-12-31 00:00:00.000,2020-12-31 00:00:00.000,1900-01-01 00:00:00.000,Y,3893
*,IGS (V2),Assist with installing underground gantry steelwork (V2),,2,2016-01-01 00:00:00.000,2020-12-31 00:00:00.000,2020-12-31 00:00:00.000,1900-01-01 00:00:00.000,Y,3894
*,IHT (V2),Assist in installing an underground haulage tip (V2),,2,2016-01-01 00:00:00.000,2020-12-31 00:00:00.000,2020-12-31 00:00:00.000,1900-01-01 00:00:00.000,Y,3895
*,IJC (V2),Inspect and Maintain jaw crushers (V2),,1,2016-01-01 00:00:00.000,2020-12-31 00:00:00.000,2020-12-31 00:00:00.000,1900-01-01 00:00:00.000,Y,3896
*,IL (V2),"Test, maintain and repair insulated light units (V2)",,2,2016-01-01 00:00:00.000,2020-12-31 00:00:00.000,2020-12-31 00:00:00.000,1900-01-01 00:00:00.000,Y,3897
*,ILB (V2),Assist with installing a loading box (V2),,2,2016-01-01 00:00:00.000,2020-12-31 00:00:00.000,2020-12-31 00:00:00.000,1900-01-01 00:00:00.000,Y,3898
*,IMB (V2),Inspect and maintain magnetic belts (V2),,1,2016-01-01 00:00:00.000,2020-12-31 00:00:00.000,2020-12-31 00:00:00.000,1900-01-01 00:00:00.000,Y,3899
*,IMF (V2),Assist with installing a main fan (V2),,2,2016-01-01 00:00:00.000,2020-12-31 00:00:00.000,2020-12-31 00:00:00.000,1900-01-01 00:00:00.000,Y,3900
*,IMJ (V2),Inspect and maintain a jaw crusher (V2),,2,2016-01-01 00:00:00.000,2020-12-31 00:00:00.000,2020-12-31 00:00:00.000,1900-01-01 00:00:00.000,Y,3901
*,IML (V2),Install and maintain lights (V2),,2,2016-01-01 00:00:00.000,2020-12-31 00:00:00.000,2020-12-31 00:00:00.000,1900-01-01 00:00:00.000,Y,3902
*,IML-1 (V2),Install and maintain lights (V2),,2,2016-01-01 00:00:00.000,2020-12-31 00:00:00.000,2020-12-31 00:00:00.000,1900-01-01 00:00:00.000,Y,3903
*,IOC (V2),Assist with installing an underground crane (V2),,2,2016-01-01 00:00:00.000,2020-12-31 00:00:00.000,2020-12-31 00:00:00.000,1900-01-01 00:00:00.000,Y,3904
*,IOC-R (V2),Assist with inspection of Overhead crane (V2),,1,2016-01-01 00:00:00.000,2020-12-31 00:00:00.000,2020-12-31 00:00:00.000,1900-01-01 00:00:00.000,Y,3905
*,IPS (V2),Install pipe work systems (V2),,2,2016-01-01 00:00:00.000,2020-12-31 00:00:00.000,2020-12-31 00:00:00.000,1900-01-01 00:00:00.000,Y,3906
*,IR (V2),Identify and coil ropes (V2),,1,2016-01-01 00:00:00.000,2020-12-31 00:00:00.000,2020-12-31 00:00:00.000,1900-01-01 00:00:00.000,Y,3907
*,IRC-1 (V2),Carry out daily inspections on a compressor (V2),,1,2016-01-01 00:00:00.000,2020-12-31 00:00:00.000,2020-12-31 00:00:00.000,1900-01-01 00:00:00.000,Y,3908
*,IRC-2 (V2),Carry out three monthly inspections on a compressor (V2),,1,2016-01-01 00:00:00.000,2020-12-31 00:00:00.000,2020-12-31 00:00:00.000,1900-01-01 00:00:00.000,Y,3909
*,IRC-3 (V2),Carry out yearly inspections on a compressor (V2),,1,2016-01-01 00:00:00.000,2020-12-31 00:00:00.000,2020-12-31 00:00:00.000,1900-01-01 00:00:00.000,Y,3910
*,IRP (V2),Assist with installing a underground refrigeration plant (V2),,2,2016-01-01 00:00:00.000,2020-12-31 00:00:00.000,2020-12-31 00:00:00.000,1900-01-01 00:00:00.000,Y,3911
*,IS (V2),Install steelwork (V2),,2,2016-01-01 00:00:00.000,2020-12-31 00:00:00.000,2020-12-31 00:00:00.000,1900-01-01 00:00:00.000,Y,3912
*,ISE (V2),Assist with installing settlers (V2),,2,2016-01-01 00:00:00.000,2020-12-31 00:00:00.000,2020-12-31 00:00:00.000,1900-01-01 00:00:00.000,Y,3913
*,ISO (V2),Do isolation/switching-in procedures (V2),,2,2016-01-01 00:00:00.000,2020-12-31 00:00:00.000,2020-12-31 00:00:00.000,1900-01-01 00:00:00.000,Y,3914
*,IT (V2),Install telephones (V2),,1,2016-01-01 00:00:00.000,2020-12-31 00:00:00.000,2020-12-31 00:00:00.000,1900-01-01 00:00:00.000,Y,3915
*,IT-1 (V2),Test a single phase installation (V2),,2,2016-01-01 00:00:00.000,2020-12-31 00:00:00.000,2020-12-31 00:00:00.000,1900-01-01 00:00:00.000,Y,3916
*,IT-2 (V2),Test a three phase installation (V2),,2,2016-01-01 00:00:00.000,2020-12-31 00:00:00.000,2020-12-31 00:00:00.000,1900-01-01 00:00:00.000,Y,3917
*,ITC (V2),Impulse test cables (V2),,1,2016-01-01 00:00:00.000,2020-12-31 00:00:00.000,2020-12-31 00:00:00.000,1900-01-01 00:00:00.000,Y,3918
*,ITC-1 (V2),Impulse test a cable(High voltage tester) (V2),,1,2016-01-01 00:00:00.000,2020-12-31 00:00:00.000,2020-12-31 00:00:00.000,1900-01-01 00:00:00.000,Y,3919
*,JB (V2),Join a belt (V2),,1,2016-01-01 00:00:00.000,2020-12-31 00:00:00.000,2020-12-31 00:00:00.000,1900-01-01 00:00:00.000,Y,3920
*,JP (V2),Join PVC/SWA cable using pressure joint kit (V2),,2,2016-01-01 00:00:00.000,2020-12-31 00:00:00.000,2020-12-31 00:00:00.000,1900-01-01 00:00:00.000,Y,3921
*,JP-1 (V2),Join PILC/SWA cable using pressure joint kit (V2),,2,2016-01-01 00:00:00.000,2020-12-31 00:00:00.000,2020-12-31 00:00:00.000,1900-01-01 00:00:00.000,Y,3922
*,JP-E (V2),Assist with the maintenance of main ventilation fans (V2),,1,2016-01-01 00:00:00.000,2020-12-31 00:00:00.000,2020-12-31 00:00:00.000,1900-01-01 00:00:00.000,Y,3923
*,JTC-E (V2),Join telephone cables (V2),,2,2016-01-01 00:00:00.000,2020-12-31 00:00:00.000,2020-12-31 00:00:00.000,1900-01-01 00:00:00.000,Y,3924
*,JVS (V2),Jack up a vehicle and make it safe (V2),,1,2016-01-01 00:00:00.000,2020-12-31 00:00:00.000,2020-12-31 00:00:00.000,1900-01-01 00:00:00.000,Y,3925
*,KB (V2),Tie knots and bends (V2),,4,2016-01-01 00:00:00.000,2020-12-31 00:00:00.000,2020-12-31 00:00:00.000,1900-01-01 00:00:00.000,Y,3926
*,KF (V2),Fit a key (V2),,4,2016-01-01 00:00:00.000,2020-12-31 00:00:00.000,2020-12-31 00:00:00.000,1900-01-01 00:00:00.000,Y,3927
*,LC-1 (V2),Wire fluorescent lamp circuits (V2),,4,2016-01-01 00:00:00.000,2020-12-31 00:00:00.000,2020-12-31 00:00:00.000,1900-01-01 00:00:00.000,Y,3928
*,LCE (V2),Lay cable in figure of eight (V2),,1,2016-01-01 00:00:00.000,2020-12-31 00:00:00.000,2020-12-31 00:00:00.000,1900-01-01 00:00:00.000,Y,3929
*,LCE-1 (V2),Maintain large capacity winches (Weekly) (V2),,1,2016-01-01 00:00:00.000,2020-12-31 00:00:00.000,2020-12-31 00:00:00.000,1900-01-01 00:00:00.000,Y,3930
*,LCE-2 (V2),Maintain large capacity winches (monthly) (V2),,1,2016-01-01 00:00:00.000,2020-12-31 00:00:00.000,2020-12-31 00:00:00.000,1900-01-01 00:00:00.000,Y,3931
*,LIFT (V2),Inspect and Operate a 2/4 post vehicle lift (V2),,1,2016-01-01 00:00:00.000,2020-12-31 00:00:00.000,2020-12-31 00:00:00.000,1900-01-01 00:00:00.000,Y,3932
*,LM (V2),Lift and move a load (V2),,2,2016-01-01 00:00:00.000,2020-12-31 00:00:00.000,2020-12-31 00:00:00.000,1900-01-01 00:00:00.000,Y,3933
*,LM-1 (V2),Check and maintain lifting equipment and rigging hardware (V2),,2,2016-01-01 00:00:00.000,2020-12-31 00:00:00.000,2020-12-31 00:00:00.000,1900-01-01 00:00:00.000,Y,3934
*,LM-2 (V2),Lift and move equipment (V2),,2,2016-01-01 00:00:00.000,2020-12-31 00:00:00.000,2020-12-31 00:00:00.000,1900-01-01 00:00:00.000,Y,3935
*,LMM (V2),Lift and move machinery and equipment (V2),,2,2016-01-01 00:00:00.000,2020-12-31 00:00:00.000,2020-12-31 00:00:00.000,1900-01-01 00:00:00.000,Y,3936
*,LO (V2),Lock Out (Isolate and switch-in) (V2),,1,2016-01-01 00:00:00.000,2020-12-31 00:00:00.000,2020-12-31 00:00:00.000,1900-01-01 00:00:00.000,Y,3937
*,LOC (V2),Make a long splice in an overland conveyer (V2),,3,2016-01-01 00:00:00.000,2020-12-31 00:00:00.000,2020-12-31 00:00:00.000,1900-01-01 00:00:00.000,Y,3938
*,LOP (V2),Do lock-out procedures (V2),,1,2016-01-01 00:00:00.000,2020-12-31 00:00:00.000,2020-12-31 00:00:00.000,1900-01-01 00:00:00.000,Y,3939
*,LRB (V2),Take and interpret lead readings on bearings (V2),,1,2016-01-01 00:00:00.000,2020-12-31 00:00:00.000,2020-12-31 00:00:00.000,1900-01-01 00:00:00.000,Y,3940
*,LS (V2),Maintain lights and sirens (V2),,1,2016-01-01 00:00:00.000,2020-12-31 00:00:00.000,2020-12-31 00:00:00.000,1900-01-01 00:00:00.000,Y,3941
*,LS-1 (V2),Light Switching (V2),,2,2016-01-01 00:00:00.000,2020-12-31 00:00:00.000,2020-12-31 00:00:00.000,1900-01-01 00:00:00.000,Y,3942
*,LSM (V2),Splice a long splice in a manila rope (V2),,2,2016-01-01 00:00:00.000,2020-12-31 00:00:00.000,2020-12-31 00:00:00.000,1900-01-01 00:00:00.000,Y,3943
*,LSS (V2),Make a long splice in two steel ropes (V2),,3,2016-01-01 00:00:00.000,2020-12-31 00:00:00.000,2020-12-31 00:00:00.000,1900-01-01 00:00:00.000,Y,3944
*,LSV (V2),Lubricate and service a vehicle (V2),,1,2016-01-01 00:00:00.000,2020-12-31 00:00:00.000,2020-12-31 00:00:00.000,1900-01-01 00:00:00.000,Y,3945
*,LT (V2),Lift and Turn a Load (V2),,1,2016-01-01 00:00:00.000,2020-12-31 00:00:00.000,2020-12-31 00:00:00.000,1900-01-01 00:00:00.000,Y,3946
*,LTD (V2),Lift and turn a dragline bucket (V2),,3,2016-01-01 00:00:00.000,2020-12-31 00:00:00.000,2020-12-31 00:00:00.000,1900-01-01 00:00:00.000,Y,3947
*,LUB-1 (V2),Set a drip feed lubricator (V2),,1,2016-01-01 00:00:00.000,2020-12-31 00:00:00.000,2020-12-31 00:00:00.000,1900-01-01 00:00:00.000,Y,3948
*,LUB-2 (V2),Pack a plumber block (V2),,1,2016-01-01 00:00:00.000,2020-12-31 00:00:00.000,2020-12-31 00:00:00.000,1900-01-01 00:00:00.000,Y,3949
*,MAC-1 (V2),Maintain air actuating cylinders and service units (Weekly) (V2),,1,2016-01-01 00:00:00.000,2020-12-31 00:00:00.000,2020-12-31 00:00:00.000,1900-01-01 00:00:00.000,Y,3950
*,MAC-2 (V2),Maintain air actuating cylinders and service units (Six Monthly) (V2),,1,2016-01-01 00:00:00.000,2020-12-31 00:00:00.000,2020-12-31 00:00:00.000,1900-01-01 00:00:00.000,Y,3951
*,MAC-3 (V2),Maintain air actuating cylinders and service units (Yearly) (V2),,1,2016-01-01 00:00:00.000,2020-12-31 00:00:00.000,2020-12-31 00:00:00.000,1900-01-01 00:00:00.000,Y,3952
*,MAF (V2),Maintain an apron feeder (V2),,1,2016-01-01 00:00:00.000,2020-12-31 00:00:00.000,2020-12-31 00:00:00.000,1900-01-01 00:00:00.000,Y,3953
*,MAR-1 (V2),Assist in maintaining a receiver (Daily) (V2),,1,2016-01-01 00:00:00.000,2020-12-31 00:00:00.000,2020-12-31 00:00:00.000,1900-01-01 00:00:00.000,Y,3954
*,MAR-2 (V2),Assist in maintaining a receiver (Yearly) (V2),,1,2016-01-01 00:00:00.000,2020-12-31 00:00:00.000,2020-12-31 00:00:00.000,1900-01-01 00:00:00.000,Y,3955
*,MAS (V2),Maintain a screen (V2),,2,2016-01-01 00:00:00.000,2020-12-31 00:00:00.000,2020-12-31 00:00:00.000,1900-01-01 00:00:00.000,Y,3956
*,MAS (V2),Maintain a sheave wheel (V2),,2,2016-01-01 00:00:00.000,2020-12-31 00:00:00.000,2020-12-31 00:00:00.000,1900-01-01 00:00:00.000,Y,3957
*,MA-T (V2),Explain electromagnetism (V2),,3,2016-01-01 00:00:00.000,2020-12-31 00:00:00.000,2020-12-31 00:00:00.000,1900-01-01 00:00:00.000,Y,3958
*,MB-1 (V2),Assist with maintaining boilers (Daily) (V2),,1,2016-01-01 00:00:00.000,2020-12-31 00:00:00.000,2020-12-31 00:00:00.000,1900-01-01 00:00:00.000,Y,3959
*,MB-2 (V2),Assist with maintaining boilers (Weekly) (V2),,1,2016-01-01 00:00:00.000,2020-12-31 00:00:00.000,2020-12-31 00:00:00.000,1900-01-01 00:00:00.000,Y,3960
*,MB-3 (V2),Assist with maintaining boilers (Monthly) (V2),,1,2016-01-01 00:00:00.000,2020-12-31 00:00:00.000,2020-12-31 00:00:00.000,1900-01-01 00:00:00.000,Y,3961
*,MBC (V2),"Maintain brushes and commutators, remove, refit bed and tension brushes (V2)",,3,2016-01-01 00:00:00.000,2020-12-31 00:00:00.000,2020-12-31 00:00:00.000,1900-01-01 00:00:00.000,Y,3962
*,MB-DM (V2),Maintain batteries (V2),,1,2016-01-01 00:00:00.000,2020-12-31 00:00:00.000,2020-12-31 00:00:00.000,1900-01-01 00:00:00.000,Y,3963
*,MBL-1 (V2),Maintain battery locomotives (Daily & Weekly) (V2),,1,2016-01-01 00:00:00.000,2020-12-31 00:00:00.000,2020-12-31 00:00:00.000,1900-01-01 00:00:00.000,Y,3964
*,MBL-2 (V2),Maintain battery locomotives (Monthly) (V2),,1,2016-01-01 00:00:00.000,2020-12-31 00:00:00.000,2020-12-31 00:00:00.000,1900-01-01 00:00:00.000,Y,3965
*,MB-P (V2),Fabricate machine base plates (V2),,2,2016-01-01 00:00:00.000,2020-12-31 00:00:00.000,2020-12-31 00:00:00.000,1900-01-01 00:00:00.000,Y,3966
*,MBS-DM (V2),Maintain exhaust brake systems (mechanical) (V2),,1,2016-01-01 00:00:00.000,2020-12-31 00:00:00.000,2020-12-31 00:00:00.000,1900-01-01 00:00:00.000,Y,3967
*,MBT-1 (V2),Maintain ball and tube mills (Daily & Weekly) (V2),,1,2016-01-01 00:00:00.000,2020-12-31 00:00:00.000,2020-12-31 00:00:00.000,1900-01-01 00:00:00.000,Y,3968
*,MBT-2 (V2),Maintain ball and tube mills (Monthly) (V2),,2,2016-01-01 00:00:00.000,2020-12-31 00:00:00.000,2020-12-31 00:00:00.000,1900-01-01 00:00:00.000,Y,3969
*,MBT-3 (V2),Maintain ball and tube mills (six monthly) (V2),,2,2016-01-01 00:00:00.000,2020-12-31 00:00:00.000,2020-12-31 00:00:00.000,1900-01-01 00:00:00.000,Y,3970
*,MC (V2),Maintain chutes (V2),,1,2016-01-01 00:00:00.000,2020-12-31 00:00:00.000,2020-12-31 00:00:00.000,1900-01-01 00:00:00.000,Y,3971
*,MCB (V2),Mount circuit breakers (V2),,1,2016-01-01 00:00:00.000,2020-12-31 00:00:00.000,2020-12-31 00:00:00.000,1900-01-01 00:00:00.000,Y,3972
*,MCC (V2),Maintain a compressor cooling system (V2),,1,2016-01-01 00:00:00.000,2020-12-31 00:00:00.000,2020-12-31 00:00:00.000,1900-01-01 00:00:00.000,Y,3973
*,MCC-2 (V2),Maintain a cone crusher (V2),,2,2016-01-01 00:00:00.000,2020-12-31 00:00:00.000,2020-12-31 00:00:00.000,1900-01-01 00:00:00.000,Y,3974
*,MCD (V2),Maintain and align a chain drive (V2),,1,2016-01-01 00:00:00.000,2020-12-31 00:00:00.000,2020-12-31 00:00:00.000,1900-01-01 00:00:00.000,Y,3975
*,MCF (V2),Maintain compressor filters (V2),,1,2016-01-01 00:00:00.000,2020-12-31 00:00:00.000,2020-12-31 00:00:00.000,1900-01-01 00:00:00.000,Y,3976
*,MCH (V2),Maintain and fault find on the cylinder head of an engine (V2),,2,2016-01-01 00:00:00.000,2020-12-31 00:00:00.000,2020-12-31 00:00:00.000,1900-01-01 00:00:00.000,Y,3977
*,MCI-ANA (V2),Maintain and Calibrate Analytical instruments (V2),,4,2016-01-01 00:00:00.000,2020-12-31 00:00:00.000,2020-12-31 00:00:00.000,1900-01-01 00:00:00.000,Y,3978
*,MCI-ASF (V2),Fault find AS-I Bus networks (V2),,6,2016-01-01 00:00:00.000,2020-12-31 00:00:00.000,2020-12-31 00:00:00.000,1900-01-01 00:00:00.000,Y,3979
*,MCI-ASM (V2),Maintain and wire AS-I Bus with various AS-I module (V2),,4,2016-01-01 00:00:00.000,2020-12-31 00:00:00.000,2020-12-31 00:00:00.000,1900-01-01 00:00:00.000,Y,3980
*,MCI-AW-1 (V2),Bead and weave weld (V2),,2,2016-01-01 00:00:00.000,2020-12-31 00:00:00.000,2020-12-31 00:00:00.000,1900-01-01 00:00:00.000,Y,3981
*,MCI-BE-1 (V2),Identify and use resistors (V2),,1,2016-01-01 00:00:00.000,2020-12-31 00:00:00.000,2020-12-31 00:00:00.000,1900-01-01 00:00:00.000,Y,3982
*,MCI-BE-10 (V2),Test regulator power supplies (V2),,2,2016-01-01 00:00:00.000,2020-12-31 00:00:00.000,2020-12-31 00:00:00.000,1900-01-01 00:00:00.000,Y,3983
*,MCI-BE-11 (V2),Test thyristor (V2),,1,2016-01-01 00:00:00.000,2020-12-31 00:00:00.000,2020-12-31 00:00:00.000,1900-01-01 00:00:00.000,Y,3984
*,MCI-BE-12 (V2),Test thyristor phase control (V2),,1,2016-01-01 00:00:00.000,2020-12-31 00:00:00.000,2020-12-31 00:00:00.000,1900-01-01 00:00:00.000,Y,3985
*,MCI-BE-2 (V2),Identify and use capacitors (V2),,1,2016-01-01 00:00:00.000,2020-12-31 00:00:00.000,2020-12-31 00:00:00.000,1900-01-01 00:00:00.000,Y,3986
*,MCI-BE-3 (V2),Identify and use inductors (V2),,1,2016-01-01 00:00:00.000,2020-12-31 00:00:00.000,2020-12-31 00:00:00.000,1900-01-01 00:00:00.000,Y,3987
*,MCI-BE-4 (V2),Identify diodes (V2),,1,2016-01-01 00:00:00.000,2020-12-31 00:00:00.000,2020-12-31 00:00:00.000,1900-01-01 00:00:00.000,Y,3988
*,MCI-BE-5 (V2),Construct rectification circuits (V2),,2,2016-01-01 00:00:00.000,2020-12-31 00:00:00.000,2020-12-31 00:00:00.000,1900-01-01 00:00:00.000,Y,3989
*,MCI-BE-6 (V2),Identify and use zener diode (V2),,1,2016-01-01 00:00:00.000,2020-12-31 00:00:00.000,2020-12-31 00:00:00.000,1900-01-01 00:00:00.000,Y,3990
*,MCI-BE-7 (V2),Construct a voltage divider (V2),,1,2016-01-01 00:00:00.000,2020-12-31 00:00:00.000,2020-12-31 00:00:00.000,1900-01-01 00:00:00.000,Y,3991
*,MCI-BE-8 (V2),Identify transistor action (V2),,1,2016-01-01 00:00:00.000,2020-12-31 00:00:00.000,2020-12-31 00:00:00.000,1900-01-01 00:00:00.000,Y,3992
*,MCI-BE-9 (V2),Identify transistor configurations (V2),,1,2016-01-01 00:00:00.000,2020-12-31 00:00:00.000,2020-12-31 00:00:00.000,1900-01-01 00:00:00.000,Y,3993
*,MCI-BRS (V2),Maintain belt rip sensors (V2),,3,2016-01-01 00:00:00.000,2020-12-31 00:00:00.000,2020-12-31 00:00:00.000,1900-01-01 00:00:00.000,Y,3994
*,MCI-BWT (V2),Belt weighers (V2),,5,2016-01-01 00:00:00.000,2020-12-31 00:00:00.000,2020-12-31 00:00:00.000,1900-01-01 00:00:00.000,Y,3995
*,MCI-CA-1 (V2),Fit a 16amp plug top (V2),,1,2016-01-01 00:00:00.000,2020-12-31 00:00:00.000,2020-12-31 00:00:00.000,1900-01-01 00:00:00.000,Y,3996
*,MCI-CA-2 (V2),Fit a compression gland (V2),,1,2016-01-01 00:00:00.000,2020-12-31 00:00:00.000,2020-12-31 00:00:00.000,1900-01-01 00:00:00.000,Y,3997
*,MCI-CA-3 (V2),Fit a amour cable (V2),,1,2016-01-01 00:00:00.000,2020-12-31 00:00:00.000,2020-12-31 00:00:00.000,1900-01-01 00:00:00.000,Y,3998
*,MCI-CA-4 (V2),Join a low tension cable (V2),,2,2016-01-01 00:00:00.000,2020-12-31 00:00:00.000,2020-12-31 00:00:00.000,1900-01-01 00:00:00.000,Y,3999
*,MCI-CAM (V2),Maintain camera systems (V2),,4,2016-01-01 00:00:00.000,2020-12-31 00:00:00.000,2020-12-31 00:00:00.000,1900-01-01 00:00:00.000,Y,4000
*,MCI-CCD (V2),Course control document (V2),,1,2016-01-01 00:00:00.000,2020-12-31 00:00:00.000,2020-12-31 00:00:00.000,1900-01-01 00:00:00.000,Y,4001
*,MCI-CCE (V2),Connect up cable ends (V2),,1,2016-01-01 00:00:00.000,2020-12-31 00:00:00.000,2020-12-31 00:00:00.000,1900-01-01 00:00:00.000,Y,4002
*,MCI-CCL (V2),Cascade control loop (V2),,6,2016-01-01 00:00:00.000,2020-12-31 00:00:00.000,2020-12-31 00:00:00.000,1900-01-01 00:00:00.000,Y,4003
*,MCI-CFM (V2),Calibrate flow meters (V2),,3,2016-01-01 00:00:00.000,2020-12-31 00:00:00.000,2020-12-31 00:00:00.000,1900-01-01 00:00:00.000,Y,4004
*,MCI-CIP (V2),Connect and calibrate I/P converters (V2),,1,2016-01-01 00:00:00.000,2020-12-31 00:00:00.000,2020-12-31 00:00:00.000,1900-01-01 00:00:00.000,Y,4005
*,MCI-CL (V2),Calibrate and parameterise various level measuring devices (V2),,2,2016-01-01 00:00:00.000,2020-12-31 00:00:00.000,2020-12-31 00:00:00.000,1900-01-01 00:00:00.000,Y,4006
*,MCI-CMM (V2),Establish accuracies of density measuring equipment (V2),,4,2016-01-01 00:00:00.000,2020-12-31 00:00:00.000,2020-12-31 00:00:00.000,1900-01-01 00:00:00.000,Y,4007
*,MCI-CON (V2),"Check, maintain conductivity equipment (V2)",,3,2016-01-01 00:00:00.000,2020-12-31 00:00:00.000,2020-12-31 00:00:00.000,1900-01-01 00:00:00.000,Y,4008
*,MCI-CPH (V2),Clean and change faulty pH electrodes and standard (V2),,3,2016-01-01 00:00:00.000,2020-12-31 00:00:00.000,2020-12-31 00:00:00.000,1900-01-01 00:00:00.000,Y,4009
*,MCI-CRT (V2),Wire a sequence panel (V2),,4,2016-01-01 00:00:00.000,2020-12-31 00:00:00.000,2020-12-31 00:00:00.000,1900-01-01 00:00:00.000,Y,4010
*,MCI-CS (V2),Change ultrasonic sensors (V2),,3,2016-01-01 00:00:00.000,2020-12-31 00:00:00.000,2020-12-31 00:00:00.000,1900-01-01 00:00:00.000,Y,4011
*,MCI-CTE (V2),Control time elements (V2),,1,2016-01-01 00:00:00.000,2020-12-31 00:00:00.000,2020-12-31 00:00:00.000,1900-01-01 00:00:00.000,Y,4012
*,MCI-CW-T (V2),Wire panel (V2),,3,2016-01-01 00:00:00.000,2020-12-31 00:00:00.000,2020-12-31 00:00:00.000,1900-01-01 00:00:00.000,Y,4013
*,MCI-DPC (V2),"Install, maintain and calibrate a D/P cell (V2)",,3,2016-01-01 00:00:00.000,2020-12-31 00:00:00.000,2020-12-31 00:00:00.000,1900-01-01 00:00:00.000,Y,4014
*,MCI-DPC-1 (V2),Overhaul a D/P cell (V2),,2,2016-01-01 00:00:00.000,2020-12-31 00:00:00.000,2020-12-31 00:00:00.000,1900-01-01 00:00:00.000,Y,4015
*,MCI-DPC-2 (V2),Calibrate D/P cells (V2),,2,2016-01-01 00:00:00.000,2020-12-31 00:00:00.000,2020-12-31 00:00:00.000,1900-01-01 00:00:00.000,Y,4016
*,MCI-DPE (V2),Differential pressure measurement electronic methods (V2),,1,2016-01-01 00:00:00.000,2020-12-31 00:00:00.000,2020-12-31 00:00:00.000,1900-01-01 00:00:00.000,Y,4017
*,MCI-DRG (V2),Read engineering drawings (V2),,1,2016-01-01 00:00:00.000,2020-12-31 00:00:00.000,2020-12-31 00:00:00.000,1900-01-01 00:00:00.000,Y,4018
*,MCI-DRG-2 (V2),Read instrumentation drawings (V2),,2,2016-01-01 00:00:00.000,2020-12-31 00:00:00.000,2020-12-31 00:00:00.000,1900-01-01 00:00:00.000,Y,4019
*,MCI-DT (V2),Define terms (V2),,2,2016-01-01 00:00:00.000,2020-12-31 00:00:00.000,2020-12-31 00:00:00.000,1900-01-01 00:00:00.000,Y,4020
*,MCI-EC-1 (V2),Wire circuit (V2),,4,2016-01-01 00:00:00.000,2020-12-31 00:00:00.000,2020-12-31 00:00:00.000,1900-01-01 00:00:00.000,Y,4021
*,MCI-EMT-1 (V2),Use electrical measuring instruments (V2),,1,2016-01-01 00:00:00.000,2020-12-31 00:00:00.000,2020-12-31 00:00:00.000,1900-01-01 00:00:00.000,Y,4022
*,MCI-EU-T (V2),Analyse electrical units (V2),,2,2016-01-01 00:00:00.000,2020-12-31 00:00:00.000,2020-12-31 00:00:00.000,1900-01-01 00:00:00.000,Y,4023
*,MCI-FC (V2),Fundamental concepts of automatic control (V2),,2,2016-01-01 00:00:00.000,2020-12-31 00:00:00.000,2020-12-31 00:00:00.000,1900-01-01 00:00:00.000,Y,4024
*,MCI-FCE (V2),Fit lugs to cable ends (V2),,1,2016-01-01 00:00:00.000,2020-12-31 00:00:00.000,2020-12-31 00:00:00.000,1900-01-01 00:00:00.000,Y,4025
*,MCI-FE (V2),Flow measurement electrical methods (V2),,3,2016-01-01 00:00:00.000,2020-12-31 00:00:00.000,2020-12-31 00:00:00.000,1900-01-01 00:00:00.000,Y,4026
*,MCI-FF-1 (V2),Fault find basic electronic circuits (V2),,2,2016-01-01 00:00:00.000,2020-12-31 00:00:00.000,2020-12-31 00:00:00.000,1900-01-01 00:00:00.000,Y,4027
*,MCI-FFC (V2),Fault find circuits (V2),,4,2016-01-01 00:00:00.000,2020-12-31 00:00:00.000,2020-12-31 00:00:00.000,1900-01-01 00:00:00.000,Y,4028
*,MCI-FFS-IM (V2),Fault find electronic control equipment (V2),,5,2016-01-01 00:00:00.000,2020-12-31 00:00:00.000,2020-12-31 00:00:00.000,1900-01-01 00:00:00.000,Y,4029
*,MCI-FIB (V2),Fieldbus communication protocol (V2),,1,2016-01-01 00:00:00.000,2020-12-31 00:00:00.000,2020-12-31 00:00:00.000,1900-01-01 00:00:00.000,Y,4030
*,MCI-FLT (V2),Fault find control loops (V2),,6,2016-01-01 00:00:00.000,2020-12-31 00:00:00.000,2020-12-31 00:00:00.000,1900-01-01 00:00:00.000,Y,4031
*,MCI-FM (V2),Explain principles of flow (V2),,1,2016-01-01 00:00:00.000,2020-12-31 00:00:00.000,2020-12-31 00:00:00.000,1900-01-01 00:00:00.000,Y,4032
*,MCI-FOS (V2),Fibre Optic splicing (V2),,3,2016-01-01 00:00:00.000,2020-12-31 00:00:00.000,2020-12-31 00:00:00.000,1900-01-01 00:00:00.000,Y,4033
*,MCI-FOT (V2),Fibre optic theory and application (V2),,1,2016-01-01 00:00:00.000,2020-12-31 00:00:00.000,2020-12-31 00:00:00.000,1900-01-01 00:00:00.000,Y,4034
*,MCI-FRN (V2),Assist with starting up furnaces (V2),,4,2016-01-01 00:00:00.000,2020-12-31 00:00:00.000,2020-12-31 00:00:00.000,1900-01-01 00:00:00.000,Y,4035
*,MCI-GAP (V2),"Connect, set-up and maintain gap sensors (V2)",,4,2016-01-01 00:00:00.000,2020-12-31 00:00:00.000,2020-12-31 00:00:00.000,1900-01-01 00:00:00.000,Y,4036
*,MCI-GV (V2),Overhaul a split body valve (V2),,4,2016-01-01 00:00:00.000,2020-12-31 00:00:00.000,2020-12-31 00:00:00.000,1900-01-01 00:00:00.000,Y,4037
*,MCI-HM-1 (V2),Use hand tools (V2),,6,2016-01-01 00:00:00.000,2020-12-31 00:00:00.000,2020-12-31 00:00:00.000,1900-01-01 00:00:00.000,Y,4038
*,MCI-HM-2 (V2),Use and maintain a pedestal drill (V2),,1,2016-01-01 00:00:00.000,2020-12-31 00:00:00.000,2020-12-31 00:00:00.000,1900-01-01 00:00:00.000,Y,4039
*,MCI-HM-3 (V2),Solder components (V2),,2,2016-01-01 00:00:00.000,2020-12-31 00:00:00.000,2020-12-31 00:00:00.000,1900-01-01 00:00:00.000,Y,4040
*,MCI-IAC (V2),Introduction to automatic control (V2),,1,2016-01-01 00:00:00.000,2020-12-31 00:00:00.000,2020-12-31 00:00:00.000,1900-01-01 00:00:00.000,Y,4041
*,MCI-IBI (V2),Interaction between instruments and a control loop (V2),,2,2016-01-01 00:00:00.000,2020-12-31 00:00:00.000,2020-12-31 00:00:00.000,1900-01-01 00:00:00.000,Y,4042
*,MCI-IE-1 (V2),Test an amplifier (V2),,1,2016-01-01 00:00:00.000,2020-12-31 00:00:00.000,2020-12-31 00:00:00.000,1900-01-01 00:00:00.000,Y,4043
*,MCI-IE-2 (V2),Use a transistor as a switch (V2),,1,2016-01-01 00:00:00.000,2020-12-31 00:00:00.000,2020-12-31 00:00:00.000,1900-01-01 00:00:00.000,Y,4044
*,MCI-IE-3 (V2),Test multivibrators (V2),,1,2016-01-01 00:00:00.000,2020-12-31 00:00:00.000,2020-12-31 00:00:00.000,1900-01-01 00:00:00.000,Y,4045
*,MCI-IE-4 (V2),Identify operational amplifiers (V2),,1,2016-01-01 00:00:00.000,2020-12-31 00:00:00.000,2020-12-31 00:00:00.000,1900-01-01 00:00:00.000,Y,4046
*,MCI-IE-5 (V2),Test a field effect transistor (V2),,1,2016-01-01 00:00:00.000,2020-12-31 00:00:00.000,2020-12-31 00:00:00.000,1900-01-01 00:00:00.000,Y,4047
*,MCI-IE-6 (V2),Test logic gates (V2),,1,2016-01-01 00:00:00.000,2020-12-31 00:00:00.000,2020-12-31 00:00:00.000,1900-01-01 00:00:00.000,Y,4048
*,MCI-IED (V2),Interpret engineering drawings (V2),,4,2016-01-01 00:00:00.000,2020-12-31 00:00:00.000,2020-12-31 00:00:00.000,1900-01-01 00:00:00.000,Y,4049
*,MCI-IMT (V2),Describe thermometers (V2),,1,2016-01-01 00:00:00.000,2020-12-31 00:00:00.000,2020-12-31 00:00:00.000,1900-01-01 00:00:00.000,Y,4050
*,MCI-IP (V2),Current to pressure convertor (V2),,1,2016-01-01 00:00:00.000,2020-12-31 00:00:00.000,2020-12-31 00:00:00.000,1900-01-01 00:00:00.000,Y,4051
*,MCI-IPC (V2),Introduction to process control (V2),,1,2016-01-01 00:00:00.000,2020-12-31 00:00:00.000,2020-12-31 00:00:00.000,1900-01-01 00:00:00.000,Y,4052
*,MCI-ITS (V2),Interpret trends from SCADA (V2),,1,2016-01-01 00:00:00.000,2020-12-31 00:00:00.000,2020-12-31 00:00:00.000,1900-01-01 00:00:00.000,Y,4053
*,MCI-LDC (V2),Install and maintain various types of load cells (V2),,4,2016-01-01 00:00:00.000,2020-12-31 00:00:00.000,2020-12-31 00:00:00.000,1900-01-01 00:00:00.000,Y,4054
*,MCI-LMS (V2),Install and maintain various level measuring devices (V2),,6,2016-01-01 00:00:00.000,2020-12-31 00:00:00.000,2020-12-31 00:00:00.000,1900-01-01 00:00:00.000,Y,4055
*,MCI-LOP (V2),Company lock out procedures (V2),,1,2016-01-01 00:00:00.000,2020-12-31 00:00:00.000,2020-12-31 00:00:00.000,1900-01-01 00:00:00.000,Y,4056
*,MCI-MAS (V2),Density and mass measurement (V2),,3,2016-01-01 00:00:00.000,2020-12-31 00:00:00.000,2020-12-31 00:00:00.000,1900-01-01 00:00:00.000,Y,4057
*,MCI-MA-T (V2),Explain electromagnetism (V2),,3,2016-01-01 00:00:00.000,2020-12-31 00:00:00.000,2020-12-31 00:00:00.000,1900-01-01 00:00:00.000,Y,4058
*,MCI-MCD (V2),Maintain and check calibration of metal detectors (V2),,4,2016-01-01 00:00:00.000,2020-12-31 00:00:00.000,2020-12-31 00:00:00.000,1900-01-01 00:00:00.000,Y,4059
*,MCI-MG (V2),Use and maintain a pedestal grinder (V2),,2,2016-01-01 00:00:00.000,2020-12-31 00:00:00.000,2020-12-31 00:00:00.000,1900-01-01 00:00:00.000,Y,4060
*,MCI-MLM (V2),Level measuring devices (V2),,4,2016-01-01 00:00:00.000,2020-12-31 00:00:00.000,2020-12-31 00:00:00.000,1900-01-01 00:00:00.000,Y,4061
*,MCI-MMI (V2),Use measuring instruments (V2),,2,2016-01-01 00:00:00.000,2020-12-31 00:00:00.000,2020-12-31 00:00:00.000,1900-01-01 00:00:00.000,Y,4062
*,MCI-MS (V2),Use relative density scales (V2),,2,2016-01-01 00:00:00.000,2020-12-31 00:00:00.000,2020-12-31 00:00:00.000,1900-01-01 00:00:00.000,Y,4063
*,MCI-NET-1 (V2),Introduction to networks (V2),,1,2016-01-01 00:00:00.000,2020-12-31 00:00:00.000,2020-12-31 00:00:00.000,1900-01-01 00:00:00.000,Y,4064
*,MCI-NET-10 (V2),Network troubleshooting (V2),,1,2016-01-01 00:00:00.000,2020-12-31 00:00:00.000,2020-12-31 00:00:00.000,1900-01-01 00:00:00.000,Y,4065
*,MCI-NET-11 (V2),Add a computer to the network (V2),,1,2016-01-01 00:00:00.000,2020-12-31 00:00:00.000,2020-12-31 00:00:00.000,1900-01-01 00:00:00.000,Y,4066
*,MCI-NET-12 (V2),Manufacture a network cable (V2),,1,2016-01-01 00:00:00.000,2020-12-31 00:00:00.000,2020-12-31 00:00:00.000,1900-01-01 00:00:00.000,Y,4067
*,MCI-NET-13 (V2),"Built, configure and test a network (V2)",,1,2016-01-01 00:00:00.000,2020-12-31 00:00:00.000,2020-12-31 00:00:00.000,1900-01-01 00:00:00.000,Y,4068
*,MCI-NET-2 (V2),Network topologies (V2),,1,2016-01-01 00:00:00.000,2020-12-31 00:00:00.000,2020-12-31 00:00:00.000,1900-01-01 00:00:00.000,Y,4069
*,MCI-NET-3 (V2),Network media types (V2),,1,2016-01-01 00:00:00.000,2020-12-31 00:00:00.000,2020-12-31 00:00:00.000,1900-01-01 00:00:00.000,Y,4070
*,MCI-NET-4 (V2),Media access methods (V2),,1,2016-01-01 00:00:00.000,2020-12-31 00:00:00.000,2020-12-31 00:00:00.000,1900-01-01 00:00:00.000,Y,4071
*,MCI-NET-5 (V2),Network protocols (V2),,1,2016-01-01 00:00:00.000,2020-12-31 00:00:00.000,2020-12-31 00:00:00.000,1900-01-01 00:00:00.000,Y,4072
*,MCI-NET-6 (V2),Specialised network equipment (V2),,1,2016-01-01 00:00:00.000,2020-12-31 00:00:00.000,2020-12-31 00:00:00.000,1900-01-01 00:00:00.000,Y,4073
*,MCI-NET-7 (V2),TCP/IP Protocol and IP addressing (V2),,1,2016-01-01 00:00:00.000,2020-12-31 00:00:00.000,2020-12-31 00:00:00.000,1900-01-01 00:00:00.000,Y,4074
*,MCI-NET-8 (V2),Workgroup and Domain network models (V2),,1,2016-01-01 00:00:00.000,2020-12-31 00:00:00.000,2020-12-31 00:00:00.000,1900-01-01 00:00:00.000,Y,4075
*,MCI-NET-9 (V2),Differential server functions (V2),,1,2016-01-01 00:00:00.000,2020-12-31 00:00:00.000,2020-12-31 00:00:00.000,1900-01-01 00:00:00.000,Y,4076
*,MCI-OAC-1 (V2),Use oxy-acetylene cutting equipment (V2),,3,2016-01-01 00:00:00.000,2020-12-31 00:00:00.000,2020-12-31 00:00:00.000,1900-01-01 00:00:00.000,Y,4077
*,MCI-OAW-1 (V2),Oxy-acetylene welding (V2),,3,2016-01-01 00:00:00.000,2020-12-31 00:00:00.000,2020-12-31 00:00:00.000,1900-01-01 00:00:00.000,Y,4078
*,MCI-OP (V2),On-off and proportional control (V2),,1,2016-01-01 00:00:00.000,2020-12-31 00:00:00.000,2020-12-31 00:00:00.000,1900-01-01 00:00:00.000,Y,4079
*,MCI-OPE-1 (V2),Use and maintain a portable drilling machine (V2),,2,2016-01-01 00:00:00.000,2020-12-31 00:00:00.000,2020-12-31 00:00:00.000,1900-01-01 00:00:00.000,Y,4080
*,MCI-OPR (V2),Overhaul pressure regulators (V2),,1,2016-01-01 00:00:00.000,2020-12-31 00:00:00.000,2020-12-31 00:00:00.000,1900-01-01 00:00:00.000,Y,4081
*,MCI-OV (V2),Overhaul various types of valves (V2),,4,2016-01-01 00:00:00.000,2020-12-31 00:00:00.000,2020-12-31 00:00:00.000,1900-01-01 00:00:00.000,Y,4082
*,MCI-PB (V2),Maintain Profibus systems (V2),,5,2016-01-01 00:00:00.000,2020-12-31 00:00:00.000,2020-12-31 00:00:00.000,1900-01-01 00:00:00.000,Y,4083
*,MCI-PBP (V2),Pipe bending practices (V2),,5,2016-01-01 00:00:00.000,2020-12-31 00:00:00.000,2020-12-31 00:00:00.000,1900-01-01 00:00:00.000,Y,4084
*,MCI-PCC (V2),Construct a continuity tester (V2),,2,2016-01-01 00:00:00.000,2020-12-31 00:00:00.000,2020-12-31 00:00:00.000,1900-01-01 00:00:00.000,Y,4085
*,MCI-PDP (V2),Wire Profibus DP and PA network (V2),,4,2016-01-01 00:00:00.000,2020-12-31 00:00:00.000,2020-12-31 00:00:00.000,1900-01-01 00:00:00.000,Y,4086
*,MCI-PGC (V2),Calibrate pressure gauges (V2),,3,2016-01-01 00:00:00.000,2020-12-31 00:00:00.000,2020-12-31 00:00:00.000,1900-01-01 00:00:00.000,Y,4087
*,MCI-PLC (V2),Programmable Logic Controller (V2),,14,2016-01-01 00:00:00.000,2020-12-31 00:00:00.000,2020-12-31 00:00:00.000,1900-01-01 00:00:00.000,Y,4088
*,MCI-PLC-IM (V2),Check PLC input and output signals (V2),,4,2016-01-01 00:00:00.000,2020-12-31 00:00:00.000,2020-12-31 00:00:00.000,1900-01-01 00:00:00.000,Y,4089
*,MCI-PM (V2),Measurement of pressure (V2),,3,2016-01-01 00:00:00.000,2020-12-31 00:00:00.000,2020-12-31 00:00:00.000,1900-01-01 00:00:00.000,Y,4090
*,MCI-PMD (V2),Pressure measurement using a deadweight tester (V2),,2,2016-01-01 00:00:00.000,2020-12-31 00:00:00.000,2020-12-31 00:00:00.000,1900-01-01 00:00:00.000,Y,4091
*,MCI-PMM (V2),Pressure measurement using manometers (V2),,2,2016-01-01 00:00:00.000,2020-12-31 00:00:00.000,2020-12-31 00:00:00.000,1900-01-01 00:00:00.000,Y,4092
*,MCI-PPS (V2),Process pressure sensors (V2),,1,2016-01-01 00:00:00.000,2020-12-31 00:00:00.000,2020-12-31 00:00:00.000,1900-01-01 00:00:00.000,Y,4093
*,MCI-PRF (V2),Introduction to profibus communication (V2),,1,2016-01-01 00:00:00.000,2020-12-31 00:00:00.000,2020-12-31 00:00:00.000,1900-01-01 00:00:00.000,Y,4094
*,MCI-PS (V2),"Connect, set-up and maintain proxy sensors (V2)",,3,2016-01-01 00:00:00.000,2020-12-31 00:00:00.000,2020-12-31 00:00:00.000,1900-01-01 00:00:00.000,Y,4095
*,MCI-PW-1 (V2),Measure resistances (V2),,1,2016-01-01 00:00:00.000,2020-12-31 00:00:00.000,2020-12-31 00:00:00.000,1900-01-01 00:00:00.000,Y,4096
*,MCI-RD (V2),Reset and derivative control (V2),,2,2016-01-01 00:00:00.000,2020-12-31 00:00:00.000,2020-12-31 00:00:00.000,1900-01-01 00:00:00.000,Y,4097
*,MCI-RFL (V2),"Air regulators, filters and lubricators (V2)",,1,2016-01-01 00:00:00.000,2020-12-31 00:00:00.000,2020-12-31 00:00:00.000,1900-01-01 00:00:00.000,Y,4098
*,MCI-RTC (V2),Replace thermo couples (V2),,1,2016-01-01 00:00:00.000,2020-12-31 00:00:00.000,2020-12-31 00:00:00.000,1900-01-01 00:00:00.000,Y,4099
*,MCI-RTD (V2),"Connect, maintain and calibrate RTD’s (V2)",,3,2016-01-01 00:00:00.000,2020-12-31 00:00:00.000,2020-12-31 00:00:00.000,1900-01-01 00:00:00.000,Y,4100
*,MCI-SC (V2),Use a system calibrator (V2),,1,2016-01-01 00:00:00.000,2020-12-31 00:00:00.000,2020-12-31 00:00:00.000,1900-01-01 00:00:00.000,Y,4101
*,MCI-SCA (V2),Introduction to SCADA systems (V2),,1,2016-01-01 00:00:00.000,2020-12-31 00:00:00.000,2020-12-31 00:00:00.000,1900-01-01 00:00:00.000,Y,4102
*,MCI-SCV (V2),Stroke control valves (V2),,4,2016-01-01 00:00:00.000,2020-12-31 00:00:00.000,2020-12-31 00:00:00.000,1900-01-01 00:00:00.000,Y,4103
*,MCI-SFT (V2),"Connect, set-up and maintain shaft encoders (V2)",,4,2016-01-01 00:00:00.000,2020-12-31 00:00:00.000,2020-12-31 00:00:00.000,1900-01-01 00:00:00.000,Y,4104
*,MCI-SS (V2),"Install, wire and maintain speed switches (V2)",,3,2016-01-01 00:00:00.000,2020-12-31 00:00:00.000,2020-12-31 00:00:00.000,1900-01-01 00:00:00.000,Y,4105
*,MCI-ST (V2),Perform safe word practices (V2),,1,2016-01-01 00:00:00.000,2020-12-31 00:00:00.000,2020-12-31 00:00:00.000,1900-01-01 00:00:00.000,Y,4106
*,MCI-TA (V2),Tune automatic controllers (V2),,6,2016-01-01 00:00:00.000,2020-12-31 00:00:00.000,2020-12-31 00:00:00.000,1900-01-01 00:00:00.000,Y,4107
*,MCI-TB (V2),Maintain Turbidity meters (V2),,3,2016-01-01 00:00:00.000,2020-12-31 00:00:00.000,2020-12-31 00:00:00.000,1900-01-01 00:00:00.000,Y,4108
*,MCI-TEM (V2),Calibrate temperature transmitter (V2),,1,2016-01-01 00:00:00.000,2020-12-31 00:00:00.000,2020-12-31 00:00:00.000,1900-01-01 00:00:00.000,Y,4109
*,MCI-TH (V2),Temperature measurement thermocouple (V2),,2,2016-01-01 00:00:00.000,2020-12-31 00:00:00.000,2020-12-31 00:00:00.000,1900-01-01 00:00:00.000,Y,4110
*,MCI-TI-2 (V2),Use an oscilloscope (V2),,2,2016-01-01 00:00:00.000,2020-12-31 00:00:00.000,2020-12-31 00:00:00.000,1900-01-01 00:00:00.000,Y,4111
*,MCI-TR (V2),Temperature measurement resistance methods (V2),,1,2016-01-01 00:00:00.000,2020-12-31 00:00:00.000,2020-12-31 00:00:00.000,1900-01-01 00:00:00.000,Y,4112
*,MCI-UDM (V2),Use a multimeter (V2),,3,2016-01-01 00:00:00.000,2020-12-31 00:00:00.000,2020-12-31 00:00:00.000,1900-01-01 00:00:00.000,Y,4113
*,MCI-UP-T (V2),Convert units and prefixes (V2),,1,2016-01-01 00:00:00.000,2020-12-31 00:00:00.000,2020-12-31 00:00:00.000,1900-01-01 00:00:00.000,Y,4114
*,MCI-VIB (V2),Maintain vibration sensors (V2),,2,2016-01-01 00:00:00.000,2020-12-31 00:00:00.000,2020-12-31 00:00:00.000,1900-01-01 00:00:00.000,Y,4115
*,MCI-VST (V2),Check valve operation (V2),,4,2016-01-01 00:00:00.000,2020-12-31 00:00:00.000,2020-12-31 00:00:00.000,1900-01-01 00:00:00.000,Y,4116
*,MCI-WAC (V2),Wire alarm circuit (V2),,4,2016-01-01 00:00:00.000,2020-12-31 00:00:00.000,2020-12-31 00:00:00.000,1900-01-01 00:00:00.000,Y,4117
*,MCL-1 (V2),Maintain a compressor lubricating system (Daily & Weekly) (V2),,1,2016-01-01 00:00:00.000,2020-12-31 00:00:00.000,2020-12-31 00:00:00.000,1900-01-01 00:00:00.000,Y,4118
*,MCL-2 (V2),Maintain a compressor lubricating system (monthly) (V2),,1,2016-01-01 00:00:00.000,2020-12-31 00:00:00.000,2020-12-31 00:00:00.000,1900-01-01 00:00:00.000,Y,4119
*,MCR (V2),Maintain crushers (V2),,2,2016-01-01 00:00:00.000,2020-12-31 00:00:00.000,2020-12-31 00:00:00.000,1900-01-01 00:00:00.000,Y,4120
*,MCS (V2),Maintain a compressed air pipe system (V2),,1,2016-01-01 00:00:00.000,2020-12-31 00:00:00.000,2020-12-31 00:00:00.000,1900-01-01 00:00:00.000,Y,4121
*,MCS-1 (V2),Maintain a storage battery (V2),,1,2016-01-01 00:00:00.000,2020-12-31 00:00:00.000,2020-12-31 00:00:00.000,1900-01-01 00:00:00.000,Y,4122
*,MCS-2 (V2),Maintain auto-electrical systems (V2),,4,2016-01-01 00:00:00.000,2020-12-31 00:00:00.000,2020-12-31 00:00:00.000,1900-01-01 00:00:00.000,Y,4123
*,MCY (V2),Maintain a cyclone (V2),,1,2016-01-01 00:00:00.000,2020-12-31 00:00:00.000,2020-12-31 00:00:00.000,1900-01-01 00:00:00.000,Y,4124
*,MDE (V2),Inspect and maintain diesel powered equipment (V2),,2,2016-01-01 00:00:00.000,2020-12-31 00:00:00.000,2020-12-31 00:00:00.000,1900-01-01 00:00:00.000,Y,4125
*,MDF (V2),Drill a flange (V2),,2,2016-01-01 00:00:00.000,2020-12-31 00:00:00.000,2020-12-31 00:00:00.000,1900-01-01 00:00:00.000,Y,4126
*,MDG (V2),Sharpen a drill (V2),,1,2016-01-01 00:00:00.000,2020-12-31 00:00:00.000,2020-12-31 00:00:00.000,1900-01-01 00:00:00.000,Y,4127
*,MDL-1 (V2),Maintain diesel locomotives (Daily) (V2),,1,2016-01-01 00:00:00.000,2020-12-31 00:00:00.000,2020-12-31 00:00:00.000,1900-01-01 00:00:00.000,Y,4128
*,MDL-2 (V2),Maintain diesel locomotives (Weekly) (V2),,1,2016-01-01 00:00:00.000,2020-12-31 00:00:00.000,2020-12-31 00:00:00.000,1900-01-01 00:00:00.000,Y,4129
*,MDL-3 (V2),Maintain diesel locomotives (Monthly) (V2),,2,2016-01-01 00:00:00.000,2020-12-31 00:00:00.000,2020-12-31 00:00:00.000,1900-01-01 00:00:00.000,Y,4130
*,MDM (V2),Maintain a pedestal drill (V2),,1,2016-01-01 00:00:00.000,2020-12-31 00:00:00.000,2020-12-31 00:00:00.000,1900-01-01 00:00:00.000,Y,4131
*,MDP (V2),Maintain dust plants (V2),,1,2016-01-01 00:00:00.000,2020-12-31 00:00:00.000,2020-12-31 00:00:00.000,1900-01-01 00:00:00.000,Y,4132
*,MEB (V2),Maintain electromagnetic brakes (V2),,3,2016-01-01 00:00:00.000,2020-12-31 00:00:00.000,2020-12-31 00:00:00.000,1900-01-01 00:00:00.000,Y,4133
*,MEG (V2),Assist with the maintenance of emergency generator (V2),,2,2016-01-01 00:00:00.000,2020-12-31 00:00:00.000,2020-12-31 00:00:00.000,1900-01-01 00:00:00.000,Y,4134
*,MF (V2),Assist with the maintenance of main fans (V2),,2,2016-01-01 00:00:00.000,2020-12-31 00:00:00.000,2020-12-31 00:00:00.000,1900-01-01 00:00:00.000,Y,4135
*,MFL (V2),Maintain front end loaders (V2),,4,2016-01-01 00:00:00.000,2020-12-31 00:00:00.000,2020-12-31 00:00:00.000,1900-01-01 00:00:00.000,Y,4136
*,MG (V2),Operate and maintain a pedestal grinder (V2),,2,2016-01-01 00:00:00.000,2020-12-31 00:00:00.000,2020-12-31 00:00:00.000,1900-01-01 00:00:00.000,Y,4137
*,MGE (V2),Fit a mechanical gland to a PILC/SWA cable (V2),,1,2016-01-01 00:00:00.000,2020-12-31 00:00:00.000,2020-12-31 00:00:00.000,1900-01-01 00:00:00.000,Y,4138
*,MG-E (V2),Fit a mechanical gland to a PVC/PILC cable (V2),,1,2016-01-01 00:00:00.000,2020-12-31 00:00:00.000,2020-12-31 00:00:00.000,1900-01-01 00:00:00.000,Y,4139
*,MH (V2),Maintain a bin/hopper (V2),,1,2016-01-01 00:00:00.000,2020-12-31 00:00:00.000,2020-12-31 00:00:00.000,1900-01-01 00:00:00.000,Y,4140
*,MHT (V2),"Inspect, maintain and repair a underground haulage tip (V2)",,1,2016-01-01 00:00:00.000,2020-12-31 00:00:00.000,2020-12-31 00:00:00.000,1900-01-01 00:00:00.000,Y,4141
*,MI (V2),Identify material (V2),,1,2016-01-01 00:00:00.000,2020-12-31 00:00:00.000,2020-12-31 00:00:00.000,1900-01-01 00:00:00.000,Y,4142
*,MIG (V2),Use MIG welding equipment (V2),,2,2016-01-01 00:00:00.000,2020-12-31 00:00:00.000,2020-12-31 00:00:00.000,1900-01-01 00:00:00.000,Y,4143
*,MIR (V2),Assist with monthly inspection of ropes in a shaft (V2),,2,2016-01-01 00:00:00.000,2020-12-31 00:00:00.000,2020-12-31 00:00:00.000,1900-01-01 00:00:00.000,Y,4144
*,ML (V2),Maintain mechanical loaders (V2),,3,2016-01-01 00:00:00.000,2020-12-31 00:00:00.000,2020-12-31 00:00:00.000,1900-01-01 00:00:00.000,Y,4145
*,MLB (V2),"Assist with inspecting, maintaining and repairing a loading box (V2)",,1,2016-01-01 00:00:00.000,2020-12-31 00:00:00.000,2020-12-31 00:00:00.000,1900-01-01 00:00:00.000,Y,4146
*,MLF (V2),Maintain and lubricate rotary filters (V2),,1,2016-01-01 00:00:00.000,2020-12-31 00:00:00.000,2020-12-31 00:00:00.000,1900-01-01 00:00:00.000,Y,4147
*,MMC (V2),Maintain compressors (V2),,2,2016-01-01 00:00:00.000,2020-12-31 00:00:00.000,2020-12-31 00:00:00.000,1900-01-01 00:00:00.000,Y,4148
*,MMF (V2),Mill a keyway and hexagon (V2),,4,2016-01-01 00:00:00.000,2020-12-31 00:00:00.000,2020-12-31 00:00:00.000,1900-01-01 00:00:00.000,Y,4149
*,MMF-P (V2),Assist with maintaining a main fan (V2),,1,2016-01-01 00:00:00.000,2020-12-31 00:00:00.000,2020-12-31 00:00:00.000,1900-01-01 00:00:00.000,Y,4150
*,MMG (V2),Maintain a pedestal grinder (V2),,1,2016-01-01 00:00:00.000,2020-12-31 00:00:00.000,2020-12-31 00:00:00.000,1900-01-01 00:00:00.000,Y,4151
*,MMI (V2),Use measuring instruments (V2),,2,2016-01-01 00:00:00.000,2020-12-31 00:00:00.000,2020-12-31 00:00:00.000,1900-01-01 00:00:00.000,Y,4152
*,MMI-E (V2),Measure and mark off material (V2),,2,2016-01-01 00:00:00.000,2020-12-31 00:00:00.000,2020-12-31 00:00:00.000,1900-01-01 00:00:00.000,Y,4153
*,MMM (V2),Maintain a milling machine (V2),,1,2016-01-01 00:00:00.000,2020-12-31 00:00:00.000,2020-12-31 00:00:00.000,1900-01-01 00:00:00.000,Y,4154
*,MMO (V2),Operate a milling machine (V2),,2,2016-01-01 00:00:00.000,2020-12-31 00:00:00.000,2020-12-31 00:00:00.000,1900-01-01 00:00:00.000,Y,4155
*,MMP (V2),Maintain main de-watering plants (V2),,2,2016-01-01 00:00:00.000,2020-12-31 00:00:00.000,2020-12-31 00:00:00.000,1900-01-01 00:00:00.000,Y,4156
*,MMW-1 (V2),Assist in the maintenance of main winders (Daily & Weekly) (V2),,1,2016-01-01 00:00:00.000,2020-12-31 00:00:00.000,2020-12-31 00:00:00.000,1900-01-01 00:00:00.000,Y,4157
*,MMW-2 (V2),Assist in the maintenance of main winders (Two Weekly) (V2),,2,2016-01-01 00:00:00.000,2020-12-31 00:00:00.000,2020-12-31 00:00:00.000,1900-01-01 00:00:00.000,Y,4158
*,MMW-3 (V2),Assist in the maintenance of main winders (Yearly) (V2),,2,2016-01-01 00:00:00.000,2020-12-31 00:00:00.000,2020-12-31 00:00:00.000,1900-01-01 00:00:00.000,Y,4159
*,MO-1 (V2),Mark off a liner plate (V2),,1,2016-01-01 00:00:00.000,2020-12-31 00:00:00.000,2020-12-31 00:00:00.000,1900-01-01 00:00:00.000,Y,4160
*,MO-1-MW (V2),Overhaul a three phase motor (V2),,2,2016-01-01 00:00:00.000,2020-12-31 00:00:00.000,2020-12-31 00:00:00.000,1900-01-01 00:00:00.000,Y,4161
*,MO-2 (V2),Mark off a I-beam (V2),,1,2016-01-01 00:00:00.000,2020-12-31 00:00:00.000,2020-12-31 00:00:00.000,1900-01-01 00:00:00.000,Y,4162
*,MO-3 (V2),Mark off a channel iron (V2),,1,2016-01-01 00:00:00.000,2020-12-31 00:00:00.000,2020-12-31 00:00:00.000,1900-01-01 00:00:00.000,Y,4163
*,MOC-E (V2),Maintain overhead cranes (V2),,3,2016-01-01 00:00:00.000,2020-12-31 00:00:00.000,2020-12-31 00:00:00.000,1900-01-01 00:00:00.000,Y,4164
*,MOG (V2),Maintain and overhaul a gearbox (V2),,1,2016-01-01 00:00:00.000,2020-12-31 00:00:00.000,2020-12-31 00:00:00.000,1900-01-01 00:00:00.000,Y,4165
*,MOP (V2),Maintain and overhaul pumps (V2),,1,2016-01-01 00:00:00.000,2020-12-31 00:00:00.000,2020-12-31 00:00:00.000,1900-01-01 00:00:00.000,Y,4166
*,MP-1 (V2),Phase out an induction motor (V2),,1,2016-01-01 00:00:00.000,2020-12-31 00:00:00.000,2020-12-31 00:00:00.000,1900-01-01 00:00:00.000,Y,4167
*,MPD (V2),Plan a drilling work piece (V2),,1,2016-01-01 00:00:00.000,2020-12-31 00:00:00.000,2020-12-31 00:00:00.000,1900-01-01 00:00:00.000,Y,4168
*,MPE (V2),Maintain portable electrical equipment (V2),,2,2016-01-01 00:00:00.000,2020-12-31 00:00:00.000,2020-12-31 00:00:00.000,1900-01-01 00:00:00.000,Y,4169
*,MPM (V2),Plan a milling workpiece (V2),,2,2016-01-01 00:00:00.000,2020-12-31 00:00:00.000,2020-12-31 00:00:00.000,1900-01-01 00:00:00.000,Y,4170
*,MPR (V2),Test and maintain motor protection relays (V2),,3,2016-01-01 00:00:00.000,2020-12-31 00:00:00.000,2020-12-31 00:00:00.000,1900-01-01 00:00:00.000,Y,4171
*,MPS (V2),Plan a shaping workpiece (V2),,1,2016-01-01 00:00:00.000,2020-12-31 00:00:00.000,2020-12-31 00:00:00.000,1900-01-01 00:00:00.000,Y,4172
*,MRC (V2),"Inspect, repair and maintain a conveyor belt system. (V2)",,2,2016-01-01 00:00:00.000,2020-12-31 00:00:00.000,2020-12-31 00:00:00.000,1900-01-01 00:00:00.000,Y,4173
*,MRP (V2),Assist with maintaining an underground refrigeration plant (V2),,1,2016-01-01 00:00:00.000,2020-12-31 00:00:00.000,2020-12-31 00:00:00.000,1900-01-01 00:00:00.000,Y,4174
*,MRPS (V2),Maintain and repair pipe work systems (V2),,1,2016-01-01 00:00:00.000,2020-12-31 00:00:00.000,2020-12-31 00:00:00.000,1900-01-01 00:00:00.000,Y,4175
*,MRS (V2),Check main line rolling stock (V2),,1,2016-01-01 00:00:00.000,2020-12-31 00:00:00.000,2020-12-31 00:00:00.000,1900-01-01 00:00:00.000,Y,4176
*,MRS-1 (V2),Check haulage rolling stock (Six Monthly) (V2),,1,2016-01-01 00:00:00.000,2020-12-31 00:00:00.000,2020-12-31 00:00:00.000,1900-01-01 00:00:00.000,Y,4177
*,MRV (V2),Maintain and repair gate valves (V2),,2,2016-01-01 00:00:00.000,2020-12-31 00:00:00.000,2020-12-31 00:00:00.000,1900-01-01 00:00:00.000,Y,4178
*,MSD (V2),Maintain safety devices on a conveyor belt system (V2),,1,2016-01-01 00:00:00.000,2020-12-31 00:00:00.000,2020-12-31 00:00:00.000,1900-01-01 00:00:00.000,Y,4179
*,MSF (V2),Shape a stop block (V2),,2,2016-01-01 00:00:00.000,2020-12-31 00:00:00.000,2020-12-31 00:00:00.000,1900-01-01 00:00:00.000,Y,4180
*,MSM (V2),Maintain a shaper (V2),,1,2016-01-01 00:00:00.000,2020-12-31 00:00:00.000,2020-12-31 00:00:00.000,1900-01-01 00:00:00.000,Y,4181
*,MSS-E (V2),Service main sub-station (V2),,4,2016-01-01 00:00:00.000,2020-12-31 00:00:00.000,2020-12-31 00:00:00.000,1900-01-01 00:00:00.000,Y,4182
*,MST (V2),Maintain surface transport e.g. trucks (V2),,1,2016-01-01 00:00:00.000,2020-12-31 00:00:00.000,2020-12-31 00:00:00.000,1900-01-01 00:00:00.000,Y,4183
*,MT (V2),Assist with overhauling a manual transmission (V2),,3,2016-01-01 00:00:00.000,2020-12-31 00:00:00.000,2020-12-31 00:00:00.000,1900-01-01 00:00:00.000,Y,4184
*,MT-1 (V2),Test a single phase motor (V2),,2,2016-01-01 00:00:00.000,2020-12-31 00:00:00.000,2020-12-31 00:00:00.000,1900-01-01 00:00:00.000,Y,4185
*,MT-2 (V2),Test a three phase motor (V2),,1,2016-01-01 00:00:00.000,2020-12-31 00:00:00.000,2020-12-31 00:00:00.000,1900-01-01 00:00:00.000,Y,4186
*,MTC (V2),Test a cable (V2),,1,2016-01-01 00:00:00.000,2020-12-31 00:00:00.000,2020-12-31 00:00:00.000,1900-01-01 00:00:00.000,Y,4187
*,MTF (V2),Turn a coupling pin and bush (V2),,10,2016-01-01 00:00:00.000,2020-12-31 00:00:00.000,2020-12-31 00:00:00.000,1900-01-01 00:00:00.000,Y,4188
*,MTG (V2),Grind tool bits (V2),,4,2016-01-01 00:00:00.000,2020-12-31 00:00:00.000,2020-12-31 00:00:00.000,1900-01-01 00:00:00.000,Y,4189
*,MTH (V2),Maintain a movable hopper (V2),,1,2016-01-01 00:00:00.000,2020-12-31 00:00:00.000,2020-12-31 00:00:00.000,1900-01-01 00:00:00.000,Y,4190
*,MTM (V2),Maintain a lathe (V2),,1,2016-01-01 00:00:00.000,2020-12-31 00:00:00.000,2020-12-31 00:00:00.000,1900-01-01 00:00:00.000,Y,4191
*,MTO (V2),Operate a lathe (V2),,1,2016-01-01 00:00:00.000,2020-12-31 00:00:00.000,2020-12-31 00:00:00.000,1900-01-01 00:00:00.000,Y,4192
*,MTP (V2),Plan a turning workpiece (V2),,1,2016-01-01 00:00:00.000,2020-12-31 00:00:00.000,2020-12-31 00:00:00.000,1900-01-01 00:00:00.000,Y,4193
*,MT-P (V2),Maintain a tank (V2),,1,2016-01-01 00:00:00.000,2020-12-31 00:00:00.000,2020-12-31 00:00:00.000,1900-01-01 00:00:00.000,Y,4194
*,MUS (V2),Assist with maintaining and repairing an underground settler (V2),,1,2016-01-01 00:00:00.000,2020-12-31 00:00:00.000,2020-12-31 00:00:00.000,1900-01-01 00:00:00.000,Y,4195
*,MVB (V2),Service a multiple v-belt drive on an engine (V2),,1,2016-01-01 00:00:00.000,2020-12-31 00:00:00.000,2020-12-31 00:00:00.000,1900-01-01 00:00:00.000,Y,4196
*,MVF (V2),Maintain vibration feeders (V2),,1,2016-01-01 00:00:00.000,2020-12-31 00:00:00.000,2020-12-31 00:00:00.000,1900-01-01 00:00:00.000,Y,4197
*,MVS (V2),Maintain a vibrating screen (V2),,1,2016-01-01 00:00:00.000,2020-12-31 00:00:00.000,2020-12-31 00:00:00.000,1900-01-01 00:00:00.000,Y,4198
*,MW (V2),Maintain winches (V2),,1,2016-01-01 00:00:00.000,2020-12-31 00:00:00.000,2020-12-31 00:00:00.000,1900-01-01 00:00:00.000,Y,4199
*,MWM (V2),Maintain workshop machines (V2),,1,2016-01-01 00:00:00.000,2020-12-31 00:00:00.000,2020-12-31 00:00:00.000,1900-01-01 00:00:00.000,Y,4200
*,MWP (V2),Mark off a workpiece (V2),,1,2016-01-01 00:00:00.000,2020-12-31 00:00:00.000,2020-12-31 00:00:00.000,1900-01-01 00:00:00.000,Y,4201
*,MWS (V2),Maintain a water pipe system (V2),,1,2016-01-01 00:00:00.000,2020-12-31 00:00:00.000,2020-12-31 00:00:00.000,1900-01-01 00:00:00.000,Y,4202
*,OA-1 (V2),Operate Oxy-acetylene equipment (V2),,1,2016-01-01 00:00:00.000,2020-12-31 00:00:00.000,2020-12-31 00:00:00.000,1900-01-01 00:00:00.000,Y,4203
*,OAC-1 (V2),Use oxy-acetylene cutting equipment (V2),,3,2016-01-01 00:00:00.000,2020-12-31 00:00:00.000,2020-12-31 00:00:00.000,1900-01-01 00:00:00.000,Y,4204
*,OAC-2 (V2),Use a radius bar (V2),,1,2016-01-01 00:00:00.000,2020-12-31 00:00:00.000,2020-12-31 00:00:00.000,1900-01-01 00:00:00.000,Y,4205
*,OAC-3 (V2),Use a portable straight line cutter (V2),,1,2016-01-01 00:00:00.000,2020-12-31 00:00:00.000,2020-12-31 00:00:00.000,1900-01-01 00:00:00.000,Y,4206
*,OAC-4 (V2),Use a profile cutting machine (V2),,1,2016-01-01 00:00:00.000,2020-12-31 00:00:00.000,2020-12-31 00:00:00.000,1900-01-01 00:00:00.000,Y,4207
*,OAW-1 (V2),Oxy-acetylene welding (V2),,3,2016-01-01 00:00:00.000,2020-12-31 00:00:00.000,2020-12-31 00:00:00.000,1900-01-01 00:00:00.000,Y,4208
*,OAW-2 (V2),Braze a lap joint (V2),,1,2016-01-01 00:00:00.000,2020-12-31 00:00:00.000,2020-12-31 00:00:00.000,1900-01-01 00:00:00.000,Y,4209
*,OAW-E (V2),Use oxy-acetylene and arc welding equipment (V2),,5,2016-01-01 00:00:00.000,2020-12-31 00:00:00.000,2020-12-31 00:00:00.000,1900-01-01 00:00:00.000,Y,4210
*,OBW (V2),Service brake shoes and wheel cylinders (V2),,2,2016-01-01 00:00:00.000,2020-12-31 00:00:00.000,2020-12-31 00:00:00.000,1900-01-01 00:00:00.000,Y,4211
*,OC (V2),Examine and use an Overhead Crane (V2),,2,2016-01-01 00:00:00.000,2020-12-31 00:00:00.000,2020-12-31 00:00:00.000,1900-01-01 00:00:00.000,Y,4212
*,OCA (V2),Overhaul a cylinder head assembly (V2),,2,2016-01-01 00:00:00.000,2020-12-31 00:00:00.000,2020-12-31 00:00:00.000,1900-01-01 00:00:00.000,Y,4213
*,ODC (V2),Overhaul a DC motor (V2),,5,2016-01-01 00:00:00.000,2020-12-31 00:00:00.000,2020-12-31 00:00:00.000,1900-01-01 00:00:00.000,Y,4214
*,ODF-1 (V2),"Strip, clean and inspect a differential and final drive (V2)",,3,2016-01-01 00:00:00.000,2020-12-31 00:00:00.000,2020-12-31 00:00:00.000,1900-01-01 00:00:00.000,Y,4215
*,ODF-2 (V2),Assemble a differential and final drive (V2),,3,2016-01-01 00:00:00.000,2020-12-31 00:00:00.000,2020-12-31 00:00:00.000,1900-01-01 00:00:00.000,Y,4216
*,ODP (V2),Overhaul an injector of a DP fuel system (V2),,2,2016-01-01 00:00:00.000,2020-12-31 00:00:00.000,2020-12-31 00:00:00.000,1900-01-01 00:00:00.000,Y,4217
*,OEC (V2),Maintain overhead electric cranes (V2),,1,2016-01-01 00:00:00.000,2020-12-31 00:00:00.000,2020-12-31 00:00:00.000,1900-01-01 00:00:00.000,Y,4218
*,OIL (V2),Overhaul an injector of an in-line fuel system (V2),,2,2016-01-01 00:00:00.000,2020-12-31 00:00:00.000,2020-12-31 00:00:00.000,1900-01-01 00:00:00.000,Y,4219
*,OLS (V2),Assist with overhauling a limited slip differential (V2),,2,2016-01-01 00:00:00.000,2020-12-31 00:00:00.000,2020-12-31 00:00:00.000,1900-01-01 00:00:00.000,Y,4220
*,OM-1 (V2),Operate a pedestal grinder (V2),,1,2016-01-01 00:00:00.000,2020-12-31 00:00:00.000,2020-12-31 00:00:00.000,1900-01-01 00:00:00.000,Y,4221
*,OM-2 (V2),Operate a drilling machine (V2),,1,2016-01-01 00:00:00.000,2020-12-31 00:00:00.000,2020-12-31 00:00:00.000,1900-01-01 00:00:00.000,Y,4222
*,OM-3 (V2),Operate a guillotine shearing machine (V2),,1,2016-01-01 00:00:00.000,2020-12-31 00:00:00.000,2020-12-31 00:00:00.000,1900-01-01 00:00:00.000,Y,4223
*,OM-4 (V2),Operate a punch and shearing machine (V2),,1,2016-01-01 00:00:00.000,2020-12-31 00:00:00.000,2020-12-31 00:00:00.000,1900-01-01 00:00:00.000,Y,4224
*,OM-5 (V2),Operate a bending press (V2),,1,2016-01-01 00:00:00.000,2020-12-31 00:00:00.000,2020-12-31 00:00:00.000,1900-01-01 00:00:00.000,Y,4225
*,OM-6 (V2),Operate a bending roll (V2),,1,2016-01-01 00:00:00.000,2020-12-31 00:00:00.000,2020-12-31 00:00:00.000,1900-01-01 00:00:00.000,Y,4226
*,OMG-1 (V2),Maintain a gearbox (V2),,2,2016-01-01 00:00:00.000,2020-12-31 00:00:00.000,2020-12-31 00:00:00.000,1900-01-01 00:00:00.000,Y,4227
*,OMT-1 (V2),Select the gear ratio’s on a manual transmission (V2),,3,2016-01-01 00:00:00.000,2020-12-31 00:00:00.000,2020-12-31 00:00:00.000,1900-01-01 00:00:00.000,Y,4228
*,OMT-2 (V2),Overhaul a manual transmission (V2),,3,2016-01-01 00:00:00.000,2020-12-31 00:00:00.000,2020-12-31 00:00:00.000,1900-01-01 00:00:00.000,Y,4229
*,OP (V2),Overhaul a planetary system (V2),,2,2016-01-01 00:00:00.000,2020-12-31 00:00:00.000,2020-12-31 00:00:00.000,1900-01-01 00:00:00.000,Y,4230
*,OPA (V2),Overhaul a steering box (power assisted) (V2),,2,2016-01-01 00:00:00.000,2020-12-31 00:00:00.000,2020-12-31 00:00:00.000,1900-01-01 00:00:00.000,Y,4231
*,OPD (V2),Assist with overhauling a pneumatic brake system (V2),,3,2016-01-01 00:00:00.000,2020-12-31 00:00:00.000,2020-12-31 00:00:00.000,1900-01-01 00:00:00.000,Y,4232
*,OPE-1 (V2),Operate and maintain a portable drilling machine (V2),,2,2016-01-01 00:00:00.000,2020-12-31 00:00:00.000,2020-12-31 00:00:00.000,1900-01-01 00:00:00.000,Y,4233
*,OPE-1 (V2),Use and maintain a portable drilling machine (V2),,2,2016-01-01 00:00:00.000,2020-12-31 00:00:00.000,2020-12-31 00:00:00.000,1900-01-01 00:00:00.000,Y,4234
*,OPE-2 (V2),Operate and maintain a portable grinder (V2),,2,2016-01-01 00:00:00.000,2020-12-31 00:00:00.000,2020-12-31 00:00:00.000,1900-01-01 00:00:00.000,Y,4235
*,OPS (V2),Overhaul a propeller shaft (V2),,1,2016-01-01 00:00:00.000,2020-12-31 00:00:00.000,2020-12-31 00:00:00.000,1900-01-01 00:00:00.000,Y,4236
*,OPT (V2),Overhaul a power transmission (V2),,2,2016-01-01 00:00:00.000,2020-12-31 00:00:00.000,2020-12-31 00:00:00.000,1900-01-01 00:00:00.000,Y,4237
*,OSA (V2),Overhaul a sub-assembly (V2),,3,2016-01-01 00:00:00.000,2020-12-31 00:00:00.000,2020-12-31 00:00:00.000,1900-01-01 00:00:00.000,Y,4238
*,OSB (V2),Overhaul a steering box (non power assisted) (V2),,2,2016-01-01 00:00:00.000,2020-12-31 00:00:00.000,2020-12-31 00:00:00.000,1900-01-01 00:00:00.000,Y,4239
*,OSR (V2),Overhaul a slip ring motor (V2),,2,2016-01-01 00:00:00.000,2020-12-31 00:00:00.000,2020-12-31 00:00:00.000,1900-01-01 00:00:00.000,Y,4240
*,OSS (V2),Repair a steering system (V2),,5,2016-01-01 00:00:00.000,2020-12-31 00:00:00.000,2020-12-31 00:00:00.000,1900-01-01 00:00:00.000,Y,4241
*,OT (V2),Overhaul and maintain a turbo charger (V2),,1,2016-01-01 00:00:00.000,2020-12-31 00:00:00.000,2020-12-31 00:00:00.000,1900-01-01 00:00:00.000,Y,4242
*,OUT292 (V2),Maintain flameproof equipment (V2),,4,2016-01-01 00:00:00.000,2020-12-31 00:00:00.000,2020-12-31 00:00:00.000,1900-01-01 00:00:00.000,Y,4243
*,PBA (V2),Remove and replace a bearing fitted with an adaptor sleeve (V2),,1,2016-01-01 00:00:00.000,2020-12-31 00:00:00.000,2020-12-31 00:00:00.000,1900-01-01 00:00:00.000,Y,4244
*,PC (V2),Phase out cables (V2),,2,2016-01-01 00:00:00.000,2020-12-31 00:00:00.000,2020-12-31 00:00:00.000,1900-01-01 00:00:00.000,Y,4245
*,PCC (V2),Construct a continuity tester (V2),,2,2016-01-01 00:00:00.000,2020-12-31 00:00:00.000,2020-12-31 00:00:00.000,1900-01-01 00:00:00.000,Y,4246
*,PDC (V2),Maintain Cylinder heads (V2),,2,2016-01-01 00:00:00.000,2020-12-31 00:00:00.000,2020-12-31 00:00:00.000,1900-01-01 00:00:00.000,Y,4247
*,PDF (V2),Maintain fuel systems (V2),,3,2016-01-01 00:00:00.000,2020-12-31 00:00:00.000,2020-12-31 00:00:00.000,1900-01-01 00:00:00.000,Y,4248
*,PDO (V2),Maintain lubrication systems (V2),,1,2016-01-01 00:00:00.000,2020-12-31 00:00:00.000,2020-12-31 00:00:00.000,1900-01-01 00:00:00.000,Y,4249
*,PDS (V2),Start a four-stroke diesel engine (V2),,1,2016-01-01 00:00:00.000,2020-12-31 00:00:00.000,2020-12-31 00:00:00.000,1900-01-01 00:00:00.000,Y,4250
*,PDW (V2),Maintain cooling systems (V2),,2,2016-01-01 00:00:00.000,2020-12-31 00:00:00.000,2020-12-31 00:00:00.000,1900-01-01 00:00:00.000,Y,4251
*,PF-1 (V2),Fabricate a flat bar bracket (V2),,1,2016-01-01 00:00:00.000,2020-12-31 00:00:00.000,2020-12-31 00:00:00.000,1900-01-01 00:00:00.000,Y,4252
*,PF-2 (V2),Roll flat bar rings (V2),,1,2016-01-01 00:00:00.000,2020-12-31 00:00:00.000,2020-12-31 00:00:00.000,1900-01-01 00:00:00.000,Y,4253
*,PF-3 (V2),Fabricate a pipe clamp (V2),,1,2016-01-01 00:00:00.000,2020-12-31 00:00:00.000,2020-12-31 00:00:00.000,1900-01-01 00:00:00.000,Y,4254
*,PF-4 (V2),Fabricate a cone (V2),,1,2016-01-01 00:00:00.000,2020-12-31 00:00:00.000,2020-12-31 00:00:00.000,1900-01-01 00:00:00.000,Y,4255
*,PF-5 (V2),Fabricate a lobster back bend (V2),,2,2016-01-01 00:00:00.000,2020-12-31 00:00:00.000,2020-12-31 00:00:00.000,1900-01-01 00:00:00.000,Y,4256
*,PF-6 (V2),Fabricate a pipe reducer (V2),,1,2016-01-01 00:00:00.000,2020-12-31 00:00:00.000,2020-12-31 00:00:00.000,1900-01-01 00:00:00.000,Y,4257
*,PF-7 (V2),Fabricate a Spiral (V2),,2,2016-01-01 00:00:00.000,2020-12-31 00:00:00.000,2020-12-31 00:00:00.000,1900-01-01 00:00:00.000,Y,4258
*,PG (V2),Operate a portable angle grinder (V2),,2,2016-01-01 00:00:00.000,2020-12-31 00:00:00.000,2020-12-31 00:00:00.000,1900-01-01 00:00:00.000,Y,4259
*,PHR (V2),Assist with preparing a hoist rope test specimen (V2),,2,2016-01-01 00:00:00.000,2020-12-31 00:00:00.000,2020-12-31 00:00:00.000,1900-01-01 00:00:00.000,Y,4260
*,PLD-0 (V2),Draw geometrical developments (V2),,1,2016-01-01 00:00:00.000,2020-12-31 00:00:00.000,2020-12-31 00:00:00.000,1900-01-01 00:00:00.000,Y,4261
*,PLD-1 (V2),Develop a square pipe elbow (V2),,1,2016-01-01 00:00:00.000,2020-12-31 00:00:00.000,2020-12-31 00:00:00.000,1900-01-01 00:00:00.000,Y,4262
*,PLD-2 (V2),Develop and fabricate a pipe (V2),,1,2016-01-01 00:00:00.000,2020-12-31 00:00:00.000,2020-12-31 00:00:00.000,1900-01-01 00:00:00.000,Y,4263
*,PLD-3 (V2),Develop and fabricate an equal pipe T-piece (V2),,2,2016-01-01 00:00:00.000,2020-12-31 00:00:00.000,2020-12-31 00:00:00.000,1900-01-01 00:00:00.000,Y,4264
*,PLD-4 (V2),Develop a 45 degree pipe lateral (V2),,2,2016-01-01 00:00:00.000,2020-12-31 00:00:00.000,2020-12-31 00:00:00.000,1900-01-01 00:00:00.000,Y,4265
*,PLD-5 (V2),Develop a lobster back bend (V2),,2,2016-01-01 00:00:00.000,2020-12-31 00:00:00.000,2020-12-31 00:00:00.000,1900-01-01 00:00:00.000,Y,4266
*,PLD-6 (V2),Develop an unequal pipe T-piece (V2),,1,2016-01-01 00:00:00.000,2020-12-31 00:00:00.000,2020-12-31 00:00:00.000,1900-01-01 00:00:00.000,Y,4267
*,PLD-7 (V2),Develop and fabricate a 60 degree pipe lateral (V2),,2,2016-01-01 00:00:00.000,2020-12-31 00:00:00.000,2020-12-31 00:00:00.000,1900-01-01 00:00:00.000,Y,4268
*,PLD-8 (V2),Develop a off-set pipe lateral (V2),,1,2016-01-01 00:00:00.000,2020-12-31 00:00:00.000,2020-12-31 00:00:00.000,1900-01-01 00:00:00.000,Y,4269
*,PM (V2),Make up a pipe system (V2),,2,2016-01-01 00:00:00.000,2020-12-31 00:00:00.000,2020-12-31 00:00:00.000,1900-01-01 00:00:00.000,Y,4270
*,PM-1 (V2),Connect a 3 phase pole changing motor to rotary switch (V2),,2,2016-01-01 00:00:00.000,2020-12-31 00:00:00.000,2020-12-31 00:00:00.000,1900-01-01 00:00:00.000,Y,4271
*,PM-2 (V2),Connect pole changing motors to contactors (V2),,3,2016-01-01 00:00:00.000,2020-12-31 00:00:00.000,2020-12-31 00:00:00.000,1900-01-01 00:00:00.000,Y,4272
*,PM-3 (V2),Connect pole changing motors to fully automatic starter (V2),,3,2016-01-01 00:00:00.000,2020-12-31 00:00:00.000,2020-12-31 00:00:00.000,1900-01-01 00:00:00.000,Y,4273
*,PMO-1 (V2),Overhaul a single stage centrifugal pump (V2),,2,2016-01-01 00:00:00.000,2020-12-31 00:00:00.000,2020-12-31 00:00:00.000,1900-01-01 00:00:00.000,Y,4274
*,PMO-2 (V2),Overhaul a multi stage centrifugal pump (V2),,2,2016-01-01 00:00:00.000,2020-12-31 00:00:00.000,2020-12-31 00:00:00.000,1900-01-01 00:00:00.000,Y,4275
*,PM-T (V2),Explain pole changing motors (V2),,2,2016-01-01 00:00:00.000,2020-12-31 00:00:00.000,2020-12-31 00:00:00.000,1900-01-01 00:00:00.000,Y,4276
*,PN-1 (V2),Principles of pneumatics (V2),,1,2016-01-01 00:00:00.000,2020-12-31 00:00:00.000,2020-12-31 00:00:00.000,1900-01-01 00:00:00.000,Y,4277
*,PN-2 (V2),Construct a circuit with single acting cylinders (V2),,1,2016-01-01 00:00:00.000,2020-12-31 00:00:00.000,2020-12-31 00:00:00.000,1900-01-01 00:00:00.000,Y,4278
*,PN-3 (V2),Fit and adjust a service unit (V2),,1,2016-01-01 00:00:00.000,2020-12-31 00:00:00.000,2020-12-31 00:00:00.000,1900-01-01 00:00:00.000,Y,4279
*,PN-4 (V2),Control the speed of a single acting cylinder (V2),,1,2016-01-01 00:00:00.000,2020-12-31 00:00:00.000,2020-12-31 00:00:00.000,1900-01-01 00:00:00.000,Y,4280
*,PN-5 (V2),Construct a circuit controlled from two different points (V2),,1,2016-01-01 00:00:00.000,2020-12-31 00:00:00.000,2020-12-31 00:00:00.000,1900-01-01 00:00:00.000,Y,4281
*,PN-6 (V2),Control the speed of a double acting cylinder (V2),,1,2016-01-01 00:00:00.000,2020-12-31 00:00:00.000,2020-12-31 00:00:00.000,1900-01-01 00:00:00.000,Y,4282
*,PN-7 (V2),Design and construct a pneumatic circuit (V2),,2,2016-01-01 00:00:00.000,2020-12-31 00:00:00.000,2020-12-31 00:00:00.000,1900-01-01 00:00:00.000,Y,4283
*,PN-8 (V2),Set pressure sequence valves (V2),,2,2016-01-01 00:00:00.000,2020-12-31 00:00:00.000,2020-12-31 00:00:00.000,1900-01-01 00:00:00.000,Y,4284
*,PN-9 (V2),Construct and adjust a circuit with a time delay valve (V2),,1,2016-01-01 00:00:00.000,2020-12-31 00:00:00.000,2020-12-31 00:00:00.000,1900-01-01 00:00:00.000,Y,4285
*,PNH (V2),Assist with preparing a non spin hoist rope test specimen (V2),,3,2016-01-01 00:00:00.000,2020-12-31 00:00:00.000,2020-12-31 00:00:00.000,1900-01-01 00:00:00.000,Y,4286
*,PPB (V2),Pack a plummer block (V2),,1,2016-01-01 00:00:00.000,2020-12-31 00:00:00.000,2020-12-31 00:00:00.000,1900-01-01 00:00:00.000,Y,4287
*,PST (V2),Assist with dismantling and assembling a power shift transmission (V2),,3,2016-01-01 00:00:00.000,2020-12-31 00:00:00.000,2020-12-31 00:00:00.000,1900-01-01 00:00:00.000,Y,4288
*,PS-T-1 (V2),Explain single phase power supplies (V2),,1,2016-01-01 00:00:00.000,2020-12-31 00:00:00.000,2020-12-31 00:00:00.000,1900-01-01 00:00:00.000,Y,4289
*,PS-T-2 (V2),Explain three phase power supplies (V2),,2,2016-01-01 00:00:00.000,2020-12-31 00:00:00.000,2020-12-31 00:00:00.000,1900-01-01 00:00:00.000,Y,4290
*,PTC (V2),Pressure test a cooling system (V2),,1,2016-01-01 00:00:00.000,2020-12-31 00:00:00.000,2020-12-31 00:00:00.000,1900-01-01 00:00:00.000,Y,4291
*,PTR (V2),Assist in pressure testing a receiver (V2),,1,2016-01-01 00:00:00.000,2020-12-31 00:00:00.000,2020-12-31 00:00:00.000,1900-01-01 00:00:00.000,Y,4292
*,PVB (V2),Service a poly v-belt drive on an engine (V2),,1,2016-01-01 00:00:00.000,2020-12-31 00:00:00.000,2020-12-31 00:00:00.000,1900-01-01 00:00:00.000,Y,4293
*,PW-1 (V2),Measure resistances (V2),,2,2016-01-01 00:00:00.000,2020-12-31 00:00:00.000,2020-12-31 00:00:00.000,1900-01-01 00:00:00.000,Y,4294
*,PW-2 (V2),Wire sequence starters (4) (V2),,3,2016-01-01 00:00:00.000,2020-12-31 00:00:00.000,2020-12-31 00:00:00.000,1900-01-01 00:00:00.000,Y,4295
*,PW-3 (V2),Wire a 3-phase reversing starter (V2),,2,2016-01-01 00:00:00.000,2020-12-31 00:00:00.000,2020-12-31 00:00:00.000,1900-01-01 00:00:00.000,Y,4296
*,PW-3 (V2),Wire three phase reversing starters (V2),,2,2016-01-01 00:00:00.000,2020-12-31 00:00:00.000,2020-12-31 00:00:00.000,1900-01-01 00:00:00.000,Y,4297
*,PW-4 (V2),Wire a three phase balance load (V2),,2,2016-01-01 00:00:00.000,2020-12-31 00:00:00.000,2020-12-31 00:00:00.000,1900-01-01 00:00:00.000,Y,4298
*,PW-5 (V2),Connect 3 single phase energy meters (V2),,2,2016-01-01 00:00:00.000,2020-12-31 00:00:00.000,2020-12-31 00:00:00.000,1900-01-01 00:00:00.000,Y,4299
*,R-1 (V2),Rivet flat bar rings (V2),,1,2016-01-01 00:00:00.000,2020-12-31 00:00:00.000,2020-12-31 00:00:00.000,1900-01-01 00:00:00.000,Y,4300
*,R-2 (V2),Calculate positions of holes in flat bar rings (V2),,1,2016-01-01 00:00:00.000,2020-12-31 00:00:00.000,2020-12-31 00:00:00.000,1900-01-01 00:00:00.000,Y,4301
*,R-3 (V2),Calculate dimensions to fabricate radial door liners (V2),,1,2016-01-01 00:00:00.000,2020-12-31 00:00:00.000,2020-12-31 00:00:00.000,1900-01-01 00:00:00.000,Y,4302
*,RA-E-1 (V2),Maintain a storage battery (V2),,1,2016-01-01 00:00:00.000,2020-12-31 00:00:00.000,2020-12-31 00:00:00.000,1900-01-01 00:00:00.000,Y,4303
*,RA-E-2 (V2),Maintain auto-electrical systems (V2),,4,2016-01-01 00:00:00.000,2020-12-31 00:00:00.000,2020-12-31 00:00:00.000,1900-01-01 00:00:00.000,Y,4304
*,RAG (V2),Remove the agitator gearbox on a rotary filter (V2),,1,2016-01-01 00:00:00.000,2020-12-31 00:00:00.000,2020-12-31 00:00:00.000,1900-01-01 00:00:00.000,Y,4305
*,RB-1 (V2),Reeve blocks (V2),,1,2016-01-01 00:00:00.000,2020-12-31 00:00:00.000,2020-12-31 00:00:00.000,1900-01-01 00:00:00.000,Y,4306
*,RB-2 (V2),Reeve blocks (V2),,2,2016-01-01 00:00:00.000,2020-12-31 00:00:00.000,2020-12-31 00:00:00.000,1900-01-01 00:00:00.000,Y,4307
*,RBA (V2),Recover a  broken down vehicle (manual / automatic) (V2),,2,2016-01-01 00:00:00.000,2020-12-31 00:00:00.000,2020-12-31 00:00:00.000,1900-01-01 00:00:00.000,Y,4308
*,RBS (V2),Replace brake shoes on electromagnetic brakes (V2),,1,2016-01-01 00:00:00.000,2020-12-31 00:00:00.000,2020-12-31 00:00:00.000,1900-01-01 00:00:00.000,Y,4309
*,RCD (V2),Roll cable drums (V2),,1,2016-01-01 00:00:00.000,2020-12-31 00:00:00.000,2020-12-31 00:00:00.000,1900-01-01 00:00:00.000,Y,4310
*,RCO (V2),Roll cable off drum (V2),,1,2016-01-01 00:00:00.000,2020-12-31 00:00:00.000,2020-12-31 00:00:00.000,1900-01-01 00:00:00.000,Y,4311
*,RCRD (V2),Repair Common Rail Diesel engine components (V2),,2,2016-01-01 00:00:00.000,2020-12-31 00:00:00.000,2020-12-31 00:00:00.000,1900-01-01 00:00:00.000,Y,4312
*,RCT (V2),Replace a canister type oil filter (V2),,1,2016-01-01 00:00:00.000,2020-12-31 00:00:00.000,2020-12-31 00:00:00.000,1900-01-01 00:00:00.000,Y,4313
*,RCV (V2),Remove and Replace the clutch of a vehicle (V2),,2,2016-01-01 00:00:00.000,2020-12-31 00:00:00.000,2020-12-31 00:00:00.000,1900-01-01 00:00:00.000,Y,4314
*,RDB (V2),Replace a dragline bucket (V2),,3,2016-01-01 00:00:00.000,2020-12-31 00:00:00.000,2020-12-31 00:00:00.000,1900-01-01 00:00:00.000,Y,4315
*,RDC-E (V2),Replace defective components (V2),,2,2016-01-01 00:00:00.000,2020-12-31 00:00:00.000,2020-12-31 00:00:00.000,1900-01-01 00:00:00.000,Y,4316
*,RDM (V2),Maintain rock drill machines (V2),,1,2016-01-01 00:00:00.000,2020-12-31 00:00:00.000,2020-12-31 00:00:00.000,1900-01-01 00:00:00.000,Y,4317
*,RDT (V2),Repair a deflated tyre (V2),,1,2016-01-01 00:00:00.000,2020-12-31 00:00:00.000,2020-12-31 00:00:00.000,1900-01-01 00:00:00.000,Y,4318
*,RDW (V2),"Test, maintain and repair rolling door winch (V2)",,2,2016-01-01 00:00:00.000,2020-12-31 00:00:00.000,2020-12-31 00:00:00.000,1900-01-01 00:00:00.000,Y,4319
*,REC (V2),Recognise general hazards (V2),,1,2016-01-01 00:00:00.000,2020-12-31 00:00:00.000,2020-12-31 00:00:00.000,1900-01-01 00:00:00.000,Y,4320
*,REL (V2),Reassemble and test an electric loco (V2),,8,2016-01-01 00:00:00.000,2020-12-31 00:00:00.000,2020-12-31 00:00:00.000,1900-01-01 00:00:00.000,Y,4321
*,REV (V2),Maintain and repair elevators (V2),,2,2016-01-01 00:00:00.000,2020-12-31 00:00:00.000,2020-12-31 00:00:00.000,1900-01-01 00:00:00.000,Y,4322
*,RHV (V2),Replace high vacuum booster pumps (V2),,1,2016-01-01 00:00:00.000,2020-12-31 00:00:00.000,2020-12-31 00:00:00.000,1900-01-01 00:00:00.000,Y,4323
*,RIF (V2),Remove and install rotary filters (V2),,1,2016-01-01 00:00:00.000,2020-12-31 00:00:00.000,2020-12-31 00:00:00.000,1900-01-01 00:00:00.000,Y,4324
*,RIG (V2),Do basic rigging (V2),,1,2016-01-01 00:00:00.000,2020-12-31 00:00:00.000,2020-12-31 00:00:00.000,1900-01-01 00:00:00.000,Y,4325
*,RLD-1 (V2),Develop a cone cut horizontally (V2),,1,2016-01-01 00:00:00.000,2020-12-31 00:00:00.000,2020-12-31 00:00:00.000,1900-01-01 00:00:00.000,Y,4326
*,RLD-2 (V2),Develop and fabricate an angle cone (V2),,2,2016-01-01 00:00:00.000,2020-12-31 00:00:00.000,2020-12-31 00:00:00.000,1900-01-01 00:00:00.000,Y,4327
*,RLD-3 (V2),Develop a pyramid (V2),,1,2016-01-01 00:00:00.000,2020-12-31 00:00:00.000,2020-12-31 00:00:00.000,1900-01-01 00:00:00.000,Y,4328
*,RLD-4 (V2),Develop a oblique cone (V2),,2,2016-01-01 00:00:00.000,2020-12-31 00:00:00.000,2020-12-31 00:00:00.000,1900-01-01 00:00:00.000,Y,4329
*,RLD-5 (V2),Develop a tapering y-piece (V2),,2,2016-01-01 00:00:00.000,2020-12-31 00:00:00.000,2020-12-31 00:00:00.000,1900-01-01 00:00:00.000,Y,4330
*,RLD-6 (V2),Develop and fabricate an off-centre chute (V2),,2,2016-01-01 00:00:00.000,2020-12-31 00:00:00.000,2020-12-31 00:00:00.000,1900-01-01 00:00:00.000,Y,4331
*,RLD-7 (V2),Develop and fabricate a 60 degree chute (V2),,2,2016-01-01 00:00:00.000,2020-12-31 00:00:00.000,2020-12-31 00:00:00.000,1900-01-01 00:00:00.000,Y,4332
*,RLJ (V2),Replace liners on a jaw crusher (V2),,1,2016-01-01 00:00:00.000,2020-12-31 00:00:00.000,2020-12-31 00:00:00.000,1900-01-01 00:00:00.000,Y,4333
*,RMM (V2),"Test, maintain and repair Morgan mill (V2)",,4,2016-01-01 00:00:00.000,2020-12-31 00:00:00.000,2020-12-31 00:00:00.000,1900-01-01 00:00:00.000,Y,4334
*,ROF (V2),Replace an oil filter (V2),,1,2016-01-01 00:00:00.000,2020-12-31 00:00:00.000,2020-12-31 00:00:00.000,1900-01-01 00:00:00.000,Y,4335
*,ROR (V2),Run out a rope from a drum (V2),,1,2016-01-01 00:00:00.000,2020-12-31 00:00:00.000,2020-12-31 00:00:00.000,1900-01-01 00:00:00.000,Y,4336
*,ROS (V2),Remove and replace an orbitrol steering valve (V2),,1,2016-01-01 00:00:00.000,2020-12-31 00:00:00.000,2020-12-31 00:00:00.000,1900-01-01 00:00:00.000,Y,4337
*,RP-1 (V2),Examine and repair a chute (V2),,2,2016-01-01 00:00:00.000,2020-12-31 00:00:00.000,2020-12-31 00:00:00.000,1900-01-01 00:00:00.000,Y,4338
*,RP-2 (V2),Examine and repair a hopper (V2),,2,2016-01-01 00:00:00.000,2020-12-31 00:00:00.000,2020-12-31 00:00:00.000,1900-01-01 00:00:00.000,Y,4339
*,RP-E (V2),Test and repair precipitators (V2),,4,2016-01-01 00:00:00.000,2020-12-31 00:00:00.000,2020-12-31 00:00:00.000,1900-01-01 00:00:00.000,Y,4340
*,RP-R (V2),Erect and use a Raised Pole (V2),,4,2016-01-01 00:00:00.000,2020-12-31 00:00:00.000,2020-12-31 00:00:00.000,1900-01-01 00:00:00.000,Y,4341
*,RPS (V2),Replace pipes and water sprayers on a conveyor belt system (V2),,1,2016-01-01 00:00:00.000,2020-12-31 00:00:00.000,2020-12-31 00:00:00.000,1900-01-01 00:00:00.000,Y,4342
*,RR (V2),Replace battery cells (V2),,1,2016-01-01 00:00:00.000,2020-12-31 00:00:00.000,2020-12-31 00:00:00.000,1900-01-01 00:00:00.000,Y,4343
*,RRB (V2),Remove and replace bearings (V2),,1,2016-01-01 00:00:00.000,2020-12-31 00:00:00.000,2020-12-31 00:00:00.000,1900-01-01 00:00:00.000,Y,4344
*,RRB-R (V2),Reeve a rope on a rope block (V2),,1,2016-01-01 00:00:00.000,2020-12-31 00:00:00.000,2020-12-31 00:00:00.000,1900-01-01 00:00:00.000,Y,4345
*,RRC (V2),"Remove, replace and line up a coupling (V2)",,1,2016-01-01 00:00:00.000,2020-12-31 00:00:00.000,2020-12-31 00:00:00.000,1900-01-01 00:00:00.000,Y,4346
*,RRC-R (V2),Rerail a Conveyance (V2),,1,2016-01-01 00:00:00.000,2020-12-31 00:00:00.000,2020-12-31 00:00:00.000,1900-01-01 00:00:00.000,Y,4347
*,RRFD (V2),Remove and replace a fluid drive coupling (V2),,1,2016-01-01 00:00:00.000,2020-12-31 00:00:00.000,2020-12-31 00:00:00.000,1900-01-01 00:00:00.000,Y,4348
*,RRW (V2),Remove and replace a radiator and water pump (V2),,1,2016-01-01 00:00:00.000,2020-12-31 00:00:00.000,2020-12-31 00:00:00.000,1900-01-01 00:00:00.000,Y,4349
*,RSG (V2),"Test, maintain and repair standby generator (V2)",,5,2016-01-01 00:00:00.000,2020-12-31 00:00:00.000,2020-12-31 00:00:00.000,1900-01-01 00:00:00.000,Y,4350
*,RSW (V2),Maintain and repair steelwork (V2),,1,2016-01-01 00:00:00.000,2020-12-31 00:00:00.000,2020-12-31 00:00:00.000,1900-01-01 00:00:00.000,Y,4351
*,RT (V2),Repair telephones (V2),,1,2016-01-01 00:00:00.000,2020-12-31 00:00:00.000,2020-12-31 00:00:00.000,1900-01-01 00:00:00.000,Y,4352
*,RT-E (V2),"Test, maintain and repair thyristor drive (V2)",,3,2016-01-01 00:00:00.000,2020-12-31 00:00:00.000,2020-12-31 00:00:00.000,1900-01-01 00:00:00.000,Y,4353
*,RTP (V2),Replace crusher toggle plates (V2),,1,2016-01-01 00:00:00.000,2020-12-31 00:00:00.000,2020-12-31 00:00:00.000,1900-01-01 00:00:00.000,Y,4354
*,RVP (V2),Repair vacuum pumps (V2),,1,2016-01-01 00:00:00.000,2020-12-31 00:00:00.000,2020-12-31 00:00:00.000,1900-01-01 00:00:00.000,Y,4355
*,SAF (V2),Strip and clean an air filter (V2),,1,2016-01-01 00:00:00.000,2020-12-31 00:00:00.000,2020-12-31 00:00:00.000,1900-01-01 00:00:00.000,Y,4356
*,SAG (V2),Sweat gland to PILC/SWA cables (V2),,2,2016-01-01 00:00:00.000,2020-12-31 00:00:00.000,2020-12-31 00:00:00.000,1900-01-01 00:00:00.000,Y,4357
*,SB (V2),Maintain scrubbers (V2),,1,2016-01-01 00:00:00.000,2020-12-31 00:00:00.000,2020-12-31 00:00:00.000,1900-01-01 00:00:00.000,Y,4358
*,SC (V2),Maintain screens (V2),,1,2016-01-01 00:00:00.000,2020-12-31 00:00:00.000,2020-12-31 00:00:00.000,1900-01-01 00:00:00.000,Y,4359
*,SCA (V2),Assist in carrying out daily inspections on skip and cage attachments (V2),,1,2016-01-01 00:00:00.000,2020-12-31 00:00:00.000,2020-12-31 00:00:00.000,1900-01-01 00:00:00.000,Y,4360
*,SCB (V2),Select and change bearings (V2),,2,2016-01-01 00:00:00.000,2020-12-31 00:00:00.000,2020-12-31 00:00:00.000,1900-01-01 00:00:00.000,Y,4361
*,SCC (V2),Assist in maintaining shaft conveyances (Daily) (V2),,1,2016-01-01 00:00:00.000,2020-12-31 00:00:00.000,2020-12-31 00:00:00.000,1900-01-01 00:00:00.000,Y,4362
*,SCC-1 (V2),Assist in maintaining shaft conveyances (Weekly) (V2),,1,2016-01-01 00:00:00.000,2020-12-31 00:00:00.000,2020-12-31 00:00:00.000,1900-01-01 00:00:00.000,Y,4363
*,SCC-2 (V2),Assist in maintaining shaft conveyances (Man Cages Monthly) (V2),,1,2016-01-01 00:00:00.000,2020-12-31 00:00:00.000,2020-12-31 00:00:00.000,1900-01-01 00:00:00.000,Y,4364
*,SCC-3 (V2),Assist in maintaining shaft conveyances (Six Monthly)) (V2),,1,2016-01-01 00:00:00.000,2020-12-31 00:00:00.000,2020-12-31 00:00:00.000,1900-01-01 00:00:00.000,Y,4365
*,SCG (V2),Set crusher gaps (V2),,1,2016-01-01 00:00:00.000,2020-12-31 00:00:00.000,2020-12-31 00:00:00.000,1900-01-01 00:00:00.000,Y,4366
*,SCJ (V2),Join PVC cable using a scotch cast resin splice joint (V2),,2,2016-01-01 00:00:00.000,2020-12-31 00:00:00.000,2020-12-31 00:00:00.000,1900-01-01 00:00:00.000,Y,4367
*,SCRD (V2),Service a Common Rail Diesel Engine (V2),,2,2016-01-01 00:00:00.000,2020-12-31 00:00:00.000,2020-12-31 00:00:00.000,1900-01-01 00:00:00.000,Y,4368
*,SD (V2),Make star and delta connections (V2),,1,2016-01-01 00:00:00.000,2020-12-31 00:00:00.000,2020-12-31 00:00:00.000,1900-01-01 00:00:00.000,Y,4369
*,SD-1 (V2),Wire a manual star delta starter (V2),,2,2016-01-01 00:00:00.000,2020-12-31 00:00:00.000,2020-12-31 00:00:00.000,1900-01-01 00:00:00.000,Y,4370
*,SD-2 (V2),Wire semi-automatic star delta starter (V2),,2,2016-01-01 00:00:00.000,2020-12-31 00:00:00.000,2020-12-31 00:00:00.000,1900-01-01 00:00:00.000,Y,4371
*,SD-3 (V2),Wire a fully automatic star delta starter (V2),,3,2016-01-01 00:00:00.000,2020-12-31 00:00:00.000,2020-12-31 00:00:00.000,1900-01-01 00:00:00.000,Y,4372
*,SDH (V2),Inspect a safety detaching hook (V2),,1,2016-01-01 00:00:00.000,2020-12-31 00:00:00.000,2020-12-31 00:00:00.000,1900-01-01 00:00:00.000,Y,4373
*,SDP (V2),Service an engine with a DP fuel system (V2),,2,2016-01-01 00:00:00.000,2020-12-31 00:00:00.000,2020-12-31 00:00:00.000,1900-01-01 00:00:00.000,Y,4374
*,SD-T (V2),Star and delta connections (V2),,1,2016-01-01 00:00:00.000,2020-12-31 00:00:00.000,2020-12-31 00:00:00.000,1900-01-01 00:00:00.000,Y,4375
*,SGU (V2),"Remove, maintain and replace silica gel units (V2)",,1,2016-01-01 00:00:00.000,2020-12-31 00:00:00.000,2020-12-31 00:00:00.000,1900-01-01 00:00:00.000,Y,4376
*,SHH (V2),Assist with carrying out six monthly inspections on skip and cage attachments (V2),,1,2016-01-01 00:00:00.000,2020-12-31 00:00:00.000,2020-12-31 00:00:00.000,1900-01-01 00:00:00.000,Y,4377
*,SHL (V2),Set headlights (V2),,1,2016-01-01 00:00:00.000,2020-12-31 00:00:00.000,2020-12-31 00:00:00.000,1900-01-01 00:00:00.000,Y,4378
*,SHS (V2),Assist with slinging a hopper in a shaft (V2),,1,2016-01-01 00:00:00.000,2020-12-31 00:00:00.000,2020-12-31 00:00:00.000,1900-01-01 00:00:00.000,Y,4379
*,SIL (V2),Service an engine with an in-line or distributor fuel system (V2),,2,2016-01-01 00:00:00.000,2020-12-31 00:00:00.000,2020-12-31 00:00:00.000,1900-01-01 00:00:00.000,Y,4380
*,SL (V2),Secure a Load for Transportation (V2),,2,2016-01-01 00:00:00.000,2020-12-31 00:00:00.000,2020-12-31 00:00:00.000,1900-01-01 00:00:00.000,Y,4381
*,SL-1 (V2),Wire an automatic resistance starter to slip ring motor (V2),,3,2016-01-01 00:00:00.000,2020-12-31 00:00:00.000,2020-12-31 00:00:00.000,1900-01-01 00:00:00.000,Y,4382
*,SL-2 (V2),Wire a liquid starter to slip ring motor (V2),,2,2016-01-01 00:00:00.000,2020-12-31 00:00:00.000,2020-12-31 00:00:00.000,1900-01-01 00:00:00.000,Y,4383
*,SL-3 (V2),Wire a grid and controller to a slip ring motor (V2),,2,2016-01-01 00:00:00.000,2020-12-31 00:00:00.000,2020-12-31 00:00:00.000,1900-01-01 00:00:00.000,Y,4384
*,SL-4 (V2),Wire a vapourmatic starter (V2),,2,2016-01-01 00:00:00.000,2020-12-31 00:00:00.000,2020-12-31 00:00:00.000,1900-01-01 00:00:00.000,Y,4385
*,SM (V2),Test and identify faults in a starter motor (V2),,2,2016-01-01 00:00:00.000,2020-12-31 00:00:00.000,2020-12-31 00:00:00.000,1900-01-01 00:00:00.000,Y,4386
*,SMCI (V2),Assist with surface Mobile Crane inspection (V2),,1,2016-01-01 00:00:00.000,2020-12-31 00:00:00.000,2020-12-31 00:00:00.000,1900-01-01 00:00:00.000,Y,4387
*,SMG (V2),Splice a manila grommet (V2),,2,2016-01-01 00:00:00.000,2020-12-31 00:00:00.000,2020-12-31 00:00:00.000,1900-01-01 00:00:00.000,Y,4388
*,SMR (V2),Splice a soft eye in a manila rope (V2),,2,2016-01-01 00:00:00.000,2020-12-31 00:00:00.000,2020-12-31 00:00:00.000,1900-01-01 00:00:00.000,Y,4389
*,SMS-1 (V2),Carry out scheduled maintenance on a sizer (Daily) (V2),,1,2016-01-01 00:00:00.000,2020-12-31 00:00:00.000,2020-12-31 00:00:00.000,1900-01-01 00:00:00.000,Y,4390
*,SMS-2 (V2),Carry out scheduled maintenance on a sizer (Weekly) (V2),,1,2016-01-01 00:00:00.000,2020-12-31 00:00:00.000,2020-12-31 00:00:00.000,1900-01-01 00:00:00.000,Y,4391
*,SMS-3 (V2),Carry out scheduled maintenance on a sizer (Yearly) (V2),,1,2016-01-01 00:00:00.000,2020-12-31 00:00:00.000,2020-12-31 00:00:00.000,1900-01-01 00:00:00.000,Y,4392
*,SNR (V2),Splice a non spin wire rope (V2),,5,2016-01-01 00:00:00.000,2020-12-31 00:00:00.000,2020-12-31 00:00:00.000,1900-01-01 00:00:00.000,Y,4393
*,SOE (V2),Assist with slinging of equipment in a shaft (V2),,3,2016-01-01 00:00:00.000,2020-12-31 00:00:00.000,2020-12-31 00:00:00.000,1900-01-01 00:00:00.000,Y,4394
*,SP-1 (V2),Connect a flexible cord to a motor (V2),,1,2016-01-01 00:00:00.000,2020-12-31 00:00:00.000,2020-12-31 00:00:00.000,1900-01-01 00:00:00.000,Y,4395
*,SP-2 (V2),Connect a single phase motor to a rotary switch (V2),,2,2016-01-01 00:00:00.000,2020-12-31 00:00:00.000,2020-12-31 00:00:00.000,1900-01-01 00:00:00.000,Y,4396
*,SP-3 (V2),Connect a single phase motor to reversing contactors (V2),,2,2016-01-01 00:00:00.000,2020-12-31 00:00:00.000,2020-12-31 00:00:00.000,1900-01-01 00:00:00.000,Y,4397
*,SPB (V2),Service a pneumatic brake system (V2),,2,2016-01-01 00:00:00.000,2020-12-31 00:00:00.000,2020-12-31 00:00:00.000,1900-01-01 00:00:00.000,Y,4398
*,SPG-1 (V2),Cut and fit gaskets (V2),,1,2016-01-01 00:00:00.000,2020-12-31 00:00:00.000,2020-12-31 00:00:00.000,1900-01-01 00:00:00.000,Y,4399
*,SPG-2 (V2),Fit seals and packing (V2),,1,2016-01-01 00:00:00.000,2020-12-31 00:00:00.000,2020-12-31 00:00:00.000,1900-01-01 00:00:00.000,Y,4400
*,SPI (V2),Test a single phase/squirrel cage induction motor (V2),,1,2016-01-01 00:00:00.000,2020-12-31 00:00:00.000,2020-12-31 00:00:00.000,1900-01-01 00:00:00.000,Y,4401
*,SPT (V2),Service an engine with a PT fuel system (V2),,2,2016-01-01 00:00:00.000,2020-12-31 00:00:00.000,2020-12-31 00:00:00.000,1900-01-01 00:00:00.000,Y,4402
*,SP-T (V2),Single phase motor theory (V2),,2,2016-01-01 00:00:00.000,2020-12-31 00:00:00.000,2020-12-31 00:00:00.000,1900-01-01 00:00:00.000,Y,4403
*,SR1 (V2),Test a slip ring induction AC motor (V2),,1,2016-01-01 00:00:00.000,2020-12-31 00:00:00.000,2020-12-31 00:00:00.000,1900-01-01 00:00:00.000,Y,4404
*,SSA (V2),Splice a soft eye in a steel wire rope using the Admiralty method (V2),,3,2016-01-01 00:00:00.000,2020-12-31 00:00:00.000,2020-12-31 00:00:00.000,1900-01-01 00:00:00.000,Y,4405
*,SSG (V2),Assist in checking shaft steelwork e.g. bunttons (V2),,3,2016-01-01 00:00:00.000,2020-12-31 00:00:00.000,2020-12-31 00:00:00.000,1900-01-01 00:00:00.000,Y,4406
*,SSW (V2),Test and maintain speed switches (V2),,1,2016-01-01 00:00:00.000,2020-12-31 00:00:00.000,2020-12-31 00:00:00.000,1900-01-01 00:00:00.000,Y,4407
*,ST (V2),Perform safe work practices (V2),,3,2016-01-01 00:00:00.000,2020-12-31 00:00:00.000,2020-12-31 00:00:00.000,1900-01-01 00:00:00.000,Y,4408
*,ST-2 (V2),Set timers (V2),,1,2016-01-01 00:00:00.000,2020-12-31 00:00:00.000,2020-12-31 00:00:00.000,1900-01-01 00:00:00.000,Y,4409
*,STA (V2),"Set, tension and align V-belts (V2)",,1,2016-01-01 00:00:00.000,2020-12-31 00:00:00.000,2020-12-31 00:00:00.000,1900-01-01 00:00:00.000,Y,4410
*,ST-DM (V2),Set injectors according specifications (V2),,2,2016-01-01 00:00:00.000,2020-12-31 00:00:00.000,2020-12-31 00:00:00.000,1900-01-01 00:00:00.000,Y,4411
*,STM (V2),Splice a thimble in a manila rope (V2),,2,2016-01-01 00:00:00.000,2020-12-31 00:00:00.000,2020-12-31 00:00:00.000,1900-01-01 00:00:00.000,Y,4412
*,SV (V2),Remove and replace a Saunders valve (V2),,1,2016-01-01 00:00:00.000,2020-12-31 00:00:00.000,2020-12-31 00:00:00.000,1900-01-01 00:00:00.000,Y,4413
*,SV-DM (V2),Set valves according to specifications (V2),,2,2016-01-01 00:00:00.000,2020-12-31 00:00:00.000,2020-12-31 00:00:00.000,1900-01-01 00:00:00.000,Y,4414
*,SW-1 (V2),Wire a three heat stove switch (V2),,1,2016-01-01 00:00:00.000,2020-12-31 00:00:00.000,2020-12-31 00:00:00.000,1900-01-01 00:00:00.000,Y,4415
*,SW-2 (V2),Wire a five heat stove switch (V2),,1,2016-01-01 00:00:00.000,2020-12-31 00:00:00.000,2020-12-31 00:00:00.000,1900-01-01 00:00:00.000,Y,4416
*,SW-3 (V2),Wire a thermostatic control switch (V2),,1,2016-01-01 00:00:00.000,2020-12-31 00:00:00.000,2020-12-31 00:00:00.000,1900-01-01 00:00:00.000,Y,4417
*,SWB (V2),Assist with examining sheave wheel bearings (V2),,1,2016-01-01 00:00:00.000,2020-12-31 00:00:00.000,2020-12-31 00:00:00.000,1900-01-01 00:00:00.000,Y,4418
*,SWD (V2),Change sheave wheel on draglines (V2),,3,2016-01-01 00:00:00.000,2020-12-31 00:00:00.000,2020-12-31 00:00:00.000,1900-01-01 00:00:00.000,Y,4419
*,SWR (V2),Splice a steel wire rope using the Liverpool method (V2),,2,2016-01-01 00:00:00.000,2020-12-31 00:00:00.000,2020-12-31 00:00:00.000,1900-01-01 00:00:00.000,Y,4420
*,TB (V2),"Remove, refit, bed and tension carbon brushes (V2)",,1,2016-01-01 00:00:00.000,2020-12-31 00:00:00.000,2020-12-31 00:00:00.000,1900-01-01 00:00:00.000,Y,4421
*,TBME (V2),Tow-in broken down mobile equipment (V2),,2,2016-01-01 00:00:00.000,2020-12-31 00:00:00.000,2020-12-31 00:00:00.000,1900-01-01 00:00:00.000,Y,4422
*,TBUD (V2),Turn bowl of truck up–side–down (V2),,3,2016-01-01 00:00:00.000,2020-12-31 00:00:00.000,2020-12-31 00:00:00.000,1900-01-01 00:00:00.000,Y,4423
*,TC (V2),Cut a thread with stock and dies (V2),,2,2016-01-01 00:00:00.000,2020-12-31 00:00:00.000,2020-12-31 00:00:00.000,1900-01-01 00:00:00.000,Y,4424
*,TC-1 (V2),Connect transformers (V2),,4,2016-01-01 00:00:00.000,2020-12-31 00:00:00.000,2020-12-31 00:00:00.000,1900-01-01 00:00:00.000,Y,4425
*,TC-DM (V2),Inspect and maintain turbo chargers (V2),,1,2016-01-01 00:00:00.000,2020-12-31 00:00:00.000,2020-12-31 00:00:00.000,1900-01-01 00:00:00.000,Y,4426
*,TC-E (V2),Disassemble and overhaul a thyristor controller (V2),,4,2016-01-01 00:00:00.000,2020-12-31 00:00:00.000,2020-12-31 00:00:00.000,1900-01-01 00:00:00.000,Y,4427
*,TD-1 (V2),Develop a concentric cone (V2),,2,2016-01-01 00:00:00.000,2020-12-31 00:00:00.000,2020-12-31 00:00:00.000,1900-01-01 00:00:00.000,Y,4428
*,TD-2 (V2),Develop and fabricate a square to round (V2),,2,2016-01-01 00:00:00.000,2020-12-31 00:00:00.000,2020-12-31 00:00:00.000,1900-01-01 00:00:00.000,Y,4429
*,TD-3 (V2),Develop an oblique cone (eccentric) (V2),,2,2016-01-01 00:00:00.000,2020-12-31 00:00:00.000,2020-12-31 00:00:00.000,1900-01-01 00:00:00.000,Y,4430
*,TEL (V2),Test and maintain earth leakage protection units (V2),,1,2016-01-01 00:00:00.000,2020-12-31 00:00:00.000,2020-12-31 00:00:00.000,1900-01-01 00:00:00.000,Y,4431
*,TH (V2),Tie hitches (V2),,4,2016-01-01 00:00:00.000,2020-12-31 00:00:00.000,2020-12-31 00:00:00.000,1900-01-01 00:00:00.000,Y,4432
*,THT (V2),Take hydrometer tests on batteries  (V2),,1,2016-01-01 00:00:00.000,2020-12-31 00:00:00.000,2020-12-31 00:00:00.000,1900-01-01 00:00:00.000,Y,4433
*,TI-1 (V2),Use and maintain Electrical test Instruments (V2),,4,2016-01-01 00:00:00.000,2020-12-31 00:00:00.000,2020-12-31 00:00:00.000,1900-01-01 00:00:00.000,Y,4434
*,TI-2 (V2),Use an oscilloscope (V2),,2,2016-01-01 00:00:00.000,2020-12-31 00:00:00.000,2020-12-31 00:00:00.000,1900-01-01 00:00:00.000,Y,4435
*,TIG (V2),Use TIG welding equipment (V2),,2,2016-01-01 00:00:00.000,2020-12-31 00:00:00.000,2020-12-31 00:00:00.000,1900-01-01 00:00:00.000,Y,4436
*,TLS (V2),Test and maintain limit switches (V2),,1,2016-01-01 00:00:00.000,2020-12-31 00:00:00.000,2020-12-31 00:00:00.000,1900-01-01 00:00:00.000,Y,4437
*,TM-1 (V2),Make a template (V2),,1,2016-01-01 00:00:00.000,2020-12-31 00:00:00.000,2020-12-31 00:00:00.000,1900-01-01 00:00:00.000,Y,4438
*,TOS (V2),Take oil samples (V2),,1,2016-01-01 00:00:00.000,2020-12-31 00:00:00.000,2020-12-31 00:00:00.000,1900-01-01 00:00:00.000,Y,4439
*,TPC-1 (V2),Test photo electric cells (V2),,1,2016-01-01 00:00:00.000,2020-12-31 00:00:00.000,2020-12-31 00:00:00.000,1900-01-01 00:00:00.000,Y,4440
*,TPI (V2),Test a three phase AC induction motor (V2),,1,2016-01-01 00:00:00.000,2020-12-31 00:00:00.000,2020-12-31 00:00:00.000,1900-01-01 00:00:00.000,Y,4441
*,TR (V2),Erect and use a Tripod (V2),,3,2016-01-01 00:00:00.000,2020-12-31 00:00:00.000,2020-12-31 00:00:00.000,1900-01-01 00:00:00.000,Y,4442
*,TRS (V2),Drill and tap holes (V2),,2,2016-01-01 00:00:00.000,2020-12-31 00:00:00.000,2020-12-31 00:00:00.000,1900-01-01 00:00:00.000,Y,4443
*,TS (V2),Identify threads (V2),,1,2016-01-01 00:00:00.000,2020-12-31 00:00:00.000,2020-12-31 00:00:00.000,1900-01-01 00:00:00.000,Y,4444
*,TT-1 (V2),Explain single phase transformers (V2),,1,2016-01-01 00:00:00.000,2020-12-31 00:00:00.000,2020-12-31 00:00:00.000,1900-01-01 00:00:00.000,Y,4445
*,TT-2 (V2),Explain three phase transformers (V2),,2,2016-01-01 00:00:00.000,2020-12-31 00:00:00.000,2020-12-31 00:00:00.000,1900-01-01 00:00:00.000,Y,4446
*,TU (V2),Maintain conveyor belt take-ups (V2),,1,2016-01-01 00:00:00.000,2020-12-31 00:00:00.000,2020-12-31 00:00:00.000,1900-01-01 00:00:00.000,Y,4447
*,TU-E (V2),Top up batteries (V2),,1,2016-01-01 00:00:00.000,2020-12-31 00:00:00.000,2020-12-31 00:00:00.000,1900-01-01 00:00:00.000,Y,4448
*,UAG (V2),Operate a portable angle grinder (V2),,2,2016-01-01 00:00:00.000,2020-12-31 00:00:00.000,2020-12-31 00:00:00.000,1900-01-01 00:00:00.000,Y,4449
*,UAL (V2),Use a lathe (V2),,4,2016-01-01 00:00:00.000,2020-12-31 00:00:00.000,2020-12-31 00:00:00.000,1900-01-01 00:00:00.000,Y,4450
*,UC (V2),Undercut a commutator (V2),,4,2016-01-01 00:00:00.000,2020-12-31 00:00:00.000,2020-12-31 00:00:00.000,1900-01-01 00:00:00.000,Y,4451
*,UL (V2),Check and use ladders (V2),,1,2016-01-01 00:00:00.000,2020-12-31 00:00:00.000,2020-12-31 00:00:00.000,1900-01-01 00:00:00.000,Y,4452
*,UMM (V2),Use a milling machine (V2),,3,2016-01-01 00:00:00.000,2020-12-31 00:00:00.000,2020-12-31 00:00:00.000,1900-01-01 00:00:00.000,Y,4453
*,UN (V2),Remove and replace universal joints (V2),,1,2016-01-01 00:00:00.000,2020-12-31 00:00:00.000,2020-12-31 00:00:00.000,1900-01-01 00:00:00.000,Y,4454
*,UP-T (V2),Convert units and prefixes (V2),,1,2016-01-01 00:00:00.000,2020-12-31 00:00:00.000,2020-12-31 00:00:00.000,1900-01-01 00:00:00.000,Y,4455
*,US (V2),Test and connect a universal series A.C. motor (V2),,1,2016-01-01 00:00:00.000,2020-12-31 00:00:00.000,2020-12-31 00:00:00.000,1900-01-01 00:00:00.000,Y,4456
*,USM (V2),Use a shaping machine (V2),,1,2016-01-01 00:00:00.000,2020-12-31 00:00:00.000,2020-12-31 00:00:00.000,1900-01-01 00:00:00.000,Y,4457
*,VBD (V2),Service a v-belt drive on an engine (V2),,1,2016-01-01 00:00:00.000,2020-12-31 00:00:00.000,2020-12-31 00:00:00.000,1900-01-01 00:00:00.000,Y,4458
*,VG (V2),Grind valves (V2),,3,2016-01-01 00:00:00.000,2020-12-31 00:00:00.000,2020-12-31 00:00:00.000,1900-01-01 00:00:00.000,Y,4459
*,VO (V2),Overhaul valves (V2),,2,2016-01-01 00:00:00.000,2020-12-31 00:00:00.000,2020-12-31 00:00:00.000,1900-01-01 00:00:00.000,Y,4460
*,VS-E (V2),Test a variable speed AC motor (V2),,1,2016-01-01 00:00:00.000,2020-12-31 00:00:00.000,2020-12-31 00:00:00.000,1900-01-01 00:00:00.000,Y,4461
*,WB (V2),Wedge battery boxes (V2),,1,2016-01-01 00:00:00.000,2020-12-31 00:00:00.000,2020-12-31 00:00:00.000,1900-01-01 00:00:00.000,Y,4462
*,WG (V2),Make up a steel wire rope grommet (V2),,2,2016-01-01 00:00:00.000,2020-12-31 00:00:00.000,2020-12-31 00:00:00.000,1900-01-01 00:00:00.000,Y,4463
*,WH (V2),Whip and seize ropes (V2),,2,2016-01-01 00:00:00.000,2020-12-31 00:00:00.000,2020-12-31 00:00:00.000,1900-01-01 00:00:00.000,Y,4464
*,WIS (V2),Assist in carrying out weekly inspection on skip and cage attachments (V2),,1,2016-01-01 00:00:00.000,2020-12-31 00:00:00.000,2020-12-31 00:00:00.000,1900-01-01 00:00:00.000,Y,4465
*,WLC (V2),Maintain wiring and lighting circuits (V2),,2,2016-01-01 00:00:00.000,2020-12-31 00:00:00.000,2020-12-31 00:00:00.000,1900-01-01 00:00:00.000,Y,4466
*,WMC (V2),Carry out weekly maintenance checks on a transformer (LV) (V2),,1,2016-01-01 00:00:00.000,2020-12-31 00:00:00.000,2020-12-31 00:00:00.000,1900-01-01 00:00:00.000,Y,4467
*,WO (V2),"Worm, parcel and serve a rope (V2)",,3,2016-01-01 00:00:00.000,2020-12-31 00:00:00.000,2020-12-31 00:00:00.000,1900-01-01 00:00:00.000,Y,4468
*,WRD (V2),Maintain waste rock dump conveyors (V2),,1,2016-01-01 00:00:00.000,2020-12-31 00:00:00.000,2020-12-31 00:00:00.000,1900-01-01 00:00:00.000,Y,4469
*,WSC (V2),Replace worn seal on a crank shaft (V2),,1,2016-01-01 00:00:00.000,2020-12-31 00:00:00.000,2020-12-31 00:00:00.000,1900-01-01 00:00:00.000,Y,4470
*,WWP (V2),Weld work pieces (V2),,2,2016-01-01 00:00:00.000,2020-12-31 00:00:00.000,2020-12-31 00:00:00.000,1900-01-01 00:00:00.000,Y,4471
*,"16Q160008001764 (V2)",National Certificate Instrumentation Mechanician ,,176,2016-01-01 00:00:00.000,2020-12-31 00:00:00.000,2020-12-31 00:00:00.000,1900-01-01 00:00:00.000,Y,4472
*,"16Q160009001273 (V2)",National Certificate Rigger Ropesman - Surface/Underground,,127,2016-01-01 00:00:00.000,2020-12-31 00:00:00.000,2020-12-31 00:00:00.000,1900-01-01 00:00:00.000,Y,4473
*,"16Q160010001273 (V2)",National Certificate Rigger Ropesman - Opencast,,127,2016-01-01 00:00:00.000,2020-12-31 00:00:00.000,2020-12-31 00:00:00.000,1900-01-01 00:00:00.000,Y,4474
*,"16Q160013001493 (V2)",National Certificate Diesel Mechanic - Metalliferous,,184,2016-01-01 00:00:00.000,2020-12-31 00:00:00.000,2020-12-31 00:00:00.000,1900-01-01 00:00:00.000,Y,4475
*,"16Q160016001333 (V2)",National Certificate Plater/Welder - Coal,,0,2016-01-01 00:00:00.000,2020-12-31 00:00:00.000,2020-12-31 00:00:00.000,1900-01-01 00:00:00.000,Y,4476
*,"16Q160017001773 (V2)",National Certificate Plater/Welder - Metalliferous,,0,2016-01-01 00:00:00.000,2020-12-31 00:00:00.000,2020-12-31 00:00:00.000,1900-01-01 00:00:00.000,Y,4477
*,"16Q160018001523 (V2)",National Certificate Plater/Welder-Diamond Opencast,,0,2016-01-01 00:00:00.000,2020-12-31 00:00:00.000,2020-12-31 00:00:00.000,1900-01-01 00:00:00.000,Y,4478
*,"16Q160018001623 (V2)",National Certificate Plater/Welder - Underground Diamonds,,0,2016-01-01 00:00:00.000,2020-12-31 00:00:00.000,2020-12-31 00:00:00.000,1900-01-01 00:00:00.000,Y,4479
*,"16Q160019001323 (V2)",National Certificate Plater/Boilermaker - Opencast,,0,2016-01-01 00:00:00.000,2020-12-31 00:00:00.000,2020-12-31 00:00:00.000,1900-01-01 00:00:00.000,Y,4480
*,"16Q160020001343 (V2)",National Certificate Plater/Boilermaker - Coal,,0,2016-01-01 00:00:00.000,2020-12-31 00:00:00.000,2020-12-31 00:00:00.000,1900-01-01 00:00:00.000,Y,4481
*,"16Q160021001733 (V2)",National Certificate Plater/Boilermaker - Metalliferous,,0,2016-01-01 00:00:00.000,2020-12-31 00:00:00.000,2020-12-31 00:00:00.000,1900-01-01 00:00:00.000,Y,4482
*,"16Q160022001493 (V2)",National Certificate Plater/Boilermaker - Diamond Opencast,,0,2016-01-01 00:00:00.000,2020-12-31 00:00:00.000,2020-12-31 00:00:00.000,1900-01-01 00:00:00.000,Y,4483
*,"16Q160023001273 (V2)",National Certificate Fitting (including machining) - Underground Diamonds,,140,2016-01-01 00:00:00.000,2020-12-31 00:00:00.000,2020-12-31 00:00:00.000,1900-01-01 00:00:00.000,Y,4484
*,"16Q160024001533 (V2)",National Certificate Fitting (including machining) - Underground Coal,,144,2016-01-01 00:00:00.000,2020-12-31 00:00:00.000,2020-12-31 00:00:00.000,1900-01-01 00:00:00.000,Y,4485
*,"16Q160025001283 (V2)",National Certificate Fitting (including machining) - Surface Coal,,134,2016-01-01 00:00:00.000,2020-12-31 00:00:00.000,2020-12-31 00:00:00.000,1900-01-01 00:00:00.000,Y,4486
*,"16Q160026002443 (V2)",National Certificate Fitting (including machining) -Metalliferous,,148,2016-01-01 00:00:00.000,2020-12-31 00:00:00.000,2020-12-31 00:00:00.000,1900-01-01 00:00:00.000,Y,4487
*,"16Q160027001203 (V2)",National Certificate Fitting (including machining) - Surface Diamonds,,119,2016-01-01 00:00:00.000,2020-12-31 00:00:00.000,2020-12-31 00:00:00.000,1900-01-01 00:00:00.000,Y,4488
*,"16Q160028003394 (V2)",National Certificate Millwright - Diamonds,,339,2016-01-01 00:00:00.000,2020-12-31 00:00:00.000,2020-12-31 00:00:00.000,1900-01-01 00:00:00.000,Y,4489
*,"16Q160029004094 (V2)",National Certificate Millwright - Coal,,409,2016-01-01 00:00:00.000,2020-12-31 00:00:00.000,2020-12-31 00:00:00.000,1900-01-01 00:00:00.000,Y,4490
*,"16Q160030004444 (V2)",National Certificate Millwright - Metalliferous,,444,2016-01-01 00:00:00.000,2020-12-31 00:00:00.000,2020-12-31 00:00:00.000,1900-01-01 00:00:00.000,Y,4491
*,"16Q160031003814 (V2)",National Certificate Millwright - Opencast,,381,2016-01-01 00:00:00.000,2020-12-31 00:00:00.000,2020-12-31 00:00:00.000,1900-01-01 00:00:00.000,Y,4492
*,"16Q160032001593 (V2)",National Certificate Fitting and Turning - Underground Diamonds,,172,2016-01-01 00:00:00.000,2020-12-31 00:00:00.000,2020-12-31 00:00:00.000,1900-01-01 00:00:00.000,Y,4493
*,"16Q160033001853 (V2)",National Certificate Fitting and Turning - Underground Coal,,177,2016-01-01 00:00:00.000,2020-12-31 00:00:00.000,2020-12-31 00:00:00.000,1900-01-01 00:00:00.000,Y,4494
*,"16Q160034001463 (V2)",National Certificate: Fitting and Turning: Surface Coal,,167,2016-01-01 00:00:00.000,2020-12-31 00:00:00.000,2020-12-31 00:00:00.000,1900-01-01 00:00:00.000,Y,4495
*,"16Q160035002763 (V2)",National Certificate Fitting and Turning - Metalliferous,,181,2016-01-01 00:00:00.000,2020-12-31 00:00:00.000,2020-12-31 00:00:00.000,1900-01-01 00:00:00.000,Y,4496
*,"16Q160036001403 (V2)",National Certificate Fitting and Turning - Surface Diamonds,,152,2016-01-01 00:00:00.000,2020-12-31 00:00:00.000,2020-12-31 00:00:00.000,1900-01-01 00:00:00.000,Y,4497
*,"16Q160037003134 (V2)",National Certificate Electrical - Underground Diamonds,,313,2016-01-01 00:00:00.000,2020-12-31 00:00:00.000,2020-12-31 00:00:00.000,1900-01-01 00:00:00.000,Y,4498
*,"16Q160038003494 (V2)",National Certificate Electrical - Underground Coal,,349,2016-01-01 00:00:00.000,2020-12-31 00:00:00.000,2020-12-31 00:00:00.000,1900-01-01 00:00:00.000,Y,4499
*,"16Q160039003444 (V2)",National Certificate Electrical - Surface Coal,,344,2016-01-01 00:00:00.000,2020-12-31 00:00:00.000,2020-12-31 00:00:00.000,1900-01-01 00:00:00.000,Y,4500
*,"16Q160040003294 (V2)",National Certificate Electrical - Opencast,,329,2016-01-01 00:00:00.000,2020-12-31 00:00:00.000,2020-12-31 00:00:00.000,1900-01-01 00:00:00.000,Y,4501
*,"16Q160041003404 (V2)",National Certificate Electrical - Metalliferous,,340,2016-01-01 00:00:00.000,2020-12-31 00:00:00.000,2020-12-31 00:00:00.000,1900-01-01 00:00:00.000,Y,4502
*,"16Q160042003014 (V2)",National Certificate Electrical - Surface ,,301,2016-01-01 00:00:00.000,2020-12-31 00:00:00.000,2020-12-31 00:00:00.000,1900-01-01 00:00:00.000,Y,4503
*,"16Q160051001463 (V2)",National Certificate Plater/Welder - Opencast,,0,2016-01-01 00:00:00.000,2020-12-31 00:00:00.000,2020-12-31 00:00:00.000,1900-01-01 00:00:00.000,Y,4504
*,"16Q160052001463 (V2)",National Certificate Diesel Mechanic – Open Cast,,186,2016-01-01 00:00:00.000,2020-12-31 00:00:00.000,2020-12-31 00:00:00.000,1900-01-01 00:00:00.000,Y,4505
*,"16Q160053001463 (V2)",National Certificate Fitting including Machining - Open Cast,,111,2016-01-01 00:00:00.000,2020-12-31 00:00:00.000,2020-12-31 00:00:00.000,1900-01-01 00:00:00.000,Y,4506
*,"16Q160054001463 (V2)",National Certificate Diesel Mechanic – Open Cast,,146,2016-01-01 00:00:00.000,2020-12-31 00:00:00.000,2020-12-31 00:00:00.000,1900-01-01 00:00:00.000,Y,4507
*,"16Q160012001623 (V2)",National Certificate Diesel Mechanic - Coal,,186,2016-01-01 00:00:00.000,2020-12-31 00:00:00.000,2020-12-31 00:00:00.000,1900-01-01 00:00:00.000,Y,4508
*,"16Q160011001303 (V2)",Diesel Mechanic – Underground Diamonds,,111,2016-01-01 00:00:00.000,2020-12-31 00:00:00.000,2020-12-31 00:00:00.000,1900-01-01 00:00:00.000,Y,4509
*,"16Q160014001373 (V2)",National Certificate Diesel Mechanic - Surface Diamonds,,146,2016-01-01 00:00:00.000,2020-12-31 00:00:00.000,2020-12-31 00:00:00.000,1900-01-01 00:00:00.000,Y,4510
*,Test123,Test Module,"629",6,2023-01-26 00:00:00.000,2026-01-26 00:00:00.000,2027-01-26 00:00:00.000,2028-01-26 00:00:00.000,Y,4511
*,"12212","Assemble, fit and repair automobile auxiliary harnesses",,12,1900-01-01 00:00:00.000,1900-01-01 00:00:00.000,1900-01-01 00:00:00.000,1900-01-01 00:00:00.000,Y,4512
*,"12211",Build basic auto electrical circuits,,16,1900-01-01 00:00:00.000,1900-01-01 00:00:00.000,1900-01-01 00:00:00.000,1900-01-01 00:00:00.000,Y,4513
*,"12461",Communicate at work ,,5,2004-12-20 00:00:00.000,2007-12-20 00:00:00.000,1900-01-01 00:00:00.000,1900-01-01 00:00:00.000,Y,4514
*,"115600",Demonstrate the co-ordination of a conveyor system operations in an underground coal mine.,,4,2004-04-16 00:00:00.000,2007-04-16 00:00:00.000,1900-01-01 00:00:00.000,1900-01-01 00:00:00.000,Y,4515
*,"12465",Develop a learning plan and a portfolio for assessment,,6,1900-01-01 00:00:00.000,1900-01-01 00:00:00.000,1900-01-01 00:00:00.000,1900-01-01 00:00:00.000,Y,4516
*,"12457",Develop learning strategies and techniques,,3,1900-01-01 00:00:00.000,1900-01-01 00:00:00.000,1900-01-01 00:00:00.000,1900-01-01 00:00:00.000,Y,4517
*,"12458",Develop the skills of a work team,,10,1900-01-01 00:00:00.000,1900-01-01 00:00:00.000,1900-01-01 00:00:00.000,1900-01-01 00:00:00.000,Y,4518
*,"13316",Grind tools and cutters used in engineering machining operations,,8,2007-05-15 00:00:00.000,2015-06-30 00:00:00.000,1900-01-01 00:00:00.000,1900-01-01 00:00:00.000,Y,4519
*,"13323",Maintain compressors,,15,2007-05-15 00:00:00.000,2015-06-30 00:00:00.000,1900-01-01 00:00:00.000,1900-01-01 00:00:00.000,Y,4520
*,"13321",Maintain fluid power/pneumatic systems,,16,1900-01-01 00:00:00.000,1900-01-01 00:00:00.000,1900-01-01 00:00:00.000,1900-01-01 00:00:00.000,Y,4521
*,"13278",Maintain heat exchangers and pressure vessels,,8,1900-01-01 00:00:00.000,1900-01-01 00:00:00.000,1900-01-01 00:00:00.000,1900-01-01 00:00:00.000,Y,4522
*,"13218",Maintain pipe systems,,20,1900-01-01 00:00:00.000,1900-01-01 00:00:00.000,1900-01-01 00:00:00.000,1900-01-01 00:00:00.000,Y,4523
*,"9526",Manage basic business finance,,6,1900-01-01 00:00:00.000,1900-01-01 00:00:00.000,1900-01-01 00:00:00.000,1900-01-01 00:00:00.000,Y,4524
*,"9268",Manage basic personal finance,,6,1900-01-01 00:00:00.000,1900-01-01 00:00:00.000,1900-01-01 00:00:00.000,1900-01-01 00:00:00.000,Y,4525
*,"7547",Operate a personal computer system,,6,1900-01-01 00:00:00.000,1900-01-01 00:00:00.000,1900-01-01 00:00:00.000,1900-01-01 00:00:00.000,Y,4526
*,"13205",Operate and monitor a lathe to produce simple components,,12,1900-01-01 00:00:00.000,1900-01-01 00:00:00.000,1900-01-01 00:00:00.000,1900-01-01 00:00:00.000,Y,4527
*,"13204",Operate and monitor a milling machine to produce simple components,,12,1900-01-01 00:00:00.000,1900-01-01 00:00:00.000,1900-01-01 00:00:00.000,1900-01-01 00:00:00.000,Y,4528
*,"13215",Operate and monitor a surface grinding machine to produce simple components.,,8,1900-01-01 00:00:00.000,1900-01-01 00:00:00.000,1900-01-01 00:00:00.000,1900-01-01 00:00:00.000,Y,4529
*,"8039",Operating cranes,,10,1900-01-01 00:00:00.000,1900-01-01 00:00:00.000,1900-01-01 00:00:00.000,1900-01-01 00:00:00.000,Y,4530
*,"8038",Operating lift trucks,,6,1900-01-01 00:00:00.000,1900-01-01 00:00:00.000,1900-01-01 00:00:00.000,1900-01-01 00:00:00.000,Y,4531
*,"13260",Perfom non-destructive tests on metal parts and components,,6,2012-06-30 00:00:00.000,2015-06-30 00:00:00.000,1900-01-01 00:00:00.000,1900-01-01 00:00:00.000,Y,4532
*,"9880",Perform basic welding/joining of metals ,,8,1900-01-01 00:00:00.000,1900-01-01 00:00:00.000,1900-01-01 00:00:00.000,1900-01-01 00:00:00.000,Y,4533
*,"13275",Perform heat treatment processes on engineering metals,,8,1900-01-01 00:00:00.000,1900-01-01 00:00:00.000,1900-01-01 00:00:00.000,1900-01-01 00:00:00.000,Y,4534
*,"13317",Produce complex components by performing horizontal boring operations,,12,2007-05-15 00:00:00.000,2015-06-30 00:00:00.000,1900-01-01 00:00:00.000,1900-01-01 00:00:00.000,Y,4535
*,"13314",Produce complex components using milling machines,,29,2007-05-15 00:00:00.000,2015-06-30 00:00:00.000,1900-01-01 00:00:00.000,1900-01-01 00:00:00.000,Y,4536
*,"13305",Produce complex components using milling machines,,29,2007-05-15 00:00:00.000,2015-06-30 00:00:00.000,1900-01-01 00:00:00.000,1900-01-01 00:00:00.000,Y,4537
*,"13301",Produce complex engineering drawings,,6,1900-01-01 00:00:00.000,1900-01-01 00:00:00.000,1900-01-01 00:00:00.000,1900-01-01 00:00:00.000,Y,4538
*,"13294 ",Produce components by performing engineering grinding operations ,,12,2007-05-15 00:00:00.000,2008-10-22 00:00:00.000,1900-01-01 00:00:00.000,1900-01-01 00:00:00.000,Y,4539
*,"13296 ",Produce components by performing engineering milling operations ,,20,2007-05-15 00:00:00.000,2008-10-22 00:00:00.000,1900-01-01 00:00:00.000,1900-01-01 00:00:00.000,Y,4540
*,"13295 ",Produce components by performing engineering turning operations ,,20,2007-05-15 00:00:00.000,2008-10-22 00:00:00.000,1900-01-01 00:00:00.000,1900-01-01 00:00:00.000,Y,4541
*,"13318",Produce components by performing horizontal boring operations,,12,2007-05-15 00:00:00.000,2015-06-30 00:00:00.000,1900-01-01 00:00:00.000,1900-01-01 00:00:00.000,Y,4542
*,"13319",Produce components by performing vertical boring operations,,8,2007-05-15 00:00:00.000,2015-06-30 00:00:00.000,1900-01-01 00:00:00.000,1900-01-01 00:00:00.000,Y,4543
*,"13332",Produce components using wire cuttting operations,,10,2007-05-15 00:00:00.000,2015-06-30 00:00:00.000,1900-01-01 00:00:00.000,1900-01-01 00:00:00.000,Y,4544
*,"13298",Produce detailed engineering drawings,,6,1900-01-01 00:00:00.000,1900-01-01 00:00:00.000,1900-01-01 00:00:00.000,1900-01-01 00:00:00.000,Y,4545
*,"12214",Remove and fit automobile mechanical and electrical components,,12,1900-01-01 00:00:00.000,1900-01-01 00:00:00.000,1900-01-01 00:00:00.000,1900-01-01 00:00:00.000,Y,4546
*,"12210","Remove, test, fit and service automobile batteries",,8,1900-01-01 00:00:00.000,1900-01-01 00:00:00.000,1900-01-01 00:00:00.000,1900-01-01 00:00:00.000,Y,4547
*,"12213",Select and use automobile lifting equipment,,3,1900-01-01 00:00:00.000,1900-01-01 00:00:00.000,1900-01-01 00:00:00.000,1900-01-01 00:00:00.000,Y,4548
*,"13320",Set automatic production lathes,,10,2007-05-15 00:00:00.000,2015-06-30 00:00:00.000,1900-01-01 00:00:00.000,1900-01-01 00:00:00.000,Y,4549
*,"116720",Show understanding of diversity in the workplace,,3,1900-01-01 00:00:00.000,1900-01-01 00:00:00.000,1900-01-01 00:00:00.000,1900-01-01 00:00:00.000,Y,4550
*,"13329",Stopple operational pipelines,,16,2007-05-15 00:00:00.000,2015-06-30 00:00:00.000,1900-01-01 00:00:00.000,1900-01-01 00:00:00.000,Y,4551
*,"13274 ",Test the physical properties of engineering metals ,,4,2005-07-19 00:00:00.000,2008-07-19 00:00:00.000,1900-01-01 00:00:00.000,1900-01-01 00:00:00.000,Y,4552
*,"12216",Use and care for Engineering hand tools,,8,2004-04-16 00:00:00.000,2007-04-16 00:00:00.000,1900-01-01 00:00:00.000,1900-01-01 00:00:00.000,Y,4553
*,"7548",Use personal computer operating system,,3,1900-01-01 00:00:00.000,1900-01-01 00:00:00.000,1900-01-01 00:00:00.000,1900-01-01 00:00:00.000,Y,4554
*,"9443",Work safely and use safety equipment,,7,1900-01-01 00:00:00.000,1900-01-01 00:00:00.000,1900-01-01 00:00:00.000,1900-01-01 00:00:00.000,Y,4555
*,"116389",Write a technical report,,4,2008-11-26 00:00:00.000,2011-11-26 00:00:00.000,1900-01-01 00:00:00.000,1900-01-01 00:00:00.000,Y,4556
*,"13333",Write computer numerical controlled (CNC) programmes for CNC machining centres using proprietary software,,30,2007-05-15 00:00:00.000,2015-06-30 00:00:00.000,1900-01-01 00:00:00.000,1900-01-01 00:00:00.000,Y,4557
*,"13315",Write simple computer numerical controlled (CNC) programmes and set and operate a CNC machine,,24,2007-05-15 00:00:00.000,2015-06-30 00:00:00.000,1900-01-01 00:00:00.000,1900-01-01 00:00:00.000,Y,4558
