"AD_Org_ID[Name]","ZZModuleCode","ZZModuleTitle","ZZQualityAssuranceBody","ZZCredits","Registrationstartdate","Registrationenddate","ZZLastEnrolmentDate","ZZLastAchievementDate","ZZNqfLevel","ZZLearningType","ZZModuleType","IsActive","ZZMigrationCode/K","ZZMigrateValues"
*,QModule1,QCTO module1,"629",20,2023-12-13 00:00:00.000,2025-12-13 00:00:00.000,2024-12-13 00:00:00.000,2026-12-13 00:00:00.000,"2",Application,Core,Y,1,ZZLkpOfoOccupation:ZZLkpOfoOccupation_id:4758
*,QModule2,QCTO module Expired,"629",10,2022-12-13 00:00:00.000,2023-12-01 00:00:00.000,2023-11-02 00:00:00.000,2023-12-30 00:00:00.000,"2",Knowledge,Elective,Y,2,
*,QMod3,Module3,"629",60,2023-12-14 00:00:00.000,2025-12-14 00:00:00.000,2026-12-14 00:00:00.000,2027-12-14 00:00:00.000,"2",Work experience,Core,Y,3,
*,QMod4,Module4,"629",60,2023-12-14 00:00:00.000,2025-12-14 00:00:00.000,2025-12-14 00:00:00.000,2026-12-14 00:00:00.000,"3",Knowledge,Elective,Y,4,
*,QCTOm1601,QCTOlive module1,"629",5,2024-01-01 00:00:00.000,2028-01-16 00:00:00.000,2027-01-16 00:00:00.000,2028-01-31 00:00:00.000,"2",Application,Core,Y,5,ZZLkpOfoOccupation:ZZLkpOfoOccupation_id:4758
*,"651302000-KM-01",Introduction to Boilermaker Trade,"629",9,2018-07-01 00:00:00.000,2023-06-30 00:00:00.000,2024-06-30 00:00:00.000,2027-06-30 00:00:00.000,"4",Knowledge,Core,Y,6,
*,"651302000-KM-02","Boilermaker Tools, Equipment, Machines and Materials","629",10,2018-07-01 00:00:00.000,2023-06-30 00:00:00.000,2024-06-30 00:00:00.000,2027-06-30 00:00:00.000,"4",Knowledge,Core,Y,7,
*,"651302000-KM-03",Fabrication and Pipework,"629",23,2018-07-01 00:00:00.000,2023-06-30 00:00:00.000,2024-06-30 00:00:00.000,2027-06-30 00:00:00.000,"4",Knowledge,Core,Y,8,
*,"651302000-KM-04",Assembling and Joining,"629",14,2018-07-01 00:00:00.000,2023-06-30 00:00:00.000,2024-06-30 00:00:00.000,2027-06-30 00:00:00.000,"4",Knowledge,Core,Y,9,
*,"651302000-KM-05",Cutting and Welding,"629",20,2018-07-01 00:00:00.000,2023-06-30 00:00:00.000,2024-06-30 00:00:00.000,2027-06-30 00:00:00.000,"4",Knowledge,Core,Y,10,
*,"651302000-KM-06",Boilermaker’s Drawings,"629",9,2018-07-01 00:00:00.000,2023-06-30 00:00:00.000,2024-06-30 00:00:00.000,2027-06-30 00:00:00.000,"4",Knowledge,Core,Y,11,
*,"651302000-PM-01",Visualise structures and components and develop templates according to set tolerances and / or standards,"629",18,2018-07-01 00:00:00.000,2023-06-30 00:00:00.000,2024-06-30 00:00:00.000,2027-06-30 00:00:00.000,"4",Application,Core,Y,12,
*,"651302000-PM-02","Maintain and use tools, equipment and machinery whilst applying safety measures","629",15,2018-07-01 00:00:00.000,2023-06-30 00:00:00.000,2024-06-30 00:00:00.000,2027-06-30 00:00:00.000,"4",Application,Core,Y,13,
*,"651302000-PM-03","Weld and gas cut components required for fabrication of a specific task such as metal pipes, construction and fabricated plate work and conduct visual and mechanical inspections for compliance with legal requirements","629",28,2018-07-01 00:00:00.000,2023-06-30 00:00:00.000,2024-06-30 00:00:00.000,2027-06-30 00:00:00.000,"4",Application,Core,Y,14,
*,"651302000-PM-04",Manipulate and fabricate profiles and metal sections accurately using heating and cold bending processes whilst applying safety measures,"629",41,2018-07-01 00:00:00.000,2023-06-30 00:00:00.000,2024-06-30 00:00:00.000,2027-06-30 00:00:00.000,"4",Application,Core,Y,15,
*,"651302000-PM-05","Erect, assemble and repair metal structures accurately whilst applying safety measures","629",28,2018-07-01 00:00:00.000,2023-06-30 00:00:00.000,2024-06-30 00:00:00.000,2027-06-30 00:00:00.000,"4",Work experience,Core,Y,16,
*,"651302000-WM-01",Pattern and template development processes,"629",30,2018-07-01 00:00:00.000,2023-06-30 00:00:00.000,2024-06-30 00:00:00.000,2027-06-30 00:00:00.000,"4",Work experience,Core,Y,17,
*,"651302000-WM-02","Tools, equipment and machinery maintenance and operation processes","629",30,2018-07-01 00:00:00.000,2023-06-30 00:00:00.000,2024-06-30 00:00:00.000,2027-06-30 00:00:00.000,"4",Work experience,Core,Y,18,
*,"651302000-WM-03",Workshop or on-site cutting and welding processes,"629",43,2018-07-01 00:00:00.000,2023-06-30 00:00:00.000,2024-06-30 00:00:00.000,2027-06-30 00:00:00.000,"4",Work experience,Core,Y,19,
*,"651302000-WM-04","Fabrication, assembling and repairing of metal components and structures","629",43,2018-07-01 00:00:00.000,2023-06-30 00:00:00.000,2024-06-30 00:00:00.000,2027-06-30 00:00:00.000,"4",Work experience,Core,Y,20,
*,"651302000-WM-05",Assembling and erecting processes for structures and components,"629",34,2018-07-01 00:00:00.000,2023-06-30 00:00:00.000,2024-06-30 00:00:00.000,2027-06-30 00:00:00.000,"4",Work experience,Core,Y,21,
*,"312102-001-00-KM-01","Health, Safety, and the Environment for Mining Operations","629",12,2022-11-22 00:00:00.000,2027-11-22 00:00:00.000,2028-11-22 00:00:00.000,2031-11-22 00:00:00.000,"2",Knowledge,Core,Y,22,
*,"312102-001-00-KM-02",Mining Operations,"629",8,2022-11-22 00:00:00.000,2027-11-22 00:00:00.000,2028-11-22 00:00:00.000,2031-11-22 00:00:00.000,"3",Knowledge,Core,Y,23,
*,"312102-001-00-KM-03",Supervision,"629",12,2022-11-22 00:00:00.000,2027-11-22 00:00:00.000,2028-11-22 00:00:00.000,2031-11-22 00:00:00.000,"3",Knowledge,Core,Y,24,
*,"312102-001-00-KM-04",Mining Production Operations,"629",12,2022-11-22 00:00:00.000,2027-11-22 00:00:00.000,2028-11-22 00:00:00.000,2031-11-22 00:00:00.000,"3",Knowledge,Core,Y,25,
*,"312102-001-00-PM-01","Oversee, Apply, Exercise, and Ensure Safety, Health and Environmental Measures, Processes and Procedures, Mining Operations","629",16,2022-11-22 00:00:00.000,2027-11-22 00:00:00.000,2028-11-22 00:00:00.000,2031-11-22 00:00:00.000,"3",Application,Core,Y,26,
*,"312102-001-00-PM-02",Conduct Blasting Operations,"629",40,2022-11-22 00:00:00.000,2027-11-22 00:00:00.000,2028-11-22 00:00:00.000,2031-11-22 00:00:00.000,"3",Application,Core,Y,27,
*,"312102-001-00-PM-03",Supervise and Complete Mining Production Operations,"629",40,2022-11-22 00:00:00.000,2027-11-22 00:00:00.000,2028-11-22 00:00:00.000,2031-11-22 00:00:00.000,"3",Application,Core,Y,28,
*,"312102-001-00-WM-01",Underground Hardrock Blasting Operations,"629",20,2022-11-22 00:00:00.000,2027-11-22 00:00:00.000,2028-11-22 00:00:00.000,2031-11-22 00:00:00.000,"3",Work experience,Elective,Y,29,
*,"312102-001-00-WM-02",Underground Hardrock Production Operations,"629",20,2022-11-22 00:00:00.000,2027-11-22 00:00:00.000,2028-11-22 00:00:00.000,2031-11-22 00:00:00.000,"3",Work experience,Elective,Y,30,
*,"312102-001-00-WM-03",Underground Coal Blasting Operations,"629",20,2022-11-22 00:00:00.000,2027-11-22 00:00:00.000,2028-11-22 00:00:00.000,2031-11-22 00:00:00.000,"3",Work experience,Elective,Y,31,
*,"312102-001-00-WM-04",Underground Coal Production Operations,"629",20,2022-11-22 00:00:00.000,2027-11-22 00:00:00.000,2028-11-22 00:00:00.000,2031-11-22 00:00:00.000,"3",Work experience,Elective,Y,32,
*,"312101-001-00-KM-01","Health, Safety, and the Environment","629",8,2022-06-21 00:00:00.000,2027-06-21 00:00:00.000,2028-06-21 00:00:00.000,2031-06-21 00:00:00.000,"4",Knowledge,Core,Y,33,
*,"312101-001-00-KM-02",Mining Operations,"629",46,2021-06-21 00:00:00.000,2027-06-21 00:00:00.000,2028-06-21 00:00:00.000,2031-06-21 00:00:00.000,"4",Knowledge,Core,Y,34,
*,"312101-001-00-KM-03",Supervision,"629",12,2022-06-21 00:00:00.000,2027-06-21 00:00:00.000,2028-06-21 00:00:00.000,2031-06-21 00:00:00.000,"4",Knowledge,Core,Y,35,
*,"312101-001-00-KM-04",Production Operations,"629",12,2022-06-21 00:00:00.000,2027-06-21 00:00:00.000,2028-06-21 00:00:00.000,2031-06-21 00:00:00.000,"4",Knowledge,Core,Y,36,
*,"312101-001-00-PM-01","Oversee, Apply, Exercise, and Ensure Safety, Health, and Environmental Measures, Processes, and Procedures","629",16,2022-06-21 00:00:00.000,2027-06-21 00:00:00.000,2028-06-21 00:00:00.000,2031-06-21 00:00:00.000,"4",Application,Core,Y,37,
*,"312101-001-00-PM-02","Facilitate, Apply, Revise, where required, Reconcile, and Supervise the Planning Processes to Achieve the Required Mining Cycle/Target","629",16,2022-06-21 00:00:00.000,2027-06-21 00:00:00.000,2028-06-21 00:00:00.000,2031-06-21 00:00:00.000,"4",Application,Core,Y,38,
*,"312101-001-00-PM-03","Monitor, Supervise, Coordinate, Inspect, Consult, and Record Production Operations","629",46,2022-06-21 00:00:00.000,2027-06-21 00:00:00.000,2028-06-21 00:00:00.000,2031-06-21 00:00:00.000,"4",Application,Core,Y,39,
*,"312101-001-00-WM-01",Underground Hard Rock Production Operations,"629",40,2022-06-21 00:00:00.000,2027-06-21 00:00:00.000,2028-06-21 00:00:00.000,2031-06-21 00:00:00.000,"4",Work experience,Elective,Y,40,
*,"312101-001-00-WM-02",Underground Coal Production Operations,"629",40,2022-06-21 00:00:00.000,2027-06-21 00:00:00.000,2028-06-21 00:00:00.000,2031-06-21 00:00:00.000,"4",Work experience,Elective,Y,41,
*,"312101-001-00-WM-03",Surface Production Operations,"629",40,2022-06-21 00:00:00.000,2027-06-21 00:00:00.000,2028-06-21 00:00:00.000,2031-06-21 00:00:00.000,"4",Work experience,Elective,Y,42,
*,"671101000-KM-01","Health, Safety, Quality and Legislation","597",5,2018-07-01 00:00:00.000,2023-06-30 00:00:00.000,2024-06-30 00:00:00.000,2027-06-30 00:00:00.000,"4",Knowledge,Core,Y,43,
*,"671101000-KM-02","Tools, Equipment and Materials","597",8,2018-07-01 00:00:00.000,2023-06-30 00:00:00.000,2024-06-30 00:00:00.000,2027-06-30 00:00:00.000,"4",Knowledge,Core,Y,44,
*,"671101000-KM-03",Electricity and electronics,"597",13,2018-07-01 00:00:00.000,2023-06-30 00:00:00.000,2024-06-30 00:00:00.000,2027-06-30 00:00:00.000,"4",Knowledge,Core,Y,45,
*,"671101000-KM-04",Industry Context,"597",2,2018-07-01 00:00:00.000,2023-06-30 00:00:00.000,2024-06-30 00:00:00.000,2027-06-30 00:00:00.000,"3",Knowledge,Core,Y,46,
*,"671101000-KM-05",Wire ways and wiring,"597",11,2018-07-01 00:00:00.000,2023-06-30 00:00:00.000,2024-06-30 00:00:00.000,2027-06-30 00:00:00.000,"4",Knowledge,Core,Y,47,
*,"671101000-KM-06",Rotating electrical machinery,"597",13,2018-07-01 00:00:00.000,2023-06-30 00:00:00.000,2024-06-30 00:00:00.000,2027-06-30 00:00:00.000,"4",Knowledge,Core,Y,48,
*,"671101000-KM-07",Electrical supply systems and components,"597",31,2018-07-01 00:00:00.000,2023-06-30 00:00:00.000,2024-06-30 00:00:00.000,2027-06-30 00:00:00.000,"4",Knowledge,Core,Y,49,
*,"671101000-KM-08",Low Voltage protection,"597",5,2018-07-01 00:00:00.000,2023-06-30 00:00:00.000,2024-06-30 00:00:00.000,2027-06-30 00:00:00.000,"4",Knowledge,Core,Y,50,
*,"671101000-KM-9",Fault Finding,"597",3,2018-07-01 00:00:00.000,2023-06-30 00:00:00.000,2024-06-30 00:00:00.000,2027-06-30 00:00:00.000,"4",Knowledge,Core,Y,51,
*,"671101000-PM-01","Use hand, power and measuring tools","597",22,2018-07-01 00:00:00.000,2023-06-30 00:00:00.000,2024-06-30 00:00:00.000,2027-06-30 00:00:00.000,"3",Application,Core,Y,52,
*,"671101000-PS-02","Plan worksite set up for installing, wiring and connecting electrical equipment and control systems","597",5,2018-07-01 00:00:00.000,2023-06-30 00:00:00.000,2024-06-30 00:00:00.000,2027-06-30 00:00:00.000,"3",Application,Core,Y,53,
*,"671101000-PS-03","Prepare worksite set up for installing, wiring and connecting electrical equipment and control systems","629",3,2018-07-01 00:00:00.000,2023-06-30 00:00:00.000,2024-06-30 00:00:00.000,2027-06-30 00:00:00.000,"3",Application,Core,Y,54,
*,"671101000-PS-04",Install wire-ways,"597",5,2018-07-01 00:00:00.000,2023-06-30 00:00:00.000,2024-06-30 00:00:00.000,2027-06-30 00:00:00.000,"4",Application,Core,Y,55,
*,"671101000-PS-05","Install, wire and connect electrical equipment and control systems","597",38,2018-07-01 00:00:00.000,2023-06-30 00:00:00.000,2024-06-30 00:00:00.000,2027-06-30 00:00:00.000,"4",Application,Core,Y,56,
*,"671101000-PS-06",Conduct pre-commission inspection (power off) and test new and existing installations,"597",5,2018-07-01 00:00:00.000,2023-06-30 00:00:00.000,2024-06-30 00:00:00.000,2027-06-30 00:00:00.000,"4",Application,Core,Y,57,
*,"671101000-PS-07",Carry out commissioning tests,"597",13,2018-07-01 00:00:00.000,2023-06-30 00:00:00.000,2024-06-30 00:00:00.000,2027-06-30 00:00:00.000,"4",Application,Core,Y,58,
*,"671101000-PS-08",Fault find and repair electrical control systems and electrical installations,"597",22,2018-07-01 00:00:00.000,2023-06-30 00:00:00.000,2024-06-30 00:00:00.000,2027-06-30 00:00:00.000,"4",Application,Core,Y,59,
*,"671101000-WM-01","Planning and preparation process for the wiring, connection, testing, inspecting, commissioning and maintaining of electrical installations and control systems","597",8,2018-07-01 00:00:00.000,2023-06-30 00:00:00.000,2024-06-30 00:00:00.000,2027-06-30 00:00:00.000,"4",Work experience,Core,Y,60,
*,"671101000-WM-02","Processes of installing, wiring and connecting of electrical equipment and control systems","597",74,2018-07-01 00:00:00.000,2023-06-30 00:00:00.000,2024-06-30 00:00:00.000,2027-06-30 00:00:00.000,"4",Work experience,Core,Y,61,
*,"671101000-WM-03","Processes of testing and inspecting of electrical equipment, control systems and installations","597",15,2018-07-01 00:00:00.000,2023-06-30 00:00:00.000,2024-06-30 00:00:00.000,2027-06-30 00:00:00.000,"4",Work experience,Core,Y,62,
*,"671101000-WM-04",Processes of commissioning electrical installations and control systems,"597",15,2018-07-01 00:00:00.000,2023-06-30 00:00:00.000,2024-06-30 00:00:00.000,2027-06-30 00:00:00.000,"4",Work experience,Core,Y,63,
*,"671101000-WM-05",Maintenance processes for electrical installations and control systems,"597",44,2018-07-01 00:00:00.000,2023-06-30 00:00:00.000,2024-06-30 00:00:00.000,2027-06-30 00:00:00.000,"4",Work experience,Core,Y,64,
*,"671202000-KM-01",Workplace fundamentals,"599",9,2018-07-01 00:00:00.000,2023-06-30 00:00:00.000,2024-06-30 00:00:00.000,2027-06-30 00:00:00.000,"2",Knowledge,Core,Y,65,
*,"671202000-KM-02",The Millwright's world of work,"599",8,2018-07-01 00:00:00.000,2023-06-30 00:00:00.000,2024-06-30 00:00:00.000,2027-06-30 00:00:00.000,"2",Knowledge,Core,Y,66,
*,"671202000-KM-03",Basic engineering theory,"629",24,2018-07-01 00:00:00.000,2023-06-30 00:00:00.000,2024-06-30 00:00:00.000,2027-06-30 00:00:00.000,"3",Knowledge,Core,Y,67,
*,"671202000-KM-04",Fitting theory,"599",38,2018-07-01 00:00:00.000,2023-06-30 00:00:00.000,2024-06-30 00:00:00.000,2027-06-30 00:00:00.000,"4",Knowledge,Core,Y,68,
*,"671202000-KM-05",Tools and equipment for electrical work,"599",8,2018-07-01 00:00:00.000,2023-06-30 00:00:00.000,2024-06-30 00:00:00.000,2027-06-30 00:00:00.000,"4",Knowledge,Core,Y,69,
*,"671202000-KM-06",Electricity and electronics,"599",13,2018-07-01 00:00:00.000,2023-06-30 00:00:00.000,2024-06-30 00:00:00.000,2027-06-30 00:00:00.000,"4",Knowledge,Core,Y,70,
*,"671202000-KM-07",Wireways and wiring,"599",11,2018-07-01 00:00:00.000,2023-06-30 00:00:00.000,2024-06-30 00:00:00.000,2027-06-30 00:00:00.000,"4",Knowledge,Core,Y,71,
*,"671202000-KM-08",Rotating electrical machinery,"599",13,2018-07-01 00:00:00.000,2023-06-30 00:00:00.000,2024-06-30 00:00:00.000,2027-06-30 00:00:00.000,"4",Knowledge,Core,Y,72,
*,"671202000-KM-09",Electrical supply systems and components,"599",31,2018-07-01 00:00:00.000,2023-06-30 00:00:00.000,2024-06-30 00:00:00.000,2027-06-30 00:00:00.000,"4",Knowledge,Core,Y,73,
*,"671202000-KM-10",Low Voltage protection,"599",5,2018-07-01 00:00:00.000,2023-06-30 00:00:00.000,2024-06-30 00:00:00.000,2027-06-30 00:00:00.000,"4",Knowledge,Core,Y,74,
*,"671202000-KM-11",Faultfinding on electrical circuits,"599",3,2018-07-01 00:00:00.000,2023-06-30 00:00:00.000,2024-06-30 00:00:00.000,2027-06-30 00:00:00.000,"4",Knowledge,Core,Y,75,
*,"671202000-PM-01",Work safely and respond to emergencies,"599",15,2018-07-01 00:00:00.000,2023-06-30 00:00:00.000,2024-06-30 00:00:00.000,2027-06-30 00:00:00.000,"2",Application,Core,Y,76,
*,"671202000-PM-02",Fabricate simple components or workpieces using basic hand skills and hand tools,"599",6,2018-07-01 00:00:00.000,2023-06-30 00:00:00.000,2024-06-30 00:00:00.000,2027-06-30 00:00:00.000,"2",Application,Core,Y,77,
*,"671202000-PM-03",Fabricate components or workpieces using power tools and machinery,"599",6,2018-07-01 00:00:00.000,2023-06-30 00:00:00.000,2024-06-30 00:00:00.000,2027-06-30 00:00:00.000,"3",Application,Core,Y,78,
*,"671202000-PM-04",Build flow circuits,"599",2,2018-07-01 00:00:00.000,2023-06-30 00:00:00.000,2024-06-30 00:00:00.000,2027-06-30 00:00:00.000,"2",Application,Core,Y,79,
*,"671202000-PM-05",Work with electrical components,"599",10,2018-07-01 00:00:00.000,2023-06-30 00:00:00.000,2024-06-30 00:00:00.000,2027-06-30 00:00:00.000,"3",Application,Core,Y,80,
*,"671202000-PM-06","Install and connect electrical equipment, switch- and control gear","599",61,2018-07-01 00:00:00.000,2023-06-30 00:00:00.000,2024-06-30 00:00:00.000,2027-06-30 00:00:00.000,"3",Application,Core,Y,81,
*,"671202000-PM-07",Work with electronic components,"599",10,2018-07-01 00:00:00.000,2023-06-30 00:00:00.000,2024-06-30 00:00:00.000,2027-06-30 00:00:00.000,"3",Application,Core,Y,82,
*,"671202000-PM-08","Disassemble, clean and inspect mechanical sub-assemblies and machines","599",6,2018-07-01 00:00:00.000,2023-06-30 00:00:00.000,2024-06-30 00:00:00.000,2027-06-30 00:00:00.000,"3",Application,Core,Y,83,
*,"671202000-PM-09",Replace components and assemble mechanical sub-assemblies and machines,"599",6,2018-07-01 00:00:00.000,2023-06-30 00:00:00.000,2024-06-30 00:00:00.000,2027-06-30 00:00:00.000,"3",Application,Core,Y,84,
*,"671202000-PM-10",Do fault-finding on mechanical sub-assemblies and machines,"599",12,2018-07-01 00:00:00.000,2023-06-30 00:00:00.000,2024-06-30 00:00:00.000,2027-06-30 00:00:00.000,"4",Application,Core,Y,85,
*,"671202000-PM-11",Repair mechanical sub-assemblies and machines,"599",12,2018-07-01 00:00:00.000,2023-06-30 00:00:00.000,2024-06-30 00:00:00.000,2027-06-30 00:00:00.000,"4",Application,Core,Y,86,
*,"671202000-PM-12",Perform fault-finding on and repair electrical and electronic circuits,"599",14,2018-07-01 00:00:00.000,2023-06-30 00:00:00.000,2024-06-30 00:00:00.000,2027-06-30 00:00:00.000,"3",Application,Core,Y,87,
*,"671202000-PM-13","Dismantle, test and reassemble electrical machinery","599",12,2018-07-01 00:00:00.000,2023-06-30 00:00:00.000,2024-06-30 00:00:00.000,2027-06-30 00:00:00.000,"3",Application,Core,Y,88,
*,"671202000-PM-14",Install and commission mechanical sub-assemblies and machines,"599",12,2018-07-01 00:00:00.000,2023-06-30 00:00:00.000,2024-06-30 00:00:00.000,2027-06-30 00:00:00.000,"4",Application,Core,Y,89,
*,"671202000-PM-15",Test and verify electrical equipment and systems,"599",10,2018-07-01 00:00:00.000,2023-06-30 00:00:00.000,2024-06-30 00:00:00.000,2027-06-30 00:00:00.000,"3",Application,Core,Y,90,
*,"671202000-PM-16",Design and modify electrical circuits,"599",10,2018-07-01 00:00:00.000,2023-06-30 00:00:00.000,2024-06-30 00:00:00.000,2027-06-30 00:00:00.000,"4",Application,Core,Y,91,
*,"671202000-PM-17",Design flow circuits,"599",4,2018-07-01 00:00:00.000,2023-06-30 00:00:00.000,2024-06-30 00:00:00.000,2027-06-30 00:00:00.000,"4",Application,Core,Y,92,
*,"671202000-WM-01",Maintenance processes for industrial machinery,"599",48,2018-07-01 00:00:00.000,2023-06-30 00:00:00.000,2024-06-30 00:00:00.000,2027-06-30 00:00:00.000,"3",Work experience,Core,Y,93,
*,"671202000-WM-02",Fabrication of mechanical components,"599",8,2018-07-01 00:00:00.000,2023-06-30 00:00:00.000,2024-06-30 00:00:00.000,2027-06-30 00:00:00.000,"3",Application,Core,Y,94,
*,"671202000-WM-03",Fault-finding and repair of industrial machinery,"599",108,2018-07-01 00:00:00.000,2023-06-30 00:00:00.000,2024-06-30 00:00:00.000,2027-06-30 00:00:00.000,"4",Work experience,Core,Y,95,
*,"671202000-WM-04",Overhauling of electrical and mechanical sub-assemblies and machines,"599",54,2018-07-01 00:00:00.000,2023-06-30 00:00:00.000,2024-06-30 00:00:00.000,2027-06-30 00:00:00.000,"4",Work experience,Core,Y,96,
*,"671202000-WM-05",Installation and commissioning of industrial machinery,"599",108,2018-07-01 00:00:00.000,2023-06-30 00:00:00.000,2024-06-30 00:00:00.000,2027-06-30 00:00:00.000,"4",Work experience,Core,Y,97,
*,"653306-000-01-KM-01",Workplace Fundamentals,"599",9,2020-07-30 00:00:00.000,2025-07-30 00:00:00.000,2026-07-30 00:00:00.000,2029-07-30 00:00:00.000,"2",Knowledge,Core,Y,98,
*,"653306-000-01-KM-02",Foundational Concepts for Mechanics,"599",14,2020-07-30 00:00:00.000,2025-07-30 00:00:00.000,2026-07-30 00:00:00.000,2029-07-30 00:00:00.000,"2",Knowledge,Core,Y,99,
*,"653306-000-01-KM-03",Vehicle and Equipment Fundamentals,"599",8,2020-07-30 00:00:00.000,2025-07-30 00:00:00.000,2026-07-30 00:00:00.000,2029-07-30 00:00:00.000,"2",Knowledge,Core,Y,100,
*,"653306-000-01-KM-04",Basic Engine Systems,"599",8,2020-07-30 00:00:00.000,2025-07-30 00:00:00.000,2026-07-30 00:00:00.000,2029-07-30 00:00:00.000,"2",Knowledge,Core,Y,101,
*,"653306-000-01-KM-05","Vehicle, Equipment and Propulsion Systems","599",13,2020-07-30 00:00:00.000,2025-07-30 00:00:00.000,2026-07-30 00:00:00.000,2029-07-30 00:00:00.000,"3",Knowledge,Core,Y,102,
*,"653306-000-01-KM-06","Electrical Systems and Basic Electronic, Hydraulic and Pneumatic Principles","599",16,2020-07-30 00:00:00.000,2025-07-30 00:00:00.000,2026-07-30 00:00:00.000,2029-07-30 00:00:00.000,"3",Knowledge,Core,Y,103,
*,"653306-000-01-KM-07",Advanced Vehicle and Equipment Systems,"599",30,2020-07-30 00:00:00.000,2025-07-30 00:00:00.000,2026-07-30 00:00:00.000,2029-07-30 00:00:00.000,"4",Knowledge,Core,Y,104,
*,"653306-000-01-KM-08",Problem Solving and Engine Optimisation,"599",10,2020-07-30 00:00:00.000,2025-07-30 00:00:00.000,2026-07-30 00:00:00.000,2029-07-30 00:00:00.000,"4",Knowledge,Core,Y,105,
*,"653306-000-01-PM-01",Work Safely and Respond to Emergencies,"599",6,2020-07-30 00:00:00.000,2025-07-30 00:00:00.000,2026-07-30 00:00:00.000,2029-07-30 00:00:00.000,"2",Application,Core,Y,106,
*,"653306-000-01-PM-02",Use Tools and Equipment,"599",20,2020-07-30 00:00:00.000,2025-07-30 00:00:00.000,2026-07-30 00:00:00.000,2029-07-30 00:00:00.000,"2",Application,Core,Y,107,
*,"653306-000-01-PM-03",Cut and Join Metals,"599",5,2020-07-30 00:00:00.000,2025-07-30 00:00:00.000,2026-07-30 00:00:00.000,2029-07-30 00:00:00.000,"2",Application,Core,Y,108,
*,"653306-000-01-PM-04","Remove and Install Mechanical Components (Gaskets, Seals, Bearings and Locking Devices)","599",6,2020-07-30 00:00:00.000,2025-07-30 00:00:00.000,2026-07-30 00:00:00.000,2029-07-30 00:00:00.000,"2",Application,Core,Y,109,
*,"653306-000-01-PM-05",Work with Auto-electric and Auto-electronic Components,"599",2,2020-07-30 00:00:00.000,2025-07-30 00:00:00.000,2026-07-30 00:00:00.000,2029-07-30 00:00:00.000,"2",Application,Core,Y,110,
*,"653306-000-01-PM-06",Work with Fluid Power Components,"599",2,2020-07-30 00:00:00.000,2025-07-30 00:00:00.000,2026-07-30 00:00:00.000,2029-07-30 00:00:00.000,"2",Application,Core,Y,111,
*,"653306-000-01-PM-07",Maintain and Service Vehicles and Vehicle Components,"599",5,2020-07-30 00:00:00.000,2025-07-30 00:00:00.000,2026-07-30 00:00:00.000,2029-07-30 00:00:00.000,"2",Application,Core,Y,112,
*,"653306-000-01-PM-08","Dismantle, Assess and Reassemble Engines and Engine Sub-assemblies","599",16,2020-07-30 00:00:00.000,2025-07-30 00:00:00.000,2026-07-30 00:00:00.000,2029-07-30 00:00:00.000,"3",Application,Core,Y,113,
*,"653306-000-01-PM-09","Dismantle, Assess and Reassemble Cooling Systems","599",8,2020-07-30 00:00:00.000,2025-07-30 00:00:00.000,2026-07-30 00:00:00.000,2029-07-30 00:00:00.000,"4",Application,Core,Y,114,
*,"653306-000-01-PM-10","Dismantle, Assess and Reassemble Brake Systems (including Hydraulic and Pneumatic Components)","599",5,2020-07-30 00:00:00.000,2025-07-30 00:00:00.000,2025-07-30 00:00:00.000,2029-07-30 00:00:00.000,"3",Application,Core,Y,115,
*,"653306-000-01-PM-11","Dismantle, Assess and Reassemble Drive Train System Components","599",5,2020-07-30 00:00:00.000,2025-07-30 00:00:00.000,2025-07-30 00:00:00.000,2029-07-30 00:00:00.000,"3",Application,Core,Y,116,
*,"653306-000-01-PM-12","Dismantle, Assess and Reassemble Steering and Suspension Systems (including Hydraulic and Pneumatic Components)","599",5,2020-07-30 00:00:00.000,2025-07-30 00:00:00.000,2026-07-30 00:00:00.000,2029-07-30 00:00:00.000,"3",Application,Core,Y,117,
*,"653306-000-01-PM-13","Dismantle, Assess and Reassemble Basic Hydraulic Systems","599",5,2020-07-30 00:00:00.000,2025-07-30 00:00:00.000,2026-07-30 00:00:00.000,2029-07-30 00:00:00.000,"3",Application,Core,Y,118,
*,"653306-000-01-PM-14","Remove, Test, Repair and Refit Engines and Vehicle Components","599",15,2020-07-30 00:00:00.000,2025-07-30 00:00:00.000,2026-07-30 00:00:00.000,2029-07-30 00:00:00.000,"3",Application,Core,Y,119,
*,"653306-000-01-PM-15",Diagnose and Repair Vehicle Systems,"599",30,2020-07-30 00:00:00.000,2025-07-30 00:00:00.000,2026-07-30 00:00:00.000,2029-07-30 00:00:00.000,"4",Application,Core,Y,120,
*,"653306-000-01-PM-16",Diagnose and Repair Electrical Systems,"599",12,2020-07-30 00:00:00.000,2025-07-30 00:00:00.000,2026-07-30 00:00:00.000,2029-07-30 00:00:00.000,"4",Application,Core,Y,121,
*,"653306-000-01-PM-17",Diagnose and Repair Electronically Controlled Vehicle Systems,"599",10,2020-07-30 00:00:00.000,2025-07-30 00:00:00.000,2026-07-30 00:00:00.000,2029-07-30 00:00:00.000,"4",Application,Core,Y,122,
*,"653306-000-01-PM-18",Diagnose and Repair Air Conditioning System,"599",5,2020-07-30 00:00:00.000,2025-07-30 00:00:00.000,2026-07-30 00:00:00.000,2029-07-30 00:00:00.000,"4",Application,Core,Y,123,
*,"653306-000-01-WM-01",Routine Scheduled Services,"599",16,2020-07-30 00:00:00.000,2025-07-30 00:00:00.000,2026-07-30 00:00:00.000,2029-07-30 00:00:00.000,"2",Work experience,Core,Y,124,
*,"653306-000-01-WM-02",Removal and Replacement of Engine Sub-system Components (including Batteries),"599",16,2020-07-30 00:00:00.000,2025-07-30 00:00:00.000,2026-07-30 00:00:00.000,2029-07-30 00:00:00.000,"3",Work experience,Core,Y,125,
*,"653306-000-01-WM-03",Removal and Replacement of Other Vehicle Sub-system Components,"599",20,2020-07-30 00:00:00.000,2025-07-30 00:00:00.000,2025-07-30 00:00:00.000,2029-07-30 00:00:00.000,"3",Work experience,Core,Y,126,
*,"653306-000-01-WM-04",Engine Removal and Installation Processes,"599",18,2020-07-30 00:00:00.000,2025-07-30 00:00:00.000,2026-07-30 00:00:00.000,2029-07-30 00:00:00.000,"3",Work experience,Core,Y,127,
*,"653306-000-01-WM-05",Repair Processes for Vehicle Sub-systems,"599",50,2020-07-30 00:00:00.000,2025-07-30 00:00:00.000,2026-07-30 00:00:00.000,2029-07-30 00:00:00.000,"3",Work experience,Core,Y,128,
*,•  653306-000-01-WM-06,Removal and Replacement of Cooling System,"599",20,2020-07-30 00:00:00.000,2025-07-30 00:00:00.000,2026-07-30 00:00:00.000,2029-07-30 00:00:00.000,"3",Work experience,Core,Y,129,
*,"653306-000-01-WM-07","Diagnosis and Repair of Electrical Systems (Charging, Starting, Lighting and Auxiliary)","599",18,2020-07-30 00:00:00.000,2025-07-30 00:00:00.000,2026-07-30 00:00:00.000,2029-07-30 00:00:00.000,"4",Work experience,Core,Y,130,
*,"653306-000-01-WM-08",Diagnose and Repair Air Conditioning System,"599",8,2020-07-30 00:00:00.000,2025-07-30 00:00:00.000,2026-07-30 00:00:00.000,2029-07-30 00:00:00.000,"4",Work experience,Core,Y,131,
*,"653306-000-01-WM-09",Diagnosis and Repair of Electronic Control Systems,"599",18,2020-07-30 00:00:00.000,2025-07-30 00:00:00.000,2025-07-30 00:00:00.000,2029-07-30 00:00:00.000,"4",Work experience,Core,Y,132,
*,"653306-000-01-WM-10",Diagnosis and Repair of Engines and Engine Sub-systems,"599",18,2020-07-30 00:00:00.000,2025-07-30 00:00:00.000,2026-07-30 00:00:00.000,2029-07-30 00:00:00.000,"4",Work experience,Core,Y,133,
*,"653306-000-01-WM-11",Diagnosis and Repair of Hydraulic and Pneumatic Systems,"599",18,2020-07-30 00:00:00.000,2025-07-30 00:00:00.000,2026-07-30 00:00:00.000,2029-07-30 00:00:00.000,"4",Work experience,Core,Y,134,
*,"653306-000-01-WM-12",Diagnosis and Repair of Brake Systems,"599",18,2020-07-30 00:00:00.000,2025-07-30 00:00:00.000,2025-07-30 00:00:00.000,2029-07-30 00:00:00.000,"4",Work experience,Core,Y,135,
*,"653306-000-01-WM-13",Diagnosis and Repair of Drive Train Systems,"599",18,2020-07-30 00:00:00.000,2025-07-30 00:00:00.000,2026-07-30 00:00:00.000,2029-07-30 00:00:00.000,"4",Work experience,Core,Y,136,
*,"653306-000-01-WM-14",Diagnosis and Repair of Steering and Suspension Systems,"599",18,2020-07-30 00:00:00.000,2025-07-30 00:00:00.000,2025-07-30 00:00:00.000,2029-07-30 00:00:00.000,"4",Work experience,Core,Y,137,
*,"653306-000-01-WM-06",Removal and Replacement of Cooling System,"599",20,2021-07-30 00:00:00.000,2025-07-30 00:00:00.000,2026-07-30 00:00:00.000,2029-07-30 00:00:00.000,"3",Work experience,Core,Y,138,
*,"661301-KM-01-KT01",Metal and Jewellery Arts 1,"629",44,2018-07-01 00:00:00.000,2023-06-30 00:00:00.000,2024-06-30 00:00:00.000,2027-06-30 00:00:00.000,"2",Knowledge,Core,Y,139,
*,"661301-KM-02",Industrial Design Drawings 1,"629",24,2018-07-01 00:00:00.000,2023-06-30 00:00:00.000,2024-06-30 00:00:00.000,2027-06-30 00:00:00.000,"3",Knowledge,Core,Y,140,
*,"661301-KM-03",Metal and Jewellery Arts 2,"629",26,2018-07-01 00:00:00.000,2023-06-30 00:00:00.000,2024-06-30 00:00:00.000,2027-06-30 00:00:00.000,"3",Knowledge,Core,Y,141,
*,"661301-KM-04",Metal and Jewellery Arts 3,"629",24,2018-07-01 00:00:00.000,2023-06-30 00:00:00.000,2024-06-30 00:00:00.000,2027-06-30 00:00:00.000,"4",Knowledge,Core,Y,142,
*,"661301-PM-01",Conduct basic metal work,"629",25,2018-07-01 00:00:00.000,2023-06-30 00:00:00.000,2024-06-30 00:00:00.000,2027-06-30 00:00:00.000,"2",Application,Core,Y,143,
*,"661301-PM-02",Execute cold joining,"629",4,2018-07-01 00:00:00.000,2023-06-30 00:00:00.000,2024-06-30 00:00:00.000,2027-06-30 00:00:00.000,"2",Application,Core,Y,144,
*,"661301-PM-03",Manufacture basic jewellery,"629",45,2018-07-01 00:00:00.000,2023-06-30 00:00:00.000,2024-06-30 00:00:00.000,2027-06-30 00:00:00.000,"2",Application,Core,Y,145,
*,"661301-PM-04",Produce jewellery using re-production techniques,"629",7,2018-07-01 00:00:00.000,2023-06-30 00:00:00.000,2024-06-30 00:00:00.000,2027-06-30 00:00:00.000,"3",Application,Core,Y,146,
*,"661301-PM-05",Interpret jewellery designs,"629",7,2018-07-01 00:00:00.000,2023-06-30 00:00:00.000,2024-06-30 00:00:00.000,2027-06-30 00:00:00.000,"3",Application,Core,Y,147,
*,"661301-PM-06",Manufacture a variety of jewellery item,"629",48,2018-07-01 00:00:00.000,2023-06-30 00:00:00.000,2024-06-30 00:00:00.000,2027-06-30 00:00:00.000,"3",Application,Core,Y,148,
*,"661301-PM-07",Identify and separate natural gemstones from their simulants,"629",4,2018-07-01 00:00:00.000,2023-06-30 00:00:00.000,2024-06-30 00:00:00.000,2027-06-30 00:00:00.000,"3",Application,Core,Y,149,
*,"661301-PM-08",Manufacture complex jewellery items,"629",48,2018-07-01 00:00:00.000,2023-06-30 00:00:00.000,2024-06-30 00:00:00.000,2027-06-30 00:00:00.000,"4",Application,Core,Y,150,
*,"661301-PM-09",Conduct basic setting of gemstones,"629",4,2018-07-01 00:00:00.000,2023-06-30 00:00:00.000,2024-06-30 00:00:00.000,2027-06-30 00:00:00.000,"4",Application,Core,Y,151,
*,"661301-PM-10",Repair complex jewellery pieces,"629",10,2018-07-01 00:00:00.000,2023-06-30 00:00:00.000,2024-06-30 00:00:00.000,2027-06-30 00:00:00.000,"4",Application,Core,Y,152,
*,"661301-WM-01",Metal work processes,"629",50,2018-07-01 00:00:00.000,2023-06-30 00:00:00.000,2024-06-30 00:00:00.000,2027-06-30 00:00:00.000,"2",Work experience,Core,Y,153,
*,"661301-WM-02",Jewellery assembly and finishing processes,"629",14,2018-07-01 00:00:00.000,2023-06-30 00:00:00.000,2024-06-30 00:00:00.000,2027-06-30 00:00:00.000,"2",Work experience,Core,Y,154,
*,"661301-WM-03",Jewellery Workshop processes and tools,"629",12,2018-07-01 00:00:00.000,2023-06-30 00:00:00.000,2024-06-30 00:00:00.000,2027-06-30 00:00:00.000,"2",Work experience,Core,Y,155,
*,"661301-WM-04",Jewellery manufacturing processes,"629",100,2018-07-01 00:00:00.000,2023-06-30 00:00:00.000,2024-06-30 00:00:00.000,2027-06-30 00:00:00.000,"2",Work experience,Core,Y,156,
*,"661301-WM-05",Jewellery manufacturing planning processes,"629",8,2018-07-01 00:00:00.000,2023-06-30 00:00:00.000,2024-06-30 00:00:00.000,2027-06-30 00:00:00.000,"3",Work experience,Core,Y,157,
*,"661301-WM-06",Materials management processes,"629",6,2018-07-01 00:00:00.000,2023-06-30 00:00:00.000,2024-06-30 00:00:00.000,2027-06-30 00:00:00.000,"3",Work experience,Core,Y,158,
*,"661301-WM-07",Stone setting processes,"629",12,2018-07-01 00:00:00.000,2023-06-30 00:00:00.000,2024-06-30 00:00:00.000,2027-06-30 00:00:00.000,"4",Work experience,Core,Y,159,
*,"661301-WM-08",Jewellery repair and planning processes,"629",14,2018-07-01 00:00:00.000,2023-06-30 00:00:00.000,2024-06-30 00:00:00.000,2027-06-30 00:00:00.000,"4",Work experience,Core,Y,160,
*,"661301-WM-09",Specialised jewellery manufacturing techniques and processes,"629",39,2018-07-01 00:00:00.000,2023-06-30 00:00:00.000,2024-06-30 00:00:00.000,2027-06-30 00:00:00.000,"4",Work experience,Core,Y,161,
*,"661302-000-00-00-KM-01",Introduction to Stone Setting,"629",38,2021-03-25 00:00:00.000,2026-03-25 00:00:00.000,2027-03-25 00:00:00.000,2030-03-25 00:00:00.000,"3",Knowledge,Core,Y,162,
*,"661302-000-00-00-KM-02",Diamond and Gemstone Setter Theory,"629",15,2021-03-25 00:00:00.000,2026-03-25 00:00:00.000,2027-03-25 00:00:00.000,2030-03-25 00:00:00.000,"3",Knowledge,Core,Y,163,
*,"661302-000-00-00-KM-03",Advanced Setting,"629",56,2021-03-25 00:00:00.000,2026-03-25 00:00:00.000,2027-03-25 00:00:00.000,2030-03-25 00:00:00.000,"4",Knowledge,Core,Y,164,
*,"661302-000-00-00-PM-01",Conduct Basic Setting Techniques,"629",48,2021-03-25 00:00:00.000,2026-03-25 00:00:00.000,2027-03-25 00:00:00.000,2030-03-25 00:00:00.000,"3",Application,Core,Y,165,
*,"661302-000-00-00-PM-02",Prepare for Stone Setting,"629",40,2021-03-25 00:00:00.000,2026-03-25 00:00:00.000,2027-03-25 00:00:00.000,2030-03-25 00:00:00.000,"3",Application,Core,Y,166,
*,"661302-000-00-00-PM-03",Conduct Basic Setting,"629",10,2021-03-25 00:00:00.000,2026-03-25 00:00:00.000,2027-03-25 00:00:00.000,2030-03-25 00:00:00.000,"3",Application,Core,Y,167,
*,"661302-000-00-00-PM-04",Identify and Examine Gemstones,"629",8,2021-03-25 00:00:00.000,2026-03-25 00:00:00.000,2027-03-25 00:00:00.000,2030-03-25 00:00:00.000,"3",Application,Core,Y,168,
*,"661302-000-00-00-PM-05",Set Stones in a Variety of Jewellery Items,"629",38,2021-03-25 00:00:00.000,2026-03-25 00:00:00.000,2027-03-25 00:00:00.000,2030-03-25 00:00:00.000,"4",Application,Core,Y,169,
*,"661302-000-00-00-PM-06",Set Stones in a Variety of Settings,"629",24,2021-03-25 00:00:00.000,2026-03-25 00:00:00.000,2027-03-25 00:00:00.000,2030-03-25 00:00:00.000,"4",Application,Core,Y,170,
*,"661302-000-00-00-PM-07",Set Stones in Complex Jewellery Using Advanced Setting Techniques,"629",30,2021-03-25 00:00:00.000,2026-03-25 00:00:00.000,2027-03-25 00:00:00.000,2030-03-25 00:00:00.000,"4",Application,Core,Y,171,
*,"661302-000-00-00-PM-08","Remove, Reset & Replace Stones into Jewellery Items","629",10,2021-03-25 00:00:00.000,2026-03-25 00:00:00.000,2027-03-25 00:00:00.000,2030-03-25 00:00:00.000,"4",Application,Core,Y,172,
*,"661302-000-00-00-WM-01",Preparation Processes for Setting,"629",5,2021-03-25 00:00:00.000,2026-03-25 00:00:00.000,2027-03-25 00:00:00.000,2030-03-25 00:00:00.000,"3",Work experience,Core,Y,173,
*,"661302-000-00-00-WM-02",Health and Safety for Stone Setting Workshop Processes and Tools,"629",5,2021-03-25 00:00:00.000,2026-03-25 00:00:00.000,2027-03-25 00:00:00.000,2030-03-25 00:00:00.000,"3",Work experience,Core,Y,174,
*,"661302-000-00-00-WM-03",Stone Setting Processes,"629",25,2021-03-25 00:00:00.000,2026-03-25 00:00:00.000,2027-03-25 00:00:00.000,2030-03-25 00:00:00.000,"3",Work experience,Core,Y,175,
*,"661302-000-00-00-WM-04",Removal and Resetting of Stones and Restoring pf Jewellery Items,"629",25,2021-03-25 00:00:00.000,2026-03-25 00:00:00.000,2027-03-25 00:00:00.000,2030-03-25 00:00:00.000,"4",Work experience,Core,Y,176,
*,"661302-000-00-00WM-05",Specialised and Advanced Setting Processes,"629",148,2021-03-25 00:00:00.000,2026-03-25 00:00:00.000,2027-03-25 00:00:00.000,2030-03-25 00:00:00.000,"4",Work experience,Core,Y,177,
*,"661302-000-00-00-WM-06","Material, Tools Consumables Management Processes","629",5,2021-03-25 00:00:00.000,2026-03-25 00:00:00.000,2027-03-25 00:00:00.000,2030-03-25 00:00:00.000,"4",Work experience,Core,Y,178,
*,"672105000-KM-01",Occupational Health and Safety legislation,"53",6,2018-07-01 00:00:00.000,2023-06-30 00:00:00.000,2024-06-30 00:00:00.000,2027-06-30 00:00:00.000,"4",Knowledge,Core,Y,179,
*,"672105000-KM-02",Electricity and Electronics,"53",13,2018-07-01 00:00:00.000,2023-06-30 00:00:00.000,2024-06-30 00:00:00.000,2027-06-30 00:00:00.000,"4",Knowledge,Core,Y,180,
*,"672105000-KM-03",Complex electronic components and circuits,"53",20,2018-07-01 00:00:00.000,2023-06-30 00:00:00.000,2024-06-30 00:00:00.000,2027-06-30 00:00:00.000,"5",Knowledge,Core,Y,181,
*,"672105000-KM-04",Introduction to Instrumentation,"53",3,2018-07-01 00:00:00.000,2023-06-30 00:00:00.000,2024-06-30 00:00:00.000,2027-06-30 00:00:00.000,"4",Knowledge,Core,Y,182,
*,"672105000-KM-05",Engineering tools and Test Equipment,"53",10,2018-07-01 00:00:00.000,2023-06-30 00:00:00.000,2024-06-30 00:00:00.000,2027-06-30 00:00:00.000,"4",Knowledge,Core,Y,183,
*,"672105000-KM-06",Pressure and pressure measurement,"53",5,2018-07-01 00:00:00.000,2023-06-30 00:00:00.000,2024-06-30 00:00:00.000,2027-06-30 00:00:00.000,"4",Knowledge,Core,Y,184,
*,"672105000-KM-07",Flow and flow measurement,"53",5,2018-07-01 00:00:00.000,2023-06-30 00:00:00.000,2024-06-30 00:00:00.000,2027-06-30 00:00:00.000,"4",Knowledge,Core,Y,185,
*,"672105000-KM-08",Level and level measurement,"629",5,2018-07-01 00:00:00.000,2023-06-30 00:00:00.000,2024-06-30 00:00:00.000,2027-06-30 00:00:00.000,"4",Knowledge,Core,Y,186,
*,"672105000-KM-09",Temperature and temperature measurement,"629",5,2018-07-01 00:00:00.000,2023-06-30 00:00:00.000,2024-06-30 00:00:00.000,2027-06-30 00:00:00.000,"4",Knowledge,Core,Y,187,
*,"672105000-KM-10",Final control elements,"53",5,2018-07-01 00:00:00.000,2023-06-30 00:00:00.000,2024-06-30 00:00:00.000,2027-06-30 00:00:00.000,"4",Knowledge,Core,Y,188,
*,"672105000-KM-11",Pneumatic system,"53",4,2018-07-01 00:00:00.000,2023-06-30 00:00:00.000,2024-06-30 00:00:00.000,2027-03-06 00:00:00.000,"4",Knowledge,Core,Y,189,
*,"672105000-KM-12",Hydraulic System,"53",4,2018-07-01 00:00:00.000,2023-06-30 00:00:00.000,2024-06-30 00:00:00.000,2027-06-30 00:00:00.000,"4",Knowledge,Core,Y,190,
*,"672105000-KM-13",Relay logic circuits,"53",8,2018-07-01 00:00:00.000,2023-06-01 00:00:00.000,2024-06-30 00:00:00.000,2027-06-30 00:00:00.000,"5",Knowledge,Core,Y,191,
*,"672105000-KM-14",Introduction to Programmable Logic Controllers (PLC),"53",10,2018-07-01 00:00:00.000,2023-06-30 00:00:00.000,2024-06-30 00:00:00.000,2027-06-30 00:00:00.000,"5",Knowledge,Core,Y,192,
*,"672105000-KM-15",Programmable Instrumentation (SMART),"629",6,2018-07-01 00:00:00.000,2023-06-30 00:00:00.000,2024-06-30 00:00:00.000,2027-06-30 00:00:00.000,"5",Knowledge,Core,Y,193,
*,"652302000-KM-01",Basic engineering theory,"599",32,2018-07-01 00:00:00.000,2023-06-30 00:00:00.000,2024-06-30 00:00:00.000,2027-06-30 00:00:00.000,"3",Knowledge,Core,Y,194,
*,"672105000-KM-16",Process Control Loops and Automatic Control,"53",15,2018-07-01 00:00:00.000,2023-06-30 00:00:00.000,2024-06-30 00:00:00.000,2027-06-30 00:00:00.000,"5",Knowledge,Core,Y,195,
*,"672105000-KM-17",Instrumentation Drawings,"53",3,2018-07-01 00:00:00.000,2023-06-30 00:00:00.000,2024-06-30 00:00:00.000,2027-06-30 00:00:00.000,"5",Knowledge,Core,Y,196,
*,"652302000-KM-02",Fitting Theory,"599",38,2018-07-01 00:00:00.000,2023-06-30 00:00:00.000,2024-06-30 00:00:00.000,2027-06-30 00:00:00.000,"4",Knowledge,Core,Y,197,
*,"672105000-KM-18",Process communication systems,"53",10,2018-07-01 00:00:00.000,2023-06-30 00:00:00.000,2024-06-30 00:00:00.000,2027-06-30 00:00:00.000,"6",Knowledge,Core,Y,198,
*,"672105000-KM-19",Fault finding on instrumentation equipment and systems,"53",5,2018-07-01 00:00:00.000,2023-06-30 00:00:00.000,2024-06-30 00:00:00.000,2027-06-30 00:00:00.000,"6",Knowledge,Core,Y,199,
*,"672105000-PM-01","Select, use and care of engineering hand and power tools and test equipment","53",25,2018-07-01 00:00:00.000,2023-06-30 00:00:00.000,2024-06-30 00:00:00.000,2027-06-30 00:00:00.000,"4",Application,Core,Y,200,
*,"672105000-PM-02","Analyse, design and construct an electronic circuit","53",10,2018-07-01 00:00:00.000,2023-06-30 00:00:00.000,2024-06-30 00:00:00.000,2027-06-30 00:00:00.000,"5",Application,Core,Y,201,
*,"652302000-KM-03",Machining Theory,"599",36,2018-07-01 00:00:00.000,2023-06-30 00:00:00.000,2024-06-30 00:00:00.000,2027-06-30 00:00:00.000,"4",Knowledge,Core,Y,202,
*,"672105000-PM-03",Calibrate and test instrumentation equipment within specifications,"53",50,2018-07-01 00:00:00.000,2023-06-30 00:00:00.000,2024-06-30 00:00:00.000,2027-06-30 00:00:00.000,"4",Application,Core,Y,203,
*,"672105000-PM-04",Install/remove instruments and components within manufacturer's specifications and plant standards,"53",12,2018-07-01 00:00:00.000,2023-06-30 00:00:00.000,2024-06-30 00:00:00.000,2027-06-30 00:00:00.000,"4",Application,Core,Y,204,
*,"672105000-PM-05",Compare measured variable values and adjust process loops,"53",25,2018-07-01 00:00:00.000,2023-06-30 00:00:00.000,2023-06-30 00:00:00.000,2027-06-30 00:00:00.000,"5",Application,Core,Y,205,
*,"652302000-PS-01",Fabricate simple components or work pieces using basic hand skills and hand tools,"599",6,2018-07-01 00:00:00.000,2023-06-30 00:00:00.000,2024-06-30 00:00:00.000,2027-06-30 00:00:00.000,"2",Application,Core,Y,206,
*,"672105000-PM-06",Carry out fault diagnosis and repair faults on Instruments,"53",20,2018-07-01 00:00:00.000,2023-06-30 00:00:00.000,2024-06-30 00:00:00.000,2027-06-30 00:00:00.000,"5",Application,Core,Y,207,
*,"672105000-PM-07","Maintain systems, instruments and components","53",20,2018-07-01 00:00:00.000,2023-06-30 00:00:00.000,2024-06-30 00:00:00.000,2027-06-30 00:00:00.000,"4",Application,Core,Y,208,
*,"652302000-PS-02",Fabricate components or work pieces using power tools or machinery,"599",6,2018-07-01 00:00:00.000,2023-06-30 00:00:00.000,2024-06-30 00:00:00.000,2027-06-30 00:00:00.000,"3",Application,Core,Y,209,
*,"672105000-WM-01",Calibration processes and procedures for instrumentation equipment,"53",40,2018-07-01 00:00:00.000,2023-06-30 00:00:00.000,2024-06-30 00:00:00.000,2027-06-30 00:00:00.000,"4",Work experience,Core,Y,210,
*,"652302000-PS-03","Dissemble, clean and inspect mechanical sub-assemblies","599",6,2018-07-01 00:00:00.000,2023-06-30 00:00:00.000,2024-06-30 00:00:00.000,2027-06-30 00:00:00.000,"3",Application,Core,Y,211,
*,"672105000-WM-02",Processes of removal and installation of instrumentation equipment,"53",15,2018-07-01 00:00:00.000,2023-06-30 00:00:00.000,2024-06-30 00:00:00.000,2027-06-30 00:00:00.000,"4",Work experience,Core,Y,212,
*,"672105000-WM-03",Processes of optimising process control loop and control loops,"53",50,2018-07-01 00:00:00.000,2023-06-30 00:00:00.000,2024-06-30 00:00:00.000,2027-06-30 00:00:00.000,"5",Work experience,Core,Y,213,
*,"672105000-WM-04",Diagnostic processes for fault finding for instrumentation equipment and control systems,"53",30,2018-07-01 00:00:00.000,2023-06-30 00:00:00.000,2024-06-30 00:00:00.000,2027-06-30 00:00:00.000,"5",Work experience,Core,Y,214,
*,"652302000-PS-04",Replace components and assemble mechanical subassemblies and machines,"599",6,2018-07-01 00:00:00.000,2023-06-30 00:00:00.000,2024-06-30 00:00:00.000,2027-06-30 00:00:00.000,"3",Application,Core,Y,215,
*,"672105000-WM-05",Maintenance processes for instrumentation equipment reliability,"53",30,2018-07-01 00:00:00.000,2023-06-30 00:00:00.000,2024-06-30 00:00:00.000,2027-06-30 00:00:00.000,"5",Work experience,Core,Y,216,
*,"652302000-PS-05",Do fault finding on mechanical sub-assemblies and machines,"599",12,2018-07-01 00:00:00.000,2023-06-30 00:00:00.000,2024-06-30 00:00:00.000,2027-06-30 00:00:00.000,"4",Application,Core,Y,217,
*,"652302000-PS-06",Repair mechanical sub-assemblies and machines,"599",12,2018-07-01 00:00:00.000,2023-06-30 00:00:00.000,2024-06-30 00:00:00.000,2027-06-30 00:00:00.000,"4",Application,Core,Y,218,
*,"652302000-PS-07",Install and commission mechanical sub-assemblies and machines,"599",12,2018-07-01 00:00:00.000,2023-06-30 00:00:00.000,2024-06-30 00:00:00.000,2027-06-30 00:00:00.000,"4",Application,Core,Y,219,
*,"652302000-PS-08",Overhaul mechanical sub-assemblies and machines,"599",20,2018-07-01 00:00:00.000,2023-06-30 00:00:00.000,2024-06-30 00:00:00.000,2027-06-30 00:00:00.000,"4",Application,Core,Y,220,
*,"652302000-PS-09",Produce simple components by setting up and attending to the operation an engineering machine,"599",6,2018-07-01 00:00:00.000,2023-06-30 00:00:00.000,2024-06-30 00:00:00.000,2027-06-30 00:00:00.000,"2",Application,Core,Y,221,
*,"652302000-PS-10",Produce components of intermediate complexity by performing engineering machining operations,"599",12,2018-07-01 00:00:00.000,2023-06-30 00:00:00.000,2024-06-30 00:00:00.000,2027-06-30 00:00:00.000,"3",Application,Core,Y,222,
*,"652302000-PS-11","Perform complex machining operations,","599",24,2018-07-01 00:00:00.000,2023-06-30 00:00:00.000,2024-06-30 00:00:00.000,2027-06-30 00:00:00.000,"4",Application,Core,Y,223,
*,"652302000-WM-01",Fabrication processes in an engineering workshop,"599",20,2018-07-01 00:00:00.000,2023-06-30 00:00:00.000,2024-06-30 00:00:00.000,2027-06-30 00:00:00.000,"2",Work experience,Core,Y,224,
*,"652302000-WM-02",Routine mechanical component and machine maintenance processes,"599",40,2018-07-01 00:00:00.000,2023-06-30 00:00:00.000,2024-06-30 00:00:00.000,2027-06-30 00:00:00.000,"3",Work experience,Core,Y,225,
*,"652302000-WM-03",Maintenance planning and communication processes,"599",10,2018-07-01 00:00:00.000,2023-06-30 00:00:00.000,2024-06-30 00:00:00.000,2027-06-30 00:00:00.000,"3",Work experience,Core,Y,226,
*,"652302000-WM-04",Repair mechanical faults on mechanical sub-assemblies and machines,"599",60,2018-07-01 00:00:00.000,2023-06-30 00:00:00.000,2024-06-30 00:00:00.000,2027-06-30 00:00:00.000,"4",Work experience,Core,Y,227,
*,"652302000-WM-05",Overhauling processes in an engineering workshop,"599",60,2018-07-01 00:00:00.000,2023-06-30 00:00:00.000,2024-06-30 00:00:00.000,2027-06-30 00:00:00.000,"4",Work experience,Core,Y,228,
*,MQA/R/003233,Basic engineering theory,"599",32,2018-07-01 00:00:00.000,2023-06-30 00:00:00.000,2024-06-30 00:00:00.000,2027-06-30 00:00:00.000,"3",Knowledge,Core,Y,229,
*,"653303000-KM-02",Fitting Theory,"599",38,2018-07-01 00:00:00.000,2023-06-30 00:00:00.000,2024-06-30 00:00:00.000,2027-06-30 00:00:00.000,"4",Knowledge,Core,Y,230,
*,"652302000-WM-06",Structured planning and communication processes in the workplace,"599",60,2018-07-01 00:00:00.000,2023-06-30 00:00:00.000,2024-06-30 00:00:00.000,2027-06-30 00:00:00.000,"4",Work experience,Core,Y,231,
*,"653303000-PS-01",Fabricate simple components or work pieces using basic hand skills and hand tools,"599",6,2018-07-01 00:00:00.000,2023-06-30 00:00:00.000,2024-06-30 00:00:00.000,2027-06-30 00:00:00.000,"2",Application,Core,Y,232,
*,"653303000-PS-02",Fabricate components or work pieces using power tools or machinery,"599",6,2018-07-01 00:00:00.000,2023-06-30 00:00:00.000,2024-06-30 00:00:00.000,2027-06-30 00:00:00.000,"3",Application,Core,Y,233,
*,"652302000-WM-07",Machining processes to design specifications of a range of work pieces from different materials,"599",60,2018-07-01 00:00:00.000,2023-06-30 00:00:00.000,2024-06-30 00:00:00.000,2027-06-30 00:00:00.000,"4",Work experience,Core,Y,234,
*,"653303000-PS-03","Dissemble, clean and inspect mechanical sub assemblies","599",6,2018-07-01 00:00:00.000,2023-06-30 00:00:00.000,2024-06-30 00:00:00.000,2027-06-30 00:00:00.000,"3",Application,Core,Y,235,
*,"652302000-WM-08",Engineering workshop control processes,"599",10,2018-07-01 00:00:00.000,2023-06-30 00:00:00.000,2024-06-30 00:00:00.000,2027-06-30 00:00:00.000,"4",Work experience,Core,Y,236,
*,"653303000-PS-04",Replace components and assemble mechanical sub-assemblies and machines,"599",6,2018-07-01 00:00:00.000,2023-06-30 00:00:00.000,2024-06-30 00:00:00.000,2027-06-30 00:00:00.000,"3",Application,Core,Y,237,
*,"653303000-PS-05",Do fault finding on mechanical sub-assemblies and machines,"629",12,2018-07-01 00:00:00.000,2023-06-30 00:00:00.000,2024-06-30 00:00:00.000,2027-06-30 00:00:00.000,"4",Knowledge,Core,Y,238,
*,"653303000-PS-06",Repair mechanical sub-assemblies and machines,"599",12,2018-07-01 00:00:00.000,2023-06-30 00:00:00.000,2024-06-30 00:00:00.000,2027-06-30 00:00:00.000,"4",Application,Core,Y,239,
*,"653303000-PS-07",Install and commission mechanical sub-assemblies and machines,"599",12,2018-07-01 00:00:00.000,2023-06-30 00:00:00.000,2024-06-30 00:00:00.000,2027-06-30 00:00:00.000,"4",Application,Core,Y,240,
*,"653303000-PS-08",Overhaul mechanical sub-assemblies and machines,"599",20,2018-07-01 00:00:00.000,2023-06-30 00:00:00.000,2024-06-30 00:00:00.000,2027-06-30 00:00:00.000,"4",Application,Core,Y,241,
*,"653303000-WM-01",Fabrication processes in an engineering workshop,"599",6,2018-07-01 00:00:00.000,2023-06-30 00:00:00.000,2024-06-30 00:00:00.000,2027-06-30 00:00:00.000,"2",Work experience,Core,Y,242,
*,"653303000-WM-02",Routine mechanical component and machine maintenance processes,"599",40,2018-07-01 00:00:00.000,2023-06-30 00:00:00.000,2024-06-30 00:00:00.000,2027-06-30 00:00:00.000,"3",Work experience,Core,Y,243,
*,"653303000-WM-03",Maintenance planning and communication processes,"599",10,2018-07-01 00:00:00.000,2023-06-30 00:00:00.000,2024-06-30 00:00:00.000,2027-06-30 00:00:00.000,"3",Work experience,Core,Y,244,
*,"653303000-WM-04",Repair mechanical faults on mechanical sub-assemblies and machines,"599",12,2018-07-01 00:00:00.000,2023-06-30 00:00:00.000,2024-06-30 00:00:00.000,2027-06-30 00:00:00.000,"4",Work experience,Core,Y,245,
*,"653303000-WM-05",Overhauling processes in an engineering workshop,"599",20,2018-07-01 00:00:00.000,2023-06-30 00:00:00.000,2024-06-30 00:00:00.000,2027-06-30 00:00:00.000,"4",Work experience,Core,Y,246,
*,"653303000-WM-06",Structured planning and communication processes in the workplace,"599",60,2018-07-01 00:00:00.000,2023-06-30 00:00:00.000,2024-06-30 00:00:00.000,2027-06-30 00:00:00.000,"4",Work experience,Core,Y,247,
*,"653303000-WM-07",Engineering workshop control processes,"599",10,2018-07-01 00:00:00.000,2023-06-30 00:00:00.000,2024-06-30 00:00:00.000,2027-06-30 00:00:00.000,"4",Work experience,Core,Y,248,
*,"653303000-KM-01",Basic engineering theory,"599",32,2018-07-01 00:00:00.000,2023-06-30 00:00:00.000,2024-06-30 00:00:00.000,2027-06-30 00:00:00.000,"3",Knowledge,Core,Y,249,
*,"651202000-KM-01",Introduction to the welding trade,"559",2,2018-07-01 00:00:00.000,2023-06-30 00:00:00.000,2024-06-30 00:00:00.000,2027-06-30 00:00:00.000,"2",Knowledge,Core,Y,250,
*,"651202000-KM-02","Occupational Safety, Health and Environmental Protection","559",4,2018-07-01 00:00:00.000,2023-06-30 00:00:00.000,2024-06-30 00:00:00.000,2027-06-30 00:00:00.000,"2",Knowledge,Core,Y,251,
*,"651202000-KM-03","Welding schematics, calculations, welds and welded joints","559",6,2018-07-01 00:00:00.000,2023-06-30 00:00:00.000,2024-06-30 00:00:00.000,2027-06-30 00:00:00.000,"2",Knowledge,Core,Y,252,
*,"651202000-KM-04",Weld imperfections,"559",2,2018-07-01 00:00:00.000,2023-06-30 00:00:00.000,2024-06-30 00:00:00.000,2027-06-30 00:00:00.000,"2",Knowledge,Core,Y,253,
*,"651202000-KM-05",Cutting and gouging,"559",2,2018-07-01 00:00:00.000,2023-06-30 00:00:00.000,2024-06-30 00:00:00.000,2027-06-30 00:00:00.000,"2",Knowledge,Core,Y,254,
*,"651202000-KM-06",Welding consumable classification and handling,"559",4,2018-07-01 00:00:00.000,2023-06-30 00:00:00.000,2024-06-30 00:00:00.000,2027-06-30 00:00:00.000,"2",Knowledge,Core,Y,255,
*,"651202000-KM-07",Metals and weldability of metals,"559",8,2018-07-01 00:00:00.000,2023-06-30 00:00:00.000,2024-06-30 00:00:00.000,2027-06-30 00:00:00.000,"3",Knowledge,Core,Y,256,
*,"651202000-KM-08",Fusion welding,"559",6,2018-07-01 00:00:00.000,2023-06-30 00:00:00.000,2024-06-30 00:00:00.000,2027-06-30 00:00:00.000,"3",Knowledge,Core,Y,257,
*,"651202000-KM-09",Arc welding,"559",8,2018-07-01 00:00:00.000,2023-06-30 00:00:00.000,2024-06-30 00:00:00.000,2027-06-30 00:00:00.000,"3",Knowledge,Core,Y,258,
*,"651202000-KM-10",Gas welding and cutting,"559",4,2018-07-01 00:00:00.000,2023-06-30 00:00:00.000,2024-06-30 00:00:00.000,2027-06-30 00:00:00.000,"3",Knowledge,Core,Y,259,
*,"651202000-KM-11","Welding codes, standards and parameters","559",6,2018-06-30 00:00:00.000,2023-06-30 00:00:00.000,2024-06-30 00:00:00.000,2027-06-30 00:00:00.000,"4",Knowledge,Core,Y,260,
*,"651202000-KM-12","Shrinkage, residual stress and distortion","559",4,2018-07-01 00:00:00.000,2023-06-30 00:00:00.000,2024-06-30 00:00:00.000,2027-06-30 00:00:00.000,"4",Knowledge,Core,Y,261,
*,"651202000-KM-13",Manual Metal Arc (MMA) welding process,"559",7,2018-07-01 00:00:00.000,2023-06-30 00:00:00.000,2024-06-30 00:00:00.000,2027-06-30 00:00:00.000,"4",Knowledge,Core,Y,262,
*,"651202000-KM-14",The Metal Inert Gas/Metal Active Gas/Flux Cored Arc (MIG/MAG/FCAW) welding process,"559",7,2018-07-01 00:00:00.000,2023-06-30 00:00:00.000,2024-06-30 00:00:00.000,2027-06-30 00:00:00.000,"7",Knowledge,Core,Y,263,
*,"651202000-KM-15",Manual Metal Arc (MMA) welding process,"559",7,2018-07-01 00:00:00.000,2023-06-30 00:00:00.000,2024-06-30 00:00:00.000,2027-06-30 00:00:00.000,"4",Knowledge,Core,Y,264,
*,"651202000-KM-16",Welding inspection and quality,"559",4,2018-07-01 00:00:00.000,2023-06-30 00:00:00.000,2024-06-30 00:00:00.000,2027-06-30 00:00:00.000,"4",Knowledge,Core,Y,265,
*,"651202000-PM-01",Fabricate simple components or work pieces,"559",4,2018-07-01 00:00:00.000,2023-06-30 00:00:00.000,2024-06-30 00:00:00.000,2027-06-30 00:00:00.000,"2",Application,Core,Y,266,
*,"651202000-PM-02","Cut, gouge and gas weld material manually","559",12,2018-07-01 00:00:00.000,2023-06-30 00:00:00.000,2024-06-30 00:00:00.000,2027-06-30 00:00:00.000,"2",Application,Core,Y,267,
*,"651202000-PM-03",Perform fillet welds using the Shielded Metal Arc Welding process,"559",12,2018-07-01 00:00:00.000,2023-06-30 00:00:00.000,2024-06-30 00:00:00.000,2027-06-30 00:00:00.000,"3",Application,Core,Y,268,
*,"651202000-PM-04",Perform fillet welds using the Gas Metal Arc Welding process,"559",12,2018-07-01 00:00:00.000,2023-06-30 00:00:00.000,2024-06-30 00:00:00.000,2027-06-30 00:00:00.000,"3",Application,Core,Y,269,
*,"651202000-PM-05",Perform fillet welds using the Gas Tungsten Arc Welding process,"559",16,2018-07-01 00:00:00.000,2023-06-30 00:00:00.000,2024-06-30 00:00:00.000,2027-06-30 00:00:00.000,"3",Application,Core,Y,270,
*,"651202-PM-06",Perform plate butt welds using the Shielded Metal Arc Welding process,"559",16,2018-07-01 00:00:00.000,2023-06-30 00:00:00.000,2024-06-30 00:00:00.000,2027-06-30 00:00:00.000,"4",Application,Core,Y,271,
*,"651202000-PM-07",Perform plate butt welds using the Gas Metal Arc Welding process,"559",16,2018-07-01 00:00:00.000,2023-06-30 00:00:00.000,2024-06-30 00:00:00.000,2027-06-30 00:00:00.000,"4",Application,Core,Y,272,
*,"651202000-PM-08",Perform plate butt welds using the Gas Tungsten Arc Welding process,"559",16,2018-07-01 00:00:00.000,2023-06-30 00:00:00.000,2024-06-30 00:00:00.000,2027-06-30 00:00:00.000,"4",Application,Core,Y,273,
*,"651202000-PM-09",Perform pipe welds using the Shielded Metal Arc Welding process,"559",16,2018-07-01 00:00:00.000,2023-06-30 00:00:00.000,2024-06-30 00:00:00.000,2027-06-30 00:00:00.000,"4",Application,Core,Y,274,
*,"651202000-PM-10",Perform pipe welds using the Gas Metal Arc Welding process,"559",16,2018-07-01 00:00:00.000,2023-06-30 00:00:00.000,2024-06-30 00:00:00.000,2027-06-30 00:00:00.000,"4",Application,Core,Y,275,
*,"651202000-PM-11",Perform pipe welds using the Gas Tungsten Arc Welding process,"559",20,2018-07-01 00:00:00.000,2023-06-30 00:00:00.000,2024-06-30 00:00:00.000,2027-06-30 00:00:00.000,"4",Application,Core,Y,276,
*,"651202000-WM-01",Cut and gouge a range of materials in the workplace,"559",8,2018-07-01 00:00:00.000,2023-06-30 00:00:00.000,2024-06-30 00:00:00.000,2027-06-30 00:00:00.000,"2",Work experience,Core,Y,277,
*,"651202000-WM-02",Produce a range of fillet welds using various welding processes in a workplace,"559",40,2018-07-01 00:00:00.000,2023-06-30 00:00:00.000,2024-06-30 00:00:00.000,2027-06-30 00:00:00.000,"4",Work experience,Core,Y,278,
*,"651202000-WM-03","Care for, control and handle consumables and materials in a workshop","559",4,2018-07-01 00:00:00.000,2023-06-30 00:00:00.000,2024-06-30 00:00:00.000,2027-06-30 00:00:00.000,"2",Work experience,Core,Y,279,
*,"651202000-WM-04",Produce a range of plate welds using various welding processes in a workplace,"559",40,2018-07-01 00:00:00.000,2023-06-30 00:00:00.000,2024-06-30 00:00:00.000,2027-06-30 00:00:00.000,"4",Work experience,Core,Y,280,
*,"651202000-WM-05","Team work, communication and reporting in the workplace","559",8,2018-07-01 00:00:00.000,2023-06-30 00:00:00.000,2024-06-30 00:00:00.000,2027-06-30 00:00:00.000,"3",Work experience,Core,Y,281,
*,"651202-WM-06",Produce a range of pipe welds using various welding processes in a workplace,"559",52,2018-07-01 00:00:00.000,2023-06-30 00:00:00.000,2024-06-30 00:00:00.000,2027-06-30 00:00:00.000,"4",Work experience,Core,Y,282,
*,"653307000-KM-01",Workplace fundamentals,"599",9,2018-07-01 00:00:00.000,2023-06-30 00:00:00.000,2024-06-30 00:00:00.000,2027-06-30 00:00:00.000,"2",Knowledge,Core,Y,283,
*,"653307000-KM-02",Foundational concepts for mechanics,"599",14,2018-07-01 00:00:00.000,2023-06-30 00:00:00.000,2024-06-30 00:00:00.000,2027-06-30 00:00:00.000,"2",Knowledge,Core,Y,284,
*,"653307000-KM-03",Vehicle and equipment fundamentals,"599",8,2018-07-01 00:00:00.000,2023-06-30 00:00:00.000,2024-06-30 00:00:00.000,2027-06-30 00:00:00.000,"2",Knowledge,Core,Y,285,
*,"653307000-KM-04",Basic engine systems,"599",8,2018-07-01 00:00:00.000,2023-06-30 00:00:00.000,2024-06-30 00:00:00.000,2027-06-30 00:00:00.000,"2",Knowledge,Core,Y,286,
*,"653307000-KM-05","Vehicle, equipment and propulsion systems","599",13,2018-07-01 00:00:00.000,2023-06-30 00:00:00.000,2024-07-01 00:00:00.000,2027-06-30 00:00:00.000,"3",Knowledge,Core,Y,287,
*,"653307000-KM-06","Electrical systems and basic electronic, hydraulic and pneumatic principles","599",16,2018-07-01 00:00:00.000,2023-06-30 00:00:00.000,2024-06-30 00:00:00.000,2027-06-30 00:00:00.000,"3",Knowledge,Core,Y,288,
*,"653307000-KM-07",Advanced vehicle and equipment systems,"599",30,2018-07-01 00:00:00.000,2023-06-30 00:00:00.000,2024-06-30 00:00:00.000,2027-06-30 00:00:00.000,"4",Knowledge,Core,Y,289,
*,"653307000-KM-08",Problem solving and engine optimisation,"599",10,2018-07-01 00:00:00.000,2023-06-30 00:00:00.000,2024-06-30 00:00:00.000,2027-06-30 00:00:00.000,"4",Knowledge,Core,Y,290,
*,"653307000-PM-01",Work safely,"629",10,2018-07-01 00:00:00.000,2023-06-30 00:00:00.000,2024-06-30 00:00:00.000,2027-06-30 00:00:00.000,"2",Application,Core,Y,291,
*,"653307000-PM-02",Use tools and equipment,"599",12,2018-07-01 00:00:00.000,2023-06-30 00:00:00.000,2024-06-30 00:00:00.000,2027-06-30 00:00:00.000,"2",Application,Core,Y,292,
*,"653307000-PM-03","Remove and install mechanical components (gaskets, seals, bearings and locking devices)","599",10,2018-07-01 00:00:00.000,2023-06-30 00:00:00.000,2024-06-30 00:00:00.000,2027-06-30 00:00:00.000,"2",Application,Core,Y,293,
*,"653307000-PM-04",Work with electrical and fluid power components,"599",10,2018-07-01 00:00:00.000,2023-06-30 00:00:00.000,2024-06-30 00:00:00.000,2027-06-30 00:00:00.000,"2",Application,Core,Y,294,
*,"653307000-PM-05",Maintain and service heavy equipment system components,"599",15,2018-07-01 00:00:00.000,2023-06-30 00:00:00.000,2024-06-30 00:00:00.000,2027-06-30 00:00:00.000,"2",Application,Core,Y,295,
*,"653307000-PM-06","Dismantle, assess and reassemble heavy equipment diesel cylinder heads and sub-assemblies","599",20,2018-07-01 00:00:00.000,2023-06-30 00:00:00.000,2024-06-30 00:00:00.000,2027-06-30 00:00:00.000,"3",Application,Core,Y,296,
*,"653307000-PM-07","Dismantle, assess and reassemble heavy equipment power train systems","599",20,2018-07-01 00:00:00.000,2023-06-30 00:00:00.000,2024-06-30 00:00:00.000,2027-06-30 00:00:00.000,"3",Application,Core,Y,297,
*,"653307000-PM-08","Remove, test, repair and refit heavy equipment components and parts","599",15,2018-07-01 00:00:00.000,2023-06-30 00:00:00.000,2024-06-30 00:00:00.000,2027-06-30 00:00:00.000,"3",Application,Core,Y,298,
*,"653307000-PM-09",Diagnose and repair Heavy Equipment Mechanical systems,"599",26,2018-07-01 00:00:00.000,2023-06-30 00:00:00.000,2024-06-30 00:00:00.000,2027-06-30 00:00:00.000,"4",Application,Core,Y,299,
*,"653307000-PM-10",Diagnose and repair heavy equipment electrical systems,"629",12,2018-07-01 00:00:00.000,2023-06-30 00:00:00.000,2024-06-30 00:00:00.000,2027-06-30 00:00:00.000,"4",Application,Core,Y,300,
*,"653307000-PM-11",Diagnose and repair heavy equipment electronically controlled systems,"599",12,2018-07-01 00:00:00.000,2023-06-30 00:00:00.000,2024-06-30 00:00:00.000,2027-06-30 00:00:00.000,"4",Application,Core,Y,301,
*,"653307000-WM-01",Routine scheduled services,"599",24,2018-07-01 00:00:00.000,2023-06-30 00:00:00.000,2024-06-30 00:00:00.000,2027-06-30 00:00:00.000,"2",Work experience,Core,Y,302,
*,"653307000-WM-03",Removal and replacement of heavy equipment drive train components,"599",32,2018-07-01 00:00:00.000,2023-06-30 00:00:00.000,2024-06-30 00:00:00.000,2027-06-30 00:00:00.000,"3",Work experience,Core,Y,303,
*,"653307000-WM-04",Heavy equipment diesel engine removal and installation processes,"599",6,2018-07-01 00:00:00.000,2023-06-30 00:00:00.000,2024-06-30 00:00:00.000,2027-06-30 00:00:00.000,"3",Work experience,Core,Y,304,
*,"653307000-WM-05",Removal and replacement of heavy equipment hydraulic system components,"599",32,2018-07-01 00:00:00.000,2023-06-30 00:00:00.000,2024-06-30 00:00:00.000,2027-06-30 00:00:00.000,"3",Work experience,Core,Y,305,
*,"653307000-WM-06","Diagnosis and repair of heavy equipment electrical systems (charging, starting, lighting and auxiliary)","599",12,2018-07-01 00:00:00.000,2023-06-30 00:00:00.000,2024-06-30 00:00:00.000,2027-06-30 00:00:00.000,"4",Work experience,Core,Y,306,
*,"653307000-WM-07",Diagnosis and repair of heavy equipment diesel engine electronic control systems,"599",20,2018-07-01 00:00:00.000,2023-06-30 00:00:00.000,2024-06-30 00:00:00.000,2027-06-30 00:00:00.000,"4",Work experience,Core,Y,307,
*,"653307000-WM-08",Diagnosis and repair of heavy equipment diesel engines and engine sub-systems,"599",20,2018-07-01 00:00:00.000,2023-06-30 00:00:00.000,2024-06-30 00:00:00.000,2027-06-30 00:00:00.000,"4",Work experience,Core,Y,308,
*,"653307000-WM-09",Diagnosis and repair of heavy equipment hydraulic systems,"599",30,2018-07-01 00:00:00.000,2023-06-30 00:00:00.000,2024-06-30 00:00:00.000,2027-06-30 00:00:00.000,"4",Work experience,Core,Y,309,
*,"653307000-WM-10",Diagnosis and repair of heavy equipment brake systems,"599",20,2018-07-01 00:00:00.000,2023-06-30 00:00:00.000,2024-06-30 00:00:00.000,2027-06-30 00:00:00.000,"4",Work experience,Core,Y,310,
*,"653307000-WM-11",Diagnosis and repair of heavy equipment drive train systems,"599",30,2018-07-01 00:00:00.000,2023-06-30 00:00:00.000,2024-06-30 00:00:00.000,2027-06-30 00:00:00.000,"4",Work experience,Core,Y,311,
*,"653307000-WM-12",Diagnosis and repair of heavy equipment steering and suspension systems,"599",20,2018-07-01 00:00:00.000,2023-06-30 00:00:00.000,2024-06-30 00:00:00.000,2027-06-30 00:00:00.000,"4",Work experience,Core,Y,312,
*,"653307000-WM-02",Removal and replacement of heavy equipment diesel engine sub-system components (including batteries),"599",24,2018-07-01 00:00:00.000,2023-06-30 00:00:00.000,2024-06-30 00:00:00.000,2027-06-30 00:00:00.000,"3",Work experience,Core,Y,313,
*,"651501-000-00-00-KM-01",The world of the rigger,"629",8,2018-09-12 00:00:00.000,2023-09-12 00:00:00.000,2024-09-12 00:00:00.000,2027-09-12 00:00:00.000,"3",Knowledge,Core,Y,314,
*,"651501-000-00-00-KM-02",Shielded metal arc welding and gas-cutting,"629",3,2018-09-12 00:00:00.000,2023-09-12 00:00:00.000,2024-09-12 00:00:00.000,2027-09-12 00:00:00.000,"2",Knowledge,Core,Y,315,
*,"651501-000-00-00-KM-03",Tools and equipment,"629",7,2018-09-12 00:00:00.000,2023-09-12 00:00:00.000,2024-09-12 00:00:00.000,2027-09-12 00:00:00.000,"2",Knowledge,Core,Y,316,
*,"651501-000-00-00-KM-04","Engineering materials, drawings and sketches","629",5,2018-09-12 00:00:00.000,2023-09-12 00:00:00.000,2024-09-12 00:00:00.000,2027-09-12 00:00:00.000,"2",Knowledge,Core,Y,317,
*,"651501-000-00-00-KM-05","Scaffolding, working at heights, fall protection systems and ladders","629",16,2018-09-12 00:00:00.000,2023-09-12 00:00:00.000,2024-09-12 00:00:00.000,2027-09-12 00:00:00.000,"2",Knowledge,Core,Y,318,
*,"651501-000-00-00-KM-06",Supervision of scaffolding operations up to 6m,"629",11,2018-09-12 00:00:00.000,2023-09-12 00:00:00.000,2024-09-12 00:00:00.000,2027-09-12 00:00:00.000,"3",Knowledge,Core,Y,319,
*,"651501-000-00-00-KM-07",Access scaffolding inspection,"629",10,2018-09-12 00:00:00.000,2023-09-12 00:00:00.000,2024-09-12 00:00:00.000,2027-09-12 00:00:00.000,"4",Knowledge,Core,Y,320,
*,"651501-000-00-00-KM-08","Ropes, knots, bends and hitches, lashings, attachments and splices","629",10,2018-09-12 00:00:00.000,2023-09-12 00:00:00.000,2024-09-12 00:00:00.000,2027-09-12 00:00:00.000,"2",Knowledge,Core,Y,321,
*,"651501-000-00-00-KM-09",Steel wire ropes,"629",8,2018-09-12 00:00:00.000,2023-09-12 00:00:00.000,2024-09-12 00:00:00.000,2027-09-12 00:00:00.000,"3",Knowledge,Core,Y,322,
*,"651501-000-00-00-KM-10","Winder ropes, safety detaching hooks and sheave wheels","629",11,2018-09-12 00:00:00.000,2023-09-12 00:00:00.000,2024-09-12 00:00:00.000,2027-09-12 00:00:00.000,"4",Knowledge,Core,Y,323,
*,"651501-000-00-00-KM-11","Basic slinging and lifting, and load securing operations","629",15,2018-09-12 00:00:00.000,2023-09-12 00:00:00.000,2024-09-12 00:00:00.000,2027-09-12 00:00:00.000,"2",Knowledge,Core,Y,324,
*,"651501-000-00-00-KM-12",Slinging and intermediate lifting methods,"629",25,2018-09-12 00:00:00.000,2023-09-12 00:00:00.000,2024-09-12 00:00:00.000,2027-09-12 00:00:00.000,"3",Knowledge,Core,Y,325,
*,"651501-000-00-00-KM-13",Lifting equipment and machines (excluding hand powered lifting devices),"629",6,2018-09-12 00:00:00.000,2023-09-12 00:00:00.000,2024-09-12 00:00:00.000,2027-09-12 00:00:00.000,"3",Knowledge,Core,Y,326,
*,"651501-000-00-00-KM-14",Advanced lifting methods,"629",24,2018-09-12 00:00:00.000,2023-09-12 00:00:00.000,2024-09-12 00:00:00.000,2027-09-12 00:00:00.000,"4",Knowledge,Core,Y,327,
*,"651501-000-00-00-KM-15",Management-related activities,"629",4,2018-09-12 00:00:00.000,2023-09-12 00:00:00.000,2024-09-12 00:00:00.000,2027-09-12 00:00:00.000,"4",Knowledge,Core,Y,328,
*,"651501-000-00-00-PM-01",Work safely and respond to emergencies,"629",4,2018-09-12 00:00:00.000,2023-09-12 00:00:00.000,2024-09-12 00:00:00.000,2027-09-12 00:00:00.000,"2",Application,Core,Y,329,
*,"651501-000-00-00-PM-02","Fabricate simple components, manufacture basic rigging hand tools using hand, power and measuring tools and equipment","629",16,2018-09-12 00:00:00.000,2023-09-12 00:00:00.000,2024-09-12 00:00:00.000,2027-09-12 00:00:00.000,"2",Application,Core,Y,330,
*,"651501-000-00-00-PM-03",Arc weld and gas cut metals,"629",5,2018-09-12 00:00:00.000,2023-09-12 00:00:00.000,2023-09-12 00:00:00.000,2027-09-12 00:00:00.000,"2",Application,Core,Y,331,
*,"651501-000-00-00-PM-04",Interpret engineering drawings,"629",3,2018-09-12 00:00:00.000,2023-09-12 00:00:00.000,2024-09-12 00:00:00.000,2027-09-12 00:00:00.000,"2",Application,Core,Y,332,
*,"651501-000-00-00-PM-05",Work at heights,"629",4,2018-09-12 00:00:00.000,2023-09-12 00:00:00.000,2024-09-12 00:00:00.000,2027-09-12 00:00:00.000,"2",Application,Core,Y,333,
*,"651501-000-00-00-PM-06","Erect and dismantle scaffolding, and use ladders","629",8,2018-09-12 00:00:00.000,2023-09-12 00:00:00.000,2024-09-12 00:00:00.000,2027-09-12 00:00:00.000,"2",Application,Core,Y,334,
*,"651501-000-00-00-PM-07",Supervise scaffolding operations up to 6m,"629",8,2018-09-12 00:00:00.000,2023-09-12 00:00:00.000,2024-09-12 00:00:00.000,2027-09-12 00:00:00.000,"3",Application,Core,Y,335,
*,"651501-000-00-00-PM-08",Inspect access scaffolding,"629",8,2018-09-12 00:00:00.000,2023-09-12 00:00:00.000,2024-09-12 00:00:00.000,2027-09-12 00:00:00.000,"4",Application,Core,Y,336,
*,"651501-000-00-00-PM-09","Work with fibre rope, make a steel wire rope specimen","629",8,2018-09-12 00:00:00.000,2023-09-12 00:00:00.000,2024-09-12 00:00:00.000,2027-09-12 00:00:00.000,"2",Application,Core,Y,337,
*,"651501-000-00-00-PM-10",Work with steel wire ropes,"629",9,2018-09-12 00:00:00.000,2023-09-12 00:00:00.000,2024-09-12 00:00:00.000,2027-09-12 00:00:00.000,"3",Application,Core,Y,338,
*,"651501-000-00-00-PM-11",Work with winder ropes and sheave wheel,"629",9,2018-09-12 00:00:00.000,2023-09-12 00:00:00.000,2024-09-12 00:00:00.000,2027-09-12 00:00:00.000,"4",Application,Core,Y,339,
*,"651501-000-00-00-PM-12","Sling, lift and secure loads for transportation","629",13,2018-09-12 00:00:00.000,2023-09-12 00:00:00.000,2024-09-12 00:00:00.000,2027-09-12 00:00:00.000,"2",Application,Core,Y,340,
*,"651501-000-00-00-PM-13",Sling complex loads and use intermediate lifting methods to lift loads,"629",26,2018-09-12 00:00:00.000,2023-09-12 00:00:00.000,2024-09-12 00:00:00.000,2027-09-12 00:00:00.000,"3",Application,Core,Y,341,
*,"651501-000-00-00-PM-14",Lift loads using advanced lifting methods,"629",38,2018-09-12 00:00:00.000,2023-09-12 00:00:00.000,2024-09-12 00:00:00.000,2027-09-12 00:00:00.000,"4",Application,Core,Y,342,
*,"651501-000-00-00-PM-15",Perform management-related tasks,"629",5,2018-09-12 00:00:00.000,2023-09-12 00:00:00.000,2024-09-12 00:00:00.000,2027-09-12 00:00:00.000,"4",Application,Core,Y,343,
*,"671208001-KM-01","Concepts of Occupational Health, Safety and Quality","629",6,2018-07-01 00:00:00.000,2023-06-30 00:00:00.000,2024-06-30 00:00:00.000,2027-06-30 00:00:00.000,"2",Knowledge,Core,Y,344,
*,"671208001-KM-02","Tools, Equipment, Materials in the Auto Electrical Environment","629",3,2018-07-01 00:00:00.000,2023-06-30 00:00:00.000,2024-06-30 00:00:00.000,2027-06-30 00:00:00.000,"2",Knowledge,Core,Y,345,
*,"671208001-KM-03",Fundamentals of Auxiliary Auto-Electrical Equipment,"629",4,2018-07-01 00:00:00.000,2023-06-30 00:00:00.000,2024-06-30 00:00:00.000,2027-06-30 00:00:00.000,"3",Knowledge,Core,Y,346,
*,"671208001-KM-04",Fundamentals of Fuel Injection and Engine Control,"629",7,2018-07-01 00:00:00.000,2023-06-30 00:00:00.000,2024-06-30 00:00:00.000,2027-06-30 00:00:00.000,"4",Knowledge,Core,Y,347,
*,"671208001-KM-05",Fundamentals of Automotive Mechanical Technology,"629",6,2018-07-01 00:00:00.000,2023-06-30 00:00:00.000,2024-06-30 00:00:00.000,2027-06-30 00:00:00.000,"3",Knowledge,Core,Y,348,
*,"671208001-KM-06",Theory and Principles of Auto Electricity,"629",8,2018-07-01 00:00:00.000,2023-06-30 00:00:00.000,2024-06-30 00:00:00.000,2027-06-30 00:00:00.000,"2",Knowledge,Core,Y,349,
*,"671208001-KM-07",Principles of Electricity and Electronics for Trouble Shooting and Repair,"629",7,2018-07-01 00:00:00.000,2023-06-30 00:00:00.000,2024-06-30 00:00:00.000,2027-06-30 00:00:00.000,"3",Knowledge,Core,Y,350,
*,"671208001-KM-08",Fundamentals of Technical Information for Auto-electrical Systems,"629",4,2018-07-01 00:00:00.000,2023-06-30 00:00:00.000,2024-06-30 00:00:00.000,2027-06-30 00:00:00.000,"3",Knowledge,Core,Y,351,
*,"671208001-KM-09",Automobile Batteries and Battery System Components,"629",3,2018-07-01 00:00:00.000,2023-06-30 00:00:00.000,2024-06-30 00:00:00.000,2027-06-30 00:00:00.000,"2",Knowledge,Core,Y,352,
*,"671208001-KM-10","Automotive Systems (Networking and Data Transfer Systems, Climate control systems, Convenience systems)","629",10,2018-07-01 00:00:00.000,2023-06-30 00:00:00.000,2024-06-30 00:00:00.000,2027-06-30 00:00:00.000,"4",Knowledge,Core,Y,353,
*,"671208001-KM-11","Automotive Systems (Ignition, Starting, Charging)","629",10,2018-07-01 00:00:00.000,2023-06-30 00:00:00.000,2024-06-30 00:00:00.000,2027-06-30 00:00:00.000,"3",Knowledge,Core,Y,354,
*,"671208001-KM-12",Safety and drive control systems,"629",6,2018-07-01 00:00:00.000,2023-06-30 00:00:00.000,2024-06-30 00:00:00.000,2027-06-30 00:00:00.000,"4",Knowledge,Core,Y,355,
*,"671208001-PM-01",Remove and replace auto electrical components,"629",6,2018-07-01 00:00:00.000,2023-06-30 00:00:00.000,2024-06-30 00:00:00.000,2027-06-30 00:00:00.000,"2",Application,Core,Y,356,
*,"671208001-PM-02",Test and diagnose automotive batteries,"629",3,2018-07-01 00:00:00.000,2023-06-30 00:00:00.000,2024-06-30 00:00:00.000,2027-06-30 00:00:00.000,"2",Application,Core,Y,357,
*,"671208001-PM-03",Build and conduct fault finding on auto electrical circuits,"629",8,2018-07-01 00:00:00.000,2023-06-30 00:00:00.000,2024-06-30 00:00:00.000,2027-06-30 00:00:00.000,"2",Application,Core,Y,358,
*,"671208001-PM-04",Build auto electrical circuits and install auto electrical equipment and/or components/systems,"629",8,2018-07-01 00:00:00.000,2023-06-30 00:00:00.000,2024-06-30 00:00:00.000,2027-06-30 00:00:00.000,"3",Application,Core,Y,359,
*,"671208001-PM-05",Conduct fault finding and repair on intermediate auto electrical systems,"629",12,2018-07-01 00:00:00.000,2023-06-30 00:00:00.000,2024-06-30 00:00:00.000,2027-06-30 00:00:00.000,"3",Application,Core,Y,360,
*,"671208001-PM-06",Diagnose and repair climate control and convenience systems,"629",12,2018-07-01 00:00:00.000,2023-06-30 00:00:00.000,2024-06-30 00:00:00.000,2027-06-30 00:00:00.000,"4",Application,Core,Y,361,
*,"671208001-PM-07",Diagnose and repair safety and drive control systems,"629",10,2018-07-01 00:00:00.000,2023-06-30 00:00:00.000,2024-06-30 00:00:00.000,2027-06-30 00:00:00.000,"4",Application,Core,Y,362,
*,"671208001-PM-08",Diagnose and repair safety and drive control systems,"629",10,2018-07-01 00:00:00.000,2023-06-30 00:00:00.000,2024-06-30 00:00:00.000,2027-06-30 00:00:00.000,"4",Application,Core,Y,363,
*,"671208001-WM-01",Processes and procedures for diagnosing and fault finding of automotive electrical wiring and electrical/electronic components /systems,"629",70,2018-07-01 00:00:00.000,2023-06-30 00:00:00.000,2024-06-30 00:00:00.000,2027-06-30 00:00:00.000,"4",Work experience,Core,Y,364,
*,"671208001-WM-02","Processes and procedures for removing, repairing and/or replacing auto electrical/electronic components /systems","629",86,2018-07-01 00:00:00.000,2023-06-30 00:00:00.000,2024-06-30 00:00:00.000,2027-06-30 00:00:00.000,"4",Work experience,Core,Y,365,
*,"671208001-WM-03",Processes and procedures for the installation of automotive electrical equipment and/or components/systems,"629",60,2018-07-01 00:00:00.000,2023-06-30 00:00:00.000,2024-06-30 00:00:00.000,2027-06-30 00:00:00.000,"4",Work experience,Core,Y,366,
*,"651501-000-00-00-WM-06","Processes to lift loads using intermediate lifting techniques, and work with steel wire ropes","629",68,2018-09-12 00:00:00.000,2023-09-12 00:00:00.000,2024-09-12 00:00:00.000,2027-09-12 00:00:00.000,"3",Work experience,Core,Y,367,
*,"651501-000-00-00-WM-08",Processes to lift loads using advanced lifting techniques,"629",84,2018-09-12 00:00:00.000,2023-09-12 00:00:00.000,2024-09-12 00:00:00.000,2027-09-12 00:00:00.000,"4",Work experience,Core,Y,368,
*,"651501-000-00-00-WM-10","Processes to lift loads using advanced lifting techniques, and to examine and replace a winder rope and sheave wheel (mining sector)","629",84,2018-09-12 00:00:00.000,2023-09-12 00:00:00.000,2024-09-12 00:00:00.000,2027-09-12 00:00:00.000,"4",Work experience,Core,Y,369,
*,"651501-000-00-00-WM-11",Workplace fundamentals and health and safety processes,"629",8,2018-09-12 00:00:00.000,2023-09-12 00:00:00.000,2024-09-12 00:00:00.000,2027-09-12 00:00:00.000,"3",Work experience,Core,Y,370,
*,"651501-000-00-00-WM-01",Processes to implement fall protection plans and install lifelines,"629",8,2018-09-12 00:00:00.000,2023-09-12 00:00:00.000,2024-09-12 00:00:00.000,2027-09-12 00:00:00.000,"2",Work experience,Core,Y,371,
*,"651501-000-00-00-WM-02",Processes to erect and dismantle access scaffolding up to 6,"629",12,2018-09-12 00:00:00.000,2023-09-12 00:00:00.000,2024-09-12 00:00:00.000,2027-09-12 00:00:00.000,"2",Work experience,Core,Y,372,
*,"651501-000-00-00-WM-03",Processes to supervise scaffolding operations up to 6m,"629",12,2018-09-12 00:00:00.000,2023-09-12 00:00:00.000,2023-09-12 00:00:00.000,2027-09-12 00:00:00.000,"3",Work experience,Core,Y,373,
*,"651501-000-00-00-WM-04","Processes to sling, lift and secure loads using basic lifting techniques, and to work with fibre and steel ropes","629",40,2018-09-12 00:00:00.000,2023-09-12 00:00:00.000,2024-09-12 00:00:00.000,2027-09-12 00:00:00.000,"2",Work experience,Core,Y,374,
*,"671208-001-01-00- KM-01",Workplace Fundamentals,"629",9,2020-05-28 00:00:00.000,2025-05-28 00:00:00.000,2026-05-28 00:00:00.000,2029-05-28 00:00:00.000,"2",Knowledge,Core,Y,375,
*,"671208-001-01-00- KM-02","Concepts of Occupational Health, Safety and Quality","629",6,2020-05-28 00:00:00.000,2025-05-28 00:00:00.000,2026-05-28 00:00:00.000,2029-05-28 00:00:00.000,"2",Knowledge,Core,Y,376,
*,"671208-001-01-00- KM-03",Foundational Concepts for Automotive Electricians,"629",12,2020-05-28 00:00:00.000,2025-05-28 00:00:00.000,2026-05-28 00:00:00.000,2029-05-28 00:00:00.000,"2",Knowledge,Core,Y,377,
*,"671208-001-01-00- KM-04",Automotive Mechanical Technology,"629",12,2020-05-28 00:00:00.000,2025-05-28 00:00:00.000,2026-05-28 00:00:00.000,2029-05-28 00:00:00.000,"2",Knowledge,Core,Y,378,
*,"671208-001-01-00- KM-05",Theory and Principles of Electricity,"629",6,2020-05-28 00:00:00.000,2025-05-28 00:00:00.000,2026-05-28 00:00:00.000,2029-05-28 00:00:00.000,"2",Knowledge,Core,Y,379,
*,"671208-001-01-00- KM-06",Automotive Battery Systems,"629",2,2020-05-28 00:00:00.000,2025-05-28 00:00:00.000,2026-05-28 00:00:00.000,2029-05-28 00:00:00.000,"2",Knowledge,Core,Y,380,
*,"671208-001-01-00- KM-07",Vehicle Servicing in an Auto- electrical Environment,"629",6,2020-05-28 00:00:00.000,2025-05-28 00:00:00.000,2026-05-28 00:00:00.000,2029-05-28 00:00:00.000,"2",Knowledge,Core,Y,381,
*,"671208-001-01-00- KM-08","Electrical, Auto-electrical and Electronics in Automotive Vehicles","629",12,2020-05-28 00:00:00.000,2025-05-28 00:00:00.000,2026-05-28 00:00:00.000,2029-05-28 00:00:00.000,"3",Knowledge,Core,Y,382,
*,"671208-001-01-00- KM-09",Aftermarket Auto-electrical Systems,"629",6,2020-05-28 00:00:00.000,2025-05-28 00:00:00.000,2026-05-28 00:00:00.000,2029-05-28 00:00:00.000,"3",Knowledge,Core,Y,383,
*,"671208-001-01-00- KM-10",Conventional Charging and Starting Systems,"629",6,2020-05-28 00:00:00.000,2025-05-28 00:00:00.000,2026-05-28 00:00:00.000,2029-05-28 00:00:00.000,"4",Knowledge,Core,Y,384,
*,"671208-001-01-00- KM-11",Conventional and Basic Electronic Ignition Systems,"629",3,2020-05-28 00:00:00.000,2025-05-28 00:00:00.000,2026-05-28 00:00:00.000,2029-05-28 00:00:00.000,"4",Knowledge,Core,Y,385,
*,"671208-001-01-00- KM-12",Integrated Engine Management (Fuel injection and Ignition) Systems,"629",10,2020-05-28 00:00:00.000,2025-05-28 00:00:00.000,2026-05-28 00:00:00.000,2029-05-28 00:00:00.000,"4",Knowledge,Core,Y,386,
*,"671208-001-01-00- KM-13",Networking and Data Transfer Systems,"629",4,2020-05-28 00:00:00.000,2025-05-28 00:00:00.000,2026-05-28 00:00:00.000,2029-05-28 00:00:00.000,"4",Knowledge,Core,Y,387,
*,"671208-001-01-00- KM-14",Supplemental Restraint Systems (SRS),"629",3,2020-05-28 00:00:00.000,2025-05-28 00:00:00.000,2026-05-28 00:00:00.000,2029-05-28 00:00:00.000,"4",Knowledge,Core,Y,388,
*,"671208-001-01-00- KM-15",Alternative Drives/Hybrid and Electric Vehicles,"629",6,2020-05-28 00:00:00.000,2025-05-28 00:00:00.000,2026-05-28 00:00:00.000,2029-05-28 00:00:00.000,"4",Knowledge,Core,Y,389,
*,"671208-001-01-00- KM-16","Heating, Ventilation and Air-conditioning (HVAC) and Climate Control Systems","629",6,2020-05-28 00:00:00.000,2025-05-28 00:00:00.000,2026-05-28 00:00:00.000,2029-05-28 00:00:00.000,"4",Knowledge,Core,Y,390,
*,"671208-001-01-00- KM-17","Convenience, Security and Telematics Systems","629",7,2020-05-28 00:00:00.000,2025-05-28 00:00:00.000,2026-05-28 00:00:00.000,2029-05-28 00:00:00.000,"4",Knowledge,Core,Y,391,
*,"671208-001-01-00- KM-18","Vehicle Stability, Traction and Drive Control (VSTDC), Transmission, Braking, and Advanced Driver Assistance Systems","629",5,2020-05-28 00:00:00.000,2025-05-28 00:00:00.000,2026-05-28 00:00:00.000,2029-05-28 00:00:00.000,"4",Knowledge,Core,Y,392,
*,"671208-001-01-00- KM-19",Auto-electrical Systems,"629",5,2020-05-28 00:00:00.000,2025-05-28 00:00:00.000,2026-05-28 00:00:00.000,2029-05-28 00:00:00.000,"4",Knowledge,Core,Y,393,
*,"671208-001-01-00- PM-01",Work Safely and Respond to Emergencies,"629",2,2020-05-28 00:00:00.000,2025-05-28 00:00:00.000,2026-05-28 00:00:00.000,2029-05-28 00:00:00.000,"2",Application,Core,Y,394,
*,"671208-001-01-00- PM-02",Use Tools and Equipment,"629",20,2020-05-28 00:00:00.000,2025-05-28 00:00:00.000,2026-05-28 00:00:00.000,2029-05-28 00:00:00.000,"2",Application,Core,Y,395,
*,"671208-001-01-00- PM-03",Build and Conduct Fault-finding Activities on Auto-Electrical Circuits,"629",9,2020-05-28 00:00:00.000,2025-05-28 00:00:00.000,2026-05-28 00:00:00.000,2029-05-28 00:00:00.000,"2",Application,Core,Y,396,
*,"671208-001-01-00- PM-04","Test, Diagnose, Replace and Service Automotive Batteries and related Components","629",8,2020-05-28 00:00:00.000,2025-05-28 00:00:00.000,2026-05-28 00:00:00.000,2029-05-28 00:00:00.000,"2",Application,Core,Y,397,
*,"671208-001-01-00- PM-05",Service and Maintain Automotive Vehicles in an Auto-Electrical Environment,"629",15,2020-05-28 00:00:00.000,2025-05-28 00:00:00.000,2026-05-28 00:00:00.000,2029-05-28 00:00:00.000,"2",Application,Core,Y,398,
*,"671208-001-01-00- PM-06",Remove and Replace Original and/or Aftermarket Auto-electrical Systems and/or Components,"629",8,2020-05-28 00:00:00.000,2025-05-28 00:00:00.000,2026-05-28 00:00:00.000,2029-05-28 00:00:00.000,"3",Application,Core,Y,399,
*,"671208-001-01-00- PM-07","Test, Diagnose and Repair Conventional Starting and Charging Systems","629",8,2020-05-28 00:00:00.000,2025-05-28 00:00:00.000,2026-05-28 00:00:00.000,2029-05-28 00:00:00.000,"4",Application,Core,Y,400,
*,"671208-001-01-00- PM-08","Test, Diagnose and Repair Conventional and Basic Electronic Ignition Systems","629",12,2020-05-28 00:00:00.000,2025-05-28 00:00:00.000,2025-05-28 00:00:00.000,2029-05-28 00:00:00.000,"4",Application,Core,Y,401,
*,"671208-001-01-00- PM-09","Test, Diagnose and Repair Auto- electrical Systems","629",8,2020-05-28 00:00:00.000,2025-05-28 00:00:00.000,2026-05-28 00:00:00.000,2029-05-28 00:00:00.000,"4",Application,Core,Y,402,
*,"671208-001-01-00- PM-10","Test, Diagnose and Repair Integrated Engine Management (Fuel Injection and Ignition) Systems","629",8,2020-05-28 00:00:00.000,2025-05-28 00:00:00.000,2026-05-28 00:00:00.000,2029-05-28 00:00:00.000,"4",Application,Core,Y,403,
*,"671208-001-01-00- PM-11","Test, Diagnose and Repair Networking and Data Transfer Systems","629",8,2020-05-28 00:00:00.000,2025-05-28 00:00:00.000,2026-05-28 00:00:00.000,2029-05-28 00:00:00.000,"4",Application,Core,Y,404,
*,"671208-001-01-00- PM-12","Test, Diagnose and Repair Supplemental Restraint Systems (SRS)","629",8,2020-05-28 00:00:00.000,2025-05-28 00:00:00.000,2026-05-28 00:00:00.000,2029-05-28 00:00:00.000,"4",Application,Core,Y,405,
*,"671208-001-01-00- PM-13","Test, Diagnose and Repair Heating, Ventilation and Air-conditioning (HVAC) and Climate Control Systems","629",8,2020-05-28 00:00:00.000,2025-05-28 00:00:00.000,2026-05-28 00:00:00.000,2029-05-28 00:00:00.000,"4",Application,Core,Y,406,
*,"671208-001-01-00- PM-14","Test, Diagnose and Repair Convenience, Security and Telematics Systems","629",8,2020-05-28 00:00:00.000,2025-05-28 00:00:00.000,2026-05-28 00:00:00.000,2029-05-28 00:00:00.000,"4",Application,Core,Y,407,
*,"671208-001-01-00- PM-15","Test, Diagnose and Repair Vehicle Stability, Traction and Drive Control (VSTDC), ABS Braking, Transmission and Driver Assistance Systems","629",10,2020-05-28 00:00:00.000,2025-05-28 00:00:00.000,2026-05-28 00:00:00.000,2029-05-28 00:00:00.000,"4",Application,Core,Y,408,
*,"671208-001-01-00- WM-01","Processes for Testing, Diagnosing and Replacing Automotive Batteries and Battery System Components","629",16,2020-05-28 00:00:00.000,2025-05-28 00:00:00.000,2026-05-28 00:00:00.000,2029-05-28 00:00:00.000,"2",Work experience,Core,Y,409,
*,"671208-001-01-00- WM-02",Processes to Remove and Replace Original and/or Aftermarket Auto- electrical Systems and/or Components,"629",28,2020-05-28 00:00:00.000,2025-05-28 00:00:00.000,2026-05-28 00:00:00.000,2029-05-28 00:00:00.000,"3",Work experience,Core,Y,410,
*,"671208-001-01-00- WM-03","Processes for Testing, Diagnosing and Repairing Conventional Charging and Starting Systems","629",28,2020-05-28 00:00:00.000,2025-05-28 00:00:00.000,2026-05-28 00:00:00.000,2029-05-28 00:00:00.000,"4",Work experience,Core,Y,411,
*,"671208-001-01-00- WM-04","Processes for Testing, Diagnosing and Repairing Auto-electrical Systems","629",24,2020-05-28 00:00:00.000,2025-05-28 00:00:00.000,2026-05-28 00:00:00.000,2029-05-28 00:00:00.000,"4",Work experience,Core,Y,412,
*,"671208-001-01-00- WM-05","Processes for Testing, Diagnosing and Repairing Integrated Engine Management (Fuel Injection and Ignition) Systems","629",36,2020-05-28 00:00:00.000,2025-05-28 00:00:00.000,2026-05-28 00:00:00.000,2029-05-28 00:00:00.000,"4",Work experience,Core,Y,413,
*,"671208-001-01-00- WM-06","Processes for Testing, Diagnosing and Repairing Networking and Data Transfer Systems","629",32,2020-05-28 00:00:00.000,2025-05-28 00:00:00.000,2026-05-28 00:00:00.000,2029-05-28 00:00:00.000,"4",Work experience,Core,Y,414,
*,"671208-001-01-00- WM-07","Processes for Testing, Diagnosing and Repairing Supplemental Restraint Systems (SRS)","629",28,2020-05-28 00:00:00.000,2025-05-28 00:00:00.000,2026-05-28 00:00:00.000,2029-05-28 00:00:00.000,"4",Work experience,Core,Y,415,
*,"671208-001-01-00- WM-08","Processes for Testing, Diagnosing and Repairing Heating, Ventilation and Air-conditioning (HVAC) and Climate Control Systems","629",28,2020-05-28 00:00:00.000,2025-05-28 00:00:00.000,2026-05-28 00:00:00.000,2029-05-28 00:00:00.000,"4",Work experience,Core,Y,416,
*,"671208-001-01-00- WM-09","Processes for Testing, Diagnosing and Repairing Convenience, Security and Telematics Systems","629",36,2020-05-28 00:00:00.000,2025-05-28 00:00:00.000,2026-05-28 00:00:00.000,2029-05-28 00:00:00.000,"4",Work experience,Core,Y,417,
*,"671208-000-00-00- WM-10","Processes for Testing, Diagnosing and Repairing Vehicle Stability, Traction and Drive Control (VSTDC)","629",32,2020-05-28 00:00:00.000,2025-05-28 00:00:00.000,2026-05-28 00:00:00.000,2029-05-28 00:00:00.000,"4",Work experience,Core,Y,418,
*,"311701003-KM-01",Emergency Preparedness for Mine Ventilation (001),"629",11,2018-07-01 00:00:00.000,2026-12-30 00:00:00.000,2026-12-30 00:00:00.000,2029-12-30 00:00:00.000,"3",Knowledge,Core,Y,419,
*,"311701003-KM-02",Mine and Mineral Legislation for Ventilation (001),"629",6,2018-07-01 00:00:00.000,2026-12-30 00:00:00.000,2026-12-30 00:00:00.000,2029-12-30 00:00:00.000,"3",Knowledge,Core,Y,420,
*,"311701003-KM-03",Mine Ventilation Engineering Practice (001),"629",10,2018-07-01 00:00:00.000,2026-12-30 00:00:00.000,2026-12-30 00:00:00.000,2029-12-30 00:00:00.000,"3",Knowledge,Core,Y,421,
*,"311701003-KM-04",Occupational Hygiene Practice (001),"629",13,2018-07-01 00:00:00.000,2026-12-30 00:00:00.000,2026-12-30 00:00:00.000,2029-12-30 00:00:00.000,"3",Knowledge,Core,Y,422,
*,"311701003-PM-01","Select, check, use and maintain ventilation and occupational hygiene measurement instruments","629",16,2018-07-01 00:00:00.000,2026-12-30 00:00:00.000,2026-12-30 00:00:00.000,2029-12-30 00:00:00.000,"3",Application,Core,Y,423,
*,"311701003-PM-02",Compile mine occupational environmental condition reports,"629",8,2018-07-01 00:00:00.000,2026-12-30 00:00:00.000,2026-12-30 00:00:00.000,2029-12-30 00:00:00.000,"3",Application,Core,Y,424,
*,"311701003-PM-03",Inform workers and management regarding sub standard mine occupational environmental conditions,"629",8,2018-07-01 00:00:00.000,2026-12-30 00:00:00.000,2026-12-30 00:00:00.000,2029-12-30 00:00:00.000,"3",Application,Core,Y,425,
*,"311701003-WM-01",Exposure to the taking and recording of mine occupational environmental measurements,"629",40,2018-07-01 00:00:00.000,2026-12-30 00:00:00.000,2026-12-30 00:00:00.000,2029-12-30 00:00:00.000,"3",Work experience,Core,Y,426,
*,"311701003-WM-02",Exposure to the mining process relevant to the specific mining process being practiced on the mine,"629",25,2018-07-01 00:00:00.000,2026-12-30 00:00:00.000,2026-12-30 00:00:00.000,2029-12-30 00:00:00.000,"3",Work experience,Core,Y,427,
*,"311701004-KM-01",Emergency Preparedness (VENT) (II),"629",6,2018-07-01 00:00:00.000,2026-12-30 00:00:00.000,2026-12-30 00:00:00.000,2029-12-30 00:00:00.000,"4",Knowledge,Core,Y,428,
*,"311701004-KM-02",Mine Ventilation Engineering Practice (VENT) (II),"629",24,2018-07-01 00:00:00.000,2026-12-30 00:00:00.000,2026-12-30 00:00:00.000,2029-12-30 00:00:00.000,"4",Knowledge,Core,Y,429,
*,"311701004-KM-03",Mines and Minerals Legislative Requirements,"629",12,2018-07-01 00:00:00.000,2026-12-30 00:00:00.000,2026-12-30 00:00:00.000,2029-12-30 00:00:00.000,"4",Knowledge,Core,Y,430,
*,"311701004-KM-04",Occupational Hygiene Practice (VENT) (II),"629",6,2018-07-01 00:00:00.000,2026-12-30 00:00:00.000,2026-12-30 00:00:00.000,2029-12-30 00:00:00.000,"4",Knowledge,Core,Y,431,
*,"311701004-KM-05",Operations Management and Supervision (VENT) (II),"629",13,2018-07-01 00:00:00.000,2026-12-30 00:00:00.000,2026-12-30 00:00:00.000,2029-12-30 00:00:00.000,"4",Knowledge,Core,Y,432,
*,"311701004-PM-01",Design basic ventilation layouts and assist with the design of complex ventilation layouts,"629",14,2018-07-01 00:00:00.000,2026-12-30 00:00:00.000,2026-12-30 00:00:00.000,2029-12-30 00:00:00.000,"4",Application,Core,Y,433,
*,"311701004-PM-02",Measure and test the effectiveness of the ventilation system,"629",8,2018-07-01 00:00:00.000,2026-12-30 00:00:00.000,2026-12-30 00:00:00.000,2029-12-30 00:00:00.000,"4",Application,Core,Y,434,
*,"311701004-PM-03",Make recommendations regarding Mine Ventilation and Occupational Hygiene issues,"629",6,2018-07-01 00:00:00.000,2026-12-30 00:00:00.000,2026-12-30 00:00:00.000,2029-12-30 00:00:00.000,"4",Application,Core,Y,435,
*,"311701004-PM-04",Implement and review mine ventilation and occupational hygiene standards,"629",6,2018-07-01 00:00:00.000,2026-12-30 00:00:00.000,2026-12-30 00:00:00.000,2029-12-30 00:00:00.000,"4",Application,Core,Y,436,
*,"311701004-PM-05",Execute performance management for a team of Ventilation Observers,"629",6,2018-07-01 00:00:00.000,2026-12-30 00:00:00.000,2026-12-30 00:00:00.000,2029-12-30 00:00:00.000,"4",Application,Core,Y,437,
*,"311701004-PM-06",Oversee the compilation and submission of mine ventilation reports for a designated area of the mine,"629",6,2018-07-01 00:00:00.000,2026-12-30 00:00:00.000,2026-12-30 00:00:00.000,2029-12-30 00:00:00.000,"4",Application,Core,Y,438,
*,"311701004-PM-07","Measure, record and report the effectiveness of the refrigeration plant and accessories (bulk air cooler, cooling cars and heat exchangers)","629",6,2018-07-01 00:00:00.000,2026-12-30 00:00:00.000,2026-12-30 00:00:00.000,2029-12-30 00:00:00.000,"4",Application,Core,Y,439,
*,"311701004-WM-01",Exposure to the processes for designing and implementing mine ventilation systems,"629",18,2018-07-01 00:00:00.000,2026-12-30 00:00:00.000,2026-12-30 00:00:00.000,2029-12-30 00:00:00.000,"4",Work experience,Core,Y,440,
*,"311701004-WM-02",Exposure to occupational hygiene sampling strategies and schedules,"629",21,2018-07-01 00:00:00.000,2026-12-30 00:00:00.000,2026-12-30 00:00:00.000,2029-12-30 00:00:00.000,"4",Work experience,Core,Y,441,
*,"311701004-WM-03",Exposure to the processes of conducting air balances of shafts,"629",6,2018-07-01 00:00:00.000,2026-12-30 00:00:00.000,2026-12-30 00:00:00.000,2029-12-30 00:00:00.000,"4",Work experience,Core,Y,442,
*,"311701004-WM-04",Exposure to mine ventilation and occupational hygiene projects,"629",26,2018-07-01 00:00:00.000,2026-12-30 00:00:00.000,2026-12-30 00:00:00.000,2029-12-30 00:00:00.000,"4",Work experience,Core,Y,443,
*,"311701004-WM-05",Exposure to the processes for reviewing mine ventilation and occupational hygiene standards,"629",6,2018-07-01 00:00:00.000,2026-12-30 00:00:00.000,2026-12-30 00:00:00.000,2029-12-30 00:00:00.000,"4",Work experience,Core,Y,444,
*,"311701004-WM-06",Exposure to the emergency preparedness and response processes,"629",6,2018-07-01 00:00:00.000,2026-12-30 00:00:00.000,2026-12-30 00:00:00.000,2029-12-30 00:00:00.000,"4",Work experience,Core,Y,445,
*,"311701004-WM-07",Exposure to the internal and external Mine Ventilation and Occupational Hygiene audit processes,"629",6,2018-07-01 00:00:00.000,2026-12-30 00:00:00.000,2026-12-30 00:00:00.000,2029-12-30 00:00:00.000,"4",Work experience,Core,Y,446,
*,"311701004-WM-08",Exposure to the processes of evaluating the effectiveness and accuracy of environmental monitoring systems,"629",6,2018-07-01 00:00:00.000,2026-12-30 00:00:00.000,2026-12-30 00:00:00.000,2029-12-30 00:00:00.000,"4",Work experience,Core,Y,447,
*,"311701004-WM-09",Exposure to the conducting of surveys on secondary cooling installations,"629",6,2018-07-01 00:00:00.000,2026-12-30 00:00:00.000,2026-12-30 00:00:00.000,2029-12-30 00:00:00.000,"4",Work experience,Core,Y,448,
*,"311704001-KM-01",Workplace fundamentals,"629",6,2018-07-01 00:00:00.000,2025-12-30 00:00:00.000,2026-12-30 00:00:00.000,2029-12-30 00:00:00.000,"2",Knowledge,Core,Y,449,
*,"311704001-KM-02","Safety, health and the environment","629",8,2018-07-01 00:00:00.000,2025-12-30 00:00:00.000,2026-12-30 00:00:00.000,2029-12-30 00:00:00.000,"2",Knowledge,Core,Y,450,
*,"311704001-KM-03",Mines and mining operations,"629",4,2018-07-01 00:00:00.000,2025-12-30 00:00:00.000,2026-12-30 00:00:00.000,2029-12-30 00:00:00.000,"2",Knowledge,Core,Y,451,
*,"311704001",Geology,"629",40,2018-07-01 00:00:00.000,2025-12-30 00:00:00.000,2026-12-30 00:00:00.000,2029-12-30 00:00:00.000,"2",Knowledge,Core,Y,452,
*,"311704001-KM-05",Work team supervision,"629",4,2018-07-01 00:00:00.000,2025-12-30 00:00:00.000,2026-12-30 00:00:00.000,2029-12-30 00:00:00.000,"3",Knowledge,Core,Y,453,
*,"311704001-KM-06",Geology,"629",84,2018-07-01 00:00:00.000,2025-12-30 00:00:00.000,2026-12-30 00:00:00.000,2029-12-30 00:00:00.000,"4",Knowledge,Core,Y,454,
*,"311704001-PM-01",Work safely and respond to underground mining emergencies,"629",4,2018-07-01 00:00:00.000,2025-12-30 00:00:00.000,2026-12-30 00:00:00.000,2029-12-30 00:00:00.000,"2",Application,Core,Y,455,
*,"311704001-PM-02",Perform underground mining sampling activities,"629",20,2018-07-01 00:00:00.000,2025-12-30 00:00:00.000,2026-12-30 00:00:00.000,2029-12-30 00:00:00.000,"2",Application,Core,Y,456,
*,"311704001-PM-03",Collect underground mining geological data,"629",20,2018-07-01 00:00:00.000,2025-12-30 00:00:00.000,2026-12-30 00:00:00.000,2029-12-30 00:00:00.000,"2",Application,Core,Y,457,
*,"311704001-PM-04",Supervise the work team,"629",12,2018-07-01 00:00:00.000,2025-12-30 00:00:00.000,2026-12-30 00:00:00.000,2029-12-30 00:00:00.000,"3",Application,Core,Y,458,
*,"311704001-PM-05",Collect underground mining geological data,"629",48,2018-07-01 00:00:00.000,2025-12-30 00:00:00.000,2026-12-30 00:00:00.000,2029-12-30 00:00:00.000,"4",Application,Core,Y,459,
*,"311704001-PM-06",Process geological data,"629",72,2018-07-01 00:00:00.000,2025-12-30 00:00:00.000,2026-12-30 00:00:00.000,2029-12-30 00:00:00.000,"4",Application,Core,Y,460,
*,"311704001-WM-01",Underground mining geological operations,"629",98,2018-07-01 00:00:00.000,2025-12-30 00:00:00.000,2026-12-30 00:00:00.000,2029-12-30 00:00:00.000,"2",Work experience,Core,Y,461,
*,"311704001-WM-02",Underground mining geological operations,"629",120,2018-07-01 00:00:00.000,2025-12-30 00:00:00.000,2026-12-30 00:00:00.000,2029-12-30 00:00:00.000,"4",Work experience,Core,Y,462,
*,"311704001-KM-04",Geology,"629",40,2018-07-01 00:00:00.000,2025-12-30 00:00:00.000,2026-12-30 00:00:00.000,2029-12-30 00:00:00.000,"2",Knowledge,Core,Y,463,
*,"311704003-KM-01",Workplace Fundamentals,"629",6,2018-07-01 00:00:00.000,2025-12-30 00:00:00.000,2026-12-30 00:00:00.000,2029-12-30 00:00:00.000,"2",Knowledge,Core,Y,464,
*,"311704003-KM-02","Safety, Health and the Environment","629",8,2018-07-01 00:00:00.000,2025-12-30 00:00:00.000,2026-12-30 00:00:00.000,2029-12-30 00:00:00.000,"2",Knowledge,Core,Y,465,
*,"311704003-KM-03",Mines and Mining Operations,"629",4,2018-07-01 00:00:00.000,2025-12-30 00:00:00.000,2026-12-30 00:00:00.000,2029-12-30 00:00:00.000,"2",Knowledge,Core,Y,466,
*,"311704003-KM-04",Geology,"629",36,2018-07-01 00:00:00.000,2025-12-30 00:00:00.000,2026-12-30 00:00:00.000,2029-12-30 00:00:00.000,"2",Knowledge,Core,Y,467,
*,"311704003-KM-05",Teamwork,"629",4,2018-07-01 00:00:00.000,2025-12-30 00:00:00.000,2026-12-30 00:00:00.000,2029-12-30 00:00:00.000,"3",Knowledge,Core,Y,468,
*,"311704003-KM-06",Geology,"629",68,2018-07-01 00:00:00.000,2025-12-30 00:00:00.000,2026-12-30 00:00:00.000,2029-12-30 00:00:00.000,"4",Knowledge,Core,Y,469,
*,"311704003-PM-01",Work safely and respond to marine mining emergencies,"629",24,2018-07-01 00:00:00.000,2025-12-30 00:00:00.000,2026-12-30 00:00:00.000,2029-12-30 00:00:00.000,"3",Application,Core,Y,470,
*,"311704003-PM-02",Monitor marine mining plant operations and collect geological data,"629",32,2018-07-01 00:00:00.000,2025-12-30 00:00:00.000,2026-12-30 00:00:00.000,2029-12-30 00:00:00.000,"4",Application,Core,Y,471,
*,"311704003-PM-03",Process geological data,"629",48,2018-07-01 00:00:00.000,2025-12-30 00:00:00.000,2026-12-30 00:00:00.000,2029-12-30 00:00:00.000,"4",Application,Core,Y,472,
*,"311704003-WM-01",Marine mining geological operations,"629",48,2018-07-01 00:00:00.000,2025-12-30 00:00:00.000,2026-12-30 00:00:00.000,2029-12-30 00:00:00.000,"2",Work experience,Core,Y,473,
*,"311704003-WM-02",Marine mining geological operations,"629",48,2018-07-01 00:00:00.000,2025-12-30 00:00:00.000,2026-12-30 00:00:00.000,2029-12-30 00:00:00.000,"2",Work experience,Core,Y,474,
*,"311704002-KM-01",Workplace fundamentals,"629",6,2018-07-01 00:00:00.000,2025-12-30 00:00:00.000,2026-12-30 00:00:00.000,2029-12-30 00:00:00.000,"2",Knowledge,Core,Y,475,
*,"311704002-KM-02","Safety, health and the environment","629",8,2018-07-01 00:00:00.000,2025-12-30 00:00:00.000,2026-12-30 00:00:00.000,2029-12-30 00:00:00.000,"2",Knowledge,Core,Y,476,
*,"311704002-KM-03",Mines and mining operations,"629",4,2018-07-01 00:00:00.000,2025-12-30 00:00:00.000,2026-12-30 00:00:00.000,2029-12-30 00:00:00.000,"2",Knowledge,Core,Y,477,
*,"311704002-KM-04",Geology,"629",40,2018-07-01 00:00:00.000,2025-12-30 00:00:00.000,2026-12-30 00:00:00.000,2029-12-30 00:00:00.000,"2",Knowledge,Core,Y,478,
*,"311704002-KM-05",Work team supervision,"629",4,2018-07-01 00:00:00.000,2025-12-30 00:00:00.000,2026-12-30 00:00:00.000,2029-12-30 00:00:00.000,"3",Knowledge,Core,Y,479,
*,"311704002-KM-06",Geology,"629",94,2018-07-01 00:00:00.000,2025-12-30 00:00:00.000,2026-12-30 00:00:00.000,2029-12-30 00:00:00.000,"4",Knowledge,Core,Y,480,
*,"311704002-PM-01",Work safely and respond to surface mining emergencies,"629",4,2018-07-01 00:00:00.000,2025-12-30 00:00:00.000,2026-12-30 00:00:00.000,2029-12-30 00:00:00.000,"2",Application,Core,Y,481,
*,"311704002-PM-02",Perform surface mining sampling activities,"629",20,2018-07-01 00:00:00.000,2025-12-30 00:00:00.000,2026-12-30 00:00:00.000,2029-12-30 00:00:00.000,"2",Application,Core,Y,482,
*,"311704002-PM-03",Collect surface mining geological data,"629",20,2018-07-01 00:00:00.000,2025-12-30 00:00:00.000,2026-12-30 00:00:00.000,2029-12-30 00:00:00.000,"2",Application,Core,Y,483,
*,"311704002-PM-04",Supervise the work team,"629",24,2018-07-01 00:00:00.000,2025-12-30 00:00:00.000,2026-12-30 00:00:00.000,2029-12-30 00:00:00.000,"3",Application,Core,Y,484,
*,"311704002-PM-05",Collect surface mining geological data,"629",52,2018-07-01 00:00:00.000,2025-12-30 00:00:00.000,2026-12-30 00:00:00.000,2029-12-30 00:00:00.000,"4",Application,Core,Y,485,
*,"311704002-PM-06",Process geological data,"629",76,2018-07-01 00:00:00.000,2025-12-30 00:00:00.000,2026-12-30 00:00:00.000,2029-12-30 00:00:00.000,"4",Application,Core,Y,486,
*,"311704002-WM-01",Surface mining geological operations,"629",96,2018-07-01 00:00:00.000,2025-12-30 00:00:00.000,2026-12-30 00:00:00.000,2029-12-30 00:00:00.000,"2",Work experience,Core,Y,487,
*,"311704002-WM-02",Surface mining geological operations,"629",120,2018-07-01 00:00:00.000,2025-12-30 00:00:00.000,2026-12-30 00:00:00.000,2029-12-30 00:00:00.000,"4",Work experience,Core,Y,488,
*,"312101000-KM-01",Fluid Dynamics,"629",39,2018-07-01 00:00:00.000,2025-12-30 00:00:00.000,2026-12-30 00:00:00.000,2029-12-30 00:00:00.000,"7",Knowledge,Core,Y,489,
*,"312101000-KM-02",Thermal Engineering,"629",80,2018-07-01 00:00:00.000,2025-12-30 00:00:00.000,2026-12-30 00:00:00.000,2029-12-30 00:00:00.000,"7",Knowledge,Core,Y,490,
*,"312101000-KM-03",Operations Management and Supervision,"629",72,2018-07-01 00:00:00.000,2025-12-30 00:00:00.000,2026-12-30 00:00:00.000,2029-12-30 00:00:00.000,"6",Knowledge,Core,Y,491,
*,"312101000-KM-04",Mine Ventilation and Occupational Environmental Engineering,"629",56,2018-07-01 00:00:00.000,2025-12-30 00:00:00.000,2026-12-30 00:00:00.000,2029-12-30 00:00:00.000,"6",Knowledge,Core,Y,492,
*,"312101000-KM-05",Occupational Health and Hygiene,"629",72,2018-07-01 00:00:00.000,2025-12-30 00:00:00.000,2026-12-30 00:00:00.000,2029-12-30 00:00:00.000,"5",Knowledge,Core,Y,493,
*,"312101000-PM-01",Anticipate all hazards and risks associated with occupational hygiene stressors that may be present in an existing or new mining operations,"629",36,2018-07-01 00:00:00.000,2025-12-30 00:00:00.000,2026-12-30 00:00:00.000,2029-12-30 00:00:00.000,"5",Application,Core,Y,494,
*,"312101000-PM-02","Confirm by measurement, observation and experience the presence of occupational hygiene and other hazards and risks","629",12,2018-07-01 00:00:00.000,2025-12-30 00:00:00.000,2026-12-30 00:00:00.000,2029-12-30 00:00:00.000,"5",Application,Core,Y,495,
*,"312101000-PM-03",Evaluate to determine the degree of the occupational hygiene and other hazards and risks,"629",20,2018-07-01 00:00:00.000,2025-12-30 00:00:00.000,2026-12-30 00:00:00.000,2029-12-30 00:00:00.000,"6",Application,Core,Y,496,
*,"312101000-PM-04",Manage or control occupational hygiene stressors in order to safeguard occupational health,"629",16,2018-07-01 00:00:00.000,2025-12-30 00:00:00.000,2026-12-30 00:00:00.000,2029-12-30 00:00:00.000,"6",Application,Core,Y,497,
*,"312101000-PM-05","Prepare and submit routine, short - medium and long-term mine environmental control plans Including impacts of occupational hygiene stressors, ventilation, refrigeration","629",16,2018-07-01 00:00:00.000,2025-12-30 00:00:00.000,2026-12-30 00:00:00.000,2029-12-30 00:00:00.000,"6",Application,Core,Y,498,
*,"312101000-PM-06","Develop and ensure implementation and alignment of applicable codes of practices, guidelines and leading practices relating to mine environmental control","629",8,2018-07-01 00:00:00.000,2025-12-30 00:00:00.000,2026-12-30 00:00:00.000,2029-12-30 00:00:00.000,"6",Application,Core,Y,499,
*,"312101000-PM-07",Determine the sufficiency of current monitoring practices and systems,"629",6,2018-07-01 00:00:00.000,2025-12-30 00:00:00.000,2026-12-30 00:00:00.000,2029-12-30 00:00:00.000,"7",Application,Core,Y,500,
*,"312101000-PM-08",Manage and coordinate the financial activities of the department,"629",12,2018-07-01 00:00:00.000,2025-12-30 00:00:00.000,2026-12-30 00:00:00.000,2029-12-30 00:00:00.000,"7",Application,Core,Y,501,
*,"312101000-PM-09",Manage the operations of an environmental control function for a mine or designated area of a mine,"629",8,2018-07-01 00:00:00.000,2025-12-30 00:00:00.000,2026-12-30 00:00:00.000,2029-12-30 00:00:00.000,"7",Application,Core,Y,502,
*,"312101000-WM-01","Anticipate, recognise, evaluate and control all occupational hygiene stressors for the designated area on an underground mine","629",48,2018-07-01 00:00:00.000,2025-12-30 00:00:00.000,2026-12-30 00:00:00.000,2029-12-30 00:00:00.000,"5",Work experience,Core,Y,503,
*,"312101000-WM-02","Anticipate, recognise, evaluate and control all occupational hygiene stressors for the designated area within a mineral processing plant","629",32,2018-07-01 00:00:00.000,2025-12-30 00:00:00.000,2026-12-30 00:00:00.000,2029-12-30 00:00:00.000,"6",Work experience,Core,Y,504,
*,"312101000-WM-03",Mine Radiation Protection Officer,"629",16,2018-07-01 00:00:00.000,2025-12-30 00:00:00.000,2026-12-30 00:00:00.000,2029-12-30 00:00:00.000,"5",Work experience,Core,Y,505,
*,"312101000-WM-04",Mine Ventilation Practices,"629",48,2018-07-01 00:00:00.000,2025-12-30 00:00:00.000,2026-12-30 00:00:00.000,2029-12-30 00:00:00.000,"6",Work experience,Core,Y,506,
*,"312101000-WM-05",Act as a legally appointed Mine Environmental Control supervisor,"629",64,2018-07-01 00:00:00.000,2025-12-30 00:00:00.000,2026-12-30 00:00:00.000,2029-12-30 00:00:00.000,"7",Work experience,Core,Y,507,
*,"312102-000-00-KM-01","Health, Safety, and the Environment","629",4,2023-11-14 00:00:00.000,2028-11-14 00:00:00.000,2029-11-14 00:00:00.000,2031-11-14 00:00:00.000,"2",Knowledge,Core,Y,508,
*,"312102-000-00-KM-02",Mining Operations,"629",4,2023-11-14 00:00:00.000,2028-11-14 00:00:00.000,2029-11-14 00:00:00.000,2031-11-14 00:00:00.000,"2",Knowledge,Core,Y,509,
*,"312102-000-00-KM-03",Crew Supervision,"629",4,2023-11-14 00:00:00.000,2028-11-14 00:00:00.000,2029-11-14 00:00:00.000,2031-11-14 00:00:00.000,"2",Knowledge,Core,Y,510,
*,"312102-000-00-KM-04",Production Operations,"629",8,2023-11-14 00:00:00.000,2028-11-14 00:00:00.000,2029-11-14 00:00:00.000,2031-11-14 00:00:00.000,"2",Knowledge,Core,Y,511,
*,"312102-000-00-KM-05",Team Leadership,"629",8,2023-11-14 00:00:00.000,2028-11-14 00:00:00.000,2029-11-14 00:00:00.000,2031-11-14 00:00:00.000,"3",Knowledge,Core,Y,512,
*,"312102-000-00-PM-01","Apply, Exercise, and Ensure Safety, Health and Environmental Principles and Procedures","629",8,2023-11-14 00:00:00.000,2028-11-14 00:00:00.000,2029-11-14 00:00:00.000,2031-11-14 00:00:00.000,"2",Application,Core,Y,513,
*,"312102-000-00-PM-02",Conduct Entry Examinations and Safe Declarations,"629",8,2023-11-14 00:00:00.000,2028-11-14 00:00:00.000,2029-11-14 00:00:00.000,2031-11-14 00:00:00.000,"2",Application,Core,Y,514,
*,"312102-000-00-PM-03",Supervise Production Operations,"629",26,2023-11-14 00:00:00.000,2028-11-14 00:00:00.000,2029-11-14 00:00:00.000,2031-11-14 00:00:00.000,"2",Application,Core,Y,515,
*,"312102-000-00-WM-01",Mine Safe Declaration Operations,"629",8,2023-11-14 00:00:00.000,2028-11-14 00:00:00.000,2029-11-14 00:00:00.000,2031-11-14 00:00:00.000,"2",Work experience,Core,Y,516,
*,"312102-000-00-WM-02",Mining Production Operations,"629",32,2023-11-14 00:00:00.000,2028-11-14 00:00:00.000,2029-11-14 00:00:00.000,2031-11-14 00:00:00.000,"2",Work experience,Core,Y,517,
*,"684201-001-00-KM-01",Workplace Fundamentals,"629",4,2023-11-14 00:00:00.000,2028-11-14 00:00:00.000,2029-11-14 00:00:00.000,2032-11-14 00:00:00.000,"2",Knowledge,Core,Y,518,
*,"684201-001-00-KM-02","Health, Safety, and The Environment","629",4,2023-11-14 00:00:00.000,2028-11-14 00:00:00.000,2029-11-14 00:00:00.000,2032-11-14 00:00:00.000,"2",Knowledge,Core,Y,519,
*,"684201-001-00-KM-03",Mining Operations,"629",4,2023-11-14 00:00:00.000,2028-11-14 00:00:00.000,2029-11-14 00:00:00.000,2032-11-14 00:00:00.000,"2",Knowledge,Core,Y,520,
*,"684201-001-00-KM-04","Health, Safety, and The Environment","629",8,2023-11-14 00:00:00.000,2028-11-14 00:00:00.000,2029-11-14 00:00:00.000,2032-11-14 00:00:00.000,"3",Knowledge,Core,Y,521,
*,"684201-001-00-KM-05",Mining Operations,"629",4,2023-11-14 00:00:00.000,2028-11-14 00:00:00.000,2029-11-14 00:00:00.000,2032-11-14 00:00:00.000,"3",Knowledge,Core,Y,522,
*,"684201-001-00-KM-06",Crew Supervision,"629",4,2023-11-14 00:00:00.000,2028-11-14 00:00:00.000,2029-11-14 00:00:00.000,2032-11-14 00:00:00.000,"2",Knowledge,Core,Y,523,
*,"684201-001-00-KM-07",Production Operations,"629",8,2023-11-14 00:00:00.000,2028-11-14 00:00:00.000,2029-11-14 00:00:00.000,2032-11-14 00:00:00.000,"3",Knowledge,Core,Y,524,
*,"684201-001-00-PM-01","Apply, Exercise, and ensure Safety, Health and Environmental Principles and Procedures","629",4,2023-11-14 00:00:00.000,2028-11-14 00:00:00.000,2029-11-14 00:00:00.000,2032-11-14 00:00:00.000,"2",Application,Core,Y,525,
*,"684201-001-00-PM-02",Handle Explosives,"629",4,2023-11-14 00:00:00.000,2028-11-14 00:00:00.000,2029-11-14 00:00:00.000,2032-11-14 00:00:00.000,"2",Application,Core,Y,526,
*,"684201-001-00-PM-03",Use Explosives,"629",4,2023-11-14 00:00:00.000,2028-11-14 00:00:00.000,2029-11-14 00:00:00.000,2032-11-14 00:00:00.000,"2",Application,Core,Y,527,
*,"684201-001-00-PM-04","Apply Safety, Health and Environmental Measures, Processes, and Procedures","629",12,2023-11-14 00:00:00.000,2028-11-14 00:00:00.000,2029-11-14 00:00:00.000,2032-11-14 00:00:00.000,"3",Application,Core,Y,528,
*,"684201-001-00-PM-05",Conduct Blasting Operations,"629",32,2023-11-14 00:00:00.000,2028-11-14 00:00:00.000,2029-11-14 00:00:00.000,2032-11-14 00:00:00.000,"3",Application,Core,Y,529,
*,"684201-001-00-WM-01",Explosive Handling,"629",4,2023-11-14 00:00:00.000,2028-11-14 00:00:00.000,2029-11-14 00:00:00.000,2032-11-14 00:00:00.000,"2",Work experience,Core,Y,530,
*,"684201-001-00-WM-02",Blasting Operations,"629",24,2023-11-14 00:00:00.000,2028-11-14 00:00:00.000,2029-11-14 00:00:00.000,2032-11-14 00:00:00.000,"3",Work experience,Core,Y,531,
*,"312101-002-00-KM-01","Health, Safety, and the Environment","629",24,2022-06-21 00:00:00.000,2027-06-21 00:00:00.000,2028-06-21 00:00:00.000,2031-06-21 00:00:00.000,"5",Knowledge,Core,Y,532,
*,"312101-002-00-KM-02",Mining Operations,"629",32,2022-06-21 00:00:00.000,2027-06-21 00:00:00.000,2028-06-21 00:00:00.000,2031-06-21 00:00:00.000,"5",Knowledge,Core,Y,533,
*,"312101-002-00-KM-04",Supervision and Management,"629",8,2022-06-21 00:00:00.000,2027-06-21 00:00:00.000,2028-06-21 00:00:00.000,2031-06-21 00:00:00.000,"5",Knowledge,Core,Y,534,
*,"312101-002-00-KM-05",Business Administration,"629",8,2022-06-21 00:00:00.000,2027-06-21 00:00:00.000,2028-06-21 00:00:00.000,2031-06-21 00:00:00.000,"5",Knowledge,Core,Y,535,
*,"312101-002-00-PM-01","Oversee, Apply and Ensure Safety, Health and Environmental Statutory, Regulatory and Organisational Compliance for Mining Operations","629",24,2022-06-21 00:00:00.000,2027-06-21 00:00:00.000,2028-06-21 00:00:00.000,2031-06-21 00:00:00.000,"5",Application,Core,Y,536,
*,"312101-002-00-PM-02","Contribute to the Mine Layouts; Develop Plans and Schedules, for Mining Operations","629",16,2022-06-21 00:00:00.000,2027-06-21 00:00:00.000,2028-06-21 00:00:00.000,2031-06-21 00:00:00.000,"5",Application,Core,Y,537,
*,"312101-002-00-PM-03","Oversee, Organise, Direct, Monitor, Control, and Coordinate Mining Production Operations","629",36,2022-06-21 00:00:00.000,2027-06-21 00:00:00.000,2028-06-21 00:00:00.000,2031-06-21 00:00:00.000,"5",Application,Core,Y,538,
*,"312101-002-00-WM-01",Underground Hard Rock Production Operations,"629",40,2022-06-21 00:00:00.000,2027-06-21 00:00:00.000,2028-06-21 00:00:00.000,2031-06-21 00:00:00.000,"5",Work experience,Elective,Y,539,
*,"312101-002-00-WM-02",Underground Coal Production Operations,"629",40,2022-06-21 00:00:00.000,2027-06-21 00:00:00.000,2028-02-17 00:00:00.000,2031-06-21 00:00:00.000,"5",Work experience,Elective,Y,540,
*,"312101-002-00-WM-03",Surface Production Operations,"629",40,2022-06-21 00:00:00.000,2027-06-21 00:00:00.000,2028-06-21 00:00:00.000,2031-06-21 00:00:00.000,"5",Work experience,Elective,Y,541,
*,"226302-000-01-KM-01",Occupational Health and Safety Management Systems,"629",11,2024-01-30 00:00:00.000,2029-01-30 00:00:00.000,2030-01-30 00:00:00.000,2033-01-30 00:00:00.000,"5",Knowledge,Core,Y,542,
*,"226302-000-01-KM-02",Governance and Sustainability within the OHS Context,"629",11,2024-01-30 00:00:00.000,2029-01-30 00:00:00.000,2030-01-30 00:00:00.000,2033-01-30 00:00:00.000,"5",Knowledge,Core,Y,543,
*,"226302-000-01-KM-03",Fundamentals of Operations Management for OHS Practitioners,"629",12,2024-01-30 00:00:00.000,2029-01-30 00:00:00.000,2030-01-30 00:00:00.000,2033-01-30 00:00:00.000,"5",Knowledge,Core,Y,544,
*,"226302-000-01-PM-01",Develop a Risk Profile and Legal Register for a Designated Work Area,"629",12,2024-01-30 00:00:00.000,2029-01-30 00:00:00.000,2030-01-30 00:00:00.000,2033-01-30 00:00:00.000,"5",Application,Core,Y,545,
*,"226302-000-01-PM-02","Establish, Maintain and Improve the Health and Safety Documentation and Reporting Systems","629",12,2024-01-30 00:00:00.000,2029-01-30 00:00:00.000,2030-01-30 00:00:00.000,2033-01-30 00:00:00.000,"5",Application,Core,Y,546,
*,"226302-000-01-PM-03",Advise on the Establishment Maintenance and Improvement of Emergency Response and preparedness,"629",12,2024-01-30 00:00:00.000,2029-01-30 00:00:00.000,2030-01-30 00:00:00.000,2033-01-30 00:00:00.000,"5",Application,Core,Y,547,
*,"226302-000-01-PM-04",Manage the Effectiveness of Operational Occupational Health and Safety Systems,"629",12,2024-01-30 00:00:00.000,2029-01-30 00:00:00.000,2030-01-30 00:00:00.000,2033-01-30 00:00:00.000,"5",Application,Core,Y,548,
*,"226302-000-01-WM-01",Operational Planning and Review Processes,"629",19,2024-01-30 00:00:00.000,2029-01-30 00:00:00.000,2030-01-30 00:00:00.000,2033-02-17 00:00:00.000,"5",Work experience,Core,Y,549,
*,"226302-000-01-WM-02",Management and Supervision Processes,"629",19,2024-01-30 00:00:00.000,2029-01-30 00:00:00.000,2030-01-30 00:00:00.000,2033-01-30 00:00:00.000,"5",Work experience,Core,Y,550,
*,"226302-001-01-KM-01",Fundamentals of Occupational Health and Safety,"629",4,2024-01-30 00:00:00.000,2029-01-30 00:00:00.000,2030-01-30 00:00:00.000,2033-01-30 00:00:00.000,"3",Knowledge,Core,Y,551,
*,"226302-001-01-KM-02",Fundamentals of Representing Employees Regarding OHS Issues,"629",4,2024-01-30 00:00:00.000,2029-01-30 00:00:00.000,2030-01-30 00:00:00.000,2033-01-30 00:00:00.000,"3",Knowledge,Core,Y,552,
*,"226302-001-01-KM-03",Fundamentals of Communication within the OHS Discipline,"629",4,2024-01-30 00:00:00.000,2029-01-30 00:00:00.000,2030-01-30 00:00:00.000,2033-01-30 00:00:00.000,"3",Knowledge,Core,Y,553,
*,"226302-001-01-KM-04",OHS Administration and Record Management,"629",16,2024-01-30 00:00:00.000,2029-01-30 00:00:00.000,2030-01-30 00:00:00.000,2033-01-30 00:00:00.000,"4",Knowledge,Core,Y,554,
*,"226302-001-01-KM-05",Occupational Health and Safety Applications,"629",22,2024-01-30 00:00:00.000,2029-01-30 00:00:00.000,2030-01-30 00:00:00.000,2033-01-30 00:00:00.000,"4",Knowledge,Core,Y,555,
*,"226302-001-01-PM-01",Represent the Needs of Employees with regard to Occupational Health and Safety matters,"629",1,2024-01-30 00:00:00.000,2029-01-30 00:00:00.000,2030-01-30 00:00:00.000,2033-01-30 00:00:00.000,"3",Application,Core,Y,556,
*,"226302-001-01-PM-02","Inspect Workplaces, Identify Hazards and Risks and take Immediate Action to Ensure Health and Safety in the Workplace","629",1,2024-01-30 00:00:00.000,2029-01-30 00:00:00.000,2030-01-30 00:00:00.000,2033-01-30 00:00:00.000,"3",Application,Core,Y,557,
*,"226302-001-01-PM-03","Conduct Workplace Inspections, Check the Application of Fundamental Workplace Standards and Report on Compliance Variations","629",10,2024-01-30 00:00:00.000,2029-01-30 00:00:00.000,2030-01-30 00:00:00.000,2033-01-30 00:00:00.000,"3",Application,Core,Y,558,
*,"226302-001-01-PM-04",Administer the Key Activities of an OHS Function,"629",16,2024-01-30 00:00:00.000,2029-01-30 00:00:00.000,2030-01-30 00:00:00.000,2033-01-30 00:00:00.000,"4",Application,Core,Y,559,
*,"226302-001-01-PM-05",Participate and Contribute Towards the Development of Hazard and Risk Assessments,"629",6,2024-01-30 00:00:00.000,2029-01-30 00:00:00.000,2030-01-30 00:00:00.000,2033-01-30 00:00:00.000,"4",Application,Core,Y,560,
*,"226302-001-01-PM-06",Supervise the Smooth Execution of the Activities of an OHS Function,"629",4,2024-01-30 00:00:00.000,2029-01-30 00:00:00.000,2030-01-30 00:00:00.000,2033-01-30 00:00:00.000,"4",Application,Core,Y,561,
*,"226302-001-01-PM-07","Coordinate the Work Activities of Occupational, Health and Safety Representatives","629",6,2024-01-30 00:00:00.000,2029-01-30 00:00:00.000,2030-01-30 00:00:00.000,2033-01-30 00:00:00.000,"4",Application,Core,Y,562,
*,"226302-001-01-WM-01",Processes of Representing Employees Regarding their Workplace OHS Needs,"629",4,2024-01-30 00:00:00.000,2029-01-30 00:00:00.000,2030-01-30 00:00:00.000,2033-01-30 00:00:00.000,"3",Work experience,Core,Y,563,
*,"226302-001-01-WM-02",Processes of Executing OHS Administration and Document Management,"629",4,2024-01-30 00:00:00.000,2029-01-30 00:00:00.000,2030-01-30 00:00:00.000,2033-01-30 00:00:00.000,"4",Work experience,Core,Y,564,
*,"226302-001-01-WM-03","Processes of Managing Workplace Accidents, Incidents and other Emergencies","629",8,2024-01-30 00:00:00.000,2029-01-30 00:00:00.000,2030-01-30 00:00:00.000,2033-01-30 00:00:00.000,"4",Work experience,Core,Y,565,
*,"226302-001-01-WM-04",Incident Investigation Processes,"629",10,2024-01-30 00:00:00.000,2029-01-30 00:00:00.000,2030-01-30 00:00:00.000,2033-01-30 00:00:00.000,"4",Work experience,Core,Y,566,
*,"831101-006-00-KM-01",Supervision,"629",4,2023-11-14 00:00:00.000,2028-11-14 00:00:00.000,2029-11-14 00:00:00.000,2030-11-13 00:00:00.000,"2",Knowledge,Core,Y,567,
*,"831101-006-00-00-PM-01","Conduct the shift procedures, the waiting-place/ assembly point procedures, and the entry examination; makes the workplace safe; and declare the workplace safe, for underground hardrock mining operations","629",4,2023-11-14 00:00:00.000,2028-11-14 00:00:00.000,2029-11-14 00:00:00.000,2030-11-13 00:00:00.000,"2",Application,Core,Y,568,
*,"831101-006-00-00-PM-02","Conduct the shift procedures, the waiting-place/ assembly point procedures, and the entry examination; makes the workplace safe; and declare the workplace safe, for underground coal mining operations","629",8,2023-11-14 00:00:00.000,2028-11-14 00:00:00.000,2029-11-14 00:00:00.000,2030-11-13 00:00:00.000,"2",Application,Core,Y,569,
*,"831101-006-00-00-PM-03","Conduct the shift procedures, the waiting-place/ assembly point procedures, and the entry examination; makes the workplace safe; and declare the workplace safe, for surface mining operations","629",8,2023-11-14 00:00:00.000,2028-11-14 00:00:00.000,2029-11-14 00:00:00.000,2030-11-13 00:00:00.000,"2",Application,Core,Y,570,
*,"900217-000-00- KM-01",Mines rescue and emergency work,"629",8,2023-03-25 00:00:00.000,2028-03-25 00:00:00.000,2029-03-25 00:00:00.000,2032-03-25 00:00:00.000,"4",Knowledge,Core,Y,571,
*,"900217-000-00- PM-01",Locate and evaluate the extent of the fire and apply the method of managing the fire,"629",10,2023-03-25 00:00:00.000,2028-03-25 00:00:00.000,2029-03-25 00:00:00.000,2032-03-25 00:00:00.000,"4",Application,Core,Y,572,
*,"900217-000-00- PM-02",Locate and extricate persons and monitor and evaluate rescue operations,"629",6,2023-03-25 00:00:00.000,2028-03-25 00:00:00.000,2029-03-25 00:00:00.000,2032-03-25 00:00:00.000,"4",Application,Core,Y,573,
*,"900187-000-00-KM-01","Health, safety, and the environment, for mining operations","629",4,2023-03-25 00:00:00.000,2028-03-25 00:00:00.000,2029-03-25 00:00:00.000,2032-03-25 00:00:00.000,"2",Knowledge,Core,Y,574,
*,"900173-000-00-KM-01",Mining operations,"629",8,2023-03-25 00:00:00.000,2028-03-25 00:00:00.000,2029-03-25 00:00:00.000,2032-03-25 00:00:00.000,"2",Knowledge,Core,Y,575,
*,"900187-000-00-PM-01","Apply, exercise, and ensure safety, health and environmental measures and procedures for mining operations","629",4,2023-03-25 00:00:00.000,2028-03-25 00:00:00.000,2029-03-25 00:00:00.000,2032-03-25 00:00:00.000,"2",Application,Core,Y,576,
*,"900187-000-00-PM-02",Complete underground hardrock firefighting operations,"629",8,2023-03-25 00:00:00.000,2028-03-25 00:00:00.000,2029-03-25 00:00:00.000,2032-03-25 00:00:00.000,"2",Application,Elective,Y,577,
*,"900188-000-00-PM-03",Complete underground coal firefighting operations,"629",8,2023-03-25 00:00:00.000,2028-03-25 00:00:00.000,2029-03-25 00:00:00.000,2032-03-25 00:00:00.000,"2",Application,Elective,Y,578,
*,"900189-000-00-PM-04",Complete surface mining firefighting operations,"629",8,2023-03-25 00:00:00.000,2028-03-25 00:00:00.000,2029-03-25 00:00:00.000,2032-03-25 00:00:00.000,"2",Application,Elective,Y,579,
