"AD_Org_ID[Name]","ZZMigrationCode/K","IsActive","ZZModuleCode","ZZModuleTitle","ZZCredits","Registrationstartdate","Registrationenddate","ZZLastEnrolmentDate","ZZLastAchievementDate","ZZMigrateValues"
*,1,Y,QModule1,QCTO module1,20,2023-12-13 00:00:00.000,2025-12-13 00:00:00.000,2024-12-13 00:00:00.000,2026-12-13 00:00:00.000,ZZLkpOfoOccupationTree:ZZLkpOfoOccupationTree_ID:4758;ref:ZZLkpNqfLevel:ZZNqfLevel:2;ref:ZZLkpQualityAssuranceBody:ZZQualityAssuranceBody:57;ref:ZZLkpLearningType:ZZLearningType:1;ref:ZZLkpModuleType:ZZModuleType:1
*,2,Y,QModule2,QCTO module Expired,10,2022-12-13 00:00:00.000,2023-12-01 00:00:00.000,2023-11-02 00:00:00.000,2023-12-30 00:00:00.000,ref:ZZLkpNqfLevel:ZZNqfLevel:2;ref:ZZLkpQualityAssuranceBody:ZZQualityAssuranceBody:57;ref:ZZLkpLearningType:ZZLearningType:2;ref:ZZLkpModuleType:ZZModuleType:2
*,3,Y,QMod3,Module3,60,2023-12-14 00:00:00.000,2025-12-14 00:00:00.000,2026-12-14 00:00:00.000,2027-12-14 00:00:00.000,ref:ZZLkpNqfLevel:ZZNqfLevel:2;ref:ZZLkpQualityAssuranceBody:ZZQualityAssuranceBody:57;ref:ZZLkpLearningType:ZZLearningType:3;ref:ZZLkpModuleType:ZZModuleType:1
*,4,Y,QMod4,Module4,60,2023-12-14 00:00:00.000,2025-12-14 00:00:00.000,2025-12-14 00:00:00.000,2026-12-14 00:00:00.000,ref:ZZLkpNqfLevel:ZZNqfLevel:3;ref:ZZLkpQualityAssuranceBody:ZZQualityAssuranceBody:57;ref:ZZLkpLearningType:ZZLearningType:2;ref:ZZLkpModuleType:ZZModuleType:2
*,5,Y,QCTOm1601,QCTOlive module1,5,2024-01-01 00:00:00.000,2028-01-16 00:00:00.000,2027-01-16 00:00:00.000,2028-01-31 00:00:00.000,ZZLkpOfoOccupationTree:ZZLkpOfoOccupationTree_ID:4758;ref:ZZLkpNqfLevel:ZZNqfLevel:2;ref:ZZLkpQualityAssuranceBody:ZZQualityAssuranceBody:57;ref:ZZLkpLearningType:ZZLearningType:1;ref:ZZLkpModuleType:ZZModuleType:1
*,6,Y,"651302000-KM-01",Introduction to Boilermaker Trade,9,2018-07-01 00:00:00.000,2023-06-30 00:00:00.000,2024-06-30 00:00:00.000,2027-06-30 00:00:00.000,ref:ZZLkpNqfLevel:ZZNqfLevel:4;ref:ZZLkpQualityAssuranceBody:ZZQualityAssuranceBody:57;ref:ZZLkpLearningType:ZZLearningType:2;ref:ZZLkpModuleType:ZZModuleType:1
*,7,Y,"651302000-KM-02","Boilermaker Tools, Equipment, Machines and Materials",10,2018-07-01 00:00:00.000,2023-06-30 00:00:00.000,2024-06-30 00:00:00.000,2027-06-30 00:00:00.000,ref:ZZLkpNqfLevel:ZZNqfLevel:4;ref:ZZLkpQualityAssuranceBody:ZZQualityAssuranceBody:57;ref:ZZLkpLearningType:ZZLearningType:2;ref:ZZLkpModuleType:ZZModuleType:1
*,8,Y,"651302000-KM-03",Fabrication and Pipework,23,2018-07-01 00:00:00.000,2023-06-30 00:00:00.000,2024-06-30 00:00:00.000,2027-06-30 00:00:00.000,ref:ZZLkpNqfLevel:ZZNqfLevel:4;ref:ZZLkpQualityAssuranceBody:ZZQualityAssuranceBody:57;ref:ZZLkpLearningType:ZZLearningType:2;ref:ZZLkpModuleType:ZZModuleType:1
*,9,Y,"651302000-KM-04",Assembling and Joining,14,2018-07-01 00:00:00.000,2023-06-30 00:00:00.000,2024-06-30 00:00:00.000,2027-06-30 00:00:00.000,ref:ZZLkpNqfLevel:ZZNqfLevel:4;ref:ZZLkpQualityAssuranceBody:ZZQualityAssuranceBody:57;ref:ZZLkpLearningType:ZZLearningType:2;ref:ZZLkpModuleType:ZZModuleType:1
*,10,Y,"651302000-KM-05",Cutting and Welding,20,2018-07-01 00:00:00.000,2023-06-30 00:00:00.000,2024-06-30 00:00:00.000,2027-06-30 00:00:00.000,ref:ZZLkpNqfLevel:ZZNqfLevel:4;ref:ZZLkpQualityAssuranceBody:ZZQualityAssuranceBody:57;ref:ZZLkpLearningType:ZZLearningType:2;ref:ZZLkpModuleType:ZZModuleType:1
*,11,Y,"651302000-KM-06",Boilermaker’s Drawings,9,2018-07-01 00:00:00.000,2023-06-30 00:00:00.000,2024-06-30 00:00:00.000,2027-06-30 00:00:00.000,ref:ZZLkpNqfLevel:ZZNqfLevel:4;ref:ZZLkpQualityAssuranceBody:ZZQualityAssuranceBody:57;ref:ZZLkpLearningType:ZZLearningType:2;ref:ZZLkpModuleType:ZZModuleType:1
*,12,Y,"651302000-PM-01",Visualise structures and components and develop templates according to set tolerances and / or standards,18,2018-07-01 00:00:00.000,2023-06-30 00:00:00.000,2024-06-30 00:00:00.000,2027-06-30 00:00:00.000,ref:ZZLkpNqfLevel:ZZNqfLevel:4;ref:ZZLkpQualityAssuranceBody:ZZQualityAssuranceBody:57;ref:ZZLkpLearningType:ZZLearningType:1;ref:ZZLkpModuleType:ZZModuleType:1
*,13,Y,"651302000-PM-02","Maintain and use tools, equipment and machinery whilst applying safety measures",15,2018-07-01 00:00:00.000,2023-06-30 00:00:00.000,2024-06-30 00:00:00.000,2027-06-30 00:00:00.000,ref:ZZLkpNqfLevel:ZZNqfLevel:4;ref:ZZLkpQualityAssuranceBody:ZZQualityAssuranceBody:57;ref:ZZLkpLearningType:ZZLearningType:1;ref:ZZLkpModuleType:ZZModuleType:1
*,14,Y,"651302000-PM-03","Weld and gas cut components required for fabrication of a specific task such as metal pipes, construction and fabricated plate work and conduct visual and mechanical inspections for compliance with legal requirements",28,2018-07-01 00:00:00.000,2023-06-30 00:00:00.000,2024-06-30 00:00:00.000,2027-06-30 00:00:00.000,ref:ZZLkpNqfLevel:ZZNqfLevel:4;ref:ZZLkpQualityAssuranceBody:ZZQualityAssuranceBody:57;ref:ZZLkpLearningType:ZZLearningType:1;ref:ZZLkpModuleType:ZZModuleType:1
*,15,Y,"651302000-PM-04",Manipulate and fabricate profiles and metal sections accurately using heating and cold bending processes whilst applying safety measures,41,2018-07-01 00:00:00.000,2023-06-30 00:00:00.000,2024-06-30 00:00:00.000,2027-06-30 00:00:00.000,ref:ZZLkpNqfLevel:ZZNqfLevel:4;ref:ZZLkpQualityAssuranceBody:ZZQualityAssuranceBody:57;ref:ZZLkpLearningType:ZZLearningType:1;ref:ZZLkpModuleType:ZZModuleType:1
*,16,Y,"651302000-PM-05","Erect, assemble and repair metal structures accurately whilst applying safety measures",28,2018-07-01 00:00:00.000,2023-06-30 00:00:00.000,2024-06-30 00:00:00.000,2027-06-30 00:00:00.000,ref:ZZLkpNqfLevel:ZZNqfLevel:4;ref:ZZLkpQualityAssuranceBody:ZZQualityAssuranceBody:57;ref:ZZLkpLearningType:ZZLearningType:3;ref:ZZLkpModuleType:ZZModuleType:1
*,17,Y,"651302000-WM-01",Pattern and template development processes,30,2018-07-01 00:00:00.000,2023-06-30 00:00:00.000,2024-06-30 00:00:00.000,2027-06-30 00:00:00.000,ref:ZZLkpNqfLevel:ZZNqfLevel:4;ref:ZZLkpQualityAssuranceBody:ZZQualityAssuranceBody:57;ref:ZZLkpLearningType:ZZLearningType:3;ref:ZZLkpModuleType:ZZModuleType:1
*,18,Y,"651302000-WM-02","Tools, equipment and machinery maintenance and operation processes",30,2018-07-01 00:00:00.000,2023-06-30 00:00:00.000,2024-06-30 00:00:00.000,2027-06-30 00:00:00.000,ref:ZZLkpNqfLevel:ZZNqfLevel:4;ref:ZZLkpQualityAssuranceBody:ZZQualityAssuranceBody:57;ref:ZZLkpLearningType:ZZLearningType:3;ref:ZZLkpModuleType:ZZModuleType:1
*,19,Y,"651302000-WM-03",Workshop or on-site cutting and welding processes,43,2018-07-01 00:00:00.000,2023-06-30 00:00:00.000,2024-06-30 00:00:00.000,2027-06-30 00:00:00.000,ref:ZZLkpNqfLevel:ZZNqfLevel:4;ref:ZZLkpQualityAssuranceBody:ZZQualityAssuranceBody:57;ref:ZZLkpLearningType:ZZLearningType:3;ref:ZZLkpModuleType:ZZModuleType:1
*,20,Y,"651302000-WM-04","Fabrication, assembling and repairing of metal components and structures",43,2018-07-01 00:00:00.000,2023-06-30 00:00:00.000,2024-06-30 00:00:00.000,2027-06-30 00:00:00.000,ref:ZZLkpNqfLevel:ZZNqfLevel:4;ref:ZZLkpQualityAssuranceBody:ZZQualityAssuranceBody:57;ref:ZZLkpLearningType:ZZLearningType:3;ref:ZZLkpModuleType:ZZModuleType:1
*,21,Y,"651302000-WM-05",Assembling and erecting processes for structures and components,34,2018-07-01 00:00:00.000,2023-06-30 00:00:00.000,2024-06-30 00:00:00.000,2027-06-30 00:00:00.000,ref:ZZLkpNqfLevel:ZZNqfLevel:4;ref:ZZLkpQualityAssuranceBody:ZZQualityAssuranceBody:57;ref:ZZLkpLearningType:ZZLearningType:3;ref:ZZLkpModuleType:ZZModuleType:1
*,22,Y,"312102-001-00-KM-01","Health, Safety, and the Environment for Mining Operations",12,2022-11-22 00:00:00.000,2027-11-22 00:00:00.000,2028-11-22 00:00:00.000,2031-11-22 00:00:00.000,ref:ZZLkpNqfLevel:ZZNqfLevel:2;ref:ZZLkpQualityAssuranceBody:ZZQualityAssuranceBody:57;ref:ZZLkpLearningType:ZZLearningType:2;ref:ZZLkpModuleType:ZZModuleType:1
*,23,Y,"312102-001-00-KM-02",Mining Operations,8,2022-11-22 00:00:00.000,2027-11-22 00:00:00.000,2028-11-22 00:00:00.000,2031-11-22 00:00:00.000,ref:ZZLkpNqfLevel:ZZNqfLevel:3;ref:ZZLkpQualityAssuranceBody:ZZQualityAssuranceBody:57;ref:ZZLkpLearningType:ZZLearningType:2;ref:ZZLkpModuleType:ZZModuleType:1
*,24,Y,"312102-001-00-KM-03",Supervision,12,2022-11-22 00:00:00.000,2027-11-22 00:00:00.000,2028-11-22 00:00:00.000,2031-11-22 00:00:00.000,ref:ZZLkpNqfLevel:ZZNqfLevel:3;ref:ZZLkpQualityAssuranceBody:ZZQualityAssuranceBody:57;ref:ZZLkpLearningType:ZZLearningType:2;ref:ZZLkpModuleType:ZZModuleType:1
*,25,Y,"312102-001-00-KM-04",Mining Production Operations,12,2022-11-22 00:00:00.000,2027-11-22 00:00:00.000,2028-11-22 00:00:00.000,2031-11-22 00:00:00.000,ref:ZZLkpNqfLevel:ZZNqfLevel:3;ref:ZZLkpQualityAssuranceBody:ZZQualityAssuranceBody:57;ref:ZZLkpLearningType:ZZLearningType:2;ref:ZZLkpModuleType:ZZModuleType:1
*,26,Y,"312102-001-00-PM-01","Oversee, Apply, Exercise, and Ensure Safety, Health and Environmental Measures, Processes and Procedures, Mining Operations",16,2022-11-22 00:00:00.000,2027-11-22 00:00:00.000,2028-11-22 00:00:00.000,2031-11-22 00:00:00.000,ref:ZZLkpNqfLevel:ZZNqfLevel:3;ref:ZZLkpQualityAssuranceBody:ZZQualityAssuranceBody:57;ref:ZZLkpLearningType:ZZLearningType:1;ref:ZZLkpModuleType:ZZModuleType:1
*,27,Y,"312102-001-00-PM-02",Conduct Blasting Operations,40,2022-11-22 00:00:00.000,2027-11-22 00:00:00.000,2028-11-22 00:00:00.000,2031-11-22 00:00:00.000,ref:ZZLkpNqfLevel:ZZNqfLevel:3;ref:ZZLkpQualityAssuranceBody:ZZQualityAssuranceBody:57;ref:ZZLkpLearningType:ZZLearningType:1;ref:ZZLkpModuleType:ZZModuleType:1
*,28,Y,"312102-001-00-PM-03",Supervise and Complete Mining Production Operations,40,2022-11-22 00:00:00.000,2027-11-22 00:00:00.000,2028-11-22 00:00:00.000,2031-11-22 00:00:00.000,ref:ZZLkpNqfLevel:ZZNqfLevel:3;ref:ZZLkpQualityAssuranceBody:ZZQualityAssuranceBody:57;ref:ZZLkpLearningType:ZZLearningType:1;ref:ZZLkpModuleType:ZZModuleType:1
*,29,Y,"312102-001-00-WM-01",Underground Hardrock Blasting Operations,20,2022-11-22 00:00:00.000,2027-11-22 00:00:00.000,2028-11-22 00:00:00.000,2031-11-22 00:00:00.000,ref:ZZLkpNqfLevel:ZZNqfLevel:3;ref:ZZLkpQualityAssuranceBody:ZZQualityAssuranceBody:57;ref:ZZLkpLearningType:ZZLearningType:3;ref:ZZLkpModuleType:ZZModuleType:2
*,30,Y,"312102-001-00-WM-02",Underground Hardrock Production Operations,20,2022-11-22 00:00:00.000,2027-11-22 00:00:00.000,2028-11-22 00:00:00.000,2031-11-22 00:00:00.000,ref:ZZLkpNqfLevel:ZZNqfLevel:3;ref:ZZLkpQualityAssuranceBody:ZZQualityAssuranceBody:57;ref:ZZLkpLearningType:ZZLearningType:3;ref:ZZLkpModuleType:ZZModuleType:2
*,31,Y,"312102-001-00-WM-03",Underground Coal Blasting Operations,20,2022-11-22 00:00:00.000,2027-11-22 00:00:00.000,2028-11-22 00:00:00.000,2031-11-22 00:00:00.000,ref:ZZLkpNqfLevel:ZZNqfLevel:3;ref:ZZLkpQualityAssuranceBody:ZZQualityAssuranceBody:57;ref:ZZLkpLearningType:ZZLearningType:3;ref:ZZLkpModuleType:ZZModuleType:2
*,32,Y,"312102-001-00-WM-04",Underground Coal Production Operations,20,2022-11-22 00:00:00.000,2027-11-22 00:00:00.000,2028-11-22 00:00:00.000,2031-11-22 00:00:00.000,ref:ZZLkpNqfLevel:ZZNqfLevel:3;ref:ZZLkpQualityAssuranceBody:ZZQualityAssuranceBody:57;ref:ZZLkpLearningType:ZZLearningType:3;ref:ZZLkpModuleType:ZZModuleType:2
*,33,Y,"312101-001-00-KM-01","Health, Safety, and the Environment",8,2022-06-21 00:00:00.000,2027-06-21 00:00:00.000,2028-06-21 00:00:00.000,2031-06-21 00:00:00.000,ref:ZZLkpNqfLevel:ZZNqfLevel:4;ref:ZZLkpQualityAssuranceBody:ZZQualityAssuranceBody:57;ref:ZZLkpLearningType:ZZLearningType:2;ref:ZZLkpModuleType:ZZModuleType:1
*,34,Y,"312101-001-00-KM-02",Mining Operations,46,2021-06-21 00:00:00.000,2027-06-21 00:00:00.000,2028-06-21 00:00:00.000,2031-06-21 00:00:00.000,ref:ZZLkpNqfLevel:ZZNqfLevel:4;ref:ZZLkpQualityAssuranceBody:ZZQualityAssuranceBody:57;ref:ZZLkpLearningType:ZZLearningType:2;ref:ZZLkpModuleType:ZZModuleType:1
*,35,Y,"312101-001-00-KM-03",Supervision,12,2022-06-21 00:00:00.000,2027-06-21 00:00:00.000,2028-06-21 00:00:00.000,2031-06-21 00:00:00.000,ref:ZZLkpNqfLevel:ZZNqfLevel:4;ref:ZZLkpQualityAssuranceBody:ZZQualityAssuranceBody:57;ref:ZZLkpLearningType:ZZLearningType:2;ref:ZZLkpModuleType:ZZModuleType:1
*,36,Y,"312101-001-00-KM-04",Production Operations,12,2022-06-21 00:00:00.000,2027-06-21 00:00:00.000,2028-06-21 00:00:00.000,2031-06-21 00:00:00.000,ref:ZZLkpNqfLevel:ZZNqfLevel:4;ref:ZZLkpQualityAssuranceBody:ZZQualityAssuranceBody:57;ref:ZZLkpLearningType:ZZLearningType:2;ref:ZZLkpModuleType:ZZModuleType:1
*,37,Y,"312101-001-00-PM-01","Oversee, Apply, Exercise, and Ensure Safety, Health, and Environmental Measures, Processes, and Procedures",16,2022-06-21 00:00:00.000,2027-06-21 00:00:00.000,2028-06-21 00:00:00.000,2031-06-21 00:00:00.000,ref:ZZLkpNqfLevel:ZZNqfLevel:4;ref:ZZLkpQualityAssuranceBody:ZZQualityAssuranceBody:57;ref:ZZLkpLearningType:ZZLearningType:1;ref:ZZLkpModuleType:ZZModuleType:1
*,38,Y,"312101-001-00-PM-02","Facilitate, Apply, Revise, where required, Reconcile, and Supervise the Planning Processes to Achieve the Required Mining Cycle/Target",16,2022-06-21 00:00:00.000,2027-06-21 00:00:00.000,2028-06-21 00:00:00.000,2031-06-21 00:00:00.000,ref:ZZLkpNqfLevel:ZZNqfLevel:4;ref:ZZLkpQualityAssuranceBody:ZZQualityAssuranceBody:57;ref:ZZLkpLearningType:ZZLearningType:1;ref:ZZLkpModuleType:ZZModuleType:1
*,39,Y,"312101-001-00-PM-03","Monitor, Supervise, Coordinate, Inspect, Consult, and Record Production Operations",46,2022-06-21 00:00:00.000,2027-06-21 00:00:00.000,2028-06-21 00:00:00.000,2031-06-21 00:00:00.000,ref:ZZLkpNqfLevel:ZZNqfLevel:4;ref:ZZLkpQualityAssuranceBody:ZZQualityAssuranceBody:57;ref:ZZLkpLearningType:ZZLearningType:1;ref:ZZLkpModuleType:ZZModuleType:1
*,40,Y,"312101-001-00-WM-01",Underground Hard Rock Production Operations,40,2022-06-21 00:00:00.000,2027-06-21 00:00:00.000,2028-06-21 00:00:00.000,2031-06-21 00:00:00.000,ref:ZZLkpNqfLevel:ZZNqfLevel:4;ref:ZZLkpQualityAssuranceBody:ZZQualityAssuranceBody:57;ref:ZZLkpLearningType:ZZLearningType:3;ref:ZZLkpModuleType:ZZModuleType:2
*,41,Y,"312101-001-00-WM-02",Underground Coal Production Operations,40,2022-06-21 00:00:00.000,2027-06-21 00:00:00.000,2028-06-21 00:00:00.000,2031-06-21 00:00:00.000,ref:ZZLkpNqfLevel:ZZNqfLevel:4;ref:ZZLkpQualityAssuranceBody:ZZQualityAssuranceBody:57;ref:ZZLkpLearningType:ZZLearningType:3;ref:ZZLkpModuleType:ZZModuleType:2
*,42,Y,"312101-001-00-WM-03",Surface Production Operations,40,2022-06-21 00:00:00.000,2027-06-21 00:00:00.000,2028-06-21 00:00:00.000,2031-06-21 00:00:00.000,ref:ZZLkpNqfLevel:ZZNqfLevel:4;ref:ZZLkpQualityAssuranceBody:ZZQualityAssuranceBody:57;ref:ZZLkpLearningType:ZZLearningType:3;ref:ZZLkpModuleType:ZZModuleType:2
*,43,Y,"671101000-KM-01","Health, Safety, Quality and Legislation",5,2018-07-01 00:00:00.000,2023-06-30 00:00:00.000,2024-06-30 00:00:00.000,2027-06-30 00:00:00.000,ref:ZZLkpNqfLevel:ZZNqfLevel:4;ref:ZZLkpQualityAssuranceBody:ZZQualityAssuranceBody:17;ref:ZZLkpLearningType:ZZLearningType:2;ref:ZZLkpModuleType:ZZModuleType:1
*,44,Y,"671101000-KM-02","Tools, Equipment and Materials",8,2018-07-01 00:00:00.000,2023-06-30 00:00:00.000,2024-06-30 00:00:00.000,2027-06-30 00:00:00.000,ref:ZZLkpNqfLevel:ZZNqfLevel:4;ref:ZZLkpQualityAssuranceBody:ZZQualityAssuranceBody:17;ref:ZZLkpLearningType:ZZLearningType:2;ref:ZZLkpModuleType:ZZModuleType:1
*,45,Y,"671101000-KM-03",Electricity and electronics,13,2018-07-01 00:00:00.000,2023-06-30 00:00:00.000,2024-06-30 00:00:00.000,2027-06-30 00:00:00.000,ref:ZZLkpNqfLevel:ZZNqfLevel:4;ref:ZZLkpQualityAssuranceBody:ZZQualityAssuranceBody:17;ref:ZZLkpLearningType:ZZLearningType:2;ref:ZZLkpModuleType:ZZModuleType:1
*,46,Y,"671101000-KM-04",Industry Context,2,2018-07-01 00:00:00.000,2023-06-30 00:00:00.000,2024-06-30 00:00:00.000,2027-06-30 00:00:00.000,ref:ZZLkpNqfLevel:ZZNqfLevel:3;ref:ZZLkpQualityAssuranceBody:ZZQualityAssuranceBody:17;ref:ZZLkpLearningType:ZZLearningType:2;ref:ZZLkpModuleType:ZZModuleType:1
*,47,Y,"671101000-KM-05",Wire ways and wiring,11,2018-07-01 00:00:00.000,2023-06-30 00:00:00.000,2024-06-30 00:00:00.000,2027-06-30 00:00:00.000,ref:ZZLkpNqfLevel:ZZNqfLevel:4;ref:ZZLkpQualityAssuranceBody:ZZQualityAssuranceBody:17;ref:ZZLkpLearningType:ZZLearningType:2;ref:ZZLkpModuleType:ZZModuleType:1
*,48,Y,"671101000-KM-06",Rotating electrical machinery,13,2018-07-01 00:00:00.000,2023-06-30 00:00:00.000,2024-06-30 00:00:00.000,2027-06-30 00:00:00.000,ref:ZZLkpNqfLevel:ZZNqfLevel:4;ref:ZZLkpQualityAssuranceBody:ZZQualityAssuranceBody:17;ref:ZZLkpLearningType:ZZLearningType:2;ref:ZZLkpModuleType:ZZModuleType:1
*,49,Y,"671101000-KM-07",Electrical supply systems and components,31,2018-07-01 00:00:00.000,2023-06-30 00:00:00.000,2024-06-30 00:00:00.000,2027-06-30 00:00:00.000,ref:ZZLkpNqfLevel:ZZNqfLevel:4;ref:ZZLkpQualityAssuranceBody:ZZQualityAssuranceBody:17;ref:ZZLkpLearningType:ZZLearningType:2;ref:ZZLkpModuleType:ZZModuleType:1
*,50,Y,"671101000-KM-08",Low Voltage protection,5,2018-07-01 00:00:00.000,2023-06-30 00:00:00.000,2024-06-30 00:00:00.000,2027-06-30 00:00:00.000,ref:ZZLkpNqfLevel:ZZNqfLevel:4;ref:ZZLkpQualityAssuranceBody:ZZQualityAssuranceBody:17;ref:ZZLkpLearningType:ZZLearningType:2;ref:ZZLkpModuleType:ZZModuleType:1
*,51,Y,"671101000-KM-9",Fault Finding,3,2018-07-01 00:00:00.000,2023-06-30 00:00:00.000,2024-06-30 00:00:00.000,2027-06-30 00:00:00.000,ref:ZZLkpNqfLevel:ZZNqfLevel:4;ref:ZZLkpQualityAssuranceBody:ZZQualityAssuranceBody:17;ref:ZZLkpLearningType:ZZLearningType:2;ref:ZZLkpModuleType:ZZModuleType:1
*,52,Y,"671101000-PM-01","Use hand, power and measuring tools",22,2018-07-01 00:00:00.000,2023-06-30 00:00:00.000,2024-06-30 00:00:00.000,2027-06-30 00:00:00.000,ref:ZZLkpNqfLevel:ZZNqfLevel:3;ref:ZZLkpQualityAssuranceBody:ZZQualityAssuranceBody:17;ref:ZZLkpLearningType:ZZLearningType:1;ref:ZZLkpModuleType:ZZModuleType:1
*,53,Y,"671101000-PS-02","Plan worksite set up for installing, wiring and connecting electrical equipment and control systems",5,2018-07-01 00:00:00.000,2023-06-30 00:00:00.000,2024-06-30 00:00:00.000,2027-06-30 00:00:00.000,ref:ZZLkpNqfLevel:ZZNqfLevel:3;ref:ZZLkpQualityAssuranceBody:ZZQualityAssuranceBody:17;ref:ZZLkpLearningType:ZZLearningType:1;ref:ZZLkpModuleType:ZZModuleType:1
*,54,Y,"671101000-PS-03","Prepare worksite set up for installing, wiring and connecting electrical equipment and control systems",3,2018-07-01 00:00:00.000,2023-06-30 00:00:00.000,2024-06-30 00:00:00.000,2027-06-30 00:00:00.000,ref:ZZLkpNqfLevel:ZZNqfLevel:3;ref:ZZLkpQualityAssuranceBody:ZZQualityAssuranceBody:57;ref:ZZLkpLearningType:ZZLearningType:1;ref:ZZLkpModuleType:ZZModuleType:1
*,55,Y,"671101000-PS-04",Install wire-ways,5,2018-07-01 00:00:00.000,2023-06-30 00:00:00.000,2024-06-30 00:00:00.000,2027-06-30 00:00:00.000,ref:ZZLkpNqfLevel:ZZNqfLevel:4;ref:ZZLkpQualityAssuranceBody:ZZQualityAssuranceBody:17;ref:ZZLkpLearningType:ZZLearningType:1;ref:ZZLkpModuleType:ZZModuleType:1
*,56,Y,"671101000-PS-05","Install, wire and connect electrical equipment and control systems",38,2018-07-01 00:00:00.000,2023-06-30 00:00:00.000,2024-06-30 00:00:00.000,2027-06-30 00:00:00.000,ref:ZZLkpNqfLevel:ZZNqfLevel:4;ref:ZZLkpQualityAssuranceBody:ZZQualityAssuranceBody:17;ref:ZZLkpLearningType:ZZLearningType:1;ref:ZZLkpModuleType:ZZModuleType:1
*,57,Y,"671101000-PS-06",Conduct pre-commission inspection (power off) and test new and existing installations,5,2018-07-01 00:00:00.000,2023-06-30 00:00:00.000,2024-06-30 00:00:00.000,2027-06-30 00:00:00.000,ref:ZZLkpNqfLevel:ZZNqfLevel:4;ref:ZZLkpQualityAssuranceBody:ZZQualityAssuranceBody:17;ref:ZZLkpLearningType:ZZLearningType:1;ref:ZZLkpModuleType:ZZModuleType:1
*,58,Y,"671101000-PS-07",Carry out commissioning tests,13,2018-07-01 00:00:00.000,2023-06-30 00:00:00.000,2024-06-30 00:00:00.000,2027-06-30 00:00:00.000,ref:ZZLkpNqfLevel:ZZNqfLevel:4;ref:ZZLkpQualityAssuranceBody:ZZQualityAssuranceBody:17;ref:ZZLkpLearningType:ZZLearningType:1;ref:ZZLkpModuleType:ZZModuleType:1
*,59,Y,"671101000-PS-08",Fault find and repair electrical control systems and electrical installations,22,2018-07-01 00:00:00.000,2023-06-30 00:00:00.000,2024-06-30 00:00:00.000,2027-06-30 00:00:00.000,ref:ZZLkpNqfLevel:ZZNqfLevel:4;ref:ZZLkpQualityAssuranceBody:ZZQualityAssuranceBody:17;ref:ZZLkpLearningType:ZZLearningType:1;ref:ZZLkpModuleType:ZZModuleType:1
*,60,Y,"671101000-WM-01","Planning and preparation process for the wiring, connection, testing, inspecting, commissioning and maintaining of electrical installations and control systems",8,2018-07-01 00:00:00.000,2023-06-30 00:00:00.000,2024-06-30 00:00:00.000,2027-06-30 00:00:00.000,ref:ZZLkpNqfLevel:ZZNqfLevel:4;ref:ZZLkpQualityAssuranceBody:ZZQualityAssuranceBody:17;ref:ZZLkpLearningType:ZZLearningType:3;ref:ZZLkpModuleType:ZZModuleType:1
*,61,Y,"671101000-WM-02","Processes of installing, wiring and connecting of electrical equipment and control systems",74,2018-07-01 00:00:00.000,2023-06-30 00:00:00.000,2024-06-30 00:00:00.000,2027-06-30 00:00:00.000,ref:ZZLkpNqfLevel:ZZNqfLevel:4;ref:ZZLkpQualityAssuranceBody:ZZQualityAssuranceBody:17;ref:ZZLkpLearningType:ZZLearningType:3;ref:ZZLkpModuleType:ZZModuleType:1
*,62,Y,"671101000-WM-03","Processes of testing and inspecting of electrical equipment, control systems and installations",15,2018-07-01 00:00:00.000,2023-06-30 00:00:00.000,2024-06-30 00:00:00.000,2027-06-30 00:00:00.000,ref:ZZLkpNqfLevel:ZZNqfLevel:4;ref:ZZLkpQualityAssuranceBody:ZZQualityAssuranceBody:17;ref:ZZLkpLearningType:ZZLearningType:3;ref:ZZLkpModuleType:ZZModuleType:1
*,63,Y,"671101000-WM-04",Processes of commissioning electrical installations and control systems,15,2018-07-01 00:00:00.000,2023-06-30 00:00:00.000,2024-06-30 00:00:00.000,2027-06-30 00:00:00.000,ref:ZZLkpNqfLevel:ZZNqfLevel:4;ref:ZZLkpQualityAssuranceBody:ZZQualityAssuranceBody:17;ref:ZZLkpLearningType:ZZLearningType:3;ref:ZZLkpModuleType:ZZModuleType:1
*,64,Y,"671101000-WM-05",Maintenance processes for electrical installations and control systems,44,2018-07-01 00:00:00.000,2023-06-30 00:00:00.000,2024-06-30 00:00:00.000,2027-06-30 00:00:00.000,ref:ZZLkpNqfLevel:ZZNqfLevel:4;ref:ZZLkpQualityAssuranceBody:ZZQualityAssuranceBody:17;ref:ZZLkpLearningType:ZZLearningType:3;ref:ZZLkpModuleType:ZZModuleType:1
*,65,Y,"671202000-KM-01",Workplace fundamentals,9,2018-07-01 00:00:00.000,2023-06-30 00:00:00.000,2024-06-30 00:00:00.000,2027-06-30 00:00:00.000,ref:ZZLkpNqfLevel:ZZNqfLevel:2;ref:ZZLkpQualityAssuranceBody:ZZQualityAssuranceBody:18;ref:ZZLkpLearningType:ZZLearningType:2;ref:ZZLkpModuleType:ZZModuleType:1
*,66,Y,"671202000-KM-02",The Millwright's world of work,8,2018-07-01 00:00:00.000,2023-06-30 00:00:00.000,2024-06-30 00:00:00.000,2027-06-30 00:00:00.000,ref:ZZLkpNqfLevel:ZZNqfLevel:2;ref:ZZLkpQualityAssuranceBody:ZZQualityAssuranceBody:18;ref:ZZLkpLearningType:ZZLearningType:2;ref:ZZLkpModuleType:ZZModuleType:1
*,67,Y,"671202000-KM-03",Basic engineering theory,24,2018-07-01 00:00:00.000,2023-06-30 00:00:00.000,2024-06-30 00:00:00.000,2027-06-30 00:00:00.000,ref:ZZLkpNqfLevel:ZZNqfLevel:3;ref:ZZLkpQualityAssuranceBody:ZZQualityAssuranceBody:57;ref:ZZLkpLearningType:ZZLearningType:2;ref:ZZLkpModuleType:ZZModuleType:1
*,68,Y,"671202000-KM-04",Fitting theory,38,2018-07-01 00:00:00.000,2023-06-30 00:00:00.000,2024-06-30 00:00:00.000,2027-06-30 00:00:00.000,ref:ZZLkpNqfLevel:ZZNqfLevel:4;ref:ZZLkpQualityAssuranceBody:ZZQualityAssuranceBody:18;ref:ZZLkpLearningType:ZZLearningType:2;ref:ZZLkpModuleType:ZZModuleType:1
*,69,Y,"671202000-KM-05",Tools and equipment for electrical work,8,2018-07-01 00:00:00.000,2023-06-30 00:00:00.000,2024-06-30 00:00:00.000,2027-06-30 00:00:00.000,ref:ZZLkpNqfLevel:ZZNqfLevel:4;ref:ZZLkpQualityAssuranceBody:ZZQualityAssuranceBody:18;ref:ZZLkpLearningType:ZZLearningType:2;ref:ZZLkpModuleType:ZZModuleType:1
*,70,Y,"671202000-KM-06",Electricity and electronics,13,2018-07-01 00:00:00.000,2023-06-30 00:00:00.000,2024-06-30 00:00:00.000,2027-06-30 00:00:00.000,ref:ZZLkpNqfLevel:ZZNqfLevel:4;ref:ZZLkpQualityAssuranceBody:ZZQualityAssuranceBody:18;ref:ZZLkpLearningType:ZZLearningType:2;ref:ZZLkpModuleType:ZZModuleType:1
*,71,Y,"671202000-KM-07",Wireways and wiring,11,2018-07-01 00:00:00.000,2023-06-30 00:00:00.000,2024-06-30 00:00:00.000,2027-06-30 00:00:00.000,ref:ZZLkpNqfLevel:ZZNqfLevel:4;ref:ZZLkpQualityAssuranceBody:ZZQualityAssuranceBody:18;ref:ZZLkpLearningType:ZZLearningType:2;ref:ZZLkpModuleType:ZZModuleType:1
*,72,Y,"671202000-KM-08",Rotating electrical machinery,13,2018-07-01 00:00:00.000,2023-06-30 00:00:00.000,2024-06-30 00:00:00.000,2027-06-30 00:00:00.000,ref:ZZLkpNqfLevel:ZZNqfLevel:4;ref:ZZLkpQualityAssuranceBody:ZZQualityAssuranceBody:18;ref:ZZLkpLearningType:ZZLearningType:2;ref:ZZLkpModuleType:ZZModuleType:1
*,73,Y,"671202000-KM-09",Electrical supply systems and components,31,2018-07-01 00:00:00.000,2023-06-30 00:00:00.000,2024-06-30 00:00:00.000,2027-06-30 00:00:00.000,ref:ZZLkpNqfLevel:ZZNqfLevel:4;ref:ZZLkpQualityAssuranceBody:ZZQualityAssuranceBody:18;ref:ZZLkpLearningType:ZZLearningType:2;ref:ZZLkpModuleType:ZZModuleType:1
*,74,Y,"671202000-KM-10",Low Voltage protection,5,2018-07-01 00:00:00.000,2023-06-30 00:00:00.000,2024-06-30 00:00:00.000,2027-06-30 00:00:00.000,ref:ZZLkpNqfLevel:ZZNqfLevel:4;ref:ZZLkpQualityAssuranceBody:ZZQualityAssuranceBody:18;ref:ZZLkpLearningType:ZZLearningType:2;ref:ZZLkpModuleType:ZZModuleType:1
*,75,Y,"671202000-KM-11",Faultfinding on electrical circuits,3,2018-07-01 00:00:00.000,2023-06-30 00:00:00.000,2024-06-30 00:00:00.000,2027-06-30 00:00:00.000,ref:ZZLkpNqfLevel:ZZNqfLevel:4;ref:ZZLkpQualityAssuranceBody:ZZQualityAssuranceBody:18;ref:ZZLkpLearningType:ZZLearningType:2;ref:ZZLkpModuleType:ZZModuleType:1
*,76,Y,"671202000-PM-01",Work safely and respond to emergencies,15,2018-07-01 00:00:00.000,2023-06-30 00:00:00.000,2024-06-30 00:00:00.000,2027-06-30 00:00:00.000,ref:ZZLkpNqfLevel:ZZNqfLevel:2;ref:ZZLkpQualityAssuranceBody:ZZQualityAssuranceBody:18;ref:ZZLkpLearningType:ZZLearningType:1;ref:ZZLkpModuleType:ZZModuleType:1
*,77,Y,"671202000-PM-02",Fabricate simple components or workpieces using basic hand skills and hand tools,6,2018-07-01 00:00:00.000,2023-06-30 00:00:00.000,2024-06-30 00:00:00.000,2027-06-30 00:00:00.000,ref:ZZLkpNqfLevel:ZZNqfLevel:2;ref:ZZLkpQualityAssuranceBody:ZZQualityAssuranceBody:18;ref:ZZLkpLearningType:ZZLearningType:1;ref:ZZLkpModuleType:ZZModuleType:1
*,78,Y,"671202000-PM-03",Fabricate components or workpieces using power tools and machinery,6,2018-07-01 00:00:00.000,2023-06-30 00:00:00.000,2024-06-30 00:00:00.000,2027-06-30 00:00:00.000,ref:ZZLkpNqfLevel:ZZNqfLevel:3;ref:ZZLkpQualityAssuranceBody:ZZQualityAssuranceBody:18;ref:ZZLkpLearningType:ZZLearningType:1;ref:ZZLkpModuleType:ZZModuleType:1
*,79,Y,"671202000-PM-04",Build flow circuits,2,2018-07-01 00:00:00.000,2023-06-30 00:00:00.000,2024-06-30 00:00:00.000,2027-06-30 00:00:00.000,ref:ZZLkpNqfLevel:ZZNqfLevel:2;ref:ZZLkpQualityAssuranceBody:ZZQualityAssuranceBody:18;ref:ZZLkpLearningType:ZZLearningType:1;ref:ZZLkpModuleType:ZZModuleType:1
*,80,Y,"671202000-PM-05",Work with electrical components,10,2018-07-01 00:00:00.000,2023-06-30 00:00:00.000,2024-06-30 00:00:00.000,2027-06-30 00:00:00.000,ref:ZZLkpNqfLevel:ZZNqfLevel:3;ref:ZZLkpQualityAssuranceBody:ZZQualityAssuranceBody:18;ref:ZZLkpLearningType:ZZLearningType:1;ref:ZZLkpModuleType:ZZModuleType:1
*,81,Y,"671202000-PM-06","Install and connect electrical equipment, switch- and control gear",61,2018-07-01 00:00:00.000,2023-06-30 00:00:00.000,2024-06-30 00:00:00.000,2027-06-30 00:00:00.000,ref:ZZLkpNqfLevel:ZZNqfLevel:3;ref:ZZLkpQualityAssuranceBody:ZZQualityAssuranceBody:18;ref:ZZLkpLearningType:ZZLearningType:1;ref:ZZLkpModuleType:ZZModuleType:1
*,82,Y,"671202000-PM-07",Work with electronic components,10,2018-07-01 00:00:00.000,2023-06-30 00:00:00.000,2024-06-30 00:00:00.000,2027-06-30 00:00:00.000,ref:ZZLkpNqfLevel:ZZNqfLevel:3;ref:ZZLkpQualityAssuranceBody:ZZQualityAssuranceBody:18;ref:ZZLkpLearningType:ZZLearningType:1;ref:ZZLkpModuleType:ZZModuleType:1
*,83,Y,"671202000-PM-08","Disassemble, clean and inspect mechanical sub-assemblies and machines",6,2018-07-01 00:00:00.000,2023-06-30 00:00:00.000,2024-06-30 00:00:00.000,2027-06-30 00:00:00.000,ref:ZZLkpNqfLevel:ZZNqfLevel:3;ref:ZZLkpQualityAssuranceBody:ZZQualityAssuranceBody:18;ref:ZZLkpLearningType:ZZLearningType:1;ref:ZZLkpModuleType:ZZModuleType:1
*,84,Y,"671202000-PM-09",Replace components and assemble mechanical sub-assemblies and machines,6,2018-07-01 00:00:00.000,2023-06-30 00:00:00.000,2024-06-30 00:00:00.000,2027-06-30 00:00:00.000,ref:ZZLkpNqfLevel:ZZNqfLevel:3;ref:ZZLkpQualityAssuranceBody:ZZQualityAssuranceBody:18;ref:ZZLkpLearningType:ZZLearningType:1;ref:ZZLkpModuleType:ZZModuleType:1
*,85,Y,"671202000-PM-10",Do fault-finding on mechanical sub-assemblies and machines,12,2018-07-01 00:00:00.000,2023-06-30 00:00:00.000,2024-06-30 00:00:00.000,2027-06-30 00:00:00.000,ref:ZZLkpNqfLevel:ZZNqfLevel:4;ref:ZZLkpQualityAssuranceBody:ZZQualityAssuranceBody:18;ref:ZZLkpLearningType:ZZLearningType:1;ref:ZZLkpModuleType:ZZModuleType:1
*,86,Y,"671202000-PM-11",Repair mechanical sub-assemblies and machines,12,2018-07-01 00:00:00.000,2023-06-30 00:00:00.000,2024-06-30 00:00:00.000,2027-06-30 00:00:00.000,ref:ZZLkpNqfLevel:ZZNqfLevel:4;ref:ZZLkpQualityAssuranceBody:ZZQualityAssuranceBody:18;ref:ZZLkpLearningType:ZZLearningType:1;ref:ZZLkpModuleType:ZZModuleType:1
*,87,Y,"671202000-PM-12",Perform fault-finding on and repair electrical and electronic circuits,14,2018-07-01 00:00:00.000,2023-06-30 00:00:00.000,2024-06-30 00:00:00.000,2027-06-30 00:00:00.000,ref:ZZLkpNqfLevel:ZZNqfLevel:3;ref:ZZLkpQualityAssuranceBody:ZZQualityAssuranceBody:18;ref:ZZLkpLearningType:ZZLearningType:1;ref:ZZLkpModuleType:ZZModuleType:1
*,88,Y,"671202000-PM-13","Dismantle, test and reassemble electrical machinery",12,2018-07-01 00:00:00.000,2023-06-30 00:00:00.000,2024-06-30 00:00:00.000,2027-06-30 00:00:00.000,ref:ZZLkpNqfLevel:ZZNqfLevel:3;ref:ZZLkpQualityAssuranceBody:ZZQualityAssuranceBody:18;ref:ZZLkpLearningType:ZZLearningType:1;ref:ZZLkpModuleType:ZZModuleType:1
*,89,Y,"671202000-PM-14",Install and commission mechanical sub-assemblies and machines,12,2018-07-01 00:00:00.000,2023-06-30 00:00:00.000,2024-06-30 00:00:00.000,2027-06-30 00:00:00.000,ref:ZZLkpNqfLevel:ZZNqfLevel:4;ref:ZZLkpQualityAssuranceBody:ZZQualityAssuranceBody:18;ref:ZZLkpLearningType:ZZLearningType:1;ref:ZZLkpModuleType:ZZModuleType:1
*,90,Y,"671202000-PM-15",Test and verify electrical equipment and systems,10,2018-07-01 00:00:00.000,2023-06-30 00:00:00.000,2024-06-30 00:00:00.000,2027-06-30 00:00:00.000,ref:ZZLkpNqfLevel:ZZNqfLevel:3;ref:ZZLkpQualityAssuranceBody:ZZQualityAssuranceBody:18;ref:ZZLkpLearningType:ZZLearningType:1;ref:ZZLkpModuleType:ZZModuleType:1
*,91,Y,"671202000-PM-16",Design and modify electrical circuits,10,2018-07-01 00:00:00.000,2023-06-30 00:00:00.000,2024-06-30 00:00:00.000,2027-06-30 00:00:00.000,ref:ZZLkpNqfLevel:ZZNqfLevel:4;ref:ZZLkpQualityAssuranceBody:ZZQualityAssuranceBody:18;ref:ZZLkpLearningType:ZZLearningType:1;ref:ZZLkpModuleType:ZZModuleType:1
*,92,Y,"671202000-PM-17",Design flow circuits,4,2018-07-01 00:00:00.000,2023-06-30 00:00:00.000,2024-06-30 00:00:00.000,2027-06-30 00:00:00.000,ref:ZZLkpNqfLevel:ZZNqfLevel:4;ref:ZZLkpQualityAssuranceBody:ZZQualityAssuranceBody:18;ref:ZZLkpLearningType:ZZLearningType:1;ref:ZZLkpModuleType:ZZModuleType:1
*,93,Y,"671202000-WM-01",Maintenance processes for industrial machinery,48,2018-07-01 00:00:00.000,2023-06-30 00:00:00.000,2024-06-30 00:00:00.000,2027-06-30 00:00:00.000,ref:ZZLkpNqfLevel:ZZNqfLevel:3;ref:ZZLkpQualityAssuranceBody:ZZQualityAssuranceBody:18;ref:ZZLkpLearningType:ZZLearningType:3;ref:ZZLkpModuleType:ZZModuleType:1
*,94,Y,"671202000-WM-02",Fabrication of mechanical components,8,2018-07-01 00:00:00.000,2023-06-30 00:00:00.000,2024-06-30 00:00:00.000,2027-06-30 00:00:00.000,ref:ZZLkpNqfLevel:ZZNqfLevel:3;ref:ZZLkpQualityAssuranceBody:ZZQualityAssuranceBody:18;ref:ZZLkpLearningType:ZZLearningType:1;ref:ZZLkpModuleType:ZZModuleType:1
*,95,Y,"671202000-WM-03",Fault-finding and repair of industrial machinery,108,2018-07-01 00:00:00.000,2023-06-30 00:00:00.000,2024-06-30 00:00:00.000,2027-06-30 00:00:00.000,ref:ZZLkpNqfLevel:ZZNqfLevel:4;ref:ZZLkpQualityAssuranceBody:ZZQualityAssuranceBody:18;ref:ZZLkpLearningType:ZZLearningType:3;ref:ZZLkpModuleType:ZZModuleType:1
*,96,Y,"671202000-WM-04",Overhauling of electrical and mechanical sub-assemblies and machines,54,2018-07-01 00:00:00.000,2023-06-30 00:00:00.000,2024-06-30 00:00:00.000,2027-06-30 00:00:00.000,ref:ZZLkpNqfLevel:ZZNqfLevel:4;ref:ZZLkpQualityAssuranceBody:ZZQualityAssuranceBody:18;ref:ZZLkpLearningType:ZZLearningType:3;ref:ZZLkpModuleType:ZZModuleType:1
*,97,Y,"671202000-WM-05",Installation and commissioning of industrial machinery,108,2018-07-01 00:00:00.000,2023-06-30 00:00:00.000,2024-06-30 00:00:00.000,2027-06-30 00:00:00.000,ref:ZZLkpNqfLevel:ZZNqfLevel:4;ref:ZZLkpQualityAssuranceBody:ZZQualityAssuranceBody:18;ref:ZZLkpLearningType:ZZLearningType:3;ref:ZZLkpModuleType:ZZModuleType:1
*,98,Y,"653306-000-01-KM-01",Workplace Fundamentals,9,2020-07-30 00:00:00.000,2025-07-30 00:00:00.000,2026-07-30 00:00:00.000,2029-07-30 00:00:00.000,ref:ZZLkpNqfLevel:ZZNqfLevel:2;ref:ZZLkpQualityAssuranceBody:ZZQualityAssuranceBody:18;ref:ZZLkpLearningType:ZZLearningType:2;ref:ZZLkpModuleType:ZZModuleType:1
*,99,Y,"653306-000-01-KM-02",Foundational Concepts for Mechanics,14,2020-07-30 00:00:00.000,2025-07-30 00:00:00.000,2026-07-30 00:00:00.000,2029-07-30 00:00:00.000,ref:ZZLkpNqfLevel:ZZNqfLevel:2;ref:ZZLkpQualityAssuranceBody:ZZQualityAssuranceBody:18;ref:ZZLkpLearningType:ZZLearningType:2;ref:ZZLkpModuleType:ZZModuleType:1
*,100,Y,"653306-000-01-KM-03",Vehicle and Equipment Fundamentals,8,2020-07-30 00:00:00.000,2025-07-30 00:00:00.000,2026-07-30 00:00:00.000,2029-07-30 00:00:00.000,ref:ZZLkpNqfLevel:ZZNqfLevel:2;ref:ZZLkpQualityAssuranceBody:ZZQualityAssuranceBody:18;ref:ZZLkpLearningType:ZZLearningType:2;ref:ZZLkpModuleType:ZZModuleType:1
*,101,Y,"653306-000-01-KM-04",Basic Engine Systems,8,2020-07-30 00:00:00.000,2025-07-30 00:00:00.000,2026-07-30 00:00:00.000,2029-07-30 00:00:00.000,ref:ZZLkpNqfLevel:ZZNqfLevel:2;ref:ZZLkpQualityAssuranceBody:ZZQualityAssuranceBody:18;ref:ZZLkpLearningType:ZZLearningType:2;ref:ZZLkpModuleType:ZZModuleType:1
*,102,Y,"653306-000-01-KM-05","Vehicle, Equipment and Propulsion Systems",13,2020-07-30 00:00:00.000,2025-07-30 00:00:00.000,2026-07-30 00:00:00.000,2029-07-30 00:00:00.000,ref:ZZLkpNqfLevel:ZZNqfLevel:3;ref:ZZLkpQualityAssuranceBody:ZZQualityAssuranceBody:18;ref:ZZLkpLearningType:ZZLearningType:2;ref:ZZLkpModuleType:ZZModuleType:1
*,103,Y,"653306-000-01-KM-06","Electrical Systems and Basic Electronic, Hydraulic and Pneumatic Principles",16,2020-07-30 00:00:00.000,2025-07-30 00:00:00.000,2026-07-30 00:00:00.000,2029-07-30 00:00:00.000,ref:ZZLkpNqfLevel:ZZNqfLevel:3;ref:ZZLkpQualityAssuranceBody:ZZQualityAssuranceBody:18;ref:ZZLkpLearningType:ZZLearningType:2;ref:ZZLkpModuleType:ZZModuleType:1
*,104,Y,"653306-000-01-KM-07",Advanced Vehicle and Equipment Systems,30,2020-07-30 00:00:00.000,2025-07-30 00:00:00.000,2026-07-30 00:00:00.000,2029-07-30 00:00:00.000,ref:ZZLkpNqfLevel:ZZNqfLevel:4;ref:ZZLkpQualityAssuranceBody:ZZQualityAssuranceBody:18;ref:ZZLkpLearningType:ZZLearningType:2;ref:ZZLkpModuleType:ZZModuleType:1
*,105,Y,"653306-000-01-KM-08",Problem Solving and Engine Optimisation,10,2020-07-30 00:00:00.000,2025-07-30 00:00:00.000,2026-07-30 00:00:00.000,2029-07-30 00:00:00.000,ref:ZZLkpNqfLevel:ZZNqfLevel:4;ref:ZZLkpQualityAssuranceBody:ZZQualityAssuranceBody:18;ref:ZZLkpLearningType:ZZLearningType:2;ref:ZZLkpModuleType:ZZModuleType:1
*,106,Y,"653306-000-01-PM-01",Work Safely and Respond to Emergencies,6,2020-07-30 00:00:00.000,2025-07-30 00:00:00.000,2026-07-30 00:00:00.000,2029-07-30 00:00:00.000,ref:ZZLkpNqfLevel:ZZNqfLevel:2;ref:ZZLkpQualityAssuranceBody:ZZQualityAssuranceBody:18;ref:ZZLkpLearningType:ZZLearningType:1;ref:ZZLkpModuleType:ZZModuleType:1
*,107,Y,"653306-000-01-PM-02",Use Tools and Equipment,20,2020-07-30 00:00:00.000,2025-07-30 00:00:00.000,2026-07-30 00:00:00.000,2029-07-30 00:00:00.000,ref:ZZLkpNqfLevel:ZZNqfLevel:2;ref:ZZLkpQualityAssuranceBody:ZZQualityAssuranceBody:18;ref:ZZLkpLearningType:ZZLearningType:1;ref:ZZLkpModuleType:ZZModuleType:1
*,108,Y,"653306-000-01-PM-03",Cut and Join Metals,5,2020-07-30 00:00:00.000,2025-07-30 00:00:00.000,2026-07-30 00:00:00.000,2029-07-30 00:00:00.000,ref:ZZLkpNqfLevel:ZZNqfLevel:2;ref:ZZLkpQualityAssuranceBody:ZZQualityAssuranceBody:18;ref:ZZLkpLearningType:ZZLearningType:1;ref:ZZLkpModuleType:ZZModuleType:1
*,109,Y,"653306-000-01-PM-04","Remove and Install Mechanical Components (Gaskets, Seals, Bearings and Locking Devices)",6,2020-07-30 00:00:00.000,2025-07-30 00:00:00.000,2026-07-30 00:00:00.000,2029-07-30 00:00:00.000,ref:ZZLkpNqfLevel:ZZNqfLevel:2;ref:ZZLkpQualityAssuranceBody:ZZQualityAssuranceBody:18;ref:ZZLkpLearningType:ZZLearningType:1;ref:ZZLkpModuleType:ZZModuleType:1
*,110,Y,"653306-000-01-PM-05",Work with Auto-electric and Auto-electronic Components,2,2020-07-30 00:00:00.000,2025-07-30 00:00:00.000,2026-07-30 00:00:00.000,2029-07-30 00:00:00.000,ref:ZZLkpNqfLevel:ZZNqfLevel:2;ref:ZZLkpQualityAssuranceBody:ZZQualityAssuranceBody:18;ref:ZZLkpLearningType:ZZLearningType:1;ref:ZZLkpModuleType:ZZModuleType:1
*,111,Y,"653306-000-01-PM-06",Work with Fluid Power Components,2,2020-07-30 00:00:00.000,2025-07-30 00:00:00.000,2026-07-30 00:00:00.000,2029-07-30 00:00:00.000,ref:ZZLkpNqfLevel:ZZNqfLevel:2;ref:ZZLkpQualityAssuranceBody:ZZQualityAssuranceBody:18;ref:ZZLkpLearningType:ZZLearningType:1;ref:ZZLkpModuleType:ZZModuleType:1
*,112,Y,"653306-000-01-PM-07",Maintain and Service Vehicles and Vehicle Components,5,2020-07-30 00:00:00.000,2025-07-30 00:00:00.000,2026-07-30 00:00:00.000,2029-07-30 00:00:00.000,ref:ZZLkpNqfLevel:ZZNqfLevel:2;ref:ZZLkpQualityAssuranceBody:ZZQualityAssuranceBody:18;ref:ZZLkpLearningType:ZZLearningType:1;ref:ZZLkpModuleType:ZZModuleType:1
*,113,Y,"653306-000-01-PM-08","Dismantle, Assess and Reassemble Engines and Engine Sub-assemblies",16,2020-07-30 00:00:00.000,2025-07-30 00:00:00.000,2026-07-30 00:00:00.000,2029-07-30 00:00:00.000,ref:ZZLkpNqfLevel:ZZNqfLevel:3;ref:ZZLkpQualityAssuranceBody:ZZQualityAssuranceBody:18;ref:ZZLkpLearningType:ZZLearningType:1;ref:ZZLkpModuleType:ZZModuleType:1
*,114,Y,"653306-000-01-PM-09","Dismantle, Assess and Reassemble Cooling Systems",8,2020-07-30 00:00:00.000,2025-07-30 00:00:00.000,2026-07-30 00:00:00.000,2029-07-30 00:00:00.000,ref:ZZLkpNqfLevel:ZZNqfLevel:4;ref:ZZLkpQualityAssuranceBody:ZZQualityAssuranceBody:18;ref:ZZLkpLearningType:ZZLearningType:1;ref:ZZLkpModuleType:ZZModuleType:1
*,115,Y,"653306-000-01-PM-10","Dismantle, Assess and Reassemble Brake Systems (including Hydraulic and Pneumatic Components)",5,2020-07-30 00:00:00.000,2025-07-30 00:00:00.000,2025-07-30 00:00:00.000,2029-07-30 00:00:00.000,ref:ZZLkpNqfLevel:ZZNqfLevel:3;ref:ZZLkpQualityAssuranceBody:ZZQualityAssuranceBody:18;ref:ZZLkpLearningType:ZZLearningType:1;ref:ZZLkpModuleType:ZZModuleType:1
*,116,Y,"653306-000-01-PM-11","Dismantle, Assess and Reassemble Drive Train System Components",5,2020-07-30 00:00:00.000,2025-07-30 00:00:00.000,2025-07-30 00:00:00.000,2029-07-30 00:00:00.000,ref:ZZLkpNqfLevel:ZZNqfLevel:3;ref:ZZLkpQualityAssuranceBody:ZZQualityAssuranceBody:18;ref:ZZLkpLearningType:ZZLearningType:1;ref:ZZLkpModuleType:ZZModuleType:1
*,117,Y,"653306-000-01-PM-12","Dismantle, Assess and Reassemble Steering and Suspension Systems (including Hydraulic and Pneumatic Components)",5,2020-07-30 00:00:00.000,2025-07-30 00:00:00.000,2026-07-30 00:00:00.000,2029-07-30 00:00:00.000,ref:ZZLkpNqfLevel:ZZNqfLevel:3;ref:ZZLkpQualityAssuranceBody:ZZQualityAssuranceBody:18;ref:ZZLkpLearningType:ZZLearningType:1;ref:ZZLkpModuleType:ZZModuleType:1
*,118,Y,"653306-000-01-PM-13","Dismantle, Assess and Reassemble Basic Hydraulic Systems",5,2020-07-30 00:00:00.000,2025-07-30 00:00:00.000,2026-07-30 00:00:00.000,2029-07-30 00:00:00.000,ref:ZZLkpNqfLevel:ZZNqfLevel:3;ref:ZZLkpQualityAssuranceBody:ZZQualityAssuranceBody:18;ref:ZZLkpLearningType:ZZLearningType:1;ref:ZZLkpModuleType:ZZModuleType:1
*,119,Y,"653306-000-01-PM-14","Remove, Test, Repair and Refit Engines and Vehicle Components",15,2020-07-30 00:00:00.000,2025-07-30 00:00:00.000,2026-07-30 00:00:00.000,2029-07-30 00:00:00.000,ref:ZZLkpNqfLevel:ZZNqfLevel:3;ref:ZZLkpQualityAssuranceBody:ZZQualityAssuranceBody:18;ref:ZZLkpLearningType:ZZLearningType:1;ref:ZZLkpModuleType:ZZModuleType:1
*,120,Y,"653306-000-01-PM-15",Diagnose and Repair Vehicle Systems,30,2020-07-30 00:00:00.000,2025-07-30 00:00:00.000,2026-07-30 00:00:00.000,2029-07-30 00:00:00.000,ref:ZZLkpNqfLevel:ZZNqfLevel:4;ref:ZZLkpQualityAssuranceBody:ZZQualityAssuranceBody:18;ref:ZZLkpLearningType:ZZLearningType:1;ref:ZZLkpModuleType:ZZModuleType:1
*,121,Y,"653306-000-01-PM-16",Diagnose and Repair Electrical Systems,12,2020-07-30 00:00:00.000,2025-07-30 00:00:00.000,2026-07-30 00:00:00.000,2029-07-30 00:00:00.000,ref:ZZLkpNqfLevel:ZZNqfLevel:4;ref:ZZLkpQualityAssuranceBody:ZZQualityAssuranceBody:18;ref:ZZLkpLearningType:ZZLearningType:1;ref:ZZLkpModuleType:ZZModuleType:1
*,122,Y,"653306-000-01-PM-17",Diagnose and Repair Electronically Controlled Vehicle Systems,10,2020-07-30 00:00:00.000,2025-07-30 00:00:00.000,2026-07-30 00:00:00.000,2029-07-30 00:00:00.000,ref:ZZLkpNqfLevel:ZZNqfLevel:4;ref:ZZLkpQualityAssuranceBody:ZZQualityAssuranceBody:18;ref:ZZLkpLearningType:ZZLearningType:1;ref:ZZLkpModuleType:ZZModuleType:1
*,123,Y,"653306-000-01-PM-18",Diagnose and Repair Air Conditioning System,5,2020-07-30 00:00:00.000,2025-07-30 00:00:00.000,2026-07-30 00:00:00.000,2029-07-30 00:00:00.000,ref:ZZLkpNqfLevel:ZZNqfLevel:4;ref:ZZLkpQualityAssuranceBody:ZZQualityAssuranceBody:18;ref:ZZLkpLearningType:ZZLearningType:1;ref:ZZLkpModuleType:ZZModuleType:1
*,124,Y,"653306-000-01-WM-01",Routine Scheduled Services,16,2020-07-30 00:00:00.000,2025-07-30 00:00:00.000,2026-07-30 00:00:00.000,2029-07-30 00:00:00.000,ref:ZZLkpNqfLevel:ZZNqfLevel:2;ref:ZZLkpQualityAssuranceBody:ZZQualityAssuranceBody:18;ref:ZZLkpLearningType:ZZLearningType:3;ref:ZZLkpModuleType:ZZModuleType:1
*,125,Y,"653306-000-01-WM-02",Removal and Replacement of Engine Sub-system Components (including Batteries),16,2020-07-30 00:00:00.000,2025-07-30 00:00:00.000,2026-07-30 00:00:00.000,2029-07-30 00:00:00.000,ref:ZZLkpNqfLevel:ZZNqfLevel:3;ref:ZZLkpQualityAssuranceBody:ZZQualityAssuranceBody:18;ref:ZZLkpLearningType:ZZLearningType:3;ref:ZZLkpModuleType:ZZModuleType:1
*,126,Y,"653306-000-01-WM-03",Removal and Replacement of Other Vehicle Sub-system Components,20,2020-07-30 00:00:00.000,2025-07-30 00:00:00.000,2025-07-30 00:00:00.000,2029-07-30 00:00:00.000,ref:ZZLkpNqfLevel:ZZNqfLevel:3;ref:ZZLkpQualityAssuranceBody:ZZQualityAssuranceBody:18;ref:ZZLkpLearningType:ZZLearningType:3;ref:ZZLkpModuleType:ZZModuleType:1
*,127,Y,"653306-000-01-WM-04",Engine Removal and Installation Processes,18,2020-07-30 00:00:00.000,2025-07-30 00:00:00.000,2026-07-30 00:00:00.000,2029-07-30 00:00:00.000,ref:ZZLkpNqfLevel:ZZNqfLevel:3;ref:ZZLkpQualityAssuranceBody:ZZQualityAssuranceBody:18;ref:ZZLkpLearningType:ZZLearningType:3;ref:ZZLkpModuleType:ZZModuleType:1
*,128,Y,"653306-000-01-WM-05",Repair Processes for Vehicle Sub-systems,50,2020-07-30 00:00:00.000,2025-07-30 00:00:00.000,2026-07-30 00:00:00.000,2029-07-30 00:00:00.000,ref:ZZLkpNqfLevel:ZZNqfLevel:3;ref:ZZLkpQualityAssuranceBody:ZZQualityAssuranceBody:18;ref:ZZLkpLearningType:ZZLearningType:3;ref:ZZLkpModuleType:ZZModuleType:1
*,129,Y,•  653306-000-01-WM-06,Removal and Replacement of Cooling System,20,2020-07-30 00:00:00.000,2025-07-30 00:00:00.000,2026-07-30 00:00:00.000,2029-07-30 00:00:00.000,ref:ZZLkpNqfLevel:ZZNqfLevel:3;ref:ZZLkpQualityAssuranceBody:ZZQualityAssuranceBody:18;ref:ZZLkpLearningType:ZZLearningType:3;ref:ZZLkpModuleType:ZZModuleType:1
*,130,Y,"653306-000-01-WM-07","Diagnosis and Repair of Electrical Systems (Charging, Starting, Lighting and Auxiliary)",18,2020-07-30 00:00:00.000,2025-07-30 00:00:00.000,2026-07-30 00:00:00.000,2029-07-30 00:00:00.000,ref:ZZLkpNqfLevel:ZZNqfLevel:4;ref:ZZLkpQualityAssuranceBody:ZZQualityAssuranceBody:18;ref:ZZLkpLearningType:ZZLearningType:3;ref:ZZLkpModuleType:ZZModuleType:1
*,131,Y,"653306-000-01-WM-08",Diagnose and Repair Air Conditioning System,8,2020-07-30 00:00:00.000,2025-07-30 00:00:00.000,2026-07-30 00:00:00.000,2029-07-30 00:00:00.000,ref:ZZLkpNqfLevel:ZZNqfLevel:4;ref:ZZLkpQualityAssuranceBody:ZZQualityAssuranceBody:18;ref:ZZLkpLearningType:ZZLearningType:3;ref:ZZLkpModuleType:ZZModuleType:1
*,132,Y,"653306-000-01-WM-09",Diagnosis and Repair of Electronic Control Systems,18,2020-07-30 00:00:00.000,2025-07-30 00:00:00.000,2025-07-30 00:00:00.000,2029-07-30 00:00:00.000,ref:ZZLkpNqfLevel:ZZNqfLevel:4;ref:ZZLkpQualityAssuranceBody:ZZQualityAssuranceBody:18;ref:ZZLkpLearningType:ZZLearningType:3;ref:ZZLkpModuleType:ZZModuleType:1
*,133,Y,"653306-000-01-WM-10",Diagnosis and Repair of Engines and Engine Sub-systems,18,2020-07-30 00:00:00.000,2025-07-30 00:00:00.000,2026-07-30 00:00:00.000,2029-07-30 00:00:00.000,ref:ZZLkpNqfLevel:ZZNqfLevel:4;ref:ZZLkpQualityAssuranceBody:ZZQualityAssuranceBody:18;ref:ZZLkpLearningType:ZZLearningType:3;ref:ZZLkpModuleType:ZZModuleType:1
*,134,Y,"653306-000-01-WM-11",Diagnosis and Repair of Hydraulic and Pneumatic Systems,18,2020-07-30 00:00:00.000,2025-07-30 00:00:00.000,2026-07-30 00:00:00.000,2029-07-30 00:00:00.000,ref:ZZLkpNqfLevel:ZZNqfLevel:4;ref:ZZLkpQualityAssuranceBody:ZZQualityAssuranceBody:18;ref:ZZLkpLearningType:ZZLearningType:3;ref:ZZLkpModuleType:ZZModuleType:1
*,135,Y,"653306-000-01-WM-12",Diagnosis and Repair of Brake Systems,18,2020-07-30 00:00:00.000,2025-07-30 00:00:00.000,2025-07-30 00:00:00.000,2029-07-30 00:00:00.000,ref:ZZLkpNqfLevel:ZZNqfLevel:4;ref:ZZLkpQualityAssuranceBody:ZZQualityAssuranceBody:18;ref:ZZLkpLearningType:ZZLearningType:3;ref:ZZLkpModuleType:ZZModuleType:1
*,136,Y,"653306-000-01-WM-13",Diagnosis and Repair of Drive Train Systems,18,2020-07-30 00:00:00.000,2025-07-30 00:00:00.000,2026-07-30 00:00:00.000,2029-07-30 00:00:00.000,ref:ZZLkpNqfLevel:ZZNqfLevel:4;ref:ZZLkpQualityAssuranceBody:ZZQualityAssuranceBody:18;ref:ZZLkpLearningType:ZZLearningType:3;ref:ZZLkpModuleType:ZZModuleType:1
*,137,Y,"653306-000-01-WM-14",Diagnosis and Repair of Steering and Suspension Systems,18,2020-07-30 00:00:00.000,2025-07-30 00:00:00.000,2025-07-30 00:00:00.000,2029-07-30 00:00:00.000,ref:ZZLkpNqfLevel:ZZNqfLevel:4;ref:ZZLkpQualityAssuranceBody:ZZQualityAssuranceBody:18;ref:ZZLkpLearningType:ZZLearningType:3;ref:ZZLkpModuleType:ZZModuleType:1
*,138,Y,"653306-000-01-WM-06",Removal and Replacement of Cooling System,20,2021-07-30 00:00:00.000,2025-07-30 00:00:00.000,2026-07-30 00:00:00.000,2029-07-30 00:00:00.000,ref:ZZLkpNqfLevel:ZZNqfLevel:3;ref:ZZLkpQualityAssuranceBody:ZZQualityAssuranceBody:18;ref:ZZLkpLearningType:ZZLearningType:3;ref:ZZLkpModuleType:ZZModuleType:1
*,139,Y,"661301-KM-01-KT01",Metal and Jewellery Arts 1,44,2018-07-01 00:00:00.000,2023-06-30 00:00:00.000,2024-06-30 00:00:00.000,2027-06-30 00:00:00.000,ref:ZZLkpNqfLevel:ZZNqfLevel:2;ref:ZZLkpQualityAssuranceBody:ZZQualityAssuranceBody:57;ref:ZZLkpLearningType:ZZLearningType:2;ref:ZZLkpModuleType:ZZModuleType:1
*,140,Y,"661301-KM-02",Industrial Design Drawings 1,24,2018-07-01 00:00:00.000,2023-06-30 00:00:00.000,2024-06-30 00:00:00.000,2027-06-30 00:00:00.000,ref:ZZLkpNqfLevel:ZZNqfLevel:3;ref:ZZLkpQualityAssuranceBody:ZZQualityAssuranceBody:57;ref:ZZLkpLearningType:ZZLearningType:2;ref:ZZLkpModuleType:ZZModuleType:1
*,141,Y,"661301-KM-03",Metal and Jewellery Arts 2,26,2018-07-01 00:00:00.000,2023-06-30 00:00:00.000,2024-06-30 00:00:00.000,2027-06-30 00:00:00.000,ref:ZZLkpNqfLevel:ZZNqfLevel:3;ref:ZZLkpQualityAssuranceBody:ZZQualityAssuranceBody:57;ref:ZZLkpLearningType:ZZLearningType:2;ref:ZZLkpModuleType:ZZModuleType:1
*,142,Y,"661301-KM-04",Metal and Jewellery Arts 3,24,2018-07-01 00:00:00.000,2023-06-30 00:00:00.000,2024-06-30 00:00:00.000,2027-06-30 00:00:00.000,ref:ZZLkpNqfLevel:ZZNqfLevel:4;ref:ZZLkpQualityAssuranceBody:ZZQualityAssuranceBody:57;ref:ZZLkpLearningType:ZZLearningType:2;ref:ZZLkpModuleType:ZZModuleType:1
*,143,Y,"661301-PM-01",Conduct basic metal work,25,2018-07-01 00:00:00.000,2023-06-30 00:00:00.000,2024-06-30 00:00:00.000,2027-06-30 00:00:00.000,ref:ZZLkpNqfLevel:ZZNqfLevel:2;ref:ZZLkpQualityAssuranceBody:ZZQualityAssuranceBody:57;ref:ZZLkpLearningType:ZZLearningType:1;ref:ZZLkpModuleType:ZZModuleType:1
*,144,Y,"661301-PM-02",Execute cold joining,4,2018-07-01 00:00:00.000,2023-06-30 00:00:00.000,2024-06-30 00:00:00.000,2027-06-30 00:00:00.000,ref:ZZLkpNqfLevel:ZZNqfLevel:2;ref:ZZLkpQualityAssuranceBody:ZZQualityAssuranceBody:57;ref:ZZLkpLearningType:ZZLearningType:1;ref:ZZLkpModuleType:ZZModuleType:1
*,145,Y,"661301-PM-03",Manufacture basic jewellery,45,2018-07-01 00:00:00.000,2023-06-30 00:00:00.000,2024-06-30 00:00:00.000,2027-06-30 00:00:00.000,ref:ZZLkpNqfLevel:ZZNqfLevel:2;ref:ZZLkpQualityAssuranceBody:ZZQualityAssuranceBody:57;ref:ZZLkpLearningType:ZZLearningType:1;ref:ZZLkpModuleType:ZZModuleType:1
*,146,Y,"661301-PM-04",Produce jewellery using re-production techniques,7,2018-07-01 00:00:00.000,2023-06-30 00:00:00.000,2024-06-30 00:00:00.000,2027-06-30 00:00:00.000,ref:ZZLkpNqfLevel:ZZNqfLevel:3;ref:ZZLkpQualityAssuranceBody:ZZQualityAssuranceBody:57;ref:ZZLkpLearningType:ZZLearningType:1;ref:ZZLkpModuleType:ZZModuleType:1
*,147,Y,"661301-PM-05",Interpret jewellery designs,7,2018-07-01 00:00:00.000,2023-06-30 00:00:00.000,2024-06-30 00:00:00.000,2027-06-30 00:00:00.000,ref:ZZLkpNqfLevel:ZZNqfLevel:3;ref:ZZLkpQualityAssuranceBody:ZZQualityAssuranceBody:57;ref:ZZLkpLearningType:ZZLearningType:1;ref:ZZLkpModuleType:ZZModuleType:1
*,148,Y,"661301-PM-06",Manufacture a variety of jewellery item,48,2018-07-01 00:00:00.000,2023-06-30 00:00:00.000,2024-06-30 00:00:00.000,2027-06-30 00:00:00.000,ref:ZZLkpNqfLevel:ZZNqfLevel:3;ref:ZZLkpQualityAssuranceBody:ZZQualityAssuranceBody:57;ref:ZZLkpLearningType:ZZLearningType:1;ref:ZZLkpModuleType:ZZModuleType:1
*,149,Y,"661301-PM-07",Identify and separate natural gemstones from their simulants,4,2018-07-01 00:00:00.000,2023-06-30 00:00:00.000,2024-06-30 00:00:00.000,2027-06-30 00:00:00.000,ref:ZZLkpNqfLevel:ZZNqfLevel:3;ref:ZZLkpQualityAssuranceBody:ZZQualityAssuranceBody:57;ref:ZZLkpLearningType:ZZLearningType:1;ref:ZZLkpModuleType:ZZModuleType:1
*,150,Y,"661301-PM-08",Manufacture complex jewellery items,48,2018-07-01 00:00:00.000,2023-06-30 00:00:00.000,2024-06-30 00:00:00.000,2027-06-30 00:00:00.000,ref:ZZLkpNqfLevel:ZZNqfLevel:4;ref:ZZLkpQualityAssuranceBody:ZZQualityAssuranceBody:57;ref:ZZLkpLearningType:ZZLearningType:1;ref:ZZLkpModuleType:ZZModuleType:1
*,151,Y,"661301-PM-09",Conduct basic setting of gemstones,4,2018-07-01 00:00:00.000,2023-06-30 00:00:00.000,2024-06-30 00:00:00.000,2027-06-30 00:00:00.000,ref:ZZLkpNqfLevel:ZZNqfLevel:4;ref:ZZLkpQualityAssuranceBody:ZZQualityAssuranceBody:57;ref:ZZLkpLearningType:ZZLearningType:1;ref:ZZLkpModuleType:ZZModuleType:1
*,152,Y,"661301-PM-10",Repair complex jewellery pieces,10,2018-07-01 00:00:00.000,2023-06-30 00:00:00.000,2024-06-30 00:00:00.000,2027-06-30 00:00:00.000,ref:ZZLkpNqfLevel:ZZNqfLevel:4;ref:ZZLkpQualityAssuranceBody:ZZQualityAssuranceBody:57;ref:ZZLkpLearningType:ZZLearningType:1;ref:ZZLkpModuleType:ZZModuleType:1
*,153,Y,"661301-WM-01",Metal work processes,50,2018-07-01 00:00:00.000,2023-06-30 00:00:00.000,2024-06-30 00:00:00.000,2027-06-30 00:00:00.000,ref:ZZLkpNqfLevel:ZZNqfLevel:2;ref:ZZLkpQualityAssuranceBody:ZZQualityAssuranceBody:57;ref:ZZLkpLearningType:ZZLearningType:3;ref:ZZLkpModuleType:ZZModuleType:1
*,154,Y,"661301-WM-02",Jewellery assembly and finishing processes,14,2018-07-01 00:00:00.000,2023-06-30 00:00:00.000,2024-06-30 00:00:00.000,2027-06-30 00:00:00.000,ref:ZZLkpNqfLevel:ZZNqfLevel:2;ref:ZZLkpQualityAssuranceBody:ZZQualityAssuranceBody:57;ref:ZZLkpLearningType:ZZLearningType:3;ref:ZZLkpModuleType:ZZModuleType:1
*,155,Y,"661301-WM-03",Jewellery Workshop processes and tools,12,2018-07-01 00:00:00.000,2023-06-30 00:00:00.000,2024-06-30 00:00:00.000,2027-06-30 00:00:00.000,ref:ZZLkpNqfLevel:ZZNqfLevel:2;ref:ZZLkpQualityAssuranceBody:ZZQualityAssuranceBody:57;ref:ZZLkpLearningType:ZZLearningType:3;ref:ZZLkpModuleType:ZZModuleType:1
*,156,Y,"661301-WM-04",Jewellery manufacturing processes,100,2018-07-01 00:00:00.000,2023-06-30 00:00:00.000,2024-06-30 00:00:00.000,2027-06-30 00:00:00.000,ref:ZZLkpNqfLevel:ZZNqfLevel:2;ref:ZZLkpQualityAssuranceBody:ZZQualityAssuranceBody:57;ref:ZZLkpLearningType:ZZLearningType:3;ref:ZZLkpModuleType:ZZModuleType:1
*,157,Y,"661301-WM-05",Jewellery manufacturing planning processes,8,2018-07-01 00:00:00.000,2023-06-30 00:00:00.000,2024-06-30 00:00:00.000,2027-06-30 00:00:00.000,ref:ZZLkpNqfLevel:ZZNqfLevel:3;ref:ZZLkpQualityAssuranceBody:ZZQualityAssuranceBody:57;ref:ZZLkpLearningType:ZZLearningType:3;ref:ZZLkpModuleType:ZZModuleType:1
*,158,Y,"661301-WM-06",Materials management processes,6,2018-07-01 00:00:00.000,2023-06-30 00:00:00.000,2024-06-30 00:00:00.000,2027-06-30 00:00:00.000,ref:ZZLkpNqfLevel:ZZNqfLevel:3;ref:ZZLkpQualityAssuranceBody:ZZQualityAssuranceBody:57;ref:ZZLkpLearningType:ZZLearningType:3;ref:ZZLkpModuleType:ZZModuleType:1
*,159,Y,"661301-WM-07",Stone setting processes,12,2018-07-01 00:00:00.000,2023-06-30 00:00:00.000,2024-06-30 00:00:00.000,2027-06-30 00:00:00.000,ref:ZZLkpNqfLevel:ZZNqfLevel:4;ref:ZZLkpQualityAssuranceBody:ZZQualityAssuranceBody:57;ref:ZZLkpLearningType:ZZLearningType:3;ref:ZZLkpModuleType:ZZModuleType:1
*,160,Y,"661301-WM-08",Jewellery repair and planning processes,14,2018-07-01 00:00:00.000,2023-06-30 00:00:00.000,2024-06-30 00:00:00.000,2027-06-30 00:00:00.000,ref:ZZLkpNqfLevel:ZZNqfLevel:4;ref:ZZLkpQualityAssuranceBody:ZZQualityAssuranceBody:57;ref:ZZLkpLearningType:ZZLearningType:3;ref:ZZLkpModuleType:ZZModuleType:1
*,161,Y,"661301-WM-09",Specialised jewellery manufacturing techniques and processes,39,2018-07-01 00:00:00.000,2023-06-30 00:00:00.000,2024-06-30 00:00:00.000,2027-06-30 00:00:00.000,ref:ZZLkpNqfLevel:ZZNqfLevel:4;ref:ZZLkpQualityAssuranceBody:ZZQualityAssuranceBody:57;ref:ZZLkpLearningType:ZZLearningType:3;ref:ZZLkpModuleType:ZZModuleType:1
*,162,Y,"661302-000-00-00-KM-01",Introduction to Stone Setting,38,2021-03-25 00:00:00.000,2026-03-25 00:00:00.000,2027-03-25 00:00:00.000,2030-03-25 00:00:00.000,ref:ZZLkpNqfLevel:ZZNqfLevel:3;ref:ZZLkpQualityAssuranceBody:ZZQualityAssuranceBody:57;ref:ZZLkpLearningType:ZZLearningType:2;ref:ZZLkpModuleType:ZZModuleType:1
*,163,Y,"661302-000-00-00-KM-02",Diamond and Gemstone Setter Theory,15,2021-03-25 00:00:00.000,2026-03-25 00:00:00.000,2027-03-25 00:00:00.000,2030-03-25 00:00:00.000,ref:ZZLkpNqfLevel:ZZNqfLevel:3;ref:ZZLkpQualityAssuranceBody:ZZQualityAssuranceBody:57;ref:ZZLkpLearningType:ZZLearningType:2;ref:ZZLkpModuleType:ZZModuleType:1
*,164,Y,"661302-000-00-00-KM-03",Advanced Setting,56,2021-03-25 00:00:00.000,2026-03-25 00:00:00.000,2027-03-25 00:00:00.000,2030-03-25 00:00:00.000,ref:ZZLkpNqfLevel:ZZNqfLevel:4;ref:ZZLkpQualityAssuranceBody:ZZQualityAssuranceBody:57;ref:ZZLkpLearningType:ZZLearningType:2;ref:ZZLkpModuleType:ZZModuleType:1
*,165,Y,"661302-000-00-00-PM-01",Conduct Basic Setting Techniques,48,2021-03-25 00:00:00.000,2026-03-25 00:00:00.000,2027-03-25 00:00:00.000,2030-03-25 00:00:00.000,ref:ZZLkpNqfLevel:ZZNqfLevel:3;ref:ZZLkpQualityAssuranceBody:ZZQualityAssuranceBody:57;ref:ZZLkpLearningType:ZZLearningType:1;ref:ZZLkpModuleType:ZZModuleType:1
*,166,Y,"661302-000-00-00-PM-02",Prepare for Stone Setting,40,2021-03-25 00:00:00.000,2026-03-25 00:00:00.000,2027-03-25 00:00:00.000,2030-03-25 00:00:00.000,ref:ZZLkpNqfLevel:ZZNqfLevel:3;ref:ZZLkpQualityAssuranceBody:ZZQualityAssuranceBody:57;ref:ZZLkpLearningType:ZZLearningType:1;ref:ZZLkpModuleType:ZZModuleType:1
*,167,Y,"661302-000-00-00-PM-03",Conduct Basic Setting,10,2021-03-25 00:00:00.000,2026-03-25 00:00:00.000,2027-03-25 00:00:00.000,2030-03-25 00:00:00.000,ref:ZZLkpNqfLevel:ZZNqfLevel:3;ref:ZZLkpQualityAssuranceBody:ZZQualityAssuranceBody:57;ref:ZZLkpLearningType:ZZLearningType:1;ref:ZZLkpModuleType:ZZModuleType:1
*,168,Y,"661302-000-00-00-PM-04",Identify and Examine Gemstones,8,2021-03-25 00:00:00.000,2026-03-25 00:00:00.000,2027-03-25 00:00:00.000,2030-03-25 00:00:00.000,ref:ZZLkpNqfLevel:ZZNqfLevel:3;ref:ZZLkpQualityAssuranceBody:ZZQualityAssuranceBody:57;ref:ZZLkpLearningType:ZZLearningType:1;ref:ZZLkpModuleType:ZZModuleType:1
*,169,Y,"661302-000-00-00-PM-05",Set Stones in a Variety of Jewellery Items,38,2021-03-25 00:00:00.000,2026-03-25 00:00:00.000,2027-03-25 00:00:00.000,2030-03-25 00:00:00.000,ref:ZZLkpNqfLevel:ZZNqfLevel:4;ref:ZZLkpQualityAssuranceBody:ZZQualityAssuranceBody:57;ref:ZZLkpLearningType:ZZLearningType:1;ref:ZZLkpModuleType:ZZModuleType:1
*,170,Y,"661302-000-00-00-PM-06",Set Stones in a Variety of Settings,24,2021-03-25 00:00:00.000,2026-03-25 00:00:00.000,2027-03-25 00:00:00.000,2030-03-25 00:00:00.000,ref:ZZLkpNqfLevel:ZZNqfLevel:4;ref:ZZLkpQualityAssuranceBody:ZZQualityAssuranceBody:57;ref:ZZLkpLearningType:ZZLearningType:1;ref:ZZLkpModuleType:ZZModuleType:1
*,171,Y,"661302-000-00-00-PM-07",Set Stones in Complex Jewellery Using Advanced Setting Techniques,30,2021-03-25 00:00:00.000,2026-03-25 00:00:00.000,2027-03-25 00:00:00.000,2030-03-25 00:00:00.000,ref:ZZLkpNqfLevel:ZZNqfLevel:4;ref:ZZLkpQualityAssuranceBody:ZZQualityAssuranceBody:57;ref:ZZLkpLearningType:ZZLearningType:1;ref:ZZLkpModuleType:ZZModuleType:1
*,172,Y,"661302-000-00-00-PM-08","Remove, Reset & Replace Stones into Jewellery Items",10,2021-03-25 00:00:00.000,2026-03-25 00:00:00.000,2027-03-25 00:00:00.000,2030-03-25 00:00:00.000,ref:ZZLkpNqfLevel:ZZNqfLevel:4;ref:ZZLkpQualityAssuranceBody:ZZQualityAssuranceBody:57;ref:ZZLkpLearningType:ZZLearningType:1;ref:ZZLkpModuleType:ZZModuleType:1
*,173,Y,"661302-000-00-00-WM-01",Preparation Processes for Setting,5,2021-03-25 00:00:00.000,2026-03-25 00:00:00.000,2027-03-25 00:00:00.000,2030-03-25 00:00:00.000,ref:ZZLkpNqfLevel:ZZNqfLevel:3;ref:ZZLkpQualityAssuranceBody:ZZQualityAssuranceBody:57;ref:ZZLkpLearningType:ZZLearningType:3;ref:ZZLkpModuleType:ZZModuleType:1
*,174,Y,"661302-000-00-00-WM-02",Health and Safety for Stone Setting Workshop Processes and Tools,5,2021-03-25 00:00:00.000,2026-03-25 00:00:00.000,2027-03-25 00:00:00.000,2030-03-25 00:00:00.000,ref:ZZLkpNqfLevel:ZZNqfLevel:3;ref:ZZLkpQualityAssuranceBody:ZZQualityAssuranceBody:57;ref:ZZLkpLearningType:ZZLearningType:3;ref:ZZLkpModuleType:ZZModuleType:1
*,175,Y,"661302-000-00-00-WM-03",Stone Setting Processes,25,2021-03-25 00:00:00.000,2026-03-25 00:00:00.000,2027-03-25 00:00:00.000,2030-03-25 00:00:00.000,ref:ZZLkpNqfLevel:ZZNqfLevel:3;ref:ZZLkpQualityAssuranceBody:ZZQualityAssuranceBody:57;ref:ZZLkpLearningType:ZZLearningType:3;ref:ZZLkpModuleType:ZZModuleType:1
*,176,Y,"661302-000-00-00-WM-04",Removal and Resetting of Stones and Restoring pf Jewellery Items,25,2021-03-25 00:00:00.000,2026-03-25 00:00:00.000,2027-03-25 00:00:00.000,2030-03-25 00:00:00.000,ref:ZZLkpNqfLevel:ZZNqfLevel:4;ref:ZZLkpQualityAssuranceBody:ZZQualityAssuranceBody:57;ref:ZZLkpLearningType:ZZLearningType:3;ref:ZZLkpModuleType:ZZModuleType:1
*,177,Y,"661302-000-00-00WM-05",Specialised and Advanced Setting Processes,148,2021-03-25 00:00:00.000,2026-03-25 00:00:00.000,2027-03-25 00:00:00.000,2030-03-25 00:00:00.000,ref:ZZLkpNqfLevel:ZZNqfLevel:4;ref:ZZLkpQualityAssuranceBody:ZZQualityAssuranceBody:57;ref:ZZLkpLearningType:ZZLearningType:3;ref:ZZLkpModuleType:ZZModuleType:1
*,178,Y,"661302-000-00-00-WM-06","Material, Tools Consumables Management Processes",5,2021-03-25 00:00:00.000,2026-03-25 00:00:00.000,2027-03-25 00:00:00.000,2030-03-25 00:00:00.000,ref:ZZLkpNqfLevel:ZZNqfLevel:4;ref:ZZLkpQualityAssuranceBody:ZZQualityAssuranceBody:57;ref:ZZLkpLearningType:ZZLearningType:3;ref:ZZLkpModuleType:ZZModuleType:1
*,179,Y,"672105000-KM-01",Occupational Health and Safety legislation,6,2018-07-01 00:00:00.000,2023-06-30 00:00:00.000,2024-06-30 00:00:00.000,2027-06-30 00:00:00.000,ref:ZZLkpNqfLevel:ZZNqfLevel:4;ref:ZZLkpQualityAssuranceBody:ZZQualityAssuranceBody:53;ref:ZZLkpLearningType:ZZLearningType:2;ref:ZZLkpModuleType:ZZModuleType:1
*,180,Y,"672105000-KM-02",Electricity and Electronics,13,2018-07-01 00:00:00.000,2023-06-30 00:00:00.000,2024-06-30 00:00:00.000,2027-06-30 00:00:00.000,ref:ZZLkpNqfLevel:ZZNqfLevel:4;ref:ZZLkpQualityAssuranceBody:ZZQualityAssuranceBody:53;ref:ZZLkpLearningType:ZZLearningType:2;ref:ZZLkpModuleType:ZZModuleType:1
*,181,Y,"672105000-KM-03",Complex electronic components and circuits,20,2018-07-01 00:00:00.000,2023-06-30 00:00:00.000,2024-06-30 00:00:00.000,2027-06-30 00:00:00.000,ref:ZZLkpNqfLevel:ZZNqfLevel:5;ref:ZZLkpQualityAssuranceBody:ZZQualityAssuranceBody:53;ref:ZZLkpLearningType:ZZLearningType:2;ref:ZZLkpModuleType:ZZModuleType:1
*,182,Y,"672105000-KM-04",Introduction to Instrumentation,3,2018-07-01 00:00:00.000,2023-06-30 00:00:00.000,2024-06-30 00:00:00.000,2027-06-30 00:00:00.000,ref:ZZLkpNqfLevel:ZZNqfLevel:4;ref:ZZLkpQualityAssuranceBody:ZZQualityAssuranceBody:53;ref:ZZLkpLearningType:ZZLearningType:2;ref:ZZLkpModuleType:ZZModuleType:1
*,183,Y,"672105000-KM-05",Engineering tools and Test Equipment,10,2018-07-01 00:00:00.000,2023-06-30 00:00:00.000,2024-06-30 00:00:00.000,2027-06-30 00:00:00.000,ref:ZZLkpNqfLevel:ZZNqfLevel:4;ref:ZZLkpQualityAssuranceBody:ZZQualityAssuranceBody:53;ref:ZZLkpLearningType:ZZLearningType:2;ref:ZZLkpModuleType:ZZModuleType:1
*,184,Y,"672105000-KM-06",Pressure and pressure measurement,5,2018-07-01 00:00:00.000,2023-06-30 00:00:00.000,2024-06-30 00:00:00.000,2027-06-30 00:00:00.000,ref:ZZLkpNqfLevel:ZZNqfLevel:4;ref:ZZLkpQualityAssuranceBody:ZZQualityAssuranceBody:53;ref:ZZLkpLearningType:ZZLearningType:2;ref:ZZLkpModuleType:ZZModuleType:1
*,185,Y,"672105000-KM-07",Flow and flow measurement,5,2018-07-01 00:00:00.000,2023-06-30 00:00:00.000,2024-06-30 00:00:00.000,2027-06-30 00:00:00.000,ref:ZZLkpNqfLevel:ZZNqfLevel:4;ref:ZZLkpQualityAssuranceBody:ZZQualityAssuranceBody:53;ref:ZZLkpLearningType:ZZLearningType:2;ref:ZZLkpModuleType:ZZModuleType:1
*,186,Y,"672105000-KM-08",Level and level measurement,5,2018-07-01 00:00:00.000,2023-06-30 00:00:00.000,2024-06-30 00:00:00.000,2027-06-30 00:00:00.000,ref:ZZLkpNqfLevel:ZZNqfLevel:4;ref:ZZLkpQualityAssuranceBody:ZZQualityAssuranceBody:57;ref:ZZLkpLearningType:ZZLearningType:2;ref:ZZLkpModuleType:ZZModuleType:1
*,187,Y,"672105000-KM-09",Temperature and temperature measurement,5,2018-07-01 00:00:00.000,2023-06-30 00:00:00.000,2024-06-30 00:00:00.000,2027-06-30 00:00:00.000,ref:ZZLkpNqfLevel:ZZNqfLevel:4;ref:ZZLkpQualityAssuranceBody:ZZQualityAssuranceBody:57;ref:ZZLkpLearningType:ZZLearningType:2;ref:ZZLkpModuleType:ZZModuleType:1
*,188,Y,"672105000-KM-10",Final control elements,5,2018-07-01 00:00:00.000,2023-06-30 00:00:00.000,2024-06-30 00:00:00.000,2027-06-30 00:00:00.000,ref:ZZLkpNqfLevel:ZZNqfLevel:4;ref:ZZLkpQualityAssuranceBody:ZZQualityAssuranceBody:53;ref:ZZLkpLearningType:ZZLearningType:2;ref:ZZLkpModuleType:ZZModuleType:1
*,189,Y,"672105000-KM-11",Pneumatic system,4,2018-07-01 00:00:00.000,2023-06-30 00:00:00.000,2024-06-30 00:00:00.000,2027-03-06 00:00:00.000,ref:ZZLkpNqfLevel:ZZNqfLevel:4;ref:ZZLkpQualityAssuranceBody:ZZQualityAssuranceBody:53;ref:ZZLkpLearningType:ZZLearningType:2;ref:ZZLkpModuleType:ZZModuleType:1
*,190,Y,"672105000-KM-12",Hydraulic System,4,2018-07-01 00:00:00.000,2023-06-30 00:00:00.000,2024-06-30 00:00:00.000,2027-06-30 00:00:00.000,ref:ZZLkpNqfLevel:ZZNqfLevel:4;ref:ZZLkpQualityAssuranceBody:ZZQualityAssuranceBody:53;ref:ZZLkpLearningType:ZZLearningType:2;ref:ZZLkpModuleType:ZZModuleType:1
*,191,Y,"672105000-KM-13",Relay logic circuits,8,2018-07-01 00:00:00.000,2023-06-01 00:00:00.000,2024-06-30 00:00:00.000,2027-06-30 00:00:00.000,ref:ZZLkpNqfLevel:ZZNqfLevel:5;ref:ZZLkpQualityAssuranceBody:ZZQualityAssuranceBody:53;ref:ZZLkpLearningType:ZZLearningType:2;ref:ZZLkpModuleType:ZZModuleType:1
*,192,Y,"672105000-KM-14",Introduction to Programmable Logic Controllers (PLC),10,2018-07-01 00:00:00.000,2023-06-30 00:00:00.000,2024-06-30 00:00:00.000,2027-06-30 00:00:00.000,ref:ZZLkpNqfLevel:ZZNqfLevel:5;ref:ZZLkpQualityAssuranceBody:ZZQualityAssuranceBody:53;ref:ZZLkpLearningType:ZZLearningType:2;ref:ZZLkpModuleType:ZZModuleType:1
*,193,Y,"672105000-KM-15",Programmable Instrumentation (SMART),6,2018-07-01 00:00:00.000,2023-06-30 00:00:00.000,2024-06-30 00:00:00.000,2027-06-30 00:00:00.000,ref:ZZLkpNqfLevel:ZZNqfLevel:5;ref:ZZLkpQualityAssuranceBody:ZZQualityAssuranceBody:57;ref:ZZLkpLearningType:ZZLearningType:2;ref:ZZLkpModuleType:ZZModuleType:1
*,194,Y,"652302000-KM-01",Basic engineering theory,32,2018-07-01 00:00:00.000,2023-06-30 00:00:00.000,2024-06-30 00:00:00.000,2027-06-30 00:00:00.000,ref:ZZLkpNqfLevel:ZZNqfLevel:3;ref:ZZLkpQualityAssuranceBody:ZZQualityAssuranceBody:18;ref:ZZLkpLearningType:ZZLearningType:2;ref:ZZLkpModuleType:ZZModuleType:1
*,195,Y,"672105000-KM-16",Process Control Loops and Automatic Control,15,2018-07-01 00:00:00.000,2023-06-30 00:00:00.000,2024-06-30 00:00:00.000,2027-06-30 00:00:00.000,ref:ZZLkpNqfLevel:ZZNqfLevel:5;ref:ZZLkpQualityAssuranceBody:ZZQualityAssuranceBody:53;ref:ZZLkpLearningType:ZZLearningType:2;ref:ZZLkpModuleType:ZZModuleType:1
*,196,Y,"672105000-KM-17",Instrumentation Drawings,3,2018-07-01 00:00:00.000,2023-06-30 00:00:00.000,2024-06-30 00:00:00.000,2027-06-30 00:00:00.000,ref:ZZLkpNqfLevel:ZZNqfLevel:5;ref:ZZLkpQualityAssuranceBody:ZZQualityAssuranceBody:53;ref:ZZLkpLearningType:ZZLearningType:2;ref:ZZLkpModuleType:ZZModuleType:1
*,197,Y,"652302000-KM-02",Fitting Theory,38,2018-07-01 00:00:00.000,2023-06-30 00:00:00.000,2024-06-30 00:00:00.000,2027-06-30 00:00:00.000,ref:ZZLkpNqfLevel:ZZNqfLevel:4;ref:ZZLkpQualityAssuranceBody:ZZQualityAssuranceBody:18;ref:ZZLkpLearningType:ZZLearningType:2;ref:ZZLkpModuleType:ZZModuleType:1
*,198,Y,"672105000-KM-18",Process communication systems,10,2018-07-01 00:00:00.000,2023-06-30 00:00:00.000,2024-06-30 00:00:00.000,2027-06-30 00:00:00.000,ref:ZZLkpNqfLevel:ZZNqfLevel:6;ref:ZZLkpQualityAssuranceBody:ZZQualityAssuranceBody:53;ref:ZZLkpLearningType:ZZLearningType:2;ref:ZZLkpModuleType:ZZModuleType:1
*,199,Y,"672105000-KM-19",Fault finding on instrumentation equipment and systems,5,2018-07-01 00:00:00.000,2023-06-30 00:00:00.000,2024-06-30 00:00:00.000,2027-06-30 00:00:00.000,ref:ZZLkpNqfLevel:ZZNqfLevel:6;ref:ZZLkpQualityAssuranceBody:ZZQualityAssuranceBody:53;ref:ZZLkpLearningType:ZZLearningType:2;ref:ZZLkpModuleType:ZZModuleType:1
*,200,Y,"672105000-PM-01","Select, use and care of engineering hand and power tools and test equipment",25,2018-07-01 00:00:00.000,2023-06-30 00:00:00.000,2024-06-30 00:00:00.000,2027-06-30 00:00:00.000,ref:ZZLkpNqfLevel:ZZNqfLevel:4;ref:ZZLkpQualityAssuranceBody:ZZQualityAssuranceBody:53;ref:ZZLkpLearningType:ZZLearningType:1;ref:ZZLkpModuleType:ZZModuleType:1
*,201,Y,"672105000-PM-02","Analyse, design and construct an electronic circuit",10,2018-07-01 00:00:00.000,2023-06-30 00:00:00.000,2024-06-30 00:00:00.000,2027-06-30 00:00:00.000,ref:ZZLkpNqfLevel:ZZNqfLevel:5;ref:ZZLkpQualityAssuranceBody:ZZQualityAssuranceBody:53;ref:ZZLkpLearningType:ZZLearningType:1;ref:ZZLkpModuleType:ZZModuleType:1
*,202,Y,"652302000-KM-03",Machining Theory,36,2018-07-01 00:00:00.000,2023-06-30 00:00:00.000,2024-06-30 00:00:00.000,2027-06-30 00:00:00.000,ref:ZZLkpNqfLevel:ZZNqfLevel:4;ref:ZZLkpQualityAssuranceBody:ZZQualityAssuranceBody:18;ref:ZZLkpLearningType:ZZLearningType:2;ref:ZZLkpModuleType:ZZModuleType:1
*,203,Y,"672105000-PM-03",Calibrate and test instrumentation equipment within specifications,50,2018-07-01 00:00:00.000,2023-06-30 00:00:00.000,2024-06-30 00:00:00.000,2027-06-30 00:00:00.000,ref:ZZLkpNqfLevel:ZZNqfLevel:4;ref:ZZLkpQualityAssuranceBody:ZZQualityAssuranceBody:53;ref:ZZLkpLearningType:ZZLearningType:1;ref:ZZLkpModuleType:ZZModuleType:1
*,204,Y,"672105000-PM-04",Install/remove instruments and components within manufacturer's specifications and plant standards,12,2018-07-01 00:00:00.000,2023-06-30 00:00:00.000,2024-06-30 00:00:00.000,2027-06-30 00:00:00.000,ref:ZZLkpNqfLevel:ZZNqfLevel:4;ref:ZZLkpQualityAssuranceBody:ZZQualityAssuranceBody:53;ref:ZZLkpLearningType:ZZLearningType:1;ref:ZZLkpModuleType:ZZModuleType:1
*,205,Y,"672105000-PM-05",Compare measured variable values and adjust process loops,25,2018-07-01 00:00:00.000,2023-06-30 00:00:00.000,2023-06-30 00:00:00.000,2027-06-30 00:00:00.000,ref:ZZLkpNqfLevel:ZZNqfLevel:5;ref:ZZLkpQualityAssuranceBody:ZZQualityAssuranceBody:53;ref:ZZLkpLearningType:ZZLearningType:1;ref:ZZLkpModuleType:ZZModuleType:1
*,206,Y,"652302000-PS-01",Fabricate simple components or work pieces using basic hand skills and hand tools,6,2018-07-01 00:00:00.000,2023-06-30 00:00:00.000,2024-06-30 00:00:00.000,2027-06-30 00:00:00.000,ref:ZZLkpNqfLevel:ZZNqfLevel:2;ref:ZZLkpQualityAssuranceBody:ZZQualityAssuranceBody:18;ref:ZZLkpLearningType:ZZLearningType:1;ref:ZZLkpModuleType:ZZModuleType:1
*,207,Y,"672105000-PM-06",Carry out fault diagnosis and repair faults on Instruments,20,2018-07-01 00:00:00.000,2023-06-30 00:00:00.000,2024-06-30 00:00:00.000,2027-06-30 00:00:00.000,ref:ZZLkpNqfLevel:ZZNqfLevel:5;ref:ZZLkpQualityAssuranceBody:ZZQualityAssuranceBody:53;ref:ZZLkpLearningType:ZZLearningType:1;ref:ZZLkpModuleType:ZZModuleType:1
*,208,Y,"672105000-PM-07","Maintain systems, instruments and components",20,2018-07-01 00:00:00.000,2023-06-30 00:00:00.000,2024-06-30 00:00:00.000,2027-06-30 00:00:00.000,ref:ZZLkpNqfLevel:ZZNqfLevel:4;ref:ZZLkpQualityAssuranceBody:ZZQualityAssuranceBody:53;ref:ZZLkpLearningType:ZZLearningType:1;ref:ZZLkpModuleType:ZZModuleType:1
*,209,Y,"652302000-PS-02",Fabricate components or work pieces using power tools or machinery,6,2018-07-01 00:00:00.000,2023-06-30 00:00:00.000,2024-06-30 00:00:00.000,2027-06-30 00:00:00.000,ref:ZZLkpNqfLevel:ZZNqfLevel:3;ref:ZZLkpQualityAssuranceBody:ZZQualityAssuranceBody:18;ref:ZZLkpLearningType:ZZLearningType:1;ref:ZZLkpModuleType:ZZModuleType:1
*,210,Y,"672105000-WM-01",Calibration processes and procedures for instrumentation equipment,40,2018-07-01 00:00:00.000,2023-06-30 00:00:00.000,2024-06-30 00:00:00.000,2027-06-30 00:00:00.000,ref:ZZLkpNqfLevel:ZZNqfLevel:4;ref:ZZLkpQualityAssuranceBody:ZZQualityAssuranceBody:53;ref:ZZLkpLearningType:ZZLearningType:3;ref:ZZLkpModuleType:ZZModuleType:1
*,211,Y,"652302000-PS-03","Dissemble, clean and inspect mechanical sub-assemblies",6,2018-07-01 00:00:00.000,2023-06-30 00:00:00.000,2024-06-30 00:00:00.000,2027-06-30 00:00:00.000,ref:ZZLkpNqfLevel:ZZNqfLevel:3;ref:ZZLkpQualityAssuranceBody:ZZQualityAssuranceBody:18;ref:ZZLkpLearningType:ZZLearningType:1;ref:ZZLkpModuleType:ZZModuleType:1
*,212,Y,"672105000-WM-02",Processes of removal and installation of instrumentation equipment,15,2018-07-01 00:00:00.000,2023-06-30 00:00:00.000,2024-06-30 00:00:00.000,2027-06-30 00:00:00.000,ref:ZZLkpNqfLevel:ZZNqfLevel:4;ref:ZZLkpQualityAssuranceBody:ZZQualityAssuranceBody:53;ref:ZZLkpLearningType:ZZLearningType:3;ref:ZZLkpModuleType:ZZModuleType:1
*,213,Y,"672105000-WM-03",Processes of optimising process control loop and control loops,50,2018-07-01 00:00:00.000,2023-06-30 00:00:00.000,2024-06-30 00:00:00.000,2027-06-30 00:00:00.000,ref:ZZLkpNqfLevel:ZZNqfLevel:5;ref:ZZLkpQualityAssuranceBody:ZZQualityAssuranceBody:53;ref:ZZLkpLearningType:ZZLearningType:3;ref:ZZLkpModuleType:ZZModuleType:1
*,214,Y,"672105000-WM-04",Diagnostic processes for fault finding for instrumentation equipment and control systems,30,2018-07-01 00:00:00.000,2023-06-30 00:00:00.000,2024-06-30 00:00:00.000,2027-06-30 00:00:00.000,ref:ZZLkpNqfLevel:ZZNqfLevel:5;ref:ZZLkpQualityAssuranceBody:ZZQualityAssuranceBody:53;ref:ZZLkpLearningType:ZZLearningType:3;ref:ZZLkpModuleType:ZZModuleType:1
*,215,Y,"652302000-PS-04",Replace components and assemble mechanical subassemblies and machines,6,2018-07-01 00:00:00.000,2023-06-30 00:00:00.000,2024-06-30 00:00:00.000,2027-06-30 00:00:00.000,ref:ZZLkpNqfLevel:ZZNqfLevel:3;ref:ZZLkpQualityAssuranceBody:ZZQualityAssuranceBody:18;ref:ZZLkpLearningType:ZZLearningType:1;ref:ZZLkpModuleType:ZZModuleType:1
*,216,Y,"672105000-WM-05",Maintenance processes for instrumentation equipment reliability,30,2018-07-01 00:00:00.000,2023-06-30 00:00:00.000,2024-06-30 00:00:00.000,2027-06-30 00:00:00.000,ref:ZZLkpNqfLevel:ZZNqfLevel:5;ref:ZZLkpQualityAssuranceBody:ZZQualityAssuranceBody:53;ref:ZZLkpLearningType:ZZLearningType:3;ref:ZZLkpModuleType:ZZModuleType:1
*,217,Y,"652302000-PS-05",Do fault finding on mechanical sub-assemblies and machines,12,2018-07-01 00:00:00.000,2023-06-30 00:00:00.000,2024-06-30 00:00:00.000,2027-06-30 00:00:00.000,ref:ZZLkpNqfLevel:ZZNqfLevel:4;ref:ZZLkpQualityAssuranceBody:ZZQualityAssuranceBody:18;ref:ZZLkpLearningType:ZZLearningType:1;ref:ZZLkpModuleType:ZZModuleType:1
*,218,Y,"652302000-PS-06",Repair mechanical sub-assemblies and machines,12,2018-07-01 00:00:00.000,2023-06-30 00:00:00.000,2024-06-30 00:00:00.000,2027-06-30 00:00:00.000,ref:ZZLkpNqfLevel:ZZNqfLevel:4;ref:ZZLkpQualityAssuranceBody:ZZQualityAssuranceBody:18;ref:ZZLkpLearningType:ZZLearningType:1;ref:ZZLkpModuleType:ZZModuleType:1
*,219,Y,"652302000-PS-07",Install and commission mechanical sub-assemblies and machines,12,2018-07-01 00:00:00.000,2023-06-30 00:00:00.000,2024-06-30 00:00:00.000,2027-06-30 00:00:00.000,ref:ZZLkpNqfLevel:ZZNqfLevel:4;ref:ZZLkpQualityAssuranceBody:ZZQualityAssuranceBody:18;ref:ZZLkpLearningType:ZZLearningType:1;ref:ZZLkpModuleType:ZZModuleType:1
*,220,Y,"652302000-PS-08",Overhaul mechanical sub-assemblies and machines,20,2018-07-01 00:00:00.000,2023-06-30 00:00:00.000,2024-06-30 00:00:00.000,2027-06-30 00:00:00.000,ref:ZZLkpNqfLevel:ZZNqfLevel:4;ref:ZZLkpQualityAssuranceBody:ZZQualityAssuranceBody:18;ref:ZZLkpLearningType:ZZLearningType:1;ref:ZZLkpModuleType:ZZModuleType:1
*,221,Y,"652302000-PS-09",Produce simple components by setting up and attending to the operation an engineering machine,6,2018-07-01 00:00:00.000,2023-06-30 00:00:00.000,2024-06-30 00:00:00.000,2027-06-30 00:00:00.000,ref:ZZLkpNqfLevel:ZZNqfLevel:2;ref:ZZLkpQualityAssuranceBody:ZZQualityAssuranceBody:18;ref:ZZLkpLearningType:ZZLearningType:1;ref:ZZLkpModuleType:ZZModuleType:1
*,222,Y,"652302000-PS-10",Produce components of intermediate complexity by performing engineering machining operations,12,2018-07-01 00:00:00.000,2023-06-30 00:00:00.000,2024-06-30 00:00:00.000,2027-06-30 00:00:00.000,ref:ZZLkpNqfLevel:ZZNqfLevel:3;ref:ZZLkpQualityAssuranceBody:ZZQualityAssuranceBody:18;ref:ZZLkpLearningType:ZZLearningType:1;ref:ZZLkpModuleType:ZZModuleType:1
*,223,Y,"652302000-PS-11","Perform complex machining operations,",24,2018-07-01 00:00:00.000,2023-06-30 00:00:00.000,2024-06-30 00:00:00.000,2027-06-30 00:00:00.000,ref:ZZLkpNqfLevel:ZZNqfLevel:4;ref:ZZLkpQualityAssuranceBody:ZZQualityAssuranceBody:18;ref:ZZLkpLearningType:ZZLearningType:1;ref:ZZLkpModuleType:ZZModuleType:1
*,224,Y,"652302000-WM-01",Fabrication processes in an engineering workshop,20,2018-07-01 00:00:00.000,2023-06-30 00:00:00.000,2024-06-30 00:00:00.000,2027-06-30 00:00:00.000,ref:ZZLkpNqfLevel:ZZNqfLevel:2;ref:ZZLkpQualityAssuranceBody:ZZQualityAssuranceBody:18;ref:ZZLkpLearningType:ZZLearningType:3;ref:ZZLkpModuleType:ZZModuleType:1
*,225,Y,"652302000-WM-02",Routine mechanical component and machine maintenance processes,40,2018-07-01 00:00:00.000,2023-06-30 00:00:00.000,2024-06-30 00:00:00.000,2027-06-30 00:00:00.000,ref:ZZLkpNqfLevel:ZZNqfLevel:3;ref:ZZLkpQualityAssuranceBody:ZZQualityAssuranceBody:18;ref:ZZLkpLearningType:ZZLearningType:3;ref:ZZLkpModuleType:ZZModuleType:1
*,226,Y,"652302000-WM-03",Maintenance planning and communication processes,10,2018-07-01 00:00:00.000,2023-06-30 00:00:00.000,2024-06-30 00:00:00.000,2027-06-30 00:00:00.000,ref:ZZLkpNqfLevel:ZZNqfLevel:3;ref:ZZLkpQualityAssuranceBody:ZZQualityAssuranceBody:18;ref:ZZLkpLearningType:ZZLearningType:3;ref:ZZLkpModuleType:ZZModuleType:1
*,227,Y,"652302000-WM-04",Repair mechanical faults on mechanical sub-assemblies and machines,60,2018-07-01 00:00:00.000,2023-06-30 00:00:00.000,2024-06-30 00:00:00.000,2027-06-30 00:00:00.000,ref:ZZLkpNqfLevel:ZZNqfLevel:4;ref:ZZLkpQualityAssuranceBody:ZZQualityAssuranceBody:18;ref:ZZLkpLearningType:ZZLearningType:3;ref:ZZLkpModuleType:ZZModuleType:1
*,228,Y,"652302000-WM-05",Overhauling processes in an engineering workshop,60,2018-07-01 00:00:00.000,2023-06-30 00:00:00.000,2024-06-30 00:00:00.000,2027-06-30 00:00:00.000,ref:ZZLkpNqfLevel:ZZNqfLevel:4;ref:ZZLkpQualityAssuranceBody:ZZQualityAssuranceBody:18;ref:ZZLkpLearningType:ZZLearningType:3;ref:ZZLkpModuleType:ZZModuleType:1
*,229,Y,MQA/R/003233,Basic engineering theory,32,2018-07-01 00:00:00.000,2023-06-30 00:00:00.000,2024-06-30 00:00:00.000,2027-06-30 00:00:00.000,ref:ZZLkpNqfLevel:ZZNqfLevel:3;ref:ZZLkpQualityAssuranceBody:ZZQualityAssuranceBody:18;ref:ZZLkpLearningType:ZZLearningType:2;ref:ZZLkpModuleType:ZZModuleType:1
*,230,Y,"653303000-KM-02",Fitting Theory,38,2018-07-01 00:00:00.000,2023-06-30 00:00:00.000,2024-06-30 00:00:00.000,2027-06-30 00:00:00.000,ref:ZZLkpNqfLevel:ZZNqfLevel:4;ref:ZZLkpQualityAssuranceBody:ZZQualityAssuranceBody:18;ref:ZZLkpLearningType:ZZLearningType:2;ref:ZZLkpModuleType:ZZModuleType:1
*,231,Y,"652302000-WM-06",Structured planning and communication processes in the workplace,60,2018-07-01 00:00:00.000,2023-06-30 00:00:00.000,2024-06-30 00:00:00.000,2027-06-30 00:00:00.000,ref:ZZLkpNqfLevel:ZZNqfLevel:4;ref:ZZLkpQualityAssuranceBody:ZZQualityAssuranceBody:18;ref:ZZLkpLearningType:ZZLearningType:3;ref:ZZLkpModuleType:ZZModuleType:1
*,232,Y,"653303000-PS-01",Fabricate simple components or work pieces using basic hand skills and hand tools,6,2018-07-01 00:00:00.000,2023-06-30 00:00:00.000,2024-06-30 00:00:00.000,2027-06-30 00:00:00.000,ref:ZZLkpNqfLevel:ZZNqfLevel:2;ref:ZZLkpQualityAssuranceBody:ZZQualityAssuranceBody:18;ref:ZZLkpLearningType:ZZLearningType:1;ref:ZZLkpModuleType:ZZModuleType:1
*,233,Y,"653303000-PS-02",Fabricate components or work pieces using power tools or machinery,6,2018-07-01 00:00:00.000,2023-06-30 00:00:00.000,2024-06-30 00:00:00.000,2027-06-30 00:00:00.000,ref:ZZLkpNqfLevel:ZZNqfLevel:3;ref:ZZLkpQualityAssuranceBody:ZZQualityAssuranceBody:18;ref:ZZLkpLearningType:ZZLearningType:1;ref:ZZLkpModuleType:ZZModuleType:1
*,234,Y,"652302000-WM-07",Machining processes to design specifications of a range of work pieces from different materials,60,2018-07-01 00:00:00.000,2023-06-30 00:00:00.000,2024-06-30 00:00:00.000,2027-06-30 00:00:00.000,ref:ZZLkpNqfLevel:ZZNqfLevel:4;ref:ZZLkpQualityAssuranceBody:ZZQualityAssuranceBody:18;ref:ZZLkpLearningType:ZZLearningType:3;ref:ZZLkpModuleType:ZZModuleType:1
*,235,Y,"653303000-PS-03","Dissemble, clean and inspect mechanical sub assemblies",6,2018-07-01 00:00:00.000,2023-06-30 00:00:00.000,2024-06-30 00:00:00.000,2027-06-30 00:00:00.000,ref:ZZLkpNqfLevel:ZZNqfLevel:3;ref:ZZLkpQualityAssuranceBody:ZZQualityAssuranceBody:18;ref:ZZLkpLearningType:ZZLearningType:1;ref:ZZLkpModuleType:ZZModuleType:1
*,236,Y,"652302000-WM-08",Engineering workshop control processes,10,2018-07-01 00:00:00.000,2023-06-30 00:00:00.000,2024-06-30 00:00:00.000,2027-06-30 00:00:00.000,ref:ZZLkpNqfLevel:ZZNqfLevel:4;ref:ZZLkpQualityAssuranceBody:ZZQualityAssuranceBody:18;ref:ZZLkpLearningType:ZZLearningType:3;ref:ZZLkpModuleType:ZZModuleType:1
*,237,Y,"653303000-PS-04",Replace components and assemble mechanical sub-assemblies and machines,6,2018-07-01 00:00:00.000,2023-06-30 00:00:00.000,2024-06-30 00:00:00.000,2027-06-30 00:00:00.000,ref:ZZLkpNqfLevel:ZZNqfLevel:3;ref:ZZLkpQualityAssuranceBody:ZZQualityAssuranceBody:18;ref:ZZLkpLearningType:ZZLearningType:1;ref:ZZLkpModuleType:ZZModuleType:1
*,238,Y,"653303000-PS-05",Do fault finding on mechanical sub-assemblies and machines,12,2018-07-01 00:00:00.000,2023-06-30 00:00:00.000,2024-06-30 00:00:00.000,2027-06-30 00:00:00.000,ref:ZZLkpNqfLevel:ZZNqfLevel:4;ref:ZZLkpQualityAssuranceBody:ZZQualityAssuranceBody:57;ref:ZZLkpLearningType:ZZLearningType:2;ref:ZZLkpModuleType:ZZModuleType:1
*,239,Y,"653303000-PS-06",Repair mechanical sub-assemblies and machines,12,2018-07-01 00:00:00.000,2023-06-30 00:00:00.000,2024-06-30 00:00:00.000,2027-06-30 00:00:00.000,ref:ZZLkpNqfLevel:ZZNqfLevel:4;ref:ZZLkpQualityAssuranceBody:ZZQualityAssuranceBody:18;ref:ZZLkpLearningType:ZZLearningType:1;ref:ZZLkpModuleType:ZZModuleType:1
*,240,Y,"653303000-PS-07",Install and commission mechanical sub-assemblies and machines,12,2018-07-01 00:00:00.000,2023-06-30 00:00:00.000,2024-06-30 00:00:00.000,2027-06-30 00:00:00.000,ref:ZZLkpNqfLevel:ZZNqfLevel:4;ref:ZZLkpQualityAssuranceBody:ZZQualityAssuranceBody:18;ref:ZZLkpLearningType:ZZLearningType:1;ref:ZZLkpModuleType:ZZModuleType:1
*,241,Y,"653303000-PS-08",Overhaul mechanical sub-assemblies and machines,20,2018-07-01 00:00:00.000,2023-06-30 00:00:00.000,2024-06-30 00:00:00.000,2027-06-30 00:00:00.000,ref:ZZLkpNqfLevel:ZZNqfLevel:4;ref:ZZLkpQualityAssuranceBody:ZZQualityAssuranceBody:18;ref:ZZLkpLearningType:ZZLearningType:1;ref:ZZLkpModuleType:ZZModuleType:1
*,242,Y,"653303000-WM-01",Fabrication processes in an engineering workshop,6,2018-07-01 00:00:00.000,2023-06-30 00:00:00.000,2024-06-30 00:00:00.000,2027-06-30 00:00:00.000,ref:ZZLkpNqfLevel:ZZNqfLevel:2;ref:ZZLkpQualityAssuranceBody:ZZQualityAssuranceBody:18;ref:ZZLkpLearningType:ZZLearningType:3;ref:ZZLkpModuleType:ZZModuleType:1
*,243,Y,"653303000-WM-02",Routine mechanical component and machine maintenance processes,40,2018-07-01 00:00:00.000,2023-06-30 00:00:00.000,2024-06-30 00:00:00.000,2027-06-30 00:00:00.000,ref:ZZLkpNqfLevel:ZZNqfLevel:3;ref:ZZLkpQualityAssuranceBody:ZZQualityAssuranceBody:18;ref:ZZLkpLearningType:ZZLearningType:3;ref:ZZLkpModuleType:ZZModuleType:1
*,244,Y,"653303000-WM-03",Maintenance planning and communication processes,10,2018-07-01 00:00:00.000,2023-06-30 00:00:00.000,2024-06-30 00:00:00.000,2027-06-30 00:00:00.000,ref:ZZLkpNqfLevel:ZZNqfLevel:3;ref:ZZLkpQualityAssuranceBody:ZZQualityAssuranceBody:18;ref:ZZLkpLearningType:ZZLearningType:3;ref:ZZLkpModuleType:ZZModuleType:1
*,245,Y,"653303000-WM-04",Repair mechanical faults on mechanical sub-assemblies and machines,12,2018-07-01 00:00:00.000,2023-06-30 00:00:00.000,2024-06-30 00:00:00.000,2027-06-30 00:00:00.000,ref:ZZLkpNqfLevel:ZZNqfLevel:4;ref:ZZLkpQualityAssuranceBody:ZZQualityAssuranceBody:18;ref:ZZLkpLearningType:ZZLearningType:3;ref:ZZLkpModuleType:ZZModuleType:1
*,246,Y,"653303000-WM-05",Overhauling processes in an engineering workshop,20,2018-07-01 00:00:00.000,2023-06-30 00:00:00.000,2024-06-30 00:00:00.000,2027-06-30 00:00:00.000,ref:ZZLkpNqfLevel:ZZNqfLevel:4;ref:ZZLkpQualityAssuranceBody:ZZQualityAssuranceBody:18;ref:ZZLkpLearningType:ZZLearningType:3;ref:ZZLkpModuleType:ZZModuleType:1
*,247,Y,"653303000-WM-06",Structured planning and communication processes in the workplace,60,2018-07-01 00:00:00.000,2023-06-30 00:00:00.000,2024-06-30 00:00:00.000,2027-06-30 00:00:00.000,ref:ZZLkpNqfLevel:ZZNqfLevel:4;ref:ZZLkpQualityAssuranceBody:ZZQualityAssuranceBody:18;ref:ZZLkpLearningType:ZZLearningType:3;ref:ZZLkpModuleType:ZZModuleType:1
*,248,Y,"653303000-WM-07",Engineering workshop control processes,10,2018-07-01 00:00:00.000,2023-06-30 00:00:00.000,2024-06-30 00:00:00.000,2027-06-30 00:00:00.000,ref:ZZLkpNqfLevel:ZZNqfLevel:4;ref:ZZLkpQualityAssuranceBody:ZZQualityAssuranceBody:18;ref:ZZLkpLearningType:ZZLearningType:3;ref:ZZLkpModuleType:ZZModuleType:1
*,249,Y,"653303000-KM-01",Basic engineering theory,32,2018-07-01 00:00:00.000,2023-06-30 00:00:00.000,2024-06-30 00:00:00.000,2027-06-30 00:00:00.000,ref:ZZLkpNqfLevel:ZZNqfLevel:3;ref:ZZLkpQualityAssuranceBody:ZZQualityAssuranceBody:18;ref:ZZLkpLearningType:ZZLearningType:2;ref:ZZLkpModuleType:ZZModuleType:1
*,250,Y,"651202000-KM-01",Introduction to the welding trade,2,2018-07-01 00:00:00.000,2023-06-30 00:00:00.000,2024-06-30 00:00:00.000,2027-06-30 00:00:00.000,ref:ZZLkpNqfLevel:ZZNqfLevel:2;ref:ZZLkpQualityAssuranceBody:ZZQualityAssuranceBody:6;ref:ZZLkpLearningType:ZZLearningType:2;ref:ZZLkpModuleType:ZZModuleType:1
*,251,Y,"651202000-KM-02","Occupational Safety, Health and Environmental Protection",4,2018-07-01 00:00:00.000,2023-06-30 00:00:00.000,2024-06-30 00:00:00.000,2027-06-30 00:00:00.000,ref:ZZLkpNqfLevel:ZZNqfLevel:2;ref:ZZLkpQualityAssuranceBody:ZZQualityAssuranceBody:6;ref:ZZLkpLearningType:ZZLearningType:2;ref:ZZLkpModuleType:ZZModuleType:1
*,252,Y,"651202000-KM-03","Welding schematics, calculations, welds and welded joints",6,2018-07-01 00:00:00.000,2023-06-30 00:00:00.000,2024-06-30 00:00:00.000,2027-06-30 00:00:00.000,ref:ZZLkpNqfLevel:ZZNqfLevel:2;ref:ZZLkpQualityAssuranceBody:ZZQualityAssuranceBody:6;ref:ZZLkpLearningType:ZZLearningType:2;ref:ZZLkpModuleType:ZZModuleType:1
*,253,Y,"651202000-KM-04",Weld imperfections,2,2018-07-01 00:00:00.000,2023-06-30 00:00:00.000,2024-06-30 00:00:00.000,2027-06-30 00:00:00.000,ref:ZZLkpNqfLevel:ZZNqfLevel:2;ref:ZZLkpQualityAssuranceBody:ZZQualityAssuranceBody:6;ref:ZZLkpLearningType:ZZLearningType:2;ref:ZZLkpModuleType:ZZModuleType:1
*,254,Y,"651202000-KM-05",Cutting and gouging,2,2018-07-01 00:00:00.000,2023-06-30 00:00:00.000,2024-06-30 00:00:00.000,2027-06-30 00:00:00.000,ref:ZZLkpNqfLevel:ZZNqfLevel:2;ref:ZZLkpQualityAssuranceBody:ZZQualityAssuranceBody:6;ref:ZZLkpLearningType:ZZLearningType:2;ref:ZZLkpModuleType:ZZModuleType:1
*,255,Y,"651202000-KM-06",Welding consumable classification and handling,4,2018-07-01 00:00:00.000,2023-06-30 00:00:00.000,2024-06-30 00:00:00.000,2027-06-30 00:00:00.000,ref:ZZLkpNqfLevel:ZZNqfLevel:2;ref:ZZLkpQualityAssuranceBody:ZZQualityAssuranceBody:6;ref:ZZLkpLearningType:ZZLearningType:2;ref:ZZLkpModuleType:ZZModuleType:1
*,256,Y,"651202000-KM-07",Metals and weldability of metals,8,2018-07-01 00:00:00.000,2023-06-30 00:00:00.000,2024-06-30 00:00:00.000,2027-06-30 00:00:00.000,ref:ZZLkpNqfLevel:ZZNqfLevel:3;ref:ZZLkpQualityAssuranceBody:ZZQualityAssuranceBody:6;ref:ZZLkpLearningType:ZZLearningType:2;ref:ZZLkpModuleType:ZZModuleType:1
*,257,Y,"651202000-KM-08",Fusion welding,6,2018-07-01 00:00:00.000,2023-06-30 00:00:00.000,2024-06-30 00:00:00.000,2027-06-30 00:00:00.000,ref:ZZLkpNqfLevel:ZZNqfLevel:3;ref:ZZLkpQualityAssuranceBody:ZZQualityAssuranceBody:6;ref:ZZLkpLearningType:ZZLearningType:2;ref:ZZLkpModuleType:ZZModuleType:1
*,258,Y,"651202000-KM-09",Arc welding,8,2018-07-01 00:00:00.000,2023-06-30 00:00:00.000,2024-06-30 00:00:00.000,2027-06-30 00:00:00.000,ref:ZZLkpNqfLevel:ZZNqfLevel:3;ref:ZZLkpQualityAssuranceBody:ZZQualityAssuranceBody:6;ref:ZZLkpLearningType:ZZLearningType:2;ref:ZZLkpModuleType:ZZModuleType:1
*,259,Y,"651202000-KM-10",Gas welding and cutting,4,2018-07-01 00:00:00.000,2023-06-30 00:00:00.000,2024-06-30 00:00:00.000,2027-06-30 00:00:00.000,ref:ZZLkpNqfLevel:ZZNqfLevel:3;ref:ZZLkpQualityAssuranceBody:ZZQualityAssuranceBody:6;ref:ZZLkpLearningType:ZZLearningType:2;ref:ZZLkpModuleType:ZZModuleType:1
*,260,Y,"651202000-KM-11","Welding codes, standards and parameters",6,2018-06-30 00:00:00.000,2023-06-30 00:00:00.000,2024-06-30 00:00:00.000,2027-06-30 00:00:00.000,ref:ZZLkpNqfLevel:ZZNqfLevel:4;ref:ZZLkpQualityAssuranceBody:ZZQualityAssuranceBody:6;ref:ZZLkpLearningType:ZZLearningType:2;ref:ZZLkpModuleType:ZZModuleType:1
*,261,Y,"651202000-KM-12","Shrinkage, residual stress and distortion",4,2018-07-01 00:00:00.000,2023-06-30 00:00:00.000,2024-06-30 00:00:00.000,2027-06-30 00:00:00.000,ref:ZZLkpNqfLevel:ZZNqfLevel:4;ref:ZZLkpQualityAssuranceBody:ZZQualityAssuranceBody:6;ref:ZZLkpLearningType:ZZLearningType:2;ref:ZZLkpModuleType:ZZModuleType:1
*,262,Y,"651202000-KM-13",Manual Metal Arc (MMA) welding process,7,2018-07-01 00:00:00.000,2023-06-30 00:00:00.000,2024-06-30 00:00:00.000,2027-06-30 00:00:00.000,ref:ZZLkpNqfLevel:ZZNqfLevel:4;ref:ZZLkpQualityAssuranceBody:ZZQualityAssuranceBody:6;ref:ZZLkpLearningType:ZZLearningType:2;ref:ZZLkpModuleType:ZZModuleType:1
*,263,Y,"651202000-KM-14",The Metal Inert Gas/Metal Active Gas/Flux Cored Arc (MIG/MAG/FCAW) welding process,7,2018-07-01 00:00:00.000,2023-06-30 00:00:00.000,2024-06-30 00:00:00.000,2027-06-30 00:00:00.000,ref:ZZLkpNqfLevel:ZZNqfLevel:7;ref:ZZLkpQualityAssuranceBody:ZZQualityAssuranceBody:6;ref:ZZLkpLearningType:ZZLearningType:2;ref:ZZLkpModuleType:ZZModuleType:1
*,264,Y,"651202000-KM-15",Manual Metal Arc (MMA) welding process,7,2018-07-01 00:00:00.000,2023-06-30 00:00:00.000,2024-06-30 00:00:00.000,2027-06-30 00:00:00.000,ref:ZZLkpNqfLevel:ZZNqfLevel:4;ref:ZZLkpQualityAssuranceBody:ZZQualityAssuranceBody:6;ref:ZZLkpLearningType:ZZLearningType:2;ref:ZZLkpModuleType:ZZModuleType:1
*,265,Y,"651202000-KM-16",Welding inspection and quality,4,2018-07-01 00:00:00.000,2023-06-30 00:00:00.000,2024-06-30 00:00:00.000,2027-06-30 00:00:00.000,ref:ZZLkpNqfLevel:ZZNqfLevel:4;ref:ZZLkpQualityAssuranceBody:ZZQualityAssuranceBody:6;ref:ZZLkpLearningType:ZZLearningType:2;ref:ZZLkpModuleType:ZZModuleType:1
*,266,Y,"651202000-PM-01",Fabricate simple components or work pieces,4,2018-07-01 00:00:00.000,2023-06-30 00:00:00.000,2024-06-30 00:00:00.000,2027-06-30 00:00:00.000,ref:ZZLkpNqfLevel:ZZNqfLevel:2;ref:ZZLkpQualityAssuranceBody:ZZQualityAssuranceBody:6;ref:ZZLkpLearningType:ZZLearningType:1;ref:ZZLkpModuleType:ZZModuleType:1
*,267,Y,"651202000-PM-02","Cut, gouge and gas weld material manually",12,2018-07-01 00:00:00.000,2023-06-30 00:00:00.000,2024-06-30 00:00:00.000,2027-06-30 00:00:00.000,ref:ZZLkpNqfLevel:ZZNqfLevel:2;ref:ZZLkpQualityAssuranceBody:ZZQualityAssuranceBody:6;ref:ZZLkpLearningType:ZZLearningType:1;ref:ZZLkpModuleType:ZZModuleType:1
*,268,Y,"651202000-PM-03",Perform fillet welds using the Shielded Metal Arc Welding process,12,2018-07-01 00:00:00.000,2023-06-30 00:00:00.000,2024-06-30 00:00:00.000,2027-06-30 00:00:00.000,ref:ZZLkpNqfLevel:ZZNqfLevel:3;ref:ZZLkpQualityAssuranceBody:ZZQualityAssuranceBody:6;ref:ZZLkpLearningType:ZZLearningType:1;ref:ZZLkpModuleType:ZZModuleType:1
*,269,Y,"651202000-PM-04",Perform fillet welds using the Gas Metal Arc Welding process,12,2018-07-01 00:00:00.000,2023-06-30 00:00:00.000,2024-06-30 00:00:00.000,2027-06-30 00:00:00.000,ref:ZZLkpNqfLevel:ZZNqfLevel:3;ref:ZZLkpQualityAssuranceBody:ZZQualityAssuranceBody:6;ref:ZZLkpLearningType:ZZLearningType:1;ref:ZZLkpModuleType:ZZModuleType:1
*,270,Y,"651202000-PM-05",Perform fillet welds using the Gas Tungsten Arc Welding process,16,2018-07-01 00:00:00.000,2023-06-30 00:00:00.000,2024-06-30 00:00:00.000,2027-06-30 00:00:00.000,ref:ZZLkpNqfLevel:ZZNqfLevel:3;ref:ZZLkpQualityAssuranceBody:ZZQualityAssuranceBody:6;ref:ZZLkpLearningType:ZZLearningType:1;ref:ZZLkpModuleType:ZZModuleType:1
*,271,Y,"651202-PM-06",Perform plate butt welds using the Shielded Metal Arc Welding process,16,2018-07-01 00:00:00.000,2023-06-30 00:00:00.000,2024-06-30 00:00:00.000,2027-06-30 00:00:00.000,ref:ZZLkpNqfLevel:ZZNqfLevel:4;ref:ZZLkpQualityAssuranceBody:ZZQualityAssuranceBody:6;ref:ZZLkpLearningType:ZZLearningType:1;ref:ZZLkpModuleType:ZZModuleType:1
*,272,Y,"651202000-PM-07",Perform plate butt welds using the Gas Metal Arc Welding process,16,2018-07-01 00:00:00.000,2023-06-30 00:00:00.000,2024-06-30 00:00:00.000,2027-06-30 00:00:00.000,ref:ZZLkpNqfLevel:ZZNqfLevel:4;ref:ZZLkpQualityAssuranceBody:ZZQualityAssuranceBody:6;ref:ZZLkpLearningType:ZZLearningType:1;ref:ZZLkpModuleType:ZZModuleType:1
*,273,Y,"651202000-PM-08",Perform plate butt welds using the Gas Tungsten Arc Welding process,16,2018-07-01 00:00:00.000,2023-06-30 00:00:00.000,2024-06-30 00:00:00.000,2027-06-30 00:00:00.000,ref:ZZLkpNqfLevel:ZZNqfLevel:4;ref:ZZLkpQualityAssuranceBody:ZZQualityAssuranceBody:6;ref:ZZLkpLearningType:ZZLearningType:1;ref:ZZLkpModuleType:ZZModuleType:1
*,274,Y,"651202000-PM-09",Perform pipe welds using the Shielded Metal Arc Welding process,16,2018-07-01 00:00:00.000,2023-06-30 00:00:00.000,2024-06-30 00:00:00.000,2027-06-30 00:00:00.000,ref:ZZLkpNqfLevel:ZZNqfLevel:4;ref:ZZLkpQualityAssuranceBody:ZZQualityAssuranceBody:6;ref:ZZLkpLearningType:ZZLearningType:1;ref:ZZLkpModuleType:ZZModuleType:1
*,275,Y,"651202000-PM-10",Perform pipe welds using the Gas Metal Arc Welding process,16,2018-07-01 00:00:00.000,2023-06-30 00:00:00.000,2024-06-30 00:00:00.000,2027-06-30 00:00:00.000,ref:ZZLkpNqfLevel:ZZNqfLevel:4;ref:ZZLkpQualityAssuranceBody:ZZQualityAssuranceBody:6;ref:ZZLkpLearningType:ZZLearningType:1;ref:ZZLkpModuleType:ZZModuleType:1
*,276,Y,"651202000-PM-11",Perform pipe welds using the Gas Tungsten Arc Welding process,20,2018-07-01 00:00:00.000,2023-06-30 00:00:00.000,2024-06-30 00:00:00.000,2027-06-30 00:00:00.000,ref:ZZLkpNqfLevel:ZZNqfLevel:4;ref:ZZLkpQualityAssuranceBody:ZZQualityAssuranceBody:6;ref:ZZLkpLearningType:ZZLearningType:1;ref:ZZLkpModuleType:ZZModuleType:1
*,277,Y,"651202000-WM-01",Cut and gouge a range of materials in the workplace,8,2018-07-01 00:00:00.000,2023-06-30 00:00:00.000,2024-06-30 00:00:00.000,2027-06-30 00:00:00.000,ref:ZZLkpNqfLevel:ZZNqfLevel:2;ref:ZZLkpQualityAssuranceBody:ZZQualityAssuranceBody:6;ref:ZZLkpLearningType:ZZLearningType:3;ref:ZZLkpModuleType:ZZModuleType:1
*,278,Y,"651202000-WM-02",Produce a range of fillet welds using various welding processes in a workplace,40,2018-07-01 00:00:00.000,2023-06-30 00:00:00.000,2024-06-30 00:00:00.000,2027-06-30 00:00:00.000,ref:ZZLkpNqfLevel:ZZNqfLevel:4;ref:ZZLkpQualityAssuranceBody:ZZQualityAssuranceBody:6;ref:ZZLkpLearningType:ZZLearningType:3;ref:ZZLkpModuleType:ZZModuleType:1
*,279,Y,"651202000-WM-03","Care for, control and handle consumables and materials in a workshop",4,2018-07-01 00:00:00.000,2023-06-30 00:00:00.000,2024-06-30 00:00:00.000,2027-06-30 00:00:00.000,ref:ZZLkpNqfLevel:ZZNqfLevel:2;ref:ZZLkpQualityAssuranceBody:ZZQualityAssuranceBody:6;ref:ZZLkpLearningType:ZZLearningType:3;ref:ZZLkpModuleType:ZZModuleType:1
*,280,Y,"651202000-WM-04",Produce a range of plate welds using various welding processes in a workplace,40,2018-07-01 00:00:00.000,2023-06-30 00:00:00.000,2024-06-30 00:00:00.000,2027-06-30 00:00:00.000,ref:ZZLkpNqfLevel:ZZNqfLevel:4;ref:ZZLkpQualityAssuranceBody:ZZQualityAssuranceBody:6;ref:ZZLkpLearningType:ZZLearningType:3;ref:ZZLkpModuleType:ZZModuleType:1
*,281,Y,"651202000-WM-05","Team work, communication and reporting in the workplace",8,2018-07-01 00:00:00.000,2023-06-30 00:00:00.000,2024-06-30 00:00:00.000,2027-06-30 00:00:00.000,ref:ZZLkpNqfLevel:ZZNqfLevel:3;ref:ZZLkpQualityAssuranceBody:ZZQualityAssuranceBody:6;ref:ZZLkpLearningType:ZZLearningType:3;ref:ZZLkpModuleType:ZZModuleType:1
*,282,Y,"651202-WM-06",Produce a range of pipe welds using various welding processes in a workplace,52,2018-07-01 00:00:00.000,2023-06-30 00:00:00.000,2024-06-30 00:00:00.000,2027-06-30 00:00:00.000,ref:ZZLkpNqfLevel:ZZNqfLevel:4;ref:ZZLkpQualityAssuranceBody:ZZQualityAssuranceBody:6;ref:ZZLkpLearningType:ZZLearningType:3;ref:ZZLkpModuleType:ZZModuleType:1
*,283,Y,"653307000-KM-01",Workplace fundamentals,9,2018-07-01 00:00:00.000,2023-06-30 00:00:00.000,2024-06-30 00:00:00.000,2027-06-30 00:00:00.000,ref:ZZLkpNqfLevel:ZZNqfLevel:2;ref:ZZLkpQualityAssuranceBody:ZZQualityAssuranceBody:18;ref:ZZLkpLearningType:ZZLearningType:2;ref:ZZLkpModuleType:ZZModuleType:1
*,284,Y,"653307000-KM-02",Foundational concepts for mechanics,14,2018-07-01 00:00:00.000,2023-06-30 00:00:00.000,2024-06-30 00:00:00.000,2027-06-30 00:00:00.000,ref:ZZLkpNqfLevel:ZZNqfLevel:2;ref:ZZLkpQualityAssuranceBody:ZZQualityAssuranceBody:18;ref:ZZLkpLearningType:ZZLearningType:2;ref:ZZLkpModuleType:ZZModuleType:1
*,285,Y,"653307000-KM-03",Vehicle and equipment fundamentals,8,2018-07-01 00:00:00.000,2023-06-30 00:00:00.000,2024-06-30 00:00:00.000,2027-06-30 00:00:00.000,ref:ZZLkpNqfLevel:ZZNqfLevel:2;ref:ZZLkpQualityAssuranceBody:ZZQualityAssuranceBody:18;ref:ZZLkpLearningType:ZZLearningType:2;ref:ZZLkpModuleType:ZZModuleType:1
*,286,Y,"653307000-KM-04",Basic engine systems,8,2018-07-01 00:00:00.000,2023-06-30 00:00:00.000,2024-06-30 00:00:00.000,2027-06-30 00:00:00.000,ref:ZZLkpNqfLevel:ZZNqfLevel:2;ref:ZZLkpQualityAssuranceBody:ZZQualityAssuranceBody:18;ref:ZZLkpLearningType:ZZLearningType:2;ref:ZZLkpModuleType:ZZModuleType:1
*,287,Y,"653307000-KM-05","Vehicle, equipment and propulsion systems",13,2018-07-01 00:00:00.000,2023-06-30 00:00:00.000,2024-07-01 00:00:00.000,2027-06-30 00:00:00.000,ref:ZZLkpNqfLevel:ZZNqfLevel:3;ref:ZZLkpQualityAssuranceBody:ZZQualityAssuranceBody:18;ref:ZZLkpLearningType:ZZLearningType:2;ref:ZZLkpModuleType:ZZModuleType:1
*,288,Y,"653307000-KM-06","Electrical systems and basic electronic, hydraulic and pneumatic principles",16,2018-07-01 00:00:00.000,2023-06-30 00:00:00.000,2024-06-30 00:00:00.000,2027-06-30 00:00:00.000,ref:ZZLkpNqfLevel:ZZNqfLevel:3;ref:ZZLkpQualityAssuranceBody:ZZQualityAssuranceBody:18;ref:ZZLkpLearningType:ZZLearningType:2;ref:ZZLkpModuleType:ZZModuleType:1
*,289,Y,"653307000-KM-07",Advanced vehicle and equipment systems,30,2018-07-01 00:00:00.000,2023-06-30 00:00:00.000,2024-06-30 00:00:00.000,2027-06-30 00:00:00.000,ref:ZZLkpNqfLevel:ZZNqfLevel:4;ref:ZZLkpQualityAssuranceBody:ZZQualityAssuranceBody:18;ref:ZZLkpLearningType:ZZLearningType:2;ref:ZZLkpModuleType:ZZModuleType:1
*,290,Y,"653307000-KM-08",Problem solving and engine optimisation,10,2018-07-01 00:00:00.000,2023-06-30 00:00:00.000,2024-06-30 00:00:00.000,2027-06-30 00:00:00.000,ref:ZZLkpNqfLevel:ZZNqfLevel:4;ref:ZZLkpQualityAssuranceBody:ZZQualityAssuranceBody:18;ref:ZZLkpLearningType:ZZLearningType:2;ref:ZZLkpModuleType:ZZModuleType:1
*,291,Y,"653307000-PM-01",Work safely,10,2018-07-01 00:00:00.000,2023-06-30 00:00:00.000,2024-06-30 00:00:00.000,2027-06-30 00:00:00.000,ref:ZZLkpNqfLevel:ZZNqfLevel:2;ref:ZZLkpQualityAssuranceBody:ZZQualityAssuranceBody:57;ref:ZZLkpLearningType:ZZLearningType:1;ref:ZZLkpModuleType:ZZModuleType:1
*,292,Y,"653307000-PM-02",Use tools and equipment,12,2018-07-01 00:00:00.000,2023-06-30 00:00:00.000,2024-06-30 00:00:00.000,2027-06-30 00:00:00.000,ref:ZZLkpNqfLevel:ZZNqfLevel:2;ref:ZZLkpQualityAssuranceBody:ZZQualityAssuranceBody:18;ref:ZZLkpLearningType:ZZLearningType:1;ref:ZZLkpModuleType:ZZModuleType:1
*,293,Y,"653307000-PM-03","Remove and install mechanical components (gaskets, seals, bearings and locking devices)",10,2018-07-01 00:00:00.000,2023-06-30 00:00:00.000,2024-06-30 00:00:00.000,2027-06-30 00:00:00.000,ref:ZZLkpNqfLevel:ZZNqfLevel:2;ref:ZZLkpQualityAssuranceBody:ZZQualityAssuranceBody:18;ref:ZZLkpLearningType:ZZLearningType:1;ref:ZZLkpModuleType:ZZModuleType:1
*,294,Y,"653307000-PM-04",Work with electrical and fluid power components,10,2018-07-01 00:00:00.000,2023-06-30 00:00:00.000,2024-06-30 00:00:00.000,2027-06-30 00:00:00.000,ref:ZZLkpNqfLevel:ZZNqfLevel:2;ref:ZZLkpQualityAssuranceBody:ZZQualityAssuranceBody:18;ref:ZZLkpLearningType:ZZLearningType:1;ref:ZZLkpModuleType:ZZModuleType:1
*,295,Y,"653307000-PM-05",Maintain and service heavy equipment system components,15,2018-07-01 00:00:00.000,2023-06-30 00:00:00.000,2024-06-30 00:00:00.000,2027-06-30 00:00:00.000,ref:ZZLkpNqfLevel:ZZNqfLevel:2;ref:ZZLkpQualityAssuranceBody:ZZQualityAssuranceBody:18;ref:ZZLkpLearningType:ZZLearningType:1;ref:ZZLkpModuleType:ZZModuleType:1
*,296,Y,"653307000-PM-06","Dismantle, assess and reassemble heavy equipment diesel cylinder heads and sub-assemblies",20,2018-07-01 00:00:00.000,2023-06-30 00:00:00.000,2024-06-30 00:00:00.000,2027-06-30 00:00:00.000,ref:ZZLkpNqfLevel:ZZNqfLevel:3;ref:ZZLkpQualityAssuranceBody:ZZQualityAssuranceBody:18;ref:ZZLkpLearningType:ZZLearningType:1;ref:ZZLkpModuleType:ZZModuleType:1
*,297,Y,"653307000-PM-07","Dismantle, assess and reassemble heavy equipment power train systems",20,2018-07-01 00:00:00.000,2023-06-30 00:00:00.000,2024-06-30 00:00:00.000,2027-06-30 00:00:00.000,ref:ZZLkpNqfLevel:ZZNqfLevel:3;ref:ZZLkpQualityAssuranceBody:ZZQualityAssuranceBody:18;ref:ZZLkpLearningType:ZZLearningType:1;ref:ZZLkpModuleType:ZZModuleType:1
*,298,Y,"653307000-PM-08","Remove, test, repair and refit heavy equipment components and parts",15,2018-07-01 00:00:00.000,2023-06-30 00:00:00.000,2024-06-30 00:00:00.000,2027-06-30 00:00:00.000,ref:ZZLkpNqfLevel:ZZNqfLevel:3;ref:ZZLkpQualityAssuranceBody:ZZQualityAssuranceBody:18;ref:ZZLkpLearningType:ZZLearningType:1;ref:ZZLkpModuleType:ZZModuleType:1
*,299,Y,"653307000-PM-09",Diagnose and repair Heavy Equipment Mechanical systems,26,2018-07-01 00:00:00.000,2023-06-30 00:00:00.000,2024-06-30 00:00:00.000,2027-06-30 00:00:00.000,ref:ZZLkpNqfLevel:ZZNqfLevel:4;ref:ZZLkpQualityAssuranceBody:ZZQualityAssuranceBody:18;ref:ZZLkpLearningType:ZZLearningType:1;ref:ZZLkpModuleType:ZZModuleType:1
*,300,Y,"653307000-PM-10",Diagnose and repair heavy equipment electrical systems,12,2018-07-01 00:00:00.000,2023-06-30 00:00:00.000,2024-06-30 00:00:00.000,2027-06-30 00:00:00.000,ref:ZZLkpNqfLevel:ZZNqfLevel:4;ref:ZZLkpQualityAssuranceBody:ZZQualityAssuranceBody:57;ref:ZZLkpLearningType:ZZLearningType:1;ref:ZZLkpModuleType:ZZModuleType:1
*,301,Y,"653307000-PM-11",Diagnose and repair heavy equipment electronically controlled systems,12,2018-07-01 00:00:00.000,2023-06-30 00:00:00.000,2024-06-30 00:00:00.000,2027-06-30 00:00:00.000,ref:ZZLkpNqfLevel:ZZNqfLevel:4;ref:ZZLkpQualityAssuranceBody:ZZQualityAssuranceBody:18;ref:ZZLkpLearningType:ZZLearningType:1;ref:ZZLkpModuleType:ZZModuleType:1
*,302,Y,"653307000-WM-01",Routine scheduled services,24,2018-07-01 00:00:00.000,2023-06-30 00:00:00.000,2024-06-30 00:00:00.000,2027-06-30 00:00:00.000,ref:ZZLkpNqfLevel:ZZNqfLevel:2;ref:ZZLkpQualityAssuranceBody:ZZQualityAssuranceBody:18;ref:ZZLkpLearningType:ZZLearningType:3;ref:ZZLkpModuleType:ZZModuleType:1
*,303,Y,"653307000-WM-03",Removal and replacement of heavy equipment drive train components,32,2018-07-01 00:00:00.000,2023-06-30 00:00:00.000,2024-06-30 00:00:00.000,2027-06-30 00:00:00.000,ref:ZZLkpNqfLevel:ZZNqfLevel:3;ref:ZZLkpQualityAssuranceBody:ZZQualityAssuranceBody:18;ref:ZZLkpLearningType:ZZLearningType:3;ref:ZZLkpModuleType:ZZModuleType:1
*,304,Y,"653307000-WM-04",Heavy equipment diesel engine removal and installation processes,6,2018-07-01 00:00:00.000,2023-06-30 00:00:00.000,2024-06-30 00:00:00.000,2027-06-30 00:00:00.000,ref:ZZLkpNqfLevel:ZZNqfLevel:3;ref:ZZLkpQualityAssuranceBody:ZZQualityAssuranceBody:18;ref:ZZLkpLearningType:ZZLearningType:3;ref:ZZLkpModuleType:ZZModuleType:1
*,305,Y,"653307000-WM-05",Removal and replacement of heavy equipment hydraulic system components,32,2018-07-01 00:00:00.000,2023-06-30 00:00:00.000,2024-06-30 00:00:00.000,2027-06-30 00:00:00.000,ref:ZZLkpNqfLevel:ZZNqfLevel:3;ref:ZZLkpQualityAssuranceBody:ZZQualityAssuranceBody:18;ref:ZZLkpLearningType:ZZLearningType:3;ref:ZZLkpModuleType:ZZModuleType:1
*,306,Y,"653307000-WM-06","Diagnosis and repair of heavy equipment electrical systems (charging, starting, lighting and auxiliary)",12,2018-07-01 00:00:00.000,2023-06-30 00:00:00.000,2024-06-30 00:00:00.000,2027-06-30 00:00:00.000,ref:ZZLkpNqfLevel:ZZNqfLevel:4;ref:ZZLkpQualityAssuranceBody:ZZQualityAssuranceBody:18;ref:ZZLkpLearningType:ZZLearningType:3;ref:ZZLkpModuleType:ZZModuleType:1
*,307,Y,"653307000-WM-07",Diagnosis and repair of heavy equipment diesel engine electronic control systems,20,2018-07-01 00:00:00.000,2023-06-30 00:00:00.000,2024-06-30 00:00:00.000,2027-06-30 00:00:00.000,ref:ZZLkpNqfLevel:ZZNqfLevel:4;ref:ZZLkpQualityAssuranceBody:ZZQualityAssuranceBody:18;ref:ZZLkpLearningType:ZZLearningType:3;ref:ZZLkpModuleType:ZZModuleType:1
*,308,Y,"653307000-WM-08",Diagnosis and repair of heavy equipment diesel engines and engine sub-systems,20,2018-07-01 00:00:00.000,2023-06-30 00:00:00.000,2024-06-30 00:00:00.000,2027-06-30 00:00:00.000,ref:ZZLkpNqfLevel:ZZNqfLevel:4;ref:ZZLkpQualityAssuranceBody:ZZQualityAssuranceBody:18;ref:ZZLkpLearningType:ZZLearningType:3;ref:ZZLkpModuleType:ZZModuleType:1
*,309,Y,"653307000-WM-09",Diagnosis and repair of heavy equipment hydraulic systems,30,2018-07-01 00:00:00.000,2023-06-30 00:00:00.000,2024-06-30 00:00:00.000,2027-06-30 00:00:00.000,ref:ZZLkpNqfLevel:ZZNqfLevel:4;ref:ZZLkpQualityAssuranceBody:ZZQualityAssuranceBody:18;ref:ZZLkpLearningType:ZZLearningType:3;ref:ZZLkpModuleType:ZZModuleType:1
*,310,Y,"653307000-WM-10",Diagnosis and repair of heavy equipment brake systems,20,2018-07-01 00:00:00.000,2023-06-30 00:00:00.000,2024-06-30 00:00:00.000,2027-06-30 00:00:00.000,ref:ZZLkpNqfLevel:ZZNqfLevel:4;ref:ZZLkpQualityAssuranceBody:ZZQualityAssuranceBody:18;ref:ZZLkpLearningType:ZZLearningType:3;ref:ZZLkpModuleType:ZZModuleType:1
*,311,Y,"653307000-WM-11",Diagnosis and repair of heavy equipment drive train systems,30,2018-07-01 00:00:00.000,2023-06-30 00:00:00.000,2024-06-30 00:00:00.000,2027-06-30 00:00:00.000,ref:ZZLkpNqfLevel:ZZNqfLevel:4;ref:ZZLkpQualityAssuranceBody:ZZQualityAssuranceBody:18;ref:ZZLkpLearningType:ZZLearningType:3;ref:ZZLkpModuleType:ZZModuleType:1
*,312,Y,"653307000-WM-12",Diagnosis and repair of heavy equipment steering and suspension systems,20,2018-07-01 00:00:00.000,2023-06-30 00:00:00.000,2024-06-30 00:00:00.000,2027-06-30 00:00:00.000,ref:ZZLkpNqfLevel:ZZNqfLevel:4;ref:ZZLkpQualityAssuranceBody:ZZQualityAssuranceBody:18;ref:ZZLkpLearningType:ZZLearningType:3;ref:ZZLkpModuleType:ZZModuleType:1
*,313,Y,"653307000-WM-02",Removal and replacement of heavy equipment diesel engine sub-system components (including batteries),24,2018-07-01 00:00:00.000,2023-06-30 00:00:00.000,2024-06-30 00:00:00.000,2027-06-30 00:00:00.000,ref:ZZLkpNqfLevel:ZZNqfLevel:3;ref:ZZLkpQualityAssuranceBody:ZZQualityAssuranceBody:18;ref:ZZLkpLearningType:ZZLearningType:3;ref:ZZLkpModuleType:ZZModuleType:1
*,314,Y,"651501-000-00-00-KM-01",The world of the rigger,8,2018-09-12 00:00:00.000,2023-09-12 00:00:00.000,2024-09-12 00:00:00.000,2027-09-12 00:00:00.000,ref:ZZLkpNqfLevel:ZZNqfLevel:3;ref:ZZLkpQualityAssuranceBody:ZZQualityAssuranceBody:57;ref:ZZLkpLearningType:ZZLearningType:2;ref:ZZLkpModuleType:ZZModuleType:1
*,315,Y,"651501-000-00-00-KM-02",Shielded metal arc welding and gas-cutting,3,2018-09-12 00:00:00.000,2023-09-12 00:00:00.000,2024-09-12 00:00:00.000,2027-09-12 00:00:00.000,ref:ZZLkpNqfLevel:ZZNqfLevel:2;ref:ZZLkpQualityAssuranceBody:ZZQualityAssuranceBody:57;ref:ZZLkpLearningType:ZZLearningType:2;ref:ZZLkpModuleType:ZZModuleType:1
*,316,Y,"651501-000-00-00-KM-03",Tools and equipment,7,2018-09-12 00:00:00.000,2023-09-12 00:00:00.000,2024-09-12 00:00:00.000,2027-09-12 00:00:00.000,ref:ZZLkpNqfLevel:ZZNqfLevel:2;ref:ZZLkpQualityAssuranceBody:ZZQualityAssuranceBody:57;ref:ZZLkpLearningType:ZZLearningType:2;ref:ZZLkpModuleType:ZZModuleType:1
*,317,Y,"651501-000-00-00-KM-04","Engineering materials, drawings and sketches",5,2018-09-12 00:00:00.000,2023-09-12 00:00:00.000,2024-09-12 00:00:00.000,2027-09-12 00:00:00.000,ref:ZZLkpNqfLevel:ZZNqfLevel:2;ref:ZZLkpQualityAssuranceBody:ZZQualityAssuranceBody:57;ref:ZZLkpLearningType:ZZLearningType:2;ref:ZZLkpModuleType:ZZModuleType:1
*,318,Y,"651501-000-00-00-KM-05","Scaffolding, working at heights, fall protection systems and ladders",16,2018-09-12 00:00:00.000,2023-09-12 00:00:00.000,2024-09-12 00:00:00.000,2027-09-12 00:00:00.000,ref:ZZLkpNqfLevel:ZZNqfLevel:2;ref:ZZLkpQualityAssuranceBody:ZZQualityAssuranceBody:57;ref:ZZLkpLearningType:ZZLearningType:2;ref:ZZLkpModuleType:ZZModuleType:1
*,319,Y,"651501-000-00-00-KM-06",Supervision of scaffolding operations up to 6m,11,2018-09-12 00:00:00.000,2023-09-12 00:00:00.000,2024-09-12 00:00:00.000,2027-09-12 00:00:00.000,ref:ZZLkpNqfLevel:ZZNqfLevel:3;ref:ZZLkpQualityAssuranceBody:ZZQualityAssuranceBody:57;ref:ZZLkpLearningType:ZZLearningType:2;ref:ZZLkpModuleType:ZZModuleType:1
*,320,Y,"651501-000-00-00-KM-07",Access scaffolding inspection,10,2018-09-12 00:00:00.000,2023-09-12 00:00:00.000,2024-09-12 00:00:00.000,2027-09-12 00:00:00.000,ref:ZZLkpNqfLevel:ZZNqfLevel:4;ref:ZZLkpQualityAssuranceBody:ZZQualityAssuranceBody:57;ref:ZZLkpLearningType:ZZLearningType:2;ref:ZZLkpModuleType:ZZModuleType:1
*,321,Y,"651501-000-00-00-KM-08","Ropes, knots, bends and hitches, lashings, attachments and splices",10,2018-09-12 00:00:00.000,2023-09-12 00:00:00.000,2024-09-12 00:00:00.000,2027-09-12 00:00:00.000,ref:ZZLkpNqfLevel:ZZNqfLevel:2;ref:ZZLkpQualityAssuranceBody:ZZQualityAssuranceBody:57;ref:ZZLkpLearningType:ZZLearningType:2;ref:ZZLkpModuleType:ZZModuleType:1
*,322,Y,"651501-000-00-00-KM-09",Steel wire ropes,8,2018-09-12 00:00:00.000,2023-09-12 00:00:00.000,2024-09-12 00:00:00.000,2027-09-12 00:00:00.000,ref:ZZLkpNqfLevel:ZZNqfLevel:3;ref:ZZLkpQualityAssuranceBody:ZZQualityAssuranceBody:57;ref:ZZLkpLearningType:ZZLearningType:2;ref:ZZLkpModuleType:ZZModuleType:1
*,323,Y,"651501-000-00-00-KM-10","Winder ropes, safety detaching hooks and sheave wheels",11,2018-09-12 00:00:00.000,2023-09-12 00:00:00.000,2024-09-12 00:00:00.000,2027-09-12 00:00:00.000,ref:ZZLkpNqfLevel:ZZNqfLevel:4;ref:ZZLkpQualityAssuranceBody:ZZQualityAssuranceBody:57;ref:ZZLkpLearningType:ZZLearningType:2;ref:ZZLkpModuleType:ZZModuleType:1
*,324,Y,"651501-000-00-00-KM-11","Basic slinging and lifting, and load securing operations",15,2018-09-12 00:00:00.000,2023-09-12 00:00:00.000,2024-09-12 00:00:00.000,2027-09-12 00:00:00.000,ref:ZZLkpNqfLevel:ZZNqfLevel:2;ref:ZZLkpQualityAssuranceBody:ZZQualityAssuranceBody:57;ref:ZZLkpLearningType:ZZLearningType:2;ref:ZZLkpModuleType:ZZModuleType:1
*,325,Y,"651501-000-00-00-KM-12",Slinging and intermediate lifting methods,25,2018-09-12 00:00:00.000,2023-09-12 00:00:00.000,2024-09-12 00:00:00.000,2027-09-12 00:00:00.000,ref:ZZLkpNqfLevel:ZZNqfLevel:3;ref:ZZLkpQualityAssuranceBody:ZZQualityAssuranceBody:57;ref:ZZLkpLearningType:ZZLearningType:2;ref:ZZLkpModuleType:ZZModuleType:1
*,326,Y,"651501-000-00-00-KM-13",Lifting equipment and machines (excluding hand powered lifting devices),6,2018-09-12 00:00:00.000,2023-09-12 00:00:00.000,2024-09-12 00:00:00.000,2027-09-12 00:00:00.000,ref:ZZLkpNqfLevel:ZZNqfLevel:3;ref:ZZLkpQualityAssuranceBody:ZZQualityAssuranceBody:57;ref:ZZLkpLearningType:ZZLearningType:2;ref:ZZLkpModuleType:ZZModuleType:1
*,327,Y,"651501-000-00-00-KM-14",Advanced lifting methods,24,2018-09-12 00:00:00.000,2023-09-12 00:00:00.000,2024-09-12 00:00:00.000,2027-09-12 00:00:00.000,ref:ZZLkpNqfLevel:ZZNqfLevel:4;ref:ZZLkpQualityAssuranceBody:ZZQualityAssuranceBody:57;ref:ZZLkpLearningType:ZZLearningType:2;ref:ZZLkpModuleType:ZZModuleType:1
*,328,Y,"651501-000-00-00-KM-15",Management-related activities,4,2018-09-12 00:00:00.000,2023-09-12 00:00:00.000,2024-09-12 00:00:00.000,2027-09-12 00:00:00.000,ref:ZZLkpNqfLevel:ZZNqfLevel:4;ref:ZZLkpQualityAssuranceBody:ZZQualityAssuranceBody:57;ref:ZZLkpLearningType:ZZLearningType:2;ref:ZZLkpModuleType:ZZModuleType:1
*,329,Y,"651501-000-00-00-PM-01",Work safely and respond to emergencies,4,2018-09-12 00:00:00.000,2023-09-12 00:00:00.000,2024-09-12 00:00:00.000,2027-09-12 00:00:00.000,ref:ZZLkpNqfLevel:ZZNqfLevel:2;ref:ZZLkpQualityAssuranceBody:ZZQualityAssuranceBody:57;ref:ZZLkpLearningType:ZZLearningType:1;ref:ZZLkpModuleType:ZZModuleType:1
*,330,Y,"651501-000-00-00-PM-02","Fabricate simple components, manufacture basic rigging hand tools using hand, power and measuring tools and equipment",16,2018-09-12 00:00:00.000,2023-09-12 00:00:00.000,2024-09-12 00:00:00.000,2027-09-12 00:00:00.000,ref:ZZLkpNqfLevel:ZZNqfLevel:2;ref:ZZLkpQualityAssuranceBody:ZZQualityAssuranceBody:57;ref:ZZLkpLearningType:ZZLearningType:1;ref:ZZLkpModuleType:ZZModuleType:1
*,331,Y,"651501-000-00-00-PM-03",Arc weld and gas cut metals,5,2018-09-12 00:00:00.000,2023-09-12 00:00:00.000,2023-09-12 00:00:00.000,2027-09-12 00:00:00.000,ref:ZZLkpNqfLevel:ZZNqfLevel:2;ref:ZZLkpQualityAssuranceBody:ZZQualityAssuranceBody:57;ref:ZZLkpLearningType:ZZLearningType:1;ref:ZZLkpModuleType:ZZModuleType:1
*,332,Y,"651501-000-00-00-PM-04",Interpret engineering drawings,3,2018-09-12 00:00:00.000,2023-09-12 00:00:00.000,2024-09-12 00:00:00.000,2027-09-12 00:00:00.000,ref:ZZLkpNqfLevel:ZZNqfLevel:2;ref:ZZLkpQualityAssuranceBody:ZZQualityAssuranceBody:57;ref:ZZLkpLearningType:ZZLearningType:1;ref:ZZLkpModuleType:ZZModuleType:1
*,333,Y,"651501-000-00-00-PM-05",Work at heights,4,2018-09-12 00:00:00.000,2023-09-12 00:00:00.000,2024-09-12 00:00:00.000,2027-09-12 00:00:00.000,ref:ZZLkpNqfLevel:ZZNqfLevel:2;ref:ZZLkpQualityAssuranceBody:ZZQualityAssuranceBody:57;ref:ZZLkpLearningType:ZZLearningType:1;ref:ZZLkpModuleType:ZZModuleType:1
*,334,Y,"651501-000-00-00-PM-06","Erect and dismantle scaffolding, and use ladders",8,2018-09-12 00:00:00.000,2023-09-12 00:00:00.000,2024-09-12 00:00:00.000,2027-09-12 00:00:00.000,ref:ZZLkpNqfLevel:ZZNqfLevel:2;ref:ZZLkpQualityAssuranceBody:ZZQualityAssuranceBody:57;ref:ZZLkpLearningType:ZZLearningType:1;ref:ZZLkpModuleType:ZZModuleType:1
*,335,Y,"651501-000-00-00-PM-07",Supervise scaffolding operations up to 6m,8,2018-09-12 00:00:00.000,2023-09-12 00:00:00.000,2024-09-12 00:00:00.000,2027-09-12 00:00:00.000,ref:ZZLkpNqfLevel:ZZNqfLevel:3;ref:ZZLkpQualityAssuranceBody:ZZQualityAssuranceBody:57;ref:ZZLkpLearningType:ZZLearningType:1;ref:ZZLkpModuleType:ZZModuleType:1
*,336,Y,"651501-000-00-00-PM-08",Inspect access scaffolding,8,2018-09-12 00:00:00.000,2023-09-12 00:00:00.000,2024-09-12 00:00:00.000,2027-09-12 00:00:00.000,ref:ZZLkpNqfLevel:ZZNqfLevel:4;ref:ZZLkpQualityAssuranceBody:ZZQualityAssuranceBody:57;ref:ZZLkpLearningType:ZZLearningType:1;ref:ZZLkpModuleType:ZZModuleType:1
*,337,Y,"651501-000-00-00-PM-09","Work with fibre rope, make a steel wire rope specimen",8,2018-09-12 00:00:00.000,2023-09-12 00:00:00.000,2024-09-12 00:00:00.000,2027-09-12 00:00:00.000,ref:ZZLkpNqfLevel:ZZNqfLevel:2;ref:ZZLkpQualityAssuranceBody:ZZQualityAssuranceBody:57;ref:ZZLkpLearningType:ZZLearningType:1;ref:ZZLkpModuleType:ZZModuleType:1
*,338,Y,"651501-000-00-00-PM-10",Work with steel wire ropes,9,2018-09-12 00:00:00.000,2023-09-12 00:00:00.000,2024-09-12 00:00:00.000,2027-09-12 00:00:00.000,ref:ZZLkpNqfLevel:ZZNqfLevel:3;ref:ZZLkpQualityAssuranceBody:ZZQualityAssuranceBody:57;ref:ZZLkpLearningType:ZZLearningType:1;ref:ZZLkpModuleType:ZZModuleType:1
*,339,Y,"651501-000-00-00-PM-11",Work with winder ropes and sheave wheel,9,2018-09-12 00:00:00.000,2023-09-12 00:00:00.000,2024-09-12 00:00:00.000,2027-09-12 00:00:00.000,ref:ZZLkpNqfLevel:ZZNqfLevel:4;ref:ZZLkpQualityAssuranceBody:ZZQualityAssuranceBody:57;ref:ZZLkpLearningType:ZZLearningType:1;ref:ZZLkpModuleType:ZZModuleType:1
*,340,Y,"651501-000-00-00-PM-12","Sling, lift and secure loads for transportation",13,2018-09-12 00:00:00.000,2023-09-12 00:00:00.000,2024-09-12 00:00:00.000,2027-09-12 00:00:00.000,ref:ZZLkpNqfLevel:ZZNqfLevel:2;ref:ZZLkpQualityAssuranceBody:ZZQualityAssuranceBody:57;ref:ZZLkpLearningType:ZZLearningType:1;ref:ZZLkpModuleType:ZZModuleType:1
*,341,Y,"651501-000-00-00-PM-13",Sling complex loads and use intermediate lifting methods to lift loads,26,2018-09-12 00:00:00.000,2023-09-12 00:00:00.000,2024-09-12 00:00:00.000,2027-09-12 00:00:00.000,ref:ZZLkpNqfLevel:ZZNqfLevel:3;ref:ZZLkpQualityAssuranceBody:ZZQualityAssuranceBody:57;ref:ZZLkpLearningType:ZZLearningType:1;ref:ZZLkpModuleType:ZZModuleType:1
*,342,Y,"651501-000-00-00-PM-14",Lift loads using advanced lifting methods,38,2018-09-12 00:00:00.000,2023-09-12 00:00:00.000,2024-09-12 00:00:00.000,2027-09-12 00:00:00.000,ref:ZZLkpNqfLevel:ZZNqfLevel:4;ref:ZZLkpQualityAssuranceBody:ZZQualityAssuranceBody:57;ref:ZZLkpLearningType:ZZLearningType:1;ref:ZZLkpModuleType:ZZModuleType:1
*,343,Y,"651501-000-00-00-PM-15",Perform management-related tasks,5,2018-09-12 00:00:00.000,2023-09-12 00:00:00.000,2024-09-12 00:00:00.000,2027-09-12 00:00:00.000,ref:ZZLkpNqfLevel:ZZNqfLevel:4;ref:ZZLkpQualityAssuranceBody:ZZQualityAssuranceBody:57;ref:ZZLkpLearningType:ZZLearningType:1;ref:ZZLkpModuleType:ZZModuleType:1
*,344,Y,"671208001-KM-01","Concepts of Occupational Health, Safety and Quality",6,2018-07-01 00:00:00.000,2023-06-30 00:00:00.000,2024-06-30 00:00:00.000,2027-06-30 00:00:00.000,ref:ZZLkpNqfLevel:ZZNqfLevel:2;ref:ZZLkpQualityAssuranceBody:ZZQualityAssuranceBody:57;ref:ZZLkpLearningType:ZZLearningType:2;ref:ZZLkpModuleType:ZZModuleType:1
*,345,Y,"671208001-KM-02","Tools, Equipment, Materials in the Auto Electrical Environment",3,2018-07-01 00:00:00.000,2023-06-30 00:00:00.000,2024-06-30 00:00:00.000,2027-06-30 00:00:00.000,ref:ZZLkpNqfLevel:ZZNqfLevel:2;ref:ZZLkpQualityAssuranceBody:ZZQualityAssuranceBody:57;ref:ZZLkpLearningType:ZZLearningType:2;ref:ZZLkpModuleType:ZZModuleType:1
*,346,Y,"671208001-KM-03",Fundamentals of Auxiliary Auto-Electrical Equipment,4,2018-07-01 00:00:00.000,2023-06-30 00:00:00.000,2024-06-30 00:00:00.000,2027-06-30 00:00:00.000,ref:ZZLkpNqfLevel:ZZNqfLevel:3;ref:ZZLkpQualityAssuranceBody:ZZQualityAssuranceBody:57;ref:ZZLkpLearningType:ZZLearningType:2;ref:ZZLkpModuleType:ZZModuleType:1
*,347,Y,"671208001-KM-04",Fundamentals of Fuel Injection and Engine Control,7,2018-07-01 00:00:00.000,2023-06-30 00:00:00.000,2024-06-30 00:00:00.000,2027-06-30 00:00:00.000,ref:ZZLkpNqfLevel:ZZNqfLevel:4;ref:ZZLkpQualityAssuranceBody:ZZQualityAssuranceBody:57;ref:ZZLkpLearningType:ZZLearningType:2;ref:ZZLkpModuleType:ZZModuleType:1
*,348,Y,"671208001-KM-05",Fundamentals of Automotive Mechanical Technology,6,2018-07-01 00:00:00.000,2023-06-30 00:00:00.000,2024-06-30 00:00:00.000,2027-06-30 00:00:00.000,ref:ZZLkpNqfLevel:ZZNqfLevel:3;ref:ZZLkpQualityAssuranceBody:ZZQualityAssuranceBody:57;ref:ZZLkpLearningType:ZZLearningType:2;ref:ZZLkpModuleType:ZZModuleType:1
*,349,Y,"671208001-KM-06",Theory and Principles of Auto Electricity,8,2018-07-01 00:00:00.000,2023-06-30 00:00:00.000,2024-06-30 00:00:00.000,2027-06-30 00:00:00.000,ref:ZZLkpNqfLevel:ZZNqfLevel:2;ref:ZZLkpQualityAssuranceBody:ZZQualityAssuranceBody:57;ref:ZZLkpLearningType:ZZLearningType:2;ref:ZZLkpModuleType:ZZModuleType:1
*,350,Y,"671208001-KM-07",Principles of Electricity and Electronics for Trouble Shooting and Repair,7,2018-07-01 00:00:00.000,2023-06-30 00:00:00.000,2024-06-30 00:00:00.000,2027-06-30 00:00:00.000,ref:ZZLkpNqfLevel:ZZNqfLevel:3;ref:ZZLkpQualityAssuranceBody:ZZQualityAssuranceBody:57;ref:ZZLkpLearningType:ZZLearningType:2;ref:ZZLkpModuleType:ZZModuleType:1
*,351,Y,"671208001-KM-08",Fundamentals of Technical Information for Auto-electrical Systems,4,2018-07-01 00:00:00.000,2023-06-30 00:00:00.000,2024-06-30 00:00:00.000,2027-06-30 00:00:00.000,ref:ZZLkpNqfLevel:ZZNqfLevel:3;ref:ZZLkpQualityAssuranceBody:ZZQualityAssuranceBody:57;ref:ZZLkpLearningType:ZZLearningType:2;ref:ZZLkpModuleType:ZZModuleType:1
*,352,Y,"671208001-KM-09",Automobile Batteries and Battery System Components,3,2018-07-01 00:00:00.000,2023-06-30 00:00:00.000,2024-06-30 00:00:00.000,2027-06-30 00:00:00.000,ref:ZZLkpNqfLevel:ZZNqfLevel:2;ref:ZZLkpQualityAssuranceBody:ZZQualityAssuranceBody:57;ref:ZZLkpLearningType:ZZLearningType:2;ref:ZZLkpModuleType:ZZModuleType:1
*,353,Y,"671208001-KM-10","Automotive Systems (Networking and Data Transfer Systems, Climate control systems, Convenience systems)",10,2018-07-01 00:00:00.000,2023-06-30 00:00:00.000,2024-06-30 00:00:00.000,2027-06-30 00:00:00.000,ref:ZZLkpNqfLevel:ZZNqfLevel:4;ref:ZZLkpQualityAssuranceBody:ZZQualityAssuranceBody:57;ref:ZZLkpLearningType:ZZLearningType:2;ref:ZZLkpModuleType:ZZModuleType:1
*,354,Y,"671208001-KM-11","Automotive Systems (Ignition, Starting, Charging)",10,2018-07-01 00:00:00.000,2023-06-30 00:00:00.000,2024-06-30 00:00:00.000,2027-06-30 00:00:00.000,ref:ZZLkpNqfLevel:ZZNqfLevel:3;ref:ZZLkpQualityAssuranceBody:ZZQualityAssuranceBody:57;ref:ZZLkpLearningType:ZZLearningType:2;ref:ZZLkpModuleType:ZZModuleType:1
*,355,Y,"671208001-KM-12",Safety and drive control systems,6,2018-07-01 00:00:00.000,2023-06-30 00:00:00.000,2024-06-30 00:00:00.000,2027-06-30 00:00:00.000,ref:ZZLkpNqfLevel:ZZNqfLevel:4;ref:ZZLkpQualityAssuranceBody:ZZQualityAssuranceBody:57;ref:ZZLkpLearningType:ZZLearningType:2;ref:ZZLkpModuleType:ZZModuleType:1
*,356,Y,"671208001-PM-01",Remove and replace auto electrical components,6,2018-07-01 00:00:00.000,2023-06-30 00:00:00.000,2024-06-30 00:00:00.000,2027-06-30 00:00:00.000,ref:ZZLkpNqfLevel:ZZNqfLevel:2;ref:ZZLkpQualityAssuranceBody:ZZQualityAssuranceBody:57;ref:ZZLkpLearningType:ZZLearningType:1;ref:ZZLkpModuleType:ZZModuleType:1
*,357,Y,"671208001-PM-02",Test and diagnose automotive batteries,3,2018-07-01 00:00:00.000,2023-06-30 00:00:00.000,2024-06-30 00:00:00.000,2027-06-30 00:00:00.000,ref:ZZLkpNqfLevel:ZZNqfLevel:2;ref:ZZLkpQualityAssuranceBody:ZZQualityAssuranceBody:57;ref:ZZLkpLearningType:ZZLearningType:1;ref:ZZLkpModuleType:ZZModuleType:1
*,358,Y,"671208001-PM-03",Build and conduct fault finding on auto electrical circuits,8,2018-07-01 00:00:00.000,2023-06-30 00:00:00.000,2024-06-30 00:00:00.000,2027-06-30 00:00:00.000,ref:ZZLkpNqfLevel:ZZNqfLevel:2;ref:ZZLkpQualityAssuranceBody:ZZQualityAssuranceBody:57;ref:ZZLkpLearningType:ZZLearningType:1;ref:ZZLkpModuleType:ZZModuleType:1
*,359,Y,"671208001-PM-04",Build auto electrical circuits and install auto electrical equipment and/or components/systems,8,2018-07-01 00:00:00.000,2023-06-30 00:00:00.000,2024-06-30 00:00:00.000,2027-06-30 00:00:00.000,ref:ZZLkpNqfLevel:ZZNqfLevel:3;ref:ZZLkpQualityAssuranceBody:ZZQualityAssuranceBody:57;ref:ZZLkpLearningType:ZZLearningType:1;ref:ZZLkpModuleType:ZZModuleType:1
*,360,Y,"671208001-PM-05",Conduct fault finding and repair on intermediate auto electrical systems,12,2018-07-01 00:00:00.000,2023-06-30 00:00:00.000,2024-06-30 00:00:00.000,2027-06-30 00:00:00.000,ref:ZZLkpNqfLevel:ZZNqfLevel:3;ref:ZZLkpQualityAssuranceBody:ZZQualityAssuranceBody:57;ref:ZZLkpLearningType:ZZLearningType:1;ref:ZZLkpModuleType:ZZModuleType:1
*,361,Y,"671208001-PM-06",Diagnose and repair climate control and convenience systems,12,2018-07-01 00:00:00.000,2023-06-30 00:00:00.000,2024-06-30 00:00:00.000,2027-06-30 00:00:00.000,ref:ZZLkpNqfLevel:ZZNqfLevel:4;ref:ZZLkpQualityAssuranceBody:ZZQualityAssuranceBody:57;ref:ZZLkpLearningType:ZZLearningType:1;ref:ZZLkpModuleType:ZZModuleType:1
*,362,Y,"671208001-PM-07",Diagnose and repair safety and drive control systems,10,2018-07-01 00:00:00.000,2023-06-30 00:00:00.000,2024-06-30 00:00:00.000,2027-06-30 00:00:00.000,ref:ZZLkpNqfLevel:ZZNqfLevel:4;ref:ZZLkpQualityAssuranceBody:ZZQualityAssuranceBody:57;ref:ZZLkpLearningType:ZZLearningType:1;ref:ZZLkpModuleType:ZZModuleType:1
*,363,Y,"671208001-PM-08",Diagnose and repair safety and drive control systems,10,2018-07-01 00:00:00.000,2023-06-30 00:00:00.000,2024-06-30 00:00:00.000,2027-06-30 00:00:00.000,ref:ZZLkpNqfLevel:ZZNqfLevel:4;ref:ZZLkpQualityAssuranceBody:ZZQualityAssuranceBody:57;ref:ZZLkpLearningType:ZZLearningType:1;ref:ZZLkpModuleType:ZZModuleType:1
*,364,Y,"671208001-WM-01",Processes and procedures for diagnosing and fault finding of automotive electrical wiring and electrical/electronic components /systems,70,2018-07-01 00:00:00.000,2023-06-30 00:00:00.000,2024-06-30 00:00:00.000,2027-06-30 00:00:00.000,ref:ZZLkpNqfLevel:ZZNqfLevel:4;ref:ZZLkpQualityAssuranceBody:ZZQualityAssuranceBody:57;ref:ZZLkpLearningType:ZZLearningType:3;ref:ZZLkpModuleType:ZZModuleType:1
*,365,Y,"671208001-WM-02","Processes and procedures for removing, repairing and/or replacing auto electrical/electronic components /systems",86,2018-07-01 00:00:00.000,2023-06-30 00:00:00.000,2024-06-30 00:00:00.000,2027-06-30 00:00:00.000,ref:ZZLkpNqfLevel:ZZNqfLevel:4;ref:ZZLkpQualityAssuranceBody:ZZQualityAssuranceBody:57;ref:ZZLkpLearningType:ZZLearningType:3;ref:ZZLkpModuleType:ZZModuleType:1
*,366,Y,"671208001-WM-03",Processes and procedures for the installation of automotive electrical equipment and/or components/systems,60,2018-07-01 00:00:00.000,2023-06-30 00:00:00.000,2024-06-30 00:00:00.000,2027-06-30 00:00:00.000,ref:ZZLkpNqfLevel:ZZNqfLevel:4;ref:ZZLkpQualityAssuranceBody:ZZQualityAssuranceBody:57;ref:ZZLkpLearningType:ZZLearningType:3;ref:ZZLkpModuleType:ZZModuleType:1
*,367,Y,"651501-000-00-00-WM-06","Processes to lift loads using intermediate lifting techniques, and work with steel wire ropes",68,2018-09-12 00:00:00.000,2023-09-12 00:00:00.000,2024-09-12 00:00:00.000,2027-09-12 00:00:00.000,ref:ZZLkpNqfLevel:ZZNqfLevel:3;ref:ZZLkpQualityAssuranceBody:ZZQualityAssuranceBody:57;ref:ZZLkpLearningType:ZZLearningType:3;ref:ZZLkpModuleType:ZZModuleType:1
*,368,Y,"651501-000-00-00-WM-08",Processes to lift loads using advanced lifting techniques,84,2018-09-12 00:00:00.000,2023-09-12 00:00:00.000,2024-09-12 00:00:00.000,2027-09-12 00:00:00.000,ref:ZZLkpNqfLevel:ZZNqfLevel:4;ref:ZZLkpQualityAssuranceBody:ZZQualityAssuranceBody:57;ref:ZZLkpLearningType:ZZLearningType:3;ref:ZZLkpModuleType:ZZModuleType:1
*,369,Y,"651501-000-00-00-WM-10","Processes to lift loads using advanced lifting techniques, and to examine and replace a winder rope and sheave wheel (mining sector)",84,2018-09-12 00:00:00.000,2023-09-12 00:00:00.000,2024-09-12 00:00:00.000,2027-09-12 00:00:00.000,ref:ZZLkpNqfLevel:ZZNqfLevel:4;ref:ZZLkpQualityAssuranceBody:ZZQualityAssuranceBody:57;ref:ZZLkpLearningType:ZZLearningType:3;ref:ZZLkpModuleType:ZZModuleType:1
*,370,Y,"651501-000-00-00-WM-11",Workplace fundamentals and health and safety processes,8,2018-09-12 00:00:00.000,2023-09-12 00:00:00.000,2024-09-12 00:00:00.000,2027-09-12 00:00:00.000,ref:ZZLkpNqfLevel:ZZNqfLevel:3;ref:ZZLkpQualityAssuranceBody:ZZQualityAssuranceBody:57;ref:ZZLkpLearningType:ZZLearningType:3;ref:ZZLkpModuleType:ZZModuleType:1
*,371,Y,"651501-000-00-00-WM-01",Processes to implement fall protection plans and install lifelines,8,2018-09-12 00:00:00.000,2023-09-12 00:00:00.000,2024-09-12 00:00:00.000,2027-09-12 00:00:00.000,ref:ZZLkpNqfLevel:ZZNqfLevel:2;ref:ZZLkpQualityAssuranceBody:ZZQualityAssuranceBody:57;ref:ZZLkpLearningType:ZZLearningType:3;ref:ZZLkpModuleType:ZZModuleType:1
*,372,Y,"651501-000-00-00-WM-02",Processes to erect and dismantle access scaffolding up to 6,12,2018-09-12 00:00:00.000,2023-09-12 00:00:00.000,2024-09-12 00:00:00.000,2027-09-12 00:00:00.000,ref:ZZLkpNqfLevel:ZZNqfLevel:2;ref:ZZLkpQualityAssuranceBody:ZZQualityAssuranceBody:57;ref:ZZLkpLearningType:ZZLearningType:3;ref:ZZLkpModuleType:ZZModuleType:1
*,373,Y,"651501-000-00-00-WM-03",Processes to supervise scaffolding operations up to 6m,12,2018-09-12 00:00:00.000,2023-09-12 00:00:00.000,2023-09-12 00:00:00.000,2027-09-12 00:00:00.000,ref:ZZLkpNqfLevel:ZZNqfLevel:3;ref:ZZLkpQualityAssuranceBody:ZZQualityAssuranceBody:57;ref:ZZLkpLearningType:ZZLearningType:3;ref:ZZLkpModuleType:ZZModuleType:1
*,374,Y,"651501-000-00-00-WM-04","Processes to sling, lift and secure loads using basic lifting techniques, and to work with fibre and steel ropes",40,2018-09-12 00:00:00.000,2023-09-12 00:00:00.000,2024-09-12 00:00:00.000,2027-09-12 00:00:00.000,ref:ZZLkpNqfLevel:ZZNqfLevel:2;ref:ZZLkpQualityAssuranceBody:ZZQualityAssuranceBody:57;ref:ZZLkpLearningType:ZZLearningType:3;ref:ZZLkpModuleType:ZZModuleType:1
*,375,Y,"671208-001-01-00- KM-01",Workplace Fundamentals,9,2020-05-28 00:00:00.000,2025-05-28 00:00:00.000,2026-05-28 00:00:00.000,2029-05-28 00:00:00.000,ref:ZZLkpNqfLevel:ZZNqfLevel:2;ref:ZZLkpQualityAssuranceBody:ZZQualityAssuranceBody:57;ref:ZZLkpLearningType:ZZLearningType:2;ref:ZZLkpModuleType:ZZModuleType:1
*,376,Y,"671208-001-01-00- KM-02","Concepts of Occupational Health, Safety and Quality",6,2020-05-28 00:00:00.000,2025-05-28 00:00:00.000,2026-05-28 00:00:00.000,2029-05-28 00:00:00.000,ref:ZZLkpNqfLevel:ZZNqfLevel:2;ref:ZZLkpQualityAssuranceBody:ZZQualityAssuranceBody:57;ref:ZZLkpLearningType:ZZLearningType:2;ref:ZZLkpModuleType:ZZModuleType:1
*,377,Y,"671208-001-01-00- KM-03",Foundational Concepts for Automotive Electricians,12,2020-05-28 00:00:00.000,2025-05-28 00:00:00.000,2026-05-28 00:00:00.000,2029-05-28 00:00:00.000,ref:ZZLkpNqfLevel:ZZNqfLevel:2;ref:ZZLkpQualityAssuranceBody:ZZQualityAssuranceBody:57;ref:ZZLkpLearningType:ZZLearningType:2;ref:ZZLkpModuleType:ZZModuleType:1
*,378,Y,"671208-001-01-00- KM-04",Automotive Mechanical Technology,12,2020-05-28 00:00:00.000,2025-05-28 00:00:00.000,2026-05-28 00:00:00.000,2029-05-28 00:00:00.000,ref:ZZLkpNqfLevel:ZZNqfLevel:2;ref:ZZLkpQualityAssuranceBody:ZZQualityAssuranceBody:57;ref:ZZLkpLearningType:ZZLearningType:2;ref:ZZLkpModuleType:ZZModuleType:1
*,379,Y,"671208-001-01-00- KM-05",Theory and Principles of Electricity,6,2020-05-28 00:00:00.000,2025-05-28 00:00:00.000,2026-05-28 00:00:00.000,2029-05-28 00:00:00.000,ref:ZZLkpNqfLevel:ZZNqfLevel:2;ref:ZZLkpQualityAssuranceBody:ZZQualityAssuranceBody:57;ref:ZZLkpLearningType:ZZLearningType:2;ref:ZZLkpModuleType:ZZModuleType:1
*,380,Y,"671208-001-01-00- KM-06",Automotive Battery Systems,2,2020-05-28 00:00:00.000,2025-05-28 00:00:00.000,2026-05-28 00:00:00.000,2029-05-28 00:00:00.000,ref:ZZLkpNqfLevel:ZZNqfLevel:2;ref:ZZLkpQualityAssuranceBody:ZZQualityAssuranceBody:57;ref:ZZLkpLearningType:ZZLearningType:2;ref:ZZLkpModuleType:ZZModuleType:1
*,381,Y,"671208-001-01-00- KM-07",Vehicle Servicing in an Auto- electrical Environment,6,2020-05-28 00:00:00.000,2025-05-28 00:00:00.000,2026-05-28 00:00:00.000,2029-05-28 00:00:00.000,ref:ZZLkpNqfLevel:ZZNqfLevel:2;ref:ZZLkpQualityAssuranceBody:ZZQualityAssuranceBody:57;ref:ZZLkpLearningType:ZZLearningType:2;ref:ZZLkpModuleType:ZZModuleType:1
*,382,Y,"671208-001-01-00- KM-08","Electrical, Auto-electrical and Electronics in Automotive Vehicles",12,2020-05-28 00:00:00.000,2025-05-28 00:00:00.000,2026-05-28 00:00:00.000,2029-05-28 00:00:00.000,ref:ZZLkpNqfLevel:ZZNqfLevel:3;ref:ZZLkpQualityAssuranceBody:ZZQualityAssuranceBody:57;ref:ZZLkpLearningType:ZZLearningType:2;ref:ZZLkpModuleType:ZZModuleType:1
*,383,Y,"671208-001-01-00- KM-09",Aftermarket Auto-electrical Systems,6,2020-05-28 00:00:00.000,2025-05-28 00:00:00.000,2026-05-28 00:00:00.000,2029-05-28 00:00:00.000,ref:ZZLkpNqfLevel:ZZNqfLevel:3;ref:ZZLkpQualityAssuranceBody:ZZQualityAssuranceBody:57;ref:ZZLkpLearningType:ZZLearningType:2;ref:ZZLkpModuleType:ZZModuleType:1
*,384,Y,"671208-001-01-00- KM-10",Conventional Charging and Starting Systems,6,2020-05-28 00:00:00.000,2025-05-28 00:00:00.000,2026-05-28 00:00:00.000,2029-05-28 00:00:00.000,ref:ZZLkpNqfLevel:ZZNqfLevel:4;ref:ZZLkpQualityAssuranceBody:ZZQualityAssuranceBody:57;ref:ZZLkpLearningType:ZZLearningType:2;ref:ZZLkpModuleType:ZZModuleType:1
*,385,Y,"671208-001-01-00- KM-11",Conventional and Basic Electronic Ignition Systems,3,2020-05-28 00:00:00.000,2025-05-28 00:00:00.000,2026-05-28 00:00:00.000,2029-05-28 00:00:00.000,ref:ZZLkpNqfLevel:ZZNqfLevel:4;ref:ZZLkpQualityAssuranceBody:ZZQualityAssuranceBody:57;ref:ZZLkpLearningType:ZZLearningType:2;ref:ZZLkpModuleType:ZZModuleType:1
*,386,Y,"671208-001-01-00- KM-12",Integrated Engine Management (Fuel injection and Ignition) Systems,10,2020-05-28 00:00:00.000,2025-05-28 00:00:00.000,2026-05-28 00:00:00.000,2029-05-28 00:00:00.000,ref:ZZLkpNqfLevel:ZZNqfLevel:4;ref:ZZLkpQualityAssuranceBody:ZZQualityAssuranceBody:57;ref:ZZLkpLearningType:ZZLearningType:2;ref:ZZLkpModuleType:ZZModuleType:1
*,387,Y,"671208-001-01-00- KM-13",Networking and Data Transfer Systems,4,2020-05-28 00:00:00.000,2025-05-28 00:00:00.000,2026-05-28 00:00:00.000,2029-05-28 00:00:00.000,ref:ZZLkpNqfLevel:ZZNqfLevel:4;ref:ZZLkpQualityAssuranceBody:ZZQualityAssuranceBody:57;ref:ZZLkpLearningType:ZZLearningType:2;ref:ZZLkpModuleType:ZZModuleType:1
*,388,Y,"671208-001-01-00- KM-14",Supplemental Restraint Systems (SRS),3,2020-05-28 00:00:00.000,2025-05-28 00:00:00.000,2026-05-28 00:00:00.000,2029-05-28 00:00:00.000,ref:ZZLkpNqfLevel:ZZNqfLevel:4;ref:ZZLkpQualityAssuranceBody:ZZQualityAssuranceBody:57;ref:ZZLkpLearningType:ZZLearningType:2;ref:ZZLkpModuleType:ZZModuleType:1
*,389,Y,"671208-001-01-00- KM-15",Alternative Drives/Hybrid and Electric Vehicles,6,2020-05-28 00:00:00.000,2025-05-28 00:00:00.000,2026-05-28 00:00:00.000,2029-05-28 00:00:00.000,ref:ZZLkpNqfLevel:ZZNqfLevel:4;ref:ZZLkpQualityAssuranceBody:ZZQualityAssuranceBody:57;ref:ZZLkpLearningType:ZZLearningType:2;ref:ZZLkpModuleType:ZZModuleType:1
*,390,Y,"671208-001-01-00- KM-16","Heating, Ventilation and Air-conditioning (HVAC) and Climate Control Systems",6,2020-05-28 00:00:00.000,2025-05-28 00:00:00.000,2026-05-28 00:00:00.000,2029-05-28 00:00:00.000,ref:ZZLkpNqfLevel:ZZNqfLevel:4;ref:ZZLkpQualityAssuranceBody:ZZQualityAssuranceBody:57;ref:ZZLkpLearningType:ZZLearningType:2;ref:ZZLkpModuleType:ZZModuleType:1
*,391,Y,"671208-001-01-00- KM-17","Convenience, Security and Telematics Systems",7,2020-05-28 00:00:00.000,2025-05-28 00:00:00.000,2026-05-28 00:00:00.000,2029-05-28 00:00:00.000,ref:ZZLkpNqfLevel:ZZNqfLevel:4;ref:ZZLkpQualityAssuranceBody:ZZQualityAssuranceBody:57;ref:ZZLkpLearningType:ZZLearningType:2;ref:ZZLkpModuleType:ZZModuleType:1
*,392,Y,"671208-001-01-00- KM-18","Vehicle Stability, Traction and Drive Control (VSTDC), Transmission, Braking, and Advanced Driver Assistance Systems",5,2020-05-28 00:00:00.000,2025-05-28 00:00:00.000,2026-05-28 00:00:00.000,2029-05-28 00:00:00.000,ref:ZZLkpNqfLevel:ZZNqfLevel:4;ref:ZZLkpQualityAssuranceBody:ZZQualityAssuranceBody:57;ref:ZZLkpLearningType:ZZLearningType:2;ref:ZZLkpModuleType:ZZModuleType:1
*,393,Y,"671208-001-01-00- KM-19",Auto-electrical Systems,5,2020-05-28 00:00:00.000,2025-05-28 00:00:00.000,2026-05-28 00:00:00.000,2029-05-28 00:00:00.000,ref:ZZLkpNqfLevel:ZZNqfLevel:4;ref:ZZLkpQualityAssuranceBody:ZZQualityAssuranceBody:57;ref:ZZLkpLearningType:ZZLearningType:2;ref:ZZLkpModuleType:ZZModuleType:1
*,394,Y,"671208-001-01-00- PM-01",Work Safely and Respond to Emergencies,2,2020-05-28 00:00:00.000,2025-05-28 00:00:00.000,2026-05-28 00:00:00.000,2029-05-28 00:00:00.000,ref:ZZLkpNqfLevel:ZZNqfLevel:2;ref:ZZLkpQualityAssuranceBody:ZZQualityAssuranceBody:57;ref:ZZLkpLearningType:ZZLearningType:1;ref:ZZLkpModuleType:ZZModuleType:1
*,395,Y,"671208-001-01-00- PM-02",Use Tools and Equipment,20,2020-05-28 00:00:00.000,2025-05-28 00:00:00.000,2026-05-28 00:00:00.000,2029-05-28 00:00:00.000,ref:ZZLkpNqfLevel:ZZNqfLevel:2;ref:ZZLkpQualityAssuranceBody:ZZQualityAssuranceBody:57;ref:ZZLkpLearningType:ZZLearningType:1;ref:ZZLkpModuleType:ZZModuleType:1
*,396,Y,"671208-001-01-00- PM-03",Build and Conduct Fault-finding Activities on Auto-Electrical Circuits,9,2020-05-28 00:00:00.000,2025-05-28 00:00:00.000,2026-05-28 00:00:00.000,2029-05-28 00:00:00.000,ref:ZZLkpNqfLevel:ZZNqfLevel:2;ref:ZZLkpQualityAssuranceBody:ZZQualityAssuranceBody:57;ref:ZZLkpLearningType:ZZLearningType:1;ref:ZZLkpModuleType:ZZModuleType:1
*,397,Y,"671208-001-01-00- PM-04","Test, Diagnose, Replace and Service Automotive Batteries and related Components",8,2020-05-28 00:00:00.000,2025-05-28 00:00:00.000,2026-05-28 00:00:00.000,2029-05-28 00:00:00.000,ref:ZZLkpNqfLevel:ZZNqfLevel:2;ref:ZZLkpQualityAssuranceBody:ZZQualityAssuranceBody:57;ref:ZZLkpLearningType:ZZLearningType:1;ref:ZZLkpModuleType:ZZModuleType:1
*,398,Y,"671208-001-01-00- PM-05",Service and Maintain Automotive Vehicles in an Auto-Electrical Environment,15,2020-05-28 00:00:00.000,2025-05-28 00:00:00.000,2026-05-28 00:00:00.000,2029-05-28 00:00:00.000,ref:ZZLkpNqfLevel:ZZNqfLevel:2;ref:ZZLkpQualityAssuranceBody:ZZQualityAssuranceBody:57;ref:ZZLkpLearningType:ZZLearningType:1;ref:ZZLkpModuleType:ZZModuleType:1
*,399,Y,"671208-001-01-00- PM-06",Remove and Replace Original and/or Aftermarket Auto-electrical Systems and/or Components,8,2020-05-28 00:00:00.000,2025-05-28 00:00:00.000,2026-05-28 00:00:00.000,2029-05-28 00:00:00.000,ref:ZZLkpNqfLevel:ZZNqfLevel:3;ref:ZZLkpQualityAssuranceBody:ZZQualityAssuranceBody:57;ref:ZZLkpLearningType:ZZLearningType:1;ref:ZZLkpModuleType:ZZModuleType:1
*,400,Y,"671208-001-01-00- PM-07","Test, Diagnose and Repair Conventional Starting and Charging Systems",8,2020-05-28 00:00:00.000,2025-05-28 00:00:00.000,2026-05-28 00:00:00.000,2029-05-28 00:00:00.000,ref:ZZLkpNqfLevel:ZZNqfLevel:4;ref:ZZLkpQualityAssuranceBody:ZZQualityAssuranceBody:57;ref:ZZLkpLearningType:ZZLearningType:1;ref:ZZLkpModuleType:ZZModuleType:1
*,401,Y,"671208-001-01-00- PM-08","Test, Diagnose and Repair Conventional and Basic Electronic Ignition Systems",12,2020-05-28 00:00:00.000,2025-05-28 00:00:00.000,2025-05-28 00:00:00.000,2029-05-28 00:00:00.000,ref:ZZLkpNqfLevel:ZZNqfLevel:4;ref:ZZLkpQualityAssuranceBody:ZZQualityAssuranceBody:57;ref:ZZLkpLearningType:ZZLearningType:1;ref:ZZLkpModuleType:ZZModuleType:1
*,402,Y,"671208-001-01-00- PM-09","Test, Diagnose and Repair Auto- electrical Systems",8,2020-05-28 00:00:00.000,2025-05-28 00:00:00.000,2026-05-28 00:00:00.000,2029-05-28 00:00:00.000,ref:ZZLkpNqfLevel:ZZNqfLevel:4;ref:ZZLkpQualityAssuranceBody:ZZQualityAssuranceBody:57;ref:ZZLkpLearningType:ZZLearningType:1;ref:ZZLkpModuleType:ZZModuleType:1
*,403,Y,"671208-001-01-00- PM-10","Test, Diagnose and Repair Integrated Engine Management (Fuel Injection and Ignition) Systems",8,2020-05-28 00:00:00.000,2025-05-28 00:00:00.000,2026-05-28 00:00:00.000,2029-05-28 00:00:00.000,ref:ZZLkpNqfLevel:ZZNqfLevel:4;ref:ZZLkpQualityAssuranceBody:ZZQualityAssuranceBody:57;ref:ZZLkpLearningType:ZZLearningType:1;ref:ZZLkpModuleType:ZZModuleType:1
*,404,Y,"671208-001-01-00- PM-11","Test, Diagnose and Repair Networking and Data Transfer Systems",8,2020-05-28 00:00:00.000,2025-05-28 00:00:00.000,2026-05-28 00:00:00.000,2029-05-28 00:00:00.000,ref:ZZLkpNqfLevel:ZZNqfLevel:4;ref:ZZLkpQualityAssuranceBody:ZZQualityAssuranceBody:57;ref:ZZLkpLearningType:ZZLearningType:1;ref:ZZLkpModuleType:ZZModuleType:1
*,405,Y,"671208-001-01-00- PM-12","Test, Diagnose and Repair Supplemental Restraint Systems (SRS)",8,2020-05-28 00:00:00.000,2025-05-28 00:00:00.000,2026-05-28 00:00:00.000,2029-05-28 00:00:00.000,ref:ZZLkpNqfLevel:ZZNqfLevel:4;ref:ZZLkpQualityAssuranceBody:ZZQualityAssuranceBody:57;ref:ZZLkpLearningType:ZZLearningType:1;ref:ZZLkpModuleType:ZZModuleType:1
*,406,Y,"671208-001-01-00- PM-13","Test, Diagnose and Repair Heating, Ventilation and Air-conditioning (HVAC) and Climate Control Systems",8,2020-05-28 00:00:00.000,2025-05-28 00:00:00.000,2026-05-28 00:00:00.000,2029-05-28 00:00:00.000,ref:ZZLkpNqfLevel:ZZNqfLevel:4;ref:ZZLkpQualityAssuranceBody:ZZQualityAssuranceBody:57;ref:ZZLkpLearningType:ZZLearningType:1;ref:ZZLkpModuleType:ZZModuleType:1
*,407,Y,"671208-001-01-00- PM-14","Test, Diagnose and Repair Convenience, Security and Telematics Systems",8,2020-05-28 00:00:00.000,2025-05-28 00:00:00.000,2026-05-28 00:00:00.000,2029-05-28 00:00:00.000,ref:ZZLkpNqfLevel:ZZNqfLevel:4;ref:ZZLkpQualityAssuranceBody:ZZQualityAssuranceBody:57;ref:ZZLkpLearningType:ZZLearningType:1;ref:ZZLkpModuleType:ZZModuleType:1
*,408,Y,"671208-001-01-00- PM-15","Test, Diagnose and Repair Vehicle Stability, Traction and Drive Control (VSTDC), ABS Braking, Transmission and Driver Assistance Systems",10,2020-05-28 00:00:00.000,2025-05-28 00:00:00.000,2026-05-28 00:00:00.000,2029-05-28 00:00:00.000,ref:ZZLkpNqfLevel:ZZNqfLevel:4;ref:ZZLkpQualityAssuranceBody:ZZQualityAssuranceBody:57;ref:ZZLkpLearningType:ZZLearningType:1;ref:ZZLkpModuleType:ZZModuleType:1
*,409,Y,"671208-001-01-00- WM-01","Processes for Testing, Diagnosing and Replacing Automotive Batteries and Battery System Components",16,2020-05-28 00:00:00.000,2025-05-28 00:00:00.000,2026-05-28 00:00:00.000,2029-05-28 00:00:00.000,ref:ZZLkpNqfLevel:ZZNqfLevel:2;ref:ZZLkpQualityAssuranceBody:ZZQualityAssuranceBody:57;ref:ZZLkpLearningType:ZZLearningType:3;ref:ZZLkpModuleType:ZZModuleType:1
*,410,Y,"671208-001-01-00- WM-02",Processes to Remove and Replace Original and/or Aftermarket Auto- electrical Systems and/or Components,28,2020-05-28 00:00:00.000,2025-05-28 00:00:00.000,2026-05-28 00:00:00.000,2029-05-28 00:00:00.000,ref:ZZLkpNqfLevel:ZZNqfLevel:3;ref:ZZLkpQualityAssuranceBody:ZZQualityAssuranceBody:57;ref:ZZLkpLearningType:ZZLearningType:3;ref:ZZLkpModuleType:ZZModuleType:1
*,411,Y,"671208-001-01-00- WM-03","Processes for Testing, Diagnosing and Repairing Conventional Charging and Starting Systems",28,2020-05-28 00:00:00.000,2025-05-28 00:00:00.000,2026-05-28 00:00:00.000,2029-05-28 00:00:00.000,ref:ZZLkpNqfLevel:ZZNqfLevel:4;ref:ZZLkpQualityAssuranceBody:ZZQualityAssuranceBody:57;ref:ZZLkpLearningType:ZZLearningType:3;ref:ZZLkpModuleType:ZZModuleType:1
*,412,Y,"671208-001-01-00- WM-04","Processes for Testing, Diagnosing and Repairing Auto-electrical Systems",24,2020-05-28 00:00:00.000,2025-05-28 00:00:00.000,2026-05-28 00:00:00.000,2029-05-28 00:00:00.000,ref:ZZLkpNqfLevel:ZZNqfLevel:4;ref:ZZLkpQualityAssuranceBody:ZZQualityAssuranceBody:57;ref:ZZLkpLearningType:ZZLearningType:3;ref:ZZLkpModuleType:ZZModuleType:1
*,413,Y,"671208-001-01-00- WM-05","Processes for Testing, Diagnosing and Repairing Integrated Engine Management (Fuel Injection and Ignition) Systems",36,2020-05-28 00:00:00.000,2025-05-28 00:00:00.000,2026-05-28 00:00:00.000,2029-05-28 00:00:00.000,ref:ZZLkpNqfLevel:ZZNqfLevel:4;ref:ZZLkpQualityAssuranceBody:ZZQualityAssuranceBody:57;ref:ZZLkpLearningType:ZZLearningType:3;ref:ZZLkpModuleType:ZZModuleType:1
*,414,Y,"671208-001-01-00- WM-06","Processes for Testing, Diagnosing and Repairing Networking and Data Transfer Systems",32,2020-05-28 00:00:00.000,2025-05-28 00:00:00.000,2026-05-28 00:00:00.000,2029-05-28 00:00:00.000,ref:ZZLkpNqfLevel:ZZNqfLevel:4;ref:ZZLkpQualityAssuranceBody:ZZQualityAssuranceBody:57;ref:ZZLkpLearningType:ZZLearningType:3;ref:ZZLkpModuleType:ZZModuleType:1
*,415,Y,"671208-001-01-00- WM-07","Processes for Testing, Diagnosing and Repairing Supplemental Restraint Systems (SRS)",28,2020-05-28 00:00:00.000,2025-05-28 00:00:00.000,2026-05-28 00:00:00.000,2029-05-28 00:00:00.000,ref:ZZLkpNqfLevel:ZZNqfLevel:4;ref:ZZLkpQualityAssuranceBody:ZZQualityAssuranceBody:57;ref:ZZLkpLearningType:ZZLearningType:3;ref:ZZLkpModuleType:ZZModuleType:1
*,416,Y,"671208-001-01-00- WM-08","Processes for Testing, Diagnosing and Repairing Heating, Ventilation and Air-conditioning (HVAC) and Climate Control Systems",28,2020-05-28 00:00:00.000,2025-05-28 00:00:00.000,2026-05-28 00:00:00.000,2029-05-28 00:00:00.000,ref:ZZLkpNqfLevel:ZZNqfLevel:4;ref:ZZLkpQualityAssuranceBody:ZZQualityAssuranceBody:57;ref:ZZLkpLearningType:ZZLearningType:3;ref:ZZLkpModuleType:ZZModuleType:1
*,417,Y,"671208-001-01-00- WM-09","Processes for Testing, Diagnosing and Repairing Convenience, Security and Telematics Systems",36,2020-05-28 00:00:00.000,2025-05-28 00:00:00.000,2026-05-28 00:00:00.000,2029-05-28 00:00:00.000,ref:ZZLkpNqfLevel:ZZNqfLevel:4;ref:ZZLkpQualityAssuranceBody:ZZQualityAssuranceBody:57;ref:ZZLkpLearningType:ZZLearningType:3;ref:ZZLkpModuleType:ZZModuleType:1
*,418,Y,"671208-000-00-00- WM-10","Processes for Testing, Diagnosing and Repairing Vehicle Stability, Traction and Drive Control (VSTDC)",32,2020-05-28 00:00:00.000,2025-05-28 00:00:00.000,2026-05-28 00:00:00.000,2029-05-28 00:00:00.000,ref:ZZLkpNqfLevel:ZZNqfLevel:4;ref:ZZLkpQualityAssuranceBody:ZZQualityAssuranceBody:57;ref:ZZLkpLearningType:ZZLearningType:3;ref:ZZLkpModuleType:ZZModuleType:1
*,419,Y,"311701003-KM-01",Emergency Preparedness for Mine Ventilation (001),11,2018-07-01 00:00:00.000,2026-12-30 00:00:00.000,2026-12-30 00:00:00.000,2029-12-30 00:00:00.000,ref:ZZLkpNqfLevel:ZZNqfLevel:3;ref:ZZLkpQualityAssuranceBody:ZZQualityAssuranceBody:57;ref:ZZLkpLearningType:ZZLearningType:2;ref:ZZLkpModuleType:ZZModuleType:1
*,420,Y,"311701003-KM-02",Mine and Mineral Legislation for Ventilation (001),6,2018-07-01 00:00:00.000,2026-12-30 00:00:00.000,2026-12-30 00:00:00.000,2029-12-30 00:00:00.000,ref:ZZLkpNqfLevel:ZZNqfLevel:3;ref:ZZLkpQualityAssuranceBody:ZZQualityAssuranceBody:57;ref:ZZLkpLearningType:ZZLearningType:2;ref:ZZLkpModuleType:ZZModuleType:1
*,421,Y,"311701003-KM-03",Mine Ventilation Engineering Practice (001),10,2018-07-01 00:00:00.000,2026-12-30 00:00:00.000,2026-12-30 00:00:00.000,2029-12-30 00:00:00.000,ref:ZZLkpNqfLevel:ZZNqfLevel:3;ref:ZZLkpQualityAssuranceBody:ZZQualityAssuranceBody:57;ref:ZZLkpLearningType:ZZLearningType:2;ref:ZZLkpModuleType:ZZModuleType:1
*,422,Y,"311701003-KM-04",Occupational Hygiene Practice (001),13,2018-07-01 00:00:00.000,2026-12-30 00:00:00.000,2026-12-30 00:00:00.000,2029-12-30 00:00:00.000,ref:ZZLkpNqfLevel:ZZNqfLevel:3;ref:ZZLkpQualityAssuranceBody:ZZQualityAssuranceBody:57;ref:ZZLkpLearningType:ZZLearningType:2;ref:ZZLkpModuleType:ZZModuleType:1
*,423,Y,"311701003-PM-01","Select, check, use and maintain ventilation and occupational hygiene measurement instruments",16,2018-07-01 00:00:00.000,2026-12-30 00:00:00.000,2026-12-30 00:00:00.000,2029-12-30 00:00:00.000,ref:ZZLkpNqfLevel:ZZNqfLevel:3;ref:ZZLkpQualityAssuranceBody:ZZQualityAssuranceBody:57;ref:ZZLkpLearningType:ZZLearningType:1;ref:ZZLkpModuleType:ZZModuleType:1
*,424,Y,"311701003-PM-02",Compile mine occupational environmental condition reports,8,2018-07-01 00:00:00.000,2026-12-30 00:00:00.000,2026-12-30 00:00:00.000,2029-12-30 00:00:00.000,ref:ZZLkpNqfLevel:ZZNqfLevel:3;ref:ZZLkpQualityAssuranceBody:ZZQualityAssuranceBody:57;ref:ZZLkpLearningType:ZZLearningType:1;ref:ZZLkpModuleType:ZZModuleType:1
*,425,Y,"311701003-PM-03",Inform workers and management regarding sub standard mine occupational environmental conditions,8,2018-07-01 00:00:00.000,2026-12-30 00:00:00.000,2026-12-30 00:00:00.000,2029-12-30 00:00:00.000,ref:ZZLkpNqfLevel:ZZNqfLevel:3;ref:ZZLkpQualityAssuranceBody:ZZQualityAssuranceBody:57;ref:ZZLkpLearningType:ZZLearningType:1;ref:ZZLkpModuleType:ZZModuleType:1
*,426,Y,"311701003-WM-01",Exposure to the taking and recording of mine occupational environmental measurements,40,2018-07-01 00:00:00.000,2026-12-30 00:00:00.000,2026-12-30 00:00:00.000,2029-12-30 00:00:00.000,ref:ZZLkpNqfLevel:ZZNqfLevel:3;ref:ZZLkpQualityAssuranceBody:ZZQualityAssuranceBody:57;ref:ZZLkpLearningType:ZZLearningType:3;ref:ZZLkpModuleType:ZZModuleType:1
*,427,Y,"311701003-WM-02",Exposure to the mining process relevant to the specific mining process being practiced on the mine,25,2018-07-01 00:00:00.000,2026-12-30 00:00:00.000,2026-12-30 00:00:00.000,2029-12-30 00:00:00.000,ref:ZZLkpNqfLevel:ZZNqfLevel:3;ref:ZZLkpQualityAssuranceBody:ZZQualityAssuranceBody:57;ref:ZZLkpLearningType:ZZLearningType:3;ref:ZZLkpModuleType:ZZModuleType:1
*,428,Y,"311701004-KM-01",Emergency Preparedness (VENT) (II),6,2018-07-01 00:00:00.000,2026-12-30 00:00:00.000,2026-12-30 00:00:00.000,2029-12-30 00:00:00.000,ref:ZZLkpNqfLevel:ZZNqfLevel:4;ref:ZZLkpQualityAssuranceBody:ZZQualityAssuranceBody:57;ref:ZZLkpLearningType:ZZLearningType:2;ref:ZZLkpModuleType:ZZModuleType:1
*,429,Y,"311701004-KM-02",Mine Ventilation Engineering Practice (VENT) (II),24,2018-07-01 00:00:00.000,2026-12-30 00:00:00.000,2026-12-30 00:00:00.000,2029-12-30 00:00:00.000,ref:ZZLkpNqfLevel:ZZNqfLevel:4;ref:ZZLkpQualityAssuranceBody:ZZQualityAssuranceBody:57;ref:ZZLkpLearningType:ZZLearningType:2;ref:ZZLkpModuleType:ZZModuleType:1
*,430,Y,"311701004-KM-03",Mines and Minerals Legislative Requirements,12,2018-07-01 00:00:00.000,2026-12-30 00:00:00.000,2026-12-30 00:00:00.000,2029-12-30 00:00:00.000,ref:ZZLkpNqfLevel:ZZNqfLevel:4;ref:ZZLkpQualityAssuranceBody:ZZQualityAssuranceBody:57;ref:ZZLkpLearningType:ZZLearningType:2;ref:ZZLkpModuleType:ZZModuleType:1
*,431,Y,"311701004-KM-04",Occupational Hygiene Practice (VENT) (II),6,2018-07-01 00:00:00.000,2026-12-30 00:00:00.000,2026-12-30 00:00:00.000,2029-12-30 00:00:00.000,ref:ZZLkpNqfLevel:ZZNqfLevel:4;ref:ZZLkpQualityAssuranceBody:ZZQualityAssuranceBody:57;ref:ZZLkpLearningType:ZZLearningType:2;ref:ZZLkpModuleType:ZZModuleType:1
*,432,Y,"311701004-KM-05",Operations Management and Supervision (VENT) (II),13,2018-07-01 00:00:00.000,2026-12-30 00:00:00.000,2026-12-30 00:00:00.000,2029-12-30 00:00:00.000,ref:ZZLkpNqfLevel:ZZNqfLevel:4;ref:ZZLkpQualityAssuranceBody:ZZQualityAssuranceBody:57;ref:ZZLkpLearningType:ZZLearningType:2;ref:ZZLkpModuleType:ZZModuleType:1
*,433,Y,"311701004-PM-01",Design basic ventilation layouts and assist with the design of complex ventilation layouts,14,2018-07-01 00:00:00.000,2026-12-30 00:00:00.000,2026-12-30 00:00:00.000,2029-12-30 00:00:00.000,ref:ZZLkpNqfLevel:ZZNqfLevel:4;ref:ZZLkpQualityAssuranceBody:ZZQualityAssuranceBody:57;ref:ZZLkpLearningType:ZZLearningType:1;ref:ZZLkpModuleType:ZZModuleType:1
*,434,Y,"311701004-PM-02",Measure and test the effectiveness of the ventilation system,8,2018-07-01 00:00:00.000,2026-12-30 00:00:00.000,2026-12-30 00:00:00.000,2029-12-30 00:00:00.000,ref:ZZLkpNqfLevel:ZZNqfLevel:4;ref:ZZLkpQualityAssuranceBody:ZZQualityAssuranceBody:57;ref:ZZLkpLearningType:ZZLearningType:1;ref:ZZLkpModuleType:ZZModuleType:1
*,435,Y,"311701004-PM-03",Make recommendations regarding Mine Ventilation and Occupational Hygiene issues,6,2018-07-01 00:00:00.000,2026-12-30 00:00:00.000,2026-12-30 00:00:00.000,2029-12-30 00:00:00.000,ref:ZZLkpNqfLevel:ZZNqfLevel:4;ref:ZZLkpQualityAssuranceBody:ZZQualityAssuranceBody:57;ref:ZZLkpLearningType:ZZLearningType:1;ref:ZZLkpModuleType:ZZModuleType:1
*,436,Y,"311701004-PM-04",Implement and review mine ventilation and occupational hygiene standards,6,2018-07-01 00:00:00.000,2026-12-30 00:00:00.000,2026-12-30 00:00:00.000,2029-12-30 00:00:00.000,ref:ZZLkpNqfLevel:ZZNqfLevel:4;ref:ZZLkpQualityAssuranceBody:ZZQualityAssuranceBody:57;ref:ZZLkpLearningType:ZZLearningType:1;ref:ZZLkpModuleType:ZZModuleType:1
*,437,Y,"311701004-PM-05",Execute performance management for a team of Ventilation Observers,6,2018-07-01 00:00:00.000,2026-12-30 00:00:00.000,2026-12-30 00:00:00.000,2029-12-30 00:00:00.000,ref:ZZLkpNqfLevel:ZZNqfLevel:4;ref:ZZLkpQualityAssuranceBody:ZZQualityAssuranceBody:57;ref:ZZLkpLearningType:ZZLearningType:1;ref:ZZLkpModuleType:ZZModuleType:1
*,438,Y,"311701004-PM-06",Oversee the compilation and submission of mine ventilation reports for a designated area of the mine,6,2018-07-01 00:00:00.000,2026-12-30 00:00:00.000,2026-12-30 00:00:00.000,2029-12-30 00:00:00.000,ref:ZZLkpNqfLevel:ZZNqfLevel:4;ref:ZZLkpQualityAssuranceBody:ZZQualityAssuranceBody:57;ref:ZZLkpLearningType:ZZLearningType:1;ref:ZZLkpModuleType:ZZModuleType:1
*,439,Y,"311701004-PM-07","Measure, record and report the effectiveness of the refrigeration plant and accessories (bulk air cooler, cooling cars and heat exchangers)",6,2018-07-01 00:00:00.000,2026-12-30 00:00:00.000,2026-12-30 00:00:00.000,2029-12-30 00:00:00.000,ref:ZZLkpNqfLevel:ZZNqfLevel:4;ref:ZZLkpQualityAssuranceBody:ZZQualityAssuranceBody:57;ref:ZZLkpLearningType:ZZLearningType:1;ref:ZZLkpModuleType:ZZModuleType:1
*,440,Y,"311701004-WM-01",Exposure to the processes for designing and implementing mine ventilation systems,18,2018-07-01 00:00:00.000,2026-12-30 00:00:00.000,2026-12-30 00:00:00.000,2029-12-30 00:00:00.000,ref:ZZLkpNqfLevel:ZZNqfLevel:4;ref:ZZLkpQualityAssuranceBody:ZZQualityAssuranceBody:57;ref:ZZLkpLearningType:ZZLearningType:3;ref:ZZLkpModuleType:ZZModuleType:1
*,441,Y,"311701004-WM-02",Exposure to occupational hygiene sampling strategies and schedules,21,2018-07-01 00:00:00.000,2026-12-30 00:00:00.000,2026-12-30 00:00:00.000,2029-12-30 00:00:00.000,ref:ZZLkpNqfLevel:ZZNqfLevel:4;ref:ZZLkpQualityAssuranceBody:ZZQualityAssuranceBody:57;ref:ZZLkpLearningType:ZZLearningType:3;ref:ZZLkpModuleType:ZZModuleType:1
*,442,Y,"311701004-WM-03",Exposure to the processes of conducting air balances of shafts,6,2018-07-01 00:00:00.000,2026-12-30 00:00:00.000,2026-12-30 00:00:00.000,2029-12-30 00:00:00.000,ref:ZZLkpNqfLevel:ZZNqfLevel:4;ref:ZZLkpQualityAssuranceBody:ZZQualityAssuranceBody:57;ref:ZZLkpLearningType:ZZLearningType:3;ref:ZZLkpModuleType:ZZModuleType:1
*,443,Y,"311701004-WM-04",Exposure to mine ventilation and occupational hygiene projects,26,2018-07-01 00:00:00.000,2026-12-30 00:00:00.000,2026-12-30 00:00:00.000,2029-12-30 00:00:00.000,ref:ZZLkpNqfLevel:ZZNqfLevel:4;ref:ZZLkpQualityAssuranceBody:ZZQualityAssuranceBody:57;ref:ZZLkpLearningType:ZZLearningType:3;ref:ZZLkpModuleType:ZZModuleType:1
*,444,Y,"311701004-WM-05",Exposure to the processes for reviewing mine ventilation and occupational hygiene standards,6,2018-07-01 00:00:00.000,2026-12-30 00:00:00.000,2026-12-30 00:00:00.000,2029-12-30 00:00:00.000,ref:ZZLkpNqfLevel:ZZNqfLevel:4;ref:ZZLkpQualityAssuranceBody:ZZQualityAssuranceBody:57;ref:ZZLkpLearningType:ZZLearningType:3;ref:ZZLkpModuleType:ZZModuleType:1
*,445,Y,"311701004-WM-06",Exposure to the emergency preparedness and response processes,6,2018-07-01 00:00:00.000,2026-12-30 00:00:00.000,2026-12-30 00:00:00.000,2029-12-30 00:00:00.000,ref:ZZLkpNqfLevel:ZZNqfLevel:4;ref:ZZLkpQualityAssuranceBody:ZZQualityAssuranceBody:57;ref:ZZLkpLearningType:ZZLearningType:3;ref:ZZLkpModuleType:ZZModuleType:1
*,446,Y,"311701004-WM-07",Exposure to the internal and external Mine Ventilation and Occupational Hygiene audit processes,6,2018-07-01 00:00:00.000,2026-12-30 00:00:00.000,2026-12-30 00:00:00.000,2029-12-30 00:00:00.000,ref:ZZLkpNqfLevel:ZZNqfLevel:4;ref:ZZLkpQualityAssuranceBody:ZZQualityAssuranceBody:57;ref:ZZLkpLearningType:ZZLearningType:3;ref:ZZLkpModuleType:ZZModuleType:1
*,447,Y,"311701004-WM-08",Exposure to the processes of evaluating the effectiveness and accuracy of environmental monitoring systems,6,2018-07-01 00:00:00.000,2026-12-30 00:00:00.000,2026-12-30 00:00:00.000,2029-12-30 00:00:00.000,ref:ZZLkpNqfLevel:ZZNqfLevel:4;ref:ZZLkpQualityAssuranceBody:ZZQualityAssuranceBody:57;ref:ZZLkpLearningType:ZZLearningType:3;ref:ZZLkpModuleType:ZZModuleType:1
*,448,Y,"311701004-WM-09",Exposure to the conducting of surveys on secondary cooling installations,6,2018-07-01 00:00:00.000,2026-12-30 00:00:00.000,2026-12-30 00:00:00.000,2029-12-30 00:00:00.000,ref:ZZLkpNqfLevel:ZZNqfLevel:4;ref:ZZLkpQualityAssuranceBody:ZZQualityAssuranceBody:57;ref:ZZLkpLearningType:ZZLearningType:3;ref:ZZLkpModuleType:ZZModuleType:1
*,449,Y,"311704001-KM-01",Workplace fundamentals,6,2018-07-01 00:00:00.000,2025-12-30 00:00:00.000,2026-12-30 00:00:00.000,2029-12-30 00:00:00.000,ref:ZZLkpNqfLevel:ZZNqfLevel:2;ref:ZZLkpQualityAssuranceBody:ZZQualityAssuranceBody:57;ref:ZZLkpLearningType:ZZLearningType:2;ref:ZZLkpModuleType:ZZModuleType:1
*,450,Y,"311704001-KM-02","Safety, health and the environment",8,2018-07-01 00:00:00.000,2025-12-30 00:00:00.000,2026-12-30 00:00:00.000,2029-12-30 00:00:00.000,ref:ZZLkpNqfLevel:ZZNqfLevel:2;ref:ZZLkpQualityAssuranceBody:ZZQualityAssuranceBody:57;ref:ZZLkpLearningType:ZZLearningType:2;ref:ZZLkpModuleType:ZZModuleType:1
*,451,Y,"311704001-KM-03",Mines and mining operations,4,2018-07-01 00:00:00.000,2025-12-30 00:00:00.000,2026-12-30 00:00:00.000,2029-12-30 00:00:00.000,ref:ZZLkpNqfLevel:ZZNqfLevel:2;ref:ZZLkpQualityAssuranceBody:ZZQualityAssuranceBody:57;ref:ZZLkpLearningType:ZZLearningType:2;ref:ZZLkpModuleType:ZZModuleType:1
*,452,Y,"311704001",Geology,40,2018-07-01 00:00:00.000,2025-12-30 00:00:00.000,2026-12-30 00:00:00.000,2029-12-30 00:00:00.000,ref:ZZLkpNqfLevel:ZZNqfLevel:2;ref:ZZLkpQualityAssuranceBody:ZZQualityAssuranceBody:57;ref:ZZLkpLearningType:ZZLearningType:2;ref:ZZLkpModuleType:ZZModuleType:1
*,453,Y,"311704001-KM-05",Work team supervision,4,2018-07-01 00:00:00.000,2025-12-30 00:00:00.000,2026-12-30 00:00:00.000,2029-12-30 00:00:00.000,ref:ZZLkpNqfLevel:ZZNqfLevel:3;ref:ZZLkpQualityAssuranceBody:ZZQualityAssuranceBody:57;ref:ZZLkpLearningType:ZZLearningType:2;ref:ZZLkpModuleType:ZZModuleType:1
*,454,Y,"311704001-KM-06",Geology,84,2018-07-01 00:00:00.000,2025-12-30 00:00:00.000,2026-12-30 00:00:00.000,2029-12-30 00:00:00.000,ref:ZZLkpNqfLevel:ZZNqfLevel:4;ref:ZZLkpQualityAssuranceBody:ZZQualityAssuranceBody:57;ref:ZZLkpLearningType:ZZLearningType:2;ref:ZZLkpModuleType:ZZModuleType:1
*,455,Y,"311704001-PM-01",Work safely and respond to underground mining emergencies,4,2018-07-01 00:00:00.000,2025-12-30 00:00:00.000,2026-12-30 00:00:00.000,2029-12-30 00:00:00.000,ref:ZZLkpNqfLevel:ZZNqfLevel:2;ref:ZZLkpQualityAssuranceBody:ZZQualityAssuranceBody:57;ref:ZZLkpLearningType:ZZLearningType:1;ref:ZZLkpModuleType:ZZModuleType:1
*,456,Y,"311704001-PM-02",Perform underground mining sampling activities,20,2018-07-01 00:00:00.000,2025-12-30 00:00:00.000,2026-12-30 00:00:00.000,2029-12-30 00:00:00.000,ref:ZZLkpNqfLevel:ZZNqfLevel:2;ref:ZZLkpQualityAssuranceBody:ZZQualityAssuranceBody:57;ref:ZZLkpLearningType:ZZLearningType:1;ref:ZZLkpModuleType:ZZModuleType:1
*,457,Y,"311704001-PM-03",Collect underground mining geological data,20,2018-07-01 00:00:00.000,2025-12-30 00:00:00.000,2026-12-30 00:00:00.000,2029-12-30 00:00:00.000,ref:ZZLkpNqfLevel:ZZNqfLevel:2;ref:ZZLkpQualityAssuranceBody:ZZQualityAssuranceBody:57;ref:ZZLkpLearningType:ZZLearningType:1;ref:ZZLkpModuleType:ZZModuleType:1
*,458,Y,"311704001-PM-04",Supervise the work team,12,2018-07-01 00:00:00.000,2025-12-30 00:00:00.000,2026-12-30 00:00:00.000,2029-12-30 00:00:00.000,ref:ZZLkpNqfLevel:ZZNqfLevel:3;ref:ZZLkpQualityAssuranceBody:ZZQualityAssuranceBody:57;ref:ZZLkpLearningType:ZZLearningType:1;ref:ZZLkpModuleType:ZZModuleType:1
*,459,Y,"311704001-PM-05",Collect underground mining geological data,48,2018-07-01 00:00:00.000,2025-12-30 00:00:00.000,2026-12-30 00:00:00.000,2029-12-30 00:00:00.000,ref:ZZLkpNqfLevel:ZZNqfLevel:4;ref:ZZLkpQualityAssuranceBody:ZZQualityAssuranceBody:57;ref:ZZLkpLearningType:ZZLearningType:1;ref:ZZLkpModuleType:ZZModuleType:1
*,460,Y,"311704001-PM-06",Process geological data,72,2018-07-01 00:00:00.000,2025-12-30 00:00:00.000,2026-12-30 00:00:00.000,2029-12-30 00:00:00.000,ref:ZZLkpNqfLevel:ZZNqfLevel:4;ref:ZZLkpQualityAssuranceBody:ZZQualityAssuranceBody:57;ref:ZZLkpLearningType:ZZLearningType:1;ref:ZZLkpModuleType:ZZModuleType:1
*,461,Y,"311704001-WM-01",Underground mining geological operations,98,2018-07-01 00:00:00.000,2025-12-30 00:00:00.000,2026-12-30 00:00:00.000,2029-12-30 00:00:00.000,ref:ZZLkpNqfLevel:ZZNqfLevel:2;ref:ZZLkpQualityAssuranceBody:ZZQualityAssuranceBody:57;ref:ZZLkpLearningType:ZZLearningType:3;ref:ZZLkpModuleType:ZZModuleType:1
*,462,Y,"311704001-WM-02",Underground mining geological operations,120,2018-07-01 00:00:00.000,2025-12-30 00:00:00.000,2026-12-30 00:00:00.000,2029-12-30 00:00:00.000,ref:ZZLkpNqfLevel:ZZNqfLevel:4;ref:ZZLkpQualityAssuranceBody:ZZQualityAssuranceBody:57;ref:ZZLkpLearningType:ZZLearningType:3;ref:ZZLkpModuleType:ZZModuleType:1
*,463,Y,"311704001-KM-04",Geology,40,2018-07-01 00:00:00.000,2025-12-30 00:00:00.000,2026-12-30 00:00:00.000,2029-12-30 00:00:00.000,ref:ZZLkpNqfLevel:ZZNqfLevel:2;ref:ZZLkpQualityAssuranceBody:ZZQualityAssuranceBody:57;ref:ZZLkpLearningType:ZZLearningType:2;ref:ZZLkpModuleType:ZZModuleType:1
*,464,Y,"311704003-KM-01",Workplace Fundamentals,6,2018-07-01 00:00:00.000,2025-12-30 00:00:00.000,2026-12-30 00:00:00.000,2029-12-30 00:00:00.000,ref:ZZLkpNqfLevel:ZZNqfLevel:2;ref:ZZLkpQualityAssuranceBody:ZZQualityAssuranceBody:57;ref:ZZLkpLearningType:ZZLearningType:2;ref:ZZLkpModuleType:ZZModuleType:1
*,465,Y,"311704003-KM-02","Safety, Health and the Environment",8,2018-07-01 00:00:00.000,2025-12-30 00:00:00.000,2026-12-30 00:00:00.000,2029-12-30 00:00:00.000,ref:ZZLkpNqfLevel:ZZNqfLevel:2;ref:ZZLkpQualityAssuranceBody:ZZQualityAssuranceBody:57;ref:ZZLkpLearningType:ZZLearningType:2;ref:ZZLkpModuleType:ZZModuleType:1
*,466,Y,"311704003-KM-03",Mines and Mining Operations,4,2018-07-01 00:00:00.000,2025-12-30 00:00:00.000,2026-12-30 00:00:00.000,2029-12-30 00:00:00.000,ref:ZZLkpNqfLevel:ZZNqfLevel:2;ref:ZZLkpQualityAssuranceBody:ZZQualityAssuranceBody:57;ref:ZZLkpLearningType:ZZLearningType:2;ref:ZZLkpModuleType:ZZModuleType:1
*,467,Y,"311704003-KM-04",Geology,36,2018-07-01 00:00:00.000,2025-12-30 00:00:00.000,2026-12-30 00:00:00.000,2029-12-30 00:00:00.000,ref:ZZLkpNqfLevel:ZZNqfLevel:2;ref:ZZLkpQualityAssuranceBody:ZZQualityAssuranceBody:57;ref:ZZLkpLearningType:ZZLearningType:2;ref:ZZLkpModuleType:ZZModuleType:1
*,468,Y,"311704003-KM-05",Teamwork,4,2018-07-01 00:00:00.000,2025-12-30 00:00:00.000,2026-12-30 00:00:00.000,2029-12-30 00:00:00.000,ref:ZZLkpNqfLevel:ZZNqfLevel:3;ref:ZZLkpQualityAssuranceBody:ZZQualityAssuranceBody:57;ref:ZZLkpLearningType:ZZLearningType:2;ref:ZZLkpModuleType:ZZModuleType:1
*,469,Y,"311704003-KM-06",Geology,68,2018-07-01 00:00:00.000,2025-12-30 00:00:00.000,2026-12-30 00:00:00.000,2029-12-30 00:00:00.000,ref:ZZLkpNqfLevel:ZZNqfLevel:4;ref:ZZLkpQualityAssuranceBody:ZZQualityAssuranceBody:57;ref:ZZLkpLearningType:ZZLearningType:2;ref:ZZLkpModuleType:ZZModuleType:1
*,470,Y,"311704003-PM-01",Work safely and respond to marine mining emergencies,24,2018-07-01 00:00:00.000,2025-12-30 00:00:00.000,2026-12-30 00:00:00.000,2029-12-30 00:00:00.000,ref:ZZLkpNqfLevel:ZZNqfLevel:3;ref:ZZLkpQualityAssuranceBody:ZZQualityAssuranceBody:57;ref:ZZLkpLearningType:ZZLearningType:1;ref:ZZLkpModuleType:ZZModuleType:1
*,471,Y,"311704003-PM-02",Monitor marine mining plant operations and collect geological data,32,2018-07-01 00:00:00.000,2025-12-30 00:00:00.000,2026-12-30 00:00:00.000,2029-12-30 00:00:00.000,ref:ZZLkpNqfLevel:ZZNqfLevel:4;ref:ZZLkpQualityAssuranceBody:ZZQualityAssuranceBody:57;ref:ZZLkpLearningType:ZZLearningType:1;ref:ZZLkpModuleType:ZZModuleType:1
*,472,Y,"311704003-PM-03",Process geological data,48,2018-07-01 00:00:00.000,2025-12-30 00:00:00.000,2026-12-30 00:00:00.000,2029-12-30 00:00:00.000,ref:ZZLkpNqfLevel:ZZNqfLevel:4;ref:ZZLkpQualityAssuranceBody:ZZQualityAssuranceBody:57;ref:ZZLkpLearningType:ZZLearningType:1;ref:ZZLkpModuleType:ZZModuleType:1
*,473,Y,"311704003-WM-01",Marine mining geological operations,48,2018-07-01 00:00:00.000,2025-12-30 00:00:00.000,2026-12-30 00:00:00.000,2029-12-30 00:00:00.000,ref:ZZLkpNqfLevel:ZZNqfLevel:2;ref:ZZLkpQualityAssuranceBody:ZZQualityAssuranceBody:57;ref:ZZLkpLearningType:ZZLearningType:3;ref:ZZLkpModuleType:ZZModuleType:1
*,474,Y,"311704003-WM-02",Marine mining geological operations,48,2018-07-01 00:00:00.000,2025-12-30 00:00:00.000,2026-12-30 00:00:00.000,2029-12-30 00:00:00.000,ref:ZZLkpNqfLevel:ZZNqfLevel:2;ref:ZZLkpQualityAssuranceBody:ZZQualityAssuranceBody:57;ref:ZZLkpLearningType:ZZLearningType:3;ref:ZZLkpModuleType:ZZModuleType:1
*,475,Y,"311704002-KM-01",Workplace fundamentals,6,2018-07-01 00:00:00.000,2025-12-30 00:00:00.000,2026-12-30 00:00:00.000,2029-12-30 00:00:00.000,ref:ZZLkpNqfLevel:ZZNqfLevel:2;ref:ZZLkpQualityAssuranceBody:ZZQualityAssuranceBody:57;ref:ZZLkpLearningType:ZZLearningType:2;ref:ZZLkpModuleType:ZZModuleType:1
*,476,Y,"311704002-KM-02","Safety, health and the environment",8,2018-07-01 00:00:00.000,2025-12-30 00:00:00.000,2026-12-30 00:00:00.000,2029-12-30 00:00:00.000,ref:ZZLkpNqfLevel:ZZNqfLevel:2;ref:ZZLkpQualityAssuranceBody:ZZQualityAssuranceBody:57;ref:ZZLkpLearningType:ZZLearningType:2;ref:ZZLkpModuleType:ZZModuleType:1
*,477,Y,"311704002-KM-03",Mines and mining operations,4,2018-07-01 00:00:00.000,2025-12-30 00:00:00.000,2026-12-30 00:00:00.000,2029-12-30 00:00:00.000,ref:ZZLkpNqfLevel:ZZNqfLevel:2;ref:ZZLkpQualityAssuranceBody:ZZQualityAssuranceBody:57;ref:ZZLkpLearningType:ZZLearningType:2;ref:ZZLkpModuleType:ZZModuleType:1
*,478,Y,"311704002-KM-04",Geology,40,2018-07-01 00:00:00.000,2025-12-30 00:00:00.000,2026-12-30 00:00:00.000,2029-12-30 00:00:00.000,ref:ZZLkpNqfLevel:ZZNqfLevel:2;ref:ZZLkpQualityAssuranceBody:ZZQualityAssuranceBody:57;ref:ZZLkpLearningType:ZZLearningType:2;ref:ZZLkpModuleType:ZZModuleType:1
*,479,Y,"311704002-KM-05",Work team supervision,4,2018-07-01 00:00:00.000,2025-12-30 00:00:00.000,2026-12-30 00:00:00.000,2029-12-30 00:00:00.000,ref:ZZLkpNqfLevel:ZZNqfLevel:3;ref:ZZLkpQualityAssuranceBody:ZZQualityAssuranceBody:57;ref:ZZLkpLearningType:ZZLearningType:2;ref:ZZLkpModuleType:ZZModuleType:1
*,480,Y,"311704002-KM-06",Geology,94,2018-07-01 00:00:00.000,2025-12-30 00:00:00.000,2026-12-30 00:00:00.000,2029-12-30 00:00:00.000,ref:ZZLkpNqfLevel:ZZNqfLevel:4;ref:ZZLkpQualityAssuranceBody:ZZQualityAssuranceBody:57;ref:ZZLkpLearningType:ZZLearningType:2;ref:ZZLkpModuleType:ZZModuleType:1
*,481,Y,"311704002-PM-01",Work safely and respond to surface mining emergencies,4,2018-07-01 00:00:00.000,2025-12-30 00:00:00.000,2026-12-30 00:00:00.000,2029-12-30 00:00:00.000,ref:ZZLkpNqfLevel:ZZNqfLevel:2;ref:ZZLkpQualityAssuranceBody:ZZQualityAssuranceBody:57;ref:ZZLkpLearningType:ZZLearningType:1;ref:ZZLkpModuleType:ZZModuleType:1
*,482,Y,"311704002-PM-02",Perform surface mining sampling activities,20,2018-07-01 00:00:00.000,2025-12-30 00:00:00.000,2026-12-30 00:00:00.000,2029-12-30 00:00:00.000,ref:ZZLkpNqfLevel:ZZNqfLevel:2;ref:ZZLkpQualityAssuranceBody:ZZQualityAssuranceBody:57;ref:ZZLkpLearningType:ZZLearningType:1;ref:ZZLkpModuleType:ZZModuleType:1
*,483,Y,"311704002-PM-03",Collect surface mining geological data,20,2018-07-01 00:00:00.000,2025-12-30 00:00:00.000,2026-12-30 00:00:00.000,2029-12-30 00:00:00.000,ref:ZZLkpNqfLevel:ZZNqfLevel:2;ref:ZZLkpQualityAssuranceBody:ZZQualityAssuranceBody:57;ref:ZZLkpLearningType:ZZLearningType:1;ref:ZZLkpModuleType:ZZModuleType:1
*,484,Y,"311704002-PM-04",Supervise the work team,24,2018-07-01 00:00:00.000,2025-12-30 00:00:00.000,2026-12-30 00:00:00.000,2029-12-30 00:00:00.000,ref:ZZLkpNqfLevel:ZZNqfLevel:3;ref:ZZLkpQualityAssuranceBody:ZZQualityAssuranceBody:57;ref:ZZLkpLearningType:ZZLearningType:1;ref:ZZLkpModuleType:ZZModuleType:1
*,485,Y,"311704002-PM-05",Collect surface mining geological data,52,2018-07-01 00:00:00.000,2025-12-30 00:00:00.000,2026-12-30 00:00:00.000,2029-12-30 00:00:00.000,ref:ZZLkpNqfLevel:ZZNqfLevel:4;ref:ZZLkpQualityAssuranceBody:ZZQualityAssuranceBody:57;ref:ZZLkpLearningType:ZZLearningType:1;ref:ZZLkpModuleType:ZZModuleType:1
*,486,Y,"311704002-PM-06",Process geological data,76,2018-07-01 00:00:00.000,2025-12-30 00:00:00.000,2026-12-30 00:00:00.000,2029-12-30 00:00:00.000,ref:ZZLkpNqfLevel:ZZNqfLevel:4;ref:ZZLkpQualityAssuranceBody:ZZQualityAssuranceBody:57;ref:ZZLkpLearningType:ZZLearningType:1;ref:ZZLkpModuleType:ZZModuleType:1
*,487,Y,"311704002-WM-01",Surface mining geological operations,96,2018-07-01 00:00:00.000,2025-12-30 00:00:00.000,2026-12-30 00:00:00.000,2029-12-30 00:00:00.000,ref:ZZLkpNqfLevel:ZZNqfLevel:2;ref:ZZLkpQualityAssuranceBody:ZZQualityAssuranceBody:57;ref:ZZLkpLearningType:ZZLearningType:3;ref:ZZLkpModuleType:ZZModuleType:1
*,488,Y,"311704002-WM-02",Surface mining geological operations,120,2018-07-01 00:00:00.000,2025-12-30 00:00:00.000,2026-12-30 00:00:00.000,2029-12-30 00:00:00.000,ref:ZZLkpNqfLevel:ZZNqfLevel:4;ref:ZZLkpQualityAssuranceBody:ZZQualityAssuranceBody:57;ref:ZZLkpLearningType:ZZLearningType:3;ref:ZZLkpModuleType:ZZModuleType:1
*,489,Y,"312101000-KM-01",Fluid Dynamics,39,2018-07-01 00:00:00.000,2025-12-30 00:00:00.000,2026-12-30 00:00:00.000,2029-12-30 00:00:00.000,ref:ZZLkpNqfLevel:ZZNqfLevel:7;ref:ZZLkpQualityAssuranceBody:ZZQualityAssuranceBody:57;ref:ZZLkpLearningType:ZZLearningType:2;ref:ZZLkpModuleType:ZZModuleType:1
*,490,Y,"312101000-KM-02",Thermal Engineering,80,2018-07-01 00:00:00.000,2025-12-30 00:00:00.000,2026-12-30 00:00:00.000,2029-12-30 00:00:00.000,ref:ZZLkpNqfLevel:ZZNqfLevel:7;ref:ZZLkpQualityAssuranceBody:ZZQualityAssuranceBody:57;ref:ZZLkpLearningType:ZZLearningType:2;ref:ZZLkpModuleType:ZZModuleType:1
*,491,Y,"312101000-KM-03",Operations Management and Supervision,72,2018-07-01 00:00:00.000,2025-12-30 00:00:00.000,2026-12-30 00:00:00.000,2029-12-30 00:00:00.000,ref:ZZLkpNqfLevel:ZZNqfLevel:6;ref:ZZLkpQualityAssuranceBody:ZZQualityAssuranceBody:57;ref:ZZLkpLearningType:ZZLearningType:2;ref:ZZLkpModuleType:ZZModuleType:1
*,492,Y,"312101000-KM-04",Mine Ventilation and Occupational Environmental Engineering,56,2018-07-01 00:00:00.000,2025-12-30 00:00:00.000,2026-12-30 00:00:00.000,2029-12-30 00:00:00.000,ref:ZZLkpNqfLevel:ZZNqfLevel:6;ref:ZZLkpQualityAssuranceBody:ZZQualityAssuranceBody:57;ref:ZZLkpLearningType:ZZLearningType:2;ref:ZZLkpModuleType:ZZModuleType:1
*,493,Y,"312101000-KM-05",Occupational Health and Hygiene,72,2018-07-01 00:00:00.000,2025-12-30 00:00:00.000,2026-12-30 00:00:00.000,2029-12-30 00:00:00.000,ref:ZZLkpNqfLevel:ZZNqfLevel:5;ref:ZZLkpQualityAssuranceBody:ZZQualityAssuranceBody:57;ref:ZZLkpLearningType:ZZLearningType:2;ref:ZZLkpModuleType:ZZModuleType:1
*,494,Y,"312101000-PM-01",Anticipate all hazards and risks associated with occupational hygiene stressors that may be present in an existing or new mining operations,36,2018-07-01 00:00:00.000,2025-12-30 00:00:00.000,2026-12-30 00:00:00.000,2029-12-30 00:00:00.000,ref:ZZLkpNqfLevel:ZZNqfLevel:5;ref:ZZLkpQualityAssuranceBody:ZZQualityAssuranceBody:57;ref:ZZLkpLearningType:ZZLearningType:1;ref:ZZLkpModuleType:ZZModuleType:1
*,495,Y,"312101000-PM-02","Confirm by measurement, observation and experience the presence of occupational hygiene and other hazards and risks",12,2018-07-01 00:00:00.000,2025-12-30 00:00:00.000,2026-12-30 00:00:00.000,2029-12-30 00:00:00.000,ref:ZZLkpNqfLevel:ZZNqfLevel:5;ref:ZZLkpQualityAssuranceBody:ZZQualityAssuranceBody:57;ref:ZZLkpLearningType:ZZLearningType:1;ref:ZZLkpModuleType:ZZModuleType:1
*,496,Y,"312101000-PM-03",Evaluate to determine the degree of the occupational hygiene and other hazards and risks,20,2018-07-01 00:00:00.000,2025-12-30 00:00:00.000,2026-12-30 00:00:00.000,2029-12-30 00:00:00.000,ref:ZZLkpNqfLevel:ZZNqfLevel:6;ref:ZZLkpQualityAssuranceBody:ZZQualityAssuranceBody:57;ref:ZZLkpLearningType:ZZLearningType:1;ref:ZZLkpModuleType:ZZModuleType:1
*,497,Y,"312101000-PM-04",Manage or control occupational hygiene stressors in order to safeguard occupational health,16,2018-07-01 00:00:00.000,2025-12-30 00:00:00.000,2026-12-30 00:00:00.000,2029-12-30 00:00:00.000,ref:ZZLkpNqfLevel:ZZNqfLevel:6;ref:ZZLkpQualityAssuranceBody:ZZQualityAssuranceBody:57;ref:ZZLkpLearningType:ZZLearningType:1;ref:ZZLkpModuleType:ZZModuleType:1
*,498,Y,"312101000-PM-05","Prepare and submit routine, short - medium and long-term mine environmental control plans Including impacts of occupational hygiene stressors, ventilation, refrigeration",16,2018-07-01 00:00:00.000,2025-12-30 00:00:00.000,2026-12-30 00:00:00.000,2029-12-30 00:00:00.000,ref:ZZLkpNqfLevel:ZZNqfLevel:6;ref:ZZLkpQualityAssuranceBody:ZZQualityAssuranceBody:57;ref:ZZLkpLearningType:ZZLearningType:1;ref:ZZLkpModuleType:ZZModuleType:1
*,499,Y,"312101000-PM-06","Develop and ensure implementation and alignment of applicable codes of practices, guidelines and leading practices relating to mine environmental control",8,2018-07-01 00:00:00.000,2025-12-30 00:00:00.000,2026-12-30 00:00:00.000,2029-12-30 00:00:00.000,ref:ZZLkpNqfLevel:ZZNqfLevel:6;ref:ZZLkpQualityAssuranceBody:ZZQualityAssuranceBody:57;ref:ZZLkpLearningType:ZZLearningType:1;ref:ZZLkpModuleType:ZZModuleType:1
*,500,Y,"312101000-PM-07",Determine the sufficiency of current monitoring practices and systems,6,2018-07-01 00:00:00.000,2025-12-30 00:00:00.000,2026-12-30 00:00:00.000,2029-12-30 00:00:00.000,ref:ZZLkpNqfLevel:ZZNqfLevel:7;ref:ZZLkpQualityAssuranceBody:ZZQualityAssuranceBody:57;ref:ZZLkpLearningType:ZZLearningType:1;ref:ZZLkpModuleType:ZZModuleType:1
*,501,Y,"312101000-PM-08",Manage and coordinate the financial activities of the department,12,2018-07-01 00:00:00.000,2025-12-30 00:00:00.000,2026-12-30 00:00:00.000,2029-12-30 00:00:00.000,ref:ZZLkpNqfLevel:ZZNqfLevel:7;ref:ZZLkpQualityAssuranceBody:ZZQualityAssuranceBody:57;ref:ZZLkpLearningType:ZZLearningType:1;ref:ZZLkpModuleType:ZZModuleType:1
*,502,Y,"312101000-PM-09",Manage the operations of an environmental control function for a mine or designated area of a mine,8,2018-07-01 00:00:00.000,2025-12-30 00:00:00.000,2026-12-30 00:00:00.000,2029-12-30 00:00:00.000,ref:ZZLkpNqfLevel:ZZNqfLevel:7;ref:ZZLkpQualityAssuranceBody:ZZQualityAssuranceBody:57;ref:ZZLkpLearningType:ZZLearningType:1;ref:ZZLkpModuleType:ZZModuleType:1
*,503,Y,"312101000-WM-01","Anticipate, recognise, evaluate and control all occupational hygiene stressors for the designated area on an underground mine",48,2018-07-01 00:00:00.000,2025-12-30 00:00:00.000,2026-12-30 00:00:00.000,2029-12-30 00:00:00.000,ref:ZZLkpNqfLevel:ZZNqfLevel:5;ref:ZZLkpQualityAssuranceBody:ZZQualityAssuranceBody:57;ref:ZZLkpLearningType:ZZLearningType:3;ref:ZZLkpModuleType:ZZModuleType:1
*,504,Y,"312101000-WM-02","Anticipate, recognise, evaluate and control all occupational hygiene stressors for the designated area within a mineral processing plant",32,2018-07-01 00:00:00.000,2025-12-30 00:00:00.000,2026-12-30 00:00:00.000,2029-12-30 00:00:00.000,ref:ZZLkpNqfLevel:ZZNqfLevel:6;ref:ZZLkpQualityAssuranceBody:ZZQualityAssuranceBody:57;ref:ZZLkpLearningType:ZZLearningType:3;ref:ZZLkpModuleType:ZZModuleType:1
*,505,Y,"312101000-WM-03",Mine Radiation Protection Officer,16,2018-07-01 00:00:00.000,2025-12-30 00:00:00.000,2026-12-30 00:00:00.000,2029-12-30 00:00:00.000,ref:ZZLkpNqfLevel:ZZNqfLevel:5;ref:ZZLkpQualityAssuranceBody:ZZQualityAssuranceBody:57;ref:ZZLkpLearningType:ZZLearningType:3;ref:ZZLkpModuleType:ZZModuleType:1
*,506,Y,"312101000-WM-04",Mine Ventilation Practices,48,2018-07-01 00:00:00.000,2025-12-30 00:00:00.000,2026-12-30 00:00:00.000,2029-12-30 00:00:00.000,ref:ZZLkpNqfLevel:ZZNqfLevel:6;ref:ZZLkpQualityAssuranceBody:ZZQualityAssuranceBody:57;ref:ZZLkpLearningType:ZZLearningType:3;ref:ZZLkpModuleType:ZZModuleType:1
*,507,Y,"312101000-WM-05",Act as a legally appointed Mine Environmental Control supervisor,64,2018-07-01 00:00:00.000,2025-12-30 00:00:00.000,2026-12-30 00:00:00.000,2029-12-30 00:00:00.000,ref:ZZLkpNqfLevel:ZZNqfLevel:7;ref:ZZLkpQualityAssuranceBody:ZZQualityAssuranceBody:57;ref:ZZLkpLearningType:ZZLearningType:3;ref:ZZLkpModuleType:ZZModuleType:1
*,508,Y,"312102-000-00-KM-01","Health, Safety, and the Environment",4,2023-11-14 00:00:00.000,2028-11-14 00:00:00.000,2029-11-14 00:00:00.000,2031-11-14 00:00:00.000,ref:ZZLkpNqfLevel:ZZNqfLevel:2;ref:ZZLkpQualityAssuranceBody:ZZQualityAssuranceBody:57;ref:ZZLkpLearningType:ZZLearningType:2;ref:ZZLkpModuleType:ZZModuleType:1
*,509,Y,"312102-000-00-KM-02",Mining Operations,4,2023-11-14 00:00:00.000,2028-11-14 00:00:00.000,2029-11-14 00:00:00.000,2031-11-14 00:00:00.000,ref:ZZLkpNqfLevel:ZZNqfLevel:2;ref:ZZLkpQualityAssuranceBody:ZZQualityAssuranceBody:57;ref:ZZLkpLearningType:ZZLearningType:2;ref:ZZLkpModuleType:ZZModuleType:1
*,510,Y,"312102-000-00-KM-03",Crew Supervision,4,2023-11-14 00:00:00.000,2028-11-14 00:00:00.000,2029-11-14 00:00:00.000,2031-11-14 00:00:00.000,ref:ZZLkpNqfLevel:ZZNqfLevel:2;ref:ZZLkpQualityAssuranceBody:ZZQualityAssuranceBody:57;ref:ZZLkpLearningType:ZZLearningType:2;ref:ZZLkpModuleType:ZZModuleType:1
*,511,Y,"312102-000-00-KM-04",Production Operations,8,2023-11-14 00:00:00.000,2028-11-14 00:00:00.000,2029-11-14 00:00:00.000,2031-11-14 00:00:00.000,ref:ZZLkpNqfLevel:ZZNqfLevel:2;ref:ZZLkpQualityAssuranceBody:ZZQualityAssuranceBody:57;ref:ZZLkpLearningType:ZZLearningType:2;ref:ZZLkpModuleType:ZZModuleType:1
*,512,Y,"312102-000-00-KM-05",Team Leadership,8,2023-11-14 00:00:00.000,2028-11-14 00:00:00.000,2029-11-14 00:00:00.000,2031-11-14 00:00:00.000,ref:ZZLkpNqfLevel:ZZNqfLevel:3;ref:ZZLkpQualityAssuranceBody:ZZQualityAssuranceBody:57;ref:ZZLkpLearningType:ZZLearningType:2;ref:ZZLkpModuleType:ZZModuleType:1
*,513,Y,"312102-000-00-PM-01","Apply, Exercise, and Ensure Safety, Health and Environmental Principles and Procedures",8,2023-11-14 00:00:00.000,2028-11-14 00:00:00.000,2029-11-14 00:00:00.000,2031-11-14 00:00:00.000,ref:ZZLkpNqfLevel:ZZNqfLevel:2;ref:ZZLkpQualityAssuranceBody:ZZQualityAssuranceBody:57;ref:ZZLkpLearningType:ZZLearningType:1;ref:ZZLkpModuleType:ZZModuleType:1
*,514,Y,"312102-000-00-PM-02",Conduct Entry Examinations and Safe Declarations,8,2023-11-14 00:00:00.000,2028-11-14 00:00:00.000,2029-11-14 00:00:00.000,2031-11-14 00:00:00.000,ref:ZZLkpNqfLevel:ZZNqfLevel:2;ref:ZZLkpQualityAssuranceBody:ZZQualityAssuranceBody:57;ref:ZZLkpLearningType:ZZLearningType:1;ref:ZZLkpModuleType:ZZModuleType:1
*,515,Y,"312102-000-00-PM-03",Supervise Production Operations,26,2023-11-14 00:00:00.000,2028-11-14 00:00:00.000,2029-11-14 00:00:00.000,2031-11-14 00:00:00.000,ref:ZZLkpNqfLevel:ZZNqfLevel:2;ref:ZZLkpQualityAssuranceBody:ZZQualityAssuranceBody:57;ref:ZZLkpLearningType:ZZLearningType:1;ref:ZZLkpModuleType:ZZModuleType:1
*,516,Y,"312102-000-00-WM-01",Mine Safe Declaration Operations,8,2023-11-14 00:00:00.000,2028-11-14 00:00:00.000,2029-11-14 00:00:00.000,2031-11-14 00:00:00.000,ref:ZZLkpNqfLevel:ZZNqfLevel:2;ref:ZZLkpQualityAssuranceBody:ZZQualityAssuranceBody:57;ref:ZZLkpLearningType:ZZLearningType:3;ref:ZZLkpModuleType:ZZModuleType:1
*,517,Y,"312102-000-00-WM-02",Mining Production Operations,32,2023-11-14 00:00:00.000,2028-11-14 00:00:00.000,2029-11-14 00:00:00.000,2031-11-14 00:00:00.000,ref:ZZLkpNqfLevel:ZZNqfLevel:2;ref:ZZLkpQualityAssuranceBody:ZZQualityAssuranceBody:57;ref:ZZLkpLearningType:ZZLearningType:3;ref:ZZLkpModuleType:ZZModuleType:1
*,518,Y,"684201-001-00-KM-01",Workplace Fundamentals,4,2023-11-14 00:00:00.000,2028-11-14 00:00:00.000,2029-11-14 00:00:00.000,2032-11-14 00:00:00.000,ref:ZZLkpNqfLevel:ZZNqfLevel:2;ref:ZZLkpQualityAssuranceBody:ZZQualityAssuranceBody:57;ref:ZZLkpLearningType:ZZLearningType:2;ref:ZZLkpModuleType:ZZModuleType:1
*,519,Y,"684201-001-00-KM-02","Health, Safety, and The Environment",4,2023-11-14 00:00:00.000,2028-11-14 00:00:00.000,2029-11-14 00:00:00.000,2032-11-14 00:00:00.000,ref:ZZLkpNqfLevel:ZZNqfLevel:2;ref:ZZLkpQualityAssuranceBody:ZZQualityAssuranceBody:57;ref:ZZLkpLearningType:ZZLearningType:2;ref:ZZLkpModuleType:ZZModuleType:1
*,520,Y,"684201-001-00-KM-03",Mining Operations,4,2023-11-14 00:00:00.000,2028-11-14 00:00:00.000,2029-11-14 00:00:00.000,2032-11-14 00:00:00.000,ref:ZZLkpNqfLevel:ZZNqfLevel:2;ref:ZZLkpQualityAssuranceBody:ZZQualityAssuranceBody:57;ref:ZZLkpLearningType:ZZLearningType:2;ref:ZZLkpModuleType:ZZModuleType:1
*,521,Y,"684201-001-00-KM-04","Health, Safety, and The Environment",8,2023-11-14 00:00:00.000,2028-11-14 00:00:00.000,2029-11-14 00:00:00.000,2032-11-14 00:00:00.000,ref:ZZLkpNqfLevel:ZZNqfLevel:3;ref:ZZLkpQualityAssuranceBody:ZZQualityAssuranceBody:57;ref:ZZLkpLearningType:ZZLearningType:2;ref:ZZLkpModuleType:ZZModuleType:1
*,522,Y,"684201-001-00-KM-05",Mining Operations,4,2023-11-14 00:00:00.000,2028-11-14 00:00:00.000,2029-11-14 00:00:00.000,2032-11-14 00:00:00.000,ref:ZZLkpNqfLevel:ZZNqfLevel:3;ref:ZZLkpQualityAssuranceBody:ZZQualityAssuranceBody:57;ref:ZZLkpLearningType:ZZLearningType:2;ref:ZZLkpModuleType:ZZModuleType:1
*,523,Y,"684201-001-00-KM-06",Crew Supervision,4,2023-11-14 00:00:00.000,2028-11-14 00:00:00.000,2029-11-14 00:00:00.000,2032-11-14 00:00:00.000,ref:ZZLkpNqfLevel:ZZNqfLevel:2;ref:ZZLkpQualityAssuranceBody:ZZQualityAssuranceBody:57;ref:ZZLkpLearningType:ZZLearningType:2;ref:ZZLkpModuleType:ZZModuleType:1
*,524,Y,"684201-001-00-KM-07",Production Operations,8,2023-11-14 00:00:00.000,2028-11-14 00:00:00.000,2029-11-14 00:00:00.000,2032-11-14 00:00:00.000,ref:ZZLkpNqfLevel:ZZNqfLevel:3;ref:ZZLkpQualityAssuranceBody:ZZQualityAssuranceBody:57;ref:ZZLkpLearningType:ZZLearningType:2;ref:ZZLkpModuleType:ZZModuleType:1
*,525,Y,"684201-001-00-PM-01","Apply, Exercise, and ensure Safety, Health and Environmental Principles and Procedures",4,2023-11-14 00:00:00.000,2028-11-14 00:00:00.000,2029-11-14 00:00:00.000,2032-11-14 00:00:00.000,ref:ZZLkpNqfLevel:ZZNqfLevel:2;ref:ZZLkpQualityAssuranceBody:ZZQualityAssuranceBody:57;ref:ZZLkpLearningType:ZZLearningType:1;ref:ZZLkpModuleType:ZZModuleType:1
*,526,Y,"684201-001-00-PM-02",Handle Explosives,4,2023-11-14 00:00:00.000,2028-11-14 00:00:00.000,2029-11-14 00:00:00.000,2032-11-14 00:00:00.000,ref:ZZLkpNqfLevel:ZZNqfLevel:2;ref:ZZLkpQualityAssuranceBody:ZZQualityAssuranceBody:57;ref:ZZLkpLearningType:ZZLearningType:1;ref:ZZLkpModuleType:ZZModuleType:1
*,527,Y,"684201-001-00-PM-03",Use Explosives,4,2023-11-14 00:00:00.000,2028-11-14 00:00:00.000,2029-11-14 00:00:00.000,2032-11-14 00:00:00.000,ref:ZZLkpNqfLevel:ZZNqfLevel:2;ref:ZZLkpQualityAssuranceBody:ZZQualityAssuranceBody:57;ref:ZZLkpLearningType:ZZLearningType:1;ref:ZZLkpModuleType:ZZModuleType:1
*,528,Y,"684201-001-00-PM-04","Apply Safety, Health and Environmental Measures, Processes, and Procedures",12,2023-11-14 00:00:00.000,2028-11-14 00:00:00.000,2029-11-14 00:00:00.000,2032-11-14 00:00:00.000,ref:ZZLkpNqfLevel:ZZNqfLevel:3;ref:ZZLkpQualityAssuranceBody:ZZQualityAssuranceBody:57;ref:ZZLkpLearningType:ZZLearningType:1;ref:ZZLkpModuleType:ZZModuleType:1
*,529,Y,"684201-001-00-PM-05",Conduct Blasting Operations,32,2023-11-14 00:00:00.000,2028-11-14 00:00:00.000,2029-11-14 00:00:00.000,2032-11-14 00:00:00.000,ref:ZZLkpNqfLevel:ZZNqfLevel:3;ref:ZZLkpQualityAssuranceBody:ZZQualityAssuranceBody:57;ref:ZZLkpLearningType:ZZLearningType:1;ref:ZZLkpModuleType:ZZModuleType:1
*,530,Y,"684201-001-00-WM-01",Explosive Handling,4,2023-11-14 00:00:00.000,2028-11-14 00:00:00.000,2029-11-14 00:00:00.000,2032-11-14 00:00:00.000,ref:ZZLkpNqfLevel:ZZNqfLevel:2;ref:ZZLkpQualityAssuranceBody:ZZQualityAssuranceBody:57;ref:ZZLkpLearningType:ZZLearningType:3;ref:ZZLkpModuleType:ZZModuleType:1
*,531,Y,"684201-001-00-WM-02",Blasting Operations,24,2023-11-14 00:00:00.000,2028-11-14 00:00:00.000,2029-11-14 00:00:00.000,2032-11-14 00:00:00.000,ref:ZZLkpNqfLevel:ZZNqfLevel:3;ref:ZZLkpQualityAssuranceBody:ZZQualityAssuranceBody:57;ref:ZZLkpLearningType:ZZLearningType:3;ref:ZZLkpModuleType:ZZModuleType:1
*,532,Y,"312101-002-00-KM-01","Health, Safety, and the Environment",24,2022-06-21 00:00:00.000,2027-06-21 00:00:00.000,2028-06-21 00:00:00.000,2031-06-21 00:00:00.000,ref:ZZLkpNqfLevel:ZZNqfLevel:5;ref:ZZLkpQualityAssuranceBody:ZZQualityAssuranceBody:57;ref:ZZLkpLearningType:ZZLearningType:2;ref:ZZLkpModuleType:ZZModuleType:1
*,533,Y,"312101-002-00-KM-02",Mining Operations,32,2022-06-21 00:00:00.000,2027-06-21 00:00:00.000,2028-06-21 00:00:00.000,2031-06-21 00:00:00.000,ref:ZZLkpNqfLevel:ZZNqfLevel:5;ref:ZZLkpQualityAssuranceBody:ZZQualityAssuranceBody:57;ref:ZZLkpLearningType:ZZLearningType:2;ref:ZZLkpModuleType:ZZModuleType:1
*,534,Y,"312101-002-00-KM-04",Supervision and Management,8,2022-06-21 00:00:00.000,2027-06-21 00:00:00.000,2028-06-21 00:00:00.000,2031-06-21 00:00:00.000,ref:ZZLkpNqfLevel:ZZNqfLevel:5;ref:ZZLkpQualityAssuranceBody:ZZQualityAssuranceBody:57;ref:ZZLkpLearningType:ZZLearningType:2;ref:ZZLkpModuleType:ZZModuleType:1
*,535,Y,"312101-002-00-KM-05",Business Administration,8,2022-06-21 00:00:00.000,2027-06-21 00:00:00.000,2028-06-21 00:00:00.000,2031-06-21 00:00:00.000,ref:ZZLkpNqfLevel:ZZNqfLevel:5;ref:ZZLkpQualityAssuranceBody:ZZQualityAssuranceBody:57;ref:ZZLkpLearningType:ZZLearningType:2;ref:ZZLkpModuleType:ZZModuleType:1
*,536,Y,"312101-002-00-PM-01","Oversee, Apply and Ensure Safety, Health and Environmental Statutory, Regulatory and Organisational Compliance for Mining Operations",24,2022-06-21 00:00:00.000,2027-06-21 00:00:00.000,2028-06-21 00:00:00.000,2031-06-21 00:00:00.000,ref:ZZLkpNqfLevel:ZZNqfLevel:5;ref:ZZLkpQualityAssuranceBody:ZZQualityAssuranceBody:57;ref:ZZLkpLearningType:ZZLearningType:1;ref:ZZLkpModuleType:ZZModuleType:1
*,537,Y,"312101-002-00-PM-02","Contribute to the Mine Layouts; Develop Plans and Schedules, for Mining Operations",16,2022-06-21 00:00:00.000,2027-06-21 00:00:00.000,2028-06-21 00:00:00.000,2031-06-21 00:00:00.000,ref:ZZLkpNqfLevel:ZZNqfLevel:5;ref:ZZLkpQualityAssuranceBody:ZZQualityAssuranceBody:57;ref:ZZLkpLearningType:ZZLearningType:1;ref:ZZLkpModuleType:ZZModuleType:1
*,538,Y,"312101-002-00-PM-03","Oversee, Organise, Direct, Monitor, Control, and Coordinate Mining Production Operations",36,2022-06-21 00:00:00.000,2027-06-21 00:00:00.000,2028-06-21 00:00:00.000,2031-06-21 00:00:00.000,ref:ZZLkpNqfLevel:ZZNqfLevel:5;ref:ZZLkpQualityAssuranceBody:ZZQualityAssuranceBody:57;ref:ZZLkpLearningType:ZZLearningType:1;ref:ZZLkpModuleType:ZZModuleType:1
*,539,Y,"312101-002-00-WM-01",Underground Hard Rock Production Operations,40,2022-06-21 00:00:00.000,2027-06-21 00:00:00.000,2028-06-21 00:00:00.000,2031-06-21 00:00:00.000,ref:ZZLkpNqfLevel:ZZNqfLevel:5;ref:ZZLkpQualityAssuranceBody:ZZQualityAssuranceBody:57;ref:ZZLkpLearningType:ZZLearningType:3;ref:ZZLkpModuleType:ZZModuleType:2
*,540,Y,"312101-002-00-WM-02",Underground Coal Production Operations,40,2022-06-21 00:00:00.000,2027-06-21 00:00:00.000,2028-02-17 00:00:00.000,2031-06-21 00:00:00.000,ref:ZZLkpNqfLevel:ZZNqfLevel:5;ref:ZZLkpQualityAssuranceBody:ZZQualityAssuranceBody:57;ref:ZZLkpLearningType:ZZLearningType:3;ref:ZZLkpModuleType:ZZModuleType:2
*,541,Y,"312101-002-00-WM-03",Surface Production Operations,40,2022-06-21 00:00:00.000,2027-06-21 00:00:00.000,2028-06-21 00:00:00.000,2031-06-21 00:00:00.000,ref:ZZLkpNqfLevel:ZZNqfLevel:5;ref:ZZLkpQualityAssuranceBody:ZZQualityAssuranceBody:57;ref:ZZLkpLearningType:ZZLearningType:3;ref:ZZLkpModuleType:ZZModuleType:2
*,542,Y,"226302-000-01-KM-01",Occupational Health and Safety Management Systems,11,2024-01-30 00:00:00.000,2029-01-30 00:00:00.000,2030-01-30 00:00:00.000,2033-01-30 00:00:00.000,ref:ZZLkpNqfLevel:ZZNqfLevel:5;ref:ZZLkpQualityAssuranceBody:ZZQualityAssuranceBody:57;ref:ZZLkpLearningType:ZZLearningType:2;ref:ZZLkpModuleType:ZZModuleType:1
*,543,Y,"226302-000-01-KM-02",Governance and Sustainability within the OHS Context,11,2024-01-30 00:00:00.000,2029-01-30 00:00:00.000,2030-01-30 00:00:00.000,2033-01-30 00:00:00.000,ref:ZZLkpNqfLevel:ZZNqfLevel:5;ref:ZZLkpQualityAssuranceBody:ZZQualityAssuranceBody:57;ref:ZZLkpLearningType:ZZLearningType:2;ref:ZZLkpModuleType:ZZModuleType:1
*,544,Y,"226302-000-01-KM-03",Fundamentals of Operations Management for OHS Practitioners,12,2024-01-30 00:00:00.000,2029-01-30 00:00:00.000,2030-01-30 00:00:00.000,2033-01-30 00:00:00.000,ref:ZZLkpNqfLevel:ZZNqfLevel:5;ref:ZZLkpQualityAssuranceBody:ZZQualityAssuranceBody:57;ref:ZZLkpLearningType:ZZLearningType:2;ref:ZZLkpModuleType:ZZModuleType:1
*,545,Y,"226302-000-01-PM-01",Develop a Risk Profile and Legal Register for a Designated Work Area,12,2024-01-30 00:00:00.000,2029-01-30 00:00:00.000,2030-01-30 00:00:00.000,2033-01-30 00:00:00.000,ref:ZZLkpNqfLevel:ZZNqfLevel:5;ref:ZZLkpQualityAssuranceBody:ZZQualityAssuranceBody:57;ref:ZZLkpLearningType:ZZLearningType:1;ref:ZZLkpModuleType:ZZModuleType:1
*,546,Y,"226302-000-01-PM-02","Establish, Maintain and Improve the Health and Safety Documentation and Reporting Systems",12,2024-01-30 00:00:00.000,2029-01-30 00:00:00.000,2030-01-30 00:00:00.000,2033-01-30 00:00:00.000,ref:ZZLkpNqfLevel:ZZNqfLevel:5;ref:ZZLkpQualityAssuranceBody:ZZQualityAssuranceBody:57;ref:ZZLkpLearningType:ZZLearningType:1;ref:ZZLkpModuleType:ZZModuleType:1
*,547,Y,"226302-000-01-PM-03",Advise on the Establishment Maintenance and Improvement of Emergency Response and preparedness,12,2024-01-30 00:00:00.000,2029-01-30 00:00:00.000,2030-01-30 00:00:00.000,2033-01-30 00:00:00.000,ref:ZZLkpNqfLevel:ZZNqfLevel:5;ref:ZZLkpQualityAssuranceBody:ZZQualityAssuranceBody:57;ref:ZZLkpLearningType:ZZLearningType:1;ref:ZZLkpModuleType:ZZModuleType:1
*,548,Y,"226302-000-01-PM-04",Manage the Effectiveness of Operational Occupational Health and Safety Systems,12,2024-01-30 00:00:00.000,2029-01-30 00:00:00.000,2030-01-30 00:00:00.000,2033-01-30 00:00:00.000,ref:ZZLkpNqfLevel:ZZNqfLevel:5;ref:ZZLkpQualityAssuranceBody:ZZQualityAssuranceBody:57;ref:ZZLkpLearningType:ZZLearningType:1;ref:ZZLkpModuleType:ZZModuleType:1
*,549,Y,"226302-000-01-WM-01",Operational Planning and Review Processes,19,2024-01-30 00:00:00.000,2029-01-30 00:00:00.000,2030-01-30 00:00:00.000,2033-02-17 00:00:00.000,ref:ZZLkpNqfLevel:ZZNqfLevel:5;ref:ZZLkpQualityAssuranceBody:ZZQualityAssuranceBody:57;ref:ZZLkpLearningType:ZZLearningType:3;ref:ZZLkpModuleType:ZZModuleType:1
*,550,Y,"226302-000-01-WM-02",Management and Supervision Processes,19,2024-01-30 00:00:00.000,2029-01-30 00:00:00.000,2030-01-30 00:00:00.000,2033-01-30 00:00:00.000,ref:ZZLkpNqfLevel:ZZNqfLevel:5;ref:ZZLkpQualityAssuranceBody:ZZQualityAssuranceBody:57;ref:ZZLkpLearningType:ZZLearningType:3;ref:ZZLkpModuleType:ZZModuleType:1
*,551,Y,"226302-001-01-KM-01",Fundamentals of Occupational Health and Safety,4,2024-01-30 00:00:00.000,2029-01-30 00:00:00.000,2030-01-30 00:00:00.000,2033-01-30 00:00:00.000,ref:ZZLkpNqfLevel:ZZNqfLevel:3;ref:ZZLkpQualityAssuranceBody:ZZQualityAssuranceBody:57;ref:ZZLkpLearningType:ZZLearningType:2;ref:ZZLkpModuleType:ZZModuleType:1
*,552,Y,"226302-001-01-KM-02",Fundamentals of Representing Employees Regarding OHS Issues,4,2024-01-30 00:00:00.000,2029-01-30 00:00:00.000,2030-01-30 00:00:00.000,2033-01-30 00:00:00.000,ref:ZZLkpNqfLevel:ZZNqfLevel:3;ref:ZZLkpQualityAssuranceBody:ZZQualityAssuranceBody:57;ref:ZZLkpLearningType:ZZLearningType:2;ref:ZZLkpModuleType:ZZModuleType:1
*,553,Y,"226302-001-01-KM-03",Fundamentals of Communication within the OHS Discipline,4,2024-01-30 00:00:00.000,2029-01-30 00:00:00.000,2030-01-30 00:00:00.000,2033-01-30 00:00:00.000,ref:ZZLkpNqfLevel:ZZNqfLevel:3;ref:ZZLkpQualityAssuranceBody:ZZQualityAssuranceBody:57;ref:ZZLkpLearningType:ZZLearningType:2;ref:ZZLkpModuleType:ZZModuleType:1
*,554,Y,"226302-001-01-KM-04",OHS Administration and Record Management,16,2024-01-30 00:00:00.000,2029-01-30 00:00:00.000,2030-01-30 00:00:00.000,2033-01-30 00:00:00.000,ref:ZZLkpNqfLevel:ZZNqfLevel:4;ref:ZZLkpQualityAssuranceBody:ZZQualityAssuranceBody:57;ref:ZZLkpLearningType:ZZLearningType:2;ref:ZZLkpModuleType:ZZModuleType:1
*,555,Y,"226302-001-01-KM-05",Occupational Health and Safety Applications,22,2024-01-30 00:00:00.000,2029-01-30 00:00:00.000,2030-01-30 00:00:00.000,2033-01-30 00:00:00.000,ref:ZZLkpNqfLevel:ZZNqfLevel:4;ref:ZZLkpQualityAssuranceBody:ZZQualityAssuranceBody:57;ref:ZZLkpLearningType:ZZLearningType:2;ref:ZZLkpModuleType:ZZModuleType:1
*,556,Y,"226302-001-01-PM-01",Represent the Needs of Employees with regard to Occupational Health and Safety matters,1,2024-01-30 00:00:00.000,2029-01-30 00:00:00.000,2030-01-30 00:00:00.000,2033-01-30 00:00:00.000,ref:ZZLkpNqfLevel:ZZNqfLevel:3;ref:ZZLkpQualityAssuranceBody:ZZQualityAssuranceBody:57;ref:ZZLkpLearningType:ZZLearningType:1;ref:ZZLkpModuleType:ZZModuleType:1
*,557,Y,"226302-001-01-PM-02","Inspect Workplaces, Identify Hazards and Risks and take Immediate Action to Ensure Health and Safety in the Workplace",1,2024-01-30 00:00:00.000,2029-01-30 00:00:00.000,2030-01-30 00:00:00.000,2033-01-30 00:00:00.000,ref:ZZLkpNqfLevel:ZZNqfLevel:3;ref:ZZLkpQualityAssuranceBody:ZZQualityAssuranceBody:57;ref:ZZLkpLearningType:ZZLearningType:1;ref:ZZLkpModuleType:ZZModuleType:1
*,558,Y,"226302-001-01-PM-03","Conduct Workplace Inspections, Check the Application of Fundamental Workplace Standards and Report on Compliance Variations",10,2024-01-30 00:00:00.000,2029-01-30 00:00:00.000,2030-01-30 00:00:00.000,2033-01-30 00:00:00.000,ref:ZZLkpNqfLevel:ZZNqfLevel:3;ref:ZZLkpQualityAssuranceBody:ZZQualityAssuranceBody:57;ref:ZZLkpLearningType:ZZLearningType:1;ref:ZZLkpModuleType:ZZModuleType:1
*,559,Y,"226302-001-01-PM-04",Administer the Key Activities of an OHS Function,16,2024-01-30 00:00:00.000,2029-01-30 00:00:00.000,2030-01-30 00:00:00.000,2033-01-30 00:00:00.000,ref:ZZLkpNqfLevel:ZZNqfLevel:4;ref:ZZLkpQualityAssuranceBody:ZZQualityAssuranceBody:57;ref:ZZLkpLearningType:ZZLearningType:1;ref:ZZLkpModuleType:ZZModuleType:1
*,560,Y,"226302-001-01-PM-05",Participate and Contribute Towards the Development of Hazard and Risk Assessments,6,2024-01-30 00:00:00.000,2029-01-30 00:00:00.000,2030-01-30 00:00:00.000,2033-01-30 00:00:00.000,ref:ZZLkpNqfLevel:ZZNqfLevel:4;ref:ZZLkpQualityAssuranceBody:ZZQualityAssuranceBody:57;ref:ZZLkpLearningType:ZZLearningType:1;ref:ZZLkpModuleType:ZZModuleType:1
*,561,Y,"226302-001-01-PM-06",Supervise the Smooth Execution of the Activities of an OHS Function,4,2024-01-30 00:00:00.000,2029-01-30 00:00:00.000,2030-01-30 00:00:00.000,2033-01-30 00:00:00.000,ref:ZZLkpNqfLevel:ZZNqfLevel:4;ref:ZZLkpQualityAssuranceBody:ZZQualityAssuranceBody:57;ref:ZZLkpLearningType:ZZLearningType:1;ref:ZZLkpModuleType:ZZModuleType:1
*,562,Y,"226302-001-01-PM-07","Coordinate the Work Activities of Occupational, Health and Safety Representatives",6,2024-01-30 00:00:00.000,2029-01-30 00:00:00.000,2030-01-30 00:00:00.000,2033-01-30 00:00:00.000,ref:ZZLkpNqfLevel:ZZNqfLevel:4;ref:ZZLkpQualityAssuranceBody:ZZQualityAssuranceBody:57;ref:ZZLkpLearningType:ZZLearningType:1;ref:ZZLkpModuleType:ZZModuleType:1
*,563,Y,"226302-001-01-WM-01",Processes of Representing Employees Regarding their Workplace OHS Needs,4,2024-01-30 00:00:00.000,2029-01-30 00:00:00.000,2030-01-30 00:00:00.000,2033-01-30 00:00:00.000,ref:ZZLkpNqfLevel:ZZNqfLevel:3;ref:ZZLkpQualityAssuranceBody:ZZQualityAssuranceBody:57;ref:ZZLkpLearningType:ZZLearningType:3;ref:ZZLkpModuleType:ZZModuleType:1
*,564,Y,"226302-001-01-WM-02",Processes of Executing OHS Administration and Document Management,4,2024-01-30 00:00:00.000,2029-01-30 00:00:00.000,2030-01-30 00:00:00.000,2033-01-30 00:00:00.000,ref:ZZLkpNqfLevel:ZZNqfLevel:4;ref:ZZLkpQualityAssuranceBody:ZZQualityAssuranceBody:57;ref:ZZLkpLearningType:ZZLearningType:3;ref:ZZLkpModuleType:ZZModuleType:1
*,565,Y,"226302-001-01-WM-03","Processes of Managing Workplace Accidents, Incidents and other Emergencies",8,2024-01-30 00:00:00.000,2029-01-30 00:00:00.000,2030-01-30 00:00:00.000,2033-01-30 00:00:00.000,ref:ZZLkpNqfLevel:ZZNqfLevel:4;ref:ZZLkpQualityAssuranceBody:ZZQualityAssuranceBody:57;ref:ZZLkpLearningType:ZZLearningType:3;ref:ZZLkpModuleType:ZZModuleType:1
*,566,Y,"226302-001-01-WM-04",Incident Investigation Processes,10,2024-01-30 00:00:00.000,2029-01-30 00:00:00.000,2030-01-30 00:00:00.000,2033-01-30 00:00:00.000,ref:ZZLkpNqfLevel:ZZNqfLevel:4;ref:ZZLkpQualityAssuranceBody:ZZQualityAssuranceBody:57;ref:ZZLkpLearningType:ZZLearningType:3;ref:ZZLkpModuleType:ZZModuleType:1
*,567,Y,"831101-006-00-KM-01",Supervision,4,2023-11-14 00:00:00.000,2028-11-14 00:00:00.000,2029-11-14 00:00:00.000,2030-11-13 00:00:00.000,ref:ZZLkpNqfLevel:ZZNqfLevel:2;ref:ZZLkpQualityAssuranceBody:ZZQualityAssuranceBody:57;ref:ZZLkpLearningType:ZZLearningType:2;ref:ZZLkpModuleType:ZZModuleType:1
*,568,Y,"831101-006-00-00-PM-01","Conduct the shift procedures, the waiting-place/ assembly point procedures, and the entry examination; makes the workplace safe; and declare the workplace safe, for underground hardrock mining operations",4,2023-11-14 00:00:00.000,2028-11-14 00:00:00.000,2029-11-14 00:00:00.000,2030-11-13 00:00:00.000,ref:ZZLkpNqfLevel:ZZNqfLevel:2;ref:ZZLkpQualityAssuranceBody:ZZQualityAssuranceBody:57;ref:ZZLkpLearningType:ZZLearningType:1;ref:ZZLkpModuleType:ZZModuleType:1
*,569,Y,"831101-006-00-00-PM-02","Conduct the shift procedures, the waiting-place/ assembly point procedures, and the entry examination; makes the workplace safe; and declare the workplace safe, for underground coal mining operations",8,2023-11-14 00:00:00.000,2028-11-14 00:00:00.000,2029-11-14 00:00:00.000,2030-11-13 00:00:00.000,ref:ZZLkpNqfLevel:ZZNqfLevel:2;ref:ZZLkpQualityAssuranceBody:ZZQualityAssuranceBody:57;ref:ZZLkpLearningType:ZZLearningType:1;ref:ZZLkpModuleType:ZZModuleType:1
*,570,Y,"831101-006-00-00-PM-03","Conduct the shift procedures, the waiting-place/ assembly point procedures, and the entry examination; makes the workplace safe; and declare the workplace safe, for surface mining operations",8,2023-11-14 00:00:00.000,2028-11-14 00:00:00.000,2029-11-14 00:00:00.000,2030-11-13 00:00:00.000,ref:ZZLkpNqfLevel:ZZNqfLevel:2;ref:ZZLkpQualityAssuranceBody:ZZQualityAssuranceBody:57;ref:ZZLkpLearningType:ZZLearningType:1;ref:ZZLkpModuleType:ZZModuleType:1
*,571,Y,"900217-000-00- KM-01",Mines rescue and emergency work,8,2023-03-25 00:00:00.000,2028-03-25 00:00:00.000,2029-03-25 00:00:00.000,2032-03-25 00:00:00.000,ref:ZZLkpNqfLevel:ZZNqfLevel:4;ref:ZZLkpQualityAssuranceBody:ZZQualityAssuranceBody:57;ref:ZZLkpLearningType:ZZLearningType:2;ref:ZZLkpModuleType:ZZModuleType:1
*,572,Y,"900217-000-00- PM-01",Locate and evaluate the extent of the fire and apply the method of managing the fire,10,2023-03-25 00:00:00.000,2028-03-25 00:00:00.000,2029-03-25 00:00:00.000,2032-03-25 00:00:00.000,ref:ZZLkpNqfLevel:ZZNqfLevel:4;ref:ZZLkpQualityAssuranceBody:ZZQualityAssuranceBody:57;ref:ZZLkpLearningType:ZZLearningType:1;ref:ZZLkpModuleType:ZZModuleType:1
*,573,Y,"900217-000-00- PM-02",Locate and extricate persons and monitor and evaluate rescue operations,6,2023-03-25 00:00:00.000,2028-03-25 00:00:00.000,2029-03-25 00:00:00.000,2032-03-25 00:00:00.000,ref:ZZLkpNqfLevel:ZZNqfLevel:4;ref:ZZLkpQualityAssuranceBody:ZZQualityAssuranceBody:57;ref:ZZLkpLearningType:ZZLearningType:1;ref:ZZLkpModuleType:ZZModuleType:1
*,574,Y,"900187-000-00-KM-01","Health, safety, and the environment, for mining operations",4,2023-03-25 00:00:00.000,2028-03-25 00:00:00.000,2029-03-25 00:00:00.000,2032-03-25 00:00:00.000,ref:ZZLkpNqfLevel:ZZNqfLevel:2;ref:ZZLkpQualityAssuranceBody:ZZQualityAssuranceBody:57;ref:ZZLkpLearningType:ZZLearningType:2;ref:ZZLkpModuleType:ZZModuleType:1
*,575,Y,"900173-000-00-KM-01",Mining operations,8,2023-03-25 00:00:00.000,2028-03-25 00:00:00.000,2029-03-25 00:00:00.000,2032-03-25 00:00:00.000,ref:ZZLkpNqfLevel:ZZNqfLevel:2;ref:ZZLkpQualityAssuranceBody:ZZQualityAssuranceBody:57;ref:ZZLkpLearningType:ZZLearningType:2;ref:ZZLkpModuleType:ZZModuleType:1
*,576,Y,"900187-000-00-PM-01","Apply, exercise, and ensure safety, health and environmental measures and procedures for mining operations",4,2023-03-25 00:00:00.000,2028-03-25 00:00:00.000,2029-03-25 00:00:00.000,2032-03-25 00:00:00.000,ref:ZZLkpNqfLevel:ZZNqfLevel:2;ref:ZZLkpQualityAssuranceBody:ZZQualityAssuranceBody:57;ref:ZZLkpLearningType:ZZLearningType:1;ref:ZZLkpModuleType:ZZModuleType:1
*,577,Y,"900187-000-00-PM-02",Complete underground hardrock firefighting operations,8,2023-03-25 00:00:00.000,2028-03-25 00:00:00.000,2029-03-25 00:00:00.000,2032-03-25 00:00:00.000,ref:ZZLkpNqfLevel:ZZNqfLevel:2;ref:ZZLkpQualityAssuranceBody:ZZQualityAssuranceBody:57;ref:ZZLkpLearningType:ZZLearningType:1;ref:ZZLkpModuleType:ZZModuleType:2
*,578,Y,"900188-000-00-PM-03",Complete underground coal firefighting operations,8,2023-03-25 00:00:00.000,2028-03-25 00:00:00.000,2029-03-25 00:00:00.000,2032-03-25 00:00:00.000,ref:ZZLkpNqfLevel:ZZNqfLevel:2;ref:ZZLkpQualityAssuranceBody:ZZQualityAssuranceBody:57;ref:ZZLkpLearningType:ZZLearningType:1;ref:ZZLkpModuleType:ZZModuleType:2
*,579,Y,"900189-000-00-PM-04",Complete surface mining firefighting operations,8,2023-03-25 00:00:00.000,2028-03-25 00:00:00.000,2029-03-25 00:00:00.000,2032-03-25 00:00:00.000,ref:ZZLkpNqfLevel:ZZNqfLevel:2;ref:ZZLkpQualityAssuranceBody:ZZQualityAssuranceBody:57;ref:ZZLkpLearningType:ZZLearningType:1;ref:ZZLkpModuleType:ZZModuleType:2
