"AD_Org_ID[Name]","ZZMigrationCode/K","IsActive","ZZUnitStandardType","ZZMigrateValues"
*,1,Y,Core,ZZSkillsProgramme:ZZSkillsProgramme_ID:1;ZZUnitStandard:ZZUnitStandard_id:426
*,2,Y,Core,ZZSkillsProgramme:ZZSkillsProgramme_ID:1;ZZUnitStandard:ZZUnitStandard_id:974
*,3,Y,Core,ZZSkillsProgramme:ZZSkillsProgramme_ID:1;ZZUnitStandard:ZZUnitStandard_id:567
*,4,Y,Core,ZZSkillsProgramme:ZZSkillsProgramme_ID:1;ZZUnitStandard:ZZUnitStandard_id:573
*,5,Y,Core,ZZSkillsProgramme:ZZSkillsProgramme_ID:1;ZZUnitStandard:ZZUnitStandard_id:633
*,6,Y,Core,ZZSkillsProgramme:ZZSkillsProgramme_ID:1;ZZUnitStandard:ZZUnitStandard_id:543
*,7,Y,Core,ZZSkillsProgramme:ZZSkillsProgramme_ID:1;ZZUnitStandard:ZZUnitStandard_id:546
*,8,Y,Core,ZZSkillsProgramme:ZZSkillsProgramme_ID:1;ZZUnitStandard:ZZUnitStandard_id:2227
*,9,Y,Core,ZZSkillsProgramme:ZZSkillsProgramme_ID:1;ZZUnitStandard:ZZUnitStandard_id:2232
*,10,Y,Core,ZZSkillsProgramme:ZZSkillsProgramme_ID:1;ZZUnitStandard:ZZUnitStandard_id:637
*,11,Y,Core,ZZSkillsProgramme:ZZSkillsProgramme_ID:1;ZZUnitStandard:ZZUnitStandard_id:28
*,12,Y,Core,ZZSkillsProgramme:ZZSkillsProgramme_ID:1;ZZUnitStandard:ZZUnitStandard_id:557
*,13,Y,Elective,ZZSkillsProgramme:ZZSkillsProgramme_ID:1;ZZUnitStandard:ZZUnitStandard_id:569
*,14,Y,Core,ZZSkillsProgramme:ZZSkillsProgramme_ID:1;ZZUnitStandard:ZZUnitStandard_id:29
*,15,Y,Elective,ZZSkillsProgramme:ZZSkillsProgramme_ID:1;ZZUnitStandard:ZZUnitStandard_id:967
*,16,Y,Core,ZZSkillsProgramme:ZZSkillsProgramme_ID:1;ZZUnitStandard:ZZUnitStandard_id:968
*,17,Y,Core,ZZSkillsProgramme:ZZSkillsProgramme_ID:1;ZZUnitStandard:ZZUnitStandard_id:576
*,18,Y,Elective,ZZSkillsProgramme:ZZSkillsProgramme_ID:1;ZZUnitStandard:ZZUnitStandard_id:444
*,19,Y,Core,ZZSkillsProgramme:ZZSkillsProgramme_ID:2;ZZUnitStandard:ZZUnitStandard_id:746
*,20,Y,Core,ZZSkillsProgramme:ZZSkillsProgramme_ID:2;ZZUnitStandard:ZZUnitStandard_id:784
*,21,Y,Core,ZZSkillsProgramme:ZZSkillsProgramme_ID:2;ZZUnitStandard:ZZUnitStandard_id:426
*,22,Y,Core,ZZSkillsProgramme:ZZSkillsProgramme_ID:2;ZZUnitStandard:ZZUnitStandard_id:974
*,23,Y,Core,ZZSkillsProgramme:ZZSkillsProgramme_ID:2;ZZUnitStandard:ZZUnitStandard_id:567
*,24,Y,Core,ZZSkillsProgramme:ZZSkillsProgramme_ID:2;ZZUnitStandard:ZZUnitStandard_id:573
*,25,Y,Core,ZZSkillsProgramme:ZZSkillsProgramme_ID:2;ZZUnitStandard:ZZUnitStandard_id:633
*,26,Y,Core,ZZSkillsProgramme:ZZSkillsProgramme_ID:2;ZZUnitStandard:ZZUnitStandard_id:543
*,27,Y,Core,ZZSkillsProgramme:ZZSkillsProgramme_ID:2;ZZUnitStandard:ZZUnitStandard_id:546
*,28,Y,Core,ZZSkillsProgramme:ZZSkillsProgramme_ID:2;ZZUnitStandard:ZZUnitStandard_id:628
*,29,Y,Core,ZZSkillsProgramme:ZZSkillsProgramme_ID:2;ZZUnitStandard:ZZUnitStandard_id:703
*,30,Y,Core,ZZSkillsProgramme:ZZSkillsProgramme_ID:2;ZZUnitStandard:ZZUnitStandard_id:706
*,31,Y,Core,ZZSkillsProgramme:ZZSkillsProgramme_ID:2;ZZUnitStandard:ZZUnitStandard_id:2227
*,32,Y,Core,ZZSkillsProgramme:ZZSkillsProgramme_ID:2;ZZUnitStandard:ZZUnitStandard_id:637
*,33,Y,Core,ZZSkillsProgramme:ZZSkillsProgramme_ID:2;ZZUnitStandard:ZZUnitStandard_id:28
*,34,Y,Core,ZZSkillsProgramme:ZZSkillsProgramme_ID:2;ZZUnitStandard:ZZUnitStandard_id:557
*,35,Y,Core,ZZSkillsProgramme:ZZSkillsProgramme_ID:2;ZZUnitStandard:ZZUnitStandard_id:569
*,36,Y,Core,ZZSkillsProgramme:ZZSkillsProgramme_ID:2;ZZUnitStandard:ZZUnitStandard_id:967
*,37,Y,Core,ZZSkillsProgramme:ZZSkillsProgramme_ID:2;ZZUnitStandard:ZZUnitStandard_id:968
*,38,Y,Core,ZZSkillsProgramme:ZZSkillsProgramme_ID:2;ZZUnitStandard:ZZUnitStandard_id:576
*,39,Y,Core,ZZSkillsProgramme:ZZSkillsProgramme_ID:3;ZZUnitStandard:ZZUnitStandard_id:983
*,40,Y,Elective,ZZSkillsProgramme:ZZSkillsProgramme_ID:3;ZZUnitStandard:ZZUnitStandard_id:665
*,41,Y,Elective,ZZSkillsProgramme:ZZSkillsProgramme_ID:3;ZZUnitStandard:ZZUnitStandard_id:666
*,42,Y,Elective,ZZSkillsProgramme:ZZSkillsProgramme_ID:3;ZZUnitStandard:ZZUnitStandard_id:667
*,43,Y,Elective,ZZSkillsProgramme:ZZSkillsProgramme_ID:3;ZZUnitStandard:ZZUnitStandard_id:764
*,44,Y,Elective,ZZSkillsProgramme:ZZSkillsProgramme_ID:3;ZZUnitStandard:ZZUnitStandard_id:765
*,45,Y,Core,ZZSkillsProgramme:ZZSkillsProgramme_ID:3;ZZUnitStandard:ZZUnitStandard_id:456
*,46,Y,Elective,ZZSkillsProgramme:ZZSkillsProgramme_ID:3;ZZUnitStandard:ZZUnitStandard_id:462
*,47,Y,Core,ZZSkillsProgramme:ZZSkillsProgramme_ID:3;ZZUnitStandard:ZZUnitStandard_id:464
*,48,Y,Elective,ZZSkillsProgramme:ZZSkillsProgramme_ID:3;ZZUnitStandard:ZZUnitStandard_id:980
*,49,Y,Elective,ZZSkillsProgramme:ZZSkillsProgramme_ID:3;ZZUnitStandard:ZZUnitStandard_id:930
*,50,Y,Core,ZZSkillsProgramme:ZZSkillsProgramme_ID:3;ZZUnitStandard:ZZUnitStandard_id:668
*,51,Y,Core,ZZSkillsProgramme:ZZSkillsProgramme_ID:3;ZZUnitStandard:ZZUnitStandard_id:716
*,52,Y,Elective,ZZSkillsProgramme:ZZSkillsProgramme_ID:3;ZZUnitStandard:ZZUnitStandard_id:981
*,53,Y,Core,ZZSkillsProgramme:ZZSkillsProgramme_ID:3;ZZUnitStandard:ZZUnitStandard_id:984
*,54,Y,Elective,ZZSkillsProgramme:ZZSkillsProgramme_ID:3;ZZUnitStandard:ZZUnitStandard_id:2141
*,55,Y,Elective,ZZSkillsProgramme:ZZSkillsProgramme_ID:3;ZZUnitStandard:ZZUnitStandard_id:1996
*,56,Y,Elective,ZZSkillsProgramme:ZZSkillsProgramme_ID:3;ZZUnitStandard:ZZUnitStandard_id:761
*,57,Y,Core,ZZSkillsProgramme:ZZSkillsProgramme_ID:3;ZZUnitStandard:ZZUnitStandard_id:1418
*,58,Y,Core,ZZSkillsProgramme:ZZSkillsProgramme_ID:3;ZZUnitStandard:ZZUnitStandard_id:120
*,59,Y,Core,ZZSkillsProgramme:ZZSkillsProgramme_ID:3;ZZUnitStandard:ZZUnitStandard_id:121
*,60,Y,Elective,ZZSkillsProgramme:ZZSkillsProgramme_ID:3;ZZUnitStandard:ZZUnitStandard_id:130
*,61,Y,Elective,ZZSkillsProgramme:ZZSkillsProgramme_ID:3;ZZUnitStandard:ZZUnitStandard_id:131
*,62,Y,Elective,ZZSkillsProgramme:ZZSkillsProgramme_ID:4;ZZUnitStandard:ZZUnitStandard_id:432
*,63,Y,Elective,ZZSkillsProgramme:ZZSkillsProgramme_ID:4;ZZUnitStandard:ZZUnitStandard_id:983
*,64,Y,Elective,ZZSkillsProgramme:ZZSkillsProgramme_ID:4;ZZUnitStandard:ZZUnitStandard_id:1080
*,65,Y,Elective,ZZSkillsProgramme:ZZSkillsProgramme_ID:4;ZZUnitStandard:ZZUnitStandard_id:1139
*,66,Y,Core,ZZSkillsProgramme:ZZSkillsProgramme_ID:4;ZZUnitStandard:ZZUnitStandard_id:433
*,67,Y,Elective,ZZSkillsProgramme:ZZSkillsProgramme_ID:4;ZZUnitStandard:ZZUnitStandard_id:761
*,68,Y,Core,ZZSkillsProgramme:ZZSkillsProgramme_ID:4;ZZUnitStandard:ZZUnitStandard_id:1668
*,69,Y,Core,ZZSkillsProgramme:ZZSkillsProgramme_ID:4;ZZUnitStandard:ZZUnitStandard_id:1076
*,70,Y,Core,ZZSkillsProgramme:ZZSkillsProgramme_ID:4;ZZUnitStandard:ZZUnitStandard_id:1078
*,71,Y,Core,ZZSkillsProgramme:ZZSkillsProgramme_ID:4;ZZUnitStandard:ZZUnitStandard_id:1077
*,72,Y,Elective,ZZSkillsProgramme:ZZSkillsProgramme_ID:4;ZZUnitStandard:ZZUnitStandard_id:1604
*,73,Y,Core,ZZSkillsProgramme:ZZSkillsProgramme_ID:5;ZZUnitStandard:ZZUnitStandard_id:930
*,74,Y,Core,ZZSkillsProgramme:ZZSkillsProgramme_ID:5;ZZUnitStandard:ZZUnitStandard_id:1010
*,75,Y,Core,ZZSkillsProgramme:ZZSkillsProgramme_ID:5;ZZUnitStandard:ZZUnitStandard_id:1138
*,76,Y,Core,ZZSkillsProgramme:ZZSkillsProgramme_ID:5;ZZUnitStandard:ZZUnitStandard_id:1009
*,77,Y,Core,ZZSkillsProgramme:ZZSkillsProgramme_ID:5;ZZUnitStandard:ZZUnitStandard_id:981
*,78,Y,Core,ZZSkillsProgramme:ZZSkillsProgramme_ID:5;ZZUnitStandard:ZZUnitStandard_id:1139
*,79,Y,Elective,ZZSkillsProgramme:ZZSkillsProgramme_ID:5;ZZUnitStandard:ZZUnitStandard_id:704
*,80,Y,Elective,ZZSkillsProgramme:ZZSkillsProgramme_ID:5;ZZUnitStandard:ZZUnitStandard_id:2266
*,81,Y,Core,ZZSkillsProgramme:ZZSkillsProgramme_ID:6;ZZUnitStandard:ZZUnitStandard_id:830
*,82,Y,Core,ZZSkillsProgramme:ZZSkillsProgramme_ID:6;ZZUnitStandard:ZZUnitStandard_id:828
*,83,Y,Elective,ZZSkillsProgramme:ZZSkillsProgramme_ID:6;ZZUnitStandard:ZZUnitStandard_id:824
*,84,Y,Elective,ZZSkillsProgramme:ZZSkillsProgramme_ID:6;ZZUnitStandard:ZZUnitStandard_id:825
*,85,Y,Core,ZZSkillsProgramme:ZZSkillsProgramme_ID:6;ZZUnitStandard:ZZUnitStandard_id:826
*,86,Y,Core,ZZSkillsProgramme:ZZSkillsProgramme_ID:6;ZZUnitStandard:ZZUnitStandard_id:827
*,87,Y,Core,ZZSkillsProgramme:ZZSkillsProgramme_ID:7;ZZUnitStandard:ZZUnitStandard_id:983
*,88,Y,Elective,ZZSkillsProgramme:ZZSkillsProgramme_ID:7;ZZUnitStandard:ZZUnitStandard_id:436
*,89,Y,Core,ZZSkillsProgramme:ZZSkillsProgramme_ID:7;ZZUnitStandard:ZZUnitStandard_id:980
*,90,Y,Core,ZZSkillsProgramme:ZZSkillsProgramme_ID:7;ZZUnitStandard:ZZUnitStandard_id:930
*,91,Y,Core,ZZSkillsProgramme:ZZSkillsProgramme_ID:7;ZZUnitStandard:ZZUnitStandard_id:1075
*,92,Y,Core,ZZSkillsProgramme:ZZSkillsProgramme_ID:7;ZZUnitStandard:ZZUnitStandard_id:981
*,93,Y,Core,ZZSkillsProgramme:ZZSkillsProgramme_ID:7;ZZUnitStandard:ZZUnitStandard_id:695
*,94,Y,Core,ZZSkillsProgramme:ZZSkillsProgramme_ID:7;ZZUnitStandard:ZZUnitStandard_id:919
*,95,Y,Core,ZZSkillsProgramme:ZZSkillsProgramme_ID:7;ZZUnitStandard:ZZUnitStandard_id:761
*,96,Y,Core,ZZSkillsProgramme:ZZSkillsProgramme_ID:7;ZZUnitStandard:ZZUnitStandard_id:770
*,97,Y,Core,ZZSkillsProgramme:ZZSkillsProgramme_ID:7;ZZUnitStandard:ZZUnitStandard_id:996
*,98,Y,Core,ZZSkillsProgramme:ZZSkillsProgramme_ID:7;ZZUnitStandard:ZZUnitStandard_id:1116
*,99,Y,Core,ZZSkillsProgramme:ZZSkillsProgramme_ID:8;ZZUnitStandard:ZZUnitStandard_id:983
*,100,Y,Core,ZZSkillsProgramme:ZZSkillsProgramme_ID:8;ZZUnitStandard:ZZUnitStandard_id:980
*,101,Y,Core,ZZSkillsProgramme:ZZSkillsProgramme_ID:8;ZZUnitStandard:ZZUnitStandard_id:930
*,102,Y,Core,ZZSkillsProgramme:ZZSkillsProgramme_ID:8;ZZUnitStandard:ZZUnitStandard_id:1075
*,103,Y,Core,ZZSkillsProgramme:ZZSkillsProgramme_ID:8;ZZUnitStandard:ZZUnitStandard_id:981
*,104,Y,Core,ZZSkillsProgramme:ZZSkillsProgramme_ID:8;ZZUnitStandard:ZZUnitStandard_id:695
*,105,Y,Core,ZZSkillsProgramme:ZZSkillsProgramme_ID:8;ZZUnitStandard:ZZUnitStandard_id:919
*,106,Y,Core,ZZSkillsProgramme:ZZSkillsProgramme_ID:8;ZZUnitStandard:ZZUnitStandard_id:761
*,107,Y,Core,ZZSkillsProgramme:ZZSkillsProgramme_ID:8;ZZUnitStandard:ZZUnitStandard_id:770
*,108,Y,Core,ZZSkillsProgramme:ZZSkillsProgramme_ID:8;ZZUnitStandard:ZZUnitStandard_id:996
*,109,Y,Core,ZZSkillsProgramme:ZZSkillsProgramme_ID:8;ZZUnitStandard:ZZUnitStandard_id:1116
*,110,Y,Elective,ZZSkillsProgramme:ZZSkillsProgramme_ID:8;ZZUnitStandard:ZZUnitStandard_id:30
*,111,Y,Elective,ZZSkillsProgramme:ZZSkillsProgramme_ID:8;ZZUnitStandard:ZZUnitStandard_id:31
*,112,Y,Elective,ZZSkillsProgramme:ZZSkillsProgramme_ID:8;ZZUnitStandard:ZZUnitStandard_id:32
*,113,Y,Elective,ZZSkillsProgramme:ZZSkillsProgramme_ID:8;ZZUnitStandard:ZZUnitStandard_id:33
*,114,Y,Elective,ZZSkillsProgramme:ZZSkillsProgramme_ID:9;ZZUnitStandard:ZZUnitStandard_id:453
*,115,Y,Elective,ZZSkillsProgramme:ZZSkillsProgramme_ID:9;ZZUnitStandard:ZZUnitStandard_id:452
*,116,Y,Elective,ZZSkillsProgramme:ZZSkillsProgramme_ID:9;ZZUnitStandard:ZZUnitStandard_id:450
*,117,Y,Elective,ZZSkillsProgramme:ZZSkillsProgramme_ID:9;ZZUnitStandard:ZZUnitStandard_id:449
*,118,Y,Elective,ZZSkillsProgramme:ZZSkillsProgramme_ID:9;ZZUnitStandard:ZZUnitStandard_id:448
*,119,Y,Core,ZZSkillsProgramme:ZZSkillsProgramme_ID:9;ZZUnitStandard:ZZUnitStandard_id:983
*,120,Y,Core,ZZSkillsProgramme:ZZSkillsProgramme_ID:9;ZZUnitStandard:ZZUnitStandard_id:980
*,121,Y,Core,ZZSkillsProgramme:ZZSkillsProgramme_ID:9;ZZUnitStandard:ZZUnitStandard_id:930
*,122,Y,Core,ZZSkillsProgramme:ZZSkillsProgramme_ID:9;ZZUnitStandard:ZZUnitStandard_id:1075
*,123,Y,Core,ZZSkillsProgramme:ZZSkillsProgramme_ID:9;ZZUnitStandard:ZZUnitStandard_id:981
*,124,Y,Core,ZZSkillsProgramme:ZZSkillsProgramme_ID:9;ZZUnitStandard:ZZUnitStandard_id:695
*,125,Y,Core,ZZSkillsProgramme:ZZSkillsProgramme_ID:9;ZZUnitStandard:ZZUnitStandard_id:919
*,126,Y,Core,ZZSkillsProgramme:ZZSkillsProgramme_ID:9;ZZUnitStandard:ZZUnitStandard_id:761
*,127,Y,Core,ZZSkillsProgramme:ZZSkillsProgramme_ID:9;ZZUnitStandard:ZZUnitStandard_id:770
*,128,Y,Core,ZZSkillsProgramme:ZZSkillsProgramme_ID:9;ZZUnitStandard:ZZUnitStandard_id:996
*,129,Y,Core,ZZSkillsProgramme:ZZSkillsProgramme_ID:9;ZZUnitStandard:ZZUnitStandard_id:1116
*,130,Y,Core,ZZSkillsProgramme:ZZSkillsProgramme_ID:10;ZZUnitStandard:ZZUnitStandard_id:983
*,131,Y,Elective,ZZSkillsProgramme:ZZSkillsProgramme_ID:10;ZZUnitStandard:ZZUnitStandard_id:215
*,132,Y,Core,ZZSkillsProgramme:ZZSkillsProgramme_ID:10;ZZUnitStandard:ZZUnitStandard_id:980
*,133,Y,Core,ZZSkillsProgramme:ZZSkillsProgramme_ID:10;ZZUnitStandard:ZZUnitStandard_id:930
*,134,Y,Core,ZZSkillsProgramme:ZZSkillsProgramme_ID:10;ZZUnitStandard:ZZUnitStandard_id:1075
*,135,Y,Core,ZZSkillsProgramme:ZZSkillsProgramme_ID:10;ZZUnitStandard:ZZUnitStandard_id:981
*,136,Y,Core,ZZSkillsProgramme:ZZSkillsProgramme_ID:10;ZZUnitStandard:ZZUnitStandard_id:695
*,137,Y,Core,ZZSkillsProgramme:ZZSkillsProgramme_ID:10;ZZUnitStandard:ZZUnitStandard_id:919
*,138,Y,Elective,ZZSkillsProgramme:ZZSkillsProgramme_ID:10;ZZUnitStandard:ZZUnitStandard_id:439
*,139,Y,Elective,ZZSkillsProgramme:ZZSkillsProgramme_ID:10;ZZUnitStandard:ZZUnitStandard_id:216
*,140,Y,Elective,ZZSkillsProgramme:ZZSkillsProgramme_ID:10;ZZUnitStandard:ZZUnitStandard_id:217
*,141,Y,Core,ZZSkillsProgramme:ZZSkillsProgramme_ID:10;ZZUnitStandard:ZZUnitStandard_id:761
*,142,Y,Core,ZZSkillsProgramme:ZZSkillsProgramme_ID:10;ZZUnitStandard:ZZUnitStandard_id:770
*,143,Y,Core,ZZSkillsProgramme:ZZSkillsProgramme_ID:10;ZZUnitStandard:ZZUnitStandard_id:996
*,144,Y,Core,ZZSkillsProgramme:ZZSkillsProgramme_ID:10;ZZUnitStandard:ZZUnitStandard_id:1116
*,145,Y,Elective,ZZSkillsProgramme:ZZSkillsProgramme_ID:11;ZZUnitStandard:ZZUnitStandard_id:236
*,146,Y,Elective,ZZSkillsProgramme:ZZSkillsProgramme_ID:11;ZZUnitStandard:ZZUnitStandard_id:426
*,147,Y,Core,ZZSkillsProgramme:ZZSkillsProgramme_ID:11;ZZUnitStandard:ZZUnitStandard_id:930
*,148,Y,Core,ZZSkillsProgramme:ZZSkillsProgramme_ID:11;ZZUnitStandard:ZZUnitStandard_id:1138
*,149,Y,Core,ZZSkillsProgramme:ZZSkillsProgramme_ID:11;ZZUnitStandard:ZZUnitStandard_id:981
*,150,Y,Elective,ZZSkillsProgramme:ZZSkillsProgramme_ID:11;ZZUnitStandard:ZZUnitStandard_id:212
*,151,Y,Elective,ZZSkillsProgramme:ZZSkillsProgramme_ID:11;ZZUnitStandard:ZZUnitStandard_id:213
*,152,Y,Core,ZZSkillsProgramme:ZZSkillsProgramme_ID:12;ZZUnitStandard:ZZUnitStandard_id:736
*,153,Y,Elective,ZZSkillsProgramme:ZZSkillsProgramme_ID:12;ZZUnitStandard:ZZUnitStandard_id:212
*,154,Y,Elective,ZZSkillsProgramme:ZZSkillsProgramme_ID:12;ZZUnitStandard:ZZUnitStandard_id:213
*,155,Y,Core,ZZSkillsProgramme:ZZSkillsProgramme_ID:13;ZZUnitStandard:ZZUnitStandard_id:912
*,156,Y,Core,ZZSkillsProgramme:ZZSkillsProgramme_ID:13;ZZUnitStandard:ZZUnitStandard_id:913
*,157,Y,Core,ZZSkillsProgramme:ZZSkillsProgramme_ID:13;ZZUnitStandard:ZZUnitStandard_id:921
*,158,Y,Elective,ZZSkillsProgramme:ZZSkillsProgramme_ID:13;ZZUnitStandard:ZZUnitStandard_id:914
*,159,Y,Elective,ZZSkillsProgramme:ZZSkillsProgramme_ID:13;ZZUnitStandard:ZZUnitStandard_id:915
*,160,Y,Core,ZZSkillsProgramme:ZZSkillsProgramme_ID:13;ZZUnitStandard:ZZUnitStandard_id:916
*,161,Y,Elective,ZZSkillsProgramme:ZZSkillsProgramme_ID:13;ZZUnitStandard:ZZUnitStandard_id:917
*,162,Y,Elective,ZZSkillsProgramme:ZZSkillsProgramme_ID:13;ZZUnitStandard:ZZUnitStandard_id:985
*,163,Y,Elective,ZZSkillsProgramme:ZZSkillsProgramme_ID:14;ZZUnitStandard:ZZUnitStandard_id:581
*,164,Y,Elective,ZZSkillsProgramme:ZZSkillsProgramme_ID:14;ZZUnitStandard:ZZUnitStandard_id:582
*,165,Y,Elective,ZZSkillsProgramme:ZZSkillsProgramme_ID:14;ZZUnitStandard:ZZUnitStandard_id:585
*,166,Y,Elective,ZZSkillsProgramme:ZZSkillsProgramme_ID:14;ZZUnitStandard:ZZUnitStandard_id:584
*,167,Y,Core,ZZSkillsProgramme:ZZSkillsProgramme_ID:14;ZZUnitStandard:ZZUnitStandard_id:746
*,168,Y,Core,ZZSkillsProgramme:ZZSkillsProgramme_ID:14;ZZUnitStandard:ZZUnitStandard_id:744
*,169,Y,Core,ZZSkillsProgramme:ZZSkillsProgramme_ID:14;ZZUnitStandard:ZZUnitStandard_id:745
*,170,Y,Elective,ZZSkillsProgramme:ZZSkillsProgramme_ID:14;ZZUnitStandard:ZZUnitStandard_id:82
*,171,Y,Core,ZZSkillsProgramme:ZZSkillsProgramme_ID:14;ZZUnitStandard:ZZUnitStandard_id:1299
*,172,Y,Core,ZZSkillsProgramme:ZZSkillsProgramme_ID:14;ZZUnitStandard:ZZUnitStandard_id:1300
*,173,Y,Core,ZZSkillsProgramme:ZZSkillsProgramme_ID:14;ZZUnitStandard:ZZUnitStandard_id:1301
*,174,Y,Elective,ZZSkillsProgramme:ZZSkillsProgramme_ID:14;ZZUnitStandard:ZZUnitStandard_id:542
*,175,Y,Elective,ZZSkillsProgramme:ZZSkillsProgramme_ID:14;ZZUnitStandard:ZZUnitStandard_id:565
*,176,Y,Elective,ZZSkillsProgramme:ZZSkillsProgramme_ID:14;ZZUnitStandard:ZZUnitStandard_id:544
*,177,Y,Elective,ZZSkillsProgramme:ZZSkillsProgramme_ID:14;ZZUnitStandard:ZZUnitStandard_id:580
*,178,Y,Core,ZZSkillsProgramme:ZZSkillsProgramme_ID:14;ZZUnitStandard:ZZUnitStandard_id:543
*,179,Y,Elective,ZZSkillsProgramme:ZZSkillsProgramme_ID:14;ZZUnitStandard:ZZUnitStandard_id:546
*,180,Y,Elective,ZZSkillsProgramme:ZZSkillsProgramme_ID:14;ZZUnitStandard:ZZUnitStandard_id:704
*,181,Y,Elective,ZZSkillsProgramme:ZZSkillsProgramme_ID:14;ZZUnitStandard:ZZUnitStandard_id:2265
*,182,Y,Elective,ZZSkillsProgramme:ZZSkillsProgramme_ID:14;ZZUnitStandard:ZZUnitStandard_id:80
*,183,Y,Elective,ZZSkillsProgramme:ZZSkillsProgramme_ID:14;ZZUnitStandard:ZZUnitStandard_id:81
*,184,Y,Elective,ZZSkillsProgramme:ZZSkillsProgramme_ID:14;ZZUnitStandard:ZZUnitStandard_id:28
*,185,Y,Elective,ZZSkillsProgramme:ZZSkillsProgramme_ID:14;ZZUnitStandard:ZZUnitStandard_id:541
*,186,Y,Elective,ZZSkillsProgramme:ZZSkillsProgramme_ID:14;ZZUnitStandard:ZZUnitStandard_id:566
*,187,Y,Core,ZZSkillsProgramme:ZZSkillsProgramme_ID:14;ZZUnitStandard:ZZUnitStandard_id:557
*,188,Y,Core,ZZSkillsProgramme:ZZSkillsProgramme_ID:14;ZZUnitStandard:ZZUnitStandard_id:576
*,189,Y,Elective,ZZSkillsProgramme:ZZSkillsProgramme_ID:15;ZZUnitStandard:ZZUnitStandard_id:82
*,190,Y,Elective,ZZSkillsProgramme:ZZSkillsProgramme_ID:15;ZZUnitStandard:ZZUnitStandard_id:2291
*,191,Y,Core,ZZSkillsProgramme:ZZSkillsProgramme_ID:15;ZZUnitStandard:ZZUnitStandard_id:2290
*,192,Y,Elective,ZZSkillsProgramme:ZZSkillsProgramme_ID:15;ZZUnitStandard:ZZUnitStandard_id:2292
*,193,Y,Elective,ZZSkillsProgramme:ZZSkillsProgramme_ID:15;ZZUnitStandard:ZZUnitStandard_id:2316
*,194,Y,Elective,ZZSkillsProgramme:ZZSkillsProgramme_ID:15;ZZUnitStandard:ZZUnitStandard_id:2289
*,195,Y,Core,ZZSkillsProgramme:ZZSkillsProgramme_ID:15;ZZUnitStandard:ZZUnitStandard_id:2222
*,196,Y,Elective,ZZSkillsProgramme:ZZSkillsProgramme_ID:15;ZZUnitStandard:ZZUnitStandard_id:2293
*,197,Y,Elective,ZZSkillsProgramme:ZZSkillsProgramme_ID:15;ZZUnitStandard:ZZUnitStandard_id:81
*,198,Y,Core,ZZSkillsProgramme:ZZSkillsProgramme_ID:15;ZZUnitStandard:ZZUnitStandard_id:576
*,199,Y,Elective,ZZSkillsProgramme:ZZSkillsProgramme_ID:16;ZZUnitStandard:ZZUnitStandard_id:581
*,200,Y,Elective,ZZSkillsProgramme:ZZSkillsProgramme_ID:16;ZZUnitStandard:ZZUnitStandard_id:582
*,201,Y,Elective,ZZSkillsProgramme:ZZSkillsProgramme_ID:16;ZZUnitStandard:ZZUnitStandard_id:585
*,202,Y,Elective,ZZSkillsProgramme:ZZSkillsProgramme_ID:16;ZZUnitStandard:ZZUnitStandard_id:584
*,203,Y,Core,ZZSkillsProgramme:ZZSkillsProgramme_ID:16;ZZUnitStandard:ZZUnitStandard_id:746
*,204,Y,Core,ZZSkillsProgramme:ZZSkillsProgramme_ID:16;ZZUnitStandard:ZZUnitStandard_id:744
*,205,Y,Elective,ZZSkillsProgramme:ZZSkillsProgramme_ID:16;ZZUnitStandard:ZZUnitStandard_id:745
*,206,Y,Elective,ZZSkillsProgramme:ZZSkillsProgramme_ID:16;ZZUnitStandard:ZZUnitStandard_id:82
*,207,Y,Core,ZZSkillsProgramme:ZZSkillsProgramme_ID:16;ZZUnitStandard:ZZUnitStandard_id:1299
*,208,Y,Core,ZZSkillsProgramme:ZZSkillsProgramme_ID:16;ZZUnitStandard:ZZUnitStandard_id:1300
*,209,Y,Core,ZZSkillsProgramme:ZZSkillsProgramme_ID:16;ZZUnitStandard:ZZUnitStandard_id:1301
*,210,Y,Elective,ZZSkillsProgramme:ZZSkillsProgramme_ID:16;ZZUnitStandard:ZZUnitStandard_id:542
*,211,Y,Elective,ZZSkillsProgramme:ZZSkillsProgramme_ID:16;ZZUnitStandard:ZZUnitStandard_id:565
*,212,Y,Elective,ZZSkillsProgramme:ZZSkillsProgramme_ID:16;ZZUnitStandard:ZZUnitStandard_id:544
*,213,Y,Elective,ZZSkillsProgramme:ZZSkillsProgramme_ID:16;ZZUnitStandard:ZZUnitStandard_id:580
*,214,Y,Core,ZZSkillsProgramme:ZZSkillsProgramme_ID:16;ZZUnitStandard:ZZUnitStandard_id:543
*,215,Y,Elective,ZZSkillsProgramme:ZZSkillsProgramme_ID:16;ZZUnitStandard:ZZUnitStandard_id:546
*,216,Y,Elective,ZZSkillsProgramme:ZZSkillsProgramme_ID:16;ZZUnitStandard:ZZUnitStandard_id:704
*,217,Y,Elective,ZZSkillsProgramme:ZZSkillsProgramme_ID:16;ZZUnitStandard:ZZUnitStandard_id:2265
*,218,Y,Elective,ZZSkillsProgramme:ZZSkillsProgramme_ID:16;ZZUnitStandard:ZZUnitStandard_id:80
*,219,Y,Elective,ZZSkillsProgramme:ZZSkillsProgramme_ID:16;ZZUnitStandard:ZZUnitStandard_id:81
*,220,Y,Elective,ZZSkillsProgramme:ZZSkillsProgramme_ID:16;ZZUnitStandard:ZZUnitStandard_id:2042
*,221,Y,Elective,ZZSkillsProgramme:ZZSkillsProgramme_ID:16;ZZUnitStandard:ZZUnitStandard_id:28
*,222,Y,Elective,ZZSkillsProgramme:ZZSkillsProgramme_ID:16;ZZUnitStandard:ZZUnitStandard_id:541
*,223,Y,Elective,ZZSkillsProgramme:ZZSkillsProgramme_ID:16;ZZUnitStandard:ZZUnitStandard_id:566
*,224,Y,Core,ZZSkillsProgramme:ZZSkillsProgramme_ID:16;ZZUnitStandard:ZZUnitStandard_id:576
*,225,Y,Elective,ZZSkillsProgramme:ZZSkillsProgramme_ID:17;ZZUnitStandard:ZZUnitStandard_id:901
*,226,Y,Elective,ZZSkillsProgramme:ZZSkillsProgramme_ID:17;ZZUnitStandard:ZZUnitStandard_id:95
*,227,Y,Elective,ZZSkillsProgramme:ZZSkillsProgramme_ID:17;ZZUnitStandard:ZZUnitStandard_id:96
*,228,Y,Elective,ZZSkillsProgramme:ZZSkillsProgramme_ID:17;ZZUnitStandard:ZZUnitStandard_id:771
*,229,Y,Elective,ZZSkillsProgramme:ZZSkillsProgramme_ID:17;ZZUnitStandard:ZZUnitStandard_id:645
*,230,Y,Elective,ZZSkillsProgramme:ZZSkillsProgramme_ID:17;ZZUnitStandard:ZZUnitStandard_id:527
*,231,Y,Elective,ZZSkillsProgramme:ZZSkillsProgramme_ID:17;ZZUnitStandard:ZZUnitStandard_id:975
*,232,Y,Core,ZZSkillsProgramme:ZZSkillsProgramme_ID:17;ZZUnitStandard:ZZUnitStandard_id:1034
*,233,Y,Core,ZZSkillsProgramme:ZZSkillsProgramme_ID:17;ZZUnitStandard:ZZUnitStandard_id:2536
*,234,Y,Core,ZZSkillsProgramme:ZZSkillsProgramme_ID:17;ZZUnitStandard:ZZUnitStandard_id:93
*,235,Y,Elective,ZZSkillsProgramme:ZZSkillsProgramme_ID:17;ZZUnitStandard:ZZUnitStandard_id:92
*,236,Y,Elective,ZZSkillsProgramme:ZZSkillsProgramme_ID:17;ZZUnitStandard:ZZUnitStandard_id:102
*,237,Y,Elective,ZZSkillsProgramme:ZZSkillsProgramme_ID:17;ZZUnitStandard:ZZUnitStandard_id:103
*,238,Y,Elective,ZZSkillsProgramme:ZZSkillsProgramme_ID:17;ZZUnitStandard:ZZUnitStandard_id:104
*,239,Y,Elective,ZZSkillsProgramme:ZZSkillsProgramme_ID:17;ZZUnitStandard:ZZUnitStandard_id:105
*,240,Y,Core,ZZSkillsProgramme:ZZSkillsProgramme_ID:17;ZZUnitStandard:ZZUnitStandard_id:37
*,241,Y,Elective,ZZSkillsProgramme:ZZSkillsProgramme_ID:18;ZZUnitStandard:ZZUnitStandard_id:901
*,242,Y,Elective,ZZSkillsProgramme:ZZSkillsProgramme_ID:18;ZZUnitStandard:ZZUnitStandard_id:95
*,243,Y,Elective,ZZSkillsProgramme:ZZSkillsProgramme_ID:18;ZZUnitStandard:ZZUnitStandard_id:96
*,244,Y,Elective,ZZSkillsProgramme:ZZSkillsProgramme_ID:18;ZZUnitStandard:ZZUnitStandard_id:771
*,245,Y,Elective,ZZSkillsProgramme:ZZSkillsProgramme_ID:18;ZZUnitStandard:ZZUnitStandard_id:645
*,246,Y,Elective,ZZSkillsProgramme:ZZSkillsProgramme_ID:18;ZZUnitStandard:ZZUnitStandard_id:1030
*,247,Y,Elective,ZZSkillsProgramme:ZZSkillsProgramme_ID:18;ZZUnitStandard:ZZUnitStandard_id:1066
*,248,Y,Elective,ZZSkillsProgramme:ZZSkillsProgramme_ID:18;ZZUnitStandard:ZZUnitStandard_id:417
*,249,Y,Elective,ZZSkillsProgramme:ZZSkillsProgramme_ID:18;ZZUnitStandard:ZZUnitStandard_id:980
*,250,Y,Elective,ZZSkillsProgramme:ZZSkillsProgramme_ID:18;ZZUnitStandard:ZZUnitStandard_id:527
*,251,Y,Elective,ZZSkillsProgramme:ZZSkillsProgramme_ID:18;ZZUnitStandard:ZZUnitStandard_id:534
*,252,Y,Core,ZZSkillsProgramme:ZZSkillsProgramme_ID:18;ZZUnitStandard:ZZUnitStandard_id:975
*,253,Y,Elective,ZZSkillsProgramme:ZZSkillsProgramme_ID:18;ZZUnitStandard:ZZUnitStandard_id:627
*,254,Y,Elective,ZZSkillsProgramme:ZZSkillsProgramme_ID:18;ZZUnitStandard:ZZUnitStandard_id:1034
*,255,Y,Elective,ZZSkillsProgramme:ZZSkillsProgramme_ID:18;ZZUnitStandard:ZZUnitStandard_id:529
*,256,Y,Elective,ZZSkillsProgramme:ZZSkillsProgramme_ID:18;ZZUnitStandard:ZZUnitStandard_id:606
*,257,Y,Elective,ZZSkillsProgramme:ZZSkillsProgramme_ID:18;ZZUnitStandard:ZZUnitStandard_id:531
*,258,Y,Core,ZZSkillsProgramme:ZZSkillsProgramme_ID:18;ZZUnitStandard:ZZUnitStandard_id:530
*,259,Y,Core,ZZSkillsProgramme:ZZSkillsProgramme_ID:18;ZZUnitStandard:ZZUnitStandard_id:93
*,260,Y,Elective,ZZSkillsProgramme:ZZSkillsProgramme_ID:18;ZZUnitStandard:ZZUnitStandard_id:101
*,261,Y,Elective,ZZSkillsProgramme:ZZSkillsProgramme_ID:18;ZZUnitStandard:ZZUnitStandard_id:92
*,262,Y,Elective,ZZSkillsProgramme:ZZSkillsProgramme_ID:18;ZZUnitStandard:ZZUnitStandard_id:102
*,263,Y,Elective,ZZSkillsProgramme:ZZSkillsProgramme_ID:18;ZZUnitStandard:ZZUnitStandard_id:103
*,264,Y,Elective,ZZSkillsProgramme:ZZSkillsProgramme_ID:18;ZZUnitStandard:ZZUnitStandard_id:104
*,265,Y,Elective,ZZSkillsProgramme:ZZSkillsProgramme_ID:18;ZZUnitStandard:ZZUnitStandard_id:105
*,266,Y,Elective,ZZSkillsProgramme:ZZSkillsProgramme_ID:18;ZZUnitStandard:ZZUnitStandard_id:107
*,267,Y,Elective,ZZSkillsProgramme:ZZSkillsProgramme_ID:18;ZZUnitStandard:ZZUnitStandard_id:108
*,268,Y,Core,ZZSkillsProgramme:ZZSkillsProgramme_ID:18;ZZUnitStandard:ZZUnitStandard_id:37
*,269,Y,Elective,ZZSkillsProgramme:ZZSkillsProgramme_ID:19;ZZUnitStandard:ZZUnitStandard_id:96
*,270,Y,Elective,ZZSkillsProgramme:ZZSkillsProgramme_ID:19;ZZUnitStandard:ZZUnitStandard_id:771
*,271,Y,Elective,ZZSkillsProgramme:ZZSkillsProgramme_ID:19;ZZUnitStandard:ZZUnitStandard_id:1028
*,272,Y,Elective,ZZSkillsProgramme:ZZSkillsProgramme_ID:19;ZZUnitStandard:ZZUnitStandard_id:975
*,273,Y,Elective,ZZSkillsProgramme:ZZSkillsProgramme_ID:19;ZZUnitStandard:ZZUnitStandard_id:614
*,274,Y,Elective,ZZSkillsProgramme:ZZSkillsProgramme_ID:19;ZZUnitStandard:ZZUnitStandard_id:529
*,275,Y,Core,ZZSkillsProgramme:ZZSkillsProgramme_ID:19;ZZUnitStandard:ZZUnitStandard_id:530
*,276,Y,Elective,ZZSkillsProgramme:ZZSkillsProgramme_ID:19;ZZUnitStandard:ZZUnitStandard_id:92
*,277,Y,Elective,ZZSkillsProgramme:ZZSkillsProgramme_ID:19;ZZUnitStandard:ZZUnitStandard_id:103
*,278,Y,Elective,ZZSkillsProgramme:ZZSkillsProgramme_ID:19;ZZUnitStandard:ZZUnitStandard_id:105
*,279,Y,Elective,ZZSkillsProgramme:ZZSkillsProgramme_ID:19;ZZUnitStandard:ZZUnitStandard_id:109
*,280,Y,Elective,ZZSkillsProgramme:ZZSkillsProgramme_ID:19;ZZUnitStandard:ZZUnitStandard_id:39
*,281,Y,Elective,ZZSkillsProgramme:ZZSkillsProgramme_ID:19;ZZUnitStandard:ZZUnitStandard_id:38
*,282,Y,Core,ZZSkillsProgramme:ZZSkillsProgramme_ID:19;ZZUnitStandard:ZZUnitStandard_id:37
*,283,Y,Elective,ZZSkillsProgramme:ZZSkillsProgramme_ID:20;ZZUnitStandard:ZZUnitStandard_id:901
*,284,Y,Elective,ZZSkillsProgramme:ZZSkillsProgramme_ID:20;ZZUnitStandard:ZZUnitStandard_id:96
*,285,Y,Elective,ZZSkillsProgramme:ZZSkillsProgramme_ID:20;ZZUnitStandard:ZZUnitStandard_id:645
*,286,Y,Elective,ZZSkillsProgramme:ZZSkillsProgramme_ID:20;ZZUnitStandard:ZZUnitStandard_id:469
*,287,Y,Elective,ZZSkillsProgramme:ZZSkillsProgramme_ID:20;ZZUnitStandard:ZZUnitStandard_id:387
*,288,Y,Elective,ZZSkillsProgramme:ZZSkillsProgramme_ID:20;ZZUnitStandard:ZZUnitStandard_id:1231
*,289,Y,Elective,ZZSkillsProgramme:ZZSkillsProgramme_ID:20;ZZUnitStandard:ZZUnitStandard_id:525
*,290,Y,Elective,ZZSkillsProgramme:ZZSkillsProgramme_ID:20;ZZUnitStandard:ZZUnitStandard_id:536
*,291,Y,Elective,ZZSkillsProgramme:ZZSkillsProgramme_ID:20;ZZUnitStandard:ZZUnitStandard_id:975
*,292,Y,Elective,ZZSkillsProgramme:ZZSkillsProgramme_ID:20;ZZUnitStandard:ZZUnitStandard_id:538
*,293,Y,Elective,ZZSkillsProgramme:ZZSkillsProgramme_ID:20;ZZUnitStandard:ZZUnitStandard_id:526
*,294,Y,Core,ZZSkillsProgramme:ZZSkillsProgramme_ID:20;ZZUnitStandard:ZZUnitStandard_id:1034
*,295,Y,Elective,ZZSkillsProgramme:ZZSkillsProgramme_ID:20;ZZUnitStandard:ZZUnitStandard_id:529
*,296,Y,Elective,ZZSkillsProgramme:ZZSkillsProgramme_ID:20;ZZUnitStandard:ZZUnitStandard_id:1234
*,297,Y,Elective,ZZSkillsProgramme:ZZSkillsProgramme_ID:20;ZZUnitStandard:ZZUnitStandard_id:1029
*,298,Y,Elective,ZZSkillsProgramme:ZZSkillsProgramme_ID:20;ZZUnitStandard:ZZUnitStandard_id:93
*,299,Y,Elective,ZZSkillsProgramme:ZZSkillsProgramme_ID:20;ZZUnitStandard:ZZUnitStandard_id:94
*,300,Y,Elective,ZZSkillsProgramme:ZZSkillsProgramme_ID:20;ZZUnitStandard:ZZUnitStandard_id:92
*,301,Y,Elective,ZZSkillsProgramme:ZZSkillsProgramme_ID:20;ZZUnitStandard:ZZUnitStandard_id:102
*,302,Y,Elective,ZZSkillsProgramme:ZZSkillsProgramme_ID:20;ZZUnitStandard:ZZUnitStandard_id:103
*,303,Y,Elective,ZZSkillsProgramme:ZZSkillsProgramme_ID:20;ZZUnitStandard:ZZUnitStandard_id:105
*,304,Y,Elective,ZZSkillsProgramme:ZZSkillsProgramme_ID:20;ZZUnitStandard:ZZUnitStandard_id:106
*,305,Y,Elective,ZZSkillsProgramme:ZZSkillsProgramme_ID:20;ZZUnitStandard:ZZUnitStandard_id:39
*,306,Y,Elective,ZZSkillsProgramme:ZZSkillsProgramme_ID:20;ZZUnitStandard:ZZUnitStandard_id:40
*,307,Y,Elective,ZZSkillsProgramme:ZZSkillsProgramme_ID:20;ZZUnitStandard:ZZUnitStandard_id:38
*,308,Y,Core,ZZSkillsProgramme:ZZSkillsProgramme_ID:20;ZZUnitStandard:ZZUnitStandard_id:37
*,309,Y,Core,ZZSkillsProgramme:ZZSkillsProgramme_ID:21;ZZUnitStandard:ZZUnitStandard_id:666
*,310,Y,Core,ZZSkillsProgramme:ZZSkillsProgramme_ID:21;ZZUnitStandard:ZZUnitStandard_id:667
*,311,Y,Core,ZZSkillsProgramme:ZZSkillsProgramme_ID:21;ZZUnitStandard:ZZUnitStandard_id:765
*,312,Y,Core,ZZSkillsProgramme:ZZSkillsProgramme_ID:21;ZZUnitStandard:ZZUnitStandard_id:766
*,313,Y,Core,ZZSkillsProgramme:ZZSkillsProgramme_ID:21;ZZUnitStandard:ZZUnitStandard_id:462
*,314,Y,Core,ZZSkillsProgramme:ZZSkillsProgramme_ID:21;ZZUnitStandard:ZZUnitStandard_id:120
*,315,Y,Core,ZZSkillsProgramme:ZZSkillsProgramme_ID:21;ZZUnitStandard:ZZUnitStandard_id:59
*,316,Y,Core,ZZSkillsProgramme:ZZSkillsProgramme_ID:22;ZZUnitStandard:ZZUnitStandard_id:667
*,317,Y,Core,ZZSkillsProgramme:ZZSkillsProgramme_ID:22;ZZUnitStandard:ZZUnitStandard_id:765
*,318,Y,Core,ZZSkillsProgramme:ZZSkillsProgramme_ID:22;ZZUnitStandard:ZZUnitStandard_id:668
*,319,Y,Core,ZZSkillsProgramme:ZZSkillsProgramme_ID:22;ZZUnitStandard:ZZUnitStandard_id:120
*,320,Y,Core,ZZSkillsProgramme:ZZSkillsProgramme_ID:23;ZZUnitStandard:ZZUnitStandard_id:665
*,321,Y,Core,ZZSkillsProgramme:ZZSkillsProgramme_ID:23;ZZUnitStandard:ZZUnitStandard_id:668
*,322,Y,Core,ZZSkillsProgramme:ZZSkillsProgramme_ID:23;ZZUnitStandard:ZZUnitStandard_id:1996
*,323,Y,Core,ZZSkillsProgramme:ZZSkillsProgramme_ID:23;ZZUnitStandard:ZZUnitStandard_id:120
*,324,Y,Core,ZZSkillsProgramme:ZZSkillsProgramme_ID:23;ZZUnitStandard:ZZUnitStandard_id:121
*,325,Y,Core,ZZSkillsProgramme:ZZSkillsProgramme_ID:23;ZZUnitStandard:ZZUnitStandard_id:60
*,326,Y,Core,ZZSkillsProgramme:ZZSkillsProgramme_ID:24;ZZUnitStandard:ZZUnitStandard_id:983
*,327,Y,Core,ZZSkillsProgramme:ZZSkillsProgramme_ID:24;ZZUnitStandard:ZZUnitStandard_id:666
*,328,Y,Core,ZZSkillsProgramme:ZZSkillsProgramme_ID:24;ZZUnitStandard:ZZUnitStandard_id:668
*,329,Y,Core,ZZSkillsProgramme:ZZSkillsProgramme_ID:24;ZZUnitStandard:ZZUnitStandard_id:1996
*,330,Y,Elective,ZZSkillsProgramme:ZZSkillsProgramme_ID:24;ZZUnitStandard:ZZUnitStandard_id:79
*,331,Y,Core,ZZSkillsProgramme:ZZSkillsProgramme_ID:24;ZZUnitStandard:ZZUnitStandard_id:120
*,332,Y,Core,ZZSkillsProgramme:ZZSkillsProgramme_ID:24;ZZUnitStandard:ZZUnitStandard_id:61
*,333,Y,Core,ZZSkillsProgramme:ZZSkillsProgramme_ID:24;ZZUnitStandard:ZZUnitStandard_id:62
*,334,Y,Core,ZZSkillsProgramme:ZZSkillsProgramme_ID:24;ZZUnitStandard:ZZUnitStandard_id:63
*,335,Y,Elective,ZZSkillsProgramme:ZZSkillsProgramme_ID:24;ZZUnitStandard:ZZUnitStandard_id:69
*,336,Y,Core,ZZSkillsProgramme:ZZSkillsProgramme_ID:25;ZZUnitStandard:ZZUnitStandard_id:985
*,337,Y,Core,ZZSkillsProgramme:ZZSkillsProgramme_ID:25;ZZUnitStandard:ZZUnitStandard_id:137
*,338,Y,Core,ZZSkillsProgramme:ZZSkillsProgramme_ID:26;ZZUnitStandard:ZZUnitStandard_id:985
*,339,Y,Core,ZZSkillsProgramme:ZZSkillsProgramme_ID:26;ZZUnitStandard:ZZUnitStandard_id:138
*,340,Y,Core,ZZSkillsProgramme:ZZSkillsProgramme_ID:27;ZZUnitStandard:ZZUnitStandard_id:985
*,341,Y,Core,ZZSkillsProgramme:ZZSkillsProgramme_ID:27;ZZUnitStandard:ZZUnitStandard_id:141
*,342,Y,Core,ZZSkillsProgramme:ZZSkillsProgramme_ID:28;ZZUnitStandard:ZZUnitStandard_id:355
*,343,Y,Core,ZZSkillsProgramme:ZZSkillsProgramme_ID:28;ZZUnitStandard:ZZUnitStandard_id:922
*,344,Y,Core,ZZSkillsProgramme:ZZSkillsProgramme_ID:28;ZZUnitStandard:ZZUnitStandard_id:930
*,345,Y,Core,ZZSkillsProgramme:ZZSkillsProgramme_ID:28;ZZUnitStandard:ZZUnitStandard_id:88
*,346,Y,Core,ZZSkillsProgramme:ZZSkillsProgramme_ID:28;ZZUnitStandard:ZZUnitStandard_id:91
*,347,Y,Core,ZZSkillsProgramme:ZZSkillsProgramme_ID:28;ZZUnitStandard:ZZUnitStandard_id:84
*,348,Y,Core,ZZSkillsProgramme:ZZSkillsProgramme_ID:28;ZZUnitStandard:ZZUnitStandard_id:89
*,349,Y,Elective,ZZSkillsProgramme:ZZSkillsProgramme_ID:29;ZZUnitStandard:ZZUnitStandard_id:581
*,350,Y,Elective,ZZSkillsProgramme:ZZSkillsProgramme_ID:29;ZZUnitStandard:ZZUnitStandard_id:745
*,351,Y,Elective,ZZSkillsProgramme:ZZSkillsProgramme_ID:29;ZZUnitStandard:ZZUnitStandard_id:819
*,352,Y,Core,ZZSkillsProgramme:ZZSkillsProgramme_ID:29;ZZUnitStandard:ZZUnitStandard_id:902
*,353,Y,Core,ZZSkillsProgramme:ZZSkillsProgramme_ID:29;ZZUnitStandard:ZZUnitStandard_id:355
*,354,Y,Core,ZZSkillsProgramme:ZZSkillsProgramme_ID:29;ZZUnitStandard:ZZUnitStandard_id:940
*,355,Y,Elective,ZZSkillsProgramme:ZZSkillsProgramme_ID:29;ZZUnitStandard:ZZUnitStandard_id:82
*,356,Y,Elective,ZZSkillsProgramme:ZZSkillsProgramme_ID:29;ZZUnitStandard:ZZUnitStandard_id:1299
*,357,Y,Elective,ZZSkillsProgramme:ZZSkillsProgramme_ID:29;ZZUnitStandard:ZZUnitStandard_id:1300
*,358,Y,Elective,ZZSkillsProgramme:ZZSkillsProgramme_ID:29;ZZUnitStandard:ZZUnitStandard_id:542
*,359,Y,Elective,ZZSkillsProgramme:ZZSkillsProgramme_ID:29;ZZUnitStandard:ZZUnitStandard_id:565
*,360,Y,Elective,ZZSkillsProgramme:ZZSkillsProgramme_ID:29;ZZUnitStandard:ZZUnitStandard_id:544
*,361,Y,Elective,ZZSkillsProgramme:ZZSkillsProgramme_ID:29;ZZUnitStandard:ZZUnitStandard_id:580
*,362,Y,Elective,ZZSkillsProgramme:ZZSkillsProgramme_ID:29;ZZUnitStandard:ZZUnitStandard_id:594
*,363,Y,Elective,ZZSkillsProgramme:ZZSkillsProgramme_ID:29;ZZUnitStandard:ZZUnitStandard_id:704
*,364,Y,Elective,ZZSkillsProgramme:ZZSkillsProgramme_ID:29;ZZUnitStandard:ZZUnitStandard_id:2265
*,365,Y,Elective,ZZSkillsProgramme:ZZSkillsProgramme_ID:29;ZZUnitStandard:ZZUnitStandard_id:80
*,366,Y,Elective,ZZSkillsProgramme:ZZSkillsProgramme_ID:29;ZZUnitStandard:ZZUnitStandard_id:87
*,367,Y,Core,ZZSkillsProgramme:ZZSkillsProgramme_ID:29;ZZUnitStandard:ZZUnitStandard_id:88
*,368,Y,Elective,ZZSkillsProgramme:ZZSkillsProgramme_ID:29;ZZUnitStandard:ZZUnitStandard_id:541
*,369,Y,Core,ZZSkillsProgramme:ZZSkillsProgramme_ID:29;ZZUnitStandard:ZZUnitStandard_id:566
*,370,Y,Elective,ZZSkillsProgramme:ZZSkillsProgramme_ID:29;ZZUnitStandard:ZZUnitStandard_id:557
*,371,Y,Core,ZZSkillsProgramme:ZZSkillsProgramme_ID:29;ZZUnitStandard:ZZUnitStandard_id:9
*,372,Y,Elective,ZZSkillsProgramme:ZZSkillsProgramme_ID:30;ZZUnitStandard:ZZUnitStandard_id:581
*,373,Y,Elective,ZZSkillsProgramme:ZZSkillsProgramme_ID:30;ZZUnitStandard:ZZUnitStandard_id:745
*,374,Y,Elective,ZZSkillsProgramme:ZZSkillsProgramme_ID:30;ZZUnitStandard:ZZUnitStandard_id:819
*,375,Y,Core,ZZSkillsProgramme:ZZSkillsProgramme_ID:30;ZZUnitStandard:ZZUnitStandard_id:902
*,376,Y,Core,ZZSkillsProgramme:ZZSkillsProgramme_ID:30;ZZUnitStandard:ZZUnitStandard_id:355
*,377,Y,Core,ZZSkillsProgramme:ZZSkillsProgramme_ID:30;ZZUnitStandard:ZZUnitStandard_id:940
*,378,Y,Elective,ZZSkillsProgramme:ZZSkillsProgramme_ID:30;ZZUnitStandard:ZZUnitStandard_id:82
*,379,Y,Elective,ZZSkillsProgramme:ZZSkillsProgramme_ID:30;ZZUnitStandard:ZZUnitStandard_id:1299
*,380,Y,Elective,ZZSkillsProgramme:ZZSkillsProgramme_ID:30;ZZUnitStandard:ZZUnitStandard_id:1300
*,381,Y,Elective,ZZSkillsProgramme:ZZSkillsProgramme_ID:30;ZZUnitStandard:ZZUnitStandard_id:542
*,382,Y,Elective,ZZSkillsProgramme:ZZSkillsProgramme_ID:30;ZZUnitStandard:ZZUnitStandard_id:565
*,383,Y,Elective,ZZSkillsProgramme:ZZSkillsProgramme_ID:30;ZZUnitStandard:ZZUnitStandard_id:544
*,384,Y,Elective,ZZSkillsProgramme:ZZSkillsProgramme_ID:30;ZZUnitStandard:ZZUnitStandard_id:580
*,385,Y,Elective,ZZSkillsProgramme:ZZSkillsProgramme_ID:30;ZZUnitStandard:ZZUnitStandard_id:594
*,386,Y,Elective,ZZSkillsProgramme:ZZSkillsProgramme_ID:30;ZZUnitStandard:ZZUnitStandard_id:704
*,387,Y,Elective,ZZSkillsProgramme:ZZSkillsProgramme_ID:30;ZZUnitStandard:ZZUnitStandard_id:2265
*,388,Y,Elective,ZZSkillsProgramme:ZZSkillsProgramme_ID:30;ZZUnitStandard:ZZUnitStandard_id:80
*,389,Y,Elective,ZZSkillsProgramme:ZZSkillsProgramme_ID:30;ZZUnitStandard:ZZUnitStandard_id:87
*,390,Y,Core,ZZSkillsProgramme:ZZSkillsProgramme_ID:30;ZZUnitStandard:ZZUnitStandard_id:88
*,391,Y,Core,ZZSkillsProgramme:ZZSkillsProgramme_ID:30;ZZUnitStandard:ZZUnitStandard_id:349
*,392,Y,Elective,ZZSkillsProgramme:ZZSkillsProgramme_ID:30;ZZUnitStandard:ZZUnitStandard_id:541
*,393,Y,Elective,ZZSkillsProgramme:ZZSkillsProgramme_ID:30;ZZUnitStandard:ZZUnitStandard_id:566
*,394,Y,Elective,ZZSkillsProgramme:ZZSkillsProgramme_ID:30;ZZUnitStandard:ZZUnitStandard_id:557
*,395,Y,Core,ZZSkillsProgramme:ZZSkillsProgramme_ID:30;ZZUnitStandard:ZZUnitStandard_id:11
*,396,Y,Elective,ZZSkillsProgramme:ZZSkillsProgramme_ID:31;ZZUnitStandard:ZZUnitStandard_id:581
*,397,Y,Elective,ZZSkillsProgramme:ZZSkillsProgramme_ID:31;ZZUnitStandard:ZZUnitStandard_id:745
*,398,Y,Elective,ZZSkillsProgramme:ZZSkillsProgramme_ID:31;ZZUnitStandard:ZZUnitStandard_id:819
*,399,Y,Core,ZZSkillsProgramme:ZZSkillsProgramme_ID:31;ZZUnitStandard:ZZUnitStandard_id:902
*,400,Y,Core,ZZSkillsProgramme:ZZSkillsProgramme_ID:31;ZZUnitStandard:ZZUnitStandard_id:355
*,401,Y,Core,ZZSkillsProgramme:ZZSkillsProgramme_ID:31;ZZUnitStandard:ZZUnitStandard_id:940
*,402,Y,Elective,ZZSkillsProgramme:ZZSkillsProgramme_ID:31;ZZUnitStandard:ZZUnitStandard_id:82
*,403,Y,Elective,ZZSkillsProgramme:ZZSkillsProgramme_ID:31;ZZUnitStandard:ZZUnitStandard_id:1299
*,404,Y,Elective,ZZSkillsProgramme:ZZSkillsProgramme_ID:31;ZZUnitStandard:ZZUnitStandard_id:1300
*,405,Y,Elective,ZZSkillsProgramme:ZZSkillsProgramme_ID:31;ZZUnitStandard:ZZUnitStandard_id:542
*,406,Y,Elective,ZZSkillsProgramme:ZZSkillsProgramme_ID:31;ZZUnitStandard:ZZUnitStandard_id:565
*,407,Y,Elective,ZZSkillsProgramme:ZZSkillsProgramme_ID:31;ZZUnitStandard:ZZUnitStandard_id:544
*,408,Y,Elective,ZZSkillsProgramme:ZZSkillsProgramme_ID:31;ZZUnitStandard:ZZUnitStandard_id:580
*,409,Y,Elective,ZZSkillsProgramme:ZZSkillsProgramme_ID:31;ZZUnitStandard:ZZUnitStandard_id:594
*,410,Y,Elective,ZZSkillsProgramme:ZZSkillsProgramme_ID:31;ZZUnitStandard:ZZUnitStandard_id:704
*,411,Y,Elective,ZZSkillsProgramme:ZZSkillsProgramme_ID:31;ZZUnitStandard:ZZUnitStandard_id:2265
*,412,Y,Elective,ZZSkillsProgramme:ZZSkillsProgramme_ID:31;ZZUnitStandard:ZZUnitStandard_id:80
*,413,Y,Elective,ZZSkillsProgramme:ZZSkillsProgramme_ID:31;ZZUnitStandard:ZZUnitStandard_id:87
*,414,Y,Core,ZZSkillsProgramme:ZZSkillsProgramme_ID:31;ZZUnitStandard:ZZUnitStandard_id:88
*,415,Y,Core,ZZSkillsProgramme:ZZSkillsProgramme_ID:31;ZZUnitStandard:ZZUnitStandard_id:349
*,416,Y,Elective,ZZSkillsProgramme:ZZSkillsProgramme_ID:31;ZZUnitStandard:ZZUnitStandard_id:541
*,417,Y,Elective,ZZSkillsProgramme:ZZSkillsProgramme_ID:31;ZZUnitStandard:ZZUnitStandard_id:566
*,418,Y,Elective,ZZSkillsProgramme:ZZSkillsProgramme_ID:31;ZZUnitStandard:ZZUnitStandard_id:557
*,419,Y,Core,ZZSkillsProgramme:ZZSkillsProgramme_ID:31;ZZUnitStandard:ZZUnitStandard_id:11
*,420,Y,Core,ZZSkillsProgramme:ZZSkillsProgramme_ID:32;ZZUnitStandard:ZZUnitStandard_id:355
*,421,Y,Elective,ZZSkillsProgramme:ZZSkillsProgramme_ID:32;ZZUnitStandard:ZZUnitStandard_id:82
*,422,Y,Elective,ZZSkillsProgramme:ZZSkillsProgramme_ID:32;ZZUnitStandard:ZZUnitStandard_id:542
*,423,Y,Elective,ZZSkillsProgramme:ZZSkillsProgramme_ID:32;ZZUnitStandard:ZZUnitStandard_id:544
*,424,Y,Core,ZZSkillsProgramme:ZZSkillsProgramme_ID:32;ZZUnitStandard:ZZUnitStandard_id:2043
*,425,Y,Core,ZZSkillsProgramme:ZZSkillsProgramme_ID:32;ZZUnitStandard:ZZUnitStandard_id:829
*,426,Y,Core,ZZSkillsProgramme:ZZSkillsProgramme_ID:32;ZZUnitStandard:ZZUnitStandard_id:594
*,427,Y,Elective,ZZSkillsProgramme:ZZSkillsProgramme_ID:32;ZZUnitStandard:ZZUnitStandard_id:704
*,428,Y,Elective,ZZSkillsProgramme:ZZSkillsProgramme_ID:32;ZZUnitStandard:ZZUnitStandard_id:80
*,429,Y,Elective,ZZSkillsProgramme:ZZSkillsProgramme_ID:32;ZZUnitStandard:ZZUnitStandard_id:87
*,430,Y,Core,ZZSkillsProgramme:ZZSkillsProgramme_ID:32;ZZUnitStandard:ZZUnitStandard_id:88
*,431,Y,Elective,ZZSkillsProgramme:ZZSkillsProgramme_ID:32;ZZUnitStandard:ZZUnitStandard_id:541
*,432,Y,Elective,ZZSkillsProgramme:ZZSkillsProgramme_ID:32;ZZUnitStandard:ZZUnitStandard_id:566
*,433,Y,Elective,ZZSkillsProgramme:ZZSkillsProgramme_ID:32;ZZUnitStandard:ZZUnitStandard_id:557
*,434,Y,Core,ZZSkillsProgramme:ZZSkillsProgramme_ID:33;ZZUnitStandard:ZZUnitStandard_id:355
*,435,Y,Elective,ZZSkillsProgramme:ZZSkillsProgramme_ID:33;ZZUnitStandard:ZZUnitStandard_id:82
*,436,Y,Elective,ZZSkillsProgramme:ZZSkillsProgramme_ID:33;ZZUnitStandard:ZZUnitStandard_id:542
*,437,Y,Elective,ZZSkillsProgramme:ZZSkillsProgramme_ID:33;ZZUnitStandard:ZZUnitStandard_id:565
*,438,Y,Elective,ZZSkillsProgramme:ZZSkillsProgramme_ID:33;ZZUnitStandard:ZZUnitStandard_id:544
*,439,Y,Elective,ZZSkillsProgramme:ZZSkillsProgramme_ID:33;ZZUnitStandard:ZZUnitStandard_id:2043
*,440,Y,Core,ZZSkillsProgramme:ZZSkillsProgramme_ID:33;ZZUnitStandard:ZZUnitStandard_id:829
*,441,Y,Elective,ZZSkillsProgramme:ZZSkillsProgramme_ID:33;ZZUnitStandard:ZZUnitStandard_id:594
*,442,Y,Elective,ZZSkillsProgramme:ZZSkillsProgramme_ID:33;ZZUnitStandard:ZZUnitStandard_id:704
*,443,Y,Elective,ZZSkillsProgramme:ZZSkillsProgramme_ID:33;ZZUnitStandard:ZZUnitStandard_id:80
*,444,Y,Elective,ZZSkillsProgramme:ZZSkillsProgramme_ID:33;ZZUnitStandard:ZZUnitStandard_id:87
*,445,Y,Core,ZZSkillsProgramme:ZZSkillsProgramme_ID:33;ZZUnitStandard:ZZUnitStandard_id:88
*,446,Y,Elective,ZZSkillsProgramme:ZZSkillsProgramme_ID:33;ZZUnitStandard:ZZUnitStandard_id:541
*,447,Y,Elective,ZZSkillsProgramme:ZZSkillsProgramme_ID:33;ZZUnitStandard:ZZUnitStandard_id:566
*,448,Y,Elective,ZZSkillsProgramme:ZZSkillsProgramme_ID:33;ZZUnitStandard:ZZUnitStandard_id:557
*,449,Y,Core,ZZSkillsProgramme:ZZSkillsProgramme_ID:34;ZZUnitStandard:ZZUnitStandard_id:355
*,450,Y,Elective,ZZSkillsProgramme:ZZSkillsProgramme_ID:34;ZZUnitStandard:ZZUnitStandard_id:82
*,451,Y,Elective,ZZSkillsProgramme:ZZSkillsProgramme_ID:34;ZZUnitStandard:ZZUnitStandard_id:542
*,452,Y,Elective,ZZSkillsProgramme:ZZSkillsProgramme_ID:34;ZZUnitStandard:ZZUnitStandard_id:544
*,453,Y,Elective,ZZSkillsProgramme:ZZSkillsProgramme_ID:34;ZZUnitStandard:ZZUnitStandard_id:2043
*,454,Y,Core,ZZSkillsProgramme:ZZSkillsProgramme_ID:34;ZZUnitStandard:ZZUnitStandard_id:829
*,455,Y,Elective,ZZSkillsProgramme:ZZSkillsProgramme_ID:34;ZZUnitStandard:ZZUnitStandard_id:594
*,456,Y,Elective,ZZSkillsProgramme:ZZSkillsProgramme_ID:34;ZZUnitStandard:ZZUnitStandard_id:704
*,457,Y,Elective,ZZSkillsProgramme:ZZSkillsProgramme_ID:34;ZZUnitStandard:ZZUnitStandard_id:80
*,458,Y,Elective,ZZSkillsProgramme:ZZSkillsProgramme_ID:34;ZZUnitStandard:ZZUnitStandard_id:87
*,459,Y,Core,ZZSkillsProgramme:ZZSkillsProgramme_ID:34;ZZUnitStandard:ZZUnitStandard_id:88
*,460,Y,Elective,ZZSkillsProgramme:ZZSkillsProgramme_ID:34;ZZUnitStandard:ZZUnitStandard_id:541
*,461,Y,Elective,ZZSkillsProgramme:ZZSkillsProgramme_ID:34;ZZUnitStandard:ZZUnitStandard_id:566
*,462,Y,Elective,ZZSkillsProgramme:ZZSkillsProgramme_ID:34;ZZUnitStandard:ZZUnitStandard_id:557
*,463,Y,Elective,ZZSkillsProgramme:ZZSkillsProgramme_ID:35;ZZUnitStandard:ZZUnitStandard_id:784
*,464,Y,Elective,ZZSkillsProgramme:ZZSkillsProgramme_ID:35;ZZUnitStandard:ZZUnitStandard_id:922
*,465,Y,Elective,ZZSkillsProgramme:ZZSkillsProgramme_ID:35;ZZUnitStandard:ZZUnitStandard_id:924
*,466,Y,Core,ZZSkillsProgramme:ZZSkillsProgramme_ID:35;ZZUnitStandard:ZZUnitStandard_id:930
*,467,Y,Elective,ZZSkillsProgramme:ZZSkillsProgramme_ID:35;ZZUnitStandard:ZZUnitStandard_id:2138
*,468,Y,Elective,ZZSkillsProgramme:ZZSkillsProgramme_ID:35;ZZUnitStandard:ZZUnitStandard_id:1080
*,469,Y,Core,ZZSkillsProgramme:ZZSkillsProgramme_ID:35;ZZUnitStandard:ZZUnitStandard_id:929
*,470,Y,Elective,ZZSkillsProgramme:ZZSkillsProgramme_ID:35;ZZUnitStandard:ZZUnitStandard_id:985
*,471,Y,Core,ZZSkillsProgramme:ZZSkillsProgramme_ID:35;ZZUnitStandard:ZZUnitStandard_id:981
*,472,Y,Elective,ZZSkillsProgramme:ZZSkillsProgramme_ID:35;ZZUnitStandard:ZZUnitStandard_id:695
*,473,Y,Core,ZZSkillsProgramme:ZZSkillsProgramme_ID:35;ZZUnitStandard:ZZUnitStandard_id:1302
*,474,Y,Core,ZZSkillsProgramme:ZZSkillsProgramme_ID:36;ZZUnitStandard:ZZUnitStandard_id:232
*,475,Y,Core,ZZSkillsProgramme:ZZSkillsProgramme_ID:36;ZZUnitStandard:ZZUnitStandard_id:983
*,476,Y,Core,ZZSkillsProgramme:ZZSkillsProgramme_ID:36;ZZUnitStandard:ZZUnitStandard_id:1112
*,477,Y,Core,ZZSkillsProgramme:ZZSkillsProgramme_ID:36;ZZUnitStandard:ZZUnitStandard_id:735
*,478,Y,Core,ZZSkillsProgramme:ZZSkillsProgramme_ID:36;ZZUnitStandard:ZZUnitStandard_id:723
*,479,Y,Core,ZZSkillsProgramme:ZZSkillsProgramme_ID:36;ZZUnitStandard:ZZUnitStandard_id:920
*,480,Y,Core,ZZSkillsProgramme:ZZSkillsProgramme_ID:36;ZZUnitStandard:ZZUnitStandard_id:922
*,481,Y,Core,ZZSkillsProgramme:ZZSkillsProgramme_ID:36;ZZUnitStandard:ZZUnitStandard_id:930
*,482,Y,Core,ZZSkillsProgramme:ZZSkillsProgramme_ID:36;ZZUnitStandard:ZZUnitStandard_id:1009
*,483,Y,Core,ZZSkillsProgramme:ZZSkillsProgramme_ID:36;ZZUnitStandard:ZZUnitStandard_id:724
*,484,Y,Core,ZZSkillsProgramme:ZZSkillsProgramme_ID:36;ZZUnitStandard:ZZUnitStandard_id:985
*,485,Y,Core,ZZSkillsProgramme:ZZSkillsProgramme_ID:36;ZZUnitStandard:ZZUnitStandard_id:2155
*,486,Y,Elective,ZZSkillsProgramme:ZZSkillsProgramme_ID:36;ZZUnitStandard:ZZUnitStandard_id:761
*,487,Y,Core,ZZSkillsProgramme:ZZSkillsProgramme_ID:36;ZZUnitStandard:ZZUnitStandard_id:2154
*,488,Y,Core,ZZSkillsProgramme:ZZSkillsProgramme_ID:36;ZZUnitStandard:ZZUnitStandard_id:1533
*,489,Y,Core,ZZSkillsProgramme:ZZSkillsProgramme_ID:36;ZZUnitStandard:ZZUnitStandard_id:904
*,490,Y,Core,ZZSkillsProgramme:ZZSkillsProgramme_ID:36;ZZUnitStandard:ZZUnitStandard_id:996
*,491,Y,Elective,ZZSkillsProgramme:ZZSkillsProgramme_ID:37;ZZUnitStandard:ZZUnitStandard_id:432
*,492,Y,Elective,ZZSkillsProgramme:ZZSkillsProgramme_ID:37;ZZUnitStandard:ZZUnitStandard_id:983
*,493,Y,Elective,ZZSkillsProgramme:ZZSkillsProgramme_ID:37;ZZUnitStandard:ZZUnitStandard_id:1080
*,494,Y,Core,ZZSkillsProgramme:ZZSkillsProgramme_ID:37;ZZUnitStandard:ZZUnitStandard_id:1139
*,495,Y,Core,ZZSkillsProgramme:ZZSkillsProgramme_ID:37;ZZUnitStandard:ZZUnitStandard_id:1668
*,496,Y,Core,ZZSkillsProgramme:ZZSkillsProgramme_ID:37;ZZUnitStandard:ZZUnitStandard_id:1076
*,497,Y,Core,ZZSkillsProgramme:ZZSkillsProgramme_ID:37;ZZUnitStandard:ZZUnitStandard_id:1077
*,498,Y,Elective,ZZSkillsProgramme:ZZSkillsProgramme_ID:37;ZZUnitStandard:ZZUnitStandard_id:1604
*,499,Y,Core,ZZSkillsProgramme:ZZSkillsProgramme_ID:38;ZZUnitStandard:ZZUnitStandard_id:2181
*,500,Y,Elective,ZZSkillsProgramme:ZZSkillsProgramme_ID:38;ZZUnitStandard:ZZUnitStandard_id:1590
*,501,Y,Core,ZZSkillsProgramme:ZZSkillsProgramme_ID:38;ZZUnitStandard:ZZUnitStandard_id:1331
*,502,Y,Core,ZZSkillsProgramme:ZZSkillsProgramme_ID:38;ZZUnitStandard:ZZUnitStandard_id:1728
*,503,Y,Core,ZZSkillsProgramme:ZZSkillsProgramme_ID:38;ZZUnitStandard:ZZUnitStandard_id:1329
*,504,Y,Core,ZZSkillsProgramme:ZZSkillsProgramme_ID:38;ZZUnitStandard:ZZUnitStandard_id:1330
*,505,Y,Core,ZZSkillsProgramme:ZZSkillsProgramme_ID:38;ZZUnitStandard:ZZUnitStandard_id:1333
*,506,Y,Elective,ZZSkillsProgramme:ZZSkillsProgramme_ID:38;ZZUnitStandard:ZZUnitStandard_id:1332
*,507,Y,Core,ZZSkillsProgramme:ZZSkillsProgramme_ID:38;ZZUnitStandard:ZZUnitStandard_id:1346
*,508,Y,Elective,ZZSkillsProgramme:ZZSkillsProgramme_ID:38;ZZUnitStandard:ZZUnitStandard_id:1445
*,509,Y,Elective,ZZSkillsProgramme:ZZSkillsProgramme_ID:38;ZZUnitStandard:ZZUnitStandard_id:1447
*,510,Y,Elective,ZZSkillsProgramme:ZZSkillsProgramme_ID:38;ZZUnitStandard:ZZUnitStandard_id:1430
*,511,Y,Elective,ZZSkillsProgramme:ZZSkillsProgramme_ID:38;ZZUnitStandard:ZZUnitStandard_id:1446
*,512,Y,Core,ZZSkillsProgramme:ZZSkillsProgramme_ID:38;ZZUnitStandard:ZZUnitStandard_id:1716
*,513,Y,Elective,ZZSkillsProgramme:ZZSkillsProgramme_ID:39;ZZUnitStandard:ZZUnitStandard_id:1635
*,514,Y,Elective,ZZSkillsProgramme:ZZSkillsProgramme_ID:39;ZZUnitStandard:ZZUnitStandard_id:1693
*,515,Y,Core,ZZSkillsProgramme:ZZSkillsProgramme_ID:39;ZZUnitStandard:ZZUnitStandard_id:2187
*,516,Y,Core,ZZSkillsProgramme:ZZSkillsProgramme_ID:39;ZZUnitStandard:ZZUnitStandard_id:976
*,517,Y,Elective,ZZSkillsProgramme:ZZSkillsProgramme_ID:39;ZZUnitStandard:ZZUnitStandard_id:1880
*,518,Y,Elective,ZZSkillsProgramme:ZZSkillsProgramme_ID:39;ZZUnitStandard:ZZUnitStandard_id:761
*,519,Y,Core,ZZSkillsProgramme:ZZSkillsProgramme_ID:39;ZZUnitStandard:ZZUnitStandard_id:1325
*,520,Y,Core,ZZSkillsProgramme:ZZSkillsProgramme_ID:39;ZZUnitStandard:ZZUnitStandard_id:1329
*,521,Y,Core,ZZSkillsProgramme:ZZSkillsProgramme_ID:39;ZZUnitStandard:ZZUnitStandard_id:1817
*,522,Y,Core,ZZSkillsProgramme:ZZSkillsProgramme_ID:39;ZZUnitStandard:ZZUnitStandard_id:1338
*,523,Y,Core,ZZSkillsProgramme:ZZSkillsProgramme_ID:39;ZZUnitStandard:ZZUnitStandard_id:1362
*,524,Y,Elective,ZZSkillsProgramme:ZZSkillsProgramme_ID:39;ZZUnitStandard:ZZUnitStandard_id:1340
*,525,Y,Elective,ZZSkillsProgramme:ZZSkillsProgramme_ID:39;ZZUnitStandard:ZZUnitStandard_id:2188
*,526,Y,Core,ZZSkillsProgramme:ZZSkillsProgramme_ID:39;ZZUnitStandard:ZZUnitStandard_id:1346
*,527,Y,Elective,ZZSkillsProgramme:ZZSkillsProgramme_ID:39;ZZUnitStandard:ZZUnitStandard_id:1384
*,528,Y,Core,ZZSkillsProgramme:ZZSkillsProgramme_ID:39;ZZUnitStandard:ZZUnitStandard_id:1604
*,529,Y,Elective,ZZSkillsProgramme:ZZSkillsProgramme_ID:39;ZZUnitStandard:ZZUnitStandard_id:1835
*,530,Y,Core,ZZSkillsProgramme:ZZSkillsProgramme_ID:40;ZZUnitStandard:ZZUnitStandard_id:506
*,531,Y,Core,ZZSkillsProgramme:ZZSkillsProgramme_ID:40;ZZUnitStandard:ZZUnitStandard_id:96
*,532,Y,Elective,ZZSkillsProgramme:ZZSkillsProgramme_ID:40;ZZUnitStandard:ZZUnitStandard_id:2025
*,533,Y,Elective,ZZSkillsProgramme:ZZSkillsProgramme_ID:40;ZZUnitStandard:ZZUnitStandard_id:782
*,534,Y,Elective,ZZSkillsProgramme:ZZSkillsProgramme_ID:40;ZZUnitStandard:ZZUnitStandard_id:645
*,535,Y,Elective,ZZSkillsProgramme:ZZSkillsProgramme_ID:40;ZZUnitStandard:ZZUnitStandard_id:465
*,536,Y,Elective,ZZSkillsProgramme:ZZSkillsProgramme_ID:40;ZZUnitStandard:ZZUnitStandard_id:417
*,537,Y,Elective,ZZSkillsProgramme:ZZSkillsProgramme_ID:40;ZZUnitStandard:ZZUnitStandard_id:409
*,538,Y,Elective,ZZSkillsProgramme:ZZSkillsProgramme_ID:40;ZZUnitStandard:ZZUnitStandard_id:1230
*,539,Y,Elective,ZZSkillsProgramme:ZZSkillsProgramme_ID:40;ZZUnitStandard:ZZUnitStandard_id:1231
*,540,Y,Elective,ZZSkillsProgramme:ZZSkillsProgramme_ID:40;ZZUnitStandard:ZZUnitStandard_id:524
*,541,Y,Elective,ZZSkillsProgramme:ZZSkillsProgramme_ID:40;ZZUnitStandard:ZZUnitStandard_id:527
*,542,Y,Elective,ZZSkillsProgramme:ZZSkillsProgramme_ID:40;ZZUnitStandard:ZZUnitStandard_id:536
*,543,Y,Elective,ZZSkillsProgramme:ZZSkillsProgramme_ID:40;ZZUnitStandard:ZZUnitStandard_id:1034
*,544,Y,Elective,ZZSkillsProgramme:ZZSkillsProgramme_ID:40;ZZUnitStandard:ZZUnitStandard_id:407
*,545,Y,Elective,ZZSkillsProgramme:ZZSkillsProgramme_ID:40;ZZUnitStandard:ZZUnitStandard_id:381
*,546,Y,Elective,ZZSkillsProgramme:ZZSkillsProgramme_ID:40;ZZUnitStandard:ZZUnitStandard_id:380
*,547,Y,Elective,ZZSkillsProgramme:ZZSkillsProgramme_ID:40;ZZUnitStandard:ZZUnitStandard_id:396
*,548,Y,Elective,ZZSkillsProgramme:ZZSkillsProgramme_ID:40;ZZUnitStandard:ZZUnitStandard_id:394
*,549,Y,Elective,ZZSkillsProgramme:ZZSkillsProgramme_ID:40;ZZUnitStandard:ZZUnitStandard_id:1024
*,550,Y,Elective,ZZSkillsProgramme:ZZSkillsProgramme_ID:40;ZZUnitStandard:ZZUnitStandard_id:531
*,551,Y,Elective,ZZSkillsProgramme:ZZSkillsProgramme_ID:40;ZZUnitStandard:ZZUnitStandard_id:530
*,552,Y,Elective,ZZSkillsProgramme:ZZSkillsProgramme_ID:40;ZZUnitStandard:ZZUnitStandard_id:472
*,553,Y,Elective,ZZSkillsProgramme:ZZSkillsProgramme_ID:40;ZZUnitStandard:ZZUnitStandard_id:1849
*,554,Y,Core,ZZSkillsProgramme:ZZSkillsProgramme_ID:40;ZZUnitStandard:ZZUnitStandard_id:93
*,555,Y,Core,ZZSkillsProgramme:ZZSkillsProgramme_ID:40;ZZUnitStandard:ZZUnitStandard_id:102
*,556,Y,Elective,ZZSkillsProgramme:ZZSkillsProgramme_ID:40;ZZUnitStandard:ZZUnitStandard_id:42
*,557,Y,Elective,ZZSkillsProgramme:ZZSkillsProgramme_ID:41;ZZUnitStandard:ZZUnitStandard_id:2025
*,558,Y,Elective,ZZSkillsProgramme:ZZSkillsProgramme_ID:41;ZZUnitStandard:ZZUnitStandard_id:385
*,559,Y,Elective,ZZSkillsProgramme:ZZSkillsProgramme_ID:41;ZZUnitStandard:ZZUnitStandard_id:400
*,560,Y,Elective,ZZSkillsProgramme:ZZSkillsProgramme_ID:41;ZZUnitStandard:ZZUnitStandard_id:401
*,561,Y,Elective,ZZSkillsProgramme:ZZSkillsProgramme_ID:41;ZZUnitStandard:ZZUnitStandard_id:402
*,562,Y,Elective,ZZSkillsProgramme:ZZSkillsProgramme_ID:41;ZZUnitStandard:ZZUnitStandard_id:403
*,563,Y,Elective,ZZSkillsProgramme:ZZSkillsProgramme_ID:41;ZZUnitStandard:ZZUnitStandard_id:417
*,564,Y,Elective,ZZSkillsProgramme:ZZSkillsProgramme_ID:41;ZZUnitStandard:ZZUnitStandard_id:404
*,565,Y,Elective,ZZSkillsProgramme:ZZSkillsProgramme_ID:41;ZZUnitStandard:ZZUnitStandard_id:405
*,566,Y,Elective,ZZSkillsProgramme:ZZSkillsProgramme_ID:41;ZZUnitStandard:ZZUnitStandard_id:406
*,567,Y,Elective,ZZSkillsProgramme:ZZSkillsProgramme_ID:41;ZZUnitStandard:ZZUnitStandard_id:410
*,568,Y,Elective,ZZSkillsProgramme:ZZSkillsProgramme_ID:41;ZZUnitStandard:ZZUnitStandard_id:414
*,569,Y,Elective,ZZSkillsProgramme:ZZSkillsProgramme_ID:41;ZZUnitStandard:ZZUnitStandard_id:1230
*,570,Y,Elective,ZZSkillsProgramme:ZZSkillsProgramme_ID:41;ZZUnitStandard:ZZUnitStandard_id:536
*,571,Y,Elective,ZZSkillsProgramme:ZZSkillsProgramme_ID:41;ZZUnitStandard:ZZUnitStandard_id:384
*,572,Y,Elective,ZZSkillsProgramme:ZZSkillsProgramme_ID:41;ZZUnitStandard:ZZUnitStandard_id:608
*,573,Y,Elective,ZZSkillsProgramme:ZZSkillsProgramme_ID:41;ZZUnitStandard:ZZUnitStandard_id:613
*,574,Y,Elective,ZZSkillsProgramme:ZZSkillsProgramme_ID:41;ZZUnitStandard:ZZUnitStandard_id:610
*,575,Y,Elective,ZZSkillsProgramme:ZZSkillsProgramme_ID:41;ZZUnitStandard:ZZUnitStandard_id:611
*,576,Y,Elective,ZZSkillsProgramme:ZZSkillsProgramme_ID:41;ZZUnitStandard:ZZUnitStandard_id:607
*,577,Y,Elective,ZZSkillsProgramme:ZZSkillsProgramme_ID:41;ZZUnitStandard:ZZUnitStandard_id:612
*,578,Y,Elective,ZZSkillsProgramme:ZZSkillsProgramme_ID:41;ZZUnitStandard:ZZUnitStandard_id:627
*,579,Y,Elective,ZZSkillsProgramme:ZZSkillsProgramme_ID:41;ZZUnitStandard:ZZUnitStandard_id:616
*,580,Y,Elective,ZZSkillsProgramme:ZZSkillsProgramme_ID:41;ZZUnitStandard:ZZUnitStandard_id:407
*,581,Y,Elective,ZZSkillsProgramme:ZZSkillsProgramme_ID:41;ZZUnitStandard:ZZUnitStandard_id:399
*,582,Y,Elective,ZZSkillsProgramme:ZZSkillsProgramme_ID:41;ZZUnitStandard:ZZUnitStandard_id:618
*,583,Y,Elective,ZZSkillsProgramme:ZZSkillsProgramme_ID:41;ZZUnitStandard:ZZUnitStandard_id:394
*,584,Y,Elective,ZZSkillsProgramme:ZZSkillsProgramme_ID:41;ZZUnitStandard:ZZUnitStandard_id:530
*,585,Y,Elective,ZZSkillsProgramme:ZZSkillsProgramme_ID:41;ZZUnitStandard:ZZUnitStandard_id:472
*,586,Y,Core,ZZSkillsProgramme:ZZSkillsProgramme_ID:41;ZZUnitStandard:ZZUnitStandard_id:93
*,587,Y,Elective,ZZSkillsProgramme:ZZSkillsProgramme_ID:42;ZZUnitStandard:ZZUnitStandard_id:95
*,588,Y,Elective,ZZSkillsProgramme:ZZSkillsProgramme_ID:42;ZZUnitStandard:ZZUnitStandard_id:96
*,589,Y,Elective,ZZSkillsProgramme:ZZSkillsProgramme_ID:42;ZZUnitStandard:ZZUnitStandard_id:2025
*,590,Y,Elective,ZZSkillsProgramme:ZZSkillsProgramme_ID:42;ZZUnitStandard:ZZUnitStandard_id:781
*,591,Y,Elective,ZZSkillsProgramme:ZZSkillsProgramme_ID:42;ZZUnitStandard:ZZUnitStandard_id:645
*,592,Y,Elective,ZZSkillsProgramme:ZZSkillsProgramme_ID:42;ZZUnitStandard:ZZUnitStandard_id:388
*,593,Y,Elective,ZZSkillsProgramme:ZZSkillsProgramme_ID:42;ZZUnitStandard:ZZUnitStandard_id:417
*,594,Y,Elective,ZZSkillsProgramme:ZZSkillsProgramme_ID:42;ZZUnitStandard:ZZUnitStandard_id:405
*,595,Y,Elective,ZZSkillsProgramme:ZZSkillsProgramme_ID:42;ZZUnitStandard:ZZUnitStandard_id:1231
*,596,Y,Elective,ZZSkillsProgramme:ZZSkillsProgramme_ID:42;ZZUnitStandard:ZZUnitStandard_id:525
*,597,Y,Elective,ZZSkillsProgramme:ZZSkillsProgramme_ID:42;ZZUnitStandard:ZZUnitStandard_id:527
*,598,Y,Elective,ZZSkillsProgramme:ZZSkillsProgramme_ID:42;ZZUnitStandard:ZZUnitStandard_id:975
*,599,Y,Elective,ZZSkillsProgramme:ZZSkillsProgramme_ID:42;ZZUnitStandard:ZZUnitStandard_id:538
*,600,Y,Core,ZZSkillsProgramme:ZZSkillsProgramme_ID:42;ZZUnitStandard:ZZUnitStandard_id:2536
*,601,Y,Elective,ZZSkillsProgramme:ZZSkillsProgramme_ID:42;ZZUnitStandard:ZZUnitStandard_id:394
*,602,Y,Elective,ZZSkillsProgramme:ZZSkillsProgramme_ID:42;ZZUnitStandard:ZZUnitStandard_id:530
*,603,Y,Core,ZZSkillsProgramme:ZZSkillsProgramme_ID:42;ZZUnitStandard:ZZUnitStandard_id:93
*,604,Y,Elective,ZZSkillsProgramme:ZZSkillsProgramme_ID:42;ZZUnitStandard:ZZUnitStandard_id:102
*,605,Y,Elective,ZZSkillsProgramme:ZZSkillsProgramme_ID:42;ZZUnitStandard:ZZUnitStandard_id:105
*,606,Y,Elective,ZZSkillsProgramme:ZZSkillsProgramme_ID:42;ZZUnitStandard:ZZUnitStandard_id:517
*,607,Y,Elective,ZZSkillsProgramme:ZZSkillsProgramme_ID:42;ZZUnitStandard:ZZUnitStandard_id:40
*,608,Y,Elective,ZZSkillsProgramme:ZZSkillsProgramme_ID:42;ZZUnitStandard:ZZUnitStandard_id:41
*,609,Y,Core,ZZSkillsProgramme:ZZSkillsProgramme_ID:42;ZZUnitStandard:ZZUnitStandard_id:37
*,610,Y,Elective,ZZSkillsProgramme:ZZSkillsProgramme_ID:43;ZZUnitStandard:ZZUnitStandard_id:95
*,611,Y,Elective,ZZSkillsProgramme:ZZSkillsProgramme_ID:43;ZZUnitStandard:ZZUnitStandard_id:96
*,612,Y,Elective,ZZSkillsProgramme:ZZSkillsProgramme_ID:43;ZZUnitStandard:ZZUnitStandard_id:2025
*,613,Y,Elective,ZZSkillsProgramme:ZZSkillsProgramme_ID:43;ZZUnitStandard:ZZUnitStandard_id:417
*,614,Y,Elective,ZZSkillsProgramme:ZZSkillsProgramme_ID:43;ZZUnitStandard:ZZUnitStandard_id:409
*,615,Y,Elective,ZZSkillsProgramme:ZZSkillsProgramme_ID:43;ZZUnitStandard:ZZUnitStandard_id:525
*,616,Y,Core,ZZSkillsProgramme:ZZSkillsProgramme_ID:43;ZZUnitStandard:ZZUnitStandard_id:605
*,617,Y,Elective,ZZSkillsProgramme:ZZSkillsProgramme_ID:43;ZZUnitStandard:ZZUnitStandard_id:1034
*,618,Y,Core,ZZSkillsProgramme:ZZSkillsProgramme_ID:43;ZZUnitStandard:ZZUnitStandard_id:2536
*,619,Y,Core,ZZSkillsProgramme:ZZSkillsProgramme_ID:43;ZZUnitStandard:ZZUnitStandard_id:530
*,620,Y,Core,ZZSkillsProgramme:ZZSkillsProgramme_ID:43;ZZUnitStandard:ZZUnitStandard_id:93
*,621,Y,Elective,ZZSkillsProgramme:ZZSkillsProgramme_ID:43;ZZUnitStandard:ZZUnitStandard_id:101
*,622,Y,Elective,ZZSkillsProgramme:ZZSkillsProgramme_ID:43;ZZUnitStandard:ZZUnitStandard_id:103
*,623,Y,Elective,ZZSkillsProgramme:ZZSkillsProgramme_ID:43;ZZUnitStandard:ZZUnitStandard_id:104
*,624,Y,Elective,ZZSkillsProgramme:ZZSkillsProgramme_ID:43;ZZUnitStandard:ZZUnitStandard_id:105
*,625,Y,Elective,ZZSkillsProgramme:ZZSkillsProgramme_ID:43;ZZUnitStandard:ZZUnitStandard_id:57
*,626,Y,Elective,ZZSkillsProgramme:ZZSkillsProgramme_ID:44;ZZUnitStandard:ZZUnitStandard_id:2025
*,627,Y,Core,ZZSkillsProgramme:ZZSkillsProgramme_ID:44;ZZUnitStandard:ZZUnitStandard_id:1038
*,628,Y,Elective,ZZSkillsProgramme:ZZSkillsProgramme_ID:44;ZZUnitStandard:ZZUnitStandard_id:774
*,629,Y,Core,ZZSkillsProgramme:ZZSkillsProgramme_ID:44;ZZUnitStandard:ZZUnitStandard_id:1060
*,630,Y,Elective,ZZSkillsProgramme:ZZSkillsProgramme_ID:44;ZZUnitStandard:ZZUnitStandard_id:406
*,631,Y,Elective,ZZSkillsProgramme:ZZSkillsProgramme_ID:44;ZZUnitStandard:ZZUnitStandard_id:409
*,632,Y,Elective,ZZSkillsProgramme:ZZSkillsProgramme_ID:44;ZZUnitStandard:ZZUnitStandard_id:524
*,633,Y,Elective,ZZSkillsProgramme:ZZSkillsProgramme_ID:44;ZZUnitStandard:ZZUnitStandard_id:384
*,634,Y,Elective,ZZSkillsProgramme:ZZSkillsProgramme_ID:44;ZZUnitStandard:ZZUnitStandard_id:1034
*,635,Y,Elective,ZZSkillsProgramme:ZZSkillsProgramme_ID:44;ZZUnitStandard:ZZUnitStandard_id:394
*,636,Y,Core,ZZSkillsProgramme:ZZSkillsProgramme_ID:44;ZZUnitStandard:ZZUnitStandard_id:117
*,637,Y,Core,ZZSkillsProgramme:ZZSkillsProgramme_ID:44;ZZUnitStandard:ZZUnitStandard_id:93
*,638,Y,Core,ZZSkillsProgramme:ZZSkillsProgramme_ID:44;ZZUnitStandard:ZZUnitStandard_id:116
*,639,Y,Elective,ZZSkillsProgramme:ZZSkillsProgramme_ID:45;ZZUnitStandard:ZZUnitStandard_id:221
*,640,Y,Core,ZZSkillsProgramme:ZZSkillsProgramme_ID:45;ZZUnitStandard:ZZUnitStandard_id:227
*,641,Y,Core,ZZSkillsProgramme:ZZSkillsProgramme_ID:45;ZZUnitStandard:ZZUnitStandard_id:719
*,642,Y,Elective,ZZSkillsProgramme:ZZSkillsProgramme_ID:45;ZZUnitStandard:ZZUnitStandard_id:718
*,643,Y,Core,ZZSkillsProgramme:ZZSkillsProgramme_ID:45;ZZUnitStandard:ZZUnitStandard_id:720
*,644,Y,Elective,ZZSkillsProgramme:ZZSkillsProgramme_ID:45;ZZUnitStandard:ZZUnitStandard_id:1086
*,645,Y,Core,ZZSkillsProgramme:ZZSkillsProgramme_ID:45;ZZUnitStandard:ZZUnitStandard_id:735
*,646,Y,Elective,ZZSkillsProgramme:ZZSkillsProgramme_ID:45;ZZUnitStandard:ZZUnitStandard_id:734
*,647,Y,Elective,ZZSkillsProgramme:ZZSkillsProgramme_ID:45;ZZUnitStandard:ZZUnitStandard_id:2189
*,648,Y,Elective,ZZSkillsProgramme:ZZSkillsProgramme_ID:45;ZZUnitStandard:ZZUnitStandard_id:1067
*,649,Y,Elective,ZZSkillsProgramme:ZZSkillsProgramme_ID:45;ZZUnitStandard:ZZUnitStandard_id:1140
*,650,Y,Elective,ZZSkillsProgramme:ZZSkillsProgramme_ID:45;ZZUnitStandard:ZZUnitStandard_id:2190
*,651,Y,Elective,ZZSkillsProgramme:ZZSkillsProgramme_ID:45;ZZUnitStandard:ZZUnitStandard_id:79
*,652,Y,Core,ZZSkillsProgramme:ZZSkillsProgramme_ID:46;ZZUnitStandard:ZZUnitStandard_id:2025
*,653,Y,Elective,ZZSkillsProgramme:ZZSkillsProgramme_ID:46;ZZUnitStandard:ZZUnitStandard_id:719
*,654,Y,Elective,ZZSkillsProgramme:ZZSkillsProgramme_ID:46;ZZUnitStandard:ZZUnitStandard_id:718
*,655,Y,Core,ZZSkillsProgramme:ZZSkillsProgramme_ID:46;ZZUnitStandard:ZZUnitStandard_id:1086
*,656,Y,Elective,ZZSkillsProgramme:ZZSkillsProgramme_ID:46;ZZUnitStandard:ZZUnitStandard_id:735
*,657,Y,Elective,ZZSkillsProgramme:ZZSkillsProgramme_ID:46;ZZUnitStandard:ZZUnitStandard_id:717
*,658,Y,Elective,ZZSkillsProgramme:ZZSkillsProgramme_ID:46;ZZUnitStandard:ZZUnitStandard_id:734
*,659,Y,Core,ZZSkillsProgramme:ZZSkillsProgramme_ID:46;ZZUnitStandard:ZZUnitStandard_id:2189
*,660,Y,Core,ZZSkillsProgramme:ZZSkillsProgramme_ID:46;ZZUnitStandard:ZZUnitStandard_id:1067
*,661,Y,Core,ZZSkillsProgramme:ZZSkillsProgramme_ID:46;ZZUnitStandard:ZZUnitStandard_id:1140
*,662,Y,Core,ZZSkillsProgramme:ZZSkillsProgramme_ID:46;ZZUnitStandard:ZZUnitStandard_id:2190
*,663,Y,Elective,ZZSkillsProgramme:ZZSkillsProgramme_ID:46;ZZUnitStandard:ZZUnitStandard_id:79
*,664,Y,Elective,ZZSkillsProgramme:ZZSkillsProgramme_ID:47;ZZUnitStandard:ZZUnitStandard_id:432
*,665,Y,Core,ZZSkillsProgramme:ZZSkillsProgramme_ID:47;ZZUnitStandard:ZZUnitStandard_id:983
*,666,Y,Core,ZZSkillsProgramme:ZZSkillsProgramme_ID:47;ZZUnitStandard:ZZUnitStandard_id:1138
*,667,Y,Elective,ZZSkillsProgramme:ZZSkillsProgramme_ID:47;ZZUnitStandard:ZZUnitStandard_id:2348
*,668,Y,Elective,ZZSkillsProgramme:ZZSkillsProgramme_ID:47;ZZUnitStandard:ZZUnitStandard_id:919
*,669,Y,Elective,ZZSkillsProgramme:ZZSkillsProgramme_ID:47;ZZUnitStandard:ZZUnitStandard_id:212
*,670,Y,Elective,ZZSkillsProgramme:ZZSkillsProgramme_ID:47;ZZUnitStandard:ZZUnitStandard_id:445
*,671,Y,Elective,ZZSkillsProgramme:ZZSkillsProgramme_ID:47;ZZUnitStandard:ZZUnitStandard_id:443
*,672,Y,Elective,ZZSkillsProgramme:ZZSkillsProgramme_ID:47;ZZUnitStandard:ZZUnitStandard_id:760
*,673,Y,Elective,ZZSkillsProgramme:ZZSkillsProgramme_ID:47;ZZUnitStandard:ZZUnitStandard_id:1994
*,674,Y,Core,ZZSkillsProgramme:ZZSkillsProgramme_ID:47;ZZUnitStandard:ZZUnitStandard_id:660
*,675,Y,Core,ZZSkillsProgramme:ZZSkillsProgramme_ID:47;ZZUnitStandard:ZZUnitStandard_id:1076
*,676,Y,Elective,ZZSkillsProgramme:ZZSkillsProgramme_ID:47;ZZUnitStandard:ZZUnitStandard_id:540
*,677,Y,Core,ZZSkillsProgramme:ZZSkillsProgramme_ID:47;ZZUnitStandard:ZZUnitStandard_id:1272
*,678,Y,Elective,ZZSkillsProgramme:ZZSkillsProgramme_ID:47;ZZUnitStandard:ZZUnitStandard_id:213
*,679,Y,Elective,ZZSkillsProgramme:ZZSkillsProgramme_ID:48;ZZUnitStandard:ZZUnitStandard_id:584
*,680,Y,Core,ZZSkillsProgramme:ZZSkillsProgramme_ID:48;ZZUnitStandard:ZZUnitStandard_id:902
*,681,Y,Core,ZZSkillsProgramme:ZZSkillsProgramme_ID:48;ZZUnitStandard:ZZUnitStandard_id:355
*,682,Y,Core,ZZSkillsProgramme:ZZSkillsProgramme_ID:48;ZZUnitStandard:ZZUnitStandard_id:922
*,683,Y,Core,ZZSkillsProgramme:ZZSkillsProgramme_ID:48;ZZUnitStandard:ZZUnitStandard_id:930
*,684,Y,Core,ZZSkillsProgramme:ZZSkillsProgramme_ID:48;ZZUnitStandard:ZZUnitStandard_id:600
*,685,Y,Core,ZZSkillsProgramme:ZZSkillsProgramme_ID:48;ZZUnitStandard:ZZUnitStandard_id:88
*,686,Y,Core,ZZSkillsProgramme:ZZSkillsProgramme_ID:49;ZZUnitStandard:ZZUnitStandard_id:1897
*,687,Y,Core,ZZSkillsProgramme:ZZSkillsProgramme_ID:49;ZZUnitStandard:ZZUnitStandard_id:282
*,688,Y,Core,ZZSkillsProgramme:ZZSkillsProgramme_ID:49;ZZUnitStandard:ZZUnitStandard_id:1461
*,689,Y,Core,ZZSkillsProgramme:ZZSkillsProgramme_ID:49;ZZUnitStandard:ZZUnitStandard_id:1901
*,690,Y,Core,ZZSkillsProgramme:ZZSkillsProgramme_ID:49;ZZUnitStandard:ZZUnitStandard_id:985
*,691,Y,Elective,ZZSkillsProgramme:ZZSkillsProgramme_ID:49;ZZUnitStandard:ZZUnitStandard_id:984
*,692,Y,Elective,ZZSkillsProgramme:ZZSkillsProgramme_ID:49;ZZUnitStandard:ZZUnitStandard_id:761
*,693,Y,Core,ZZSkillsProgramme:ZZSkillsProgramme_ID:49;ZZUnitStandard:ZZUnitStandard_id:1727
*,694,Y,Core,ZZSkillsProgramme:ZZSkillsProgramme_ID:49;ZZUnitStandard:ZZUnitStandard_id:1281
*,695,Y,Core,ZZSkillsProgramme:ZZSkillsProgramme_ID:49;ZZUnitStandard:ZZUnitStandard_id:2326
*,696,Y,Core,ZZSkillsProgramme:ZZSkillsProgramme_ID:49;ZZUnitStandard:ZZUnitStandard_id:2325
*,697,Y,Core,ZZSkillsProgramme:ZZSkillsProgramme_ID:49;ZZUnitStandard:ZZUnitStandard_id:2327
*,698,Y,Core,ZZSkillsProgramme:ZZSkillsProgramme_ID:49;ZZUnitStandard:ZZUnitStandard_id:2328
*,699,Y,Core,ZZSkillsProgramme:ZZSkillsProgramme_ID:49;ZZUnitStandard:ZZUnitStandard_id:2140
*,700,Y,Core,ZZSkillsProgramme:ZZSkillsProgramme_ID:49;ZZUnitStandard:ZZUnitStandard_id:2139
*,701,Y,Core,ZZSkillsProgramme:ZZSkillsProgramme_ID:49;ZZUnitStandard:ZZUnitStandard_id:2344
*,702,Y,Elective,ZZSkillsProgramme:ZZSkillsProgramme_ID:50;ZZUnitStandard:ZZUnitStandard_id:218
*,703,Y,Core,ZZSkillsProgramme:ZZSkillsProgramme_ID:50;ZZUnitStandard:ZZUnitStandard_id:221
*,704,Y,Core,ZZSkillsProgramme:ZZSkillsProgramme_ID:50;ZZUnitStandard:ZZUnitStandard_id:225
*,705,Y,Elective,ZZSkillsProgramme:ZZSkillsProgramme_ID:50;ZZUnitStandard:ZZUnitStandard_id:227
*,706,Y,Elective,ZZSkillsProgramme:ZZSkillsProgramme_ID:50;ZZUnitStandard:ZZUnitStandard_id:228
*,707,Y,Elective,ZZSkillsProgramme:ZZSkillsProgramme_ID:50;ZZUnitStandard:ZZUnitStandard_id:232
*,708,Y,Elective,ZZSkillsProgramme:ZZSkillsProgramme_ID:50;ZZUnitStandard:ZZUnitStandard_id:234
*,709,Y,Core,ZZSkillsProgramme:ZZSkillsProgramme_ID:50;ZZUnitStandard:ZZUnitStandard_id:723
*,710,Y,Elective,ZZSkillsProgramme:ZZSkillsProgramme_ID:50;ZZUnitStandard:ZZUnitStandard_id:2352
*,711,Y,Elective,ZZSkillsProgramme:ZZSkillsProgramme_ID:50;ZZUnitStandard:ZZUnitStandard_id:2349
*,712,Y,Elective,ZZSkillsProgramme:ZZSkillsProgramme_ID:50;ZZUnitStandard:ZZUnitStandard_id:2348
*,713,Y,Elective,ZZSkillsProgramme:ZZSkillsProgramme_ID:50;ZZUnitStandard:ZZUnitStandard_id:2350
*,714,Y,Elective,ZZSkillsProgramme:ZZSkillsProgramme_ID:50;ZZUnitStandard:ZZUnitStandard_id:2346
*,715,Y,Elective,ZZSkillsProgramme:ZZSkillsProgramme_ID:50;ZZUnitStandard:ZZUnitStandard_id:2351
*,716,Y,Elective,ZZSkillsProgramme:ZZSkillsProgramme_ID:50;ZZUnitStandard:ZZUnitStandard_id:2347
*,717,Y,Core,ZZSkillsProgramme:ZZSkillsProgramme_ID:50;ZZUnitStandard:ZZUnitStandard_id:2343
*,718,Y,Elective,ZZSkillsProgramme:ZZSkillsProgramme_ID:50;ZZUnitStandard:ZZUnitStandard_id:79
*,719,Y,Elective,ZZSkillsProgramme:ZZSkillsProgramme_ID:50;ZZUnitStandard:ZZUnitStandard_id:1467
*,720,Y,Core,ZZSkillsProgramme:ZZSkillsProgramme_ID:51;ZZUnitStandard:ZZUnitStandard_id:1884
*,721,Y,Core,ZZSkillsProgramme:ZZSkillsProgramme_ID:51;ZZUnitStandard:ZZUnitStandard_id:2341
*,722,Y,Core,ZZSkillsProgramme:ZZSkillsProgramme_ID:51;ZZUnitStandard:ZZUnitStandard_id:1994
*,723,Y,Core,ZZSkillsProgramme:ZZSkillsProgramme_ID:51;ZZUnitStandard:ZZUnitStandard_id:1725
*,724,Y,Core,ZZSkillsProgramme:ZZSkillsProgramme_ID:51;ZZUnitStandard:ZZUnitStandard_id:2342
*,725,Y,Elective,ZZSkillsProgramme:ZZSkillsProgramme_ID:52;ZZUnitStandard:ZZUnitStandard_id:218
*,726,Y,Elective,ZZSkillsProgramme:ZZSkillsProgramme_ID:52;ZZUnitStandard:ZZUnitStandard_id:228
*,727,Y,Elective,ZZSkillsProgramme:ZZSkillsProgramme_ID:52;ZZUnitStandard:ZZUnitStandard_id:234
*,728,Y,Core,ZZSkillsProgramme:ZZSkillsProgramme_ID:52;ZZUnitStandard:ZZUnitStandard_id:983
*,729,Y,Elective,ZZSkillsProgramme:ZZSkillsProgramme_ID:52;ZZUnitStandard:ZZUnitStandard_id:740
*,730,Y,Elective,ZZSkillsProgramme:ZZSkillsProgramme_ID:52;ZZUnitStandard:ZZUnitStandard_id:2345
*,731,Y,Core,ZZSkillsProgramme:ZZSkillsProgramme_ID:52;ZZUnitStandard:ZZUnitStandard_id:930
*,732,Y,Core,ZZSkillsProgramme:ZZSkillsProgramme_ID:52;ZZUnitStandard:ZZUnitStandard_id:1080
*,733,Y,Core,ZZSkillsProgramme:ZZSkillsProgramme_ID:52;ZZUnitStandard:ZZUnitStandard_id:985
*,734,Y,Elective,ZZSkillsProgramme:ZZSkillsProgramme_ID:52;ZZUnitStandard:ZZUnitStandard_id:689
*,735,Y,Core,ZZSkillsProgramme:ZZSkillsProgramme_ID:52;ZZUnitStandard:ZZUnitStandard_id:981
*,736,Y,Core,ZZSkillsProgramme:ZZSkillsProgramme_ID:52;ZZUnitStandard:ZZUnitStandard_id:695
*,737,Y,Elective,ZZSkillsProgramme:ZZSkillsProgramme_ID:52;ZZUnitStandard:ZZUnitStandard_id:988
*,738,Y,Elective,ZZSkillsProgramme:ZZSkillsProgramme_ID:52;ZZUnitStandard:ZZUnitStandard_id:1076
*,739,Y,Elective,ZZSkillsProgramme:ZZSkillsProgramme_ID:52;ZZUnitStandard:ZZUnitStandard_id:1466
*,740,Y,Elective,ZZSkillsProgramme:ZZSkillsProgramme_ID:53;ZZUnitStandard:ZZUnitStandard_id:2273
*,741,Y,Elective,ZZSkillsProgramme:ZZSkillsProgramme_ID:53;ZZUnitStandard:ZZUnitStandard_id:2290
*,742,Y,Elective,ZZSkillsProgramme:ZZSkillsProgramme_ID:53;ZZUnitStandard:ZZUnitStandard_id:2307
*,743,Y,Elective,ZZSkillsProgramme:ZZSkillsProgramme_ID:53;ZZUnitStandard:ZZUnitStandard_id:2267
*,744,Y,Elective,ZZSkillsProgramme:ZZSkillsProgramme_ID:53;ZZUnitStandard:ZZUnitStandard_id:2270
*,745,Y,Elective,ZZSkillsProgramme:ZZSkillsProgramme_ID:53;ZZUnitStandard:ZZUnitStandard_id:2269
*,746,Y,Core,ZZSkillsProgramme:ZZSkillsProgramme_ID:53;ZZUnitStandard:ZZUnitStandard_id:2263
*,747,Y,Elective,ZZSkillsProgramme:ZZSkillsProgramme_ID:53;ZZUnitStandard:ZZUnitStandard_id:2305
*,748,Y,Elective,ZZSkillsProgramme:ZZSkillsProgramme_ID:53;ZZUnitStandard:ZZUnitStandard_id:2266
*,749,Y,Elective,ZZSkillsProgramme:ZZSkillsProgramme_ID:53;ZZUnitStandard:ZZUnitStandard_id:2306
*,750,Y,Core,ZZSkillsProgramme:ZZSkillsProgramme_ID:53;ZZUnitStandard:ZZUnitStandard_id:2264
*,751,Y,Elective,ZZSkillsProgramme:ZZSkillsProgramme_ID:53;ZZUnitStandard:ZZUnitStandard_id:2265
*,752,Y,Elective,ZZSkillsProgramme:ZZSkillsProgramme_ID:53;ZZUnitStandard:ZZUnitStandard_id:2271
*,753,Y,Elective,ZZSkillsProgramme:ZZSkillsProgramme_ID:53;ZZUnitStandard:ZZUnitStandard_id:2272
*,754,Y,Core,ZZSkillsProgramme:ZZSkillsProgramme_ID:53;ZZUnitStandard:ZZUnitStandard_id:2303
*,755,Y,Core,ZZSkillsProgramme:ZZSkillsProgramme_ID:53;ZZUnitStandard:ZZUnitStandard_id:2222
*,756,Y,Elective,ZZSkillsProgramme:ZZSkillsProgramme_ID:53;ZZUnitStandard:ZZUnitStandard_id:2295
*,757,Y,Core,ZZSkillsProgramme:ZZSkillsProgramme_ID:53;ZZUnitStandard:ZZUnitStandard_id:2227
*,758,Y,Elective,ZZSkillsProgramme:ZZSkillsProgramme_ID:53;ZZUnitStandard:ZZUnitStandard_id:2268
*,759,Y,Core,ZZSkillsProgramme:ZZSkillsProgramme_ID:54;ZZUnitStandard:ZZUnitStandard_id:2253
*,760,Y,Elective,ZZSkillsProgramme:ZZSkillsProgramme_ID:54;ZZUnitStandard:ZZUnitStandard_id:2291
*,761,Y,Elective,ZZSkillsProgramme:ZZSkillsProgramme_ID:54;ZZUnitStandard:ZZUnitStandard_id:2290
*,762,Y,Elective,ZZSkillsProgramme:ZZSkillsProgramme_ID:54;ZZUnitStandard:ZZUnitStandard_id:2292
*,763,Y,Elective,ZZSkillsProgramme:ZZSkillsProgramme_ID:54;ZZUnitStandard:ZZUnitStandard_id:2300
*,764,Y,Core,ZZSkillsProgramme:ZZSkillsProgramme_ID:54;ZZUnitStandard:ZZUnitStandard_id:2285
*,765,Y,Elective,ZZSkillsProgramme:ZZSkillsProgramme_ID:54;ZZUnitStandard:ZZUnitStandard_id:2241
*,766,Y,Core,ZZSkillsProgramme:ZZSkillsProgramme_ID:54;ZZUnitStandard:ZZUnitStandard_id:2269
*,767,Y,Elective,ZZSkillsProgramme:ZZSkillsProgramme_ID:54;ZZUnitStandard:ZZUnitStandard_id:2316
*,768,Y,Core,ZZSkillsProgramme:ZZSkillsProgramme_ID:54;ZZUnitStandard:ZZUnitStandard_id:2263
*,769,Y,Elective,ZZSkillsProgramme:ZZSkillsProgramme_ID:54;ZZUnitStandard:ZZUnitStandard_id:2289
*,770,Y,Core,ZZSkillsProgramme:ZZSkillsProgramme_ID:54;ZZUnitStandard:ZZUnitStandard_id:2266
*,771,Y,Elective,ZZSkillsProgramme:ZZSkillsProgramme_ID:54;ZZUnitStandard:ZZUnitStandard_id:2254
*,772,Y,Core,ZZSkillsProgramme:ZZSkillsProgramme_ID:54;ZZUnitStandard:ZZUnitStandard_id:2265
*,773,Y,Elective,ZZSkillsProgramme:ZZSkillsProgramme_ID:54;ZZUnitStandard:ZZUnitStandard_id:2243
*,774,Y,Core,ZZSkillsProgramme:ZZSkillsProgramme_ID:54;ZZUnitStandard:ZZUnitStandard_id:2222
*,775,Y,Elective,ZZSkillsProgramme:ZZSkillsProgramme_ID:54;ZZUnitStandard:ZZUnitStandard_id:2295
*,776,Y,Elective,ZZSkillsProgramme:ZZSkillsProgramme_ID:54;ZZUnitStandard:ZZUnitStandard_id:2293
*,777,Y,Core,ZZSkillsProgramme:ZZSkillsProgramme_ID:54;ZZUnitStandard:ZZUnitStandard_id:2227
*,778,Y,Elective,ZZSkillsProgramme:ZZSkillsProgramme_ID:55;ZZUnitStandard:ZZUnitStandard_id:2291
*,779,Y,Core,ZZSkillsProgramme:ZZSkillsProgramme_ID:55;ZZUnitStandard:ZZUnitStandard_id:2290
*,780,Y,Elective,ZZSkillsProgramme:ZZSkillsProgramme_ID:55;ZZUnitStandard:ZZUnitStandard_id:2292
*,781,Y,Elective,ZZSkillsProgramme:ZZSkillsProgramme_ID:55;ZZUnitStandard:ZZUnitStandard_id:2300
*,782,Y,Elective,ZZSkillsProgramme:ZZSkillsProgramme_ID:55;ZZUnitStandard:ZZUnitStandard_id:2316
*,783,Y,Core,ZZSkillsProgramme:ZZSkillsProgramme_ID:55;ZZUnitStandard:ZZUnitStandard_id:2263
*,784,Y,Elective,ZZSkillsProgramme:ZZSkillsProgramme_ID:55;ZZUnitStandard:ZZUnitStandard_id:2289
*,785,Y,Core,ZZSkillsProgramme:ZZSkillsProgramme_ID:55;ZZUnitStandard:ZZUnitStandard_id:2222
*,786,Y,Elective,ZZSkillsProgramme:ZZSkillsProgramme_ID:55;ZZUnitStandard:ZZUnitStandard_id:2293
*,787,Y,Core,ZZSkillsProgramme:ZZSkillsProgramme_ID:55;ZZUnitStandard:ZZUnitStandard_id:2227
*,788,Y,Elective,ZZSkillsProgramme:ZZSkillsProgramme_ID:56;ZZUnitStandard:ZZUnitStandard_id:1299
*,789,Y,Core,ZZSkillsProgramme:ZZSkillsProgramme_ID:56;ZZUnitStandard:ZZUnitStandard_id:2302
*,790,Y,Elective,ZZSkillsProgramme:ZZSkillsProgramme_ID:56;ZZUnitStandard:ZZUnitStandard_id:2273
*,791,Y,Elective,ZZSkillsProgramme:ZZSkillsProgramme_ID:56;ZZUnitStandard:ZZUnitStandard_id:2290
*,792,Y,Elective,ZZSkillsProgramme:ZZSkillsProgramme_ID:56;ZZUnitStandard:ZZUnitStandard_id:2256
*,793,Y,Core,ZZSkillsProgramme:ZZSkillsProgramme_ID:56;ZZUnitStandard:ZZUnitStandard_id:2276
*,794,Y,Elective,ZZSkillsProgramme:ZZSkillsProgramme_ID:56;ZZUnitStandard:ZZUnitStandard_id:2315
*,795,Y,Elective,ZZSkillsProgramme:ZZSkillsProgramme_ID:56;ZZUnitStandard:ZZUnitStandard_id:2269
*,796,Y,Elective,ZZSkillsProgramme:ZZSkillsProgramme_ID:56;ZZUnitStandard:ZZUnitStandard_id:2235
*,797,Y,Core,ZZSkillsProgramme:ZZSkillsProgramme_ID:56;ZZUnitStandard:ZZUnitStandard_id:2263
*,798,Y,Core,ZZSkillsProgramme:ZZSkillsProgramme_ID:56;ZZUnitStandard:ZZUnitStandard_id:2266
*,799,Y,Core,ZZSkillsProgramme:ZZSkillsProgramme_ID:56;ZZUnitStandard:ZZUnitStandard_id:2264
*,800,Y,Core,ZZSkillsProgramme:ZZSkillsProgramme_ID:56;ZZUnitStandard:ZZUnitStandard_id:2265
*,801,Y,Elective,ZZSkillsProgramme:ZZSkillsProgramme_ID:56;ZZUnitStandard:ZZUnitStandard_id:2303
*,802,Y,Core,ZZSkillsProgramme:ZZSkillsProgramme_ID:56;ZZUnitStandard:ZZUnitStandard_id:2222
*,803,Y,Elective,ZZSkillsProgramme:ZZSkillsProgramme_ID:56;ZZUnitStandard:ZZUnitStandard_id:2295
*,804,Y,Core,ZZSkillsProgramme:ZZSkillsProgramme_ID:56;ZZUnitStandard:ZZUnitStandard_id:2227
*,805,Y,Elective,ZZSkillsProgramme:ZZSkillsProgramme_ID:56;ZZUnitStandard:ZZUnitStandard_id:2232
*,806,Y,Elective,ZZSkillsProgramme:ZZSkillsProgramme_ID:56;ZZUnitStandard:ZZUnitStandard_id:2274
*,807,Y,Elective,ZZSkillsProgramme:ZZSkillsProgramme_ID:56;ZZUnitStandard:ZZUnitStandard_id:2277
*,808,Y,Elective,ZZSkillsProgramme:ZZSkillsProgramme_ID:56;ZZUnitStandard:ZZUnitStandard_id:2229
*,809,Y,Core,ZZSkillsProgramme:ZZSkillsProgramme_ID:56;ZZUnitStandard:ZZUnitStandard_id:2251
*,810,Y,Core,ZZSkillsProgramme:ZZSkillsProgramme_ID:56;ZZUnitStandard:ZZUnitStandard_id:2231
*,811,Y,Elective,ZZSkillsProgramme:ZZSkillsProgramme_ID:57;ZZUnitStandard:ZZUnitStandard_id:746
*,812,Y,Core,ZZSkillsProgramme:ZZSkillsProgramme_ID:57;ZZUnitStandard:ZZUnitStandard_id:930
*,813,Y,Core,ZZSkillsProgramme:ZZSkillsProgramme_ID:57;ZZUnitStandard:ZZUnitStandard_id:1010
*,814,Y,Core,ZZSkillsProgramme:ZZSkillsProgramme_ID:57;ZZUnitStandard:ZZUnitStandard_id:981
*,815,Y,Core,ZZSkillsProgramme:ZZSkillsProgramme_ID:57;ZZUnitStandard:ZZUnitStandard_id:1139
*,816,Y,Elective,ZZSkillsProgramme:ZZSkillsProgramme_ID:57;ZZUnitStandard:ZZUnitStandard_id:704
*,817,Y,Elective,ZZSkillsProgramme:ZZSkillsProgramme_ID:58;ZZUnitStandard:ZZUnitStandard_id:582
*,818,Y,Elective,ZZSkillsProgramme:ZZSkillsProgramme_ID:58;ZZUnitStandard:ZZUnitStandard_id:585
*,819,Y,Elective,ZZSkillsProgramme:ZZSkillsProgramme_ID:58;ZZUnitStandard:ZZUnitStandard_id:584
*,820,Y,Elective,ZZSkillsProgramme:ZZSkillsProgramme_ID:58;ZZUnitStandard:ZZUnitStandard_id:784
*,821,Y,Elective,ZZSkillsProgramme:ZZSkillsProgramme_ID:58;ZZUnitStandard:ZZUnitStandard_id:82
*,822,Y,Elective,ZZSkillsProgramme:ZZSkillsProgramme_ID:58;ZZUnitStandard:ZZUnitStandard_id:542
*,823,Y,Elective,ZZSkillsProgramme:ZZSkillsProgramme_ID:58;ZZUnitStandard:ZZUnitStandard_id:565
*,824,Y,Elective,ZZSkillsProgramme:ZZSkillsProgramme_ID:58;ZZUnitStandard:ZZUnitStandard_id:544
*,825,Y,Elective,ZZSkillsProgramme:ZZSkillsProgramme_ID:58;ZZUnitStandard:ZZUnitStandard_id:704
*,826,Y,Elective,ZZSkillsProgramme:ZZSkillsProgramme_ID:58;ZZUnitStandard:ZZUnitStandard_id:80
*,827,Y,Elective,ZZSkillsProgramme:ZZSkillsProgramme_ID:58;ZZUnitStandard:ZZUnitStandard_id:81
*,828,Y,Elective,ZZSkillsProgramme:ZZSkillsProgramme_ID:58;ZZUnitStandard:ZZUnitStandard_id:28
*,829,Y,Elective,ZZSkillsProgramme:ZZSkillsProgramme_ID:58;ZZUnitStandard:ZZUnitStandard_id:541
*,830,Y,Elective,ZZSkillsProgramme:ZZSkillsProgramme_ID:58;ZZUnitStandard:ZZUnitStandard_id:566
*,831,Y,Core,ZZSkillsProgramme:ZZSkillsProgramme_ID:58;ZZUnitStandard:ZZUnitStandard_id:557
*,832,Y,Core,ZZSkillsProgramme:ZZSkillsProgramme_ID:58;ZZUnitStandard:ZZUnitStandard_id:576
*,833,Y,Elective,ZZSkillsProgramme:ZZSkillsProgramme_ID:59;ZZUnitStandard:ZZUnitStandard_id:582
*,834,Y,Elective,ZZSkillsProgramme:ZZSkillsProgramme_ID:59;ZZUnitStandard:ZZUnitStandard_id:585
*,835,Y,Elective,ZZSkillsProgramme:ZZSkillsProgramme_ID:59;ZZUnitStandard:ZZUnitStandard_id:584
*,836,Y,Elective,ZZSkillsProgramme:ZZSkillsProgramme_ID:59;ZZUnitStandard:ZZUnitStandard_id:542
*,837,Y,Elective,ZZSkillsProgramme:ZZSkillsProgramme_ID:59;ZZUnitStandard:ZZUnitStandard_id:565
*,838,Y,Elective,ZZSkillsProgramme:ZZSkillsProgramme_ID:59;ZZUnitStandard:ZZUnitStandard_id:544
*,839,Y,Elective,ZZSkillsProgramme:ZZSkillsProgramme_ID:59;ZZUnitStandard:ZZUnitStandard_id:704
*,840,Y,Elective,ZZSkillsProgramme:ZZSkillsProgramme_ID:59;ZZUnitStandard:ZZUnitStandard_id:2227
*,841,Y,Elective,ZZSkillsProgramme:ZZSkillsProgramme_ID:59;ZZUnitStandard:ZZUnitStandard_id:80
*,842,Y,Elective,ZZSkillsProgramme:ZZSkillsProgramme_ID:59;ZZUnitStandard:ZZUnitStandard_id:81
*,843,Y,Elective,ZZSkillsProgramme:ZZSkillsProgramme_ID:59;ZZUnitStandard:ZZUnitStandard_id:2042
*,844,Y,Elective,ZZSkillsProgramme:ZZSkillsProgramme_ID:59;ZZUnitStandard:ZZUnitStandard_id:28
*,845,Y,Elective,ZZSkillsProgramme:ZZSkillsProgramme_ID:59;ZZUnitStandard:ZZUnitStandard_id:541
*,846,Y,Elective,ZZSkillsProgramme:ZZSkillsProgramme_ID:59;ZZUnitStandard:ZZUnitStandard_id:566
*,847,Y,Core,ZZSkillsProgramme:ZZSkillsProgramme_ID:59;ZZUnitStandard:ZZUnitStandard_id:557
*,848,Y,Core,ZZSkillsProgramme:ZZSkillsProgramme_ID:59;ZZUnitStandard:ZZUnitStandard_id:576
*,849,Y,Elective,ZZSkillsProgramme:ZZSkillsProgramme_ID:60;ZZUnitStandard:ZZUnitStandard_id:1053
*,850,Y,Elective,ZZSkillsProgramme:ZZSkillsProgramme_ID:60;ZZUnitStandard:ZZUnitStandard_id:2025
*,851,Y,Elective,ZZSkillsProgramme:ZZSkillsProgramme_ID:60;ZZUnitStandard:ZZUnitStandard_id:417
*,852,Y,Elective,ZZSkillsProgramme:ZZSkillsProgramme_ID:60;ZZUnitStandard:ZZUnitStandard_id:409
*,853,Y,Elective,ZZSkillsProgramme:ZZSkillsProgramme_ID:60;ZZUnitStandard:ZZUnitStandard_id:410
*,854,Y,Elective,ZZSkillsProgramme:ZZSkillsProgramme_ID:60;ZZUnitStandard:ZZUnitStandard_id:1232
*,855,Y,Elective,ZZSkillsProgramme:ZZSkillsProgramme_ID:60;ZZUnitStandard:ZZUnitStandard_id:525
*,856,Y,Elective,ZZSkillsProgramme:ZZSkillsProgramme_ID:60;ZZUnitStandard:ZZUnitStandard_id:536
*,857,Y,Elective,ZZSkillsProgramme:ZZSkillsProgramme_ID:60;ZZUnitStandard:ZZUnitStandard_id:1034
*,858,Y,Elective,ZZSkillsProgramme:ZZSkillsProgramme_ID:60;ZZUnitStandard:ZZUnitStandard_id:618
*,859,Y,Core,ZZSkillsProgramme:ZZSkillsProgramme_ID:60;ZZUnitStandard:ZZUnitStandard_id:530
*,860,Y,Core,ZZSkillsProgramme:ZZSkillsProgramme_ID:60;ZZUnitStandard:ZZUnitStandard_id:93
*,861,Y,Core,ZZSkillsProgramme:ZZSkillsProgramme_ID:60;ZZUnitStandard:ZZUnitStandard_id:101
*,862,Y,Elective,ZZSkillsProgramme:ZZSkillsProgramme_ID:61;ZZUnitStandard:ZZUnitStandard_id:980
*,863,Y,Elective,ZZSkillsProgramme:ZZSkillsProgramme_ID:61;ZZUnitStandard:ZZUnitStandard_id:2279
*,864,Y,Core,ZZSkillsProgramme:ZZSkillsProgramme_ID:61;ZZUnitStandard:ZZUnitStandard_id:2290
*,865,Y,Elective,ZZSkillsProgramme:ZZSkillsProgramme_ID:61;ZZUnitStandard:ZZUnitStandard_id:2236
*,866,Y,Core,ZZSkillsProgramme:ZZSkillsProgramme_ID:61;ZZUnitStandard:ZZUnitStandard_id:2283
*,867,Y,Elective,ZZSkillsProgramme:ZZSkillsProgramme_ID:61;ZZUnitStandard:ZZUnitStandard_id:2270
*,868,Y,Elective,ZZSkillsProgramme:ZZSkillsProgramme_ID:61;ZZUnitStandard:ZZUnitStandard_id:2442
*,869,Y,Elective,ZZSkillsProgramme:ZZSkillsProgramme_ID:61;ZZUnitStandard:ZZUnitStandard_id:2284
*,870,Y,Elective,ZZSkillsProgramme:ZZSkillsProgramme_ID:61;ZZUnitStandard:ZZUnitStandard_id:2248
*,871,Y,Core,ZZSkillsProgramme:ZZSkillsProgramme_ID:61;ZZUnitStandard:ZZUnitStandard_id:2235
*,872,Y,Core,ZZSkillsProgramme:ZZSkillsProgramme_ID:61;ZZUnitStandard:ZZUnitStandard_id:2263
*,873,Y,Elective,ZZSkillsProgramme:ZZSkillsProgramme_ID:61;ZZUnitStandard:ZZUnitStandard_id:2303
*,874,Y,Core,ZZSkillsProgramme:ZZSkillsProgramme_ID:61;ZZUnitStandard:ZZUnitStandard_id:2222
*,875,Y,Core,ZZSkillsProgramme:ZZSkillsProgramme_ID:61;ZZUnitStandard:ZZUnitStandard_id:2227
*,876,Y,Elective,ZZSkillsProgramme:ZZSkillsProgramme_ID:61;ZZUnitStandard:ZZUnitStandard_id:2280
*,877,Y,Elective,ZZSkillsProgramme:ZZSkillsProgramme_ID:61;ZZUnitStandard:ZZUnitStandard_id:2281
*,878,Y,Elective,ZZSkillsProgramme:ZZSkillsProgramme_ID:61;ZZUnitStandard:ZZUnitStandard_id:2229
*,879,Y,Elective,ZZSkillsProgramme:ZZSkillsProgramme_ID:62;ZZUnitStandard:ZZUnitStandard_id:2319
*,880,Y,Elective,ZZSkillsProgramme:ZZSkillsProgramme_ID:62;ZZUnitStandard:ZZUnitStandard_id:2310
*,881,Y,Elective,ZZSkillsProgramme:ZZSkillsProgramme_ID:62;ZZUnitStandard:ZZUnitStandard_id:2317
*,882,Y,Elective,ZZSkillsProgramme:ZZSkillsProgramme_ID:62;ZZUnitStandard:ZZUnitStandard_id:2323
*,883,Y,Elective,ZZSkillsProgramme:ZZSkillsProgramme_ID:62;ZZUnitStandard:ZZUnitStandard_id:2279
*,884,Y,Elective,ZZSkillsProgramme:ZZSkillsProgramme_ID:62;ZZUnitStandard:ZZUnitStandard_id:2312
*,885,Y,Elective,ZZSkillsProgramme:ZZSkillsProgramme_ID:62;ZZUnitStandard:ZZUnitStandard_id:2318
*,886,Y,Elective,ZZSkillsProgramme:ZZSkillsProgramme_ID:62;ZZUnitStandard:ZZUnitStandard_id:2441
*,887,Y,Elective,ZZSkillsProgramme:ZZSkillsProgramme_ID:62;ZZUnitStandard:ZZUnitStandard_id:2443
*,888,Y,Elective,ZZSkillsProgramme:ZZSkillsProgramme_ID:62;ZZUnitStandard:ZZUnitStandard_id:2283
*,889,Y,Elective,ZZSkillsProgramme:ZZSkillsProgramme_ID:62;ZZUnitStandard:ZZUnitStandard_id:2256
*,890,Y,Elective,ZZSkillsProgramme:ZZSkillsProgramme_ID:62;ZZUnitStandard:ZZUnitStandard_id:2320
*,891,Y,Elective,ZZSkillsProgramme:ZZSkillsProgramme_ID:62;ZZUnitStandard:ZZUnitStandard_id:2315
*,892,Y,Elective,ZZSkillsProgramme:ZZSkillsProgramme_ID:62;ZZUnitStandard:ZZUnitStandard_id:2260
*,893,Y,Elective,ZZSkillsProgramme:ZZSkillsProgramme_ID:62;ZZUnitStandard:ZZUnitStandard_id:2270
*,894,Y,Elective,ZZSkillsProgramme:ZZSkillsProgramme_ID:62;ZZUnitStandard:ZZUnitStandard_id:2282
*,895,Y,Elective,ZZSkillsProgramme:ZZSkillsProgramme_ID:62;ZZUnitStandard:ZZUnitStandard_id:2308
*,896,Y,Elective,ZZSkillsProgramme:ZZSkillsProgramme_ID:62;ZZUnitStandard:ZZUnitStandard_id:2442
*,897,Y,Elective,ZZSkillsProgramme:ZZSkillsProgramme_ID:62;ZZUnitStandard:ZZUnitStandard_id:2314
*,898,Y,Elective,ZZSkillsProgramme:ZZSkillsProgramme_ID:62;ZZUnitStandard:ZZUnitStandard_id:2322
*,899,Y,Elective,ZZSkillsProgramme:ZZSkillsProgramme_ID:62;ZZUnitStandard:ZZUnitStandard_id:2444
*,900,Y,Elective,ZZSkillsProgramme:ZZSkillsProgramme_ID:62;ZZUnitStandard:ZZUnitStandard_id:2316
*,901,Y,Elective,ZZSkillsProgramme:ZZSkillsProgramme_ID:62;ZZUnitStandard:ZZUnitStandard_id:2263
*,902,Y,Elective,ZZSkillsProgramme:ZZSkillsProgramme_ID:62;ZZUnitStandard:ZZUnitStandard_id:2311
*,903,Y,Core,ZZSkillsProgramme:ZZSkillsProgramme_ID:62;ZZUnitStandard:ZZUnitStandard_id:2266
*,904,Y,Elective,ZZSkillsProgramme:ZZSkillsProgramme_ID:62;ZZUnitStandard:ZZUnitStandard_id:2321
*,905,Y,Elective,ZZSkillsProgramme:ZZSkillsProgramme_ID:62;ZZUnitStandard:ZZUnitStandard_id:2264
*,906,Y,Elective,ZZSkillsProgramme:ZZSkillsProgramme_ID:62;ZZUnitStandard:ZZUnitStandard_id:2313
*,907,Y,Elective,ZZSkillsProgramme:ZZSkillsProgramme_ID:62;ZZUnitStandard:ZZUnitStandard_id:2271
*,908,Y,Elective,ZZSkillsProgramme:ZZSkillsProgramme_ID:62;ZZUnitStandard:ZZUnitStandard_id:2303
*,909,Y,Core,ZZSkillsProgramme:ZZSkillsProgramme_ID:62;ZZUnitStandard:ZZUnitStandard_id:2222
*,910,Y,Core,ZZSkillsProgramme:ZZSkillsProgramme_ID:62;ZZUnitStandard:ZZUnitStandard_id:2228
*,911,Y,Elective,ZZSkillsProgramme:ZZSkillsProgramme_ID:62;ZZUnitStandard:ZZUnitStandard_id:2309
*,912,Y,Core,ZZSkillsProgramme:ZZSkillsProgramme_ID:62;ZZUnitStandard:ZZUnitStandard_id:2227
*,913,Y,Elective,ZZSkillsProgramme:ZZSkillsProgramme_ID:62;ZZUnitStandard:ZZUnitStandard_id:2280
*,914,Y,Elective,ZZSkillsProgramme:ZZSkillsProgramme_ID:62;ZZUnitStandard:ZZUnitStandard_id:2259
*,915,Y,Elective,ZZSkillsProgramme:ZZSkillsProgramme_ID:62;ZZUnitStandard:ZZUnitStandard_id:2281
*,916,Y,Elective,ZZSkillsProgramme:ZZSkillsProgramme_ID:62;ZZUnitStandard:ZZUnitStandard_id:2262
*,917,Y,Elective,ZZSkillsProgramme:ZZSkillsProgramme_ID:62;ZZUnitStandard:ZZUnitStandard_id:2229
*,918,Y,Elective,ZZSkillsProgramme:ZZSkillsProgramme_ID:62;ZZUnitStandard:ZZUnitStandard_id:2258
*,919,Y,Core,ZZSkillsProgramme:ZZSkillsProgramme_ID:62;ZZUnitStandard:ZZUnitStandard_id:2613
*,920,Y,Elective,ZZSkillsProgramme:ZZSkillsProgramme_ID:62;ZZUnitStandard:ZZUnitStandard_id:3916
*,921,Y,Core,ZZSkillsProgramme:ZZSkillsProgramme_ID:63;ZZUnitStandard:ZZUnitStandard_id:232
*,922,Y,Core,ZZSkillsProgramme:ZZSkillsProgramme_ID:63;ZZUnitStandard:ZZUnitStandard_id:233
*,923,Y,Elective,ZZSkillsProgramme:ZZSkillsProgramme_ID:63;ZZUnitStandard:ZZUnitStandard_id:234
*,924,Y,Elective,ZZSkillsProgramme:ZZSkillsProgramme_ID:63;ZZUnitStandard:ZZUnitStandard_id:901
*,925,Y,Elective,ZZSkillsProgramme:ZZSkillsProgramme_ID:63;ZZUnitStandard:ZZUnitStandard_id:96
*,926,Y,Elective,ZZSkillsProgramme:ZZSkillsProgramme_ID:63;ZZUnitStandard:ZZUnitStandard_id:246
*,927,Y,Core,ZZSkillsProgramme:ZZSkillsProgramme_ID:63;ZZUnitStandard:ZZUnitStandard_id:725
*,928,Y,Elective,ZZSkillsProgramme:ZZSkillsProgramme_ID:63;ZZUnitStandard:ZZUnitStandard_id:645
*,929,Y,Elective,ZZSkillsProgramme:ZZSkillsProgramme_ID:63;ZZUnitStandard:ZZUnitStandard_id:469
*,930,Y,Elective,ZZSkillsProgramme:ZZSkillsProgramme_ID:63;ZZUnitStandard:ZZUnitStandard_id:716
*,931,Y,Core,ZZSkillsProgramme:ZZSkillsProgramme_ID:63;ZZUnitStandard:ZZUnitStandard_id:724
*,932,Y,Elective,ZZSkillsProgramme:ZZSkillsProgramme_ID:63;ZZUnitStandard:ZZUnitStandard_id:1231
*,933,Y,Elective,ZZSkillsProgramme:ZZSkillsProgramme_ID:63;ZZUnitStandard:ZZUnitStandard_id:525
*,934,Y,Elective,ZZSkillsProgramme:ZZSkillsProgramme_ID:63;ZZUnitStandard:ZZUnitStandard_id:536
*,935,Y,Elective,ZZSkillsProgramme:ZZSkillsProgramme_ID:63;ZZUnitStandard:ZZUnitStandard_id:975
*,936,Y,Elective,ZZSkillsProgramme:ZZSkillsProgramme_ID:63;ZZUnitStandard:ZZUnitStandard_id:538
*,937,Y,Elective,ZZSkillsProgramme:ZZSkillsProgramme_ID:63;ZZUnitStandard:ZZUnitStandard_id:529
*,938,Y,Elective,ZZSkillsProgramme:ZZSkillsProgramme_ID:63;ZZUnitStandard:ZZUnitStandard_id:1029
*,939,Y,Elective,ZZSkillsProgramme:ZZSkillsProgramme_ID:63;ZZUnitStandard:ZZUnitStandard_id:93
*,940,Y,Elective,ZZSkillsProgramme:ZZSkillsProgramme_ID:63;ZZUnitStandard:ZZUnitStandard_id:94
*,941,Y,Elective,ZZSkillsProgramme:ZZSkillsProgramme_ID:63;ZZUnitStandard:ZZUnitStandard_id:92
*,942,Y,Elective,ZZSkillsProgramme:ZZSkillsProgramme_ID:63;ZZUnitStandard:ZZUnitStandard_id:102
*,943,Y,Elective,ZZSkillsProgramme:ZZSkillsProgramme_ID:63;ZZUnitStandard:ZZUnitStandard_id:103
*,944,Y,Elective,ZZSkillsProgramme:ZZSkillsProgramme_ID:63;ZZUnitStandard:ZZUnitStandard_id:105
*,945,Y,Elective,ZZSkillsProgramme:ZZSkillsProgramme_ID:63;ZZUnitStandard:ZZUnitStandard_id:106
*,946,Y,Elective,ZZSkillsProgramme:ZZSkillsProgramme_ID:63;ZZUnitStandard:ZZUnitStandard_id:39
*,947,Y,Elective,ZZSkillsProgramme:ZZSkillsProgramme_ID:63;ZZUnitStandard:ZZUnitStandard_id:40
*,948,Y,Elective,ZZSkillsProgramme:ZZSkillsProgramme_ID:63;ZZUnitStandard:ZZUnitStandard_id:38
*,949,Y,Core,ZZSkillsProgramme:ZZSkillsProgramme_ID:63;ZZUnitStandard:ZZUnitStandard_id:37
*,950,Y,Core,ZZSkillsProgramme:ZZSkillsProgramme_ID:64;ZZUnitStandard:ZZUnitStandard_id:902
*,951,Y,Core,ZZSkillsProgramme:ZZSkillsProgramme_ID:64;ZZUnitStandard:ZZUnitStandard_id:355
*,952,Y,Core,ZZSkillsProgramme:ZZSkillsProgramme_ID:64;ZZUnitStandard:ZZUnitStandard_id:930
*,953,Y,Core,ZZSkillsProgramme:ZZSkillsProgramme_ID:64;ZZUnitStandard:ZZUnitStandard_id:981
*,954,Y,Elective,ZZSkillsProgramme:ZZSkillsProgramme_ID:64;ZZUnitStandard:ZZUnitStandard_id:590
*,955,Y,Elective,ZZSkillsProgramme:ZZSkillsProgramme_ID:64;ZZUnitStandard:ZZUnitStandard_id:591
*,956,Y,Elective,ZZSkillsProgramme:ZZSkillsProgramme_ID:64;ZZUnitStandard:ZZUnitStandard_id:596
*,957,Y,Elective,ZZSkillsProgramme:ZZSkillsProgramme_ID:64;ZZUnitStandard:ZZUnitStandard_id:589
*,958,Y,Elective,ZZSkillsProgramme:ZZSkillsProgramme_ID:64;ZZUnitStandard:ZZUnitStandard_id:598
*,959,Y,Elective,ZZSkillsProgramme:ZZSkillsProgramme_ID:64;ZZUnitStandard:ZZUnitStandard_id:599
*,960,Y,Elective,ZZSkillsProgramme:ZZSkillsProgramme_ID:64;ZZUnitStandard:ZZUnitStandard_id:587
*,961,Y,Elective,ZZSkillsProgramme:ZZSkillsProgramme_ID:64;ZZUnitStandard:ZZUnitStandard_id:592
*,962,Y,Elective,ZZSkillsProgramme:ZZSkillsProgramme_ID:64;ZZUnitStandard:ZZUnitStandard_id:588
*,963,Y,Elective,ZZSkillsProgramme:ZZSkillsProgramme_ID:64;ZZUnitStandard:ZZUnitStandard_id:2321
*,964,Y,Elective,ZZSkillsProgramme:ZZSkillsProgramme_ID:64;ZZUnitStandard:ZZUnitStandard_id:85
*,965,Y,Elective,ZZSkillsProgramme:ZZSkillsProgramme_ID:64;ZZUnitStandard:ZZUnitStandard_id:87
*,966,Y,Core,ZZSkillsProgramme:ZZSkillsProgramme_ID:64;ZZUnitStandard:ZZUnitStandard_id:88
*,967,Y,Elective,ZZSkillsProgramme:ZZSkillsProgramme_ID:64;ZZUnitStandard:ZZUnitStandard_id:83
*,968,Y,Core,ZZSkillsProgramme:ZZSkillsProgramme_ID:64;ZZUnitStandard:ZZUnitStandard_id:84
*,969,Y,Elective,ZZSkillsProgramme:ZZSkillsProgramme_ID:64;ZZUnitStandard:ZZUnitStandard_id:350
*,970,Y,Elective,ZZSkillsProgramme:ZZSkillsProgramme_ID:64;ZZUnitStandard:ZZUnitStandard_id:351
*,971,Y,Elective,ZZSkillsProgramme:ZZSkillsProgramme_ID:64;ZZUnitStandard:ZZUnitStandard_id:353
*,972,Y,Core,ZZSkillsProgramme:ZZSkillsProgramme_ID:64;ZZUnitStandard:ZZUnitStandard_id:354
*,973,Y,Elective,ZZSkillsProgramme:ZZSkillsProgramme_ID:64;ZZUnitStandard:ZZUnitStandard_id:352
*,974,Y,Elective,ZZSkillsProgramme:ZZSkillsProgramme_ID:64;ZZUnitStandard:ZZUnitStandard_id:569
*,975,Y,Core,ZZSkillsProgramme:ZZSkillsProgramme_ID:65;ZZUnitStandard:ZZUnitStandard_id:219
*,976,Y,Core,ZZSkillsProgramme:ZZSkillsProgramme_ID:65;ZZUnitStandard:ZZUnitStandard_id:220
*,977,Y,Elective,ZZSkillsProgramme:ZZSkillsProgramme_ID:65;ZZUnitStandard:ZZUnitStandard_id:221
*,978,Y,Elective,ZZSkillsProgramme:ZZSkillsProgramme_ID:65;ZZUnitStandard:ZZUnitStandard_id:223
*,979,Y,Elective,ZZSkillsProgramme:ZZSkillsProgramme_ID:65;ZZUnitStandard:ZZUnitStandard_id:224
*,980,Y,Elective,ZZSkillsProgramme:ZZSkillsProgramme_ID:65;ZZUnitStandard:ZZUnitStandard_id:227
*,981,Y,Elective,ZZSkillsProgramme:ZZSkillsProgramme_ID:65;ZZUnitStandard:ZZUnitStandard_id:901
*,982,Y,Elective,ZZSkillsProgramme:ZZSkillsProgramme_ID:65;ZZUnitStandard:ZZUnitStandard_id:152
*,983,Y,Elective,ZZSkillsProgramme:ZZSkillsProgramme_ID:65;ZZUnitStandard:ZZUnitStandard_id:246
*,984,Y,Elective,ZZSkillsProgramme:ZZSkillsProgramme_ID:65;ZZUnitStandard:ZZUnitStandard_id:716
*,985,Y,Elective,ZZSkillsProgramme:ZZSkillsProgramme_ID:65;ZZUnitStandard:ZZUnitStandard_id:1231
*,986,Y,Elective,ZZSkillsProgramme:ZZSkillsProgramme_ID:65;ZZUnitStandard:ZZUnitStandard_id:2349
*,987,Y,Elective,ZZSkillsProgramme:ZZSkillsProgramme_ID:65;ZZUnitStandard:ZZUnitStandard_id:2348
*,988,Y,Elective,ZZSkillsProgramme:ZZSkillsProgramme_ID:65;ZZUnitStandard:ZZUnitStandard_id:525
*,989,Y,Elective,ZZSkillsProgramme:ZZSkillsProgramme_ID:65;ZZUnitStandard:ZZUnitStandard_id:975
*,990,Y,Elective,ZZSkillsProgramme:ZZSkillsProgramme_ID:65;ZZUnitStandard:ZZUnitStandard_id:538
*,991,Y,Elective,ZZSkillsProgramme:ZZSkillsProgramme_ID:65;ZZUnitStandard:ZZUnitStandard_id:2346
*,992,Y,Elective,ZZSkillsProgramme:ZZSkillsProgramme_ID:65;ZZUnitStandard:ZZUnitStandard_id:1466
*,993,Y,Elective,ZZSkillsProgramme:ZZSkillsProgramme_ID:65;ZZUnitStandard:ZZUnitStandard_id:2347
*,994,Y,Core,ZZSkillsProgramme:ZZSkillsProgramme_ID:65;ZZUnitStandard:ZZUnitStandard_id:1140
*,995,Y,Elective,ZZSkillsProgramme:ZZSkillsProgramme_ID:65;ZZUnitStandard:ZZUnitStandard_id:1029
*,996,Y,Elective,ZZSkillsProgramme:ZZSkillsProgramme_ID:65;ZZUnitStandard:ZZUnitStandard_id:1433
*,997,Y,Elective,ZZSkillsProgramme:ZZSkillsProgramme_ID:65;ZZUnitStandard:ZZUnitStandard_id:93
*,998,Y,Elective,ZZSkillsProgramme:ZZSkillsProgramme_ID:65;ZZUnitStandard:ZZUnitStandard_id:105
*,999,Y,Elective,ZZSkillsProgramme:ZZSkillsProgramme_ID:65;ZZUnitStandard:ZZUnitStandard_id:106
*,1000,Y,Elective,ZZSkillsProgramme:ZZSkillsProgramme_ID:65;ZZUnitStandard:ZZUnitStandard_id:79
*,1001,Y,Elective,ZZSkillsProgramme:ZZSkillsProgramme_ID:65;ZZUnitStandard:ZZUnitStandard_id:731
*,1002,Y,Elective,ZZSkillsProgramme:ZZSkillsProgramme_ID:65;ZZUnitStandard:ZZUnitStandard_id:40
*,1003,Y,Core,ZZSkillsProgramme:ZZSkillsProgramme_ID:65;ZZUnitStandard:ZZUnitStandard_id:37
*,1004,Y,Elective,ZZSkillsProgramme:ZZSkillsProgramme_ID:66;ZZUnitStandard:ZZUnitStandard_id:980
*,1005,Y,Elective,ZZSkillsProgramme:ZZSkillsProgramme_ID:66;ZZUnitStandard:ZZUnitStandard_id:2279
*,1006,Y,Core,ZZSkillsProgramme:ZZSkillsProgramme_ID:66;ZZUnitStandard:ZZUnitStandard_id:2290
*,1007,Y,Elective,ZZSkillsProgramme:ZZSkillsProgramme_ID:66;ZZUnitStandard:ZZUnitStandard_id:2236
*,1008,Y,Core,ZZSkillsProgramme:ZZSkillsProgramme_ID:66;ZZUnitStandard:ZZUnitStandard_id:2283
*,1009,Y,Elective,ZZSkillsProgramme:ZZSkillsProgramme_ID:66;ZZUnitStandard:ZZUnitStandard_id:2270
*,1010,Y,Elective,ZZSkillsProgramme:ZZSkillsProgramme_ID:66;ZZUnitStandard:ZZUnitStandard_id:2442
*,1011,Y,Elective,ZZSkillsProgramme:ZZSkillsProgramme_ID:66;ZZUnitStandard:ZZUnitStandard_id:2284
*,1012,Y,Elective,ZZSkillsProgramme:ZZSkillsProgramme_ID:66;ZZUnitStandard:ZZUnitStandard_id:2248
*,1013,Y,Core,ZZSkillsProgramme:ZZSkillsProgramme_ID:66;ZZUnitStandard:ZZUnitStandard_id:2235
*,1014,Y,Core,ZZSkillsProgramme:ZZSkillsProgramme_ID:66;ZZUnitStandard:ZZUnitStandard_id:2263
*,1015,Y,Elective,ZZSkillsProgramme:ZZSkillsProgramme_ID:66;ZZUnitStandard:ZZUnitStandard_id:2303
*,1016,Y,Core,ZZSkillsProgramme:ZZSkillsProgramme_ID:66;ZZUnitStandard:ZZUnitStandard_id:2222
*,1017,Y,Core,ZZSkillsProgramme:ZZSkillsProgramme_ID:66;ZZUnitStandard:ZZUnitStandard_id:2227
*,1018,Y,Elective,ZZSkillsProgramme:ZZSkillsProgramme_ID:66;ZZUnitStandard:ZZUnitStandard_id:2280
*,1019,Y,Elective,ZZSkillsProgramme:ZZSkillsProgramme_ID:66;ZZUnitStandard:ZZUnitStandard_id:2281
*,1020,Y,Elective,ZZSkillsProgramme:ZZSkillsProgramme_ID:66;ZZUnitStandard:ZZUnitStandard_id:2229
*,1021,Y,Core,ZZSkillsProgramme:ZZSkillsProgramme_ID:69;ZZUnitStandard:ZZUnitStandard_id:1884
*,1022,Y,Core,ZZSkillsProgramme:ZZSkillsProgramme_ID:69;ZZUnitStandard:ZZUnitStandard_id:429
*,1023,Y,Core,ZZSkillsProgramme:ZZSkillsProgramme_ID:69;ZZUnitStandard:ZZUnitStandard_id:686
*,1024,Y,Core,ZZSkillsProgramme:ZZSkillsProgramme_ID:69;ZZUnitStandard:ZZUnitStandard_id:998
*,1025,Y,Core,ZZSkillsProgramme:ZZSkillsProgramme_ID:69;ZZUnitStandard:ZZUnitStandard_id:423
*,1026,Y,Core,ZZSkillsProgramme:ZZSkillsProgramme_ID:69;ZZUnitStandard:ZZUnitStandard_id:690
*,1027,Y,Core,ZZSkillsProgramme:ZZSkillsProgramme_ID:69;ZZUnitStandard:ZZUnitStandard_id:989
*,1028,Y,Core,ZZSkillsProgramme:ZZSkillsProgramme_ID:69;ZZUnitStandard:ZZUnitStandard_id:682
*,1029,Y,Core,ZZSkillsProgramme:ZZSkillsProgramme_ID:69;ZZUnitStandard:ZZUnitStandard_id:671
*,1030,Y,Core,ZZSkillsProgramme:ZZSkillsProgramme_ID:69;ZZUnitStandard:ZZUnitStandard_id:1141
*,1031,Y,Core,ZZSkillsProgramme:ZZSkillsProgramme_ID:69;ZZUnitStandard:ZZUnitStandard_id:993
*,1032,Y,Core,ZZSkillsProgramme:ZZSkillsProgramme_ID:69;ZZUnitStandard:ZZUnitStandard_id:697
*,1033,Y,Core,ZZSkillsProgramme:ZZSkillsProgramme_ID:69;ZZUnitStandard:ZZUnitStandard_id:2148
*,1034,Y,Core,ZZSkillsProgramme:ZZSkillsProgramme_ID:69;ZZUnitStandard:ZZUnitStandard_id:681
*,1035,Y,Core,ZZSkillsProgramme:ZZSkillsProgramme_ID:69;ZZUnitStandard:ZZUnitStandard_id:992
*,1036,Y,Core,ZZSkillsProgramme:ZZSkillsProgramme_ID:69;ZZUnitStandard:ZZUnitStandard_id:701
*,1037,Y,Core,ZZSkillsProgramme:ZZSkillsProgramme_ID:69;ZZUnitStandard:ZZUnitStandard_id:691
*,1038,Y,Core,ZZSkillsProgramme:ZZSkillsProgramme_ID:69;ZZUnitStandard:ZZUnitStandard_id:677
*,1039,Y,Core,ZZSkillsProgramme:ZZSkillsProgramme_ID:69;ZZUnitStandard:ZZUnitStandard_id:923
*,1040,Y,Core,ZZSkillsProgramme:ZZSkillsProgramme_ID:69;ZZUnitStandard:ZZUnitStandard_id:685
*,1041,Y,Core,ZZSkillsProgramme:ZZSkillsProgramme_ID:69;ZZUnitStandard:ZZUnitStandard_id:500
*,1042,Y,Core,ZZSkillsProgramme:ZZSkillsProgramme_ID:69;ZZUnitStandard:ZZUnitStandard_id:672
*,1043,Y,Core,ZZSkillsProgramme:ZZSkillsProgramme_ID:69;ZZUnitStandard:ZZUnitStandard_id:994
*,1044,Y,Core,ZZSkillsProgramme:ZZSkillsProgramme_ID:69;ZZUnitStandard:ZZUnitStandard_id:1330
*,1045,Y,Core,ZZSkillsProgramme:ZZSkillsProgramme_ID:69;ZZUnitStandard:ZZUnitStandard_id:2149
*,1046,Y,Core,ZZSkillsProgramme:ZZSkillsProgramme_ID:69;ZZUnitStandard:ZZUnitStandard_id:1189
*,1047,Y,Core,ZZSkillsProgramme:ZZSkillsProgramme_ID:69;ZZUnitStandard:ZZUnitStandard_id:1766
*,1048,Y,Core,ZZSkillsProgramme:ZZSkillsProgramme_ID:69;ZZUnitStandard:ZZUnitStandard_id:1164
*,1049,Y,Core,ZZSkillsProgramme:ZZSkillsProgramme_ID:69;ZZUnitStandard:ZZUnitStandard_id:1165
*,1050,Y,Core,ZZSkillsProgramme:ZZSkillsProgramme_ID:69;ZZUnitStandard:ZZUnitStandard_id:1166
*,1051,Y,Core,ZZSkillsProgramme:ZZSkillsProgramme_ID:69;ZZUnitStandard:ZZUnitStandard_id:1167
*,1052,Y,Core,ZZSkillsProgramme:ZZSkillsProgramme_ID:69;ZZUnitStandard:ZZUnitStandard_id:1168
*,1053,Y,Core,ZZSkillsProgramme:ZZSkillsProgramme_ID:69;ZZUnitStandard:ZZUnitStandard_id:1169
*,1054,Y,Core,ZZSkillsProgramme:ZZSkillsProgramme_ID:69;ZZUnitStandard:ZZUnitStandard_id:1177
*,1055,Y,Core,ZZSkillsProgramme:ZZSkillsProgramme_ID:69;ZZUnitStandard:ZZUnitStandard_id:1197
*,1056,Y,Core,ZZSkillsProgramme:ZZSkillsProgramme_ID:69;ZZUnitStandard:ZZUnitStandard_id:1198
*,1057,Y,Core,ZZSkillsProgramme:ZZSkillsProgramme_ID:69;ZZUnitStandard:ZZUnitStandard_id:1716
*,1058,Y,Core,ZZSkillsProgramme:ZZSkillsProgramme_ID:70;ZZUnitStandard:ZZUnitStandard_id:983
*,1059,Y,Core,ZZSkillsProgramme:ZZSkillsProgramme_ID:70;ZZUnitStandard:ZZUnitStandard_id:665
*,1060,Y,Core,ZZSkillsProgramme:ZZSkillsProgramme_ID:70;ZZUnitStandard:ZZUnitStandard_id:666
*,1061,Y,Core,ZZSkillsProgramme:ZZSkillsProgramme_ID:70;ZZUnitStandard:ZZUnitStandard_id:667
*,1062,Y,Core,ZZSkillsProgramme:ZZSkillsProgramme_ID:70;ZZUnitStandard:ZZUnitStandard_id:669
*,1063,Y,Core,ZZSkillsProgramme:ZZSkillsProgramme_ID:70;ZZUnitStandard:ZZUnitStandard_id:764
*,1064,Y,Core,ZZSkillsProgramme:ZZSkillsProgramme_ID:70;ZZUnitStandard:ZZUnitStandard_id:765
*,1065,Y,Core,ZZSkillsProgramme:ZZSkillsProgramme_ID:70;ZZUnitStandard:ZZUnitStandard_id:822
*,1066,Y,Core,ZZSkillsProgramme:ZZSkillsProgramme_ID:70;ZZUnitStandard:ZZUnitStandard_id:456
*,1067,Y,Core,ZZSkillsProgramme:ZZSkillsProgramme_ID:70;ZZUnitStandard:ZZUnitStandard_id:460
*,1068,Y,Core,ZZSkillsProgramme:ZZSkillsProgramme_ID:70;ZZUnitStandard:ZZUnitStandard_id:461
*,1069,Y,Core,ZZSkillsProgramme:ZZSkillsProgramme_ID:70;ZZUnitStandard:ZZUnitStandard_id:462
*,1070,Y,Core,ZZSkillsProgramme:ZZSkillsProgramme_ID:70;ZZUnitStandard:ZZUnitStandard_id:464
*,1071,Y,Core,ZZSkillsProgramme:ZZSkillsProgramme_ID:70;ZZUnitStandard:ZZUnitStandard_id:668
*,1072,Y,Core,ZZSkillsProgramme:ZZSkillsProgramme_ID:70;ZZUnitStandard:ZZUnitStandard_id:1203
*,1073,Y,Core,ZZSkillsProgramme:ZZSkillsProgramme_ID:70;ZZUnitStandard:ZZUnitStandard_id:985
*,1074,Y,Core,ZZSkillsProgramme:ZZSkillsProgramme_ID:70;ZZUnitStandard:ZZUnitStandard_id:1301
*,1075,Y,Core,ZZSkillsProgramme:ZZSkillsProgramme_ID:70;ZZUnitStandard:ZZUnitStandard_id:2220
*,1076,Y,Core,ZZSkillsProgramme:ZZSkillsProgramme_ID:70;ZZUnitStandard:ZZUnitStandard_id:1884
*,1077,Y,Core,ZZSkillsProgramme:ZZSkillsProgramme_ID:70;ZZUnitStandard:ZZUnitStandard_id:2450
*,1078,Y,Core,ZZSkillsProgramme:ZZSkillsProgramme_ID:70;ZZUnitStandard:ZZUnitStandard_id:2453
*,1079,Y,Core,ZZSkillsProgramme:ZZSkillsProgramme_ID:70;ZZUnitStandard:ZZUnitStandard_id:2452
*,1080,Y,Core,ZZSkillsProgramme:ZZSkillsProgramme_ID:70;ZZUnitStandard:ZZUnitStandard_id:2340
*,1081,Y,Core,ZZSkillsProgramme:ZZSkillsProgramme_ID:70;ZZUnitStandard:ZZUnitStandard_id:2445
*,1082,Y,Core,ZZSkillsProgramme:ZZSkillsProgramme_ID:70;ZZUnitStandard:ZZUnitStandard_id:2339
*,1083,Y,Core,ZZSkillsProgramme:ZZSkillsProgramme_ID:70;ZZUnitStandard:ZZUnitStandard_id:2454
*,1084,Y,Core,ZZSkillsProgramme:ZZSkillsProgramme_ID:70;ZZUnitStandard:ZZUnitStandard_id:1728
*,1085,Y,Core,ZZSkillsProgramme:ZZSkillsProgramme_ID:70;ZZUnitStandard:ZZUnitStandard_id:1537
*,1086,Y,Core,ZZSkillsProgramme:ZZSkillsProgramme_ID:70;ZZUnitStandard:ZZUnitStandard_id:1185
*,1087,Y,Core,ZZSkillsProgramme:ZZSkillsProgramme_ID:70;ZZUnitStandard:ZZUnitStandard_id:1514
*,1088,Y,Core,ZZSkillsProgramme:ZZSkillsProgramme_ID:70;ZZUnitStandard:ZZUnitStandard_id:1186
*,1089,Y,Core,ZZSkillsProgramme:ZZSkillsProgramme_ID:70;ZZUnitStandard:ZZUnitStandard_id:1516
*,1090,Y,Core,ZZSkillsProgramme:ZZSkillsProgramme_ID:70;ZZUnitStandard:ZZUnitStandard_id:1194
*,1091,Y,Core,ZZSkillsProgramme:ZZSkillsProgramme_ID:70;ZZUnitStandard:ZZUnitStandard_id:79
*,1092,Y,Core,ZZSkillsProgramme:ZZSkillsProgramme_ID:70;ZZUnitStandard:ZZUnitStandard_id:763
*,1093,Y,Core,ZZSkillsProgramme:ZZSkillsProgramme_ID:70;ZZUnitStandard:ZZUnitStandard_id:120
*,1094,Y,Core,ZZSkillsProgramme:ZZSkillsProgramme_ID:70;ZZUnitStandard:ZZUnitStandard_id:121
*,1095,Y,Core,ZZSkillsProgramme:ZZSkillsProgramme_ID:70;ZZUnitStandard:ZZUnitStandard_id:122
*,1096,Y,Core,ZZSkillsProgramme:ZZSkillsProgramme_ID:70;ZZUnitStandard:ZZUnitStandard_id:129
*,1097,Y,Core,ZZSkillsProgramme:ZZSkillsProgramme_ID:70;ZZUnitStandard:ZZUnitStandard_id:130
*,1098,Y,Core,ZZSkillsProgramme:ZZSkillsProgramme_ID:70;ZZUnitStandard:ZZUnitStandard_id:131
*,1099,Y,Core,ZZSkillsProgramme:ZZSkillsProgramme_ID:70;ZZUnitStandard:ZZUnitStandard_id:132
*,1100,Y,Core,ZZSkillsProgramme:ZZSkillsProgramme_ID:70;ZZUnitStandard:ZZUnitStandard_id:59
*,1101,Y,Core,ZZSkillsProgramme:ZZSkillsProgramme_ID:70;ZZUnitStandard:ZZUnitStandard_id:60
*,1102,Y,Core,ZZSkillsProgramme:ZZSkillsProgramme_ID:70;ZZUnitStandard:ZZUnitStandard_id:61
*,1103,Y,Core,ZZSkillsProgramme:ZZSkillsProgramme_ID:70;ZZUnitStandard:ZZUnitStandard_id:62
*,1104,Y,Core,ZZSkillsProgramme:ZZSkillsProgramme_ID:70;ZZUnitStandard:ZZUnitStandard_id:63
*,1105,Y,Core,ZZSkillsProgramme:ZZSkillsProgramme_ID:70;ZZUnitStandard:ZZUnitStandard_id:69
*,1106,Y,Elective,ZZSkillsProgramme:ZZSkillsProgramme_ID:71;ZZUnitStandard:ZZUnitStandard_id:1117
*,1107,Y,Elective,ZZSkillsProgramme:ZZSkillsProgramme_ID:71;ZZUnitStandard:ZZUnitStandard_id:218
*,1108,Y,Elective,ZZSkillsProgramme:ZZSkillsProgramme_ID:71;ZZUnitStandard:ZZUnitStandard_id:225
*,1109,Y,Elective,ZZSkillsProgramme:ZZSkillsProgramme_ID:71;ZZUnitStandard:ZZUnitStandard_id:228
*,1110,Y,Elective,ZZSkillsProgramme:ZZSkillsProgramme_ID:71;ZZUnitStandard:ZZUnitStandard_id:234
*,1111,Y,Elective,ZZSkillsProgramme:ZZSkillsProgramme_ID:71;ZZUnitStandard:ZZUnitStandard_id:787
*,1112,Y,Elective,ZZSkillsProgramme:ZZSkillsProgramme_ID:71;ZZUnitStandard:ZZUnitStandard_id:2754
*,1113,Y,Elective,ZZSkillsProgramme:ZZSkillsProgramme_ID:71;ZZUnitStandard:ZZUnitStandard_id:901
*,1114,Y,Elective,ZZSkillsProgramme:ZZSkillsProgramme_ID:71;ZZUnitStandard:ZZUnitStandard_id:450
*,1115,Y,Elective,ZZSkillsProgramme:ZZSkillsProgramme_ID:71;ZZUnitStandard:ZZUnitStandard_id:432
*,1116,Y,Elective,ZZSkillsProgramme:ZZSkillsProgramme_ID:71;ZZUnitStandard:ZZUnitStandard_id:283
*,1117,Y,Core,ZZSkillsProgramme:ZZSkillsProgramme_ID:71;ZZUnitStandard:ZZUnitStandard_id:983
*,1118,Y,Core,ZZSkillsProgramme:ZZSkillsProgramme_ID:71;ZZUnitStandard:ZZUnitStandard_id:746
*,1119,Y,Core,ZZSkillsProgramme:ZZSkillsProgramme_ID:71;ZZUnitStandard:ZZUnitStandard_id:1112
*,1120,Y,Elective,ZZSkillsProgramme:ZZSkillsProgramme_ID:71;ZZUnitStandard:ZZUnitStandard_id:2759
*,1121,Y,Elective,ZZSkillsProgramme:ZZSkillsProgramme_ID:71;ZZUnitStandard:ZZUnitStandard_id:737
*,1122,Y,Elective,ZZSkillsProgramme:ZZSkillsProgramme_ID:71;ZZUnitStandard:ZZUnitStandard_id:3454
*,1123,Y,Core,ZZSkillsProgramme:ZZSkillsProgramme_ID:71;ZZUnitStandard:ZZUnitStandard_id:1093
*,1124,Y,Elective,ZZSkillsProgramme:ZZSkillsProgramme_ID:71;ZZUnitStandard:ZZUnitStandard_id:738
*,1125,Y,Elective,ZZSkillsProgramme:ZZSkillsProgramme_ID:71;ZZUnitStandard:ZZUnitStandard_id:739
*,1126,Y,Elective,ZZSkillsProgramme:ZZSkillsProgramme_ID:71;ZZUnitStandard:ZZUnitStandard_id:785
*,1127,Y,Elective,ZZSkillsProgramme:ZZSkillsProgramme_ID:71;ZZUnitStandard:ZZUnitStandard_id:740
*,1128,Y,Elective,ZZSkillsProgramme:ZZSkillsProgramme_ID:71;ZZUnitStandard:ZZUnitStandard_id:214
*,1129,Y,Elective,ZZSkillsProgramme:ZZSkillsProgramme_ID:71;ZZUnitStandard:ZZUnitStandard_id:2760
*,1130,Y,Elective,ZZSkillsProgramme:ZZSkillsProgramme_ID:71;ZZUnitStandard:ZZUnitStandard_id:2761
*,1131,Y,Elective,ZZSkillsProgramme:ZZSkillsProgramme_ID:71;ZZUnitStandard:ZZUnitStandard_id:735
*,1132,Y,Elective,ZZSkillsProgramme:ZZSkillsProgramme_ID:71;ZZUnitStandard:ZZUnitStandard_id:902
*,1133,Y,Elective,ZZSkillsProgramme:ZZSkillsProgramme_ID:71;ZZUnitStandard:ZZUnitStandard_id:355
*,1134,Y,Elective,ZZSkillsProgramme:ZZSkillsProgramme_ID:71;ZZUnitStandard:ZZUnitStandard_id:912
*,1135,Y,Elective,ZZSkillsProgramme:ZZSkillsProgramme_ID:71;ZZUnitStandard:ZZUnitStandard_id:913
*,1136,Y,Elective,ZZSkillsProgramme:ZZSkillsProgramme_ID:71;ZZUnitStandard:ZZUnitStandard_id:921
*,1137,Y,Elective,ZZSkillsProgramme:ZZSkillsProgramme_ID:71;ZZUnitStandard:ZZUnitStandard_id:914
*,1138,Y,Elective,ZZSkillsProgramme:ZZSkillsProgramme_ID:71;ZZUnitStandard:ZZUnitStandard_id:915
*,1139,Y,Elective,ZZSkillsProgramme:ZZSkillsProgramme_ID:71;ZZUnitStandard:ZZUnitStandard_id:784
*,1140,Y,Elective,ZZSkillsProgramme:ZZSkillsProgramme_ID:71;ZZUnitStandard:ZZUnitStandard_id:916
*,1141,Y,Elective,ZZSkillsProgramme:ZZSkillsProgramme_ID:71;ZZUnitStandard:ZZUnitStandard_id:917
*,1142,Y,Elective,ZZSkillsProgramme:ZZSkillsProgramme_ID:71;ZZUnitStandard:ZZUnitStandard_id:783
*,1143,Y,Core,ZZSkillsProgramme:ZZSkillsProgramme_ID:71;ZZUnitStandard:ZZUnitStandard_id:692
*,1144,Y,Elective,ZZSkillsProgramme:ZZSkillsProgramme_ID:71;ZZUnitStandard:ZZUnitStandard_id:2448
*,1145,Y,Elective,ZZSkillsProgramme:ZZSkillsProgramme_ID:71;ZZUnitStandard:ZZUnitStandard_id:907
*,1146,Y,Core,ZZSkillsProgramme:ZZSkillsProgramme_ID:71;ZZUnitStandard:ZZUnitStandard_id:1111
*,1147,Y,Core,ZZSkillsProgramme:ZZSkillsProgramme_ID:71;ZZUnitStandard:ZZUnitStandard_id:980
*,1148,Y,Core,ZZSkillsProgramme:ZZSkillsProgramme_ID:71;ZZUnitStandard:ZZUnitStandard_id:930
*,1149,Y,Core,ZZSkillsProgramme:ZZSkillsProgramme_ID:71;ZZUnitStandard:ZZUnitStandard_id:425
*,1150,Y,Elective,ZZSkillsProgramme:ZZSkillsProgramme_ID:71;ZZUnitStandard:ZZUnitStandard_id:716
*,1151,Y,Elective,ZZSkillsProgramme:ZZSkillsProgramme_ID:71;ZZUnitStandard:ZZUnitStandard_id:2764
*,1152,Y,Core,ZZSkillsProgramme:ZZSkillsProgramme_ID:71;ZZUnitStandard:ZZUnitStandard_id:928
*,1153,Y,Core,ZZSkillsProgramme:ZZSkillsProgramme_ID:71;ZZUnitStandard:ZZUnitStandard_id:1080
*,1154,Y,Core,ZZSkillsProgramme:ZZSkillsProgramme_ID:71;ZZUnitStandard:ZZUnitStandard_id:981
*,1155,Y,Core,ZZSkillsProgramme:ZZSkillsProgramme_ID:71;ZZUnitStandard:ZZUnitStandard_id:695
*,1156,Y,Elective,ZZSkillsProgramme:ZZSkillsProgramme_ID:71;ZZUnitStandard:ZZUnitStandard_id:212
*,1157,Y,Core,ZZSkillsProgramme:ZZSkillsProgramme_ID:71;ZZUnitStandard:ZZUnitStandard_id:1301
*,1158,Y,Core,ZZSkillsProgramme:ZZSkillsProgramme_ID:71;ZZUnitStandard:ZZUnitStandard_id:2141
*,1159,Y,Core,ZZSkillsProgramme:ZZSkillsProgramme_ID:71;ZZUnitStandard:ZZUnitStandard_id:696
*,1160,Y,Core,ZZSkillsProgramme:ZZSkillsProgramme_ID:71;ZZUnitStandard:ZZUnitStandard_id:693
*,1161,Y,Elective,ZZSkillsProgramme:ZZSkillsProgramme_ID:71;ZZUnitStandard:ZZUnitStandard_id:1119
*,1162,Y,Elective,ZZSkillsProgramme:ZZSkillsProgramme_ID:71;ZZUnitStandard:ZZUnitStandard_id:3453
*,1163,Y,Elective,ZZSkillsProgramme:ZZSkillsProgramme_ID:71;ZZUnitStandard:ZZUnitStandard_id:1993
*,1164,Y,Elective,ZZSkillsProgramme:ZZSkillsProgramme_ID:71;ZZUnitStandard:ZZUnitStandard_id:760
*,1165,Y,Elective,ZZSkillsProgramme:ZZSkillsProgramme_ID:71;ZZUnitStandard:ZZUnitStandard_id:910
*,1166,Y,Elective,ZZSkillsProgramme:ZZSkillsProgramme_ID:71;ZZUnitStandard:ZZUnitStandard_id:539
*,1167,Y,Elective,ZZSkillsProgramme:ZZSkillsProgramme_ID:71;ZZUnitStandard:ZZUnitStandard_id:454
*,1168,Y,Elective,ZZSkillsProgramme:ZZSkillsProgramme_ID:71;ZZUnitStandard:ZZUnitStandard_id:1996
*,1169,Y,Elective,ZZSkillsProgramme:ZZSkillsProgramme_ID:71;ZZUnitStandard:ZZUnitStandard_id:909
*,1170,Y,Elective,ZZSkillsProgramme:ZZSkillsProgramme_ID:71;ZZUnitStandard:ZZUnitStandard_id:911
*,1171,Y,Elective,ZZSkillsProgramme:ZZSkillsProgramme_ID:71;ZZUnitStandard:ZZUnitStandard_id:1999
*,1172,Y,Elective,ZZSkillsProgramme:ZZSkillsProgramme_ID:71;ZZUnitStandard:ZZUnitStandard_id:2000
*,1173,Y,Elective,ZZSkillsProgramme:ZZSkillsProgramme_ID:71;ZZUnitStandard:ZZUnitStandard_id:762
*,1174,Y,Elective,ZZSkillsProgramme:ZZSkillsProgramme_ID:71;ZZUnitStandard:ZZUnitStandard_id:761
*,1175,Y,Core,ZZSkillsProgramme:ZZSkillsProgramme_ID:71;ZZUnitStandard:ZZUnitStandard_id:1114
*,1176,Y,Elective,ZZSkillsProgramme:ZZSkillsProgramme_ID:71;ZZUnitStandard:ZZUnitStandard_id:1120
*,1177,Y,Core,ZZSkillsProgramme:ZZSkillsProgramme_ID:71;ZZUnitStandard:ZZUnitStandard_id:1109
*,1178,Y,Core,ZZSkillsProgramme:ZZSkillsProgramme_ID:71;ZZUnitStandard:ZZUnitStandard_id:770
*,1179,Y,Core,ZZSkillsProgramme:ZZSkillsProgramme_ID:71;ZZUnitStandard:ZZUnitStandard_id:1113
*,1180,Y,Elective,ZZSkillsProgramme:ZZSkillsProgramme_ID:71;ZZUnitStandard:ZZUnitStandard_id:599
*,1181,Y,Core,ZZSkillsProgramme:ZZSkillsProgramme_ID:71;ZZUnitStandard:ZZUnitStandard_id:838
*,1182,Y,Fundamental,ZZSkillsProgramme:ZZSkillsProgramme_ID:71;ZZUnitStandard:ZZUnitStandard_id:1100
*,1183,Y,Fundamental,ZZSkillsProgramme:ZZSkillsProgramme_ID:71;ZZUnitStandard:ZZUnitStandard_id:1101
*,1184,Y,Fundamental,ZZSkillsProgramme:ZZSkillsProgramme_ID:71;ZZUnitStandard:ZZUnitStandard_id:1102
*,1185,Y,Fundamental,ZZSkillsProgramme:ZZSkillsProgramme_ID:71;ZZUnitStandard:ZZUnitStandard_id:1103
*,1186,Y,Fundamental,ZZSkillsProgramme:ZZSkillsProgramme_ID:71;ZZUnitStandard:ZZUnitStandard_id:1105
*,1187,Y,Fundamental,ZZSkillsProgramme:ZZSkillsProgramme_ID:71;ZZUnitStandard:ZZUnitStandard_id:1104
*,1188,Y,Core,ZZSkillsProgramme:ZZSkillsProgramme_ID:71;ZZUnitStandard:ZZUnitStandard_id:1115
*,1189,Y,Elective,ZZSkillsProgramme:ZZSkillsProgramme_ID:71;ZZUnitStandard:ZZUnitStandard_id:1583
*,1190,Y,Core,ZZSkillsProgramme:ZZSkillsProgramme_ID:71;ZZUnitStandard:ZZUnitStandard_id:1116
*,1191,Y,Core,ZZSkillsProgramme:ZZSkillsProgramme_ID:71;ZZUnitStandard:ZZUnitStandard_id:1106
*,1192,Y,Core,ZZSkillsProgramme:ZZSkillsProgramme_ID:71;ZZUnitStandard:ZZUnitStandard_id:1107
*,1193,Y,Core,ZZSkillsProgramme:ZZSkillsProgramme_ID:71;ZZUnitStandard:ZZUnitStandard_id:1951
*,1194,Y,Core,ZZSkillsProgramme:ZZSkillsProgramme_ID:71;ZZUnitStandard:ZZUnitStandard_id:1110
*,1195,Y,Fundamental,ZZSkillsProgramme:ZZSkillsProgramme_ID:71;ZZUnitStandard:ZZUnitStandard_id:1317
*,1196,Y,Fundamental,ZZSkillsProgramme:ZZSkillsProgramme_ID:71;ZZUnitStandard:ZZUnitStandard_id:1315
*,1197,Y,Fundamental,ZZSkillsProgramme:ZZSkillsProgramme_ID:71;ZZUnitStandard:ZZUnitStandard_id:1316
*,1198,Y,Fundamental,ZZSkillsProgramme:ZZSkillsProgramme_ID:71;ZZUnitStandard:ZZUnitStandard_id:1318
*,1199,Y,Fundamental,ZZSkillsProgramme:ZZSkillsProgramme_ID:71;ZZUnitStandard:ZZUnitStandard_id:3452
*,1200,Y,Fundamental,ZZSkillsProgramme:ZZSkillsProgramme_ID:71;ZZUnitStandard:ZZUnitStandard_id:1099
*,1201,Y,Elective,ZZSkillsProgramme:ZZSkillsProgramme_ID:71;ZZUnitStandard:ZZUnitStandard_id:1118
*,1202,Y,Elective,ZZSkillsProgramme:ZZSkillsProgramme_ID:71;ZZUnitStandard:ZZUnitStandard_id:79
*,1203,Y,Elective,ZZSkillsProgramme:ZZSkillsProgramme_ID:71;ZZUnitStandard:ZZUnitStandard_id:86
*,1204,Y,Elective,ZZSkillsProgramme:ZZSkillsProgramme_ID:71;ZZUnitStandard:ZZUnitStandard_id:654
*,1205,Y,Elective,ZZSkillsProgramme:ZZSkillsProgramme_ID:71;ZZUnitStandard:ZZUnitStandard_id:637
*,1206,Y,Core,ZZSkillsProgramme:ZZSkillsProgramme_ID:79;ZZUnitStandard:ZZUnitStandard_id:1965
*,1207,Y,Core,ZZSkillsProgramme:ZZSkillsProgramme_ID:79;ZZUnitStandard:ZZUnitStandard_id:1966
*,1208,Y,Core,ZZSkillsProgramme:ZZSkillsProgramme_ID:79;ZZUnitStandard:ZZUnitStandard_id:1967
*,1209,Y,Core,ZZSkillsProgramme:ZZSkillsProgramme_ID:79;ZZUnitStandard:ZZUnitStandard_id:1968
*,1210,Y,Core,ZZSkillsProgramme:ZZSkillsProgramme_ID:79;ZZUnitStandard:ZZUnitStandard_id:1969
*,1211,Y,Core,ZZSkillsProgramme:ZZSkillsProgramme_ID:79;ZZUnitStandard:ZZUnitStandard_id:1970
*,1212,Y,Core,ZZSkillsProgramme:ZZSkillsProgramme_ID:79;ZZUnitStandard:ZZUnitStandard_id:1971
*,1213,Y,Core,ZZSkillsProgramme:ZZSkillsProgramme_ID:79;ZZUnitStandard:ZZUnitStandard_id:1972
*,1214,Y,Core,ZZSkillsProgramme:ZZSkillsProgramme_ID:79;ZZUnitStandard:ZZUnitStandard_id:1973
*,1215,Y,Core,ZZSkillsProgramme:ZZSkillsProgramme_ID:79;ZZUnitStandard:ZZUnitStandard_id:1974
*,1216,Y,Core,ZZSkillsProgramme:ZZSkillsProgramme_ID:79;ZZUnitStandard:ZZUnitStandard_id:1975
*,1217,Y,Core,ZZSkillsProgramme:ZZSkillsProgramme_ID:79;ZZUnitStandard:ZZUnitStandard_id:1976
*,1218,Y,Core,ZZSkillsProgramme:ZZSkillsProgramme_ID:79;ZZUnitStandard:ZZUnitStandard_id:1977
*,1219,Y,Core,ZZSkillsProgramme:ZZSkillsProgramme_ID:79;ZZUnitStandard:ZZUnitStandard_id:1979
*,1220,Y,Core,ZZSkillsProgramme:ZZSkillsProgramme_ID:79;ZZUnitStandard:ZZUnitStandard_id:1978
*,1221,Y,Core,ZZSkillsProgramme:ZZSkillsProgramme_ID:79;ZZUnitStandard:ZZUnitStandard_id:1981
*,1222,Y,Core,ZZSkillsProgramme:ZZSkillsProgramme_ID:79;ZZUnitStandard:ZZUnitStandard_id:1982
*,1223,Y,Core,ZZSkillsProgramme:ZZSkillsProgramme_ID:79;ZZUnitStandard:ZZUnitStandard_id:1980
*,1224,Y,Core,ZZSkillsProgramme:ZZSkillsProgramme_ID:79;ZZUnitStandard:ZZUnitStandard_id:1727
*,1225,Y,Core,ZZSkillsProgramme:ZZSkillsProgramme_ID:79;ZZUnitStandard:ZZUnitStandard_id:1196
*,1226,Y,Core,ZZSkillsProgramme:ZZSkillsProgramme_ID:79;ZZUnitStandard:ZZUnitStandard_id:1433
*,1227,Y,Core,ZZSkillsProgramme:ZZSkillsProgramme_ID:79;ZZUnitStandard:ZZUnitStandard_id:1435
*,1228,Y,Core,ZZSkillsProgramme:ZZSkillsProgramme_ID:79;ZZUnitStandard:ZZUnitStandard_id:1430
*,1229,Y,Core,ZZSkillsProgramme:ZZSkillsProgramme_ID:79;ZZUnitStandard:ZZUnitStandard_id:1164
*,1230,Y,Core,ZZSkillsProgramme:ZZSkillsProgramme_ID:79;ZZUnitStandard:ZZUnitStandard_id:1165
*,1231,Y,Core,ZZSkillsProgramme:ZZSkillsProgramme_ID:79;ZZUnitStandard:ZZUnitStandard_id:1166
*,1232,Y,Core,ZZSkillsProgramme:ZZSkillsProgramme_ID:79;ZZUnitStandard:ZZUnitStandard_id:1177
*,1233,Y,Core,ZZSkillsProgramme:ZZSkillsProgramme_ID:79;ZZUnitStandard:ZZUnitStandard_id:1190
*,1234,Y,Core,ZZSkillsProgramme:ZZSkillsProgramme_ID:79;ZZUnitStandard:ZZUnitStandard_id:1518
*,1235,Y,Core,ZZSkillsProgramme:ZZSkillsProgramme_ID:80;ZZUnitStandard:ZZUnitStandard_id:1987
*,1236,Y,Core,ZZSkillsProgramme:ZZSkillsProgramme_ID:80;ZZUnitStandard:ZZUnitStandard_id:1991
*,1237,Y,Core,ZZSkillsProgramme:ZZSkillsProgramme_ID:80;ZZUnitStandard:ZZUnitStandard_id:1985
*,1238,Y,Core,ZZSkillsProgramme:ZZSkillsProgramme_ID:80;ZZUnitStandard:ZZUnitStandard_id:1989
*,1239,Y,Core,ZZSkillsProgramme:ZZSkillsProgramme_ID:80;ZZUnitStandard:ZZUnitStandard_id:1984
*,1240,Y,Core,ZZSkillsProgramme:ZZSkillsProgramme_ID:80;ZZUnitStandard:ZZUnitStandard_id:1988
*,1241,Y,Core,ZZSkillsProgramme:ZZSkillsProgramme_ID:80;ZZUnitStandard:ZZUnitStandard_id:1990
*,1242,Y,Core,ZZSkillsProgramme:ZZSkillsProgramme_ID:80;ZZUnitStandard:ZZUnitStandard_id:1983
*,1243,Y,Core,ZZSkillsProgramme:ZZSkillsProgramme_ID:80;ZZUnitStandard:ZZUnitStandard_id:1992
*,1244,Y,Core,ZZSkillsProgramme:ZZSkillsProgramme_ID:80;ZZUnitStandard:ZZUnitStandard_id:1986
*,1245,Y,Core,ZZSkillsProgramme:ZZSkillsProgramme_ID:80;ZZUnitStandard:ZZUnitStandard_id:1423
*,1246,Y,Core,ZZSkillsProgramme:ZZSkillsProgramme_ID:80;ZZUnitStandard:ZZUnitStandard_id:1164
*,1247,Y,Core,ZZSkillsProgramme:ZZSkillsProgramme_ID:80;ZZUnitStandard:ZZUnitStandard_id:1165
*,1248,Y,Core,ZZSkillsProgramme:ZZSkillsProgramme_ID:82;ZZUnitStandard:ZZUnitStandard_id:507
*,1249,Y,Core,ZZSkillsProgramme:ZZSkillsProgramme_ID:82;ZZUnitStandard:ZZUnitStandard_id:397
*,1250,Y,Core,ZZSkillsProgramme:ZZSkillsProgramme_ID:82;ZZUnitStandard:ZZUnitStandard_id:1608
*,1251,Y,Core,ZZSkillsProgramme:ZZSkillsProgramme_ID:82;ZZUnitStandard:ZZUnitStandard_id:1726
*,1252,Y,Core,ZZSkillsProgramme:ZZSkillsProgramme_ID:82;ZZUnitStandard:ZZUnitStandard_id:2211
*,1253,Y,Core,ZZSkillsProgramme:ZZSkillsProgramme_ID:82;ZZUnitStandard:ZZUnitStandard_id:2212
*,1254,Y,Core,ZZSkillsProgramme:ZZSkillsProgramme_ID:82;ZZUnitStandard:ZZUnitStandard_id:2213
*,1255,Y,Core,ZZSkillsProgramme:ZZSkillsProgramme_ID:82;ZZUnitStandard:ZZUnitStandard_id:526
*,1256,Y,Core,ZZSkillsProgramme:ZZSkillsProgramme_ID:82;ZZUnitStandard:ZZUnitStandard_id:1196
*,1257,Y,Core,ZZSkillsProgramme:ZZSkillsProgramme_ID:82;ZZUnitStandard:ZZUnitStandard_id:1164
*,1258,Y,Core,ZZSkillsProgramme:ZZSkillsProgramme_ID:82;ZZUnitStandard:ZZUnitStandard_id:1165
*,1259,Y,Core,ZZSkillsProgramme:ZZSkillsProgramme_ID:82;ZZUnitStandard:ZZUnitStandard_id:1166
*,1260,Y,Fundamental,ZZSkillsProgramme:ZZSkillsProgramme_ID:82;ZZUnitStandard:ZZUnitStandard_id:1176
*,1261,Y,Core,ZZSkillsProgramme:ZZSkillsProgramme_ID:82;ZZUnitStandard:ZZUnitStandard_id:1188
*,1262,Y,Core,ZZSkillsProgramme:ZZSkillsProgramme_ID:82;ZZUnitStandard:ZZUnitStandard_id:1190
*,1263,Y,Core,ZZSkillsProgramme:ZZSkillsProgramme_ID:82;ZZUnitStandard:ZZUnitStandard_id:1518
*,1264,Y,Core,ZZSkillsProgramme:ZZSkillsProgramme_ID:82;ZZUnitStandard:ZZUnitStandard_id:94
*,1265,Y,Core,ZZSkillsProgramme:ZZSkillsProgramme_ID:82;ZZUnitStandard:ZZUnitStandard_id:105
*,1266,Y,Core,ZZSkillsProgramme:ZZSkillsProgramme_ID:82;ZZUnitStandard:ZZUnitStandard_id:106
*,1267,Y,Core,ZZSkillsProgramme:ZZSkillsProgramme_ID:82;ZZUnitStandard:ZZUnitStandard_id:107
*,1268,Y,Elective,ZZSkillsProgramme:ZZSkillsProgramme_ID:82;ZZUnitStandard:ZZUnitStandard_id:108
*,1269,Y,Core,ZZSkillsProgramme:ZZSkillsProgramme_ID:83;ZZUnitStandard:ZZUnitStandard_id:409
*,1270,Y,Elective,ZZSkillsProgramme:ZZSkillsProgramme_ID:83;ZZUnitStandard:ZZUnitStandard_id:1126
*,1271,Y,Elective,ZZSkillsProgramme:ZZSkillsProgramme_ID:83;ZZUnitStandard:ZZUnitStandard_id:1880
*,1272,Y,Core,ZZSkillsProgramme:ZZSkillsProgramme_ID:83;ZZUnitStandard:ZZUnitStandard_id:919
*,1273,Y,Core,ZZSkillsProgramme:ZZSkillsProgramme_ID:83;ZZUnitStandard:ZZUnitStandard_id:526
*,1274,Y,Fundamental,ZZSkillsProgramme:ZZSkillsProgramme_ID:83;ZZUnitStandard:ZZUnitStandard_id:1189
*,1275,Y,Core,ZZSkillsProgramme:ZZSkillsProgramme_ID:83;ZZUnitStandard:ZZUnitStandard_id:1164
*,1276,Y,Core,ZZSkillsProgramme:ZZSkillsProgramme_ID:83;ZZUnitStandard:ZZUnitStandard_id:1165
*,1277,Y,Core,ZZSkillsProgramme:ZZSkillsProgramme_ID:83;ZZUnitStandard:ZZUnitStandard_id:1166
*,1278,Y,Fundamental,ZZSkillsProgramme:ZZSkillsProgramme_ID:83;ZZUnitStandard:ZZUnitStandard_id:1176
*,1279,Y,Core,ZZSkillsProgramme:ZZSkillsProgramme_ID:83;ZZUnitStandard:ZZUnitStandard_id:1167
*,1280,Y,Core,ZZSkillsProgramme:ZZSkillsProgramme_ID:83;ZZUnitStandard:ZZUnitStandard_id:1168
*,1281,Y,Core,ZZSkillsProgramme:ZZSkillsProgramme_ID:83;ZZUnitStandard:ZZUnitStandard_id:1169
*,1282,Y,Elective,ZZSkillsProgramme:ZZSkillsProgramme_ID:83;ZZUnitStandard:ZZUnitStandard_id:1175
*,1283,Y,Core,ZZSkillsProgramme:ZZSkillsProgramme_ID:83;ZZUnitStandard:ZZUnitStandard_id:1177
*,1284,Y,Fundamental,ZZSkillsProgramme:ZZSkillsProgramme_ID:83;ZZUnitStandard:ZZUnitStandard_id:1197
*,1285,Y,Fundamental,ZZSkillsProgramme:ZZSkillsProgramme_ID:83;ZZUnitStandard:ZZUnitStandard_id:1198
*,1286,Y,Core,ZZSkillsProgramme:ZZSkillsProgramme_ID:83;ZZUnitStandard:ZZUnitStandard_id:53
*,1287,Y,Elective,ZZSkillsProgramme:ZZSkillsProgramme_ID:83;ZZUnitStandard:ZZUnitStandard_id:56
*,1288,Y,Core,ZZSkillsProgramme:ZZSkillsProgramme_ID:84;ZZUnitStandard:ZZUnitStandard_id:510
*,1289,Y,Core,ZZSkillsProgramme:ZZSkillsProgramme_ID:84;ZZUnitStandard:ZZUnitStandard_id:983
*,1290,Y,Core,ZZSkillsProgramme:ZZSkillsProgramme_ID:84;ZZUnitStandard:ZZUnitStandard_id:1063
*,1291,Y,Core,ZZSkillsProgramme:ZZSkillsProgramme_ID:84;ZZUnitStandard:ZZUnitStandard_id:1023
*,1292,Y,Core,ZZSkillsProgramme:ZZSkillsProgramme_ID:84;ZZUnitStandard:ZZUnitStandard_id:980
*,1293,Y,Core,ZZSkillsProgramme:ZZSkillsProgramme_ID:84;ZZUnitStandard:ZZUnitStandard_id:1080
*,1294,Y,Core,ZZSkillsProgramme:ZZSkillsProgramme_ID:84;ZZUnitStandard:ZZUnitStandard_id:981
*,1295,Y,Core,ZZSkillsProgramme:ZZSkillsProgramme_ID:84;ZZUnitStandard:ZZUnitStandard_id:987
*,1296,Y,Core,ZZSkillsProgramme:ZZSkillsProgramme_ID:84;ZZUnitStandard:ZZUnitStandard_id:1196
*,1297,Y,Core,ZZSkillsProgramme:ZZSkillsProgramme_ID:84;ZZUnitStandard:ZZUnitStandard_id:1164
*,1298,Y,Core,ZZSkillsProgramme:ZZSkillsProgramme_ID:84;ZZUnitStandard:ZZUnitStandard_id:1165
*,1299,Y,Core,ZZSkillsProgramme:ZZSkillsProgramme_ID:84;ZZUnitStandard:ZZUnitStandard_id:1166
*,1300,Y,Core,ZZSkillsProgramme:ZZSkillsProgramme_ID:84;ZZUnitStandard:ZZUnitStandard_id:1168
*,1301,Y,Core,ZZSkillsProgramme:ZZSkillsProgramme_ID:84;ZZUnitStandard:ZZUnitStandard_id:1188
*,1302,Y,Core,ZZSkillsProgramme:ZZSkillsProgramme_ID:84;ZZUnitStandard:ZZUnitStandard_id:1190
*,1303,Y,Core,ZZSkillsProgramme:ZZSkillsProgramme_ID:84;ZZUnitStandard:ZZUnitStandard_id:1518
*,1304,Y,Core,ZZSkillsProgramme:ZZSkillsProgramme_ID:84;ZZUnitStandard:ZZUnitStandard_id:105
*,1305,Y,Core,ZZSkillsProgramme:ZZSkillsProgramme_ID:84;ZZUnitStandard:ZZUnitStandard_id:106
*,1306,Y,Core,ZZSkillsProgramme:ZZSkillsProgramme_ID:85;ZZUnitStandard:ZZUnitStandard_id:511
*,1307,Y,Core,ZZSkillsProgramme:ZZSkillsProgramme_ID:85;ZZUnitStandard:ZZUnitStandard_id:512
*,1308,Y,Core,ZZSkillsProgramme:ZZSkillsProgramme_ID:85;ZZUnitStandard:ZZUnitStandard_id:95
*,1309,Y,Core,ZZSkillsProgramme:ZZSkillsProgramme_ID:85;ZZUnitStandard:ZZUnitStandard_id:1030
*,1310,Y,Core,ZZSkillsProgramme:ZZSkillsProgramme_ID:85;ZZUnitStandard:ZZUnitStandard_id:1063
*,1311,Y,Core,ZZSkillsProgramme:ZZSkillsProgramme_ID:85;ZZUnitStandard:ZZUnitStandard_id:1044
*,1312,Y,Core,ZZSkillsProgramme:ZZSkillsProgramme_ID:85;ZZUnitStandard:ZZUnitStandard_id:1026
*,1313,Y,Core,ZZSkillsProgramme:ZZSkillsProgramme_ID:85;ZZUnitStandard:ZZUnitStandard_id:467
*,1314,Y,Core,ZZSkillsProgramme:ZZSkillsProgramme_ID:85;ZZUnitStandard:ZZUnitStandard_id:466
*,1315,Y,Core,ZZSkillsProgramme:ZZSkillsProgramme_ID:85;ZZUnitStandard:ZZUnitStandard_id:392
*,1316,Y,Core,ZZSkillsProgramme:ZZSkillsProgramme_ID:85;ZZUnitStandard:ZZUnitStandard_id:393
*,1317,Y,Core,ZZSkillsProgramme:ZZSkillsProgramme_ID:85;ZZUnitStandard:ZZUnitStandard_id:400
*,1318,Y,Core,ZZSkillsProgramme:ZZSkillsProgramme_ID:85;ZZUnitStandard:ZZUnitStandard_id:401
*,1319,Y,Core,ZZSkillsProgramme:ZZSkillsProgramme_ID:85;ZZUnitStandard:ZZUnitStandard_id:408
*,1320,Y,Core,ZZSkillsProgramme:ZZSkillsProgramme_ID:85;ZZUnitStandard:ZZUnitStandard_id:410
*,1321,Y,Core,ZZSkillsProgramme:ZZSkillsProgramme_ID:85;ZZUnitStandard:ZZUnitStandard_id:413
*,1322,Y,Core,ZZSkillsProgramme:ZZSkillsProgramme_ID:85;ZZUnitStandard:ZZUnitStandard_id:414
*,1323,Y,Core,ZZSkillsProgramme:ZZSkillsProgramme_ID:85;ZZUnitStandard:ZZUnitStandard_id:425
*,1324,Y,Core,ZZSkillsProgramme:ZZSkillsProgramme_ID:85;ZZUnitStandard:ZZUnitStandard_id:1237
*,1325,Y,Core,ZZSkillsProgramme:ZZSkillsProgramme_ID:85;ZZUnitStandard:ZZUnitStandard_id:525
*,1326,Y,Core,ZZSkillsProgramme:ZZSkillsProgramme_ID:85;ZZUnitStandard:ZZUnitStandard_id:985
*,1327,Y,Core,ZZSkillsProgramme:ZZSkillsProgramme_ID:85;ZZUnitStandard:ZZUnitStandard_id:919
*,1328,Y,Core,ZZSkillsProgramme:ZZSkillsProgramme_ID:85;ZZUnitStandard:ZZUnitStandard_id:536
*,1329,Y,Core,ZZSkillsProgramme:ZZSkillsProgramme_ID:85;ZZUnitStandard:ZZUnitStandard_id:538
*,1330,Y,Core,ZZSkillsProgramme:ZZSkillsProgramme_ID:85;ZZUnitStandard:ZZUnitStandard_id:770
*,1331,Y,Core,ZZSkillsProgramme:ZZSkillsProgramme_ID:85;ZZUnitStandard:ZZUnitStandard_id:608
*,1332,Y,Core,ZZSkillsProgramme:ZZSkillsProgramme_ID:85;ZZUnitStandard:ZZUnitStandard_id:626
*,1333,Y,Core,ZZSkillsProgramme:ZZSkillsProgramme_ID:85;ZZUnitStandard:ZZUnitStandard_id:1034
*,1334,Y,Core,ZZSkillsProgramme:ZZSkillsProgramme_ID:85;ZZUnitStandard:ZZUnitStandard_id:1022
*,1335,Y,Core,ZZSkillsProgramme:ZZSkillsProgramme_ID:85;ZZUnitStandard:ZZUnitStandard_id:521
*,1336,Y,Core,ZZSkillsProgramme:ZZSkillsProgramme_ID:85;ZZUnitStandard:ZZUnitStandard_id:531
*,1337,Y,Core,ZZSkillsProgramme:ZZSkillsProgramme_ID:85;ZZUnitStandard:ZZUnitStandard_id:530
*,1338,Y,Core,ZZSkillsProgramme:ZZSkillsProgramme_ID:85;ZZUnitStandard:ZZUnitStandard_id:1029
*,1339,Y,Core,ZZSkillsProgramme:ZZSkillsProgramme_ID:85;ZZUnitStandard:ZZUnitStandard_id:1849
*,1340,Y,Core,ZZSkillsProgramme:ZZSkillsProgramme_ID:85;ZZUnitStandard:ZZUnitStandard_id:1185
*,1341,Y,Core,ZZSkillsProgramme:ZZSkillsProgramme_ID:85;ZZUnitStandard:ZZUnitStandard_id:1514
*,1342,Y,Core,ZZSkillsProgramme:ZZSkillsProgramme_ID:85;ZZUnitStandard:ZZUnitStandard_id:1161
*,1343,Y,Core,ZZSkillsProgramme:ZZSkillsProgramme_ID:85;ZZUnitStandard:ZZUnitStandard_id:1162
*,1344,Y,Core,ZZSkillsProgramme:ZZSkillsProgramme_ID:85;ZZUnitStandard:ZZUnitStandard_id:1163
*,1345,Y,Core,ZZSkillsProgramme:ZZSkillsProgramme_ID:85;ZZUnitStandard:ZZUnitStandard_id:1169
*,1346,Y,Core,ZZSkillsProgramme:ZZSkillsProgramme_ID:85;ZZUnitStandard:ZZUnitStandard_id:1186
*,1347,Y,Core,ZZSkillsProgramme:ZZSkillsProgramme_ID:85;ZZUnitStandard:ZZUnitStandard_id:1516
*,1348,Y,Core,ZZSkillsProgramme:ZZSkillsProgramme_ID:85;ZZUnitStandard:ZZUnitStandard_id:1194
*,1349,Y,Core,ZZSkillsProgramme:ZZSkillsProgramme_ID:85;ZZUnitStandard:ZZUnitStandard_id:93
*,1350,Y,Core,ZZSkillsProgramme:ZZSkillsProgramme_ID:85;ZZUnitStandard:ZZUnitStandard_id:101
*,1351,Y,Core,ZZSkillsProgramme:ZZSkillsProgramme_ID:85;ZZUnitStandard:ZZUnitStandard_id:104
*,1352,Y,Core,ZZSkillsProgramme:ZZSkillsProgramme_ID:86;ZZUnitStandard:ZZUnitStandard_id:535
*,1353,Y,Core,ZZSkillsProgramme:ZZSkillsProgramme_ID:86;ZZUnitStandard:ZZUnitStandard_id:1085
*,1354,Y,Core,ZZSkillsProgramme:ZZSkillsProgramme_ID:86;ZZUnitStandard:ZZUnitStandard_id:409
*,1355,Y,Core,ZZSkillsProgramme:ZZSkillsProgramme_ID:86;ZZUnitStandard:ZZUnitStandard_id:1080
*,1356,Y,Core,ZZSkillsProgramme:ZZSkillsProgramme_ID:86;ZZUnitStandard:ZZUnitStandard_id:620
*,1357,Y,Core,ZZSkillsProgramme:ZZSkillsProgramme_ID:86;ZZUnitStandard:ZZUnitStandard_id:1196
*,1358,Y,Core,ZZSkillsProgramme:ZZSkillsProgramme_ID:86;ZZUnitStandard:ZZUnitStandard_id:1766
*,1359,Y,Core,ZZSkillsProgramme:ZZSkillsProgramme_ID:86;ZZUnitStandard:ZZUnitStandard_id:1164
*,1360,Y,Core,ZZSkillsProgramme:ZZSkillsProgramme_ID:86;ZZUnitStandard:ZZUnitStandard_id:1165
*,1361,Y,Core,ZZSkillsProgramme:ZZSkillsProgramme_ID:86;ZZUnitStandard:ZZUnitStandard_id:1166
*,1362,Y,Core,ZZSkillsProgramme:ZZSkillsProgramme_ID:86;ZZUnitStandard:ZZUnitStandard_id:1167
*,1363,Y,Core,ZZSkillsProgramme:ZZSkillsProgramme_ID:86;ZZUnitStandard:ZZUnitStandard_id:1168
*,1364,Y,Core,ZZSkillsProgramme:ZZSkillsProgramme_ID:86;ZZUnitStandard:ZZUnitStandard_id:1174
*,1365,Y,Core,ZZSkillsProgramme:ZZSkillsProgramme_ID:86;ZZUnitStandard:ZZUnitStandard_id:1197
*,1366,Y,Core,ZZSkillsProgramme:ZZSkillsProgramme_ID:86;ZZUnitStandard:ZZUnitStandard_id:1198
*,1367,Y,Core,ZZSkillsProgramme:ZZSkillsProgramme_ID:87;ZZUnitStandard:ZZUnitStandard_id:2069
*,1368,Y,Core,ZZSkillsProgramme:ZZSkillsProgramme_ID:87;ZZUnitStandard:ZZUnitStandard_id:2070
*,1369,Y,Core,ZZSkillsProgramme:ZZSkillsProgramme_ID:87;ZZUnitStandard:ZZUnitStandard_id:2068
*,1370,Y,Core,ZZSkillsProgramme:ZZSkillsProgramme_ID:87;ZZUnitStandard:ZZUnitStandard_id:2072
*,1371,Y,Core,ZZSkillsProgramme:ZZSkillsProgramme_ID:87;ZZUnitStandard:ZZUnitStandard_id:2073
*,1372,Y,Core,ZZSkillsProgramme:ZZSkillsProgramme_ID:87;ZZUnitStandard:ZZUnitStandard_id:2048
*,1373,Y,Core,ZZSkillsProgramme:ZZSkillsProgramme_ID:87;ZZUnitStandard:ZZUnitStandard_id:2058
*,1374,Y,Core,ZZSkillsProgramme:ZZSkillsProgramme_ID:87;ZZUnitStandard:ZZUnitStandard_id:2050
*,1375,Y,Core,ZZSkillsProgramme:ZZSkillsProgramme_ID:87;ZZUnitStandard:ZZUnitStandard_id:2056
*,1376,Y,Core,ZZSkillsProgramme:ZZSkillsProgramme_ID:87;ZZUnitStandard:ZZUnitStandard_id:2054
*,1377,Y,Core,ZZSkillsProgramme:ZZSkillsProgramme_ID:87;ZZUnitStandard:ZZUnitStandard_id:2052
*,1378,Y,Core,ZZSkillsProgramme:ZZSkillsProgramme_ID:87;ZZUnitStandard:ZZUnitStandard_id:2049
*,1379,Y,Core,ZZSkillsProgramme:ZZSkillsProgramme_ID:87;ZZUnitStandard:ZZUnitStandard_id:2065
*,1380,Y,Core,ZZSkillsProgramme:ZZSkillsProgramme_ID:87;ZZUnitStandard:ZZUnitStandard_id:2059
*,1381,Y,Core,ZZSkillsProgramme:ZZSkillsProgramme_ID:87;ZZUnitStandard:ZZUnitStandard_id:2066
*,1382,Y,Core,ZZSkillsProgramme:ZZSkillsProgramme_ID:87;ZZUnitStandard:ZZUnitStandard_id:2051
*,1383,Y,Core,ZZSkillsProgramme:ZZSkillsProgramme_ID:87;ZZUnitStandard:ZZUnitStandard_id:2053
*,1384,Y,Core,ZZSkillsProgramme:ZZSkillsProgramme_ID:87;ZZUnitStandard:ZZUnitStandard_id:2062
*,1385,Y,Core,ZZSkillsProgramme:ZZSkillsProgramme_ID:87;ZZUnitStandard:ZZUnitStandard_id:2057
*,1386,Y,Core,ZZSkillsProgramme:ZZSkillsProgramme_ID:87;ZZUnitStandard:ZZUnitStandard_id:2061
*,1387,Y,Core,ZZSkillsProgramme:ZZSkillsProgramme_ID:87;ZZUnitStandard:ZZUnitStandard_id:2060
*,1388,Y,Core,ZZSkillsProgramme:ZZSkillsProgramme_ID:87;ZZUnitStandard:ZZUnitStandard_id:2064
*,1389,Y,Core,ZZSkillsProgramme:ZZSkillsProgramme_ID:87;ZZUnitStandard:ZZUnitStandard_id:2063
*,1390,Y,Core,ZZSkillsProgramme:ZZSkillsProgramme_ID:87;ZZUnitStandard:ZZUnitStandard_id:2055
*,1391,Y,Core,ZZSkillsProgramme:ZZSkillsProgramme_ID:87;ZZUnitStandard:ZZUnitStandard_id:2067
*,1392,Y,Elective,ZZSkillsProgramme:ZZSkillsProgramme_ID:87;ZZUnitStandard:ZZUnitStandard_id:761
*,1393,Y,Core,ZZSkillsProgramme:ZZSkillsProgramme_ID:87;ZZUnitStandard:ZZUnitStandard_id:1195
*,1394,Y,Core,ZZSkillsProgramme:ZZSkillsProgramme_ID:87;ZZUnitStandard:ZZUnitStandard_id:1095
*,1395,Y,Core,ZZSkillsProgramme:ZZSkillsProgramme_ID:87;ZZUnitStandard:ZZUnitStandard_id:1096
*,1396,Y,Core,ZZSkillsProgramme:ZZSkillsProgramme_ID:87;ZZUnitStandard:ZZUnitStandard_id:1098
*,1397,Y,Core,ZZSkillsProgramme:ZZSkillsProgramme_ID:87;ZZUnitStandard:ZZUnitStandard_id:2071
*,1398,Y,Core,ZZSkillsProgramme:ZZSkillsProgramme_ID:87;ZZUnitStandard:ZZUnitStandard_id:1199
*,1399,Y,Core,ZZSkillsProgramme:ZZSkillsProgramme_ID:87;ZZUnitStandard:ZZUnitStandard_id:1100
*,1400,Y,Core,ZZSkillsProgramme:ZZSkillsProgramme_ID:87;ZZUnitStandard:ZZUnitStandard_id:1102
*,1401,Y,Core,ZZSkillsProgramme:ZZSkillsProgramme_ID:87;ZZUnitStandard:ZZUnitStandard_id:1103
*,1402,Y,Core,ZZSkillsProgramme:ZZSkillsProgramme_ID:87;ZZUnitStandard:ZZUnitStandard_id:1512
*,1403,Y,Core,ZZSkillsProgramme:ZZSkillsProgramme_ID:88;ZZUnitStandard:ZZUnitStandard_id:985
*,1404,Y,Core,ZZSkillsProgramme:ZZSkillsProgramme_ID:88;ZZUnitStandard:ZZUnitStandard_id:919
*,1405,Y,Core,ZZSkillsProgramme:ZZSkillsProgramme_ID:88;ZZUnitStandard:ZZUnitStandard_id:973
*,1406,Y,Core,ZZSkillsProgramme:ZZSkillsProgramme_ID:88;ZZUnitStandard:ZZUnitStandard_id:1151
*,1407,Y,Core,ZZSkillsProgramme:ZZSkillsProgramme_ID:88;ZZUnitStandard:ZZUnitStandard_id:1152
*,1408,Y,Core,ZZSkillsProgramme:ZZSkillsProgramme_ID:88;ZZUnitStandard:ZZUnitStandard_id:635
*,1409,Y,Core,ZZSkillsProgramme:ZZSkillsProgramme_ID:88;ZZUnitStandard:ZZUnitStandard_id:634
*,1410,Y,Core,ZZSkillsProgramme:ZZSkillsProgramme_ID:88;ZZUnitStandard:ZZUnitStandard_id:1158
*,1411,Y,Core,ZZSkillsProgramme:ZZSkillsProgramme_ID:88;ZZUnitStandard:ZZUnitStandard_id:1095
*,1412,Y,Core,ZZSkillsProgramme:ZZSkillsProgramme_ID:88;ZZUnitStandard:ZZUnitStandard_id:1096
*,1413,Y,Core,ZZSkillsProgramme:ZZSkillsProgramme_ID:88;ZZUnitStandard:ZZUnitStandard_id:1662
*,1414,Y,Core,ZZSkillsProgramme:ZZSkillsProgramme_ID:88;ZZUnitStandard:ZZUnitStandard_id:1660
*,1415,Y,Core,ZZSkillsProgramme:ZZSkillsProgramme_ID:88;ZZUnitStandard:ZZUnitStandard_id:1661
*,1416,Y,Core,ZZSkillsProgramme:ZZSkillsProgramme_ID:88;ZZUnitStandard:ZZUnitStandard_id:1663
*,1417,Y,Core,ZZSkillsProgramme:ZZSkillsProgramme_ID:88;ZZUnitStandard:ZZUnitStandard_id:1665
*,1418,Y,Core,ZZSkillsProgramme:ZZSkillsProgramme_ID:88;ZZUnitStandard:ZZUnitStandard_id:1666
*,1419,Y,Core,ZZSkillsProgramme:ZZSkillsProgramme_ID:88;ZZUnitStandard:ZZUnitStandard_id:1657
*,1420,Y,Core,ZZSkillsProgramme:ZZSkillsProgramme_ID:88;ZZUnitStandard:ZZUnitStandard_id:1649
*,1421,Y,Core,ZZSkillsProgramme:ZZSkillsProgramme_ID:88;ZZUnitStandard:ZZUnitStandard_id:1655
*,1422,Y,Core,ZZSkillsProgramme:ZZSkillsProgramme_ID:88;ZZUnitStandard:ZZUnitStandard_id:1648
*,1423,Y,Core,ZZSkillsProgramme:ZZSkillsProgramme_ID:88;ZZUnitStandard:ZZUnitStandard_id:1651
*,1424,Y,Core,ZZSkillsProgramme:ZZSkillsProgramme_ID:88;ZZUnitStandard:ZZUnitStandard_id:1659
*,1425,Y,Core,ZZSkillsProgramme:ZZSkillsProgramme_ID:88;ZZUnitStandard:ZZUnitStandard_id:1653
*,1426,Y,Core,ZZSkillsProgramme:ZZSkillsProgramme_ID:88;ZZUnitStandard:ZZUnitStandard_id:1108
*,1427,Y,Core,ZZSkillsProgramme:ZZSkillsProgramme_ID:88;ZZUnitStandard:ZZUnitStandard_id:770
*,1428,Y,Core,ZZSkillsProgramme:ZZSkillsProgramme_ID:88;ZZUnitStandard:ZZUnitStandard_id:1106
*,1429,Y,Core,ZZSkillsProgramme:ZZSkillsProgramme_ID:88;ZZUnitStandard:ZZUnitStandard_id:1110
*,1430,Y,Core,ZZSkillsProgramme:ZZSkillsProgramme_ID:88;ZZUnitStandard:ZZUnitStandard_id:1183
*,1431,Y,Core,ZZSkillsProgramme:ZZSkillsProgramme_ID:88;ZZUnitStandard:ZZUnitStandard_id:637
*,1432,Y,Core,ZZSkillsProgramme:ZZSkillsProgramme_ID:88;ZZUnitStandard:ZZUnitStandard_id:558
*,1433,Y,Core,ZZSkillsProgramme:ZZSkillsProgramme_ID:89;ZZUnitStandard:ZZUnitStandard_id:1840
*,1434,Y,Core,ZZSkillsProgramme:ZZSkillsProgramme_ID:89;ZZUnitStandard:ZZUnitStandard_id:974
*,1435,Y,Core,ZZSkillsProgramme:ZZSkillsProgramme_ID:89;ZZUnitStandard:ZZUnitStandard_id:972
*,1436,Y,Core,ZZSkillsProgramme:ZZSkillsProgramme_ID:89;ZZUnitStandard:ZZUnitStandard_id:905
*,1437,Y,Core,ZZSkillsProgramme:ZZSkillsProgramme_ID:89;ZZUnitStandard:ZZUnitStandard_id:965
*,1438,Y,Core,ZZSkillsProgramme:ZZSkillsProgramme_ID:89;ZZUnitStandard:ZZUnitStandard_id:970
*,1439,Y,Core,ZZSkillsProgramme:ZZSkillsProgramme_ID:89;ZZUnitStandard:ZZUnitStandard_id:1311
*,1440,Y,Core,ZZSkillsProgramme:ZZSkillsProgramme_ID:89;ZZUnitStandard:ZZUnitStandard_id:971
*,1441,Y,Core,ZZSkillsProgramme:ZZSkillsProgramme_ID:89;ZZUnitStandard:ZZUnitStandard_id:630
*,1442,Y,Core,ZZSkillsProgramme:ZZSkillsProgramme_ID:89;ZZUnitStandard:ZZUnitStandard_id:659
*,1443,Y,Core,ZZSkillsProgramme:ZZSkillsProgramme_ID:89;ZZUnitStandard:ZZUnitStandard_id:632
*,1444,Y,Core,ZZSkillsProgramme:ZZSkillsProgramme_ID:89;ZZUnitStandard:ZZUnitStandard_id:633
*,1445,Y,Core,ZZSkillsProgramme:ZZSkillsProgramme_ID:89;ZZUnitStandard:ZZUnitStandard_id:631
*,1446,Y,Core,ZZSkillsProgramme:ZZSkillsProgramme_ID:89;ZZUnitStandard:ZZUnitStandard_id:969
*,1447,Y,Core,ZZSkillsProgramme:ZZSkillsProgramme_ID:89;ZZUnitStandard:ZZUnitStandard_id:1098
*,1448,Y,Core,ZZSkillsProgramme:ZZSkillsProgramme_ID:89;ZZUnitStandard:ZZUnitStandard_id:1109
*,1449,Y,Core,ZZSkillsProgramme:ZZSkillsProgramme_ID:89;ZZUnitStandard:ZZUnitStandard_id:2275
*,1450,Y,Core,ZZSkillsProgramme:ZZSkillsProgramme_ID:89;ZZUnitStandard:ZZUnitStandard_id:1100
*,1451,Y,Core,ZZSkillsProgramme:ZZSkillsProgramme_ID:89;ZZUnitStandard:ZZUnitStandard_id:1101
*,1452,Y,Core,ZZSkillsProgramme:ZZSkillsProgramme_ID:89;ZZUnitStandard:ZZUnitStandard_id:1102
*,1453,Y,Core,ZZSkillsProgramme:ZZSkillsProgramme_ID:89;ZZUnitStandard:ZZUnitStandard_id:1103
*,1454,Y,Core,ZZSkillsProgramme:ZZSkillsProgramme_ID:89;ZZUnitStandard:ZZUnitStandard_id:1105
*,1455,Y,Core,ZZSkillsProgramme:ZZSkillsProgramme_ID:89;ZZUnitStandard:ZZUnitStandard_id:1104
*,1456,Y,Core,ZZSkillsProgramme:ZZSkillsProgramme_ID:89;ZZUnitStandard:ZZUnitStandard_id:1106
*,1457,Y,Core,ZZSkillsProgramme:ZZSkillsProgramme_ID:89;ZZUnitStandard:ZZUnitStandard_id:1107
*,1458,Y,Core,ZZSkillsProgramme:ZZSkillsProgramme_ID:89;ZZUnitStandard:ZZUnitStandard_id:1951
*,1459,Y,Core,ZZSkillsProgramme:ZZSkillsProgramme_ID:89;ZZUnitStandard:ZZUnitStandard_id:1110
*,1460,Y,Core,ZZSkillsProgramme:ZZSkillsProgramme_ID:89;ZZUnitStandard:ZZUnitStandard_id:1317
*,1461,Y,Core,ZZSkillsProgramme:ZZSkillsProgramme_ID:89;ZZUnitStandard:ZZUnitStandard_id:1315
*,1462,Y,Core,ZZSkillsProgramme:ZZSkillsProgramme_ID:89;ZZUnitStandard:ZZUnitStandard_id:1316
*,1463,Y,Core,ZZSkillsProgramme:ZZSkillsProgramme_ID:89;ZZUnitStandard:ZZUnitStandard_id:1318
*,1464,Y,Core,ZZSkillsProgramme:ZZSkillsProgramme_ID:89;ZZUnitStandard:ZZUnitStandard_id:1099
*,1465,Y,Core,ZZSkillsProgramme:ZZSkillsProgramme_ID:89;ZZUnitStandard:ZZUnitStandard_id:966
*,1466,Y,Core,ZZSkillsProgramme:ZZSkillsProgramme_ID:89;ZZUnitStandard:ZZUnitStandard_id:29
*,1467,Y,Core,ZZSkillsProgramme:ZZSkillsProgramme_ID:89;ZZUnitStandard:ZZUnitStandard_id:967
*,1468,Y,Core,ZZSkillsProgramme:ZZSkillsProgramme_ID:89;ZZUnitStandard:ZZUnitStandard_id:968
*,1469,Y,Elective,ZZSkillsProgramme:ZZSkillsProgramme_ID:94;ZZUnitStandard:ZZUnitStandard_id:1795
*,1470,Y,Elective,ZZSkillsProgramme:ZZSkillsProgramme_ID:94;ZZUnitStandard:ZZUnitStandard_id:1324
*,1471,Y,Elective,ZZSkillsProgramme:ZZSkillsProgramme_ID:94;ZZUnitStandard:ZZUnitStandard_id:1794
*,1472,Y,Elective,ZZSkillsProgramme:ZZSkillsProgramme_ID:94;ZZUnitStandard:ZZUnitStandard_id:218
*,1473,Y,Elective,ZZSkillsProgramme:ZZSkillsProgramme_ID:94;ZZUnitStandard:ZZUnitStandard_id:228
*,1474,Y,Elective,ZZSkillsProgramme:ZZSkillsProgramme_ID:94;ZZUnitStandard:ZZUnitStandard_id:234
*,1475,Y,Elective,ZZSkillsProgramme:ZZSkillsProgramme_ID:94;ZZUnitStandard:ZZUnitStandard_id:787
*,1476,Y,Elective,ZZSkillsProgramme:ZZSkillsProgramme_ID:94;ZZUnitStandard:ZZUnitStandard_id:2754
*,1477,Y,Elective,ZZSkillsProgramme:ZZSkillsProgramme_ID:94;ZZUnitStandard:ZZUnitStandard_id:746
*,1478,Y,Core,ZZSkillsProgramme:ZZSkillsProgramme_ID:94;ZZUnitStandard:ZZUnitStandard_id:1112
*,1479,Y,Elective,ZZSkillsProgramme:ZZSkillsProgramme_ID:94;ZZUnitStandard:ZZUnitStandard_id:2759
*,1480,Y,Elective,ZZSkillsProgramme:ZZSkillsProgramme_ID:94;ZZUnitStandard:ZZUnitStandard_id:737
*,1481,Y,Elective,ZZSkillsProgramme:ZZSkillsProgramme_ID:94;ZZUnitStandard:ZZUnitStandard_id:738
*,1482,Y,Elective,ZZSkillsProgramme:ZZSkillsProgramme_ID:94;ZZUnitStandard:ZZUnitStandard_id:739
*,1483,Y,Elective,ZZSkillsProgramme:ZZSkillsProgramme_ID:94;ZZUnitStandard:ZZUnitStandard_id:785
*,1484,Y,Elective,ZZSkillsProgramme:ZZSkillsProgramme_ID:94;ZZUnitStandard:ZZUnitStandard_id:740
*,1485,Y,Elective,ZZSkillsProgramme:ZZSkillsProgramme_ID:94;ZZUnitStandard:ZZUnitStandard_id:2760
*,1486,Y,Elective,ZZSkillsProgramme:ZZSkillsProgramme_ID:94;ZZUnitStandard:ZZUnitStandard_id:2761
*,1487,Y,Elective,ZZSkillsProgramme:ZZSkillsProgramme_ID:94;ZZUnitStandard:ZZUnitStandard_id:355
*,1488,Y,Elective,ZZSkillsProgramme:ZZSkillsProgramme_ID:94;ZZUnitStandard:ZZUnitStandard_id:2762
*,1489,Y,Elective,ZZSkillsProgramme:ZZSkillsProgramme_ID:94;ZZUnitStandard:ZZUnitStandard_id:783
*,1490,Y,Elective,ZZSkillsProgramme:ZZSkillsProgramme_ID:94;ZZUnitStandard:ZZUnitStandard_id:2448
*,1491,Y,Elective,ZZSkillsProgramme:ZZSkillsProgramme_ID:94;ZZUnitStandard:ZZUnitStandard_id:2764
*,1492,Y,Core,ZZSkillsProgramme:ZZSkillsProgramme_ID:94;ZZUnitStandard:ZZUnitStandard_id:981
*,1493,Y,Elective,ZZSkillsProgramme:ZZSkillsProgramme_ID:94;ZZUnitStandard:ZZUnitStandard_id:905
*,1494,Y,Elective,ZZSkillsProgramme:ZZSkillsProgramme_ID:94;ZZUnitStandard:ZZUnitStandard_id:1301
*,1495,Y,Elective,ZZSkillsProgramme:ZZSkillsProgramme_ID:94;ZZUnitStandard:ZZUnitStandard_id:2220
*,1496,Y,Fundamental,ZZSkillsProgramme:ZZSkillsProgramme_ID:94;ZZUnitStandard:ZZUnitStandard_id:2335
*,1497,Y,Fundamental,ZZSkillsProgramme:ZZSkillsProgramme_ID:94;ZZUnitStandard:ZZUnitStandard_id:2333
*,1498,Y,Fundamental,ZZSkillsProgramme:ZZSkillsProgramme_ID:94;ZZUnitStandard:ZZUnitStandard_id:2332
*,1499,Y,Fundamental,ZZSkillsProgramme:ZZSkillsProgramme_ID:94;ZZUnitStandard:ZZUnitStandard_id:2336
*,1500,Y,Fundamental,ZZSkillsProgramme:ZZSkillsProgramme_ID:94;ZZUnitStandard:ZZUnitStandard_id:2334
*,1501,Y,Fundamental,ZZSkillsProgramme:ZZSkillsProgramme_ID:94;ZZUnitStandard:ZZUnitStandard_id:2338
*,1502,Y,Fundamental,ZZSkillsProgramme:ZZSkillsProgramme_ID:94;ZZUnitStandard:ZZUnitStandard_id:2337
*,1503,Y,Elective,ZZSkillsProgramme:ZZSkillsProgramme_ID:94;ZZUnitStandard:ZZUnitStandard_id:2766
*,1504,Y,Elective,ZZSkillsProgramme:ZZSkillsProgramme_ID:94;ZZUnitStandard:ZZUnitStandard_id:1993
*,1505,Y,Elective,ZZSkillsProgramme:ZZSkillsProgramme_ID:94;ZZUnitStandard:ZZUnitStandard_id:908
*,1506,Y,Elective,ZZSkillsProgramme:ZZSkillsProgramme_ID:94;ZZUnitStandard:ZZUnitStandard_id:910
*,1507,Y,Elective,ZZSkillsProgramme:ZZSkillsProgramme_ID:94;ZZUnitStandard:ZZUnitStandard_id:909
*,1508,Y,Elective,ZZSkillsProgramme:ZZSkillsProgramme_ID:94;ZZUnitStandard:ZZUnitStandard_id:911
*,1509,Y,Elective,ZZSkillsProgramme:ZZSkillsProgramme_ID:94;ZZUnitStandard:ZZUnitStandard_id:1727
*,1510,Y,Elective,ZZSkillsProgramme:ZZSkillsProgramme_ID:94;ZZUnitStandard:ZZUnitStandard_id:2449
*,1511,Y,Fundamental,ZZSkillsProgramme:ZZSkillsProgramme_ID:94;ZZUnitStandard:ZZUnitStandard_id:1501
*,1512,Y,Fundamental,ZZSkillsProgramme:ZZSkillsProgramme_ID:94;ZZUnitStandard:ZZUnitStandard_id:1109
*,1513,Y,Fundamental,ZZSkillsProgramme:ZZSkillsProgramme_ID:94;ZZUnitStandard:ZZUnitStandard_id:1580
*,1514,Y,Fundamental,ZZSkillsProgramme:ZZSkillsProgramme_ID:94;ZZUnitStandard:ZZUnitStandard_id:1588
*,1515,Y,Core,ZZSkillsProgramme:ZZSkillsProgramme_ID:94;ZZUnitStandard:ZZUnitStandard_id:2074
*,1516,Y,Core,ZZSkillsProgramme:ZZSkillsProgramme_ID:94;ZZUnitStandard:ZZUnitStandard_id:2331
*,1517,Y,Core,ZZSkillsProgramme:ZZSkillsProgramme_ID:94;ZZUnitStandard:ZZUnitStandard_id:2329
*,1518,Y,Core,ZZSkillsProgramme:ZZSkillsProgramme_ID:94;ZZUnitStandard:ZZUnitStandard_id:2330
*,1519,Y,Core,ZZSkillsProgramme:ZZSkillsProgramme_ID:94;ZZUnitStandard:ZZUnitStandard_id:838
*,1520,Y,Elective,ZZSkillsProgramme:ZZSkillsProgramme_ID:94;ZZUnitStandard:ZZUnitStandard_id:1018
*,1521,Y,Core,ZZSkillsProgramme:ZZSkillsProgramme_ID:94;ZZUnitStandard:ZZUnitStandard_id:2447
*,1522,Y,Fundamental,ZZSkillsProgramme:ZZSkillsProgramme_ID:94;ZZUnitStandard:ZZUnitStandard_id:1106
*,1523,Y,Fundamental,ZZSkillsProgramme:ZZSkillsProgramme_ID:94;ZZUnitStandard:ZZUnitStandard_id:1107
*,1524,Y,Fundamental,ZZSkillsProgramme:ZZSkillsProgramme_ID:94;ZZUnitStandard:ZZUnitStandard_id:1951
*,1525,Y,Elective,ZZSkillsProgramme:ZZSkillsProgramme_ID:94;ZZUnitStandard:ZZUnitStandard_id:637
*,1526,Y,Core,ZZSkillsProgramme:ZZSkillsProgramme_ID:95;ZZUnitStandard:ZZUnitStandard_id:267
*,1527,Y,Core,ZZSkillsProgramme:ZZSkillsProgramme_ID:95;ZZUnitStandard:ZZUnitStandard_id:339
*,1528,Y,Core,ZZSkillsProgramme:ZZSkillsProgramme_ID:95;ZZUnitStandard:ZZUnitStandard_id:198
*,1529,Y,Core,ZZSkillsProgramme:ZZSkillsProgramme_ID:95;ZZUnitStandard:ZZUnitStandard_id:822
*,1530,Y,Core,ZZSkillsProgramme:ZZSkillsProgramme_ID:95;ZZUnitStandard:ZZUnitStandard_id:980
*,1531,Y,Core,ZZSkillsProgramme:ZZSkillsProgramme_ID:95;ZZUnitStandard:ZZUnitStandard_id:930
*,1532,Y,Core,ZZSkillsProgramme:ZZSkillsProgramme_ID:95;ZZUnitStandard:ZZUnitStandard_id:1206
*,1533,Y,Core,ZZSkillsProgramme:ZZSkillsProgramme_ID:95;ZZUnitStandard:ZZUnitStandard_id:2489
*,1534,Y,Core,ZZSkillsProgramme:ZZSkillsProgramme_ID:95;ZZUnitStandard:ZZUnitStandard_id:985
*,1535,Y,Core,ZZSkillsProgramme:ZZSkillsProgramme_ID:95;ZZUnitStandard:ZZUnitStandard_id:695
*,1536,Y,Core,ZZSkillsProgramme:ZZSkillsProgramme_ID:95;ZZUnitStandard:ZZUnitStandard_id:2220
*,1537,Y,Core,ZZSkillsProgramme:ZZSkillsProgramme_ID:95;ZZUnitStandard:ZZUnitStandard_id:2483
*,1538,Y,Core,ZZSkillsProgramme:ZZSkillsProgramme_ID:95;ZZUnitStandard:ZZUnitStandard_id:2484
*,1539,Y,Core,ZZSkillsProgramme:ZZSkillsProgramme_ID:95;ZZUnitStandard:ZZUnitStandard_id:2450
*,1540,Y,Core,ZZSkillsProgramme:ZZSkillsProgramme_ID:95;ZZUnitStandard:ZZUnitStandard_id:2453
*,1541,Y,Core,ZZSkillsProgramme:ZZSkillsProgramme_ID:95;ZZUnitStandard:ZZUnitStandard_id:2340
*,1542,Y,Core,ZZSkillsProgramme:ZZSkillsProgramme_ID:95;ZZUnitStandard:ZZUnitStandard_id:2446
*,1543,Y,Core,ZZSkillsProgramme:ZZSkillsProgramme_ID:95;ZZUnitStandard:ZZUnitStandard_id:1722
*,1544,Y,Core,ZZSkillsProgramme:ZZSkillsProgramme_ID:95;ZZUnitStandard:ZZUnitStandard_id:2479
*,1545,Y,Core,ZZSkillsProgramme:ZZSkillsProgramme_ID:95;ZZUnitStandard:ZZUnitStandard_id:2477
*,1546,Y,Core,ZZSkillsProgramme:ZZSkillsProgramme_ID:95;ZZUnitStandard:ZZUnitStandard_id:2482
*,1547,Y,Core,ZZSkillsProgramme:ZZSkillsProgramme_ID:95;ZZUnitStandard:ZZUnitStandard_id:1187
*,1548,Y,Core,ZZSkillsProgramme:ZZSkillsProgramme_ID:95;ZZUnitStandard:ZZUnitStandard_id:1667
*,1549,Y,Core,ZZSkillsProgramme:ZZSkillsProgramme_ID:95;ZZUnitStandard:ZZUnitStandard_id:1724
*,1550,Y,Core,ZZSkillsProgramme:ZZSkillsProgramme_ID:95;ZZUnitStandard:ZZUnitStandard_id:1725
*,1551,Y,Core,ZZSkillsProgramme:ZZSkillsProgramme_ID:95;ZZUnitStandard:ZZUnitStandard_id:1616
*,1552,Y,Core,ZZSkillsProgramme:ZZSkillsProgramme_ID:95;ZZUnitStandard:ZZUnitStandard_id:2326
*,1553,Y,Core,ZZSkillsProgramme:ZZSkillsProgramme_ID:95;ZZUnitStandard:ZZUnitStandard_id:1469
*,1554,Y,Core,ZZSkillsProgramme:ZZSkillsProgramme_ID:95;ZZUnitStandard:ZZUnitStandard_id:2487
*,1555,Y,Core,ZZSkillsProgramme:ZZSkillsProgramme_ID:95;ZZUnitStandard:ZZUnitStandard_id:1726
*,1556,Y,Core,ZZSkillsProgramme:ZZSkillsProgramme_ID:95;ZZUnitStandard:ZZUnitStandard_id:1466
*,1557,Y,Core,ZZSkillsProgramme:ZZSkillsProgramme_ID:95;ZZUnitStandard:ZZUnitStandard_id:2459
*,1558,Y,Core,ZZSkillsProgramme:ZZSkillsProgramme_ID:95;ZZUnitStandard:ZZUnitStandard_id:2485
*,1559,Y,Core,ZZSkillsProgramme:ZZSkillsProgramme_ID:95;ZZUnitStandard:ZZUnitStandard_id:2490
*,1560,Y,Core,ZZSkillsProgramme:ZZSkillsProgramme_ID:95;ZZUnitStandard:ZZUnitStandard_id:2492
*,1561,Y,Core,ZZSkillsProgramme:ZZSkillsProgramme_ID:95;ZZUnitStandard:ZZUnitStandard_id:2402
*,1562,Y,Core,ZZSkillsProgramme:ZZSkillsProgramme_ID:95;ZZUnitStandard:ZZUnitStandard_id:2480
*,1563,Y,Core,ZZSkillsProgramme:ZZSkillsProgramme_ID:95;ZZUnitStandard:ZZUnitStandard_id:2403
*,1564,Y,Core,ZZSkillsProgramme:ZZSkillsProgramme_ID:95;ZZUnitStandard:ZZUnitStandard_id:2475
*,1565,Y,Core,ZZSkillsProgramme:ZZSkillsProgramme_ID:95;ZZUnitStandard:ZZUnitStandard_id:2481
*,1566,Y,Core,ZZSkillsProgramme:ZZSkillsProgramme_ID:95;ZZUnitStandard:ZZUnitStandard_id:2476
*,1567,Y,Core,ZZSkillsProgramme:ZZSkillsProgramme_ID:95;ZZUnitStandard:ZZUnitStandard_id:2491
*,1568,Y,Core,ZZSkillsProgramme:ZZSkillsProgramme_ID:95;ZZUnitStandard:ZZUnitStandard_id:2486
*,1569,Y,Core,ZZSkillsProgramme:ZZSkillsProgramme_ID:95;ZZUnitStandard:ZZUnitStandard_id:1205
*,1570,Y,Core,ZZSkillsProgramme:ZZSkillsProgramme_ID:95;ZZUnitStandard:ZZUnitStandard_id:2478
*,1571,Y,Core,ZZSkillsProgramme:ZZSkillsProgramme_ID:95;ZZUnitStandard:ZZUnitStandard_id:1185
*,1572,Y,Core,ZZSkillsProgramme:ZZSkillsProgramme_ID:95;ZZUnitStandard:ZZUnitStandard_id:1514
*,1573,Y,Core,ZZSkillsProgramme:ZZSkillsProgramme_ID:95;ZZUnitStandard:ZZUnitStandard_id:1186
*,1574,Y,Core,ZZSkillsProgramme:ZZSkillsProgramme_ID:95;ZZUnitStandard:ZZUnitStandard_id:1194
*,1575,Y,Core,ZZSkillsProgramme:ZZSkillsProgramme_ID:95;ZZUnitStandard:ZZUnitStandard_id:2488
*,1576,Y,Core,ZZSkillsProgramme:ZZSkillsProgramme_ID:95;ZZUnitStandard:ZZUnitStandard_id:1723
*,1577,Y,Core,ZZSkillsProgramme:ZZSkillsProgramme_ID:95;ZZUnitStandard:ZZUnitStandard_id:637
*,1578,Y,Core,ZZSkillsProgramme:ZZSkillsProgramme_ID:96;ZZUnitStandard:ZZUnitStandard_id:278
*,1579,Y,Core,ZZSkillsProgramme:ZZSkillsProgramme_ID:96;ZZUnitStandard:ZZUnitStandard_id:283
*,1580,Y,Core,ZZSkillsProgramme:ZZSkillsProgramme_ID:96;ZZUnitStandard:ZZUnitStandard_id:284
*,1581,Y,Core,ZZSkillsProgramme:ZZSkillsProgramme_ID:96;ZZUnitStandard:ZZUnitStandard_id:306
*,1582,Y,Core,ZZSkillsProgramme:ZZSkillsProgramme_ID:96;ZZUnitStandard:ZZUnitStandard_id:1207
*,1583,Y,Core,ZZSkillsProgramme:ZZSkillsProgramme_ID:96;ZZUnitStandard:ZZUnitStandard_id:1208
*,1584,Y,Core,ZZSkillsProgramme:ZZSkillsProgramme_ID:96;ZZUnitStandard:ZZUnitStandard_id:1209
*,1585,Y,Core,ZZSkillsProgramme:ZZSkillsProgramme_ID:96;ZZUnitStandard:ZZUnitStandard_id:1210
*,1586,Y,Core,ZZSkillsProgramme:ZZSkillsProgramme_ID:96;ZZUnitStandard:ZZUnitStandard_id:1129
*,1587,Y,Core,ZZSkillsProgramme:ZZSkillsProgramme_ID:96;ZZUnitStandard:ZZUnitStandard_id:1128
*,1588,Y,Core,ZZSkillsProgramme:ZZSkillsProgramme_ID:96;ZZUnitStandard:ZZUnitStandard_id:985
*,1589,Y,Core,ZZSkillsProgramme:ZZSkillsProgramme_ID:96;ZZUnitStandard:ZZUnitStandard_id:2218
*,1590,Y,Core,ZZSkillsProgramme:ZZSkillsProgramme_ID:96;ZZUnitStandard:ZZUnitStandard_id:2202
*,1591,Y,Core,ZZSkillsProgramme:ZZSkillsProgramme_ID:96;ZZUnitStandard:ZZUnitStandard_id:2201
*,1592,Y,Core,ZZSkillsProgramme:ZZSkillsProgramme_ID:96;ZZUnitStandard:ZZUnitStandard_id:2497
*,1593,Y,Core,ZZSkillsProgramme:ZZSkillsProgramme_ID:96;ZZUnitStandard:ZZUnitStandard_id:2498
*,1594,Y,Core,ZZSkillsProgramme:ZZSkillsProgramme_ID:96;ZZUnitStandard:ZZUnitStandard_id:2482
*,1595,Y,Core,ZZSkillsProgramme:ZZSkillsProgramme_ID:96;ZZUnitStandard:ZZUnitStandard_id:1711
*,1596,Y,Core,ZZSkillsProgramme:ZZSkillsProgramme_ID:96;ZZUnitStandard:ZZUnitStandard_id:1710
*,1597,Y,Core,ZZSkillsProgramme:ZZSkillsProgramme_ID:96;ZZUnitStandard:ZZUnitStandard_id:1469
*,1598,Y,Core,ZZSkillsProgramme:ZZSkillsProgramme_ID:96;ZZUnitStandard:ZZUnitStandard_id:2487
*,1599,Y,Core,ZZSkillsProgramme:ZZSkillsProgramme_ID:96;ZZUnitStandard:ZZUnitStandard_id:1757
*,1600,Y,Core,ZZSkillsProgramme:ZZSkillsProgramme_ID:96;ZZUnitStandard:ZZUnitStandard_id:2493
*,1601,Y,Core,ZZSkillsProgramme:ZZSkillsProgramme_ID:96;ZZUnitStandard:ZZUnitStandard_id:2508
*,1602,Y,Core,ZZSkillsProgramme:ZZSkillsProgramme_ID:96;ZZUnitStandard:ZZUnitStandard_id:2510
*,1603,Y,Core,ZZSkillsProgramme:ZZSkillsProgramme_ID:96;ZZUnitStandard:ZZUnitStandard_id:2504
*,1604,Y,Core,ZZSkillsProgramme:ZZSkillsProgramme_ID:96;ZZUnitStandard:ZZUnitStandard_id:2490
*,1605,Y,Core,ZZSkillsProgramme:ZZSkillsProgramme_ID:96;ZZUnitStandard:ZZUnitStandard_id:2402
*,1606,Y,Core,ZZSkillsProgramme:ZZSkillsProgramme_ID:96;ZZUnitStandard:ZZUnitStandard_id:2499
*,1607,Y,Core,ZZSkillsProgramme:ZZSkillsProgramme_ID:96;ZZUnitStandard:ZZUnitStandard_id:2512
*,1608,Y,Core,ZZSkillsProgramme:ZZSkillsProgramme_ID:96;ZZUnitStandard:ZZUnitStandard_id:2511
*,1609,Y,Core,ZZSkillsProgramme:ZZSkillsProgramme_ID:96;ZZUnitStandard:ZZUnitStandard_id:2502
*,1610,Y,Core,ZZSkillsProgramme:ZZSkillsProgramme_ID:96;ZZUnitStandard:ZZUnitStandard_id:2509
*,1611,Y,Core,ZZSkillsProgramme:ZZSkillsProgramme_ID:96;ZZUnitStandard:ZZUnitStandard_id:2500
*,1612,Y,Core,ZZSkillsProgramme:ZZSkillsProgramme_ID:96;ZZUnitStandard:ZZUnitStandard_id:2476
*,1613,Y,Core,ZZSkillsProgramme:ZZSkillsProgramme_ID:96;ZZUnitStandard:ZZUnitStandard_id:2501
*,1614,Y,Core,ZZSkillsProgramme:ZZSkillsProgramme_ID:96;ZZUnitStandard:ZZUnitStandard_id:2494
*,1615,Y,Core,ZZSkillsProgramme:ZZSkillsProgramme_ID:96;ZZUnitStandard:ZZUnitStandard_id:2495
*,1616,Y,Core,ZZSkillsProgramme:ZZSkillsProgramme_ID:96;ZZUnitStandard:ZZUnitStandard_id:2496
*,1617,Y,Core,ZZSkillsProgramme:ZZSkillsProgramme_ID:96;ZZUnitStandard:ZZUnitStandard_id:2491
*,1618,Y,Core,ZZSkillsProgramme:ZZSkillsProgramme_ID:96;ZZUnitStandard:ZZUnitStandard_id:2503
*,1619,Y,Core,ZZSkillsProgramme:ZZSkillsProgramme_ID:96;ZZUnitStandard:ZZUnitStandard_id:2505
*,1620,Y,Core,ZZSkillsProgramme:ZZSkillsProgramme_ID:96;ZZUnitStandard:ZZUnitStandard_id:1196
*,1621,Y,Core,ZZSkillsProgramme:ZZSkillsProgramme_ID:96;ZZUnitStandard:ZZUnitStandard_id:2507
*,1622,Y,Core,ZZSkillsProgramme:ZZSkillsProgramme_ID:96;ZZUnitStandard:ZZUnitStandard_id:2506
*,1623,Y,Core,ZZSkillsProgramme:ZZSkillsProgramme_ID:96;ZZUnitStandard:ZZUnitStandard_id:1188
*,1624,Y,Core,ZZSkillsProgramme:ZZSkillsProgramme_ID:96;ZZUnitStandard:ZZUnitStandard_id:1190
*,1625,Y,Core,ZZSkillsProgramme:ZZSkillsProgramme_ID:96;ZZUnitStandard:ZZUnitStandard_id:1518
*,1626,Y,Core,ZZSkillsProgramme:ZZSkillsProgramme_ID:96;ZZUnitStandard:ZZUnitStandard_id:1712
*,1627,Y,Core,ZZSkillsProgramme:ZZSkillsProgramme_ID:96;ZZUnitStandard:ZZUnitStandard_id:1756
*,1628,Y,Core,ZZSkillsProgramme:ZZSkillsProgramme_ID:96;ZZUnitStandard:ZZUnitStandard_id:1713
*,1629,Y,Core,ZZSkillsProgramme:ZZSkillsProgramme_ID:98;ZZUnitStandard:ZZUnitStandard_id:2438
*,1630,Y,Core,ZZSkillsProgramme:ZZSkillsProgramme_ID:98;ZZUnitStandard:ZZUnitStandard_id:1567
*,1631,Y,Core,ZZSkillsProgramme:ZZSkillsProgramme_ID:98;ZZUnitStandard:ZZUnitStandard_id:663
*,1632,Y,Core,ZZSkillsProgramme:ZZSkillsProgramme_ID:98;ZZUnitStandard:ZZUnitStandard_id:767
*,1633,Y,Core,ZZSkillsProgramme:ZZSkillsProgramme_ID:98;ZZUnitStandard:ZZUnitStandard_id:768
*,1634,Y,Core,ZZSkillsProgramme:ZZSkillsProgramme_ID:98;ZZUnitStandard:ZZUnitStandard_id:458
*,1635,Y,Core,ZZSkillsProgramme:ZZSkillsProgramme_ID:98;ZZUnitStandard:ZZUnitStandard_id:661
*,1636,Y,Core,ZZSkillsProgramme:ZZSkillsProgramme_ID:98;ZZUnitStandard:ZZUnitStandard_id:455
*,1637,Y,Core,ZZSkillsProgramme:ZZSkillsProgramme_ID:98;ZZUnitStandard:ZZUnitStandard_id:1087
*,1638,Y,Core,ZZSkillsProgramme:ZZSkillsProgramme_ID:98;ZZUnitStandard:ZZUnitStandard_id:1089
*,1639,Y,Core,ZZSkillsProgramme:ZZSkillsProgramme_ID:98;ZZUnitStandard:ZZUnitStandard_id:1091
*,1640,Y,Core,ZZSkillsProgramme:ZZSkillsProgramme_ID:98;ZZUnitStandard:ZZUnitStandard_id:1092
*,1641,Y,Core,ZZSkillsProgramme:ZZSkillsProgramme_ID:98;ZZUnitStandard:ZZUnitStandard_id:1088
*,1642,Y,Core,ZZSkillsProgramme:ZZSkillsProgramme_ID:98;ZZUnitStandard:ZZUnitStandard_id:1090
*,1643,Y,Core,ZZSkillsProgramme:ZZSkillsProgramme_ID:98;ZZUnitStandard:ZZUnitStandard_id:2216
*,1644,Y,Core,ZZSkillsProgramme:ZZSkillsProgramme_ID:98;ZZUnitStandard:ZZUnitStandard_id:1880
*,1645,Y,Core,ZZSkillsProgramme:ZZSkillsProgramme_ID:98;ZZUnitStandard:ZZUnitStandard_id:1884
*,1646,Y,Core,ZZSkillsProgramme:ZZSkillsProgramme_ID:98;ZZUnitStandard:ZZUnitStandard_id:2218
*,1647,Y,Core,ZZSkillsProgramme:ZZSkillsProgramme_ID:98;ZZUnitStandard:ZZUnitStandard_id:2214
*,1648,Y,Core,ZZSkillsProgramme:ZZSkillsProgramme_ID:98;ZZUnitStandard:ZZUnitStandard_id:2202
*,1649,Y,Core,ZZSkillsProgramme:ZZSkillsProgramme_ID:98;ZZUnitStandard:ZZUnitStandard_id:2221
*,1650,Y,Core,ZZSkillsProgramme:ZZSkillsProgramme_ID:98;ZZUnitStandard:ZZUnitStandard_id:2215
*,1651,Y,Core,ZZSkillsProgramme:ZZSkillsProgramme_ID:98;ZZUnitStandard:ZZUnitStandard_id:2201
*,1652,Y,Core,ZZSkillsProgramme:ZZSkillsProgramme_ID:98;ZZUnitStandard:ZZUnitStandard_id:1179
*,1653,Y,Core,ZZSkillsProgramme:ZZSkillsProgramme_ID:98;ZZUnitStandard:ZZUnitStandard_id:2433
*,1654,Y,Core,ZZSkillsProgramme:ZZSkillsProgramme_ID:98;ZZUnitStandard:ZZUnitStandard_id:2161
*,1655,Y,Core,ZZSkillsProgramme:ZZSkillsProgramme_ID:98;ZZUnitStandard:ZZUnitStandard_id:2436
*,1656,Y,Core,ZZSkillsProgramme:ZZSkillsProgramme_ID:98;ZZUnitStandard:ZZUnitStandard_id:2439
*,1657,Y,Core,ZZSkillsProgramme:ZZSkillsProgramme_ID:98;ZZUnitStandard:ZZUnitStandard_id:2437
*,1658,Y,Core,ZZSkillsProgramme:ZZSkillsProgramme_ID:98;ZZUnitStandard:ZZUnitStandard_id:2431
*,1659,Y,Core,ZZSkillsProgramme:ZZSkillsProgramme_ID:98;ZZUnitStandard:ZZUnitStandard_id:2429
*,1660,Y,Core,ZZSkillsProgramme:ZZSkillsProgramme_ID:98;ZZUnitStandard:ZZUnitStandard_id:2430
*,1661,Y,Core,ZZSkillsProgramme:ZZSkillsProgramme_ID:98;ZZUnitStandard:ZZUnitStandard_id:2435
*,1662,Y,Core,ZZSkillsProgramme:ZZSkillsProgramme_ID:98;ZZUnitStandard:ZZUnitStandard_id:2440
*,1663,Y,Core,ZZSkillsProgramme:ZZSkillsProgramme_ID:98;ZZUnitStandard:ZZUnitStandard_id:2428
*,1664,Y,Core,ZZSkillsProgramme:ZZSkillsProgramme_ID:98;ZZUnitStandard:ZZUnitStandard_id:2434
*,1665,Y,Core,ZZSkillsProgramme:ZZSkillsProgramme_ID:98;ZZUnitStandard:ZZUnitStandard_id:2432
*,1666,Y,Core,ZZSkillsProgramme:ZZSkillsProgramme_ID:98;ZZUnitStandard:ZZUnitStandard_id:1189
*,1667,Y,Core,ZZSkillsProgramme:ZZSkillsProgramme_ID:98;ZZUnitStandard:ZZUnitStandard_id:1197
*,1668,Y,Core,ZZSkillsProgramme:ZZSkillsProgramme_ID:98;ZZUnitStandard:ZZUnitStandard_id:1198
*,1669,Y,Core,ZZSkillsProgramme:ZZSkillsProgramme_ID:98;ZZUnitStandard:ZZUnitStandard_id:122
*,1670,Y,Core,ZZSkillsProgramme:ZZSkillsProgramme_ID:98;ZZUnitStandard:ZZUnitStandard_id:123
*,1671,Y,Core,ZZSkillsProgramme:ZZSkillsProgramme_ID:98;ZZUnitStandard:ZZUnitStandard_id:125
*,1672,Y,Core,ZZSkillsProgramme:ZZSkillsProgramme_ID:98;ZZUnitStandard:ZZUnitStandard_id:131
*,1673,Y,Core,ZZSkillsProgramme:ZZSkillsProgramme_ID:98;ZZUnitStandard:ZZUnitStandard_id:132
*,1674,Y,Core,ZZSkillsProgramme:ZZSkillsProgramme_ID:98;ZZUnitStandard:ZZUnitStandard_id:60
*,1675,Y,Core,ZZSkillsProgramme:ZZSkillsProgramme_ID:98;ZZUnitStandard:ZZUnitStandard_id:68
*,1676,Y,Core,ZZSkillsProgramme:ZZSkillsProgramme_ID:98;ZZUnitStandard:ZZUnitStandard_id:69
*,1677,Y,Core,ZZSkillsProgramme:ZZSkillsProgramme_ID:98;ZZUnitStandard:ZZUnitStandard_id:64
*,1678,Y,Core,ZZSkillsProgramme:ZZSkillsProgramme_ID:98;ZZUnitStandard:ZZUnitStandard_id:65
*,1679,Y,Core,ZZSkillsProgramme:ZZSkillsProgramme_ID:98;ZZUnitStandard:ZZUnitStandard_id:66
*,1680,Y,Core,ZZSkillsProgramme:ZZSkillsProgramme_ID:98;ZZUnitStandard:ZZUnitStandard_id:67
*,1681,Y,Core,ZZSkillsProgramme:ZZSkillsProgramme_ID:99;ZZUnitStandard:ZZUnitStandard_id:985
*,1682,Y,Core,ZZSkillsProgramme:ZZSkillsProgramme_ID:99;ZZUnitStandard:ZZUnitStandard_id:2218
*,1683,Y,Core,ZZSkillsProgramme:ZZSkillsProgramme_ID:99;ZZUnitStandard:ZZUnitStandard_id:2202
*,1684,Y,Core,ZZSkillsProgramme:ZZSkillsProgramme_ID:99;ZZUnitStandard:ZZUnitStandard_id:2221
*,1685,Y,Core,ZZSkillsProgramme:ZZSkillsProgramme_ID:99;ZZUnitStandard:ZZUnitStandard_id:2201
*,1686,Y,Core,ZZSkillsProgramme:ZZSkillsProgramme_ID:99;ZZUnitStandard:ZZUnitStandard_id:1590
*,1687,Y,Core,ZZSkillsProgramme:ZZSkillsProgramme_ID:99;ZZUnitStandard:ZZUnitStandard_id:1728
*,1688,Y,Core,ZZSkillsProgramme:ZZSkillsProgramme_ID:99;ZZUnitStandard:ZZUnitStandard_id:2604
*,1689,Y,Core,ZZSkillsProgramme:ZZSkillsProgramme_ID:99;ZZUnitStandard:ZZUnitStandard_id:2585
*,1690,Y,Core,ZZSkillsProgramme:ZZSkillsProgramme_ID:99;ZZUnitStandard:ZZUnitStandard_id:864
*,1691,Y,Core,ZZSkillsProgramme:ZZSkillsProgramme_ID:99;ZZUnitStandard:ZZUnitStandard_id:2598
*,1692,Y,Core,ZZSkillsProgramme:ZZSkillsProgramme_ID:99;ZZUnitStandard:ZZUnitStandard_id:2603
*,1693,Y,Core,ZZSkillsProgramme:ZZSkillsProgramme_ID:99;ZZUnitStandard:ZZUnitStandard_id:2600
*,1694,Y,Core,ZZSkillsProgramme:ZZSkillsProgramme_ID:99;ZZUnitStandard:ZZUnitStandard_id:2591
*,1695,Y,Core,ZZSkillsProgramme:ZZSkillsProgramme_ID:99;ZZUnitStandard:ZZUnitStandard_id:805
*,1696,Y,Core,ZZSkillsProgramme:ZZSkillsProgramme_ID:99;ZZUnitStandard:ZZUnitStandard_id:863
*,1697,Y,Core,ZZSkillsProgramme:ZZSkillsProgramme_ID:99;ZZUnitStandard:ZZUnitStandard_id:813
*,1698,Y,Core,ZZSkillsProgramme:ZZSkillsProgramme_ID:99;ZZUnitStandard:ZZUnitStandard_id:2597
*,1699,Y,Core,ZZSkillsProgramme:ZZSkillsProgramme_ID:99;ZZUnitStandard:ZZUnitStandard_id:2579
*,1700,Y,Core,ZZSkillsProgramme:ZZSkillsProgramme_ID:99;ZZUnitStandard:ZZUnitStandard_id:2577
*,1701,Y,Core,ZZSkillsProgramme:ZZSkillsProgramme_ID:99;ZZUnitStandard:ZZUnitStandard_id:2596
*,1702,Y,Core,ZZSkillsProgramme:ZZSkillsProgramme_ID:99;ZZUnitStandard:ZZUnitStandard_id:2605
*,1703,Y,Core,ZZSkillsProgramme:ZZSkillsProgramme_ID:99;ZZUnitStandard:ZZUnitStandard_id:2599
*,1704,Y,Core,ZZSkillsProgramme:ZZSkillsProgramme_ID:99;ZZUnitStandard:ZZUnitStandard_id:804
*,1705,Y,Core,ZZSkillsProgramme:ZZSkillsProgramme_ID:99;ZZUnitStandard:ZZUnitStandard_id:803
*,1706,Y,Core,ZZSkillsProgramme:ZZSkillsProgramme_ID:99;ZZUnitStandard:ZZUnitStandard_id:2582
*,1707,Y,Core,ZZSkillsProgramme:ZZSkillsProgramme_ID:99;ZZUnitStandard:ZZUnitStandard_id:2580
*,1708,Y,Core,ZZSkillsProgramme:ZZSkillsProgramme_ID:99;ZZUnitStandard:ZZUnitStandard_id:802
*,1709,Y,Core,ZZSkillsProgramme:ZZSkillsProgramme_ID:99;ZZUnitStandard:ZZUnitStandard_id:862
*,1710,Y,Core,ZZSkillsProgramme:ZZSkillsProgramme_ID:99;ZZUnitStandard:ZZUnitStandard_id:2593
*,1711,Y,Core,ZZSkillsProgramme:ZZSkillsProgramme_ID:99;ZZUnitStandard:ZZUnitStandard_id:786
*,1712,Y,Core,ZZSkillsProgramme:ZZSkillsProgramme_ID:99;ZZUnitStandard:ZZUnitStandard_id:2590
*,1713,Y,Core,ZZSkillsProgramme:ZZSkillsProgramme_ID:99;ZZUnitStandard:ZZUnitStandard_id:895
*,1714,Y,Core,ZZSkillsProgramme:ZZSkillsProgramme_ID:99;ZZUnitStandard:ZZUnitStandard_id:2589
*,1715,Y,Core,ZZSkillsProgramme:ZZSkillsProgramme_ID:99;ZZUnitStandard:ZZUnitStandard_id:789
*,1716,Y,Core,ZZSkillsProgramme:ZZSkillsProgramme_ID:99;ZZUnitStandard:ZZUnitStandard_id:2612
*,1717,Y,Core,ZZSkillsProgramme:ZZSkillsProgramme_ID:99;ZZUnitStandard:ZZUnitStandard_id:2594
*,1718,Y,Core,ZZSkillsProgramme:ZZSkillsProgramme_ID:99;ZZUnitStandard:ZZUnitStandard_id:2586
*,1719,Y,Core,ZZSkillsProgramme:ZZSkillsProgramme_ID:99;ZZUnitStandard:ZZUnitStandard_id:2602
*,1720,Y,Core,ZZSkillsProgramme:ZZSkillsProgramme_ID:99;ZZUnitStandard:ZZUnitStandard_id:860
*,1721,Y,Core,ZZSkillsProgramme:ZZSkillsProgramme_ID:99;ZZUnitStandard:ZZUnitStandard_id:2595
*,1722,Y,Core,ZZSkillsProgramme:ZZSkillsProgramme_ID:99;ZZUnitStandard:ZZUnitStandard_id:2601
*,1723,Y,Core,ZZSkillsProgramme:ZZSkillsProgramme_ID:99;ZZUnitStandard:ZZUnitStandard_id:2578
*,1724,Y,Core,ZZSkillsProgramme:ZZSkillsProgramme_ID:99;ZZUnitStandard:ZZUnitStandard_id:1196
*,1725,Y,Core,ZZSkillsProgramme:ZZSkillsProgramme_ID:99;ZZUnitStandard:ZZUnitStandard_id:1188
*,1726,Y,Core,ZZSkillsProgramme:ZZSkillsProgramme_ID:99;ZZUnitStandard:ZZUnitStandard_id:1190
*,1727,Y,Core,ZZSkillsProgramme:ZZSkillsProgramme_ID:99;ZZUnitStandard:ZZUnitStandard_id:1518
*,1728,Y,Core,ZZSkillsProgramme:ZZSkillsProgramme_ID:100;ZZUnitStandard:ZZUnitStandard_id:822
*,1729,Y,Core,ZZSkillsProgramme:ZZSkillsProgramme_ID:100;ZZUnitStandard:ZZUnitStandard_id:355
*,1730,Y,Core,ZZSkillsProgramme:ZZSkillsProgramme_ID:100;ZZUnitStandard:ZZUnitStandard_id:784
*,1731,Y,Core,ZZSkillsProgramme:ZZSkillsProgramme_ID:100;ZZUnitStandard:ZZUnitStandard_id:920
*,1732,Y,Core,ZZSkillsProgramme:ZZSkillsProgramme_ID:100;ZZUnitStandard:ZZUnitStandard_id:945
*,1733,Y,Core,ZZSkillsProgramme:ZZSkillsProgramme_ID:100;ZZUnitStandard:ZZUnitStandard_id:695
*,1734,Y,Core,ZZSkillsProgramme:ZZSkillsProgramme_ID:100;ZZUnitStandard:ZZUnitStandard_id:2220
*,1735,Y,Core,ZZSkillsProgramme:ZZSkillsProgramme_ID:100;ZZUnitStandard:ZZUnitStandard_id:2450
*,1736,Y,Core,ZZSkillsProgramme:ZZSkillsProgramme_ID:100;ZZUnitStandard:ZZUnitStandard_id:2453
*,1737,Y,Core,ZZSkillsProgramme:ZZSkillsProgramme_ID:100;ZZUnitStandard:ZZUnitStandard_id:2452
*,1738,Y,Core,ZZSkillsProgramme:ZZSkillsProgramme_ID:100;ZZUnitStandard:ZZUnitStandard_id:2340
*,1739,Y,Core,ZZSkillsProgramme:ZZSkillsProgramme_ID:100;ZZUnitStandard:ZZUnitStandard_id:988
*,1740,Y,Core,ZZSkillsProgramme:ZZSkillsProgramme_ID:100;ZZUnitStandard:ZZUnitStandard_id:1543
*,1741,Y,Core,ZZSkillsProgramme:ZZSkillsProgramme_ID:100;ZZUnitStandard:ZZUnitStandard_id:1034
*,1742,Y,Core,ZZSkillsProgramme:ZZSkillsProgramme_ID:100;ZZUnitStandard:ZZUnitStandard_id:2263
*,1743,Y,Core,ZZSkillsProgramme:ZZSkillsProgramme_ID:100;ZZUnitStandard:ZZUnitStandard_id:2222
*,1744,Y,Core,ZZSkillsProgramme:ZZSkillsProgramme_ID:100;ZZUnitStandard:ZZUnitStandard_id:2614
*,1745,Y,Core,ZZSkillsProgramme:ZZSkillsProgramme_ID:100;ZZUnitStandard:ZZUnitStandard_id:951
*,1746,Y,Core,ZZSkillsProgramme:ZZSkillsProgramme_ID:100;ZZUnitStandard:ZZUnitStandard_id:2621
*,1747,Y,Core,ZZSkillsProgramme:ZZSkillsProgramme_ID:100;ZZUnitStandard:ZZUnitStandard_id:1255
*,1748,Y,Core,ZZSkillsProgramme:ZZSkillsProgramme_ID:100;ZZUnitStandard:ZZUnitStandard_id:903
*,1749,Y,Core,ZZSkillsProgramme:ZZSkillsProgramme_ID:100;ZZUnitStandard:ZZUnitStandard_id:2616
*,1750,Y,Core,ZZSkillsProgramme:ZZSkillsProgramme_ID:100;ZZUnitStandard:ZZUnitStandard_id:1243
*,1751,Y,Core,ZZSkillsProgramme:ZZSkillsProgramme_ID:100;ZZUnitStandard:ZZUnitStandard_id:2617
*,1752,Y,Core,ZZSkillsProgramme:ZZSkillsProgramme_ID:100;ZZUnitStandard:ZZUnitStandard_id:904
*,1753,Y,Core,ZZSkillsProgramme:ZZSkillsProgramme_ID:100;ZZUnitStandard:ZZUnitStandard_id:655
*,1754,Y,Core,ZZSkillsProgramme:ZZSkillsProgramme_ID:100;ZZUnitStandard:ZZUnitStandard_id:1247
*,1755,Y,Core,ZZSkillsProgramme:ZZSkillsProgramme_ID:100;ZZUnitStandard:ZZUnitStandard_id:2622
*,1756,Y,Core,ZZSkillsProgramme:ZZSkillsProgramme_ID:100;ZZUnitStandard:ZZUnitStandard_id:939
*,1757,Y,Core,ZZSkillsProgramme:ZZSkillsProgramme_ID:100;ZZUnitStandard:ZZUnitStandard_id:946
*,1758,Y,Core,ZZSkillsProgramme:ZZSkillsProgramme_ID:100;ZZUnitStandard:ZZUnitStandard_id:1272
*,1759,Y,Core,ZZSkillsProgramme:ZZSkillsProgramme_ID:100;ZZUnitStandard:ZZUnitStandard_id:941
*,1760,Y,Core,ZZSkillsProgramme:ZZSkillsProgramme_ID:100;ZZUnitStandard:ZZUnitStandard_id:2615
*,1761,Y,Core,ZZSkillsProgramme:ZZSkillsProgramme_ID:100;ZZUnitStandard:ZZUnitStandard_id:949
*,1762,Y,Core,ZZSkillsProgramme:ZZSkillsProgramme_ID:100;ZZUnitStandard:ZZUnitStandard_id:1250
*,1763,Y,Core,ZZSkillsProgramme:ZZSkillsProgramme_ID:100;ZZUnitStandard:ZZUnitStandard_id:958
*,1764,Y,Core,ZZSkillsProgramme:ZZSkillsProgramme_ID:100;ZZUnitStandard:ZZUnitStandard_id:1949
*,1765,Y,Core,ZZSkillsProgramme:ZZSkillsProgramme_ID:100;ZZUnitStandard:ZZUnitStandard_id:2618
*,1766,Y,Core,ZZSkillsProgramme:ZZSkillsProgramme_ID:100;ZZUnitStandard:ZZUnitStandard_id:2150
*,1767,Y,Core,ZZSkillsProgramme:ZZSkillsProgramme_ID:100;ZZUnitStandard:ZZUnitStandard_id:1242
*,1768,Y,Core,ZZSkillsProgramme:ZZSkillsProgramme_ID:100;ZZUnitStandard:ZZUnitStandard_id:1241
*,1769,Y,Core,ZZSkillsProgramme:ZZSkillsProgramme_ID:100;ZZUnitStandard:ZZUnitStandard_id:2623
*,1770,Y,Core,ZZSkillsProgramme:ZZSkillsProgramme_ID:100;ZZUnitStandard:ZZUnitStandard_id:996
*,1771,Y,Core,ZZSkillsProgramme:ZZSkillsProgramme_ID:100;ZZUnitStandard:ZZUnitStandard_id:1249
*,1772,Y,Core,ZZSkillsProgramme:ZZSkillsProgramme_ID:100;ZZUnitStandard:ZZUnitStandard_id:2619
*,1773,Y,Core,ZZSkillsProgramme:ZZSkillsProgramme_ID:100;ZZUnitStandard:ZZUnitStandard_id:1246
*,1774,Y,Core,ZZSkillsProgramme:ZZSkillsProgramme_ID:100;ZZUnitStandard:ZZUnitStandard_id:1252
*,1775,Y,Core,ZZSkillsProgramme:ZZSkillsProgramme_ID:100;ZZUnitStandard:ZZUnitStandard_id:2408
*,1776,Y,Core,ZZSkillsProgramme:ZZSkillsProgramme_ID:100;ZZUnitStandard:ZZUnitStandard_id:1248
*,1777,Y,Core,ZZSkillsProgramme:ZZSkillsProgramme_ID:100;ZZUnitStandard:ZZUnitStandard_id:1143
*,1778,Y,Core,ZZSkillsProgramme:ZZSkillsProgramme_ID:100;ZZUnitStandard:ZZUnitStandard_id:2620
*,1779,Y,Core,ZZSkillsProgramme:ZZSkillsProgramme_ID:100;ZZUnitStandard:ZZUnitStandard_id:1185
*,1780,Y,Core,ZZSkillsProgramme:ZZSkillsProgramme_ID:100;ZZUnitStandard:ZZUnitStandard_id:1514
*,1781,Y,Core,ZZSkillsProgramme:ZZSkillsProgramme_ID:100;ZZUnitStandard:ZZUnitStandard_id:2190
*,1782,Y,Core,ZZSkillsProgramme:ZZSkillsProgramme_ID:100;ZZUnitStandard:ZZUnitStandard_id:1186
*,1783,Y,Core,ZZSkillsProgramme:ZZSkillsProgramme_ID:100;ZZUnitStandard:ZZUnitStandard_id:1516
*,1784,Y,Core,ZZSkillsProgramme:ZZSkillsProgramme_ID:100;ZZUnitStandard:ZZUnitStandard_id:1194
*,1785,Y,Core,ZZSkillsProgramme:ZZSkillsProgramme_ID:100;ZZUnitStandard:ZZUnitStandard_id:88
*,1786,Y,Core,ZZSkillsProgramme:ZZSkillsProgramme_ID:100;ZZUnitStandard:ZZUnitStandard_id:25
*,1787,Y,Core,ZZSkillsProgramme:ZZSkillsProgramme_ID:101;ZZUnitStandard:ZZUnitStandard_id:1245
*,1788,Y,Core,ZZSkillsProgramme:ZZSkillsProgramme_ID:101;ZZUnitStandard:ZZUnitStandard_id:2181
*,1789,Y,Core,ZZSkillsProgramme:ZZSkillsProgramme_ID:101;ZZUnitStandard:ZZUnitStandard_id:2628
*,1790,Y,Core,ZZSkillsProgramme:ZZSkillsProgramme_ID:101;ZZUnitStandard:ZZUnitStandard_id:932
*,1791,Y,Core,ZZSkillsProgramme:ZZSkillsProgramme_ID:101;ZZUnitStandard:ZZUnitStandard_id:933
*,1792,Y,Core,ZZSkillsProgramme:ZZSkillsProgramme_ID:101;ZZUnitStandard:ZZUnitStandard_id:938
*,1793,Y,Core,ZZSkillsProgramme:ZZSkillsProgramme_ID:101;ZZUnitStandard:ZZUnitStandard_id:944
*,1794,Y,Core,ZZSkillsProgramme:ZZSkillsProgramme_ID:101;ZZUnitStandard:ZZUnitStandard_id:937
*,1795,Y,Core,ZZSkillsProgramme:ZZSkillsProgramme_ID:101;ZZUnitStandard:ZZUnitStandard_id:1251
*,1796,Y,Core,ZZSkillsProgramme:ZZSkillsProgramme_ID:101;ZZUnitStandard:ZZUnitStandard_id:947
*,1797,Y,Core,ZZSkillsProgramme:ZZSkillsProgramme_ID:101;ZZUnitStandard:ZZUnitStandard_id:948
*,1798,Y,Core,ZZSkillsProgramme:ZZSkillsProgramme_ID:101;ZZUnitStandard:ZZUnitStandard_id:950
*,1799,Y,Core,ZZSkillsProgramme:ZZSkillsProgramme_ID:101;ZZUnitStandard:ZZUnitStandard_id:954
*,1800,Y,Core,ZZSkillsProgramme:ZZSkillsProgramme_ID:101;ZZUnitStandard:ZZUnitStandard_id:955
*,1801,Y,Core,ZZSkillsProgramme:ZZSkillsProgramme_ID:101;ZZUnitStandard:ZZUnitStandard_id:1144
*,1802,Y,Core,ZZSkillsProgramme:ZZSkillsProgramme_ID:101;ZZUnitStandard:ZZUnitStandard_id:952
*,1803,Y,Core,ZZSkillsProgramme:ZZSkillsProgramme_ID:101;ZZUnitStandard:ZZUnitStandard_id:940
*,1804,Y,Core,ZZSkillsProgramme:ZZSkillsProgramme_ID:101;ZZUnitStandard:ZZUnitStandard_id:931
*,1805,Y,Core,ZZSkillsProgramme:ZZSkillsProgramme_ID:101;ZZUnitStandard:ZZUnitStandard_id:2218
*,1806,Y,Core,ZZSkillsProgramme:ZZSkillsProgramme_ID:101;ZZUnitStandard:ZZUnitStandard_id:2202
*,1807,Y,Core,ZZSkillsProgramme:ZZSkillsProgramme_ID:101;ZZUnitStandard:ZZUnitStandard_id:2221
*,1808,Y,Core,ZZSkillsProgramme:ZZSkillsProgramme_ID:101;ZZUnitStandard:ZZUnitStandard_id:2201
*,1809,Y,Core,ZZSkillsProgramme:ZZSkillsProgramme_ID:101;ZZUnitStandard:ZZUnitStandard_id:987
*,1810,Y,Core,ZZSkillsProgramme:ZZSkillsProgramme_ID:101;ZZUnitStandard:ZZUnitStandard_id:988
*,1811,Y,Core,ZZSkillsProgramme:ZZSkillsProgramme_ID:101;ZZUnitStandard:ZZUnitStandard_id:1604
*,1812,Y,Core,ZZSkillsProgramme:ZZSkillsProgramme_ID:101;ZZUnitStandard:ZZUnitStandard_id:951
*,1813,Y,Core,ZZSkillsProgramme:ZZSkillsProgramme_ID:101;ZZUnitStandard:ZZUnitStandard_id:1255
*,1814,Y,Core,ZZSkillsProgramme:ZZSkillsProgramme_ID:101;ZZUnitStandard:ZZUnitStandard_id:1142
*,1815,Y,Core,ZZSkillsProgramme:ZZSkillsProgramme_ID:101;ZZUnitStandard:ZZUnitStandard_id:2624
*,1816,Y,Core,ZZSkillsProgramme:ZZSkillsProgramme_ID:101;ZZUnitStandard:ZZUnitStandard_id:936
*,1817,Y,Core,ZZSkillsProgramme:ZZSkillsProgramme_ID:101;ZZUnitStandard:ZZUnitStandard_id:956
*,1818,Y,Core,ZZSkillsProgramme:ZZSkillsProgramme_ID:101;ZZUnitStandard:ZZUnitStandard_id:1950
*,1819,Y,Core,ZZSkillsProgramme:ZZSkillsProgramme_ID:101;ZZUnitStandard:ZZUnitStandard_id:656
*,1820,Y,Core,ZZSkillsProgramme:ZZSkillsProgramme_ID:101;ZZUnitStandard:ZZUnitStandard_id:1244
*,1821,Y,Core,ZZSkillsProgramme:ZZSkillsProgramme_ID:101;ZZUnitStandard:ZZUnitStandard_id:2630
*,1822,Y,Core,ZZSkillsProgramme:ZZSkillsProgramme_ID:101;ZZUnitStandard:ZZUnitStandard_id:2625
*,1823,Y,Core,ZZSkillsProgramme:ZZSkillsProgramme_ID:101;ZZUnitStandard:ZZUnitStandard_id:953
*,1824,Y,Core,ZZSkillsProgramme:ZZSkillsProgramme_ID:101;ZZUnitStandard:ZZUnitStandard_id:657
*,1825,Y,Core,ZZSkillsProgramme:ZZSkillsProgramme_ID:101;ZZUnitStandard:ZZUnitStandard_id:2629
*,1826,Y,Core,ZZSkillsProgramme:ZZSkillsProgramme_ID:101;ZZUnitStandard:ZZUnitStandard_id:2627
*,1827,Y,Core,ZZSkillsProgramme:ZZSkillsProgramme_ID:101;ZZUnitStandard:ZZUnitStandard_id:2626
*,1828,Y,Core,ZZSkillsProgramme:ZZSkillsProgramme_ID:101;ZZUnitStandard:ZZUnitStandard_id:2631
*,1829,Y,Core,ZZSkillsProgramme:ZZSkillsProgramme_ID:101;ZZUnitStandard:ZZUnitStandard_id:1196
*,1830,Y,Core,ZZSkillsProgramme:ZZSkillsProgramme_ID:101;ZZUnitStandard:ZZUnitStandard_id:1188
*,1831,Y,Core,ZZSkillsProgramme:ZZSkillsProgramme_ID:101;ZZUnitStandard:ZZUnitStandard_id:1190
*,1832,Y,Core,ZZSkillsProgramme:ZZSkillsProgramme_ID:101;ZZUnitStandard:ZZUnitStandard_id:1518
*,1833,Y,Core,ZZSkillsProgramme:ZZSkillsProgramme_ID:101;ZZUnitStandard:ZZUnitStandard_id:1716
*,1834,Y,Core,ZZSkillsProgramme:ZZSkillsProgramme_ID:101;ZZUnitStandard:ZZUnitStandard_id:70
*,1835,Y,Core,ZZSkillsProgramme:ZZSkillsProgramme_ID:101;ZZUnitStandard:ZZUnitStandard_id:71
*,1836,Y,Core,ZZSkillsProgramme:ZZSkillsProgramme_ID:102;ZZUnitStandard:ZZUnitStandard_id:260
*,1837,Y,Core,ZZSkillsProgramme:ZZSkillsProgramme_ID:102;ZZUnitStandard:ZZUnitStandard_id:2220
*,1838,Y,Core,ZZSkillsProgramme:ZZSkillsProgramme_ID:102;ZZUnitStandard:ZZUnitStandard_id:2610
*,1839,Y,Core,ZZSkillsProgramme:ZZSkillsProgramme_ID:102;ZZUnitStandard:ZZUnitStandard_id:2483
*,1840,Y,Core,ZZSkillsProgramme:ZZSkillsProgramme_ID:102;ZZUnitStandard:ZZUnitStandard_id:2484
*,1841,Y,Core,ZZSkillsProgramme:ZZSkillsProgramme_ID:102;ZZUnitStandard:ZZUnitStandard_id:1854
*,1842,Y,Core,ZZSkillsProgramme:ZZSkillsProgramme_ID:102;ZZUnitStandard:ZZUnitStandard_id:2450
*,1843,Y,Core,ZZSkillsProgramme:ZZSkillsProgramme_ID:102;ZZUnitStandard:ZZUnitStandard_id:2453
*,1844,Y,Core,ZZSkillsProgramme:ZZSkillsProgramme_ID:102;ZZUnitStandard:ZZUnitStandard_id:2452
*,1845,Y,Core,ZZSkillsProgramme:ZZSkillsProgramme_ID:102;ZZUnitStandard:ZZUnitStandard_id:2340
*,1846,Y,Core,ZZSkillsProgramme:ZZSkillsProgramme_ID:102;ZZUnitStandard:ZZUnitStandard_id:2446
*,1847,Y,Core,ZZSkillsProgramme:ZZSkillsProgramme_ID:102;ZZUnitStandard:ZZUnitStandard_id:2651
*,1848,Y,Core,ZZSkillsProgramme:ZZSkillsProgramme_ID:102;ZZUnitStandard:ZZUnitStandard_id:1727
*,1849,Y,Core,ZZSkillsProgramme:ZZSkillsProgramme_ID:102;ZZUnitStandard:ZZUnitStandard_id:1704
*,1850,Y,Core,ZZSkillsProgramme:ZZSkillsProgramme_ID:102;ZZUnitStandard:ZZUnitStandard_id:1722
*,1851,Y,Core,ZZSkillsProgramme:ZZSkillsProgramme_ID:102;ZZUnitStandard:ZZUnitStandard_id:1187
*,1852,Y,Core,ZZSkillsProgramme:ZZSkillsProgramme_ID:102;ZZUnitStandard:ZZUnitStandard_id:1724
*,1853,Y,Core,ZZSkillsProgramme:ZZSkillsProgramme_ID:102;ZZUnitStandard:ZZUnitStandard_id:1725
*,1854,Y,Core,ZZSkillsProgramme:ZZSkillsProgramme_ID:102;ZZUnitStandard:ZZUnitStandard_id:2326
*,1855,Y,Core,ZZSkillsProgramme:ZZSkillsProgramme_ID:102;ZZUnitStandard:ZZUnitStandard_id:2681
*,1856,Y,Core,ZZSkillsProgramme:ZZSkillsProgramme_ID:102;ZZUnitStandard:ZZUnitStandard_id:1469
*,1857,Y,Core,ZZSkillsProgramme:ZZSkillsProgramme_ID:102;ZZUnitStandard:ZZUnitStandard_id:1726
*,1858,Y,Core,ZZSkillsProgramme:ZZSkillsProgramme_ID:102;ZZUnitStandard:ZZUnitStandard_id:1466
*,1859,Y,Core,ZZSkillsProgramme:ZZSkillsProgramme_ID:102;ZZUnitStandard:ZZUnitStandard_id:2646
*,1860,Y,Core,ZZSkillsProgramme:ZZSkillsProgramme_ID:102;ZZUnitStandard:ZZUnitStandard_id:2463
*,1861,Y,Core,ZZSkillsProgramme:ZZSkillsProgramme_ID:102;ZZUnitStandard:ZZUnitStandard_id:2461
*,1862,Y,Core,ZZSkillsProgramme:ZZSkillsProgramme_ID:102;ZZUnitStandard:ZZUnitStandard_id:2459
*,1863,Y,Core,ZZSkillsProgramme:ZZSkillsProgramme_ID:102;ZZUnitStandard:ZZUnitStandard_id:2648
*,1864,Y,Core,ZZSkillsProgramme:ZZSkillsProgramme_ID:102;ZZUnitStandard:ZZUnitStandard_id:1899
*,1865,Y,Core,ZZSkillsProgramme:ZZSkillsProgramme_ID:102;ZZUnitStandard:ZZUnitStandard_id:2456
*,1866,Y,Core,ZZSkillsProgramme:ZZSkillsProgramme_ID:102;ZZUnitStandard:ZZUnitStandard_id:2638
*,1867,Y,Core,ZZSkillsProgramme:ZZSkillsProgramme_ID:102;ZZUnitStandard:ZZUnitStandard_id:2404
*,1868,Y,Core,ZZSkillsProgramme:ZZSkillsProgramme_ID:102;ZZUnitStandard:ZZUnitStandard_id:2462
*,1869,Y,Core,ZZSkillsProgramme:ZZSkillsProgramme_ID:102;ZZUnitStandard:ZZUnitStandard_id:2649
*,1870,Y,Core,ZZSkillsProgramme:ZZSkillsProgramme_ID:102;ZZUnitStandard:ZZUnitStandard_id:2480
*,1871,Y,Core,ZZSkillsProgramme:ZZSkillsProgramme_ID:102;ZZUnitStandard:ZZUnitStandard_id:2475
*,1872,Y,Core,ZZSkillsProgramme:ZZSkillsProgramme_ID:102;ZZUnitStandard:ZZUnitStandard_id:2500
*,1873,Y,Core,ZZSkillsProgramme:ZZSkillsProgramme_ID:102;ZZUnitStandard:ZZUnitStandard_id:2476
*,1874,Y,Core,ZZSkillsProgramme:ZZSkillsProgramme_ID:102;ZZUnitStandard:ZZUnitStandard_id:2447
*,1875,Y,Core,ZZSkillsProgramme:ZZSkillsProgramme_ID:102;ZZUnitStandard:ZZUnitStandard_id:2222
*,1876,Y,Core,ZZSkillsProgramme:ZZSkillsProgramme_ID:102;ZZUnitStandard:ZZUnitStandard_id:2680
*,1877,Y,Core,ZZSkillsProgramme:ZZSkillsProgramme_ID:102;ZZUnitStandard:ZZUnitStandard_id:2641
*,1878,Y,Core,ZZSkillsProgramme:ZZSkillsProgramme_ID:102;ZZUnitStandard:ZZUnitStandard_id:2642
*,1879,Y,Core,ZZSkillsProgramme:ZZSkillsProgramme_ID:102;ZZUnitStandard:ZZUnitStandard_id:2008
*,1880,Y,Core,ZZSkillsProgramme:ZZSkillsProgramme_ID:102;ZZUnitStandard:ZZUnitStandard_id:2653
*,1881,Y,Core,ZZSkillsProgramme:ZZSkillsProgramme_ID:102;ZZUnitStandard:ZZUnitStandard_id:2667
*,1882,Y,Core,ZZSkillsProgramme:ZZSkillsProgramme_ID:102;ZZUnitStandard:ZZUnitStandard_id:2006
*,1883,Y,Core,ZZSkillsProgramme:ZZSkillsProgramme_ID:102;ZZUnitStandard:ZZUnitStandard_id:2011
*,1884,Y,Core,ZZSkillsProgramme:ZZSkillsProgramme_ID:102;ZZUnitStandard:ZZUnitStandard_id:2668
*,1885,Y,Core,ZZSkillsProgramme:ZZSkillsProgramme_ID:102;ZZUnitStandard:ZZUnitStandard_id:2644
*,1886,Y,Core,ZZSkillsProgramme:ZZSkillsProgramme_ID:102;ZZUnitStandard:ZZUnitStandard_id:2677
*,1887,Y,Core,ZZSkillsProgramme:ZZSkillsProgramme_ID:102;ZZUnitStandard:ZZUnitStandard_id:2752
*,1888,Y,Core,ZZSkillsProgramme:ZZSkillsProgramme_ID:102;ZZUnitStandard:ZZUnitStandard_id:2672
*,1889,Y,Core,ZZSkillsProgramme:ZZSkillsProgramme_ID:102;ZZUnitStandard:ZZUnitStandard_id:2647
*,1890,Y,Core,ZZSkillsProgramme:ZZSkillsProgramme_ID:102;ZZUnitStandard:ZZUnitStandard_id:2659
*,1891,Y,Core,ZZSkillsProgramme:ZZSkillsProgramme_ID:102;ZZUnitStandard:ZZUnitStandard_id:2663
*,1892,Y,Core,ZZSkillsProgramme:ZZSkillsProgramme_ID:102;ZZUnitStandard:ZZUnitStandard_id:2669
*,1893,Y,Core,ZZSkillsProgramme:ZZSkillsProgramme_ID:102;ZZUnitStandard:ZZUnitStandard_id:2675
*,1894,Y,Core,ZZSkillsProgramme:ZZSkillsProgramme_ID:102;ZZUnitStandard:ZZUnitStandard_id:2012
*,1895,Y,Core,ZZSkillsProgramme:ZZSkillsProgramme_ID:102;ZZUnitStandard:ZZUnitStandard_id:2652
*,1896,Y,Core,ZZSkillsProgramme:ZZSkillsProgramme_ID:102;ZZUnitStandard:ZZUnitStandard_id:2660
*,1897,Y,Core,ZZSkillsProgramme:ZZSkillsProgramme_ID:102;ZZUnitStandard:ZZUnitStandard_id:2678
*,1898,Y,Core,ZZSkillsProgramme:ZZSkillsProgramme_ID:102;ZZUnitStandard:ZZUnitStandard_id:2664
*,1899,Y,Core,ZZSkillsProgramme:ZZSkillsProgramme_ID:102;ZZUnitStandard:ZZUnitStandard_id:1758
*,1900,Y,Core,ZZSkillsProgramme:ZZSkillsProgramme_ID:102;ZZUnitStandard:ZZUnitStandard_id:2666
*,1901,Y,Core,ZZSkillsProgramme:ZZSkillsProgramme_ID:102;ZZUnitStandard:ZZUnitStandard_id:2679
*,1902,Y,Core,ZZSkillsProgramme:ZZSkillsProgramme_ID:102;ZZUnitStandard:ZZUnitStandard_id:2665
*,1903,Y,Core,ZZSkillsProgramme:ZZSkillsProgramme_ID:102;ZZUnitStandard:ZZUnitStandard_id:2010
*,1904,Y,Core,ZZSkillsProgramme:ZZSkillsProgramme_ID:102;ZZUnitStandard:ZZUnitStandard_id:2661
*,1905,Y,Core,ZZSkillsProgramme:ZZSkillsProgramme_ID:102;ZZUnitStandard:ZZUnitStandard_id:2637
*,1906,Y,Core,ZZSkillsProgramme:ZZSkillsProgramme_ID:102;ZZUnitStandard:ZZUnitStandard_id:2658
*,1907,Y,Core,ZZSkillsProgramme:ZZSkillsProgramme_ID:102;ZZUnitStandard:ZZUnitStandard_id:2655
*,1908,Y,Core,ZZSkillsProgramme:ZZSkillsProgramme_ID:102;ZZUnitStandard:ZZUnitStandard_id:2009
*,1909,Y,Core,ZZSkillsProgramme:ZZSkillsProgramme_ID:102;ZZUnitStandard:ZZUnitStandard_id:2674
*,1910,Y,Core,ZZSkillsProgramme:ZZSkillsProgramme_ID:102;ZZUnitStandard:ZZUnitStandard_id:2676
*,1911,Y,Core,ZZSkillsProgramme:ZZSkillsProgramme_ID:102;ZZUnitStandard:ZZUnitStandard_id:2645
*,1912,Y,Core,ZZSkillsProgramme:ZZSkillsProgramme_ID:102;ZZUnitStandard:ZZUnitStandard_id:2670
*,1913,Y,Core,ZZSkillsProgramme:ZZSkillsProgramme_ID:102;ZZUnitStandard:ZZUnitStandard_id:2640
*,1914,Y,Core,ZZSkillsProgramme:ZZSkillsProgramme_ID:102;ZZUnitStandard:ZZUnitStandard_id:2673
*,1915,Y,Core,ZZSkillsProgramme:ZZSkillsProgramme_ID:102;ZZUnitStandard:ZZUnitStandard_id:2656
*,1916,Y,Core,ZZSkillsProgramme:ZZSkillsProgramme_ID:102;ZZUnitStandard:ZZUnitStandard_id:2657
*,1917,Y,Core,ZZSkillsProgramme:ZZSkillsProgramme_ID:102;ZZUnitStandard:ZZUnitStandard_id:2662
*,1918,Y,Core,ZZSkillsProgramme:ZZSkillsProgramme_ID:102;ZZUnitStandard:ZZUnitStandard_id:2650
*,1919,Y,Core,ZZSkillsProgramme:ZZSkillsProgramme_ID:102;ZZUnitStandard:ZZUnitStandard_id:2654
*,1920,Y,Core,ZZSkillsProgramme:ZZSkillsProgramme_ID:102;ZZUnitStandard:ZZUnitStandard_id:2639
*,1921,Y,Core,ZZSkillsProgramme:ZZSkillsProgramme_ID:102;ZZUnitStandard:ZZUnitStandard_id:1185
*,1922,Y,Core,ZZSkillsProgramme:ZZSkillsProgramme_ID:102;ZZUnitStandard:ZZUnitStandard_id:1514
*,1923,Y,Core,ZZSkillsProgramme:ZZSkillsProgramme_ID:102;ZZUnitStandard:ZZUnitStandard_id:1186
*,1924,Y,Core,ZZSkillsProgramme:ZZSkillsProgramme_ID:102;ZZUnitStandard:ZZUnitStandard_id:1194
*,1925,Y,Core,ZZSkillsProgramme:ZZSkillsProgramme_ID:102;ZZUnitStandard:ZZUnitStandard_id:2488
*,1926,Y,Core,ZZSkillsProgramme:ZZSkillsProgramme_ID:102;ZZUnitStandard:ZZUnitStandard_id:2671
*,1927,Y,Core,ZZSkillsProgramme:ZZSkillsProgramme_ID:102;ZZUnitStandard:ZZUnitStandard_id:1403
*,1928,Y,Core,ZZSkillsProgramme:ZZSkillsProgramme_ID:102;ZZUnitStandard:ZZUnitStandard_id:2457
*,1929,Y,Core,ZZSkillsProgramme:ZZSkillsProgramme_ID:103;ZZUnitStandard:ZZUnitStandard_id:2713
*,1930,Y,Core,ZZSkillsProgramme:ZZSkillsProgramme_ID:103;ZZUnitStandard:ZZUnitStandard_id:2513
*,1931,Y,Core,ZZSkillsProgramme:ZZSkillsProgramme_ID:103;ZZUnitStandard:ZZUnitStandard_id:2218
*,1932,Y,Core,ZZSkillsProgramme:ZZSkillsProgramme_ID:103;ZZUnitStandard:ZZUnitStandard_id:2202
*,1933,Y,Core,ZZSkillsProgramme:ZZSkillsProgramme_ID:103;ZZUnitStandard:ZZUnitStandard_id:2201
*,1934,Y,Core,ZZSkillsProgramme:ZZSkillsProgramme_ID:103;ZZUnitStandard:ZZUnitStandard_id:1711
*,1935,Y,Core,ZZSkillsProgramme:ZZSkillsProgramme_ID:103;ZZUnitStandard:ZZUnitStandard_id:1757
*,1936,Y,Core,ZZSkillsProgramme:ZZSkillsProgramme_ID:103;ZZUnitStandard:ZZUnitStandard_id:2455
*,1937,Y,Core,ZZSkillsProgramme:ZZSkillsProgramme_ID:103;ZZUnitStandard:ZZUnitStandard_id:2173
*,1938,Y,Core,ZZSkillsProgramme:ZZSkillsProgramme_ID:103;ZZUnitStandard:ZZUnitStandard_id:2413
*,1939,Y,Core,ZZSkillsProgramme:ZZSkillsProgramme_ID:103;ZZUnitStandard:ZZUnitStandard_id:2425
*,1940,Y,Core,ZZSkillsProgramme:ZZSkillsProgramme_ID:103;ZZUnitStandard:ZZUnitStandard_id:2415
*,1941,Y,Core,ZZSkillsProgramme:ZZSkillsProgramme_ID:103;ZZUnitStandard:ZZUnitStandard_id:2417
*,1942,Y,Core,ZZSkillsProgramme:ZZSkillsProgramme_ID:103;ZZUnitStandard:ZZUnitStandard_id:2416
*,1943,Y,Core,ZZSkillsProgramme:ZZSkillsProgramme_ID:103;ZZUnitStandard:ZZUnitStandard_id:2720
*,1944,Y,Core,ZZSkillsProgramme:ZZSkillsProgramme_ID:103;ZZUnitStandard:ZZUnitStandard_id:2471
*,1945,Y,Core,ZZSkillsProgramme:ZZSkillsProgramme_ID:103;ZZUnitStandard:ZZUnitStandard_id:2473
*,1946,Y,Core,ZZSkillsProgramme:ZZSkillsProgramme_ID:103;ZZUnitStandard:ZZUnitStandard_id:2703
*,1947,Y,Core,ZZSkillsProgramme:ZZSkillsProgramme_ID:103;ZZUnitStandard:ZZUnitStandard_id:2702
*,1948,Y,Core,ZZSkillsProgramme:ZZSkillsProgramme_ID:103;ZZUnitStandard:ZZUnitStandard_id:2480
*,1949,Y,Core,ZZSkillsProgramme:ZZSkillsProgramme_ID:103;ZZUnitStandard:ZZUnitStandard_id:2700
*,1950,Y,Core,ZZSkillsProgramme:ZZSkillsProgramme_ID:103;ZZUnitStandard:ZZUnitStandard_id:2008
*,1951,Y,Core,ZZSkillsProgramme:ZZSkillsProgramme_ID:103;ZZUnitStandard:ZZUnitStandard_id:2701
*,1952,Y,Core,ZZSkillsProgramme:ZZSkillsProgramme_ID:103;ZZUnitStandard:ZZUnitStandard_id:2709
*,1953,Y,Core,ZZSkillsProgramme:ZZSkillsProgramme_ID:103;ZZUnitStandard:ZZUnitStandard_id:2711
*,1954,Y,Core,ZZSkillsProgramme:ZZSkillsProgramme_ID:103;ZZUnitStandard:ZZUnitStandard_id:2724
*,1955,Y,Core,ZZSkillsProgramme:ZZSkillsProgramme_ID:103;ZZUnitStandard:ZZUnitStandard_id:2677
*,1956,Y,Core,ZZSkillsProgramme:ZZSkillsProgramme_ID:103;ZZUnitStandard:ZZUnitStandard_id:2715
*,1957,Y,Core,ZZSkillsProgramme:ZZSkillsProgramme_ID:103;ZZUnitStandard:ZZUnitStandard_id:2717
*,1958,Y,Core,ZZSkillsProgramme:ZZSkillsProgramme_ID:103;ZZUnitStandard:ZZUnitStandard_id:2706
*,1959,Y,Core,ZZSkillsProgramme:ZZSkillsProgramme_ID:103;ZZUnitStandard:ZZUnitStandard_id:2726
*,1960,Y,Core,ZZSkillsProgramme:ZZSkillsProgramme_ID:103;ZZUnitStandard:ZZUnitStandard_id:2672
*,1961,Y,Core,ZZSkillsProgramme:ZZSkillsProgramme_ID:103;ZZUnitStandard:ZZUnitStandard_id:2708
*,1962,Y,Core,ZZSkillsProgramme:ZZSkillsProgramme_ID:103;ZZUnitStandard:ZZUnitStandard_id:2722
*,1963,Y,Core,ZZSkillsProgramme:ZZSkillsProgramme_ID:103;ZZUnitStandard:ZZUnitStandard_id:2725
*,1964,Y,Core,ZZSkillsProgramme:ZZSkillsProgramme_ID:103;ZZUnitStandard:ZZUnitStandard_id:2721
*,1965,Y,Core,ZZSkillsProgramme:ZZSkillsProgramme_ID:103;ZZUnitStandard:ZZUnitStandard_id:2712
*,1966,Y,Core,ZZSkillsProgramme:ZZSkillsProgramme_ID:103;ZZUnitStandard:ZZUnitStandard_id:2707
*,1967,Y,Core,ZZSkillsProgramme:ZZSkillsProgramme_ID:103;ZZUnitStandard:ZZUnitStandard_id:2718
*,1968,Y,Core,ZZSkillsProgramme:ZZSkillsProgramme_ID:103;ZZUnitStandard:ZZUnitStandard_id:2716
*,1969,Y,Core,ZZSkillsProgramme:ZZSkillsProgramme_ID:103;ZZUnitStandard:ZZUnitStandard_id:2679
*,1970,Y,Core,ZZSkillsProgramme:ZZSkillsProgramme_ID:103;ZZUnitStandard:ZZUnitStandard_id:2705
*,1971,Y,Core,ZZSkillsProgramme:ZZSkillsProgramme_ID:103;ZZUnitStandard:ZZUnitStandard_id:2723
*,1972,Y,Core,ZZSkillsProgramme:ZZSkillsProgramme_ID:103;ZZUnitStandard:ZZUnitStandard_id:2719
*,1973,Y,Core,ZZSkillsProgramme:ZZSkillsProgramme_ID:103;ZZUnitStandard:ZZUnitStandard_id:2658
*,1974,Y,Core,ZZSkillsProgramme:ZZSkillsProgramme_ID:103;ZZUnitStandard:ZZUnitStandard_id:2714
*,1975,Y,Core,ZZSkillsProgramme:ZZSkillsProgramme_ID:103;ZZUnitStandard:ZZUnitStandard_id:1020
*,1976,Y,Core,ZZSkillsProgramme:ZZSkillsProgramme_ID:103;ZZUnitStandard:ZZUnitStandard_id:2673
*,1977,Y,Core,ZZSkillsProgramme:ZZSkillsProgramme_ID:103;ZZUnitStandard:ZZUnitStandard_id:2710
*,1978,Y,Core,ZZSkillsProgramme:ZZSkillsProgramme_ID:103;ZZUnitStandard:ZZUnitStandard_id:1196
*,1979,Y,Core,ZZSkillsProgramme:ZZSkillsProgramme_ID:103;ZZUnitStandard:ZZUnitStandard_id:1188
*,1980,Y,Core,ZZSkillsProgramme:ZZSkillsProgramme_ID:103;ZZUnitStandard:ZZUnitStandard_id:1190
*,1981,Y,Core,ZZSkillsProgramme:ZZSkillsProgramme_ID:103;ZZUnitStandard:ZZUnitStandard_id:1518
*,1982,Y,Core,ZZSkillsProgramme:ZZSkillsProgramme_ID:103;ZZUnitStandard:ZZUnitStandard_id:1712
*,1983,Y,Core,ZZSkillsProgramme:ZZSkillsProgramme_ID:103;ZZUnitStandard:ZZUnitStandard_id:1756
*,1984,Y,Core,ZZSkillsProgramme:ZZSkillsProgramme_ID:103;ZZUnitStandard:ZZUnitStandard_id:1713
*,1985,Y,Core,ZZSkillsProgramme:ZZSkillsProgramme_ID:104;ZZUnitStandard:ZZUnitStandard_id:2682
*,1986,Y,Core,ZZSkillsProgramme:ZZSkillsProgramme_ID:104;ZZUnitStandard:ZZUnitStandard_id:2216
*,1987,Y,Core,ZZSkillsProgramme:ZZSkillsProgramme_ID:104;ZZUnitStandard:ZZUnitStandard_id:2218
*,1988,Y,Core,ZZSkillsProgramme:ZZSkillsProgramme_ID:104;ZZUnitStandard:ZZUnitStandard_id:2219
*,1989,Y,Core,ZZSkillsProgramme:ZZSkillsProgramme_ID:104;ZZUnitStandard:ZZUnitStandard_id:2214
*,1990,Y,Core,ZZSkillsProgramme:ZZSkillsProgramme_ID:104;ZZUnitStandard:ZZUnitStandard_id:2696
*,1991,Y,Core,ZZSkillsProgramme:ZZSkillsProgramme_ID:104;ZZUnitStandard:ZZUnitStandard_id:2215
*,1992,Y,Core,ZZSkillsProgramme:ZZSkillsProgramme_ID:104;ZZUnitStandard:ZZUnitStandard_id:2217
*,1993,Y,Core,ZZSkillsProgramme:ZZSkillsProgramme_ID:104;ZZUnitStandard:ZZUnitStandard_id:2201
*,1994,Y,Core,ZZSkillsProgramme:ZZSkillsProgramme_ID:104;ZZUnitStandard:ZZUnitStandard_id:1947
*,1995,Y,Core,ZZSkillsProgramme:ZZSkillsProgramme_ID:104;ZZUnitStandard:ZZUnitStandard_id:1701
*,1996,Y,Core,ZZSkillsProgramme:ZZSkillsProgramme_ID:104;ZZUnitStandard:ZZUnitStandard_id:2161
*,1997,Y,Core,ZZSkillsProgramme:ZZSkillsProgramme_ID:104;ZZUnitStandard:ZZUnitStandard_id:1702
*,1998,Y,Core,ZZSkillsProgramme:ZZSkillsProgramme_ID:104;ZZUnitStandard:ZZUnitStandard_id:2425
*,1999,Y,Core,ZZSkillsProgramme:ZZSkillsProgramme_ID:104;ZZUnitStandard:ZZUnitStandard_id:2414
*,2000,Y,Core,ZZSkillsProgramme:ZZSkillsProgramme_ID:104;ZZUnitStandard:ZZUnitStandard_id:2417
*,2001,Y,Core,ZZSkillsProgramme:ZZSkillsProgramme_ID:104;ZZUnitStandard:ZZUnitStandard_id:2697
*,2002,Y,Core,ZZSkillsProgramme:ZZSkillsProgramme_ID:104;ZZUnitStandard:ZZUnitStandard_id:2695
*,2003,Y,Core,ZZSkillsProgramme:ZZSkillsProgramme_ID:104;ZZUnitStandard:ZZUnitStandard_id:2473
*,2004,Y,Core,ZZSkillsProgramme:ZZSkillsProgramme_ID:104;ZZUnitStandard:ZZUnitStandard_id:2474
*,2005,Y,Core,ZZSkillsProgramme:ZZSkillsProgramme_ID:104;ZZUnitStandard:ZZUnitStandard_id:2451
*,2006,Y,Core,ZZSkillsProgramme:ZZSkillsProgramme_ID:104;ZZUnitStandard:ZZUnitStandard_id:2469
*,2007,Y,Core,ZZSkillsProgramme:ZZSkillsProgramme_ID:104;ZZUnitStandard:ZZUnitStandard_id:2683
*,2008,Y,Core,ZZSkillsProgramme:ZZSkillsProgramme_ID:104;ZZUnitStandard:ZZUnitStandard_id:2694
*,2009,Y,Core,ZZSkillsProgramme:ZZSkillsProgramme_ID:104;ZZUnitStandard:ZZUnitStandard_id:2698
*,2010,Y,Core,ZZSkillsProgramme:ZZSkillsProgramme_ID:104;ZZUnitStandard:ZZUnitStandard_id:2688
*,2011,Y,Core,ZZSkillsProgramme:ZZSkillsProgramme_ID:104;ZZUnitStandard:ZZUnitStandard_id:2693
*,2012,Y,Core,ZZSkillsProgramme:ZZSkillsProgramme_ID:104;ZZUnitStandard:ZZUnitStandard_id:2690
*,2013,Y,Core,ZZSkillsProgramme:ZZSkillsProgramme_ID:104;ZZUnitStandard:ZZUnitStandard_id:2007
*,2014,Y,Core,ZZSkillsProgramme:ZZSkillsProgramme_ID:104;ZZUnitStandard:ZZUnitStandard_id:2691
*,2015,Y,Core,ZZSkillsProgramme:ZZSkillsProgramme_ID:104;ZZUnitStandard:ZZUnitStandard_id:2689
*,2016,Y,Core,ZZSkillsProgramme:ZZSkillsProgramme_ID:104;ZZUnitStandard:ZZUnitStandard_id:2685
*,2017,Y,Core,ZZSkillsProgramme:ZZSkillsProgramme_ID:104;ZZUnitStandard:ZZUnitStandard_id:2687
*,2018,Y,Core,ZZSkillsProgramme:ZZSkillsProgramme_ID:104;ZZUnitStandard:ZZUnitStandard_id:2699
*,2019,Y,Core,ZZSkillsProgramme:ZZSkillsProgramme_ID:104;ZZUnitStandard:ZZUnitStandard_id:2692
*,2020,Y,Core,ZZSkillsProgramme:ZZSkillsProgramme_ID:104;ZZUnitStandard:ZZUnitStandard_id:2684
*,2021,Y,Core,ZZSkillsProgramme:ZZSkillsProgramme_ID:104;ZZUnitStandard:ZZUnitStandard_id:1189
*,2022,Y,Core,ZZSkillsProgramme:ZZSkillsProgramme_ID:104;ZZUnitStandard:ZZUnitStandard_id:1197
*,2023,Y,Core,ZZSkillsProgramme:ZZSkillsProgramme_ID:104;ZZUnitStandard:ZZUnitStandard_id:1198
*,2024,Y,Core,ZZSkillsProgramme:ZZSkillsProgramme_ID:105;ZZUnitStandard:ZZUnitStandard_id:985
*,2025,Y,Core,ZZSkillsProgramme:ZZSkillsProgramme_ID:105;ZZUnitStandard:ZZUnitStandard_id:2220
*,2026,Y,Core,ZZSkillsProgramme:ZZSkillsProgramme_ID:105;ZZUnitStandard:ZZUnitStandard_id:2047
*,2027,Y,Core,ZZSkillsProgramme:ZZSkillsProgramme_ID:105;ZZUnitStandard:ZZUnitStandard_id:2450
*,2028,Y,Core,ZZSkillsProgramme:ZZSkillsProgramme_ID:105;ZZUnitStandard:ZZUnitStandard_id:2453
*,2029,Y,Core,ZZSkillsProgramme:ZZSkillsProgramme_ID:105;ZZUnitStandard:ZZUnitStandard_id:2452
*,2030,Y,Core,ZZSkillsProgramme:ZZSkillsProgramme_ID:105;ZZUnitStandard:ZZUnitStandard_id:2340
*,2031,Y,Core,ZZSkillsProgramme:ZZSkillsProgramme_ID:105;ZZUnitStandard:ZZUnitStandard_id:1120
*,2032,Y,Core,ZZSkillsProgramme:ZZSkillsProgramme_ID:105;ZZUnitStandard:ZZUnitStandard_id:2735
*,2033,Y,Core,ZZSkillsProgramme:ZZSkillsProgramme_ID:105;ZZUnitStandard:ZZUnitStandard_id:2730
*,2034,Y,Core,ZZSkillsProgramme:ZZSkillsProgramme_ID:105;ZZUnitStandard:ZZUnitStandard_id:2747
*,2035,Y,Core,ZZSkillsProgramme:ZZSkillsProgramme_ID:105;ZZUnitStandard:ZZUnitStandard_id:2738
*,2036,Y,Core,ZZSkillsProgramme:ZZSkillsProgramme_ID:105;ZZUnitStandard:ZZUnitStandard_id:2734
*,2037,Y,Core,ZZSkillsProgramme:ZZSkillsProgramme_ID:105;ZZUnitStandard:ZZUnitStandard_id:2728
*,2038,Y,Core,ZZSkillsProgramme:ZZSkillsProgramme_ID:105;ZZUnitStandard:ZZUnitStandard_id:2737
*,2039,Y,Core,ZZSkillsProgramme:ZZSkillsProgramme_ID:105;ZZUnitStandard:ZZUnitStandard_id:2739
*,2040,Y,Core,ZZSkillsProgramme:ZZSkillsProgramme_ID:105;ZZUnitStandard:ZZUnitStandard_id:2749
*,2041,Y,Core,ZZSkillsProgramme:ZZSkillsProgramme_ID:105;ZZUnitStandard:ZZUnitStandard_id:2729
*,2042,Y,Core,ZZSkillsProgramme:ZZSkillsProgramme_ID:105;ZZUnitStandard:ZZUnitStandard_id:2745
*,2043,Y,Core,ZZSkillsProgramme:ZZSkillsProgramme_ID:105;ZZUnitStandard:ZZUnitStandard_id:2733
*,2044,Y,Core,ZZSkillsProgramme:ZZSkillsProgramme_ID:105;ZZUnitStandard:ZZUnitStandard_id:2727
*,2045,Y,Core,ZZSkillsProgramme:ZZSkillsProgramme_ID:105;ZZUnitStandard:ZZUnitStandard_id:2736
*,2046,Y,Core,ZZSkillsProgramme:ZZSkillsProgramme_ID:105;ZZUnitStandard:ZZUnitStandard_id:2741
*,2047,Y,Core,ZZSkillsProgramme:ZZSkillsProgramme_ID:105;ZZUnitStandard:ZZUnitStandard_id:2740
*,2048,Y,Core,ZZSkillsProgramme:ZZSkillsProgramme_ID:105;ZZUnitStandard:ZZUnitStandard_id:2746
*,2049,Y,Core,ZZSkillsProgramme:ZZSkillsProgramme_ID:105;ZZUnitStandard:ZZUnitStandard_id:2732
*,2050,Y,Core,ZZSkillsProgramme:ZZSkillsProgramme_ID:105;ZZUnitStandard:ZZUnitStandard_id:2751
*,2051,Y,Core,ZZSkillsProgramme:ZZSkillsProgramme_ID:105;ZZUnitStandard:ZZUnitStandard_id:2731
*,2052,Y,Core,ZZSkillsProgramme:ZZSkillsProgramme_ID:105;ZZUnitStandard:ZZUnitStandard_id:2743
*,2053,Y,Core,ZZSkillsProgramme:ZZSkillsProgramme_ID:105;ZZUnitStandard:ZZUnitStandard_id:2750
*,2054,Y,Core,ZZSkillsProgramme:ZZSkillsProgramme_ID:105;ZZUnitStandard:ZZUnitStandard_id:2744
*,2055,Y,Core,ZZSkillsProgramme:ZZSkillsProgramme_ID:105;ZZUnitStandard:ZZUnitStandard_id:2748
*,2056,Y,Core,ZZSkillsProgramme:ZZSkillsProgramme_ID:105;ZZUnitStandard:ZZUnitStandard_id:2742
*,2057,Y,Core,ZZSkillsProgramme:ZZSkillsProgramme_ID:105;ZZUnitStandard:ZZUnitStandard_id:1185
*,2058,Y,Core,ZZSkillsProgramme:ZZSkillsProgramme_ID:105;ZZUnitStandard:ZZUnitStandard_id:1514
*,2059,Y,Core,ZZSkillsProgramme:ZZSkillsProgramme_ID:105;ZZUnitStandard:ZZUnitStandard_id:1186
*,2060,Y,Core,ZZSkillsProgramme:ZZSkillsProgramme_ID:105;ZZUnitStandard:ZZUnitStandard_id:1516
*,2061,Y,Core,ZZSkillsProgramme:ZZSkillsProgramme_ID:105;ZZUnitStandard:ZZUnitStandard_id:1194
*,2062,Y,Core,ZZSkillsProgramme:ZZSkillsProgramme_ID:105;ZZUnitStandard:ZZUnitStandard_id:1418
*,2063,Y,Core,ZZSkillsProgramme:ZZSkillsProgramme_ID:105;ZZUnitStandard:ZZUnitStandard_id:3
*,2064,Y,Core,ZZSkillsProgramme:ZZSkillsProgramme_ID:105;ZZUnitStandard:ZZUnitStandard_id:962
*,2065,Y,Core,ZZSkillsProgramme:ZZSkillsProgramme_ID:105;ZZUnitStandard:ZZUnitStandard_id:961
*,2066,Y,Core,ZZSkillsProgramme:ZZSkillsProgramme_ID:105;ZZUnitStandard:ZZUnitStandard_id:1
*,2067,Y,Core,ZZSkillsProgramme:ZZSkillsProgramme_ID:105;ZZUnitStandard:ZZUnitStandard_id:2
*,2068,Y,Core,ZZSkillsProgramme:ZZSkillsProgramme_ID:105;ZZUnitStandard:ZZUnitStandard_id:5
*,2069,Y,Core,ZZSkillsProgramme:ZZSkillsProgramme_ID:107;ZZUnitStandard:ZZUnitStandard_id:637
*,2070,Y,Core,ZZSkillsProgramme:ZZSkillsProgramme_ID:107;ZZUnitStandard:ZZUnitStandard_id:576
*,2071,Y,Core,ZZSkillsProgramme:ZZSkillsProgramme_ID:108;ZZUnitStandard:ZZUnitStandard_id:637
*,2072,Y,Elective,ZZSkillsProgramme:ZZSkillsProgramme_ID:109;ZZUnitStandard:ZZUnitStandard_id:2273
*,2073,Y,Elective,ZZSkillsProgramme:ZZSkillsProgramme_ID:109;ZZUnitStandard:ZZUnitStandard_id:2290
*,2074,Y,Elective,ZZSkillsProgramme:ZZSkillsProgramme_ID:109;ZZUnitStandard:ZZUnitStandard_id:2307
*,2075,Y,Elective,ZZSkillsProgramme:ZZSkillsProgramme_ID:109;ZZUnitStandard:ZZUnitStandard_id:2270
*,2076,Y,Elective,ZZSkillsProgramme:ZZSkillsProgramme_ID:109;ZZUnitStandard:ZZUnitStandard_id:2269
*,2077,Y,Elective,ZZSkillsProgramme:ZZSkillsProgramme_ID:109;ZZUnitStandard:ZZUnitStandard_id:2305
*,2078,Y,Elective,ZZSkillsProgramme:ZZSkillsProgramme_ID:109;ZZUnitStandard:ZZUnitStandard_id:2266
*,2079,Y,Elective,ZZSkillsProgramme:ZZSkillsProgramme_ID:109;ZZUnitStandard:ZZUnitStandard_id:2306
*,2080,Y,Core,ZZSkillsProgramme:ZZSkillsProgramme_ID:109;ZZUnitStandard:ZZUnitStandard_id:2264
*,2081,Y,Elective,ZZSkillsProgramme:ZZSkillsProgramme_ID:109;ZZUnitStandard:ZZUnitStandard_id:2265
*,2082,Y,Elective,ZZSkillsProgramme:ZZSkillsProgramme_ID:109;ZZUnitStandard:ZZUnitStandard_id:2271
*,2083,Y,Elective,ZZSkillsProgramme:ZZSkillsProgramme_ID:109;ZZUnitStandard:ZZUnitStandard_id:2272
*,2084,Y,Core,ZZSkillsProgramme:ZZSkillsProgramme_ID:109;ZZUnitStandard:ZZUnitStandard_id:2303
*,2085,Y,Elective,ZZSkillsProgramme:ZZSkillsProgramme_ID:109;ZZUnitStandard:ZZUnitStandard_id:2295
*,2086,Y,Elective,ZZSkillsProgramme:ZZSkillsProgramme_ID:109;ZZUnitStandard:ZZUnitStandard_id:2268
*,2087,Y,Core,ZZSkillsProgramme:ZZSkillsProgramme_ID:109;ZZUnitStandard:ZZUnitStandard_id:637
*,2088,Y,Core,ZZSkillsProgramme:ZZSkillsProgramme_ID:109;ZZUnitStandard:ZZUnitStandard_id:576
*,2089,Y,Elective,ZZSkillsProgramme:ZZSkillsProgramme_ID:111;ZZUnitStandard:ZZUnitStandard_id:581
*,2090,Y,Elective,ZZSkillsProgramme:ZZSkillsProgramme_ID:111;ZZUnitStandard:ZZUnitStandard_id:745
*,2091,Y,Elective,ZZSkillsProgramme:ZZSkillsProgramme_ID:111;ZZUnitStandard:ZZUnitStandard_id:819
*,2092,Y,Core,ZZSkillsProgramme:ZZSkillsProgramme_ID:111;ZZUnitStandard:ZZUnitStandard_id:902
*,2093,Y,Core,ZZSkillsProgramme:ZZSkillsProgramme_ID:111;ZZUnitStandard:ZZUnitStandard_id:355
*,2094,Y,Core,ZZSkillsProgramme:ZZSkillsProgramme_ID:111;ZZUnitStandard:ZZUnitStandard_id:940
*,2095,Y,Elective,ZZSkillsProgramme:ZZSkillsProgramme_ID:111;ZZUnitStandard:ZZUnitStandard_id:82
*,2096,Y,Elective,ZZSkillsProgramme:ZZSkillsProgramme_ID:111;ZZUnitStandard:ZZUnitStandard_id:1299
*,2097,Y,Elective,ZZSkillsProgramme:ZZSkillsProgramme_ID:111;ZZUnitStandard:ZZUnitStandard_id:1300
*,2098,Y,Elective,ZZSkillsProgramme:ZZSkillsProgramme_ID:111;ZZUnitStandard:ZZUnitStandard_id:542
*,2099,Y,Elective,ZZSkillsProgramme:ZZSkillsProgramme_ID:111;ZZUnitStandard:ZZUnitStandard_id:565
*,2100,Y,Elective,ZZSkillsProgramme:ZZSkillsProgramme_ID:111;ZZUnitStandard:ZZUnitStandard_id:544
*,2101,Y,Elective,ZZSkillsProgramme:ZZSkillsProgramme_ID:111;ZZUnitStandard:ZZUnitStandard_id:580
*,2102,Y,Elective,ZZSkillsProgramme:ZZSkillsProgramme_ID:111;ZZUnitStandard:ZZUnitStandard_id:594
*,2103,Y,Elective,ZZSkillsProgramme:ZZSkillsProgramme_ID:111;ZZUnitStandard:ZZUnitStandard_id:704
*,2104,Y,Elective,ZZSkillsProgramme:ZZSkillsProgramme_ID:111;ZZUnitStandard:ZZUnitStandard_id:80
*,2105,Y,Elective,ZZSkillsProgramme:ZZSkillsProgramme_ID:111;ZZUnitStandard:ZZUnitStandard_id:87
*,2106,Y,Core,ZZSkillsProgramme:ZZSkillsProgramme_ID:111;ZZUnitStandard:ZZUnitStandard_id:88
*,2107,Y,Core,ZZSkillsProgramme:ZZSkillsProgramme_ID:111;ZZUnitStandard:ZZUnitStandard_id:349
*,2108,Y,Elective,ZZSkillsProgramme:ZZSkillsProgramme_ID:111;ZZUnitStandard:ZZUnitStandard_id:541
*,2109,Y,Elective,ZZSkillsProgramme:ZZSkillsProgramme_ID:111;ZZUnitStandard:ZZUnitStandard_id:566
*,2110,Y,Elective,ZZSkillsProgramme:ZZSkillsProgramme_ID:111;ZZUnitStandard:ZZUnitStandard_id:557
*,2111,Y,Core,ZZSkillsProgramme:ZZSkillsProgramme_ID:111;ZZUnitStandard:ZZUnitStandard_id:11
*,2112,Y,Elective,ZZSkillsProgramme:ZZSkillsProgramme_ID:112;ZZUnitStandard:ZZUnitStandard_id:581
*,2113,Y,Core,ZZSkillsProgramme:ZZSkillsProgramme_ID:112;ZZUnitStandard:ZZUnitStandard_id:746
*,2114,Y,Core,ZZSkillsProgramme:ZZSkillsProgramme_ID:112;ZZUnitStandard:ZZUnitStandard_id:744
*,2115,Y,Elective,ZZSkillsProgramme:ZZSkillsProgramme_ID:112;ZZUnitStandard:ZZUnitStandard_id:745
*,2116,Y,Elective,ZZSkillsProgramme:ZZSkillsProgramme_ID:112;ZZUnitStandard:ZZUnitStandard_id:819
*,2117,Y,Elective,ZZSkillsProgramme:ZZSkillsProgramme_ID:112;ZZUnitStandard:ZZUnitStandard_id:82
*,2118,Y,Elective,ZZSkillsProgramme:ZZSkillsProgramme_ID:112;ZZUnitStandard:ZZUnitStandard_id:1299
*,2119,Y,Elective,ZZSkillsProgramme:ZZSkillsProgramme_ID:112;ZZUnitStandard:ZZUnitStandard_id:1300
*,2120,Y,Elective,ZZSkillsProgramme:ZZSkillsProgramme_ID:112;ZZUnitStandard:ZZUnitStandard_id:542
*,2121,Y,Elective,ZZSkillsProgramme:ZZSkillsProgramme_ID:112;ZZUnitStandard:ZZUnitStandard_id:565
*,2122,Y,Elective,ZZSkillsProgramme:ZZSkillsProgramme_ID:112;ZZUnitStandard:ZZUnitStandard_id:544
*,2123,Y,Elective,ZZSkillsProgramme:ZZSkillsProgramme_ID:112;ZZUnitStandard:ZZUnitStandard_id:580
*,2124,Y,Core,ZZSkillsProgramme:ZZSkillsProgramme_ID:112;ZZUnitStandard:ZZUnitStandard_id:543
*,2125,Y,Core,ZZSkillsProgramme:ZZSkillsProgramme_ID:112;ZZUnitStandard:ZZUnitStandard_id:829
*,2126,Y,Elective,ZZSkillsProgramme:ZZSkillsProgramme_ID:112;ZZUnitStandard:ZZUnitStandard_id:594
*,2127,Y,Elective,ZZSkillsProgramme:ZZSkillsProgramme_ID:112;ZZUnitStandard:ZZUnitStandard_id:704
*,2128,Y,Elective,ZZSkillsProgramme:ZZSkillsProgramme_ID:112;ZZUnitStandard:ZZUnitStandard_id:80
*,2129,Y,Core,ZZSkillsProgramme:ZZSkillsProgramme_ID:112;ZZUnitStandard:ZZUnitStandard_id:86
*,2130,Y,Elective,ZZSkillsProgramme:ZZSkillsProgramme_ID:112;ZZUnitStandard:ZZUnitStandard_id:87
*,2131,Y,Elective,ZZSkillsProgramme:ZZSkillsProgramme_ID:112;ZZUnitStandard:ZZUnitStandard_id:541
*,2132,Y,Elective,ZZSkillsProgramme:ZZSkillsProgramme_ID:112;ZZUnitStandard:ZZUnitStandard_id:566
*,2133,Y,Elective,ZZSkillsProgramme:ZZSkillsProgramme_ID:112;ZZUnitStandard:ZZUnitStandard_id:557
*,2134,Y,Elective,ZZSkillsProgramme:ZZSkillsProgramme_ID:114;ZZUnitStandard:ZZUnitStandard_id:581
*,2135,Y,Elective,ZZSkillsProgramme:ZZSkillsProgramme_ID:114;ZZUnitStandard:ZZUnitStandard_id:582
*,2136,Y,Elective,ZZSkillsProgramme:ZZSkillsProgramme_ID:114;ZZUnitStandard:ZZUnitStandard_id:585
*,2137,Y,Elective,ZZSkillsProgramme:ZZSkillsProgramme_ID:114;ZZUnitStandard:ZZUnitStandard_id:584
*,2138,Y,Core,ZZSkillsProgramme:ZZSkillsProgramme_ID:114;ZZUnitStandard:ZZUnitStandard_id:746
*,2139,Y,Core,ZZSkillsProgramme:ZZSkillsProgramme_ID:114;ZZUnitStandard:ZZUnitStandard_id:744
*,2140,Y,Core,ZZSkillsProgramme:ZZSkillsProgramme_ID:114;ZZUnitStandard:ZZUnitStandard_id:745
*,2141,Y,Core,ZZSkillsProgramme:ZZSkillsProgramme_ID:114;ZZUnitStandard:ZZUnitStandard_id:425
*,2142,Y,Elective,ZZSkillsProgramme:ZZSkillsProgramme_ID:114;ZZUnitStandard:ZZUnitStandard_id:82
*,2143,Y,Core,ZZSkillsProgramme:ZZSkillsProgramme_ID:114;ZZUnitStandard:ZZUnitStandard_id:1299
*,2144,Y,Core,ZZSkillsProgramme:ZZSkillsProgramme_ID:114;ZZUnitStandard:ZZUnitStandard_id:1300
*,2145,Y,Core,ZZSkillsProgramme:ZZSkillsProgramme_ID:114;ZZUnitStandard:ZZUnitStandard_id:1301
*,2146,Y,Elective,ZZSkillsProgramme:ZZSkillsProgramme_ID:114;ZZUnitStandard:ZZUnitStandard_id:542
*,2147,Y,Elective,ZZSkillsProgramme:ZZSkillsProgramme_ID:114;ZZUnitStandard:ZZUnitStandard_id:565
*,2148,Y,Elective,ZZSkillsProgramme:ZZSkillsProgramme_ID:114;ZZUnitStandard:ZZUnitStandard_id:544
*,2149,Y,Elective,ZZSkillsProgramme:ZZSkillsProgramme_ID:114;ZZUnitStandard:ZZUnitStandard_id:580
*,2150,Y,Core,ZZSkillsProgramme:ZZSkillsProgramme_ID:114;ZZUnitStandard:ZZUnitStandard_id:543
*,2151,Y,Elective,ZZSkillsProgramme:ZZSkillsProgramme_ID:114;ZZUnitStandard:ZZUnitStandard_id:546
*,2152,Y,Elective,ZZSkillsProgramme:ZZSkillsProgramme_ID:114;ZZUnitStandard:ZZUnitStandard_id:704
*,2153,Y,Elective,ZZSkillsProgramme:ZZSkillsProgramme_ID:114;ZZUnitStandard:ZZUnitStandard_id:80
*,2154,Y,Elective,ZZSkillsProgramme:ZZSkillsProgramme_ID:114;ZZUnitStandard:ZZUnitStandard_id:81
*,2155,Y,Elective,ZZSkillsProgramme:ZZSkillsProgramme_ID:114;ZZUnitStandard:ZZUnitStandard_id:28
*,2156,Y,Elective,ZZSkillsProgramme:ZZSkillsProgramme_ID:114;ZZUnitStandard:ZZUnitStandard_id:541
*,2157,Y,Elective,ZZSkillsProgramme:ZZSkillsProgramme_ID:114;ZZUnitStandard:ZZUnitStandard_id:566
*,2158,Y,Core,ZZSkillsProgramme:ZZSkillsProgramme_ID:114;ZZUnitStandard:ZZUnitStandard_id:576
*,2159,Y,Elective,ZZSkillsProgramme:ZZSkillsProgramme_ID:115;ZZUnitStandard:ZZUnitStandard_id:581
*,2160,Y,Elective,ZZSkillsProgramme:ZZSkillsProgramme_ID:115;ZZUnitStandard:ZZUnitStandard_id:582
*,2161,Y,Elective,ZZSkillsProgramme:ZZSkillsProgramme_ID:115;ZZUnitStandard:ZZUnitStandard_id:585
*,2162,Y,Elective,ZZSkillsProgramme:ZZSkillsProgramme_ID:115;ZZUnitStandard:ZZUnitStandard_id:584
*,2163,Y,Core,ZZSkillsProgramme:ZZSkillsProgramme_ID:115;ZZUnitStandard:ZZUnitStandard_id:746
*,2164,Y,Core,ZZSkillsProgramme:ZZSkillsProgramme_ID:115;ZZUnitStandard:ZZUnitStandard_id:744
*,2165,Y,Core,ZZSkillsProgramme:ZZSkillsProgramme_ID:115;ZZUnitStandard:ZZUnitStandard_id:745
*,2166,Y,Core,ZZSkillsProgramme:ZZSkillsProgramme_ID:115;ZZUnitStandard:ZZUnitStandard_id:426
*,2167,Y,Core,ZZSkillsProgramme:ZZSkillsProgramme_ID:115;ZZUnitStandard:ZZUnitStandard_id:425
*,2168,Y,Elective,ZZSkillsProgramme:ZZSkillsProgramme_ID:115;ZZUnitStandard:ZZUnitStandard_id:82
*,2169,Y,Elective,ZZSkillsProgramme:ZZSkillsProgramme_ID:115;ZZUnitStandard:ZZUnitStandard_id:542
*,2170,Y,Elective,ZZSkillsProgramme:ZZSkillsProgramme_ID:115;ZZUnitStandard:ZZUnitStandard_id:565
*,2171,Y,Elective,ZZSkillsProgramme:ZZSkillsProgramme_ID:115;ZZUnitStandard:ZZUnitStandard_id:544
*,2172,Y,Elective,ZZSkillsProgramme:ZZSkillsProgramme_ID:115;ZZUnitStandard:ZZUnitStandard_id:580
*,2173,Y,Core,ZZSkillsProgramme:ZZSkillsProgramme_ID:115;ZZUnitStandard:ZZUnitStandard_id:543
*,2174,Y,Elective,ZZSkillsProgramme:ZZSkillsProgramme_ID:115;ZZUnitStandard:ZZUnitStandard_id:546
*,2175,Y,Elective,ZZSkillsProgramme:ZZSkillsProgramme_ID:115;ZZUnitStandard:ZZUnitStandard_id:704
*,2176,Y,Elective,ZZSkillsProgramme:ZZSkillsProgramme_ID:115;ZZUnitStandard:ZZUnitStandard_id:80
*,2177,Y,Elective,ZZSkillsProgramme:ZZSkillsProgramme_ID:115;ZZUnitStandard:ZZUnitStandard_id:81
*,2178,Y,Core,ZZSkillsProgramme:ZZSkillsProgramme_ID:115;ZZUnitStandard:ZZUnitStandard_id:637
*,2179,Y,Elective,ZZSkillsProgramme:ZZSkillsProgramme_ID:115;ZZUnitStandard:ZZUnitStandard_id:28
*,2180,Y,Elective,ZZSkillsProgramme:ZZSkillsProgramme_ID:115;ZZUnitStandard:ZZUnitStandard_id:541
*,2181,Y,Elective,ZZSkillsProgramme:ZZSkillsProgramme_ID:115;ZZUnitStandard:ZZUnitStandard_id:566
*,2182,Y,Core,ZZSkillsProgramme:ZZSkillsProgramme_ID:115;ZZUnitStandard:ZZUnitStandard_id:557
*,2183,Y,Core,ZZSkillsProgramme:ZZSkillsProgramme_ID:115;ZZUnitStandard:ZZUnitStandard_id:576
*,2184,Y,Core,ZZSkillsProgramme:ZZSkillsProgramme_ID:116;ZZUnitStandard:ZZUnitStandard_id:355
*,2185,Y,Elective,ZZSkillsProgramme:ZZSkillsProgramme_ID:116;ZZUnitStandard:ZZUnitStandard_id:82
*,2186,Y,Elective,ZZSkillsProgramme:ZZSkillsProgramme_ID:116;ZZUnitStandard:ZZUnitStandard_id:542
*,2187,Y,Elective,ZZSkillsProgramme:ZZSkillsProgramme_ID:116;ZZUnitStandard:ZZUnitStandard_id:565
*,2188,Y,Elective,ZZSkillsProgramme:ZZSkillsProgramme_ID:116;ZZUnitStandard:ZZUnitStandard_id:544
*,2189,Y,Elective,ZZSkillsProgramme:ZZSkillsProgramme_ID:116;ZZUnitStandard:ZZUnitStandard_id:2043
*,2190,Y,Core,ZZSkillsProgramme:ZZSkillsProgramme_ID:116;ZZUnitStandard:ZZUnitStandard_id:829
*,2191,Y,Elective,ZZSkillsProgramme:ZZSkillsProgramme_ID:116;ZZUnitStandard:ZZUnitStandard_id:594
*,2192,Y,Elective,ZZSkillsProgramme:ZZSkillsProgramme_ID:116;ZZUnitStandard:ZZUnitStandard_id:704
*,2193,Y,Elective,ZZSkillsProgramme:ZZSkillsProgramme_ID:116;ZZUnitStandard:ZZUnitStandard_id:80
*,2194,Y,Elective,ZZSkillsProgramme:ZZSkillsProgramme_ID:116;ZZUnitStandard:ZZUnitStandard_id:87
*,2195,Y,Core,ZZSkillsProgramme:ZZSkillsProgramme_ID:116;ZZUnitStandard:ZZUnitStandard_id:88
*,2196,Y,Elective,ZZSkillsProgramme:ZZSkillsProgramme_ID:116;ZZUnitStandard:ZZUnitStandard_id:541
*,2197,Y,Elective,ZZSkillsProgramme:ZZSkillsProgramme_ID:116;ZZUnitStandard:ZZUnitStandard_id:566
*,2198,Y,Elective,ZZSkillsProgramme:ZZSkillsProgramme_ID:116;ZZUnitStandard:ZZUnitStandard_id:557
*,2199,Y,Core,ZZSkillsProgramme:ZZSkillsProgramme_ID:117;ZZUnitStandard:ZZUnitStandard_id:355
*,2200,Y,Elective,ZZSkillsProgramme:ZZSkillsProgramme_ID:117;ZZUnitStandard:ZZUnitStandard_id:82
*,2201,Y,Elective,ZZSkillsProgramme:ZZSkillsProgramme_ID:117;ZZUnitStandard:ZZUnitStandard_id:542
*,2202,Y,Elective,ZZSkillsProgramme:ZZSkillsProgramme_ID:117;ZZUnitStandard:ZZUnitStandard_id:565
*,2203,Y,Elective,ZZSkillsProgramme:ZZSkillsProgramme_ID:117;ZZUnitStandard:ZZUnitStandard_id:544
*,2204,Y,Core,ZZSkillsProgramme:ZZSkillsProgramme_ID:117;ZZUnitStandard:ZZUnitStandard_id:829
*,2205,Y,Elective,ZZSkillsProgramme:ZZSkillsProgramme_ID:117;ZZUnitStandard:ZZUnitStandard_id:594
*,2206,Y,Elective,ZZSkillsProgramme:ZZSkillsProgramme_ID:117;ZZUnitStandard:ZZUnitStandard_id:80
*,2207,Y,Core,ZZSkillsProgramme:ZZSkillsProgramme_ID:117;ZZUnitStandard:ZZUnitStandard_id:87
*,2208,Y,Core,ZZSkillsProgramme:ZZSkillsProgramme_ID:117;ZZUnitStandard:ZZUnitStandard_id:88
*,2209,Y,Elective,ZZSkillsProgramme:ZZSkillsProgramme_ID:117;ZZUnitStandard:ZZUnitStandard_id:541
*,2210,Y,Elective,ZZSkillsProgramme:ZZSkillsProgramme_ID:117;ZZUnitStandard:ZZUnitStandard_id:566
*,2211,Y,Elective,ZZSkillsProgramme:ZZSkillsProgramme_ID:117;ZZUnitStandard:ZZUnitStandard_id:557
*,2212,Y,Core,ZZSkillsProgramme:ZZSkillsProgramme_ID:118;ZZUnitStandard:ZZUnitStandard_id:355
*,2213,Y,Elective,ZZSkillsProgramme:ZZSkillsProgramme_ID:118;ZZUnitStandard:ZZUnitStandard_id:82
*,2214,Y,Elective,ZZSkillsProgramme:ZZSkillsProgramme_ID:118;ZZUnitStandard:ZZUnitStandard_id:542
*,2215,Y,Elective,ZZSkillsProgramme:ZZSkillsProgramme_ID:118;ZZUnitStandard:ZZUnitStandard_id:544
*,2216,Y,Elective,ZZSkillsProgramme:ZZSkillsProgramme_ID:118;ZZUnitStandard:ZZUnitStandard_id:2043
*,2217,Y,Core,ZZSkillsProgramme:ZZSkillsProgramme_ID:118;ZZUnitStandard:ZZUnitStandard_id:829
*,2218,Y,Elective,ZZSkillsProgramme:ZZSkillsProgramme_ID:118;ZZUnitStandard:ZZUnitStandard_id:594
*,2219,Y,Elective,ZZSkillsProgramme:ZZSkillsProgramme_ID:118;ZZUnitStandard:ZZUnitStandard_id:704
*,2220,Y,Elective,ZZSkillsProgramme:ZZSkillsProgramme_ID:118;ZZUnitStandard:ZZUnitStandard_id:80
*,2221,Y,Elective,ZZSkillsProgramme:ZZSkillsProgramme_ID:118;ZZUnitStandard:ZZUnitStandard_id:87
*,2222,Y,Core,ZZSkillsProgramme:ZZSkillsProgramme_ID:118;ZZUnitStandard:ZZUnitStandard_id:88
*,2223,Y,Elective,ZZSkillsProgramme:ZZSkillsProgramme_ID:118;ZZUnitStandard:ZZUnitStandard_id:541
*,2224,Y,Elective,ZZSkillsProgramme:ZZSkillsProgramme_ID:118;ZZUnitStandard:ZZUnitStandard_id:566
*,2225,Y,Elective,ZZSkillsProgramme:ZZSkillsProgramme_ID:118;ZZUnitStandard:ZZUnitStandard_id:557
*,2226,Y,Elective,ZZSkillsProgramme:ZZSkillsProgramme_ID:119;ZZUnitStandard:ZZUnitStandard_id:582
*,2227,Y,Elective,ZZSkillsProgramme:ZZSkillsProgramme_ID:119;ZZUnitStandard:ZZUnitStandard_id:585
*,2228,Y,Elective,ZZSkillsProgramme:ZZSkillsProgramme_ID:119;ZZUnitStandard:ZZUnitStandard_id:584
*,2229,Y,Elective,ZZSkillsProgramme:ZZSkillsProgramme_ID:119;ZZUnitStandard:ZZUnitStandard_id:82
*,2230,Y,Elective,ZZSkillsProgramme:ZZSkillsProgramme_ID:119;ZZUnitStandard:ZZUnitStandard_id:542
*,2231,Y,Elective,ZZSkillsProgramme:ZZSkillsProgramme_ID:119;ZZUnitStandard:ZZUnitStandard_id:565
*,2232,Y,Elective,ZZSkillsProgramme:ZZSkillsProgramme_ID:119;ZZUnitStandard:ZZUnitStandard_id:544
*,2233,Y,Elective,ZZSkillsProgramme:ZZSkillsProgramme_ID:119;ZZUnitStandard:ZZUnitStandard_id:704
*,2234,Y,Elective,ZZSkillsProgramme:ZZSkillsProgramme_ID:119;ZZUnitStandard:ZZUnitStandard_id:80
*,2235,Y,Elective,ZZSkillsProgramme:ZZSkillsProgramme_ID:119;ZZUnitStandard:ZZUnitStandard_id:81
*,2236,Y,Core,ZZSkillsProgramme:ZZSkillsProgramme_ID:119;ZZUnitStandard:ZZUnitStandard_id:637
*,2237,Y,Elective,ZZSkillsProgramme:ZZSkillsProgramme_ID:119;ZZUnitStandard:ZZUnitStandard_id:28
*,2238,Y,Elective,ZZSkillsProgramme:ZZSkillsProgramme_ID:119;ZZUnitStandard:ZZUnitStandard_id:541
*,2239,Y,Elective,ZZSkillsProgramme:ZZSkillsProgramme_ID:119;ZZUnitStandard:ZZUnitStandard_id:566
*,2240,Y,Core,ZZSkillsProgramme:ZZSkillsProgramme_ID:119;ZZUnitStandard:ZZUnitStandard_id:557
*,2241,Y,Core,ZZSkillsProgramme:ZZSkillsProgramme_ID:119;ZZUnitStandard:ZZUnitStandard_id:576
*,2242,Y,Elective,ZZSkillsProgramme:ZZSkillsProgramme_ID:120;ZZUnitStandard:ZZUnitStandard_id:582
*,2243,Y,Elective,ZZSkillsProgramme:ZZSkillsProgramme_ID:120;ZZUnitStandard:ZZUnitStandard_id:82
*,2244,Y,Core,ZZSkillsProgramme:ZZSkillsProgramme_ID:120;ZZUnitStandard:ZZUnitStandard_id:637
*,2245,Y,Elective,ZZSkillsProgramme:ZZSkillsProgramme_ID:120;ZZUnitStandard:ZZUnitStandard_id:28
*,2246,Y,Elective,ZZSkillsProgramme:ZZSkillsProgramme_ID:120;ZZUnitStandard:ZZUnitStandard_id:541
*,2247,Y,Core,ZZSkillsProgramme:ZZSkillsProgramme_ID:120;ZZUnitStandard:ZZUnitStandard_id:557
*,2248,Y,Core,ZZSkillsProgramme:ZZSkillsProgramme_ID:121;ZZUnitStandard:ZZUnitStandard_id:355
*,2249,Y,Core,ZZSkillsProgramme:ZZSkillsProgramme_ID:121;ZZUnitStandard:ZZUnitStandard_id:922
*,2250,Y,Core,ZZSkillsProgramme:ZZSkillsProgramme_ID:121;ZZUnitStandard:ZZUnitStandard_id:930
*,2251,Y,Core,ZZSkillsProgramme:ZZSkillsProgramme_ID:121;ZZUnitStandard:ZZUnitStandard_id:85
*,2252,Y,Core,ZZSkillsProgramme:ZZSkillsProgramme_ID:121;ZZUnitStandard:ZZUnitStandard_id:86
*,2253,Y,Core,ZZSkillsProgramme:ZZSkillsProgramme_ID:121;ZZUnitStandard:ZZUnitStandard_id:88
*,2254,Y,Core,ZZSkillsProgramme:ZZSkillsProgramme_ID:121;ZZUnitStandard:ZZUnitStandard_id:84
*,2255,Y,Core,ZZSkillsProgramme:ZZSkillsProgramme_ID:121;ZZUnitStandard:ZZUnitStandard_id:354
*,2256,Y,Core,ZZSkillsProgramme:ZZSkillsProgramme_ID:121;ZZUnitStandard:ZZUnitStandard_id:89
*,2257,Y,Core,ZZSkillsProgramme:ZZSkillsProgramme_ID:123;ZZUnitStandard:ZZUnitStandard_id:410
*,2258,Y,Core,ZZSkillsProgramme:ZZSkillsProgramme_ID:123;ZZUnitStandard:ZZUnitStandard_id:1232
*,2259,Y,Core,ZZSkillsProgramme:ZZSkillsProgramme_ID:123;ZZUnitStandard:ZZUnitStandard_id:525
*,2260,Y,Elective,ZZSkillsProgramme:ZZSkillsProgramme_ID:123;ZZUnitStandard:ZZUnitStandard_id:1034
*,2261,Y,Core,ZZSkillsProgramme:ZZSkillsProgramme_ID:123;ZZUnitStandard:ZZUnitStandard_id:530
*,2262,Y,Core,ZZSkillsProgramme:ZZSkillsProgramme_ID:123;ZZUnitStandard:ZZUnitStandard_id:93
*,2263,Y,Core,ZZSkillsProgramme:ZZSkillsProgramme_ID:123;ZZUnitStandard:ZZUnitStandard_id:101
*,2264,Y,Elective,ZZSkillsProgramme:ZZSkillsProgramme_ID:124;ZZUnitStandard:ZZUnitStandard_id:581
*,2265,Y,Elective,ZZSkillsProgramme:ZZSkillsProgramme_ID:124;ZZUnitStandard:ZZUnitStandard_id:745
*,2266,Y,Elective,ZZSkillsProgramme:ZZSkillsProgramme_ID:124;ZZUnitStandard:ZZUnitStandard_id:819
*,2267,Y,Core,ZZSkillsProgramme:ZZSkillsProgramme_ID:124;ZZUnitStandard:ZZUnitStandard_id:902
*,2268,Y,Core,ZZSkillsProgramme:ZZSkillsProgramme_ID:124;ZZUnitStandard:ZZUnitStandard_id:355
*,2269,Y,Core,ZZSkillsProgramme:ZZSkillsProgramme_ID:124;ZZUnitStandard:ZZUnitStandard_id:940
*,2270,Y,Elective,ZZSkillsProgramme:ZZSkillsProgramme_ID:124;ZZUnitStandard:ZZUnitStandard_id:82
*,2271,Y,Elective,ZZSkillsProgramme:ZZSkillsProgramme_ID:124;ZZUnitStandard:ZZUnitStandard_id:1299
*,2272,Y,Elective,ZZSkillsProgramme:ZZSkillsProgramme_ID:124;ZZUnitStandard:ZZUnitStandard_id:1300
*,2273,Y,Elective,ZZSkillsProgramme:ZZSkillsProgramme_ID:124;ZZUnitStandard:ZZUnitStandard_id:542
*,2274,Y,Elective,ZZSkillsProgramme:ZZSkillsProgramme_ID:124;ZZUnitStandard:ZZUnitStandard_id:565
*,2275,Y,Elective,ZZSkillsProgramme:ZZSkillsProgramme_ID:124;ZZUnitStandard:ZZUnitStandard_id:544
*,2276,Y,Elective,ZZSkillsProgramme:ZZSkillsProgramme_ID:124;ZZUnitStandard:ZZUnitStandard_id:580
*,2277,Y,Elective,ZZSkillsProgramme:ZZSkillsProgramme_ID:124;ZZUnitStandard:ZZUnitStandard_id:594
*,2278,Y,Elective,ZZSkillsProgramme:ZZSkillsProgramme_ID:124;ZZUnitStandard:ZZUnitStandard_id:704
*,2279,Y,Elective,ZZSkillsProgramme:ZZSkillsProgramme_ID:124;ZZUnitStandard:ZZUnitStandard_id:80
*,2280,Y,Elective,ZZSkillsProgramme:ZZSkillsProgramme_ID:124;ZZUnitStandard:ZZUnitStandard_id:87
*,2281,Y,Core,ZZSkillsProgramme:ZZSkillsProgramme_ID:124;ZZUnitStandard:ZZUnitStandard_id:88
*,2282,Y,Core,ZZSkillsProgramme:ZZSkillsProgramme_ID:124;ZZUnitStandard:ZZUnitStandard_id:349
*,2283,Y,Elective,ZZSkillsProgramme:ZZSkillsProgramme_ID:124;ZZUnitStandard:ZZUnitStandard_id:541
*,2284,Y,Elective,ZZSkillsProgramme:ZZSkillsProgramme_ID:124;ZZUnitStandard:ZZUnitStandard_id:566
*,2285,Y,Elective,ZZSkillsProgramme:ZZSkillsProgramme_ID:124;ZZUnitStandard:ZZUnitStandard_id:557
*,2286,Y,Core,ZZSkillsProgramme:ZZSkillsProgramme_ID:124;ZZUnitStandard:ZZUnitStandard_id:11
*,2287,Y,Elective,ZZSkillsProgramme:ZZSkillsProgramme_ID:125;ZZUnitStandard:ZZUnitStandard_id:581
*,2288,Y,Elective,ZZSkillsProgramme:ZZSkillsProgramme_ID:125;ZZUnitStandard:ZZUnitStandard_id:745
*,2289,Y,Elective,ZZSkillsProgramme:ZZSkillsProgramme_ID:125;ZZUnitStandard:ZZUnitStandard_id:819
*,2290,Y,Core,ZZSkillsProgramme:ZZSkillsProgramme_ID:125;ZZUnitStandard:ZZUnitStandard_id:902
*,2291,Y,Core,ZZSkillsProgramme:ZZSkillsProgramme_ID:125;ZZUnitStandard:ZZUnitStandard_id:355
*,2292,Y,Core,ZZSkillsProgramme:ZZSkillsProgramme_ID:125;ZZUnitStandard:ZZUnitStandard_id:940
*,2293,Y,Elective,ZZSkillsProgramme:ZZSkillsProgramme_ID:125;ZZUnitStandard:ZZUnitStandard_id:82
*,2294,Y,Elective,ZZSkillsProgramme:ZZSkillsProgramme_ID:125;ZZUnitStandard:ZZUnitStandard_id:1299
*,2295,Y,Elective,ZZSkillsProgramme:ZZSkillsProgramme_ID:125;ZZUnitStandard:ZZUnitStandard_id:1300
*,2296,Y,Elective,ZZSkillsProgramme:ZZSkillsProgramme_ID:125;ZZUnitStandard:ZZUnitStandard_id:542
*,2297,Y,Elective,ZZSkillsProgramme:ZZSkillsProgramme_ID:125;ZZUnitStandard:ZZUnitStandard_id:565
*,2298,Y,Elective,ZZSkillsProgramme:ZZSkillsProgramme_ID:125;ZZUnitStandard:ZZUnitStandard_id:544
*,2299,Y,Elective,ZZSkillsProgramme:ZZSkillsProgramme_ID:125;ZZUnitStandard:ZZUnitStandard_id:580
*,2300,Y,Elective,ZZSkillsProgramme:ZZSkillsProgramme_ID:125;ZZUnitStandard:ZZUnitStandard_id:594
*,2301,Y,Elective,ZZSkillsProgramme:ZZSkillsProgramme_ID:125;ZZUnitStandard:ZZUnitStandard_id:704
*,2302,Y,Elective,ZZSkillsProgramme:ZZSkillsProgramme_ID:125;ZZUnitStandard:ZZUnitStandard_id:80
*,2303,Y,Elective,ZZSkillsProgramme:ZZSkillsProgramme_ID:125;ZZUnitStandard:ZZUnitStandard_id:87
*,2304,Y,Core,ZZSkillsProgramme:ZZSkillsProgramme_ID:125;ZZUnitStandard:ZZUnitStandard_id:88
*,2305,Y,Core,ZZSkillsProgramme:ZZSkillsProgramme_ID:125;ZZUnitStandard:ZZUnitStandard_id:349
*,2306,Y,Elective,ZZSkillsProgramme:ZZSkillsProgramme_ID:125;ZZUnitStandard:ZZUnitStandard_id:541
*,2307,Y,Elective,ZZSkillsProgramme:ZZSkillsProgramme_ID:125;ZZUnitStandard:ZZUnitStandard_id:566
*,2308,Y,Elective,ZZSkillsProgramme:ZZSkillsProgramme_ID:125;ZZUnitStandard:ZZUnitStandard_id:557
*,2309,Y,Core,ZZSkillsProgramme:ZZSkillsProgramme_ID:125;ZZUnitStandard:ZZUnitStandard_id:11
*,2310,Y,Elective,ZZSkillsProgramme:ZZSkillsProgramme_ID:126;ZZUnitStandard:ZZUnitStandard_id:581
*,2311,Y,Elective,ZZSkillsProgramme:ZZSkillsProgramme_ID:126;ZZUnitStandard:ZZUnitStandard_id:745
*,2312,Y,Elective,ZZSkillsProgramme:ZZSkillsProgramme_ID:126;ZZUnitStandard:ZZUnitStandard_id:819
*,2313,Y,Core,ZZSkillsProgramme:ZZSkillsProgramme_ID:126;ZZUnitStandard:ZZUnitStandard_id:902
*,2314,Y,Core,ZZSkillsProgramme:ZZSkillsProgramme_ID:126;ZZUnitStandard:ZZUnitStandard_id:355
*,2315,Y,Core,ZZSkillsProgramme:ZZSkillsProgramme_ID:126;ZZUnitStandard:ZZUnitStandard_id:940
*,2316,Y,Elective,ZZSkillsProgramme:ZZSkillsProgramme_ID:126;ZZUnitStandard:ZZUnitStandard_id:82
*,2317,Y,Elective,ZZSkillsProgramme:ZZSkillsProgramme_ID:126;ZZUnitStandard:ZZUnitStandard_id:1299
*,2318,Y,Elective,ZZSkillsProgramme:ZZSkillsProgramme_ID:126;ZZUnitStandard:ZZUnitStandard_id:1300
*,2319,Y,Elective,ZZSkillsProgramme:ZZSkillsProgramme_ID:126;ZZUnitStandard:ZZUnitStandard_id:542
*,2320,Y,Elective,ZZSkillsProgramme:ZZSkillsProgramme_ID:126;ZZUnitStandard:ZZUnitStandard_id:565
*,2321,Y,Elective,ZZSkillsProgramme:ZZSkillsProgramme_ID:126;ZZUnitStandard:ZZUnitStandard_id:544
*,2322,Y,Elective,ZZSkillsProgramme:ZZSkillsProgramme_ID:126;ZZUnitStandard:ZZUnitStandard_id:580
*,2323,Y,Elective,ZZSkillsProgramme:ZZSkillsProgramme_ID:126;ZZUnitStandard:ZZUnitStandard_id:594
*,2324,Y,Elective,ZZSkillsProgramme:ZZSkillsProgramme_ID:126;ZZUnitStandard:ZZUnitStandard_id:704
*,2325,Y,Elective,ZZSkillsProgramme:ZZSkillsProgramme_ID:126;ZZUnitStandard:ZZUnitStandard_id:80
*,2326,Y,Elective,ZZSkillsProgramme:ZZSkillsProgramme_ID:126;ZZUnitStandard:ZZUnitStandard_id:87
*,2327,Y,Core,ZZSkillsProgramme:ZZSkillsProgramme_ID:126;ZZUnitStandard:ZZUnitStandard_id:88
*,2328,Y,Elective,ZZSkillsProgramme:ZZSkillsProgramme_ID:126;ZZUnitStandard:ZZUnitStandard_id:541
*,2329,Y,Elective,ZZSkillsProgramme:ZZSkillsProgramme_ID:126;ZZUnitStandard:ZZUnitStandard_id:566
*,2330,Y,Elective,ZZSkillsProgramme:ZZSkillsProgramme_ID:126;ZZUnitStandard:ZZUnitStandard_id:557
*,2331,Y,Core,ZZSkillsProgramme:ZZSkillsProgramme_ID:126;ZZUnitStandard:ZZUnitStandard_id:9
*,2332,Y,Elective,ZZSkillsProgramme:ZZSkillsProgramme_ID:127;ZZUnitStandard:ZZUnitStandard_id:516
*,2333,Y,Elective,ZZSkillsProgramme:ZZSkillsProgramme_ID:127;ZZUnitStandard:ZZUnitStandard_id:73
*,2334,Y,Elective,ZZSkillsProgramme:ZZSkillsProgramme_ID:127;ZZUnitStandard:ZZUnitStandard_id:783
*,2335,Y,Elective,ZZSkillsProgramme:ZZSkillsProgramme_ID:127;ZZUnitStandard:ZZUnitStandard_id:976
*,2336,Y,Elective,ZZSkillsProgramme:ZZSkillsProgramme_ID:127;ZZUnitStandard:ZZUnitStandard_id:1399
*,2337,Y,Elective,ZZSkillsProgramme:ZZSkillsProgramme_ID:127;ZZUnitStandard:ZZUnitStandard_id:930
*,2338,Y,Elective,ZZSkillsProgramme:ZZSkillsProgramme_ID:127;ZZUnitStandard:ZZUnitStandard_id:974
*,2339,Y,Elective,ZZSkillsProgramme:ZZSkillsProgramme_ID:127;ZZUnitStandard:ZZUnitStandard_id:972
*,2340,Y,Core,ZZSkillsProgramme:ZZSkillsProgramme_ID:127;ZZUnitStandard:ZZUnitStandard_id:905
*,2341,Y,Elective,ZZSkillsProgramme:ZZSkillsProgramme_ID:127;ZZUnitStandard:ZZUnitStandard_id:965
*,2342,Y,Elective,ZZSkillsProgramme:ZZSkillsProgramme_ID:127;ZZUnitStandard:ZZUnitStandard_id:970
*,2343,Y,Elective,ZZSkillsProgramme:ZZSkillsProgramme_ID:127;ZZUnitStandard:ZZUnitStandard_id:1303
*,2344,Y,Core,ZZSkillsProgramme:ZZSkillsProgramme_ID:127;ZZUnitStandard:ZZUnitStandard_id:971
*,2345,Y,Core,ZZSkillsProgramme:ZZSkillsProgramme_ID:127;ZZUnitStandard:ZZUnitStandard_id:490
*,2346,Y,Elective,ZZSkillsProgramme:ZZSkillsProgramme_ID:127;ZZUnitStandard:ZZUnitStandard_id:630
*,2347,Y,Elective,ZZSkillsProgramme:ZZSkillsProgramme_ID:127;ZZUnitStandard:ZZUnitStandard_id:659
*,2348,Y,Elective,ZZSkillsProgramme:ZZSkillsProgramme_ID:127;ZZUnitStandard:ZZUnitStandard_id:632
*,2349,Y,Core,ZZSkillsProgramme:ZZSkillsProgramme_ID:127;ZZUnitStandard:ZZUnitStandard_id:633
*,2350,Y,Elective,ZZSkillsProgramme:ZZSkillsProgramme_ID:127;ZZUnitStandard:ZZUnitStandard_id:631
*,2351,Y,Elective,ZZSkillsProgramme:ZZSkillsProgramme_ID:127;ZZUnitStandard:ZZUnitStandard_id:568
*,2352,Y,Elective,ZZSkillsProgramme:ZZSkillsProgramme_ID:127;ZZUnitStandard:ZZUnitStandard_id:969
*,2353,Y,Core,ZZSkillsProgramme:ZZSkillsProgramme_ID:127;ZZUnitStandard:ZZUnitStandard_id:636
*,2354,Y,Fundamental,ZZSkillsProgramme:ZZSkillsProgramme_ID:127;ZZUnitStandard:ZZUnitStandard_id:1195
*,2355,Y,Fundamental,ZZSkillsProgramme:ZZSkillsProgramme_ID:127;ZZUnitStandard:ZZUnitStandard_id:1095
*,2356,Y,Fundamental,ZZSkillsProgramme:ZZSkillsProgramme_ID:127;ZZUnitStandard:ZZUnitStandard_id:1096
*,2357,Y,Fundamental,ZZSkillsProgramme:ZZSkillsProgramme_ID:127;ZZUnitStandard:ZZUnitStandard_id:1098
*,2358,Y,Elective,ZZSkillsProgramme:ZZSkillsProgramme_ID:127;ZZUnitStandard:ZZUnitStandard_id:1109
*,2359,Y,Elective,ZZSkillsProgramme:ZZSkillsProgramme_ID:127;ZZUnitStandard:ZZUnitStandard_id:628
*,2360,Y,Fundamental,ZZSkillsProgramme:ZZSkillsProgramme_ID:127;ZZUnitStandard:ZZUnitStandard_id:1100
*,2361,Y,Fundamental,ZZSkillsProgramme:ZZSkillsProgramme_ID:127;ZZUnitStandard:ZZUnitStandard_id:1101
*,2362,Y,Fundamental,ZZSkillsProgramme:ZZSkillsProgramme_ID:127;ZZUnitStandard:ZZUnitStandard_id:1102
*,2363,Y,Fundamental,ZZSkillsProgramme:ZZSkillsProgramme_ID:127;ZZUnitStandard:ZZUnitStandard_id:1103
*,2364,Y,Fundamental,ZZSkillsProgramme:ZZSkillsProgramme_ID:127;ZZUnitStandard:ZZUnitStandard_id:1105
*,2365,Y,Fundamental,ZZSkillsProgramme:ZZSkillsProgramme_ID:127;ZZUnitStandard:ZZUnitStandard_id:1104
*,2366,Y,Elective,ZZSkillsProgramme:ZZSkillsProgramme_ID:127;ZZUnitStandard:ZZUnitStandard_id:1106
*,2367,Y,Elective,ZZSkillsProgramme:ZZSkillsProgramme_ID:127;ZZUnitStandard:ZZUnitStandard_id:1107
*,2368,Y,Elective,ZZSkillsProgramme:ZZSkillsProgramme_ID:127;ZZUnitStandard:ZZUnitStandard_id:1951
*,2369,Y,Elective,ZZSkillsProgramme:ZZSkillsProgramme_ID:127;ZZUnitStandard:ZZUnitStandard_id:1110
*,2370,Y,Elective,ZZSkillsProgramme:ZZSkillsProgramme_ID:127;ZZUnitStandard:ZZUnitStandard_id:1433
*,2371,Y,Elective,ZZSkillsProgramme:ZZSkillsProgramme_ID:127;ZZUnitStandard:ZZUnitStandard_id:2158
*,2372,Y,Elective,ZZSkillsProgramme:ZZSkillsProgramme_ID:127;ZZUnitStandard:ZZUnitStandard_id:2157
*,2373,Y,Elective,ZZSkillsProgramme:ZZSkillsProgramme_ID:127;ZZUnitStandard:ZZUnitStandard_id:556
*,2374,Y,Elective,ZZSkillsProgramme:ZZSkillsProgramme_ID:127;ZZUnitStandard:ZZUnitStandard_id:75
*,2375,Y,Elective,ZZSkillsProgramme:ZZSkillsProgramme_ID:127;ZZUnitStandard:ZZUnitStandard_id:966
*,2376,Y,Core,ZZSkillsProgramme:ZZSkillsProgramme_ID:127;ZZUnitStandard:ZZUnitStandard_id:29
*,2377,Y,Core,ZZSkillsProgramme:ZZSkillsProgramme_ID:127;ZZUnitStandard:ZZUnitStandard_id:967
*,2378,Y,Elective,ZZSkillsProgramme:ZZSkillsProgramme_ID:127;ZZUnitStandard:ZZUnitStandard_id:968
*,2379,Y,Elective,ZZSkillsProgramme:ZZSkillsProgramme_ID:128;ZZUnitStandard:ZZUnitStandard_id:515
*,2380,Y,Elective,ZZSkillsProgramme:ZZSkillsProgramme_ID:128;ZZUnitStandard:ZZUnitStandard_id:516
*,2381,Y,Elective,ZZSkillsProgramme:ZZSkillsProgramme_ID:128;ZZUnitStandard:ZZUnitStandard_id:581
*,2382,Y,Elective,ZZSkillsProgramme:ZZSkillsProgramme_ID:128;ZZUnitStandard:ZZUnitStandard_id:582
*,2383,Y,Elective,ZZSkillsProgramme:ZZSkillsProgramme_ID:128;ZZUnitStandard:ZZUnitStandard_id:585
*,2384,Y,Elective,ZZSkillsProgramme:ZZSkillsProgramme_ID:128;ZZUnitStandard:ZZUnitStandard_id:584
*,2385,Y,Elective,ZZSkillsProgramme:ZZSkillsProgramme_ID:128;ZZUnitStandard:ZZUnitStandard_id:356
*,2386,Y,Elective,ZZSkillsProgramme:ZZSkillsProgramme_ID:128;ZZUnitStandard:ZZUnitStandard_id:367
*,2387,Y,Elective,ZZSkillsProgramme:ZZSkillsProgramme_ID:128;ZZUnitStandard:ZZUnitStandard_id:73
*,2388,Y,Elective,ZZSkillsProgramme:ZZSkillsProgramme_ID:128;ZZUnitStandard:ZZUnitStandard_id:2025
*,2389,Y,Elective,ZZSkillsProgramme:ZZSkillsProgramme_ID:128;ZZUnitStandard:ZZUnitStandard_id:260
*,2390,Y,Elective,ZZSkillsProgramme:ZZSkillsProgramme_ID:128;ZZUnitStandard:ZZUnitStandard_id:264
*,2391,Y,Elective,ZZSkillsProgramme:ZZSkillsProgramme_ID:128;ZZUnitStandard:ZZUnitStandard_id:247
*,2392,Y,Elective,ZZSkillsProgramme:ZZSkillsProgramme_ID:128;ZZUnitStandard:ZZUnitStandard_id:282
*,2393,Y,Core,ZZSkillsProgramme:ZZSkillsProgramme_ID:128;ZZUnitStandard:ZZUnitStandard_id:746
*,2394,Y,Core,ZZSkillsProgramme:ZZSkillsProgramme_ID:128;ZZUnitStandard:ZZUnitStandard_id:744
*,2395,Y,Elective,ZZSkillsProgramme:ZZSkillsProgramme_ID:128;ZZUnitStandard:ZZUnitStandard_id:745
*,2396,Y,Elective,ZZSkillsProgramme:ZZSkillsProgramme_ID:128;ZZUnitStandard:ZZUnitStandard_id:784
*,2397,Y,Elective,ZZSkillsProgramme:ZZSkillsProgramme_ID:128;ZZUnitStandard:ZZUnitStandard_id:2099
*,2398,Y,Core,ZZSkillsProgramme:ZZSkillsProgramme_ID:128;ZZUnitStandard:ZZUnitStandard_id:2632
*,2399,Y,Core,ZZSkillsProgramme:ZZSkillsProgramme_ID:128;ZZUnitStandard:ZZUnitStandard_id:920
*,2400,Y,Elective,ZZSkillsProgramme:ZZSkillsProgramme_ID:128;ZZUnitStandard:ZZUnitStandard_id:426
*,2401,Y,Elective,ZZSkillsProgramme:ZZSkillsProgramme_ID:128;ZZUnitStandard:ZZUnitStandard_id:980
*,2402,Y,Elective,ZZSkillsProgramme:ZZSkillsProgramme_ID:128;ZZUnitStandard:ZZUnitStandard_id:945
*,2403,Y,Elective,ZZSkillsProgramme:ZZSkillsProgramme_ID:128;ZZUnitStandard:ZZUnitStandard_id:940
*,2404,Y,Elective,ZZSkillsProgramme:ZZSkillsProgramme_ID:128;ZZUnitStandard:ZZUnitStandard_id:82
*,2405,Y,Elective,ZZSkillsProgramme:ZZSkillsProgramme_ID:128;ZZUnitStandard:ZZUnitStandard_id:985
*,2406,Y,Elective,ZZSkillsProgramme:ZZSkillsProgramme_ID:128;ZZUnitStandard:ZZUnitStandard_id:919
*,2407,Y,Elective,ZZSkillsProgramme:ZZSkillsProgramme_ID:128;ZZUnitStandard:ZZUnitStandard_id:1299
*,2408,Y,Elective,ZZSkillsProgramme:ZZSkillsProgramme_ID:128;ZZUnitStandard:ZZUnitStandard_id:1302
*,2409,Y,Core,ZZSkillsProgramme:ZZSkillsProgramme_ID:128;ZZUnitStandard:ZZUnitStandard_id:1300
*,2410,Y,Elective,ZZSkillsProgramme:ZZSkillsProgramme_ID:128;ZZUnitStandard:ZZUnitStandard_id:965
*,2411,Y,Core,ZZSkillsProgramme:ZZSkillsProgramme_ID:128;ZZUnitStandard:ZZUnitStandard_id:973
*,2412,Y,Elective,ZZSkillsProgramme:ZZSkillsProgramme_ID:128;ZZUnitStandard:ZZUnitStandard_id:970
*,2413,Y,Elective,ZZSkillsProgramme:ZZSkillsProgramme_ID:128;ZZUnitStandard:ZZUnitStandard_id:1311
*,2414,Y,Core,ZZSkillsProgramme:ZZSkillsProgramme_ID:128;ZZUnitStandard:ZZUnitStandard_id:1301
*,2415,Y,Elective,ZZSkillsProgramme:ZZSkillsProgramme_ID:128;ZZUnitStandard:ZZUnitStandard_id:490
*,2416,Y,Elective,ZZSkillsProgramme:ZZSkillsProgramme_ID:128;ZZUnitStandard:ZZUnitStandard_id:542
*,2417,Y,Elective,ZZSkillsProgramme:ZZSkillsProgramme_ID:128;ZZUnitStandard:ZZUnitStandard_id:567
*,2418,Y,Elective,ZZSkillsProgramme:ZZSkillsProgramme_ID:128;ZZUnitStandard:ZZUnitStandard_id:565
*,2419,Y,Elective,ZZSkillsProgramme:ZZSkillsProgramme_ID:128;ZZUnitStandard:ZZUnitStandard_id:659
*,2420,Y,Elective,ZZSkillsProgramme:ZZSkillsProgramme_ID:128;ZZUnitStandard:ZZUnitStandard_id:573
*,2421,Y,Elective,ZZSkillsProgramme:ZZSkillsProgramme_ID:128;ZZUnitStandard:ZZUnitStandard_id:583
*,2422,Y,Elective,ZZSkillsProgramme:ZZSkillsProgramme_ID:128;ZZUnitStandard:ZZUnitStandard_id:631
*,2423,Y,Elective,ZZSkillsProgramme:ZZSkillsProgramme_ID:128;ZZUnitStandard:ZZUnitStandard_id:2156
*,2424,Y,Elective,ZZSkillsProgramme:ZZSkillsProgramme_ID:128;ZZUnitStandard:ZZUnitStandard_id:577
*,2425,Y,Elective,ZZSkillsProgramme:ZZSkillsProgramme_ID:128;ZZUnitStandard:ZZUnitStandard_id:574
*,2426,Y,Elective,ZZSkillsProgramme:ZZSkillsProgramme_ID:128;ZZUnitStandard:ZZUnitStandard_id:575
*,2427,Y,Elective,ZZSkillsProgramme:ZZSkillsProgramme_ID:128;ZZUnitStandard:ZZUnitStandard_id:571
*,2428,Y,Elective,ZZSkillsProgramme:ZZSkillsProgramme_ID:128;ZZUnitStandard:ZZUnitStandard_id:547
*,2429,Y,Elective,ZZSkillsProgramme:ZZSkillsProgramme_ID:128;ZZUnitStandard:ZZUnitStandard_id:572
*,2430,Y,Elective,ZZSkillsProgramme:ZZSkillsProgramme_ID:128;ZZUnitStandard:ZZUnitStandard_id:548
*,2431,Y,Elective,ZZSkillsProgramme:ZZSkillsProgramme_ID:128;ZZUnitStandard:ZZUnitStandard_id:568
*,2432,Y,Elective,ZZSkillsProgramme:ZZSkillsProgramme_ID:128;ZZUnitStandard:ZZUnitStandard_id:550
*,2433,Y,Elective,ZZSkillsProgramme:ZZSkillsProgramme_ID:128;ZZUnitStandard:ZZUnitStandard_id:570
*,2434,Y,Elective,ZZSkillsProgramme:ZZSkillsProgramme_ID:128;ZZUnitStandard:ZZUnitStandard_id:545
*,2435,Y,Core,ZZSkillsProgramme:ZZSkillsProgramme_ID:128;ZZUnitStandard:ZZUnitStandard_id:579
*,2436,Y,Elective,ZZSkillsProgramme:ZZSkillsProgramme_ID:128;ZZUnitStandard:ZZUnitStandard_id:969
*,2437,Y,Elective,ZZSkillsProgramme:ZZSkillsProgramme_ID:128;ZZUnitStandard:ZZUnitStandard_id:549
*,2438,Y,Elective,ZZSkillsProgramme:ZZSkillsProgramme_ID:128;ZZUnitStandard:ZZUnitStandard_id:544
*,2439,Y,Elective,ZZSkillsProgramme:ZZSkillsProgramme_ID:128;ZZUnitStandard:ZZUnitStandard_id:580
*,2440,Y,Elective,ZZSkillsProgramme:ZZSkillsProgramme_ID:128;ZZUnitStandard:ZZUnitStandard_id:554
*,2441,Y,Elective,ZZSkillsProgramme:ZZSkillsProgramme_ID:128;ZZUnitStandard:ZZUnitStandard_id:555
*,2442,Y,Elective,ZZSkillsProgramme:ZZSkillsProgramme_ID:128;ZZUnitStandard:ZZUnitStandard_id:551
*,2443,Y,Elective,ZZSkillsProgramme:ZZSkillsProgramme_ID:128;ZZUnitStandard:ZZUnitStandard_id:553
*,2444,Y,Core,ZZSkillsProgramme:ZZSkillsProgramme_ID:128;ZZUnitStandard:ZZUnitStandard_id:635
*,2445,Y,Elective,ZZSkillsProgramme:ZZSkillsProgramme_ID:128;ZZUnitStandard:ZZUnitStandard_id:502
*,2446,Y,Elective,ZZSkillsProgramme:ZZSkillsProgramme_ID:128;ZZUnitStandard:ZZUnitStandard_id:634
*,2447,Y,Fundamental,ZZSkillsProgramme:ZZSkillsProgramme_ID:128;ZZUnitStandard:ZZUnitStandard_id:1158
*,2448,Y,Fundamental,ZZSkillsProgramme:ZZSkillsProgramme_ID:128;ZZUnitStandard:ZZUnitStandard_id:1159
*,2449,Y,Fundamental,ZZSkillsProgramme:ZZSkillsProgramme_ID:128;ZZUnitStandard:ZZUnitStandard_id:1160
*,2450,Y,Fundamental,ZZSkillsProgramme:ZZSkillsProgramme_ID:128;ZZUnitStandard:ZZUnitStandard_id:1662
*,2451,Y,Fundamental,ZZSkillsProgramme:ZZSkillsProgramme_ID:128;ZZUnitStandard:ZZUnitStandard_id:1660
*,2452,Y,Fundamental,ZZSkillsProgramme:ZZSkillsProgramme_ID:128;ZZUnitStandard:ZZUnitStandard_id:1661
*,2453,Y,Fundamental,ZZSkillsProgramme:ZZSkillsProgramme_ID:128;ZZUnitStandard:ZZUnitStandard_id:1663
*,2454,Y,Fundamental,ZZSkillsProgramme:ZZSkillsProgramme_ID:128;ZZUnitStandard:ZZUnitStandard_id:1665
*,2455,Y,Fundamental,ZZSkillsProgramme:ZZSkillsProgramme_ID:128;ZZUnitStandard:ZZUnitStandard_id:1666
*,2456,Y,Fundamental,ZZSkillsProgramme:ZZSkillsProgramme_ID:128;ZZUnitStandard:ZZUnitStandard_id:1657
*,2457,Y,Fundamental,ZZSkillsProgramme:ZZSkillsProgramme_ID:128;ZZUnitStandard:ZZUnitStandard_id:1649
*,2458,Y,Fundamental,ZZSkillsProgramme:ZZSkillsProgramme_ID:128;ZZUnitStandard:ZZUnitStandard_id:1655
*,2459,Y,Fundamental,ZZSkillsProgramme:ZZSkillsProgramme_ID:128;ZZUnitStandard:ZZUnitStandard_id:1648
*,2460,Y,Fundamental,ZZSkillsProgramme:ZZSkillsProgramme_ID:128;ZZUnitStandard:ZZUnitStandard_id:1651
*,2461,Y,Fundamental,ZZSkillsProgramme:ZZSkillsProgramme_ID:128;ZZUnitStandard:ZZUnitStandard_id:1659
*,2462,Y,Fundamental,ZZSkillsProgramme:ZZSkillsProgramme_ID:128;ZZUnitStandard:ZZUnitStandard_id:1653
*,2463,Y,Core,ZZSkillsProgramme:ZZSkillsProgramme_ID:128;ZZUnitStandard:ZZUnitStandard_id:770
*,2464,Y,Core,ZZSkillsProgramme:ZZSkillsProgramme_ID:128;ZZUnitStandard:ZZUnitStandard_id:543
*,2465,Y,Elective,ZZSkillsProgramme:ZZSkillsProgramme_ID:128;ZZUnitStandard:ZZUnitStandard_id:578
*,2466,Y,Elective,ZZSkillsProgramme:ZZSkillsProgramme_ID:128;ZZUnitStandard:ZZUnitStandard_id:546
*,2467,Y,Elective,ZZSkillsProgramme:ZZSkillsProgramme_ID:128;ZZUnitStandard:ZZUnitStandard_id:552
*,2468,Y,Elective,ZZSkillsProgramme:ZZSkillsProgramme_ID:128;ZZUnitStandard:ZZUnitStandard_id:703
*,2469,Y,Elective,ZZSkillsProgramme:ZZSkillsProgramme_ID:128;ZZUnitStandard:ZZUnitStandard_id:704
*,2470,Y,Elective,ZZSkillsProgramme:ZZSkillsProgramme_ID:128;ZZUnitStandard:ZZUnitStandard_id:706
*,2471,Y,Elective,ZZSkillsProgramme:ZZSkillsProgramme_ID:128;ZZUnitStandard:ZZUnitStandard_id:705
*,2472,Y,Elective,ZZSkillsProgramme:ZZSkillsProgramme_ID:128;ZZUnitStandard:ZZUnitStandard_id:556
*,2473,Y,Elective,ZZSkillsProgramme:ZZSkillsProgramme_ID:128;ZZUnitStandard:ZZUnitStandard_id:74
*,2474,Y,Elective,ZZSkillsProgramme:ZZSkillsProgramme_ID:128;ZZUnitStandard:ZZUnitStandard_id:76
*,2475,Y,Elective,ZZSkillsProgramme:ZZSkillsProgramme_ID:128;ZZUnitStandard:ZZUnitStandard_id:77
*,2476,Y,Elective,ZZSkillsProgramme:ZZSkillsProgramme_ID:128;ZZUnitStandard:ZZUnitStandard_id:78
*,2477,Y,Elective,ZZSkillsProgramme:ZZSkillsProgramme_ID:128;ZZUnitStandard:ZZUnitStandard_id:564
*,2478,Y,Elective,ZZSkillsProgramme:ZZSkillsProgramme_ID:128;ZZUnitStandard:ZZUnitStandard_id:79
*,2479,Y,Elective,ZZSkillsProgramme:ZZSkillsProgramme_ID:128;ZZUnitStandard:ZZUnitStandard_id:80
*,2480,Y,Elective,ZZSkillsProgramme:ZZSkillsProgramme_ID:128;ZZUnitStandard:ZZUnitStandard_id:81
*,2481,Y,Elective,ZZSkillsProgramme:ZZSkillsProgramme_ID:128;ZZUnitStandard:ZZUnitStandard_id:2042
*,2482,Y,Elective,ZZSkillsProgramme:ZZSkillsProgramme_ID:128;ZZUnitStandard:ZZUnitStandard_id:654
*,2483,Y,Core,ZZSkillsProgramme:ZZSkillsProgramme_ID:128;ZZUnitStandard:ZZUnitStandard_id:637
*,2484,Y,Elective,ZZSkillsProgramme:ZZSkillsProgramme_ID:128;ZZUnitStandard:ZZUnitStandard_id:558
*,2485,Y,Elective,ZZSkillsProgramme:ZZSkillsProgramme_ID:128;ZZUnitStandard:ZZUnitStandard_id:559
*,2486,Y,Elective,ZZSkillsProgramme:ZZSkillsProgramme_ID:128;ZZUnitStandard:ZZUnitStandard_id:918
*,2487,Y,Elective,ZZSkillsProgramme:ZZSkillsProgramme_ID:128;ZZUnitStandard:ZZUnitStandard_id:560
*,2488,Y,Elective,ZZSkillsProgramme:ZZSkillsProgramme_ID:128;ZZUnitStandard:ZZUnitStandard_id:561
*,2489,Y,Elective,ZZSkillsProgramme:ZZSkillsProgramme_ID:128;ZZUnitStandard:ZZUnitStandard_id:562
*,2490,Y,Elective,ZZSkillsProgramme:ZZSkillsProgramme_ID:128;ZZUnitStandard:ZZUnitStandard_id:27
*,2491,Y,Elective,ZZSkillsProgramme:ZZSkillsProgramme_ID:128;ZZUnitStandard:ZZUnitStandard_id:563
*,2492,Y,Elective,ZZSkillsProgramme:ZZSkillsProgramme_ID:128;ZZUnitStandard:ZZUnitStandard_id:28
*,2493,Y,Elective,ZZSkillsProgramme:ZZSkillsProgramme_ID:128;ZZUnitStandard:ZZUnitStandard_id:541
*,2494,Y,Elective,ZZSkillsProgramme:ZZSkillsProgramme_ID:128;ZZUnitStandard:ZZUnitStandard_id:566
*,2495,Y,Elective,ZZSkillsProgramme:ZZSkillsProgramme_ID:128;ZZUnitStandard:ZZUnitStandard_id:557
*,2496,Y,Elective,ZZSkillsProgramme:ZZSkillsProgramme_ID:128;ZZUnitStandard:ZZUnitStandard_id:569
*,2497,Y,Core,ZZSkillsProgramme:ZZSkillsProgramme_ID:128;ZZUnitStandard:ZZUnitStandard_id:576
*,2498,Y,Elective,ZZSkillsProgramme:ZZSkillsProgramme_ID:128;ZZUnitStandard:ZZUnitStandard_id:2045
*,2499,Y,Elective,ZZSkillsProgramme:ZZSkillsProgramme_ID:129;ZZUnitStandard:ZZUnitStandard_id:976
*,2500,Y,Fundamental,ZZSkillsProgramme:ZZSkillsProgramme_ID:129;ZZUnitStandard:ZZUnitStandard_id:2335
*,2501,Y,Fundamental,ZZSkillsProgramme:ZZSkillsProgramme_ID:129;ZZUnitStandard:ZZUnitStandard_id:2333
*,2502,Y,Fundamental,ZZSkillsProgramme:ZZSkillsProgramme_ID:129;ZZUnitStandard:ZZUnitStandard_id:2332
*,2503,Y,Fundamental,ZZSkillsProgramme:ZZSkillsProgramme_ID:129;ZZUnitStandard:ZZUnitStandard_id:2336
*,2504,Y,Fundamental,ZZSkillsProgramme:ZZSkillsProgramme_ID:129;ZZUnitStandard:ZZUnitStandard_id:2334
*,2505,Y,Fundamental,ZZSkillsProgramme:ZZSkillsProgramme_ID:129;ZZUnitStandard:ZZUnitStandard_id:2338
*,2506,Y,Fundamental,ZZSkillsProgramme:ZZSkillsProgramme_ID:129;ZZUnitStandard:ZZUnitStandard_id:2337
*,2507,Y,Fundamental,ZZSkillsProgramme:ZZSkillsProgramme_ID:129;ZZUnitStandard:ZZUnitStandard_id:1588
*,2508,Y,Elective,ZZSkillsProgramme:ZZSkillsProgramme_ID:129;ZZUnitStandard:ZZUnitStandard_id:2279
*,2509,Y,Core,ZZSkillsProgramme:ZZSkillsProgramme_ID:129;ZZUnitStandard:ZZUnitStandard_id:2276
*,2510,Y,Elective,ZZSkillsProgramme:ZZSkillsProgramme_ID:129;ZZUnitStandard:ZZUnitStandard_id:2282
*,2511,Y,Elective,ZZSkillsProgramme:ZZSkillsProgramme_ID:129;ZZUnitStandard:ZZUnitStandard_id:2272
*,2512,Y,Elective,ZZSkillsProgramme:ZZSkillsProgramme_ID:129;ZZUnitStandard:ZZUnitStandard_id:2226
*,2513,Y,Core,ZZSkillsProgramme:ZZSkillsProgramme_ID:129;ZZUnitStandard:ZZUnitStandard_id:2252
*,2514,Y,Core,ZZSkillsProgramme:ZZSkillsProgramme_ID:129;ZZUnitStandard:ZZUnitStandard_id:2268
*,2515,Y,Elective,ZZSkillsProgramme:ZZSkillsProgramme_ID:129;ZZUnitStandard:ZZUnitStandard_id:2223
*,2516,Y,Elective,ZZSkillsProgramme:ZZSkillsProgramme_ID:129;ZZUnitStandard:ZZUnitStandard_id:2278
*,2517,Y,Core,ZZSkillsProgramme:ZZSkillsProgramme_ID:129;ZZUnitStandard:ZZUnitStandard_id:2232
*,2518,Y,Elective,ZZSkillsProgramme:ZZSkillsProgramme_ID:129;ZZUnitStandard:ZZUnitStandard_id:2234
*,2519,Y,Elective,ZZSkillsProgramme:ZZSkillsProgramme_ID:129;ZZUnitStandard:ZZUnitStandard_id:2280
*,2520,Y,Elective,ZZSkillsProgramme:ZZSkillsProgramme_ID:129;ZZUnitStandard:ZZUnitStandard_id:2259
*,2521,Y,Core,ZZSkillsProgramme:ZZSkillsProgramme_ID:129;ZZUnitStandard:ZZUnitStandard_id:2274
*,2522,Y,Elective,ZZSkillsProgramme:ZZSkillsProgramme_ID:129;ZZUnitStandard:ZZUnitStandard_id:2277
*,2523,Y,Elective,ZZSkillsProgramme:ZZSkillsProgramme_ID:129;ZZUnitStandard:ZZUnitStandard_id:2281
*,2524,Y,Elective,ZZSkillsProgramme:ZZSkillsProgramme_ID:129;ZZUnitStandard:ZZUnitStandard_id:2262
*,2525,Y,Elective,ZZSkillsProgramme:ZZSkillsProgramme_ID:129;ZZUnitStandard:ZZUnitStandard_id:2229
*,2526,Y,Core,ZZSkillsProgramme:ZZSkillsProgramme_ID:129;ZZUnitStandard:ZZUnitStandard_id:2251
*,2527,Y,Elective,ZZSkillsProgramme:ZZSkillsProgramme_ID:129;ZZUnitStandard:ZZUnitStandard_id:2258
*,2528,Y,Core,ZZSkillsProgramme:ZZSkillsProgramme_ID:129;ZZUnitStandard:ZZUnitStandard_id:2225
*,2529,Y,Core,ZZSkillsProgramme:ZZSkillsProgramme_ID:129;ZZUnitStandard:ZZUnitStandard_id:2275
*,2530,Y,Core,ZZSkillsProgramme:ZZSkillsProgramme_ID:129;ZZUnitStandard:ZZUnitStandard_id:2231
*,2531,Y,Elective,ZZSkillsProgramme:ZZSkillsProgramme_ID:129;ZZUnitStandard:ZZUnitStandard_id:2242
*,2532,Y,Elective,ZZSkillsProgramme:ZZSkillsProgramme_ID:129;ZZUnitStandard:ZZUnitStandard_id:2224
*,2533,Y,Elective,ZZSkillsProgramme:ZZSkillsProgramme_ID:129;ZZUnitStandard:ZZUnitStandard_id:2158
*,2534,Y,Core,ZZSkillsProgramme:ZZSkillsProgramme_ID:130;ZZUnitStandard:ZZUnitStandard_id:983
*,2535,Y,Elective,ZZSkillsProgramme:ZZSkillsProgramme_ID:130;ZZUnitStandard:ZZUnitStandard_id:436
*,2536,Y,Elective,ZZSkillsProgramme:ZZSkillsProgramme_ID:130;ZZUnitStandard:ZZUnitStandard_id:215
*,2537,Y,Core,ZZSkillsProgramme:ZZSkillsProgramme_ID:130;ZZUnitStandard:ZZUnitStandard_id:441
*,2538,Y,Core,ZZSkillsProgramme:ZZSkillsProgramme_ID:130;ZZUnitStandard:ZZUnitStandard_id:922
*,2539,Y,Core,ZZSkillsProgramme:ZZSkillsProgramme_ID:130;ZZUnitStandard:ZZUnitStandard_id:980
*,2540,Y,Core,ZZSkillsProgramme:ZZSkillsProgramme_ID:130;ZZUnitStandard:ZZUnitStandard_id:930
*,2541,Y,Core,ZZSkillsProgramme:ZZSkillsProgramme_ID:130;ZZUnitStandard:ZZUnitStandard_id:985
*,2542,Y,Core,ZZSkillsProgramme:ZZSkillsProgramme_ID:130;ZZUnitStandard:ZZUnitStandard_id:981
*,2543,Y,Core,ZZSkillsProgramme:ZZSkillsProgramme_ID:130;ZZUnitStandard:ZZUnitStandard_id:695
*,2544,Y,Core,ZZSkillsProgramme:ZZSkillsProgramme_ID:130;ZZUnitStandard:ZZUnitStandard_id:919
*,2545,Y,Elective,ZZSkillsProgramme:ZZSkillsProgramme_ID:130;ZZUnitStandard:ZZUnitStandard_id:212
*,2546,Y,Core,ZZSkillsProgramme:ZZSkillsProgramme_ID:130;ZZUnitStandard:ZZUnitStandard_id:445
*,2547,Y,Elective,ZZSkillsProgramme:ZZSkillsProgramme_ID:130;ZZUnitStandard:ZZUnitStandard_id:439
*,2548,Y,Elective,ZZSkillsProgramme:ZZSkillsProgramme_ID:130;ZZUnitStandard:ZZUnitStandard_id:216
*,2549,Y,Elective,ZZSkillsProgramme:ZZSkillsProgramme_ID:130;ZZUnitStandard:ZZUnitStandard_id:217
*,2550,Y,Core,ZZSkillsProgramme:ZZSkillsProgramme_ID:130;ZZUnitStandard:ZZUnitStandard_id:443
*,2551,Y,Core,ZZSkillsProgramme:ZZSkillsProgramme_ID:130;ZZUnitStandard:ZZUnitStandard_id:442
*,2552,Y,Core,ZZSkillsProgramme:ZZSkillsProgramme_ID:130;ZZUnitStandard:ZZUnitStandard_id:440
*,2553,Y,Core,ZZSkillsProgramme:ZZSkillsProgramme_ID:130;ZZUnitStandard:ZZUnitStandard_id:438
*,2554,Y,Core,ZZSkillsProgramme:ZZSkillsProgramme_ID:130;ZZUnitStandard:ZZUnitStandard_id:490
*,2555,Y,Core,ZZSkillsProgramme:ZZSkillsProgramme_ID:130;ZZUnitStandard:ZZUnitStandard_id:770
*,2556,Y,Fundamental,ZZSkillsProgramme:ZZSkillsProgramme_ID:130;ZZUnitStandard:ZZUnitStandard_id:1185
*,2557,Y,Fundamental,ZZSkillsProgramme:ZZSkillsProgramme_ID:130;ZZUnitStandard:ZZUnitStandard_id:1514
*,2558,Y,Fundamental,ZZSkillsProgramme:ZZSkillsProgramme_ID:130;ZZUnitStandard:ZZUnitStandard_id:1161
*,2559,Y,Fundamental,ZZSkillsProgramme:ZZSkillsProgramme_ID:130;ZZUnitStandard:ZZUnitStandard_id:1162
*,2560,Y,Fundamental,ZZSkillsProgramme:ZZSkillsProgramme_ID:130;ZZUnitStandard:ZZUnitStandard_id:1163
*,2561,Y,Fundamental,ZZSkillsProgramme:ZZSkillsProgramme_ID:130;ZZUnitStandard:ZZUnitStandard_id:1766
*,2562,Y,Fundamental,ZZSkillsProgramme:ZZSkillsProgramme_ID:130;ZZUnitStandard:ZZUnitStandard_id:1186
*,2563,Y,Core,ZZSkillsProgramme:ZZSkillsProgramme_ID:130;ZZUnitStandard:ZZUnitStandard_id:1516
*,2564,Y,Fundamental,ZZSkillsProgramme:ZZSkillsProgramme_ID:130;ZZUnitStandard:ZZUnitStandard_id:1194
*,2565,Y,Elective,ZZSkillsProgramme:ZZSkillsProgramme_ID:130;ZZUnitStandard:ZZUnitStandard_id:213
*,2566,Y,Core,ZZSkillsProgramme:ZZSkillsProgramme_ID:130;ZZUnitStandard:ZZUnitStandard_id:444
*,2567,Y,Elective,ZZSkillsProgramme:ZZSkillsProgramme_ID:131;ZZUnitStandard:ZZUnitStandard_id:260
*,2568,Y,Fundamental,ZZSkillsProgramme:ZZSkillsProgramme_ID:131;ZZUnitStandard:ZZUnitStandard_id:920
*,2569,Y,Elective,ZZSkillsProgramme:ZZSkillsProgramme_ID:131;ZZUnitStandard:ZZUnitStandard_id:980
*,2570,Y,Elective,ZZSkillsProgramme:ZZSkillsProgramme_ID:131;ZZUnitStandard:ZZUnitStandard_id:940
*,2571,Y,Fundamental,ZZSkillsProgramme:ZZSkillsProgramme_ID:131;ZZUnitStandard:ZZUnitStandard_id:2526
*,2572,Y,Fundamental,ZZSkillsProgramme:ZZSkillsProgramme_ID:131;ZZUnitStandard:ZZUnitStandard_id:2532
*,2573,Y,Fundamental,ZZSkillsProgramme:ZZSkillsProgramme_ID:131;ZZUnitStandard:ZZUnitStandard_id:2529
*,2574,Y,Fundamental,ZZSkillsProgramme:ZZSkillsProgramme_ID:131;ZZUnitStandard:ZZUnitStandard_id:2527
*,2575,Y,Core,ZZSkillsProgramme:ZZSkillsProgramme_ID:131;ZZUnitStandard:ZZUnitStandard_id:2445
*,2576,Y,Fundamental,ZZSkillsProgramme:ZZSkillsProgramme_ID:131;ZZUnitStandard:ZZUnitStandard_id:2531
*,2577,Y,Fundamental,ZZSkillsProgramme:ZZSkillsProgramme_ID:131;ZZUnitStandard:ZZUnitStandard_id:2528
*,2578,Y,Fundamental,ZZSkillsProgramme:ZZSkillsProgramme_ID:131;ZZUnitStandard:ZZUnitStandard_id:2530
*,2579,Y,Elective,ZZSkillsProgramme:ZZSkillsProgramme_ID:131;ZZUnitStandard:ZZUnitStandard_id:761
*,2580,Y,Core,ZZSkillsProgramme:ZZSkillsProgramme_ID:131;ZZUnitStandard:ZZUnitStandard_id:770
*,2581,Y,Elective,ZZSkillsProgramme:ZZSkillsProgramme_ID:131;ZZUnitStandard:ZZUnitStandard_id:2296
*,2582,Y,Elective,ZZSkillsProgramme:ZZSkillsProgramme_ID:131;ZZUnitStandard:ZZUnitStandard_id:2233
*,2583,Y,Elective,ZZSkillsProgramme:ZZSkillsProgramme_ID:131;ZZUnitStandard:ZZUnitStandard_id:2302
*,2584,Y,Elective,ZZSkillsProgramme:ZZSkillsProgramme_ID:131;ZZUnitStandard:ZZUnitStandard_id:2319
*,2585,Y,Elective,ZZSkillsProgramme:ZZSkillsProgramme_ID:131;ZZUnitStandard:ZZUnitStandard_id:2257
*,2586,Y,Elective,ZZSkillsProgramme:ZZSkillsProgramme_ID:131;ZZUnitStandard:ZZUnitStandard_id:2286
*,2587,Y,Elective,ZZSkillsProgramme:ZZSkillsProgramme_ID:131;ZZUnitStandard:ZZUnitStandard_id:2310
*,2588,Y,Elective,ZZSkillsProgramme:ZZSkillsProgramme_ID:131;ZZUnitStandard:ZZUnitStandard_id:2299
*,2589,Y,Elective,ZZSkillsProgramme:ZZSkillsProgramme_ID:131;ZZUnitStandard:ZZUnitStandard_id:2363
*,2590,Y,Core,ZZSkillsProgramme:ZZSkillsProgramme_ID:131;ZZUnitStandard:ZZUnitStandard_id:2253
*,2591,Y,Elective,ZZSkillsProgramme:ZZSkillsProgramme_ID:131;ZZUnitStandard:ZZUnitStandard_id:2317
*,2592,Y,Elective,ZZSkillsProgramme:ZZSkillsProgramme_ID:131;ZZUnitStandard:ZZUnitStandard_id:2291
*,2593,Y,Elective,ZZSkillsProgramme:ZZSkillsProgramme_ID:131;ZZUnitStandard:ZZUnitStandard_id:2323
*,2594,Y,Elective,ZZSkillsProgramme:ZZSkillsProgramme_ID:131;ZZUnitStandard:ZZUnitStandard_id:2279
*,2595,Y,Elective,ZZSkillsProgramme:ZZSkillsProgramme_ID:131;ZZUnitStandard:ZZUnitStandard_id:2312
*,2596,Y,Elective,ZZSkillsProgramme:ZZSkillsProgramme_ID:131;ZZUnitStandard:ZZUnitStandard_id:2318
*,2597,Y,Elective,ZZSkillsProgramme:ZZSkillsProgramme_ID:131;ZZUnitStandard:ZZUnitStandard_id:2441
*,2598,Y,Elective,ZZSkillsProgramme:ZZSkillsProgramme_ID:131;ZZUnitStandard:ZZUnitStandard_id:2230
*,2599,Y,Elective,ZZSkillsProgramme:ZZSkillsProgramme_ID:131;ZZUnitStandard:ZZUnitStandard_id:2443
*,2600,Y,Elective,ZZSkillsProgramme:ZZSkillsProgramme_ID:131;ZZUnitStandard:ZZUnitStandard_id:2273
*,2601,Y,Elective,ZZSkillsProgramme:ZZSkillsProgramme_ID:131;ZZUnitStandard:ZZUnitStandard_id:2240
*,2602,Y,Elective,ZZSkillsProgramme:ZZSkillsProgramme_ID:131;ZZUnitStandard:ZZUnitStandard_id:2290
*,2603,Y,Elective,ZZSkillsProgramme:ZZSkillsProgramme_ID:131;ZZUnitStandard:ZZUnitStandard_id:2236
*,2604,Y,Elective,ZZSkillsProgramme:ZZSkillsProgramme_ID:131;ZZUnitStandard:ZZUnitStandard_id:2237
*,2605,Y,Core,ZZSkillsProgramme:ZZSkillsProgramme_ID:131;ZZUnitStandard:ZZUnitStandard_id:2283
*,2606,Y,Elective,ZZSkillsProgramme:ZZSkillsProgramme_ID:131;ZZUnitStandard:ZZUnitStandard_id:2307
*,2607,Y,Elective,ZZSkillsProgramme:ZZSkillsProgramme_ID:131;ZZUnitStandard:ZZUnitStandard_id:2292
*,2608,Y,Elective,ZZSkillsProgramme:ZZSkillsProgramme_ID:131;ZZUnitStandard:ZZUnitStandard_id:2267
*,2609,Y,Elective,ZZSkillsProgramme:ZZSkillsProgramme_ID:131;ZZUnitStandard:ZZUnitStandard_id:2256
*,2610,Y,Elective,ZZSkillsProgramme:ZZSkillsProgramme_ID:131;ZZUnitStandard:ZZUnitStandard_id:2238
*,2611,Y,Elective,ZZSkillsProgramme:ZZSkillsProgramme_ID:131;ZZUnitStandard:ZZUnitStandard_id:2320
*,2612,Y,Elective,ZZSkillsProgramme:ZZSkillsProgramme_ID:131;ZZUnitStandard:ZZUnitStandard_id:2300
*,2613,Y,Elective,ZZSkillsProgramme:ZZSkillsProgramme_ID:131;ZZUnitStandard:ZZUnitStandard_id:2294
*,2614,Y,Elective,ZZSkillsProgramme:ZZSkillsProgramme_ID:131;ZZUnitStandard:ZZUnitStandard_id:2261
*,2615,Y,Elective,ZZSkillsProgramme:ZZSkillsProgramme_ID:131;ZZUnitStandard:ZZUnitStandard_id:2315
*,2616,Y,Elective,ZZSkillsProgramme:ZZSkillsProgramme_ID:131;ZZUnitStandard:ZZUnitStandard_id:2260
*,2617,Y,Elective,ZZSkillsProgramme:ZZSkillsProgramme_ID:131;ZZUnitStandard:ZZUnitStandard_id:2270
*,2618,Y,Elective,ZZSkillsProgramme:ZZSkillsProgramme_ID:131;ZZUnitStandard:ZZUnitStandard_id:2282
*,2619,Y,Elective,ZZSkillsProgramme:ZZSkillsProgramme_ID:131;ZZUnitStandard:ZZUnitStandard_id:2239
*,2620,Y,Elective,ZZSkillsProgramme:ZZSkillsProgramme_ID:131;ZZUnitStandard:ZZUnitStandard_id:2308
*,2621,Y,Core,ZZSkillsProgramme:ZZSkillsProgramme_ID:131;ZZUnitStandard:ZZUnitStandard_id:2285
*,2622,Y,Elective,ZZSkillsProgramme:ZZSkillsProgramme_ID:131;ZZUnitStandard:ZZUnitStandard_id:2442
*,2623,Y,Elective,ZZSkillsProgramme:ZZSkillsProgramme_ID:131;ZZUnitStandard:ZZUnitStandard_id:2241
*,2624,Y,Core,ZZSkillsProgramme:ZZSkillsProgramme_ID:131;ZZUnitStandard:ZZUnitStandard_id:2255
*,2625,Y,Elective,ZZSkillsProgramme:ZZSkillsProgramme_ID:131;ZZUnitStandard:ZZUnitStandard_id:2324
*,2626,Y,Elective,ZZSkillsProgramme:ZZSkillsProgramme_ID:131;ZZUnitStandard:ZZUnitStandard_id:2269
*,2627,Y,Elective,ZZSkillsProgramme:ZZSkillsProgramme_ID:131;ZZUnitStandard:ZZUnitStandard_id:2314
*,2628,Y,Elective,ZZSkillsProgramme:ZZSkillsProgramme_ID:131;ZZUnitStandard:ZZUnitStandard_id:2365
*,2629,Y,Core,ZZSkillsProgramme:ZZSkillsProgramme_ID:131;ZZUnitStandard:ZZUnitStandard_id:2284
*,2630,Y,Elective,ZZSkillsProgramme:ZZSkillsProgramme_ID:131;ZZUnitStandard:ZZUnitStandard_id:2322
*,2631,Y,Elective,ZZSkillsProgramme:ZZSkillsProgramme_ID:131;ZZUnitStandard:ZZUnitStandard_id:2248
*,2632,Y,Elective,ZZSkillsProgramme:ZZSkillsProgramme_ID:131;ZZUnitStandard:ZZUnitStandard_id:2245
*,2633,Y,Elective,ZZSkillsProgramme:ZZSkillsProgramme_ID:131;ZZUnitStandard:ZZUnitStandard_id:2444
*,2634,Y,Elective,ZZSkillsProgramme:ZZSkillsProgramme_ID:131;ZZUnitStandard:ZZUnitStandard_id:2246
*,2635,Y,Elective,ZZSkillsProgramme:ZZSkillsProgramme_ID:131;ZZUnitStandard:ZZUnitStandard_id:2316
*,2636,Y,Elective,ZZSkillsProgramme:ZZSkillsProgramme_ID:131;ZZUnitStandard:ZZUnitStandard_id:2235
*,2637,Y,Core,ZZSkillsProgramme:ZZSkillsProgramme_ID:131;ZZUnitStandard:ZZUnitStandard_id:2263
*,2638,Y,Elective,ZZSkillsProgramme:ZZSkillsProgramme_ID:131;ZZUnitStandard:ZZUnitStandard_id:2288
*,2639,Y,Elective,ZZSkillsProgramme:ZZSkillsProgramme_ID:131;ZZUnitStandard:ZZUnitStandard_id:2311
*,2640,Y,Elective,ZZSkillsProgramme:ZZSkillsProgramme_ID:131;ZZUnitStandard:ZZUnitStandard_id:2362
*,2641,Y,Elective,ZZSkillsProgramme:ZZSkillsProgramme_ID:131;ZZUnitStandard:ZZUnitStandard_id:2289
*,2642,Y,Elective,ZZSkillsProgramme:ZZSkillsProgramme_ID:131;ZZUnitStandard:ZZUnitStandard_id:2305
*,2643,Y,Elective,ZZSkillsProgramme:ZZSkillsProgramme_ID:131;ZZUnitStandard:ZZUnitStandard_id:2266
*,2644,Y,Elective,ZZSkillsProgramme:ZZSkillsProgramme_ID:131;ZZUnitStandard:ZZUnitStandard_id:2321
*,2645,Y,Elective,ZZSkillsProgramme:ZZSkillsProgramme_ID:131;ZZUnitStandard:ZZUnitStandard_id:2306
*,2646,Y,Elective,ZZSkillsProgramme:ZZSkillsProgramme_ID:131;ZZUnitStandard:ZZUnitStandard_id:2254
*,2647,Y,Elective,ZZSkillsProgramme:ZZSkillsProgramme_ID:131;ZZUnitStandard:ZZUnitStandard_id:2244
*,2648,Y,Elective,ZZSkillsProgramme:ZZSkillsProgramme_ID:131;ZZUnitStandard:ZZUnitStandard_id:2301
*,2649,Y,Elective,ZZSkillsProgramme:ZZSkillsProgramme_ID:131;ZZUnitStandard:ZZUnitStandard_id:2366
*,2650,Y,Core,ZZSkillsProgramme:ZZSkillsProgramme_ID:131;ZZUnitStandard:ZZUnitStandard_id:2264
*,2651,Y,Elective,ZZSkillsProgramme:ZZSkillsProgramme_ID:131;ZZUnitStandard:ZZUnitStandard_id:2247
*,2652,Y,Core,ZZSkillsProgramme:ZZSkillsProgramme_ID:131;ZZUnitStandard:ZZUnitStandard_id:2250
*,2653,Y,Elective,ZZSkillsProgramme:ZZSkillsProgramme_ID:131;ZZUnitStandard:ZZUnitStandard_id:2287
*,2654,Y,Elective,ZZSkillsProgramme:ZZSkillsProgramme_ID:131;ZZUnitStandard:ZZUnitStandard_id:2265
*,2655,Y,Elective,ZZSkillsProgramme:ZZSkillsProgramme_ID:131;ZZUnitStandard:ZZUnitStandard_id:2243
*,2656,Y,Elective,ZZSkillsProgramme:ZZSkillsProgramme_ID:131;ZZUnitStandard:ZZUnitStandard_id:2313
*,2657,Y,Elective,ZZSkillsProgramme:ZZSkillsProgramme_ID:131;ZZUnitStandard:ZZUnitStandard_id:2271
*,2658,Y,Elective,ZZSkillsProgramme:ZZSkillsProgramme_ID:131;ZZUnitStandard:ZZUnitStandard_id:2272
*,2659,Y,Elective,ZZSkillsProgramme:ZZSkillsProgramme_ID:131;ZZUnitStandard:ZZUnitStandard_id:2304
*,2660,Y,Elective,ZZSkillsProgramme:ZZSkillsProgramme_ID:131;ZZUnitStandard:ZZUnitStandard_id:2303
*,2661,Y,Elective,ZZSkillsProgramme:ZZSkillsProgramme_ID:131;ZZUnitStandard:ZZUnitStandard_id:2298
*,2662,Y,Core,ZZSkillsProgramme:ZZSkillsProgramme_ID:131;ZZUnitStandard:ZZUnitStandard_id:2222
*,2663,Y,Elective,ZZSkillsProgramme:ZZSkillsProgramme_ID:131;ZZUnitStandard:ZZUnitStandard_id:2295
*,2664,Y,Elective,ZZSkillsProgramme:ZZSkillsProgramme_ID:131;ZZUnitStandard:ZZUnitStandard_id:2297
*,2665,Y,Core,ZZSkillsProgramme:ZZSkillsProgramme_ID:131;ZZUnitStandard:ZZUnitStandard_id:2228
*,2666,Y,Core,ZZSkillsProgramme:ZZSkillsProgramme_ID:131;ZZUnitStandard:ZZUnitStandard_id:2249
*,2667,Y,Elective,ZZSkillsProgramme:ZZSkillsProgramme_ID:131;ZZUnitStandard:ZZUnitStandard_id:2293
*,2668,Y,Elective,ZZSkillsProgramme:ZZSkillsProgramme_ID:131;ZZUnitStandard:ZZUnitStandard_id:2364
*,2669,Y,Elective,ZZSkillsProgramme:ZZSkillsProgramme_ID:131;ZZUnitStandard:ZZUnitStandard_id:2309
*,2670,Y,Core,ZZSkillsProgramme:ZZSkillsProgramme_ID:131;ZZUnitStandard:ZZUnitStandard_id:2227
*,2671,Y,Elective,ZZSkillsProgramme:ZZSkillsProgramme_ID:131;ZZUnitStandard:ZZUnitStandard_id:654
*,2672,Y,Elective,ZZSkillsProgramme:ZZSkillsProgramme_ID:132;ZZUnitStandard:ZZUnitStandard_id:1730
*,2673,Y,Elective,ZZSkillsProgramme:ZZSkillsProgramme_ID:132;ZZUnitStandard:ZZUnitStandard_id:761
*,2674,Y,Elective,ZZSkillsProgramme:ZZSkillsProgramme_ID:132;ZZUnitStandard:ZZUnitStandard_id:1331
*,2675,Y,Elective,ZZSkillsProgramme:ZZSkillsProgramme_ID:132;ZZUnitStandard:ZZUnitStandard_id:1325
*,2676,Y,Core,ZZSkillsProgramme:ZZSkillsProgramme_ID:132;ZZUnitStandard:ZZUnitStandard_id:1326
*,2677,Y,Elective,ZZSkillsProgramme:ZZSkillsProgramme_ID:132;ZZUnitStandard:ZZUnitStandard_id:1329
*,2678,Y,Elective,ZZSkillsProgramme:ZZSkillsProgramme_ID:132;ZZUnitStandard:ZZUnitStandard_id:1333
*,2679,Y,Elective,ZZSkillsProgramme:ZZSkillsProgramme_ID:132;ZZUnitStandard:ZZUnitStandard_id:1332
*,2680,Y,Core,ZZSkillsProgramme:ZZSkillsProgramme_ID:132;ZZUnitStandard:ZZUnitStandard_id:1362
*,2681,Y,Core,ZZSkillsProgramme:ZZSkillsProgramme_ID:132;ZZUnitStandard:ZZUnitStandard_id:1729
*,2682,Y,Core,ZZSkillsProgramme:ZZSkillsProgramme_ID:132;ZZUnitStandard:ZZUnitStandard_id:1346
*,2683,Y,Fundamental,ZZSkillsProgramme:ZZSkillsProgramme_ID:132;ZZUnitStandard:ZZUnitStandard_id:1196
*,2684,Y,Elective,ZZSkillsProgramme:ZZSkillsProgramme_ID:132;ZZUnitStandard:ZZUnitStandard_id:1445
*,2685,Y,Elective,ZZSkillsProgramme:ZZSkillsProgramme_ID:132;ZZUnitStandard:ZZUnitStandard_id:1447
*,2686,Y,Elective,ZZSkillsProgramme:ZZSkillsProgramme_ID:132;ZZUnitStandard:ZZUnitStandard_id:1430
*,2687,Y,Elective,ZZSkillsProgramme:ZZSkillsProgramme_ID:132;ZZUnitStandard:ZZUnitStandard_id:1420
*,2688,Y,Elective,ZZSkillsProgramme:ZZSkillsProgramme_ID:132;ZZUnitStandard:ZZUnitStandard_id:1446
*,2689,Y,Fundamental,ZZSkillsProgramme:ZZSkillsProgramme_ID:132;ZZUnitStandard:ZZUnitStandard_id:1164
*,2690,Y,Fundamental,ZZSkillsProgramme:ZZSkillsProgramme_ID:132;ZZUnitStandard:ZZUnitStandard_id:1165
*,2691,Y,Fundamental,ZZSkillsProgramme:ZZSkillsProgramme_ID:132;ZZUnitStandard:ZZUnitStandard_id:1166
*,2692,Y,Fundamental,ZZSkillsProgramme:ZZSkillsProgramme_ID:132;ZZUnitStandard:ZZUnitStandard_id:1176
*,2693,Y,Fundamental,ZZSkillsProgramme:ZZSkillsProgramme_ID:132;ZZUnitStandard:ZZUnitStandard_id:1188
*,2694,Y,Fundamental,ZZSkillsProgramme:ZZSkillsProgramme_ID:132;ZZUnitStandard:ZZUnitStandard_id:1190
*,2695,Y,Core,ZZSkillsProgramme:ZZSkillsProgramme_ID:133;ZZUnitStandard:ZZUnitStandard_id:355
*,2696,Y,Elective,ZZSkillsProgramme:ZZSkillsProgramme_ID:133;ZZUnitStandard:ZZUnitStandard_id:82
*,2697,Y,Elective,ZZSkillsProgramme:ZZSkillsProgramme_ID:133;ZZUnitStandard:ZZUnitStandard_id:542
*,2698,Y,Elective,ZZSkillsProgramme:ZZSkillsProgramme_ID:133;ZZUnitStandard:ZZUnitStandard_id:544
*,2699,Y,Core,ZZSkillsProgramme:ZZSkillsProgramme_ID:133;ZZUnitStandard:ZZUnitStandard_id:2043
*,2700,Y,Core,ZZSkillsProgramme:ZZSkillsProgramme_ID:133;ZZUnitStandard:ZZUnitStandard_id:829
*,2701,Y,Core,ZZSkillsProgramme:ZZSkillsProgramme_ID:133;ZZUnitStandard:ZZUnitStandard_id:594
*,2702,Y,Elective,ZZSkillsProgramme:ZZSkillsProgramme_ID:133;ZZUnitStandard:ZZUnitStandard_id:704
*,2703,Y,Elective,ZZSkillsProgramme:ZZSkillsProgramme_ID:133;ZZUnitStandard:ZZUnitStandard_id:80
*,2704,Y,Core,ZZSkillsProgramme:ZZSkillsProgramme_ID:133;ZZUnitStandard:ZZUnitStandard_id:87
*,2705,Y,Core,ZZSkillsProgramme:ZZSkillsProgramme_ID:133;ZZUnitStandard:ZZUnitStandard_id:88
*,2706,Y,Elective,ZZSkillsProgramme:ZZSkillsProgramme_ID:133;ZZUnitStandard:ZZUnitStandard_id:541
*,2707,Y,Elective,ZZSkillsProgramme:ZZSkillsProgramme_ID:133;ZZUnitStandard:ZZUnitStandard_id:566
*,2708,Y,Elective,ZZSkillsProgramme:ZZSkillsProgramme_ID:133;ZZUnitStandard:ZZUnitStandard_id:557
*,2709,Y,Core,ZZSkillsProgramme:ZZSkillsProgramme_ID:134;ZZUnitStandard:ZZUnitStandard_id:355
*,2710,Y,Elective,ZZSkillsProgramme:ZZSkillsProgramme_ID:134;ZZUnitStandard:ZZUnitStandard_id:82
*,2711,Y,Elective,ZZSkillsProgramme:ZZSkillsProgramme_ID:134;ZZUnitStandard:ZZUnitStandard_id:542
*,2712,Y,Elective,ZZSkillsProgramme:ZZSkillsProgramme_ID:134;ZZUnitStandard:ZZUnitStandard_id:544
*,2713,Y,Elective,ZZSkillsProgramme:ZZSkillsProgramme_ID:134;ZZUnitStandard:ZZUnitStandard_id:2043
*,2714,Y,Core,ZZSkillsProgramme:ZZSkillsProgramme_ID:134;ZZUnitStandard:ZZUnitStandard_id:829
*,2715,Y,Elective,ZZSkillsProgramme:ZZSkillsProgramme_ID:134;ZZUnitStandard:ZZUnitStandard_id:594
*,2716,Y,Elective,ZZSkillsProgramme:ZZSkillsProgramme_ID:134;ZZUnitStandard:ZZUnitStandard_id:704
*,2717,Y,Elective,ZZSkillsProgramme:ZZSkillsProgramme_ID:134;ZZUnitStandard:ZZUnitStandard_id:80
*,2718,Y,Core,ZZSkillsProgramme:ZZSkillsProgramme_ID:134;ZZUnitStandard:ZZUnitStandard_id:87
*,2719,Y,Core,ZZSkillsProgramme:ZZSkillsProgramme_ID:134;ZZUnitStandard:ZZUnitStandard_id:88
*,2720,Y,Elective,ZZSkillsProgramme:ZZSkillsProgramme_ID:134;ZZUnitStandard:ZZUnitStandard_id:541
*,2721,Y,Elective,ZZSkillsProgramme:ZZSkillsProgramme_ID:134;ZZUnitStandard:ZZUnitStandard_id:566
*,2722,Y,Elective,ZZSkillsProgramme:ZZSkillsProgramme_ID:134;ZZUnitStandard:ZZUnitStandard_id:557
*,2723,Y,Core,ZZSkillsProgramme:ZZSkillsProgramme_ID:135;ZZUnitStandard:ZZUnitStandard_id:930
*,2724,Y,Core,ZZSkillsProgramme:ZZSkillsProgramme_ID:135;ZZUnitStandard:ZZUnitStandard_id:919
*,2725,Y,Fundamental,ZZSkillsProgramme:ZZSkillsProgramme_ID:135;ZZUnitStandard:ZZUnitStandard_id:2218
*,2726,Y,Fundamental,ZZSkillsProgramme:ZZSkillsProgramme_ID:135;ZZUnitStandard:ZZUnitStandard_id:2202
*,2727,Y,Fundamental,ZZSkillsProgramme:ZZSkillsProgramme_ID:135;ZZUnitStandard:ZZUnitStandard_id:2221
*,2728,Y,Fundamental,ZZSkillsProgramme:ZZSkillsProgramme_ID:135;ZZUnitStandard:ZZUnitStandard_id:2201
*,2729,Y,Elective,ZZSkillsProgramme:ZZSkillsProgramme_ID:135;ZZUnitStandard:ZZUnitStandard_id:1502
*,2730,Y,Core,ZZSkillsProgramme:ZZSkillsProgramme_ID:135;ZZUnitStandard:ZZUnitStandard_id:1466
*,2731,Y,Elective,ZZSkillsProgramme:ZZSkillsProgramme_ID:135;ZZUnitStandard:ZZUnitStandard_id:3438
*,2732,Y,Core,ZZSkillsProgramme:ZZSkillsProgramme_ID:135;ZZUnitStandard:ZZUnitStandard_id:3419
*,2733,Y,Core,ZZSkillsProgramme:ZZSkillsProgramme_ID:135;ZZUnitStandard:ZZUnitStandard_id:3417
*,2734,Y,Core,ZZSkillsProgramme:ZZSkillsProgramme_ID:135;ZZUnitStandard:ZZUnitStandard_id:3418
*,2735,Y,Core,ZZSkillsProgramme:ZZSkillsProgramme_ID:135;ZZUnitStandard:ZZUnitStandard_id:3411
*,2736,Y,Core,ZZSkillsProgramme:ZZSkillsProgramme_ID:135;ZZUnitStandard:ZZUnitStandard_id:3426
*,2737,Y,Core,ZZSkillsProgramme:ZZSkillsProgramme_ID:135;ZZUnitStandard:ZZUnitStandard_id:3442
*,2738,Y,Elective,ZZSkillsProgramme:ZZSkillsProgramme_ID:135;ZZUnitStandard:ZZUnitStandard_id:3558
*,2739,Y,Core,ZZSkillsProgramme:ZZSkillsProgramme_ID:135;ZZUnitStandard:ZZUnitStandard_id:3552
*,2740,Y,Core,ZZSkillsProgramme:ZZSkillsProgramme_ID:135;ZZUnitStandard:ZZUnitStandard_id:3554
*,2741,Y,Core,ZZSkillsProgramme:ZZSkillsProgramme_ID:135;ZZUnitStandard:ZZUnitStandard_id:3551
*,2742,Y,Core,ZZSkillsProgramme:ZZSkillsProgramme_ID:135;ZZUnitStandard:ZZUnitStandard_id:3555
*,2743,Y,Elective,ZZSkillsProgramme:ZZSkillsProgramme_ID:135;ZZUnitStandard:ZZUnitStandard_id:3557
*,2744,Y,Core,ZZSkillsProgramme:ZZSkillsProgramme_ID:135;ZZUnitStandard:ZZUnitStandard_id:3556
*,2745,Y,Core,ZZSkillsProgramme:ZZSkillsProgramme_ID:135;ZZUnitStandard:ZZUnitStandard_id:3553
*,2746,Y,Core,ZZSkillsProgramme:ZZSkillsProgramme_ID:135;ZZUnitStandard:ZZUnitStandard_id:3568
*,2747,Y,Fundamental,ZZSkillsProgramme:ZZSkillsProgramme_ID:135;ZZUnitStandard:ZZUnitStandard_id:1196
*,2748,Y,Fundamental,ZZSkillsProgramme:ZZSkillsProgramme_ID:135;ZZUnitStandard:ZZUnitStandard_id:1188
*,2749,Y,Fundamental,ZZSkillsProgramme:ZZSkillsProgramme_ID:135;ZZUnitStandard:ZZUnitStandard_id:1190
*,2750,Y,Fundamental,ZZSkillsProgramme:ZZSkillsProgramme_ID:135;ZZUnitStandard:ZZUnitStandard_id:1518
*,2751,Y,Core,ZZSkillsProgramme:ZZSkillsProgramme_ID:136;ZZUnitStandard:ZZUnitStandard_id:355
*,2752,Y,Elective,ZZSkillsProgramme:ZZSkillsProgramme_ID:136;ZZUnitStandard:ZZUnitStandard_id:2043
*,2753,Y,Core,ZZSkillsProgramme:ZZSkillsProgramme_ID:136;ZZUnitStandard:ZZUnitStandard_id:829
*,2754,Y,Core,ZZSkillsProgramme:ZZSkillsProgramme_ID:136;ZZUnitStandard:ZZUnitStandard_id:88
*,2755,Y,Elective,ZZSkillsProgramme:ZZSkillsProgramme_ID:138;ZZUnitStandard:ZZUnitStandard_id:1865
*,2756,Y,Elective,ZZSkillsProgramme:ZZSkillsProgramme_ID:138;ZZUnitStandard:ZZUnitStandard_id:1568
*,2757,Y,Elective,ZZSkillsProgramme:ZZSkillsProgramme_ID:138;ZZUnitStandard:ZZUnitStandard_id:1565
*,2758,Y,Core,ZZSkillsProgramme:ZZSkillsProgramme_ID:138;ZZUnitStandard:ZZUnitStandard_id:2185
*,2759,Y,Core,ZZSkillsProgramme:ZZSkillsProgramme_ID:138;ZZUnitStandard:ZZUnitStandard_id:1352
*,2760,Y,Core,ZZSkillsProgramme:ZZSkillsProgramme_ID:138;ZZUnitStandard:ZZUnitStandard_id:1365
*,2761,Y,Core,ZZSkillsProgramme:ZZSkillsProgramme_ID:138;ZZUnitStandard:ZZUnitStandard_id:1356
*,2762,Y,Core,ZZSkillsProgramme:ZZSkillsProgramme_ID:138;ZZUnitStandard:ZZUnitStandard_id:1350
*,2763,Y,Core,ZZSkillsProgramme:ZZSkillsProgramme_ID:138;ZZUnitStandard:ZZUnitStandard_id:1351
*,2764,Y,Core,ZZSkillsProgramme:ZZSkillsProgramme_ID:138;ZZUnitStandard:ZZUnitStandard_id:1357
*,2765,Y,Core,ZZSkillsProgramme:ZZSkillsProgramme_ID:138;ZZUnitStandard:ZZUnitStandard_id:1360
*,2766,Y,Core,ZZSkillsProgramme:ZZSkillsProgramme_ID:138;ZZUnitStandard:ZZUnitStandard_id:1355
*,2767,Y,Core,ZZSkillsProgramme:ZZSkillsProgramme_ID:138;ZZUnitStandard:ZZUnitStandard_id:1367
*,2768,Y,Core,ZZSkillsProgramme:ZZSkillsProgramme_ID:138;ZZUnitStandard:ZZUnitStandard_id:1369
*,2769,Y,Core,ZZSkillsProgramme:ZZSkillsProgramme_ID:138;ZZUnitStandard:ZZUnitStandard_id:1339
*,2770,Y,Core,ZZSkillsProgramme:ZZSkillsProgramme_ID:138;ZZUnitStandard:ZZUnitStandard_id:1344
*,2771,Y,Core,ZZSkillsProgramme:ZZSkillsProgramme_ID:138;ZZUnitStandard:ZZUnitStandard_id:1368
*,2772,Y,Elective,ZZSkillsProgramme:ZZSkillsProgramme_ID:138;ZZUnitStandard:ZZUnitStandard_id:1366
*,2773,Y,Core,ZZSkillsProgramme:ZZSkillsProgramme_ID:138;ZZUnitStandard:ZZUnitStandard_id:1343
*,2774,Y,Core,ZZSkillsProgramme:ZZSkillsProgramme_ID:138;ZZUnitStandard:ZZUnitStandard_id:1335
*,2775,Y,Core,ZZSkillsProgramme:ZZSkillsProgramme_ID:138;ZZUnitStandard:ZZUnitStandard_id:1364
*,2776,Y,Core,ZZSkillsProgramme:ZZSkillsProgramme_ID:138;ZZUnitStandard:ZZUnitStandard_id:1361
*,2777,Y,Fundamental,ZZSkillsProgramme:ZZSkillsProgramme_ID:138;ZZUnitStandard:ZZUnitStandard_id:1179
*,2778,Y,Core,ZZSkillsProgramme:ZZSkillsProgramme_ID:138;ZZUnitStandard:ZZUnitStandard_id:1817
*,2779,Y,Elective,ZZSkillsProgramme:ZZSkillsProgramme_ID:138;ZZUnitStandard:ZZUnitStandard_id:1347
*,2780,Y,Elective,ZZSkillsProgramme:ZZSkillsProgramme_ID:138;ZZUnitStandard:ZZUnitStandard_id:1362
*,2781,Y,Elective,ZZSkillsProgramme:ZZSkillsProgramme_ID:138;ZZUnitStandard:ZZUnitStandard_id:1345
*,2782,Y,Elective,ZZSkillsProgramme:ZZSkillsProgramme_ID:138;ZZUnitStandard:ZZUnitStandard_id:2771
*,2783,Y,Fundamental,ZZSkillsProgramme:ZZSkillsProgramme_ID:138;ZZUnitStandard:ZZUnitStandard_id:1189
*,2784,Y,Elective,ZZSkillsProgramme:ZZSkillsProgramme_ID:138;ZZUnitStandard:ZZUnitStandard_id:2101
*,2785,Y,Elective,ZZSkillsProgramme:ZZSkillsProgramme_ID:138;ZZUnitStandard:ZZUnitStandard_id:2186
*,2786,Y,Fundamental,ZZSkillsProgramme:ZZSkillsProgramme_ID:138;ZZUnitStandard:ZZUnitStandard_id:1164
*,2787,Y,Fundamental,ZZSkillsProgramme:ZZSkillsProgramme_ID:138;ZZUnitStandard:ZZUnitStandard_id:1165
*,2788,Y,Fundamental,ZZSkillsProgramme:ZZSkillsProgramme_ID:138;ZZUnitStandard:ZZUnitStandard_id:1166
*,2789,Y,Fundamental,ZZSkillsProgramme:ZZSkillsProgramme_ID:138;ZZUnitStandard:ZZUnitStandard_id:1176
*,2790,Y,Fundamental,ZZSkillsProgramme:ZZSkillsProgramme_ID:138;ZZUnitStandard:ZZUnitStandard_id:1167
*,2791,Y,Fundamental,ZZSkillsProgramme:ZZSkillsProgramme_ID:138;ZZUnitStandard:ZZUnitStandard_id:1168
*,2792,Y,Fundamental,ZZSkillsProgramme:ZZSkillsProgramme_ID:138;ZZUnitStandard:ZZUnitStandard_id:1169
*,2793,Y,Fundamental,ZZSkillsProgramme:ZZSkillsProgramme_ID:138;ZZUnitStandard:ZZUnitStandard_id:1197
*,2794,Y,Fundamental,ZZSkillsProgramme:ZZSkillsProgramme_ID:138;ZZUnitStandard:ZZUnitStandard_id:1198
*,2795,Y,Elective,ZZSkillsProgramme:ZZSkillsProgramme_ID:139;ZZUnitStandard:ZZUnitStandard_id:784
*,2796,Y,Elective,ZZSkillsProgramme:ZZSkillsProgramme_ID:139;ZZUnitStandard:ZZUnitStandard_id:2445
*,2797,Y,Core,ZZSkillsProgramme:ZZSkillsProgramme_ID:139;ZZUnitStandard:ZZUnitStandard_id:2283
*,2798,Y,Elective,ZZSkillsProgramme:ZZSkillsProgramme_ID:139;ZZUnitStandard:ZZUnitStandard_id:2857
*,2799,Y,Elective,ZZSkillsProgramme:ZZSkillsProgramme_ID:139;ZZUnitStandard:ZZUnitStandard_id:2858
*,2800,Y,Elective,ZZSkillsProgramme:ZZSkillsProgramme_ID:139;ZZUnitStandard:ZZUnitStandard_id:2856
*,2801,Y,Core,ZZSkillsProgramme:ZZSkillsProgramme_ID:139;ZZUnitStandard:ZZUnitStandard_id:2855
*,2802,Y,Core,ZZSkillsProgramme:ZZSkillsProgramme_ID:139;ZZUnitStandard:ZZUnitStandard_id:2854
*,2803,Y,Elective,ZZSkillsProgramme:ZZSkillsProgramme_ID:140;ZZUnitStandard:ZZUnitStandard_id:782
*,2804,Y,Elective,ZZSkillsProgramme:ZZSkillsProgramme_ID:140;ZZUnitStandard:ZZUnitStandard_id:1234
*,2805,Y,Elective,ZZSkillsProgramme:ZZSkillsProgramme_ID:140;ZZUnitStandard:ZZUnitStandard_id:2360
*,2806,Y,Core,ZZSkillsProgramme:ZZSkillsProgramme_ID:140;ZZUnitStandard:ZZUnitStandard_id:2537
*,2807,Y,Elective,ZZSkillsProgramme:ZZSkillsProgramme_ID:140;ZZUnitStandard:ZZUnitStandard_id:1049
*,2808,Y,Elective,ZZSkillsProgramme:ZZSkillsProgramme_ID:140;ZZUnitStandard:ZZUnitStandard_id:2542
*,2809,Y,Elective,ZZSkillsProgramme:ZZSkillsProgramme_ID:140;ZZUnitStandard:ZZUnitStandard_id:2359
*,2810,Y,Elective,ZZSkillsProgramme:ZZSkillsProgramme_ID:140;ZZUnitStandard:ZZUnitStandard_id:2534
*,2811,Y,Elective,ZZSkillsProgramme:ZZSkillsProgramme_ID:140;ZZUnitStandard:ZZUnitStandard_id:2550
*,2812,Y,Elective,ZZSkillsProgramme:ZZSkillsProgramme_ID:140;ZZUnitStandard:ZZUnitStandard_id:2541
*,2813,Y,Elective,ZZSkillsProgramme:ZZSkillsProgramme_ID:140;ZZUnitStandard:ZZUnitStandard_id:2356
*,2814,Y,Elective,ZZSkillsProgramme:ZZSkillsProgramme_ID:140;ZZUnitStandard:ZZUnitStandard_id:530
*,2815,Y,Core,ZZSkillsProgramme:ZZSkillsProgramme_ID:140;ZZUnitStandard:ZZUnitStandard_id:3373
*,2816,Y,Core,ZZSkillsProgramme:ZZSkillsProgramme_ID:141;ZZUnitStandard:ZZUnitStandard_id:495
*,2817,Y,Elective,ZZSkillsProgramme:ZZSkillsProgramme_ID:141;ZZUnitStandard:ZZUnitStandard_id:496
*,2818,Y,Core,ZZSkillsProgramme:ZZSkillsProgramme_ID:141;ZZUnitStandard:ZZUnitStandard_id:491
*,2819,Y,Elective,ZZSkillsProgramme:ZZSkillsProgramme_ID:141;ZZUnitStandard:ZZUnitStandard_id:497
*,2820,Y,Core,ZZSkillsProgramme:ZZSkillsProgramme_ID:141;ZZUnitStandard:ZZUnitStandard_id:492
*,2821,Y,Core,ZZSkillsProgramme:ZZSkillsProgramme_ID:141;ZZUnitStandard:ZZUnitStandard_id:498
*,2822,Y,Core,ZZSkillsProgramme:ZZSkillsProgramme_ID:141;ZZUnitStandard:ZZUnitStandard_id:493
*,2823,Y,Elective,ZZSkillsProgramme:ZZSkillsProgramme_ID:141;ZZUnitStandard:ZZUnitStandard_id:141
*,2824,Y,Fundamental,ZZSkillsProgramme:ZZSkillsProgramme_ID:141;ZZUnitStandard:ZZUnitStandard_id:1164
*,2825,Y,Fundamental,ZZSkillsProgramme:ZZSkillsProgramme_ID:141;ZZUnitStandard:ZZUnitStandard_id:1165
*,2826,Y,Fundamental,ZZSkillsProgramme:ZZSkillsProgramme_ID:141;ZZUnitStandard:ZZUnitStandard_id:1173
*,2827,Y,Fundamental,ZZSkillsProgramme:ZZSkillsProgramme_ID:141;ZZUnitStandard:ZZUnitStandard_id:1177
*,2828,Y,Fundamental,ZZSkillsProgramme:ZZSkillsProgramme_ID:141;ZZUnitStandard:ZZUnitStandard_id:1188
*,2829,Y,Fundamental,ZZSkillsProgramme:ZZSkillsProgramme_ID:141;ZZUnitStandard:ZZUnitStandard_id:3374
*,2830,Y,Fundamental,ZZSkillsProgramme:ZZSkillsProgramme_ID:141;ZZUnitStandard:ZZUnitStandard_id:1190
*,2831,Y,Fundamental,ZZSkillsProgramme:ZZSkillsProgramme_ID:141;ZZUnitStandard:ZZUnitStandard_id:1518
*,2832,Y,Elective,ZZSkillsProgramme:ZZSkillsProgramme_ID:141;ZZUnitStandard:ZZUnitStandard_id:136
*,2833,Y,Core,ZZSkillsProgramme:ZZSkillsProgramme_ID:141;ZZUnitStandard:ZZUnitStandard_id:133
*,2834,Y,Elective,ZZSkillsProgramme:ZZSkillsProgramme_ID:141;ZZUnitStandard:ZZUnitStandard_id:137
*,2835,Y,Elective,ZZSkillsProgramme:ZZSkillsProgramme_ID:141;ZZUnitStandard:ZZUnitStandard_id:138
*,2836,Y,Elective,ZZSkillsProgramme:ZZSkillsProgramme_ID:141;ZZUnitStandard:ZZUnitStandard_id:139
*,2837,Y,Elective,ZZSkillsProgramme:ZZSkillsProgramme_ID:141;ZZUnitStandard:ZZUnitStandard_id:140
*,2838,Y,Elective,ZZSkillsProgramme:ZZSkillsProgramme_ID:141;ZZUnitStandard:ZZUnitStandard_id:142
*,2839,Y,Elective,ZZSkillsProgramme:ZZSkillsProgramme_ID:141;ZZUnitStandard:ZZUnitStandard_id:143
*,2840,Y,Core,ZZSkillsProgramme:ZZSkillsProgramme_ID:141;ZZUnitStandard:ZZUnitStandard_id:145
*,2841,Y,Core,ZZSkillsProgramme:ZZSkillsProgramme_ID:141;ZZUnitStandard:ZZUnitStandard_id:144
*,2842,Y,Core,ZZSkillsProgramme:ZZSkillsProgramme_ID:141;ZZUnitStandard:ZZUnitStandard_id:146
*,2843,Y,Core,ZZSkillsProgramme:ZZSkillsProgramme_ID:142;ZZUnitStandard:ZZUnitStandard_id:985
*,2844,Y,Elective,ZZSkillsProgramme:ZZSkillsProgramme_ID:142;ZZUnitStandard:ZZUnitStandard_id:2147
*,2845,Y,Elective,ZZSkillsProgramme:ZZSkillsProgramme_ID:142;ZZUnitStandard:ZZUnitStandard_id:1466
*,2846,Y,Elective,ZZSkillsProgramme:ZZSkillsProgramme_ID:142;ZZUnitStandard:ZZUnitStandard_id:1007
*,2847,Y,Core,ZZSkillsProgramme:ZZSkillsProgramme_ID:142;ZZUnitStandard:ZZUnitStandard_id:2273
*,2848,Y,Elective,ZZSkillsProgramme:ZZSkillsProgramme_ID:142;ZZUnitStandard:ZZUnitStandard_id:2266
*,2849,Y,Elective,ZZSkillsProgramme:ZZSkillsProgramme_ID:142;ZZUnitStandard:ZZUnitStandard_id:996
*,2850,Y,Elective,ZZSkillsProgramme:ZZSkillsProgramme_ID:142;ZZUnitStandard:ZZUnitStandard_id:2941
*,2851,Y,Elective,ZZSkillsProgramme:ZZSkillsProgramme_ID:142;ZZUnitStandard:ZZUnitStandard_id:2942
*,2852,Y,Elective,ZZSkillsProgramme:ZZSkillsProgramme_ID:142;ZZUnitStandard:ZZUnitStandard_id:2936
*,2853,Y,Core,ZZSkillsProgramme:ZZSkillsProgramme_ID:142;ZZUnitStandard:ZZUnitStandard_id:2916
*,2854,Y,Elective,ZZSkillsProgramme:ZZSkillsProgramme_ID:142;ZZUnitStandard:ZZUnitStandard_id:2924
*,2855,Y,Elective,ZZSkillsProgramme:ZZSkillsProgramme_ID:142;ZZUnitStandard:ZZUnitStandard_id:2933
*,2856,Y,Core,ZZSkillsProgramme:ZZSkillsProgramme_ID:142;ZZUnitStandard:ZZUnitStandard_id:2913
*,2857,Y,Elective,ZZSkillsProgramme:ZZSkillsProgramme_ID:142;ZZUnitStandard:ZZUnitStandard_id:2926
*,2858,Y,Elective,ZZSkillsProgramme:ZZSkillsProgramme_ID:142;ZZUnitStandard:ZZUnitStandard_id:2931
*,2859,Y,Core,ZZSkillsProgramme:ZZSkillsProgramme_ID:142;ZZUnitStandard:ZZUnitStandard_id:2915
*,2860,Y,Core,ZZSkillsProgramme:ZZSkillsProgramme_ID:142;ZZUnitStandard:ZZUnitStandard_id:2917
*,2861,Y,Core,ZZSkillsProgramme:ZZSkillsProgramme_ID:143;ZZUnitStandard:ZZUnitStandard_id:930
*,2862,Y,Core,ZZSkillsProgramme:ZZSkillsProgramme_ID:143;ZZUnitStandard:ZZUnitStandard_id:985
*,2863,Y,Elective,ZZSkillsProgramme:ZZSkillsProgramme_ID:143;ZZUnitStandard:ZZUnitStandard_id:1668
*,2864,Y,Elective,ZZSkillsProgramme:ZZSkillsProgramme_ID:143;ZZUnitStandard:ZZUnitStandard_id:2147
*,2865,Y,Elective,ZZSkillsProgramme:ZZSkillsProgramme_ID:143;ZZUnitStandard:ZZUnitStandard_id:1466
*,2866,Y,Core,ZZSkillsProgramme:ZZSkillsProgramme_ID:143;ZZUnitStandard:ZZUnitStandard_id:1011
*,2867,Y,Elective,ZZSkillsProgramme:ZZSkillsProgramme_ID:143;ZZUnitStandard:ZZUnitStandard_id:2266
*,2868,Y,Elective,ZZSkillsProgramme:ZZSkillsProgramme_ID:143;ZZUnitStandard:ZZUnitStandard_id:996
*,2869,Y,Core,ZZSkillsProgramme:ZZSkillsProgramme_ID:143;ZZUnitStandard:ZZUnitStandard_id:2921
*,2870,Y,Elective,ZZSkillsProgramme:ZZSkillsProgramme_ID:143;ZZUnitStandard:ZZUnitStandard_id:3042
*,2871,Y,Core,ZZSkillsProgramme:ZZSkillsProgramme_ID:143;ZZUnitStandard:ZZUnitStandard_id:2914
*,2872,Y,Elective,ZZSkillsProgramme:ZZSkillsProgramme_ID:143;ZZUnitStandard:ZZUnitStandard_id:2947
*,2873,Y,Elective,ZZSkillsProgramme:ZZSkillsProgramme_ID:143;ZZUnitStandard:ZZUnitStandard_id:2915
*,2874,Y,Elective,ZZSkillsProgramme:ZZSkillsProgramme_ID:143;ZZUnitStandard:ZZUnitStandard_id:2930
*,2875,Y,Core,ZZSkillsProgramme:ZZSkillsProgramme_ID:143;ZZUnitStandard:ZZUnitStandard_id:2920
*,2876,Y,Core,ZZSkillsProgramme:ZZSkillsProgramme_ID:144;ZZUnitStandard:ZZUnitStandard_id:930
*,2877,Y,Core,ZZSkillsProgramme:ZZSkillsProgramme_ID:144;ZZUnitStandard:ZZUnitStandard_id:985
*,2878,Y,Elective,ZZSkillsProgramme:ZZSkillsProgramme_ID:144;ZZUnitStandard:ZZUnitStandard_id:1668
*,2879,Y,Elective,ZZSkillsProgramme:ZZSkillsProgramme_ID:144;ZZUnitStandard:ZZUnitStandard_id:2147
*,2880,Y,Elective,ZZSkillsProgramme:ZZSkillsProgramme_ID:144;ZZUnitStandard:ZZUnitStandard_id:1466
*,2881,Y,Core,ZZSkillsProgramme:ZZSkillsProgramme_ID:144;ZZUnitStandard:ZZUnitStandard_id:1011
*,2882,Y,Elective,ZZSkillsProgramme:ZZSkillsProgramme_ID:144;ZZUnitStandard:ZZUnitStandard_id:2266
*,2883,Y,Elective,ZZSkillsProgramme:ZZSkillsProgramme_ID:144;ZZUnitStandard:ZZUnitStandard_id:996
*,2884,Y,Core,ZZSkillsProgramme:ZZSkillsProgramme_ID:144;ZZUnitStandard:ZZUnitStandard_id:2921
*,2885,Y,Elective,ZZSkillsProgramme:ZZSkillsProgramme_ID:144;ZZUnitStandard:ZZUnitStandard_id:3042
*,2886,Y,Core,ZZSkillsProgramme:ZZSkillsProgramme_ID:144;ZZUnitStandard:ZZUnitStandard_id:2914
*,2887,Y,Elective,ZZSkillsProgramme:ZZSkillsProgramme_ID:144;ZZUnitStandard:ZZUnitStandard_id:2947
*,2888,Y,Elective,ZZSkillsProgramme:ZZSkillsProgramme_ID:144;ZZUnitStandard:ZZUnitStandard_id:2915
*,2889,Y,Elective,ZZSkillsProgramme:ZZSkillsProgramme_ID:144;ZZUnitStandard:ZZUnitStandard_id:2930
*,2890,Y,Core,ZZSkillsProgramme:ZZSkillsProgramme_ID:145;ZZUnitStandard:ZZUnitStandard_id:736
*,2891,Y,Elective,ZZSkillsProgramme:ZZSkillsProgramme_ID:145;ZZUnitStandard:ZZUnitStandard_id:212
*,2892,Y,Elective,ZZSkillsProgramme:ZZSkillsProgramme_ID:145;ZZUnitStandard:ZZUnitStandard_id:213
*,2893,Y,Core,ZZSkillsProgramme:ZZSkillsProgramme_ID:146;ZZUnitStandard:ZZUnitStandard_id:930
*,2894,Y,Core,ZZSkillsProgramme:ZZSkillsProgramme_ID:146;ZZUnitStandard:ZZUnitStandard_id:985
*,2895,Y,Elective,ZZSkillsProgramme:ZZSkillsProgramme_ID:146;ZZUnitStandard:ZZUnitStandard_id:2147
*,2896,Y,Core,ZZSkillsProgramme:ZZSkillsProgramme_ID:146;ZZUnitStandard:ZZUnitStandard_id:1011
*,2897,Y,Elective,ZZSkillsProgramme:ZZSkillsProgramme_ID:146;ZZUnitStandard:ZZUnitStandard_id:996
*,2898,Y,Elective,ZZSkillsProgramme:ZZSkillsProgramme_ID:146;ZZUnitStandard:ZZUnitStandard_id:2921
*,2899,Y,Core,ZZSkillsProgramme:ZZSkillsProgramme_ID:146;ZZUnitStandard:ZZUnitStandard_id:3042
*,2900,Y,Core,ZZSkillsProgramme:ZZSkillsProgramme_ID:146;ZZUnitStandard:ZZUnitStandard_id:2914
*,2901,Y,Core,ZZSkillsProgramme:ZZSkillsProgramme_ID:146;ZZUnitStandard:ZZUnitStandard_id:2947
*,2902,Y,Elective,ZZSkillsProgramme:ZZSkillsProgramme_ID:146;ZZUnitStandard:ZZUnitStandard_id:2915
*,2903,Y,Elective,ZZSkillsProgramme:ZZSkillsProgramme_ID:146;ZZUnitStandard:ZZUnitStandard_id:2920
*,2904,Y,Core,ZZSkillsProgramme:ZZSkillsProgramme_ID:147;ZZUnitStandard:ZZUnitStandard_id:3353
*,2905,Y,Core,ZZSkillsProgramme:ZZSkillsProgramme_ID:147;ZZUnitStandard:ZZUnitStandard_id:2588
*,2906,Y,Core,ZZSkillsProgramme:ZZSkillsProgramme_ID:147;ZZUnitStandard:ZZUnitStandard_id:2587
*,2907,Y,Core,ZZSkillsProgramme:ZZSkillsProgramme_ID:147;ZZUnitStandard:ZZUnitStandard_id:2611
*,2908,Y,Core,ZZSkillsProgramme:ZZSkillsProgramme_ID:147;ZZUnitStandard:ZZUnitStandard_id:1196
*,2909,Y,Core,ZZSkillsProgramme:ZZSkillsProgramme_ID:148;ZZUnitStandard:ZZUnitStandard_id:862
*,2910,Y,Core,ZZSkillsProgramme:ZZSkillsProgramme_ID:148;ZZUnitStandard:ZZUnitStandard_id:786
*,2911,Y,Core,ZZSkillsProgramme:ZZSkillsProgramme_ID:148;ZZUnitStandard:ZZUnitStandard_id:3263
*,2912,Y,Core,ZZSkillsProgramme:ZZSkillsProgramme_ID:148;ZZUnitStandard:ZZUnitStandard_id:3273
*,2913,Y,Core,ZZSkillsProgramme:ZZSkillsProgramme_ID:148;ZZUnitStandard:ZZUnitStandard_id:3271
*,2914,Y,Core,ZZSkillsProgramme:ZZSkillsProgramme_ID:148;ZZUnitStandard:ZZUnitStandard_id:3272
*,2915,Y,Core,ZZSkillsProgramme:ZZSkillsProgramme_ID:148;ZZUnitStandard:ZZUnitStandard_id:3047
*,2916,Y,Core,ZZSkillsProgramme:ZZSkillsProgramme_ID:149;ZZUnitStandard:ZZUnitStandard_id:3263
*,2917,Y,Core,ZZSkillsProgramme:ZZSkillsProgramme_ID:149;ZZUnitStandard:ZZUnitStandard_id:3259
*,2918,Y,Core,ZZSkillsProgramme:ZZSkillsProgramme_ID:149;ZZUnitStandard:ZZUnitStandard_id:3273
*,2919,Y,Core,ZZSkillsProgramme:ZZSkillsProgramme_ID:149;ZZUnitStandard:ZZUnitStandard_id:3271
*,2920,Y,Core,ZZSkillsProgramme:ZZSkillsProgramme_ID:149;ZZUnitStandard:ZZUnitStandard_id:3272
*,2921,Y,Core,ZZSkillsProgramme:ZZSkillsProgramme_ID:149;ZZUnitStandard:ZZUnitStandard_id:3266
*,2922,Y,Core,ZZSkillsProgramme:ZZSkillsProgramme_ID:149;ZZUnitStandard:ZZUnitStandard_id:3262
*,2923,Y,Core,ZZSkillsProgramme:ZZSkillsProgramme_ID:150;ZZUnitStandard:ZZUnitStandard_id:786
*,2924,Y,Core,ZZSkillsProgramme:ZZSkillsProgramme_ID:150;ZZUnitStandard:ZZUnitStandard_id:2578
*,2925,Y,Core,ZZSkillsProgramme:ZZSkillsProgramme_ID:150;ZZUnitStandard:ZZUnitStandard_id:3047
*,2926,Y,Core,ZZSkillsProgramme:ZZSkillsProgramme_ID:150;ZZUnitStandard:ZZUnitStandard_id:3080
*,2927,Y,Core,ZZSkillsProgramme:ZZSkillsProgramme_ID:150;ZZUnitStandard:ZZUnitStandard_id:3069
*,2928,Y,Core,ZZSkillsProgramme:ZZSkillsProgramme_ID:151;ZZUnitStandard:ZZUnitStandard_id:1590
*,2929,Y,Core,ZZSkillsProgramme:ZZSkillsProgramme_ID:151;ZZUnitStandard:ZZUnitStandard_id:863
*,2930,Y,Core,ZZSkillsProgramme:ZZSkillsProgramme_ID:151;ZZUnitStandard:ZZUnitStandard_id:2577
*,2931,Y,Core,ZZSkillsProgramme:ZZSkillsProgramme_ID:151;ZZUnitStandard:ZZUnitStandard_id:786
*,2932,Y,Core,ZZSkillsProgramme:ZZSkillsProgramme_ID:151;ZZUnitStandard:ZZUnitStandard_id:789
*,2933,Y,Core,ZZSkillsProgramme:ZZSkillsProgramme_ID:151;ZZUnitStandard:ZZUnitStandard_id:860
*,2934,Y,Core,ZZSkillsProgramme:ZZSkillsProgramme_ID:151;ZZUnitStandard:ZZUnitStandard_id:2856
*,2935,Y,Core,ZZSkillsProgramme:ZZSkillsProgramme_ID:152;ZZUnitStandard:ZZUnitStandard_id:900
*,2936,Y,Core,ZZSkillsProgramme:ZZSkillsProgramme_ID:152;ZZUnitStandard:ZZUnitStandard_id:896
*,2937,Y,Core,ZZSkillsProgramme:ZZSkillsProgramme_ID:152;ZZUnitStandard:ZZUnitStandard_id:899
*,2938,Y,Core,ZZSkillsProgramme:ZZSkillsProgramme_ID:153;ZZUnitStandard:ZZUnitStandard_id:985
*,2939,Y,Elective,ZZSkillsProgramme:ZZSkillsProgramme_ID:153;ZZUnitStandard:ZZUnitStandard_id:2147
*,2940,Y,Elective,ZZSkillsProgramme:ZZSkillsProgramme_ID:153;ZZUnitStandard:ZZUnitStandard_id:1466
*,2941,Y,Elective,ZZSkillsProgramme:ZZSkillsProgramme_ID:153;ZZUnitStandard:ZZUnitStandard_id:1007
*,2942,Y,Core,ZZSkillsProgramme:ZZSkillsProgramme_ID:153;ZZUnitStandard:ZZUnitStandard_id:2273
*,2943,Y,Elective,ZZSkillsProgramme:ZZSkillsProgramme_ID:153;ZZUnitStandard:ZZUnitStandard_id:2266
*,2944,Y,Elective,ZZSkillsProgramme:ZZSkillsProgramme_ID:153;ZZUnitStandard:ZZUnitStandard_id:996
*,2945,Y,Elective,ZZSkillsProgramme:ZZSkillsProgramme_ID:153;ZZUnitStandard:ZZUnitStandard_id:2941
*,2946,Y,Elective,ZZSkillsProgramme:ZZSkillsProgramme_ID:153;ZZUnitStandard:ZZUnitStandard_id:2942
*,2947,Y,Elective,ZZSkillsProgramme:ZZSkillsProgramme_ID:153;ZZUnitStandard:ZZUnitStandard_id:2936
*,2948,Y,Core,ZZSkillsProgramme:ZZSkillsProgramme_ID:153;ZZUnitStandard:ZZUnitStandard_id:2916
*,2949,Y,Elective,ZZSkillsProgramme:ZZSkillsProgramme_ID:153;ZZUnitStandard:ZZUnitStandard_id:2924
*,2950,Y,Elective,ZZSkillsProgramme:ZZSkillsProgramme_ID:153;ZZUnitStandard:ZZUnitStandard_id:2933
*,2951,Y,Core,ZZSkillsProgramme:ZZSkillsProgramme_ID:153;ZZUnitStandard:ZZUnitStandard_id:2913
*,2952,Y,Elective,ZZSkillsProgramme:ZZSkillsProgramme_ID:153;ZZUnitStandard:ZZUnitStandard_id:2926
*,2953,Y,Elective,ZZSkillsProgramme:ZZSkillsProgramme_ID:153;ZZUnitStandard:ZZUnitStandard_id:2931
*,2954,Y,Core,ZZSkillsProgramme:ZZSkillsProgramme_ID:153;ZZUnitStandard:ZZUnitStandard_id:2915
*,2955,Y,Core,ZZSkillsProgramme:ZZSkillsProgramme_ID:153;ZZUnitStandard:ZZUnitStandard_id:2917
*,2956,Y,Core,ZZSkillsProgramme:ZZSkillsProgramme_ID:154;ZZUnitStandard:ZZUnitStandard_id:930
*,2957,Y,Core,ZZSkillsProgramme:ZZSkillsProgramme_ID:154;ZZUnitStandard:ZZUnitStandard_id:1010
*,2958,Y,Core,ZZSkillsProgramme:ZZSkillsProgramme_ID:154;ZZUnitStandard:ZZUnitStandard_id:1009
*,2959,Y,Core,ZZSkillsProgramme:ZZSkillsProgramme_ID:154;ZZUnitStandard:ZZUnitStandard_id:985
*,2960,Y,Elective,ZZSkillsProgramme:ZZSkillsProgramme_ID:154;ZZUnitStandard:ZZUnitStandard_id:919
*,2961,Y,Core,ZZSkillsProgramme:ZZSkillsProgramme_ID:154;ZZUnitStandard:ZZUnitStandard_id:433
*,2962,Y,Elective,ZZSkillsProgramme:ZZSkillsProgramme_ID:154;ZZUnitStandard:ZZUnitStandard_id:1668
*,2963,Y,Elective,ZZSkillsProgramme:ZZSkillsProgramme_ID:154;ZZUnitStandard:ZZUnitStandard_id:1078
*,2964,Y,Elective,ZZSkillsProgramme:ZZSkillsProgramme_ID:154;ZZUnitStandard:ZZUnitStandard_id:1077
*,2965,Y,Core,ZZSkillsProgramme:ZZSkillsProgramme_ID:154;ZZUnitStandard:ZZUnitStandard_id:1011
*,2966,Y,Elective,ZZSkillsProgramme:ZZSkillsProgramme_ID:154;ZZUnitStandard:ZZUnitStandard_id:2266
*,2967,Y,Elective,ZZSkillsProgramme:ZZSkillsProgramme_ID:154;ZZUnitStandard:ZZUnitStandard_id:996
*,2968,Y,Elective,ZZSkillsProgramme:ZZSkillsProgramme_ID:155;ZZUnitStandard:ZZUnitStandard_id:901
*,2969,Y,Elective,ZZSkillsProgramme:ZZSkillsProgramme_ID:155;ZZUnitStandard:ZZUnitStandard_id:3356
*,2970,Y,Core,ZZSkillsProgramme:ZZSkillsProgramme_ID:155;ZZUnitStandard:ZZUnitStandard_id:469
*,2971,Y,Elective,ZZSkillsProgramme:ZZSkillsProgramme_ID:155;ZZUnitStandard:ZZUnitStandard_id:387
*,2972,Y,Core,ZZSkillsProgramme:ZZSkillsProgramme_ID:155;ZZUnitStandard:ZZUnitStandard_id:1034
*,2973,Y,Elective,ZZSkillsProgramme:ZZSkillsProgramme_ID:155;ZZUnitStandard:ZZUnitStandard_id:529
*,2974,Y,Elective,ZZSkillsProgramme:ZZSkillsProgramme_ID:155;ZZUnitStandard:ZZUnitStandard_id:1234
*,2975,Y,Elective,ZZSkillsProgramme:ZZSkillsProgramme_ID:155;ZZUnitStandard:ZZUnitStandard_id:2537
*,2976,Y,Elective,ZZSkillsProgramme:ZZSkillsProgramme_ID:155;ZZUnitStandard:ZZUnitStandard_id:2542
*,2977,Y,Elective,ZZSkillsProgramme:ZZSkillsProgramme_ID:155;ZZUnitStandard:ZZUnitStandard_id:2553
*,2978,Y,Elective,ZZSkillsProgramme:ZZSkillsProgramme_ID:155;ZZUnitStandard:ZZUnitStandard_id:2543
*,2979,Y,Elective,ZZSkillsProgramme:ZZSkillsProgramme_ID:155;ZZUnitStandard:ZZUnitStandard_id:2534
*,2980,Y,Core,ZZSkillsProgramme:ZZSkillsProgramme_ID:155;ZZUnitStandard:ZZUnitStandard_id:2536
*,2981,Y,Elective,ZZSkillsProgramme:ZZSkillsProgramme_ID:155;ZZUnitStandard:ZZUnitStandard_id:2633
*,2982,Y,Elective,ZZSkillsProgramme:ZZSkillsProgramme_ID:155;ZZUnitStandard:ZZUnitStandard_id:2552
*,2983,Y,Elective,ZZSkillsProgramme:ZZSkillsProgramme_ID:155;ZZUnitStandard:ZZUnitStandard_id:2551
*,2984,Y,Elective,ZZSkillsProgramme:ZZSkillsProgramme_ID:155;ZZUnitStandard:ZZUnitStandard_id:2544
*,2985,Y,Elective,ZZSkillsProgramme:ZZSkillsProgramme_ID:155;ZZUnitStandard:ZZUnitStandard_id:2634
*,2986,Y,Core,ZZSkillsProgramme:ZZSkillsProgramme_ID:155;ZZUnitStandard:ZZUnitStandard_id:3357
*,2987,Y,Elective,ZZSkillsProgramme:ZZSkillsProgramme_ID:155;ZZUnitStandard:ZZUnitStandard_id:3354
*,2988,Y,Elective,ZZSkillsProgramme:ZZSkillsProgramme_ID:155;ZZUnitStandard:ZZUnitStandard_id:3355
*,2989,Y,Elective,ZZSkillsProgramme:ZZSkillsProgramme_ID:156;ZZUnitStandard:ZZUnitStandard_id:451
*,2990,Y,Elective,ZZSkillsProgramme:ZZSkillsProgramme_ID:156;ZZUnitStandard:ZZUnitStandard_id:1010
*,2991,Y,Elective,ZZSkillsProgramme:ZZSkillsProgramme_ID:156;ZZUnitStandard:ZZUnitStandard_id:1009
*,2992,Y,Elective,ZZSkillsProgramme:ZZSkillsProgramme_ID:156;ZZUnitStandard:ZZUnitStandard_id:919
*,2993,Y,Elective,ZZSkillsProgramme:ZZSkillsProgramme_ID:156;ZZUnitStandard:ZZUnitStandard_id:1078
*,2994,Y,Elective,ZZSkillsProgramme:ZZSkillsProgramme_ID:156;ZZUnitStandard:ZZUnitStandard_id:996
*,2995,Y,Elective,ZZSkillsProgramme:ZZSkillsProgramme_ID:157;ZZUnitStandard:ZZUnitStandard_id:1010
*,2996,Y,Elective,ZZSkillsProgramme:ZZSkillsProgramme_ID:157;ZZUnitStandard:ZZUnitStandard_id:1009
*,2997,Y,Elective,ZZSkillsProgramme:ZZSkillsProgramme_ID:157;ZZUnitStandard:ZZUnitStandard_id:919
*,2998,Y,Elective,ZZSkillsProgramme:ZZSkillsProgramme_ID:157;ZZUnitStandard:ZZUnitStandard_id:1078
*,2999,Y,Elective,ZZSkillsProgramme:ZZSkillsProgramme_ID:157;ZZUnitStandard:ZZUnitStandard_id:996
*,3000,Y,Core,ZZSkillsProgramme:ZZSkillsProgramme_ID:158;ZZUnitStandard:ZZUnitStandard_id:1034
*,3001,Y,Elective,ZZSkillsProgramme:ZZSkillsProgramme_ID:158;ZZUnitStandard:ZZUnitStandard_id:529
*,3002,Y,Elective,ZZSkillsProgramme:ZZSkillsProgramme_ID:158;ZZUnitStandard:ZZUnitStandard_id:2553
*,3003,Y,Elective,ZZSkillsProgramme:ZZSkillsProgramme_ID:158;ZZUnitStandard:ZZUnitStandard_id:2543
*,3004,Y,Elective,ZZSkillsProgramme:ZZSkillsProgramme_ID:158;ZZUnitStandard:ZZUnitStandard_id:2534
*,3005,Y,Core,ZZSkillsProgramme:ZZSkillsProgramme_ID:158;ZZUnitStandard:ZZUnitStandard_id:2536
*,3006,Y,Elective,ZZSkillsProgramme:ZZSkillsProgramme_ID:158;ZZUnitStandard:ZZUnitStandard_id:2633
*,3007,Y,Elective,ZZSkillsProgramme:ZZSkillsProgramme_ID:158;ZZUnitStandard:ZZUnitStandard_id:2551
*,3008,Y,Elective,ZZSkillsProgramme:ZZSkillsProgramme_ID:158;ZZUnitStandard:ZZUnitStandard_id:3357
*,3009,Y,Elective,ZZSkillsProgramme:ZZSkillsProgramme_ID:158;ZZUnitStandard:ZZUnitStandard_id:2574
*,3010,Y,Elective,ZZSkillsProgramme:ZZSkillsProgramme_ID:158;ZZUnitStandard:ZZUnitStandard_id:2570
*,3011,Y,Elective,ZZSkillsProgramme:ZZSkillsProgramme_ID:158;ZZUnitStandard:ZZUnitStandard_id:3358
*,3012,Y,Elective,ZZSkillsProgramme:ZZSkillsProgramme_ID:159;ZZUnitStandard:ZZUnitStandard_id:901
*,3013,Y,Elective,ZZSkillsProgramme:ZZSkillsProgramme_ID:159;ZZUnitStandard:ZZUnitStandard_id:980
*,3014,Y,Elective,ZZSkillsProgramme:ZZSkillsProgramme_ID:159;ZZUnitStandard:ZZUnitStandard_id:527
*,3015,Y,Core,ZZSkillsProgramme:ZZSkillsProgramme_ID:159;ZZUnitStandard:ZZUnitStandard_id:1034
*,3016,Y,Elective,ZZSkillsProgramme:ZZSkillsProgramme_ID:159;ZZUnitStandard:ZZUnitStandard_id:529
*,3017,Y,Elective,ZZSkillsProgramme:ZZSkillsProgramme_ID:159;ZZUnitStandard:ZZUnitStandard_id:2535
*,3018,Y,Elective,ZZSkillsProgramme:ZZSkillsProgramme_ID:159;ZZUnitStandard:ZZUnitStandard_id:1234
*,3019,Y,Elective,ZZSkillsProgramme:ZZSkillsProgramme_ID:159;ZZUnitStandard:ZZUnitStandard_id:606
*,3020,Y,Core,ZZSkillsProgramme:ZZSkillsProgramme_ID:159;ZZUnitStandard:ZZUnitStandard_id:2537
*,3021,Y,Elective,ZZSkillsProgramme:ZZSkillsProgramme_ID:159;ZZUnitStandard:ZZUnitStandard_id:1049
*,3022,Y,Elective,ZZSkillsProgramme:ZZSkillsProgramme_ID:159;ZZUnitStandard:ZZUnitStandard_id:2553
*,3023,Y,Elective,ZZSkillsProgramme:ZZSkillsProgramme_ID:159;ZZUnitStandard:ZZUnitStandard_id:2543
*,3024,Y,Elective,ZZSkillsProgramme:ZZSkillsProgramme_ID:159;ZZUnitStandard:ZZUnitStandard_id:2534
*,3025,Y,Core,ZZSkillsProgramme:ZZSkillsProgramme_ID:159;ZZUnitStandard:ZZUnitStandard_id:2536
*,3026,Y,Core,ZZSkillsProgramme:ZZSkillsProgramme_ID:159;ZZUnitStandard:ZZUnitStandard_id:2633
*,3027,Y,Elective,ZZSkillsProgramme:ZZSkillsProgramme_ID:159;ZZUnitStandard:ZZUnitStandard_id:2551
*,3028,Y,Elective,ZZSkillsProgramme:ZZSkillsProgramme_ID:159;ZZUnitStandard:ZZUnitStandard_id:2544
*,3029,Y,Elective,ZZSkillsProgramme:ZZSkillsProgramme_ID:159;ZZUnitStandard:ZZUnitStandard_id:531
*,3030,Y,Core,ZZSkillsProgramme:ZZSkillsProgramme_ID:159;ZZUnitStandard:ZZUnitStandard_id:530
*,3031,Y,Elective,ZZSkillsProgramme:ZZSkillsProgramme_ID:159;ZZUnitStandard:ZZUnitStandard_id:2572
*,3032,Y,Elective,ZZSkillsProgramme:ZZSkillsProgramme_ID:159;ZZUnitStandard:ZZUnitStandard_id:2573
*,3033,Y,Elective,ZZSkillsProgramme:ZZSkillsProgramme_ID:159;ZZUnitStandard:ZZUnitStandard_id:2884
*,3034,Y,Elective,ZZSkillsProgramme:ZZSkillsProgramme_ID:160;ZZUnitStandard:ZZUnitStandard_id:901
*,3035,Y,Elective,ZZSkillsProgramme:ZZSkillsProgramme_ID:160;ZZUnitStandard:ZZUnitStandard_id:527
*,3036,Y,Core,ZZSkillsProgramme:ZZSkillsProgramme_ID:160;ZZUnitStandard:ZZUnitStandard_id:1034
*,3037,Y,Elective,ZZSkillsProgramme:ZZSkillsProgramme_ID:160;ZZUnitStandard:ZZUnitStandard_id:1234
*,3038,Y,Core,ZZSkillsProgramme:ZZSkillsProgramme_ID:160;ZZUnitStandard:ZZUnitStandard_id:2537
*,3039,Y,Elective,ZZSkillsProgramme:ZZSkillsProgramme_ID:160;ZZUnitStandard:ZZUnitStandard_id:2553
*,3040,Y,Elective,ZZSkillsProgramme:ZZSkillsProgramme_ID:160;ZZUnitStandard:ZZUnitStandard_id:2543
*,3041,Y,Elective,ZZSkillsProgramme:ZZSkillsProgramme_ID:160;ZZUnitStandard:ZZUnitStandard_id:2534
*,3042,Y,Core,ZZSkillsProgramme:ZZSkillsProgramme_ID:160;ZZUnitStandard:ZZUnitStandard_id:2536
*,3043,Y,Elective,ZZSkillsProgramme:ZZSkillsProgramme_ID:160;ZZUnitStandard:ZZUnitStandard_id:2633
*,3044,Y,Elective,ZZSkillsProgramme:ZZSkillsProgramme_ID:160;ZZUnitStandard:ZZUnitStandard_id:2551
*,3045,Y,Elective,ZZSkillsProgramme:ZZSkillsProgramme_ID:160;ZZUnitStandard:ZZUnitStandard_id:2544
*,3046,Y,Elective,ZZSkillsProgramme:ZZSkillsProgramme_ID:160;ZZUnitStandard:ZZUnitStandard_id:2634
*,3047,Y,Elective,ZZSkillsProgramme:ZZSkillsProgramme_ID:161;ZZUnitStandard:ZZUnitStandard_id:2025
*,3048,Y,Elective,ZZSkillsProgramme:ZZSkillsProgramme_ID:161;ZZUnitStandard:ZZUnitStandard_id:1034
*,3049,Y,Core,ZZSkillsProgramme:ZZSkillsProgramme_ID:161;ZZUnitStandard:ZZUnitStandard_id:2535
*,3050,Y,Elective,ZZSkillsProgramme:ZZSkillsProgramme_ID:161;ZZUnitStandard:ZZUnitStandard_id:2360
*,3051,Y,Core,ZZSkillsProgramme:ZZSkillsProgramme_ID:161;ZZUnitStandard:ZZUnitStandard_id:2537
*,3052,Y,Elective,ZZSkillsProgramme:ZZSkillsProgramme_ID:161;ZZUnitStandard:ZZUnitStandard_id:1049
*,3053,Y,Elective,ZZSkillsProgramme:ZZSkillsProgramme_ID:161;ZZUnitStandard:ZZUnitStandard_id:2542
*,3054,Y,Elective,ZZSkillsProgramme:ZZSkillsProgramme_ID:161;ZZUnitStandard:ZZUnitStandard_id:2548
*,3055,Y,Elective,ZZSkillsProgramme:ZZSkillsProgramme_ID:161;ZZUnitStandard:ZZUnitStandard_id:618
*,3056,Y,Core,ZZSkillsProgramme:ZZSkillsProgramme_ID:161;ZZUnitStandard:ZZUnitStandard_id:530
*,3057,Y,Elective,ZZSkillsProgramme:ZZSkillsProgramme_ID:161;ZZUnitStandard:ZZUnitStandard_id:3359
*,3058,Y,Elective,ZZSkillsProgramme:ZZSkillsProgramme_ID:161;ZZUnitStandard:ZZUnitStandard_id:3360
*,3059,Y,Elective,ZZSkillsProgramme:ZZSkillsProgramme_ID:162;ZZUnitStandard:ZZUnitStandard_id:2025
*,3060,Y,Elective,ZZSkillsProgramme:ZZSkillsProgramme_ID:162;ZZUnitStandard:ZZUnitStandard_id:527
*,3061,Y,Elective,ZZSkillsProgramme:ZZSkillsProgramme_ID:162;ZZUnitStandard:ZZUnitStandard_id:1034
*,3062,Y,Elective,ZZSkillsProgramme:ZZSkillsProgramme_ID:162;ZZUnitStandard:ZZUnitStandard_id:2549
*,3063,Y,Core,ZZSkillsProgramme:ZZSkillsProgramme_ID:162;ZZUnitStandard:ZZUnitStandard_id:2537
*,3064,Y,Elective,ZZSkillsProgramme:ZZSkillsProgramme_ID:162;ZZUnitStandard:ZZUnitStandard_id:1049
*,3065,Y,Elective,ZZSkillsProgramme:ZZSkillsProgramme_ID:162;ZZUnitStandard:ZZUnitStandard_id:407
*,3066,Y,Core,ZZSkillsProgramme:ZZSkillsProgramme_ID:162;ZZUnitStandard:ZZUnitStandard_id:2534
*,3067,Y,Elective,ZZSkillsProgramme:ZZSkillsProgramme_ID:162;ZZUnitStandard:ZZUnitStandard_id:2548
*,3068,Y,Elective,ZZSkillsProgramme:ZZSkillsProgramme_ID:162;ZZUnitStandard:ZZUnitStandard_id:380
*,3069,Y,Elective,ZZSkillsProgramme:ZZSkillsProgramme_ID:162;ZZUnitStandard:ZZUnitStandard_id:396
*,3070,Y,Elective,ZZSkillsProgramme:ZZSkillsProgramme_ID:162;ZZUnitStandard:ZZUnitStandard_id:394
*,3071,Y,Core,ZZSkillsProgramme:ZZSkillsProgramme_ID:162;ZZUnitStandard:ZZUnitStandard_id:2544
*,3072,Y,Elective,ZZSkillsProgramme:ZZSkillsProgramme_ID:162;ZZUnitStandard:ZZUnitStandard_id:531
*,3073,Y,Elective,ZZSkillsProgramme:ZZSkillsProgramme_ID:162;ZZUnitStandard:ZZUnitStandard_id:530
*,3074,Y,Elective,ZZSkillsProgramme:ZZSkillsProgramme_ID:162;ZZUnitStandard:ZZUnitStandard_id:2634
*,3075,Y,Elective,ZZSkillsProgramme:ZZSkillsProgramme_ID:162;ZZUnitStandard:ZZUnitStandard_id:3365
*,3076,Y,Core,ZZSkillsProgramme:ZZSkillsProgramme_ID:162;ZZUnitStandard:ZZUnitStandard_id:3361
*,3077,Y,Elective,ZZSkillsProgramme:ZZSkillsProgramme_ID:162;ZZUnitStandard:ZZUnitStandard_id:3364
*,3078,Y,Elective,ZZSkillsProgramme:ZZSkillsProgramme_ID:162;ZZUnitStandard:ZZUnitStandard_id:3363
*,3079,Y,Elective,ZZSkillsProgramme:ZZSkillsProgramme_ID:162;ZZUnitStandard:ZZUnitStandard_id:3362
*,3080,Y,Elective,ZZSkillsProgramme:ZZSkillsProgramme_ID:162;ZZUnitStandard:ZZUnitStandard_id:3360
*,3081,Y,Elective,ZZSkillsProgramme:ZZSkillsProgramme_ID:163;ZZUnitStandard:ZZUnitStandard_id:2025
*,3082,Y,Elective,ZZSkillsProgramme:ZZSkillsProgramme_ID:163;ZZUnitStandard:ZZUnitStandard_id:610
*,3083,Y,Elective,ZZSkillsProgramme:ZZSkillsProgramme_ID:163;ZZUnitStandard:ZZUnitStandard_id:1034
*,3084,Y,Elective,ZZSkillsProgramme:ZZSkillsProgramme_ID:163;ZZUnitStandard:ZZUnitStandard_id:2360
*,3085,Y,Elective,ZZSkillsProgramme:ZZSkillsProgramme_ID:163;ZZUnitStandard:ZZUnitStandard_id:616
*,3086,Y,Core,ZZSkillsProgramme:ZZSkillsProgramme_ID:163;ZZUnitStandard:ZZUnitStandard_id:2549
*,3087,Y,Core,ZZSkillsProgramme:ZZSkillsProgramme_ID:163;ZZUnitStandard:ZZUnitStandard_id:2537
*,3088,Y,Elective,ZZSkillsProgramme:ZZSkillsProgramme_ID:163;ZZUnitStandard:ZZUnitStandard_id:1049
*,3089,Y,Core,ZZSkillsProgramme:ZZSkillsProgramme_ID:163;ZZUnitStandard:ZZUnitStandard_id:381
*,3090,Y,Elective,ZZSkillsProgramme:ZZSkillsProgramme_ID:163;ZZUnitStandard:ZZUnitStandard_id:2359
*,3091,Y,Core,ZZSkillsProgramme:ZZSkillsProgramme_ID:163;ZZUnitStandard:ZZUnitStandard_id:2548
*,3092,Y,Core,ZZSkillsProgramme:ZZSkillsProgramme_ID:163;ZZUnitStandard:ZZUnitStandard_id:2550
*,3093,Y,Core,ZZSkillsProgramme:ZZSkillsProgramme_ID:163;ZZUnitStandard:ZZUnitStandard_id:380
*,3094,Y,Elective,ZZSkillsProgramme:ZZSkillsProgramme_ID:163;ZZUnitStandard:ZZUnitStandard_id:399
*,3095,Y,Core,ZZSkillsProgramme:ZZSkillsProgramme_ID:163;ZZUnitStandard:ZZUnitStandard_id:2547
*,3096,Y,Elective,ZZSkillsProgramme:ZZSkillsProgramme_ID:163;ZZUnitStandard:ZZUnitStandard_id:2357
*,3097,Y,Elective,ZZSkillsProgramme:ZZSkillsProgramme_ID:163;ZZUnitStandard:ZZUnitStandard_id:618
*,3098,Y,Elective,ZZSkillsProgramme:ZZSkillsProgramme_ID:163;ZZUnitStandard:ZZUnitStandard_id:2356
*,3099,Y,Elective,ZZSkillsProgramme:ZZSkillsProgramme_ID:163;ZZUnitStandard:ZZUnitStandard_id:394
*,3100,Y,Elective,ZZSkillsProgramme:ZZSkillsProgramme_ID:163;ZZUnitStandard:ZZUnitStandard_id:530
*,3101,Y,Core,ZZSkillsProgramme:ZZSkillsProgramme_ID:163;ZZUnitStandard:ZZUnitStandard_id:472
*,3102,Y,Elective,ZZSkillsProgramme:ZZSkillsProgramme_ID:163;ZZUnitStandard:ZZUnitStandard_id:2772
*,3103,Y,Elective,ZZSkillsProgramme:ZZSkillsProgramme_ID:163;ZZUnitStandard:ZZUnitStandard_id:3367
*,3104,Y,Elective,ZZSkillsProgramme:ZZSkillsProgramme_ID:163;ZZUnitStandard:ZZUnitStandard_id:3366
*,3105,Y,Elective,ZZSkillsProgramme:ZZSkillsProgramme_ID:164;ZZUnitStandard:ZZUnitStandard_id:1034
*,3106,Y,Elective,ZZSkillsProgramme:ZZSkillsProgramme_ID:164;ZZUnitStandard:ZZUnitStandard_id:1234
*,3107,Y,Elective,ZZSkillsProgramme:ZZSkillsProgramme_ID:164;ZZUnitStandard:ZZUnitStandard_id:2360
*,3108,Y,Core,ZZSkillsProgramme:ZZSkillsProgramme_ID:164;ZZUnitStandard:ZZUnitStandard_id:2537
*,3109,Y,Elective,ZZSkillsProgramme:ZZSkillsProgramme_ID:164;ZZUnitStandard:ZZUnitStandard_id:2534
*,3110,Y,Core,ZZSkillsProgramme:ZZSkillsProgramme_ID:164;ZZUnitStandard:ZZUnitStandard_id:2536
*,3111,Y,Elective,ZZSkillsProgramme:ZZSkillsProgramme_ID:164;ZZUnitStandard:ZZUnitStandard_id:2633
*,3112,Y,Elective,ZZSkillsProgramme:ZZSkillsProgramme_ID:164;ZZUnitStandard:ZZUnitStandard_id:394
*,3113,Y,Elective,ZZSkillsProgramme:ZZSkillsProgramme_ID:164;ZZUnitStandard:ZZUnitStandard_id:2551
*,3114,Y,Elective,ZZSkillsProgramme:ZZSkillsProgramme_ID:164;ZZUnitStandard:ZZUnitStandard_id:2544
*,3115,Y,Elective,ZZSkillsProgramme:ZZSkillsProgramme_ID:164;ZZUnitStandard:ZZUnitStandard_id:376
*,3116,Y,Elective,ZZSkillsProgramme:ZZSkillsProgramme_ID:164;ZZUnitStandard:ZZUnitStandard_id:375
*,3117,Y,Elective,ZZSkillsProgramme:ZZSkillsProgramme_ID:164;ZZUnitStandard:ZZUnitStandard_id:2634
*,3118,Y,Core,ZZSkillsProgramme:ZZSkillsProgramme_ID:164;ZZUnitStandard:ZZUnitStandard_id:3354
*,3119,Y,Elective,ZZSkillsProgramme:ZZSkillsProgramme_ID:164;ZZUnitStandard:ZZUnitStandard_id:3368
*,3120,Y,Elective,ZZSkillsProgramme:ZZSkillsProgramme_ID:164;ZZUnitStandard:ZZUnitStandard_id:3369
*,3121,Y,Elective,ZZSkillsProgramme:ZZSkillsProgramme_ID:165;ZZUnitStandard:ZZUnitStandard_id:2025
*,3122,Y,Elective,ZZSkillsProgramme:ZZSkillsProgramme_ID:165;ZZUnitStandard:ZZUnitStandard_id:1034
*,3123,Y,Elective,ZZSkillsProgramme:ZZSkillsProgramme_ID:165;ZZUnitStandard:ZZUnitStandard_id:2535
*,3124,Y,Elective,ZZSkillsProgramme:ZZSkillsProgramme_ID:165;ZZUnitStandard:ZZUnitStandard_id:1234
*,3125,Y,Core,ZZSkillsProgramme:ZZSkillsProgramme_ID:165;ZZUnitStandard:ZZUnitStandard_id:2537
*,3126,Y,Elective,ZZSkillsProgramme:ZZSkillsProgramme_ID:165;ZZUnitStandard:ZZUnitStandard_id:1049
*,3127,Y,Elective,ZZSkillsProgramme:ZZSkillsProgramme_ID:165;ZZUnitStandard:ZZUnitStandard_id:2542
*,3128,Y,Elective,ZZSkillsProgramme:ZZSkillsProgramme_ID:165;ZZUnitStandard:ZZUnitStandard_id:2534
*,3129,Y,Elective,ZZSkillsProgramme:ZZSkillsProgramme_ID:165;ZZUnitStandard:ZZUnitStandard_id:2536
*,3130,Y,Elective,ZZSkillsProgramme:ZZSkillsProgramme_ID:165;ZZUnitStandard:ZZUnitStandard_id:2551
*,3131,Y,Core,ZZSkillsProgramme:ZZSkillsProgramme_ID:165;ZZUnitStandard:ZZUnitStandard_id:530
*,3132,Y,Core,ZZSkillsProgramme:ZZSkillsProgramme_ID:165;ZZUnitStandard:ZZUnitStandard_id:2575
*,3133,Y,Elective,ZZSkillsProgramme:ZZSkillsProgramme_ID:165;ZZUnitStandard:ZZUnitStandard_id:3370
*,3134,Y,Elective,ZZSkillsProgramme:ZZSkillsProgramme_ID:165;ZZUnitStandard:ZZUnitStandard_id:3360
*,3135,Y,Elective,ZZSkillsProgramme:ZZSkillsProgramme_ID:166;ZZUnitStandard:ZZUnitStandard_id:2025
*,3136,Y,Elective,ZZSkillsProgramme:ZZSkillsProgramme_ID:166;ZZUnitStandard:ZZUnitStandard_id:1034
*,3137,Y,Elective,ZZSkillsProgramme:ZZSkillsProgramme_ID:166;ZZUnitStandard:ZZUnitStandard_id:2360
*,3138,Y,Core,ZZSkillsProgramme:ZZSkillsProgramme_ID:166;ZZUnitStandard:ZZUnitStandard_id:2537
*,3139,Y,Core,ZZSkillsProgramme:ZZSkillsProgramme_ID:166;ZZUnitStandard:ZZUnitStandard_id:2359
*,3140,Y,Elective,ZZSkillsProgramme:ZZSkillsProgramme_ID:166;ZZUnitStandard:ZZUnitStandard_id:2550
*,3141,Y,Core,ZZSkillsProgramme:ZZSkillsProgramme_ID:166;ZZUnitStandard:ZZUnitStandard_id:2541
*,3142,Y,Elective,ZZSkillsProgramme:ZZSkillsProgramme_ID:166;ZZUnitStandard:ZZUnitStandard_id:394
*,3143,Y,Elective,ZZSkillsProgramme:ZZSkillsProgramme_ID:166;ZZUnitStandard:ZZUnitStandard_id:522
*,3144,Y,Core,ZZSkillsProgramme:ZZSkillsProgramme_ID:166;ZZUnitStandard:ZZUnitStandard_id:117
*,3145,Y,Elective,ZZSkillsProgramme:ZZSkillsProgramme_ID:166;ZZUnitStandard:ZZUnitStandard_id:3364
*,3146,Y,Core,ZZSkillsProgramme:ZZSkillsProgramme_ID:166;ZZUnitStandard:ZZUnitStandard_id:3371
*,3147,Y,Elective,ZZSkillsProgramme:ZZSkillsProgramme_ID:166;ZZUnitStandard:ZZUnitStandard_id:3372
*,3148,Y,Elective,ZZSkillsProgramme:ZZSkillsProgramme_ID:166;ZZUnitStandard:ZZUnitStandard_id:3360
*,3149,Y,Elective,ZZSkillsProgramme:ZZSkillsProgramme_ID:167;ZZUnitStandard:ZZUnitStandard_id:2789
*,3150,Y,Core,ZZSkillsProgramme:ZZSkillsProgramme_ID:167;ZZUnitStandard:ZZUnitStandard_id:3395
*,3151,Y,Elective,ZZSkillsProgramme:ZZSkillsProgramme_ID:167;ZZUnitStandard:ZZUnitStandard_id:1378
*,3152,Y,Elective,ZZSkillsProgramme:ZZSkillsProgramme_ID:167;ZZUnitStandard:ZZUnitStandard_id:3404
*,3153,Y,Core,ZZSkillsProgramme:ZZSkillsProgramme_ID:167;ZZUnitStandard:ZZUnitStandard_id:3388
*,3154,Y,Core,ZZSkillsProgramme:ZZSkillsProgramme_ID:167;ZZUnitStandard:ZZUnitStandard_id:3389
*,3155,Y,Elective,ZZSkillsProgramme:ZZSkillsProgramme_ID:167;ZZUnitStandard:ZZUnitStandard_id:3405
*,3156,Y,Elective,ZZSkillsProgramme:ZZSkillsProgramme_ID:167;ZZUnitStandard:ZZUnitStandard_id:3403
*,3157,Y,Elective,ZZSkillsProgramme:ZZSkillsProgramme_ID:167;ZZUnitStandard:ZZUnitStandard_id:3398
*,3158,Y,Elective,ZZSkillsProgramme:ZZSkillsProgramme_ID:167;ZZUnitStandard:ZZUnitStandard_id:3399
*,3159,Y,Elective,ZZSkillsProgramme:ZZSkillsProgramme_ID:167;ZZUnitStandard:ZZUnitStandard_id:3397
*,3160,Y,Core,ZZSkillsProgramme:ZZSkillsProgramme_ID:167;ZZUnitStandard:ZZUnitStandard_id:3390
*,3161,Y,Elective,ZZSkillsProgramme:ZZSkillsProgramme_ID:167;ZZUnitStandard:ZZUnitStandard_id:3402
*,3162,Y,Core,ZZSkillsProgramme:ZZSkillsProgramme_ID:167;ZZUnitStandard:ZZUnitStandard_id:3394
*,3163,Y,Core,ZZSkillsProgramme:ZZSkillsProgramme_ID:167;ZZUnitStandard:ZZUnitStandard_id:3392
*,3164,Y,Core,ZZSkillsProgramme:ZZSkillsProgramme_ID:167;ZZUnitStandard:ZZUnitStandard_id:3393
*,3165,Y,Core,ZZSkillsProgramme:ZZSkillsProgramme_ID:167;ZZUnitStandard:ZZUnitStandard_id:3387
*,3166,Y,Elective,ZZSkillsProgramme:ZZSkillsProgramme_ID:167;ZZUnitStandard:ZZUnitStandard_id:3401
*,3167,Y,Elective,ZZSkillsProgramme:ZZSkillsProgramme_ID:167;ZZUnitStandard:ZZUnitStandard_id:3400
*,3168,Y,Core,ZZSkillsProgramme:ZZSkillsProgramme_ID:167;ZZUnitStandard:ZZUnitStandard_id:3391
*,3169,Y,Core,ZZSkillsProgramme:ZZSkillsProgramme_ID:167;ZZUnitStandard:ZZUnitStandard_id:3396
*,3170,Y,Core,ZZSkillsProgramme:ZZSkillsProgramme_ID:168;ZZUnitStandard:ZZUnitStandard_id:2002
*,3171,Y,Elective,ZZSkillsProgramme:ZZSkillsProgramme_ID:168;ZZUnitStandard:ZZUnitStandard_id:152
*,3172,Y,Elective,ZZSkillsProgramme:ZZSkillsProgramme_ID:168;ZZUnitStandard:ZZUnitStandard_id:171
*,3173,Y,Core,ZZSkillsProgramme:ZZSkillsProgramme_ID:168;ZZUnitStandard:ZZUnitStandard_id:2472
*,3174,Y,Elective,ZZSkillsProgramme:ZZSkillsProgramme_ID:168;ZZUnitStandard:ZZUnitStandard_id:3145
*,3175,Y,Elective,ZZSkillsProgramme:ZZSkillsProgramme_ID:168;ZZUnitStandard:ZZUnitStandard_id:2423
*,3176,Y,Core,ZZSkillsProgramme:ZZSkillsProgramme_ID:168;ZZUnitStandard:ZZUnitStandard_id:1907
*,3177,Y,Elective,ZZSkillsProgramme:ZZSkillsProgramme_ID:168;ZZUnitStandard:ZZUnitStandard_id:1292
*,3178,Y,Core,ZZSkillsProgramme:ZZSkillsProgramme_ID:169;ZZUnitStandard:ZZUnitStandard_id:665
*,3179,Y,Elective,ZZSkillsProgramme:ZZSkillsProgramme_ID:169;ZZUnitStandard:ZZUnitStandard_id:666
*,3180,Y,Core,ZZSkillsProgramme:ZZSkillsProgramme_ID:169;ZZUnitStandard:ZZUnitStandard_id:667
*,3181,Y,Elective,ZZSkillsProgramme:ZZSkillsProgramme_ID:169;ZZUnitStandard:ZZUnitStandard_id:764
*,3182,Y,Elective,ZZSkillsProgramme:ZZSkillsProgramme_ID:169;ZZUnitStandard:ZZUnitStandard_id:1088
*,3183,Y,Core,ZZSkillsProgramme:ZZSkillsProgramme_ID:169;ZZUnitStandard:ZZUnitStandard_id:2772
*,3184,Y,Core,ZZSkillsProgramme:ZZSkillsProgramme_ID:169;ZZUnitStandard:ZZUnitStandard_id:120
*,3185,Y,Core,ZZSkillsProgramme:ZZSkillsProgramme_ID:169;ZZUnitStandard:ZZUnitStandard_id:121
*,3186,Y,Elective,ZZSkillsProgramme:ZZSkillsProgramme_ID:169;ZZUnitStandard:ZZUnitStandard_id:125
*,3187,Y,Core,ZZSkillsProgramme:ZZSkillsProgramme_ID:169;ZZUnitStandard:ZZUnitStandard_id:131
*,3188,Y,Core,ZZSkillsProgramme:ZZSkillsProgramme_ID:169;ZZUnitStandard:ZZUnitStandard_id:132
*,3189,Y,Elective,ZZSkillsProgramme:ZZSkillsProgramme_ID:169;ZZUnitStandard:ZZUnitStandard_id:64
*,3190,Y,Elective,ZZSkillsProgramme:ZZSkillsProgramme_ID:169;ZZUnitStandard:ZZUnitStandard_id:67
*,3191,Y,Elective,ZZSkillsProgramme:ZZSkillsProgramme_ID:170;ZZUnitStandard:ZZUnitStandard_id:527
*,3192,Y,Core,ZZSkillsProgramme:ZZSkillsProgramme_ID:170;ZZUnitStandard:ZZUnitStandard_id:1034
*,3193,Y,Core,ZZSkillsProgramme:ZZSkillsProgramme_ID:170;ZZUnitStandard:ZZUnitStandard_id:2535
*,3194,Y,Elective,ZZSkillsProgramme:ZZSkillsProgramme_ID:170;ZZUnitStandard:ZZUnitStandard_id:1234
*,3195,Y,Elective,ZZSkillsProgramme:ZZSkillsProgramme_ID:170;ZZUnitStandard:ZZUnitStandard_id:2360
*,3196,Y,Core,ZZSkillsProgramme:ZZSkillsProgramme_ID:170;ZZUnitStandard:ZZUnitStandard_id:2537
*,3197,Y,Elective,ZZSkillsProgramme:ZZSkillsProgramme_ID:170;ZZUnitStandard:ZZUnitStandard_id:1049
*,3198,Y,Elective,ZZSkillsProgramme:ZZSkillsProgramme_ID:170;ZZUnitStandard:ZZUnitStandard_id:2359
*,3199,Y,Elective,ZZSkillsProgramme:ZZSkillsProgramme_ID:170;ZZUnitStandard:ZZUnitStandard_id:2534
*,3200,Y,Elective,ZZSkillsProgramme:ZZSkillsProgramme_ID:170;ZZUnitStandard:ZZUnitStandard_id:2356
*,3201,Y,Elective,ZZSkillsProgramme:ZZSkillsProgramme_ID:170;ZZUnitStandard:ZZUnitStandard_id:2551
*,3202,Y,Elective,ZZSkillsProgramme:ZZSkillsProgramme_ID:170;ZZUnitStandard:ZZUnitStandard_id:531
*,3203,Y,Core,ZZSkillsProgramme:ZZSkillsProgramme_ID:170;ZZUnitStandard:ZZUnitStandard_id:530
*,3204,Y,Elective,ZZSkillsProgramme:ZZSkillsProgramme_ID:170;ZZUnitStandard:ZZUnitStandard_id:2634
*,3205,Y,Elective,ZZSkillsProgramme:ZZSkillsProgramme_ID:171;ZZUnitStandard:ZZUnitStandard_id:1034
*,3206,Y,Elective,ZZSkillsProgramme:ZZSkillsProgramme_ID:171;ZZUnitStandard:ZZUnitStandard_id:2355
*,3207,Y,Core,ZZSkillsProgramme:ZZSkillsProgramme_ID:171;ZZUnitStandard:ZZUnitStandard_id:2537
*,3208,Y,Elective,ZZSkillsProgramme:ZZSkillsProgramme_ID:171;ZZUnitStandard:ZZUnitStandard_id:1049
*,3209,Y,Elective,ZZSkillsProgramme:ZZSkillsProgramme_ID:171;ZZUnitStandard:ZZUnitStandard_id:394
*,3210,Y,Elective,ZZSkillsProgramme:ZZSkillsProgramme_ID:171;ZZUnitStandard:ZZUnitStandard_id:2551
*,3211,Y,Core,ZZSkillsProgramme:ZZSkillsProgramme_ID:171;ZZUnitStandard:ZZUnitStandard_id:3365
*,3212,Y,Elective,ZZSkillsProgramme:ZZSkillsProgramme_ID:171;ZZUnitStandard:ZZUnitStandard_id:3375
*,3213,Y,Elective,ZZSkillsProgramme:ZZSkillsProgramme_ID:171;ZZUnitStandard:ZZUnitStandard_id:3376
*,3214,Y,Elective,ZZSkillsProgramme:ZZSkillsProgramme_ID:172;ZZUnitStandard:ZZUnitStandard_id:2025
*,3215,Y,Elective,ZZSkillsProgramme:ZZSkillsProgramme_ID:172;ZZUnitStandard:ZZUnitStandard_id:610
*,3216,Y,Core,ZZSkillsProgramme:ZZSkillsProgramme_ID:172;ZZUnitStandard:ZZUnitStandard_id:1034
*,3217,Y,Core,ZZSkillsProgramme:ZZSkillsProgramme_ID:172;ZZUnitStandard:ZZUnitStandard_id:2537
*,3218,Y,Elective,ZZSkillsProgramme:ZZSkillsProgramme_ID:172;ZZUnitStandard:ZZUnitStandard_id:1049
*,3219,Y,Elective,ZZSkillsProgramme:ZZSkillsProgramme_ID:172;ZZUnitStandard:ZZUnitStandard_id:2548
*,3220,Y,Elective,ZZSkillsProgramme:ZZSkillsProgramme_ID:172;ZZUnitStandard:ZZUnitStandard_id:2550
*,3221,Y,Elective,ZZSkillsProgramme:ZZSkillsProgramme_ID:172;ZZUnitStandard:ZZUnitStandard_id:380
*,3222,Y,Elective,ZZSkillsProgramme:ZZSkillsProgramme_ID:172;ZZUnitStandard:ZZUnitStandard_id:2357
*,3223,Y,Elective,ZZSkillsProgramme:ZZSkillsProgramme_ID:172;ZZUnitStandard:ZZUnitStandard_id:396
*,3224,Y,Elective,ZZSkillsProgramme:ZZSkillsProgramme_ID:172;ZZUnitStandard:ZZUnitStandard_id:2356
*,3225,Y,Core,ZZSkillsProgramme:ZZSkillsProgramme_ID:172;ZZUnitStandard:ZZUnitStandard_id:2544
*,3226,Y,Elective,ZZSkillsProgramme:ZZSkillsProgramme_ID:172;ZZUnitStandard:ZZUnitStandard_id:379
*,3227,Y,Core,ZZSkillsProgramme:ZZSkillsProgramme_ID:172;ZZUnitStandard:ZZUnitStandard_id:2772
*,3228,Y,Core,ZZSkillsProgramme:ZZSkillsProgramme_ID:172;ZZUnitStandard:ZZUnitStandard_id:3377
*,3229,Y,Elective,ZZSkillsProgramme:ZZSkillsProgramme_ID:172;ZZUnitStandard:ZZUnitStandard_id:3378
*,3230,Y,Elective,ZZSkillsProgramme:ZZSkillsProgramme_ID:172;ZZUnitStandard:ZZUnitStandard_id:3366
*,3231,Y,Elective,ZZSkillsProgramme:ZZSkillsProgramme_ID:172;ZZUnitStandard:ZZUnitStandard_id:3379
*,3232,Y,Elective,ZZSkillsProgramme:ZZSkillsProgramme_ID:172;ZZUnitStandard:ZZUnitStandard_id:3360
*,3233,Y,Elective,ZZSkillsProgramme:ZZSkillsProgramme_ID:173;ZZUnitStandard:ZZUnitStandard_id:901
*,3234,Y,Elective,ZZSkillsProgramme:ZZSkillsProgramme_ID:173;ZZUnitStandard:ZZUnitStandard_id:387
*,3235,Y,Elective,ZZSkillsProgramme:ZZSkillsProgramme_ID:173;ZZUnitStandard:ZZUnitStandard_id:1123
*,3236,Y,Elective,ZZSkillsProgramme:ZZSkillsProgramme_ID:173;ZZUnitStandard:ZZUnitStandard_id:527
*,3237,Y,Core,ZZSkillsProgramme:ZZSkillsProgramme_ID:173;ZZUnitStandard:ZZUnitStandard_id:1034
*,3238,Y,Elective,ZZSkillsProgramme:ZZSkillsProgramme_ID:173;ZZUnitStandard:ZZUnitStandard_id:529
*,3239,Y,Elective,ZZSkillsProgramme:ZZSkillsProgramme_ID:173;ZZUnitStandard:ZZUnitStandard_id:1234
*,3240,Y,Elective,ZZSkillsProgramme:ZZSkillsProgramme_ID:173;ZZUnitStandard:ZZUnitStandard_id:606
*,3241,Y,Core,ZZSkillsProgramme:ZZSkillsProgramme_ID:173;ZZUnitStandard:ZZUnitStandard_id:2537
*,3242,Y,Elective,ZZSkillsProgramme:ZZSkillsProgramme_ID:173;ZZUnitStandard:ZZUnitStandard_id:2555
*,3243,Y,Elective,ZZSkillsProgramme:ZZSkillsProgramme_ID:173;ZZUnitStandard:ZZUnitStandard_id:1049
*,3244,Y,Elective,ZZSkillsProgramme:ZZSkillsProgramme_ID:173;ZZUnitStandard:ZZUnitStandard_id:2553
*,3245,Y,Elective,ZZSkillsProgramme:ZZSkillsProgramme_ID:173;ZZUnitStandard:ZZUnitStandard_id:2543
*,3246,Y,Core,ZZSkillsProgramme:ZZSkillsProgramme_ID:173;ZZUnitStandard:ZZUnitStandard_id:2534
*,3247,Y,Elective,ZZSkillsProgramme:ZZSkillsProgramme_ID:173;ZZUnitStandard:ZZUnitStandard_id:2548
*,3248,Y,Core,ZZSkillsProgramme:ZZSkillsProgramme_ID:173;ZZUnitStandard:ZZUnitStandard_id:2536
*,3249,Y,Elective,ZZSkillsProgramme:ZZSkillsProgramme_ID:173;ZZUnitStandard:ZZUnitStandard_id:2357
*,3250,Y,Core,ZZSkillsProgramme:ZZSkillsProgramme_ID:173;ZZUnitStandard:ZZUnitStandard_id:2633
*,3251,Y,Elective,ZZSkillsProgramme:ZZSkillsProgramme_ID:173;ZZUnitStandard:ZZUnitStandard_id:2356
*,3252,Y,Elective,ZZSkillsProgramme:ZZSkillsProgramme_ID:173;ZZUnitStandard:ZZUnitStandard_id:2551
*,3253,Y,Elective,ZZSkillsProgramme:ZZSkillsProgramme_ID:173;ZZUnitStandard:ZZUnitStandard_id:378
*,3254,Y,Elective,ZZSkillsProgramme:ZZSkillsProgramme_ID:173;ZZUnitStandard:ZZUnitStandard_id:2544
*,3255,Y,Elective,ZZSkillsProgramme:ZZSkillsProgramme_ID:173;ZZUnitStandard:ZZUnitStandard_id:2353
*,3256,Y,Elective,ZZSkillsProgramme:ZZSkillsProgramme_ID:173;ZZUnitStandard:ZZUnitStandard_id:531
*,3257,Y,Elective,ZZSkillsProgramme:ZZSkillsProgramme_ID:173;ZZUnitStandard:ZZUnitStandard_id:2634
*,3258,Y,Elective,ZZSkillsProgramme:ZZSkillsProgramme_ID:173;ZZUnitStandard:ZZUnitStandard_id:2572
*,3259,Y,Elective,ZZSkillsProgramme:ZZSkillsProgramme_ID:173;ZZUnitStandard:ZZUnitStandard_id:3383
*,3260,Y,Elective,ZZSkillsProgramme:ZZSkillsProgramme_ID:173;ZZUnitStandard:ZZUnitStandard_id:3365
*,3261,Y,Elective,ZZSkillsProgramme:ZZSkillsProgramme_ID:173;ZZUnitStandard:ZZUnitStandard_id:2884
*,3262,Y,Elective,ZZSkillsProgramme:ZZSkillsProgramme_ID:173;ZZUnitStandard:ZZUnitStandard_id:3384
*,3263,Y,Elective,ZZSkillsProgramme:ZZSkillsProgramme_ID:173;ZZUnitStandard:ZZUnitStandard_id:3381
*,3264,Y,Elective,ZZSkillsProgramme:ZZSkillsProgramme_ID:173;ZZUnitStandard:ZZUnitStandard_id:3045
*,3265,Y,Elective,ZZSkillsProgramme:ZZSkillsProgramme_ID:173;ZZUnitStandard:ZZUnitStandard_id:3382
*,3266,Y,Elective,ZZSkillsProgramme:ZZSkillsProgramme_ID:173;ZZUnitStandard:ZZUnitStandard_id:3380
*,3267,Y,Elective,ZZSkillsProgramme:ZZSkillsProgramme_ID:173;ZZUnitStandard:ZZUnitStandard_id:3360
*,3268,Y,Elective,ZZSkillsProgramme:ZZSkillsProgramme_ID:174;ZZUnitStandard:ZZUnitStandard_id:1429
*,3269,Y,Core,ZZSkillsProgramme:ZZSkillsProgramme_ID:174;ZZUnitStandard:ZZUnitStandard_id:1034
*,3270,Y,Elective,ZZSkillsProgramme:ZZSkillsProgramme_ID:174;ZZUnitStandard:ZZUnitStandard_id:2230
*,3271,Y,Elective,ZZSkillsProgramme:ZZSkillsProgramme_ID:174;ZZUnitStandard:ZZUnitStandard_id:2365
*,3272,Y,Elective,ZZSkillsProgramme:ZZSkillsProgramme_ID:174;ZZUnitStandard:ZZUnitStandard_id:2362
*,3273,Y,Elective,ZZSkillsProgramme:ZZSkillsProgramme_ID:174;ZZUnitStandard:ZZUnitStandard_id:2551
*,3274,Y,Elective,ZZSkillsProgramme:ZZSkillsProgramme_ID:174;ZZUnitStandard:ZZUnitStandard_id:531
*,3275,Y,Core,ZZSkillsProgramme:ZZSkillsProgramme_ID:174;ZZUnitStandard:ZZUnitStandard_id:3385
*,3276,Y,Elective,ZZSkillsProgramme:ZZSkillsProgramme_ID:174;ZZUnitStandard:ZZUnitStandard_id:3386
*,3277,Y,Elective,ZZSkillsProgramme:ZZSkillsProgramme_ID:175;ZZUnitStandard:ZZUnitStandard_id:2025
*,3278,Y,Elective,ZZSkillsProgramme:ZZSkillsProgramme_ID:175;ZZUnitStandard:ZZUnitStandard_id:765
*,3279,Y,Elective,ZZSkillsProgramme:ZZSkillsProgramme_ID:175;ZZUnitStandard:ZZUnitStandard_id:456
*,3280,Y,Core,ZZSkillsProgramme:ZZSkillsProgramme_ID:175;ZZUnitStandard:ZZUnitStandard_id:462
*,3281,Y,Elective,ZZSkillsProgramme:ZZSkillsProgramme_ID:175;ZZUnitStandard:ZZUnitStandard_id:1034
*,3282,Y,Elective,ZZSkillsProgramme:ZZSkillsProgramme_ID:175;ZZUnitStandard:ZZUnitStandard_id:2537
*,3283,Y,Elective,ZZSkillsProgramme:ZZSkillsProgramme_ID:175;ZZUnitStandard:ZZUnitStandard_id:1049
*,3284,Y,Elective,ZZSkillsProgramme:ZZSkillsProgramme_ID:175;ZZUnitStandard:ZZUnitStandard_id:407
*,3285,Y,Elective,ZZSkillsProgramme:ZZSkillsProgramme_ID:175;ZZUnitStandard:ZZUnitStandard_id:399
*,3286,Y,Elective,ZZSkillsProgramme:ZZSkillsProgramme_ID:175;ZZUnitStandard:ZZUnitStandard_id:2541
*,3287,Y,Elective,ZZSkillsProgramme:ZZSkillsProgramme_ID:175;ZZUnitStandard:ZZUnitStandard_id:2356
*,3288,Y,Elective,ZZSkillsProgramme:ZZSkillsProgramme_ID:175;ZZUnitStandard:ZZUnitStandard_id:2772
*,3289,Y,Core,ZZSkillsProgramme:ZZSkillsProgramme_ID:175;ZZUnitStandard:ZZUnitStandard_id:3367
*,3290,Y,Elective,ZZSkillsProgramme:ZZSkillsProgramme_ID:175;ZZUnitStandard:ZZUnitStandard_id:121
*,3291,Y,Elective,ZZSkillsProgramme:ZZSkillsProgramme_ID:175;ZZUnitStandard:ZZUnitStandard_id:130
*,3292,Y,Elective,ZZSkillsProgramme:ZZSkillsProgramme_ID:176;ZZUnitStandard:ZZUnitStandard_id:2025
*,3293,Y,Elective,ZZSkillsProgramme:ZZSkillsProgramme_ID:176;ZZUnitStandard:ZZUnitStandard_id:1065
*,3294,Y,Elective,ZZSkillsProgramme:ZZSkillsProgramme_ID:176;ZZUnitStandard:ZZUnitStandard_id:1034
*,3295,Y,Elective,ZZSkillsProgramme:ZZSkillsProgramme_ID:176;ZZUnitStandard:ZZUnitStandard_id:2535
*,3296,Y,Core,ZZSkillsProgramme:ZZSkillsProgramme_ID:176;ZZUnitStandard:ZZUnitStandard_id:1234
*,3297,Y,Elective,ZZSkillsProgramme:ZZSkillsProgramme_ID:176;ZZUnitStandard:ZZUnitStandard_id:2361
*,3298,Y,Elective,ZZSkillsProgramme:ZZSkillsProgramme_ID:176;ZZUnitStandard:ZZUnitStandard_id:2360
*,3299,Y,Core,ZZSkillsProgramme:ZZSkillsProgramme_ID:176;ZZUnitStandard:ZZUnitStandard_id:2537
*,3300,Y,Core,ZZSkillsProgramme:ZZSkillsProgramme_ID:176;ZZUnitStandard:ZZUnitStandard_id:411
*,3301,Y,Elective,ZZSkillsProgramme:ZZSkillsProgramme_ID:176;ZZUnitStandard:ZZUnitStandard_id:1049
*,3302,Y,Elective,ZZSkillsProgramme:ZZSkillsProgramme_ID:176;ZZUnitStandard:ZZUnitStandard_id:2542
*,3303,Y,Elective,ZZSkillsProgramme:ZZSkillsProgramme_ID:176;ZZUnitStandard:ZZUnitStandard_id:2548
*,3304,Y,Elective,ZZSkillsProgramme:ZZSkillsProgramme_ID:176;ZZUnitStandard:ZZUnitStandard_id:618
*,3305,Y,Elective,ZZSkillsProgramme:ZZSkillsProgramme_ID:176;ZZUnitStandard:ZZUnitStandard_id:2551
*,3306,Y,Core,ZZSkillsProgramme:ZZSkillsProgramme_ID:176;ZZUnitStandard:ZZUnitStandard_id:530
*,3307,Y,Elective,ZZSkillsProgramme:ZZSkillsProgramme_ID:176;ZZUnitStandard:ZZUnitStandard_id:2772
*,3308,Y,Elective,ZZSkillsProgramme:ZZSkillsProgramme_ID:176;ZZUnitStandard:ZZUnitStandard_id:3364
*,3309,Y,Elective,ZZSkillsProgramme:ZZSkillsProgramme_ID:176;ZZUnitStandard:ZZUnitStandard_id:3360
*,3310,Y,Core,ZZSkillsProgramme:ZZSkillsProgramme_ID:177;ZZUnitStandard:ZZUnitStandard_id:355
*,3311,Y,Core,ZZSkillsProgramme:ZZSkillsProgramme_ID:177;ZZUnitStandard:ZZUnitStandard_id:930
*,3312,Y,Core,ZZSkillsProgramme:ZZSkillsProgramme_ID:177;ZZUnitStandard:ZZUnitStandard_id:981
*,3313,Y,Core,ZZSkillsProgramme:ZZSkillsProgramme_ID:177;ZZUnitStandard:ZZUnitStandard_id:589
*,3314,Y,Core,ZZSkillsProgramme:ZZSkillsProgramme_ID:177;ZZUnitStandard:ZZUnitStandard_id:86
*,3315,Y,Core,ZZSkillsProgramme:ZZSkillsProgramme_ID:177;ZZUnitStandard:ZZUnitStandard_id:88
*,3316,Y,Core,ZZSkillsProgramme:ZZSkillsProgramme_ID:177;ZZUnitStandard:ZZUnitStandard_id:84
*,3317,Y,Core,ZZSkillsProgramme:ZZSkillsProgramme_ID:177;ZZUnitStandard:ZZUnitStandard_id:89
*,3318,Y,Fundamental,ZZSkillsProgramme:ZZSkillsProgramme_ID:178;ZZUnitStandard:ZZUnitStandard_id:2218
*,3319,Y,Fundamental,ZZSkillsProgramme:ZZSkillsProgramme_ID:178;ZZUnitStandard:ZZUnitStandard_id:2406
*,3320,Y,Fundamental,ZZSkillsProgramme:ZZSkillsProgramme_ID:178;ZZUnitStandard:ZZUnitStandard_id:2214
*,3321,Y,Fundamental,ZZSkillsProgramme:ZZSkillsProgramme_ID:178;ZZUnitStandard:ZZUnitStandard_id:2202
*,3322,Y,Fundamental,ZZSkillsProgramme:ZZSkillsProgramme_ID:178;ZZUnitStandard:ZZUnitStandard_id:2221
*,3323,Y,Fundamental,ZZSkillsProgramme:ZZSkillsProgramme_ID:178;ZZUnitStandard:ZZUnitStandard_id:2215
*,3324,Y,Fundamental,ZZSkillsProgramme:ZZSkillsProgramme_ID:178;ZZUnitStandard:ZZUnitStandard_id:2217
*,3325,Y,Fundamental,ZZSkillsProgramme:ZZSkillsProgramme_ID:178;ZZUnitStandard:ZZUnitStandard_id:2201
*,3326,Y,Fundamental,ZZSkillsProgramme:ZZSkillsProgramme_ID:178;ZZUnitStandard:ZZUnitStandard_id:1191
*,3327,Y,Elective,ZZSkillsProgramme:ZZSkillsProgramme_ID:178;ZZUnitStandard:ZZUnitStandard_id:496
*,3328,Y,Core,ZZSkillsProgramme:ZZSkillsProgramme_ID:178;ZZUnitStandard:ZZUnitStandard_id:497
*,3329,Y,Elective,ZZSkillsProgramme:ZZSkillsProgramme_ID:178;ZZUnitStandard:ZZUnitStandard_id:499
*,3330,Y,Core,ZZSkillsProgramme:ZZSkillsProgramme_ID:178;ZZUnitStandard:ZZUnitStandard_id:494
*,3331,Y,Elective,ZZSkillsProgramme:ZZSkillsProgramme_ID:178;ZZUnitStandard:ZZUnitStandard_id:141
*,3332,Y,Elective,ZZSkillsProgramme:ZZSkillsProgramme_ID:178;ZZUnitStandard:ZZUnitStandard_id:2013
*,3333,Y,Core,ZZSkillsProgramme:ZZSkillsProgramme_ID:178;ZZUnitStandard:ZZUnitStandard_id:646
*,3334,Y,Elective,ZZSkillsProgramme:ZZSkillsProgramme_ID:178;ZZUnitStandard:ZZUnitStandard_id:647
*,3335,Y,Core,ZZSkillsProgramme:ZZSkillsProgramme_ID:178;ZZUnitStandard:ZZUnitStandard_id:1312
*,3336,Y,Elective,ZZSkillsProgramme:ZZSkillsProgramme_ID:178;ZZUnitStandard:ZZUnitStandard_id:2014
*,3337,Y,Elective,ZZSkillsProgramme:ZZSkillsProgramme_ID:178;ZZUnitStandard:ZZUnitStandard_id:1313
*,3338,Y,Elective,ZZSkillsProgramme:ZZSkillsProgramme_ID:178;ZZUnitStandard:ZZUnitStandard_id:1314
*,3339,Y,Fundamental,ZZSkillsProgramme:ZZSkillsProgramme_ID:178;ZZUnitStandard:ZZUnitStandard_id:1189
*,3340,Y,Fundamental,ZZSkillsProgramme:ZZSkillsProgramme_ID:178;ZZUnitStandard:ZZUnitStandard_id:1197
*,3341,Y,Elective,ZZSkillsProgramme:ZZSkillsProgramme_ID:178;ZZUnitStandard:ZZUnitStandard_id:136
*,3342,Y,Elective,ZZSkillsProgramme:ZZSkillsProgramme_ID:178;ZZUnitStandard:ZZUnitStandard_id:137
*,3343,Y,Elective,ZZSkillsProgramme:ZZSkillsProgramme_ID:178;ZZUnitStandard:ZZUnitStandard_id:138
*,3344,Y,Elective,ZZSkillsProgramme:ZZSkillsProgramme_ID:178;ZZUnitStandard:ZZUnitStandard_id:139
*,3345,Y,Elective,ZZSkillsProgramme:ZZSkillsProgramme_ID:178;ZZUnitStandard:ZZUnitStandard_id:140
*,3346,Y,Elective,ZZSkillsProgramme:ZZSkillsProgramme_ID:178;ZZUnitStandard:ZZUnitStandard_id:142
*,3347,Y,Core,ZZSkillsProgramme:ZZSkillsProgramme_ID:178;ZZUnitStandard:ZZUnitStandard_id:143
*,3348,Y,Core,ZZSkillsProgramme:ZZSkillsProgramme_ID:179;ZZUnitStandard:ZZUnitStandard_id:2446
*,3349,Y,Core,ZZSkillsProgramme:ZZSkillsProgramme_ID:179;ZZUnitStandard:ZZUnitStandard_id:2479
*,3350,Y,Core,ZZSkillsProgramme:ZZSkillsProgramme_ID:179;ZZUnitStandard:ZZUnitStandard_id:2459
*,3351,Y,Elective,ZZSkillsProgramme:ZZSkillsProgramme_ID:179;ZZUnitStandard:ZZUnitStandard_id:2480
*,3352,Y,Core,ZZSkillsProgramme:ZZSkillsProgramme_ID:179;ZZUnitStandard:ZZUnitStandard_id:2475
*,3353,Y,Elective,ZZSkillsProgramme:ZZSkillsProgramme_ID:179;ZZUnitStandard:ZZUnitStandard_id:2637
*,3354,Y,Core,ZZSkillsProgramme:ZZSkillsProgramme_ID:180;ZZUnitStandard:ZZUnitStandard_id:985
*,3355,Y,Core,ZZSkillsProgramme:ZZSkillsProgramme_ID:180;ZZUnitStandard:ZZUnitStandard_id:498
*,3356,Y,Core,ZZSkillsProgramme:ZZSkillsProgramme_ID:181;ZZUnitStandard:ZZUnitStandard_id:3320
*,3357,Y,Core,ZZSkillsProgramme:ZZSkillsProgramme_ID:181;ZZUnitStandard:ZZUnitStandard_id:3322
*,3358,Y,Core,ZZSkillsProgramme:ZZSkillsProgramme_ID:181;ZZUnitStandard:ZZUnitStandard_id:3296
*,3359,Y,Elective,ZZSkillsProgramme:ZZSkillsProgramme_ID:182;ZZUnitStandard:ZZUnitStandard_id:2446
*,3360,Y,Core,ZZSkillsProgramme:ZZSkillsProgramme_ID:182;ZZUnitStandard:ZZUnitStandard_id:1727
*,3361,Y,Core,ZZSkillsProgramme:ZZSkillsProgramme_ID:182;ZZUnitStandard:ZZUnitStandard_id:1722
*,3362,Y,Core,ZZSkillsProgramme:ZZSkillsProgramme_ID:182;ZZUnitStandard:ZZUnitStandard_id:2326
*,3363,Y,Core,ZZSkillsProgramme:ZZSkillsProgramme_ID:182;ZZUnitStandard:ZZUnitStandard_id:2681
*,3364,Y,Core,ZZSkillsProgramme:ZZSkillsProgramme_ID:182;ZZUnitStandard:ZZUnitStandard_id:2638
*,3365,Y,Core,ZZSkillsProgramme:ZZSkillsProgramme_ID:182;ZZUnitStandard:ZZUnitStandard_id:2457
*,3366,Y,Core,ZZSkillsProgramme:ZZSkillsProgramme_ID:183;ZZUnitStandard:ZZUnitStandard_id:3406
*,3367,Y,Elective,ZZSkillsProgramme:ZZSkillsProgramme_ID:183;ZZUnitStandard:ZZUnitStandard_id:3432
*,3368,Y,Core,ZZSkillsProgramme:ZZSkillsProgramme_ID:183;ZZUnitStandard:ZZUnitStandard_id:2932
*,3369,Y,Elective,ZZSkillsProgramme:ZZSkillsProgramme_ID:183;ZZUnitStandard:ZZUnitStandard_id:3408
*,3370,Y,Core,ZZSkillsProgramme:ZZSkillsProgramme_ID:183;ZZUnitStandard:ZZUnitStandard_id:3407
*,3371,Y,Core,ZZSkillsProgramme:ZZSkillsProgramme_ID:184;ZZUnitStandard:ZZUnitStandard_id:985
*,3372,Y,Core,ZZSkillsProgramme:ZZSkillsProgramme_ID:184;ZZUnitStandard:ZZUnitStandard_id:3283
*,3373,Y,Core,ZZSkillsProgramme:ZZSkillsProgramme_ID:184;ZZUnitStandard:ZZUnitStandard_id:3286
*,3374,Y,Core,ZZSkillsProgramme:ZZSkillsProgramme_ID:184;ZZUnitStandard:ZZUnitStandard_id:3278
*,3375,Y,Core,ZZSkillsProgramme:ZZSkillsProgramme_ID:184;ZZUnitStandard:ZZUnitStandard_id:3288
*,3376,Y,Core,ZZSkillsProgramme:ZZSkillsProgramme_ID:184;ZZUnitStandard:ZZUnitStandard_id:3287
*,3377,Y,Core,ZZSkillsProgramme:ZZSkillsProgramme_ID:184;ZZUnitStandard:ZZUnitStandard_id:3276
*,3378,Y,Core,ZZSkillsProgramme:ZZSkillsProgramme_ID:184;ZZUnitStandard:ZZUnitStandard_id:3289
*,3379,Y,Core,ZZSkillsProgramme:ZZSkillsProgramme_ID:184;ZZUnitStandard:ZZUnitStandard_id:3290
*,3380,Y,Core,ZZSkillsProgramme:ZZSkillsProgramme_ID:184;ZZUnitStandard:ZZUnitStandard_id:3285
*,3381,Y,Core,ZZSkillsProgramme:ZZSkillsProgramme_ID:184;ZZUnitStandard:ZZUnitStandard_id:3279
*,3382,Y,Core,ZZSkillsProgramme:ZZSkillsProgramme_ID:184;ZZUnitStandard:ZZUnitStandard_id:3549
*,3383,Y,Core,ZZSkillsProgramme:ZZSkillsProgramme_ID:185;ZZUnitStandard:ZZUnitStandard_id:2013
*,3384,Y,Core,ZZSkillsProgramme:ZZSkillsProgramme_ID:185;ZZUnitStandard:ZZUnitStandard_id:3300
*,3385,Y,Core,ZZSkillsProgramme:ZZSkillsProgramme_ID:186;ZZUnitStandard:ZZUnitStandard_id:2014
*,3386,Y,Core,ZZSkillsProgramme:ZZSkillsProgramme_ID:186;ZZUnitStandard:ZZUnitStandard_id:1314
*,3387,Y,Core,ZZSkillsProgramme:ZZSkillsProgramme_ID:187;ZZUnitStandard:ZZUnitStandard_id:985
*,3388,Y,Core,ZZSkillsProgramme:ZZSkillsProgramme_ID:187;ZZUnitStandard:ZZUnitStandard_id:499
*,3389,Y,Core,ZZSkillsProgramme:ZZSkillsProgramme_ID:187;ZZUnitStandard:ZZUnitStandard_id:3291
*,3390,Y,Core,ZZSkillsProgramme:ZZSkillsProgramme_ID:187;ZZUnitStandard:ZZUnitStandard_id:3281
*,3391,Y,Core,ZZSkillsProgramme:ZZSkillsProgramme_ID:187;ZZUnitStandard:ZZUnitStandard_id:3297
*,3392,Y,Core,ZZSkillsProgramme:ZZSkillsProgramme_ID:188;ZZUnitStandard:ZZUnitStandard_id:985
*,3393,Y,Core,ZZSkillsProgramme:ZZSkillsProgramme_ID:188;ZZUnitStandard:ZZUnitStandard_id:3323
*,3394,Y,Core,ZZSkillsProgramme:ZZSkillsProgramme_ID:189;ZZUnitStandard:ZZUnitStandard_id:983
*,3395,Y,Core,ZZSkillsProgramme:ZZSkillsProgramme_ID:189;ZZUnitStandard:ZZUnitStandard_id:920
*,3396,Y,Elective,ZZSkillsProgramme:ZZSkillsProgramme_ID:189;ZZUnitStandard:ZZUnitStandard_id:419
*,3397,Y,Elective,ZZSkillsProgramme:ZZSkillsProgramme_ID:189;ZZUnitStandard:ZZUnitStandard_id:424
*,3398,Y,Core,ZZSkillsProgramme:ZZSkillsProgramme_ID:189;ZZUnitStandard:ZZUnitStandard_id:922
*,3399,Y,Core,ZZSkillsProgramme:ZZSkillsProgramme_ID:189;ZZUnitStandard:ZZUnitStandard_id:426
*,3400,Y,Core,ZZSkillsProgramme:ZZSkillsProgramme_ID:189;ZZUnitStandard:ZZUnitStandard_id:980
*,3401,Y,Elective,ZZSkillsProgramme:ZZSkillsProgramme_ID:189;ZZUnitStandard:ZZUnitStandard_id:431
*,3402,Y,Core,ZZSkillsProgramme:ZZSkillsProgramme_ID:189;ZZUnitStandard:ZZUnitStandard_id:428
*,3403,Y,Core,ZZSkillsProgramme:ZZSkillsProgramme_ID:189;ZZUnitStandard:ZZUnitStandard_id:924
*,3404,Y,Core,ZZSkillsProgramme:ZZSkillsProgramme_ID:189;ZZUnitStandard:ZZUnitStandard_id:2135
*,3405,Y,Core,ZZSkillsProgramme:ZZSkillsProgramme_ID:189;ZZUnitStandard:ZZUnitStandard_id:930
*,3406,Y,Core,ZZSkillsProgramme:ZZSkillsProgramme_ID:189;ZZUnitStandard:ZZUnitStandard_id:2133
*,3407,Y,Elective,ZZSkillsProgramme:ZZSkillsProgramme_ID:189;ZZUnitStandard:ZZUnitStandard_id:421
*,3408,Y,Core,ZZSkillsProgramme:ZZSkillsProgramme_ID:189;ZZUnitStandard:ZZUnitStandard_id:425
*,3409,Y,Elective,ZZSkillsProgramme:ZZSkillsProgramme_ID:189;ZZUnitStandard:ZZUnitStandard_id:427
*,3410,Y,Core,ZZSkillsProgramme:ZZSkillsProgramme_ID:189;ZZUnitStandard:ZZUnitStandard_id:2136
*,3411,Y,Elective,ZZSkillsProgramme:ZZSkillsProgramme_ID:189;ZZUnitStandard:ZZUnitStandard_id:1083
*,3412,Y,Elective,ZZSkillsProgramme:ZZSkillsProgramme_ID:189;ZZUnitStandard:ZZUnitStandard_id:1082
*,3413,Y,Elective,ZZSkillsProgramme:ZZSkillsProgramme_ID:189;ZZUnitStandard:ZZUnitStandard_id:823
*,3414,Y,Elective,ZZSkillsProgramme:ZZSkillsProgramme_ID:189;ZZUnitStandard:ZZUnitStandard_id:979
*,3415,Y,Elective,ZZSkillsProgramme:ZZSkillsProgramme_ID:189;ZZUnitStandard:ZZUnitStandard_id:1081
*,3416,Y,Elective,ZZSkillsProgramme:ZZSkillsProgramme_ID:189;ZZUnitStandard:ZZUnitStandard_id:2144
*,3417,Y,Elective,ZZSkillsProgramme:ZZSkillsProgramme_ID:189;ZZUnitStandard:ZZUnitStandard_id:2142
*,3418,Y,Elective,ZZSkillsProgramme:ZZSkillsProgramme_ID:189;ZZUnitStandard:ZZUnitStandard_id:977
*,3419,Y,Elective,ZZSkillsProgramme:ZZSkillsProgramme_ID:189;ZZUnitStandard:ZZUnitStandard_id:2143
*,3420,Y,Elective,ZZSkillsProgramme:ZZSkillsProgramme_ID:189;ZZUnitStandard:ZZUnitStandard_id:928
*,3421,Y,Elective,ZZSkillsProgramme:ZZSkillsProgramme_ID:189;ZZUnitStandard:ZZUnitStandard_id:2138
*,3422,Y,Elective,ZZSkillsProgramme:ZZSkillsProgramme_ID:189;ZZUnitStandard:ZZUnitStandard_id:1080
*,3423,Y,Elective,ZZSkillsProgramme:ZZSkillsProgramme_ID:189;ZZUnitStandard:ZZUnitStandard_id:678
*,3424,Y,Elective,ZZSkillsProgramme:ZZSkillsProgramme_ID:189;ZZUnitStandard:ZZUnitStandard_id:2145
*,3425,Y,Elective,ZZSkillsProgramme:ZZSkillsProgramme_ID:189;ZZUnitStandard:ZZUnitStandard_id:422
*,3426,Y,Elective,ZZSkillsProgramme:ZZSkillsProgramme_ID:189;ZZUnitStandard:ZZUnitStandard_id:418
*,3427,Y,Core,ZZSkillsProgramme:ZZSkillsProgramme_ID:189;ZZUnitStandard:ZZUnitStandard_id:929
*,3428,Y,Core,ZZSkillsProgramme:ZZSkillsProgramme_ID:189;ZZUnitStandard:ZZUnitStandard_id:985
*,3429,Y,Core,ZZSkillsProgramme:ZZSkillsProgramme_ID:189;ZZUnitStandard:ZZUnitStandard_id:689
*,3430,Y,Core,ZZSkillsProgramme:ZZSkillsProgramme_ID:189;ZZUnitStandard:ZZUnitStandard_id:2137
*,3431,Y,Core,ZZSkillsProgramme:ZZSkillsProgramme_ID:189;ZZUnitStandard:ZZUnitStandard_id:981
*,3432,Y,Core,ZZSkillsProgramme:ZZSkillsProgramme_ID:189;ZZUnitStandard:ZZUnitStandard_id:695
*,3433,Y,Core,ZZSkillsProgramme:ZZSkillsProgramme_ID:189;ZZUnitStandard:ZZUnitStandard_id:919
*,3434,Y,Core,ZZSkillsProgramme:ZZSkillsProgramme_ID:189;ZZUnitStandard:ZZUnitStandard_id:2134
*,3435,Y,Elective,ZZSkillsProgramme:ZZSkillsProgramme_ID:189;ZZUnitStandard:ZZUnitStandard_id:2141
*,3436,Y,Fundamental,ZZSkillsProgramme:ZZSkillsProgramme_ID:189;ZZUnitStandard:ZZUnitStandard_id:1108
*,3437,Y,Core,ZZSkillsProgramme:ZZSkillsProgramme_ID:189;ZZUnitStandard:ZZUnitStandard_id:770
*,3438,Y,Fundamental,ZZSkillsProgramme:ZZSkillsProgramme_ID:189;ZZUnitStandard:ZZUnitStandard_id:1185
*,3439,Y,Fundamental,ZZSkillsProgramme:ZZSkillsProgramme_ID:189;ZZUnitStandard:ZZUnitStandard_id:1514
*,3440,Y,Core,ZZSkillsProgramme:ZZSkillsProgramme_ID:189;ZZUnitStandard:ZZUnitStandard_id:2132
*,3441,Y,Fundamental,ZZSkillsProgramme:ZZSkillsProgramme_ID:189;ZZUnitStandard:ZZUnitStandard_id:1106
*,3442,Y,Fundamental,ZZSkillsProgramme:ZZSkillsProgramme_ID:189;ZZUnitStandard:ZZUnitStandard_id:1433
*,3443,Y,Fundamental,ZZSkillsProgramme:ZZSkillsProgramme_ID:189;ZZUnitStandard:ZZUnitStandard_id:1435
*,3444,Y,Fundamental,ZZSkillsProgramme:ZZSkillsProgramme_ID:189;ZZUnitStandard:ZZUnitStandard_id:1161
*,3445,Y,Fundamental,ZZSkillsProgramme:ZZSkillsProgramme_ID:189;ZZUnitStandard:ZZUnitStandard_id:1162
*,3446,Y,Fundamental,ZZSkillsProgramme:ZZSkillsProgramme_ID:189;ZZUnitStandard:ZZUnitStandard_id:1163
*,3447,Y,Core,ZZSkillsProgramme:ZZSkillsProgramme_ID:189;ZZUnitStandard:ZZUnitStandard_id:1766
*,3448,Y,Fundamental,ZZSkillsProgramme:ZZSkillsProgramme_ID:189;ZZUnitStandard:ZZUnitStandard_id:1176
*,3449,Y,Fundamental,ZZSkillsProgramme:ZZSkillsProgramme_ID:189;ZZUnitStandard:ZZUnitStandard_id:1177
*,3450,Y,Fundamental,ZZSkillsProgramme:ZZSkillsProgramme_ID:189;ZZUnitStandard:ZZUnitStandard_id:1186
*,3451,Y,Fundamental,ZZSkillsProgramme:ZZSkillsProgramme_ID:189;ZZUnitStandard:ZZUnitStandard_id:1516
*,3452,Y,Fundamental,ZZSkillsProgramme:ZZSkillsProgramme_ID:189;ZZUnitStandard:ZZUnitStandard_id:1194
*,3453,Y,Core,ZZSkillsProgramme:ZZSkillsProgramme_ID:190;ZZUnitStandard:ZZUnitStandard_id:3756
*,3454,Y,Core,ZZSkillsProgramme:ZZSkillsProgramme_ID:190;ZZUnitStandard:ZZUnitStandard_id:3752
*,3455,Y,Core,ZZSkillsProgramme:ZZSkillsProgramme_ID:190;ZZUnitStandard:ZZUnitStandard_id:3751
*,3456,Y,Core,ZZSkillsProgramme:ZZSkillsProgramme_ID:190;ZZUnitStandard:ZZUnitStandard_id:3753
*,3457,Y,Core,ZZSkillsProgramme:ZZSkillsProgramme_ID:191;ZZUnitStandard:ZZUnitStandard_id:3757
*,3458,Y,Core,ZZSkillsProgramme:ZZSkillsProgramme_ID:191;ZZUnitStandard:ZZUnitStandard_id:3752
*,3459,Y,Core,ZZSkillsProgramme:ZZSkillsProgramme_ID:191;ZZUnitStandard:ZZUnitStandard_id:3751
*,3460,Y,Core,ZZSkillsProgramme:ZZSkillsProgramme_ID:191;ZZUnitStandard:ZZUnitStandard_id:3754
*,3461,Y,Core,ZZSkillsProgramme:ZZSkillsProgramme_ID:192;ZZUnitStandard:ZZUnitStandard_id:3758
*,3462,Y,Core,ZZSkillsProgramme:ZZSkillsProgramme_ID:192;ZZUnitStandard:ZZUnitStandard_id:3752
*,3463,Y,Core,ZZSkillsProgramme:ZZSkillsProgramme_ID:192;ZZUnitStandard:ZZUnitStandard_id:3751
*,3464,Y,Core,ZZSkillsProgramme:ZZSkillsProgramme_ID:192;ZZUnitStandard:ZZUnitStandard_id:1020
*,3465,Y,Core,ZZSkillsProgramme:ZZSkillsProgramme_ID:192;ZZUnitStandard:ZZUnitStandard_id:3753
*,3466,Y,Core,ZZSkillsProgramme:ZZSkillsProgramme_ID:193;ZZUnitStandard:ZZUnitStandard_id:3758
*,3467,Y,Core,ZZSkillsProgramme:ZZSkillsProgramme_ID:193;ZZUnitStandard:ZZUnitStandard_id:3752
*,3468,Y,Core,ZZSkillsProgramme:ZZSkillsProgramme_ID:193;ZZUnitStandard:ZZUnitStandard_id:3751
*,3469,Y,Core,ZZSkillsProgramme:ZZSkillsProgramme_ID:193;ZZUnitStandard:ZZUnitStandard_id:3753
*,3470,Y,Core,ZZSkillsProgramme:ZZSkillsProgramme_ID:194;ZZUnitStandard:ZZUnitStandard_id:3759
*,3471,Y,Core,ZZSkillsProgramme:ZZSkillsProgramme_ID:194;ZZUnitStandard:ZZUnitStandard_id:3752
*,3472,Y,Core,ZZSkillsProgramme:ZZSkillsProgramme_ID:194;ZZUnitStandard:ZZUnitStandard_id:3751
*,3473,Y,Core,ZZSkillsProgramme:ZZSkillsProgramme_ID:194;ZZUnitStandard:ZZUnitStandard_id:3754
*,3474,Y,Core,ZZSkillsProgramme:ZZSkillsProgramme_ID:195;ZZUnitStandard:ZZUnitStandard_id:3761
*,3475,Y,Core,ZZSkillsProgramme:ZZSkillsProgramme_ID:195;ZZUnitStandard:ZZUnitStandard_id:3752
*,3476,Y,Core,ZZSkillsProgramme:ZZSkillsProgramme_ID:195;ZZUnitStandard:ZZUnitStandard_id:3751
*,3477,Y,Core,ZZSkillsProgramme:ZZSkillsProgramme_ID:195;ZZUnitStandard:ZZUnitStandard_id:3753
*,3478,Y,Core,ZZSkillsProgramme:ZZSkillsProgramme_ID:196;ZZUnitStandard:ZZUnitStandard_id:787
*,3479,Y,Core,ZZSkillsProgramme:ZZSkillsProgramme_ID:196;ZZUnitStandard:ZZUnitStandard_id:788
*,3480,Y,Core,ZZSkillsProgramme:ZZSkillsProgramme_ID:196;ZZUnitStandard:ZZUnitStandard_id:1184
*,3481,Y,Core,ZZSkillsProgramme:ZZSkillsProgramme_ID:196;ZZUnitStandard:ZZUnitStandard_id:1187
*,3482,Y,Core,ZZSkillsProgramme:ZZSkillsProgramme_ID:196;ZZUnitStandard:ZZUnitStandard_id:864
*,3483,Y,Core,ZZSkillsProgramme:ZZSkillsProgramme_ID:196;ZZUnitStandard:ZZUnitStandard_id:863
*,3484,Y,Core,ZZSkillsProgramme:ZZSkillsProgramme_ID:196;ZZUnitStandard:ZZUnitStandard_id:804
*,3485,Y,Core,ZZSkillsProgramme:ZZSkillsProgramme_ID:196;ZZUnitStandard:ZZUnitStandard_id:803
*,3486,Y,Core,ZZSkillsProgramme:ZZSkillsProgramme_ID:196;ZZUnitStandard:ZZUnitStandard_id:862
*,3487,Y,Core,ZZSkillsProgramme:ZZSkillsProgramme_ID:196;ZZUnitStandard:ZZUnitStandard_id:786
*,3488,Y,Core,ZZSkillsProgramme:ZZSkillsProgramme_ID:196;ZZUnitStandard:ZZUnitStandard_id:789
*,3489,Y,Core,ZZSkillsProgramme:ZZSkillsProgramme_ID:196;ZZUnitStandard:ZZUnitStandard_id:860
*,3490,Y,Core,ZZSkillsProgramme:ZZSkillsProgramme_ID:196;ZZUnitStandard:ZZUnitStandard_id:1185
*,3491,Y,Core,ZZSkillsProgramme:ZZSkillsProgramme_ID:196;ZZUnitStandard:ZZUnitStandard_id:1161
*,3492,Y,Core,ZZSkillsProgramme:ZZSkillsProgramme_ID:196;ZZUnitStandard:ZZUnitStandard_id:1162
*,3493,Y,Core,ZZSkillsProgramme:ZZSkillsProgramme_ID:196;ZZUnitStandard:ZZUnitStandard_id:1163
*,3494,Y,Core,ZZSkillsProgramme:ZZSkillsProgramme_ID:196;ZZUnitStandard:ZZUnitStandard_id:1766
*,3495,Y,Core,ZZSkillsProgramme:ZZSkillsProgramme_ID:196;ZZUnitStandard:ZZUnitStandard_id:1186
*,3496,Y,Core,ZZSkillsProgramme:ZZSkillsProgramme_ID:196;ZZUnitStandard:ZZUnitStandard_id:1516
*,3497,Y,Core,ZZSkillsProgramme:ZZSkillsProgramme_ID:196;ZZUnitStandard:ZZUnitStandard_id:1194
*,3498,Y,Core,ZZSkillsProgramme:ZZSkillsProgramme_ID:196;ZZUnitStandard:ZZUnitStandard_id:875
*,3499,Y,Core,ZZSkillsProgramme:ZZSkillsProgramme_ID:196;ZZUnitStandard:ZZUnitStandard_id:879
*,3500,Y,Core,ZZSkillsProgramme:ZZSkillsProgramme_ID:196;ZZUnitStandard:ZZUnitStandard_id:885
*,3501,Y,Core,ZZSkillsProgramme:ZZSkillsProgramme_ID:196;ZZUnitStandard:ZZUnitStandard_id:887
*,3502,Y,Core,ZZSkillsProgramme:ZZSkillsProgramme_ID:196;ZZUnitStandard:ZZUnitStandard_id:891
*,3503,Y,Core,ZZSkillsProgramme:ZZSkillsProgramme_ID:196;ZZUnitStandard:ZZUnitStandard_id:876
*,3504,Y,Core,ZZSkillsProgramme:ZZSkillsProgramme_ID:196;ZZUnitStandard:ZZUnitStandard_id:877
*,3505,Y,Core,ZZSkillsProgramme:ZZSkillsProgramme_ID:196;ZZUnitStandard:ZZUnitStandard_id:878
*,3506,Y,Core,ZZSkillsProgramme:ZZSkillsProgramme_ID:196;ZZUnitStandard:ZZUnitStandard_id:880
*,3507,Y,Core,ZZSkillsProgramme:ZZSkillsProgramme_ID:196;ZZUnitStandard:ZZUnitStandard_id:881
*,3508,Y,Core,ZZSkillsProgramme:ZZSkillsProgramme_ID:196;ZZUnitStandard:ZZUnitStandard_id:882
*,3509,Y,Core,ZZSkillsProgramme:ZZSkillsProgramme_ID:196;ZZUnitStandard:ZZUnitStandard_id:883
*,3510,Y,Core,ZZSkillsProgramme:ZZSkillsProgramme_ID:196;ZZUnitStandard:ZZUnitStandard_id:884
*,3511,Y,Core,ZZSkillsProgramme:ZZSkillsProgramme_ID:196;ZZUnitStandard:ZZUnitStandard_id:886
*,3512,Y,Core,ZZSkillsProgramme:ZZSkillsProgramme_ID:196;ZZUnitStandard:ZZUnitStandard_id:888
*,3513,Y,Core,ZZSkillsProgramme:ZZSkillsProgramme_ID:196;ZZUnitStandard:ZZUnitStandard_id:889
*,3514,Y,Core,ZZSkillsProgramme:ZZSkillsProgramme_ID:196;ZZUnitStandard:ZZUnitStandard_id:890
*,3515,Y,Core,ZZSkillsProgramme:ZZSkillsProgramme_ID:197;ZZUnitStandard:ZZUnitStandard_id:176
*,3516,Y,Core,ZZSkillsProgramme:ZZSkillsProgramme_ID:197;ZZUnitStandard:ZZUnitStandard_id:177
*,3517,Y,Core,ZZSkillsProgramme:ZZSkillsProgramme_ID:197;ZZUnitStandard:ZZUnitStandard_id:360
*,3518,Y,Core,ZZSkillsProgramme:ZZSkillsProgramme_ID:197;ZZUnitStandard:ZZUnitStandard_id:374
*,3519,Y,Core,ZZSkillsProgramme:ZZSkillsProgramme_ID:197;ZZUnitStandard:ZZUnitStandard_id:356
*,3520,Y,Core,ZZSkillsProgramme:ZZSkillsProgramme_ID:197;ZZUnitStandard:ZZUnitStandard_id:357
*,3521,Y,Core,ZZSkillsProgramme:ZZSkillsProgramme_ID:197;ZZUnitStandard:ZZUnitStandard_id:358
*,3522,Y,Core,ZZSkillsProgramme:ZZSkillsProgramme_ID:197;ZZUnitStandard:ZZUnitStandard_id:361
*,3523,Y,Core,ZZSkillsProgramme:ZZSkillsProgramme_ID:197;ZZUnitStandard:ZZUnitStandard_id:2024
*,3524,Y,Core,ZZSkillsProgramme:ZZSkillsProgramme_ID:197;ZZUnitStandard:ZZUnitStandard_id:363
*,3525,Y,Core,ZZSkillsProgramme:ZZSkillsProgramme_ID:197;ZZUnitStandard:ZZUnitStandard_id:364
*,3526,Y,Core,ZZSkillsProgramme:ZZSkillsProgramme_ID:197;ZZUnitStandard:ZZUnitStandard_id:365
*,3527,Y,Core,ZZSkillsProgramme:ZZSkillsProgramme_ID:197;ZZUnitStandard:ZZUnitStandard_id:367
*,3528,Y,Core,ZZSkillsProgramme:ZZSkillsProgramme_ID:197;ZZUnitStandard:ZZUnitStandard_id:368
*,3529,Y,Core,ZZSkillsProgramme:ZZSkillsProgramme_ID:197;ZZUnitStandard:ZZUnitStandard_id:369
*,3530,Y,Core,ZZSkillsProgramme:ZZSkillsProgramme_ID:197;ZZUnitStandard:ZZUnitStandard_id:155
*,3531,Y,Core,ZZSkillsProgramme:ZZSkillsProgramme_ID:197;ZZUnitStandard:ZZUnitStandard_id:157
*,3532,Y,Core,ZZSkillsProgramme:ZZSkillsProgramme_ID:197;ZZUnitStandard:ZZUnitStandard_id:159
*,3533,Y,Core,ZZSkillsProgramme:ZZSkillsProgramme_ID:197;ZZUnitStandard:ZZUnitStandard_id:2039
*,3534,Y,Core,ZZSkillsProgramme:ZZSkillsProgramme_ID:197;ZZUnitStandard:ZZUnitStandard_id:160
*,3535,Y,Core,ZZSkillsProgramme:ZZSkillsProgramme_ID:197;ZZUnitStandard:ZZUnitStandard_id:180
*,3536,Y,Core,ZZSkillsProgramme:ZZSkillsProgramme_ID:197;ZZUnitStandard:ZZUnitStandard_id:348
*,3537,Y,Core,ZZSkillsProgramme:ZZSkillsProgramme_ID:197;ZZUnitStandard:ZZUnitStandard_id:255
*,3538,Y,Core,ZZSkillsProgramme:ZZSkillsProgramme_ID:197;ZZUnitStandard:ZZUnitStandard_id:256
*,3539,Y,Core,ZZSkillsProgramme:ZZSkillsProgramme_ID:197;ZZUnitStandard:ZZUnitStandard_id:257
*,3540,Y,Core,ZZSkillsProgramme:ZZSkillsProgramme_ID:197;ZZUnitStandard:ZZUnitStandard_id:2025
*,3541,Y,Core,ZZSkillsProgramme:ZZSkillsProgramme_ID:197;ZZUnitStandard:ZZUnitStandard_id:246
*,3542,Y,Core,ZZSkillsProgramme:ZZSkillsProgramme_ID:197;ZZUnitStandard:ZZUnitStandard_id:247
*,3543,Y,Core,ZZSkillsProgramme:ZZSkillsProgramme_ID:197;ZZUnitStandard:ZZUnitStandard_id:271
*,3544,Y,Core,ZZSkillsProgramme:ZZSkillsProgramme_ID:197;ZZUnitStandard:ZZUnitStandard_id:288
*,3545,Y,Core,ZZSkillsProgramme:ZZSkillsProgramme_ID:197;ZZUnitStandard:ZZUnitStandard_id:291
*,3546,Y,Core,ZZSkillsProgramme:ZZSkillsProgramme_ID:197;ZZUnitStandard:ZZUnitStandard_id:192
*,3547,Y,Core,ZZSkillsProgramme:ZZSkillsProgramme_ID:197;ZZUnitStandard:ZZUnitStandard_id:290
*,3548,Y,Core,ZZSkillsProgramme:ZZSkillsProgramme_ID:197;ZZUnitStandard:ZZUnitStandard_id:727
*,3549,Y,Core,ZZSkillsProgramme:ZZSkillsProgramme_ID:197;ZZUnitStandard:ZZUnitStandard_id:337
*,3550,Y,Core,ZZSkillsProgramme:ZZSkillsProgramme_ID:197;ZZUnitStandard:ZZUnitStandard_id:338
*,3551,Y,Core,ZZSkillsProgramme:ZZSkillsProgramme_ID:197;ZZUnitStandard:ZZUnitStandard_id:343
*,3552,Y,Core,ZZSkillsProgramme:ZZSkillsProgramme_ID:197;ZZUnitStandard:ZZUnitStandard_id:729
*,3553,Y,Core,ZZSkillsProgramme:ZZSkillsProgramme_ID:197;ZZUnitStandard:ZZUnitStandard_id:307
*,3554,Y,Core,ZZSkillsProgramme:ZZSkillsProgramme_ID:197;ZZUnitStandard:ZZUnitStandard_id:198
*,3555,Y,Core,ZZSkillsProgramme:ZZSkillsProgramme_ID:197;ZZUnitStandard:ZZUnitStandard_id:199
*,3556,Y,Core,ZZSkillsProgramme:ZZSkillsProgramme_ID:197;ZZUnitStandard:ZZUnitStandard_id:200
*,3557,Y,Core,ZZSkillsProgramme:ZZSkillsProgramme_ID:197;ZZUnitStandard:ZZUnitStandard_id:320
*,3558,Y,Core,ZZSkillsProgramme:ZZSkillsProgramme_ID:197;ZZUnitStandard:ZZUnitStandard_id:207
*,3559,Y,Core,ZZSkillsProgramme:ZZSkillsProgramme_ID:197;ZZUnitStandard:ZZUnitStandard_id:150
*,3560,Y,Core,ZZSkillsProgramme:ZZSkillsProgramme_ID:197;ZZUnitStandard:ZZUnitStandard_id:362
*,3561,Y,Core,ZZSkillsProgramme:ZZSkillsProgramme_ID:197;ZZUnitStandard:ZZUnitStandard_id:346
*,3562,Y,Core,ZZSkillsProgramme:ZZSkillsProgramme_ID:197;ZZUnitStandard:ZZUnitStandard_id:373
*,3563,Y,Core,ZZSkillsProgramme:ZZSkillsProgramme_ID:197;ZZUnitStandard:ZZUnitStandard_id:149
*,3564,Y,Core,ZZSkillsProgramme:ZZSkillsProgramme_ID:197;ZZUnitStandard:ZZUnitStandard_id:980
*,3565,Y,Core,ZZSkillsProgramme:ZZSkillsProgramme_ID:197;ZZUnitStandard:ZZUnitStandard_id:1080
*,3566,Y,Core,ZZSkillsProgramme:ZZSkillsProgramme_ID:197;ZZUnitStandard:ZZUnitStandard_id:635
*,3567,Y,Core,ZZSkillsProgramme:ZZSkillsProgramme_ID:197;ZZUnitStandard:ZZUnitStandard_id:760
*,3568,Y,Core,ZZSkillsProgramme:ZZSkillsProgramme_ID:197;ZZUnitStandard:ZZUnitStandard_id:987
*,3569,Y,Core,ZZSkillsProgramme:ZZSkillsProgramme_ID:197;ZZUnitStandard:ZZUnitStandard_id:770
*,3570,Y,Core,ZZSkillsProgramme:ZZSkillsProgramme_ID:197;ZZUnitStandard:ZZUnitStandard_id:713
*,3571,Y,Core,ZZSkillsProgramme:ZZSkillsProgramme_ID:197;ZZUnitStandard:ZZUnitStandard_id:714
*,3572,Y,Core,ZZSkillsProgramme:ZZSkillsProgramme_ID:197;ZZUnitStandard:ZZUnitStandard_id:712
*,3573,Y,Core,ZZSkillsProgramme:ZZSkillsProgramme_ID:197;ZZUnitStandard:ZZUnitStandard_id:748
*,3574,Y,Core,ZZSkillsProgramme:ZZSkillsProgramme_ID:197;ZZUnitStandard:ZZUnitStandard_id:747
*,3575,Y,Core,ZZSkillsProgramme:ZZSkillsProgramme_ID:197;ZZUnitStandard:ZZUnitStandard_id:752
*,3576,Y,Core,ZZSkillsProgramme:ZZSkillsProgramme_ID:197;ZZUnitStandard:ZZUnitStandard_id:753
*,3577,Y,Core,ZZSkillsProgramme:ZZSkillsProgramme_ID:197;ZZUnitStandard:ZZUnitStandard_id:818
*,3578,Y,Core,ZZSkillsProgramme:ZZSkillsProgramme_ID:197;ZZUnitStandard:ZZUnitStandard_id:754
*,3579,Y,Core,ZZSkillsProgramme:ZZSkillsProgramme_ID:197;ZZUnitStandard:ZZUnitStandard_id:751
*,3580,Y,Core,ZZSkillsProgramme:ZZSkillsProgramme_ID:197;ZZUnitStandard:ZZUnitStandard_id:755
*,3581,Y,Core,ZZSkillsProgramme:ZZSkillsProgramme_ID:197;ZZUnitStandard:ZZUnitStandard_id:756
*,3582,Y,Core,ZZSkillsProgramme:ZZSkillsProgramme_ID:197;ZZUnitStandard:ZZUnitStandard_id:1185
*,3583,Y,Core,ZZSkillsProgramme:ZZSkillsProgramme_ID:197;ZZUnitStandard:ZZUnitStandard_id:1161
*,3584,Y,Core,ZZSkillsProgramme:ZZSkillsProgramme_ID:197;ZZUnitStandard:ZZUnitStandard_id:1163
*,3585,Y,Core,ZZSkillsProgramme:ZZSkillsProgramme_ID:197;ZZUnitStandard:ZZUnitStandard_id:1766
*,3586,Y,Core,ZZSkillsProgramme:ZZSkillsProgramme_ID:197;ZZUnitStandard:ZZUnitStandard_id:1186
*,3587,Y,Core,ZZSkillsProgramme:ZZSkillsProgramme_ID:197;ZZUnitStandard:ZZUnitStandard_id:1516
*,3588,Y,Core,ZZSkillsProgramme:ZZSkillsProgramme_ID:197;ZZUnitStandard:ZZUnitStandard_id:1194
*,3589,Y,Core,ZZSkillsProgramme:ZZSkillsProgramme_ID:197;ZZUnitStandard:ZZUnitStandard_id:654
*,3590,Y,Core,ZZSkillsProgramme:ZZSkillsProgramme_ID:197;ZZUnitStandard:ZZUnitStandard_id:637
*,3591,Y,Core,ZZSkillsProgramme:ZZSkillsProgramme_ID:197;ZZUnitStandard:ZZUnitStandard_id:576
*,3592,Y,Core,ZZSkillsProgramme:ZZSkillsProgramme_ID:197;ZZUnitStandard:ZZUnitStandard_id:2022
*,3593,Y,Elective,ZZSkillsProgramme:ZZSkillsProgramme_ID:198;ZZUnitStandard:ZZUnitStandard_id:820
*,3594,Y,Elective,ZZSkillsProgramme:ZZSkillsProgramme_ID:198;ZZUnitStandard:ZZUnitStandard_id:819
*,3595,Y,Core,ZZSkillsProgramme:ZZSkillsProgramme_ID:198;ZZUnitStandard:ZZUnitStandard_id:822
*,3596,Y,Elective,ZZSkillsProgramme:ZZSkillsProgramme_ID:198;ZZUnitStandard:ZZUnitStandard_id:821
*,3597,Y,Core,ZZSkillsProgramme:ZZSkillsProgramme_ID:198;ZZUnitStandard:ZZUnitStandard_id:355
*,3598,Y,Core,ZZSkillsProgramme:ZZSkillsProgramme_ID:198;ZZUnitStandard:ZZUnitStandard_id:985
*,3599,Y,Core,ZZSkillsProgramme:ZZSkillsProgramme_ID:198;ZZUnitStandard:ZZUnitStandard_id:1728
*,3600,Y,Core,ZZSkillsProgramme:ZZSkillsProgramme_ID:198;ZZUnitStandard:ZZUnitStandard_id:1326
*,3601,Y,Elective,ZZSkillsProgramme:ZZSkillsProgramme_ID:198;ZZUnitStandard:ZZUnitStandard_id:595
*,3602,Y,Core,ZZSkillsProgramme:ZZSkillsProgramme_ID:198;ZZUnitStandard:ZZUnitStandard_id:590
*,3603,Y,Core,ZZSkillsProgramme:ZZSkillsProgramme_ID:198;ZZUnitStandard:ZZUnitStandard_id:591
*,3604,Y,Core,ZZSkillsProgramme:ZZSkillsProgramme_ID:198;ZZUnitStandard:ZZUnitStandard_id:829
*,3605,Y,Core,ZZSkillsProgramme:ZZSkillsProgramme_ID:198;ZZUnitStandard:ZZUnitStandard_id:602
*,3606,Y,Core,ZZSkillsProgramme:ZZSkillsProgramme_ID:198;ZZUnitStandard:ZZUnitStandard_id:596
*,3607,Y,Core,ZZSkillsProgramme:ZZSkillsProgramme_ID:198;ZZUnitStandard:ZZUnitStandard_id:594
*,3608,Y,Core,ZZSkillsProgramme:ZZSkillsProgramme_ID:198;ZZUnitStandard:ZZUnitStandard_id:589
*,3609,Y,Core,ZZSkillsProgramme:ZZSkillsProgramme_ID:198;ZZUnitStandard:ZZUnitStandard_id:598
*,3610,Y,Core,ZZSkillsProgramme:ZZSkillsProgramme_ID:198;ZZUnitStandard:ZZUnitStandard_id:599
*,3611,Y,Elective,ZZSkillsProgramme:ZZSkillsProgramme_ID:198;ZZUnitStandard:ZZUnitStandard_id:601
*,3612,Y,Core,ZZSkillsProgramme:ZZSkillsProgramme_ID:198;ZZUnitStandard:ZZUnitStandard_id:587
*,3613,Y,Core,ZZSkillsProgramme:ZZSkillsProgramme_ID:198;ZZUnitStandard:ZZUnitStandard_id:593
*,3614,Y,Elective,ZZSkillsProgramme:ZZSkillsProgramme_ID:198;ZZUnitStandard:ZZUnitStandard_id:600
*,3615,Y,Core,ZZSkillsProgramme:ZZSkillsProgramme_ID:198;ZZUnitStandard:ZZUnitStandard_id:588
*,3616,Y,Core,ZZSkillsProgramme:ZZSkillsProgramme_ID:198;ZZUnitStandard:ZZUnitStandard_id:1196
*,3617,Y,Core,ZZSkillsProgramme:ZZSkillsProgramme_ID:198;ZZUnitStandard:ZZUnitStandard_id:1165
*,3618,Y,Core,ZZSkillsProgramme:ZZSkillsProgramme_ID:198;ZZUnitStandard:ZZUnitStandard_id:1166
*,3619,Y,Core,ZZSkillsProgramme:ZZSkillsProgramme_ID:198;ZZUnitStandard:ZZUnitStandard_id:1173
*,3620,Y,Core,ZZSkillsProgramme:ZZSkillsProgramme_ID:198;ZZUnitStandard:ZZUnitStandard_id:1176
*,3621,Y,Core,ZZSkillsProgramme:ZZSkillsProgramme_ID:198;ZZUnitStandard:ZZUnitStandard_id:1188
*,3622,Y,Core,ZZSkillsProgramme:ZZSkillsProgramme_ID:198;ZZUnitStandard:ZZUnitStandard_id:1190
*,3623,Y,Core,ZZSkillsProgramme:ZZSkillsProgramme_ID:198;ZZUnitStandard:ZZUnitStandard_id:1518
*,3624,Y,Core,ZZSkillsProgramme:ZZSkillsProgramme_ID:198;ZZUnitStandard:ZZUnitStandard_id:85
*,3625,Y,Core,ZZSkillsProgramme:ZZSkillsProgramme_ID:198;ZZUnitStandard:ZZUnitStandard_id:87
*,3626,Y,Core,ZZSkillsProgramme:ZZSkillsProgramme_ID:198;ZZUnitStandard:ZZUnitStandard_id:88
*,3627,Y,Core,ZZSkillsProgramme:ZZSkillsProgramme_ID:198;ZZUnitStandard:ZZUnitStandard_id:90
*,3628,Y,Core,ZZSkillsProgramme:ZZSkillsProgramme_ID:198;ZZUnitStandard:ZZUnitStandard_id:91
*,3629,Y,Core,ZZSkillsProgramme:ZZSkillsProgramme_ID:198;ZZUnitStandard:ZZUnitStandard_id:349
*,3630,Y,Elective,ZZSkillsProgramme:ZZSkillsProgramme_ID:198;ZZUnitStandard:ZZUnitStandard_id:83
*,3631,Y,Core,ZZSkillsProgramme:ZZSkillsProgramme_ID:198;ZZUnitStandard:ZZUnitStandard_id:84
*,3632,Y,Core,ZZSkillsProgramme:ZZSkillsProgramme_ID:198;ZZUnitStandard:ZZUnitStandard_id:350
*,3633,Y,Core,ZZSkillsProgramme:ZZSkillsProgramme_ID:198;ZZUnitStandard:ZZUnitStandard_id:351
*,3634,Y,Core,ZZSkillsProgramme:ZZSkillsProgramme_ID:198;ZZUnitStandard:ZZUnitStandard_id:353
*,3635,Y,Core,ZZSkillsProgramme:ZZSkillsProgramme_ID:198;ZZUnitStandard:ZZUnitStandard_id:354
*,3636,Y,Elective,ZZSkillsProgramme:ZZSkillsProgramme_ID:198;ZZUnitStandard:ZZUnitStandard_id:658
*,3637,Y,Core,ZZSkillsProgramme:ZZSkillsProgramme_ID:198;ZZUnitStandard:ZZUnitStandard_id:89
*,3638,Y,Core,ZZSkillsProgramme:ZZSkillsProgramme_ID:198;ZZUnitStandard:ZZUnitStandard_id:352
*,3639,Y,Core,ZZSkillsProgramme:ZZSkillsProgramme_ID:198;ZZUnitStandard:ZZUnitStandard_id:569
*,3640,Y,Core,ZZSkillsProgramme:ZZSkillsProgramme_ID:199;ZZUnitStandard:ZZUnitStandard_id:174
*,3641,Y,Core,ZZSkillsProgramme:ZZSkillsProgramme_ID:199;ZZUnitStandard:ZZUnitStandard_id:360
*,3642,Y,Core,ZZSkillsProgramme:ZZSkillsProgramme_ID:199;ZZUnitStandard:ZZUnitStandard_id:374
*,3643,Y,Core,ZZSkillsProgramme:ZZSkillsProgramme_ID:199;ZZUnitStandard:ZZUnitStandard_id:356
*,3644,Y,Core,ZZSkillsProgramme:ZZSkillsProgramme_ID:199;ZZUnitStandard:ZZUnitStandard_id:357
*,3645,Y,Core,ZZSkillsProgramme:ZZSkillsProgramme_ID:199;ZZUnitStandard:ZZUnitStandard_id:361
*,3646,Y,Core,ZZSkillsProgramme:ZZSkillsProgramme_ID:199;ZZUnitStandard:ZZUnitStandard_id:363
*,3647,Y,Core,ZZSkillsProgramme:ZZSkillsProgramme_ID:199;ZZUnitStandard:ZZUnitStandard_id:364
*,3648,Y,Core,ZZSkillsProgramme:ZZSkillsProgramme_ID:199;ZZUnitStandard:ZZUnitStandard_id:365
*,3649,Y,Core,ZZSkillsProgramme:ZZSkillsProgramme_ID:199;ZZUnitStandard:ZZUnitStandard_id:367
*,3650,Y,Core,ZZSkillsProgramme:ZZSkillsProgramme_ID:199;ZZUnitStandard:ZZUnitStandard_id:368
*,3651,Y,Core,ZZSkillsProgramme:ZZSkillsProgramme_ID:199;ZZUnitStandard:ZZUnitStandard_id:369
*,3652,Y,Core,ZZSkillsProgramme:ZZSkillsProgramme_ID:199;ZZUnitStandard:ZZUnitStandard_id:155
*,3653,Y,Core,ZZSkillsProgramme:ZZSkillsProgramme_ID:199;ZZUnitStandard:ZZUnitStandard_id:370
*,3654,Y,Core,ZZSkillsProgramme:ZZSkillsProgramme_ID:199;ZZUnitStandard:ZZUnitStandard_id:371
*,3655,Y,Core,ZZSkillsProgramme:ZZSkillsProgramme_ID:199;ZZUnitStandard:ZZUnitStandard_id:372
*,3656,Y,Core,ZZSkillsProgramme:ZZSkillsProgramme_ID:199;ZZUnitStandard:ZZUnitStandard_id:160
*,3657,Y,Core,ZZSkillsProgramme:ZZSkillsProgramme_ID:199;ZZUnitStandard:ZZUnitStandard_id:172
*,3658,Y,Core,ZZSkillsProgramme:ZZSkillsProgramme_ID:199;ZZUnitStandard:ZZUnitStandard_id:173
*,3659,Y,Core,ZZSkillsProgramme:ZZSkillsProgramme_ID:199;ZZUnitStandard:ZZUnitStandard_id:710
*,3660,Y,Core,ZZSkillsProgramme:ZZSkillsProgramme_ID:199;ZZUnitStandard:ZZUnitStandard_id:348
*,3661,Y,Core,ZZSkillsProgramme:ZZSkillsProgramme_ID:199;ZZUnitStandard:ZZUnitStandard_id:255
*,3662,Y,Core,ZZSkillsProgramme:ZZSkillsProgramme_ID:199;ZZUnitStandard:ZZUnitStandard_id:257
*,3663,Y,Core,ZZSkillsProgramme:ZZSkillsProgramme_ID:199;ZZUnitStandard:ZZUnitStandard_id:259
*,3664,Y,Core,ZZSkillsProgramme:ZZSkillsProgramme_ID:199;ZZUnitStandard:ZZUnitStandard_id:2025
*,3665,Y,Core,ZZSkillsProgramme:ZZSkillsProgramme_ID:199;ZZUnitStandard:ZZUnitStandard_id:260
*,3666,Y,Core,ZZSkillsProgramme:ZZSkillsProgramme_ID:199;ZZUnitStandard:ZZUnitStandard_id:262
*,3667,Y,Core,ZZSkillsProgramme:ZZSkillsProgramme_ID:199;ZZUnitStandard:ZZUnitStandard_id:264
*,3668,Y,Core,ZZSkillsProgramme:ZZSkillsProgramme_ID:199;ZZUnitStandard:ZZUnitStandard_id:248
*,3669,Y,Core,ZZSkillsProgramme:ZZSkillsProgramme_ID:199;ZZUnitStandard:ZZUnitStandard_id:245
*,3670,Y,Core,ZZSkillsProgramme:ZZSkillsProgramme_ID:199;ZZUnitStandard:ZZUnitStandard_id:247
*,3671,Y,Core,ZZSkillsProgramme:ZZSkillsProgramme_ID:199;ZZUnitStandard:ZZUnitStandard_id:250
*,3672,Y,Core,ZZSkillsProgramme:ZZSkillsProgramme_ID:199;ZZUnitStandard:ZZUnitStandard_id:269
*,3673,Y,Core,ZZSkillsProgramme:ZZSkillsProgramme_ID:199;ZZUnitStandard:ZZUnitStandard_id:282
*,3674,Y,Core,ZZSkillsProgramme:ZZSkillsProgramme_ID:199;ZZUnitStandard:ZZUnitStandard_id:289
*,3675,Y,Core,ZZSkillsProgramme:ZZSkillsProgramme_ID:199;ZZUnitStandard:ZZUnitStandard_id:291
*,3676,Y,Core,ZZSkillsProgramme:ZZSkillsProgramme_ID:199;ZZUnitStandard:ZZUnitStandard_id:290
*,3677,Y,Core,ZZSkillsProgramme:ZZSkillsProgramme_ID:199;ZZUnitStandard:ZZUnitStandard_id:332
*,3678,Y,Core,ZZSkillsProgramme:ZZSkillsProgramme_ID:199;ZZUnitStandard:ZZUnitStandard_id:333
*,3679,Y,Core,ZZSkillsProgramme:ZZSkillsProgramme_ID:199;ZZUnitStandard:ZZUnitStandard_id:334
*,3680,Y,Core,ZZSkillsProgramme:ZZSkillsProgramme_ID:199;ZZUnitStandard:ZZUnitStandard_id:335
*,3681,Y,Core,ZZSkillsProgramme:ZZSkillsProgramme_ID:199;ZZUnitStandard:ZZUnitStandard_id:336
*,3682,Y,Core,ZZSkillsProgramme:ZZSkillsProgramme_ID:199;ZZUnitStandard:ZZUnitStandard_id:337
*,3683,Y,Core,ZZSkillsProgramme:ZZSkillsProgramme_ID:199;ZZUnitStandard:ZZUnitStandard_id:338
*,3684,Y,Core,ZZSkillsProgramme:ZZSkillsProgramme_ID:199;ZZUnitStandard:ZZUnitStandard_id:343
*,3685,Y,Core,ZZSkillsProgramme:ZZSkillsProgramme_ID:199;ZZUnitStandard:ZZUnitStandard_id:344
*,3686,Y,Core,ZZSkillsProgramme:ZZSkillsProgramme_ID:199;ZZUnitStandard:ZZUnitStandard_id:345
*,3687,Y,Core,ZZSkillsProgramme:ZZSkillsProgramme_ID:199;ZZUnitStandard:ZZUnitStandard_id:203
*,3688,Y,Core,ZZSkillsProgramme:ZZSkillsProgramme_ID:199;ZZUnitStandard:ZZUnitStandard_id:204
*,3689,Y,Core,ZZSkillsProgramme:ZZSkillsProgramme_ID:199;ZZUnitStandard:ZZUnitStandard_id:205
*,3690,Y,Core,ZZSkillsProgramme:ZZSkillsProgramme_ID:199;ZZUnitStandard:ZZUnitStandard_id:208
*,3691,Y,Core,ZZSkillsProgramme:ZZSkillsProgramme_ID:199;ZZUnitStandard:ZZUnitStandard_id:171
*,3692,Y,Core,ZZSkillsProgramme:ZZSkillsProgramme_ID:199;ZZUnitStandard:ZZUnitStandard_id:150
*,3693,Y,Core,ZZSkillsProgramme:ZZSkillsProgramme_ID:199;ZZUnitStandard:ZZUnitStandard_id:362
*,3694,Y,Core,ZZSkillsProgramme:ZZSkillsProgramme_ID:199;ZZUnitStandard:ZZUnitStandard_id:346
*,3695,Y,Core,ZZSkillsProgramme:ZZSkillsProgramme_ID:199;ZZUnitStandard:ZZUnitStandard_id:373
*,3696,Y,Core,ZZSkillsProgramme:ZZSkillsProgramme_ID:199;ZZUnitStandard:ZZUnitStandard_id:149
*,3697,Y,Core,ZZSkillsProgramme:ZZSkillsProgramme_ID:199;ZZUnitStandard:ZZUnitStandard_id:702
*,3698,Y,Core,ZZSkillsProgramme:ZZSkillsProgramme_ID:199;ZZUnitStandard:ZZUnitStandard_id:980
*,3699,Y,Core,ZZSkillsProgramme:ZZSkillsProgramme_ID:199;ZZUnitStandard:ZZUnitStandard_id:930
*,3700,Y,Core,ZZSkillsProgramme:ZZSkillsProgramme_ID:199;ZZUnitStandard:ZZUnitStandard_id:1080
*,3701,Y,Core,ZZSkillsProgramme:ZZSkillsProgramme_ID:199;ZZUnitStandard:ZZUnitStandard_id:981
*,3702,Y,Core,ZZSkillsProgramme:ZZSkillsProgramme_ID:199;ZZUnitStandard:ZZUnitStandard_id:695
*,3703,Y,Core,ZZSkillsProgramme:ZZSkillsProgramme_ID:199;ZZUnitStandard:ZZUnitStandard_id:635
*,3704,Y,Core,ZZSkillsProgramme:ZZSkillsProgramme_ID:199;ZZUnitStandard:ZZUnitStandard_id:1191
*,3705,Y,Core,ZZSkillsProgramme:ZZSkillsProgramme_ID:199;ZZUnitStandard:ZZUnitStandard_id:1184
*,3706,Y,Core,ZZSkillsProgramme:ZZSkillsProgramme_ID:199;ZZUnitStandard:ZZUnitStandard_id:1095
*,3707,Y,Core,ZZSkillsProgramme:ZZSkillsProgramme_ID:199;ZZUnitStandard:ZZUnitStandard_id:770
*,3708,Y,Core,ZZSkillsProgramme:ZZSkillsProgramme_ID:199;ZZUnitStandard:ZZUnitStandard_id:711
*,3709,Y,Core,ZZSkillsProgramme:ZZSkillsProgramme_ID:199;ZZUnitStandard:ZZUnitStandard_id:1185
*,3710,Y,Core,ZZSkillsProgramme:ZZSkillsProgramme_ID:199;ZZUnitStandard:ZZUnitStandard_id:1161
*,3711,Y,Core,ZZSkillsProgramme:ZZSkillsProgramme_ID:199;ZZUnitStandard:ZZUnitStandard_id:1162
*,3712,Y,Core,ZZSkillsProgramme:ZZSkillsProgramme_ID:199;ZZUnitStandard:ZZUnitStandard_id:1163
*,3713,Y,Core,ZZSkillsProgramme:ZZSkillsProgramme_ID:199;ZZUnitStandard:ZZUnitStandard_id:1186
*,3714,Y,Core,ZZSkillsProgramme:ZZSkillsProgramme_ID:199;ZZUnitStandard:ZZUnitStandard_id:1194
*,3715,Y,Core,ZZSkillsProgramme:ZZSkillsProgramme_ID:199;ZZUnitStandard:ZZUnitStandard_id:654
*,3716,Y,Elective,ZZSkillsProgramme:ZZSkillsProgramme_ID:199;ZZUnitStandard:ZZUnitStandard_id:637
*,3717,Y,Core,ZZSkillsProgramme:ZZSkillsProgramme_ID:199;ZZUnitStandard:ZZUnitStandard_id:576
*,3718,Y,Core,ZZSkillsProgramme:ZZSkillsProgramme_ID:200;ZZUnitStandard:ZZUnitStandard_id:503
*,3719,Y,Core,ZZSkillsProgramme:ZZSkillsProgramme_ID:200;ZZUnitStandard:ZZUnitStandard_id:901
*,3720,Y,Core,ZZSkillsProgramme:ZZSkillsProgramme_ID:200;ZZUnitStandard:ZZUnitStandard_id:95
*,3721,Y,Core,ZZSkillsProgramme:ZZSkillsProgramme_ID:200;ZZUnitStandard:ZZUnitStandard_id:96
*,3722,Y,Core,ZZSkillsProgramme:ZZSkillsProgramme_ID:200;ZZUnitStandard:ZZUnitStandard_id:97
*,3723,Y,Core,ZZSkillsProgramme:ZZSkillsProgramme_ID:200;ZZUnitStandard:ZZUnitStandard_id:1021
*,3724,Y,Core,ZZSkillsProgramme:ZZSkillsProgramme_ID:200;ZZUnitStandard:ZZUnitStandard_id:99
*,3725,Y,Core,ZZSkillsProgramme:ZZSkillsProgramme_ID:200;ZZUnitStandard:ZZUnitStandard_id:771
*,3726,Y,Core,ZZSkillsProgramme:ZZSkillsProgramme_ID:200;ZZUnitStandard:ZZUnitStandard_id:777
*,3727,Y,Core,ZZSkillsProgramme:ZZSkillsProgramme_ID:200;ZZUnitStandard:ZZUnitStandard_id:1056
*,3728,Y,Core,ZZSkillsProgramme:ZZSkillsProgramme_ID:200;ZZUnitStandard:ZZUnitStandard_id:1066
*,3729,Y,Core,ZZSkillsProgramme:ZZSkillsProgramme_ID:200;ZZUnitStandard:ZZUnitStandard_id:469
*,3730,Y,Core,ZZSkillsProgramme:ZZSkillsProgramme_ID:200;ZZUnitStandard:ZZUnitStandard_id:406
*,3731,Y,Core,ZZSkillsProgramme:ZZSkillsProgramme_ID:200;ZZUnitStandard:ZZUnitStandard_id:410
*,3732,Y,Core,ZZSkillsProgramme:ZZSkillsProgramme_ID:200;ZZUnitStandard:ZZUnitStandard_id:2046
*,3733,Y,Core,ZZSkillsProgramme:ZZSkillsProgramme_ID:200;ZZUnitStandard:ZZUnitStandard_id:1231
*,3734,Y,Core,ZZSkillsProgramme:ZZSkillsProgramme_ID:200;ZZUnitStandard:ZZUnitStandard_id:527
*,3735,Y,Core,ZZSkillsProgramme:ZZSkillsProgramme_ID:200;ZZUnitStandard:ZZUnitStandard_id:528
*,3736,Y,Core,ZZSkillsProgramme:ZZSkillsProgramme_ID:200;ZZUnitStandard:ZZUnitStandard_id:536
*,3737,Y,Core,ZZSkillsProgramme:ZZSkillsProgramme_ID:200;ZZUnitStandard:ZZUnitStandard_id:975
*,3738,Y,Core,ZZSkillsProgramme:ZZSkillsProgramme_ID:200;ZZUnitStandard:ZZUnitStandard_id:538
*,3739,Y,Core,ZZSkillsProgramme:ZZSkillsProgramme_ID:200;ZZUnitStandard:ZZUnitStandard_id:2044
*,3740,Y,Core,ZZSkillsProgramme:ZZSkillsProgramme_ID:200;ZZUnitStandard:ZZUnitStandard_id:770
*,3741,Y,Core,ZZSkillsProgramme:ZZSkillsProgramme_ID:200;ZZUnitStandard:ZZUnitStandard_id:605
*,3742,Y,Core,ZZSkillsProgramme:ZZSkillsProgramme_ID:200;ZZUnitStandard:ZZUnitStandard_id:626
*,3743,Y,Core,ZZSkillsProgramme:ZZSkillsProgramme_ID:200;ZZUnitStandard:ZZUnitStandard_id:627
*,3744,Y,Core,ZZSkillsProgramme:ZZSkillsProgramme_ID:200;ZZUnitStandard:ZZUnitStandard_id:529
*,3745,Y,Core,ZZSkillsProgramme:ZZSkillsProgramme_ID:200;ZZUnitStandard:ZZUnitStandard_id:606
*,3746,Y,Core,ZZSkillsProgramme:ZZSkillsProgramme_ID:200;ZZUnitStandard:ZZUnitStandard_id:2542
*,3747,Y,Core,ZZSkillsProgramme:ZZSkillsProgramme_ID:200;ZZUnitStandard:ZZUnitStandard_id:531
*,3748,Y,Core,ZZSkillsProgramme:ZZSkillsProgramme_ID:200;ZZUnitStandard:ZZUnitStandard_id:530
*,3749,Y,Core,ZZSkillsProgramme:ZZSkillsProgramme_ID:200;ZZUnitStandard:ZZUnitStandard_id:2576
*,3750,Y,Core,ZZSkillsProgramme:ZZSkillsProgramme_ID:200;ZZUnitStandard:ZZUnitStandard_id:2570
*,3751,Y,Core,ZZSkillsProgramme:ZZSkillsProgramme_ID:200;ZZUnitStandard:ZZUnitStandard_id:1185
*,3752,Y,Core,ZZSkillsProgramme:ZZSkillsProgramme_ID:200;ZZUnitStandard:ZZUnitStandard_id:1514
*,3753,Y,Core,ZZSkillsProgramme:ZZSkillsProgramme_ID:200;ZZUnitStandard:ZZUnitStandard_id:1161
*,3754,Y,Core,ZZSkillsProgramme:ZZSkillsProgramme_ID:200;ZZUnitStandard:ZZUnitStandard_id:1162
*,3755,Y,Core,ZZSkillsProgramme:ZZSkillsProgramme_ID:200;ZZUnitStandard:ZZUnitStandard_id:1163
*,3756,Y,Core,ZZSkillsProgramme:ZZSkillsProgramme_ID:200;ZZUnitStandard:ZZUnitStandard_id:1177
*,3757,Y,Core,ZZSkillsProgramme:ZZSkillsProgramme_ID:200;ZZUnitStandard:ZZUnitStandard_id:1186
*,3758,Y,Core,ZZSkillsProgramme:ZZSkillsProgramme_ID:200;ZZUnitStandard:ZZUnitStandard_id:1516
*,3759,Y,Core,ZZSkillsProgramme:ZZSkillsProgramme_ID:200;ZZUnitStandard:ZZUnitStandard_id:1194
*,3760,Y,Core,ZZSkillsProgramme:ZZSkillsProgramme_ID:200;ZZUnitStandard:ZZUnitStandard_id:93
*,3761,Y,Core,ZZSkillsProgramme:ZZSkillsProgramme_ID:200;ZZUnitStandard:ZZUnitStandard_id:101
*,3762,Y,Core,ZZSkillsProgramme:ZZSkillsProgramme_ID:200;ZZUnitStandard:ZZUnitStandard_id:94
*,3763,Y,Core,ZZSkillsProgramme:ZZSkillsProgramme_ID:200;ZZUnitStandard:ZZUnitStandard_id:92
*,3764,Y,Core,ZZSkillsProgramme:ZZSkillsProgramme_ID:200;ZZUnitStandard:ZZUnitStandard_id:98
*,3765,Y,Core,ZZSkillsProgramme:ZZSkillsProgramme_ID:200;ZZUnitStandard:ZZUnitStandard_id:102
*,3766,Y,Core,ZZSkillsProgramme:ZZSkillsProgramme_ID:200;ZZUnitStandard:ZZUnitStandard_id:103
*,3767,Y,Core,ZZSkillsProgramme:ZZSkillsProgramme_ID:200;ZZUnitStandard:ZZUnitStandard_id:104
*,3768,Y,Core,ZZSkillsProgramme:ZZSkillsProgramme_ID:200;ZZUnitStandard:ZZUnitStandard_id:109
*,3769,Y,Core,ZZSkillsProgramme:ZZSkillsProgramme_ID:200;ZZUnitStandard:ZZUnitStandard_id:763
*,3770,Y,Core,ZZSkillsProgramme:ZZSkillsProgramme_ID:200;ZZUnitStandard:ZZUnitStandard_id:130
*,3771,Y,Core,ZZSkillsProgramme:ZZSkillsProgramme_ID:200;ZZUnitStandard:ZZUnitStandard_id:39
*,3772,Y,Core,ZZSkillsProgramme:ZZSkillsProgramme_ID:200;ZZUnitStandard:ZZUnitStandard_id:38
*,3773,Y,Core,ZZSkillsProgramme:ZZSkillsProgramme_ID:200;ZZUnitStandard:ZZUnitStandard_id:42
*,3774,Y,Core,ZZSkillsProgramme:ZZSkillsProgramme_ID:200;ZZUnitStandard:ZZUnitStandard_id:50
*,3775,Y,Core,ZZSkillsProgramme:ZZSkillsProgramme_ID:200;ZZUnitStandard:ZZUnitStandard_id:37
*,3776,Y,Core,ZZSkillsProgramme:ZZSkillsProgramme_ID:200;ZZUnitStandard:ZZUnitStandard_id:2045
*,3777,Y,Core,ZZSkillsProgramme:ZZSkillsProgramme_ID:200;ZZUnitStandard:ZZUnitStandard_id:1759
*,3778,Y,Core,ZZSkillsProgramme:ZZSkillsProgramme_ID:201;ZZUnitStandard:ZZUnitStandard_id:1476
*,3779,Y,Core,ZZSkillsProgramme:ZZSkillsProgramme_ID:201;ZZUnitStandard:ZZUnitStandard_id:1507
*,3780,Y,Core,ZZSkillsProgramme:ZZSkillsProgramme_ID:201;ZZUnitStandard:ZZUnitStandard_id:1477
*,3781,Y,Core,ZZSkillsProgramme:ZZSkillsProgramme_ID:201;ZZUnitStandard:ZZUnitStandard_id:1511
*,3782,Y,Core,ZZSkillsProgramme:ZZSkillsProgramme_ID:201;ZZUnitStandard:ZZUnitStandard_id:1480
*,3783,Y,Core,ZZSkillsProgramme:ZZSkillsProgramme_ID:201;ZZUnitStandard:ZZUnitStandard_id:1487
*,3784,Y,Core,ZZSkillsProgramme:ZZSkillsProgramme_ID:201;ZZUnitStandard:ZZUnitStandard_id:1419
*,3785,Y,Core,ZZSkillsProgramme:ZZSkillsProgramme_ID:201;ZZUnitStandard:ZZUnitStandard_id:1490
*,3786,Y,Core,ZZSkillsProgramme:ZZSkillsProgramme_ID:201;ZZUnitStandard:ZZUnitStandard_id:1510
*,3787,Y,Core,ZZSkillsProgramme:ZZSkillsProgramme_ID:201;ZZUnitStandard:ZZUnitStandard_id:1492
*,3788,Y,Core,ZZSkillsProgramme:ZZSkillsProgramme_ID:201;ZZUnitStandard:ZZUnitStandard_id:1484
*,3789,Y,Core,ZZSkillsProgramme:ZZSkillsProgramme_ID:201;ZZUnitStandard:ZZUnitStandard_id:1478
*,3790,Y,Core,ZZSkillsProgramme:ZZSkillsProgramme_ID:201;ZZUnitStandard:ZZUnitStandard_id:1498
*,3791,Y,Core,ZZSkillsProgramme:ZZSkillsProgramme_ID:201;ZZUnitStandard:ZZUnitStandard_id:1494
*,3792,Y,Core,ZZSkillsProgramme:ZZSkillsProgramme_ID:201;ZZUnitStandard:ZZUnitStandard_id:761
*,3793,Y,Core,ZZSkillsProgramme:ZZSkillsProgramme_ID:201;ZZUnitStandard:ZZUnitStandard_id:1179
*,3794,Y,Core,ZZSkillsProgramme:ZZSkillsProgramme_ID:201;ZZUnitStandard:ZZUnitStandard_id:1503
*,3795,Y,Core,ZZSkillsProgramme:ZZSkillsProgramme_ID:201;ZZUnitStandard:ZZUnitStandard_id:1509
*,3796,Y,Core,ZZSkillsProgramme:ZZSkillsProgramme_ID:201;ZZUnitStandard:ZZUnitStandard_id:1196
*,3797,Y,Core,ZZSkillsProgramme:ZZSkillsProgramme_ID:201;ZZUnitStandard:ZZUnitStandard_id:1435
*,3798,Y,Core,ZZSkillsProgramme:ZZSkillsProgramme_ID:201;ZZUnitStandard:ZZUnitStandard_id:1164
*,3799,Y,Core,ZZSkillsProgramme:ZZSkillsProgramme_ID:201;ZZUnitStandard:ZZUnitStandard_id:1165
*,3800,Y,Core,ZZSkillsProgramme:ZZSkillsProgramme_ID:201;ZZUnitStandard:ZZUnitStandard_id:1166
*,3801,Y,Core,ZZSkillsProgramme:ZZSkillsProgramme_ID:201;ZZUnitStandard:ZZUnitStandard_id:1188
*,3802,Y,Core,ZZSkillsProgramme:ZZSkillsProgramme_ID:201;ZZUnitStandard:ZZUnitStandard_id:1190
*,3803,Y,Core,ZZSkillsProgramme:ZZSkillsProgramme_ID:201;ZZUnitStandard:ZZUnitStandard_id:1518
*,3804,Y,Core,ZZSkillsProgramme:ZZSkillsProgramme_ID:202;ZZUnitStandard:ZZUnitStandard_id:1670
*,3805,Y,Core,ZZSkillsProgramme:ZZSkillsProgramme_ID:202;ZZUnitStandard:ZZUnitStandard_id:1637
*,3806,Y,Core,ZZSkillsProgramme:ZZSkillsProgramme_ID:202;ZZUnitStandard:ZZUnitStandard_id:1642
*,3807,Y,Core,ZZSkillsProgramme:ZZSkillsProgramme_ID:202;ZZUnitStandard:ZZUnitStandard_id:1673
*,3808,Y,Core,ZZSkillsProgramme:ZZSkillsProgramme_ID:202;ZZUnitStandard:ZZUnitStandard_id:1672
*,3809,Y,Core,ZZSkillsProgramme:ZZSkillsProgramme_ID:202;ZZUnitStandard:ZZUnitStandard_id:1674
*,3810,Y,Core,ZZSkillsProgramme:ZZSkillsProgramme_ID:202;ZZUnitStandard:ZZUnitStandard_id:1573
*,3811,Y,Core,ZZSkillsProgramme:ZZSkillsProgramme_ID:202;ZZUnitStandard:ZZUnitStandard_id:1563
*,3812,Y,Core,ZZSkillsProgramme:ZZSkillsProgramme_ID:202;ZZUnitStandard:ZZUnitStandard_id:1566
*,3813,Y,Core,ZZSkillsProgramme:ZZSkillsProgramme_ID:202;ZZUnitStandard:ZZUnitStandard_id:1575
*,3814,Y,Core,ZZSkillsProgramme:ZZSkillsProgramme_ID:202;ZZUnitStandard:ZZUnitStandard_id:1569
*,3815,Y,Core,ZZSkillsProgramme:ZZSkillsProgramme_ID:202;ZZUnitStandard:ZZUnitStandard_id:1571
*,3816,Y,Core,ZZSkillsProgramme:ZZSkillsProgramme_ID:202;ZZUnitStandard:ZZUnitStandard_id:1572
*,3817,Y,Core,ZZSkillsProgramme:ZZSkillsProgramme_ID:202;ZZUnitStandard:ZZUnitStandard_id:1675
*,3818,Y,Core,ZZSkillsProgramme:ZZSkillsProgramme_ID:202;ZZUnitStandard:ZZUnitStandard_id:1179
*,3819,Y,Core,ZZSkillsProgramme:ZZSkillsProgramme_ID:202;ZZUnitStandard:ZZUnitStandard_id:1191
*,3820,Y,Core,ZZSkillsProgramme:ZZSkillsProgramme_ID:202;ZZUnitStandard:ZZUnitStandard_id:1189
*,3821,Y,Core,ZZSkillsProgramme:ZZSkillsProgramme_ID:202;ZZUnitStandard:ZZUnitStandard_id:1671
*,3822,Y,Core,ZZSkillsProgramme:ZZSkillsProgramme_ID:202;ZZUnitStandard:ZZUnitStandard_id:1164
*,3823,Y,Core,ZZSkillsProgramme:ZZSkillsProgramme_ID:202;ZZUnitStandard:ZZUnitStandard_id:1165
*,3824,Y,Core,ZZSkillsProgramme:ZZSkillsProgramme_ID:202;ZZUnitStandard:ZZUnitStandard_id:1166
*,3825,Y,Core,ZZSkillsProgramme:ZZSkillsProgramme_ID:202;ZZUnitStandard:ZZUnitStandard_id:1167
*,3826,Y,Core,ZZSkillsProgramme:ZZSkillsProgramme_ID:202;ZZUnitStandard:ZZUnitStandard_id:1168
*,3827,Y,Core,ZZSkillsProgramme:ZZSkillsProgramme_ID:202;ZZUnitStandard:ZZUnitStandard_id:1169
*,3828,Y,Core,ZZSkillsProgramme:ZZSkillsProgramme_ID:202;ZZUnitStandard:ZZUnitStandard_id:1177
*,3829,Y,Core,ZZSkillsProgramme:ZZSkillsProgramme_ID:202;ZZUnitStandard:ZZUnitStandard_id:1197
*,3830,Y,Core,ZZSkillsProgramme:ZZSkillsProgramme_ID:203;ZZUnitStandard:ZZUnitStandard_id:1450
*,3831,Y,Core,ZZSkillsProgramme:ZZSkillsProgramme_ID:203;ZZUnitStandard:ZZUnitStandard_id:1429
*,3832,Y,Core,ZZSkillsProgramme:ZZSkillsProgramme_ID:203;ZZUnitStandard:ZZUnitStandard_id:1461
*,3833,Y,Core,ZZSkillsProgramme:ZZSkillsProgramme_ID:203;ZZUnitStandard:ZZUnitStandard_id:1404
*,3834,Y,Core,ZZSkillsProgramme:ZZSkillsProgramme_ID:203;ZZUnitStandard:ZZUnitStandard_id:1419
*,3835,Y,Core,ZZSkillsProgramme:ZZSkillsProgramme_ID:203;ZZUnitStandard:ZZUnitStandard_id:1426
*,3836,Y,Core,ZZSkillsProgramme:ZZSkillsProgramme_ID:203;ZZUnitStandard:ZZUnitStandard_id:1427
*,3837,Y,Core,ZZSkillsProgramme:ZZSkillsProgramme_ID:203;ZZUnitStandard:ZZUnitStandard_id:1428
*,3838,Y,Core,ZZSkillsProgramme:ZZSkillsProgramme_ID:203;ZZUnitStandard:ZZUnitStandard_id:1405
*,3839,Y,Core,ZZSkillsProgramme:ZZSkillsProgramme_ID:203;ZZUnitStandard:ZZUnitStandard_id:1425
*,3840,Y,Core,ZZSkillsProgramme:ZZSkillsProgramme_ID:203;ZZUnitStandard:ZZUnitStandard_id:920
*,3841,Y,Core,ZZSkillsProgramme:ZZSkillsProgramme_ID:203;ZZUnitStandard:ZZUnitStandard_id:1187
*,3842,Y,Core,ZZSkillsProgramme:ZZSkillsProgramme_ID:203;ZZUnitStandard:ZZUnitStandard_id:1667
*,3843,Y,Core,ZZSkillsProgramme:ZZSkillsProgramme_ID:203;ZZUnitStandard:ZZUnitStandard_id:1469
*,3844,Y,Core,ZZSkillsProgramme:ZZSkillsProgramme_ID:203;ZZUnitStandard:ZZUnitStandard_id:1466
*,3845,Y,Core,ZZSkillsProgramme:ZZSkillsProgramme_ID:203;ZZUnitStandard:ZZUnitStandard_id:770
*,3846,Y,Core,ZZSkillsProgramme:ZZSkillsProgramme_ID:203;ZZUnitStandard:ZZUnitStandard_id:1185
*,3847,Y,Core,ZZSkillsProgramme:ZZSkillsProgramme_ID:203;ZZUnitStandard:ZZUnitStandard_id:1514
*,3848,Y,Core,ZZSkillsProgramme:ZZSkillsProgramme_ID:203;ZZUnitStandard:ZZUnitStandard_id:1433
*,3849,Y,Core,ZZSkillsProgramme:ZZSkillsProgramme_ID:203;ZZUnitStandard:ZZUnitStandard_id:1415
*,3850,Y,Core,ZZSkillsProgramme:ZZSkillsProgramme_ID:203;ZZUnitStandard:ZZUnitStandard_id:1161
*,3851,Y,Core,ZZSkillsProgramme:ZZSkillsProgramme_ID:203;ZZUnitStandard:ZZUnitStandard_id:1162
*,3852,Y,Core,ZZSkillsProgramme:ZZSkillsProgramme_ID:203;ZZUnitStandard:ZZUnitStandard_id:1163
*,3853,Y,Core,ZZSkillsProgramme:ZZSkillsProgramme_ID:203;ZZUnitStandard:ZZUnitStandard_id:1186
*,3854,Y,Core,ZZSkillsProgramme:ZZSkillsProgramme_ID:203;ZZUnitStandard:ZZUnitStandard_id:1194
*,3855,Y,Core,ZZSkillsProgramme:ZZSkillsProgramme_ID:203;ZZUnitStandard:ZZUnitStandard_id:1403
*,3856,Y,Core,ZZSkillsProgramme:ZZSkillsProgramme_ID:203;ZZUnitStandard:ZZUnitStandard_id:1467
*,3857,Y,Core,ZZSkillsProgramme:ZZSkillsProgramme_ID:203;ZZUnitStandard:ZZUnitStandard_id:1444
*,3858,Y,Core,ZZSkillsProgramme:ZZSkillsProgramme_ID:205;ZZUnitStandard:ZZUnitStandard_id:2446
*,3859,Y,Core,ZZSkillsProgramme:ZZSkillsProgramme_ID:205;ZZUnitStandard:ZZUnitStandard_id:1720
*,3860,Y,Core,ZZSkillsProgramme:ZZSkillsProgramme_ID:205;ZZUnitStandard:ZZUnitStandard_id:1718
*,3861,Y,Core,ZZSkillsProgramme:ZZSkillsProgramme_ID:205;ZZUnitStandard:ZZUnitStandard_id:1717
*,3862,Y,Core,ZZSkillsProgramme:ZZSkillsProgramme_ID:205;ZZUnitStandard:ZZUnitStandard_id:1721
*,3863,Y,Core,ZZSkillsProgramme:ZZSkillsProgramme_ID:205;ZZUnitStandard:ZZUnitStandard_id:1719
*,3864,Y,Core,ZZSkillsProgramme:ZZSkillsProgramme_ID:205;ZZUnitStandard:ZZUnitStandard_id:1727
*,3865,Y,Core,ZZSkillsProgramme:ZZSkillsProgramme_ID:205;ZZUnitStandard:ZZUnitStandard_id:1281
*,3866,Y,Core,ZZSkillsProgramme:ZZSkillsProgramme_ID:205;ZZUnitStandard:ZZUnitStandard_id:1722
*,3867,Y,Core,ZZSkillsProgramme:ZZSkillsProgramme_ID:205;ZZUnitStandard:ZZUnitStandard_id:1187
*,3868,Y,Core,ZZSkillsProgramme:ZZSkillsProgramme_ID:205;ZZUnitStandard:ZZUnitStandard_id:1667
*,3869,Y,Core,ZZSkillsProgramme:ZZSkillsProgramme_ID:205;ZZUnitStandard:ZZUnitStandard_id:1502
*,3870,Y,Core,ZZSkillsProgramme:ZZSkillsProgramme_ID:205;ZZUnitStandard:ZZUnitStandard_id:1724
*,3871,Y,Core,ZZSkillsProgramme:ZZSkillsProgramme_ID:205;ZZUnitStandard:ZZUnitStandard_id:1725
*,3872,Y,Core,ZZSkillsProgramme:ZZSkillsProgramme_ID:205;ZZUnitStandard:ZZUnitStandard_id:1726
*,3873,Y,Core,ZZSkillsProgramme:ZZSkillsProgramme_ID:205;ZZUnitStandard:ZZUnitStandard_id:1466
*,3874,Y,Core,ZZSkillsProgramme:ZZSkillsProgramme_ID:205;ZZUnitStandard:ZZUnitStandard_id:1185
*,3875,Y,Core,ZZSkillsProgramme:ZZSkillsProgramme_ID:205;ZZUnitStandard:ZZUnitStandard_id:1514
*,3876,Y,Core,ZZSkillsProgramme:ZZSkillsProgramme_ID:205;ZZUnitStandard:ZZUnitStandard_id:1433
*,3877,Y,Core,ZZSkillsProgramme:ZZSkillsProgramme_ID:205;ZZUnitStandard:ZZUnitStandard_id:1161
*,3878,Y,Core,ZZSkillsProgramme:ZZSkillsProgramme_ID:205;ZZUnitStandard:ZZUnitStandard_id:1162
*,3879,Y,Core,ZZSkillsProgramme:ZZSkillsProgramme_ID:205;ZZUnitStandard:ZZUnitStandard_id:1163
*,3880,Y,Core,ZZSkillsProgramme:ZZSkillsProgramme_ID:205;ZZUnitStandard:ZZUnitStandard_id:1186
*,3881,Y,Core,ZZSkillsProgramme:ZZSkillsProgramme_ID:205;ZZUnitStandard:ZZUnitStandard_id:1194
*,3882,Y,Core,ZZSkillsProgramme:ZZSkillsProgramme_ID:205;ZZUnitStandard:ZZUnitStandard_id:2488
*,3883,Y,Core,ZZSkillsProgramme:ZZSkillsProgramme_ID:205;ZZUnitStandard:ZZUnitStandard_id:2671
*,3884,Y,Core,ZZSkillsProgramme:ZZSkillsProgramme_ID:205;ZZUnitStandard:ZZUnitStandard_id:1723
*,3885,Y,Core,ZZSkillsProgramme:ZZSkillsProgramme_ID:205;ZZUnitStandard:ZZUnitStandard_id:1467
*,3886,Y,Core,ZZSkillsProgramme:ZZSkillsProgramme_ID:207;ZZUnitStandard:ZZUnitStandard_id:1737
*,3887,Y,Core,ZZSkillsProgramme:ZZSkillsProgramme_ID:207;ZZUnitStandard:ZZUnitStandard_id:1741
*,3888,Y,Core,ZZSkillsProgramme:ZZSkillsProgramme_ID:207;ZZUnitStandard:ZZUnitStandard_id:1689
*,3889,Y,Core,ZZSkillsProgramme:ZZSkillsProgramme_ID:207;ZZUnitStandard:ZZUnitStandard_id:1739
*,3890,Y,Core,ZZSkillsProgramme:ZZSkillsProgramme_ID:207;ZZUnitStandard:ZZUnitStandard_id:1738
*,3891,Y,Core,ZZSkillsProgramme:ZZSkillsProgramme_ID:207;ZZUnitStandard:ZZUnitStandard_id:1675
*,3892,Y,Core,ZZSkillsProgramme:ZZSkillsProgramme_ID:207;ZZUnitStandard:ZZUnitStandard_id:1745
*,3893,Y,Core,ZZSkillsProgramme:ZZSkillsProgramme_ID:207;ZZUnitStandard:ZZUnitStandard_id:1740
*,3894,Y,Core,ZZSkillsProgramme:ZZSkillsProgramme_ID:207;ZZUnitStandard:ZZUnitStandard_id:1744
*,3895,Y,Core,ZZSkillsProgramme:ZZSkillsProgramme_ID:207;ZZUnitStandard:ZZUnitStandard_id:1742
*,3896,Y,Core,ZZSkillsProgramme:ZZSkillsProgramme_ID:207;ZZUnitStandard:ZZUnitStandard_id:1688
*,3897,Y,Core,ZZSkillsProgramme:ZZSkillsProgramme_ID:207;ZZUnitStandard:ZZUnitStandard_id:1743
*,3898,Y,Core,ZZSkillsProgramme:ZZSkillsProgramme_ID:207;ZZUnitStandard:ZZUnitStandard_id:1413
*,3899,Y,Core,ZZSkillsProgramme:ZZSkillsProgramme_ID:207;ZZUnitStandard:ZZUnitStandard_id:1393
*,3900,Y,Core,ZZSkillsProgramme:ZZSkillsProgramme_ID:207;ZZUnitStandard:ZZUnitStandard_id:1377
*,3901,Y,Core,ZZSkillsProgramme:ZZSkillsProgramme_ID:207;ZZUnitStandard:ZZUnitStandard_id:1380
*,3902,Y,Core,ZZSkillsProgramme:ZZSkillsProgramme_ID:207;ZZUnitStandard:ZZUnitStandard_id:1414
*,3903,Y,Core,ZZSkillsProgramme:ZZSkillsProgramme_ID:207;ZZUnitStandard:ZZUnitStandard_id:1398
*,3904,Y,Core,ZZSkillsProgramme:ZZSkillsProgramme_ID:207;ZZUnitStandard:ZZUnitStandard_id:1384
*,3905,Y,Core,ZZSkillsProgramme:ZZSkillsProgramme_ID:207;ZZUnitStandard:ZZUnitStandard_id:1394
*,3906,Y,Core,ZZSkillsProgramme:ZZSkillsProgramme_ID:207;ZZUnitStandard:ZZUnitStandard_id:1397
*,3907,Y,Core,ZZSkillsProgramme:ZZSkillsProgramme_ID:207;ZZUnitStandard:ZZUnitStandard_id:1396
*,3908,Y,Core,ZZSkillsProgramme:ZZSkillsProgramme_ID:207;ZZUnitStandard:ZZUnitStandard_id:1406
*,3909,Y,Core,ZZSkillsProgramme:ZZSkillsProgramme_ID:207;ZZUnitStandard:ZZUnitStandard_id:1376
*,3910,Y,Core,ZZSkillsProgramme:ZZSkillsProgramme_ID:207;ZZUnitStandard:ZZUnitStandard_id:1392
*,3911,Y,Core,ZZSkillsProgramme:ZZSkillsProgramme_ID:207;ZZUnitStandard:ZZUnitStandard_id:1370
*,3912,Y,Core,ZZSkillsProgramme:ZZSkillsProgramme_ID:207;ZZUnitStandard:ZZUnitStandard_id:1410
*,3913,Y,Core,ZZSkillsProgramme:ZZSkillsProgramme_ID:207;ZZUnitStandard:ZZUnitStandard_id:1371
*,3914,Y,Core,ZZSkillsProgramme:ZZSkillsProgramme_ID:207;ZZUnitStandard:ZZUnitStandard_id:1373
*,3915,Y,Core,ZZSkillsProgramme:ZZSkillsProgramme_ID:207;ZZUnitStandard:ZZUnitStandard_id:1383
*,3916,Y,Core,ZZSkillsProgramme:ZZSkillsProgramme_ID:207;ZZUnitStandard:ZZUnitStandard_id:1189
*,3917,Y,Core,ZZSkillsProgramme:ZZSkillsProgramme_ID:207;ZZUnitStandard:ZZUnitStandard_id:1748
*,3918,Y,Core,ZZSkillsProgramme:ZZSkillsProgramme_ID:207;ZZUnitStandard:ZZUnitStandard_id:1747
*,3919,Y,Core,ZZSkillsProgramme:ZZSkillsProgramme_ID:207;ZZUnitStandard:ZZUnitStandard_id:1746
*,3920,Y,Core,ZZSkillsProgramme:ZZSkillsProgramme_ID:209;ZZUnitStandard:ZZUnitStandard_id:1760
*,3921,Y,Core,ZZSkillsProgramme:ZZSkillsProgramme_ID:210;ZZUnitStandard:ZZUnitStandard_id:1781
*,3922,Y,Core,ZZSkillsProgramme:ZZSkillsProgramme_ID:210;ZZUnitStandard:ZZUnitStandard_id:1815
*,3923,Y,Core,ZZSkillsProgramme:ZZSkillsProgramme_ID:210;ZZUnitStandard:ZZUnitStandard_id:1814
*,3924,Y,Core,ZZSkillsProgramme:ZZSkillsProgramme_ID:210;ZZUnitStandard:ZZUnitStandard_id:1810
*,3925,Y,Core,ZZSkillsProgramme:ZZSkillsProgramme_ID:210;ZZUnitStandard:ZZUnitStandard_id:1811
*,3926,Y,Core,ZZSkillsProgramme:ZZSkillsProgramme_ID:210;ZZUnitStandard:ZZUnitStandard_id:1813
*,3927,Y,Core,ZZSkillsProgramme:ZZSkillsProgramme_ID:210;ZZUnitStandard:ZZUnitStandard_id:1812
*,3928,Y,Core,ZZSkillsProgramme:ZZSkillsProgramme_ID:210;ZZUnitStandard:ZZUnitStandard_id:761
*,3929,Y,Core,ZZSkillsProgramme:ZZSkillsProgramme_ID:210;ZZUnitStandard:ZZUnitStandard_id:1196
*,3930,Y,Core,ZZSkillsProgramme:ZZSkillsProgramme_ID:210;ZZUnitStandard:ZZUnitStandard_id:1164
*,3931,Y,Core,ZZSkillsProgramme:ZZSkillsProgramme_ID:210;ZZUnitStandard:ZZUnitStandard_id:1165
*,3932,Y,Core,ZZSkillsProgramme:ZZSkillsProgramme_ID:210;ZZUnitStandard:ZZUnitStandard_id:1166
*,3933,Y,Core,ZZSkillsProgramme:ZZSkillsProgramme_ID:210;ZZUnitStandard:ZZUnitStandard_id:1176
*,3934,Y,Core,ZZSkillsProgramme:ZZSkillsProgramme_ID:210;ZZUnitStandard:ZZUnitStandard_id:1188
*,3935,Y,Core,ZZSkillsProgramme:ZZSkillsProgramme_ID:210;ZZUnitStandard:ZZUnitStandard_id:1190
*,3936,Y,Core,ZZSkillsProgramme:ZZSkillsProgramme_ID:210;ZZUnitStandard:ZZUnitStandard_id:1759
*,3937,Y,Core,ZZSkillsProgramme:ZZSkillsProgramme_ID:210;ZZUnitStandard:ZZUnitStandard_id:1760
*,3938,Y,Core,ZZSkillsProgramme:ZZSkillsProgramme_ID:210;ZZUnitStandard:ZZUnitStandard_id:1764
*,3939,Y,Core,ZZSkillsProgramme:ZZSkillsProgramme_ID:210;ZZUnitStandard:ZZUnitStandard_id:1767
*,3940,Y,Core,ZZSkillsProgramme:ZZSkillsProgramme_ID:211;ZZUnitStandard:ZZUnitStandard_id:761
*,3941,Y,Core,ZZSkillsProgramme:ZZSkillsProgramme_ID:211;ZZUnitStandard:ZZUnitStandard_id:1773
*,3942,Y,Core,ZZSkillsProgramme:ZZSkillsProgramme_ID:211;ZZUnitStandard:ZZUnitStandard_id:1769
*,3943,Y,Core,ZZSkillsProgramme:ZZSkillsProgramme_ID:211;ZZUnitStandard:ZZUnitStandard_id:1772
*,3944,Y,Core,ZZSkillsProgramme:ZZSkillsProgramme_ID:211;ZZUnitStandard:ZZUnitStandard_id:1777
*,3945,Y,Core,ZZSkillsProgramme:ZZSkillsProgramme_ID:211;ZZUnitStandard:ZZUnitStandard_id:1774
*,3946,Y,Core,ZZSkillsProgramme:ZZSkillsProgramme_ID:211;ZZUnitStandard:ZZUnitStandard_id:1768
*,3947,Y,Core,ZZSkillsProgramme:ZZSkillsProgramme_ID:211;ZZUnitStandard:ZZUnitStandard_id:1771
*,3948,Y,Core,ZZSkillsProgramme:ZZSkillsProgramme_ID:211;ZZUnitStandard:ZZUnitStandard_id:1778
*,3949,Y,Core,ZZSkillsProgramme:ZZSkillsProgramme_ID:211;ZZUnitStandard:ZZUnitStandard_id:1776
*,3950,Y,Core,ZZSkillsProgramme:ZZSkillsProgramme_ID:211;ZZUnitStandard:ZZUnitStandard_id:1775
*,3951,Y,Core,ZZSkillsProgramme:ZZSkillsProgramme_ID:211;ZZUnitStandard:ZZUnitStandard_id:1196
*,3952,Y,Core,ZZSkillsProgramme:ZZSkillsProgramme_ID:211;ZZUnitStandard:ZZUnitStandard_id:1164
*,3953,Y,Core,ZZSkillsProgramme:ZZSkillsProgramme_ID:211;ZZUnitStandard:ZZUnitStandard_id:1165
*,3954,Y,Core,ZZSkillsProgramme:ZZSkillsProgramme_ID:211;ZZUnitStandard:ZZUnitStandard_id:1166
*,3955,Y,Core,ZZSkillsProgramme:ZZSkillsProgramme_ID:211;ZZUnitStandard:ZZUnitStandard_id:1176
*,3956,Y,Core,ZZSkillsProgramme:ZZSkillsProgramme_ID:211;ZZUnitStandard:ZZUnitStandard_id:1188
*,3957,Y,Core,ZZSkillsProgramme:ZZSkillsProgramme_ID:211;ZZUnitStandard:ZZUnitStandard_id:1190
*,3958,Y,Core,ZZSkillsProgramme:ZZSkillsProgramme_ID:211;ZZUnitStandard:ZZUnitStandard_id:1759
*,3959,Y,Core,ZZSkillsProgramme:ZZSkillsProgramme_ID:211;ZZUnitStandard:ZZUnitStandard_id:1760
*,3960,Y,Core,ZZSkillsProgramme:ZZSkillsProgramme_ID:211;ZZUnitStandard:ZZUnitStandard_id:1764
*,3961,Y,Core,ZZSkillsProgramme:ZZSkillsProgramme_ID:212;ZZUnitStandard:ZZUnitStandard_id:1187
*,3962,Y,Core,ZZSkillsProgramme:ZZSkillsProgramme_ID:212;ZZUnitStandard:ZZUnitStandard_id:1829
*,3963,Y,Core,ZZSkillsProgramme:ZZSkillsProgramme_ID:212;ZZUnitStandard:ZZUnitStandard_id:1771
*,3964,Y,Core,ZZSkillsProgramme:ZZSkillsProgramme_ID:212;ZZUnitStandard:ZZUnitStandard_id:1762
*,3965,Y,Core,ZZSkillsProgramme:ZZSkillsProgramme_ID:212;ZZUnitStandard:ZZUnitStandard_id:1823
*,3966,Y,Core,ZZSkillsProgramme:ZZSkillsProgramme_ID:212;ZZUnitStandard:ZZUnitStandard_id:1824
*,3967,Y,Core,ZZSkillsProgramme:ZZSkillsProgramme_ID:212;ZZUnitStandard:ZZUnitStandard_id:1822
*,3968,Y,Core,ZZSkillsProgramme:ZZSkillsProgramme_ID:212;ZZUnitStandard:ZZUnitStandard_id:1821
*,3969,Y,Core,ZZSkillsProgramme:ZZSkillsProgramme_ID:212;ZZUnitStandard:ZZUnitStandard_id:1825
*,3970,Y,Core,ZZSkillsProgramme:ZZSkillsProgramme_ID:212;ZZUnitStandard:ZZUnitStandard_id:1820
*,3971,Y,Core,ZZSkillsProgramme:ZZSkillsProgramme_ID:212;ZZUnitStandard:ZZUnitStandard_id:1765
*,3972,Y,Core,ZZSkillsProgramme:ZZSkillsProgramme_ID:212;ZZUnitStandard:ZZUnitStandard_id:1819
*,3973,Y,Core,ZZSkillsProgramme:ZZSkillsProgramme_ID:212;ZZUnitStandard:ZZUnitStandard_id:1830
*,3974,Y,Core,ZZSkillsProgramme:ZZSkillsProgramme_ID:212;ZZUnitStandard:ZZUnitStandard_id:1763
*,3975,Y,Core,ZZSkillsProgramme:ZZSkillsProgramme_ID:212;ZZUnitStandard:ZZUnitStandard_id:1828
*,3976,Y,Core,ZZSkillsProgramme:ZZSkillsProgramme_ID:212;ZZUnitStandard:ZZUnitStandard_id:1827
*,3977,Y,Core,ZZSkillsProgramme:ZZSkillsProgramme_ID:212;ZZUnitStandard:ZZUnitStandard_id:1185
*,3978,Y,Core,ZZSkillsProgramme:ZZSkillsProgramme_ID:212;ZZUnitStandard:ZZUnitStandard_id:1514
*,3979,Y,Core,ZZSkillsProgramme:ZZSkillsProgramme_ID:212;ZZUnitStandard:ZZUnitStandard_id:1162
*,3980,Y,Core,ZZSkillsProgramme:ZZSkillsProgramme_ID:212;ZZUnitStandard:ZZUnitStandard_id:1163
*,3981,Y,Core,ZZSkillsProgramme:ZZSkillsProgramme_ID:212;ZZUnitStandard:ZZUnitStandard_id:1766
*,3982,Y,Core,ZZSkillsProgramme:ZZSkillsProgramme_ID:212;ZZUnitStandard:ZZUnitStandard_id:1186
*,3983,Y,Core,ZZSkillsProgramme:ZZSkillsProgramme_ID:212;ZZUnitStandard:ZZUnitStandard_id:1194
*,3984,Y,Core,ZZSkillsProgramme:ZZSkillsProgramme_ID:212;ZZUnitStandard:ZZUnitStandard_id:1831
*,3985,Y,Core,ZZSkillsProgramme:ZZSkillsProgramme_ID:212;ZZUnitStandard:ZZUnitStandard_id:1759
*,3986,Y,Core,ZZSkillsProgramme:ZZSkillsProgramme_ID:212;ZZUnitStandard:ZZUnitStandard_id:1760
*,3987,Y,Core,ZZSkillsProgramme:ZZSkillsProgramme_ID:212;ZZUnitStandard:ZZUnitStandard_id:1764
*,3988,Y,Core,ZZSkillsProgramme:ZZSkillsProgramme_ID:212;ZZUnitStandard:ZZUnitStandard_id:1767
*,3989,Y,Core,ZZSkillsProgramme:ZZSkillsProgramme_ID:212;ZZUnitStandard:ZZUnitStandard_id:1818
*,3990,Y,Core,ZZSkillsProgramme:ZZSkillsProgramme_ID:214;ZZUnitStandard:ZZUnitStandard_id:1883
*,3991,Y,Core,ZZSkillsProgramme:ZZSkillsProgramme_ID:214;ZZUnitStandard:ZZUnitStandard_id:1939
*,3992,Y,Core,ZZSkillsProgramme:ZZSkillsProgramme_ID:214;ZZUnitStandard:ZZUnitStandard_id:1885
*,3993,Y,Core,ZZSkillsProgramme:ZZSkillsProgramme_ID:214;ZZUnitStandard:ZZUnitStandard_id:1940
*,3994,Y,Core,ZZSkillsProgramme:ZZSkillsProgramme_ID:214;ZZUnitStandard:ZZUnitStandard_id:1938
*,3995,Y,Core,ZZSkillsProgramme:ZZSkillsProgramme_ID:214;ZZUnitStandard:ZZUnitStandard_id:1941
*,3996,Y,Core,ZZSkillsProgramme:ZZSkillsProgramme_ID:214;ZZUnitStandard:ZZUnitStandard_id:1942
*,3997,Y,Core,ZZSkillsProgramme:ZZSkillsProgramme_ID:214;ZZUnitStandard:ZZUnitStandard_id:1944
*,3998,Y,Core,ZZSkillsProgramme:ZZSkillsProgramme_ID:214;ZZUnitStandard:ZZUnitStandard_id:1943
*,3999,Y,Core,ZZSkillsProgramme:ZZSkillsProgramme_ID:214;ZZUnitStandard:ZZUnitStandard_id:1945
*,4000,Y,Core,ZZSkillsProgramme:ZZSkillsProgramme_ID:214;ZZUnitStandard:ZZUnitStandard_id:1189
*,4001,Y,Core,ZZSkillsProgramme:ZZSkillsProgramme_ID:214;ZZUnitStandard:ZZUnitStandard_id:1167
*,4002,Y,Core,ZZSkillsProgramme:ZZSkillsProgramme_ID:214;ZZUnitStandard:ZZUnitStandard_id:1168
*,4003,Y,Core,ZZSkillsProgramme:ZZSkillsProgramme_ID:214;ZZUnitStandard:ZZUnitStandard_id:1169
*,4004,Y,Core,ZZSkillsProgramme:ZZSkillsProgramme_ID:214;ZZUnitStandard:ZZUnitStandard_id:1177
*,4005,Y,Core,ZZSkillsProgramme:ZZSkillsProgramme_ID:214;ZZUnitStandard:ZZUnitStandard_id:1197
*,4006,Y,Core,ZZSkillsProgramme:ZZSkillsProgramme_ID:214;ZZUnitStandard:ZZUnitStandard_id:1198
*,4007,Y,Core,ZZSkillsProgramme:ZZSkillsProgramme_ID:215;ZZUnitStandard:ZZUnitStandard_id:1964
*,4008,Y,Core,ZZSkillsProgramme:ZZSkillsProgramme_ID:215;ZZUnitStandard:ZZUnitStandard_id:1963
*,4009,Y,Core,ZZSkillsProgramme:ZZSkillsProgramme_ID:215;ZZUnitStandard:ZZUnitStandard_id:1954
*,4010,Y,Core,ZZSkillsProgramme:ZZSkillsProgramme_ID:215;ZZUnitStandard:ZZUnitStandard_id:1953
*,4011,Y,Core,ZZSkillsProgramme:ZZSkillsProgramme_ID:215;ZZUnitStandard:ZZUnitStandard_id:1955
*,4012,Y,Core,ZZSkillsProgramme:ZZSkillsProgramme_ID:215;ZZUnitStandard:ZZUnitStandard_id:1961
*,4013,Y,Core,ZZSkillsProgramme:ZZSkillsProgramme_ID:215;ZZUnitStandard:ZZUnitStandard_id:1957
*,4014,Y,Core,ZZSkillsProgramme:ZZSkillsProgramme_ID:215;ZZUnitStandard:ZZUnitStandard_id:1956
*,4015,Y,Core,ZZSkillsProgramme:ZZSkillsProgramme_ID:215;ZZUnitStandard:ZZUnitStandard_id:1958
*,4016,Y,Core,ZZSkillsProgramme:ZZSkillsProgramme_ID:215;ZZUnitStandard:ZZUnitStandard_id:1962
*,4017,Y,Core,ZZSkillsProgramme:ZZSkillsProgramme_ID:215;ZZUnitStandard:ZZUnitStandard_id:1959
*,4018,Y,Core,ZZSkillsProgramme:ZZSkillsProgramme_ID:215;ZZUnitStandard:ZZUnitStandard_id:1960
*,4019,Y,Core,ZZSkillsProgramme:ZZSkillsProgramme_ID:215;ZZUnitStandard:ZZUnitStandard_id:1952
*,4020,Y,Core,ZZSkillsProgramme:ZZSkillsProgramme_ID:215;ZZUnitStandard:ZZUnitStandard_id:1187
*,4021,Y,Core,ZZSkillsProgramme:ZZSkillsProgramme_ID:215;ZZUnitStandard:ZZUnitStandard_id:1185
*,4022,Y,Core,ZZSkillsProgramme:ZZSkillsProgramme_ID:215;ZZUnitStandard:ZZUnitStandard_id:1514
*,4023,Y,Core,ZZSkillsProgramme:ZZSkillsProgramme_ID:215;ZZUnitStandard:ZZUnitStandard_id:1161
*,4024,Y,Core,ZZSkillsProgramme:ZZSkillsProgramme_ID:215;ZZUnitStandard:ZZUnitStandard_id:1162
*,4025,Y,Core,ZZSkillsProgramme:ZZSkillsProgramme_ID:215;ZZUnitStandard:ZZUnitStandard_id:1163
*,4026,Y,Core,ZZSkillsProgramme:ZZSkillsProgramme_ID:215;ZZUnitStandard:ZZUnitStandard_id:1766
*,4027,Y,Core,ZZSkillsProgramme:ZZSkillsProgramme_ID:215;ZZUnitStandard:ZZUnitStandard_id:1176
*,4028,Y,Core,ZZSkillsProgramme:ZZSkillsProgramme_ID:215;ZZUnitStandard:ZZUnitStandard_id:1177
*,4029,Y,Core,ZZSkillsProgramme:ZZSkillsProgramme_ID:215;ZZUnitStandard:ZZUnitStandard_id:1186
*,4030,Y,Core,ZZSkillsProgramme:ZZSkillsProgramme_ID:215;ZZUnitStandard:ZZUnitStandard_id:1194
*,4031,Y,Core,ZZSkillsProgramme:ZZSkillsProgramme_ID:215;ZZUnitStandard:ZZUnitStandard_id:1418
*,4032,Y,Core,ZZSkillsProgramme:ZZSkillsProgramme_ID:215;ZZUnitStandard:ZZUnitStandard_id:1444
*,4033,Y,Core,ZZSkillsProgramme:ZZSkillsProgramme_ID:215;ZZUnitStandard:ZZUnitStandard_id:1759
*,4034,Y,Core,ZZSkillsProgramme:ZZSkillsProgramme_ID:216;ZZUnitStandard:ZZUnitStandard_id:504
*,4035,Y,Core,ZZSkillsProgramme:ZZSkillsProgramme_ID:216;ZZUnitStandard:ZZUnitStandard_id:505
*,4036,Y,Core,ZZSkillsProgramme:ZZSkillsProgramme_ID:216;ZZUnitStandard:ZZUnitStandard_id:506
*,4037,Y,Core,ZZSkillsProgramme:ZZSkillsProgramme_ID:216;ZZUnitStandard:ZZUnitStandard_id:1036
*,4038,Y,Core,ZZSkillsProgramme:ZZSkillsProgramme_ID:216;ZZUnitStandard:ZZUnitStandard_id:1037
*,4039,Y,Core,ZZSkillsProgramme:ZZSkillsProgramme_ID:216;ZZUnitStandard:ZZUnitStandard_id:1040
*,4040,Y,Elective,ZZSkillsProgramme:ZZSkillsProgramme_ID:216;ZZUnitStandard:ZZUnitStandard_id:2763
*,4041,Y,Core,ZZSkillsProgramme:ZZSkillsProgramme_ID:216;ZZUnitStandard:ZZUnitStandard_id:1608
*,4042,Y,Core,ZZSkillsProgramme:ZZSkillsProgramme_ID:216;ZZUnitStandard:ZZUnitStandard_id:1726
*,4043,Y,Core,ZZSkillsProgramme:ZZSkillsProgramme_ID:216;ZZUnitStandard:ZZUnitStandard_id:2211
*,4044,Y,Core,ZZSkillsProgramme:ZZSkillsProgramme_ID:216;ZZUnitStandard:ZZUnitStandard_id:2212
*,4045,Y,Core,ZZSkillsProgramme:ZZSkillsProgramme_ID:216;ZZUnitStandard:ZZUnitStandard_id:2213
*,4046,Y,Core,ZZSkillsProgramme:ZZSkillsProgramme_ID:216;ZZUnitStandard:ZZUnitStandard_id:609
*,4047,Y,Core,ZZSkillsProgramme:ZZSkillsProgramme_ID:216;ZZUnitStandard:ZZUnitStandard_id:607
*,4048,Y,Core,ZZSkillsProgramme:ZZSkillsProgramme_ID:216;ZZUnitStandard:ZZUnitStandard_id:1196
*,4049,Y,Core,ZZSkillsProgramme:ZZSkillsProgramme_ID:216;ZZUnitStandard:ZZUnitStandard_id:1164
*,4050,Y,Core,ZZSkillsProgramme:ZZSkillsProgramme_ID:216;ZZUnitStandard:ZZUnitStandard_id:1165
*,4051,Y,Core,ZZSkillsProgramme:ZZSkillsProgramme_ID:216;ZZUnitStandard:ZZUnitStandard_id:1166
*,4052,Y,Core,ZZSkillsProgramme:ZZSkillsProgramme_ID:216;ZZUnitStandard:ZZUnitStandard_id:1176
*,4053,Y,Core,ZZSkillsProgramme:ZZSkillsProgramme_ID:216;ZZUnitStandard:ZZUnitStandard_id:1188
*,4054,Y,Core,ZZSkillsProgramme:ZZSkillsProgramme_ID:216;ZZUnitStandard:ZZUnitStandard_id:1190
*,4055,Y,Core,ZZSkillsProgramme:ZZSkillsProgramme_ID:216;ZZUnitStandard:ZZUnitStandard_id:1518
*,4056,Y,Core,ZZSkillsProgramme:ZZSkillsProgramme_ID:216;ZZUnitStandard:ZZUnitStandard_id:94
*,4057,Y,Core,ZZSkillsProgramme:ZZSkillsProgramme_ID:216;ZZUnitStandard:ZZUnitStandard_id:518
*,4058,Y,Core,ZZSkillsProgramme:ZZSkillsProgramme_ID:216;ZZUnitStandard:ZZUnitStandard_id:105
*,4059,Y,Core,ZZSkillsProgramme:ZZSkillsProgramme_ID:216;ZZUnitStandard:ZZUnitStandard_id:106
*,4060,Y,Core,ZZSkillsProgramme:ZZSkillsProgramme_ID:216;ZZUnitStandard:ZZUnitStandard_id:116
*,4061,Y,Core,ZZSkillsProgramme:ZZSkillsProgramme_ID:216;ZZUnitStandard:ZZUnitStandard_id:118
*,4062,Y,Core,ZZSkillsProgramme:ZZSkillsProgramme_ID:216;ZZUnitStandard:ZZUnitStandard_id:517
*,4063,Y,Core,ZZSkillsProgramme:ZZSkillsProgramme_ID:216;ZZUnitStandard:ZZUnitStandard_id:40
*,4064,Y,Core,ZZSkillsProgramme:ZZSkillsProgramme_ID:216;ZZUnitStandard:ZZUnitStandard_id:41
*,4065,Y,Core,ZZSkillsProgramme:ZZSkillsProgramme_ID:216;ZZUnitStandard:ZZUnitStandard_id:38
*,4066,Y,Core,ZZSkillsProgramme:ZZSkillsProgramme_ID:216;ZZUnitStandard:ZZUnitStandard_id:45
*,4067,Y,Core,ZZSkillsProgramme:ZZSkillsProgramme_ID:216;ZZUnitStandard:ZZUnitStandard_id:48
*,4068,Y,Core,ZZSkillsProgramme:ZZSkillsProgramme_ID:216;ZZUnitStandard:ZZUnitStandard_id:49
*,4069,Y,Core,ZZSkillsProgramme:ZZSkillsProgramme_ID:216;ZZUnitStandard:ZZUnitStandard_id:51
*,4070,Y,Core,ZZSkillsProgramme:ZZSkillsProgramme_ID:216;ZZUnitStandard:ZZUnitStandard_id:52
*,4071,Y,Core,ZZSkillsProgramme:ZZSkillsProgramme_ID:216;ZZUnitStandard:ZZUnitStandard_id:519
*,4072,Y,Core,ZZSkillsProgramme:ZZSkillsProgramme_ID:216;ZZUnitStandard:ZZUnitStandard_id:54
*,4073,Y,Core,ZZSkillsProgramme:ZZSkillsProgramme_ID:216;ZZUnitStandard:ZZUnitStandard_id:55
*,4074,Y,Core,ZZSkillsProgramme:ZZSkillsProgramme_ID:216;ZZUnitStandard:ZZUnitStandard_id:57
*,4075,Y,Core,ZZSkillsProgramme:ZZSkillsProgramme_ID:216;ZZUnitStandard:ZZUnitStandard_id:47
*,4076,Y,Core,ZZSkillsProgramme:ZZSkillsProgramme_ID:217;ZZUnitStandard:ZZUnitStandard_id:236
*,4077,Y,Core,ZZSkillsProgramme:ZZSkillsProgramme_ID:217;ZZUnitStandard:ZZUnitStandard_id:432
*,4078,Y,Core,ZZSkillsProgramme:ZZSkillsProgramme_ID:217;ZZUnitStandard:ZZUnitStandard_id:264
*,4079,Y,Core,ZZSkillsProgramme:ZZSkillsProgramme_ID:217;ZZUnitStandard:ZZUnitStandard_id:718
*,4080,Y,Core,ZZSkillsProgramme:ZZSkillsProgramme_ID:217;ZZUnitStandard:ZZUnitStandard_id:736
*,4081,Y,Core,ZZSkillsProgramme:ZZSkillsProgramme_ID:217;ZZUnitStandard:ZZUnitStandard_id:434
*,4082,Y,Core,ZZSkillsProgramme:ZZSkillsProgramme_ID:217;ZZUnitStandard:ZZUnitStandard_id:435
*,4083,Y,Core,ZZSkillsProgramme:ZZSkillsProgramme_ID:217;ZZUnitStandard:ZZUnitStandard_id:930
*,4084,Y,Core,ZZSkillsProgramme:ZZSkillsProgramme_ID:217;ZZUnitStandard:ZZUnitStandard_id:1010
*,4085,Y,Core,ZZSkillsProgramme:ZZSkillsProgramme_ID:217;ZZUnitStandard:ZZUnitStandard_id:1138
*,4086,Y,Core,ZZSkillsProgramme:ZZSkillsProgramme_ID:217;ZZUnitStandard:ZZUnitStandard_id:716
*,4087,Y,Core,ZZSkillsProgramme:ZZSkillsProgramme_ID:217;ZZUnitStandard:ZZUnitStandard_id:1009
*,4088,Y,Core,ZZSkillsProgramme:ZZSkillsProgramme_ID:217;ZZUnitStandard:ZZUnitStandard_id:1262
*,4089,Y,Core,ZZSkillsProgramme:ZZSkillsProgramme_ID:217;ZZUnitStandard:ZZUnitStandard_id:1257
*,4090,Y,Core,ZZSkillsProgramme:ZZSkillsProgramme_ID:217;ZZUnitStandard:ZZUnitStandard_id:985
*,4091,Y,Core,ZZSkillsProgramme:ZZSkillsProgramme_ID:217;ZZUnitStandard:ZZUnitStandard_id:695
*,4092,Y,Core,ZZSkillsProgramme:ZZSkillsProgramme_ID:217;ZZUnitStandard:ZZUnitStandard_id:919
*,4093,Y,Core,ZZSkillsProgramme:ZZSkillsProgramme_ID:217;ZZUnitStandard:ZZUnitStandard_id:1013
*,4094,Y,Core,ZZSkillsProgramme:ZZSkillsProgramme_ID:217;ZZUnitStandard:ZZUnitStandard_id:2203
*,4095,Y,Core,ZZSkillsProgramme:ZZSkillsProgramme_ID:217;ZZUnitStandard:ZZUnitStandard_id:1014
*,4096,Y,Core,ZZSkillsProgramme:ZZSkillsProgramme_ID:217;ZZUnitStandard:ZZUnitStandard_id:1016
*,4097,Y,Core,ZZSkillsProgramme:ZZSkillsProgramme_ID:217;ZZUnitStandard:ZZUnitStandard_id:1017
*,4098,Y,Core,ZZSkillsProgramme:ZZSkillsProgramme_ID:217;ZZUnitStandard:ZZUnitStandard_id:1139
*,4099,Y,Core,ZZSkillsProgramme:ZZSkillsProgramme_ID:217;ZZUnitStandard:ZZUnitStandard_id:1298
*,4100,Y,Core,ZZSkillsProgramme:ZZSkillsProgramme_ID:217;ZZUnitStandard:ZZUnitStandard_id:1015
*,4101,Y,Core,ZZSkillsProgramme:ZZSkillsProgramme_ID:217;ZZUnitStandard:ZZUnitStandard_id:212
*,4102,Y,Core,ZZSkillsProgramme:ZZSkillsProgramme_ID:217;ZZUnitStandard:ZZUnitStandard_id:1006
*,4103,Y,Core,ZZSkillsProgramme:ZZSkillsProgramme_ID:217;ZZUnitStandard:ZZUnitStandard_id:1012
*,4104,Y,Core,ZZSkillsProgramme:ZZSkillsProgramme_ID:217;ZZUnitStandard:ZZUnitStandard_id:999
*,4105,Y,Core,ZZSkillsProgramme:ZZSkillsProgramme_ID:217;ZZUnitStandard:ZZUnitStandard_id:445
*,4106,Y,Core,ZZSkillsProgramme:ZZSkillsProgramme_ID:217;ZZUnitStandard:ZZUnitStandard_id:2220
*,4107,Y,Core,ZZSkillsProgramme:ZZSkillsProgramme_ID:217;ZZUnitStandard:ZZUnitStandard_id:1853
*,4108,Y,Core,ZZSkillsProgramme:ZZSkillsProgramme_ID:217;ZZUnitStandard:ZZUnitStandard_id:1884
*,4109,Y,Core,ZZSkillsProgramme:ZZSkillsProgramme_ID:217;ZZUnitStandard:ZZUnitStandard_id:1854
*,4110,Y,Core,ZZSkillsProgramme:ZZSkillsProgramme_ID:217;ZZUnitStandard:ZZUnitStandard_id:2218
*,4111,Y,Core,ZZSkillsProgramme:ZZSkillsProgramme_ID:217;ZZUnitStandard:ZZUnitStandard_id:2202
*,4112,Y,Core,ZZSkillsProgramme:ZZSkillsProgramme_ID:217;ZZUnitStandard:ZZUnitStandard_id:2221
*,4113,Y,Core,ZZSkillsProgramme:ZZSkillsProgramme_ID:217;ZZUnitStandard:ZZUnitStandard_id:2201
*,4114,Y,Core,ZZSkillsProgramme:ZZSkillsProgramme_ID:217;ZZUnitStandard:ZZUnitStandard_id:761
*,4115,Y,Core,ZZSkillsProgramme:ZZSkillsProgramme_ID:217;ZZUnitStandard:ZZUnitStandard_id:1338
*,4116,Y,Core,ZZSkillsProgramme:ZZSkillsProgramme_ID:217;ZZUnitStandard:ZZUnitStandard_id:1067
*,4117,Y,Core,ZZSkillsProgramme:ZZSkillsProgramme_ID:217;ZZUnitStandard:ZZUnitStandard_id:1011
*,4118,Y,Core,ZZSkillsProgramme:ZZSkillsProgramme_ID:217;ZZUnitStandard:ZZUnitStandard_id:1003
*,4119,Y,Core,ZZSkillsProgramme:ZZSkillsProgramme_ID:217;ZZUnitStandard:ZZUnitStandard_id:1005
*,4120,Y,Core,ZZSkillsProgramme:ZZSkillsProgramme_ID:217;ZZUnitStandard:ZZUnitStandard_id:1001
*,4121,Y,Core,ZZSkillsProgramme:ZZSkillsProgramme_ID:217;ZZUnitStandard:ZZUnitStandard_id:1008
*,4122,Y,Core,ZZSkillsProgramme:ZZSkillsProgramme_ID:217;ZZUnitStandard:ZZUnitStandard_id:1004
*,4123,Y,Core,ZZSkillsProgramme:ZZSkillsProgramme_ID:217;ZZUnitStandard:ZZUnitStandard_id:1002
*,4124,Y,Core,ZZSkillsProgramme:ZZSkillsProgramme_ID:217;ZZUnitStandard:ZZUnitStandard_id:1000
*,4125,Y,Core,ZZSkillsProgramme:ZZSkillsProgramme_ID:217;ZZUnitStandard:ZZUnitStandard_id:1007
*,4126,Y,Core,ZZSkillsProgramme:ZZSkillsProgramme_ID:217;ZZUnitStandard:ZZUnitStandard_id:1019
*,4127,Y,Core,ZZSkillsProgramme:ZZSkillsProgramme_ID:217;ZZUnitStandard:ZZUnitStandard_id:1669
*,4128,Y,Core,ZZSkillsProgramme:ZZSkillsProgramme_ID:217;ZZUnitStandard:ZZUnitStandard_id:1196
*,4129,Y,Core,ZZSkillsProgramme:ZZSkillsProgramme_ID:217;ZZUnitStandard:ZZUnitStandard_id:1433
*,4130,Y,Core,ZZSkillsProgramme:ZZSkillsProgramme_ID:217;ZZUnitStandard:ZZUnitStandard_id:1766
*,4131,Y,Core,ZZSkillsProgramme:ZZSkillsProgramme_ID:217;ZZUnitStandard:ZZUnitStandard_id:1164
*,4132,Y,Core,ZZSkillsProgramme:ZZSkillsProgramme_ID:217;ZZUnitStandard:ZZUnitStandard_id:1165
*,4133,Y,Core,ZZSkillsProgramme:ZZSkillsProgramme_ID:217;ZZUnitStandard:ZZUnitStandard_id:1166
*,4134,Y,Core,ZZSkillsProgramme:ZZSkillsProgramme_ID:217;ZZUnitStandard:ZZUnitStandard_id:1188
*,4135,Y,Core,ZZSkillsProgramme:ZZSkillsProgramme_ID:217;ZZUnitStandard:ZZUnitStandard_id:1190
*,4136,Y,Core,ZZSkillsProgramme:ZZSkillsProgramme_ID:217;ZZUnitStandard:ZZUnitStandard_id:1518
*,4137,Y,Core,ZZSkillsProgramme:ZZSkillsProgramme_ID:217;ZZUnitStandard:ZZUnitStandard_id:213
*,4138,Y,Core,ZZSkillsProgramme:ZZSkillsProgramme_ID:218;ZZUnitStandard:ZZUnitStandard_id:1630
*,4139,Y,Core,ZZSkillsProgramme:ZZSkillsProgramme_ID:218;ZZUnitStandard:ZZUnitStandard_id:485
*,4140,Y,Core,ZZSkillsProgramme:ZZSkillsProgramme_ID:218;ZZUnitStandard:ZZUnitStandard_id:489
*,4141,Y,Core,ZZSkillsProgramme:ZZSkillsProgramme_ID:218;ZZUnitStandard:ZZUnitStandard_id:475
*,4142,Y,Core,ZZSkillsProgramme:ZZSkillsProgramme_ID:218;ZZUnitStandard:ZZUnitStandard_id:8
*,4143,Y,Core,ZZSkillsProgramme:ZZSkillsProgramme_ID:218;ZZUnitStandard:ZZUnitStandard_id:484
*,4144,Y,Core,ZZSkillsProgramme:ZZSkillsProgramme_ID:218;ZZUnitStandard:ZZUnitStandard_id:976
*,4145,Y,Core,ZZSkillsProgramme:ZZSkillsProgramme_ID:218;ZZUnitStandard:ZZUnitStandard_id:1253
*,4146,Y,Core,ZZSkillsProgramme:ZZSkillsProgramme_ID:218;ZZUnitStandard:ZZUnitStandard_id:1213
*,4147,Y,Core,ZZSkillsProgramme:ZZSkillsProgramme_ID:218;ZZUnitStandard:ZZUnitStandard_id:1216
*,4148,Y,Core,ZZSkillsProgramme:ZZSkillsProgramme_ID:218;ZZUnitStandard:ZZUnitStandard_id:1123
*,4149,Y,Core,ZZSkillsProgramme:ZZSkillsProgramme_ID:218;ZZUnitStandard:ZZUnitStandard_id:1217
*,4150,Y,Core,ZZSkillsProgramme:ZZSkillsProgramme_ID:218;ZZUnitStandard:ZZUnitStandard_id:952
*,4151,Y,Core,ZZSkillsProgramme:ZZSkillsProgramme_ID:218;ZZUnitStandard:ZZUnitStandard_id:934
*,4152,Y,Core,ZZSkillsProgramme:ZZSkillsProgramme_ID:218;ZZUnitStandard:ZZUnitStandard_id:931
*,4153,Y,Core,ZZSkillsProgramme:ZZSkillsProgramme_ID:218;ZZUnitStandard:ZZUnitStandard_id:2191
*,4154,Y,Core,ZZSkillsProgramme:ZZSkillsProgramme_ID:218;ZZUnitStandard:ZZUnitStandard_id:2197
*,4155,Y,Core,ZZSkillsProgramme:ZZSkillsProgramme_ID:218;ZZUnitStandard:ZZUnitStandard_id:2192
*,4156,Y,Core,ZZSkillsProgramme:ZZSkillsProgramme_ID:218;ZZUnitStandard:ZZUnitStandard_id:2193
*,4157,Y,Core,ZZSkillsProgramme:ZZSkillsProgramme_ID:218;ZZUnitStandard:ZZUnitStandard_id:2047
*,4158,Y,Core,ZZSkillsProgramme:ZZSkillsProgramme_ID:218;ZZUnitStandard:ZZUnitStandard_id:1948
*,4159,Y,Core,ZZSkillsProgramme:ZZSkillsProgramme_ID:218;ZZUnitStandard:ZZUnitStandard_id:1947
*,4160,Y,Core,ZZSkillsProgramme:ZZSkillsProgramme_ID:218;ZZUnitStandard:ZZUnitStandard_id:1946
*,4161,Y,Core,ZZSkillsProgramme:ZZSkillsProgramme_ID:218;ZZUnitStandard:ZZUnitStandard_id:943
*,4162,Y,Core,ZZSkillsProgramme:ZZSkillsProgramme_ID:218;ZZUnitStandard:ZZUnitStandard_id:942
*,4163,Y,Core,ZZSkillsProgramme:ZZSkillsProgramme_ID:218;ZZUnitStandard:ZZUnitStandard_id:1337
*,4164,Y,Core,ZZSkillsProgramme:ZZSkillsProgramme_ID:218;ZZUnitStandard:ZZUnitStandard_id:2198
*,4165,Y,Core,ZZSkillsProgramme:ZZSkillsProgramme_ID:218;ZZUnitStandard:ZZUnitStandard_id:2194
*,4166,Y,Core,ZZSkillsProgramme:ZZSkillsProgramme_ID:218;ZZUnitStandard:ZZUnitStandard_id:2196
*,4167,Y,Core,ZZSkillsProgramme:ZZSkillsProgramme_ID:218;ZZUnitStandard:ZZUnitStandard_id:2199
*,4168,Y,Core,ZZSkillsProgramme:ZZSkillsProgramme_ID:218;ZZUnitStandard:ZZUnitStandard_id:2195
*,4169,Y,Core,ZZSkillsProgramme:ZZSkillsProgramme_ID:218;ZZUnitStandard:ZZUnitStandard_id:1189
*,4170,Y,Core,ZZSkillsProgramme:ZZSkillsProgramme_ID:218;ZZUnitStandard:ZZUnitStandard_id:1766
*,4171,Y,Core,ZZSkillsProgramme:ZZSkillsProgramme_ID:218;ZZUnitStandard:ZZUnitStandard_id:1164
*,4172,Y,Core,ZZSkillsProgramme:ZZSkillsProgramme_ID:218;ZZUnitStandard:ZZUnitStandard_id:1165
*,4173,Y,Core,ZZSkillsProgramme:ZZSkillsProgramme_ID:218;ZZUnitStandard:ZZUnitStandard_id:1166
*,4174,Y,Core,ZZSkillsProgramme:ZZSkillsProgramme_ID:218;ZZUnitStandard:ZZUnitStandard_id:1167
*,4175,Y,Core,ZZSkillsProgramme:ZZSkillsProgramme_ID:218;ZZUnitStandard:ZZUnitStandard_id:1168
*,4176,Y,Core,ZZSkillsProgramme:ZZSkillsProgramme_ID:218;ZZUnitStandard:ZZUnitStandard_id:1169
*,4177,Y,Core,ZZSkillsProgramme:ZZSkillsProgramme_ID:218;ZZUnitStandard:ZZUnitStandard_id:1177
*,4178,Y,Core,ZZSkillsProgramme:ZZSkillsProgramme_ID:218;ZZUnitStandard:ZZUnitStandard_id:1197
*,4179,Y,Core,ZZSkillsProgramme:ZZSkillsProgramme_ID:218;ZZUnitStandard:ZZUnitStandard_id:1198
*,4180,Y,Core,ZZSkillsProgramme:ZZSkillsProgramme_ID:218;ZZUnitStandard:ZZUnitStandard_id:2200
*,4181,Y,Core,ZZSkillsProgramme:ZZSkillsProgramme_ID:218;ZZUnitStandard:ZZUnitStandard_id:4
*,4182,Y,Core,ZZSkillsProgramme:ZZSkillsProgramme_ID:218;ZZUnitStandard:ZZUnitStandard_id:6
*,4183,Y,Core,ZZSkillsProgramme:ZZSkillsProgramme_ID:218;ZZUnitStandard:ZZUnitStandard_id:7
*,4184,Y,Core,ZZSkillsProgramme:ZZSkillsProgramme_ID:219;ZZUnitStandard:ZZUnitStandard_id:1735
*,4185,Y,Core,ZZSkillsProgramme:ZZSkillsProgramme_ID:219;ZZUnitStandard:ZZUnitStandard_id:1736
*,4186,Y,Core,ZZSkillsProgramme:ZZSkillsProgramme_ID:219;ZZUnitStandard:ZZUnitStandard_id:1888
*,4187,Y,Core,ZZSkillsProgramme:ZZSkillsProgramme_ID:219;ZZUnitStandard:ZZUnitStandard_id:1889
*,4188,Y,Core,ZZSkillsProgramme:ZZSkillsProgramme_ID:219;ZZUnitStandard:ZZUnitStandard_id:1865
*,4189,Y,Core,ZZSkillsProgramme:ZZSkillsProgramme_ID:219;ZZUnitStandard:ZZUnitStandard_id:1179
*,4190,Y,Core,ZZSkillsProgramme:ZZSkillsProgramme_ID:219;ZZUnitStandard:ZZUnitStandard_id:1191
*,4191,Y,Core,ZZSkillsProgramme:ZZSkillsProgramme_ID:219;ZZUnitStandard:ZZUnitStandard_id:1733
*,4192,Y,Core,ZZSkillsProgramme:ZZSkillsProgramme_ID:219;ZZUnitStandard:ZZUnitStandard_id:1732
*,4193,Y,Core,ZZSkillsProgramme:ZZSkillsProgramme_ID:219;ZZUnitStandard:ZZUnitStandard_id:1734
*,4194,Y,Core,ZZSkillsProgramme:ZZSkillsProgramme_ID:219;ZZUnitStandard:ZZUnitStandard_id:1331
*,4195,Y,Core,ZZSkillsProgramme:ZZSkillsProgramme_ID:219;ZZUnitStandard:ZZUnitStandard_id:1728
*,4196,Y,Core,ZZSkillsProgramme:ZZSkillsProgramme_ID:219;ZZUnitStandard:ZZUnitStandard_id:1325
*,4197,Y,Core,ZZSkillsProgramme:ZZSkillsProgramme_ID:219;ZZUnitStandard:ZZUnitStandard_id:1329
*,4198,Y,Core,ZZSkillsProgramme:ZZSkillsProgramme_ID:219;ZZUnitStandard:ZZUnitStandard_id:1330
*,4199,Y,Core,ZZSkillsProgramme:ZZSkillsProgramme_ID:219;ZZUnitStandard:ZZUnitStandard_id:1333
*,4200,Y,Core,ZZSkillsProgramme:ZZSkillsProgramme_ID:219;ZZUnitStandard:ZZUnitStandard_id:1332
*,4201,Y,Core,ZZSkillsProgramme:ZZSkillsProgramme_ID:219;ZZUnitStandard:ZZUnitStandard_id:1817
*,4202,Y,Core,ZZSkillsProgramme:ZZSkillsProgramme_ID:219;ZZUnitStandard:ZZUnitStandard_id:1338
*,4203,Y,Core,ZZSkillsProgramme:ZZSkillsProgramme_ID:219;ZZUnitStandard:ZZUnitStandard_id:1342
*,4204,Y,Core,ZZSkillsProgramme:ZZSkillsProgramme_ID:219;ZZUnitStandard:ZZUnitStandard_id:1334
*,4205,Y,Core,ZZSkillsProgramme:ZZSkillsProgramme_ID:219;ZZUnitStandard:ZZUnitStandard_id:1349
*,4206,Y,Core,ZZSkillsProgramme:ZZSkillsProgramme_ID:219;ZZUnitStandard:ZZUnitStandard_id:1347
*,4207,Y,Core,ZZSkillsProgramme:ZZSkillsProgramme_ID:219;ZZUnitStandard:ZZUnitStandard_id:1362
*,4208,Y,Core,ZZSkillsProgramme:ZZSkillsProgramme_ID:219;ZZUnitStandard:ZZUnitStandard_id:1363
*,4209,Y,Core,ZZSkillsProgramme:ZZSkillsProgramme_ID:219;ZZUnitStandard:ZZUnitStandard_id:1337
*,4210,Y,Core,ZZSkillsProgramme:ZZSkillsProgramme_ID:219;ZZUnitStandard:ZZUnitStandard_id:1887
*,4211,Y,Core,ZZSkillsProgramme:ZZSkillsProgramme_ID:219;ZZUnitStandard:ZZUnitStandard_id:1345
*,4212,Y,Core,ZZSkillsProgramme:ZZSkillsProgramme_ID:219;ZZUnitStandard:ZZUnitStandard_id:1340
*,4213,Y,Core,ZZSkillsProgramme:ZZSkillsProgramme_ID:219;ZZUnitStandard:ZZUnitStandard_id:1886
*,4214,Y,Core,ZZSkillsProgramme:ZZSkillsProgramme_ID:219;ZZUnitStandard:ZZUnitStandard_id:1346
*,4215,Y,Core,ZZSkillsProgramme:ZZSkillsProgramme_ID:219;ZZUnitStandard:ZZUnitStandard_id:1189
*,4216,Y,Core,ZZSkillsProgramme:ZZSkillsProgramme_ID:219;ZZUnitStandard:ZZUnitStandard_id:1445
*,4217,Y,Core,ZZSkillsProgramme:ZZSkillsProgramme_ID:219;ZZUnitStandard:ZZUnitStandard_id:1447
*,4218,Y,Core,ZZSkillsProgramme:ZZSkillsProgramme_ID:219;ZZUnitStandard:ZZUnitStandard_id:1446
*,4219,Y,Core,ZZSkillsProgramme:ZZSkillsProgramme_ID:219;ZZUnitStandard:ZZUnitStandard_id:1416
*,4220,Y,Core,ZZSkillsProgramme:ZZSkillsProgramme_ID:219;ZZUnitStandard:ZZUnitStandard_id:1164
*,4221,Y,Core,ZZSkillsProgramme:ZZSkillsProgramme_ID:219;ZZUnitStandard:ZZUnitStandard_id:1165
*,4222,Y,Core,ZZSkillsProgramme:ZZSkillsProgramme_ID:219;ZZUnitStandard:ZZUnitStandard_id:1166
*,4223,Y,Core,ZZSkillsProgramme:ZZSkillsProgramme_ID:219;ZZUnitStandard:ZZUnitStandard_id:1173
*,4224,Y,Core,ZZSkillsProgramme:ZZSkillsProgramme_ID:219;ZZUnitStandard:ZZUnitStandard_id:1167
*,4225,Y,Core,ZZSkillsProgramme:ZZSkillsProgramme_ID:219;ZZUnitStandard:ZZUnitStandard_id:1168
*,4226,Y,Core,ZZSkillsProgramme:ZZSkillsProgramme_ID:219;ZZUnitStandard:ZZUnitStandard_id:1169
*,4227,Y,Core,ZZSkillsProgramme:ZZSkillsProgramme_ID:219;ZZUnitStandard:ZZUnitStandard_id:1197
*,4228,Y,Core,ZZSkillsProgramme:ZZSkillsProgramme_ID:220;ZZUnitStandard:ZZUnitStandard_id:2216
*,4229,Y,Core,ZZSkillsProgramme:ZZSkillsProgramme_ID:220;ZZUnitStandard:ZZUnitStandard_id:2218
*,4230,Y,Core,ZZSkillsProgramme:ZZSkillsProgramme_ID:220;ZZUnitStandard:ZZUnitStandard_id:2214
*,4231,Y,Core,ZZSkillsProgramme:ZZSkillsProgramme_ID:220;ZZUnitStandard:ZZUnitStandard_id:2202
*,4232,Y,Core,ZZSkillsProgramme:ZZSkillsProgramme_ID:220;ZZUnitStandard:ZZUnitStandard_id:2221
*,4233,Y,Core,ZZSkillsProgramme:ZZSkillsProgramme_ID:220;ZZUnitStandard:ZZUnitStandard_id:2215
*,4234,Y,Core,ZZSkillsProgramme:ZZSkillsProgramme_ID:220;ZZUnitStandard:ZZUnitStandard_id:2217
*,4235,Y,Core,ZZSkillsProgramme:ZZSkillsProgramme_ID:220;ZZUnitStandard:ZZUnitStandard_id:2201
*,4236,Y,Core,ZZSkillsProgramme:ZZSkillsProgramme_ID:220;ZZUnitStandard:ZZUnitStandard_id:496
*,4237,Y,Core,ZZSkillsProgramme:ZZSkillsProgramme_ID:220;ZZUnitStandard:ZZUnitStandard_id:497
*,4238,Y,Core,ZZSkillsProgramme:ZZSkillsProgramme_ID:220;ZZUnitStandard:ZZUnitStandard_id:494
*,4239,Y,Core,ZZSkillsProgramme:ZZSkillsProgramme_ID:220;ZZUnitStandard:ZZUnitStandard_id:141
*,4240,Y,Core,ZZSkillsProgramme:ZZSkillsProgramme_ID:220;ZZUnitStandard:ZZUnitStandard_id:2013
*,4241,Y,Core,ZZSkillsProgramme:ZZSkillsProgramme_ID:220;ZZUnitStandard:ZZUnitStandard_id:646
*,4242,Y,Core,ZZSkillsProgramme:ZZSkillsProgramme_ID:220;ZZUnitStandard:ZZUnitStandard_id:647
*,4243,Y,Core,ZZSkillsProgramme:ZZSkillsProgramme_ID:220;ZZUnitStandard:ZZUnitStandard_id:1312
*,4244,Y,Core,ZZSkillsProgramme:ZZSkillsProgramme_ID:220;ZZUnitStandard:ZZUnitStandard_id:2014
*,4245,Y,Core,ZZSkillsProgramme:ZZSkillsProgramme_ID:220;ZZUnitStandard:ZZUnitStandard_id:1313
*,4246,Y,Core,ZZSkillsProgramme:ZZSkillsProgramme_ID:220;ZZUnitStandard:ZZUnitStandard_id:1314
*,4247,Y,Core,ZZSkillsProgramme:ZZSkillsProgramme_ID:220;ZZUnitStandard:ZZUnitStandard_id:1189
*,4248,Y,Core,ZZSkillsProgramme:ZZSkillsProgramme_ID:220;ZZUnitStandard:ZZUnitStandard_id:1197
*,4249,Y,Core,ZZSkillsProgramme:ZZSkillsProgramme_ID:220;ZZUnitStandard:ZZUnitStandard_id:1198
*,4250,Y,Core,ZZSkillsProgramme:ZZSkillsProgramme_ID:220;ZZUnitStandard:ZZUnitStandard_id:136
*,4251,Y,Core,ZZSkillsProgramme:ZZSkillsProgramme_ID:220;ZZUnitStandard:ZZUnitStandard_id:137
*,4252,Y,Core,ZZSkillsProgramme:ZZSkillsProgramme_ID:220;ZZUnitStandard:ZZUnitStandard_id:138
*,4253,Y,Core,ZZSkillsProgramme:ZZSkillsProgramme_ID:220;ZZUnitStandard:ZZUnitStandard_id:139
*,4254,Y,Core,ZZSkillsProgramme:ZZSkillsProgramme_ID:220;ZZUnitStandard:ZZUnitStandard_id:140
*,4255,Y,Core,ZZSkillsProgramme:ZZSkillsProgramme_ID:220;ZZUnitStandard:ZZUnitStandard_id:142
*,4256,Y,Core,ZZSkillsProgramme:ZZSkillsProgramme_ID:220;ZZUnitStandard:ZZUnitStandard_id:143
*,4257,Y,Core,ZZSkillsProgramme:ZZSkillsProgramme_ID:221;ZZUnitStandard:ZZUnitStandard_id:1715
*,4258,Y,Core,ZZSkillsProgramme:ZZSkillsProgramme_ID:221;ZZUnitStandard:ZZUnitStandard_id:1704
*,4259,Y,Core,ZZSkillsProgramme:ZZSkillsProgramme_ID:221;ZZUnitStandard:ZZUnitStandard_id:1709
*,4260,Y,Core,ZZSkillsProgramme:ZZSkillsProgramme_ID:221;ZZUnitStandard:ZZUnitStandard_id:1705
*,4261,Y,Core,ZZSkillsProgramme:ZZSkillsProgramme_ID:221;ZZUnitStandard:ZZUnitStandard_id:1714
*,4262,Y,Core,ZZSkillsProgramme:ZZSkillsProgramme_ID:221;ZZUnitStandard:ZZUnitStandard_id:1711
*,4263,Y,Core,ZZSkillsProgramme:ZZSkillsProgramme_ID:221;ZZUnitStandard:ZZUnitStandard_id:1710
*,4264,Y,Core,ZZSkillsProgramme:ZZSkillsProgramme_ID:221;ZZUnitStandard:ZZUnitStandard_id:1196
*,4265,Y,Core,ZZSkillsProgramme:ZZSkillsProgramme_ID:221;ZZUnitStandard:ZZUnitStandard_id:1447
*,4266,Y,Core,ZZSkillsProgramme:ZZSkillsProgramme_ID:221;ZZUnitStandard:ZZUnitStandard_id:1422
*,4267,Y,Core,ZZSkillsProgramme:ZZSkillsProgramme_ID:221;ZZUnitStandard:ZZUnitStandard_id:1164
*,4268,Y,Core,ZZSkillsProgramme:ZZSkillsProgramme_ID:221;ZZUnitStandard:ZZUnitStandard_id:1165
*,4269,Y,Core,ZZSkillsProgramme:ZZSkillsProgramme_ID:221;ZZUnitStandard:ZZUnitStandard_id:1166
*,4270,Y,Core,ZZSkillsProgramme:ZZSkillsProgramme_ID:221;ZZUnitStandard:ZZUnitStandard_id:1188
*,4271,Y,Core,ZZSkillsProgramme:ZZSkillsProgramme_ID:221;ZZUnitStandard:ZZUnitStandard_id:1190
*,4272,Y,Core,ZZSkillsProgramme:ZZSkillsProgramme_ID:221;ZZUnitStandard:ZZUnitStandard_id:1518
*,4273,Y,Core,ZZSkillsProgramme:ZZSkillsProgramme_ID:221;ZZUnitStandard:ZZUnitStandard_id:1712
*,4274,Y,Core,ZZSkillsProgramme:ZZSkillsProgramme_ID:221;ZZUnitStandard:ZZUnitStandard_id:1756
*,4275,Y,Elective,ZZSkillsProgramme:ZZSkillsProgramme_ID:221;ZZUnitStandard:ZZUnitStandard_id:2775
*,4276,Y,Core,ZZSkillsProgramme:ZZSkillsProgramme_ID:221;ZZUnitStandard:ZZUnitStandard_id:1713
*,4277,Y,Core,ZZSkillsProgramme:ZZSkillsProgramme_ID:221;ZZUnitStandard:ZZUnitStandard_id:1716
*,4278,Y,Core,ZZSkillsProgramme:ZZSkillsProgramme_ID:222;ZZUnitStandard:ZZUnitStandard_id:219
*,4279,Y,Core,ZZSkillsProgramme:ZZSkillsProgramme_ID:222;ZZUnitStandard:ZZUnitStandard_id:222
*,4280,Y,Core,ZZSkillsProgramme:ZZSkillsProgramme_ID:222;ZZUnitStandard:ZZUnitStandard_id:223
*,4281,Y,Core,ZZSkillsProgramme:ZZSkillsProgramme_ID:222;ZZUnitStandard:ZZUnitStandard_id:224
*,4282,Y,Core,ZZSkillsProgramme:ZZSkillsProgramme_ID:222;ZZUnitStandard:ZZUnitStandard_id:229
*,4283,Y,Core,ZZSkillsProgramme:ZZSkillsProgramme_ID:222;ZZUnitStandard:ZZUnitStandard_id:230
*,4284,Y,Core,ZZSkillsProgramme:ZZSkillsProgramme_ID:222;ZZUnitStandard:ZZUnitStandard_id:231
*,4285,Y,Core,ZZSkillsProgramme:ZZSkillsProgramme_ID:222;ZZUnitStandard:ZZUnitStandard_id:2187
*,4286,Y,Core,ZZSkillsProgramme:ZZSkillsProgramme_ID:222;ZZUnitStandard:ZZUnitStandard_id:2209
*,4287,Y,Core,ZZSkillsProgramme:ZZSkillsProgramme_ID:222;ZZUnitStandard:ZZUnitStandard_id:2216
*,4288,Y,Core,ZZSkillsProgramme:ZZSkillsProgramme_ID:222;ZZUnitStandard:ZZUnitStandard_id:2218
*,4289,Y,Core,ZZSkillsProgramme:ZZSkillsProgramme_ID:222;ZZUnitStandard:ZZUnitStandard_id:2219
*,4290,Y,Core,ZZSkillsProgramme:ZZSkillsProgramme_ID:222;ZZUnitStandard:ZZUnitStandard_id:2406
*,4291,Y,Core,ZZSkillsProgramme:ZZSkillsProgramme_ID:222;ZZUnitStandard:ZZUnitStandard_id:2214
*,4292,Y,Core,ZZSkillsProgramme:ZZSkillsProgramme_ID:222;ZZUnitStandard:ZZUnitStandard_id:2202
*,4293,Y,Core,ZZSkillsProgramme:ZZSkillsProgramme_ID:222;ZZUnitStandard:ZZUnitStandard_id:2215
*,4294,Y,Core,ZZSkillsProgramme:ZZSkillsProgramme_ID:222;ZZUnitStandard:ZZUnitStandard_id:2217
*,4295,Y,Core,ZZSkillsProgramme:ZZSkillsProgramme_ID:222;ZZUnitStandard:ZZUnitStandard_id:2201
*,4296,Y,Core,ZZSkillsProgramme:ZZSkillsProgramme_ID:222;ZZUnitStandard:ZZUnitStandard_id:761
*,4297,Y,Core,ZZSkillsProgramme:ZZSkillsProgramme_ID:222;ZZUnitStandard:ZZUnitStandard_id:957
*,4298,Y,Core,ZZSkillsProgramme:ZZSkillsProgramme_ID:222;ZZUnitStandard:ZZUnitStandard_id:1338
*,4299,Y,Core,ZZSkillsProgramme:ZZSkillsProgramme_ID:222;ZZUnitStandard:ZZUnitStandard_id:2206
*,4300,Y,Core,ZZSkillsProgramme:ZZSkillsProgramme_ID:222;ZZUnitStandard:ZZUnitStandard_id:2207
*,4301,Y,Core,ZZSkillsProgramme:ZZSkillsProgramme_ID:222;ZZUnitStandard:ZZUnitStandard_id:2208
*,4302,Y,Core,ZZSkillsProgramme:ZZSkillsProgramme_ID:222;ZZUnitStandard:ZZUnitStandard_id:1803
*,4303,Y,Core,ZZSkillsProgramme:ZZSkillsProgramme_ID:222;ZZUnitStandard:ZZUnitStandard_id:2205
*,4304,Y,Core,ZZSkillsProgramme:ZZSkillsProgramme_ID:222;ZZUnitStandard:ZZUnitStandard_id:2210
*,4305,Y,Core,ZZSkillsProgramme:ZZSkillsProgramme_ID:222;ZZUnitStandard:ZZUnitStandard_id:2204
*,4306,Y,Core,ZZSkillsProgramme:ZZSkillsProgramme_ID:222;ZZUnitStandard:ZZUnitStandard_id:1189
*,4307,Y,Core,ZZSkillsProgramme:ZZSkillsProgramme_ID:222;ZZUnitStandard:ZZUnitStandard_id:1766
*,4308,Y,Core,ZZSkillsProgramme:ZZSkillsProgramme_ID:222;ZZUnitStandard:ZZUnitStandard_id:1197
*,4309,Y,Core,ZZSkillsProgramme:ZZSkillsProgramme_ID:222;ZZUnitStandard:ZZUnitStandard_id:1198
*,4310,Y,Core,ZZSkillsProgramme:ZZSkillsProgramme_ID:223;ZZUnitStandard:ZZUnitStandard_id:2218
*,4311,Y,Core,ZZSkillsProgramme:ZZSkillsProgramme_ID:223;ZZUnitStandard:ZZUnitStandard_id:2406
*,4312,Y,Core,ZZSkillsProgramme:ZZSkillsProgramme_ID:223;ZZUnitStandard:ZZUnitStandard_id:2214
*,4313,Y,Core,ZZSkillsProgramme:ZZSkillsProgramme_ID:223;ZZUnitStandard:ZZUnitStandard_id:2202
*,4314,Y,Core,ZZSkillsProgramme:ZZSkillsProgramme_ID:223;ZZUnitStandard:ZZUnitStandard_id:2221
*,4315,Y,Core,ZZSkillsProgramme:ZZSkillsProgramme_ID:223;ZZUnitStandard:ZZUnitStandard_id:2215
*,4316,Y,Core,ZZSkillsProgramme:ZZSkillsProgramme_ID:223;ZZUnitStandard:ZZUnitStandard_id:2217
*,4317,Y,Core,ZZSkillsProgramme:ZZSkillsProgramme_ID:223;ZZUnitStandard:ZZUnitStandard_id:2201
*,4318,Y,Core,ZZSkillsProgramme:ZZSkillsProgramme_ID:223;ZZUnitStandard:ZZUnitStandard_id:1191
*,4319,Y,Core,ZZSkillsProgramme:ZZSkillsProgramme_ID:223;ZZUnitStandard:ZZUnitStandard_id:496
*,4320,Y,Core,ZZSkillsProgramme:ZZSkillsProgramme_ID:223;ZZUnitStandard:ZZUnitStandard_id:497
*,4321,Y,Core,ZZSkillsProgramme:ZZSkillsProgramme_ID:223;ZZUnitStandard:ZZUnitStandard_id:499
*,4322,Y,Core,ZZSkillsProgramme:ZZSkillsProgramme_ID:223;ZZUnitStandard:ZZUnitStandard_id:494
*,4323,Y,Core,ZZSkillsProgramme:ZZSkillsProgramme_ID:223;ZZUnitStandard:ZZUnitStandard_id:141
*,4324,Y,Core,ZZSkillsProgramme:ZZSkillsProgramme_ID:223;ZZUnitStandard:ZZUnitStandard_id:2013
*,4325,Y,Core,ZZSkillsProgramme:ZZSkillsProgramme_ID:223;ZZUnitStandard:ZZUnitStandard_id:646
*,4326,Y,Core,ZZSkillsProgramme:ZZSkillsProgramme_ID:223;ZZUnitStandard:ZZUnitStandard_id:1312
*,4327,Y,Core,ZZSkillsProgramme:ZZSkillsProgramme_ID:223;ZZUnitStandard:ZZUnitStandard_id:2014
*,4328,Y,Core,ZZSkillsProgramme:ZZSkillsProgramme_ID:223;ZZUnitStandard:ZZUnitStandard_id:1313
*,4329,Y,Core,ZZSkillsProgramme:ZZSkillsProgramme_ID:223;ZZUnitStandard:ZZUnitStandard_id:1314
*,4330,Y,Core,ZZSkillsProgramme:ZZSkillsProgramme_ID:223;ZZUnitStandard:ZZUnitStandard_id:1189
*,4331,Y,Core,ZZSkillsProgramme:ZZSkillsProgramme_ID:223;ZZUnitStandard:ZZUnitStandard_id:1197
*,4332,Y,Core,ZZSkillsProgramme:ZZSkillsProgramme_ID:223;ZZUnitStandard:ZZUnitStandard_id:136
*,4333,Y,Core,ZZSkillsProgramme:ZZSkillsProgramme_ID:223;ZZUnitStandard:ZZUnitStandard_id:137
*,4334,Y,Core,ZZSkillsProgramme:ZZSkillsProgramme_ID:223;ZZUnitStandard:ZZUnitStandard_id:138
*,4335,Y,Core,ZZSkillsProgramme:ZZSkillsProgramme_ID:223;ZZUnitStandard:ZZUnitStandard_id:139
*,4336,Y,Core,ZZSkillsProgramme:ZZSkillsProgramme_ID:223;ZZUnitStandard:ZZUnitStandard_id:140
*,4337,Y,Core,ZZSkillsProgramme:ZZSkillsProgramme_ID:223;ZZUnitStandard:ZZUnitStandard_id:142
*,4338,Y,Core,ZZSkillsProgramme:ZZSkillsProgramme_ID:223;ZZUnitStandard:ZZUnitStandard_id:143
*,4339,Y,Core,ZZSkillsProgramme:ZZSkillsProgramme_ID:223;ZZUnitStandard:ZZUnitStandard_id:144
*,4340,Y,Core,ZZSkillsProgramme:ZZSkillsProgramme_ID:224;ZZUnitStandard:ZZUnitStandard_id:2467
*,4341,Y,Core,ZZSkillsProgramme:ZZSkillsProgramme_ID:224;ZZUnitStandard:ZZUnitStandard_id:152
*,4342,Y,Core,ZZSkillsProgramme:ZZSkillsProgramme_ID:224;ZZUnitStandard:ZZUnitStandard_id:285
*,4343,Y,Core,ZZSkillsProgramme:ZZSkillsProgramme_ID:224;ZZUnitStandard:ZZUnitStandard_id:185
*,4344,Y,Core,ZZSkillsProgramme:ZZSkillsProgramme_ID:224;ZZUnitStandard:ZZUnitStandard_id:2472
*,4345,Y,Core,ZZSkillsProgramme:ZZSkillsProgramme_ID:224;ZZUnitStandard:ZZUnitStandard_id:2470
*,4346,Y,Core,ZZSkillsProgramme:ZZSkillsProgramme_ID:224;ZZUnitStandard:ZZUnitStandard_id:1477
*,4347,Y,Core,ZZSkillsProgramme:ZZSkillsProgramme_ID:224;ZZUnitStandard:ZZUnitStandard_id:2423
*,4348,Y,Core,ZZSkillsProgramme:ZZSkillsProgramme_ID:224;ZZUnitStandard:ZZUnitStandard_id:2466
*,4349,Y,Core,ZZSkillsProgramme:ZZSkillsProgramme_ID:224;ZZUnitStandard:ZZUnitStandard_id:1289
*,4350,Y,Core,ZZSkillsProgramme:ZZSkillsProgramme_ID:224;ZZUnitStandard:ZZUnitStandard_id:2218
*,4351,Y,Core,ZZSkillsProgramme:ZZSkillsProgramme_ID:224;ZZUnitStandard:ZZUnitStandard_id:2406
*,4352,Y,Core,ZZSkillsProgramme:ZZSkillsProgramme_ID:224;ZZUnitStandard:ZZUnitStandard_id:2214
*,4353,Y,Core,ZZSkillsProgramme:ZZSkillsProgramme_ID:224;ZZUnitStandard:ZZUnitStandard_id:2202
*,4354,Y,Core,ZZSkillsProgramme:ZZSkillsProgramme_ID:224;ZZUnitStandard:ZZUnitStandard_id:2221
*,4355,Y,Core,ZZSkillsProgramme:ZZSkillsProgramme_ID:224;ZZUnitStandard:ZZUnitStandard_id:2215
*,4356,Y,Core,ZZSkillsProgramme:ZZSkillsProgramme_ID:224;ZZUnitStandard:ZZUnitStandard_id:2217
*,4357,Y,Core,ZZSkillsProgramme:ZZSkillsProgramme_ID:224;ZZUnitStandard:ZZUnitStandard_id:2201
*,4358,Y,Core,ZZSkillsProgramme:ZZSkillsProgramme_ID:224;ZZUnitStandard:ZZUnitStandard_id:2465
*,4359,Y,Core,ZZSkillsProgramme:ZZSkillsProgramme_ID:224;ZZUnitStandard:ZZUnitStandard_id:2471
*,4360,Y,Core,ZZSkillsProgramme:ZZSkillsProgramme_ID:224;ZZUnitStandard:ZZUnitStandard_id:2468
*,4361,Y,Core,ZZSkillsProgramme:ZZSkillsProgramme_ID:224;ZZUnitStandard:ZZUnitStandard_id:2473
*,4362,Y,Core,ZZSkillsProgramme:ZZSkillsProgramme_ID:224;ZZUnitStandard:ZZUnitStandard_id:2474
*,4363,Y,Core,ZZSkillsProgramme:ZZSkillsProgramme_ID:224;ZZUnitStandard:ZZUnitStandard_id:2451
*,4364,Y,Core,ZZSkillsProgramme:ZZSkillsProgramme_ID:224;ZZUnitStandard:ZZUnitStandard_id:2469
*,4365,Y,Core,ZZSkillsProgramme:ZZSkillsProgramme_ID:224;ZZUnitStandard:ZZUnitStandard_id:2424
*,4366,Y,Core,ZZSkillsProgramme:ZZSkillsProgramme_ID:224;ZZUnitStandard:ZZUnitStandard_id:2427
*,4367,Y,Core,ZZSkillsProgramme:ZZSkillsProgramme_ID:224;ZZUnitStandard:ZZUnitStandard_id:1189
*,4368,Y,Core,ZZSkillsProgramme:ZZSkillsProgramme_ID:224;ZZUnitStandard:ZZUnitStandard_id:1197
*,4369,Y,Core,ZZSkillsProgramme:ZZSkillsProgramme_ID:224;ZZUnitStandard:ZZUnitStandard_id:1198
*,4370,Y,Core,ZZSkillsProgramme:ZZSkillsProgramme_ID:225;ZZUnitStandard:ZZUnitStandard_id:374
*,4371,Y,Core,ZZSkillsProgramme:ZZSkillsProgramme_ID:225;ZZUnitStandard:ZZUnitStandard_id:161
*,4372,Y,Core,ZZSkillsProgramme:ZZSkillsProgramme_ID:225;ZZUnitStandard:ZZUnitStandard_id:265
*,4373,Y,Core,ZZSkillsProgramme:ZZSkillsProgramme_ID:225;ZZUnitStandard:ZZUnitStandard_id:271
*,4374,Y,Core,ZZSkillsProgramme:ZZSkillsProgramme_ID:225;ZZUnitStandard:ZZUnitStandard_id:275
*,4375,Y,Core,ZZSkillsProgramme:ZZSkillsProgramme_ID:225;ZZUnitStandard:ZZUnitStandard_id:276
*,4376,Y,Core,ZZSkillsProgramme:ZZSkillsProgramme_ID:225;ZZUnitStandard:ZZUnitStandard_id:277
*,4377,Y,Core,ZZSkillsProgramme:ZZSkillsProgramme_ID:225;ZZUnitStandard:ZZUnitStandard_id:328
*,4378,Y,Core,ZZSkillsProgramme:ZZSkillsProgramme_ID:225;ZZUnitStandard:ZZUnitStandard_id:289
*,4379,Y,Core,ZZSkillsProgramme:ZZSkillsProgramme_ID:225;ZZUnitStandard:ZZUnitStandard_id:340
*,4380,Y,Core,ZZSkillsProgramme:ZZSkillsProgramme_ID:225;ZZUnitStandard:ZZUnitStandard_id:341
*,4381,Y,Core,ZZSkillsProgramme:ZZSkillsProgramme_ID:225;ZZUnitStandard:ZZUnitStandard_id:1477
*,4382,Y,Core,ZZSkillsProgramme:ZZSkillsProgramme_ID:225;ZZUnitStandard:ZZUnitStandard_id:1508
*,4383,Y,Core,ZZSkillsProgramme:ZZSkillsProgramme_ID:225;ZZUnitStandard:ZZUnitStandard_id:1509
*,4384,Y,Core,ZZSkillsProgramme:ZZSkillsProgramme_ID:225;ZZUnitStandard:ZZUnitStandard_id:1190
*,4385,Y,Core,ZZSkillsProgramme:ZZSkillsProgramme_ID:226;ZZUnitStandard:ZZUnitStandard_id:281
*,4386,Y,Core,ZZSkillsProgramme:ZZSkillsProgramme_ID:226;ZZUnitStandard:ZZUnitStandard_id:2525
*,4387,Y,Core,ZZSkillsProgramme:ZZSkillsProgramme_ID:226;ZZUnitStandard:ZZUnitStandard_id:2216
*,4388,Y,Core,ZZSkillsProgramme:ZZSkillsProgramme_ID:226;ZZUnitStandard:ZZUnitStandard_id:1127
*,4389,Y,Core,ZZSkillsProgramme:ZZSkillsProgramme_ID:226;ZZUnitStandard:ZZUnitStandard_id:2513
*,4390,Y,Core,ZZSkillsProgramme:ZZSkillsProgramme_ID:226;ZZUnitStandard:ZZUnitStandard_id:2218
*,4391,Y,Core,ZZSkillsProgramme:ZZSkillsProgramme_ID:226;ZZUnitStandard:ZZUnitStandard_id:2406
*,4392,Y,Core,ZZSkillsProgramme:ZZSkillsProgramme_ID:226;ZZUnitStandard:ZZUnitStandard_id:2214
*,4393,Y,Core,ZZSkillsProgramme:ZZSkillsProgramme_ID:226;ZZUnitStandard:ZZUnitStandard_id:2202
*,4394,Y,Core,ZZSkillsProgramme:ZZSkillsProgramme_ID:226;ZZUnitStandard:ZZUnitStandard_id:2221
*,4395,Y,Core,ZZSkillsProgramme:ZZSkillsProgramme_ID:226;ZZUnitStandard:ZZUnitStandard_id:2215
*,4396,Y,Core,ZZSkillsProgramme:ZZSkillsProgramme_ID:226;ZZUnitStandard:ZZUnitStandard_id:2217
*,4397,Y,Core,ZZSkillsProgramme:ZZSkillsProgramme_ID:226;ZZUnitStandard:ZZUnitStandard_id:2201
*,4398,Y,Core,ZZSkillsProgramme:ZZSkillsProgramme_ID:226;ZZUnitStandard:ZZUnitStandard_id:2524
*,4399,Y,Core,ZZSkillsProgramme:ZZSkillsProgramme_ID:226;ZZUnitStandard:ZZUnitStandard_id:2515
*,4400,Y,Core,ZZSkillsProgramme:ZZSkillsProgramme_ID:226;ZZUnitStandard:ZZUnitStandard_id:2518
*,4401,Y,Core,ZZSkillsProgramme:ZZSkillsProgramme_ID:226;ZZUnitStandard:ZZUnitStandard_id:1702
*,4402,Y,Core,ZZSkillsProgramme:ZZSkillsProgramme_ID:226;ZZUnitStandard:ZZUnitStandard_id:2517
*,4403,Y,Core,ZZSkillsProgramme:ZZSkillsProgramme_ID:226;ZZUnitStandard:ZZUnitStandard_id:2516
*,4404,Y,Core,ZZSkillsProgramme:ZZSkillsProgramme_ID:226;ZZUnitStandard:ZZUnitStandard_id:2521
*,4405,Y,Core,ZZSkillsProgramme:ZZSkillsProgramme_ID:226;ZZUnitStandard:ZZUnitStandard_id:2522
*,4406,Y,Core,ZZSkillsProgramme:ZZSkillsProgramme_ID:226;ZZUnitStandard:ZZUnitStandard_id:2519
*,4407,Y,Core,ZZSkillsProgramme:ZZSkillsProgramme_ID:226;ZZUnitStandard:ZZUnitStandard_id:2523
*,4408,Y,Core,ZZSkillsProgramme:ZZSkillsProgramme_ID:226;ZZUnitStandard:ZZUnitStandard_id:2520
*,4409,Y,Core,ZZSkillsProgramme:ZZSkillsProgramme_ID:226;ZZUnitStandard:ZZUnitStandard_id:2509
*,4410,Y,Core,ZZSkillsProgramme:ZZSkillsProgramme_ID:226;ZZUnitStandard:ZZUnitStandard_id:2514
*,4411,Y,Core,ZZSkillsProgramme:ZZSkillsProgramme_ID:226;ZZUnitStandard:ZZUnitStandard_id:1189
*,4412,Y,Core,ZZSkillsProgramme:ZZSkillsProgramme_ID:226;ZZUnitStandard:ZZUnitStandard_id:1197
*,4413,Y,Core,ZZSkillsProgramme:ZZSkillsProgramme_ID:226;ZZUnitStandard:ZZUnitStandard_id:1198
*,4414,Y,Core,ZZSkillsProgramme:ZZSkillsProgramme_ID:227;ZZUnitStandard:ZZUnitStandard_id:2381
*,4415,Y,Core,ZZSkillsProgramme:ZZSkillsProgramme_ID:227;ZZUnitStandard:ZZUnitStandard_id:2379
*,4416,Y,Core,ZZSkillsProgramme:ZZSkillsProgramme_ID:227;ZZUnitStandard:ZZUnitStandard_id:2373
*,4417,Y,Core,ZZSkillsProgramme:ZZSkillsProgramme_ID:227;ZZUnitStandard:ZZUnitStandard_id:2372
*,4418,Y,Core,ZZSkillsProgramme:ZZSkillsProgramme_ID:227;ZZUnitStandard:ZZUnitStandard_id:2374
*,4419,Y,Core,ZZSkillsProgramme:ZZSkillsProgramme_ID:227;ZZUnitStandard:ZZUnitStandard_id:2369
*,4420,Y,Core,ZZSkillsProgramme:ZZSkillsProgramme_ID:227;ZZUnitStandard:ZZUnitStandard_id:978
*,4421,Y,Core,ZZSkillsProgramme:ZZSkillsProgramme_ID:227;ZZUnitStandard:ZZUnitStandard_id:2368
*,4422,Y,Core,ZZSkillsProgramme:ZZSkillsProgramme_ID:227;ZZUnitStandard:ZZUnitStandard_id:2371
*,4423,Y,Core,ZZSkillsProgramme:ZZSkillsProgramme_ID:227;ZZUnitStandard:ZZUnitStandard_id:2370
*,4424,Y,Core,ZZSkillsProgramme:ZZSkillsProgramme_ID:227;ZZUnitStandard:ZZUnitStandard_id:2377
*,4425,Y,Core,ZZSkillsProgramme:ZZSkillsProgramme_ID:227;ZZUnitStandard:ZZUnitStandard_id:2367
*,4426,Y,Core,ZZSkillsProgramme:ZZSkillsProgramme_ID:227;ZZUnitStandard:ZZUnitStandard_id:2376
*,4427,Y,Core,ZZSkillsProgramme:ZZSkillsProgramme_ID:227;ZZUnitStandard:ZZUnitStandard_id:2378
*,4428,Y,Core,ZZSkillsProgramme:ZZSkillsProgramme_ID:227;ZZUnitStandard:ZZUnitStandard_id:1670
*,4429,Y,Core,ZZSkillsProgramme:ZZSkillsProgramme_ID:227;ZZUnitStandard:ZZUnitStandard_id:2375
*,4430,Y,Core,ZZSkillsProgramme:ZZSkillsProgramme_ID:227;ZZUnitStandard:ZZUnitStandard_id:2380
*,4431,Y,Core,ZZSkillsProgramme:ZZSkillsProgramme_ID:227;ZZUnitStandard:ZZUnitStandard_id:2383
*,4432,Y,Core,ZZSkillsProgramme:ZZSkillsProgramme_ID:227;ZZUnitStandard:ZZUnitStandard_id:2382
*,4433,Y,Core,ZZSkillsProgramme:ZZSkillsProgramme_ID:227;ZZUnitStandard:ZZUnitStandard_id:761
*,4434,Y,Core,ZZSkillsProgramme:ZZSkillsProgramme_ID:227;ZZUnitStandard:ZZUnitStandard_id:1179
*,4435,Y,Core,ZZSkillsProgramme:ZZSkillsProgramme_ID:227;ZZUnitStandard:ZZUnitStandard_id:1191
*,4436,Y,Core,ZZSkillsProgramme:ZZSkillsProgramme_ID:227;ZZUnitStandard:ZZUnitStandard_id:1439
*,4437,Y,Core,ZZSkillsProgramme:ZZSkillsProgramme_ID:227;ZZUnitStandard:ZZUnitStandard_id:1189
*,4438,Y,Core,ZZSkillsProgramme:ZZSkillsProgramme_ID:227;ZZUnitStandard:ZZUnitStandard_id:1167
*,4439,Y,Core,ZZSkillsProgramme:ZZSkillsProgramme_ID:227;ZZUnitStandard:ZZUnitStandard_id:1168
*,4440,Y,Core,ZZSkillsProgramme:ZZSkillsProgramme_ID:227;ZZUnitStandard:ZZUnitStandard_id:1169
*,4441,Y,Core,ZZSkillsProgramme:ZZSkillsProgramme_ID:227;ZZUnitStandard:ZZUnitStandard_id:1197
*,4442,Y,Core,ZZSkillsProgramme:ZZSkillsProgramme_ID:228;ZZUnitStandard:ZZUnitStandard_id:1041
*,4443,Y,Core,ZZSkillsProgramme:ZZSkillsProgramme_ID:228;ZZUnitStandard:ZZUnitStandard_id:930
*,4444,Y,Core,ZZSkillsProgramme:ZZSkillsProgramme_ID:228;ZZUnitStandard:ZZUnitStandard_id:985
*,4445,Y,Core,ZZSkillsProgramme:ZZSkillsProgramme_ID:228;ZZUnitStandard:ZZUnitStandard_id:2450
*,4446,Y,Core,ZZSkillsProgramme:ZZSkillsProgramme_ID:228;ZZUnitStandard:ZZUnitStandard_id:2453
*,4447,Y,Core,ZZSkillsProgramme:ZZSkillsProgramme_ID:228;ZZUnitStandard:ZZUnitStandard_id:2452
*,4448,Y,Core,ZZSkillsProgramme:ZZSkillsProgramme_ID:228;ZZUnitStandard:ZZUnitStandard_id:2340
*,4449,Y,Core,ZZSkillsProgramme:ZZSkillsProgramme_ID:228;ZZUnitStandard:ZZUnitStandard_id:1726
*,4450,Y,Core,ZZSkillsProgramme:ZZSkillsProgramme_ID:228;ZZUnitStandard:ZZUnitStandard_id:770
*,4451,Y,Core,ZZSkillsProgramme:ZZSkillsProgramme_ID:228;ZZUnitStandard:ZZUnitStandard_id:1034
*,4452,Y,Core,ZZSkillsProgramme:ZZSkillsProgramme_ID:228;ZZUnitStandard:ZZUnitStandard_id:529
*,4453,Y,Core,ZZSkillsProgramme:ZZSkillsProgramme_ID:228;ZZUnitStandard:ZZUnitStandard_id:2535
*,4454,Y,Core,ZZSkillsProgramme:ZZSkillsProgramme_ID:228;ZZUnitStandard:ZZUnitStandard_id:2355
*,4455,Y,Core,ZZSkillsProgramme:ZZSkillsProgramme_ID:228;ZZUnitStandard:ZZUnitStandard_id:1234
*,4456,Y,Core,ZZSkillsProgramme:ZZSkillsProgramme_ID:228;ZZUnitStandard:ZZUnitStandard_id:2361
*,4457,Y,Core,ZZSkillsProgramme:ZZSkillsProgramme_ID:228;ZZUnitStandard:ZZUnitStandard_id:2360
*,4458,Y,Core,ZZSkillsProgramme:ZZSkillsProgramme_ID:228;ZZUnitStandard:ZZUnitStandard_id:616
*,4459,Y,Core,ZZSkillsProgramme:ZZSkillsProgramme_ID:228;ZZUnitStandard:ZZUnitStandard_id:2549
*,4460,Y,Core,ZZSkillsProgramme:ZZSkillsProgramme_ID:228;ZZUnitStandard:ZZUnitStandard_id:606
*,4461,Y,Core,ZZSkillsProgramme:ZZSkillsProgramme_ID:228;ZZUnitStandard:ZZUnitStandard_id:2537
*,4462,Y,Core,ZZSkillsProgramme:ZZSkillsProgramme_ID:228;ZZUnitStandard:ZZUnitStandard_id:2554
*,4463,Y,Core,ZZSkillsProgramme:ZZSkillsProgramme_ID:228;ZZUnitStandard:ZZUnitStandard_id:411
*,4464,Y,Core,ZZSkillsProgramme:ZZSkillsProgramme_ID:228;ZZUnitStandard:ZZUnitStandard_id:2555
*,4465,Y,Core,ZZSkillsProgramme:ZZSkillsProgramme_ID:228;ZZUnitStandard:ZZUnitStandard_id:1049
*,4466,Y,Core,ZZSkillsProgramme:ZZSkillsProgramme_ID:228;ZZUnitStandard:ZZUnitStandard_id:2542
*,4467,Y,Core,ZZSkillsProgramme:ZZSkillsProgramme_ID:228;ZZUnitStandard:ZZUnitStandard_id:2553
*,4468,Y,Core,ZZSkillsProgramme:ZZSkillsProgramme_ID:228;ZZUnitStandard:ZZUnitStandard_id:2543
*,4469,Y,Core,ZZSkillsProgramme:ZZSkillsProgramme_ID:228;ZZUnitStandard:ZZUnitStandard_id:1043
*,4470,Y,Elective,ZZSkillsProgramme:ZZSkillsProgramme_ID:228;ZZUnitStandard:ZZUnitStandard_id:2636
*,4471,Y,Core,ZZSkillsProgramme:ZZSkillsProgramme_ID:228;ZZUnitStandard:ZZUnitStandard_id:2546
*,4472,Y,Core,ZZSkillsProgramme:ZZSkillsProgramme_ID:228;ZZUnitStandard:ZZUnitStandard_id:407
*,4473,Y,Core,ZZSkillsProgramme:ZZSkillsProgramme_ID:228;ZZUnitStandard:ZZUnitStandard_id:381
*,4474,Y,Core,ZZSkillsProgramme:ZZSkillsProgramme_ID:228;ZZUnitStandard:ZZUnitStandard_id:2359
*,4475,Y,Core,ZZSkillsProgramme:ZZSkillsProgramme_ID:228;ZZUnitStandard:ZZUnitStandard_id:2539
*,4476,Y,Core,ZZSkillsProgramme:ZZSkillsProgramme_ID:228;ZZUnitStandard:ZZUnitStandard_id:2358
*,4477,Y,Core,ZZSkillsProgramme:ZZSkillsProgramme_ID:228;ZZUnitStandard:ZZUnitStandard_id:2534
*,4478,Y,Core,ZZSkillsProgramme:ZZSkillsProgramme_ID:228;ZZUnitStandard:ZZUnitStandard_id:2548
*,4479,Y,Core,ZZSkillsProgramme:ZZSkillsProgramme_ID:228;ZZUnitStandard:ZZUnitStandard_id:2550
*,4480,Y,Core,ZZSkillsProgramme:ZZSkillsProgramme_ID:228;ZZUnitStandard:ZZUnitStandard_id:2533
*,4481,Y,Core,ZZSkillsProgramme:ZZSkillsProgramme_ID:228;ZZUnitStandard:ZZUnitStandard_id:380
*,4482,Y,Core,ZZSkillsProgramme:ZZSkillsProgramme_ID:228;ZZUnitStandard:ZZUnitStandard_id:1229
*,4483,Y,Core,ZZSkillsProgramme:ZZSkillsProgramme_ID:228;ZZUnitStandard:ZZUnitStandard_id:399
*,4484,Y,Core,ZZSkillsProgramme:ZZSkillsProgramme_ID:228;ZZUnitStandard:ZZUnitStandard_id:2547
*,4485,Y,Core,ZZSkillsProgramme:ZZSkillsProgramme_ID:228;ZZUnitStandard:ZZUnitStandard_id:521
*,4486,Y,Core,ZZSkillsProgramme:ZZSkillsProgramme_ID:228;ZZUnitStandard:ZZUnitStandard_id:2536
*,4487,Y,Core,ZZSkillsProgramme:ZZSkillsProgramme_ID:228;ZZUnitStandard:ZZUnitStandard_id:2538
*,4488,Y,Core,ZZSkillsProgramme:ZZSkillsProgramme_ID:228;ZZUnitStandard:ZZUnitStandard_id:643
*,4489,Y,Core,ZZSkillsProgramme:ZZSkillsProgramme_ID:228;ZZUnitStandard:ZZUnitStandard_id:2357
*,4490,Y,Core,ZZSkillsProgramme:ZZSkillsProgramme_ID:228;ZZUnitStandard:ZZUnitStandard_id:1025
*,4491,Y,Core,ZZSkillsProgramme:ZZSkillsProgramme_ID:228;ZZUnitStandard:ZZUnitStandard_id:2541
*,4492,Y,Core,ZZSkillsProgramme:ZZSkillsProgramme_ID:228;ZZUnitStandard:ZZUnitStandard_id:2633
*,4493,Y,Core,ZZSkillsProgramme:ZZSkillsProgramme_ID:228;ZZUnitStandard:ZZUnitStandard_id:2552
*,4494,Y,Core,ZZSkillsProgramme:ZZSkillsProgramme_ID:228;ZZUnitStandard:ZZUnitStandard_id:618
*,4495,Y,Core,ZZSkillsProgramme:ZZSkillsProgramme_ID:228;ZZUnitStandard:ZZUnitStandard_id:396
*,4496,Y,Core,ZZSkillsProgramme:ZZSkillsProgramme_ID:228;ZZUnitStandard:ZZUnitStandard_id:377
*,4497,Y,Core,ZZSkillsProgramme:ZZSkillsProgramme_ID:228;ZZUnitStandard:ZZUnitStandard_id:2356
*,4498,Y,Core,ZZSkillsProgramme:ZZSkillsProgramme_ID:228;ZZUnitStandard:ZZUnitStandard_id:1233
*,4499,Y,Core,ZZSkillsProgramme:ZZSkillsProgramme_ID:228;ZZUnitStandard:ZZUnitStandard_id:394
*,4500,Y,Core,ZZSkillsProgramme:ZZSkillsProgramme_ID:228;ZZUnitStandard:ZZUnitStandard_id:2551
*,4501,Y,Core,ZZSkillsProgramme:ZZSkillsProgramme_ID:228;ZZUnitStandard:ZZUnitStandard_id:378
*,4502,Y,Core,ZZSkillsProgramme:ZZSkillsProgramme_ID:228;ZZUnitStandard:ZZUnitStandard_id:2544
*,4503,Y,Core,ZZSkillsProgramme:ZZSkillsProgramme_ID:228;ZZUnitStandard:ZZUnitStandard_id:376
*,4504,Y,Core,ZZSkillsProgramme:ZZSkillsProgramme_ID:228;ZZUnitStandard:ZZUnitStandard_id:522
*,4505,Y,Core,ZZSkillsProgramme:ZZSkillsProgramme_ID:228;ZZUnitStandard:ZZUnitStandard_id:375
*,4506,Y,Core,ZZSkillsProgramme:ZZSkillsProgramme_ID:228;ZZUnitStandard:ZZUnitStandard_id:1024
*,4507,Y,Core,ZZSkillsProgramme:ZZSkillsProgramme_ID:228;ZZUnitStandard:ZZUnitStandard_id:2354
*,4508,Y,Core,ZZSkillsProgramme:ZZSkillsProgramme_ID:228;ZZUnitStandard:ZZUnitStandard_id:117
*,4509,Y,Core,ZZSkillsProgramme:ZZSkillsProgramme_ID:228;ZZUnitStandard:ZZUnitStandard_id:2353
*,4510,Y,Core,ZZSkillsProgramme:ZZSkillsProgramme_ID:228;ZZUnitStandard:ZZUnitStandard_id:110
*,4511,Y,Core,ZZSkillsProgramme:ZZSkillsProgramme_ID:228;ZZUnitStandard:ZZUnitStandard_id:531
*,4512,Y,Core,ZZSkillsProgramme:ZZSkillsProgramme_ID:228;ZZUnitStandard:ZZUnitStandard_id:530
*,4513,Y,Core,ZZSkillsProgramme:ZZSkillsProgramme_ID:228;ZZUnitStandard:ZZUnitStandard_id:2540
*,4514,Y,Core,ZZSkillsProgramme:ZZSkillsProgramme_ID:228;ZZUnitStandard:ZZUnitStandard_id:2545
*,4515,Y,Core,ZZSkillsProgramme:ZZSkillsProgramme_ID:228;ZZUnitStandard:ZZUnitStandard_id:472
*,4516,Y,Core,ZZSkillsProgramme:ZZSkillsProgramme_ID:228;ZZUnitStandard:ZZUnitStandard_id:2634
*,4517,Y,Core,ZZSkillsProgramme:ZZSkillsProgramme_ID:228;ZZUnitStandard:ZZUnitStandard_id:473
*,4518,Y,Core,ZZSkillsProgramme:ZZSkillsProgramme_ID:228;ZZUnitStandard:ZZUnitStandard_id:382
*,4519,Y,Core,ZZSkillsProgramme:ZZSkillsProgramme_ID:228;ZZUnitStandard:ZZUnitStandard_id:379
*,4520,Y,Elective,ZZSkillsProgramme:ZZSkillsProgramme_ID:228;ZZUnitStandard:ZZUnitStandard_id:3357
*,4521,Y,Elective,ZZSkillsProgramme:ZZSkillsProgramme_ID:228;ZZUnitStandard:ZZUnitStandard_id:3407
*,4522,Y,Core,ZZSkillsProgramme:ZZSkillsProgramme_ID:228;ZZUnitStandard:ZZUnitStandard_id:2572
*,4523,Y,Core,ZZSkillsProgramme:ZZSkillsProgramme_ID:228;ZZUnitStandard:ZZUnitStandard_id:1029
*,4524,Y,Core,ZZSkillsProgramme:ZZSkillsProgramme_ID:228;ZZUnitStandard:ZZUnitStandard_id:2575
*,4525,Y,Core,ZZSkillsProgramme:ZZSkillsProgramme_ID:228;ZZUnitStandard:ZZUnitStandard_id:2571
*,4526,Y,Core,ZZSkillsProgramme:ZZSkillsProgramme_ID:228;ZZUnitStandard:ZZUnitStandard_id:2576
*,4527,Y,Core,ZZSkillsProgramme:ZZSkillsProgramme_ID:228;ZZUnitStandard:ZZUnitStandard_id:2573
*,4528,Y,Core,ZZSkillsProgramme:ZZSkillsProgramme_ID:228;ZZUnitStandard:ZZUnitStandard_id:2574
*,4529,Y,Core,ZZSkillsProgramme:ZZSkillsProgramme_ID:228;ZZUnitStandard:ZZUnitStandard_id:2570
*,4530,Y,Elective,ZZSkillsProgramme:ZZSkillsProgramme_ID:228;ZZUnitStandard:ZZUnitStandard_id:3367
*,4531,Y,Elective,ZZSkillsProgramme:ZZSkillsProgramme_ID:228;ZZUnitStandard:ZZUnitStandard_id:3517
*,4532,Y,Elective,ZZSkillsProgramme:ZZSkillsProgramme_ID:228;ZZUnitStandard:ZZUnitStandard_id:3524
*,4533,Y,Core,ZZSkillsProgramme:ZZSkillsProgramme_ID:228;ZZUnitStandard:ZZUnitStandard_id:1185
*,4534,Y,Core,ZZSkillsProgramme:ZZSkillsProgramme_ID:228;ZZUnitStandard:ZZUnitStandard_id:1514
*,4535,Y,Core,ZZSkillsProgramme:ZZSkillsProgramme_ID:228;ZZUnitStandard:ZZUnitStandard_id:1186
*,4536,Y,Core,ZZSkillsProgramme:ZZSkillsProgramme_ID:228;ZZUnitStandard:ZZUnitStandard_id:1516
*,4537,Y,Core,ZZSkillsProgramme:ZZSkillsProgramme_ID:228;ZZUnitStandard:ZZUnitStandard_id:1194
*,4538,Y,Core,ZZSkillsProgramme:ZZSkillsProgramme_ID:228;ZZUnitStandard:ZZUnitStandard_id:102
*,4539,Y,Elective,ZZSkillsProgramme:ZZSkillsProgramme_ID:228;ZZUnitStandard:ZZUnitStandard_id:130
*,4540,Y,Core,ZZSkillsProgramme:ZZSkillsProgramme_ID:229;ZZUnitStandard:ZZUnitStandard_id:1865
*,4541,Y,Core,ZZSkillsProgramme:ZZSkillsProgramme_ID:229;ZZUnitStandard:ZZUnitStandard_id:1568
*,4542,Y,Core,ZZSkillsProgramme:ZZSkillsProgramme_ID:229;ZZUnitStandard:ZZUnitStandard_id:1565
*,4543,Y,Core,ZZSkillsProgramme:ZZSkillsProgramme_ID:229;ZZUnitStandard:ZZUnitStandard_id:2185
*,4544,Y,Core,ZZSkillsProgramme:ZZSkillsProgramme_ID:229;ZZUnitStandard:ZZUnitStandard_id:1352
*,4545,Y,Core,ZZSkillsProgramme:ZZSkillsProgramme_ID:229;ZZUnitStandard:ZZUnitStandard_id:1365
*,4546,Y,Core,ZZSkillsProgramme:ZZSkillsProgramme_ID:229;ZZUnitStandard:ZZUnitStandard_id:1356
*,4547,Y,Core,ZZSkillsProgramme:ZZSkillsProgramme_ID:229;ZZUnitStandard:ZZUnitStandard_id:1350
*,4548,Y,Core,ZZSkillsProgramme:ZZSkillsProgramme_ID:229;ZZUnitStandard:ZZUnitStandard_id:1351
*,4549,Y,Core,ZZSkillsProgramme:ZZSkillsProgramme_ID:229;ZZUnitStandard:ZZUnitStandard_id:1357
*,4550,Y,Core,ZZSkillsProgramme:ZZSkillsProgramme_ID:229;ZZUnitStandard:ZZUnitStandard_id:1360
*,4551,Y,Core,ZZSkillsProgramme:ZZSkillsProgramme_ID:229;ZZUnitStandard:ZZUnitStandard_id:1355
*,4552,Y,Core,ZZSkillsProgramme:ZZSkillsProgramme_ID:229;ZZUnitStandard:ZZUnitStandard_id:1367
*,4553,Y,Core,ZZSkillsProgramme:ZZSkillsProgramme_ID:229;ZZUnitStandard:ZZUnitStandard_id:1369
*,4554,Y,Core,ZZSkillsProgramme:ZZSkillsProgramme_ID:229;ZZUnitStandard:ZZUnitStandard_id:1339
*,4555,Y,Core,ZZSkillsProgramme:ZZSkillsProgramme_ID:229;ZZUnitStandard:ZZUnitStandard_id:1344
*,4556,Y,Core,ZZSkillsProgramme:ZZSkillsProgramme_ID:229;ZZUnitStandard:ZZUnitStandard_id:1368
*,4557,Y,Core,ZZSkillsProgramme:ZZSkillsProgramme_ID:229;ZZUnitStandard:ZZUnitStandard_id:1366
*,4558,Y,Core,ZZSkillsProgramme:ZZSkillsProgramme_ID:229;ZZUnitStandard:ZZUnitStandard_id:1343
*,4559,Y,Core,ZZSkillsProgramme:ZZSkillsProgramme_ID:229;ZZUnitStandard:ZZUnitStandard_id:1335
*,4560,Y,Core,ZZSkillsProgramme:ZZSkillsProgramme_ID:229;ZZUnitStandard:ZZUnitStandard_id:1364
*,4561,Y,Core,ZZSkillsProgramme:ZZSkillsProgramme_ID:229;ZZUnitStandard:ZZUnitStandard_id:1361
*,4562,Y,Core,ZZSkillsProgramme:ZZSkillsProgramme_ID:229;ZZUnitStandard:ZZUnitStandard_id:1179
*,4563,Y,Core,ZZSkillsProgramme:ZZSkillsProgramme_ID:229;ZZUnitStandard:ZZUnitStandard_id:1817
*,4564,Y,Core,ZZSkillsProgramme:ZZSkillsProgramme_ID:229;ZZUnitStandard:ZZUnitStandard_id:1347
*,4565,Y,Core,ZZSkillsProgramme:ZZSkillsProgramme_ID:229;ZZUnitStandard:ZZUnitStandard_id:1362
*,4566,Y,Core,ZZSkillsProgramme:ZZSkillsProgramme_ID:229;ZZUnitStandard:ZZUnitStandard_id:1345
*,4567,Y,Elective,ZZSkillsProgramme:ZZSkillsProgramme_ID:229;ZZUnitStandard:ZZUnitStandard_id:2771
*,4568,Y,Core,ZZSkillsProgramme:ZZSkillsProgramme_ID:229;ZZUnitStandard:ZZUnitStandard_id:1189
*,4569,Y,Core,ZZSkillsProgramme:ZZSkillsProgramme_ID:229;ZZUnitStandard:ZZUnitStandard_id:2101
*,4570,Y,Core,ZZSkillsProgramme:ZZSkillsProgramme_ID:229;ZZUnitStandard:ZZUnitStandard_id:2186
*,4571,Y,Core,ZZSkillsProgramme:ZZSkillsProgramme_ID:229;ZZUnitStandard:ZZUnitStandard_id:1164
*,4572,Y,Core,ZZSkillsProgramme:ZZSkillsProgramme_ID:229;ZZUnitStandard:ZZUnitStandard_id:1165
*,4573,Y,Core,ZZSkillsProgramme:ZZSkillsProgramme_ID:229;ZZUnitStandard:ZZUnitStandard_id:1166
*,4574,Y,Core,ZZSkillsProgramme:ZZSkillsProgramme_ID:229;ZZUnitStandard:ZZUnitStandard_id:1176
*,4575,Y,Core,ZZSkillsProgramme:ZZSkillsProgramme_ID:229;ZZUnitStandard:ZZUnitStandard_id:1167
*,4576,Y,Core,ZZSkillsProgramme:ZZSkillsProgramme_ID:229;ZZUnitStandard:ZZUnitStandard_id:1168
*,4577,Y,Core,ZZSkillsProgramme:ZZSkillsProgramme_ID:229;ZZUnitStandard:ZZUnitStandard_id:1169
*,4578,Y,Core,ZZSkillsProgramme:ZZSkillsProgramme_ID:229;ZZUnitStandard:ZZUnitStandard_id:1177
*,4579,Y,Core,ZZSkillsProgramme:ZZSkillsProgramme_ID:229;ZZUnitStandard:ZZUnitStandard_id:1197
*,4580,Y,Core,ZZSkillsProgramme:ZZSkillsProgramme_ID:229;ZZUnitStandard:ZZUnitStandard_id:1198
*,4581,Y,Core,ZZSkillsProgramme:ZZSkillsProgramme_ID:231;ZZUnitStandard:ZZUnitStandard_id:3760
*,4582,Y,Core,ZZSkillsProgramme:ZZSkillsProgramme_ID:231;ZZUnitStandard:ZZUnitStandard_id:3752
*,4583,Y,Core,ZZSkillsProgramme:ZZSkillsProgramme_ID:231;ZZUnitStandard:ZZUnitStandard_id:3751
*,4584,Y,Core,ZZSkillsProgramme:ZZSkillsProgramme_ID:231;ZZUnitStandard:ZZUnitStandard_id:3755
*,4585,Y,Core,ZZSkillsProgramme:ZZSkillsProgramme_ID:232;ZZUnitStandard:ZZUnitStandard_id:3758
*,4586,Y,Core,ZZSkillsProgramme:ZZSkillsProgramme_ID:232;ZZUnitStandard:ZZUnitStandard_id:3757
*,4587,Y,Core,ZZSkillsProgramme:ZZSkillsProgramme_ID:232;ZZUnitStandard:ZZUnitStandard_id:3752
*,4588,Y,Core,ZZSkillsProgramme:ZZSkillsProgramme_ID:232;ZZUnitStandard:ZZUnitStandard_id:3751
*,4589,Y,Core,ZZSkillsProgramme:ZZSkillsProgramme_ID:232;ZZUnitStandard:ZZUnitStandard_id:3754
*,4590,Y,Core,ZZSkillsProgramme:ZZSkillsProgramme_ID:233;ZZUnitStandard:ZZUnitStandard_id:1672
*,4591,Y,Core,ZZSkillsProgramme:ZZSkillsProgramme_ID:233;ZZUnitStandard:ZZUnitStandard_id:1862
*,4592,Y,Core,ZZSkillsProgramme:ZZSkillsProgramme_ID:233;ZZUnitStandard:ZZUnitStandard_id:1553
*,4593,Y,Core,ZZSkillsProgramme:ZZSkillsProgramme_ID:233;ZZUnitStandard:ZZUnitStandard_id:1550
*,4594,Y,Core,ZZSkillsProgramme:ZZSkillsProgramme_ID:233;ZZUnitStandard:ZZUnitStandard_id:1555
*,4595,Y,Core,ZZSkillsProgramme:ZZSkillsProgramme_ID:233;ZZUnitStandard:ZZUnitStandard_id:1554
*,4596,Y,Core,ZZSkillsProgramme:ZZSkillsProgramme_ID:233;ZZUnitStandard:ZZUnitStandard_id:1560
*,4597,Y,Core,ZZSkillsProgramme:ZZSkillsProgramme_ID:233;ZZUnitStandard:ZZUnitStandard_id:1559
*,4598,Y,Core,ZZSkillsProgramme:ZZSkillsProgramme_ID:233;ZZUnitStandard:ZZUnitStandard_id:1558
*,4599,Y,Core,ZZSkillsProgramme:ZZSkillsProgramme_ID:233;ZZUnitStandard:ZZUnitStandard_id:1557
*,4600,Y,Core,ZZSkillsProgramme:ZZSkillsProgramme_ID:233;ZZUnitStandard:ZZUnitStandard_id:1556
*,4601,Y,Core,ZZSkillsProgramme:ZZSkillsProgramme_ID:233;ZZUnitStandard:ZZUnitStandard_id:1552
*,4602,Y,Core,ZZSkillsProgramme:ZZSkillsProgramme_ID:233;ZZUnitStandard:ZZUnitStandard_id:1562
*,4603,Y,Core,ZZSkillsProgramme:ZZSkillsProgramme_ID:233;ZZUnitStandard:ZZUnitStandard_id:2778
*,4604,Y,Core,ZZSkillsProgramme:ZZSkillsProgramme_ID:233;ZZUnitStandard:ZZUnitStandard_id:1196
*,4605,Y,Core,ZZSkillsProgramme:ZZSkillsProgramme_ID:233;ZZUnitStandard:ZZUnitStandard_id:1445
*,4606,Y,Core,ZZSkillsProgramme:ZZSkillsProgramme_ID:233;ZZUnitStandard:ZZUnitStandard_id:1447
*,4607,Y,Core,ZZSkillsProgramme:ZZSkillsProgramme_ID:233;ZZUnitStandard:ZZUnitStandard_id:2782
*,4608,Y,Core,ZZSkillsProgramme:ZZSkillsProgramme_ID:233;ZZUnitStandard:ZZUnitStandard_id:1863
*,4609,Y,Core,ZZSkillsProgramme:ZZSkillsProgramme_ID:233;ZZUnitStandard:ZZUnitStandard_id:2081
*,4610,Y,Core,ZZSkillsProgramme:ZZSkillsProgramme_ID:233;ZZUnitStandard:ZZUnitStandard_id:2780
*,4611,Y,Core,ZZSkillsProgramme:ZZSkillsProgramme_ID:233;ZZUnitStandard:ZZUnitStandard_id:2781
*,4612,Y,Fundamental,ZZSkillsProgramme:ZZSkillsProgramme_ID:233;ZZUnitStandard:ZZUnitStandard_id:2779
*,4613,Y,Fundamental,ZZSkillsProgramme:ZZSkillsProgramme_ID:233;ZZUnitStandard:ZZUnitStandard_id:2777
*,4614,Y,Core,ZZSkillsProgramme:ZZSkillsProgramme_ID:233;ZZUnitStandard:ZZUnitStandard_id:2776
*,4615,Y,Core,ZZSkillsProgramme:ZZSkillsProgramme_ID:233;ZZUnitStandard:ZZUnitStandard_id:1164
*,4616,Y,Core,ZZSkillsProgramme:ZZSkillsProgramme_ID:233;ZZUnitStandard:ZZUnitStandard_id:1165
*,4617,Y,Core,ZZSkillsProgramme:ZZSkillsProgramme_ID:233;ZZUnitStandard:ZZUnitStandard_id:1166
*,4618,Y,Core,ZZSkillsProgramme:ZZSkillsProgramme_ID:233;ZZUnitStandard:ZZUnitStandard_id:1188
*,4619,Y,Core,ZZSkillsProgramme:ZZSkillsProgramme_ID:233;ZZUnitStandard:ZZUnitStandard_id:1190
*,4620,Y,Core,ZZSkillsProgramme:ZZSkillsProgramme_ID:233;ZZUnitStandard:ZZUnitStandard_id:1518
*,4621,Y,Core,ZZSkillsProgramme:ZZSkillsProgramme_ID:233;ZZUnitStandard:ZZUnitStandard_id:1716
*,4622,Y,Core,ZZSkillsProgramme:ZZSkillsProgramme_ID:233;ZZUnitStandard:ZZUnitStandard_id:1831
*,4623,Y,Core,ZZSkillsProgramme:ZZSkillsProgramme_ID:234;ZZUnitStandard:ZZUnitStandard_id:219
*,4624,Y,Core,ZZSkillsProgramme:ZZSkillsProgramme_ID:234;ZZUnitStandard:ZZUnitStandard_id:222
*,4625,Y,Core,ZZSkillsProgramme:ZZSkillsProgramme_ID:234;ZZUnitStandard:ZZUnitStandard_id:223
*,4626,Y,Core,ZZSkillsProgramme:ZZSkillsProgramme_ID:234;ZZUnitStandard:ZZUnitStandard_id:230
*,4627,Y,Core,ZZSkillsProgramme:ZZSkillsProgramme_ID:234;ZZUnitStandard:ZZUnitStandard_id:2187
*,4628,Y,Core,ZZSkillsProgramme:ZZSkillsProgramme_ID:234;ZZUnitStandard:ZZUnitStandard_id:2209
*,4629,Y,Core,ZZSkillsProgramme:ZZSkillsProgramme_ID:234;ZZUnitStandard:ZZUnitStandard_id:2218
*,4630,Y,Core,ZZSkillsProgramme:ZZSkillsProgramme_ID:234;ZZUnitStandard:ZZUnitStandard_id:2219
*,4631,Y,Core,ZZSkillsProgramme:ZZSkillsProgramme_ID:234;ZZUnitStandard:ZZUnitStandard_id:2406
*,4632,Y,Core,ZZSkillsProgramme:ZZSkillsProgramme_ID:234;ZZUnitStandard:ZZUnitStandard_id:2214
*,4633,Y,Core,ZZSkillsProgramme:ZZSkillsProgramme_ID:234;ZZUnitStandard:ZZUnitStandard_id:2202
*,4634,Y,Core,ZZSkillsProgramme:ZZSkillsProgramme_ID:234;ZZUnitStandard:ZZUnitStandard_id:2215
*,4635,Y,Core,ZZSkillsProgramme:ZZSkillsProgramme_ID:234;ZZUnitStandard:ZZUnitStandard_id:2217
*,4636,Y,Core,ZZSkillsProgramme:ZZSkillsProgramme_ID:234;ZZUnitStandard:ZZUnitStandard_id:2201
*,4637,Y,Core,ZZSkillsProgramme:ZZSkillsProgramme_ID:234;ZZUnitStandard:ZZUnitStandard_id:761
*,4638,Y,Core,ZZSkillsProgramme:ZZSkillsProgramme_ID:234;ZZUnitStandard:ZZUnitStandard_id:957
*,4639,Y,Core,ZZSkillsProgramme:ZZSkillsProgramme_ID:234;ZZUnitStandard:ZZUnitStandard_id:1338
*,4640,Y,Core,ZZSkillsProgramme:ZZSkillsProgramme_ID:234;ZZUnitStandard:ZZUnitStandard_id:2206
*,4641,Y,Core,ZZSkillsProgramme:ZZSkillsProgramme_ID:234;ZZUnitStandard:ZZUnitStandard_id:2207
*,4642,Y,Core,ZZSkillsProgramme:ZZSkillsProgramme_ID:234;ZZUnitStandard:ZZUnitStandard_id:2208
*,4643,Y,Core,ZZSkillsProgramme:ZZSkillsProgramme_ID:234;ZZUnitStandard:ZZUnitStandard_id:1803
*,4644,Y,Core,ZZSkillsProgramme:ZZSkillsProgramme_ID:234;ZZUnitStandard:ZZUnitStandard_id:2205
*,4645,Y,Core,ZZSkillsProgramme:ZZSkillsProgramme_ID:234;ZZUnitStandard:ZZUnitStandard_id:2210
*,4646,Y,Core,ZZSkillsProgramme:ZZSkillsProgramme_ID:234;ZZUnitStandard:ZZUnitStandard_id:2204
*,4647,Y,Core,ZZSkillsProgramme:ZZSkillsProgramme_ID:234;ZZUnitStandard:ZZUnitStandard_id:1189
*,4648,Y,Core,ZZSkillsProgramme:ZZSkillsProgramme_ID:234;ZZUnitStandard:ZZUnitStandard_id:1197
*,4649,Y,Core,ZZSkillsProgramme:ZZSkillsProgramme_ID:235;ZZUnitStandard:ZZUnitStandard_id:1880
*,4650,Y,Core,ZZSkillsProgramme:ZZSkillsProgramme_ID:235;ZZUnitStandard:ZZUnitStandard_id:1881
*,4651,Y,Core,ZZSkillsProgramme:ZZSkillsProgramme_ID:235;ZZUnitStandard:ZZUnitStandard_id:761
*,4652,Y,Core,ZZSkillsProgramme:ZZSkillsProgramme_ID:236;ZZUnitStandard:ZZUnitStandard_id:2367
*,4653,Y,Core,ZZSkillsProgramme:ZZSkillsProgramme_ID:236;ZZUnitStandard:ZZUnitStandard_id:2376
*,4654,Y,Core,ZZSkillsProgramme:ZZSkillsProgramme_ID:236;ZZUnitStandard:ZZUnitStandard_id:2375
*,4655,Y,Core,ZZSkillsProgramme:ZZSkillsProgramme_ID:236;ZZUnitStandard:ZZUnitStandard_id:1642
*,4656,Y,Core,ZZSkillsProgramme:ZZSkillsProgramme_ID:236;ZZUnitStandard:ZZUnitStandard_id:1633
*,4657,Y,Core,ZZSkillsProgramme:ZZSkillsProgramme_ID:236;ZZUnitStandard:ZZUnitStandard_id:1625
*,4658,Y,Core,ZZSkillsProgramme:ZZSkillsProgramme_ID:236;ZZUnitStandard:ZZUnitStandard_id:1646
*,4659,Y,Core,ZZSkillsProgramme:ZZSkillsProgramme_ID:236;ZZUnitStandard:ZZUnitStandard_id:1674
*,4660,Y,Elective,ZZSkillsProgramme:ZZSkillsProgramme_ID:236;ZZUnitStandard:ZZUnitStandard_id:2784
*,4661,Y,Elective,ZZSkillsProgramme:ZZSkillsProgramme_ID:236;ZZUnitStandard:ZZUnitStandard_id:2786
*,4662,Y,Core,ZZSkillsProgramme:ZZSkillsProgramme_ID:236;ZZUnitStandard:ZZUnitStandard_id:1865
*,4663,Y,Elective,ZZSkillsProgramme:ZZSkillsProgramme_ID:236;ZZUnitStandard:ZZUnitStandard_id:2789
*,4664,Y,Elective,ZZSkillsProgramme:ZZSkillsProgramme_ID:236;ZZUnitStandard:ZZUnitStandard_id:2787
*,4665,Y,Core,ZZSkillsProgramme:ZZSkillsProgramme_ID:236;ZZUnitStandard:ZZUnitStandard_id:1568
*,4666,Y,Core,ZZSkillsProgramme:ZZSkillsProgramme_ID:236;ZZUnitStandard:ZZUnitStandard_id:1565
*,4667,Y,Core,ZZSkillsProgramme:ZZSkillsProgramme_ID:236;ZZUnitStandard:ZZUnitStandard_id:1567
*,4668,Y,Core,ZZSkillsProgramme:ZZSkillsProgramme_ID:236;ZZUnitStandard:ZZUnitStandard_id:2783
*,4669,Y,Core,ZZSkillsProgramme:ZZSkillsProgramme_ID:236;ZZUnitStandard:ZZUnitStandard_id:1570
*,4670,Y,Core,ZZSkillsProgramme:ZZSkillsProgramme_ID:236;ZZUnitStandard:ZZUnitStandard_id:1564
*,4671,Y,Core,ZZSkillsProgramme:ZZSkillsProgramme_ID:236;ZZUnitStandard:ZZUnitStandard_id:1179
*,4672,Y,Core,ZZSkillsProgramme:ZZSkillsProgramme_ID:236;ZZUnitStandard:ZZUnitStandard_id:1180
*,4673,Y,Core,ZZSkillsProgramme:ZZSkillsProgramme_ID:236;ZZUnitStandard:ZZUnitStandard_id:1181
*,4674,Y,Core,ZZSkillsProgramme:ZZSkillsProgramme_ID:236;ZZUnitStandard:ZZUnitStandard_id:1191
*,4675,Y,Core,ZZSkillsProgramme:ZZSkillsProgramme_ID:236;ZZUnitStandard:ZZUnitStandard_id:1553
*,4676,Y,Core,ZZSkillsProgramme:ZZSkillsProgramme_ID:236;ZZUnitStandard:ZZUnitStandard_id:1550
*,4677,Y,Core,ZZSkillsProgramme:ZZSkillsProgramme_ID:236;ZZUnitStandard:ZZUnitStandard_id:1556
*,4678,Y,Core,ZZSkillsProgramme:ZZSkillsProgramme_ID:236;ZZUnitStandard:ZZUnitStandard_id:1338
*,4679,Y,Core,ZZSkillsProgramme:ZZSkillsProgramme_ID:236;ZZUnitStandard:ZZUnitStandard_id:1334
*,4680,Y,Core,ZZSkillsProgramme:ZZSkillsProgramme_ID:236;ZZUnitStandard:ZZUnitStandard_id:1347
*,4681,Y,Elective,ZZSkillsProgramme:ZZSkillsProgramme_ID:236;ZZUnitStandard:ZZUnitStandard_id:2785
*,4682,Y,Elective,ZZSkillsProgramme:ZZSkillsProgramme_ID:236;ZZUnitStandard:ZZUnitStandard_id:2771
*,4683,Y,Core,ZZSkillsProgramme:ZZSkillsProgramme_ID:236;ZZUnitStandard:ZZUnitStandard_id:1370
*,4684,Y,Core,ZZSkillsProgramme:ZZSkillsProgramme_ID:236;ZZUnitStandard:ZZUnitStandard_id:1189
*,4685,Y,Core,ZZSkillsProgramme:ZZSkillsProgramme_ID:236;ZZUnitStandard:ZZUnitStandard_id:2100
*,4686,Y,Core,ZZSkillsProgramme:ZZSkillsProgramme_ID:236;ZZUnitStandard:ZZUnitStandard_id:2101
*,4687,Y,Elective,ZZSkillsProgramme:ZZSkillsProgramme_ID:236;ZZUnitStandard:ZZUnitStandard_id:2788
*,4688,Y,Core,ZZSkillsProgramme:ZZSkillsProgramme_ID:236;ZZUnitStandard:ZZUnitStandard_id:2091
*,4689,Y,Elective,ZZSkillsProgramme:ZZSkillsProgramme_ID:236;ZZUnitStandard:ZZUnitStandard_id:2790
*,4690,Y,Core,ZZSkillsProgramme:ZZSkillsProgramme_ID:236;ZZUnitStandard:ZZUnitStandard_id:1164
*,4691,Y,Core,ZZSkillsProgramme:ZZSkillsProgramme_ID:236;ZZUnitStandard:ZZUnitStandard_id:1165
*,4692,Y,Core,ZZSkillsProgramme:ZZSkillsProgramme_ID:236;ZZUnitStandard:ZZUnitStandard_id:1166
*,4693,Y,Core,ZZSkillsProgramme:ZZSkillsProgramme_ID:236;ZZUnitStandard:ZZUnitStandard_id:1173
*,4694,Y,Core,ZZSkillsProgramme:ZZSkillsProgramme_ID:236;ZZUnitStandard:ZZUnitStandard_id:1167
*,4695,Y,Core,ZZSkillsProgramme:ZZSkillsProgramme_ID:236;ZZUnitStandard:ZZUnitStandard_id:1168
*,4696,Y,Core,ZZSkillsProgramme:ZZSkillsProgramme_ID:236;ZZUnitStandard:ZZUnitStandard_id:1169
*,4697,Y,Core,ZZSkillsProgramme:ZZSkillsProgramme_ID:236;ZZUnitStandard:ZZUnitStandard_id:1197
*,4698,Y,Core,ZZSkillsProgramme:ZZSkillsProgramme_ID:236;ZZUnitStandard:ZZUnitStandard_id:2200
*,4699,Y,Core,ZZSkillsProgramme:ZZSkillsProgramme_ID:237;ZZUnitStandard:ZZUnitStandard_id:95
*,4700,Y,Core,ZZSkillsProgramme:ZZSkillsProgramme_ID:237;ZZUnitStandard:ZZUnitStandard_id:96
*,4701,Y,Core,ZZSkillsProgramme:ZZSkillsProgramme_ID:237;ZZUnitStandard:ZZUnitStandard_id:771
*,4702,Y,Core,ZZSkillsProgramme:ZZSkillsProgramme_ID:237;ZZUnitStandard:ZZUnitStandard_id:1066
*,4703,Y,Core,ZZSkillsProgramme:ZZSkillsProgramme_ID:237;ZZUnitStandard:ZZUnitStandard_id:469
*,4704,Y,Core,ZZSkillsProgramme:ZZSkillsProgramme_ID:237;ZZUnitStandard:ZZUnitStandard_id:410
*,4705,Y,Core,ZZSkillsProgramme:ZZSkillsProgramme_ID:237;ZZUnitStandard:ZZUnitStandard_id:2046
*,4706,Y,Core,ZZSkillsProgramme:ZZSkillsProgramme_ID:237;ZZUnitStandard:ZZUnitStandard_id:525
*,4707,Y,Core,ZZSkillsProgramme:ZZSkillsProgramme_ID:237;ZZUnitStandard:ZZUnitStandard_id:527
*,4708,Y,Core,ZZSkillsProgramme:ZZSkillsProgramme_ID:237;ZZUnitStandard:ZZUnitStandard_id:536
*,4709,Y,Core,ZZSkillsProgramme:ZZSkillsProgramme_ID:237;ZZUnitStandard:ZZUnitStandard_id:975
*,4710,Y,Core,ZZSkillsProgramme:ZZSkillsProgramme_ID:237;ZZUnitStandard:ZZUnitStandard_id:2044
*,4711,Y,Core,ZZSkillsProgramme:ZZSkillsProgramme_ID:237;ZZUnitStandard:ZZUnitStandard_id:770
*,4712,Y,Core,ZZSkillsProgramme:ZZSkillsProgramme_ID:237;ZZUnitStandard:ZZUnitStandard_id:626
*,4713,Y,Core,ZZSkillsProgramme:ZZSkillsProgramme_ID:237;ZZUnitStandard:ZZUnitStandard_id:529
*,4714,Y,Core,ZZSkillsProgramme:ZZSkillsProgramme_ID:237;ZZUnitStandard:ZZUnitStandard_id:606
*,4715,Y,Core,ZZSkillsProgramme:ZZSkillsProgramme_ID:237;ZZUnitStandard:ZZUnitStandard_id:530
*,4716,Y,Core,ZZSkillsProgramme:ZZSkillsProgramme_ID:237;ZZUnitStandard:ZZUnitStandard_id:1185
*,4717,Y,Core,ZZSkillsProgramme:ZZSkillsProgramme_ID:237;ZZUnitStandard:ZZUnitStandard_id:1514
*,4718,Y,Core,ZZSkillsProgramme:ZZSkillsProgramme_ID:237;ZZUnitStandard:ZZUnitStandard_id:1161
*,4719,Y,Core,ZZSkillsProgramme:ZZSkillsProgramme_ID:237;ZZUnitStandard:ZZUnitStandard_id:1162
*,4720,Y,Core,ZZSkillsProgramme:ZZSkillsProgramme_ID:237;ZZUnitStandard:ZZUnitStandard_id:1163
*,4721,Y,Core,ZZSkillsProgramme:ZZSkillsProgramme_ID:237;ZZUnitStandard:ZZUnitStandard_id:1766
*,4722,Y,Core,ZZSkillsProgramme:ZZSkillsProgramme_ID:237;ZZUnitStandard:ZZUnitStandard_id:1186
*,4723,Y,Core,ZZSkillsProgramme:ZZSkillsProgramme_ID:237;ZZUnitStandard:ZZUnitStandard_id:1516
*,4724,Y,Core,ZZSkillsProgramme:ZZSkillsProgramme_ID:237;ZZUnitStandard:ZZUnitStandard_id:1194
*,4725,Y,Core,ZZSkillsProgramme:ZZSkillsProgramme_ID:237;ZZUnitStandard:ZZUnitStandard_id:93
*,4726,Y,Core,ZZSkillsProgramme:ZZSkillsProgramme_ID:237;ZZUnitStandard:ZZUnitStandard_id:101
*,4727,Y,Core,ZZSkillsProgramme:ZZSkillsProgramme_ID:237;ZZUnitStandard:ZZUnitStandard_id:92
*,4728,Y,Core,ZZSkillsProgramme:ZZSkillsProgramme_ID:237;ZZUnitStandard:ZZUnitStandard_id:102
*,4729,Y,Core,ZZSkillsProgramme:ZZSkillsProgramme_ID:237;ZZUnitStandard:ZZUnitStandard_id:37
*,4730,Y,Core,ZZSkillsProgramme:ZZSkillsProgramme_ID:237;ZZUnitStandard:ZZUnitStandard_id:2045
*,4731,Y,Core,ZZSkillsProgramme:ZZSkillsProgramme_ID:237;ZZUnitStandard:ZZUnitStandard_id:1759
*,4732,Y,Core,ZZSkillsProgramme:ZZSkillsProgramme_ID:238;ZZUnitStandard:ZZUnitStandard_id:2218
*,4733,Y,Core,ZZSkillsProgramme:ZZSkillsProgramme_ID:238;ZZUnitStandard:ZZUnitStandard_id:2406
*,4734,Y,Core,ZZSkillsProgramme:ZZSkillsProgramme_ID:238;ZZUnitStandard:ZZUnitStandard_id:2214
*,4735,Y,Core,ZZSkillsProgramme:ZZSkillsProgramme_ID:238;ZZUnitStandard:ZZUnitStandard_id:2202
*,4736,Y,Core,ZZSkillsProgramme:ZZSkillsProgramme_ID:238;ZZUnitStandard:ZZUnitStandard_id:2221
*,4737,Y,Core,ZZSkillsProgramme:ZZSkillsProgramme_ID:238;ZZUnitStandard:ZZUnitStandard_id:2215
*,4738,Y,Core,ZZSkillsProgramme:ZZSkillsProgramme_ID:238;ZZUnitStandard:ZZUnitStandard_id:2217
*,4739,Y,Core,ZZSkillsProgramme:ZZSkillsProgramme_ID:238;ZZUnitStandard:ZZUnitStandard_id:2201
*,4740,Y,Core,ZZSkillsProgramme:ZZSkillsProgramme_ID:238;ZZUnitStandard:ZZUnitStandard_id:987
*,4741,Y,Core,ZZSkillsProgramme:ZZSkillsProgramme_ID:238;ZZUnitStandard:ZZUnitStandard_id:957
*,4742,Y,Core,ZZSkillsProgramme:ZZSkillsProgramme_ID:238;ZZUnitStandard:ZZUnitStandard_id:1948
*,4743,Y,Core,ZZSkillsProgramme:ZZSkillsProgramme_ID:238;ZZUnitStandard:ZZUnitStandard_id:1947
*,4744,Y,Core,ZZSkillsProgramme:ZZSkillsProgramme_ID:238;ZZUnitStandard:ZZUnitStandard_id:943
*,4745,Y,Core,ZZSkillsProgramme:ZZSkillsProgramme_ID:238;ZZUnitStandard:ZZUnitStandard_id:942
*,4746,Y,Core,ZZSkillsProgramme:ZZSkillsProgramme_ID:238;ZZUnitStandard:ZZUnitStandard_id:1337
*,4747,Y,Elective,ZZSkillsProgramme:ZZSkillsProgramme_ID:238;ZZUnitStandard:ZZUnitStandard_id:2837
*,4748,Y,Elective,ZZSkillsProgramme:ZZSkillsProgramme_ID:238;ZZUnitStandard:ZZUnitStandard_id:2820
*,4749,Y,Core,ZZSkillsProgramme:ZZSkillsProgramme_ID:238;ZZUnitStandard:ZZUnitStandard_id:2797
*,4750,Y,Core,ZZSkillsProgramme:ZZSkillsProgramme_ID:238;ZZUnitStandard:ZZUnitStandard_id:2801
*,4751,Y,Core,ZZSkillsProgramme:ZZSkillsProgramme_ID:238;ZZUnitStandard:ZZUnitStandard_id:2794
*,4752,Y,Elective,ZZSkillsProgramme:ZZSkillsProgramme_ID:238;ZZUnitStandard:ZZUnitStandard_id:2823
*,4753,Y,Elective,ZZSkillsProgramme:ZZSkillsProgramme_ID:238;ZZUnitStandard:ZZUnitStandard_id:2836
*,4754,Y,Elective,ZZSkillsProgramme:ZZSkillsProgramme_ID:238;ZZUnitStandard:ZZUnitStandard_id:2813
*,4755,Y,Elective,ZZSkillsProgramme:ZZSkillsProgramme_ID:238;ZZUnitStandard:ZZUnitStandard_id:2824
*,4756,Y,Elective,ZZSkillsProgramme:ZZSkillsProgramme_ID:238;ZZUnitStandard:ZZUnitStandard_id:2822
*,4757,Y,Core,ZZSkillsProgramme:ZZSkillsProgramme_ID:238;ZZUnitStandard:ZZUnitStandard_id:2807
*,4758,Y,Core,ZZSkillsProgramme:ZZSkillsProgramme_ID:238;ZZUnitStandard:ZZUnitStandard_id:2800
*,4759,Y,Core,ZZSkillsProgramme:ZZSkillsProgramme_ID:238;ZZUnitStandard:ZZUnitStandard_id:2795
*,4760,Y,Core,ZZSkillsProgramme:ZZSkillsProgramme_ID:238;ZZUnitStandard:ZZUnitStandard_id:2803
*,4761,Y,Core,ZZSkillsProgramme:ZZSkillsProgramme_ID:238;ZZUnitStandard:ZZUnitStandard_id:2798
*,4762,Y,Elective,ZZSkillsProgramme:ZZSkillsProgramme_ID:238;ZZUnitStandard:ZZUnitStandard_id:2810
*,4763,Y,Core,ZZSkillsProgramme:ZZSkillsProgramme_ID:238;ZZUnitStandard:ZZUnitStandard_id:2799
*,4764,Y,Elective,ZZSkillsProgramme:ZZSkillsProgramme_ID:238;ZZUnitStandard:ZZUnitStandard_id:2814
*,4765,Y,Elective,ZZSkillsProgramme:ZZSkillsProgramme_ID:238;ZZUnitStandard:ZZUnitStandard_id:2825
*,4766,Y,Elective,ZZSkillsProgramme:ZZSkillsProgramme_ID:238;ZZUnitStandard:ZZUnitStandard_id:2821
*,4767,Y,Elective,ZZSkillsProgramme:ZZSkillsProgramme_ID:238;ZZUnitStandard:ZZUnitStandard_id:2819
*,4768,Y,Core,ZZSkillsProgramme:ZZSkillsProgramme_ID:238;ZZUnitStandard:ZZUnitStandard_id:2804
*,4769,Y,Elective,ZZSkillsProgramme:ZZSkillsProgramme_ID:238;ZZUnitStandard:ZZUnitStandard_id:2829
*,4770,Y,Core,ZZSkillsProgramme:ZZSkillsProgramme_ID:238;ZZUnitStandard:ZZUnitStandard_id:2796
*,4771,Y,Elective,ZZSkillsProgramme:ZZSkillsProgramme_ID:238;ZZUnitStandard:ZZUnitStandard_id:2818
*,4772,Y,Elective,ZZSkillsProgramme:ZZSkillsProgramme_ID:238;ZZUnitStandard:ZZUnitStandard_id:2833
*,4773,Y,Core,ZZSkillsProgramme:ZZSkillsProgramme_ID:238;ZZUnitStandard:ZZUnitStandard_id:2806
*,4774,Y,Elective,ZZSkillsProgramme:ZZSkillsProgramme_ID:238;ZZUnitStandard:ZZUnitStandard_id:2839
*,4775,Y,Elective,ZZSkillsProgramme:ZZSkillsProgramme_ID:238;ZZUnitStandard:ZZUnitStandard_id:2817
*,4776,Y,Elective,ZZSkillsProgramme:ZZSkillsProgramme_ID:238;ZZUnitStandard:ZZUnitStandard_id:2831
*,4777,Y,Elective,ZZSkillsProgramme:ZZSkillsProgramme_ID:238;ZZUnitStandard:ZZUnitStandard_id:2827
*,4778,Y,Elective,ZZSkillsProgramme:ZZSkillsProgramme_ID:238;ZZUnitStandard:ZZUnitStandard_id:2834
*,4779,Y,Elective,ZZSkillsProgramme:ZZSkillsProgramme_ID:238;ZZUnitStandard:ZZUnitStandard_id:2809
*,4780,Y,Elective,ZZSkillsProgramme:ZZSkillsProgramme_ID:238;ZZUnitStandard:ZZUnitStandard_id:2835
*,4781,Y,Elective,ZZSkillsProgramme:ZZSkillsProgramme_ID:238;ZZUnitStandard:ZZUnitStandard_id:2815
*,4782,Y,Core,ZZSkillsProgramme:ZZSkillsProgramme_ID:238;ZZUnitStandard:ZZUnitStandard_id:2808
*,4783,Y,Elective,ZZSkillsProgramme:ZZSkillsProgramme_ID:238;ZZUnitStandard:ZZUnitStandard_id:2811
*,4784,Y,Core,ZZSkillsProgramme:ZZSkillsProgramme_ID:238;ZZUnitStandard:ZZUnitStandard_id:2791
*,4785,Y,Core,ZZSkillsProgramme:ZZSkillsProgramme_ID:238;ZZUnitStandard:ZZUnitStandard_id:2802
*,4786,Y,Elective,ZZSkillsProgramme:ZZSkillsProgramme_ID:238;ZZUnitStandard:ZZUnitStandard_id:2828
*,4787,Y,Elective,ZZSkillsProgramme:ZZSkillsProgramme_ID:238;ZZUnitStandard:ZZUnitStandard_id:2826
*,4788,Y,Core,ZZSkillsProgramme:ZZSkillsProgramme_ID:238;ZZUnitStandard:ZZUnitStandard_id:2792
*,4789,Y,Elective,ZZSkillsProgramme:ZZSkillsProgramme_ID:238;ZZUnitStandard:ZZUnitStandard_id:2816
*,4790,Y,Core,ZZSkillsProgramme:ZZSkillsProgramme_ID:238;ZZUnitStandard:ZZUnitStandard_id:2805
*,4791,Y,Elective,ZZSkillsProgramme:ZZSkillsProgramme_ID:238;ZZUnitStandard:ZZUnitStandard_id:2838
*,4792,Y,Elective,ZZSkillsProgramme:ZZSkillsProgramme_ID:238;ZZUnitStandard:ZZUnitStandard_id:2830
*,4793,Y,Core,ZZSkillsProgramme:ZZSkillsProgramme_ID:238;ZZUnitStandard:ZZUnitStandard_id:2793
*,4794,Y,Elective,ZZSkillsProgramme:ZZSkillsProgramme_ID:238;ZZUnitStandard:ZZUnitStandard_id:2832
*,4795,Y,Elective,ZZSkillsProgramme:ZZSkillsProgramme_ID:238;ZZUnitStandard:ZZUnitStandard_id:2812
*,4796,Y,Core,ZZSkillsProgramme:ZZSkillsProgramme_ID:238;ZZUnitStandard:ZZUnitStandard_id:1189
*,4797,Y,Core,ZZSkillsProgramme:ZZSkillsProgramme_ID:238;ZZUnitStandard:ZZUnitStandard_id:2158
*,4798,Y,Core,ZZSkillsProgramme:ZZSkillsProgramme_ID:238;ZZUnitStandard:ZZUnitStandard_id:1197
*,4799,Y,Core,ZZSkillsProgramme:ZZSkillsProgramme_ID:238;ZZUnitStandard:ZZUnitStandard_id:1198
*,4800,Y,Core,ZZSkillsProgramme:ZZSkillsProgramme_ID:239;ZZUnitStandard:ZZUnitStandard_id:919
*,4801,Y,Core,ZZSkillsProgramme:ZZSkillsProgramme_ID:239;ZZUnitStandard:ZZUnitStandard_id:2218
*,4802,Y,Core,ZZSkillsProgramme:ZZSkillsProgramme_ID:239;ZZUnitStandard:ZZUnitStandard_id:2406
*,4803,Y,Core,ZZSkillsProgramme:ZZSkillsProgramme_ID:239;ZZUnitStandard:ZZUnitStandard_id:2214
*,4804,Y,Core,ZZSkillsProgramme:ZZSkillsProgramme_ID:239;ZZUnitStandard:ZZUnitStandard_id:2202
*,4805,Y,Core,ZZSkillsProgramme:ZZSkillsProgramme_ID:239;ZZUnitStandard:ZZUnitStandard_id:2221
*,4806,Y,Core,ZZSkillsProgramme:ZZSkillsProgramme_ID:239;ZZUnitStandard:ZZUnitStandard_id:2215
*,4807,Y,Core,ZZSkillsProgramme:ZZSkillsProgramme_ID:239;ZZUnitStandard:ZZUnitStandard_id:2217
*,4808,Y,Core,ZZSkillsProgramme:ZZSkillsProgramme_ID:239;ZZUnitStandard:ZZUnitStandard_id:2201
*,4809,Y,Core,ZZSkillsProgramme:ZZSkillsProgramme_ID:239;ZZUnitStandard:ZZUnitStandard_id:3046
*,4810,Y,Elective,ZZSkillsProgramme:ZZSkillsProgramme_ID:239;ZZUnitStandard:ZZUnitStandard_id:2909
*,4811,Y,Core,ZZSkillsProgramme:ZZSkillsProgramme_ID:239;ZZUnitStandard:ZZUnitStandard_id:2604
*,4812,Y,Core,ZZSkillsProgramme:ZZSkillsProgramme_ID:239;ZZUnitStandard:ZZUnitStandard_id:862
*,4813,Y,Core,ZZSkillsProgramme:ZZSkillsProgramme_ID:239;ZZUnitStandard:ZZUnitStandard_id:786
*,4814,Y,Core,ZZSkillsProgramme:ZZSkillsProgramme_ID:239;ZZUnitStandard:ZZUnitStandard_id:2578
*,4815,Y,Elective,ZZSkillsProgramme:ZZSkillsProgramme_ID:239;ZZUnitStandard:ZZUnitStandard_id:3267
*,4816,Y,Elective,ZZSkillsProgramme:ZZSkillsProgramme_ID:239;ZZUnitStandard:ZZUnitStandard_id:3270
*,4817,Y,Elective,ZZSkillsProgramme:ZZSkillsProgramme_ID:239;ZZUnitStandard:ZZUnitStandard_id:3268
*,4818,Y,Elective,ZZSkillsProgramme:ZZSkillsProgramme_ID:239;ZZUnitStandard:ZZUnitStandard_id:3261
*,4819,Y,Elective,ZZSkillsProgramme:ZZSkillsProgramme_ID:239;ZZUnitStandard:ZZUnitStandard_id:3260
*,4820,Y,Elective,ZZSkillsProgramme:ZZSkillsProgramme_ID:239;ZZUnitStandard:ZZUnitStandard_id:3263
*,4821,Y,Elective,ZZSkillsProgramme:ZZSkillsProgramme_ID:239;ZZUnitStandard:ZZUnitStandard_id:3259
*,4822,Y,Elective,ZZSkillsProgramme:ZZSkillsProgramme_ID:239;ZZUnitStandard:ZZUnitStandard_id:3269
*,4823,Y,Elective,ZZSkillsProgramme:ZZSkillsProgramme_ID:239;ZZUnitStandard:ZZUnitStandard_id:3273
*,4824,Y,Elective,ZZSkillsProgramme:ZZSkillsProgramme_ID:239;ZZUnitStandard:ZZUnitStandard_id:3271
*,4825,Y,Elective,ZZSkillsProgramme:ZZSkillsProgramme_ID:239;ZZUnitStandard:ZZUnitStandard_id:3083
*,4826,Y,Core,ZZSkillsProgramme:ZZSkillsProgramme_ID:239;ZZUnitStandard:ZZUnitStandard_id:3048
*,4827,Y,Elective,ZZSkillsProgramme:ZZSkillsProgramme_ID:239;ZZUnitStandard:ZZUnitStandard_id:3272
*,4828,Y,Elective,ZZSkillsProgramme:ZZSkillsProgramme_ID:239;ZZUnitStandard:ZZUnitStandard_id:3266
*,4829,Y,Elective,ZZSkillsProgramme:ZZSkillsProgramme_ID:239;ZZUnitStandard:ZZUnitStandard_id:3274
*,4830,Y,Elective,ZZSkillsProgramme:ZZSkillsProgramme_ID:239;ZZUnitStandard:ZZUnitStandard_id:3264
*,4831,Y,Elective,ZZSkillsProgramme:ZZSkillsProgramme_ID:239;ZZUnitStandard:ZZUnitStandard_id:3258
*,4832,Y,Elective,ZZSkillsProgramme:ZZSkillsProgramme_ID:239;ZZUnitStandard:ZZUnitStandard_id:3275
*,4833,Y,Elective,ZZSkillsProgramme:ZZSkillsProgramme_ID:239;ZZUnitStandard:ZZUnitStandard_id:3262
*,4834,Y,Elective,ZZSkillsProgramme:ZZSkillsProgramme_ID:239;ZZUnitStandard:ZZUnitStandard_id:3265
*,4835,Y,Core,ZZSkillsProgramme:ZZSkillsProgramme_ID:239;ZZUnitStandard:ZZUnitStandard_id:1189
*,4836,Y,Core,ZZSkillsProgramme:ZZSkillsProgramme_ID:239;ZZUnitStandard:ZZUnitStandard_id:1197
*,4837,Y,Core,ZZSkillsProgramme:ZZSkillsProgramme_ID:239;ZZUnitStandard:ZZUnitStandard_id:1198
*,4838,Y,Core,ZZSkillsProgramme:ZZSkillsProgramme_ID:240;ZZUnitStandard:ZZUnitStandard_id:2753
*,4839,Y,Core,ZZSkillsProgramme:ZZSkillsProgramme_ID:240;ZZUnitStandard:ZZUnitStandard_id:2841
*,4840,Y,Core,ZZSkillsProgramme:ZZSkillsProgramme_ID:240;ZZUnitStandard:ZZUnitStandard_id:2840
*,4841,Y,Elective,ZZSkillsProgramme:ZZSkillsProgramme_ID:240;ZZUnitStandard:ZZUnitStandard_id:2850
*,4842,Y,Elective,ZZSkillsProgramme:ZZSkillsProgramme_ID:240;ZZUnitStandard:ZZUnitStandard_id:2853
*,4843,Y,Core,ZZSkillsProgramme:ZZSkillsProgramme_ID:240;ZZUnitStandard:ZZUnitStandard_id:2842
*,4844,Y,Core,ZZSkillsProgramme:ZZSkillsProgramme_ID:240;ZZUnitStandard:ZZUnitStandard_id:2844
*,4845,Y,Core,ZZSkillsProgramme:ZZSkillsProgramme_ID:240;ZZUnitStandard:ZZUnitStandard_id:2845
*,4846,Y,Core,ZZSkillsProgramme:ZZSkillsProgramme_ID:240;ZZUnitStandard:ZZUnitStandard_id:2848
*,4847,Y,Core,ZZSkillsProgramme:ZZSkillsProgramme_ID:240;ZZUnitStandard:ZZUnitStandard_id:2849
*,4848,Y,Elective,ZZSkillsProgramme:ZZSkillsProgramme_ID:240;ZZUnitStandard:ZZUnitStandard_id:2851
*,4849,Y,Core,ZZSkillsProgramme:ZZSkillsProgramme_ID:240;ZZUnitStandard:ZZUnitStandard_id:2847
*,4850,Y,Core,ZZSkillsProgramme:ZZSkillsProgramme_ID:240;ZZUnitStandard:ZZUnitStandard_id:2843
*,4851,Y,Core,ZZSkillsProgramme:ZZSkillsProgramme_ID:240;ZZUnitStandard:ZZUnitStandard_id:2852
*,4852,Y,Core,ZZSkillsProgramme:ZZSkillsProgramme_ID:240;ZZUnitStandard:ZZUnitStandard_id:1728
*,4853,Y,Core,ZZSkillsProgramme:ZZSkillsProgramme_ID:240;ZZUnitStandard:ZZUnitStandard_id:1326
*,4854,Y,Core,ZZSkillsProgramme:ZZSkillsProgramme_ID:240;ZZUnitStandard:ZZUnitStandard_id:1550
*,4855,Y,Core,ZZSkillsProgramme:ZZSkillsProgramme_ID:240;ZZUnitStandard:ZZUnitStandard_id:1555
*,4856,Y,Core,ZZSkillsProgramme:ZZSkillsProgramme_ID:240;ZZUnitStandard:ZZUnitStandard_id:1560
*,4857,Y,Core,ZZSkillsProgramme:ZZSkillsProgramme_ID:240;ZZUnitStandard:ZZUnitStandard_id:1559
*,4858,Y,Core,ZZSkillsProgramme:ZZSkillsProgramme_ID:240;ZZUnitStandard:ZZUnitStandard_id:1558
*,4859,Y,Core,ZZSkillsProgramme:ZZSkillsProgramme_ID:240;ZZUnitStandard:ZZUnitStandard_id:1556
*,4860,Y,Core,ZZSkillsProgramme:ZZSkillsProgramme_ID:240;ZZUnitStandard:ZZUnitStandard_id:1540
*,4861,Y,Core,ZZSkillsProgramme:ZZSkillsProgramme_ID:240;ZZUnitStandard:ZZUnitStandard_id:1539
*,4862,Y,Core,ZZSkillsProgramme:ZZSkillsProgramme_ID:240;ZZUnitStandard:ZZUnitStandard_id:1538
*,4863,Y,Core,ZZSkillsProgramme:ZZSkillsProgramme_ID:240;ZZUnitStandard:ZZUnitStandard_id:1547
*,4864,Y,Core,ZZSkillsProgramme:ZZSkillsProgramme_ID:240;ZZUnitStandard:ZZUnitStandard_id:1185
*,4865,Y,Core,ZZSkillsProgramme:ZZSkillsProgramme_ID:240;ZZUnitStandard:ZZUnitStandard_id:1514
*,4866,Y,Core,ZZSkillsProgramme:ZZSkillsProgramme_ID:240;ZZUnitStandard:ZZUnitStandard_id:1161
*,4867,Y,Core,ZZSkillsProgramme:ZZSkillsProgramme_ID:240;ZZUnitStandard:ZZUnitStandard_id:1162
*,4868,Y,Core,ZZSkillsProgramme:ZZSkillsProgramme_ID:240;ZZUnitStandard:ZZUnitStandard_id:1163
*,4869,Y,Core,ZZSkillsProgramme:ZZSkillsProgramme_ID:240;ZZUnitStandard:ZZUnitStandard_id:1766
*,4870,Y,Core,ZZSkillsProgramme:ZZSkillsProgramme_ID:240;ZZUnitStandard:ZZUnitStandard_id:1186
*,4871,Y,Core,ZZSkillsProgramme:ZZSkillsProgramme_ID:240;ZZUnitStandard:ZZUnitStandard_id:1516
*,4872,Y,Core,ZZSkillsProgramme:ZZSkillsProgramme_ID:240;ZZUnitStandard:ZZUnitStandard_id:1194
*,4873,Y,Core,ZZSkillsProgramme:ZZSkillsProgramme_ID:240;ZZUnitStandard:ZZUnitStandard_id:1759
*,4874,Y,Core,ZZSkillsProgramme:ZZSkillsProgramme_ID:241;ZZUnitStandard:ZZUnitStandard_id:1429
*,4875,Y,Core,ZZSkillsProgramme:ZZSkillsProgramme_ID:241;ZZUnitStandard:ZZUnitStandard_id:930
*,4876,Y,Core,ZZSkillsProgramme:ZZSkillsProgramme_ID:241;ZZUnitStandard:ZZUnitStandard_id:985
*,4877,Y,Core,ZZSkillsProgramme:ZZSkillsProgramme_ID:241;ZZUnitStandard:ZZUnitStandard_id:695
*,4878,Y,Core,ZZSkillsProgramme:ZZSkillsProgramme_ID:241;ZZUnitStandard:ZZUnitStandard_id:2220
*,4879,Y,Core,ZZSkillsProgramme:ZZSkillsProgramme_ID:241;ZZUnitStandard:ZZUnitStandard_id:2450
*,4880,Y,Core,ZZSkillsProgramme:ZZSkillsProgramme_ID:241;ZZUnitStandard:ZZUnitStandard_id:2453
*,4881,Y,Core,ZZSkillsProgramme:ZZSkillsProgramme_ID:241;ZZUnitStandard:ZZUnitStandard_id:2452
*,4882,Y,Core,ZZSkillsProgramme:ZZSkillsProgramme_ID:241;ZZUnitStandard:ZZUnitStandard_id:2340
*,4883,Y,Core,ZZSkillsProgramme:ZZSkillsProgramme_ID:241;ZZUnitStandard:ZZUnitStandard_id:2445
*,4884,Y,Core,ZZSkillsProgramme:ZZSkillsProgramme_ID:241;ZZUnitStandard:ZZUnitStandard_id:1667
*,4885,Y,Core,ZZSkillsProgramme:ZZSkillsProgramme_ID:241;ZZUnitStandard:ZZUnitStandard_id:1724
*,4886,Y,Core,ZZSkillsProgramme:ZZSkillsProgramme_ID:241;ZZUnitStandard:ZZUnitStandard_id:1725
*,4887,Y,Core,ZZSkillsProgramme:ZZSkillsProgramme_ID:241;ZZUnitStandard:ZZUnitStandard_id:1899
*,4888,Y,Core,ZZSkillsProgramme:ZZSkillsProgramme_ID:241;ZZUnitStandard:ZZUnitStandard_id:2404
*,4889,Y,Core,ZZSkillsProgramme:ZZSkillsProgramme_ID:241;ZZUnitStandard:ZZUnitStandard_id:2703
*,4890,Y,Core,ZZSkillsProgramme:ZZSkillsProgramme_ID:241;ZZUnitStandard:ZZUnitStandard_id:2310
*,4891,Y,Fundamental,ZZSkillsProgramme:ZZSkillsProgramme_ID:241;ZZUnitStandard:ZZUnitStandard_id:2863
*,4892,Y,Core,ZZSkillsProgramme:ZZSkillsProgramme_ID:241;ZZUnitStandard:ZZUnitStandard_id:2552
*,4893,Y,Elective,ZZSkillsProgramme:ZZSkillsProgramme_ID:241;ZZUnitStandard:ZZUnitStandard_id:2881
*,4894,Y,Elective,ZZSkillsProgramme:ZZSkillsProgramme_ID:241;ZZUnitStandard:ZZUnitStandard_id:2882
*,4895,Y,Core,ZZSkillsProgramme:ZZSkillsProgramme_ID:241;ZZUnitStandard:ZZUnitStandard_id:2869
*,4896,Y,Elective,ZZSkillsProgramme:ZZSkillsProgramme_ID:241;ZZUnitStandard:ZZUnitStandard_id:2884
*,4897,Y,Core,ZZSkillsProgramme:ZZSkillsProgramme_ID:241;ZZUnitStandard:ZZUnitStandard_id:2883
*,4898,Y,Core,ZZSkillsProgramme:ZZSkillsProgramme_ID:241;ZZUnitStandard:ZZUnitStandard_id:2871
*,4899,Y,Core,ZZSkillsProgramme:ZZSkillsProgramme_ID:241;ZZUnitStandard:ZZUnitStandard_id:2872
*,4900,Y,Core,ZZSkillsProgramme:ZZSkillsProgramme_ID:241;ZZUnitStandard:ZZUnitStandard_id:2876
*,4901,Y,Elective,ZZSkillsProgramme:ZZSkillsProgramme_ID:241;ZZUnitStandard:ZZUnitStandard_id:2879
*,4902,Y,Core,ZZSkillsProgramme:ZZSkillsProgramme_ID:241;ZZUnitStandard:ZZUnitStandard_id:2875
*,4903,Y,Core,ZZSkillsProgramme:ZZSkillsProgramme_ID:241;ZZUnitStandard:ZZUnitStandard_id:2873
*,4904,Y,Elective,ZZSkillsProgramme:ZZSkillsProgramme_ID:241;ZZUnitStandard:ZZUnitStandard_id:2865
*,4905,Y,Elective,ZZSkillsProgramme:ZZSkillsProgramme_ID:241;ZZUnitStandard:ZZUnitStandard_id:2880
*,4906,Y,Core,ZZSkillsProgramme:ZZSkillsProgramme_ID:241;ZZUnitStandard:ZZUnitStandard_id:2877
*,4907,Y,Core,ZZSkillsProgramme:ZZSkillsProgramme_ID:241;ZZUnitStandard:ZZUnitStandard_id:2868
*,4908,Y,Core,ZZSkillsProgramme:ZZSkillsProgramme_ID:241;ZZUnitStandard:ZZUnitStandard_id:2878
*,4909,Y,Core,ZZSkillsProgramme:ZZSkillsProgramme_ID:241;ZZUnitStandard:ZZUnitStandard_id:2862
*,4910,Y,Core,ZZSkillsProgramme:ZZSkillsProgramme_ID:241;ZZUnitStandard:ZZUnitStandard_id:2861
*,4911,Y,Core,ZZSkillsProgramme:ZZSkillsProgramme_ID:241;ZZUnitStandard:ZZUnitStandard_id:2870
*,4912,Y,Core,ZZSkillsProgramme:ZZSkillsProgramme_ID:241;ZZUnitStandard:ZZUnitStandard_id:2866
*,4913,Y,Fundamental,ZZSkillsProgramme:ZZSkillsProgramme_ID:241;ZZUnitStandard:ZZUnitStandard_id:2864
*,4914,Y,Core,ZZSkillsProgramme:ZZSkillsProgramme_ID:241;ZZUnitStandard:ZZUnitStandard_id:2874
*,4915,Y,Core,ZZSkillsProgramme:ZZSkillsProgramme_ID:241;ZZUnitStandard:ZZUnitStandard_id:2867
*,4916,Y,Core,ZZSkillsProgramme:ZZSkillsProgramme_ID:241;ZZUnitStandard:ZZUnitStandard_id:1185
*,4917,Y,Core,ZZSkillsProgramme:ZZSkillsProgramme_ID:241;ZZUnitStandard:ZZUnitStandard_id:1514
*,4918,Y,Core,ZZSkillsProgramme:ZZSkillsProgramme_ID:241;ZZUnitStandard:ZZUnitStandard_id:1186
*,4919,Y,Core,ZZSkillsProgramme:ZZSkillsProgramme_ID:241;ZZUnitStandard:ZZUnitStandard_id:1516
*,4920,Y,Core,ZZSkillsProgramme:ZZSkillsProgramme_ID:241;ZZUnitStandard:ZZUnitStandard_id:1194
*,4921,Y,Core,ZZSkillsProgramme:ZZSkillsProgramme_ID:241;ZZUnitStandard:ZZUnitStandard_id:2671
*,4922,Y,Core,ZZSkillsProgramme:ZZSkillsProgramme_ID:241;ZZUnitStandard:ZZUnitStandard_id:123
*,4923,Y,Core,ZZSkillsProgramme:ZZSkillsProgramme_ID:242;ZZUnitStandard:ZZUnitStandard_id:919
*,4924,Y,Core,ZZSkillsProgramme:ZZSkillsProgramme_ID:242;ZZUnitStandard:ZZUnitStandard_id:1715
*,4925,Y,Core,ZZSkillsProgramme:ZZSkillsProgramme_ID:242;ZZUnitStandard:ZZUnitStandard_id:2218
*,4926,Y,Core,ZZSkillsProgramme:ZZSkillsProgramme_ID:242;ZZUnitStandard:ZZUnitStandard_id:2202
*,4927,Y,Core,ZZSkillsProgramme:ZZSkillsProgramme_ID:242;ZZUnitStandard:ZZUnitStandard_id:2221
*,4928,Y,Core,ZZSkillsProgramme:ZZSkillsProgramme_ID:242;ZZUnitStandard:ZZUnitStandard_id:2201
*,4929,Y,Core,ZZSkillsProgramme:ZZSkillsProgramme_ID:242;ZZUnitStandard:ZZUnitStandard_id:987
*,4930,Y,Core,ZZSkillsProgramme:ZZSkillsProgramme_ID:242;ZZUnitStandard:ZZUnitStandard_id:1711
*,4931,Y,Core,ZZSkillsProgramme:ZZSkillsProgramme_ID:242;ZZUnitStandard:ZZUnitStandard_id:2493
*,4932,Y,Core,ZZSkillsProgramme:ZZSkillsProgramme_ID:242;ZZUnitStandard:ZZUnitStandard_id:2886
*,4933,Y,Elective,ZZSkillsProgramme:ZZSkillsProgramme_ID:242;ZZUnitStandard:ZZUnitStandard_id:2890
*,4934,Y,Elective,ZZSkillsProgramme:ZZSkillsProgramme_ID:242;ZZUnitStandard:ZZUnitStandard_id:2896
*,4935,Y,Elective,ZZSkillsProgramme:ZZSkillsProgramme_ID:242;ZZUnitStandard:ZZUnitStandard_id:2895
*,4936,Y,Elective,ZZSkillsProgramme:ZZSkillsProgramme_ID:242;ZZUnitStandard:ZZUnitStandard_id:2893
*,4937,Y,Elective,ZZSkillsProgramme:ZZSkillsProgramme_ID:242;ZZUnitStandard:ZZUnitStandard_id:2897
*,4938,Y,Elective,ZZSkillsProgramme:ZZSkillsProgramme_ID:242;ZZUnitStandard:ZZUnitStandard_id:2892
*,4939,Y,Core,ZZSkillsProgramme:ZZSkillsProgramme_ID:242;ZZUnitStandard:ZZUnitStandard_id:2885
*,4940,Y,Elective,ZZSkillsProgramme:ZZSkillsProgramme_ID:242;ZZUnitStandard:ZZUnitStandard_id:2889
*,4941,Y,Elective,ZZSkillsProgramme:ZZSkillsProgramme_ID:242;ZZUnitStandard:ZZUnitStandard_id:2891
*,4942,Y,Elective,ZZSkillsProgramme:ZZSkillsProgramme_ID:242;ZZUnitStandard:ZZUnitStandard_id:2894
*,4943,Y,Core,ZZSkillsProgramme:ZZSkillsProgramme_ID:242;ZZUnitStandard:ZZUnitStandard_id:2887
*,4944,Y,Core,ZZSkillsProgramme:ZZSkillsProgramme_ID:242;ZZUnitStandard:ZZUnitStandard_id:2888
*,4945,Y,Core,ZZSkillsProgramme:ZZSkillsProgramme_ID:242;ZZUnitStandard:ZZUnitStandard_id:1196
*,4946,Y,Core,ZZSkillsProgramme:ZZSkillsProgramme_ID:242;ZZUnitStandard:ZZUnitStandard_id:2507
*,4947,Y,Core,ZZSkillsProgramme:ZZSkillsProgramme_ID:242;ZZUnitStandard:ZZUnitStandard_id:2506
*,4948,Y,Core,ZZSkillsProgramme:ZZSkillsProgramme_ID:242;ZZUnitStandard:ZZUnitStandard_id:1188
*,4949,Y,Core,ZZSkillsProgramme:ZZSkillsProgramme_ID:242;ZZUnitStandard:ZZUnitStandard_id:1190
*,4950,Y,Core,ZZSkillsProgramme:ZZSkillsProgramme_ID:242;ZZUnitStandard:ZZUnitStandard_id:1518
*,4951,Y,Core,ZZSkillsProgramme:ZZSkillsProgramme_ID:242;ZZUnitStandard:ZZUnitStandard_id:1713
*,4952,Y,Core,ZZSkillsProgramme:ZZSkillsProgramme_ID:243;ZZUnitStandard:ZZUnitStandard_id:2438
*,4953,Y,Core,ZZSkillsProgramme:ZZSkillsProgramme_ID:243;ZZUnitStandard:ZZUnitStandard_id:1567
*,4954,Y,Core,ZZSkillsProgramme:ZZSkillsProgramme_ID:243;ZZUnitStandard:ZZUnitStandard_id:1357
*,4955,Y,Core,ZZSkillsProgramme:ZZSkillsProgramme_ID:243;ZZUnitStandard:ZZUnitStandard_id:976
*,4956,Y,Core,ZZSkillsProgramme:ZZSkillsProgramme_ID:243;ZZUnitStandard:ZZUnitStandard_id:1353
*,4957,Y,Core,ZZSkillsProgramme:ZZSkillsProgramme_ID:243;ZZUnitStandard:ZZUnitStandard_id:1341
*,4958,Y,Elective,ZZSkillsProgramme:ZZSkillsProgramme_ID:243;ZZUnitStandard:ZZUnitStandard_id:2912
*,4959,Y,Core,ZZSkillsProgramme:ZZSkillsProgramme_ID:243;ZZUnitStandard:ZZUnitStandard_id:2513
*,4960,Y,Core,ZZSkillsProgramme:ZZSkillsProgramme_ID:243;ZZUnitStandard:ZZUnitStandard_id:2164
*,4961,Y,Core,ZZSkillsProgramme:ZZSkillsProgramme_ID:243;ZZUnitStandard:ZZUnitStandard_id:2218
*,4962,Y,Core,ZZSkillsProgramme:ZZSkillsProgramme_ID:243;ZZUnitStandard:ZZUnitStandard_id:2406
*,4963,Y,Core,ZZSkillsProgramme:ZZSkillsProgramme_ID:243;ZZUnitStandard:ZZUnitStandard_id:2214
*,4964,Y,Core,ZZSkillsProgramme:ZZSkillsProgramme_ID:243;ZZUnitStandard:ZZUnitStandard_id:2202
*,4965,Y,Core,ZZSkillsProgramme:ZZSkillsProgramme_ID:243;ZZUnitStandard:ZZUnitStandard_id:2221
*,4966,Y,Core,ZZSkillsProgramme:ZZSkillsProgramme_ID:243;ZZUnitStandard:ZZUnitStandard_id:2215
*,4967,Y,Core,ZZSkillsProgramme:ZZSkillsProgramme_ID:243;ZZUnitStandard:ZZUnitStandard_id:2217
*,4968,Y,Core,ZZSkillsProgramme:ZZSkillsProgramme_ID:243;ZZUnitStandard:ZZUnitStandard_id:2201
*,4969,Y,Core,ZZSkillsProgramme:ZZSkillsProgramme_ID:243;ZZUnitStandard:ZZUnitStandard_id:923
*,4970,Y,Core,ZZSkillsProgramme:ZZSkillsProgramme_ID:243;ZZUnitStandard:ZZUnitStandard_id:1701
*,4971,Y,Core,ZZSkillsProgramme:ZZSkillsProgramme_ID:243;ZZUnitStandard:ZZUnitStandard_id:1702
*,4972,Y,Elective,ZZSkillsProgramme:ZZSkillsProgramme_ID:243;ZZUnitStandard:ZZUnitStandard_id:2900
*,4973,Y,Core,ZZSkillsProgramme:ZZSkillsProgramme_ID:243;ZZUnitStandard:ZZUnitStandard_id:1370
*,4974,Y,Core,ZZSkillsProgramme:ZZSkillsProgramme_ID:243;ZZUnitStandard:ZZUnitStandard_id:2902
*,4975,Y,Elective,ZZSkillsProgramme:ZZSkillsProgramme_ID:243;ZZUnitStandard:ZZUnitStandard_id:2908
*,4976,Y,Elective,ZZSkillsProgramme:ZZSkillsProgramme_ID:243;ZZUnitStandard:ZZUnitStandard_id:2904
*,4977,Y,Core,ZZSkillsProgramme:ZZSkillsProgramme_ID:243;ZZUnitStandard:ZZUnitStandard_id:2583
*,4978,Y,Core,ZZSkillsProgramme:ZZSkillsProgramme_ID:243;ZZUnitStandard:ZZUnitStandard_id:2903
*,4979,Y,Core,ZZSkillsProgramme:ZZSkillsProgramme_ID:243;ZZUnitStandard:ZZUnitStandard_id:2581
*,4980,Y,Elective,ZZSkillsProgramme:ZZSkillsProgramme_ID:243;ZZUnitStandard:ZZUnitStandard_id:2909
*,4981,Y,Elective,ZZSkillsProgramme:ZZSkillsProgramme_ID:243;ZZUnitStandard:ZZUnitStandard_id:2907
*,4982,Y,Elective,ZZSkillsProgramme:ZZSkillsProgramme_ID:243;ZZUnitStandard:ZZUnitStandard_id:2899
*,4983,Y,Elective,ZZSkillsProgramme:ZZSkillsProgramme_ID:243;ZZUnitStandard:ZZUnitStandard_id:2910
*,4984,Y,Core,ZZSkillsProgramme:ZZSkillsProgramme_ID:243;ZZUnitStandard:ZZUnitStandard_id:2901
*,4985,Y,Core,ZZSkillsProgramme:ZZSkillsProgramme_ID:243;ZZUnitStandard:ZZUnitStandard_id:2898
*,4986,Y,Core,ZZSkillsProgramme:ZZSkillsProgramme_ID:243;ZZUnitStandard:ZZUnitStandard_id:2906
*,4987,Y,Elective,ZZSkillsProgramme:ZZSkillsProgramme_ID:243;ZZUnitStandard:ZZUnitStandard_id:2911
*,4988,Y,Elective,ZZSkillsProgramme:ZZSkillsProgramme_ID:243;ZZUnitStandard:ZZUnitStandard_id:2905
*,4989,Y,Core,ZZSkillsProgramme:ZZSkillsProgramme_ID:243;ZZUnitStandard:ZZUnitStandard_id:1189
*,4990,Y,Core,ZZSkillsProgramme:ZZSkillsProgramme_ID:243;ZZUnitStandard:ZZUnitStandard_id:1197
*,4991,Y,Core,ZZSkillsProgramme:ZZSkillsProgramme_ID:243;ZZUnitStandard:ZZUnitStandard_id:1198
*,4992,Y,Core,ZZSkillsProgramme:ZZSkillsProgramme_ID:243;ZZUnitStandard:ZZUnitStandard_id:1703
*,4993,Y,Core,ZZSkillsProgramme:ZZSkillsProgramme_ID:243;ZZUnitStandard:ZZUnitStandard_id:1752
*,4994,Y,Elective,ZZSkillsProgramme:ZZSkillsProgramme_ID:244;ZZUnitStandard:ZZUnitStandard_id:236
*,4995,Y,Elective,ZZSkillsProgramme:ZZSkillsProgramme_ID:244;ZZUnitStandard:ZZUnitStandard_id:736
*,4996,Y,Core,ZZSkillsProgramme:ZZSkillsProgramme_ID:244;ZZUnitStandard:ZZUnitStandard_id:930
*,4997,Y,Core,ZZSkillsProgramme:ZZSkillsProgramme_ID:244;ZZUnitStandard:ZZUnitStandard_id:985
*,4998,Y,Core,ZZSkillsProgramme:ZZSkillsProgramme_ID:244;ZZUnitStandard:ZZUnitStandard_id:695
*,4999,Y,Core,ZZSkillsProgramme:ZZSkillsProgramme_ID:244;ZZUnitStandard:ZZUnitStandard_id:919
*,5000,Y,Elective,ZZSkillsProgramme:ZZSkillsProgramme_ID:244;ZZUnitStandard:ZZUnitStandard_id:1013
*,5001,Y,Elective,ZZSkillsProgramme:ZZSkillsProgramme_ID:244;ZZUnitStandard:ZZUnitStandard_id:1014
*,5002,Y,Elective,ZZSkillsProgramme:ZZSkillsProgramme_ID:244;ZZUnitStandard:ZZUnitStandard_id:1016
*,5003,Y,Elective,ZZSkillsProgramme:ZZSkillsProgramme_ID:244;ZZUnitStandard:ZZUnitStandard_id:1017
*,5004,Y,Elective,ZZSkillsProgramme:ZZSkillsProgramme_ID:244;ZZUnitStandard:ZZUnitStandard_id:1298
*,5005,Y,Elective,ZZSkillsProgramme:ZZSkillsProgramme_ID:244;ZZUnitStandard:ZZUnitStandard_id:1015
*,5006,Y,Elective,ZZSkillsProgramme:ZZSkillsProgramme_ID:244;ZZUnitStandard:ZZUnitStandard_id:1012
*,5007,Y,Elective,ZZSkillsProgramme:ZZSkillsProgramme_ID:244;ZZUnitStandard:ZZUnitStandard_id:1853
*,5008,Y,Elective,ZZSkillsProgramme:ZZSkillsProgramme_ID:244;ZZUnitStandard:ZZUnitStandard_id:1884
*,5009,Y,Elective,ZZSkillsProgramme:ZZSkillsProgramme_ID:244;ZZUnitStandard:ZZUnitStandard_id:1854
*,5010,Y,Fundamental,ZZSkillsProgramme:ZZSkillsProgramme_ID:244;ZZUnitStandard:ZZUnitStandard_id:2218
*,5011,Y,Fundamental,ZZSkillsProgramme:ZZSkillsProgramme_ID:244;ZZUnitStandard:ZZUnitStandard_id:2202
*,5012,Y,Fundamental,ZZSkillsProgramme:ZZSkillsProgramme_ID:244;ZZUnitStandard:ZZUnitStandard_id:2221
*,5013,Y,Fundamental,ZZSkillsProgramme:ZZSkillsProgramme_ID:244;ZZUnitStandard:ZZUnitStandard_id:2201
*,5014,Y,Elective,ZZSkillsProgramme:ZZSkillsProgramme_ID:244;ZZUnitStandard:ZZUnitStandard_id:1466
*,5015,Y,Elective,ZZSkillsProgramme:ZZSkillsProgramme_ID:244;ZZUnitStandard:ZZUnitStandard_id:1728
*,5016,Y,Elective,ZZSkillsProgramme:ZZSkillsProgramme_ID:244;ZZUnitStandard:ZZUnitStandard_id:1067
*,5017,Y,Core,ZZSkillsProgramme:ZZSkillsProgramme_ID:244;ZZUnitStandard:ZZUnitStandard_id:1011
*,5018,Y,Elective,ZZSkillsProgramme:ZZSkillsProgramme_ID:244;ZZUnitStandard:ZZUnitStandard_id:1003
*,5019,Y,Elective,ZZSkillsProgramme:ZZSkillsProgramme_ID:244;ZZUnitStandard:ZZUnitStandard_id:1001
*,5020,Y,Elective,ZZSkillsProgramme:ZZSkillsProgramme_ID:244;ZZUnitStandard:ZZUnitStandard_id:1000
*,5021,Y,Elective,ZZSkillsProgramme:ZZSkillsProgramme_ID:244;ZZUnitStandard:ZZUnitStandard_id:1007
*,5022,Y,Elective,ZZSkillsProgramme:ZZSkillsProgramme_ID:244;ZZUnitStandard:ZZUnitStandard_id:1019
*,5023,Y,Elective,ZZSkillsProgramme:ZZSkillsProgramme_ID:244;ZZUnitStandard:ZZUnitStandard_id:1669
*,5024,Y,Elective,ZZSkillsProgramme:ZZSkillsProgramme_ID:244;ZZUnitStandard:ZZUnitStandard_id:2587
*,5025,Y,Elective,ZZSkillsProgramme:ZZSkillsProgramme_ID:244;ZZUnitStandard:ZZUnitStandard_id:2230
*,5026,Y,Core,ZZSkillsProgramme:ZZSkillsProgramme_ID:244;ZZUnitStandard:ZZUnitStandard_id:2273
*,5027,Y,Elective,ZZSkillsProgramme:ZZSkillsProgramme_ID:244;ZZUnitStandard:ZZUnitStandard_id:2266
*,5028,Y,Elective,ZZSkillsProgramme:ZZSkillsProgramme_ID:244;ZZUnitStandard:ZZUnitStandard_id:996
*,5029,Y,Elective,ZZSkillsProgramme:ZZSkillsProgramme_ID:244;ZZUnitStandard:ZZUnitStandard_id:2932
*,5030,Y,Elective,ZZSkillsProgramme:ZZSkillsProgramme_ID:244;ZZUnitStandard:ZZUnitStandard_id:2937
*,5031,Y,Elective,ZZSkillsProgramme:ZZSkillsProgramme_ID:244;ZZUnitStandard:ZZUnitStandard_id:2954
*,5032,Y,Elective,ZZSkillsProgramme:ZZSkillsProgramme_ID:244;ZZUnitStandard:ZZUnitStandard_id:2925
*,5033,Y,Elective,ZZSkillsProgramme:ZZSkillsProgramme_ID:244;ZZUnitStandard:ZZUnitStandard_id:2927
*,5034,Y,Elective,ZZSkillsProgramme:ZZSkillsProgramme_ID:244;ZZUnitStandard:ZZUnitStandard_id:2941
*,5035,Y,Core,ZZSkillsProgramme:ZZSkillsProgramme_ID:244;ZZUnitStandard:ZZUnitStandard_id:2921
*,5036,Y,Elective,ZZSkillsProgramme:ZZSkillsProgramme_ID:244;ZZUnitStandard:ZZUnitStandard_id:2942
*,5037,Y,Elective,ZZSkillsProgramme:ZZSkillsProgramme_ID:244;ZZUnitStandard:ZZUnitStandard_id:2939
*,5038,Y,Elective,ZZSkillsProgramme:ZZSkillsProgramme_ID:244;ZZUnitStandard:ZZUnitStandard_id:2936
*,5039,Y,Elective,ZZSkillsProgramme:ZZSkillsProgramme_ID:244;ZZUnitStandard:ZZUnitStandard_id:2944
*,5040,Y,Elective,ZZSkillsProgramme:ZZSkillsProgramme_ID:244;ZZUnitStandard:ZZUnitStandard_id:2928
*,5041,Y,Core,ZZSkillsProgramme:ZZSkillsProgramme_ID:244;ZZUnitStandard:ZZUnitStandard_id:2916
*,5042,Y,Core,ZZSkillsProgramme:ZZSkillsProgramme_ID:244;ZZUnitStandard:ZZUnitStandard_id:2919
*,5043,Y,Elective,ZZSkillsProgramme:ZZSkillsProgramme_ID:244;ZZUnitStandard:ZZUnitStandard_id:2929
*,5044,Y,Elective,ZZSkillsProgramme:ZZSkillsProgramme_ID:244;ZZUnitStandard:ZZUnitStandard_id:2945
*,5045,Y,Elective,ZZSkillsProgramme:ZZSkillsProgramme_ID:244;ZZUnitStandard:ZZUnitStandard_id:2950
*,5046,Y,Elective,ZZSkillsProgramme:ZZSkillsProgramme_ID:244;ZZUnitStandard:ZZUnitStandard_id:2953
*,5047,Y,Elective,ZZSkillsProgramme:ZZSkillsProgramme_ID:244;ZZUnitStandard:ZZUnitStandard_id:2938
*,5048,Y,Elective,ZZSkillsProgramme:ZZSkillsProgramme_ID:244;ZZUnitStandard:ZZUnitStandard_id:2924
*,5049,Y,Elective,ZZSkillsProgramme:ZZSkillsProgramme_ID:244;ZZUnitStandard:ZZUnitStandard_id:2934
*,5050,Y,Elective,ZZSkillsProgramme:ZZSkillsProgramme_ID:244;ZZUnitStandard:ZZUnitStandard_id:3566
*,5051,Y,Core,ZZSkillsProgramme:ZZSkillsProgramme_ID:244;ZZUnitStandard:ZZUnitStandard_id:2914
*,5052,Y,Elective,ZZSkillsProgramme:ZZSkillsProgramme_ID:244;ZZUnitStandard:ZZUnitStandard_id:2933
*,5053,Y,Elective,ZZSkillsProgramme:ZZSkillsProgramme_ID:244;ZZUnitStandard:ZZUnitStandard_id:2935
*,5054,Y,Core,ZZSkillsProgramme:ZZSkillsProgramme_ID:244;ZZUnitStandard:ZZUnitStandard_id:2913
*,5055,Y,Core,ZZSkillsProgramme:ZZSkillsProgramme_ID:244;ZZUnitStandard:ZZUnitStandard_id:2918
*,5056,Y,Elective,ZZSkillsProgramme:ZZSkillsProgramme_ID:244;ZZUnitStandard:ZZUnitStandard_id:2946
*,5057,Y,Elective,ZZSkillsProgramme:ZZSkillsProgramme_ID:244;ZZUnitStandard:ZZUnitStandard_id:2948
*,5058,Y,Elective,ZZSkillsProgramme:ZZSkillsProgramme_ID:244;ZZUnitStandard:ZZUnitStandard_id:2926
*,5059,Y,Elective,ZZSkillsProgramme:ZZSkillsProgramme_ID:244;ZZUnitStandard:ZZUnitStandard_id:2947
*,5060,Y,Elective,ZZSkillsProgramme:ZZSkillsProgramme_ID:244;ZZUnitStandard:ZZUnitStandard_id:2931
*,5061,Y,Core,ZZSkillsProgramme:ZZSkillsProgramme_ID:244;ZZUnitStandard:ZZUnitStandard_id:2915
*,5062,Y,Elective,ZZSkillsProgramme:ZZSkillsProgramme_ID:244;ZZUnitStandard:ZZUnitStandard_id:2955
*,5063,Y,Core,ZZSkillsProgramme:ZZSkillsProgramme_ID:244;ZZUnitStandard:ZZUnitStandard_id:2923
*,5064,Y,Core,ZZSkillsProgramme:ZZSkillsProgramme_ID:244;ZZUnitStandard:ZZUnitStandard_id:2917
*,5065,Y,Core,ZZSkillsProgramme:ZZSkillsProgramme_ID:244;ZZUnitStandard:ZZUnitStandard_id:2922
*,5066,Y,Elective,ZZSkillsProgramme:ZZSkillsProgramme_ID:244;ZZUnitStandard:ZZUnitStandard_id:2940
*,5067,Y,Elective,ZZSkillsProgramme:ZZSkillsProgramme_ID:244;ZZUnitStandard:ZZUnitStandard_id:2956
*,5068,Y,Elective,ZZSkillsProgramme:ZZSkillsProgramme_ID:244;ZZUnitStandard:ZZUnitStandard_id:2951
*,5069,Y,Elective,ZZSkillsProgramme:ZZSkillsProgramme_ID:244;ZZUnitStandard:ZZUnitStandard_id:2930
*,5070,Y,Core,ZZSkillsProgramme:ZZSkillsProgramme_ID:244;ZZUnitStandard:ZZUnitStandard_id:2920
*,5071,Y,Elective,ZZSkillsProgramme:ZZSkillsProgramme_ID:244;ZZUnitStandard:ZZUnitStandard_id:2949
*,5072,Y,Elective,ZZSkillsProgramme:ZZSkillsProgramme_ID:244;ZZUnitStandard:ZZUnitStandard_id:2952
*,5073,Y,Elective,ZZSkillsProgramme:ZZSkillsProgramme_ID:244;ZZUnitStandard:ZZUnitStandard_id:2943
*,5074,Y,Elective,ZZSkillsProgramme:ZZSkillsProgramme_ID:244;ZZUnitStandard:ZZUnitStandard_id:2957
*,5075,Y,Fundamental,ZZSkillsProgramme:ZZSkillsProgramme_ID:244;ZZUnitStandard:ZZUnitStandard_id:1196
*,5076,Y,Fundamental,ZZSkillsProgramme:ZZSkillsProgramme_ID:244;ZZUnitStandard:ZZUnitStandard_id:1188
*,5077,Y,Fundamental,ZZSkillsProgramme:ZZSkillsProgramme_ID:244;ZZUnitStandard:ZZUnitStandard_id:1190
*,5078,Y,Fundamental,ZZSkillsProgramme:ZZSkillsProgramme_ID:244;ZZUnitStandard:ZZUnitStandard_id:1518
*,5079,Y,Core,ZZSkillsProgramme:ZZSkillsProgramme_ID:245;ZZUnitStandard:ZZUnitStandard_id:1793
*,5080,Y,Core,ZZSkillsProgramme:ZZSkillsProgramme_ID:245;ZZUnitStandard:ZZUnitStandard_id:1795
*,5081,Y,Core,ZZSkillsProgramme:ZZSkillsProgramme_ID:245;ZZUnitStandard:ZZUnitStandard_id:1324
*,5082,Y,Core,ZZSkillsProgramme:ZZSkillsProgramme_ID:245;ZZUnitStandard:ZZUnitStandard_id:1794
*,5083,Y,Core,ZZSkillsProgramme:ZZSkillsProgramme_ID:245;ZZUnitStandard:ZZUnitStandard_id:3000
*,5084,Y,Core,ZZSkillsProgramme:ZZSkillsProgramme_ID:245;ZZUnitStandard:ZZUnitStandard_id:2994
*,5085,Y,Core,ZZSkillsProgramme:ZZSkillsProgramme_ID:245;ZZUnitStandard:ZZUnitStandard_id:2964
*,5086,Y,Core,ZZSkillsProgramme:ZZSkillsProgramme_ID:245;ZZUnitStandard:ZZUnitStandard_id:2989
*,5087,Y,Elective,ZZSkillsProgramme:ZZSkillsProgramme_ID:245;ZZUnitStandard:ZZUnitStandard_id:2963
*,5088,Y,Core,ZZSkillsProgramme:ZZSkillsProgramme_ID:245;ZZUnitStandard:ZZUnitStandard_id:1586
*,5089,Y,Core,ZZSkillsProgramme:ZZSkillsProgramme_ID:245;ZZUnitStandard:ZZUnitStandard_id:2979
*,5090,Y,Core,ZZSkillsProgramme:ZZSkillsProgramme_ID:245;ZZUnitStandard:ZZUnitStandard_id:2973
*,5091,Y,Core,ZZSkillsProgramme:ZZSkillsProgramme_ID:245;ZZUnitStandard:ZZUnitStandard_id:2969
*,5092,Y,Core,ZZSkillsProgramme:ZZSkillsProgramme_ID:245;ZZUnitStandard:ZZUnitStandard_id:2980
*,5093,Y,Core,ZZSkillsProgramme:ZZSkillsProgramme_ID:245;ZZUnitStandard:ZZUnitStandard_id:2220
*,5094,Y,Core,ZZSkillsProgramme:ZZSkillsProgramme_ID:245;ZZUnitStandard:ZZUnitStandard_id:3001
*,5095,Y,Core,ZZSkillsProgramme:ZZSkillsProgramme_ID:245;ZZUnitStandard:ZZUnitStandard_id:2610
*,5096,Y,Core,ZZSkillsProgramme:ZZSkillsProgramme_ID:245;ZZUnitStandard:ZZUnitStandard_id:2483
*,5097,Y,Elective,ZZSkillsProgramme:ZZSkillsProgramme_ID:245;ZZUnitStandard:ZZUnitStandard_id:3005
*,5098,Y,Core,ZZSkillsProgramme:ZZSkillsProgramme_ID:245;ZZUnitStandard:ZZUnitStandard_id:2484
*,5099,Y,Core,ZZSkillsProgramme:ZZSkillsProgramme_ID:245;ZZUnitStandard:ZZUnitStandard_id:2988
*,5100,Y,Core,ZZSkillsProgramme:ZZSkillsProgramme_ID:245;ZZUnitStandard:ZZUnitStandard_id:2960
*,5101,Y,Core,ZZSkillsProgramme:ZZSkillsProgramme_ID:245;ZZUnitStandard:ZZUnitStandard_id:2335
*,5102,Y,Core,ZZSkillsProgramme:ZZSkillsProgramme_ID:245;ZZUnitStandard:ZZUnitStandard_id:2332
*,5103,Y,Core,ZZSkillsProgramme:ZZSkillsProgramme_ID:245;ZZUnitStandard:ZZUnitStandard_id:2974
*,5104,Y,Core,ZZSkillsProgramme:ZZSkillsProgramme_ID:245;ZZUnitStandard:ZZUnitStandard_id:2977
*,5105,Y,Core,ZZSkillsProgramme:ZZSkillsProgramme_ID:245;ZZUnitStandard:ZZUnitStandard_id:2965
*,5106,Y,Core,ZZSkillsProgramme:ZZSkillsProgramme_ID:245;ZZUnitStandard:ZZUnitStandard_id:2978
*,5107,Y,Core,ZZSkillsProgramme:ZZSkillsProgramme_ID:245;ZZUnitStandard:ZZUnitStandard_id:2445
*,5108,Y,Core,ZZSkillsProgramme:ZZSkillsProgramme_ID:245;ZZUnitStandard:ZZUnitStandard_id:2336
*,5109,Y,Core,ZZSkillsProgramme:ZZSkillsProgramme_ID:245;ZZUnitStandard:ZZUnitStandard_id:2334
*,5110,Y,Core,ZZSkillsProgramme:ZZSkillsProgramme_ID:245;ZZUnitStandard:ZZUnitStandard_id:2338
*,5111,Y,Core,ZZSkillsProgramme:ZZSkillsProgramme_ID:245;ZZUnitStandard:ZZUnitStandard_id:2337
*,5112,Y,Core,ZZSkillsProgramme:ZZSkillsProgramme_ID:245;ZZUnitStandard:ZZUnitStandard_id:2982
*,5113,Y,Elective,ZZSkillsProgramme:ZZSkillsProgramme_ID:245;ZZUnitStandard:ZZUnitStandard_id:2998
*,5114,Y,Core,ZZSkillsProgramme:ZZSkillsProgramme_ID:245;ZZUnitStandard:ZZUnitStandard_id:2984
*,5115,Y,Core,ZZSkillsProgramme:ZZSkillsProgramme_ID:245;ZZUnitStandard:ZZUnitStandard_id:2967
*,5116,Y,Core,ZZSkillsProgramme:ZZSkillsProgramme_ID:245;ZZUnitStandard:ZZUnitStandard_id:2971
*,5117,Y,Core,ZZSkillsProgramme:ZZSkillsProgramme_ID:245;ZZUnitStandard:ZZUnitStandard_id:2071
*,5118,Y,Elective,ZZSkillsProgramme:ZZSkillsProgramme_ID:245;ZZUnitStandard:ZZUnitStandard_id:2966
*,5119,Y,Core,ZZSkillsProgramme:ZZSkillsProgramme_ID:245;ZZUnitStandard:ZZUnitStandard_id:2987
*,5120,Y,Core,ZZSkillsProgramme:ZZSkillsProgramme_ID:245;ZZUnitStandard:ZZUnitStandard_id:2981
*,5121,Y,Core,ZZSkillsProgramme:ZZSkillsProgramme_ID:245;ZZUnitStandard:ZZUnitStandard_id:2968
*,5122,Y,Core,ZZSkillsProgramme:ZZSkillsProgramme_ID:245;ZZUnitStandard:ZZUnitStandard_id:2986
*,5123,Y,Core,ZZSkillsProgramme:ZZSkillsProgramme_ID:245;ZZUnitStandard:ZZUnitStandard_id:2972
*,5124,Y,Core,ZZSkillsProgramme:ZZSkillsProgramme_ID:245;ZZUnitStandard:ZZUnitStandard_id:2154
*,5125,Y,Core,ZZSkillsProgramme:ZZSkillsProgramme_ID:245;ZZUnitStandard:ZZUnitStandard_id:2970
*,5126,Y,Core,ZZSkillsProgramme:ZZSkillsProgramme_ID:245;ZZUnitStandard:ZZUnitStandard_id:2996
*,5127,Y,Core,ZZSkillsProgramme:ZZSkillsProgramme_ID:245;ZZUnitStandard:ZZUnitStandard_id:2995
*,5128,Y,Core,ZZSkillsProgramme:ZZSkillsProgramme_ID:245;ZZUnitStandard:ZZUnitStandard_id:1120
*,5129,Y,Elective,ZZSkillsProgramme:ZZSkillsProgramme_ID:245;ZZUnitStandard:ZZUnitStandard_id:2997
*,5130,Y,Core,ZZSkillsProgramme:ZZSkillsProgramme_ID:245;ZZUnitStandard:ZZUnitStandard_id:1578
*,5131,Y,Core,ZZSkillsProgramme:ZZSkillsProgramme_ID:245;ZZUnitStandard:ZZUnitStandard_id:770
*,5132,Y,Core,ZZSkillsProgramme:ZZSkillsProgramme_ID:245;ZZUnitStandard:ZZUnitStandard_id:1577
*,5133,Y,Core,ZZSkillsProgramme:ZZSkillsProgramme_ID:245;ZZUnitStandard:ZZUnitStandard_id:1579
*,5134,Y,Core,ZZSkillsProgramme:ZZSkillsProgramme_ID:245;ZZUnitStandard:ZZUnitStandard_id:1580
*,5135,Y,Core,ZZSkillsProgramme:ZZSkillsProgramme_ID:245;ZZUnitStandard:ZZUnitStandard_id:1588
*,5136,Y,Core,ZZSkillsProgramme:ZZSkillsProgramme_ID:245;ZZUnitStandard:ZZUnitStandard_id:1587
*,5137,Y,Core,ZZSkillsProgramme:ZZSkillsProgramme_ID:245;ZZUnitStandard:ZZUnitStandard_id:3002
*,5138,Y,Core,ZZSkillsProgramme:ZZSkillsProgramme_ID:245;ZZUnitStandard:ZZUnitStandard_id:3003
*,5139,Y,Core,ZZSkillsProgramme:ZZSkillsProgramme_ID:245;ZZUnitStandard:ZZUnitStandard_id:2991
*,5140,Y,Elective,ZZSkillsProgramme:ZZSkillsProgramme_ID:245;ZZUnitStandard:ZZUnitStandard_id:3004
*,5141,Y,Core,ZZSkillsProgramme:ZZSkillsProgramme_ID:245;ZZUnitStandard:ZZUnitStandard_id:2983
*,5142,Y,Core,ZZSkillsProgramme:ZZSkillsProgramme_ID:245;ZZUnitStandard:ZZUnitStandard_id:2985
*,5143,Y,Core,ZZSkillsProgramme:ZZSkillsProgramme_ID:245;ZZUnitStandard:ZZUnitStandard_id:2975
*,5144,Y,Core,ZZSkillsProgramme:ZZSkillsProgramme_ID:245;ZZUnitStandard:ZZUnitStandard_id:1101
*,5145,Y,Core,ZZSkillsProgramme:ZZSkillsProgramme_ID:245;ZZUnitStandard:ZZUnitStandard_id:1192
*,5146,Y,Core,ZZSkillsProgramme:ZZSkillsProgramme_ID:245;ZZUnitStandard:ZZUnitStandard_id:1102
*,5147,Y,Core,ZZSkillsProgramme:ZZSkillsProgramme_ID:245;ZZUnitStandard:ZZUnitStandard_id:1512
*,5148,Y,Core,ZZSkillsProgramme:ZZSkillsProgramme_ID:245;ZZUnitStandard:ZZUnitStandard_id:1193
*,5149,Y,Core,ZZSkillsProgramme:ZZSkillsProgramme_ID:245;ZZUnitStandard:ZZUnitStandard_id:1106
*,5150,Y,Core,ZZSkillsProgramme:ZZSkillsProgramme_ID:245;ZZUnitStandard:ZZUnitStandard_id:1107
*,5151,Y,Core,ZZSkillsProgramme:ZZSkillsProgramme_ID:245;ZZUnitStandard:ZZUnitStandard_id:1951
*,5152,Y,Core,ZZSkillsProgramme:ZZSkillsProgramme_ID:245;ZZUnitStandard:ZZUnitStandard_id:2962
*,5153,Y,Core,ZZSkillsProgramme:ZZSkillsProgramme_ID:245;ZZUnitStandard:ZZUnitStandard_id:1110
*,5154,Y,Core,ZZSkillsProgramme:ZZSkillsProgramme_ID:245;ZZUnitStandard:ZZUnitStandard_id:2999
*,5155,Y,Core,ZZSkillsProgramme:ZZSkillsProgramme_ID:245;ZZUnitStandard:ZZUnitStandard_id:2976
*,5156,Y,Core,ZZSkillsProgramme:ZZSkillsProgramme_ID:245;ZZUnitStandard:ZZUnitStandard_id:2990
*,5157,Y,Elective,ZZSkillsProgramme:ZZSkillsProgramme_ID:245;ZZUnitStandard:ZZUnitStandard_id:2961
*,5158,Y,Core,ZZSkillsProgramme:ZZSkillsProgramme_ID:245;ZZUnitStandard:ZZUnitStandard_id:1418
*,5159,Y,Core,ZZSkillsProgramme:ZZSkillsProgramme_ID:246;ZZUnitStandard:ZZUnitStandard_id:1853
*,5160,Y,Core,ZZSkillsProgramme:ZZSkillsProgramme_ID:246;ZZUnitStandard:ZZUnitStandard_id:1855
*,5161,Y,Core,ZZSkillsProgramme:ZZSkillsProgramme_ID:246;ZZUnitStandard:ZZUnitStandard_id:1854
*,5162,Y,Core,ZZSkillsProgramme:ZZSkillsProgramme_ID:246;ZZUnitStandard:ZZUnitStandard_id:2450
*,5163,Y,Core,ZZSkillsProgramme:ZZSkillsProgramme_ID:246;ZZUnitStandard:ZZUnitStandard_id:2453
*,5164,Y,Core,ZZSkillsProgramme:ZZSkillsProgramme_ID:246;ZZUnitStandard:ZZUnitStandard_id:2452
*,5165,Y,Core,ZZSkillsProgramme:ZZSkillsProgramme_ID:246;ZZUnitStandard:ZZUnitStandard_id:2340
*,5166,Y,Core,ZZSkillsProgramme:ZZSkillsProgramme_ID:246;ZZUnitStandard:ZZUnitStandard_id:3033
*,5167,Y,Core,ZZSkillsProgramme:ZZSkillsProgramme_ID:246;ZZUnitStandard:ZZUnitStandard_id:3007
*,5168,Y,Core,ZZSkillsProgramme:ZZSkillsProgramme_ID:246;ZZUnitStandard:ZZUnitStandard_id:3035
*,5169,Y,Core,ZZSkillsProgramme:ZZSkillsProgramme_ID:246;ZZUnitStandard:ZZUnitStandard_id:2175
*,5170,Y,Core,ZZSkillsProgramme:ZZSkillsProgramme_ID:246;ZZUnitStandard:ZZUnitStandard_id:927
*,5171,Y,Core,ZZSkillsProgramme:ZZSkillsProgramme_ID:246;ZZUnitStandard:ZZUnitStandard_id:988
*,5172,Y,Core,ZZSkillsProgramme:ZZSkillsProgramme_ID:246;ZZUnitStandard:ZZUnitStandard_id:2147
*,5173,Y,Core,ZZSkillsProgramme:ZZSkillsProgramme_ID:246;ZZUnitStandard:ZZUnitStandard_id:3011
*,5174,Y,Core,ZZSkillsProgramme:ZZSkillsProgramme_ID:246;ZZUnitStandard:ZZUnitStandard_id:2266
*,5175,Y,Core,ZZSkillsProgramme:ZZSkillsProgramme_ID:246;ZZUnitStandard:ZZUnitStandard_id:3018
*,5176,Y,Core,ZZSkillsProgramme:ZZSkillsProgramme_ID:246;ZZUnitStandard:ZZUnitStandard_id:3038
*,5177,Y,Elective,ZZSkillsProgramme:ZZSkillsProgramme_ID:246;ZZUnitStandard:ZZUnitStandard_id:2857
*,5178,Y,Core,ZZSkillsProgramme:ZZSkillsProgramme_ID:246;ZZUnitStandard:ZZUnitStandard_id:3016
*,5179,Y,Elective,ZZSkillsProgramme:ZZSkillsProgramme_ID:246;ZZUnitStandard:ZZUnitStandard_id:2858
*,5180,Y,Core,ZZSkillsProgramme:ZZSkillsProgramme_ID:246;ZZUnitStandard:ZZUnitStandard_id:3030
*,5181,Y,Core,ZZSkillsProgramme:ZZSkillsProgramme_ID:246;ZZUnitStandard:ZZUnitStandard_id:3031
*,5182,Y,Core,ZZSkillsProgramme:ZZSkillsProgramme_ID:246;ZZUnitStandard:ZZUnitStandard_id:3006
*,5183,Y,Core,ZZSkillsProgramme:ZZSkillsProgramme_ID:246;ZZUnitStandard:ZZUnitStandard_id:3019
*,5184,Y,Elective,ZZSkillsProgramme:ZZSkillsProgramme_ID:246;ZZUnitStandard:ZZUnitStandard_id:2856
*,5185,Y,Core,ZZSkillsProgramme:ZZSkillsProgramme_ID:246;ZZUnitStandard:ZZUnitStandard_id:3020
*,5186,Y,Core,ZZSkillsProgramme:ZZSkillsProgramme_ID:246;ZZUnitStandard:ZZUnitStandard_id:3015
*,5187,Y,Core,ZZSkillsProgramme:ZZSkillsProgramme_ID:246;ZZUnitStandard:ZZUnitStandard_id:3022
*,5188,Y,Core,ZZSkillsProgramme:ZZSkillsProgramme_ID:246;ZZUnitStandard:ZZUnitStandard_id:3021
*,5189,Y,Core,ZZSkillsProgramme:ZZSkillsProgramme_ID:246;ZZUnitStandard:ZZUnitStandard_id:3010
*,5190,Y,Core,ZZSkillsProgramme:ZZSkillsProgramme_ID:246;ZZUnitStandard:ZZUnitStandard_id:3017
*,5191,Y,Core,ZZSkillsProgramme:ZZSkillsProgramme_ID:246;ZZUnitStandard:ZZUnitStandard_id:3008
*,5192,Y,Core,ZZSkillsProgramme:ZZSkillsProgramme_ID:246;ZZUnitStandard:ZZUnitStandard_id:3012
*,5193,Y,Core,ZZSkillsProgramme:ZZSkillsProgramme_ID:246;ZZUnitStandard:ZZUnitStandard_id:3009
*,5194,Y,Core,ZZSkillsProgramme:ZZSkillsProgramme_ID:246;ZZUnitStandard:ZZUnitStandard_id:3014
*,5195,Y,Core,ZZSkillsProgramme:ZZSkillsProgramme_ID:246;ZZUnitStandard:ZZUnitStandard_id:3013
*,5196,Y,Core,ZZSkillsProgramme:ZZSkillsProgramme_ID:246;ZZUnitStandard:ZZUnitStandard_id:2855
*,5197,Y,Core,ZZSkillsProgramme:ZZSkillsProgramme_ID:246;ZZUnitStandard:ZZUnitStandard_id:3029
*,5198,Y,Core,ZZSkillsProgramme:ZZSkillsProgramme_ID:246;ZZUnitStandard:ZZUnitStandard_id:2885
*,5199,Y,Core,ZZSkillsProgramme:ZZSkillsProgramme_ID:246;ZZUnitStandard:ZZUnitStandard_id:3026
*,5200,Y,Core,ZZSkillsProgramme:ZZSkillsProgramme_ID:246;ZZUnitStandard:ZZUnitStandard_id:3037
*,5201,Y,Core,ZZSkillsProgramme:ZZSkillsProgramme_ID:246;ZZUnitStandard:ZZUnitStandard_id:3027
*,5202,Y,Core,ZZSkillsProgramme:ZZSkillsProgramme_ID:246;ZZUnitStandard:ZZUnitStandard_id:3034
*,5203,Y,Core,ZZSkillsProgramme:ZZSkillsProgramme_ID:246;ZZUnitStandard:ZZUnitStandard_id:3023
*,5204,Y,Core,ZZSkillsProgramme:ZZSkillsProgramme_ID:246;ZZUnitStandard:ZZUnitStandard_id:2854
*,5205,Y,Core,ZZSkillsProgramme:ZZSkillsProgramme_ID:246;ZZUnitStandard:ZZUnitStandard_id:3025
*,5206,Y,Core,ZZSkillsProgramme:ZZSkillsProgramme_ID:246;ZZUnitStandard:ZZUnitStandard_id:3036
*,5207,Y,Core,ZZSkillsProgramme:ZZSkillsProgramme_ID:246;ZZUnitStandard:ZZUnitStandard_id:3024
*,5208,Y,Core,ZZSkillsProgramme:ZZSkillsProgramme_ID:246;ZZUnitStandard:ZZUnitStandard_id:3028
*,5209,Y,Core,ZZSkillsProgramme:ZZSkillsProgramme_ID:246;ZZUnitStandard:ZZUnitStandard_id:3032
*,5210,Y,Core,ZZSkillsProgramme:ZZSkillsProgramme_ID:246;ZZUnitStandard:ZZUnitStandard_id:1185
*,5211,Y,Core,ZZSkillsProgramme:ZZSkillsProgramme_ID:246;ZZUnitStandard:ZZUnitStandard_id:1514
*,5212,Y,Core,ZZSkillsProgramme:ZZSkillsProgramme_ID:246;ZZUnitStandard:ZZUnitStandard_id:1186
*,5213,Y,Core,ZZSkillsProgramme:ZZSkillsProgramme_ID:246;ZZUnitStandard:ZZUnitStandard_id:1516
*,5214,Y,Core,ZZSkillsProgramme:ZZSkillsProgramme_ID:246;ZZUnitStandard:ZZUnitStandard_id:1194
*,5215,Y,Core,ZZSkillsProgramme:ZZSkillsProgramme_ID:246;ZZUnitStandard:ZZUnitStandard_id:1759
*,5216,Y,Core,ZZSkillsProgramme:ZZSkillsProgramme_ID:247;ZZUnitStandard:ZZUnitStandard_id:225
*,5217,Y,Core,ZZSkillsProgramme:ZZSkillsProgramme_ID:247;ZZUnitStandard:ZZUnitStandard_id:232
*,5218,Y,Core,ZZSkillsProgramme:ZZSkillsProgramme_ID:247;ZZUnitStandard:ZZUnitStandard_id:234
*,5219,Y,Core,ZZSkillsProgramme:ZZSkillsProgramme_ID:247;ZZUnitStandard:ZZUnitStandard_id:236
*,5220,Y,Core,ZZSkillsProgramme:ZZSkillsProgramme_ID:247;ZZUnitStandard:ZZUnitStandard_id:785
*,5221,Y,Core,ZZSkillsProgramme:ZZSkillsProgramme_ID:247;ZZUnitStandard:ZZUnitStandard_id:868
*,5222,Y,Core,ZZSkillsProgramme:ZZSkillsProgramme_ID:247;ZZUnitStandard:ZZUnitStandard_id:717
*,5223,Y,Core,ZZSkillsProgramme:ZZSkillsProgramme_ID:247;ZZUnitStandard:ZZUnitStandard_id:865
*,5224,Y,Core,ZZSkillsProgramme:ZZSkillsProgramme_ID:247;ZZUnitStandard:ZZUnitStandard_id:355
*,5225,Y,Core,ZZSkillsProgramme:ZZSkillsProgramme_ID:247;ZZUnitStandard:ZZUnitStandard_id:2753
*,5226,Y,Core,ZZSkillsProgramme:ZZSkillsProgramme_ID:247;ZZUnitStandard:ZZUnitStandard_id:920
*,5227,Y,Core,ZZSkillsProgramme:ZZSkillsProgramme_ID:247;ZZUnitStandard:ZZUnitStandard_id:424
*,5228,Y,Core,ZZSkillsProgramme:ZZSkillsProgramme_ID:247;ZZUnitStandard:ZZUnitStandard_id:922
*,5229,Y,Core,ZZSkillsProgramme:ZZSkillsProgramme_ID:247;ZZUnitStandard:ZZUnitStandard_id:426
*,5230,Y,Core,ZZSkillsProgramme:ZZSkillsProgramme_ID:247;ZZUnitStandard:ZZUnitStandard_id:980
*,5231,Y,Core,ZZSkillsProgramme:ZZSkillsProgramme_ID:247;ZZUnitStandard:ZZUnitStandard_id:930
*,5232,Y,Core,ZZSkillsProgramme:ZZSkillsProgramme_ID:247;ZZUnitStandard:ZZUnitStandard_id:722
*,5233,Y,Core,ZZSkillsProgramme:ZZSkillsProgramme_ID:247;ZZUnitStandard:ZZUnitStandard_id:1270
*,5234,Y,Core,ZZSkillsProgramme:ZZSkillsProgramme_ID:247;ZZUnitStandard:ZZUnitStandard_id:1269
*,5235,Y,Core,ZZSkillsProgramme:ZZSkillsProgramme_ID:247;ZZUnitStandard:ZZUnitStandard_id:422
*,5236,Y,Core,ZZSkillsProgramme:ZZSkillsProgramme_ID:247;ZZUnitStandard:ZZUnitStandard_id:985
*,5237,Y,Core,ZZSkillsProgramme:ZZSkillsProgramme_ID:247;ZZUnitStandard:ZZUnitStandard_id:981
*,5238,Y,Core,ZZSkillsProgramme:ZZSkillsProgramme_ID:247;ZZUnitStandard:ZZUnitStandard_id:695
*,5239,Y,Core,ZZSkillsProgramme:ZZSkillsProgramme_ID:247;ZZUnitStandard:ZZUnitStandard_id:2220
*,5240,Y,Core,ZZSkillsProgramme:ZZSkillsProgramme_ID:247;ZZUnitStandard:ZZUnitStandard_id:2483
*,5241,Y,Core,ZZSkillsProgramme:ZZSkillsProgramme_ID:247;ZZUnitStandard:ZZUnitStandard_id:2484
*,5242,Y,Core,ZZSkillsProgramme:ZZSkillsProgramme_ID:247;ZZUnitStandard:ZZUnitStandard_id:2450
*,5243,Y,Core,ZZSkillsProgramme:ZZSkillsProgramme_ID:247;ZZUnitStandard:ZZUnitStandard_id:2453
*,5244,Y,Core,ZZSkillsProgramme:ZZSkillsProgramme_ID:247;ZZUnitStandard:ZZUnitStandard_id:2452
*,5245,Y,Core,ZZSkillsProgramme:ZZSkillsProgramme_ID:247;ZZUnitStandard:ZZUnitStandard_id:2340
*,5246,Y,Core,ZZSkillsProgramme:ZZSkillsProgramme_ID:247;ZZUnitStandard:ZZUnitStandard_id:3007
*,5247,Y,Core,ZZSkillsProgramme:ZZSkillsProgramme_ID:247;ZZUnitStandard:ZZUnitStandard_id:2848
*,5248,Y,Core,ZZSkillsProgramme:ZZSkillsProgramme_ID:247;ZZUnitStandard:ZZUnitStandard_id:2155
*,5249,Y,Core,ZZSkillsProgramme:ZZSkillsProgramme_ID:247;ZZUnitStandard:ZZUnitStandard_id:679
*,5250,Y,Core,ZZSkillsProgramme:ZZSkillsProgramme_ID:247;ZZUnitStandard:ZZUnitStandard_id:1668
*,5251,Y,Core,ZZSkillsProgramme:ZZSkillsProgramme_ID:247;ZZUnitStandard:ZZUnitStandard_id:1076
*,5252,Y,Core,ZZSkillsProgramme:ZZSkillsProgramme_ID:247;ZZUnitStandard:ZZUnitStandard_id:1726
*,5253,Y,Core,ZZSkillsProgramme:ZZSkillsProgramme_ID:247;ZZUnitStandard:ZZUnitStandard_id:1466
*,5254,Y,Elective,ZZSkillsProgramme:ZZSkillsProgramme_ID:247;ZZUnitStandard:ZZUnitStandard_id:3040
*,5255,Y,Core,ZZSkillsProgramme:ZZSkillsProgramme_ID:247;ZZUnitStandard:ZZUnitStandard_id:2154
*,5256,Y,Core,ZZSkillsProgramme:ZZSkillsProgramme_ID:247;ZZUnitStandard:ZZUnitStandard_id:1533
*,5257,Y,Core,ZZSkillsProgramme:ZZSkillsProgramme_ID:247;ZZUnitStandard:ZZUnitStandard_id:1011
*,5258,Y,Core,ZZSkillsProgramme:ZZSkillsProgramme_ID:247;ZZUnitStandard:ZZUnitStandard_id:1669
*,5259,Y,Core,ZZSkillsProgramme:ZZSkillsProgramme_ID:247;ZZUnitStandard:ZZUnitStandard_id:2253
*,5260,Y,Core,ZZSkillsProgramme:ZZSkillsProgramme_ID:247;ZZUnitStandard:ZZUnitStandard_id:2290
*,5261,Y,Core,ZZSkillsProgramme:ZZSkillsProgramme_ID:247;ZZUnitStandard:ZZUnitStandard_id:2276
*,5262,Y,Core,ZZSkillsProgramme:ZZSkillsProgramme_ID:247;ZZUnitStandard:ZZUnitStandard_id:2285
*,5263,Y,Core,ZZSkillsProgramme:ZZSkillsProgramme_ID:247;ZZUnitStandard:ZZUnitStandard_id:2269
*,5264,Y,Core,ZZSkillsProgramme:ZZSkillsProgramme_ID:247;ZZUnitStandard:ZZUnitStandard_id:2263
*,5265,Y,Core,ZZSkillsProgramme:ZZSkillsProgramme_ID:247;ZZUnitStandard:ZZUnitStandard_id:2289
*,5266,Y,Core,ZZSkillsProgramme:ZZSkillsProgramme_ID:247;ZZUnitStandard:ZZUnitStandard_id:2266
*,5267,Y,Core,ZZSkillsProgramme:ZZSkillsProgramme_ID:247;ZZUnitStandard:ZZUnitStandard_id:2254
*,5268,Y,Core,ZZSkillsProgramme:ZZSkillsProgramme_ID:247;ZZUnitStandard:ZZUnitStandard_id:2265
*,5269,Y,Core,ZZSkillsProgramme:ZZSkillsProgramme_ID:247;ZZUnitStandard:ZZUnitStandard_id:2293
*,5270,Y,Core,ZZSkillsProgramme:ZZSkillsProgramme_ID:247;ZZUnitStandard:ZZUnitStandard_id:2227
*,5271,Y,Core,ZZSkillsProgramme:ZZSkillsProgramme_ID:247;ZZUnitStandard:ZZUnitStandard_id:2614
*,5272,Y,Core,ZZSkillsProgramme:ZZSkillsProgramme_ID:247;ZZUnitStandard:ZZUnitStandard_id:2621
*,5273,Y,Core,ZZSkillsProgramme:ZZSkillsProgramme_ID:247;ZZUnitStandard:ZZUnitStandard_id:2407
*,5274,Y,Core,ZZSkillsProgramme:ZZSkillsProgramme_ID:247;ZZUnitStandard:ZZUnitStandard_id:2619
*,5275,Y,Core,ZZSkillsProgramme:ZZSkillsProgramme_ID:247;ZZUnitStandard:ZZUnitStandard_id:1246
*,5276,Y,Core,ZZSkillsProgramme:ZZSkillsProgramme_ID:247;ZZUnitStandard:ZZUnitStandard_id:1252
*,5277,Y,Core,ZZSkillsProgramme:ZZSkillsProgramme_ID:247;ZZUnitStandard:ZZUnitStandard_id:2620
*,5278,Y,Core,ZZSkillsProgramme:ZZSkillsProgramme_ID:247;ZZUnitStandard:ZZUnitStandard_id:864
*,5279,Y,Core,ZZSkillsProgramme:ZZSkillsProgramme_ID:247;ZZUnitStandard:ZZUnitStandard_id:2577
*,5280,Y,Core,ZZSkillsProgramme:ZZSkillsProgramme_ID:247;ZZUnitStandard:ZZUnitStandard_id:786
*,5281,Y,Core,ZZSkillsProgramme:ZZSkillsProgramme_ID:247;ZZUnitStandard:ZZUnitStandard_id:789
*,5282,Y,Core,ZZSkillsProgramme:ZZSkillsProgramme_ID:247;ZZUnitStandard:ZZUnitStandard_id:860
*,5283,Y,Core,ZZSkillsProgramme:ZZSkillsProgramme_ID:247;ZZUnitStandard:ZZUnitStandard_id:2578
*,5284,Y,Core,ZZSkillsProgramme:ZZSkillsProgramme_ID:247;ZZUnitStandard:ZZUnitStandard_id:2576
*,5285,Y,Core,ZZSkillsProgramme:ZZSkillsProgramme_ID:247;ZZUnitStandard:ZZUnitStandard_id:2728
*,5286,Y,Core,ZZSkillsProgramme:ZZSkillsProgramme_ID:247;ZZUnitStandard:ZZUnitStandard_id:2733
*,5287,Y,Elective,ZZSkillsProgramme:ZZSkillsProgramme_ID:247;ZZUnitStandard:ZZUnitStandard_id:3045
*,5288,Y,Elective,ZZSkillsProgramme:ZZSkillsProgramme_ID:247;ZZUnitStandard:ZZUnitStandard_id:3042
*,5289,Y,Core,ZZSkillsProgramme:ZZSkillsProgramme_ID:247;ZZUnitStandard:ZZUnitStandard_id:2914
*,5290,Y,Elective,ZZSkillsProgramme:ZZSkillsProgramme_ID:247;ZZUnitStandard:ZZUnitStandard_id:2923
*,5291,Y,Elective,ZZSkillsProgramme:ZZSkillsProgramme_ID:247;ZZUnitStandard:ZZUnitStandard_id:2920
*,5292,Y,Elective,ZZSkillsProgramme:ZZSkillsProgramme_ID:247;ZZUnitStandard:ZZUnitStandard_id:3044
*,5293,Y,Elective,ZZSkillsProgramme:ZZSkillsProgramme_ID:247;ZZUnitStandard:ZZUnitStandard_id:3043
*,5294,Y,Elective,ZZSkillsProgramme:ZZSkillsProgramme_ID:247;ZZUnitStandard:ZZUnitStandard_id:3041
*,5295,Y,Elective,ZZSkillsProgramme:ZZSkillsProgramme_ID:247;ZZUnitStandard:ZZUnitStandard_id:3039
*,5296,Y,Core,ZZSkillsProgramme:ZZSkillsProgramme_ID:247;ZZUnitStandard:ZZUnitStandard_id:2343
*,5297,Y,Core,ZZSkillsProgramme:ZZSkillsProgramme_ID:247;ZZUnitStandard:ZZUnitStandard_id:1185
*,5298,Y,Core,ZZSkillsProgramme:ZZSkillsProgramme_ID:247;ZZUnitStandard:ZZUnitStandard_id:1514
*,5299,Y,Fundamental,ZZSkillsProgramme:ZZSkillsProgramme_ID:247;ZZUnitStandard:ZZUnitStandard_id:2777
*,5300,Y,Core,ZZSkillsProgramme:ZZSkillsProgramme_ID:247;ZZUnitStandard:ZZUnitStandard_id:1186
*,5301,Y,Core,ZZSkillsProgramme:ZZSkillsProgramme_ID:247;ZZUnitStandard:ZZUnitStandard_id:1516
*,5302,Y,Core,ZZSkillsProgramme:ZZSkillsProgramme_ID:247;ZZUnitStandard:ZZUnitStandard_id:1194
*,5303,Y,Core,ZZSkillsProgramme:ZZSkillsProgramme_ID:247;ZZUnitStandard:ZZUnitStandard_id:88
*,5304,Y,Core,ZZSkillsProgramme:ZZSkillsProgramme_ID:247;ZZUnitStandard:ZZUnitStandard_id:90
*,5305,Y,Core,ZZSkillsProgramme:ZZSkillsProgramme_ID:247;ZZUnitStandard:ZZUnitStandard_id:349
*,5306,Y,Core,ZZSkillsProgramme:ZZSkillsProgramme_ID:247;ZZUnitStandard:ZZUnitStandard_id:84
*,5307,Y,Core,ZZSkillsProgramme:ZZSkillsProgramme_ID:247;ZZUnitStandard:ZZUnitStandard_id:351
*,5308,Y,Core,ZZSkillsProgramme:ZZSkillsProgramme_ID:247;ZZUnitStandard:ZZUnitStandard_id:89
*,5309,Y,Core,ZZSkillsProgramme:ZZSkillsProgramme_ID:248;ZZUnitStandard:ZZUnitStandard_id:919
*,5310,Y,Core,ZZSkillsProgramme:ZZSkillsProgramme_ID:248;ZZUnitStandard:ZZUnitStandard_id:2218
*,5311,Y,Core,ZZSkillsProgramme:ZZSkillsProgramme_ID:248;ZZUnitStandard:ZZUnitStandard_id:2406
*,5312,Y,Core,ZZSkillsProgramme:ZZSkillsProgramme_ID:248;ZZUnitStandard:ZZUnitStandard_id:2214
*,5313,Y,Core,ZZSkillsProgramme:ZZSkillsProgramme_ID:248;ZZUnitStandard:ZZUnitStandard_id:2202
*,5314,Y,Core,ZZSkillsProgramme:ZZSkillsProgramme_ID:248;ZZUnitStandard:ZZUnitStandard_id:2221
*,5315,Y,Core,ZZSkillsProgramme:ZZSkillsProgramme_ID:248;ZZUnitStandard:ZZUnitStandard_id:2215
*,5316,Y,Core,ZZSkillsProgramme:ZZSkillsProgramme_ID:248;ZZUnitStandard:ZZUnitStandard_id:2217
*,5317,Y,Core,ZZSkillsProgramme:ZZSkillsProgramme_ID:248;ZZUnitStandard:ZZUnitStandard_id:2201
*,5318,Y,Core,ZZSkillsProgramme:ZZSkillsProgramme_ID:248;ZZUnitStandard:ZZUnitStandard_id:3046
*,5319,Y,Elective,ZZSkillsProgramme:ZZSkillsProgramme_ID:248;ZZUnitStandard:ZZUnitStandard_id:2909
*,5320,Y,Core,ZZSkillsProgramme:ZZSkillsProgramme_ID:248;ZZUnitStandard:ZZUnitStandard_id:2605
*,5321,Y,Elective,ZZSkillsProgramme:ZZSkillsProgramme_ID:248;ZZUnitStandard:ZZUnitStandard_id:3083
*,5322,Y,Core,ZZSkillsProgramme:ZZSkillsProgramme_ID:248;ZZUnitStandard:ZZUnitStandard_id:3048
*,5323,Y,Elective,ZZSkillsProgramme:ZZSkillsProgramme_ID:248;ZZUnitStandard:ZZUnitStandard_id:3068
*,5324,Y,Elective,ZZSkillsProgramme:ZZSkillsProgramme_ID:248;ZZUnitStandard:ZZUnitStandard_id:3058
*,5325,Y,Elective,ZZSkillsProgramme:ZZSkillsProgramme_ID:248;ZZUnitStandard:ZZUnitStandard_id:3078
*,5326,Y,Elective,ZZSkillsProgramme:ZZSkillsProgramme_ID:248;ZZUnitStandard:ZZUnitStandard_id:3065
*,5327,Y,Elective,ZZSkillsProgramme:ZZSkillsProgramme_ID:248;ZZUnitStandard:ZZUnitStandard_id:3070
*,5328,Y,Elective,ZZSkillsProgramme:ZZSkillsProgramme_ID:248;ZZUnitStandard:ZZUnitStandard_id:3047
*,5329,Y,Core,ZZSkillsProgramme:ZZSkillsProgramme_ID:248;ZZUnitStandard:ZZUnitStandard_id:3049
*,5330,Y,Elective,ZZSkillsProgramme:ZZSkillsProgramme_ID:248;ZZUnitStandard:ZZUnitStandard_id:3055
*,5331,Y,Elective,ZZSkillsProgramme:ZZSkillsProgramme_ID:248;ZZUnitStandard:ZZUnitStandard_id:3071
*,5332,Y,Elective,ZZSkillsProgramme:ZZSkillsProgramme_ID:248;ZZUnitStandard:ZZUnitStandard_id:3063
*,5333,Y,Elective,ZZSkillsProgramme:ZZSkillsProgramme_ID:248;ZZUnitStandard:ZZUnitStandard_id:3059
*,5334,Y,Elective,ZZSkillsProgramme:ZZSkillsProgramme_ID:248;ZZUnitStandard:ZZUnitStandard_id:3075
*,5335,Y,Elective,ZZSkillsProgramme:ZZSkillsProgramme_ID:248;ZZUnitStandard:ZZUnitStandard_id:3077
*,5336,Y,Elective,ZZSkillsProgramme:ZZSkillsProgramme_ID:248;ZZUnitStandard:ZZUnitStandard_id:3067
*,5337,Y,Elective,ZZSkillsProgramme:ZZSkillsProgramme_ID:248;ZZUnitStandard:ZZUnitStandard_id:3085
*,5338,Y,Elective,ZZSkillsProgramme:ZZSkillsProgramme_ID:248;ZZUnitStandard:ZZUnitStandard_id:3061
*,5339,Y,Elective,ZZSkillsProgramme:ZZSkillsProgramme_ID:248;ZZUnitStandard:ZZUnitStandard_id:3073
*,5340,Y,Elective,ZZSkillsProgramme:ZZSkillsProgramme_ID:248;ZZUnitStandard:ZZUnitStandard_id:3074
*,5341,Y,Elective,ZZSkillsProgramme:ZZSkillsProgramme_ID:248;ZZUnitStandard:ZZUnitStandard_id:3056
*,5342,Y,Elective,ZZSkillsProgramme:ZZSkillsProgramme_ID:248;ZZUnitStandard:ZZUnitStandard_id:3084
*,5343,Y,Elective,ZZSkillsProgramme:ZZSkillsProgramme_ID:248;ZZUnitStandard:ZZUnitStandard_id:3052
*,5344,Y,Elective,ZZSkillsProgramme:ZZSkillsProgramme_ID:248;ZZUnitStandard:ZZUnitStandard_id:3064
*,5345,Y,Elective,ZZSkillsProgramme:ZZSkillsProgramme_ID:248;ZZUnitStandard:ZZUnitStandard_id:3076
*,5346,Y,Elective,ZZSkillsProgramme:ZZSkillsProgramme_ID:248;ZZUnitStandard:ZZUnitStandard_id:3079
*,5347,Y,Elective,ZZSkillsProgramme:ZZSkillsProgramme_ID:248;ZZUnitStandard:ZZUnitStandard_id:3057
*,5348,Y,Core,ZZSkillsProgramme:ZZSkillsProgramme_ID:248;ZZUnitStandard:ZZUnitStandard_id:3050
*,5349,Y,Elective,ZZSkillsProgramme:ZZSkillsProgramme_ID:248;ZZUnitStandard:ZZUnitStandard_id:3054
*,5350,Y,Elective,ZZSkillsProgramme:ZZSkillsProgramme_ID:248;ZZUnitStandard:ZZUnitStandard_id:3082
*,5351,Y,Elective,ZZSkillsProgramme:ZZSkillsProgramme_ID:248;ZZUnitStandard:ZZUnitStandard_id:3051
*,5352,Y,Elective,ZZSkillsProgramme:ZZSkillsProgramme_ID:248;ZZUnitStandard:ZZUnitStandard_id:3081
*,5353,Y,Elective,ZZSkillsProgramme:ZZSkillsProgramme_ID:248;ZZUnitStandard:ZZUnitStandard_id:3066
*,5354,Y,Elective,ZZSkillsProgramme:ZZSkillsProgramme_ID:248;ZZUnitStandard:ZZUnitStandard_id:3080
*,5355,Y,Elective,ZZSkillsProgramme:ZZSkillsProgramme_ID:248;ZZUnitStandard:ZZUnitStandard_id:3069
*,5356,Y,Elective,ZZSkillsProgramme:ZZSkillsProgramme_ID:248;ZZUnitStandard:ZZUnitStandard_id:3072
*,5357,Y,Elective,ZZSkillsProgramme:ZZSkillsProgramme_ID:248;ZZUnitStandard:ZZUnitStandard_id:3060
*,5358,Y,Elective,ZZSkillsProgramme:ZZSkillsProgramme_ID:248;ZZUnitStandard:ZZUnitStandard_id:3062
*,5359,Y,Elective,ZZSkillsProgramme:ZZSkillsProgramme_ID:248;ZZUnitStandard:ZZUnitStandard_id:3053
*,5360,Y,Core,ZZSkillsProgramme:ZZSkillsProgramme_ID:248;ZZUnitStandard:ZZUnitStandard_id:1189
*,5361,Y,Core,ZZSkillsProgramme:ZZSkillsProgramme_ID:248;ZZUnitStandard:ZZUnitStandard_id:1197
*,5362,Y,Core,ZZSkillsProgramme:ZZSkillsProgramme_ID:248;ZZUnitStandard:ZZUnitStandard_id:1198
*,5363,Y,Elective,ZZSkillsProgramme:ZZSkillsProgramme_ID:249;ZZUnitStandard:ZZUnitStandard_id:3108
*,5364,Y,Core,ZZSkillsProgramme:ZZSkillsProgramme_ID:249;ZZUnitStandard:ZZUnitStandard_id:1897
*,5365,Y,Core,ZZSkillsProgramme:ZZSkillsProgramme_ID:249;ZZUnitStandard:ZZUnitStandard_id:171
*,5366,Y,Core,ZZSkillsProgramme:ZZSkillsProgramme_ID:249;ZZUnitStandard:ZZUnitStandard_id:1909
*,5367,Y,Core,ZZSkillsProgramme:ZZSkillsProgramme_ID:249;ZZUnitStandard:ZZUnitStandard_id:2220
*,5368,Y,Core,ZZSkillsProgramme:ZZSkillsProgramme_ID:249;ZZUnitStandard:ZZUnitStandard_id:2610
*,5369,Y,Core,ZZSkillsProgramme:ZZSkillsProgramme_ID:249;ZZUnitStandard:ZZUnitStandard_id:2450
*,5370,Y,Core,ZZSkillsProgramme:ZZSkillsProgramme_ID:249;ZZUnitStandard:ZZUnitStandard_id:2453
*,5371,Y,Core,ZZSkillsProgramme:ZZSkillsProgramme_ID:249;ZZUnitStandard:ZZUnitStandard_id:2452
*,5372,Y,Core,ZZSkillsProgramme:ZZSkillsProgramme_ID:249;ZZUnitStandard:ZZUnitStandard_id:2340
*,5373,Y,Core,ZZSkillsProgramme:ZZSkillsProgramme_ID:249;ZZUnitStandard:ZZUnitStandard_id:1724
*,5374,Y,Core,ZZSkillsProgramme:ZZSkillsProgramme_ID:249;ZZUnitStandard:ZZUnitStandard_id:1725
*,5375,Y,Elective,ZZSkillsProgramme:ZZSkillsProgramme_ID:249;ZZUnitStandard:ZZUnitStandard_id:3109
*,5376,Y,Elective,ZZSkillsProgramme:ZZSkillsProgramme_ID:249;ZZUnitStandard:ZZUnitStandard_id:3096
*,5377,Y,Elective,ZZSkillsProgramme:ZZSkillsProgramme_ID:249;ZZUnitStandard:ZZUnitStandard_id:3092
*,5378,Y,Elective,ZZSkillsProgramme:ZZSkillsProgramme_ID:249;ZZUnitStandard:ZZUnitStandard_id:3100
*,5379,Y,Elective,ZZSkillsProgramme:ZZSkillsProgramme_ID:249;ZZUnitStandard:ZZUnitStandard_id:3093
*,5380,Y,Elective,ZZSkillsProgramme:ZZSkillsProgramme_ID:249;ZZUnitStandard:ZZUnitStandard_id:3105
*,5381,Y,Elective,ZZSkillsProgramme:ZZSkillsProgramme_ID:249;ZZUnitStandard:ZZUnitStandard_id:3103
*,5382,Y,Elective,ZZSkillsProgramme:ZZSkillsProgramme_ID:249;ZZUnitStandard:ZZUnitStandard_id:3086
*,5383,Y,Elective,ZZSkillsProgramme:ZZSkillsProgramme_ID:249;ZZUnitStandard:ZZUnitStandard_id:3107
*,5384,Y,Elective,ZZSkillsProgramme:ZZSkillsProgramme_ID:249;ZZUnitStandard:ZZUnitStandard_id:3112
*,5385,Y,Elective,ZZSkillsProgramme:ZZSkillsProgramme_ID:249;ZZUnitStandard:ZZUnitStandard_id:3102
*,5386,Y,Elective,ZZSkillsProgramme:ZZSkillsProgramme_ID:249;ZZUnitStandard:ZZUnitStandard_id:3098
*,5387,Y,Elective,ZZSkillsProgramme:ZZSkillsProgramme_ID:249;ZZUnitStandard:ZZUnitStandard_id:3097
*,5388,Y,Elective,ZZSkillsProgramme:ZZSkillsProgramme_ID:249;ZZUnitStandard:ZZUnitStandard_id:3087
*,5389,Y,Elective,ZZSkillsProgramme:ZZSkillsProgramme_ID:249;ZZUnitStandard:ZZUnitStandard_id:3110
*,5390,Y,Elective,ZZSkillsProgramme:ZZSkillsProgramme_ID:249;ZZUnitStandard:ZZUnitStandard_id:3088
*,5391,Y,Elective,ZZSkillsProgramme:ZZSkillsProgramme_ID:249;ZZUnitStandard:ZZUnitStandard_id:3101
*,5392,Y,Elective,ZZSkillsProgramme:ZZSkillsProgramme_ID:249;ZZUnitStandard:ZZUnitStandard_id:3094
*,5393,Y,Elective,ZZSkillsProgramme:ZZSkillsProgramme_ID:249;ZZUnitStandard:ZZUnitStandard_id:3104
*,5394,Y,Elective,ZZSkillsProgramme:ZZSkillsProgramme_ID:249;ZZUnitStandard:ZZUnitStandard_id:3099
*,5395,Y,Elective,ZZSkillsProgramme:ZZSkillsProgramme_ID:249;ZZUnitStandard:ZZUnitStandard_id:3106
*,5396,Y,Elective,ZZSkillsProgramme:ZZSkillsProgramme_ID:249;ZZUnitStandard:ZZUnitStandard_id:3091
*,5397,Y,Elective,ZZSkillsProgramme:ZZSkillsProgramme_ID:249;ZZUnitStandard:ZZUnitStandard_id:3090
*,5398,Y,Elective,ZZSkillsProgramme:ZZSkillsProgramme_ID:249;ZZUnitStandard:ZZUnitStandard_id:3111
*,5399,Y,Elective,ZZSkillsProgramme:ZZSkillsProgramme_ID:249;ZZUnitStandard:ZZUnitStandard_id:3095
*,5400,Y,Elective,ZZSkillsProgramme:ZZSkillsProgramme_ID:249;ZZUnitStandard:ZZUnitStandard_id:3113
*,5401,Y,Elective,ZZSkillsProgramme:ZZSkillsProgramme_ID:249;ZZUnitStandard:ZZUnitStandard_id:3089
*,5402,Y,Core,ZZSkillsProgramme:ZZSkillsProgramme_ID:249;ZZUnitStandard:ZZUnitStandard_id:1185
*,5403,Y,Core,ZZSkillsProgramme:ZZSkillsProgramme_ID:249;ZZUnitStandard:ZZUnitStandard_id:1514
*,5404,Y,Core,ZZSkillsProgramme:ZZSkillsProgramme_ID:249;ZZUnitStandard:ZZUnitStandard_id:1186
*,5405,Y,Core,ZZSkillsProgramme:ZZSkillsProgramme_ID:249;ZZUnitStandard:ZZUnitStandard_id:1516
*,5406,Y,Core,ZZSkillsProgramme:ZZSkillsProgramme_ID:249;ZZUnitStandard:ZZUnitStandard_id:1194
*,5407,Y,Core,ZZSkillsProgramme:ZZSkillsProgramme_ID:249;ZZUnitStandard:ZZUnitStandard_id:2457
*,5408,Y,Core,ZZSkillsProgramme:ZZSkillsProgramme_ID:250;ZZUnitStandard:ZZUnitStandard_id:1357
*,5409,Y,Core,ZZSkillsProgramme:ZZSkillsProgramme_ID:250;ZZUnitStandard:ZZUnitStandard_id:1343
*,5410,Y,Core,ZZSkillsProgramme:ZZSkillsProgramme_ID:250;ZZUnitStandard:ZZUnitStandard_id:1354
*,5411,Y,Core,ZZSkillsProgramme:ZZSkillsProgramme_ID:250;ZZUnitStandard:ZZUnitStandard_id:2513
*,5412,Y,Elective,ZZSkillsProgramme:ZZSkillsProgramme_ID:250;ZZUnitStandard:ZZUnitStandard_id:3202
*,5413,Y,Core,ZZSkillsProgramme:ZZSkillsProgramme_ID:250;ZZUnitStandard:ZZUnitStandard_id:2218
*,5414,Y,Core,ZZSkillsProgramme:ZZSkillsProgramme_ID:250;ZZUnitStandard:ZZUnitStandard_id:2406
*,5415,Y,Core,ZZSkillsProgramme:ZZSkillsProgramme_ID:250;ZZUnitStandard:ZZUnitStandard_id:2214
*,5416,Y,Core,ZZSkillsProgramme:ZZSkillsProgramme_ID:250;ZZUnitStandard:ZZUnitStandard_id:2202
*,5417,Y,Core,ZZSkillsProgramme:ZZSkillsProgramme_ID:250;ZZUnitStandard:ZZUnitStandard_id:2221
*,5418,Y,Core,ZZSkillsProgramme:ZZSkillsProgramme_ID:250;ZZUnitStandard:ZZUnitStandard_id:2215
*,5419,Y,Core,ZZSkillsProgramme:ZZSkillsProgramme_ID:250;ZZUnitStandard:ZZUnitStandard_id:2217
*,5420,Y,Core,ZZSkillsProgramme:ZZSkillsProgramme_ID:250;ZZUnitStandard:ZZUnitStandard_id:2201
*,5421,Y,Core,ZZSkillsProgramme:ZZSkillsProgramme_ID:250;ZZUnitStandard:ZZUnitStandard_id:1708
*,5422,Y,Core,ZZSkillsProgramme:ZZSkillsProgramme_ID:250;ZZUnitStandard:ZZUnitStandard_id:1503
*,5423,Y,Core,ZZSkillsProgramme:ZZSkillsProgramme_ID:250;ZZUnitStandard:ZZUnitStandard_id:1679
*,5424,Y,Elective,ZZSkillsProgramme:ZZSkillsProgramme_ID:250;ZZUnitStandard:ZZUnitStandard_id:3199
*,5425,Y,Core,ZZSkillsProgramme:ZZSkillsProgramme_ID:250;ZZUnitStandard:ZZUnitStandard_id:1701
*,5426,Y,Core,ZZSkillsProgramme:ZZSkillsProgramme_ID:250;ZZUnitStandard:ZZUnitStandard_id:2160
*,5427,Y,Core,ZZSkillsProgramme:ZZSkillsProgramme_ID:250;ZZUnitStandard:ZZUnitStandard_id:1702
*,5428,Y,Elective,ZZSkillsProgramme:ZZSkillsProgramme_ID:250;ZZUnitStandard:ZZUnitStandard_id:3211
*,5429,Y,Elective,ZZSkillsProgramme:ZZSkillsProgramme_ID:250;ZZUnitStandard:ZZUnitStandard_id:3198
*,5430,Y,Elective,ZZSkillsProgramme:ZZSkillsProgramme_ID:250;ZZUnitStandard:ZZUnitStandard_id:3188
*,5431,Y,Elective,ZZSkillsProgramme:ZZSkillsProgramme_ID:250;ZZUnitStandard:ZZUnitStandard_id:3209
*,5432,Y,Elective,ZZSkillsProgramme:ZZSkillsProgramme_ID:250;ZZUnitStandard:ZZUnitStandard_id:3193
*,5433,Y,Elective,ZZSkillsProgramme:ZZSkillsProgramme_ID:250;ZZUnitStandard:ZZUnitStandard_id:3189
*,5434,Y,Elective,ZZSkillsProgramme:ZZSkillsProgramme_ID:250;ZZUnitStandard:ZZUnitStandard_id:3210
*,5435,Y,Elective,ZZSkillsProgramme:ZZSkillsProgramme_ID:250;ZZUnitStandard:ZZUnitStandard_id:3197
*,5436,Y,Elective,ZZSkillsProgramme:ZZSkillsProgramme_ID:250;ZZUnitStandard:ZZUnitStandard_id:3216
*,5437,Y,Elective,ZZSkillsProgramme:ZZSkillsProgramme_ID:250;ZZUnitStandard:ZZUnitStandard_id:3201
*,5438,Y,Elective,ZZSkillsProgramme:ZZSkillsProgramme_ID:250;ZZUnitStandard:ZZUnitStandard_id:3196
*,5439,Y,Elective,ZZSkillsProgramme:ZZSkillsProgramme_ID:250;ZZUnitStandard:ZZUnitStandard_id:3204
*,5440,Y,Elective,ZZSkillsProgramme:ZZSkillsProgramme_ID:250;ZZUnitStandard:ZZUnitStandard_id:3203
*,5441,Y,Elective,ZZSkillsProgramme:ZZSkillsProgramme_ID:250;ZZUnitStandard:ZZUnitStandard_id:3208
*,5442,Y,Core,ZZSkillsProgramme:ZZSkillsProgramme_ID:250;ZZUnitStandard:ZZUnitStandard_id:3192
*,5443,Y,Elective,ZZSkillsProgramme:ZZSkillsProgramme_ID:250;ZZUnitStandard:ZZUnitStandard_id:3213
*,5444,Y,Elective,ZZSkillsProgramme:ZZSkillsProgramme_ID:250;ZZUnitStandard:ZZUnitStandard_id:3214
*,5445,Y,Elective,ZZSkillsProgramme:ZZSkillsProgramme_ID:250;ZZUnitStandard:ZZUnitStandard_id:3206
*,5446,Y,Elective,ZZSkillsProgramme:ZZSkillsProgramme_ID:250;ZZUnitStandard:ZZUnitStandard_id:3215
*,5447,Y,Elective,ZZSkillsProgramme:ZZSkillsProgramme_ID:250;ZZUnitStandard:ZZUnitStandard_id:3212
*,5448,Y,Elective,ZZSkillsProgramme:ZZSkillsProgramme_ID:250;ZZUnitStandard:ZZUnitStandard_id:3195
*,5449,Y,Elective,ZZSkillsProgramme:ZZSkillsProgramme_ID:250;ZZUnitStandard:ZZUnitStandard_id:3191
*,5450,Y,Elective,ZZSkillsProgramme:ZZSkillsProgramme_ID:250;ZZUnitStandard:ZZUnitStandard_id:3190
*,5451,Y,Elective,ZZSkillsProgramme:ZZSkillsProgramme_ID:250;ZZUnitStandard:ZZUnitStandard_id:3194
*,5452,Y,Elective,ZZSkillsProgramme:ZZSkillsProgramme_ID:250;ZZUnitStandard:ZZUnitStandard_id:3205
*,5453,Y,Elective,ZZSkillsProgramme:ZZSkillsProgramme_ID:250;ZZUnitStandard:ZZUnitStandard_id:3200
*,5454,Y,Elective,ZZSkillsProgramme:ZZSkillsProgramme_ID:250;ZZUnitStandard:ZZUnitStandard_id:3207
*,5455,Y,Core,ZZSkillsProgramme:ZZSkillsProgramme_ID:250;ZZUnitStandard:ZZUnitStandard_id:1189
*,5456,Y,Core,ZZSkillsProgramme:ZZSkillsProgramme_ID:250;ZZUnitStandard:ZZUnitStandard_id:1197
*,5457,Y,Core,ZZSkillsProgramme:ZZSkillsProgramme_ID:250;ZZUnitStandard:ZZUnitStandard_id:1198
*,5458,Y,Elective,ZZSkillsProgramme:ZZSkillsProgramme_ID:251;ZZUnitStandard:ZZUnitStandard_id:3123
*,5459,Y,Core,ZZSkillsProgramme:ZZSkillsProgramme_ID:251;ZZUnitStandard:ZZUnitStandard_id:1476
*,5460,Y,Elective,ZZSkillsProgramme:ZZSkillsProgramme_ID:251;ZZUnitStandard:ZZUnitStandard_id:3128
*,5461,Y,Elective,ZZSkillsProgramme:ZZSkillsProgramme_ID:251;ZZUnitStandard:ZZUnitStandard_id:3130
*,5462,Y,Elective,ZZSkillsProgramme:ZZSkillsProgramme_ID:251;ZZUnitStandard:ZZUnitStandard_id:3142
*,5463,Y,Elective,ZZSkillsProgramme:ZZSkillsProgramme_ID:251;ZZUnitStandard:ZZUnitStandard_id:3144
*,5464,Y,Elective,ZZSkillsProgramme:ZZSkillsProgramme_ID:251;ZZUnitStandard:ZZUnitStandard_id:3141
*,5465,Y,Elective,ZZSkillsProgramme:ZZSkillsProgramme_ID:251;ZZUnitStandard:ZZUnitStandard_id:3145
*,5466,Y,Core,ZZSkillsProgramme:ZZSkillsProgramme_ID:251;ZZUnitStandard:ZZUnitStandard_id:1356
*,5467,Y,Core,ZZSkillsProgramme:ZZSkillsProgramme_ID:251;ZZUnitStandard:ZZUnitStandard_id:1367
*,5468,Y,Core,ZZSkillsProgramme:ZZSkillsProgramme_ID:251;ZZUnitStandard:ZZUnitStandard_id:1369
*,5469,Y,Core,ZZSkillsProgramme:ZZSkillsProgramme_ID:251;ZZUnitStandard:ZZUnitStandard_id:1339
*,5470,Y,Core,ZZSkillsProgramme:ZZSkillsProgramme_ID:251;ZZUnitStandard:ZZUnitStandard_id:1343
*,5471,Y,Core,ZZSkillsProgramme:ZZSkillsProgramme_ID:251;ZZUnitStandard:ZZUnitStandard_id:2420
*,5472,Y,Elective,ZZSkillsProgramme:ZZSkillsProgramme_ID:251;ZZUnitStandard:ZZUnitStandard_id:3126
*,5473,Y,Elective,ZZSkillsProgramme:ZZSkillsProgramme_ID:251;ZZUnitStandard:ZZUnitStandard_id:3147
*,5474,Y,Core,ZZSkillsProgramme:ZZSkillsProgramme_ID:251;ZZUnitStandard:ZZUnitStandard_id:1853
*,5475,Y,Elective,ZZSkillsProgramme:ZZSkillsProgramme_ID:251;ZZUnitStandard:ZZUnitStandard_id:3143
*,5476,Y,Core,ZZSkillsProgramme:ZZSkillsProgramme_ID:251;ZZUnitStandard:ZZUnitStandard_id:2218
*,5477,Y,Core,ZZSkillsProgramme:ZZSkillsProgramme_ID:251;ZZUnitStandard:ZZUnitStandard_id:2202
*,5478,Y,Core,ZZSkillsProgramme:ZZSkillsProgramme_ID:251;ZZUnitStandard:ZZUnitStandard_id:2221
*,5479,Y,Core,ZZSkillsProgramme:ZZSkillsProgramme_ID:251;ZZUnitStandard:ZZUnitStandard_id:2201
*,5480,Y,Elective,ZZSkillsProgramme:ZZSkillsProgramme_ID:251;ZZUnitStandard:ZZUnitStandard_id:3096
*,5481,Y,Elective,ZZSkillsProgramme:ZZSkillsProgramme_ID:251;ZZUnitStandard:ZZUnitStandard_id:3129
*,5482,Y,Elective,ZZSkillsProgramme:ZZSkillsProgramme_ID:251;ZZUnitStandard:ZZUnitStandard_id:3134
*,5483,Y,Elective,ZZSkillsProgramme:ZZSkillsProgramme_ID:251;ZZUnitStandard:ZZUnitStandard_id:3140
*,5484,Y,Elective,ZZSkillsProgramme:ZZSkillsProgramme_ID:251;ZZUnitStandard:ZZUnitStandard_id:3137
*,5485,Y,Elective,ZZSkillsProgramme:ZZSkillsProgramme_ID:251;ZZUnitStandard:ZZUnitStandard_id:3133
*,5486,Y,Elective,ZZSkillsProgramme:ZZSkillsProgramme_ID:251;ZZUnitStandard:ZZUnitStandard_id:3119
*,5487,Y,Elective,ZZSkillsProgramme:ZZSkillsProgramme_ID:251;ZZUnitStandard:ZZUnitStandard_id:3120
*,5488,Y,Elective,ZZSkillsProgramme:ZZSkillsProgramme_ID:251;ZZUnitStandard:ZZUnitStandard_id:3131
*,5489,Y,Elective,ZZSkillsProgramme:ZZSkillsProgramme_ID:251;ZZUnitStandard:ZZUnitStandard_id:3146
*,5490,Y,Elective,ZZSkillsProgramme:ZZSkillsProgramme_ID:251;ZZUnitStandard:ZZUnitStandard_id:3118
*,5491,Y,Elective,ZZSkillsProgramme:ZZSkillsProgramme_ID:251;ZZUnitStandard:ZZUnitStandard_id:3115
*,5492,Y,Elective,ZZSkillsProgramme:ZZSkillsProgramme_ID:251;ZZUnitStandard:ZZUnitStandard_id:3122
*,5493,Y,Elective,ZZSkillsProgramme:ZZSkillsProgramme_ID:251;ZZUnitStandard:ZZUnitStandard_id:3125
*,5494,Y,Elective,ZZSkillsProgramme:ZZSkillsProgramme_ID:251;ZZUnitStandard:ZZUnitStandard_id:3121
*,5495,Y,Elective,ZZSkillsProgramme:ZZSkillsProgramme_ID:251;ZZUnitStandard:ZZUnitStandard_id:3132
*,5496,Y,Elective,ZZSkillsProgramme:ZZSkillsProgramme_ID:251;ZZUnitStandard:ZZUnitStandard_id:3136
*,5497,Y,Elective,ZZSkillsProgramme:ZZSkillsProgramme_ID:251;ZZUnitStandard:ZZUnitStandard_id:3127
*,5498,Y,Elective,ZZSkillsProgramme:ZZSkillsProgramme_ID:251;ZZUnitStandard:ZZUnitStandard_id:3117
*,5499,Y,Elective,ZZSkillsProgramme:ZZSkillsProgramme_ID:251;ZZUnitStandard:ZZUnitStandard_id:3135
*,5500,Y,Elective,ZZSkillsProgramme:ZZSkillsProgramme_ID:251;ZZUnitStandard:ZZUnitStandard_id:3138
*,5501,Y,Elective,ZZSkillsProgramme:ZZSkillsProgramme_ID:251;ZZUnitStandard:ZZUnitStandard_id:3116
*,5502,Y,Elective,ZZSkillsProgramme:ZZSkillsProgramme_ID:251;ZZUnitStandard:ZZUnitStandard_id:3114
*,5503,Y,Elective,ZZSkillsProgramme:ZZSkillsProgramme_ID:251;ZZUnitStandard:ZZUnitStandard_id:3124
*,5504,Y,Elective,ZZSkillsProgramme:ZZSkillsProgramme_ID:251;ZZUnitStandard:ZZUnitStandard_id:3139
*,5505,Y,Core,ZZSkillsProgramme:ZZSkillsProgramme_ID:251;ZZUnitStandard:ZZUnitStandard_id:1196
*,5506,Y,Core,ZZSkillsProgramme:ZZSkillsProgramme_ID:251;ZZUnitStandard:ZZUnitStandard_id:1188
*,5507,Y,Core,ZZSkillsProgramme:ZZSkillsProgramme_ID:251;ZZUnitStandard:ZZUnitStandard_id:1190
*,5508,Y,Core,ZZSkillsProgramme:ZZSkillsProgramme_ID:251;ZZUnitStandard:ZZUnitStandard_id:1518
*,5509,Y,Core,ZZSkillsProgramme:ZZSkillsProgramme_ID:251;ZZUnitStandard:ZZUnitStandard_id:1713
*,5510,Y,Core,ZZSkillsProgramme:ZZSkillsProgramme_ID:252;ZZUnitStandard:ZZUnitStandard_id:157
*,5511,Y,Elective,ZZSkillsProgramme:ZZSkillsProgramme_ID:252;ZZUnitStandard:ZZUnitStandard_id:3152
*,5512,Y,Elective,ZZSkillsProgramme:ZZSkillsProgramme_ID:252;ZZUnitStandard:ZZUnitStandard_id:3142
*,5513,Y,Elective,ZZSkillsProgramme:ZZSkillsProgramme_ID:252;ZZUnitStandard:ZZUnitStandard_id:3144
*,5514,Y,Elective,ZZSkillsProgramme:ZZSkillsProgramme_ID:252;ZZUnitStandard:ZZUnitStandard_id:3159
*,5515,Y,Elective,ZZSkillsProgramme:ZZSkillsProgramme_ID:252;ZZUnitStandard:ZZUnitStandard_id:3160
*,5516,Y,Elective,ZZSkillsProgramme:ZZSkillsProgramme_ID:252;ZZUnitStandard:ZZUnitStandard_id:3158
*,5517,Y,Core,ZZSkillsProgramme:ZZSkillsProgramme_ID:252;ZZUnitStandard:ZZUnitStandard_id:2470
*,5518,Y,Elective,ZZSkillsProgramme:ZZSkillsProgramme_ID:252;ZZUnitStandard:ZZUnitStandard_id:3141
*,5519,Y,Core,ZZSkillsProgramme:ZZSkillsProgramme_ID:252;ZZUnitStandard:ZZUnitStandard_id:1477
*,5520,Y,Elective,ZZSkillsProgramme:ZZSkillsProgramme_ID:252;ZZUnitStandard:ZZUnitStandard_id:3157
*,5521,Y,Elective,ZZSkillsProgramme:ZZSkillsProgramme_ID:252;ZZUnitStandard:ZZUnitStandard_id:3156
*,5522,Y,Core,ZZSkillsProgramme:ZZSkillsProgramme_ID:252;ZZUnitStandard:ZZUnitStandard_id:2218
*,5523,Y,Core,ZZSkillsProgramme:ZZSkillsProgramme_ID:252;ZZUnitStandard:ZZUnitStandard_id:2406
*,5524,Y,Core,ZZSkillsProgramme:ZZSkillsProgramme_ID:252;ZZUnitStandard:ZZUnitStandard_id:2214
*,5525,Y,Core,ZZSkillsProgramme:ZZSkillsProgramme_ID:252;ZZUnitStandard:ZZUnitStandard_id:2202
*,5526,Y,Core,ZZSkillsProgramme:ZZSkillsProgramme_ID:252;ZZUnitStandard:ZZUnitStandard_id:2221
*,5527,Y,Core,ZZSkillsProgramme:ZZSkillsProgramme_ID:252;ZZUnitStandard:ZZUnitStandard_id:2215
*,5528,Y,Core,ZZSkillsProgramme:ZZSkillsProgramme_ID:252;ZZUnitStandard:ZZUnitStandard_id:2217
*,5529,Y,Core,ZZSkillsProgramme:ZZSkillsProgramme_ID:252;ZZUnitStandard:ZZUnitStandard_id:2201
*,5530,Y,Core,ZZSkillsProgramme:ZZSkillsProgramme_ID:252;ZZUnitStandard:ZZUnitStandard_id:2424
*,5531,Y,Elective,ZZSkillsProgramme:ZZSkillsProgramme_ID:252;ZZUnitStandard:ZZUnitStandard_id:3150
*,5532,Y,Elective,ZZSkillsProgramme:ZZSkillsProgramme_ID:252;ZZUnitStandard:ZZUnitStandard_id:3184
*,5533,Y,Elective,ZZSkillsProgramme:ZZSkillsProgramme_ID:252;ZZUnitStandard:ZZUnitStandard_id:3161
*,5534,Y,Elective,ZZSkillsProgramme:ZZSkillsProgramme_ID:252;ZZUnitStandard:ZZUnitStandard_id:3164
*,5535,Y,Elective,ZZSkillsProgramme:ZZSkillsProgramme_ID:252;ZZUnitStandard:ZZUnitStandard_id:3181
*,5536,Y,Elective,ZZSkillsProgramme:ZZSkillsProgramme_ID:252;ZZUnitStandard:ZZUnitStandard_id:3183
*,5537,Y,Elective,ZZSkillsProgramme:ZZSkillsProgramme_ID:252;ZZUnitStandard:ZZUnitStandard_id:3165
*,5538,Y,Elective,ZZSkillsProgramme:ZZSkillsProgramme_ID:252;ZZUnitStandard:ZZUnitStandard_id:3155
*,5539,Y,Elective,ZZSkillsProgramme:ZZSkillsProgramme_ID:252;ZZUnitStandard:ZZUnitStandard_id:3162
*,5540,Y,Elective,ZZSkillsProgramme:ZZSkillsProgramme_ID:252;ZZUnitStandard:ZZUnitStandard_id:3178
*,5541,Y,Elective,ZZSkillsProgramme:ZZSkillsProgramme_ID:252;ZZUnitStandard:ZZUnitStandard_id:3175
*,5542,Y,Elective,ZZSkillsProgramme:ZZSkillsProgramme_ID:252;ZZUnitStandard:ZZUnitStandard_id:3174
*,5543,Y,Elective,ZZSkillsProgramme:ZZSkillsProgramme_ID:252;ZZUnitStandard:ZZUnitStandard_id:3177
*,5544,Y,Elective,ZZSkillsProgramme:ZZSkillsProgramme_ID:252;ZZUnitStandard:ZZUnitStandard_id:3185
*,5545,Y,Elective,ZZSkillsProgramme:ZZSkillsProgramme_ID:252;ZZUnitStandard:ZZUnitStandard_id:3173
*,5546,Y,Elective,ZZSkillsProgramme:ZZSkillsProgramme_ID:252;ZZUnitStandard:ZZUnitStandard_id:3163
*,5547,Y,Elective,ZZSkillsProgramme:ZZSkillsProgramme_ID:252;ZZUnitStandard:ZZUnitStandard_id:3169
*,5548,Y,Elective,ZZSkillsProgramme:ZZSkillsProgramme_ID:252;ZZUnitStandard:ZZUnitStandard_id:3168
*,5549,Y,Elective,ZZSkillsProgramme:ZZSkillsProgramme_ID:252;ZZUnitStandard:ZZUnitStandard_id:3176
*,5550,Y,Elective,ZZSkillsProgramme:ZZSkillsProgramme_ID:252;ZZUnitStandard:ZZUnitStandard_id:3151
*,5551,Y,Elective,ZZSkillsProgramme:ZZSkillsProgramme_ID:252;ZZUnitStandard:ZZUnitStandard_id:3167
*,5552,Y,Elective,ZZSkillsProgramme:ZZSkillsProgramme_ID:252;ZZUnitStandard:ZZUnitStandard_id:3170
*,5553,Y,Elective,ZZSkillsProgramme:ZZSkillsProgramme_ID:252;ZZUnitStandard:ZZUnitStandard_id:3148
*,5554,Y,Elective,ZZSkillsProgramme:ZZSkillsProgramme_ID:252;ZZUnitStandard:ZZUnitStandard_id:3179
*,5555,Y,Elective,ZZSkillsProgramme:ZZSkillsProgramme_ID:252;ZZUnitStandard:ZZUnitStandard_id:3171
*,5556,Y,Elective,ZZSkillsProgramme:ZZSkillsProgramme_ID:252;ZZUnitStandard:ZZUnitStandard_id:3182
*,5557,Y,Elective,ZZSkillsProgramme:ZZSkillsProgramme_ID:252;ZZUnitStandard:ZZUnitStandard_id:3172
*,5558,Y,Elective,ZZSkillsProgramme:ZZSkillsProgramme_ID:252;ZZUnitStandard:ZZUnitStandard_id:3187
*,5559,Y,Elective,ZZSkillsProgramme:ZZSkillsProgramme_ID:252;ZZUnitStandard:ZZUnitStandard_id:3149
*,5560,Y,Elective,ZZSkillsProgramme:ZZSkillsProgramme_ID:252;ZZUnitStandard:ZZUnitStandard_id:3153
*,5561,Y,Elective,ZZSkillsProgramme:ZZSkillsProgramme_ID:252;ZZUnitStandard:ZZUnitStandard_id:3154
*,5562,Y,Core,ZZSkillsProgramme:ZZSkillsProgramme_ID:252;ZZUnitStandard:ZZUnitStandard_id:1189
*,5563,Y,Core,ZZSkillsProgramme:ZZSkillsProgramme_ID:252;ZZUnitStandard:ZZUnitStandard_id:1197
*,5564,Y,Core,ZZSkillsProgramme:ZZSkillsProgramme_ID:252;ZZUnitStandard:ZZUnitStandard_id:1198
*,5565,Y,Core,ZZSkillsProgramme:ZZSkillsProgramme_ID:253;ZZUnitStandard:ZZUnitStandard_id:2489
*,5566,Y,Core,ZZSkillsProgramme:ZZSkillsProgramme_ID:253;ZZUnitStandard:ZZUnitStandard_id:2450
*,5567,Y,Core,ZZSkillsProgramme:ZZSkillsProgramme_ID:253;ZZUnitStandard:ZZUnitStandard_id:2453
*,5568,Y,Core,ZZSkillsProgramme:ZZSkillsProgramme_ID:253;ZZUnitStandard:ZZUnitStandard_id:2452
*,5569,Y,Core,ZZSkillsProgramme:ZZSkillsProgramme_ID:253;ZZUnitStandard:ZZUnitStandard_id:2340
*,5570,Y,Core,ZZSkillsProgramme:ZZSkillsProgramme_ID:253;ZZUnitStandard:ZZUnitStandard_id:2531
*,5571,Y,Core,ZZSkillsProgramme:ZZSkillsProgramme_ID:253;ZZUnitStandard:ZZUnitStandard_id:2446
*,5572,Y,Elective,ZZSkillsProgramme:ZZSkillsProgramme_ID:253;ZZUnitStandard:ZZUnitStandard_id:3228
*,5573,Y,Core,ZZSkillsProgramme:ZZSkillsProgramme_ID:253;ZZUnitStandard:ZZUnitStandard_id:2651
*,5574,Y,Core,ZZSkillsProgramme:ZZSkillsProgramme_ID:253;ZZUnitStandard:ZZUnitStandard_id:1718
*,5575,Y,Core,ZZSkillsProgramme:ZZSkillsProgramme_ID:253;ZZUnitStandard:ZZUnitStandard_id:1722
*,5576,Y,Core,ZZSkillsProgramme:ZZSkillsProgramme_ID:253;ZZUnitStandard:ZZUnitStandard_id:1502
*,5577,Y,Core,ZZSkillsProgramme:ZZSkillsProgramme_ID:253;ZZUnitStandard:ZZUnitStandard_id:1725
*,5578,Y,Core,ZZSkillsProgramme:ZZSkillsProgramme_ID:253;ZZUnitStandard:ZZUnitStandard_id:2326
*,5579,Y,Core,ZZSkillsProgramme:ZZSkillsProgramme_ID:253;ZZUnitStandard:ZZUnitStandard_id:2456
*,5580,Y,Core,ZZSkillsProgramme:ZZSkillsProgramme_ID:253;ZZUnitStandard:ZZUnitStandard_id:2638
*,5581,Y,Elective,ZZSkillsProgramme:ZZSkillsProgramme_ID:253;ZZUnitStandard:ZZUnitStandard_id:3230
*,5582,Y,Elective,ZZSkillsProgramme:ZZSkillsProgramme_ID:253;ZZUnitStandard:ZZUnitStandard_id:3232
*,5583,Y,Core,ZZSkillsProgramme:ZZSkillsProgramme_ID:253;ZZUnitStandard:ZZUnitStandard_id:2475
*,5584,Y,Core,ZZSkillsProgramme:ZZSkillsProgramme_ID:253;ZZUnitStandard:ZZUnitStandard_id:2327
*,5585,Y,Elective,ZZSkillsProgramme:ZZSkillsProgramme_ID:253;ZZUnitStandard:ZZUnitStandard_id:3226
*,5586,Y,Core,ZZSkillsProgramme:ZZSkillsProgramme_ID:253;ZZUnitStandard:ZZUnitStandard_id:2643
*,5587,Y,Core,ZZSkillsProgramme:ZZSkillsProgramme_ID:253;ZZUnitStandard:ZZUnitStandard_id:2641
*,5588,Y,Core,ZZSkillsProgramme:ZZSkillsProgramme_ID:253;ZZUnitStandard:ZZUnitStandard_id:2642
*,5589,Y,Core,ZZSkillsProgramme:ZZSkillsProgramme_ID:253;ZZUnitStandard:ZZUnitStandard_id:2660
*,5590,Y,Core,ZZSkillsProgramme:ZZSkillsProgramme_ID:253;ZZUnitStandard:ZZUnitStandard_id:2637
*,5591,Y,Core,ZZSkillsProgramme:ZZSkillsProgramme_ID:253;ZZUnitStandard:ZZUnitStandard_id:2932
*,5592,Y,Elective,ZZSkillsProgramme:ZZSkillsProgramme_ID:253;ZZUnitStandard:ZZUnitStandard_id:3231
*,5593,Y,Elective,ZZSkillsProgramme:ZZSkillsProgramme_ID:253;ZZUnitStandard:ZZUnitStandard_id:3225
*,5594,Y,Elective,ZZSkillsProgramme:ZZSkillsProgramme_ID:253;ZZUnitStandard:ZZUnitStandard_id:3224
*,5595,Y,Elective,ZZSkillsProgramme:ZZSkillsProgramme_ID:253;ZZUnitStandard:ZZUnitStandard_id:3223
*,5596,Y,Elective,ZZSkillsProgramme:ZZSkillsProgramme_ID:253;ZZUnitStandard:ZZUnitStandard_id:3227
*,5597,Y,Elective,ZZSkillsProgramme:ZZSkillsProgramme_ID:253;ZZUnitStandard:ZZUnitStandard_id:3229
*,5598,Y,Core,ZZSkillsProgramme:ZZSkillsProgramme_ID:253;ZZUnitStandard:ZZUnitStandard_id:1185
*,5599,Y,Core,ZZSkillsProgramme:ZZSkillsProgramme_ID:253;ZZUnitStandard:ZZUnitStandard_id:1514
*,5600,Y,Core,ZZSkillsProgramme:ZZSkillsProgramme_ID:253;ZZUnitStandard:ZZUnitStandard_id:1186
*,5601,Y,Core,ZZSkillsProgramme:ZZSkillsProgramme_ID:253;ZZUnitStandard:ZZUnitStandard_id:1516
*,5602,Y,Core,ZZSkillsProgramme:ZZSkillsProgramme_ID:253;ZZUnitStandard:ZZUnitStandard_id:1194
*,5603,Y,Core,ZZSkillsProgramme:ZZSkillsProgramme_ID:253;ZZUnitStandard:ZZUnitStandard_id:2488
*,5604,Y,Elective,ZZSkillsProgramme:ZZSkillsProgramme_ID:254;ZZUnitStandard:ZZUnitStandard_id:3244
*,5605,Y,Core,ZZSkillsProgramme:ZZSkillsProgramme_ID:254;ZZUnitStandard:ZZUnitStandard_id:1919
*,5606,Y,Core,ZZSkillsProgramme:ZZSkillsProgramme_ID:254;ZZUnitStandard:ZZUnitStandard_id:1343
*,5607,Y,Elective,ZZSkillsProgramme:ZZSkillsProgramme_ID:254;ZZUnitStandard:ZZUnitStandard_id:3243
*,5608,Y,Core,ZZSkillsProgramme:ZZSkillsProgramme_ID:254;ZZUnitStandard:ZZUnitStandard_id:2513
*,5609,Y,Core,ZZSkillsProgramme:ZZSkillsProgramme_ID:254;ZZUnitStandard:ZZUnitStandard_id:2218
*,5610,Y,Core,ZZSkillsProgramme:ZZSkillsProgramme_ID:254;ZZUnitStandard:ZZUnitStandard_id:2202
*,5611,Y,Core,ZZSkillsProgramme:ZZSkillsProgramme_ID:254;ZZUnitStandard:ZZUnitStandard_id:2221
*,5612,Y,Core,ZZSkillsProgramme:ZZSkillsProgramme_ID:254;ZZUnitStandard:ZZUnitStandard_id:2201
*,5613,Y,Core,ZZSkillsProgramme:ZZSkillsProgramme_ID:254;ZZUnitStandard:ZZUnitStandard_id:1717
*,5614,Y,Core,ZZSkillsProgramme:ZZSkillsProgramme_ID:254;ZZUnitStandard:ZZUnitStandard_id:1704
*,5615,Y,Core,ZZSkillsProgramme:ZZSkillsProgramme_ID:254;ZZUnitStandard:ZZUnitStandard_id:1708
*,5616,Y,Core,ZZSkillsProgramme:ZZSkillsProgramme_ID:254;ZZUnitStandard:ZZUnitStandard_id:1709
*,5617,Y,Core,ZZSkillsProgramme:ZZSkillsProgramme_ID:254;ZZUnitStandard:ZZUnitStandard_id:1714
*,5618,Y,Core,ZZSkillsProgramme:ZZSkillsProgramme_ID:254;ZZUnitStandard:ZZUnitStandard_id:1711
*,5619,Y,Core,ZZSkillsProgramme:ZZSkillsProgramme_ID:254;ZZUnitStandard:ZZUnitStandard_id:1710
*,5620,Y,Core,ZZSkillsProgramme:ZZSkillsProgramme_ID:254;ZZUnitStandard:ZZUnitStandard_id:2493
*,5621,Y,Core,ZZSkillsProgramme:ZZSkillsProgramme_ID:254;ZZUnitStandard:ZZUnitStandard_id:2417
*,5622,Y,Core,ZZSkillsProgramme:ZZSkillsProgramme_ID:254;ZZUnitStandard:ZZUnitStandard_id:2416
*,5623,Y,Core,ZZSkillsProgramme:ZZSkillsProgramme_ID:254;ZZUnitStandard:ZZUnitStandard_id:1329
*,5624,Y,Core,ZZSkillsProgramme:ZZSkillsProgramme_ID:254;ZZUnitStandard:ZZUnitStandard_id:1911
*,5625,Y,Core,ZZSkillsProgramme:ZZSkillsProgramme_ID:254;ZZUnitStandard:ZZUnitStandard_id:1917
*,5626,Y,Core,ZZSkillsProgramme:ZZSkillsProgramme_ID:254;ZZUnitStandard:ZZUnitStandard_id:1922
*,5627,Y,Core,ZZSkillsProgramme:ZZSkillsProgramme_ID:254;ZZUnitStandard:ZZUnitStandard_id:2584
*,5628,Y,Elective,ZZSkillsProgramme:ZZSkillsProgramme_ID:254;ZZUnitStandard:ZZUnitStandard_id:3247
*,5629,Y,Elective,ZZSkillsProgramme:ZZSkillsProgramme_ID:254;ZZUnitStandard:ZZUnitStandard_id:3235
*,5630,Y,Elective,ZZSkillsProgramme:ZZSkillsProgramme_ID:254;ZZUnitStandard:ZZUnitStandard_id:3237
*,5631,Y,Elective,ZZSkillsProgramme:ZZSkillsProgramme_ID:254;ZZUnitStandard:ZZUnitStandard_id:3238
*,5632,Y,Elective,ZZSkillsProgramme:ZZSkillsProgramme_ID:254;ZZUnitStandard:ZZUnitStandard_id:3234
*,5633,Y,Elective,ZZSkillsProgramme:ZZSkillsProgramme_ID:254;ZZUnitStandard:ZZUnitStandard_id:3226
*,5634,Y,Elective,ZZSkillsProgramme:ZZSkillsProgramme_ID:254;ZZUnitStandard:ZZUnitStandard_id:3239
*,5635,Y,Elective,ZZSkillsProgramme:ZZSkillsProgramme_ID:254;ZZUnitStandard:ZZUnitStandard_id:3241
*,5636,Y,Elective,ZZSkillsProgramme:ZZSkillsProgramme_ID:254;ZZUnitStandard:ZZUnitStandard_id:3246
*,5637,Y,Core,ZZSkillsProgramme:ZZSkillsProgramme_ID:254;ZZUnitStandard:ZZUnitStandard_id:2660
*,5638,Y,Elective,ZZSkillsProgramme:ZZSkillsProgramme_ID:254;ZZUnitStandard:ZZUnitStandard_id:3240
*,5639,Y,Elective,ZZSkillsProgramme:ZZSkillsProgramme_ID:254;ZZUnitStandard:ZZUnitStandard_id:3242
*,5640,Y,Elective,ZZSkillsProgramme:ZZSkillsProgramme_ID:254;ZZUnitStandard:ZZUnitStandard_id:3233
*,5641,Y,Elective,ZZSkillsProgramme:ZZSkillsProgramme_ID:254;ZZUnitStandard:ZZUnitStandard_id:3200
*,5642,Y,Elective,ZZSkillsProgramme:ZZSkillsProgramme_ID:254;ZZUnitStandard:ZZUnitStandard_id:3236
*,5643,Y,Elective,ZZSkillsProgramme:ZZSkillsProgramme_ID:254;ZZUnitStandard:ZZUnitStandard_id:3245
*,5644,Y,Core,ZZSkillsProgramme:ZZSkillsProgramme_ID:254;ZZUnitStandard:ZZUnitStandard_id:1196
*,5645,Y,Core,ZZSkillsProgramme:ZZSkillsProgramme_ID:254;ZZUnitStandard:ZZUnitStandard_id:1836
*,5646,Y,Core,ZZSkillsProgramme:ZZSkillsProgramme_ID:254;ZZUnitStandard:ZZUnitStandard_id:2109
*,5647,Y,Core,ZZSkillsProgramme:ZZSkillsProgramme_ID:254;ZZUnitStandard:ZZUnitStandard_id:1188
*,5648,Y,Core,ZZSkillsProgramme:ZZSkillsProgramme_ID:254;ZZUnitStandard:ZZUnitStandard_id:1190
*,5649,Y,Core,ZZSkillsProgramme:ZZSkillsProgramme_ID:254;ZZUnitStandard:ZZUnitStandard_id:1518
*,5650,Y,Core,ZZSkillsProgramme:ZZSkillsProgramme_ID:254;ZZUnitStandard:ZZUnitStandard_id:1712
*,5651,Y,Core,ZZSkillsProgramme:ZZSkillsProgramme_ID:254;ZZUnitStandard:ZZUnitStandard_id:1713
*,5652,Y,Core,ZZSkillsProgramme:ZZSkillsProgramme_ID:255;ZZUnitStandard:ZZUnitStandard_id:1750
*,5653,Y,Elective,ZZSkillsProgramme:ZZSkillsProgramme_ID:255;ZZUnitStandard:ZZUnitStandard_id:3257
*,5654,Y,Elective,ZZSkillsProgramme:ZZSkillsProgramme_ID:255;ZZUnitStandard:ZZUnitStandard_id:3252
*,5655,Y,Elective,ZZSkillsProgramme:ZZSkillsProgramme_ID:255;ZZUnitStandard:ZZUnitStandard_id:3253
*,5656,Y,Elective,ZZSkillsProgramme:ZZSkillsProgramme_ID:255;ZZUnitStandard:ZZUnitStandard_id:3254
*,5657,Y,Core,ZZSkillsProgramme:ZZSkillsProgramme_ID:255;ZZUnitStandard:ZZUnitStandard_id:1503
*,5658,Y,Core,ZZSkillsProgramme:ZZSkillsProgramme_ID:255;ZZUnitStandard:ZZUnitStandard_id:1679
*,5659,Y,Core,ZZSkillsProgramme:ZZSkillsProgramme_ID:255;ZZUnitStandard:ZZUnitStandard_id:1681
*,5660,Y,Core,ZZSkillsProgramme:ZZSkillsProgramme_ID:255;ZZUnitStandard:ZZUnitStandard_id:1680
*,5661,Y,Core,ZZSkillsProgramme:ZZSkillsProgramme_ID:255;ZZUnitStandard:ZZUnitStandard_id:1754
*,5662,Y,Core,ZZSkillsProgramme:ZZSkillsProgramme_ID:255;ZZUnitStandard:ZZUnitStandard_id:1398
*,5663,Y,Core,ZZSkillsProgramme:ZZSkillsProgramme_ID:255;ZZUnitStandard:ZZUnitStandard_id:1384
*,5664,Y,Core,ZZSkillsProgramme:ZZSkillsProgramme_ID:255;ZZUnitStandard:ZZUnitStandard_id:1370
*,5665,Y,Elective,ZZSkillsProgramme:ZZSkillsProgramme_ID:255;ZZUnitStandard:ZZUnitStandard_id:3248
*,5666,Y,Elective,ZZSkillsProgramme:ZZSkillsProgramme_ID:255;ZZUnitStandard:ZZUnitStandard_id:3255
*,5667,Y,Elective,ZZSkillsProgramme:ZZSkillsProgramme_ID:255;ZZUnitStandard:ZZUnitStandard_id:3250
*,5668,Y,Elective,ZZSkillsProgramme:ZZSkillsProgramme_ID:255;ZZUnitStandard:ZZUnitStandard_id:3256
*,5669,Y,Elective,ZZSkillsProgramme:ZZSkillsProgramme_ID:255;ZZUnitStandard:ZZUnitStandard_id:3251
*,5670,Y,Elective,ZZSkillsProgramme:ZZSkillsProgramme_ID:255;ZZUnitStandard:ZZUnitStandard_id:3249
*,5671,Y,Core,ZZSkillsProgramme:ZZSkillsProgramme_ID:255;ZZUnitStandard:ZZUnitStandard_id:2094
*,5672,Y,Core,ZZSkillsProgramme:ZZSkillsProgramme_ID:256;ZZUnitStandard:ZZUnitStandard_id:2450
*,5673,Y,Core,ZZSkillsProgramme:ZZSkillsProgramme_ID:256;ZZUnitStandard:ZZUnitStandard_id:2453
*,5674,Y,Core,ZZSkillsProgramme:ZZSkillsProgramme_ID:256;ZZUnitStandard:ZZUnitStandard_id:2452
*,5675,Y,Core,ZZSkillsProgramme:ZZSkillsProgramme_ID:256;ZZUnitStandard:ZZUnitStandard_id:2340
*,5676,Y,Elective,ZZSkillsProgramme:ZZSkillsProgramme_ID:256;ZZUnitStandard:ZZUnitStandard_id:2856
*,5677,Y,Elective,ZZSkillsProgramme:ZZSkillsProgramme_ID:256;ZZUnitStandard:ZZUnitStandard_id:3284
*,5678,Y,Elective,ZZSkillsProgramme:ZZSkillsProgramme_ID:256;ZZUnitStandard:ZZUnitStandard_id:3295
*,5679,Y,Elective,ZZSkillsProgramme:ZZSkillsProgramme_ID:256;ZZUnitStandard:ZZUnitStandard_id:3283
*,5680,Y,Elective,ZZSkillsProgramme:ZZSkillsProgramme_ID:256;ZZUnitStandard:ZZUnitStandard_id:3286
*,5681,Y,Elective,ZZSkillsProgramme:ZZSkillsProgramme_ID:256;ZZUnitStandard:ZZUnitStandard_id:3278
*,5682,Y,Elective,ZZSkillsProgramme:ZZSkillsProgramme_ID:256;ZZUnitStandard:ZZUnitStandard_id:3288
*,5683,Y,Elective,ZZSkillsProgramme:ZZSkillsProgramme_ID:256;ZZUnitStandard:ZZUnitStandard_id:3293
*,5684,Y,Elective,ZZSkillsProgramme:ZZSkillsProgramme_ID:256;ZZUnitStandard:ZZUnitStandard_id:3287
*,5685,Y,Elective,ZZSkillsProgramme:ZZSkillsProgramme_ID:256;ZZUnitStandard:ZZUnitStandard_id:3291
*,5686,Y,Elective,ZZSkillsProgramme:ZZSkillsProgramme_ID:256;ZZUnitStandard:ZZUnitStandard_id:3280
*,5687,Y,Elective,ZZSkillsProgramme:ZZSkillsProgramme_ID:256;ZZUnitStandard:ZZUnitStandard_id:3277
*,5688,Y,Elective,ZZSkillsProgramme:ZZSkillsProgramme_ID:256;ZZUnitStandard:ZZUnitStandard_id:3292
*,5689,Y,Elective,ZZSkillsProgramme:ZZSkillsProgramme_ID:256;ZZUnitStandard:ZZUnitStandard_id:3276
*,5690,Y,Elective,ZZSkillsProgramme:ZZSkillsProgramme_ID:256;ZZUnitStandard:ZZUnitStandard_id:3281
*,5691,Y,Elective,ZZSkillsProgramme:ZZSkillsProgramme_ID:256;ZZUnitStandard:ZZUnitStandard_id:3289
*,5692,Y,Elective,ZZSkillsProgramme:ZZSkillsProgramme_ID:256;ZZUnitStandard:ZZUnitStandard_id:3290
*,5693,Y,Elective,ZZSkillsProgramme:ZZSkillsProgramme_ID:256;ZZUnitStandard:ZZUnitStandard_id:3294
*,5694,Y,Elective,ZZSkillsProgramme:ZZSkillsProgramme_ID:256;ZZUnitStandard:ZZUnitStandard_id:3282
*,5695,Y,Elective,ZZSkillsProgramme:ZZSkillsProgramme_ID:256;ZZUnitStandard:ZZUnitStandard_id:3285
*,5696,Y,Elective,ZZSkillsProgramme:ZZSkillsProgramme_ID:256;ZZUnitStandard:ZZUnitStandard_id:3279
*,5697,Y,Core,ZZSkillsProgramme:ZZSkillsProgramme_ID:256;ZZUnitStandard:ZZUnitStandard_id:1185
*,5698,Y,Core,ZZSkillsProgramme:ZZSkillsProgramme_ID:256;ZZUnitStandard:ZZUnitStandard_id:1514
*,5699,Y,Core,ZZSkillsProgramme:ZZSkillsProgramme_ID:256;ZZUnitStandard:ZZUnitStandard_id:1186
*,5700,Y,Core,ZZSkillsProgramme:ZZSkillsProgramme_ID:256;ZZUnitStandard:ZZUnitStandard_id:1516
*,5701,Y,Core,ZZSkillsProgramme:ZZSkillsProgramme_ID:256;ZZUnitStandard:ZZUnitStandard_id:1194
*,5702,Y,Core,ZZSkillsProgramme:ZZSkillsProgramme_ID:257;ZZUnitStandard:ZZUnitStandard_id:2218
*,5703,Y,Core,ZZSkillsProgramme:ZZSkillsProgramme_ID:257;ZZUnitStandard:ZZUnitStandard_id:2202
*,5704,Y,Core,ZZSkillsProgramme:ZZSkillsProgramme_ID:257;ZZUnitStandard:ZZUnitStandard_id:2221
*,5705,Y,Core,ZZSkillsProgramme:ZZSkillsProgramme_ID:257;ZZUnitStandard:ZZUnitStandard_id:2201
*,5706,Y,Elective,ZZSkillsProgramme:ZZSkillsProgramme_ID:257;ZZUnitStandard:ZZUnitStandard_id:3291
*,5707,Y,Core,ZZSkillsProgramme:ZZSkillsProgramme_ID:257;ZZUnitStandard:ZZUnitStandard_id:3315
*,5708,Y,Elective,ZZSkillsProgramme:ZZSkillsProgramme_ID:257;ZZUnitStandard:ZZUnitStandard_id:3320
*,5709,Y,Elective,ZZSkillsProgramme:ZZSkillsProgramme_ID:257;ZZUnitStandard:ZZUnitStandard_id:3310
*,5710,Y,Elective,ZZSkillsProgramme:ZZSkillsProgramme_ID:257;ZZUnitStandard:ZZUnitStandard_id:3300
*,5711,Y,Elective,ZZSkillsProgramme:ZZSkillsProgramme_ID:257;ZZUnitStandard:ZZUnitStandard_id:3305
*,5712,Y,Elective,ZZSkillsProgramme:ZZSkillsProgramme_ID:257;ZZUnitStandard:ZZUnitStandard_id:3321
*,5713,Y,Elective,ZZSkillsProgramme:ZZSkillsProgramme_ID:257;ZZUnitStandard:ZZUnitStandard_id:3308
*,5714,Y,Elective,ZZSkillsProgramme:ZZSkillsProgramme_ID:257;ZZUnitStandard:ZZUnitStandard_id:3324
*,5715,Y,Elective,ZZSkillsProgramme:ZZSkillsProgramme_ID:257;ZZUnitStandard:ZZUnitStandard_id:3318
*,5716,Y,Elective,ZZSkillsProgramme:ZZSkillsProgramme_ID:257;ZZUnitStandard:ZZUnitStandard_id:3319
*,5717,Y,Elective,ZZSkillsProgramme:ZZSkillsProgramme_ID:257;ZZUnitStandard:ZZUnitStandard_id:3322
*,5718,Y,Elective,ZZSkillsProgramme:ZZSkillsProgramme_ID:257;ZZUnitStandard:ZZUnitStandard_id:3323
*,5719,Y,Elective,ZZSkillsProgramme:ZZSkillsProgramme_ID:257;ZZUnitStandard:ZZUnitStandard_id:3302
*,5720,Y,Elective,ZZSkillsProgramme:ZZSkillsProgramme_ID:257;ZZUnitStandard:ZZUnitStandard_id:3298
*,5721,Y,Elective,ZZSkillsProgramme:ZZSkillsProgramme_ID:257;ZZUnitStandard:ZZUnitStandard_id:3304
*,5722,Y,Elective,ZZSkillsProgramme:ZZSkillsProgramme_ID:257;ZZUnitStandard:ZZUnitStandard_id:3325
*,5723,Y,Elective,ZZSkillsProgramme:ZZSkillsProgramme_ID:257;ZZUnitStandard:ZZUnitStandard_id:3317
*,5724,Y,Elective,ZZSkillsProgramme:ZZSkillsProgramme_ID:257;ZZUnitStandard:ZZUnitStandard_id:3301
*,5725,Y,Elective,ZZSkillsProgramme:ZZSkillsProgramme_ID:257;ZZUnitStandard:ZZUnitStandard_id:3549
*,5726,Y,Elective,ZZSkillsProgramme:ZZSkillsProgramme_ID:257;ZZUnitStandard:ZZUnitStandard_id:3296
*,5727,Y,Elective,ZZSkillsProgramme:ZZSkillsProgramme_ID:257;ZZUnitStandard:ZZUnitStandard_id:3303
*,5728,Y,Elective,ZZSkillsProgramme:ZZSkillsProgramme_ID:257;ZZUnitStandard:ZZUnitStandard_id:3311
*,5729,Y,Elective,ZZSkillsProgramme:ZZSkillsProgramme_ID:257;ZZUnitStandard:ZZUnitStandard_id:3306
*,5730,Y,Elective,ZZSkillsProgramme:ZZSkillsProgramme_ID:257;ZZUnitStandard:ZZUnitStandard_id:3313
*,5731,Y,Elective,ZZSkillsProgramme:ZZSkillsProgramme_ID:257;ZZUnitStandard:ZZUnitStandard_id:3297
*,5732,Y,Elective,ZZSkillsProgramme:ZZSkillsProgramme_ID:257;ZZUnitStandard:ZZUnitStandard_id:3316
*,5733,Y,Elective,ZZSkillsProgramme:ZZSkillsProgramme_ID:257;ZZUnitStandard:ZZUnitStandard_id:3312
*,5734,Y,Elective,ZZSkillsProgramme:ZZSkillsProgramme_ID:257;ZZUnitStandard:ZZUnitStandard_id:3309
*,5735,Y,Elective,ZZSkillsProgramme:ZZSkillsProgramme_ID:257;ZZUnitStandard:ZZUnitStandard_id:3314
*,5736,Y,Elective,ZZSkillsProgramme:ZZSkillsProgramme_ID:257;ZZUnitStandard:ZZUnitStandard_id:3299
*,5737,Y,Elective,ZZSkillsProgramme:ZZSkillsProgramme_ID:257;ZZUnitStandard:ZZUnitStandard_id:3307
*,5738,Y,Core,ZZSkillsProgramme:ZZSkillsProgramme_ID:257;ZZUnitStandard:ZZUnitStandard_id:1196
*,5739,Y,Core,ZZSkillsProgramme:ZZSkillsProgramme_ID:257;ZZUnitStandard:ZZUnitStandard_id:1188
*,5740,Y,Core,ZZSkillsProgramme:ZZSkillsProgramme_ID:257;ZZUnitStandard:ZZUnitStandard_id:1190
*,5741,Y,Core,ZZSkillsProgramme:ZZSkillsProgramme_ID:257;ZZUnitStandard:ZZUnitStandard_id:1518
*,5742,Y,Core,ZZSkillsProgramme:ZZSkillsProgramme_ID:258;ZZUnitStandard:ZZUnitStandard_id:488
*,5743,Y,Core,ZZSkillsProgramme:ZZSkillsProgramme_ID:258;ZZUnitStandard:ZZUnitStandard_id:485
*,5744,Y,Core,ZZSkillsProgramme:ZZSkillsProgramme_ID:258;ZZUnitStandard:ZZUnitStandard_id:483
*,5745,Y,Core,ZZSkillsProgramme:ZZSkillsProgramme_ID:258;ZZUnitStandard:ZZUnitStandard_id:963
*,5746,Y,Core,ZZSkillsProgramme:ZZSkillsProgramme_ID:258;ZZUnitStandard:ZZUnitStandard_id:743
*,5747,Y,Core,ZZSkillsProgramme:ZZSkillsProgramme_ID:258;ZZUnitStandard:ZZUnitStandard_id:964
*,5748,Y,Core,ZZSkillsProgramme:ZZSkillsProgramme_ID:258;ZZUnitStandard:ZZUnitStandard_id:741
*,5749,Y,Core,ZZSkillsProgramme:ZZSkillsProgramme_ID:258;ZZUnitStandard:ZZUnitStandard_id:2181
*,5750,Y,Elective,ZZSkillsProgramme:ZZSkillsProgramme_ID:258;ZZUnitStandard:ZZUnitStandard_id:3344
*,5751,Y,Core,ZZSkillsProgramme:ZZSkillsProgramme_ID:258;ZZUnitStandard:ZZUnitStandard_id:2191
*,5752,Y,Core,ZZSkillsProgramme:ZZSkillsProgramme_ID:258;ZZUnitStandard:ZZUnitStandard_id:2193
*,5753,Y,Core,ZZSkillsProgramme:ZZSkillsProgramme_ID:258;ZZUnitStandard:ZZUnitStandard_id:1303
*,5754,Y,Core,ZZSkillsProgramme:ZZSkillsProgramme_ID:258;ZZUnitStandard:ZZUnitStandard_id:843
*,5755,Y,Core,ZZSkillsProgramme:ZZSkillsProgramme_ID:258;ZZUnitStandard:ZZUnitStandard_id:1853
*,5756,Y,Elective,ZZSkillsProgramme:ZZSkillsProgramme_ID:258;ZZUnitStandard:ZZUnitStandard_id:3349
*,5757,Y,Core,ZZSkillsProgramme:ZZSkillsProgramme_ID:258;ZZUnitStandard:ZZUnitStandard_id:2218
*,5758,Y,Core,ZZSkillsProgramme:ZZSkillsProgramme_ID:258;ZZUnitStandard:ZZUnitStandard_id:2202
*,5759,Y,Core,ZZSkillsProgramme:ZZSkillsProgramme_ID:258;ZZUnitStandard:ZZUnitStandard_id:2221
*,5760,Y,Core,ZZSkillsProgramme:ZZSkillsProgramme_ID:258;ZZUnitStandard:ZZUnitStandard_id:2201
*,5761,Y,Core,ZZSkillsProgramme:ZZSkillsProgramme_ID:258;ZZUnitStandard:ZZUnitStandard_id:1728
*,5762,Y,Elective,ZZSkillsProgramme:ZZSkillsProgramme_ID:258;ZZUnitStandard:ZZUnitStandard_id:3348
*,5763,Y,Core,ZZSkillsProgramme:ZZSkillsProgramme_ID:258;ZZUnitStandard:ZZUnitStandard_id:2747
*,5764,Y,Elective,ZZSkillsProgramme:ZZSkillsProgramme_ID:258;ZZUnitStandard:ZZUnitStandard_id:3331
*,5765,Y,Core,ZZSkillsProgramme:ZZSkillsProgramme_ID:258;ZZUnitStandard:ZZUnitStandard_id:1001
*,5766,Y,Core,ZZSkillsProgramme:ZZSkillsProgramme_ID:258;ZZUnitStandard:ZZUnitStandard_id:2287
*,5767,Y,Core,ZZSkillsProgramme:ZZSkillsProgramme_ID:258;ZZUnitStandard:ZZUnitStandard_id:951
*,5768,Y,Core,ZZSkillsProgramme:ZZSkillsProgramme_ID:258;ZZUnitStandard:ZZUnitStandard_id:1241
*,5769,Y,Elective,ZZSkillsProgramme:ZZSkillsProgramme_ID:258;ZZUnitStandard:ZZUnitStandard_id:2949
*,5770,Y,Elective,ZZSkillsProgramme:ZZSkillsProgramme_ID:258;ZZUnitStandard:ZZUnitStandard_id:3347
*,5771,Y,Elective,ZZSkillsProgramme:ZZSkillsProgramme_ID:258;ZZUnitStandard:ZZUnitStandard_id:3346
*,5772,Y,Elective,ZZSkillsProgramme:ZZSkillsProgramme_ID:258;ZZUnitStandard:ZZUnitStandard_id:3341
*,5773,Y,Elective,ZZSkillsProgramme:ZZSkillsProgramme_ID:258;ZZUnitStandard:ZZUnitStandard_id:3334
*,5774,Y,Elective,ZZSkillsProgramme:ZZSkillsProgramme_ID:258;ZZUnitStandard:ZZUnitStandard_id:3336
*,5775,Y,Elective,ZZSkillsProgramme:ZZSkillsProgramme_ID:258;ZZUnitStandard:ZZUnitStandard_id:3350
*,5776,Y,Elective,ZZSkillsProgramme:ZZSkillsProgramme_ID:258;ZZUnitStandard:ZZUnitStandard_id:3340
*,5777,Y,Elective,ZZSkillsProgramme:ZZSkillsProgramme_ID:258;ZZUnitStandard:ZZUnitStandard_id:3328
*,5778,Y,Elective,ZZSkillsProgramme:ZZSkillsProgramme_ID:258;ZZUnitStandard:ZZUnitStandard_id:3329
*,5779,Y,Elective,ZZSkillsProgramme:ZZSkillsProgramme_ID:258;ZZUnitStandard:ZZUnitStandard_id:3337
*,5780,Y,Elective,ZZSkillsProgramme:ZZSkillsProgramme_ID:258;ZZUnitStandard:ZZUnitStandard_id:3326
*,5781,Y,Elective,ZZSkillsProgramme:ZZSkillsProgramme_ID:258;ZZUnitStandard:ZZUnitStandard_id:3333
*,5782,Y,Elective,ZZSkillsProgramme:ZZSkillsProgramme_ID:258;ZZUnitStandard:ZZUnitStandard_id:3338
*,5783,Y,Elective,ZZSkillsProgramme:ZZSkillsProgramme_ID:258;ZZUnitStandard:ZZUnitStandard_id:3352
*,5784,Y,Elective,ZZSkillsProgramme:ZZSkillsProgramme_ID:258;ZZUnitStandard:ZZUnitStandard_id:3332
*,5785,Y,Elective,ZZSkillsProgramme:ZZSkillsProgramme_ID:258;ZZUnitStandard:ZZUnitStandard_id:3343
*,5786,Y,Elective,ZZSkillsProgramme:ZZSkillsProgramme_ID:258;ZZUnitStandard:ZZUnitStandard_id:3345
*,5787,Y,Elective,ZZSkillsProgramme:ZZSkillsProgramme_ID:258;ZZUnitStandard:ZZUnitStandard_id:3330
*,5788,Y,Elective,ZZSkillsProgramme:ZZSkillsProgramme_ID:258;ZZUnitStandard:ZZUnitStandard_id:3327
*,5789,Y,Elective,ZZSkillsProgramme:ZZSkillsProgramme_ID:258;ZZUnitStandard:ZZUnitStandard_id:3339
*,5790,Y,Elective,ZZSkillsProgramme:ZZSkillsProgramme_ID:258;ZZUnitStandard:ZZUnitStandard_id:3335
*,5791,Y,Elective,ZZSkillsProgramme:ZZSkillsProgramme_ID:258;ZZUnitStandard:ZZUnitStandard_id:3342
*,5792,Y,Core,ZZSkillsProgramme:ZZSkillsProgramme_ID:258;ZZUnitStandard:ZZUnitStandard_id:1196
*,5793,Y,Core,ZZSkillsProgramme:ZZSkillsProgramme_ID:258;ZZUnitStandard:ZZUnitStandard_id:1188
*,5794,Y,Core,ZZSkillsProgramme:ZZSkillsProgramme_ID:258;ZZUnitStandard:ZZUnitStandard_id:1190
*,5795,Y,Core,ZZSkillsProgramme:ZZSkillsProgramme_ID:258;ZZUnitStandard:ZZUnitStandard_id:1518
*,5796,Y,Core,ZZSkillsProgramme:ZZSkillsProgramme_ID:258;ZZUnitStandard:ZZUnitStandard_id:1713
*,5797,Y,Core,ZZSkillsProgramme:ZZSkillsProgramme_ID:258;ZZUnitStandard:ZZUnitStandard_id:1716
*,5798,Y,Core,ZZSkillsProgramme:ZZSkillsProgramme_ID:258;ZZUnitStandard:ZZUnitStandard_id:4
*,5799,Y,Elective,ZZSkillsProgramme:ZZSkillsProgramme_ID:259;ZZUnitStandard:ZZUnitStandard_id:3413
*,5800,Y,Core,ZZSkillsProgramme:ZZSkillsProgramme_ID:259;ZZUnitStandard:ZZUnitStandard_id:649
*,5801,Y,Elective,ZZSkillsProgramme:ZZSkillsProgramme_ID:259;ZZUnitStandard:ZZUnitStandard_id:3421
*,5802,Y,Core,ZZSkillsProgramme:ZZSkillsProgramme_ID:259;ZZUnitStandard:ZZUnitStandard_id:2489
*,5803,Y,Elective,ZZSkillsProgramme:ZZSkillsProgramme_ID:259;ZZUnitStandard:ZZUnitStandard_id:3424
*,5804,Y,Elective,ZZSkillsProgramme:ZZSkillsProgramme_ID:259;ZZUnitStandard:ZZUnitStandard_id:3422
*,5805,Y,Elective,ZZSkillsProgramme:ZZSkillsProgramme_ID:259;ZZUnitStandard:ZZUnitStandard_id:3423
*,5806,Y,Elective,ZZSkillsProgramme:ZZSkillsProgramme_ID:259;ZZUnitStandard:ZZUnitStandard_id:3406
*,5807,Y,Elective,ZZSkillsProgramme:ZZSkillsProgramme_ID:259;ZZUnitStandard:ZZUnitStandard_id:3414
*,5808,Y,Core,ZZSkillsProgramme:ZZSkillsProgramme_ID:259;ZZUnitStandard:ZZUnitStandard_id:2450
*,5809,Y,Core,ZZSkillsProgramme:ZZSkillsProgramme_ID:259;ZZUnitStandard:ZZUnitStandard_id:2453
*,5810,Y,Core,ZZSkillsProgramme:ZZSkillsProgramme_ID:259;ZZUnitStandard:ZZUnitStandard_id:2452
*,5811,Y,Core,ZZSkillsProgramme:ZZSkillsProgramme_ID:259;ZZUnitStandard:ZZUnitStandard_id:2340
*,5812,Y,Core,ZZSkillsProgramme:ZZSkillsProgramme_ID:259;ZZUnitStandard:ZZUnitStandard_id:2446
*,5813,Y,Core,ZZSkillsProgramme:ZZSkillsProgramme_ID:259;ZZUnitStandard:ZZUnitStandard_id:1727
*,5814,Y,Core,ZZSkillsProgramme:ZZSkillsProgramme_ID:259;ZZUnitStandard:ZZUnitStandard_id:1722
*,5815,Y,Core,ZZSkillsProgramme:ZZSkillsProgramme_ID:259;ZZUnitStandard:ZZUnitStandard_id:1187
*,5816,Y,Core,ZZSkillsProgramme:ZZSkillsProgramme_ID:259;ZZUnitStandard:ZZUnitStandard_id:1724
*,5817,Y,Core,ZZSkillsProgramme:ZZSkillsProgramme_ID:259;ZZUnitStandard:ZZUnitStandard_id:1725
*,5818,Y,Core,ZZSkillsProgramme:ZZSkillsProgramme_ID:259;ZZUnitStandard:ZZUnitStandard_id:2326
*,5819,Y,Core,ZZSkillsProgramme:ZZSkillsProgramme_ID:259;ZZUnitStandard:ZZUnitStandard_id:2681
*,5820,Y,Core,ZZSkillsProgramme:ZZSkillsProgramme_ID:259;ZZUnitStandard:ZZUnitStandard_id:2459
*,5821,Y,Core,ZZSkillsProgramme:ZZSkillsProgramme_ID:259;ZZUnitStandard:ZZUnitStandard_id:2638
*,5822,Y,Core,ZZSkillsProgramme:ZZSkillsProgramme_ID:259;ZZUnitStandard:ZZUnitStandard_id:2703
*,5823,Y,Core,ZZSkillsProgramme:ZZSkillsProgramme_ID:259;ZZUnitStandard:ZZUnitStandard_id:2702
*,5824,Y,Core,ZZSkillsProgramme:ZZSkillsProgramme_ID:259;ZZUnitStandard:ZZUnitStandard_id:2480
*,5825,Y,Core,ZZSkillsProgramme:ZZSkillsProgramme_ID:259;ZZUnitStandard:ZZUnitStandard_id:2475
*,5826,Y,Core,ZZSkillsProgramme:ZZSkillsProgramme_ID:259;ZZUnitStandard:ZZUnitStandard_id:2481
*,5827,Y,Elective,ZZSkillsProgramme:ZZSkillsProgramme_ID:259;ZZUnitStandard:ZZUnitStandard_id:3412
*,5828,Y,Core,ZZSkillsProgramme:ZZSkillsProgramme_ID:259;ZZUnitStandard:ZZUnitStandard_id:2644
*,5829,Y,Elective,ZZSkillsProgramme:ZZSkillsProgramme_ID:259;ZZUnitStandard:ZZUnitStandard_id:3410
*,5830,Y,Elective,ZZSkillsProgramme:ZZSkillsProgramme_ID:259;ZZUnitStandard:ZZUnitStandard_id:3409
*,5831,Y,Elective,ZZSkillsProgramme:ZZSkillsProgramme_ID:259;ZZUnitStandard:ZZUnitStandard_id:3425
*,5832,Y,Core,ZZSkillsProgramme:ZZSkillsProgramme_ID:259;ZZUnitStandard:ZZUnitStandard_id:2932
*,5833,Y,Elective,ZZSkillsProgramme:ZZSkillsProgramme_ID:259;ZZUnitStandard:ZZUnitStandard_id:3408
*,5834,Y,Elective,ZZSkillsProgramme:ZZSkillsProgramme_ID:259;ZZUnitStandard:ZZUnitStandard_id:3407
*,5835,Y,Elective,ZZSkillsProgramme:ZZSkillsProgramme_ID:259;ZZUnitStandard:ZZUnitStandard_id:3428
*,5836,Y,Elective,ZZSkillsProgramme:ZZSkillsProgramme_ID:259;ZZUnitStandard:ZZUnitStandard_id:3429
*,5837,Y,Elective,ZZSkillsProgramme:ZZSkillsProgramme_ID:259;ZZUnitStandard:ZZUnitStandard_id:3427
*,5838,Y,Elective,ZZSkillsProgramme:ZZSkillsProgramme_ID:259;ZZUnitStandard:ZZUnitStandard_id:2881
*,5839,Y,Elective,ZZSkillsProgramme:ZZSkillsProgramme_ID:259;ZZUnitStandard:ZZUnitStandard_id:3430
*,5840,Y,Elective,ZZSkillsProgramme:ZZSkillsProgramme_ID:259;ZZUnitStandard:ZZUnitStandard_id:3420
*,5841,Y,Elective,ZZSkillsProgramme:ZZSkillsProgramme_ID:259;ZZUnitStandard:ZZUnitStandard_id:3415
*,5842,Y,Elective,ZZSkillsProgramme:ZZSkillsProgramme_ID:259;ZZUnitStandard:ZZUnitStandard_id:3419
*,5843,Y,Elective,ZZSkillsProgramme:ZZSkillsProgramme_ID:259;ZZUnitStandard:ZZUnitStandard_id:3416
*,5844,Y,Elective,ZZSkillsProgramme:ZZSkillsProgramme_ID:259;ZZUnitStandard:ZZUnitStandard_id:3417
*,5845,Y,Elective,ZZSkillsProgramme:ZZSkillsProgramme_ID:259;ZZUnitStandard:ZZUnitStandard_id:3418
*,5846,Y,Elective,ZZSkillsProgramme:ZZSkillsProgramme_ID:259;ZZUnitStandard:ZZUnitStandard_id:3411
*,5847,Y,Elective,ZZSkillsProgramme:ZZSkillsProgramme_ID:259;ZZUnitStandard:ZZUnitStandard_id:3426
*,5848,Y,Core,ZZSkillsProgramme:ZZSkillsProgramme_ID:259;ZZUnitStandard:ZZUnitStandard_id:1185
*,5849,Y,Core,ZZSkillsProgramme:ZZSkillsProgramme_ID:259;ZZUnitStandard:ZZUnitStandard_id:1514
*,5850,Y,Core,ZZSkillsProgramme:ZZSkillsProgramme_ID:259;ZZUnitStandard:ZZUnitStandard_id:2776
*,5851,Y,Core,ZZSkillsProgramme:ZZSkillsProgramme_ID:259;ZZUnitStandard:ZZUnitStandard_id:1186
*,5852,Y,Core,ZZSkillsProgramme:ZZSkillsProgramme_ID:259;ZZUnitStandard:ZZUnitStandard_id:1194
*,5853,Y,Core,ZZSkillsProgramme:ZZSkillsProgramme_ID:259;ZZUnitStandard:ZZUnitStandard_id:1403
*,5854,Y,Core,ZZSkillsProgramme:ZZSkillsProgramme_ID:260;ZZUnitStandard:ZZUnitStandard_id:2682
*,5855,Y,Core,ZZSkillsProgramme:ZZSkillsProgramme_ID:260;ZZUnitStandard:ZZUnitStandard_id:2713
*,5856,Y,Elective,ZZSkillsProgramme:ZZSkillsProgramme_ID:260;ZZUnitStandard:ZZUnitStandard_id:3449
*,5857,Y,Elective,ZZSkillsProgramme:ZZSkillsProgramme_ID:260;ZZUnitStandard:ZZUnitStandard_id:3447
*,5858,Y,Elective,ZZSkillsProgramme:ZZSkillsProgramme_ID:260;ZZUnitStandard:ZZUnitStandard_id:3448
*,5859,Y,Elective,ZZSkillsProgramme:ZZSkillsProgramme_ID:260;ZZUnitStandard:ZZUnitStandard_id:3440
*,5860,Y,Elective,ZZSkillsProgramme:ZZSkillsProgramme_ID:260;ZZUnitStandard:ZZUnitStandard_id:3441
*,5861,Y,Elective,ZZSkillsProgramme:ZZSkillsProgramme_ID:260;ZZUnitStandard:ZZUnitStandard_id:3443
*,5862,Y,Elective,ZZSkillsProgramme:ZZSkillsProgramme_ID:260;ZZUnitStandard:ZZUnitStandard_id:3436
*,5863,Y,Core,ZZSkillsProgramme:ZZSkillsProgramme_ID:260;ZZUnitStandard:ZZUnitStandard_id:2218
*,5864,Y,Core,ZZSkillsProgramme:ZZSkillsProgramme_ID:260;ZZUnitStandard:ZZUnitStandard_id:2202
*,5865,Y,Core,ZZSkillsProgramme:ZZSkillsProgramme_ID:260;ZZUnitStandard:ZZUnitStandard_id:2221
*,5866,Y,Core,ZZSkillsProgramme:ZZSkillsProgramme_ID:260;ZZUnitStandard:ZZUnitStandard_id:2201
*,5867,Y,Core,ZZSkillsProgramme:ZZSkillsProgramme_ID:260;ZZUnitStandard:ZZUnitStandard_id:2173
*,5868,Y,Core,ZZSkillsProgramme:ZZSkillsProgramme_ID:260;ZZUnitStandard:ZZUnitStandard_id:1493
*,5869,Y,Elective,ZZSkillsProgramme:ZZSkillsProgramme_ID:260;ZZUnitStandard:ZZUnitStandard_id:3445
*,5870,Y,Core,ZZSkillsProgramme:ZZSkillsProgramme_ID:260;ZZUnitStandard:ZZUnitStandard_id:2700
*,5871,Y,Core,ZZSkillsProgramme:ZZSkillsProgramme_ID:260;ZZUnitStandard:ZZUnitStandard_id:3432
*,5872,Y,Elective,ZZSkillsProgramme:ZZSkillsProgramme_ID:260;ZZUnitStandard:ZZUnitStandard_id:3435
*,5873,Y,Elective,ZZSkillsProgramme:ZZSkillsProgramme_ID:260;ZZUnitStandard:ZZUnitStandard_id:3444
*,5874,Y,Elective,ZZSkillsProgramme:ZZSkillsProgramme_ID:260;ZZUnitStandard:ZZUnitStandard_id:3431
*,5875,Y,Elective,ZZSkillsProgramme:ZZSkillsProgramme_ID:260;ZZUnitStandard:ZZUnitStandard_id:3429
*,5876,Y,Elective,ZZSkillsProgramme:ZZSkillsProgramme_ID:260;ZZUnitStandard:ZZUnitStandard_id:3437
*,5877,Y,Elective,ZZSkillsProgramme:ZZSkillsProgramme_ID:260;ZZUnitStandard:ZZUnitStandard_id:3446
*,5878,Y,Elective,ZZSkillsProgramme:ZZSkillsProgramme_ID:260;ZZUnitStandard:ZZUnitStandard_id:3438
*,5879,Y,Elective,ZZSkillsProgramme:ZZSkillsProgramme_ID:260;ZZUnitStandard:ZZUnitStandard_id:2958
*,5880,Y,Elective,ZZSkillsProgramme:ZZSkillsProgramme_ID:260;ZZUnitStandard:ZZUnitStandard_id:3434
*,5881,Y,Elective,ZZSkillsProgramme:ZZSkillsProgramme_ID:260;ZZUnitStandard:ZZUnitStandard_id:3433
*,5882,Y,Elective,ZZSkillsProgramme:ZZSkillsProgramme_ID:260;ZZUnitStandard:ZZUnitStandard_id:3439
*,5883,Y,Elective,ZZSkillsProgramme:ZZSkillsProgramme_ID:260;ZZUnitStandard:ZZUnitStandard_id:3442
*,5884,Y,Core,ZZSkillsProgramme:ZZSkillsProgramme_ID:260;ZZUnitStandard:ZZUnitStandard_id:1196
*,5885,Y,Core,ZZSkillsProgramme:ZZSkillsProgramme_ID:260;ZZUnitStandard:ZZUnitStandard_id:1188
*,5886,Y,Core,ZZSkillsProgramme:ZZSkillsProgramme_ID:260;ZZUnitStandard:ZZUnitStandard_id:1190
*,5887,Y,Core,ZZSkillsProgramme:ZZSkillsProgramme_ID:260;ZZUnitStandard:ZZUnitStandard_id:1518
*,5888,Y,Core,ZZSkillsProgramme:ZZSkillsProgramme_ID:260;ZZUnitStandard:ZZUnitStandard_id:2671
*,5889,Y,Core,ZZSkillsProgramme:ZZSkillsProgramme_ID:260;ZZUnitStandard:ZZUnitStandard_id:1712
*,5890,Y,Core,ZZSkillsProgramme:ZZSkillsProgramme_ID:260;ZZUnitStandard:ZZUnitStandard_id:1713
*,5891,Y,Core,ZZSkillsProgramme:ZZSkillsProgramme_ID:261;ZZUnitStandard:ZZUnitStandard_id:2682
*,5892,Y,Elective,ZZSkillsProgramme:ZZSkillsProgramme_ID:261;ZZUnitStandard:ZZUnitStandard_id:3484
*,5893,Y,Elective,ZZSkillsProgramme:ZZSkillsProgramme_ID:261;ZZUnitStandard:ZZUnitStandard_id:3459
*,5894,Y,Elective,ZZSkillsProgramme:ZZSkillsProgramme_ID:261;ZZUnitStandard:ZZUnitStandard_id:3152
*,5895,Y,Core,ZZSkillsProgramme:ZZSkillsProgramme_ID:261;ZZUnitStandard:ZZUnitStandard_id:2525
*,5896,Y,Elective,ZZSkillsProgramme:ZZSkillsProgramme_ID:261;ZZUnitStandard:ZZUnitStandard_id:3479
*,5897,Y,Elective,ZZSkillsProgramme:ZZSkillsProgramme_ID:261;ZZUnitStandard:ZZUnitStandard_id:3457
*,5898,Y,Elective,ZZSkillsProgramme:ZZSkillsProgramme_ID:261;ZZUnitStandard:ZZUnitStandard_id:3478
*,5899,Y,Elective,ZZSkillsProgramme:ZZSkillsProgramme_ID:261;ZZUnitStandard:ZZUnitStandard_id:3477
*,5900,Y,Elective,ZZSkillsProgramme:ZZSkillsProgramme_ID:261;ZZUnitStandard:ZZUnitStandard_id:3476
*,5901,Y,Elective,ZZSkillsProgramme:ZZSkillsProgramme_ID:261;ZZUnitStandard:ZZUnitStandard_id:3464
*,5902,Y,Core,ZZSkillsProgramme:ZZSkillsProgramme_ID:261;ZZUnitStandard:ZZUnitStandard_id:2218
*,5903,Y,Core,ZZSkillsProgramme:ZZSkillsProgramme_ID:261;ZZUnitStandard:ZZUnitStandard_id:2406
*,5904,Y,Core,ZZSkillsProgramme:ZZSkillsProgramme_ID:261;ZZUnitStandard:ZZUnitStandard_id:2214
*,5905,Y,Core,ZZSkillsProgramme:ZZSkillsProgramme_ID:261;ZZUnitStandard:ZZUnitStandard_id:2202
*,5906,Y,Core,ZZSkillsProgramme:ZZSkillsProgramme_ID:261;ZZUnitStandard:ZZUnitStandard_id:2221
*,5907,Y,Core,ZZSkillsProgramme:ZZSkillsProgramme_ID:261;ZZUnitStandard:ZZUnitStandard_id:2217
*,5908,Y,Core,ZZSkillsProgramme:ZZSkillsProgramme_ID:261;ZZUnitStandard:ZZUnitStandard_id:2201
*,5909,Y,Core,ZZSkillsProgramme:ZZSkillsProgramme_ID:261;ZZUnitStandard:ZZUnitStandard_id:2518
*,5910,Y,Core,ZZSkillsProgramme:ZZSkillsProgramme_ID:261;ZZUnitStandard:ZZUnitStandard_id:2161
*,5911,Y,Core,ZZSkillsProgramme:ZZSkillsProgramme_ID:261;ZZUnitStandard:ZZUnitStandard_id:1702
*,5912,Y,Core,ZZSkillsProgramme:ZZSkillsProgramme_ID:261;ZZUnitStandard:ZZUnitStandard_id:2516
*,5913,Y,Core,ZZSkillsProgramme:ZZSkillsProgramme_ID:261;ZZUnitStandard:ZZUnitStandard_id:2521
*,5914,Y,Core,ZZSkillsProgramme:ZZSkillsProgramme_ID:261;ZZUnitStandard:ZZUnitStandard_id:2683
*,5915,Y,Core,ZZSkillsProgramme:ZZSkillsProgramme_ID:261;ZZUnitStandard:ZZUnitStandard_id:1493
*,5916,Y,Elective,ZZSkillsProgramme:ZZSkillsProgramme_ID:261;ZZUnitStandard:ZZUnitStandard_id:3468
*,5917,Y,Elective,ZZSkillsProgramme:ZZSkillsProgramme_ID:261;ZZUnitStandard:ZZUnitStandard_id:3463
*,5918,Y,Elective,ZZSkillsProgramme:ZZSkillsProgramme_ID:261;ZZUnitStandard:ZZUnitStandard_id:3472
*,5919,Y,Elective,ZZSkillsProgramme:ZZSkillsProgramme_ID:261;ZZUnitStandard:ZZUnitStandard_id:3480
*,5920,Y,Elective,ZZSkillsProgramme:ZZSkillsProgramme_ID:261;ZZUnitStandard:ZZUnitStandard_id:3473
*,5921,Y,Elective,ZZSkillsProgramme:ZZSkillsProgramme_ID:261;ZZUnitStandard:ZZUnitStandard_id:3481
*,5922,Y,Elective,ZZSkillsProgramme:ZZSkillsProgramme_ID:261;ZZUnitStandard:ZZUnitStandard_id:3475
*,5923,Y,Elective,ZZSkillsProgramme:ZZSkillsProgramme_ID:261;ZZUnitStandard:ZZUnitStandard_id:3483
*,5924,Y,Elective,ZZSkillsProgramme:ZZSkillsProgramme_ID:261;ZZUnitStandard:ZZUnitStandard_id:3460
*,5925,Y,Elective,ZZSkillsProgramme:ZZSkillsProgramme_ID:261;ZZUnitStandard:ZZUnitStandard_id:3471
*,5926,Y,Elective,ZZSkillsProgramme:ZZSkillsProgramme_ID:261;ZZUnitStandard:ZZUnitStandard_id:3474
*,5927,Y,Elective,ZZSkillsProgramme:ZZSkillsProgramme_ID:261;ZZUnitStandard:ZZUnitStandard_id:3451
*,5928,Y,Elective,ZZSkillsProgramme:ZZSkillsProgramme_ID:261;ZZUnitStandard:ZZUnitStandard_id:3482
*,5929,Y,Elective,ZZSkillsProgramme:ZZSkillsProgramme_ID:261;ZZUnitStandard:ZZUnitStandard_id:3469
*,5930,Y,Elective,ZZSkillsProgramme:ZZSkillsProgramme_ID:261;ZZUnitStandard:ZZUnitStandard_id:3467
*,5931,Y,Elective,ZZSkillsProgramme:ZZSkillsProgramme_ID:261;ZZUnitStandard:ZZUnitStandard_id:3461
*,5932,Y,Elective,ZZSkillsProgramme:ZZSkillsProgramme_ID:261;ZZUnitStandard:ZZUnitStandard_id:3466
*,5933,Y,Elective,ZZSkillsProgramme:ZZSkillsProgramme_ID:261;ZZUnitStandard:ZZUnitStandard_id:3470
*,5934,Y,Elective,ZZSkillsProgramme:ZZSkillsProgramme_ID:261;ZZUnitStandard:ZZUnitStandard_id:2890
*,5935,Y,Elective,ZZSkillsProgramme:ZZSkillsProgramme_ID:261;ZZUnitStandard:ZZUnitStandard_id:3458
*,5936,Y,Elective,ZZSkillsProgramme:ZZSkillsProgramme_ID:261;ZZUnitStandard:ZZUnitStandard_id:3450
*,5937,Y,Elective,ZZSkillsProgramme:ZZSkillsProgramme_ID:261;ZZUnitStandard:ZZUnitStandard_id:3465
*,5938,Y,Elective,ZZSkillsProgramme:ZZSkillsProgramme_ID:261;ZZUnitStandard:ZZUnitStandard_id:3462
*,5939,Y,Core,ZZSkillsProgramme:ZZSkillsProgramme_ID:261;ZZUnitStandard:ZZUnitStandard_id:1189
*,5940,Y,Core,ZZSkillsProgramme:ZZSkillsProgramme_ID:261;ZZUnitStandard:ZZUnitStandard_id:1197
*,5941,Y,Core,ZZSkillsProgramme:ZZSkillsProgramme_ID:261;ZZUnitStandard:ZZUnitStandard_id:1198
*,5942,Y,Core,ZZSkillsProgramme:ZZSkillsProgramme_ID:261;ZZUnitStandard:ZZUnitStandard_id:1685
*,5943,Y,Core,ZZSkillsProgramme:ZZSkillsProgramme_ID:262;ZZUnitStandard:ZZUnitStandard_id:922
*,5944,Y,Core,ZZSkillsProgramme:ZZSkillsProgramme_ID:262;ZZUnitStandard:ZZUnitStandard_id:980
*,5945,Y,Core,ZZSkillsProgramme:ZZSkillsProgramme_ID:262;ZZUnitStandard:ZZUnitStandard_id:930
*,5946,Y,Core,ZZSkillsProgramme:ZZSkillsProgramme_ID:262;ZZUnitStandard:ZZUnitStandard_id:919
*,5947,Y,Core,ZZSkillsProgramme:ZZSkillsProgramme_ID:262;ZZUnitStandard:ZZUnitStandard_id:2218
*,5948,Y,Core,ZZSkillsProgramme:ZZSkillsProgramme_ID:262;ZZUnitStandard:ZZUnitStandard_id:2202
*,5949,Y,Core,ZZSkillsProgramme:ZZSkillsProgramme_ID:262;ZZUnitStandard:ZZUnitStandard_id:2221
*,5950,Y,Core,ZZSkillsProgramme:ZZSkillsProgramme_ID:262;ZZUnitStandard:ZZUnitStandard_id:2201
*,5951,Y,Core,ZZSkillsProgramme:ZZSkillsProgramme_ID:262;ZZUnitStandard:ZZUnitStandard_id:987
*,5952,Y,Core,ZZSkillsProgramme:ZZSkillsProgramme_ID:262;ZZUnitStandard:ZZUnitStandard_id:699
*,5953,Y,Core,ZZSkillsProgramme:ZZSkillsProgramme_ID:262;ZZUnitStandard:ZZUnitStandard_id:1543
*,5954,Y,Core,ZZSkillsProgramme:ZZSkillsProgramme_ID:262;ZZUnitStandard:ZZUnitStandard_id:2555
*,5955,Y,Core,ZZSkillsProgramme:ZZSkillsProgramme_ID:262;ZZUnitStandard:ZZUnitStandard_id:1043
*,5956,Y,Core,ZZSkillsProgramme:ZZSkillsProgramme_ID:262;ZZUnitStandard:ZZUnitStandard_id:2356
*,5957,Y,Core,ZZSkillsProgramme:ZZSkillsProgramme_ID:262;ZZUnitStandard:ZZUnitStandard_id:522
*,5958,Y,Elective,ZZSkillsProgramme:ZZSkillsProgramme_ID:262;ZZUnitStandard:ZZUnitStandard_id:3357
*,5959,Y,Elective,ZZSkillsProgramme:ZZSkillsProgramme_ID:262;ZZUnitStandard:ZZUnitStandard_id:3489
*,5960,Y,Elective,ZZSkillsProgramme:ZZSkillsProgramme_ID:262;ZZUnitStandard:ZZUnitStandard_id:3383
*,5961,Y,Elective,ZZSkillsProgramme:ZZSkillsProgramme_ID:262;ZZUnitStandard:ZZUnitStandard_id:3365
*,5962,Y,Elective,ZZSkillsProgramme:ZZSkillsProgramme_ID:262;ZZUnitStandard:ZZUnitStandard_id:2882
*,5963,Y,Elective,ZZSkillsProgramme:ZZSkillsProgramme_ID:262;ZZUnitStandard:ZZUnitStandard_id:3512
*,5964,Y,Core,ZZSkillsProgramme:ZZSkillsProgramme_ID:262;ZZUnitStandard:ZZUnitStandard_id:2869
*,5965,Y,Elective,ZZSkillsProgramme:ZZSkillsProgramme_ID:262;ZZUnitStandard:ZZUnitStandard_id:3373
*,5966,Y,Elective,ZZSkillsProgramme:ZZSkillsProgramme_ID:262;ZZUnitStandard:ZZUnitStandard_id:3354
*,5967,Y,Elective,ZZSkillsProgramme:ZZSkillsProgramme_ID:262;ZZUnitStandard:ZZUnitStandard_id:3520
*,5968,Y,Elective,ZZSkillsProgramme:ZZSkillsProgramme_ID:262;ZZUnitStandard:ZZUnitStandard_id:3517
*,5969,Y,Elective,ZZSkillsProgramme:ZZSkillsProgramme_ID:262;ZZUnitStandard:ZZUnitStandard_id:3495
*,5970,Y,Elective,ZZSkillsProgramme:ZZSkillsProgramme_ID:262;ZZUnitStandard:ZZUnitStandard_id:3487
*,5971,Y,Elective,ZZSkillsProgramme:ZZSkillsProgramme_ID:262;ZZUnitStandard:ZZUnitStandard_id:2884
*,5972,Y,Elective,ZZSkillsProgramme:ZZSkillsProgramme_ID:262;ZZUnitStandard:ZZUnitStandard_id:3497
*,5973,Y,Elective,ZZSkillsProgramme:ZZSkillsProgramme_ID:262;ZZUnitStandard:ZZUnitStandard_id:3385
*,5974,Y,Elective,ZZSkillsProgramme:ZZSkillsProgramme_ID:262;ZZUnitStandard:ZZUnitStandard_id:3377
*,5975,Y,Elective,ZZSkillsProgramme:ZZSkillsProgramme_ID:262;ZZUnitStandard:ZZUnitStandard_id:3510
*,5976,Y,Elective,ZZSkillsProgramme:ZZSkillsProgramme_ID:262;ZZUnitStandard:ZZUnitStandard_id:3505
*,5977,Y,Elective,ZZSkillsProgramme:ZZSkillsProgramme_ID:262;ZZUnitStandard:ZZUnitStandard_id:3527
*,5978,Y,Elective,ZZSkillsProgramme:ZZSkillsProgramme_ID:262;ZZUnitStandard:ZZUnitStandard_id:3524
*,5979,Y,Elective,ZZSkillsProgramme:ZZSkillsProgramme_ID:262;ZZUnitStandard:ZZUnitStandard_id:3498
*,5980,Y,Elective,ZZSkillsProgramme:ZZSkillsProgramme_ID:262;ZZUnitStandard:ZZUnitStandard_id:3361
*,5981,Y,Elective,ZZSkillsProgramme:ZZSkillsProgramme_ID:262;ZZUnitStandard:ZZUnitStandard_id:3364
*,5982,Y,Elective,ZZSkillsProgramme:ZZSkillsProgramme_ID:262;ZZUnitStandard:ZZUnitStandard_id:3500
*,5983,Y,Core,ZZSkillsProgramme:ZZSkillsProgramme_ID:262;ZZUnitStandard:ZZUnitStandard_id:3502
*,5984,Y,Elective,ZZSkillsProgramme:ZZSkillsProgramme_ID:262;ZZUnitStandard:ZZUnitStandard_id:3526
*,5985,Y,Elective,ZZSkillsProgramme:ZZSkillsProgramme_ID:262;ZZUnitStandard:ZZUnitStandard_id:3485
*,5986,Y,Elective,ZZSkillsProgramme:ZZSkillsProgramme_ID:262;ZZUnitStandard:ZZUnitStandard_id:3378
*,5987,Y,Elective,ZZSkillsProgramme:ZZSkillsProgramme_ID:262;ZZUnitStandard:ZZUnitStandard_id:3513
*,5988,Y,Elective,ZZSkillsProgramme:ZZSkillsProgramme_ID:262;ZZUnitStandard:ZZUnitStandard_id:3384
*,5989,Y,Elective,ZZSkillsProgramme:ZZSkillsProgramme_ID:262;ZZUnitStandard:ZZUnitStandard_id:3514
*,5990,Y,Elective,ZZSkillsProgramme:ZZSkillsProgramme_ID:262;ZZUnitStandard:ZZUnitStandard_id:3518
*,5991,Y,Elective,ZZSkillsProgramme:ZZSkillsProgramme_ID:262;ZZUnitStandard:ZZUnitStandard_id:3371
*,5992,Y,Elective,ZZSkillsProgramme:ZZSkillsProgramme_ID:262;ZZUnitStandard:ZZUnitStandard_id:3503
*,5993,Y,Elective,ZZSkillsProgramme:ZZSkillsProgramme_ID:262;ZZUnitStandard:ZZUnitStandard_id:3508
*,5994,Y,Elective,ZZSkillsProgramme:ZZSkillsProgramme_ID:262;ZZUnitStandard:ZZUnitStandard_id:3533
*,5995,Y,Elective,ZZSkillsProgramme:ZZSkillsProgramme_ID:262;ZZUnitStandard:ZZUnitStandard_id:3507
*,5996,Y,Elective,ZZSkillsProgramme:ZZSkillsProgramme_ID:262;ZZUnitStandard:ZZUnitStandard_id:3522
*,5997,Y,Elective,ZZSkillsProgramme:ZZSkillsProgramme_ID:262;ZZUnitStandard:ZZUnitStandard_id:3499
*,5998,Y,Elective,ZZSkillsProgramme:ZZSkillsProgramme_ID:262;ZZUnitStandard:ZZUnitStandard_id:3519
*,5999,Y,Elective,ZZSkillsProgramme:ZZSkillsProgramme_ID:262;ZZUnitStandard:ZZUnitStandard_id:3368
*,6000,Y,Elective,ZZSkillsProgramme:ZZSkillsProgramme_ID:262;ZZUnitStandard:ZZUnitStandard_id:2896
*,6001,Y,Elective,ZZSkillsProgramme:ZZSkillsProgramme_ID:262;ZZUnitStandard:ZZUnitStandard_id:3370
*,6002,Y,Elective,ZZSkillsProgramme:ZZSkillsProgramme_ID:262;ZZUnitStandard:ZZUnitStandard_id:3381
*,6003,Y,Elective,ZZSkillsProgramme:ZZSkillsProgramme_ID:262;ZZUnitStandard:ZZUnitStandard_id:3045
*,6004,Y,Elective,ZZSkillsProgramme:ZZSkillsProgramme_ID:262;ZZUnitStandard:ZZUnitStandard_id:3492
*,6005,Y,Elective,ZZSkillsProgramme:ZZSkillsProgramme_ID:262;ZZUnitStandard:ZZUnitStandard_id:3382
*,6006,Y,Elective,ZZSkillsProgramme:ZZSkillsProgramme_ID:262;ZZUnitStandard:ZZUnitStandard_id:3375
*,6007,Y,Elective,ZZSkillsProgramme:ZZSkillsProgramme_ID:262;ZZUnitStandard:ZZUnitStandard_id:3358
*,6008,Y,Core,ZZSkillsProgramme:ZZSkillsProgramme_ID:262;ZZUnitStandard:ZZUnitStandard_id:3380
*,6009,Y,Elective,ZZSkillsProgramme:ZZSkillsProgramme_ID:262;ZZUnitStandard:ZZUnitStandard_id:3366
*,6010,Y,Elective,ZZSkillsProgramme:ZZSkillsProgramme_ID:262;ZZUnitStandard:ZZUnitStandard_id:3516
*,6011,Y,Elective,ZZSkillsProgramme:ZZSkillsProgramme_ID:262;ZZUnitStandard:ZZUnitStandard_id:3376
*,6012,Y,Elective,ZZSkillsProgramme:ZZSkillsProgramme_ID:262;ZZUnitStandard:ZZUnitStandard_id:3506
*,6013,Y,Elective,ZZSkillsProgramme:ZZSkillsProgramme_ID:262;ZZUnitStandard:ZZUnitStandard_id:3386
*,6014,Y,Elective,ZZSkillsProgramme:ZZSkillsProgramme_ID:262;ZZUnitStandard:ZZUnitStandard_id:3515
*,6015,Y,Elective,ZZSkillsProgramme:ZZSkillsProgramme_ID:262;ZZUnitStandard:ZZUnitStandard_id:3530
*,6016,Y,Elective,ZZSkillsProgramme:ZZSkillsProgramme_ID:262;ZZUnitStandard:ZZUnitStandard_id:3491
*,6017,Y,Elective,ZZSkillsProgramme:ZZSkillsProgramme_ID:262;ZZUnitStandard:ZZUnitStandard_id:3511
*,6018,Y,Elective,ZZSkillsProgramme:ZZSkillsProgramme_ID:262;ZZUnitStandard:ZZUnitStandard_id:3486
*,6019,Y,Elective,ZZSkillsProgramme:ZZSkillsProgramme_ID:262;ZZUnitStandard:ZZUnitStandard_id:3501
*,6020,Y,Elective,ZZSkillsProgramme:ZZSkillsProgramme_ID:262;ZZUnitStandard:ZZUnitStandard_id:3521
*,6021,Y,Elective,ZZSkillsProgramme:ZZSkillsProgramme_ID:262;ZZUnitStandard:ZZUnitStandard_id:3372
*,6022,Y,Elective,ZZSkillsProgramme:ZZSkillsProgramme_ID:262;ZZUnitStandard:ZZUnitStandard_id:3490
*,6023,Y,Elective,ZZSkillsProgramme:ZZSkillsProgramme_ID:262;ZZUnitStandard:ZZUnitStandard_id:3525
*,6024,Y,Elective,ZZSkillsProgramme:ZZSkillsProgramme_ID:262;ZZUnitStandard:ZZUnitStandard_id:3528
*,6025,Y,Elective,ZZSkillsProgramme:ZZSkillsProgramme_ID:262;ZZUnitStandard:ZZUnitStandard_id:3523
*,6026,Y,Elective,ZZSkillsProgramme:ZZSkillsProgramme_ID:262;ZZUnitStandard:ZZUnitStandard_id:3529
*,6027,Y,Elective,ZZSkillsProgramme:ZZSkillsProgramme_ID:262;ZZUnitStandard:ZZUnitStandard_id:2895
*,6028,Y,Elective,ZZSkillsProgramme:ZZSkillsProgramme_ID:262;ZZUnitStandard:ZZUnitStandard_id:3496
*,6029,Y,Elective,ZZSkillsProgramme:ZZSkillsProgramme_ID:262;ZZUnitStandard:ZZUnitStandard_id:3493
*,6030,Y,Elective,ZZSkillsProgramme:ZZSkillsProgramme_ID:262;ZZUnitStandard:ZZUnitStandard_id:3532
*,6031,Y,Core,ZZSkillsProgramme:ZZSkillsProgramme_ID:262;ZZUnitStandard:ZZUnitStandard_id:1849
*,6032,Y,Elective,ZZSkillsProgramme:ZZSkillsProgramme_ID:262;ZZUnitStandard:ZZUnitStandard_id:3494
*,6033,Y,Elective,ZZSkillsProgramme:ZZSkillsProgramme_ID:262;ZZUnitStandard:ZZUnitStandard_id:3509
*,6034,Y,Elective,ZZSkillsProgramme:ZZSkillsProgramme_ID:262;ZZUnitStandard:ZZUnitStandard_id:2893
*,6035,Y,Elective,ZZSkillsProgramme:ZZSkillsProgramme_ID:262;ZZUnitStandard:ZZUnitStandard_id:2897
*,6036,Y,Elective,ZZSkillsProgramme:ZZSkillsProgramme_ID:262;ZZUnitStandard:ZZUnitStandard_id:2892
*,6037,Y,Elective,ZZSkillsProgramme:ZZSkillsProgramme_ID:262;ZZUnitStandard:ZZUnitStandard_id:3531
*,6038,Y,Core,ZZSkillsProgramme:ZZSkillsProgramme_ID:262;ZZUnitStandard:ZZUnitStandard_id:1196
*,6039,Y,Core,ZZSkillsProgramme:ZZSkillsProgramme_ID:262;ZZUnitStandard:ZZUnitStandard_id:1188
*,6040,Y,Core,ZZSkillsProgramme:ZZSkillsProgramme_ID:262;ZZUnitStandard:ZZUnitStandard_id:1190
*,6041,Y,Core,ZZSkillsProgramme:ZZSkillsProgramme_ID:262;ZZUnitStandard:ZZUnitStandard_id:1518
*,6042,Y,Core,ZZSkillsProgramme:ZZSkillsProgramme_ID:264;ZZUnitStandard:ZZUnitStandard_id:665
*,6043,Y,Core,ZZSkillsProgramme:ZZSkillsProgramme_ID:264;ZZUnitStandard:ZZUnitStandard_id:666
*,6044,Y,Core,ZZSkillsProgramme:ZZSkillsProgramme_ID:264;ZZUnitStandard:ZZUnitStandard_id:667
*,6045,Y,Core,ZZSkillsProgramme:ZZSkillsProgramme_ID:264;ZZUnitStandard:ZZUnitStandard_id:669
*,6046,Y,Core,ZZSkillsProgramme:ZZSkillsProgramme_ID:264;ZZUnitStandard:ZZUnitStandard_id:764
*,6047,Y,Core,ZZSkillsProgramme:ZZSkillsProgramme_ID:264;ZZUnitStandard:ZZUnitStandard_id:765
*,6048,Y,Core,ZZSkillsProgramme:ZZSkillsProgramme_ID:264;ZZUnitStandard:ZZUnitStandard_id:822
*,6049,Y,Core,ZZSkillsProgramme:ZZSkillsProgramme_ID:264;ZZUnitStandard:ZZUnitStandard_id:456
*,6050,Y,Core,ZZSkillsProgramme:ZZSkillsProgramme_ID:264;ZZUnitStandard:ZZUnitStandard_id:460
*,6051,Y,Core,ZZSkillsProgramme:ZZSkillsProgramme_ID:264;ZZUnitStandard:ZZUnitStandard_id:461
*,6052,Y,Core,ZZSkillsProgramme:ZZSkillsProgramme_ID:264;ZZUnitStandard:ZZUnitStandard_id:462
*,6053,Y,Core,ZZSkillsProgramme:ZZSkillsProgramme_ID:264;ZZUnitStandard:ZZUnitStandard_id:464
*,6054,Y,Core,ZZSkillsProgramme:ZZSkillsProgramme_ID:264;ZZUnitStandard:ZZUnitStandard_id:668
*,6055,Y,Core,ZZSkillsProgramme:ZZSkillsProgramme_ID:264;ZZUnitStandard:ZZUnitStandard_id:1203
*,6056,Y,Core,ZZSkillsProgramme:ZZSkillsProgramme_ID:264;ZZUnitStandard:ZZUnitStandard_id:2220
*,6057,Y,Core,ZZSkillsProgramme:ZZSkillsProgramme_ID:264;ZZUnitStandard:ZZUnitStandard_id:1884
*,6058,Y,Core,ZZSkillsProgramme:ZZSkillsProgramme_ID:264;ZZUnitStandard:ZZUnitStandard_id:2450
*,6059,Y,Core,ZZSkillsProgramme:ZZSkillsProgramme_ID:264;ZZUnitStandard:ZZUnitStandard_id:2453
*,6060,Y,Core,ZZSkillsProgramme:ZZSkillsProgramme_ID:264;ZZUnitStandard:ZZUnitStandard_id:2452
*,6061,Y,Core,ZZSkillsProgramme:ZZSkillsProgramme_ID:264;ZZUnitStandard:ZZUnitStandard_id:2340
*,6062,Y,Core,ZZSkillsProgramme:ZZSkillsProgramme_ID:264;ZZUnitStandard:ZZUnitStandard_id:2445
*,6063,Y,Core,ZZSkillsProgramme:ZZSkillsProgramme_ID:264;ZZUnitStandard:ZZUnitStandard_id:2339
*,6064,Y,Core,ZZSkillsProgramme:ZZSkillsProgramme_ID:264;ZZUnitStandard:ZZUnitStandard_id:2454
*,6065,Y,Core,ZZSkillsProgramme:ZZSkillsProgramme_ID:264;ZZUnitStandard:ZZUnitStandard_id:1728
*,6066,Y,Core,ZZSkillsProgramme:ZZSkillsProgramme_ID:264;ZZUnitStandard:ZZUnitStandard_id:1537
*,6067,Y,Core,ZZSkillsProgramme:ZZSkillsProgramme_ID:264;ZZUnitStandard:ZZUnitStandard_id:2310
*,6068,Y,Core,ZZSkillsProgramme:ZZSkillsProgramme_ID:264;ZZUnitStandard:ZZUnitStandard_id:2285
*,6069,Y,Fundamental,ZZSkillsProgramme:ZZSkillsProgramme_ID:264;ZZUnitStandard:ZZUnitStandard_id:2863
*,6070,Y,Elective,ZZSkillsProgramme:ZZSkillsProgramme_ID:264;ZZUnitStandard:ZZUnitStandard_id:2772
*,6071,Y,Elective,ZZSkillsProgramme:ZZSkillsProgramme_ID:264;ZZUnitStandard:ZZUnitStandard_id:2773
*,6072,Y,Elective,ZZSkillsProgramme:ZZSkillsProgramme_ID:264;ZZUnitStandard:ZZUnitStandard_id:2774
*,6073,Y,Elective,ZZSkillsProgramme:ZZSkillsProgramme_ID:264;ZZUnitStandard:ZZUnitStandard_id:3367
*,6074,Y,Elective,ZZSkillsProgramme:ZZSkillsProgramme_ID:264;ZZUnitStandard:ZZUnitStandard_id:3538
*,6075,Y,Elective,ZZSkillsProgramme:ZZSkillsProgramme_ID:264;ZZUnitStandard:ZZUnitStandard_id:3536
*,6076,Y,Elective,ZZSkillsProgramme:ZZSkillsProgramme_ID:264;ZZUnitStandard:ZZUnitStandard_id:3537
*,6077,Y,Elective,ZZSkillsProgramme:ZZSkillsProgramme_ID:264;ZZUnitStandard:ZZUnitStandard_id:3539
*,6078,Y,Elective,ZZSkillsProgramme:ZZSkillsProgramme_ID:264;ZZUnitStandard:ZZUnitStandard_id:3534
*,6079,Y,Elective,ZZSkillsProgramme:ZZSkillsProgramme_ID:264;ZZUnitStandard:ZZUnitStandard_id:3540
*,6080,Y,Elective,ZZSkillsProgramme:ZZSkillsProgramme_ID:264;ZZUnitStandard:ZZUnitStandard_id:3535
*,6081,Y,Elective,ZZSkillsProgramme:ZZSkillsProgramme_ID:264;ZZUnitStandard:ZZUnitStandard_id:2856
*,6082,Y,Core,ZZSkillsProgramme:ZZSkillsProgramme_ID:264;ZZUnitStandard:ZZUnitStandard_id:1185
*,6083,Y,Core,ZZSkillsProgramme:ZZSkillsProgramme_ID:264;ZZUnitStandard:ZZUnitStandard_id:1514
*,6084,Y,Core,ZZSkillsProgramme:ZZSkillsProgramme_ID:264;ZZUnitStandard:ZZUnitStandard_id:1186
*,6085,Y,Core,ZZSkillsProgramme:ZZSkillsProgramme_ID:264;ZZUnitStandard:ZZUnitStandard_id:1516
*,6086,Y,Core,ZZSkillsProgramme:ZZSkillsProgramme_ID:264;ZZUnitStandard:ZZUnitStandard_id:1194
*,6087,Y,Core,ZZSkillsProgramme:ZZSkillsProgramme_ID:264;ZZUnitStandard:ZZUnitStandard_id:120
*,6088,Y,Core,ZZSkillsProgramme:ZZSkillsProgramme_ID:264;ZZUnitStandard:ZZUnitStandard_id:121
*,6089,Y,Core,ZZSkillsProgramme:ZZSkillsProgramme_ID:264;ZZUnitStandard:ZZUnitStandard_id:122
*,6090,Y,Core,ZZSkillsProgramme:ZZSkillsProgramme_ID:264;ZZUnitStandard:ZZUnitStandard_id:129
*,6091,Y,Core,ZZSkillsProgramme:ZZSkillsProgramme_ID:264;ZZUnitStandard:ZZUnitStandard_id:130
*,6092,Y,Core,ZZSkillsProgramme:ZZSkillsProgramme_ID:264;ZZUnitStandard:ZZUnitStandard_id:132
*,6093,Y,Core,ZZSkillsProgramme:ZZSkillsProgramme_ID:265;ZZUnitStandard:ZZUnitStandard_id:2438
*,6094,Y,Core,ZZSkillsProgramme:ZZSkillsProgramme_ID:265;ZZUnitStandard:ZZUnitStandard_id:663
*,6095,Y,Core,ZZSkillsProgramme:ZZSkillsProgramme_ID:265;ZZUnitStandard:ZZUnitStandard_id:767
*,6096,Y,Core,ZZSkillsProgramme:ZZSkillsProgramme_ID:265;ZZUnitStandard:ZZUnitStandard_id:768
*,6097,Y,Core,ZZSkillsProgramme:ZZSkillsProgramme_ID:265;ZZUnitStandard:ZZUnitStandard_id:458
*,6098,Y,Core,ZZSkillsProgramme:ZZSkillsProgramme_ID:265;ZZUnitStandard:ZZUnitStandard_id:455
*,6099,Y,Core,ZZSkillsProgramme:ZZSkillsProgramme_ID:265;ZZUnitStandard:ZZUnitStandard_id:1087
*,6100,Y,Core,ZZSkillsProgramme:ZZSkillsProgramme_ID:265;ZZUnitStandard:ZZUnitStandard_id:171
*,6101,Y,Core,ZZSkillsProgramme:ZZSkillsProgramme_ID:265;ZZUnitStandard:ZZUnitStandard_id:1089
*,6102,Y,Core,ZZSkillsProgramme:ZZSkillsProgramme_ID:265;ZZUnitStandard:ZZUnitStandard_id:1092
*,6103,Y,Core,ZZSkillsProgramme:ZZSkillsProgramme_ID:265;ZZUnitStandard:ZZUnitStandard_id:1088
*,6104,Y,Core,ZZSkillsProgramme:ZZSkillsProgramme_ID:265;ZZUnitStandard:ZZUnitStandard_id:1090
*,6105,Y,Core,ZZSkillsProgramme:ZZSkillsProgramme_ID:265;ZZUnitStandard:ZZUnitStandard_id:1880
*,6106,Y,Core,ZZSkillsProgramme:ZZSkillsProgramme_ID:265;ZZUnitStandard:ZZUnitStandard_id:1884
*,6107,Y,Core,ZZSkillsProgramme:ZZSkillsProgramme_ID:265;ZZUnitStandard:ZZUnitStandard_id:2218
*,6108,Y,Core,ZZSkillsProgramme:ZZSkillsProgramme_ID:265;ZZUnitStandard:ZZUnitStandard_id:2406
*,6109,Y,Core,ZZSkillsProgramme:ZZSkillsProgramme_ID:265;ZZUnitStandard:ZZUnitStandard_id:2214
*,6110,Y,Core,ZZSkillsProgramme:ZZSkillsProgramme_ID:265;ZZUnitStandard:ZZUnitStandard_id:2202
*,6111,Y,Core,ZZSkillsProgramme:ZZSkillsProgramme_ID:265;ZZUnitStandard:ZZUnitStandard_id:2221
*,6112,Y,Core,ZZSkillsProgramme:ZZSkillsProgramme_ID:265;ZZUnitStandard:ZZUnitStandard_id:2215
*,6113,Y,Core,ZZSkillsProgramme:ZZSkillsProgramme_ID:265;ZZUnitStandard:ZZUnitStandard_id:2201
*,6114,Y,Core,ZZSkillsProgramme:ZZSkillsProgramme_ID:265;ZZUnitStandard:ZZUnitStandard_id:1179
*,6115,Y,Core,ZZSkillsProgramme:ZZSkillsProgramme_ID:265;ZZUnitStandard:ZZUnitStandard_id:2433
*,6116,Y,Core,ZZSkillsProgramme:ZZSkillsProgramme_ID:265;ZZUnitStandard:ZZUnitStandard_id:2161
*,6117,Y,Core,ZZSkillsProgramme:ZZSkillsProgramme_ID:265;ZZUnitStandard:ZZUnitStandard_id:2436
*,6118,Y,Core,ZZSkillsProgramme:ZZSkillsProgramme_ID:265;ZZUnitStandard:ZZUnitStandard_id:2439
*,6119,Y,Core,ZZSkillsProgramme:ZZSkillsProgramme_ID:265;ZZUnitStandard:ZZUnitStandard_id:2437
*,6120,Y,Core,ZZSkillsProgramme:ZZSkillsProgramme_ID:265;ZZUnitStandard:ZZUnitStandard_id:2431
*,6121,Y,Core,ZZSkillsProgramme:ZZSkillsProgramme_ID:265;ZZUnitStandard:ZZUnitStandard_id:2429
*,6122,Y,Core,ZZSkillsProgramme:ZZSkillsProgramme_ID:265;ZZUnitStandard:ZZUnitStandard_id:2430
*,6123,Y,Core,ZZSkillsProgramme:ZZSkillsProgramme_ID:265;ZZUnitStandard:ZZUnitStandard_id:2435
*,6124,Y,Core,ZZSkillsProgramme:ZZSkillsProgramme_ID:265;ZZUnitStandard:ZZUnitStandard_id:2440
*,6125,Y,Core,ZZSkillsProgramme:ZZSkillsProgramme_ID:265;ZZUnitStandard:ZZUnitStandard_id:2428
*,6126,Y,Core,ZZSkillsProgramme:ZZSkillsProgramme_ID:265;ZZUnitStandard:ZZUnitStandard_id:2434
*,6127,Y,Core,ZZSkillsProgramme:ZZSkillsProgramme_ID:265;ZZUnitStandard:ZZUnitStandard_id:2432
*,6128,Y,Elective,ZZSkillsProgramme:ZZSkillsProgramme_ID:265;ZZUnitStandard:ZZUnitStandard_id:3543
*,6129,Y,Elective,ZZSkillsProgramme:ZZSkillsProgramme_ID:265;ZZUnitStandard:ZZUnitStandard_id:3538
*,6130,Y,Elective,ZZSkillsProgramme:ZZSkillsProgramme_ID:265;ZZUnitStandard:ZZUnitStandard_id:3546
*,6131,Y,Elective,ZZSkillsProgramme:ZZSkillsProgramme_ID:265;ZZUnitStandard:ZZUnitStandard_id:3541
*,6132,Y,Elective,ZZSkillsProgramme:ZZSkillsProgramme_ID:265;ZZUnitStandard:ZZUnitStandard_id:3544
*,6133,Y,Elective,ZZSkillsProgramme:ZZSkillsProgramme_ID:265;ZZUnitStandard:ZZUnitStandard_id:3537
*,6134,Y,Elective,ZZSkillsProgramme:ZZSkillsProgramme_ID:265;ZZUnitStandard:ZZUnitStandard_id:3547
*,6135,Y,Elective,ZZSkillsProgramme:ZZSkillsProgramme_ID:265;ZZUnitStandard:ZZUnitStandard_id:3539
*,6136,Y,Elective,ZZSkillsProgramme:ZZSkillsProgramme_ID:265;ZZUnitStandard:ZZUnitStandard_id:3548
*,6137,Y,Elective,ZZSkillsProgramme:ZZSkillsProgramme_ID:265;ZZUnitStandard:ZZUnitStandard_id:3542
*,6138,Y,Elective,ZZSkillsProgramme:ZZSkillsProgramme_ID:265;ZZUnitStandard:ZZUnitStandard_id:3545
*,6139,Y,Core,ZZSkillsProgramme:ZZSkillsProgramme_ID:265;ZZUnitStandard:ZZUnitStandard_id:1189
*,6140,Y,Core,ZZSkillsProgramme:ZZSkillsProgramme_ID:265;ZZUnitStandard:ZZUnitStandard_id:1197
*,6141,Y,Core,ZZSkillsProgramme:ZZSkillsProgramme_ID:265;ZZUnitStandard:ZZUnitStandard_id:1198
*,6142,Y,Core,ZZSkillsProgramme:ZZSkillsProgramme_ID:265;ZZUnitStandard:ZZUnitStandard_id:122
*,6143,Y,Core,ZZSkillsProgramme:ZZSkillsProgramme_ID:265;ZZUnitStandard:ZZUnitStandard_id:132
*,6144,Y,Core,ZZSkillsProgramme:ZZSkillsProgramme_ID:269;ZZUnitStandard:ZZUnitStandard_id:1853
*,6145,Y,Core,ZZSkillsProgramme:ZZSkillsProgramme_ID:269;ZZUnitStandard:ZZUnitStandard_id:1855
*,6146,Y,Core,ZZSkillsProgramme:ZZSkillsProgramme_ID:269;ZZUnitStandard:ZZUnitStandard_id:1854
*,6147,Y,Fundamental,ZZSkillsProgramme:ZZSkillsProgramme_ID:269;ZZUnitStandard:ZZUnitStandard_id:2450
*,6148,Y,Fundamental,ZZSkillsProgramme:ZZSkillsProgramme_ID:269;ZZUnitStandard:ZZUnitStandard_id:2453
*,6149,Y,Fundamental,ZZSkillsProgramme:ZZSkillsProgramme_ID:269;ZZUnitStandard:ZZUnitStandard_id:2452
*,6150,Y,Fundamental,ZZSkillsProgramme:ZZSkillsProgramme_ID:269;ZZUnitStandard:ZZUnitStandard_id:2340
*,6151,Y,Elective,ZZSkillsProgramme:ZZSkillsProgramme_ID:269;ZZUnitStandard:ZZUnitStandard_id:3033
*,6152,Y,Core,ZZSkillsProgramme:ZZSkillsProgramme_ID:269;ZZUnitStandard:ZZUnitStandard_id:3007
*,6153,Y,Elective,ZZSkillsProgramme:ZZSkillsProgramme_ID:269;ZZUnitStandard:ZZUnitStandard_id:3035
*,6154,Y,Elective,ZZSkillsProgramme:ZZSkillsProgramme_ID:269;ZZUnitStandard:ZZUnitStandard_id:2175
*,6155,Y,Elective,ZZSkillsProgramme:ZZSkillsProgramme_ID:269;ZZUnitStandard:ZZUnitStandard_id:927
*,6156,Y,Elective,ZZSkillsProgramme:ZZSkillsProgramme_ID:269;ZZUnitStandard:ZZUnitStandard_id:988
*,6157,Y,Core,ZZSkillsProgramme:ZZSkillsProgramme_ID:269;ZZUnitStandard:ZZUnitStandard_id:2147
*,6158,Y,Core,ZZSkillsProgramme:ZZSkillsProgramme_ID:269;ZZUnitStandard:ZZUnitStandard_id:3011
*,6159,Y,Elective,ZZSkillsProgramme:ZZSkillsProgramme_ID:269;ZZUnitStandard:ZZUnitStandard_id:2266
*,6160,Y,Elective,ZZSkillsProgramme:ZZSkillsProgramme_ID:269;ZZUnitStandard:ZZUnitStandard_id:3018
*,6161,Y,Elective,ZZSkillsProgramme:ZZSkillsProgramme_ID:269;ZZUnitStandard:ZZUnitStandard_id:3038
*,6162,Y,Core,ZZSkillsProgramme:ZZSkillsProgramme_ID:269;ZZUnitStandard:ZZUnitStandard_id:2857
*,6163,Y,Elective,ZZSkillsProgramme:ZZSkillsProgramme_ID:269;ZZUnitStandard:ZZUnitStandard_id:3016
*,6164,Y,Elective,ZZSkillsProgramme:ZZSkillsProgramme_ID:269;ZZUnitStandard:ZZUnitStandard_id:2858
*,6165,Y,Elective,ZZSkillsProgramme:ZZSkillsProgramme_ID:269;ZZUnitStandard:ZZUnitStandard_id:3030
*,6166,Y,Elective,ZZSkillsProgramme:ZZSkillsProgramme_ID:269;ZZUnitStandard:ZZUnitStandard_id:3031
*,6167,Y,Core,ZZSkillsProgramme:ZZSkillsProgramme_ID:269;ZZUnitStandard:ZZUnitStandard_id:3006
*,6168,Y,Elective,ZZSkillsProgramme:ZZSkillsProgramme_ID:269;ZZUnitStandard:ZZUnitStandard_id:3019
*,6169,Y,Core,ZZSkillsProgramme:ZZSkillsProgramme_ID:269;ZZUnitStandard:ZZUnitStandard_id:2856
*,6170,Y,Elective,ZZSkillsProgramme:ZZSkillsProgramme_ID:269;ZZUnitStandard:ZZUnitStandard_id:3020
*,6171,Y,Elective,ZZSkillsProgramme:ZZSkillsProgramme_ID:269;ZZUnitStandard:ZZUnitStandard_id:3015
*,6172,Y,Elective,ZZSkillsProgramme:ZZSkillsProgramme_ID:269;ZZUnitStandard:ZZUnitStandard_id:3022
*,6173,Y,Elective,ZZSkillsProgramme:ZZSkillsProgramme_ID:269;ZZUnitStandard:ZZUnitStandard_id:3021
*,6174,Y,Core,ZZSkillsProgramme:ZZSkillsProgramme_ID:269;ZZUnitStandard:ZZUnitStandard_id:3010
*,6175,Y,Elective,ZZSkillsProgramme:ZZSkillsProgramme_ID:269;ZZUnitStandard:ZZUnitStandard_id:3017
*,6176,Y,Core,ZZSkillsProgramme:ZZSkillsProgramme_ID:269;ZZUnitStandard:ZZUnitStandard_id:3008
*,6177,Y,Core,ZZSkillsProgramme:ZZSkillsProgramme_ID:269;ZZUnitStandard:ZZUnitStandard_id:3012
*,6178,Y,Core,ZZSkillsProgramme:ZZSkillsProgramme_ID:269;ZZUnitStandard:ZZUnitStandard_id:3009
*,6179,Y,Core,ZZSkillsProgramme:ZZSkillsProgramme_ID:269;ZZUnitStandard:ZZUnitStandard_id:3014
*,6180,Y,Core,ZZSkillsProgramme:ZZSkillsProgramme_ID:269;ZZUnitStandard:ZZUnitStandard_id:3013
*,6181,Y,Elective,ZZSkillsProgramme:ZZSkillsProgramme_ID:269;ZZUnitStandard:ZZUnitStandard_id:2855
*,6182,Y,Elective,ZZSkillsProgramme:ZZSkillsProgramme_ID:269;ZZUnitStandard:ZZUnitStandard_id:3029
*,6183,Y,Core,ZZSkillsProgramme:ZZSkillsProgramme_ID:269;ZZUnitStandard:ZZUnitStandard_id:2885
*,6184,Y,Elective,ZZSkillsProgramme:ZZSkillsProgramme_ID:269;ZZUnitStandard:ZZUnitStandard_id:3026
*,6185,Y,Elective,ZZSkillsProgramme:ZZSkillsProgramme_ID:269;ZZUnitStandard:ZZUnitStandard_id:3037
*,6186,Y,Elective,ZZSkillsProgramme:ZZSkillsProgramme_ID:269;ZZUnitStandard:ZZUnitStandard_id:3027
*,6187,Y,Elective,ZZSkillsProgramme:ZZSkillsProgramme_ID:269;ZZUnitStandard:ZZUnitStandard_id:3034
*,6188,Y,Elective,ZZSkillsProgramme:ZZSkillsProgramme_ID:269;ZZUnitStandard:ZZUnitStandard_id:3023
*,6189,Y,Core,ZZSkillsProgramme:ZZSkillsProgramme_ID:269;ZZUnitStandard:ZZUnitStandard_id:2854
*,6190,Y,Elective,ZZSkillsProgramme:ZZSkillsProgramme_ID:269;ZZUnitStandard:ZZUnitStandard_id:3025
*,6191,Y,Elective,ZZSkillsProgramme:ZZSkillsProgramme_ID:269;ZZUnitStandard:ZZUnitStandard_id:3036
*,6192,Y,Elective,ZZSkillsProgramme:ZZSkillsProgramme_ID:269;ZZUnitStandard:ZZUnitStandard_id:3024
*,6193,Y,Elective,ZZSkillsProgramme:ZZSkillsProgramme_ID:269;ZZUnitStandard:ZZUnitStandard_id:3028
*,6194,Y,Elective,ZZSkillsProgramme:ZZSkillsProgramme_ID:269;ZZUnitStandard:ZZUnitStandard_id:3032
*,6195,Y,Elective,ZZSkillsProgramme:ZZSkillsProgramme_ID:269;ZZUnitStandard:ZZUnitStandard_id:3878
*,6196,Y,Fundamental,ZZSkillsProgramme:ZZSkillsProgramme_ID:269;ZZUnitStandard:ZZUnitStandard_id:1185
*,6197,Y,Fundamental,ZZSkillsProgramme:ZZSkillsProgramme_ID:269;ZZUnitStandard:ZZUnitStandard_id:1514
*,6198,Y,Fundamental,ZZSkillsProgramme:ZZSkillsProgramme_ID:269;ZZUnitStandard:ZZUnitStandard_id:1186
*,6199,Y,Fundamental,ZZSkillsProgramme:ZZSkillsProgramme_ID:269;ZZUnitStandard:ZZUnitStandard_id:1516
*,6200,Y,Fundamental,ZZSkillsProgramme:ZZSkillsProgramme_ID:269;ZZUnitStandard:ZZUnitStandard_id:1194
*,6201,Y,Elective,ZZSkillsProgramme:ZZSkillsProgramme_ID:269;ZZUnitStandard:ZZUnitStandard_id:1759
*,6202,Y,Core,ZZSkillsProgramme:ZZSkillsProgramme_ID:270;ZZUnitStandard:ZZUnitStandard_id:667
*,6203,Y,Core,ZZSkillsProgramme:ZZSkillsProgramme_ID:270;ZZUnitStandard:ZZUnitStandard_id:765
*,6204,Y,Core,ZZSkillsProgramme:ZZSkillsProgramme_ID:270;ZZUnitStandard:ZZUnitStandard_id:668
*,6205,Y,Core,ZZSkillsProgramme:ZZSkillsProgramme_ID:270;ZZUnitStandard:ZZUnitStandard_id:120
*,6206,Y,Core,ZZSkillsProgramme:ZZSkillsProgramme_ID:271;ZZUnitStandard:ZZUnitStandard_id:666
*,6207,Y,Core,ZZSkillsProgramme:ZZSkillsProgramme_ID:271;ZZUnitStandard:ZZUnitStandard_id:668
*,6208,Y,Elective,ZZSkillsProgramme:ZZSkillsProgramme_ID:271;ZZUnitStandard:ZZUnitStandard_id:2310
*,6209,Y,Core,ZZSkillsProgramme:ZZSkillsProgramme_ID:271;ZZUnitStandard:ZZUnitStandard_id:2863
*,6210,Y,Elective,ZZSkillsProgramme:ZZSkillsProgramme_ID:271;ZZUnitStandard:ZZUnitStandard_id:3538
*,6211,Y,Elective,ZZSkillsProgramme:ZZSkillsProgramme_ID:271;ZZUnitStandard:ZZUnitStandard_id:3536
*,6212,Y,Core,ZZSkillsProgramme:ZZSkillsProgramme_ID:271;ZZUnitStandard:ZZUnitStandard_id:3534
*,6213,Y,Core,ZZSkillsProgramme:ZZSkillsProgramme_ID:271;ZZUnitStandard:ZZUnitStandard_id:3535
*,6214,Y,Core,ZZSkillsProgramme:ZZSkillsProgramme_ID:271;ZZUnitStandard:ZZUnitStandard_id:120
*,6215,Y,Core,ZZSkillsProgramme:ZZSkillsProgramme_ID:272;ZZUnitStandard:ZZUnitStandard_id:665
*,6216,Y,Core,ZZSkillsProgramme:ZZSkillsProgramme_ID:272;ZZUnitStandard:ZZUnitStandard_id:668
*,6217,Y,Core,ZZSkillsProgramme:ZZSkillsProgramme_ID:272;ZZUnitStandard:ZZUnitStandard_id:3539
*,6218,Y,Core,ZZSkillsProgramme:ZZSkillsProgramme_ID:272;ZZUnitStandard:ZZUnitStandard_id:120
*,6219,Y,Core,ZZSkillsProgramme:ZZSkillsProgramme_ID:272;ZZUnitStandard:ZZUnitStandard_id:121
*,6220,Y,Elective,ZZSkillsProgramme:ZZSkillsProgramme_ID:273;ZZUnitStandard:ZZUnitStandard_id:225
*,6221,Y,Core,ZZSkillsProgramme:ZZSkillsProgramme_ID:273;ZZUnitStandard:ZZUnitStandard_id:234
*,6222,Y,Core,ZZSkillsProgramme:ZZSkillsProgramme_ID:273;ZZUnitStandard:ZZUnitStandard_id:717
*,6223,Y,Core,ZZSkillsProgramme:ZZSkillsProgramme_ID:273;ZZUnitStandard:ZZUnitStandard_id:722
*,6224,Y,Elective,ZZSkillsProgramme:ZZSkillsProgramme_ID:273;ZZUnitStandard:ZZUnitStandard_id:2848
*,6225,Y,Elective,ZZSkillsProgramme:ZZSkillsProgramme_ID:273;ZZUnitStandard:ZZUnitStandard_id:2154
*,6226,Y,Elective,ZZSkillsProgramme:ZZSkillsProgramme_ID:273;ZZUnitStandard:ZZUnitStandard_id:1533
*,6227,Y,Core,ZZSkillsProgramme:ZZSkillsProgramme_ID:273;ZZUnitStandard:ZZUnitStandard_id:1011
*,6228,Y,Elective,ZZSkillsProgramme:ZZSkillsProgramme_ID:273;ZZUnitStandard:ZZUnitStandard_id:2614
*,6229,Y,Core,ZZSkillsProgramme:ZZSkillsProgramme_ID:273;ZZUnitStandard:ZZUnitStandard_id:1252
*,6230,Y,Core,ZZSkillsProgramme:ZZSkillsProgramme_ID:273;ZZUnitStandard:ZZUnitStandard_id:2923
*,6231,Y,Core,ZZSkillsProgramme:ZZSkillsProgramme_ID:273;ZZUnitStandard:ZZUnitStandard_id:2920
*,6232,Y,Elective,ZZSkillsProgramme:ZZSkillsProgramme_ID:273;ZZUnitStandard:ZZUnitStandard_id:3039
*,6233,Y,Elective,ZZSkillsProgramme:ZZSkillsProgramme_ID:273;ZZUnitStandard:ZZUnitStandard_id:2343
*,6234,Y,Elective,ZZSkillsProgramme:ZZSkillsProgramme_ID:274;ZZUnitStandard:ZZUnitStandard_id:225
*,6235,Y,Core,ZZSkillsProgramme:ZZSkillsProgramme_ID:274;ZZUnitStandard:ZZUnitStandard_id:3007
*,6236,Y,Core,ZZSkillsProgramme:ZZSkillsProgramme_ID:274;ZZUnitStandard:ZZUnitStandard_id:2848
*,6237,Y,Core,ZZSkillsProgramme:ZZSkillsProgramme_ID:274;ZZUnitStandard:ZZUnitStandard_id:1726
*,6238,Y,Core,ZZSkillsProgramme:ZZSkillsProgramme_ID:274;ZZUnitStandard:ZZUnitStandard_id:1466
*,6239,Y,Elective,ZZSkillsProgramme:ZZSkillsProgramme_ID:274;ZZUnitStandard:ZZUnitStandard_id:2154
*,6240,Y,Elective,ZZSkillsProgramme:ZZSkillsProgramme_ID:274;ZZUnitStandard:ZZUnitStandard_id:1533
*,6241,Y,Elective,ZZSkillsProgramme:ZZSkillsProgramme_ID:274;ZZUnitStandard:ZZUnitStandard_id:2614
*,6242,Y,Core,ZZSkillsProgramme:ZZSkillsProgramme_ID:274;ZZUnitStandard:ZZUnitStandard_id:2622
*,6243,Y,Core,ZZSkillsProgramme:ZZSkillsProgramme_ID:274;ZZUnitStandard:ZZUnitStandard_id:2857
*,6244,Y,Core,ZZSkillsProgramme:ZZSkillsProgramme_ID:274;ZZUnitStandard:ZZUnitStandard_id:2856
*,6245,Y,Core,ZZSkillsProgramme:ZZSkillsProgramme_ID:274;ZZUnitStandard:ZZUnitStandard_id:3008
*,6246,Y,Core,ZZSkillsProgramme:ZZSkillsProgramme_ID:274;ZZUnitStandard:ZZUnitStandard_id:3009
*,6247,Y,Elective,ZZSkillsProgramme:ZZSkillsProgramme_ID:274;ZZUnitStandard:ZZUnitStandard_id:3039
*,6248,Y,Elective,ZZSkillsProgramme:ZZSkillsProgramme_ID:275;ZZUnitStandard:ZZUnitStandard_id:225
*,6249,Y,Core,ZZSkillsProgramme:ZZSkillsProgramme_ID:275;ZZUnitStandard:ZZUnitStandard_id:1270
*,6250,Y,Core,ZZSkillsProgramme:ZZSkillsProgramme_ID:275;ZZUnitStandard:ZZUnitStandard_id:1269
*,6251,Y,Elective,ZZSkillsProgramme:ZZSkillsProgramme_ID:275;ZZUnitStandard:ZZUnitStandard_id:2848
*,6252,Y,Core,ZZSkillsProgramme:ZZSkillsProgramme_ID:275;ZZUnitStandard:ZZUnitStandard_id:1668
*,6253,Y,Core,ZZSkillsProgramme:ZZSkillsProgramme_ID:275;ZZUnitStandard:ZZUnitStandard_id:1076
*,6254,Y,Elective,ZZSkillsProgramme:ZZSkillsProgramme_ID:275;ZZUnitStandard:ZZUnitStandard_id:2154
*,6255,Y,Elective,ZZSkillsProgramme:ZZSkillsProgramme_ID:275;ZZUnitStandard:ZZUnitStandard_id:1533
*,6256,Y,Elective,ZZSkillsProgramme:ZZSkillsProgramme_ID:275;ZZUnitStandard:ZZUnitStandard_id:2614
*,6257,Y,Core,ZZSkillsProgramme:ZZSkillsProgramme_ID:275;ZZUnitStandard:ZZUnitStandard_id:3042
*,6258,Y,Core,ZZSkillsProgramme:ZZSkillsProgramme_ID:275;ZZUnitStandard:ZZUnitStandard_id:2914
*,6259,Y,Core,ZZSkillsProgramme:ZZSkillsProgramme_ID:275;ZZUnitStandard:ZZUnitStandard_id:2923
*,6260,Y,Elective,ZZSkillsProgramme:ZZSkillsProgramme_ID:275;ZZUnitStandard:ZZUnitStandard_id:3039
*,6261,Y,Elective,ZZSkillsProgramme:ZZSkillsProgramme_ID:275;ZZUnitStandard:ZZUnitStandard_id:2343
*,6262,Y,Elective,ZZSkillsProgramme:ZZSkillsProgramme_ID:276;ZZUnitStandard:ZZUnitStandard_id:225
*,6263,Y,Core,ZZSkillsProgramme:ZZSkillsProgramme_ID:276;ZZUnitStandard:ZZUnitStandard_id:785
*,6264,Y,Core,ZZSkillsProgramme:ZZSkillsProgramme_ID:276;ZZUnitStandard:ZZUnitStandard_id:355
*,6265,Y,Core,ZZSkillsProgramme:ZZSkillsProgramme_ID:276;ZZUnitStandard:ZZUnitStandard_id:424
*,6266,Y,Core,ZZSkillsProgramme:ZZSkillsProgramme_ID:276;ZZUnitStandard:ZZUnitStandard_id:426
*,6267,Y,Core,ZZSkillsProgramme:ZZSkillsProgramme_ID:276;ZZUnitStandard:ZZUnitStandard_id:422
*,6268,Y,Elective,ZZSkillsProgramme:ZZSkillsProgramme_ID:276;ZZUnitStandard:ZZUnitStandard_id:2848
*,6269,Y,Core,ZZSkillsProgramme:ZZSkillsProgramme_ID:276;ZZUnitStandard:ZZUnitStandard_id:679
*,6270,Y,Elective,ZZSkillsProgramme:ZZSkillsProgramme_ID:276;ZZUnitStandard:ZZUnitStandard_id:2154
*,6271,Y,Elective,ZZSkillsProgramme:ZZSkillsProgramme_ID:276;ZZUnitStandard:ZZUnitStandard_id:1533
*,6272,Y,Elective,ZZSkillsProgramme:ZZSkillsProgramme_ID:276;ZZUnitStandard:ZZUnitStandard_id:2614
*,6273,Y,Core,ZZSkillsProgramme:ZZSkillsProgramme_ID:276;ZZUnitStandard:ZZUnitStandard_id:1246
*,6274,Y,Elective,ZZSkillsProgramme:ZZSkillsProgramme_ID:276;ZZUnitStandard:ZZUnitStandard_id:3039
*,6275,Y,Elective,ZZSkillsProgramme:ZZSkillsProgramme_ID:276;ZZUnitStandard:ZZUnitStandard_id:2343
*,6276,Y,Core,ZZSkillsProgramme:ZZSkillsProgramme_ID:276;ZZUnitStandard:ZZUnitStandard_id:88
*,6277,Y,Core,ZZSkillsProgramme:ZZSkillsProgramme_ID:276;ZZUnitStandard:ZZUnitStandard_id:90
*,6278,Y,Core,ZZSkillsProgramme:ZZSkillsProgramme_ID:276;ZZUnitStandard:ZZUnitStandard_id:349
*,6279,Y,Core,ZZSkillsProgramme:ZZSkillsProgramme_ID:276;ZZUnitStandard:ZZUnitStandard_id:84
*,6280,Y,Core,ZZSkillsProgramme:ZZSkillsProgramme_ID:276;ZZUnitStandard:ZZUnitStandard_id:89
*,6281,Y,Elective,ZZSkillsProgramme:ZZSkillsProgramme_ID:277;ZZUnitStandard:ZZUnitStandard_id:225
*,6282,Y,Elective,ZZSkillsProgramme:ZZSkillsProgramme_ID:277;ZZUnitStandard:ZZUnitStandard_id:2848
*,6283,Y,Elective,ZZSkillsProgramme:ZZSkillsProgramme_ID:277;ZZUnitStandard:ZZUnitStandard_id:2154
*,6284,Y,Elective,ZZSkillsProgramme:ZZSkillsProgramme_ID:277;ZZUnitStandard:ZZUnitStandard_id:1533
*,6285,Y,Core,ZZSkillsProgramme:ZZSkillsProgramme_ID:277;ZZUnitStandard:ZZUnitStandard_id:2253
*,6286,Y,Core,ZZSkillsProgramme:ZZSkillsProgramme_ID:277;ZZUnitStandard:ZZUnitStandard_id:2290
*,6287,Y,Core,ZZSkillsProgramme:ZZSkillsProgramme_ID:277;ZZUnitStandard:ZZUnitStandard_id:2276
*,6288,Y,Core,ZZSkillsProgramme:ZZSkillsProgramme_ID:277;ZZUnitStandard:ZZUnitStandard_id:2285
*,6289,Y,Core,ZZSkillsProgramme:ZZSkillsProgramme_ID:277;ZZUnitStandard:ZZUnitStandard_id:2269
*,6290,Y,Core,ZZSkillsProgramme:ZZSkillsProgramme_ID:277;ZZUnitStandard:ZZUnitStandard_id:2263
*,6291,Y,Core,ZZSkillsProgramme:ZZSkillsProgramme_ID:277;ZZUnitStandard:ZZUnitStandard_id:2266
*,6292,Y,Core,ZZSkillsProgramme:ZZSkillsProgramme_ID:277;ZZUnitStandard:ZZUnitStandard_id:2254
*,6293,Y,Core,ZZSkillsProgramme:ZZSkillsProgramme_ID:277;ZZUnitStandard:ZZUnitStandard_id:2265
*,6294,Y,Core,ZZSkillsProgramme:ZZSkillsProgramme_ID:277;ZZUnitStandard:ZZUnitStandard_id:2293
*,6295,Y,Core,ZZSkillsProgramme:ZZSkillsProgramme_ID:277;ZZUnitStandard:ZZUnitStandard_id:2227
*,6296,Y,Elective,ZZSkillsProgramme:ZZSkillsProgramme_ID:277;ZZUnitStandard:ZZUnitStandard_id:2614
*,6297,Y,Core,ZZSkillsProgramme:ZZSkillsProgramme_ID:277;ZZUnitStandard:ZZUnitStandard_id:2621
*,6298,Y,Core,ZZSkillsProgramme:ZZSkillsProgramme_ID:277;ZZUnitStandard:ZZUnitStandard_id:2407
*,6299,Y,Core,ZZSkillsProgramme:ZZSkillsProgramme_ID:277;ZZUnitStandard:ZZUnitStandard_id:2620
*,6300,Y,Elective,ZZSkillsProgramme:ZZSkillsProgramme_ID:277;ZZUnitStandard:ZZUnitStandard_id:3039
*,6301,Y,Elective,ZZSkillsProgramme:ZZSkillsProgramme_ID:277;ZZUnitStandard:ZZUnitStandard_id:2343
*,6302,Y,Elective,ZZSkillsProgramme:ZZSkillsProgramme_ID:278;ZZUnitStandard:ZZUnitStandard_id:1260
*,6303,Y,Elective,ZZSkillsProgramme:ZZSkillsProgramme_ID:278;ZZUnitStandard:ZZUnitStandard_id:1016
*,6304,Y,Elective,ZZSkillsProgramme:ZZSkillsProgramme_ID:278;ZZUnitStandard:ZZUnitStandard_id:1298
*,6305,Y,Elective,ZZSkillsProgramme:ZZSkillsProgramme_ID:278;ZZUnitStandard:ZZUnitStandard_id:1015
*,6306,Y,Elective,ZZSkillsProgramme:ZZSkillsProgramme_ID:278;ZZUnitStandard:ZZUnitStandard_id:439
*,6307,Y,Elective,ZZSkillsProgramme:ZZSkillsProgramme_ID:278;ZZUnitStandard:ZZUnitStandard_id:2147
*,6308,Y,Elective,ZZSkillsProgramme:ZZSkillsProgramme_ID:278;ZZUnitStandard:ZZUnitStandard_id:3011
*,6309,Y,Elective,ZZSkillsProgramme:ZZSkillsProgramme_ID:278;ZZUnitStandard:ZZUnitStandard_id:1003
*,6310,Y,Elective,ZZSkillsProgramme:ZZSkillsProgramme_ID:278;ZZUnitStandard:ZZUnitStandard_id:1007
*,6311,Y,Elective,ZZSkillsProgramme:ZZSkillsProgramme_ID:278;ZZUnitStandard:ZZUnitStandard_id:1669
*,6312,Y,Core,ZZSkillsProgramme:ZZSkillsProgramme_ID:278;ZZUnitStandard:ZZUnitStandard_id:996
*,6313,Y,Elective,ZZSkillsProgramme:ZZSkillsProgramme_ID:278;ZZUnitStandard:ZZUnitStandard_id:2937
*,6314,Y,Elective,ZZSkillsProgramme:ZZSkillsProgramme_ID:278;ZZUnitStandard:ZZUnitStandard_id:2954
*,6315,Y,Elective,ZZSkillsProgramme:ZZSkillsProgramme_ID:278;ZZUnitStandard:ZZUnitStandard_id:2925
*,6316,Y,Elective,ZZSkillsProgramme:ZZSkillsProgramme_ID:278;ZZUnitStandard:ZZUnitStandard_id:2927
*,6317,Y,Elective,ZZSkillsProgramme:ZZSkillsProgramme_ID:278;ZZUnitStandard:ZZUnitStandard_id:2941
*,6318,Y,Elective,ZZSkillsProgramme:ZZSkillsProgramme_ID:278;ZZUnitStandard:ZZUnitStandard_id:2942
*,6319,Y,Elective,ZZSkillsProgramme:ZZSkillsProgramme_ID:278;ZZUnitStandard:ZZUnitStandard_id:2939
*,6320,Y,Elective,ZZSkillsProgramme:ZZSkillsProgramme_ID:278;ZZUnitStandard:ZZUnitStandard_id:2936
*,6321,Y,Elective,ZZSkillsProgramme:ZZSkillsProgramme_ID:278;ZZUnitStandard:ZZUnitStandard_id:2944
*,6322,Y,Elective,ZZSkillsProgramme:ZZSkillsProgramme_ID:278;ZZUnitStandard:ZZUnitStandard_id:2928
*,6323,Y,Elective,ZZSkillsProgramme:ZZSkillsProgramme_ID:278;ZZUnitStandard:ZZUnitStandard_id:2929
*,6324,Y,Elective,ZZSkillsProgramme:ZZSkillsProgramme_ID:278;ZZUnitStandard:ZZUnitStandard_id:2945
*,6325,Y,Elective,ZZSkillsProgramme:ZZSkillsProgramme_ID:278;ZZUnitStandard:ZZUnitStandard_id:2950
*,6326,Y,Elective,ZZSkillsProgramme:ZZSkillsProgramme_ID:278;ZZUnitStandard:ZZUnitStandard_id:2953
*,6327,Y,Elective,ZZSkillsProgramme:ZZSkillsProgramme_ID:278;ZZUnitStandard:ZZUnitStandard_id:2934
*,6328,Y,Elective,ZZSkillsProgramme:ZZSkillsProgramme_ID:278;ZZUnitStandard:ZZUnitStandard_id:3566
*,6329,Y,Elective,ZZSkillsProgramme:ZZSkillsProgramme_ID:278;ZZUnitStandard:ZZUnitStandard_id:2933
*,6330,Y,Elective,ZZSkillsProgramme:ZZSkillsProgramme_ID:278;ZZUnitStandard:ZZUnitStandard_id:2935
*,6331,Y,Elective,ZZSkillsProgramme:ZZSkillsProgramme_ID:278;ZZUnitStandard:ZZUnitStandard_id:2946
*,6332,Y,Elective,ZZSkillsProgramme:ZZSkillsProgramme_ID:278;ZZUnitStandard:ZZUnitStandard_id:2926
*,6333,Y,Elective,ZZSkillsProgramme:ZZSkillsProgramme_ID:278;ZZUnitStandard:ZZUnitStandard_id:2947
*,6334,Y,Elective,ZZSkillsProgramme:ZZSkillsProgramme_ID:278;ZZUnitStandard:ZZUnitStandard_id:2940
*,6335,Y,Elective,ZZSkillsProgramme:ZZSkillsProgramme_ID:278;ZZUnitStandard:ZZUnitStandard_id:2951
*,6336,Y,Elective,ZZSkillsProgramme:ZZSkillsProgramme_ID:278;ZZUnitStandard:ZZUnitStandard_id:2930
*,6337,Y,Elective,ZZSkillsProgramme:ZZSkillsProgramme_ID:278;ZZUnitStandard:ZZUnitStandard_id:2952
*,6338,Y,Elective,ZZSkillsProgramme:ZZSkillsProgramme_ID:278;ZZUnitStandard:ZZUnitStandard_id:2943
*,6339,Y,Core,ZZSkillsProgramme:ZZSkillsProgramme_ID:278;ZZUnitStandard:ZZUnitStandard_id:2854
*,6340,Y,Core,ZZSkillsProgramme:ZZSkillsProgramme_ID:279;ZZUnitStandard:ZZUnitStandard_id:2283
*,6341,Y,Core,ZZSkillsProgramme:ZZSkillsProgramme_ID:279;ZZUnitStandard:ZZUnitStandard_id:2855
*,6342,Y,Core,ZZSkillsProgramme:ZZSkillsProgramme_ID:279;ZZUnitStandard:ZZUnitStandard_id:2854
*,6343,Y,Elective,ZZSkillsProgramme:ZZSkillsProgramme_ID:280;ZZUnitStandard:ZZUnitStandard_id:901
*,6344,Y,Elective,ZZSkillsProgramme:ZZSkillsProgramme_ID:280;ZZUnitStandard:ZZUnitStandard_id:3356
*,6345,Y,Elective,ZZSkillsProgramme:ZZSkillsProgramme_ID:280;ZZUnitStandard:ZZUnitStandard_id:387
*,6346,Y,Core,ZZSkillsProgramme:ZZSkillsProgramme_ID:280;ZZUnitStandard:ZZUnitStandard_id:1034
*,6347,Y,Elective,ZZSkillsProgramme:ZZSkillsProgramme_ID:280;ZZUnitStandard:ZZUnitStandard_id:529
*,6348,Y,Elective,ZZSkillsProgramme:ZZSkillsProgramme_ID:280;ZZUnitStandard:ZZUnitStandard_id:1234
*,6349,Y,Elective,ZZSkillsProgramme:ZZSkillsProgramme_ID:280;ZZUnitStandard:ZZUnitStandard_id:2537
*,6350,Y,Elective,ZZSkillsProgramme:ZZSkillsProgramme_ID:280;ZZUnitStandard:ZZUnitStandard_id:2542
*,6351,Y,Elective,ZZSkillsProgramme:ZZSkillsProgramme_ID:280;ZZUnitStandard:ZZUnitStandard_id:2553
*,6352,Y,Elective,ZZSkillsProgramme:ZZSkillsProgramme_ID:280;ZZUnitStandard:ZZUnitStandard_id:2543
*,6353,Y,Elective,ZZSkillsProgramme:ZZSkillsProgramme_ID:280;ZZUnitStandard:ZZUnitStandard_id:2534
*,6354,Y,Core,ZZSkillsProgramme:ZZSkillsProgramme_ID:280;ZZUnitStandard:ZZUnitStandard_id:2536
*,6355,Y,Elective,ZZSkillsProgramme:ZZSkillsProgramme_ID:280;ZZUnitStandard:ZZUnitStandard_id:2633
*,6356,Y,Elective,ZZSkillsProgramme:ZZSkillsProgramme_ID:280;ZZUnitStandard:ZZUnitStandard_id:2552
*,6357,Y,Elective,ZZSkillsProgramme:ZZSkillsProgramme_ID:280;ZZUnitStandard:ZZUnitStandard_id:2551
*,6358,Y,Elective,ZZSkillsProgramme:ZZSkillsProgramme_ID:280;ZZUnitStandard:ZZUnitStandard_id:2544
*,6359,Y,Elective,ZZSkillsProgramme:ZZSkillsProgramme_ID:280;ZZUnitStandard:ZZUnitStandard_id:2634
*,6360,Y,Core,ZZSkillsProgramme:ZZSkillsProgramme_ID:280;ZZUnitStandard:ZZUnitStandard_id:3357
*,6361,Y,Elective,ZZSkillsProgramme:ZZSkillsProgramme_ID:280;ZZUnitStandard:ZZUnitStandard_id:3354
*,6362,Y,Elective,ZZSkillsProgramme:ZZSkillsProgramme_ID:280;ZZUnitStandard:ZZUnitStandard_id:3355
*,6363,Y,Elective,ZZSkillsProgramme:ZZSkillsProgramme_ID:281;ZZUnitStandard:ZZUnitStandard_id:901
*,6364,Y,Elective,ZZSkillsProgramme:ZZSkillsProgramme_ID:281;ZZUnitStandard:ZZUnitStandard_id:3356
*,6365,Y,Core,ZZSkillsProgramme:ZZSkillsProgramme_ID:281;ZZUnitStandard:ZZUnitStandard_id:469
*,6366,Y,Elective,ZZSkillsProgramme:ZZSkillsProgramme_ID:281;ZZUnitStandard:ZZUnitStandard_id:387
*,6367,Y,Core,ZZSkillsProgramme:ZZSkillsProgramme_ID:281;ZZUnitStandard:ZZUnitStandard_id:1034
*,6368,Y,Elective,ZZSkillsProgramme:ZZSkillsProgramme_ID:281;ZZUnitStandard:ZZUnitStandard_id:529
*,6369,Y,Elective,ZZSkillsProgramme:ZZSkillsProgramme_ID:281;ZZUnitStandard:ZZUnitStandard_id:1234
*,6370,Y,Elective,ZZSkillsProgramme:ZZSkillsProgramme_ID:281;ZZUnitStandard:ZZUnitStandard_id:2537
*,6371,Y,Elective,ZZSkillsProgramme:ZZSkillsProgramme_ID:281;ZZUnitStandard:ZZUnitStandard_id:2542
*,6372,Y,Elective,ZZSkillsProgramme:ZZSkillsProgramme_ID:281;ZZUnitStandard:ZZUnitStandard_id:2553
*,6373,Y,Elective,ZZSkillsProgramme:ZZSkillsProgramme_ID:281;ZZUnitStandard:ZZUnitStandard_id:2543
*,6374,Y,Elective,ZZSkillsProgramme:ZZSkillsProgramme_ID:281;ZZUnitStandard:ZZUnitStandard_id:2534
*,6375,Y,Core,ZZSkillsProgramme:ZZSkillsProgramme_ID:281;ZZUnitStandard:ZZUnitStandard_id:2536
*,6376,Y,Elective,ZZSkillsProgramme:ZZSkillsProgramme_ID:281;ZZUnitStandard:ZZUnitStandard_id:2633
*,6377,Y,Elective,ZZSkillsProgramme:ZZSkillsProgramme_ID:281;ZZUnitStandard:ZZUnitStandard_id:2552
*,6378,Y,Elective,ZZSkillsProgramme:ZZSkillsProgramme_ID:281;ZZUnitStandard:ZZUnitStandard_id:2551
*,6379,Y,Elective,ZZSkillsProgramme:ZZSkillsProgramme_ID:281;ZZUnitStandard:ZZUnitStandard_id:2634
*,6380,Y,Elective,ZZSkillsProgramme:ZZSkillsProgramme_ID:281;ZZUnitStandard:ZZUnitStandard_id:3354
*,6381,Y,Elective,ZZSkillsProgramme:ZZSkillsProgramme_ID:281;ZZUnitStandard:ZZUnitStandard_id:3355
*,6382,Y,Core,ZZSkillsProgramme:ZZSkillsProgramme_ID:282;ZZUnitStandard:ZZUnitStandard_id:2181
*,6383,Y,Elective,ZZSkillsProgramme:ZZSkillsProgramme_ID:282;ZZUnitStandard:ZZUnitStandard_id:1857
*,6384,Y,Elective,ZZSkillsProgramme:ZZSkillsProgramme_ID:282;ZZUnitStandard:ZZUnitStandard_id:2610
*,6385,Y,Elective,ZZSkillsProgramme:ZZSkillsProgramme_ID:282;ZZUnitStandard:ZZUnitStandard_id:1858
*,6386,Y,Elective,ZZSkillsProgramme:ZZSkillsProgramme_ID:282;ZZUnitStandard:ZZUnitStandard_id:1855
*,6387,Y,Elective,ZZSkillsProgramme:ZZSkillsProgramme_ID:282;ZZUnitStandard:ZZUnitStandard_id:1590
*,6388,Y,Core,ZZSkillsProgramme:ZZSkillsProgramme_ID:282;ZZUnitStandard:ZZUnitStandard_id:1728
*,6389,Y,Core,ZZSkillsProgramme:ZZSkillsProgramme_ID:282;ZZUnitStandard:ZZUnitStandard_id:1346
*,6390,Y,Core,ZZSkillsProgramme:ZZSkillsProgramme_ID:282;ZZUnitStandard:ZZUnitStandard_id:2902
*,6391,Y,Core,ZZSkillsProgramme:ZZSkillsProgramme_ID:282;ZZUnitStandard:ZZUnitStandard_id:2608
*,6392,Y,Elective,ZZSkillsProgramme:ZZSkillsProgramme_ID:282;ZZUnitStandard:ZZUnitStandard_id:2611
*,6393,Y,Core,ZZSkillsProgramme:ZZSkillsProgramme_ID:282;ZZUnitStandard:ZZUnitStandard_id:2584
*,6394,Y,Core,ZZSkillsProgramme:ZZSkillsProgramme_ID:282;ZZUnitStandard:ZZUnitStandard_id:2909
*,6395,Y,Core,ZZSkillsProgramme:ZZSkillsProgramme_ID:282;ZZUnitStandard:ZZUnitStandard_id:1716
*,6396,Y,Core,ZZSkillsProgramme:ZZSkillsProgramme_ID:283;ZZUnitStandard:ZZUnitStandard_id:2187
*,6397,Y,Core,ZZSkillsProgramme:ZZSkillsProgramme_ID:283;ZZUnitStandard:ZZUnitStandard_id:976
*,6398,Y,Elective,ZZSkillsProgramme:ZZSkillsProgramme_ID:283;ZZUnitStandard:ZZUnitStandard_id:1880
*,6399,Y,Elective,ZZSkillsProgramme:ZZSkillsProgramme_ID:283;ZZUnitStandard:ZZUnitStandard_id:1884
*,6400,Y,Elective,ZZSkillsProgramme:ZZSkillsProgramme_ID:283;ZZUnitStandard:ZZUnitStandard_id:2592
*,6401,Y,Elective,ZZSkillsProgramme:ZZSkillsProgramme_ID:283;ZZUnitStandard:ZZUnitStandard_id:2606
*,6402,Y,Elective,ZZSkillsProgramme:ZZSkillsProgramme_ID:283;ZZUnitStandard:ZZUnitStandard_id:2188
*,6403,Y,Core,ZZSkillsProgramme:ZZSkillsProgramme_ID:283;ZZUnitStandard:ZZUnitStandard_id:1346
*,6404,Y,Core,ZZSkillsProgramme:ZZSkillsProgramme_ID:283;ZZUnitStandard:ZZUnitStandard_id:2588
*,6405,Y,Core,ZZSkillsProgramme:ZZSkillsProgramme_ID:283;ZZUnitStandard:ZZUnitStandard_id:2587
*,6406,Y,Core,ZZSkillsProgramme:ZZSkillsProgramme_ID:283;ZZUnitStandard:ZZUnitStandard_id:2583
*,6407,Y,Core,ZZSkillsProgramme:ZZSkillsProgramme_ID:283;ZZUnitStandard:ZZUnitStandard_id:2903
*,6408,Y,Core,ZZSkillsProgramme:ZZSkillsProgramme_ID:283;ZZUnitStandard:ZZUnitStandard_id:2584
*,6409,Y,Elective,ZZSkillsProgramme:ZZSkillsProgramme_ID:283;ZZUnitStandard:ZZUnitStandard_id:2607
*,6410,Y,Core,ZZSkillsProgramme:ZZSkillsProgramme_ID:284;ZZUnitStandard:ZZUnitStandard_id:1884
*,6411,Y,Core,ZZSkillsProgramme:ZZSkillsProgramme_ID:284;ZZUnitStandard:ZZUnitStandard_id:2341
*,6412,Y,Core,ZZSkillsProgramme:ZZSkillsProgramme_ID:284;ZZUnitStandard:ZZUnitStandard_id:1725
*,6413,Y,Core,ZZSkillsProgramme:ZZSkillsProgramme_ID:284;ZZUnitStandard:ZZUnitStandard_id:2342
*,6414,Y,Core,ZZSkillsProgramme:ZZSkillsProgramme_ID:284;ZZUnitStandard:ZZUnitStandard_id:2249
*,6415,Y,Elective,ZZSkillsProgramme:ZZSkillsProgramme_ID:285;ZZUnitStandard:ZZUnitStandard_id:1466
*,6416,Y,Core,ZZSkillsProgramme:ZZSkillsProgramme_ID:285;ZZUnitStandard:ZZUnitStandard_id:2273
*,6417,Y,Core,ZZSkillsProgramme:ZZSkillsProgramme_ID:285;ZZUnitStandard:ZZUnitStandard_id:2913
*,6418,Y,Elective,ZZSkillsProgramme:ZZSkillsProgramme_ID:285;ZZUnitStandard:ZZUnitStandard_id:2857
*,6419,Y,Elective,ZZSkillsProgramme:ZZSkillsProgramme_ID:285;ZZUnitStandard:ZZUnitStandard_id:2856
*,6420,Y,Elective,ZZSkillsProgramme:ZZSkillsProgramme_ID:285;ZZUnitStandard:ZZUnitStandard_id:3009
*,6421,Y,Core,ZZSkillsProgramme:ZZSkillsProgramme_ID:286;ZZUnitStandard:ZZUnitStandard_id:1897
*,6422,Y,Core,ZZSkillsProgramme:ZZSkillsProgramme_ID:286;ZZUnitStandard:ZZUnitStandard_id:1727
*,6423,Y,Core,ZZSkillsProgramme:ZZSkillsProgramme_ID:286;ZZUnitStandard:ZZUnitStandard_id:1281
*,6424,Y,Core,ZZSkillsProgramme:ZZSkillsProgramme_ID:286;ZZUnitStandard:ZZUnitStandard_id:2326
*,6425,Y,Core,ZZSkillsProgramme:ZZSkillsProgramme_ID:286;ZZUnitStandard:ZZUnitStandard_id:2325
*,6426,Y,Core,ZZSkillsProgramme:ZZSkillsProgramme_ID:286;ZZUnitStandard:ZZUnitStandard_id:2327
*,6427,Y,Core,ZZSkillsProgramme:ZZSkillsProgramme_ID:286;ZZUnitStandard:ZZUnitStandard_id:2328
*,6428,Y,Core,ZZSkillsProgramme:ZZSkillsProgramme_ID:286;ZZUnitStandard:ZZUnitStandard_id:2140
*,6429,Y,Core,ZZSkillsProgramme:ZZSkillsProgramme_ID:286;ZZUnitStandard:ZZUnitStandard_id:2139
*,6430,Y,Core,ZZSkillsProgramme:ZZSkillsProgramme_ID:286;ZZUnitStandard:ZZUnitStandard_id:2230
*,6431,Y,Core,ZZSkillsProgramme:ZZSkillsProgramme_ID:286;ZZUnitStandard:ZZUnitStandard_id:3409
*,6432,Y,Core,ZZSkillsProgramme:ZZSkillsProgramme_ID:286;ZZUnitStandard:ZZUnitStandard_id:3086
*,6433,Y,Core,ZZSkillsProgramme:ZZSkillsProgramme_ID:286;ZZUnitStandard:ZZUnitStandard_id:3113
*,6434,Y,Core,ZZSkillsProgramme:ZZSkillsProgramme_ID:287;ZZUnitStandard:ZZUnitStandard_id:1034
*,6435,Y,Core,ZZSkillsProgramme:ZZSkillsProgramme_ID:287;ZZUnitStandard:ZZUnitStandard_id:2537
*,6436,Y,Core,ZZSkillsProgramme:ZZSkillsProgramme_ID:287;ZZUnitStandard:ZZUnitStandard_id:2534
*,6437,Y,Core,ZZSkillsProgramme:ZZSkillsProgramme_ID:287;ZZUnitStandard:ZZUnitStandard_id:2536
*,6438,Y,Core,ZZSkillsProgramme:ZZSkillsProgramme_ID:288;ZZUnitStandard:ZZUnitStandard_id:1034
*,6439,Y,Core,ZZSkillsProgramme:ZZSkillsProgramme_ID:288;ZZUnitStandard:ZZUnitStandard_id:2537
*,6440,Y,Core,ZZSkillsProgramme:ZZSkillsProgramme_ID:288;ZZUnitStandard:ZZUnitStandard_id:2536
*,6441,Y,Core,ZZSkillsProgramme:ZZSkillsProgramme_ID:288;ZZUnitStandard:ZZUnitStandard_id:2544
*,6442,Y,Core,ZZSkillsProgramme:ZZSkillsProgramme_ID:289;ZZUnitStandard:ZZUnitStandard_id:527
*,6443,Y,Core,ZZSkillsProgramme:ZZSkillsProgramme_ID:289;ZZUnitStandard:ZZUnitStandard_id:1034
*,6444,Y,Core,ZZSkillsProgramme:ZZSkillsProgramme_ID:289;ZZUnitStandard:ZZUnitStandard_id:2537
*,6445,Y,Core,ZZSkillsProgramme:ZZSkillsProgramme_ID:289;ZZUnitStandard:ZZUnitStandard_id:2536
*,6446,Y,Core,ZZSkillsProgramme:ZZSkillsProgramme_ID:290;ZZUnitStandard:ZZUnitStandard_id:355
*,6447,Y,Core,ZZSkillsProgramme:ZZSkillsProgramme_ID:290;ZZUnitStandard:ZZUnitStandard_id:940
*,6448,Y,Core,ZZSkillsProgramme:ZZSkillsProgramme_ID:290;ZZUnitStandard:ZZUnitStandard_id:985
*,6449,Y,Core,ZZSkillsProgramme:ZZSkillsProgramme_ID:290;ZZUnitStandard:ZZUnitStandard_id:2265
*,6450,Y,Core,ZZSkillsProgramme:ZZSkillsProgramme_ID:290;ZZUnitStandard:ZZUnitStandard_id:88
*,6451,Y,Core,ZZSkillsProgramme:ZZSkillsProgramme_ID:290;ZZUnitStandard:ZZUnitStandard_id:91
*,6452,Y,Core,ZZSkillsProgramme:ZZSkillsProgramme_ID:291;ZZUnitStandard:ZZUnitStandard_id:985
*,6453,Y,Core,ZZSkillsProgramme:ZZSkillsProgramme_ID:291;ZZUnitStandard:ZZUnitStandard_id:3124
*,6454,Y,Core,ZZSkillsProgramme:ZZSkillsProgramme_ID:291;ZZUnitStandard:ZZUnitStandard_id:90
*,6455,Y,Core,ZZSkillsProgramme:ZZSkillsProgramme_ID:291;ZZUnitStandard:ZZUnitStandard_id:84
*,6456,Y,Core,ZZSkillsProgramme:ZZSkillsProgramme_ID:291;ZZUnitStandard:ZZUnitStandard_id:89
*,6457,Y,Elective,ZZSkillsProgramme:ZZSkillsProgramme_ID:292;ZZUnitStandard:ZZUnitStandard_id:3108
*,6458,Y,Core,ZZSkillsProgramme:ZZSkillsProgramme_ID:292;ZZUnitStandard:ZZUnitStandard_id:1897
*,6459,Y,Elective,ZZSkillsProgramme:ZZSkillsProgramme_ID:292;ZZUnitStandard:ZZUnitStandard_id:171
*,6460,Y,Fundamental,ZZSkillsProgramme:ZZSkillsProgramme_ID:292;ZZUnitStandard:ZZUnitStandard_id:2450
*,6461,Y,Fundamental,ZZSkillsProgramme:ZZSkillsProgramme_ID:292;ZZUnitStandard:ZZUnitStandard_id:2453
*,6462,Y,Fundamental,ZZSkillsProgramme:ZZSkillsProgramme_ID:292;ZZUnitStandard:ZZUnitStandard_id:2452
*,6463,Y,Fundamental,ZZSkillsProgramme:ZZSkillsProgramme_ID:292;ZZUnitStandard:ZZUnitStandard_id:2340
*,6464,Y,Core,ZZSkillsProgramme:ZZSkillsProgramme_ID:292;ZZUnitStandard:ZZUnitStandard_id:1725
*,6465,Y,Core,ZZSkillsProgramme:ZZSkillsProgramme_ID:292;ZZUnitStandard:ZZUnitStandard_id:1726
*,6466,Y,Core,ZZSkillsProgramme:ZZSkillsProgramme_ID:292;ZZUnitStandard:ZZUnitStandard_id:1466
*,6467,Y,Elective,ZZSkillsProgramme:ZZSkillsProgramme_ID:292;ZZUnitStandard:ZZUnitStandard_id:3109
*,6468,Y,Core,ZZSkillsProgramme:ZZSkillsProgramme_ID:292;ZZUnitStandard:ZZUnitStandard_id:3096
*,6469,Y,Core,ZZSkillsProgramme:ZZSkillsProgramme_ID:292;ZZUnitStandard:ZZUnitStandard_id:3092
*,6470,Y,Elective,ZZSkillsProgramme:ZZSkillsProgramme_ID:292;ZZUnitStandard:ZZUnitStandard_id:3100
*,6471,Y,Core,ZZSkillsProgramme:ZZSkillsProgramme_ID:292;ZZUnitStandard:ZZUnitStandard_id:3093
*,6472,Y,Elective,ZZSkillsProgramme:ZZSkillsProgramme_ID:292;ZZUnitStandard:ZZUnitStandard_id:3105
*,6473,Y,Core,ZZSkillsProgramme:ZZSkillsProgramme_ID:292;ZZUnitStandard:ZZUnitStandard_id:3086
*,6474,Y,Elective,ZZSkillsProgramme:ZZSkillsProgramme_ID:292;ZZUnitStandard:ZZUnitStandard_id:3098
*,6475,Y,Elective,ZZSkillsProgramme:ZZSkillsProgramme_ID:292;ZZUnitStandard:ZZUnitStandard_id:3097
*,6476,Y,Core,ZZSkillsProgramme:ZZSkillsProgramme_ID:292;ZZUnitStandard:ZZUnitStandard_id:3087
*,6477,Y,Core,ZZSkillsProgramme:ZZSkillsProgramme_ID:292;ZZUnitStandard:ZZUnitStandard_id:3088
*,6478,Y,Elective,ZZSkillsProgramme:ZZSkillsProgramme_ID:292;ZZUnitStandard:ZZUnitStandard_id:3101
*,6479,Y,Core,ZZSkillsProgramme:ZZSkillsProgramme_ID:292;ZZUnitStandard:ZZUnitStandard_id:3094
*,6480,Y,Elective,ZZSkillsProgramme:ZZSkillsProgramme_ID:292;ZZUnitStandard:ZZUnitStandard_id:3104
*,6481,Y,Elective,ZZSkillsProgramme:ZZSkillsProgramme_ID:292;ZZUnitStandard:ZZUnitStandard_id:3099
*,6482,Y,Elective,ZZSkillsProgramme:ZZSkillsProgramme_ID:292;ZZUnitStandard:ZZUnitStandard_id:3106
*,6483,Y,Core,ZZSkillsProgramme:ZZSkillsProgramme_ID:292;ZZUnitStandard:ZZUnitStandard_id:3091
*,6484,Y,Core,ZZSkillsProgramme:ZZSkillsProgramme_ID:292;ZZUnitStandard:ZZUnitStandard_id:3090
*,6485,Y,Core,ZZSkillsProgramme:ZZSkillsProgramme_ID:292;ZZUnitStandard:ZZUnitStandard_id:3111
*,6486,Y,Core,ZZSkillsProgramme:ZZSkillsProgramme_ID:292;ZZUnitStandard:ZZUnitStandard_id:3095
*,6487,Y,Core,ZZSkillsProgramme:ZZSkillsProgramme_ID:292;ZZUnitStandard:ZZUnitStandard_id:3113
*,6488,Y,Core,ZZSkillsProgramme:ZZSkillsProgramme_ID:292;ZZUnitStandard:ZZUnitStandard_id:3089
*,6489,Y,Fundamental,ZZSkillsProgramme:ZZSkillsProgramme_ID:292;ZZUnitStandard:ZZUnitStandard_id:1185
*,6490,Y,Fundamental,ZZSkillsProgramme:ZZSkillsProgramme_ID:292;ZZUnitStandard:ZZUnitStandard_id:1514
*,6491,Y,Fundamental,ZZSkillsProgramme:ZZSkillsProgramme_ID:292;ZZUnitStandard:ZZUnitStandard_id:1186
*,6492,Y,Fundamental,ZZSkillsProgramme:ZZSkillsProgramme_ID:292;ZZUnitStandard:ZZUnitStandard_id:1516
*,6493,Y,Fundamental,ZZSkillsProgramme:ZZSkillsProgramme_ID:292;ZZUnitStandard:ZZUnitStandard_id:1194
*,6494,Y,Core,ZZSkillsProgramme:ZZSkillsProgramme_ID:292;ZZUnitStandard:ZZUnitStandard_id:2457
*,6495,Y,Core,ZZSkillsProgramme:ZZSkillsProgramme_ID:293;ZZUnitStandard:ZZUnitStandard_id:3419
*,6496,Y,Core,ZZSkillsProgramme:ZZSkillsProgramme_ID:293;ZZUnitStandard:ZZUnitStandard_id:3417
*,6497,Y,Core,ZZSkillsProgramme:ZZSkillsProgramme_ID:293;ZZUnitStandard:ZZUnitStandard_id:3418
*,6498,Y,Core,ZZSkillsProgramme:ZZSkillsProgramme_ID:293;ZZUnitStandard:ZZUnitStandard_id:3411
*,6499,Y,Core,ZZSkillsProgramme:ZZSkillsProgramme_ID:293;ZZUnitStandard:ZZUnitStandard_id:3426
*,6500,Y,Core,ZZSkillsProgramme:ZZSkillsProgramme_ID:293;ZZUnitStandard:ZZUnitStandard_id:3442
*,6501,Y,Core,ZZSkillsProgramme:ZZSkillsProgramme_ID:293;ZZUnitStandard:ZZUnitStandard_id:3557
*,6502,Y,Core,ZZSkillsProgramme:ZZSkillsProgramme_ID:293;ZZUnitStandard:ZZUnitStandard_id:3750
*,6503,Y,Core,ZZSkillsProgramme:ZZSkillsProgramme_ID:294;ZZUnitStandard:ZZUnitStandard_id:1897
*,6504,Y,Elective,ZZSkillsProgramme:ZZSkillsProgramme_ID:294;ZZUnitStandard:ZZUnitStandard_id:1461
*,6505,Y,Core,ZZSkillsProgramme:ZZSkillsProgramme_ID:294;ZZUnitStandard:ZZUnitStandard_id:2446
*,6506,Y,Elective,ZZSkillsProgramme:ZZSkillsProgramme_ID:294;ZZUnitStandard:ZZUnitStandard_id:1727
*,6507,Y,Core,ZZSkillsProgramme:ZZSkillsProgramme_ID:294;ZZUnitStandard:ZZUnitStandard_id:2326
*,6508,Y,Elective,ZZSkillsProgramme:ZZSkillsProgramme_ID:294;ZZUnitStandard:ZZUnitStandard_id:2325
*,6509,Y,Elective,ZZSkillsProgramme:ZZSkillsProgramme_ID:294;ZZUnitStandard:ZZUnitStandard_id:2327
*,6510,Y,Elective,ZZSkillsProgramme:ZZSkillsProgramme_ID:294;ZZUnitStandard:ZZUnitStandard_id:2328
*,6511,Y,Core,ZZSkillsProgramme:ZZSkillsProgramme_ID:294;ZZUnitStandard:ZZUnitStandard_id:2140
*,6512,Y,Core,ZZSkillsProgramme:ZZSkillsProgramme_ID:294;ZZUnitStandard:ZZUnitStandard_id:2139
*,6513,Y,Elective,ZZSkillsProgramme:ZZSkillsProgramme_ID:294;ZZUnitStandard:ZZUnitStandard_id:2230
*,6514,Y,Core,ZZSkillsProgramme:ZZSkillsProgramme_ID:294;ZZUnitStandard:ZZUnitStandard_id:3409
*,6515,Y,Core,ZZSkillsProgramme:ZZSkillsProgramme_ID:294;ZZUnitStandard:ZZUnitStandard_id:3086
*,6516,Y,Core,ZZSkillsProgramme:ZZSkillsProgramme_ID:295;ZZUnitStandard:ZZUnitStandard_id:2361
*,6517,Y,Core,ZZSkillsProgramme:ZZSkillsProgramme_ID:295;ZZUnitStandard:ZZUnitStandard_id:530
*,6518,Y,Core,ZZSkillsProgramme:ZZSkillsProgramme_ID:295;ZZUnitStandard:ZZUnitStandard_id:3503
*,6519,Y,Core,ZZSkillsProgramme:ZZSkillsProgramme_ID:295;ZZUnitStandard:ZZUnitStandard_id:3507
*,6520,Y,Core,ZZSkillsProgramme:ZZSkillsProgramme_ID:295;ZZUnitStandard:ZZUnitStandard_id:3519
*,6521,Y,Core,ZZSkillsProgramme:ZZSkillsProgramme_ID:296;ZZUnitStandard:ZZUnitStandard_id:665
*,6522,Y,Elective,ZZSkillsProgramme:ZZSkillsProgramme_ID:296;ZZUnitStandard:ZZUnitStandard_id:460
*,6523,Y,Elective,ZZSkillsProgramme:ZZSkillsProgramme_ID:296;ZZUnitStandard:ZZUnitStandard_id:461
*,6524,Y,Core,ZZSkillsProgramme:ZZSkillsProgramme_ID:296;ZZUnitStandard:ZZUnitStandard_id:668
*,6525,Y,Elective,ZZSkillsProgramme:ZZSkillsProgramme_ID:296;ZZUnitStandard:ZZUnitStandard_id:2773
*,6526,Y,Elective,ZZSkillsProgramme:ZZSkillsProgramme_ID:296;ZZUnitStandard:ZZUnitStandard_id:2774
*,6527,Y,Core,ZZSkillsProgramme:ZZSkillsProgramme_ID:296;ZZUnitStandard:ZZUnitStandard_id:3539
*,6528,Y,Core,ZZSkillsProgramme:ZZSkillsProgramme_ID:296;ZZUnitStandard:ZZUnitStandard_id:120
*,6529,Y,Core,ZZSkillsProgramme:ZZSkillsProgramme_ID:296;ZZUnitStandard:ZZUnitStandard_id:121
*,6530,Y,Elective,ZZSkillsProgramme:ZZSkillsProgramme_ID:296;ZZUnitStandard:ZZUnitStandard_id:129
*,6531,Y,Core,ZZSkillsProgramme:ZZSkillsProgramme_ID:297;ZZUnitStandard:ZZUnitStandard_id:2446
*,6532,Y,Core,ZZSkillsProgramme:ZZSkillsProgramme_ID:297;ZZUnitStandard:ZZUnitStandard_id:1722
*,6533,Y,Elective,ZZSkillsProgramme:ZZSkillsProgramme_ID:297;ZZUnitStandard:ZZUnitStandard_id:2230
*,6534,Y,Core,ZZSkillsProgramme:ZZSkillsProgramme_ID:297;ZZUnitStandard:ZZUnitStandard_id:2283
*,6535,Y,Core,ZZSkillsProgramme:ZZSkillsProgramme_ID:297;ZZUnitStandard:ZZUnitStandard_id:2228
*,6536,Y,Elective,ZZSkillsProgramme:ZZSkillsProgramme_ID:297;ZZUnitStandard:ZZUnitStandard_id:2537
*,6537,Y,Core,ZZSkillsProgramme:ZZSkillsProgramme_ID:297;ZZUnitStandard:ZZUnitStandard_id:2647
*,6538,Y,Elective,ZZSkillsProgramme:ZZSkillsProgramme_ID:297;ZZUnitStandard:ZZUnitStandard_id:3409
*,6539,Y,Core,ZZSkillsProgramme:ZZSkillsProgramme_ID:297;ZZUnitStandard:ZZUnitStandard_id:3086
*,6540,Y,Elective,ZZSkillsProgramme:ZZSkillsProgramme_ID:297;ZZUnitStandard:ZZUnitStandard_id:2854
*,6541,Y,Elective,ZZSkillsProgramme:ZZSkillsProgramme_ID:298;ZZUnitStandard:ZZUnitStandard_id:653
*,6542,Y,Elective,ZZSkillsProgramme:ZZSkillsProgramme_ID:298;ZZUnitStandard:ZZUnitStandard_id:1260
*,6543,Y,Elective,ZZSkillsProgramme:ZZSkillsProgramme_ID:298;ZZUnitStandard:ZZUnitStandard_id:1016
*,6544,Y,Elective,ZZSkillsProgramme:ZZSkillsProgramme_ID:298;ZZUnitStandard:ZZUnitStandard_id:1298
*,6545,Y,Elective,ZZSkillsProgramme:ZZSkillsProgramme_ID:298;ZZUnitStandard:ZZUnitStandard_id:1015
*,6546,Y,Elective,ZZSkillsProgramme:ZZSkillsProgramme_ID:298;ZZUnitStandard:ZZUnitStandard_id:439
*,6547,Y,Elective,ZZSkillsProgramme:ZZSkillsProgramme_ID:298;ZZUnitStandard:ZZUnitStandard_id:216
*,6548,Y,Elective,ZZSkillsProgramme:ZZSkillsProgramme_ID:298;ZZUnitStandard:ZZUnitStandard_id:2147
*,6549,Y,Elective,ZZSkillsProgramme:ZZSkillsProgramme_ID:298;ZZUnitStandard:ZZUnitStandard_id:3011
*,6550,Y,Elective,ZZSkillsProgramme:ZZSkillsProgramme_ID:298;ZZUnitStandard:ZZUnitStandard_id:648
*,6551,Y,Elective,ZZSkillsProgramme:ZZSkillsProgramme_ID:298;ZZUnitStandard:ZZUnitStandard_id:148
*,6552,Y,Elective,ZZSkillsProgramme:ZZSkillsProgramme_ID:298;ZZUnitStandard:ZZUnitStandard_id:36
*,6553,Y,Elective,ZZSkillsProgramme:ZZSkillsProgramme_ID:298;ZZUnitStandard:ZZUnitStandard_id:1003
*,6554,Y,Elective,ZZSkillsProgramme:ZZSkillsProgramme_ID:298;ZZUnitStandard:ZZUnitStandard_id:1007
*,6555,Y,Elective,ZZSkillsProgramme:ZZSkillsProgramme_ID:298;ZZUnitStandard:ZZUnitStandard_id:1669
*,6556,Y,Core,ZZSkillsProgramme:ZZSkillsProgramme_ID:298;ZZUnitStandard:ZZUnitStandard_id:996
*,6557,Y,Elective,ZZSkillsProgramme:ZZSkillsProgramme_ID:298;ZZUnitStandard:ZZUnitStandard_id:2656
*,6558,Y,Elective,ZZSkillsProgramme:ZZSkillsProgramme_ID:298;ZZUnitStandard:ZZUnitStandard_id:2937
*,6559,Y,Elective,ZZSkillsProgramme:ZZSkillsProgramme_ID:298;ZZUnitStandard:ZZUnitStandard_id:2954
*,6560,Y,Elective,ZZSkillsProgramme:ZZSkillsProgramme_ID:298;ZZUnitStandard:ZZUnitStandard_id:2925
*,6561,Y,Elective,ZZSkillsProgramme:ZZSkillsProgramme_ID:298;ZZUnitStandard:ZZUnitStandard_id:2927
*,6562,Y,Elective,ZZSkillsProgramme:ZZSkillsProgramme_ID:298;ZZUnitStandard:ZZUnitStandard_id:2941
*,6563,Y,Elective,ZZSkillsProgramme:ZZSkillsProgramme_ID:298;ZZUnitStandard:ZZUnitStandard_id:2942
*,6564,Y,Elective,ZZSkillsProgramme:ZZSkillsProgramme_ID:298;ZZUnitStandard:ZZUnitStandard_id:2939
*,6565,Y,Elective,ZZSkillsProgramme:ZZSkillsProgramme_ID:298;ZZUnitStandard:ZZUnitStandard_id:2936
*,6566,Y,Elective,ZZSkillsProgramme:ZZSkillsProgramme_ID:298;ZZUnitStandard:ZZUnitStandard_id:2944
*,6567,Y,Elective,ZZSkillsProgramme:ZZSkillsProgramme_ID:298;ZZUnitStandard:ZZUnitStandard_id:2928
*,6568,Y,Elective,ZZSkillsProgramme:ZZSkillsProgramme_ID:298;ZZUnitStandard:ZZUnitStandard_id:2929
*,6569,Y,Elective,ZZSkillsProgramme:ZZSkillsProgramme_ID:298;ZZUnitStandard:ZZUnitStandard_id:2945
*,6570,Y,Elective,ZZSkillsProgramme:ZZSkillsProgramme_ID:298;ZZUnitStandard:ZZUnitStandard_id:2950
*,6571,Y,Elective,ZZSkillsProgramme:ZZSkillsProgramme_ID:298;ZZUnitStandard:ZZUnitStandard_id:2953
*,6572,Y,Elective,ZZSkillsProgramme:ZZSkillsProgramme_ID:298;ZZUnitStandard:ZZUnitStandard_id:2934
*,6573,Y,Elective,ZZSkillsProgramme:ZZSkillsProgramme_ID:298;ZZUnitStandard:ZZUnitStandard_id:3566
*,6574,Y,Elective,ZZSkillsProgramme:ZZSkillsProgramme_ID:298;ZZUnitStandard:ZZUnitStandard_id:2933
*,6575,Y,Elective,ZZSkillsProgramme:ZZSkillsProgramme_ID:298;ZZUnitStandard:ZZUnitStandard_id:2935
*,6576,Y,Elective,ZZSkillsProgramme:ZZSkillsProgramme_ID:298;ZZUnitStandard:ZZUnitStandard_id:2946
*,6577,Y,Elective,ZZSkillsProgramme:ZZSkillsProgramme_ID:298;ZZUnitStandard:ZZUnitStandard_id:2926
*,6578,Y,Elective,ZZSkillsProgramme:ZZSkillsProgramme_ID:298;ZZUnitStandard:ZZUnitStandard_id:2947
*,6579,Y,Elective,ZZSkillsProgramme:ZZSkillsProgramme_ID:298;ZZUnitStandard:ZZUnitStandard_id:2922
*,6580,Y,Elective,ZZSkillsProgramme:ZZSkillsProgramme_ID:298;ZZUnitStandard:ZZUnitStandard_id:2940
*,6581,Y,Elective,ZZSkillsProgramme:ZZSkillsProgramme_ID:298;ZZUnitStandard:ZZUnitStandard_id:2951
*,6582,Y,Elective,ZZSkillsProgramme:ZZSkillsProgramme_ID:298;ZZUnitStandard:ZZUnitStandard_id:2930
*,6583,Y,Elective,ZZSkillsProgramme:ZZSkillsProgramme_ID:298;ZZUnitStandard:ZZUnitStandard_id:2952
*,6584,Y,Elective,ZZSkillsProgramme:ZZSkillsProgramme_ID:298;ZZUnitStandard:ZZUnitStandard_id:2943
*,6585,Y,Core,ZZSkillsProgramme:ZZSkillsProgramme_ID:298;ZZUnitStandard:ZZUnitStandard_id:2854
*,6586,Y,Elective,ZZSkillsProgramme:ZZSkillsProgramme_ID:298;ZZUnitStandard:ZZUnitStandard_id:3707
*,6587,Y,Core,ZZSkillsProgramme:ZZSkillsProgramme_ID:299;ZZUnitStandard:ZZUnitStandard_id:1952
*,6588,Y,Elective,ZZSkillsProgramme:ZZSkillsProgramme_ID:299;ZZUnitStandard:ZZUnitStandard_id:3864
*,6589,Y,Core,ZZSkillsProgramme:ZZSkillsProgramme_ID:299;ZZUnitStandard:ZZUnitStandard_id:2147
*,6590,Y,Core,ZZSkillsProgramme:ZZSkillsProgramme_ID:299;ZZUnitStandard:ZZUnitStandard_id:2283
*,6591,Y,Core,ZZSkillsProgramme:ZZSkillsProgramme_ID:299;ZZUnitStandard:ZZUnitStandard_id:3863
*,6592,Y,Core,ZZSkillsProgramme:ZZSkillsProgramme_ID:299;ZZUnitStandard:ZZUnitStandard_id:2863
*,6593,Y,Core,ZZSkillsProgramme:ZZSkillsProgramme_ID:299;ZZUnitStandard:ZZUnitStandard_id:2854
*,6594,Y,Core,ZZSkillsProgramme:ZZSkillsProgramme_ID:299;ZZUnitStandard:ZZUnitStandard_id:3740
*,6595,Y,Core,ZZSkillsProgramme:ZZSkillsProgramme_ID:299;ZZUnitStandard:ZZUnitStandard_id:3739
*,6596,Y,Elective,ZZSkillsProgramme:ZZSkillsProgramme_ID:299;ZZUnitStandard:ZZUnitStandard_id:2190
*,6597,Y,Elective,ZZSkillsProgramme:ZZSkillsProgramme_ID:300;ZZUnitStandard:ZZUnitStandard_id:3748
*,6598,Y,Core,ZZSkillsProgramme:ZZSkillsProgramme_ID:300;ZZUnitStandard:ZZUnitStandard_id:2220
*,6599,Y,Core,ZZSkillsProgramme:ZZSkillsProgramme_ID:300;ZZUnitStandard:ZZUnitStandard_id:1884
*,6600,Y,Core,ZZSkillsProgramme:ZZSkillsProgramme_ID:300;ZZUnitStandard:ZZUnitStandard_id:2266
*,6601,Y,Core,ZZSkillsProgramme:ZZSkillsProgramme_ID:300;ZZUnitStandard:ZZUnitStandard_id:3738
*,6602,Y,Elective,ZZSkillsProgramme:ZZSkillsProgramme_ID:300;ZZUnitStandard:ZZUnitStandard_id:2890
*,6603,Y,Core,ZZSkillsProgramme:ZZSkillsProgramme_ID:300;ZZUnitStandard:ZZUnitStandard_id:3742
*,6604,Y,Elective,ZZSkillsProgramme:ZZSkillsProgramme_ID:301;ZZUnitStandard:ZZUnitStandard_id:2187
*,6605,Y,Core,ZZSkillsProgramme:ZZSkillsProgramme_ID:301;ZZUnitStandard:ZZUnitStandard_id:3865
*,6606,Y,Elective,ZZSkillsProgramme:ZZSkillsProgramme_ID:301;ZZUnitStandard:ZZUnitStandard_id:2513
*,6607,Y,Elective,ZZSkillsProgramme:ZZSkillsProgramme_ID:301;ZZUnitStandard:ZZUnitStandard_id:1728
*,6608,Y,Core,ZZSkillsProgramme:ZZSkillsProgramme_ID:301;ZZUnitStandard:ZZUnitStandard_id:2890
*,6609,Y,Core,ZZSkillsProgramme:ZZSkillsProgramme_ID:301;ZZUnitStandard:ZZUnitStandard_id:3744
*,6610,Y,Elective,ZZSkillsProgramme:ZZSkillsProgramme_ID:302;ZZUnitStandard:ZZUnitStandard_id:2025
*,6611,Y,Elective,ZZSkillsProgramme:ZZSkillsProgramme_ID:302;ZZUnitStandard:ZZUnitStandard_id:1034
*,6612,Y,Core,ZZSkillsProgramme:ZZSkillsProgramme_ID:302;ZZUnitStandard:ZZUnitStandard_id:2283
*,6613,Y,Core,ZZSkillsProgramme:ZZSkillsProgramme_ID:302;ZZUnitStandard:ZZUnitStandard_id:2537
*,6614,Y,Elective,ZZSkillsProgramme:ZZSkillsProgramme_ID:302;ZZUnitStandard:ZZUnitStandard_id:1049
*,6615,Y,Core,ZZSkillsProgramme:ZZSkillsProgramme_ID:302;ZZUnitStandard:ZZUnitStandard_id:394
*,6616,Y,Elective,ZZSkillsProgramme:ZZSkillsProgramme_ID:302;ZZUnitStandard:ZZUnitStandard_id:531
*,6617,Y,Core,ZZSkillsProgramme:ZZSkillsProgramme_ID:302;ZZUnitStandard:ZZUnitStandard_id:530
*,6618,Y,Elective,ZZSkillsProgramme:ZZSkillsProgramme_ID:302;ZZUnitStandard:ZZUnitStandard_id:2772
*,6619,Y,Elective,ZZSkillsProgramme:ZZSkillsProgramme_ID:302;ZZUnitStandard:ZZUnitStandard_id:3383
*,6620,Y,Core,ZZSkillsProgramme:ZZSkillsProgramme_ID:302;ZZUnitStandard:ZZUnitStandard_id:3517
*,6621,Y,Elective,ZZSkillsProgramme:ZZSkillsProgramme_ID:302;ZZUnitStandard:ZZUnitStandard_id:3362
*,6622,Y,Elective,ZZSkillsProgramme:ZZSkillsProgramme_ID:302;ZZUnitStandard:ZZUnitStandard_id:3360
*,6623,Y,Elective,ZZSkillsProgramme:ZZSkillsProgramme_ID:303;ZZUnitStandard:ZZUnitStandard_id:3620
*,6624,Y,Elective,ZZSkillsProgramme:ZZSkillsProgramme_ID:303;ZZUnitStandard:ZZUnitStandard_id:3613
*,6625,Y,Elective,ZZSkillsProgramme:ZZSkillsProgramme_ID:303;ZZUnitStandard:ZZUnitStandard_id:3619
*,6626,Y,Elective,ZZSkillsProgramme:ZZSkillsProgramme_ID:303;ZZUnitStandard:ZZUnitStandard_id:3617
*,6627,Y,Elective,ZZSkillsProgramme:ZZSkillsProgramme_ID:303;ZZUnitStandard:ZZUnitStandard_id:3612
*,6628,Y,Core,ZZSkillsProgramme:ZZSkillsProgramme_ID:303;ZZUnitStandard:ZZUnitStandard_id:2283
*,6629,Y,Core,ZZSkillsProgramme:ZZSkillsProgramme_ID:303;ZZUnitStandard:ZZUnitStandard_id:3641
*,6630,Y,Core,ZZSkillsProgramme:ZZSkillsProgramme_ID:304;ZZUnitStandard:ZZUnitStandard_id:2840
*,6631,Y,Core,ZZSkillsProgramme:ZZSkillsProgramme_ID:304;ZZUnitStandard:ZZUnitStandard_id:3864
*,6632,Y,Core,ZZSkillsProgramme:ZZSkillsProgramme_ID:304;ZZUnitStandard:ZZUnitStandard_id:3011
*,6633,Y,Core,ZZSkillsProgramme:ZZSkillsProgramme_ID:304;ZZUnitStandard:ZZUnitStandard_id:3591
*,6634,Y,Elective,ZZSkillsProgramme:ZZSkillsProgramme_ID:304;ZZUnitStandard:ZZUnitStandard_id:2266
*,6635,Y,Core,ZZSkillsProgramme:ZZSkillsProgramme_ID:304;ZZUnitStandard:ZZUnitStandard_id:3743
*,6636,Y,Core,ZZSkillsProgramme:ZZSkillsProgramme_ID:304;ZZUnitStandard:ZZUnitStandard_id:3737
*,6637,Y,Elective,ZZSkillsProgramme:ZZSkillsProgramme_ID:304;ZZUnitStandard:ZZUnitStandard_id:2190
*,6638,Y,Core,ZZSkillsProgramme:ZZSkillsProgramme_ID:305;ZZUnitStandard:ZZUnitStandard_id:902
*,6639,Y,Core,ZZSkillsProgramme:ZZSkillsProgramme_ID:305;ZZUnitStandard:ZZUnitStandard_id:355
*,6640,Y,Core,ZZSkillsProgramme:ZZSkillsProgramme_ID:305;ZZUnitStandard:ZZUnitStandard_id:930
*,6641,Y,Core,ZZSkillsProgramme:ZZSkillsProgramme_ID:305;ZZUnitStandard:ZZUnitStandard_id:981
*,6642,Y,Core,ZZSkillsProgramme:ZZSkillsProgramme_ID:305;ZZUnitStandard:ZZUnitStandard_id:88
*,6643,Y,Core,ZZSkillsProgramme:ZZSkillsProgramme_ID:305;ZZUnitStandard:ZZUnitStandard_id:84
*,6644,Y,Core,ZZSkillsProgramme:ZZSkillsProgramme_ID:305;ZZUnitStandard:ZZUnitStandard_id:353
*,6645,Y,Core,ZZSkillsProgramme:ZZSkillsProgramme_ID:305;ZZUnitStandard:ZZUnitStandard_id:354
*,6646,Y,Core,ZZSkillsProgramme:ZZSkillsProgramme_ID:306;ZZUnitStandard:ZZUnitStandard_id:902
*,6647,Y,Core,ZZSkillsProgramme:ZZSkillsProgramme_ID:306;ZZUnitStandard:ZZUnitStandard_id:355
*,6648,Y,Core,ZZSkillsProgramme:ZZSkillsProgramme_ID:306;ZZUnitStandard:ZZUnitStandard_id:930
*,6649,Y,Core,ZZSkillsProgramme:ZZSkillsProgramme_ID:306;ZZUnitStandard:ZZUnitStandard_id:981
*,6650,Y,Core,ZZSkillsProgramme:ZZSkillsProgramme_ID:306;ZZUnitStandard:ZZUnitStandard_id:588
*,6651,Y,Core,ZZSkillsProgramme:ZZSkillsProgramme_ID:306;ZZUnitStandard:ZZUnitStandard_id:88
*,6652,Y,Core,ZZSkillsProgramme:ZZSkillsProgramme_ID:306;ZZUnitStandard:ZZUnitStandard_id:84
*,6653,Y,Core,ZZSkillsProgramme:ZZSkillsProgramme_ID:306;ZZUnitStandard:ZZUnitStandard_id:354
*,6654,Y,Core,ZZSkillsProgramme:ZZSkillsProgramme_ID:307;ZZUnitStandard:ZZUnitStandard_id:902
*,6655,Y,Core,ZZSkillsProgramme:ZZSkillsProgramme_ID:307;ZZUnitStandard:ZZUnitStandard_id:355
*,6656,Y,Core,ZZSkillsProgramme:ZZSkillsProgramme_ID:307;ZZUnitStandard:ZZUnitStandard_id:930
*,6657,Y,Core,ZZSkillsProgramme:ZZSkillsProgramme_ID:307;ZZUnitStandard:ZZUnitStandard_id:981
*,6658,Y,Core,ZZSkillsProgramme:ZZSkillsProgramme_ID:307;ZZUnitStandard:ZZUnitStandard_id:591
*,6659,Y,Core,ZZSkillsProgramme:ZZSkillsProgramme_ID:307;ZZUnitStandard:ZZUnitStandard_id:88
*,6660,Y,Core,ZZSkillsProgramme:ZZSkillsProgramme_ID:307;ZZUnitStandard:ZZUnitStandard_id:84
*,6661,Y,Core,ZZSkillsProgramme:ZZSkillsProgramme_ID:307;ZZUnitStandard:ZZUnitStandard_id:354
*,6662,Y,Core,ZZSkillsProgramme:ZZSkillsProgramme_ID:308;ZZUnitStandard:ZZUnitStandard_id:902
*,6663,Y,Core,ZZSkillsProgramme:ZZSkillsProgramme_ID:308;ZZUnitStandard:ZZUnitStandard_id:355
*,6664,Y,Core,ZZSkillsProgramme:ZZSkillsProgramme_ID:308;ZZUnitStandard:ZZUnitStandard_id:930
*,6665,Y,Core,ZZSkillsProgramme:ZZSkillsProgramme_ID:308;ZZUnitStandard:ZZUnitStandard_id:981
*,6666,Y,Core,ZZSkillsProgramme:ZZSkillsProgramme_ID:308;ZZUnitStandard:ZZUnitStandard_id:596
*,6667,Y,Core,ZZSkillsProgramme:ZZSkillsProgramme_ID:308;ZZUnitStandard:ZZUnitStandard_id:88
*,6668,Y,Core,ZZSkillsProgramme:ZZSkillsProgramme_ID:308;ZZUnitStandard:ZZUnitStandard_id:84
*,6669,Y,Core,ZZSkillsProgramme:ZZSkillsProgramme_ID:308;ZZUnitStandard:ZZUnitStandard_id:354
*,6670,Y,Core,ZZSkillsProgramme:ZZSkillsProgramme_ID:309;ZZUnitStandard:ZZUnitStandard_id:902
*,6671,Y,Core,ZZSkillsProgramme:ZZSkillsProgramme_ID:309;ZZUnitStandard:ZZUnitStandard_id:355
*,6672,Y,Core,ZZSkillsProgramme:ZZSkillsProgramme_ID:309;ZZUnitStandard:ZZUnitStandard_id:930
*,6673,Y,Core,ZZSkillsProgramme:ZZSkillsProgramme_ID:309;ZZUnitStandard:ZZUnitStandard_id:981
*,6674,Y,Core,ZZSkillsProgramme:ZZSkillsProgramme_ID:309;ZZUnitStandard:ZZUnitStandard_id:85
*,6675,Y,Core,ZZSkillsProgramme:ZZSkillsProgramme_ID:309;ZZUnitStandard:ZZUnitStandard_id:88
*,6676,Y,Core,ZZSkillsProgramme:ZZSkillsProgramme_ID:309;ZZUnitStandard:ZZUnitStandard_id:84
*,6677,Y,Core,ZZSkillsProgramme:ZZSkillsProgramme_ID:309;ZZUnitStandard:ZZUnitStandard_id:354
*,6678,Y,Core,ZZSkillsProgramme:ZZSkillsProgramme_ID:310;ZZUnitStandard:ZZUnitStandard_id:902
*,6679,Y,Core,ZZSkillsProgramme:ZZSkillsProgramme_ID:310;ZZUnitStandard:ZZUnitStandard_id:355
*,6680,Y,Core,ZZSkillsProgramme:ZZSkillsProgramme_ID:310;ZZUnitStandard:ZZUnitStandard_id:930
*,6681,Y,Core,ZZSkillsProgramme:ZZSkillsProgramme_ID:310;ZZUnitStandard:ZZUnitStandard_id:981
*,6682,Y,Core,ZZSkillsProgramme:ZZSkillsProgramme_ID:310;ZZUnitStandard:ZZUnitStandard_id:2321
*,6683,Y,Core,ZZSkillsProgramme:ZZSkillsProgramme_ID:310;ZZUnitStandard:ZZUnitStandard_id:88
*,6684,Y,Core,ZZSkillsProgramme:ZZSkillsProgramme_ID:310;ZZUnitStandard:ZZUnitStandard_id:84
*,6685,Y,Core,ZZSkillsProgramme:ZZSkillsProgramme_ID:310;ZZUnitStandard:ZZUnitStandard_id:354
*,6686,Y,Core,ZZSkillsProgramme:ZZSkillsProgramme_ID:311;ZZUnitStandard:ZZUnitStandard_id:902
*,6687,Y,Core,ZZSkillsProgramme:ZZSkillsProgramme_ID:311;ZZUnitStandard:ZZUnitStandard_id:355
*,6688,Y,Core,ZZSkillsProgramme:ZZSkillsProgramme_ID:311;ZZUnitStandard:ZZUnitStandard_id:930
*,6689,Y,Core,ZZSkillsProgramme:ZZSkillsProgramme_ID:311;ZZUnitStandard:ZZUnitStandard_id:981
*,6690,Y,Core,ZZSkillsProgramme:ZZSkillsProgramme_ID:311;ZZUnitStandard:ZZUnitStandard_id:587
*,6691,Y,Core,ZZSkillsProgramme:ZZSkillsProgramme_ID:311;ZZUnitStandard:ZZUnitStandard_id:88
*,6692,Y,Core,ZZSkillsProgramme:ZZSkillsProgramme_ID:311;ZZUnitStandard:ZZUnitStandard_id:84
*,6693,Y,Core,ZZSkillsProgramme:ZZSkillsProgramme_ID:311;ZZUnitStandard:ZZUnitStandard_id:354
*,6694,Y,Core,ZZSkillsProgramme:ZZSkillsProgramme_ID:312;ZZUnitStandard:ZZUnitStandard_id:902
*,6695,Y,Core,ZZSkillsProgramme:ZZSkillsProgramme_ID:312;ZZUnitStandard:ZZUnitStandard_id:355
*,6696,Y,Core,ZZSkillsProgramme:ZZSkillsProgramme_ID:312;ZZUnitStandard:ZZUnitStandard_id:930
*,6697,Y,Core,ZZSkillsProgramme:ZZSkillsProgramme_ID:312;ZZUnitStandard:ZZUnitStandard_id:981
*,6698,Y,Core,ZZSkillsProgramme:ZZSkillsProgramme_ID:312;ZZUnitStandard:ZZUnitStandard_id:88
*,6699,Y,Core,ZZSkillsProgramme:ZZSkillsProgramme_ID:312;ZZUnitStandard:ZZUnitStandard_id:83
*,6700,Y,Core,ZZSkillsProgramme:ZZSkillsProgramme_ID:312;ZZUnitStandard:ZZUnitStandard_id:84
*,6701,Y,Core,ZZSkillsProgramme:ZZSkillsProgramme_ID:312;ZZUnitStandard:ZZUnitStandard_id:354
*,6702,Y,Core,ZZSkillsProgramme:ZZSkillsProgramme_ID:313;ZZUnitStandard:ZZUnitStandard_id:902
*,6703,Y,Core,ZZSkillsProgramme:ZZSkillsProgramme_ID:313;ZZUnitStandard:ZZUnitStandard_id:355
*,6704,Y,Core,ZZSkillsProgramme:ZZSkillsProgramme_ID:313;ZZUnitStandard:ZZUnitStandard_id:930
*,6705,Y,Core,ZZSkillsProgramme:ZZSkillsProgramme_ID:313;ZZUnitStandard:ZZUnitStandard_id:981
*,6706,Y,Core,ZZSkillsProgramme:ZZSkillsProgramme_ID:313;ZZUnitStandard:ZZUnitStandard_id:589
*,6707,Y,Core,ZZSkillsProgramme:ZZSkillsProgramme_ID:313;ZZUnitStandard:ZZUnitStandard_id:88
*,6708,Y,Core,ZZSkillsProgramme:ZZSkillsProgramme_ID:313;ZZUnitStandard:ZZUnitStandard_id:84
*,6709,Y,Core,ZZSkillsProgramme:ZZSkillsProgramme_ID:313;ZZUnitStandard:ZZUnitStandard_id:354
*,6710,Y,Core,ZZSkillsProgramme:ZZSkillsProgramme_ID:314;ZZUnitStandard:ZZUnitStandard_id:902
*,6711,Y,Core,ZZSkillsProgramme:ZZSkillsProgramme_ID:314;ZZUnitStandard:ZZUnitStandard_id:355
*,6712,Y,Core,ZZSkillsProgramme:ZZSkillsProgramme_ID:314;ZZUnitStandard:ZZUnitStandard_id:930
*,6713,Y,Core,ZZSkillsProgramme:ZZSkillsProgramme_ID:314;ZZUnitStandard:ZZUnitStandard_id:981
*,6714,Y,Core,ZZSkillsProgramme:ZZSkillsProgramme_ID:314;ZZUnitStandard:ZZUnitStandard_id:88
*,6715,Y,Core,ZZSkillsProgramme:ZZSkillsProgramme_ID:314;ZZUnitStandard:ZZUnitStandard_id:84
*,6716,Y,Core,ZZSkillsProgramme:ZZSkillsProgramme_ID:314;ZZUnitStandard:ZZUnitStandard_id:351
*,6717,Y,Core,ZZSkillsProgramme:ZZSkillsProgramme_ID:314;ZZUnitStandard:ZZUnitStandard_id:354
*,6718,Y,Core,ZZSkillsProgramme:ZZSkillsProgramme_ID:315;ZZUnitStandard:ZZUnitStandard_id:902
*,6719,Y,Core,ZZSkillsProgramme:ZZSkillsProgramme_ID:315;ZZUnitStandard:ZZUnitStandard_id:355
*,6720,Y,Core,ZZSkillsProgramme:ZZSkillsProgramme_ID:315;ZZUnitStandard:ZZUnitStandard_id:930
*,6721,Y,Core,ZZSkillsProgramme:ZZSkillsProgramme_ID:315;ZZUnitStandard:ZZUnitStandard_id:981
*,6722,Y,Core,ZZSkillsProgramme:ZZSkillsProgramme_ID:315;ZZUnitStandard:ZZUnitStandard_id:2235
*,6723,Y,Core,ZZSkillsProgramme:ZZSkillsProgramme_ID:315;ZZUnitStandard:ZZUnitStandard_id:88
*,6724,Y,Core,ZZSkillsProgramme:ZZSkillsProgramme_ID:315;ZZUnitStandard:ZZUnitStandard_id:84
*,6725,Y,Core,ZZSkillsProgramme:ZZSkillsProgramme_ID:315;ZZUnitStandard:ZZUnitStandard_id:354
*,6726,Y,Core,ZZSkillsProgramme:ZZSkillsProgramme_ID:316;ZZUnitStandard:ZZUnitStandard_id:902
*,6727,Y,Core,ZZSkillsProgramme:ZZSkillsProgramme_ID:316;ZZUnitStandard:ZZUnitStandard_id:355
*,6728,Y,Core,ZZSkillsProgramme:ZZSkillsProgramme_ID:316;ZZUnitStandard:ZZUnitStandard_id:930
*,6729,Y,Core,ZZSkillsProgramme:ZZSkillsProgramme_ID:316;ZZUnitStandard:ZZUnitStandard_id:981
*,6730,Y,Core,ZZSkillsProgramme:ZZSkillsProgramme_ID:316;ZZUnitStandard:ZZUnitStandard_id:592
*,6731,Y,Core,ZZSkillsProgramme:ZZSkillsProgramme_ID:316;ZZUnitStandard:ZZUnitStandard_id:88
*,6732,Y,Core,ZZSkillsProgramme:ZZSkillsProgramme_ID:316;ZZUnitStandard:ZZUnitStandard_id:84
*,6733,Y,Core,ZZSkillsProgramme:ZZSkillsProgramme_ID:316;ZZUnitStandard:ZZUnitStandard_id:354
*,6734,Y,Core,ZZSkillsProgramme:ZZSkillsProgramme_ID:317;ZZUnitStandard:ZZUnitStandard_id:902
*,6735,Y,Core,ZZSkillsProgramme:ZZSkillsProgramme_ID:317;ZZUnitStandard:ZZUnitStandard_id:355
*,6736,Y,Core,ZZSkillsProgramme:ZZSkillsProgramme_ID:317;ZZUnitStandard:ZZUnitStandard_id:930
*,6737,Y,Core,ZZSkillsProgramme:ZZSkillsProgramme_ID:317;ZZUnitStandard:ZZUnitStandard_id:981
*,6738,Y,Core,ZZSkillsProgramme:ZZSkillsProgramme_ID:317;ZZUnitStandard:ZZUnitStandard_id:88
*,6739,Y,Core,ZZSkillsProgramme:ZZSkillsProgramme_ID:317;ZZUnitStandard:ZZUnitStandard_id:84
*,6740,Y,Core,ZZSkillsProgramme:ZZSkillsProgramme_ID:317;ZZUnitStandard:ZZUnitStandard_id:350
*,6741,Y,Core,ZZSkillsProgramme:ZZSkillsProgramme_ID:317;ZZUnitStandard:ZZUnitStandard_id:354
*,6742,Y,Core,ZZSkillsProgramme:ZZSkillsProgramme_ID:318;ZZUnitStandard:ZZUnitStandard_id:902
*,6743,Y,Core,ZZSkillsProgramme:ZZSkillsProgramme_ID:318;ZZUnitStandard:ZZUnitStandard_id:355
*,6744,Y,Core,ZZSkillsProgramme:ZZSkillsProgramme_ID:318;ZZUnitStandard:ZZUnitStandard_id:930
*,6745,Y,Core,ZZSkillsProgramme:ZZSkillsProgramme_ID:318;ZZUnitStandard:ZZUnitStandard_id:981
*,6746,Y,Core,ZZSkillsProgramme:ZZSkillsProgramme_ID:318;ZZUnitStandard:ZZUnitStandard_id:599
*,6747,Y,Core,ZZSkillsProgramme:ZZSkillsProgramme_ID:318;ZZUnitStandard:ZZUnitStandard_id:88
*,6748,Y,Core,ZZSkillsProgramme:ZZSkillsProgramme_ID:318;ZZUnitStandard:ZZUnitStandard_id:84
*,6749,Y,Core,ZZSkillsProgramme:ZZSkillsProgramme_ID:318;ZZUnitStandard:ZZUnitStandard_id:354
*,6750,Y,Core,ZZSkillsProgramme:ZZSkillsProgramme_ID:319;ZZUnitStandard:ZZUnitStandard_id:902
*,6751,Y,Core,ZZSkillsProgramme:ZZSkillsProgramme_ID:319;ZZUnitStandard:ZZUnitStandard_id:355
*,6752,Y,Core,ZZSkillsProgramme:ZZSkillsProgramme_ID:319;ZZUnitStandard:ZZUnitStandard_id:930
*,6753,Y,Core,ZZSkillsProgramme:ZZSkillsProgramme_ID:319;ZZUnitStandard:ZZUnitStandard_id:981
*,6754,Y,Core,ZZSkillsProgramme:ZZSkillsProgramme_ID:319;ZZUnitStandard:ZZUnitStandard_id:87
*,6755,Y,Core,ZZSkillsProgramme:ZZSkillsProgramme_ID:319;ZZUnitStandard:ZZUnitStandard_id:88
*,6756,Y,Core,ZZSkillsProgramme:ZZSkillsProgramme_ID:319;ZZUnitStandard:ZZUnitStandard_id:84
*,6757,Y,Core,ZZSkillsProgramme:ZZSkillsProgramme_ID:319;ZZUnitStandard:ZZUnitStandard_id:354
*,6758,Y,Core,ZZSkillsProgramme:ZZSkillsProgramme_ID:320;ZZUnitStandard:ZZUnitStandard_id:902
*,6759,Y,Core,ZZSkillsProgramme:ZZSkillsProgramme_ID:320;ZZUnitStandard:ZZUnitStandard_id:355
*,6760,Y,Core,ZZSkillsProgramme:ZZSkillsProgramme_ID:320;ZZUnitStandard:ZZUnitStandard_id:930
*,6761,Y,Core,ZZSkillsProgramme:ZZSkillsProgramme_ID:320;ZZUnitStandard:ZZUnitStandard_id:981
*,6762,Y,Core,ZZSkillsProgramme:ZZSkillsProgramme_ID:320;ZZUnitStandard:ZZUnitStandard_id:590
*,6763,Y,Core,ZZSkillsProgramme:ZZSkillsProgramme_ID:320;ZZUnitStandard:ZZUnitStandard_id:88
*,6764,Y,Core,ZZSkillsProgramme:ZZSkillsProgramme_ID:320;ZZUnitStandard:ZZUnitStandard_id:84
*,6765,Y,Core,ZZSkillsProgramme:ZZSkillsProgramme_ID:320;ZZUnitStandard:ZZUnitStandard_id:354
*,6766,Y,Core,ZZSkillsProgramme:ZZSkillsProgramme_ID:321;ZZUnitStandard:ZZUnitStandard_id:902
*,6767,Y,Core,ZZSkillsProgramme:ZZSkillsProgramme_ID:321;ZZUnitStandard:ZZUnitStandard_id:355
*,6768,Y,Core,ZZSkillsProgramme:ZZSkillsProgramme_ID:321;ZZUnitStandard:ZZUnitStandard_id:930
*,6769,Y,Core,ZZSkillsProgramme:ZZSkillsProgramme_ID:321;ZZUnitStandard:ZZUnitStandard_id:981
*,6770,Y,Core,ZZSkillsProgramme:ZZSkillsProgramme_ID:321;ZZUnitStandard:ZZUnitStandard_id:598
*,6771,Y,Core,ZZSkillsProgramme:ZZSkillsProgramme_ID:321;ZZUnitStandard:ZZUnitStandard_id:88
*,6772,Y,Core,ZZSkillsProgramme:ZZSkillsProgramme_ID:321;ZZUnitStandard:ZZUnitStandard_id:84
*,6773,Y,Core,ZZSkillsProgramme:ZZSkillsProgramme_ID:321;ZZUnitStandard:ZZUnitStandard_id:354
*,6774,Y,Core,ZZSkillsProgramme:ZZSkillsProgramme_ID:322;ZZUnitStandard:ZZUnitStandard_id:902
*,6775,Y,Core,ZZSkillsProgramme:ZZSkillsProgramme_ID:322;ZZUnitStandard:ZZUnitStandard_id:355
*,6776,Y,Core,ZZSkillsProgramme:ZZSkillsProgramme_ID:322;ZZUnitStandard:ZZUnitStandard_id:930
*,6777,Y,Core,ZZSkillsProgramme:ZZSkillsProgramme_ID:322;ZZUnitStandard:ZZUnitStandard_id:981
*,6778,Y,Core,ZZSkillsProgramme:ZZSkillsProgramme_ID:322;ZZUnitStandard:ZZUnitStandard_id:88
*,6779,Y,Core,ZZSkillsProgramme:ZZSkillsProgramme_ID:322;ZZUnitStandard:ZZUnitStandard_id:84
*,6780,Y,Core,ZZSkillsProgramme:ZZSkillsProgramme_ID:322;ZZUnitStandard:ZZUnitStandard_id:354
*,6781,Y,Core,ZZSkillsProgramme:ZZSkillsProgramme_ID:322;ZZUnitStandard:ZZUnitStandard_id:352
*,6782,Y,Core,ZZSkillsProgramme:ZZSkillsProgramme_ID:331;ZZUnitStandard:ZZUnitStandard_id:666
*,6783,Y,Core,ZZSkillsProgramme:ZZSkillsProgramme_ID:331;ZZUnitStandard:ZZUnitStandard_id:668
*,6784,Y,Elective,ZZSkillsProgramme:ZZSkillsProgramme_ID:331;ZZUnitStandard:ZZUnitStandard_id:2310
*,6785,Y,Elective,ZZSkillsProgramme:ZZSkillsProgramme_ID:331;ZZUnitStandard:ZZUnitStandard_id:2863
*,6786,Y,Elective,ZZSkillsProgramme:ZZSkillsProgramme_ID:331;ZZUnitStandard:ZZUnitStandard_id:3538
*,6787,Y,Elective,ZZSkillsProgramme:ZZSkillsProgramme_ID:331;ZZUnitStandard:ZZUnitStandard_id:3536
*,6788,Y,Core,ZZSkillsProgramme:ZZSkillsProgramme_ID:331;ZZUnitStandard:ZZUnitStandard_id:3534
*,6789,Y,Core,ZZSkillsProgramme:ZZSkillsProgramme_ID:331;ZZUnitStandard:ZZUnitStandard_id:3535
*,6790,Y,Core,ZZSkillsProgramme:ZZSkillsProgramme_ID:331;ZZUnitStandard:ZZUnitStandard_id:120
*,6791,Y,Elective,ZZSkillsProgramme:ZZSkillsProgramme_ID:332;ZZUnitStandard:ZZUnitStandard_id:663
*,6792,Y,Core,ZZSkillsProgramme:ZZSkillsProgramme_ID:332;ZZUnitStandard:ZZUnitStandard_id:665
*,6793,Y,Elective,ZZSkillsProgramme:ZZSkillsProgramme_ID:332;ZZUnitStandard:ZZUnitStandard_id:767
*,6794,Y,Core,ZZSkillsProgramme:ZZSkillsProgramme_ID:332;ZZUnitStandard:ZZUnitStandard_id:768
*,6795,Y,Elective,ZZSkillsProgramme:ZZSkillsProgramme_ID:332;ZZUnitStandard:ZZUnitStandard_id:661
*,6796,Y,Elective,ZZSkillsProgramme:ZZSkillsProgramme_ID:332;ZZUnitStandard:ZZUnitStandard_id:1087
*,6797,Y,Elective,ZZSkillsProgramme:ZZSkillsProgramme_ID:332;ZZUnitStandard:ZZUnitStandard_id:1089
*,6798,Y,Elective,ZZSkillsProgramme:ZZSkillsProgramme_ID:332;ZZUnitStandard:ZZUnitStandard_id:930
*,6799,Y,Core,ZZSkillsProgramme:ZZSkillsProgramme_ID:332;ZZUnitStandard:ZZUnitStandard_id:668
*,6800,Y,Elective,ZZSkillsProgramme:ZZSkillsProgramme_ID:332;ZZUnitStandard:ZZUnitStandard_id:2431
*,6801,Y,Elective,ZZSkillsProgramme:ZZSkillsProgramme_ID:332;ZZUnitStandard:ZZUnitStandard_id:2435
*,6802,Y,Elective,ZZSkillsProgramme:ZZSkillsProgramme_ID:332;ZZUnitStandard:ZZUnitStandard_id:3543
*,6803,Y,Elective,ZZSkillsProgramme:ZZSkillsProgramme_ID:332;ZZUnitStandard:ZZUnitStandard_id:3546
*,6804,Y,Elective,ZZSkillsProgramme:ZZSkillsProgramme_ID:332;ZZUnitStandard:ZZUnitStandard_id:3544
*,6805,Y,Elective,ZZSkillsProgramme:ZZSkillsProgramme_ID:332;ZZUnitStandard:ZZUnitStandard_id:3547
*,6806,Y,Core,ZZSkillsProgramme:ZZSkillsProgramme_ID:332;ZZUnitStandard:ZZUnitStandard_id:3539
*,6807,Y,Elective,ZZSkillsProgramme:ZZSkillsProgramme_ID:332;ZZUnitStandard:ZZUnitStandard_id:3548
*,6808,Y,Elective,ZZSkillsProgramme:ZZSkillsProgramme_ID:332;ZZUnitStandard:ZZUnitStandard_id:3545
*,6809,Y,Core,ZZSkillsProgramme:ZZSkillsProgramme_ID:332;ZZUnitStandard:ZZUnitStandard_id:120
*,6810,Y,Core,ZZSkillsProgramme:ZZSkillsProgramme_ID:332;ZZUnitStandard:ZZUnitStandard_id:121
*,6811,Y,Elective,ZZSkillsProgramme:ZZSkillsProgramme_ID:333;ZZUnitStandard:ZZUnitStandard_id:653
*,6812,Y,Elective,ZZSkillsProgramme:ZZSkillsProgramme_ID:333;ZZUnitStandard:ZZUnitStandard_id:1260
*,6813,Y,Elective,ZZSkillsProgramme:ZZSkillsProgramme_ID:333;ZZUnitStandard:ZZUnitStandard_id:1016
*,6814,Y,Elective,ZZSkillsProgramme:ZZSkillsProgramme_ID:333;ZZUnitStandard:ZZUnitStandard_id:1298
*,6815,Y,Elective,ZZSkillsProgramme:ZZSkillsProgramme_ID:333;ZZUnitStandard:ZZUnitStandard_id:1015
*,6816,Y,Elective,ZZSkillsProgramme:ZZSkillsProgramme_ID:333;ZZUnitStandard:ZZUnitStandard_id:439
*,6817,Y,Elective,ZZSkillsProgramme:ZZSkillsProgramme_ID:333;ZZUnitStandard:ZZUnitStandard_id:216
*,6818,Y,Elective,ZZSkillsProgramme:ZZSkillsProgramme_ID:333;ZZUnitStandard:ZZUnitStandard_id:3893
*,6819,Y,Elective,ZZSkillsProgramme:ZZSkillsProgramme_ID:333;ZZUnitStandard:ZZUnitStandard_id:2147
*,6820,Y,Elective,ZZSkillsProgramme:ZZSkillsProgramme_ID:333;ZZUnitStandard:ZZUnitStandard_id:3892
*,6821,Y,Elective,ZZSkillsProgramme:ZZSkillsProgramme_ID:333;ZZUnitStandard:ZZUnitStandard_id:3011
*,6822,Y,Elective,ZZSkillsProgramme:ZZSkillsProgramme_ID:333;ZZUnitStandard:ZZUnitStandard_id:648
*,6823,Y,Elective,ZZSkillsProgramme:ZZSkillsProgramme_ID:333;ZZUnitStandard:ZZUnitStandard_id:148
*,6824,Y,Elective,ZZSkillsProgramme:ZZSkillsProgramme_ID:333;ZZUnitStandard:ZZUnitStandard_id:36
*,6825,Y,Elective,ZZSkillsProgramme:ZZSkillsProgramme_ID:333;ZZUnitStandard:ZZUnitStandard_id:1003
*,6826,Y,Elective,ZZSkillsProgramme:ZZSkillsProgramme_ID:333;ZZUnitStandard:ZZUnitStandard_id:1007
*,6827,Y,Elective,ZZSkillsProgramme:ZZSkillsProgramme_ID:333;ZZUnitStandard:ZZUnitStandard_id:1669
*,6828,Y,Core,ZZSkillsProgramme:ZZSkillsProgramme_ID:333;ZZUnitStandard:ZZUnitStandard_id:996
*,6829,Y,Elective,ZZSkillsProgramme:ZZSkillsProgramme_ID:333;ZZUnitStandard:ZZUnitStandard_id:2656
*,6830,Y,Elective,ZZSkillsProgramme:ZZSkillsProgramme_ID:333;ZZUnitStandard:ZZUnitStandard_id:3231
*,6831,Y,Elective,ZZSkillsProgramme:ZZSkillsProgramme_ID:333;ZZUnitStandard:ZZUnitStandard_id:2937
*,6832,Y,Elective,ZZSkillsProgramme:ZZSkillsProgramme_ID:333;ZZUnitStandard:ZZUnitStandard_id:2954
*,6833,Y,Elective,ZZSkillsProgramme:ZZSkillsProgramme_ID:333;ZZUnitStandard:ZZUnitStandard_id:2925
*,6834,Y,Elective,ZZSkillsProgramme:ZZSkillsProgramme_ID:333;ZZUnitStandard:ZZUnitStandard_id:2927
*,6835,Y,Elective,ZZSkillsProgramme:ZZSkillsProgramme_ID:333;ZZUnitStandard:ZZUnitStandard_id:2941
*,6836,Y,Elective,ZZSkillsProgramme:ZZSkillsProgramme_ID:333;ZZUnitStandard:ZZUnitStandard_id:2942
*,6837,Y,Elective,ZZSkillsProgramme:ZZSkillsProgramme_ID:333;ZZUnitStandard:ZZUnitStandard_id:2939
*,6838,Y,Elective,ZZSkillsProgramme:ZZSkillsProgramme_ID:333;ZZUnitStandard:ZZUnitStandard_id:2936
*,6839,Y,Elective,ZZSkillsProgramme:ZZSkillsProgramme_ID:333;ZZUnitStandard:ZZUnitStandard_id:2944
*,6840,Y,Elective,ZZSkillsProgramme:ZZSkillsProgramme_ID:333;ZZUnitStandard:ZZUnitStandard_id:2928
*,6841,Y,Elective,ZZSkillsProgramme:ZZSkillsProgramme_ID:333;ZZUnitStandard:ZZUnitStandard_id:2929
*,6842,Y,Elective,ZZSkillsProgramme:ZZSkillsProgramme_ID:333;ZZUnitStandard:ZZUnitStandard_id:2945
*,6843,Y,Elective,ZZSkillsProgramme:ZZSkillsProgramme_ID:333;ZZUnitStandard:ZZUnitStandard_id:2950
*,6844,Y,Elective,ZZSkillsProgramme:ZZSkillsProgramme_ID:333;ZZUnitStandard:ZZUnitStandard_id:2953
*,6845,Y,Elective,ZZSkillsProgramme:ZZSkillsProgramme_ID:333;ZZUnitStandard:ZZUnitStandard_id:2934
*,6846,Y,Elective,ZZSkillsProgramme:ZZSkillsProgramme_ID:333;ZZUnitStandard:ZZUnitStandard_id:3566
*,6847,Y,Elective,ZZSkillsProgramme:ZZSkillsProgramme_ID:333;ZZUnitStandard:ZZUnitStandard_id:2933
*,6848,Y,Elective,ZZSkillsProgramme:ZZSkillsProgramme_ID:333;ZZUnitStandard:ZZUnitStandard_id:2935
*,6849,Y,Elective,ZZSkillsProgramme:ZZSkillsProgramme_ID:333;ZZUnitStandard:ZZUnitStandard_id:2946
*,6850,Y,Elective,ZZSkillsProgramme:ZZSkillsProgramme_ID:333;ZZUnitStandard:ZZUnitStandard_id:2926
*,6851,Y,Elective,ZZSkillsProgramme:ZZSkillsProgramme_ID:333;ZZUnitStandard:ZZUnitStandard_id:2947
*,6852,Y,Elective,ZZSkillsProgramme:ZZSkillsProgramme_ID:333;ZZUnitStandard:ZZUnitStandard_id:2922
*,6853,Y,Elective,ZZSkillsProgramme:ZZSkillsProgramme_ID:333;ZZUnitStandard:ZZUnitStandard_id:2940
*,6854,Y,Elective,ZZSkillsProgramme:ZZSkillsProgramme_ID:333;ZZUnitStandard:ZZUnitStandard_id:2951
*,6855,Y,Elective,ZZSkillsProgramme:ZZSkillsProgramme_ID:333;ZZUnitStandard:ZZUnitStandard_id:2930
*,6856,Y,Elective,ZZSkillsProgramme:ZZSkillsProgramme_ID:333;ZZUnitStandard:ZZUnitStandard_id:2952
*,6857,Y,Elective,ZZSkillsProgramme:ZZSkillsProgramme_ID:333;ZZUnitStandard:ZZUnitStandard_id:2943
*,6858,Y,Core,ZZSkillsProgramme:ZZSkillsProgramme_ID:333;ZZUnitStandard:ZZUnitStandard_id:2854
*,6859,Y,Elective,ZZSkillsProgramme:ZZSkillsProgramme_ID:333;ZZUnitStandard:ZZUnitStandard_id:3894
*,6860,Y,Elective,ZZSkillsProgramme:ZZSkillsProgramme_ID:333;ZZUnitStandard:ZZUnitStandard_id:3707
*,6861,Y,Core,ZZSkillsProgramme:ZZSkillsProgramme_ID:334;ZZUnitStandard:ZZUnitStandard_id:736
*,6862,Y,Elective,ZZSkillsProgramme:ZZSkillsProgramme_ID:334;ZZUnitStandard:ZZUnitStandard_id:2941
*,6863,Y,Elective,ZZSkillsProgramme:ZZSkillsProgramme_ID:334;ZZUnitStandard:ZZUnitStandard_id:2942
*,6864,Y,Core,ZZSkillsProgramme:ZZSkillsProgramme_ID:335;ZZUnitStandard:ZZUnitStandard_id:232
*,6865,Y,Elective,ZZSkillsProgramme:ZZSkillsProgramme_ID:335;ZZUnitStandard:ZZUnitStandard_id:234
*,6866,Y,Elective,ZZSkillsProgramme:ZZSkillsProgramme_ID:335;ZZUnitStandard:ZZUnitStandard_id:901
*,6867,Y,Elective,ZZSkillsProgramme:ZZSkillsProgramme_ID:335;ZZUnitStandard:ZZUnitStandard_id:96
*,6868,Y,Elective,ZZSkillsProgramme:ZZSkillsProgramme_ID:335;ZZUnitStandard:ZZUnitStandard_id:246
*,6869,Y,Elective,ZZSkillsProgramme:ZZSkillsProgramme_ID:335;ZZUnitStandard:ZZUnitStandard_id:725
*,6870,Y,Elective,ZZSkillsProgramme:ZZSkillsProgramme_ID:335;ZZUnitStandard:ZZUnitStandard_id:645
*,6871,Y,Elective,ZZSkillsProgramme:ZZSkillsProgramme_ID:335;ZZUnitStandard:ZZUnitStandard_id:3356
*,6872,Y,Elective,ZZSkillsProgramme:ZZSkillsProgramme_ID:335;ZZUnitStandard:ZZUnitStandard_id:469
*,6873,Y,Elective,ZZSkillsProgramme:ZZSkillsProgramme_ID:335;ZZUnitStandard:ZZUnitStandard_id:716
*,6874,Y,Elective,ZZSkillsProgramme:ZZSkillsProgramme_ID:335;ZZUnitStandard:ZZUnitStandard_id:724
*,6875,Y,Elective,ZZSkillsProgramme:ZZSkillsProgramme_ID:335;ZZUnitStandard:ZZUnitStandard_id:1231
*,6876,Y,Elective,ZZSkillsProgramme:ZZSkillsProgramme_ID:335;ZZUnitStandard:ZZUnitStandard_id:525
*,6877,Y,Elective,ZZSkillsProgramme:ZZSkillsProgramme_ID:335;ZZUnitStandard:ZZUnitStandard_id:3895
*,6878,Y,Elective,ZZSkillsProgramme:ZZSkillsProgramme_ID:335;ZZUnitStandard:ZZUnitStandard_id:536
*,6879,Y,Elective,ZZSkillsProgramme:ZZSkillsProgramme_ID:335;ZZUnitStandard:ZZUnitStandard_id:975
*,6880,Y,Elective,ZZSkillsProgramme:ZZSkillsProgramme_ID:335;ZZUnitStandard:ZZUnitStandard_id:538
*,6881,Y,Elective,ZZSkillsProgramme:ZZSkillsProgramme_ID:335;ZZUnitStandard:ZZUnitStandard_id:1140
*,6882,Y,Elective,ZZSkillsProgramme:ZZSkillsProgramme_ID:335;ZZUnitStandard:ZZUnitStandard_id:3044
*,6883,Y,Elective,ZZSkillsProgramme:ZZSkillsProgramme_ID:335;ZZUnitStandard:ZZUnitStandard_id:93
*,6884,Y,Elective,ZZSkillsProgramme:ZZSkillsProgramme_ID:335;ZZUnitStandard:ZZUnitStandard_id:94
*,6885,Y,Elective,ZZSkillsProgramme:ZZSkillsProgramme_ID:335;ZZUnitStandard:ZZUnitStandard_id:92
*,6886,Y,Elective,ZZSkillsProgramme:ZZSkillsProgramme_ID:335;ZZUnitStandard:ZZUnitStandard_id:102
*,6887,Y,Elective,ZZSkillsProgramme:ZZSkillsProgramme_ID:335;ZZUnitStandard:ZZUnitStandard_id:103
*,6888,Y,Elective,ZZSkillsProgramme:ZZSkillsProgramme_ID:335;ZZUnitStandard:ZZUnitStandard_id:105
*,6889,Y,Elective,ZZSkillsProgramme:ZZSkillsProgramme_ID:335;ZZUnitStandard:ZZUnitStandard_id:106
*,6890,Y,Elective,ZZSkillsProgramme:ZZSkillsProgramme_ID:335;ZZUnitStandard:ZZUnitStandard_id:39
*,6891,Y,Elective,ZZSkillsProgramme:ZZSkillsProgramme_ID:335;ZZUnitStandard:ZZUnitStandard_id:40
*,6892,Y,Elective,ZZSkillsProgramme:ZZSkillsProgramme_ID:335;ZZUnitStandard:ZZUnitStandard_id:38
*,6893,Y,Core,ZZSkillsProgramme:ZZSkillsProgramme_ID:335;ZZUnitStandard:ZZUnitStandard_id:37
*,6894,Y,Elective,ZZSkillsProgramme:ZZSkillsProgramme_ID:336;ZZUnitStandard:ZZUnitStandard_id:218
*,6895,Y,Elective,ZZSkillsProgramme:ZZSkillsProgramme_ID:336;ZZUnitStandard:ZZUnitStandard_id:221
*,6896,Y,Core,ZZSkillsProgramme:ZZSkillsProgramme_ID:336;ZZUnitStandard:ZZUnitStandard_id:225
*,6897,Y,Elective,ZZSkillsProgramme:ZZSkillsProgramme_ID:336;ZZUnitStandard:ZZUnitStandard_id:227
*,6898,Y,Elective,ZZSkillsProgramme:ZZSkillsProgramme_ID:336;ZZUnitStandard:ZZUnitStandard_id:228
*,6899,Y,Elective,ZZSkillsProgramme:ZZSkillsProgramme_ID:336;ZZUnitStandard:ZZUnitStandard_id:232
*,6900,Y,Elective,ZZSkillsProgramme:ZZSkillsProgramme_ID:336;ZZUnitStandard:ZZUnitStandard_id:234
*,6901,Y,Core,ZZSkillsProgramme:ZZSkillsProgramme_ID:336;ZZUnitStandard:ZZUnitStandard_id:723
*,6902,Y,Elective,ZZSkillsProgramme:ZZSkillsProgramme_ID:336;ZZUnitStandard:ZZUnitStandard_id:2352
*,6903,Y,Elective,ZZSkillsProgramme:ZZSkillsProgramme_ID:336;ZZUnitStandard:ZZUnitStandard_id:2349
*,6904,Y,Elective,ZZSkillsProgramme:ZZSkillsProgramme_ID:336;ZZUnitStandard:ZZUnitStandard_id:2350
*,6905,Y,Elective,ZZSkillsProgramme:ZZSkillsProgramme_ID:336;ZZUnitStandard:ZZUnitStandard_id:2346
*,6906,Y,Elective,ZZSkillsProgramme:ZZSkillsProgramme_ID:336;ZZUnitStandard:ZZUnitStandard_id:2351
*,6907,Y,Elective,ZZSkillsProgramme:ZZSkillsProgramme_ID:336;ZZUnitStandard:ZZUnitStandard_id:2347
*,6908,Y,Elective,ZZSkillsProgramme:ZZSkillsProgramme_ID:336;ZZUnitStandard:ZZUnitStandard_id:1140
*,6909,Y,Elective,ZZSkillsProgramme:ZZSkillsProgramme_ID:336;ZZUnitStandard:ZZUnitStandard_id:2933
*,6910,Y,Core,ZZSkillsProgramme:ZZSkillsProgramme_ID:336;ZZUnitStandard:ZZUnitStandard_id:2343
*,6911,Y,Elective,ZZSkillsProgramme:ZZSkillsProgramme_ID:336;ZZUnitStandard:ZZUnitStandard_id:79
*,6912,Y,Elective,ZZSkillsProgramme:ZZSkillsProgramme_ID:336;ZZUnitStandard:ZZUnitStandard_id:1467
*,6913,Y,Core,ZZSkillsProgramme:ZZSkillsProgramme_ID:337;ZZUnitStandard:ZZUnitStandard_id:219
*,6914,Y,Core,ZZSkillsProgramme:ZZSkillsProgramme_ID:337;ZZUnitStandard:ZZUnitStandard_id:220
*,6915,Y,Elective,ZZSkillsProgramme:ZZSkillsProgramme_ID:337;ZZUnitStandard:ZZUnitStandard_id:221
*,6916,Y,Elective,ZZSkillsProgramme:ZZSkillsProgramme_ID:337;ZZUnitStandard:ZZUnitStandard_id:223
*,6917,Y,Elective,ZZSkillsProgramme:ZZSkillsProgramme_ID:337;ZZUnitStandard:ZZUnitStandard_id:224
*,6918,Y,Elective,ZZSkillsProgramme:ZZSkillsProgramme_ID:337;ZZUnitStandard:ZZUnitStandard_id:227
*,6919,Y,Elective,ZZSkillsProgramme:ZZSkillsProgramme_ID:337;ZZUnitStandard:ZZUnitStandard_id:246
*,6920,Y,Elective,ZZSkillsProgramme:ZZSkillsProgramme_ID:337;ZZUnitStandard:ZZUnitStandard_id:716
*,6921,Y,Elective,ZZSkillsProgramme:ZZSkillsProgramme_ID:337;ZZUnitStandard:ZZUnitStandard_id:2220
*,6922,Y,Elective,ZZSkillsProgramme:ZZSkillsProgramme_ID:337;ZZUnitStandard:ZZUnitStandard_id:2346
*,6923,Y,Elective,ZZSkillsProgramme:ZZSkillsProgramme_ID:337;ZZUnitStandard:ZZUnitStandard_id:1466
*,6924,Y,Elective,ZZSkillsProgramme:ZZSkillsProgramme_ID:337;ZZUnitStandard:ZZUnitStandard_id:2347
*,6925,Y,Elective,ZZSkillsProgramme:ZZSkillsProgramme_ID:337;ZZUnitStandard:ZZUnitStandard_id:2310
*,6926,Y,Elective,ZZSkillsProgramme:ZZSkillsProgramme_ID:337;ZZUnitStandard:ZZUnitStandard_id:1140
*,6927,Y,Elective,ZZSkillsProgramme:ZZSkillsProgramme_ID:337;ZZUnitStandard:ZZUnitStandard_id:2537
*,6928,Y,Elective,ZZSkillsProgramme:ZZSkillsProgramme_ID:337;ZZUnitStandard:ZZUnitStandard_id:2542
*,6929,Y,Elective,ZZSkillsProgramme:ZZSkillsProgramme_ID:337;ZZUnitStandard:ZZUnitStandard_id:2543
*,6930,Y,Core,ZZSkillsProgramme:ZZSkillsProgramme_ID:337;ZZUnitStandard:ZZUnitStandard_id:2536
*,6931,Y,Elective,ZZSkillsProgramme:ZZSkillsProgramme_ID:337;ZZUnitStandard:ZZUnitStandard_id:2633
*,6932,Y,Elective,ZZSkillsProgramme:ZZSkillsProgramme_ID:337;ZZUnitStandard:ZZUnitStandard_id:2552
*,6933,Y,Elective,ZZSkillsProgramme:ZZSkillsProgramme_ID:337;ZZUnitStandard:ZZUnitStandard_id:2551
*,6934,Y,Elective,ZZSkillsProgramme:ZZSkillsProgramme_ID:337;ZZUnitStandard:ZZUnitStandard_id:2544
*,6935,Y,Elective,ZZSkillsProgramme:ZZSkillsProgramme_ID:337;ZZUnitStandard:ZZUnitStandard_id:3407
*,6936,Y,Elective,ZZSkillsProgramme:ZZSkillsProgramme_ID:337;ZZUnitStandard:ZZUnitStandard_id:1029
*,6937,Y,Elective,ZZSkillsProgramme:ZZSkillsProgramme_ID:337;ZZUnitStandard:ZZUnitStandard_id:2934
*,6938,Y,Elective,ZZSkillsProgramme:ZZSkillsProgramme_ID:337;ZZUnitStandard:ZZUnitStandard_id:2933
*,6939,Y,Elective,ZZSkillsProgramme:ZZSkillsProgramme_ID:337;ZZUnitStandard:ZZUnitStandard_id:40
*,6940,Y,Core,ZZSkillsProgramme:ZZSkillsProgramme_ID:338;ZZUnitStandard:ZZUnitStandard_id:2585
*,6941,Y,Core,ZZSkillsProgramme:ZZSkillsProgramme_ID:338;ZZUnitStandard:ZZUnitStandard_id:2597
*,6942,Y,Core,ZZSkillsProgramme:ZZSkillsProgramme_ID:338;ZZUnitStandard:ZZUnitStandard_id:803
*,6943,Y,Core,ZZSkillsProgramme:ZZSkillsProgramme_ID:338;ZZUnitStandard:ZZUnitStandard_id:2856
*,6944,Y,Core,ZZSkillsProgramme:ZZSkillsProgramme_ID:339;ZZUnitStandard:ZZUnitStandard_id:2591
*,6945,Y,Core,ZZSkillsProgramme:ZZSkillsProgramme_ID:339;ZZUnitStandard:ZZUnitStandard_id:803
*,6946,Y,Core,ZZSkillsProgramme:ZZSkillsProgramme_ID:339;ZZUnitStandard:ZZUnitStandard_id:2856
*,6947,Y,Core,ZZSkillsProgramme:ZZSkillsProgramme_ID:340;ZZUnitStandard:ZZUnitStandard_id:805
*,6948,Y,Core,ZZSkillsProgramme:ZZSkillsProgramme_ID:340;ZZUnitStandard:ZZUnitStandard_id:803
*,6949,Y,Core,ZZSkillsProgramme:ZZSkillsProgramme_ID:340;ZZUnitStandard:ZZUnitStandard_id:2586
*,6950,Y,Core,ZZSkillsProgramme:ZZSkillsProgramme_ID:340;ZZUnitStandard:ZZUnitStandard_id:2856
*,6951,Y,Core,ZZSkillsProgramme:ZZSkillsProgramme_ID:341;ZZUnitStandard:ZZUnitStandard_id:227
*,6952,Y,Core,ZZSkillsProgramme:ZZSkillsProgramme_ID:341;ZZUnitStandard:ZZUnitStandard_id:719
*,6953,Y,Elective,ZZSkillsProgramme:ZZSkillsProgramme_ID:341;ZZUnitStandard:ZZUnitStandard_id:718
*,6954,Y,Core,ZZSkillsProgramme:ZZSkillsProgramme_ID:341;ZZUnitStandard:ZZUnitStandard_id:720
*,6955,Y,Elective,ZZSkillsProgramme:ZZSkillsProgramme_ID:341;ZZUnitStandard:ZZUnitStandard_id:1086
*,6956,Y,Core,ZZSkillsProgramme:ZZSkillsProgramme_ID:341;ZZUnitStandard:ZZUnitStandard_id:735
*,6957,Y,Elective,ZZSkillsProgramme:ZZSkillsProgramme_ID:341;ZZUnitStandard:ZZUnitStandard_id:734
*,6958,Y,Elective,ZZSkillsProgramme:ZZSkillsProgramme_ID:341;ZZUnitStandard:ZZUnitStandard_id:2189
*,6959,Y,Elective,ZZSkillsProgramme:ZZSkillsProgramme_ID:341;ZZUnitStandard:ZZUnitStandard_id:1067
*,6960,Y,Elective,ZZSkillsProgramme:ZZSkillsProgramme_ID:341;ZZUnitStandard:ZZUnitStandard_id:1140
*,6961,Y,Elective,ZZSkillsProgramme:ZZSkillsProgramme_ID:341;ZZUnitStandard:ZZUnitStandard_id:2190
*,6962,Y,Elective,ZZSkillsProgramme:ZZSkillsProgramme_ID:341;ZZUnitStandard:ZZUnitStandard_id:79
*,6963,Y,Elective,ZZSkillsProgramme:ZZSkillsProgramme_ID:342;ZZUnitStandard:ZZUnitStandard_id:2025
*,6964,Y,Elective,ZZSkillsProgramme:ZZSkillsProgramme_ID:342;ZZUnitStandard:ZZUnitStandard_id:719
*,6965,Y,Elective,ZZSkillsProgramme:ZZSkillsProgramme_ID:342;ZZUnitStandard:ZZUnitStandard_id:718
*,6966,Y,Core,ZZSkillsProgramme:ZZSkillsProgramme_ID:342;ZZUnitStandard:ZZUnitStandard_id:1086
*,6967,Y,Core,ZZSkillsProgramme:ZZSkillsProgramme_ID:342;ZZUnitStandard:ZZUnitStandard_id:735
*,6968,Y,Core,ZZSkillsProgramme:ZZSkillsProgramme_ID:342;ZZUnitStandard:ZZUnitStandard_id:717
*,6969,Y,Elective,ZZSkillsProgramme:ZZSkillsProgramme_ID:342;ZZUnitStandard:ZZUnitStandard_id:734
*,6970,Y,Elective,ZZSkillsProgramme:ZZSkillsProgramme_ID:342;ZZUnitStandard:ZZUnitStandard_id:2189
*,6971,Y,Elective,ZZSkillsProgramme:ZZSkillsProgramme_ID:342;ZZUnitStandard:ZZUnitStandard_id:1067
*,6972,Y,Core,ZZSkillsProgramme:ZZSkillsProgramme_ID:342;ZZUnitStandard:ZZUnitStandard_id:1140
*,6973,Y,Elective,ZZSkillsProgramme:ZZSkillsProgramme_ID:342;ZZUnitStandard:ZZUnitStandard_id:2190
*,6974,Y,Elective,ZZSkillsProgramme:ZZSkillsProgramme_ID:342;ZZUnitStandard:ZZUnitStandard_id:79
*,6975,Y,Core,ZZSkillsProgramme:ZZSkillsProgramme_ID:343;ZZUnitStandard:ZZUnitStandard_id:2283
*,6976,Y,Core,ZZSkillsProgramme:ZZSkillsProgramme_ID:343;ZZUnitStandard:ZZUnitStandard_id:530
*,6977,Y,Core,ZZSkillsProgramme:ZZSkillsProgramme_ID:343;ZZUnitStandard:ZZUnitStandard_id:3503
*,6978,Y,Core,ZZSkillsProgramme:ZZSkillsProgramme_ID:343;ZZUnitStandard:ZZUnitStandard_id:3519
*,6979,Y,Core,ZZSkillsProgramme:ZZSkillsProgramme_ID:344;ZZUnitStandard:ZZUnitStandard_id:695
*,6980,Y,Elective,ZZSkillsProgramme:ZZSkillsProgramme_ID:344;ZZUnitStandard:ZZUnitStandard_id:3586
*,6981,Y,Elective,ZZSkillsProgramme:ZZSkillsProgramme_ID:344;ZZUnitStandard:ZZUnitStandard_id:3613
*,6982,Y,Elective,ZZSkillsProgramme:ZZSkillsProgramme_ID:344;ZZUnitStandard:ZZUnitStandard_id:3619
*,6983,Y,Core,ZZSkillsProgramme:ZZSkillsProgramme_ID:344;ZZUnitStandard:ZZUnitStandard_id:2283
*,6984,Y,Core,ZZSkillsProgramme:ZZSkillsProgramme_ID:344;ZZUnitStandard:ZZUnitStandard_id:2863
*,6985,Y,Elective,ZZSkillsProgramme:ZZSkillsProgramme_ID:344;ZZUnitStandard:ZZUnitStandard_id:2554
*,6986,Y,Elective,ZZSkillsProgramme:ZZSkillsProgramme_ID:344;ZZUnitStandard:ZZUnitStandard_id:2536
*,6987,Y,Elective,ZZSkillsProgramme:ZZSkillsProgramme_ID:344;ZZUnitStandard:ZZUnitStandard_id:2545
*,6988,Y,Core,ZZSkillsProgramme:ZZSkillsProgramme_ID:344;ZZUnitStandard:ZZUnitStandard_id:2881
*,6989,Y,Elective,ZZSkillsProgramme:ZZSkillsProgramme_ID:344;ZZUnitStandard:ZZUnitStandard_id:2882
*,6990,Y,Elective,ZZSkillsProgramme:ZZSkillsProgramme_ID:344;ZZUnitStandard:ZZUnitStandard_id:2896
*,6991,Y,Elective,ZZSkillsProgramme:ZZSkillsProgramme_ID:344;ZZUnitStandard:ZZUnitStandard_id:3528
*,6992,Y,Elective,ZZSkillsProgramme:ZZSkillsProgramme_ID:344;ZZUnitStandard:ZZUnitStandard_id:3523
*,6993,Y,Elective,ZZSkillsProgramme:ZZSkillsProgramme_ID:344;ZZUnitStandard:ZZUnitStandard_id:3496
*,6994,Y,Elective,ZZSkillsProgramme:ZZSkillsProgramme_ID:344;ZZUnitStandard:ZZUnitStandard_id:2883
*,6995,Y,Elective,ZZSkillsProgramme:ZZSkillsProgramme_ID:344;ZZUnitStandard:ZZUnitStandard_id:2872
*,6996,Y,Elective,ZZSkillsProgramme:ZZSkillsProgramme_ID:344;ZZUnitStandard:ZZUnitStandard_id:2876
*,6997,Y,Elective,ZZSkillsProgramme:ZZSkillsProgramme_ID:344;ZZUnitStandard:ZZUnitStandard_id:2879
*,6998,Y,Elective,ZZSkillsProgramme:ZZSkillsProgramme_ID:344;ZZUnitStandard:ZZUnitStandard_id:2865
*,6999,Y,Elective,ZZSkillsProgramme:ZZSkillsProgramme_ID:344;ZZUnitStandard:ZZUnitStandard_id:2877
*,7000,Y,Elective,ZZSkillsProgramme:ZZSkillsProgramme_ID:344;ZZUnitStandard:ZZUnitStandard_id:2878
*,7001,Y,Elective,ZZSkillsProgramme:ZZSkillsProgramme_ID:344;ZZUnitStandard:ZZUnitStandard_id:2866
*,7002,Y,Core,ZZSkillsProgramme:ZZSkillsProgramme_ID:345;ZZUnitStandard:ZZUnitStandard_id:3620
*,7003,Y,Core,ZZSkillsProgramme:ZZSkillsProgramme_ID:345;ZZUnitStandard:ZZUnitStandard_id:3613
*,7004,Y,Core,ZZSkillsProgramme:ZZSkillsProgramme_ID:345;ZZUnitStandard:ZZUnitStandard_id:3619
*,7005,Y,Core,ZZSkillsProgramme:ZZSkillsProgramme_ID:346;ZZUnitStandard:ZZUnitStandard_id:3620
*,7006,Y,Core,ZZSkillsProgramme:ZZSkillsProgramme_ID:346;ZZUnitStandard:ZZUnitStandard_id:3613
*,7007,Y,Core,ZZSkillsProgramme:ZZSkillsProgramme_ID:346;ZZUnitStandard:ZZUnitStandard_id:3619
*,7008,Y,Elective,ZZSkillsProgramme:ZZSkillsProgramme_ID:346;ZZUnitStandard:ZZUnitStandard_id:3629
*,7009,Y,Elective,ZZSkillsProgramme:ZZSkillsProgramme_ID:346;ZZUnitStandard:ZZUnitStandard_id:3630
*,7010,Y,Elective,ZZSkillsProgramme:ZZSkillsProgramme_ID:346;ZZUnitStandard:ZZUnitStandard_id:3626
*,7011,Y,Elective,ZZSkillsProgramme:ZZSkillsProgramme_ID:346;ZZUnitStandard:ZZUnitStandard_id:3637
*,7012,Y,Elective,ZZSkillsProgramme:ZZSkillsProgramme_ID:346;ZZUnitStandard:ZZUnitStandard_id:3627
*,7013,Y,Core,ZZSkillsProgramme:ZZSkillsProgramme_ID:347;ZZUnitStandard:ZZUnitStandard_id:3620
*,7014,Y,Core,ZZSkillsProgramme:ZZSkillsProgramme_ID:347;ZZUnitStandard:ZZUnitStandard_id:3613
*,7015,Y,Core,ZZSkillsProgramme:ZZSkillsProgramme_ID:347;ZZUnitStandard:ZZUnitStandard_id:3619
*,7016,Y,Elective,ZZSkillsProgramme:ZZSkillsProgramme_ID:347;ZZUnitStandard:ZZUnitStandard_id:3639
*,7017,Y,Elective,ZZSkillsProgramme:ZZSkillsProgramme_ID:347;ZZUnitStandard:ZZUnitStandard_id:3638
*,7018,Y,Elective,ZZSkillsProgramme:ZZSkillsProgramme_ID:347;ZZUnitStandard:ZZUnitStandard_id:3641
*,7019,Y,Elective,ZZSkillsProgramme:ZZSkillsProgramme_ID:347;ZZUnitStandard:ZZUnitStandard_id:3640
*,7020,Y,Elective,ZZSkillsProgramme:ZZSkillsProgramme_ID:347;ZZUnitStandard:ZZUnitStandard_id:3631
*,7021,Y,Elective,ZZSkillsProgramme:ZZSkillsProgramme_ID:347;ZZUnitStandard:ZZUnitStandard_id:3642
*,7022,Y,Elective,ZZSkillsProgramme:ZZSkillsProgramme_ID:348;ZZUnitStandard:ZZUnitStandard_id:995
*,7023,Y,Elective,ZZSkillsProgramme:ZZSkillsProgramme_ID:348;ZZUnitStandard:ZZUnitStandard_id:2291
*,7024,Y,Elective,ZZSkillsProgramme:ZZSkillsProgramme_ID:348;ZZUnitStandard:ZZUnitStandard_id:2290
*,7025,Y,Elective,ZZSkillsProgramme:ZZSkillsProgramme_ID:348;ZZUnitStandard:ZZUnitStandard_id:2292
*,7026,Y,Elective,ZZSkillsProgramme:ZZSkillsProgramme_ID:348;ZZUnitStandard:ZZUnitStandard_id:2300
*,7027,Y,Elective,ZZSkillsProgramme:ZZSkillsProgramme_ID:348;ZZUnitStandard:ZZUnitStandard_id:2316
*,7028,Y,Core,ZZSkillsProgramme:ZZSkillsProgramme_ID:348;ZZUnitStandard:ZZUnitStandard_id:2263
*,7029,Y,Elective,ZZSkillsProgramme:ZZSkillsProgramme_ID:348;ZZUnitStandard:ZZUnitStandard_id:2289
*,7030,Y,Core,ZZSkillsProgramme:ZZSkillsProgramme_ID:348;ZZUnitStandard:ZZUnitStandard_id:2222
*,7031,Y,Elective,ZZSkillsProgramme:ZZSkillsProgramme_ID:348;ZZUnitStandard:ZZUnitStandard_id:2293
*,7032,Y,Core,ZZSkillsProgramme:ZZSkillsProgramme_ID:348;ZZUnitStandard:ZZUnitStandard_id:2227
*,7033,Y,Elective,ZZSkillsProgramme:ZZSkillsProgramme_ID:349;ZZUnitStandard:ZZUnitStandard_id:152
*,7034,Y,Elective,ZZSkillsProgramme:ZZSkillsProgramme_ID:349;ZZUnitStandard:ZZUnitStandard_id:171
*,7035,Y,Elective,ZZSkillsProgramme:ZZSkillsProgramme_ID:349;ZZUnitStandard:ZZUnitStandard_id:3098
*,7036,Y,Elective,ZZSkillsProgramme:ZZSkillsProgramme_ID:349;ZZUnitStandard:ZZUnitStandard_id:3134
*,7037,Y,Elective,ZZSkillsProgramme:ZZSkillsProgramme_ID:349;ZZUnitStandard:ZZUnitStandard_id:3114
*,7038,Y,Elective,ZZSkillsProgramme:ZZSkillsProgramme_ID:349;ZZUnitStandard:ZZUnitStandard_id:3139
*,7039,Y,Elective,ZZSkillsProgramme:ZZSkillsProgramme_ID:349;ZZUnitStandard:ZZUnitStandard_id:3161
*,7040,Y,Elective,ZZSkillsProgramme:ZZSkillsProgramme_ID:349;ZZUnitStandard:ZZUnitStandard_id:3178
*,7041,Y,Elective,ZZSkillsProgramme:ZZSkillsProgramme_ID:349;ZZUnitStandard:ZZUnitStandard_id:3175
*,7042,Y,Elective,ZZSkillsProgramme:ZZSkillsProgramme_ID:349;ZZUnitStandard:ZZUnitStandard_id:3177
*,7043,Y,Elective,ZZSkillsProgramme:ZZSkillsProgramme_ID:349;ZZUnitStandard:ZZUnitStandard_id:3173
*,7044,Y,Core,ZZSkillsProgramme:ZZSkillsProgramme_ID:349;ZZUnitStandard:ZZUnitStandard_id:3182
*,7045,Y,Elective,ZZSkillsProgramme:ZZSkillsProgramme_ID:349;ZZUnitStandard:ZZUnitStandard_id:3172
*,7046,Y,Core,ZZSkillsProgramme:ZZSkillsProgramme_ID:349;ZZUnitStandard:ZZUnitStandard_id:3909
*,7047,Y,Core,ZZSkillsProgramme:ZZSkillsProgramme_ID:350;ZZUnitStandard:ZZUnitStandard_id:2283
*,7048,Y,Elective,ZZSkillsProgramme:ZZSkillsProgramme_ID:350;ZZUnitStandard:ZZUnitStandard_id:2361
*,7049,Y,Core,ZZSkillsProgramme:ZZSkillsProgramme_ID:350;ZZUnitStandard:ZZUnitStandard_id:530
*,7050,Y,Core,ZZSkillsProgramme:ZZSkillsProgramme_ID:350;ZZUnitStandard:ZZUnitStandard_id:3503
*,7051,Y,Elective,ZZSkillsProgramme:ZZSkillsProgramme_ID:350;ZZUnitStandard:ZZUnitStandard_id:3507
*,7052,Y,Core,ZZSkillsProgramme:ZZSkillsProgramme_ID:350;ZZUnitStandard:ZZUnitStandard_id:3519
*,7053,Y,Core,ZZSkillsProgramme:ZZSkillsProgramme_ID:351;ZZUnitStandard:ZZUnitStandard_id:2187
*,7054,Y,Core,ZZSkillsProgramme:ZZSkillsProgramme_ID:351;ZZUnitStandard:ZZUnitStandard_id:976
*,7055,Y,Elective,ZZSkillsProgramme:ZZSkillsProgramme_ID:351;ZZUnitStandard:ZZUnitStandard_id:1880
*,7056,Y,Elective,ZZSkillsProgramme:ZZSkillsProgramme_ID:351;ZZUnitStandard:ZZUnitStandard_id:3910
*,7057,Y,Elective,ZZSkillsProgramme:ZZSkillsProgramme_ID:351;ZZUnitStandard:ZZUnitStandard_id:1884
*,7058,Y,Elective,ZZSkillsProgramme:ZZSkillsProgramme_ID:351;ZZUnitStandard:ZZUnitStandard_id:2592
*,7059,Y,Elective,ZZSkillsProgramme:ZZSkillsProgramme_ID:351;ZZUnitStandard:ZZUnitStandard_id:2606
*,7060,Y,Elective,ZZSkillsProgramme:ZZSkillsProgramme_ID:351;ZZUnitStandard:ZZUnitStandard_id:2188
*,7061,Y,Core,ZZSkillsProgramme:ZZSkillsProgramme_ID:351;ZZUnitStandard:ZZUnitStandard_id:1346
*,7062,Y,Core,ZZSkillsProgramme:ZZSkillsProgramme_ID:351;ZZUnitStandard:ZZUnitStandard_id:2588
*,7063,Y,Core,ZZSkillsProgramme:ZZSkillsProgramme_ID:351;ZZUnitStandard:ZZUnitStandard_id:2587
*,7064,Y,Core,ZZSkillsProgramme:ZZSkillsProgramme_ID:351;ZZUnitStandard:ZZUnitStandard_id:2583
*,7065,Y,Core,ZZSkillsProgramme:ZZSkillsProgramme_ID:351;ZZUnitStandard:ZZUnitStandard_id:2903
*,7066,Y,Core,ZZSkillsProgramme:ZZSkillsProgramme_ID:351;ZZUnitStandard:ZZUnitStandard_id:2584
*,7067,Y,Elective,ZZSkillsProgramme:ZZSkillsProgramme_ID:351;ZZUnitStandard:ZZUnitStandard_id:2607
*,7068,Y,Elective,ZZSkillsProgramme:ZZSkillsProgramme_ID:351;ZZUnitStandard:ZZUnitStandard_id:3911
*,7069,Y,Core,ZZSkillsProgramme:ZZSkillsProgramme_ID:352;ZZUnitStandard:ZZUnitStandard_id:1884
*,7070,Y,Core,ZZSkillsProgramme:ZZSkillsProgramme_ID:352;ZZUnitStandard:ZZUnitStandard_id:2341
*,7071,Y,Elective,ZZSkillsProgramme:ZZSkillsProgramme_ID:352;ZZUnitStandard:ZZUnitStandard_id:2155
*,7072,Y,Core,ZZSkillsProgramme:ZZSkillsProgramme_ID:352;ZZUnitStandard:ZZUnitStandard_id:1725
*,7073,Y,Core,ZZSkillsProgramme:ZZSkillsProgramme_ID:352;ZZUnitStandard:ZZUnitStandard_id:2342
*,7074,Y,Core,ZZSkillsProgramme:ZZSkillsProgramme_ID:352;ZZUnitStandard:ZZUnitStandard_id:2249
*,7075,Y,Elective,ZZSkillsProgramme:ZZSkillsProgramme_ID:352;ZZUnitStandard:ZZUnitStandard_id:3912
*,7076,Y,Core,ZZSkillsProgramme:ZZSkillsProgramme_ID:353;ZZUnitStandard:ZZUnitStandard_id:2181
*,7077,Y,Elective,ZZSkillsProgramme:ZZSkillsProgramme_ID:353;ZZUnitStandard:ZZUnitStandard_id:2169
*,7078,Y,Elective,ZZSkillsProgramme:ZZSkillsProgramme_ID:353;ZZUnitStandard:ZZUnitStandard_id:1857
*,7079,Y,Elective,ZZSkillsProgramme:ZZSkillsProgramme_ID:353;ZZUnitStandard:ZZUnitStandard_id:2610
*,7080,Y,Elective,ZZSkillsProgramme:ZZSkillsProgramme_ID:353;ZZUnitStandard:ZZUnitStandard_id:1858
*,7081,Y,Elective,ZZSkillsProgramme:ZZSkillsProgramme_ID:353;ZZUnitStandard:ZZUnitStandard_id:1855
*,7082,Y,Elective,ZZSkillsProgramme:ZZSkillsProgramme_ID:353;ZZUnitStandard:ZZUnitStandard_id:1590
*,7083,Y,Core,ZZSkillsProgramme:ZZSkillsProgramme_ID:353;ZZUnitStandard:ZZUnitStandard_id:1728
*,7084,Y,Core,ZZSkillsProgramme:ZZSkillsProgramme_ID:353;ZZUnitStandard:ZZUnitStandard_id:1346
*,7085,Y,Core,ZZSkillsProgramme:ZZSkillsProgramme_ID:353;ZZUnitStandard:ZZUnitStandard_id:2902
*,7086,Y,Core,ZZSkillsProgramme:ZZSkillsProgramme_ID:353;ZZUnitStandard:ZZUnitStandard_id:2608
*,7087,Y,Elective,ZZSkillsProgramme:ZZSkillsProgramme_ID:353;ZZUnitStandard:ZZUnitStandard_id:2611
*,7088,Y,Core,ZZSkillsProgramme:ZZSkillsProgramme_ID:353;ZZUnitStandard:ZZUnitStandard_id:2584
*,7089,Y,Core,ZZSkillsProgramme:ZZSkillsProgramme_ID:353;ZZUnitStandard:ZZUnitStandard_id:2909
*,7090,Y,Core,ZZSkillsProgramme:ZZSkillsProgramme_ID:353;ZZUnitStandard:ZZUnitStandard_id:1716
*,7091,Y,Core,ZZSkillsProgramme:ZZSkillsProgramme_ID:354;ZZUnitStandard:ZZUnitStandard_id:355
*,7092,Y,Elective,ZZSkillsProgramme:ZZSkillsProgramme_ID:354;ZZUnitStandard:ZZUnitStandard_id:82
*,7093,Y,Elective,ZZSkillsProgramme:ZZSkillsProgramme_ID:354;ZZUnitStandard:ZZUnitStandard_id:542
*,7094,Y,Elective,ZZSkillsProgramme:ZZSkillsProgramme_ID:354;ZZUnitStandard:ZZUnitStandard_id:544
*,7095,Y,Core,ZZSkillsProgramme:ZZSkillsProgramme_ID:354;ZZUnitStandard:ZZUnitStandard_id:829
*,7096,Y,Core,ZZSkillsProgramme:ZZSkillsProgramme_ID:354;ZZUnitStandard:ZZUnitStandard_id:594
*,7097,Y,Elective,ZZSkillsProgramme:ZZSkillsProgramme_ID:354;ZZUnitStandard:ZZUnitStandard_id:704
*,7098,Y,Elective,ZZSkillsProgramme:ZZSkillsProgramme_ID:354;ZZUnitStandard:ZZUnitStandard_id:80
*,7099,Y,Core,ZZSkillsProgramme:ZZSkillsProgramme_ID:354;ZZUnitStandard:ZZUnitStandard_id:88
*,7100,Y,Elective,ZZSkillsProgramme:ZZSkillsProgramme_ID:354;ZZUnitStandard:ZZUnitStandard_id:541
*,7101,Y,Elective,ZZSkillsProgramme:ZZSkillsProgramme_ID:354;ZZUnitStandard:ZZUnitStandard_id:566
*,7102,Y,Elective,ZZSkillsProgramme:ZZSkillsProgramme_ID:354;ZZUnitStandard:ZZUnitStandard_id:557
*,7103,Y,Core,ZZSkillsProgramme:ZZSkillsProgramme_ID:355;ZZUnitStandard:ZZUnitStandard_id:355
*,7104,Y,Elective,ZZSkillsProgramme:ZZSkillsProgramme_ID:355;ZZUnitStandard:ZZUnitStandard_id:82
*,7105,Y,Elective,ZZSkillsProgramme:ZZSkillsProgramme_ID:355;ZZUnitStandard:ZZUnitStandard_id:542
*,7106,Y,Elective,ZZSkillsProgramme:ZZSkillsProgramme_ID:355;ZZUnitStandard:ZZUnitStandard_id:544
*,7107,Y,Core,ZZSkillsProgramme:ZZSkillsProgramme_ID:355;ZZUnitStandard:ZZUnitStandard_id:2043
*,7108,Y,Core,ZZSkillsProgramme:ZZSkillsProgramme_ID:355;ZZUnitStandard:ZZUnitStandard_id:829
*,7109,Y,Elective,ZZSkillsProgramme:ZZSkillsProgramme_ID:355;ZZUnitStandard:ZZUnitStandard_id:704
*,7110,Y,Elective,ZZSkillsProgramme:ZZSkillsProgramme_ID:355;ZZUnitStandard:ZZUnitStandard_id:80
*,7111,Y,Core,ZZSkillsProgramme:ZZSkillsProgramme_ID:355;ZZUnitStandard:ZZUnitStandard_id:88
*,7112,Y,Elective,ZZSkillsProgramme:ZZSkillsProgramme_ID:355;ZZUnitStandard:ZZUnitStandard_id:541
*,7113,Y,Elective,ZZSkillsProgramme:ZZSkillsProgramme_ID:355;ZZUnitStandard:ZZUnitStandard_id:566
*,7114,Y,Elective,ZZSkillsProgramme:ZZSkillsProgramme_ID:355;ZZUnitStandard:ZZUnitStandard_id:557
*,7115,Y,Core,ZZSkillsProgramme:ZZSkillsProgramme_ID:356;ZZUnitStandard:ZZUnitStandard_id:355
*,7116,Y,Elective,ZZSkillsProgramme:ZZSkillsProgramme_ID:356;ZZUnitStandard:ZZUnitStandard_id:82
*,7117,Y,Elective,ZZSkillsProgramme:ZZSkillsProgramme_ID:356;ZZUnitStandard:ZZUnitStandard_id:542
*,7118,Y,Elective,ZZSkillsProgramme:ZZSkillsProgramme_ID:356;ZZUnitStandard:ZZUnitStandard_id:544
*,7119,Y,Core,ZZSkillsProgramme:ZZSkillsProgramme_ID:356;ZZUnitStandard:ZZUnitStandard_id:829
*,7120,Y,Elective,ZZSkillsProgramme:ZZSkillsProgramme_ID:356;ZZUnitStandard:ZZUnitStandard_id:704
*,7121,Y,Elective,ZZSkillsProgramme:ZZSkillsProgramme_ID:356;ZZUnitStandard:ZZUnitStandard_id:80
*,7122,Y,Core,ZZSkillsProgramme:ZZSkillsProgramme_ID:356;ZZUnitStandard:ZZUnitStandard_id:87
*,7123,Y,Core,ZZSkillsProgramme:ZZSkillsProgramme_ID:356;ZZUnitStandard:ZZUnitStandard_id:88
*,7124,Y,Elective,ZZSkillsProgramme:ZZSkillsProgramme_ID:356;ZZUnitStandard:ZZUnitStandard_id:541
*,7125,Y,Elective,ZZSkillsProgramme:ZZSkillsProgramme_ID:356;ZZUnitStandard:ZZUnitStandard_id:566
*,7126,Y,Elective,ZZSkillsProgramme:ZZSkillsProgramme_ID:356;ZZUnitStandard:ZZUnitStandard_id:557
*,7127,Y,Core,ZZSkillsProgramme:ZZSkillsProgramme_ID:357;ZZUnitStandard:ZZUnitStandard_id:2266
*,7128,Y,Core,ZZSkillsProgramme:ZZSkillsProgramme_ID:357;ZZUnitStandard:ZZUnitStandard_id:2265
*,7129,Y,Core,ZZSkillsProgramme:ZZSkillsProgramme_ID:357;ZZUnitStandard:ZZUnitStandard_id:2921
*,7130,Y,Core,ZZSkillsProgramme:ZZSkillsProgramme_ID:357;ZZUnitStandard:ZZUnitStandard_id:2920
*,7131,Y,Core,ZZSkillsProgramme:ZZSkillsProgramme_ID:357;ZZUnitStandard:ZZUnitStandard_id:2856
*,7132,Y,Core,ZZSkillsProgramme:ZZSkillsProgramme_ID:357;ZZUnitStandard:ZZUnitStandard_id:3009
*,7133,Y,Core,ZZSkillsProgramme:ZZSkillsProgramme_ID:358;ZZUnitStandard:ZZUnitStandard_id:2445
*,7134,Y,Elective,ZZSkillsProgramme:ZZSkillsProgramme_ID:358;ZZUnitStandard:ZZUnitStandard_id:2147
*,7135,Y,Elective,ZZSkillsProgramme:ZZSkillsProgramme_ID:358;ZZUnitStandard:ZZUnitStandard_id:3878
*,7136,Y,Core,ZZSkillsProgramme:ZZSkillsProgramme_ID:359;ZZUnitStandard:ZZUnitStandard_id:232
*,7137,Y,Elective,ZZSkillsProgramme:ZZSkillsProgramme_ID:359;ZZUnitStandard:ZZUnitStandard_id:234
*,7138,Y,Elective,ZZSkillsProgramme:ZZSkillsProgramme_ID:359;ZZUnitStandard:ZZUnitStandard_id:246
*,7139,Y,Elective,ZZSkillsProgramme:ZZSkillsProgramme_ID:359;ZZUnitStandard:ZZUnitStandard_id:469
*,7140,Y,Elective,ZZSkillsProgramme:ZZSkillsProgramme_ID:359;ZZUnitStandard:ZZUnitStandard_id:716
*,7141,Y,Elective,ZZSkillsProgramme:ZZSkillsProgramme_ID:359;ZZUnitStandard:ZZUnitStandard_id:3895
*,7142,Y,Elective,ZZSkillsProgramme:ZZSkillsProgramme_ID:359;ZZUnitStandard:ZZUnitStandard_id:1140
*,7143,Y,Elective,ZZSkillsProgramme:ZZSkillsProgramme_ID:359;ZZUnitStandard:ZZUnitStandard_id:2537
*,7144,Y,Elective,ZZSkillsProgramme:ZZSkillsProgramme_ID:359;ZZUnitStandard:ZZUnitStandard_id:2542
*,7145,Y,Elective,ZZSkillsProgramme:ZZSkillsProgramme_ID:359;ZZUnitStandard:ZZUnitStandard_id:2543
*,7146,Y,Elective,ZZSkillsProgramme:ZZSkillsProgramme_ID:359;ZZUnitStandard:ZZUnitStandard_id:2534
*,7147,Y,Core,ZZSkillsProgramme:ZZSkillsProgramme_ID:359;ZZUnitStandard:ZZUnitStandard_id:2536
*,7148,Y,Elective,ZZSkillsProgramme:ZZSkillsProgramme_ID:359;ZZUnitStandard:ZZUnitStandard_id:2633
*,7149,Y,Elective,ZZSkillsProgramme:ZZSkillsProgramme_ID:359;ZZUnitStandard:ZZUnitStandard_id:2552
*,7150,Y,Elective,ZZSkillsProgramme:ZZSkillsProgramme_ID:359;ZZUnitStandard:ZZUnitStandard_id:2551
*,7151,Y,Elective,ZZSkillsProgramme:ZZSkillsProgramme_ID:359;ZZUnitStandard:ZZUnitStandard_id:2634
*,7152,Y,Elective,ZZSkillsProgramme:ZZSkillsProgramme_ID:359;ZZUnitStandard:ZZUnitStandard_id:3357
*,7153,Y,Elective,ZZSkillsProgramme:ZZSkillsProgramme_ID:359;ZZUnitStandard:ZZUnitStandard_id:3407
*,7154,Y,Elective,ZZSkillsProgramme:ZZSkillsProgramme_ID:359;ZZUnitStandard:ZZUnitStandard_id:1029
*,7155,Y,Elective,ZZSkillsProgramme:ZZSkillsProgramme_ID:359;ZZUnitStandard:ZZUnitStandard_id:3044
*,7156,Y,Elective,ZZSkillsProgramme:ZZSkillsProgramme_ID:359;ZZUnitStandard:ZZUnitStandard_id:94
*,7157,Y,Elective,ZZSkillsProgramme:ZZSkillsProgramme_ID:359;ZZUnitStandard:ZZUnitStandard_id:40
*,7158,Y,Core,ZZSkillsProgramme:ZZSkillsProgramme_ID:360;ZZUnitStandard:ZZUnitStandard_id:1034
*,7159,Y,Elective,ZZSkillsProgramme:ZZSkillsProgramme_ID:360;ZZUnitStandard:ZZUnitStandard_id:529
*,7160,Y,Elective,ZZSkillsProgramme:ZZSkillsProgramme_ID:360;ZZUnitStandard:ZZUnitStandard_id:1234
*,7161,Y,Elective,ZZSkillsProgramme:ZZSkillsProgramme_ID:360;ZZUnitStandard:ZZUnitStandard_id:2542
*,7162,Y,Elective,ZZSkillsProgramme:ZZSkillsProgramme_ID:360;ZZUnitStandard:ZZUnitStandard_id:2553
*,7163,Y,Elective,ZZSkillsProgramme:ZZSkillsProgramme_ID:360;ZZUnitStandard:ZZUnitStandard_id:2543
*,7164,Y,Elective,ZZSkillsProgramme:ZZSkillsProgramme_ID:360;ZZUnitStandard:ZZUnitStandard_id:2534
*,7165,Y,Core,ZZSkillsProgramme:ZZSkillsProgramme_ID:360;ZZUnitStandard:ZZUnitStandard_id:2536
*,7166,Y,Elective,ZZSkillsProgramme:ZZSkillsProgramme_ID:360;ZZUnitStandard:ZZUnitStandard_id:2633
*,7167,Y,Elective,ZZSkillsProgramme:ZZSkillsProgramme_ID:360;ZZUnitStandard:ZZUnitStandard_id:2552
*,7168,Y,Elective,ZZSkillsProgramme:ZZSkillsProgramme_ID:360;ZZUnitStandard:ZZUnitStandard_id:2551
*,7169,Y,Elective,ZZSkillsProgramme:ZZSkillsProgramme_ID:360;ZZUnitStandard:ZZUnitStandard_id:2544
*,7170,Y,Elective,ZZSkillsProgramme:ZZSkillsProgramme_ID:360;ZZUnitStandard:ZZUnitStandard_id:2634
*,7171,Y,Core,ZZSkillsProgramme:ZZSkillsProgramme_ID:360;ZZUnitStandard:ZZUnitStandard_id:3357
*,7172,Y,Elective,ZZSkillsProgramme:ZZSkillsProgramme_ID:360;ZZUnitStandard:ZZUnitStandard_id:3407
*,7173,Y,Elective,ZZSkillsProgramme:ZZSkillsProgramme_ID:360;ZZUnitStandard:ZZUnitStandard_id:1029
*,7174,Y,Elective,ZZSkillsProgramme:ZZSkillsProgramme_ID:360;ZZUnitStandard:ZZUnitStandard_id:2576
*,7175,Y,Elective,ZZSkillsProgramme:ZZSkillsProgramme_ID:360;ZZUnitStandard:ZZUnitStandard_id:3354
*,7176,Y,Elective,ZZSkillsProgramme:ZZSkillsProgramme_ID:360;ZZUnitStandard:ZZUnitStandard_id:3355
*,7177,Y,Elective,ZZSkillsProgramme:ZZSkillsProgramme_ID:360;ZZUnitStandard:ZZUnitStandard_id:3360
*,7178,Y,Core,ZZSkillsProgramme:ZZSkillsProgramme_ID:361;ZZUnitStandard:ZZUnitStandard_id:469
*,7179,Y,Core,ZZSkillsProgramme:ZZSkillsProgramme_ID:361;ZZUnitStandard:ZZUnitStandard_id:1034
*,7180,Y,Elective,ZZSkillsProgramme:ZZSkillsProgramme_ID:361;ZZUnitStandard:ZZUnitStandard_id:529
*,7181,Y,Elective,ZZSkillsProgramme:ZZSkillsProgramme_ID:361;ZZUnitStandard:ZZUnitStandard_id:1234
*,7182,Y,Elective,ZZSkillsProgramme:ZZSkillsProgramme_ID:361;ZZUnitStandard:ZZUnitStandard_id:2537
*,7183,Y,Elective,ZZSkillsProgramme:ZZSkillsProgramme_ID:361;ZZUnitStandard:ZZUnitStandard_id:2542
*,7184,Y,Elective,ZZSkillsProgramme:ZZSkillsProgramme_ID:361;ZZUnitStandard:ZZUnitStandard_id:2553
*,7185,Y,Elective,ZZSkillsProgramme:ZZSkillsProgramme_ID:361;ZZUnitStandard:ZZUnitStandard_id:2543
*,7186,Y,Elective,ZZSkillsProgramme:ZZSkillsProgramme_ID:361;ZZUnitStandard:ZZUnitStandard_id:2534
*,7187,Y,Core,ZZSkillsProgramme:ZZSkillsProgramme_ID:361;ZZUnitStandard:ZZUnitStandard_id:2536
*,7188,Y,Elective,ZZSkillsProgramme:ZZSkillsProgramme_ID:361;ZZUnitStandard:ZZUnitStandard_id:2633
*,7189,Y,Elective,ZZSkillsProgramme:ZZSkillsProgramme_ID:361;ZZUnitStandard:ZZUnitStandard_id:2552
*,7190,Y,Elective,ZZSkillsProgramme:ZZSkillsProgramme_ID:361;ZZUnitStandard:ZZUnitStandard_id:2551
*,7191,Y,Elective,ZZSkillsProgramme:ZZSkillsProgramme_ID:361;ZZUnitStandard:ZZUnitStandard_id:2544
*,7192,Y,Elective,ZZSkillsProgramme:ZZSkillsProgramme_ID:361;ZZUnitStandard:ZZUnitStandard_id:2634
*,7193,Y,Elective,ZZSkillsProgramme:ZZSkillsProgramme_ID:361;ZZUnitStandard:ZZUnitStandard_id:3407
*,7194,Y,Elective,ZZSkillsProgramme:ZZSkillsProgramme_ID:361;ZZUnitStandard:ZZUnitStandard_id:1029
*,7195,Y,Elective,ZZSkillsProgramme:ZZSkillsProgramme_ID:361;ZZUnitStandard:ZZUnitStandard_id:2576
*,7196,Y,Elective,ZZSkillsProgramme:ZZSkillsProgramme_ID:361;ZZUnitStandard:ZZUnitStandard_id:3354
*,7197,Y,Elective,ZZSkillsProgramme:ZZSkillsProgramme_ID:361;ZZUnitStandard:ZZUnitStandard_id:3355
*,7198,Y,Elective,ZZSkillsProgramme:ZZSkillsProgramme_ID:361;ZZUnitStandard:ZZUnitStandard_id:3360
*,7199,Y,Elective,ZZSkillsProgramme:ZZSkillsProgramme_ID:362;ZZUnitStandard:ZZUnitStandard_id:995
*,7200,Y,Elective,ZZSkillsProgramme:ZZSkillsProgramme_ID:362;ZZUnitStandard:ZZUnitStandard_id:2319
*,7201,Y,Elective,ZZSkillsProgramme:ZZSkillsProgramme_ID:362;ZZUnitStandard:ZZUnitStandard_id:2310
*,7202,Y,Elective,ZZSkillsProgramme:ZZSkillsProgramme_ID:362;ZZUnitStandard:ZZUnitStandard_id:2317
*,7203,Y,Elective,ZZSkillsProgramme:ZZSkillsProgramme_ID:362;ZZUnitStandard:ZZUnitStandard_id:2323
*,7204,Y,Elective,ZZSkillsProgramme:ZZSkillsProgramme_ID:362;ZZUnitStandard:ZZUnitStandard_id:2279
*,7205,Y,Elective,ZZSkillsProgramme:ZZSkillsProgramme_ID:362;ZZUnitStandard:ZZUnitStandard_id:2312
*,7206,Y,Elective,ZZSkillsProgramme:ZZSkillsProgramme_ID:362;ZZUnitStandard:ZZUnitStandard_id:2318
*,7207,Y,Elective,ZZSkillsProgramme:ZZSkillsProgramme_ID:362;ZZUnitStandard:ZZUnitStandard_id:2441
*,7208,Y,Elective,ZZSkillsProgramme:ZZSkillsProgramme_ID:362;ZZUnitStandard:ZZUnitStandard_id:2443
*,7209,Y,Elective,ZZSkillsProgramme:ZZSkillsProgramme_ID:362;ZZUnitStandard:ZZUnitStandard_id:2283
*,7210,Y,Elective,ZZSkillsProgramme:ZZSkillsProgramme_ID:362;ZZUnitStandard:ZZUnitStandard_id:2256
*,7211,Y,Elective,ZZSkillsProgramme:ZZSkillsProgramme_ID:362;ZZUnitStandard:ZZUnitStandard_id:2320
*,7212,Y,Elective,ZZSkillsProgramme:ZZSkillsProgramme_ID:362;ZZUnitStandard:ZZUnitStandard_id:2315
*,7213,Y,Elective,ZZSkillsProgramme:ZZSkillsProgramme_ID:362;ZZUnitStandard:ZZUnitStandard_id:2260
*,7214,Y,Elective,ZZSkillsProgramme:ZZSkillsProgramme_ID:362;ZZUnitStandard:ZZUnitStandard_id:2270
*,7215,Y,Elective,ZZSkillsProgramme:ZZSkillsProgramme_ID:362;ZZUnitStandard:ZZUnitStandard_id:2282
*,7216,Y,Elective,ZZSkillsProgramme:ZZSkillsProgramme_ID:362;ZZUnitStandard:ZZUnitStandard_id:2308
*,7217,Y,Elective,ZZSkillsProgramme:ZZSkillsProgramme_ID:362;ZZUnitStandard:ZZUnitStandard_id:2442
*,7218,Y,Elective,ZZSkillsProgramme:ZZSkillsProgramme_ID:362;ZZUnitStandard:ZZUnitStandard_id:2314
*,7219,Y,Elective,ZZSkillsProgramme:ZZSkillsProgramme_ID:362;ZZUnitStandard:ZZUnitStandard_id:2365
*,7220,Y,Elective,ZZSkillsProgramme:ZZSkillsProgramme_ID:362;ZZUnitStandard:ZZUnitStandard_id:2322
*,7221,Y,Elective,ZZSkillsProgramme:ZZSkillsProgramme_ID:362;ZZUnitStandard:ZZUnitStandard_id:2444
*,7222,Y,Elective,ZZSkillsProgramme:ZZSkillsProgramme_ID:362;ZZUnitStandard:ZZUnitStandard_id:2316
*,7223,Y,Elective,ZZSkillsProgramme:ZZSkillsProgramme_ID:362;ZZUnitStandard:ZZUnitStandard_id:2263
*,7224,Y,Elective,ZZSkillsProgramme:ZZSkillsProgramme_ID:362;ZZUnitStandard:ZZUnitStandard_id:2311
*,7225,Y,Core,ZZSkillsProgramme:ZZSkillsProgramme_ID:362;ZZUnitStandard:ZZUnitStandard_id:2266
*,7226,Y,Elective,ZZSkillsProgramme:ZZSkillsProgramme_ID:362;ZZUnitStandard:ZZUnitStandard_id:2321
*,7227,Y,Elective,ZZSkillsProgramme:ZZSkillsProgramme_ID:362;ZZUnitStandard:ZZUnitStandard_id:2264
*,7228,Y,Elective,ZZSkillsProgramme:ZZSkillsProgramme_ID:362;ZZUnitStandard:ZZUnitStandard_id:2313
*,7229,Y,Elective,ZZSkillsProgramme:ZZSkillsProgramme_ID:362;ZZUnitStandard:ZZUnitStandard_id:2271
*,7230,Y,Elective,ZZSkillsProgramme:ZZSkillsProgramme_ID:362;ZZUnitStandard:ZZUnitStandard_id:2303
*,7231,Y,Core,ZZSkillsProgramme:ZZSkillsProgramme_ID:362;ZZUnitStandard:ZZUnitStandard_id:2222
*,7232,Y,Core,ZZSkillsProgramme:ZZSkillsProgramme_ID:362;ZZUnitStandard:ZZUnitStandard_id:2228
*,7233,Y,Elective,ZZSkillsProgramme:ZZSkillsProgramme_ID:362;ZZUnitStandard:ZZUnitStandard_id:2309
*,7234,Y,Core,ZZSkillsProgramme:ZZSkillsProgramme_ID:362;ZZUnitStandard:ZZUnitStandard_id:2227
*,7235,Y,Elective,ZZSkillsProgramme:ZZSkillsProgramme_ID:362;ZZUnitStandard:ZZUnitStandard_id:2280
*,7236,Y,Elective,ZZSkillsProgramme:ZZSkillsProgramme_ID:362;ZZUnitStandard:ZZUnitStandard_id:2259
*,7237,Y,Elective,ZZSkillsProgramme:ZZSkillsProgramme_ID:362;ZZUnitStandard:ZZUnitStandard_id:2281
*,7238,Y,Elective,ZZSkillsProgramme:ZZSkillsProgramme_ID:362;ZZUnitStandard:ZZUnitStandard_id:2262
*,7239,Y,Elective,ZZSkillsProgramme:ZZSkillsProgramme_ID:362;ZZUnitStandard:ZZUnitStandard_id:2229
*,7240,Y,Elective,ZZSkillsProgramme:ZZSkillsProgramme_ID:362;ZZUnitStandard:ZZUnitStandard_id:2258
*,7241,Y,Core,ZZSkillsProgramme:ZZSkillsProgramme_ID:362;ZZUnitStandard:ZZUnitStandard_id:2613
*,7242,Y,Elective,ZZSkillsProgramme:ZZSkillsProgramme_ID:362;ZZUnitStandard:ZZUnitStandard_id:2934
*,7243,Y,Elective,ZZSkillsProgramme:ZZSkillsProgramme_ID:362;ZZUnitStandard:ZZUnitStandard_id:3916
*,7244,Y,Elective,ZZSkillsProgramme:ZZSkillsProgramme_ID:363;ZZUnitStandard:ZZUnitStandard_id:469
*,7245,Y,Core,ZZSkillsProgramme:ZZSkillsProgramme_ID:363;ZZUnitStandard:ZZUnitStandard_id:1034
*,7246,Y,Elective,ZZSkillsProgramme:ZZSkillsProgramme_ID:363;ZZUnitStandard:ZZUnitStandard_id:529
*,7247,Y,Elective,ZZSkillsProgramme:ZZSkillsProgramme_ID:363;ZZUnitStandard:ZZUnitStandard_id:1234
*,7248,Y,Elective,ZZSkillsProgramme:ZZSkillsProgramme_ID:363;ZZUnitStandard:ZZUnitStandard_id:2537
*,7249,Y,Elective,ZZSkillsProgramme:ZZSkillsProgramme_ID:363;ZZUnitStandard:ZZUnitStandard_id:2542
*,7250,Y,Elective,ZZSkillsProgramme:ZZSkillsProgramme_ID:363;ZZUnitStandard:ZZUnitStandard_id:2553
*,7251,Y,Elective,ZZSkillsProgramme:ZZSkillsProgramme_ID:363;ZZUnitStandard:ZZUnitStandard_id:2543
*,7252,Y,Elective,ZZSkillsProgramme:ZZSkillsProgramme_ID:363;ZZUnitStandard:ZZUnitStandard_id:2534
*,7253,Y,Core,ZZSkillsProgramme:ZZSkillsProgramme_ID:363;ZZUnitStandard:ZZUnitStandard_id:2536
*,7254,Y,Elective,ZZSkillsProgramme:ZZSkillsProgramme_ID:363;ZZUnitStandard:ZZUnitStandard_id:2633
*,7255,Y,Elective,ZZSkillsProgramme:ZZSkillsProgramme_ID:363;ZZUnitStandard:ZZUnitStandard_id:2552
*,7256,Y,Elective,ZZSkillsProgramme:ZZSkillsProgramme_ID:363;ZZUnitStandard:ZZUnitStandard_id:2551
*,7257,Y,Elective,ZZSkillsProgramme:ZZSkillsProgramme_ID:363;ZZUnitStandard:ZZUnitStandard_id:2544
*,7258,Y,Elective,ZZSkillsProgramme:ZZSkillsProgramme_ID:363;ZZUnitStandard:ZZUnitStandard_id:2634
*,7259,Y,Elective,ZZSkillsProgramme:ZZSkillsProgramme_ID:363;ZZUnitStandard:ZZUnitStandard_id:3357
*,7260,Y,Elective,ZZSkillsProgramme:ZZSkillsProgramme_ID:363;ZZUnitStandard:ZZUnitStandard_id:3407
*,7261,Y,Elective,ZZSkillsProgramme:ZZSkillsProgramme_ID:363;ZZUnitStandard:ZZUnitStandard_id:1029
*,7262,Y,Elective,ZZSkillsProgramme:ZZSkillsProgramme_ID:363;ZZUnitStandard:ZZUnitStandard_id:2576
*,7263,Y,Elective,ZZSkillsProgramme:ZZSkillsProgramme_ID:363;ZZUnitStandard:ZZUnitStandard_id:3354
*,7264,Y,Elective,ZZSkillsProgramme:ZZSkillsProgramme_ID:363;ZZUnitStandard:ZZUnitStandard_id:3355
*,7265,Y,Elective,ZZSkillsProgramme:ZZSkillsProgramme_ID:363;ZZUnitStandard:ZZUnitStandard_id:3360
*,7266,Y,Elective,ZZSkillsProgramme:ZZSkillsProgramme_ID:365;ZZUnitStandard:ZZUnitStandard_id:2025
*,7267,Y,Elective,ZZSkillsProgramme:ZZSkillsProgramme_ID:365;ZZUnitStandard:ZZUnitStandard_id:610
*,7268,Y,Elective,ZZSkillsProgramme:ZZSkillsProgramme_ID:365;ZZUnitStandard:ZZUnitStandard_id:1034
*,7269,Y,Elective,ZZSkillsProgramme:ZZSkillsProgramme_ID:365;ZZUnitStandard:ZZUnitStandard_id:2360
*,7270,Y,Elective,ZZSkillsProgramme:ZZSkillsProgramme_ID:365;ZZUnitStandard:ZZUnitStandard_id:616
*,7271,Y,Core,ZZSkillsProgramme:ZZSkillsProgramme_ID:365;ZZUnitStandard:ZZUnitStandard_id:2537
*,7272,Y,Elective,ZZSkillsProgramme:ZZSkillsProgramme_ID:365;ZZUnitStandard:ZZUnitStandard_id:1049
*,7273,Y,Elective,ZZSkillsProgramme:ZZSkillsProgramme_ID:365;ZZUnitStandard:ZZUnitStandard_id:2359
*,7274,Y,Elective,ZZSkillsProgramme:ZZSkillsProgramme_ID:365;ZZUnitStandard:ZZUnitStandard_id:399
*,7275,Y,Core,ZZSkillsProgramme:ZZSkillsProgramme_ID:365;ZZUnitStandard:ZZUnitStandard_id:2547
*,7276,Y,Elective,ZZSkillsProgramme:ZZSkillsProgramme_ID:365;ZZUnitStandard:ZZUnitStandard_id:2357
*,7277,Y,Elective,ZZSkillsProgramme:ZZSkillsProgramme_ID:365;ZZUnitStandard:ZZUnitStandard_id:618
*,7278,Y,Elective,ZZSkillsProgramme:ZZSkillsProgramme_ID:365;ZZUnitStandard:ZZUnitStandard_id:2356
*,7279,Y,Elective,ZZSkillsProgramme:ZZSkillsProgramme_ID:365;ZZUnitStandard:ZZUnitStandard_id:394
*,7280,Y,Elective,ZZSkillsProgramme:ZZSkillsProgramme_ID:365;ZZUnitStandard:ZZUnitStandard_id:530
*,7281,Y,Elective,ZZSkillsProgramme:ZZSkillsProgramme_ID:365;ZZUnitStandard:ZZUnitStandard_id:2772
*,7282,Y,Elective,ZZSkillsProgramme:ZZSkillsProgramme_ID:365;ZZUnitStandard:ZZUnitStandard_id:3367
*,7283,Y,Elective,ZZSkillsProgramme:ZZSkillsProgramme_ID:365;ZZUnitStandard:ZZUnitStandard_id:3366
*,7284,Y,Elective,ZZSkillsProgramme:ZZSkillsProgramme_ID:366;ZZUnitStandard:ZZUnitStandard_id:2025
*,7285,Y,Elective,ZZSkillsProgramme:ZZSkillsProgramme_ID:366;ZZUnitStandard:ZZUnitStandard_id:610
*,7286,Y,Elective,ZZSkillsProgramme:ZZSkillsProgramme_ID:366;ZZUnitStandard:ZZUnitStandard_id:1034
*,7287,Y,Elective,ZZSkillsProgramme:ZZSkillsProgramme_ID:366;ZZUnitStandard:ZZUnitStandard_id:2360
*,7288,Y,Elective,ZZSkillsProgramme:ZZSkillsProgramme_ID:366;ZZUnitStandard:ZZUnitStandard_id:616
*,7289,Y,Core,ZZSkillsProgramme:ZZSkillsProgramme_ID:366;ZZUnitStandard:ZZUnitStandard_id:2549
*,7290,Y,Core,ZZSkillsProgramme:ZZSkillsProgramme_ID:366;ZZUnitStandard:ZZUnitStandard_id:2537
*,7291,Y,Elective,ZZSkillsProgramme:ZZSkillsProgramme_ID:366;ZZUnitStandard:ZZUnitStandard_id:1049
*,7292,Y,Elective,ZZSkillsProgramme:ZZSkillsProgramme_ID:366;ZZUnitStandard:ZZUnitStandard_id:2359
*,7293,Y,Elective,ZZSkillsProgramme:ZZSkillsProgramme_ID:366;ZZUnitStandard:ZZUnitStandard_id:399
*,7294,Y,Elective,ZZSkillsProgramme:ZZSkillsProgramme_ID:366;ZZUnitStandard:ZZUnitStandard_id:2357
*,7295,Y,Elective,ZZSkillsProgramme:ZZSkillsProgramme_ID:366;ZZUnitStandard:ZZUnitStandard_id:618
*,7296,Y,Elective,ZZSkillsProgramme:ZZSkillsProgramme_ID:366;ZZUnitStandard:ZZUnitStandard_id:2356
*,7297,Y,Elective,ZZSkillsProgramme:ZZSkillsProgramme_ID:366;ZZUnitStandard:ZZUnitStandard_id:394
*,7298,Y,Elective,ZZSkillsProgramme:ZZSkillsProgramme_ID:366;ZZUnitStandard:ZZUnitStandard_id:530
*,7299,Y,Elective,ZZSkillsProgramme:ZZSkillsProgramme_ID:366;ZZUnitStandard:ZZUnitStandard_id:2772
*,7300,Y,Elective,ZZSkillsProgramme:ZZSkillsProgramme_ID:366;ZZUnitStandard:ZZUnitStandard_id:3367
*,7301,Y,Elective,ZZSkillsProgramme:ZZSkillsProgramme_ID:366;ZZUnitStandard:ZZUnitStandard_id:3366
*,7302,Y,Elective,ZZSkillsProgramme:ZZSkillsProgramme_ID:367;ZZUnitStandard:ZZUnitStandard_id:2025
*,7303,Y,Elective,ZZSkillsProgramme:ZZSkillsProgramme_ID:367;ZZUnitStandard:ZZUnitStandard_id:610
*,7304,Y,Elective,ZZSkillsProgramme:ZZSkillsProgramme_ID:367;ZZUnitStandard:ZZUnitStandard_id:1034
*,7305,Y,Elective,ZZSkillsProgramme:ZZSkillsProgramme_ID:367;ZZUnitStandard:ZZUnitStandard_id:2360
*,7306,Y,Elective,ZZSkillsProgramme:ZZSkillsProgramme_ID:367;ZZUnitStandard:ZZUnitStandard_id:616
*,7307,Y,Core,ZZSkillsProgramme:ZZSkillsProgramme_ID:367;ZZUnitStandard:ZZUnitStandard_id:2537
*,7308,Y,Elective,ZZSkillsProgramme:ZZSkillsProgramme_ID:367;ZZUnitStandard:ZZUnitStandard_id:1049
*,7309,Y,Elective,ZZSkillsProgramme:ZZSkillsProgramme_ID:367;ZZUnitStandard:ZZUnitStandard_id:2359
*,7310,Y,Core,ZZSkillsProgramme:ZZSkillsProgramme_ID:367;ZZUnitStandard:ZZUnitStandard_id:380
*,7311,Y,Elective,ZZSkillsProgramme:ZZSkillsProgramme_ID:367;ZZUnitStandard:ZZUnitStandard_id:399
*,7312,Y,Elective,ZZSkillsProgramme:ZZSkillsProgramme_ID:367;ZZUnitStandard:ZZUnitStandard_id:2357
*,7313,Y,Elective,ZZSkillsProgramme:ZZSkillsProgramme_ID:367;ZZUnitStandard:ZZUnitStandard_id:618
*,7314,Y,Elective,ZZSkillsProgramme:ZZSkillsProgramme_ID:367;ZZUnitStandard:ZZUnitStandard_id:2356
*,7315,Y,Elective,ZZSkillsProgramme:ZZSkillsProgramme_ID:367;ZZUnitStandard:ZZUnitStandard_id:394
*,7316,Y,Elective,ZZSkillsProgramme:ZZSkillsProgramme_ID:367;ZZUnitStandard:ZZUnitStandard_id:530
*,7317,Y,Elective,ZZSkillsProgramme:ZZSkillsProgramme_ID:367;ZZUnitStandard:ZZUnitStandard_id:2772
*,7318,Y,Elective,ZZSkillsProgramme:ZZSkillsProgramme_ID:367;ZZUnitStandard:ZZUnitStandard_id:3367
*,7319,Y,Elective,ZZSkillsProgramme:ZZSkillsProgramme_ID:367;ZZUnitStandard:ZZUnitStandard_id:3366
*,7320,Y,Elective,ZZSkillsProgramme:ZZSkillsProgramme_ID:368;ZZUnitStandard:ZZUnitStandard_id:2025
*,7321,Y,Elective,ZZSkillsProgramme:ZZSkillsProgramme_ID:368;ZZUnitStandard:ZZUnitStandard_id:610
*,7322,Y,Elective,ZZSkillsProgramme:ZZSkillsProgramme_ID:368;ZZUnitStandard:ZZUnitStandard_id:1034
*,7323,Y,Elective,ZZSkillsProgramme:ZZSkillsProgramme_ID:368;ZZUnitStandard:ZZUnitStandard_id:2360
*,7324,Y,Elective,ZZSkillsProgramme:ZZSkillsProgramme_ID:368;ZZUnitStandard:ZZUnitStandard_id:616
*,7325,Y,Core,ZZSkillsProgramme:ZZSkillsProgramme_ID:368;ZZUnitStandard:ZZUnitStandard_id:2537
*,7326,Y,Elective,ZZSkillsProgramme:ZZSkillsProgramme_ID:368;ZZUnitStandard:ZZUnitStandard_id:1049
*,7327,Y,Core,ZZSkillsProgramme:ZZSkillsProgramme_ID:368;ZZUnitStandard:ZZUnitStandard_id:381
*,7328,Y,Elective,ZZSkillsProgramme:ZZSkillsProgramme_ID:368;ZZUnitStandard:ZZUnitStandard_id:2359
*,7329,Y,Elective,ZZSkillsProgramme:ZZSkillsProgramme_ID:368;ZZUnitStandard:ZZUnitStandard_id:399
*,7330,Y,Elective,ZZSkillsProgramme:ZZSkillsProgramme_ID:368;ZZUnitStandard:ZZUnitStandard_id:2357
*,7331,Y,Elective,ZZSkillsProgramme:ZZSkillsProgramme_ID:368;ZZUnitStandard:ZZUnitStandard_id:618
*,7332,Y,Elective,ZZSkillsProgramme:ZZSkillsProgramme_ID:368;ZZUnitStandard:ZZUnitStandard_id:2356
*,7333,Y,Elective,ZZSkillsProgramme:ZZSkillsProgramme_ID:368;ZZUnitStandard:ZZUnitStandard_id:394
*,7334,Y,Elective,ZZSkillsProgramme:ZZSkillsProgramme_ID:368;ZZUnitStandard:ZZUnitStandard_id:530
*,7335,Y,Elective,ZZSkillsProgramme:ZZSkillsProgramme_ID:368;ZZUnitStandard:ZZUnitStandard_id:2772
*,7336,Y,Elective,ZZSkillsProgramme:ZZSkillsProgramme_ID:368;ZZUnitStandard:ZZUnitStandard_id:3367
*,7337,Y,Elective,ZZSkillsProgramme:ZZSkillsProgramme_ID:368;ZZUnitStandard:ZZUnitStandard_id:3366
*,7338,Y,Elective,ZZSkillsProgramme:ZZSkillsProgramme_ID:369;ZZUnitStandard:ZZUnitStandard_id:2025
*,7339,Y,Elective,ZZSkillsProgramme:ZZSkillsProgramme_ID:369;ZZUnitStandard:ZZUnitStandard_id:610
*,7340,Y,Elective,ZZSkillsProgramme:ZZSkillsProgramme_ID:369;ZZUnitStandard:ZZUnitStandard_id:1034
*,7341,Y,Elective,ZZSkillsProgramme:ZZSkillsProgramme_ID:369;ZZUnitStandard:ZZUnitStandard_id:2360
*,7342,Y,Elective,ZZSkillsProgramme:ZZSkillsProgramme_ID:369;ZZUnitStandard:ZZUnitStandard_id:616
*,7343,Y,Core,ZZSkillsProgramme:ZZSkillsProgramme_ID:369;ZZUnitStandard:ZZUnitStandard_id:2537
*,7344,Y,Elective,ZZSkillsProgramme:ZZSkillsProgramme_ID:369;ZZUnitStandard:ZZUnitStandard_id:1049
*,7345,Y,Elective,ZZSkillsProgramme:ZZSkillsProgramme_ID:369;ZZUnitStandard:ZZUnitStandard_id:2359
*,7346,Y,Core,ZZSkillsProgramme:ZZSkillsProgramme_ID:369;ZZUnitStandard:ZZUnitStandard_id:2550
*,7347,Y,Elective,ZZSkillsProgramme:ZZSkillsProgramme_ID:369;ZZUnitStandard:ZZUnitStandard_id:399
*,7348,Y,Elective,ZZSkillsProgramme:ZZSkillsProgramme_ID:369;ZZUnitStandard:ZZUnitStandard_id:2357
*,7349,Y,Elective,ZZSkillsProgramme:ZZSkillsProgramme_ID:369;ZZUnitStandard:ZZUnitStandard_id:618
*,7350,Y,Elective,ZZSkillsProgramme:ZZSkillsProgramme_ID:369;ZZUnitStandard:ZZUnitStandard_id:2356
*,7351,Y,Elective,ZZSkillsProgramme:ZZSkillsProgramme_ID:369;ZZUnitStandard:ZZUnitStandard_id:394
*,7352,Y,Elective,ZZSkillsProgramme:ZZSkillsProgramme_ID:369;ZZUnitStandard:ZZUnitStandard_id:530
*,7353,Y,Elective,ZZSkillsProgramme:ZZSkillsProgramme_ID:369;ZZUnitStandard:ZZUnitStandard_id:2772
*,7354,Y,Elective,ZZSkillsProgramme:ZZSkillsProgramme_ID:369;ZZUnitStandard:ZZUnitStandard_id:3367
*,7355,Y,Elective,ZZSkillsProgramme:ZZSkillsProgramme_ID:369;ZZUnitStandard:ZZUnitStandard_id:3366
*,7356,Y,Elective,ZZSkillsProgramme:ZZSkillsProgramme_ID:370;ZZUnitStandard:ZZUnitStandard_id:2025
*,7357,Y,Elective,ZZSkillsProgramme:ZZSkillsProgramme_ID:370;ZZUnitStandard:ZZUnitStandard_id:610
*,7358,Y,Elective,ZZSkillsProgramme:ZZSkillsProgramme_ID:370;ZZUnitStandard:ZZUnitStandard_id:1034
*,7359,Y,Elective,ZZSkillsProgramme:ZZSkillsProgramme_ID:370;ZZUnitStandard:ZZUnitStandard_id:2360
*,7360,Y,Elective,ZZSkillsProgramme:ZZSkillsProgramme_ID:370;ZZUnitStandard:ZZUnitStandard_id:616
*,7361,Y,Core,ZZSkillsProgramme:ZZSkillsProgramme_ID:370;ZZUnitStandard:ZZUnitStandard_id:2537
*,7362,Y,Elective,ZZSkillsProgramme:ZZSkillsProgramme_ID:370;ZZUnitStandard:ZZUnitStandard_id:1049
*,7363,Y,Elective,ZZSkillsProgramme:ZZSkillsProgramme_ID:370;ZZUnitStandard:ZZUnitStandard_id:2359
*,7364,Y,Elective,ZZSkillsProgramme:ZZSkillsProgramme_ID:370;ZZUnitStandard:ZZUnitStandard_id:399
*,7365,Y,Elective,ZZSkillsProgramme:ZZSkillsProgramme_ID:370;ZZUnitStandard:ZZUnitStandard_id:2357
*,7366,Y,Elective,ZZSkillsProgramme:ZZSkillsProgramme_ID:370;ZZUnitStandard:ZZUnitStandard_id:618
*,7367,Y,Elective,ZZSkillsProgramme:ZZSkillsProgramme_ID:370;ZZUnitStandard:ZZUnitStandard_id:2356
*,7368,Y,Elective,ZZSkillsProgramme:ZZSkillsProgramme_ID:370;ZZUnitStandard:ZZUnitStandard_id:394
*,7369,Y,Elective,ZZSkillsProgramme:ZZSkillsProgramme_ID:370;ZZUnitStandard:ZZUnitStandard_id:530
*,7370,Y,Core,ZZSkillsProgramme:ZZSkillsProgramme_ID:370;ZZUnitStandard:ZZUnitStandard_id:472
*,7371,Y,Elective,ZZSkillsProgramme:ZZSkillsProgramme_ID:370;ZZUnitStandard:ZZUnitStandard_id:2772
*,7372,Y,Elective,ZZSkillsProgramme:ZZSkillsProgramme_ID:370;ZZUnitStandard:ZZUnitStandard_id:3367
*,7373,Y,Elective,ZZSkillsProgramme:ZZSkillsProgramme_ID:370;ZZUnitStandard:ZZUnitStandard_id:3366
*,7374,Y,Elective,ZZSkillsProgramme:ZZSkillsProgramme_ID:371;ZZUnitStandard:ZZUnitStandard_id:2025
*,7375,Y,Elective,ZZSkillsProgramme:ZZSkillsProgramme_ID:371;ZZUnitStandard:ZZUnitStandard_id:610
*,7376,Y,Elective,ZZSkillsProgramme:ZZSkillsProgramme_ID:371;ZZUnitStandard:ZZUnitStandard_id:1034
*,7377,Y,Elective,ZZSkillsProgramme:ZZSkillsProgramme_ID:371;ZZUnitStandard:ZZUnitStandard_id:2360
*,7378,Y,Elective,ZZSkillsProgramme:ZZSkillsProgramme_ID:371;ZZUnitStandard:ZZUnitStandard_id:616
*,7379,Y,Core,ZZSkillsProgramme:ZZSkillsProgramme_ID:371;ZZUnitStandard:ZZUnitStandard_id:2537
*,7380,Y,Elective,ZZSkillsProgramme:ZZSkillsProgramme_ID:371;ZZUnitStandard:ZZUnitStandard_id:1049
*,7381,Y,Elective,ZZSkillsProgramme:ZZSkillsProgramme_ID:371;ZZUnitStandard:ZZUnitStandard_id:2359
*,7382,Y,Core,ZZSkillsProgramme:ZZSkillsProgramme_ID:371;ZZUnitStandard:ZZUnitStandard_id:2548
*,7383,Y,Elective,ZZSkillsProgramme:ZZSkillsProgramme_ID:371;ZZUnitStandard:ZZUnitStandard_id:399
*,7384,Y,Elective,ZZSkillsProgramme:ZZSkillsProgramme_ID:371;ZZUnitStandard:ZZUnitStandard_id:2357
*,7385,Y,Elective,ZZSkillsProgramme:ZZSkillsProgramme_ID:371;ZZUnitStandard:ZZUnitStandard_id:618
*,7386,Y,Elective,ZZSkillsProgramme:ZZSkillsProgramme_ID:371;ZZUnitStandard:ZZUnitStandard_id:2356
*,7387,Y,Elective,ZZSkillsProgramme:ZZSkillsProgramme_ID:371;ZZUnitStandard:ZZUnitStandard_id:394
*,7388,Y,Elective,ZZSkillsProgramme:ZZSkillsProgramme_ID:371;ZZUnitStandard:ZZUnitStandard_id:530
*,7389,Y,Elective,ZZSkillsProgramme:ZZSkillsProgramme_ID:371;ZZUnitStandard:ZZUnitStandard_id:2772
*,7390,Y,Elective,ZZSkillsProgramme:ZZSkillsProgramme_ID:371;ZZUnitStandard:ZZUnitStandard_id:3367
*,7391,Y,Elective,ZZSkillsProgramme:ZZSkillsProgramme_ID:371;ZZUnitStandard:ZZUnitStandard_id:3366
*,7392,Y,Core,ZZSkillsProgramme:ZZSkillsProgramme_ID:372;ZZUnitStandard:ZZUnitStandard_id:1466
*,7393,Y,Core,ZZSkillsProgramme:ZZSkillsProgramme_ID:372;ZZUnitStandard:ZZUnitStandard_id:3920
*,7394,Y,Core,ZZSkillsProgramme:ZZSkillsProgramme_ID:372;ZZUnitStandard:ZZUnitStandard_id:3921
*,7395,Y,Elective,ZZSkillsProgramme:ZZSkillsProgramme_ID:372;ZZUnitStandard:ZZUnitStandard_id:3924
*,7396,Y,Elective,ZZSkillsProgramme:ZZSkillsProgramme_ID:372;ZZUnitStandard:ZZUnitStandard_id:3926
*,7397,Y,Elective,ZZSkillsProgramme:ZZSkillsProgramme_ID:372;ZZUnitStandard:ZZUnitStandard_id:3923
*,7398,Y,Core,ZZSkillsProgramme:ZZSkillsProgramme_ID:372;ZZUnitStandard:ZZUnitStandard_id:2283
*,7399,Y,Core,ZZSkillsProgramme:ZZSkillsProgramme_ID:372;ZZUnitStandard:ZZUnitStandard_id:3919
*,7400,Y,Elective,ZZSkillsProgramme:ZZSkillsProgramme_ID:372;ZZUnitStandard:ZZUnitStandard_id:3922
*,7401,Y,Elective,ZZSkillsProgramme:ZZSkillsProgramme_ID:372;ZZUnitStandard:ZZUnitStandard_id:3925
*,7402,Y,Elective,ZZSkillsProgramme:ZZSkillsProgramme_ID:372;ZZUnitStandard:ZZUnitStandard_id:3878
*,7403,Y,Elective,ZZSkillsProgramme:ZZSkillsProgramme_ID:373;ZZUnitStandard:ZZUnitStandard_id:1668
*,7404,Y,Elective,ZZSkillsProgramme:ZZSkillsProgramme_ID:373;ZZUnitStandard:ZZUnitStandard_id:1466
*,7405,Y,Core,ZZSkillsProgramme:ZZSkillsProgramme_ID:373;ZZUnitStandard:ZZUnitStandard_id:1011
*,7406,Y,Elective,ZZSkillsProgramme:ZZSkillsProgramme_ID:373;ZZUnitStandard:ZZUnitStandard_id:2266
*,7407,Y,Elective,ZZSkillsProgramme:ZZSkillsProgramme_ID:373;ZZUnitStandard:ZZUnitStandard_id:996
*,7408,Y,Core,ZZSkillsProgramme:ZZSkillsProgramme_ID:373;ZZUnitStandard:ZZUnitStandard_id:2921
*,7409,Y,Elective,ZZSkillsProgramme:ZZSkillsProgramme_ID:373;ZZUnitStandard:ZZUnitStandard_id:3042
*,7410,Y,Core,ZZSkillsProgramme:ZZSkillsProgramme_ID:373;ZZUnitStandard:ZZUnitStandard_id:2914
*,7411,Y,Elective,ZZSkillsProgramme:ZZSkillsProgramme_ID:373;ZZUnitStandard:ZZUnitStandard_id:2947
*,7412,Y,Elective,ZZSkillsProgramme:ZZSkillsProgramme_ID:373;ZZUnitStandard:ZZUnitStandard_id:2915
*,7413,Y,Elective,ZZSkillsProgramme:ZZSkillsProgramme_ID:373;ZZUnitStandard:ZZUnitStandard_id:2930
*,7414,Y,Core,ZZSkillsProgramme:ZZSkillsProgramme_ID:373;ZZUnitStandard:ZZUnitStandard_id:2856
*,7415,Y,Core,ZZSkillsProgramme:ZZSkillsProgramme_ID:373;ZZUnitStandard:ZZUnitStandard_id:3009
*,7416,Y,Elective,ZZSkillsProgramme:ZZSkillsProgramme_ID:374;ZZUnitStandard:ZZUnitStandard_id:1668
*,7417,Y,Elective,ZZSkillsProgramme:ZZSkillsProgramme_ID:374;ZZUnitStandard:ZZUnitStandard_id:1466
*,7418,Y,Core,ZZSkillsProgramme:ZZSkillsProgramme_ID:374;ZZUnitStandard:ZZUnitStandard_id:1011
*,7419,Y,Elective,ZZSkillsProgramme:ZZSkillsProgramme_ID:374;ZZUnitStandard:ZZUnitStandard_id:2266
*,7420,Y,Elective,ZZSkillsProgramme:ZZSkillsProgramme_ID:374;ZZUnitStandard:ZZUnitStandard_id:996
*,7421,Y,Core,ZZSkillsProgramme:ZZSkillsProgramme_ID:374;ZZUnitStandard:ZZUnitStandard_id:2921
*,7422,Y,Elective,ZZSkillsProgramme:ZZSkillsProgramme_ID:374;ZZUnitStandard:ZZUnitStandard_id:3042
*,7423,Y,Core,ZZSkillsProgramme:ZZSkillsProgramme_ID:374;ZZUnitStandard:ZZUnitStandard_id:2914
*,7424,Y,Elective,ZZSkillsProgramme:ZZSkillsProgramme_ID:374;ZZUnitStandard:ZZUnitStandard_id:2947
*,7425,Y,Elective,ZZSkillsProgramme:ZZSkillsProgramme_ID:374;ZZUnitStandard:ZZUnitStandard_id:2915
*,7426,Y,Elective,ZZSkillsProgramme:ZZSkillsProgramme_ID:374;ZZUnitStandard:ZZUnitStandard_id:2930
*,7427,Y,Core,ZZSkillsProgramme:ZZSkillsProgramme_ID:374;ZZUnitStandard:ZZUnitStandard_id:2920
*,7428,Y,Core,ZZSkillsProgramme:ZZSkillsProgramme_ID:374;ZZUnitStandard:ZZUnitStandard_id:2856
*,7429,Y,Core,ZZSkillsProgramme:ZZSkillsProgramme_ID:374;ZZUnitStandard:ZZUnitStandard_id:3009
*,7430,Y,Elective,ZZSkillsProgramme:ZZSkillsProgramme_ID:375;ZZUnitStandard:ZZUnitStandard_id:246
*,7431,Y,Elective,ZZSkillsProgramme:ZZSkillsProgramme_ID:375;ZZUnitStandard:ZZUnitStandard_id:2147
*,7432,Y,Elective,ZZSkillsProgramme:ZZSkillsProgramme_ID:375;ZZUnitStandard:ZZUnitStandard_id:1466
*,7433,Y,Core,ZZSkillsProgramme:ZZSkillsProgramme_ID:375;ZZUnitStandard:ZZUnitStandard_id:2283
*,7434,Y,Elective,ZZSkillsProgramme:ZZSkillsProgramme_ID:375;ZZUnitStandard:ZZUnitStandard_id:2256
*,7435,Y,Elective,ZZSkillsProgramme:ZZSkillsProgramme_ID:375;ZZUnitStandard:ZZUnitStandard_id:2263
*,7436,Y,Elective,ZZSkillsProgramme:ZZSkillsProgramme_ID:375;ZZUnitStandard:ZZUnitStandard_id:2264
*,7437,Y,Elective,ZZSkillsProgramme:ZZSkillsProgramme_ID:375;ZZUnitStandard:ZZUnitStandard_id:2222
*,7438,Y,Elective,ZZSkillsProgramme:ZZSkillsProgramme_ID:375;ZZUnitStandard:ZZUnitStandard_id:2228
*,7439,Y,Elective,ZZSkillsProgramme:ZZSkillsProgramme_ID:375;ZZUnitStandard:ZZUnitStandard_id:2227
*,7440,Y,Elective,ZZSkillsProgramme:ZZSkillsProgramme_ID:375;ZZUnitStandard:ZZUnitStandard_id:1140
*,7441,Y,Elective,ZZSkillsProgramme:ZZSkillsProgramme_ID:375;ZZUnitStandard:ZZUnitStandard_id:606
*,7442,Y,Elective,ZZSkillsProgramme:ZZSkillsProgramme_ID:375;ZZUnitStandard:ZZUnitStandard_id:2553
*,7443,Y,Core,ZZSkillsProgramme:ZZSkillsProgramme_ID:375;ZZUnitStandard:ZZUnitStandard_id:2536
*,7444,Y,Elective,ZZSkillsProgramme:ZZSkillsProgramme_ID:375;ZZUnitStandard:ZZUnitStandard_id:2538
*,7445,Y,Elective,ZZSkillsProgramme:ZZSkillsProgramme_ID:375;ZZUnitStandard:ZZUnitStandard_id:2551
*,7446,Y,Elective,ZZSkillsProgramme:ZZSkillsProgramme_ID:375;ZZUnitStandard:ZZUnitStandard_id:2354
*,7447,Y,Elective,ZZSkillsProgramme:ZZSkillsProgramme_ID:375;ZZUnitStandard:ZZUnitStandard_id:2353
*,7448,Y,Core,ZZSkillsProgramme:ZZSkillsProgramme_ID:375;ZZUnitStandard:ZZUnitStandard_id:2647
*,7449,Y,Elective,ZZSkillsProgramme:ZZSkillsProgramme_ID:375;ZZUnitStandard:ZZUnitStandard_id:2714
*,7450,Y,Elective,ZZSkillsProgramme:ZZSkillsProgramme_ID:375;ZZUnitStandard:ZZUnitStandard_id:3009
*,7451,Y,Elective,ZZSkillsProgramme:ZZSkillsProgramme_ID:377;ZZUnitStandard:ZZUnitStandard_id:1298
*,7452,Y,Elective,ZZSkillsProgramme:ZZSkillsProgramme_ID:377;ZZUnitStandard:ZZUnitStandard_id:1015
*,7453,Y,Elective,ZZSkillsProgramme:ZZSkillsProgramme_ID:377;ZZUnitStandard:ZZUnitStandard_id:439
*,7454,Y,Elective,ZZSkillsProgramme:ZZSkillsProgramme_ID:377;ZZUnitStandard:ZZUnitStandard_id:216
*,7455,Y,Elective,ZZSkillsProgramme:ZZSkillsProgramme_ID:377;ZZUnitStandard:ZZUnitStandard_id:3893
*,7456,Y,Elective,ZZSkillsProgramme:ZZSkillsProgramme_ID:377;ZZUnitStandard:ZZUnitStandard_id:2147
*,7457,Y,Elective,ZZSkillsProgramme:ZZSkillsProgramme_ID:377;ZZUnitStandard:ZZUnitStandard_id:3892
*,7458,Y,Elective,ZZSkillsProgramme:ZZSkillsProgramme_ID:377;ZZUnitStandard:ZZUnitStandard_id:3011
*,7459,Y,Elective,ZZSkillsProgramme:ZZSkillsProgramme_ID:377;ZZUnitStandard:ZZUnitStandard_id:1003
*,7460,Y,Elective,ZZSkillsProgramme:ZZSkillsProgramme_ID:377;ZZUnitStandard:ZZUnitStandard_id:1007
*,7461,Y,Elective,ZZSkillsProgramme:ZZSkillsProgramme_ID:377;ZZUnitStandard:ZZUnitStandard_id:1669
*,7462,Y,Core,ZZSkillsProgramme:ZZSkillsProgramme_ID:377;ZZUnitStandard:ZZUnitStandard_id:996
*,7463,Y,Elective,ZZSkillsProgramme:ZZSkillsProgramme_ID:377;ZZUnitStandard:ZZUnitStandard_id:2656
*,7464,Y,Elective,ZZSkillsProgramme:ZZSkillsProgramme_ID:377;ZZUnitStandard:ZZUnitStandard_id:3231
*,7465,Y,Elective,ZZSkillsProgramme:ZZSkillsProgramme_ID:377;ZZUnitStandard:ZZUnitStandard_id:2937
*,7466,Y,Elective,ZZSkillsProgramme:ZZSkillsProgramme_ID:377;ZZUnitStandard:ZZUnitStandard_id:2954
*,7467,Y,Elective,ZZSkillsProgramme:ZZSkillsProgramme_ID:377;ZZUnitStandard:ZZUnitStandard_id:2925
*,7468,Y,Elective,ZZSkillsProgramme:ZZSkillsProgramme_ID:377;ZZUnitStandard:ZZUnitStandard_id:2927
*,7469,Y,Elective,ZZSkillsProgramme:ZZSkillsProgramme_ID:377;ZZUnitStandard:ZZUnitStandard_id:2941
*,7470,Y,Elective,ZZSkillsProgramme:ZZSkillsProgramme_ID:377;ZZUnitStandard:ZZUnitStandard_id:2942
*,7471,Y,Elective,ZZSkillsProgramme:ZZSkillsProgramme_ID:377;ZZUnitStandard:ZZUnitStandard_id:2939
*,7472,Y,Elective,ZZSkillsProgramme:ZZSkillsProgramme_ID:377;ZZUnitStandard:ZZUnitStandard_id:2936
*,7473,Y,Elective,ZZSkillsProgramme:ZZSkillsProgramme_ID:377;ZZUnitStandard:ZZUnitStandard_id:2944
*,7474,Y,Elective,ZZSkillsProgramme:ZZSkillsProgramme_ID:377;ZZUnitStandard:ZZUnitStandard_id:2928
*,7475,Y,Elective,ZZSkillsProgramme:ZZSkillsProgramme_ID:377;ZZUnitStandard:ZZUnitStandard_id:2929
*,7476,Y,Elective,ZZSkillsProgramme:ZZSkillsProgramme_ID:377;ZZUnitStandard:ZZUnitStandard_id:2945
*,7477,Y,Elective,ZZSkillsProgramme:ZZSkillsProgramme_ID:377;ZZUnitStandard:ZZUnitStandard_id:2950
*,7478,Y,Elective,ZZSkillsProgramme:ZZSkillsProgramme_ID:377;ZZUnitStandard:ZZUnitStandard_id:2953
*,7479,Y,Elective,ZZSkillsProgramme:ZZSkillsProgramme_ID:377;ZZUnitStandard:ZZUnitStandard_id:2934
*,7480,Y,Elective,ZZSkillsProgramme:ZZSkillsProgramme_ID:377;ZZUnitStandard:ZZUnitStandard_id:3566
*,7481,Y,Elective,ZZSkillsProgramme:ZZSkillsProgramme_ID:377;ZZUnitStandard:ZZUnitStandard_id:2933
*,7482,Y,Elective,ZZSkillsProgramme:ZZSkillsProgramme_ID:377;ZZUnitStandard:ZZUnitStandard_id:2935
*,7483,Y,Elective,ZZSkillsProgramme:ZZSkillsProgramme_ID:377;ZZUnitStandard:ZZUnitStandard_id:2946
*,7484,Y,Elective,ZZSkillsProgramme:ZZSkillsProgramme_ID:377;ZZUnitStandard:ZZUnitStandard_id:2926
*,7485,Y,Elective,ZZSkillsProgramme:ZZSkillsProgramme_ID:377;ZZUnitStandard:ZZUnitStandard_id:2947
*,7486,Y,Elective,ZZSkillsProgramme:ZZSkillsProgramme_ID:377;ZZUnitStandard:ZZUnitStandard_id:2922
*,7487,Y,Elective,ZZSkillsProgramme:ZZSkillsProgramme_ID:377;ZZUnitStandard:ZZUnitStandard_id:2940
*,7488,Y,Elective,ZZSkillsProgramme:ZZSkillsProgramme_ID:377;ZZUnitStandard:ZZUnitStandard_id:2951
*,7489,Y,Elective,ZZSkillsProgramme:ZZSkillsProgramme_ID:377;ZZUnitStandard:ZZUnitStandard_id:2930
*,7490,Y,Elective,ZZSkillsProgramme:ZZSkillsProgramme_ID:377;ZZUnitStandard:ZZUnitStandard_id:2952
*,7491,Y,Elective,ZZSkillsProgramme:ZZSkillsProgramme_ID:377;ZZUnitStandard:ZZUnitStandard_id:2943
*,7492,Y,Core,ZZSkillsProgramme:ZZSkillsProgramme_ID:377;ZZUnitStandard:ZZUnitStandard_id:2854
*,7493,Y,Elective,ZZSkillsProgramme:ZZSkillsProgramme_ID:377;ZZUnitStandard:ZZUnitStandard_id:3894
*,7494,Y,Elective,ZZSkillsProgramme:ZZSkillsProgramme_ID:377;ZZUnitStandard:ZZUnitStandard_id:3707
*,7495,Y,Core,ZZSkillsProgramme:ZZSkillsProgramme_ID:378;ZZUnitStandard:ZZUnitStandard_id:1011
*,7496,Y,Elective,ZZSkillsProgramme:ZZSkillsProgramme_ID:378;ZZUnitStandard:ZZUnitStandard_id:996
*,7497,Y,Elective,ZZSkillsProgramme:ZZSkillsProgramme_ID:378;ZZUnitStandard:ZZUnitStandard_id:2921
*,7498,Y,Core,ZZSkillsProgramme:ZZSkillsProgramme_ID:378;ZZUnitStandard:ZZUnitStandard_id:3042
*,7499,Y,Core,ZZSkillsProgramme:ZZSkillsProgramme_ID:378;ZZUnitStandard:ZZUnitStandard_id:2914
*,7500,Y,Core,ZZSkillsProgramme:ZZSkillsProgramme_ID:378;ZZUnitStandard:ZZUnitStandard_id:2947
*,7501,Y,Elective,ZZSkillsProgramme:ZZSkillsProgramme_ID:378;ZZUnitStandard:ZZUnitStandard_id:2915
*,7502,Y,Elective,ZZSkillsProgramme:ZZSkillsProgramme_ID:378;ZZUnitStandard:ZZUnitStandard_id:2920
*,7503,Y,Core,ZZSkillsProgramme:ZZSkillsProgramme_ID:378;ZZUnitStandard:ZZUnitStandard_id:2856
*,7504,Y,Core,ZZSkillsProgramme:ZZSkillsProgramme_ID:378;ZZUnitStandard:ZZUnitStandard_id:3009
*,7505,Y,Elective,ZZSkillsProgramme:ZZSkillsProgramme_ID:378;ZZUnitStandard:ZZUnitStandard_id:3878
*,7506,Y,Elective,ZZSkillsProgramme:ZZSkillsProgramme_ID:379;ZZUnitStandard:ZZUnitStandard_id:819
*,7507,Y,Core,ZZSkillsProgramme:ZZSkillsProgramme_ID:379;ZZUnitStandard:ZZUnitStandard_id:355
*,7508,Y,Core,ZZSkillsProgramme:ZZSkillsProgramme_ID:379;ZZUnitStandard:ZZUnitStandard_id:595
*,7509,Y,Elective,ZZSkillsProgramme:ZZSkillsProgramme_ID:379;ZZUnitStandard:ZZUnitStandard_id:594
*,7510,Y,Elective,ZZSkillsProgramme:ZZSkillsProgramme_ID:379;ZZUnitStandard:ZZUnitStandard_id:2241
*,7511,Y,Elective,ZZSkillsProgramme:ZZSkillsProgramme_ID:379;ZZUnitStandard:ZZUnitStandard_id:2269
*,7512,Y,Elective,ZZSkillsProgramme:ZZSkillsProgramme_ID:379;ZZUnitStandard:ZZUnitStandard_id:2316
*,7513,Y,Core,ZZSkillsProgramme:ZZSkillsProgramme_ID:379;ZZUnitStandard:ZZUnitStandard_id:2266
*,7514,Y,Elective,ZZSkillsProgramme:ZZSkillsProgramme_ID:379;ZZUnitStandard:ZZUnitStandard_id:2254
*,7515,Y,Elective,ZZSkillsProgramme:ZZSkillsProgramme_ID:379;ZZUnitStandard:ZZUnitStandard_id:2265
*,7516,Y,Elective,ZZSkillsProgramme:ZZSkillsProgramme_ID:379;ZZUnitStandard:ZZUnitStandard_id:2243
*,7517,Y,Elective,ZZSkillsProgramme:ZZSkillsProgramme_ID:379;ZZUnitStandard:ZZUnitStandard_id:2618
*,7518,Y,Core,ZZSkillsProgramme:ZZSkillsProgramme_ID:379;ZZUnitStandard:ZZUnitStandard_id:2627
*,7519,Y,Core,ZZSkillsProgramme:ZZSkillsProgramme_ID:379;ZZUnitStandard:ZZUnitStandard_id:2799
*,7520,Y,Elective,ZZSkillsProgramme:ZZSkillsProgramme_ID:379;ZZUnitStandard:ZZUnitStandard_id:87
*,7521,Y,Core,ZZSkillsProgramme:ZZSkillsProgramme_ID:379;ZZUnitStandard:ZZUnitStandard_id:88
*,7522,Y,Elective,ZZSkillsProgramme:ZZSkillsProgramme_ID:380;ZZUnitStandard:ZZUnitStandard_id:819
*,7523,Y,Core,ZZSkillsProgramme:ZZSkillsProgramme_ID:380;ZZUnitStandard:ZZUnitStandard_id:355
*,7524,Y,Elective,ZZSkillsProgramme:ZZSkillsProgramme_ID:380;ZZUnitStandard:ZZUnitStandard_id:594
*,7525,Y,Elective,ZZSkillsProgramme:ZZSkillsProgramme_ID:380;ZZUnitStandard:ZZUnitStandard_id:2241
*,7526,Y,Elective,ZZSkillsProgramme:ZZSkillsProgramme_ID:380;ZZUnitStandard:ZZUnitStandard_id:2269
*,7527,Y,Elective,ZZSkillsProgramme:ZZSkillsProgramme_ID:380;ZZUnitStandard:ZZUnitStandard_id:2316
*,7528,Y,Core,ZZSkillsProgramme:ZZSkillsProgramme_ID:380;ZZUnitStandard:ZZUnitStandard_id:2266
*,7529,Y,Elective,ZZSkillsProgramme:ZZSkillsProgramme_ID:380;ZZUnitStandard:ZZUnitStandard_id:2254
*,7530,Y,Elective,ZZSkillsProgramme:ZZSkillsProgramme_ID:380;ZZUnitStandard:ZZUnitStandard_id:2265
*,7531,Y,Elective,ZZSkillsProgramme:ZZSkillsProgramme_ID:380;ZZUnitStandard:ZZUnitStandard_id:2243
*,7532,Y,Elective,ZZSkillsProgramme:ZZSkillsProgramme_ID:380;ZZUnitStandard:ZZUnitStandard_id:2618
*,7533,Y,Core,ZZSkillsProgramme:ZZSkillsProgramme_ID:380;ZZUnitStandard:ZZUnitStandard_id:2627
*,7534,Y,Core,ZZSkillsProgramme:ZZSkillsProgramme_ID:380;ZZUnitStandard:ZZUnitStandard_id:2799
*,7535,Y,Elective,ZZSkillsProgramme:ZZSkillsProgramme_ID:380;ZZUnitStandard:ZZUnitStandard_id:87
*,7536,Y,Core,ZZSkillsProgramme:ZZSkillsProgramme_ID:380;ZZUnitStandard:ZZUnitStandard_id:88
*,7537,Y,Core,ZZSkillsProgramme:ZZSkillsProgramme_ID:380;ZZUnitStandard:ZZUnitStandard_id:349
*,7538,Y,Core,ZZSkillsProgramme:ZZSkillsProgramme_ID:381;ZZUnitStandard:ZZUnitStandard_id:2283
*,7539,Y,Core,ZZSkillsProgramme:ZZSkillsProgramme_ID:381;ZZUnitStandard:ZZUnitStandard_id:2615
*,7540,Y,Core,ZZSkillsProgramme:ZZSkillsProgramme_ID:381;ZZUnitStandard:ZZUnitStandard_id:3661
*,7541,Y,Core,ZZSkillsProgramme:ZZSkillsProgramme_ID:382;ZZUnitStandard:ZZUnitStandard_id:2283
*,7542,Y,Core,ZZSkillsProgramme:ZZSkillsProgramme_ID:382;ZZUnitStandard:ZZUnitStandard_id:2920
*,7543,Y,Core,ZZSkillsProgramme:ZZSkillsProgramme_ID:383;ZZUnitStandard:ZZUnitStandard_id:1466
*,7544,Y,Core,ZZSkillsProgramme:ZZSkillsProgramme_ID:383;ZZUnitStandard:ZZUnitStandard_id:2266
*,7545,Y,Elective,ZZSkillsProgramme:ZZSkillsProgramme_ID:384;ZZUnitStandard:ZZUnitStandard_id:2147
*,7546,Y,Elective,ZZSkillsProgramme:ZZSkillsProgramme_ID:384;ZZUnitStandard:ZZUnitStandard_id:3011
*,7547,Y,Elective,ZZSkillsProgramme:ZZSkillsProgramme_ID:384;ZZUnitStandard:ZZUnitStandard_id:2283
*,7548,Y,Core,ZZSkillsProgramme:ZZSkillsProgramme_ID:384;ZZUnitStandard:ZZUnitStandard_id:996
*,7549,Y,Elective,ZZSkillsProgramme:ZZSkillsProgramme_ID:384;ZZUnitStandard:ZZUnitStandard_id:2928
*,7550,Y,Elective,ZZSkillsProgramme:ZZSkillsProgramme_ID:384;ZZUnitStandard:ZZUnitStandard_id:2946
*,7551,Y,Core,ZZSkillsProgramme:ZZSkillsProgramme_ID:384;ZZUnitStandard:ZZUnitStandard_id:2854
*,7552,Y,Elective,ZZSkillsProgramme:ZZSkillsProgramme_ID:385;ZZUnitStandard:ZZUnitStandard_id:1298
*,7553,Y,Elective,ZZSkillsProgramme:ZZSkillsProgramme_ID:385;ZZUnitStandard:ZZUnitStandard_id:1015
*,7554,Y,Elective,ZZSkillsProgramme:ZZSkillsProgramme_ID:385;ZZUnitStandard:ZZUnitStandard_id:439
*,7555,Y,Elective,ZZSkillsProgramme:ZZSkillsProgramme_ID:385;ZZUnitStandard:ZZUnitStandard_id:216
*,7556,Y,Elective,ZZSkillsProgramme:ZZSkillsProgramme_ID:385;ZZUnitStandard:ZZUnitStandard_id:3893
*,7557,Y,Elective,ZZSkillsProgramme:ZZSkillsProgramme_ID:385;ZZUnitStandard:ZZUnitStandard_id:2147
*,7558,Y,Elective,ZZSkillsProgramme:ZZSkillsProgramme_ID:385;ZZUnitStandard:ZZUnitStandard_id:3892
*,7559,Y,Elective,ZZSkillsProgramme:ZZSkillsProgramme_ID:385;ZZUnitStandard:ZZUnitStandard_id:3011
*,7560,Y,Elective,ZZSkillsProgramme:ZZSkillsProgramme_ID:385;ZZUnitStandard:ZZUnitStandard_id:1003
*,7561,Y,Elective,ZZSkillsProgramme:ZZSkillsProgramme_ID:385;ZZUnitStandard:ZZUnitStandard_id:1669
*,7562,Y,Elective,ZZSkillsProgramme:ZZSkillsProgramme_ID:385;ZZUnitStandard:ZZUnitStandard_id:2283
*,7563,Y,Core,ZZSkillsProgramme:ZZSkillsProgramme_ID:385;ZZUnitStandard:ZZUnitStandard_id:996
*,7564,Y,Elective,ZZSkillsProgramme:ZZSkillsProgramme_ID:385;ZZUnitStandard:ZZUnitStandard_id:2656
*,7565,Y,Elective,ZZSkillsProgramme:ZZSkillsProgramme_ID:385;ZZUnitStandard:ZZUnitStandard_id:2950
*,7566,Y,Elective,ZZSkillsProgramme:ZZSkillsProgramme_ID:385;ZZUnitStandard:ZZUnitStandard_id:2926
*,7567,Y,Elective,ZZSkillsProgramme:ZZSkillsProgramme_ID:385;ZZUnitStandard:ZZUnitStandard_id:2922
*,7568,Y,Core,ZZSkillsProgramme:ZZSkillsProgramme_ID:385;ZZUnitStandard:ZZUnitStandard_id:2854
*,7569,Y,Elective,ZZSkillsProgramme:ZZSkillsProgramme_ID:385;ZZUnitStandard:ZZUnitStandard_id:3707
*,7570,Y,Elective,ZZSkillsProgramme:ZZSkillsProgramme_ID:386;ZZUnitStandard:ZZUnitStandard_id:2147
*,7571,Y,Elective,ZZSkillsProgramme:ZZSkillsProgramme_ID:386;ZZUnitStandard:ZZUnitStandard_id:3011
*,7572,Y,Elective,ZZSkillsProgramme:ZZSkillsProgramme_ID:386;ZZUnitStandard:ZZUnitStandard_id:2283
*,7573,Y,Core,ZZSkillsProgramme:ZZSkillsProgramme_ID:386;ZZUnitStandard:ZZUnitStandard_id:996
*,7574,Y,Elective,ZZSkillsProgramme:ZZSkillsProgramme_ID:386;ZZUnitStandard:ZZUnitStandard_id:2954
*,7575,Y,Elective,ZZSkillsProgramme:ZZSkillsProgramme_ID:386;ZZUnitStandard:ZZUnitStandard_id:2953
*,7576,Y,Elective,ZZSkillsProgramme:ZZSkillsProgramme_ID:386;ZZUnitStandard:ZZUnitStandard_id:2934
*,7577,Y,Elective,ZZSkillsProgramme:ZZSkillsProgramme_ID:386;ZZUnitStandard:ZZUnitStandard_id:3566
*,7578,Y,Elective,ZZSkillsProgramme:ZZSkillsProgramme_ID:386;ZZUnitStandard:ZZUnitStandard_id:2933
*,7579,Y,Elective,ZZSkillsProgramme:ZZSkillsProgramme_ID:386;ZZUnitStandard:ZZUnitStandard_id:2935
*,7580,Y,Elective,ZZSkillsProgramme:ZZSkillsProgramme_ID:386;ZZUnitStandard:ZZUnitStandard_id:2951
*,7581,Y,Core,ZZSkillsProgramme:ZZSkillsProgramme_ID:386;ZZUnitStandard:ZZUnitStandard_id:2854
*,7582,Y,Elective,ZZSkillsProgramme:ZZSkillsProgramme_ID:387;ZZUnitStandard:ZZUnitStandard_id:2147
*,7583,Y,Elective,ZZSkillsProgramme:ZZSkillsProgramme_ID:387;ZZUnitStandard:ZZUnitStandard_id:3011
*,7584,Y,Elective,ZZSkillsProgramme:ZZSkillsProgramme_ID:387;ZZUnitStandard:ZZUnitStandard_id:2283
*,7585,Y,Core,ZZSkillsProgramme:ZZSkillsProgramme_ID:387;ZZUnitStandard:ZZUnitStandard_id:996
*,7586,Y,Core,ZZSkillsProgramme:ZZSkillsProgramme_ID:387;ZZUnitStandard:ZZUnitStandard_id:2952
*,7587,Y,Core,ZZSkillsProgramme:ZZSkillsProgramme_ID:387;ZZUnitStandard:ZZUnitStandard_id:2854
*,7588,Y,Elective,ZZSkillsProgramme:ZZSkillsProgramme_ID:388;ZZUnitStandard:ZZUnitStandard_id:2147
*,7589,Y,Elective,ZZSkillsProgramme:ZZSkillsProgramme_ID:388;ZZUnitStandard:ZZUnitStandard_id:3011
*,7590,Y,Elective,ZZSkillsProgramme:ZZSkillsProgramme_ID:388;ZZUnitStandard:ZZUnitStandard_id:2283
*,7591,Y,Core,ZZSkillsProgramme:ZZSkillsProgramme_ID:388;ZZUnitStandard:ZZUnitStandard_id:996
*,7592,Y,Core,ZZSkillsProgramme:ZZSkillsProgramme_ID:388;ZZUnitStandard:ZZUnitStandard_id:2929
*,7593,Y,Core,ZZSkillsProgramme:ZZSkillsProgramme_ID:388;ZZUnitStandard:ZZUnitStandard_id:2854
*,7594,Y,Elective,ZZSkillsProgramme:ZZSkillsProgramme_ID:389;ZZUnitStandard:ZZUnitStandard_id:2147
*,7595,Y,Elective,ZZSkillsProgramme:ZZSkillsProgramme_ID:389;ZZUnitStandard:ZZUnitStandard_id:3011
*,7596,Y,Elective,ZZSkillsProgramme:ZZSkillsProgramme_ID:389;ZZUnitStandard:ZZUnitStandard_id:1007
*,7597,Y,Core,ZZSkillsProgramme:ZZSkillsProgramme_ID:389;ZZUnitStandard:ZZUnitStandard_id:996
*,7598,Y,Elective,ZZSkillsProgramme:ZZSkillsProgramme_ID:389;ZZUnitStandard:ZZUnitStandard_id:3231
*,7599,Y,Elective,ZZSkillsProgramme:ZZSkillsProgramme_ID:389;ZZUnitStandard:ZZUnitStandard_id:2937
*,7600,Y,Elective,ZZSkillsProgramme:ZZSkillsProgramme_ID:389;ZZUnitStandard:ZZUnitStandard_id:2925
*,7601,Y,Elective,ZZSkillsProgramme:ZZSkillsProgramme_ID:389;ZZUnitStandard:ZZUnitStandard_id:2927
*,7602,Y,Elective,ZZSkillsProgramme:ZZSkillsProgramme_ID:389;ZZUnitStandard:ZZUnitStandard_id:2941
*,7603,Y,Elective,ZZSkillsProgramme:ZZSkillsProgramme_ID:389;ZZUnitStandard:ZZUnitStandard_id:2942
*,7604,Y,Elective,ZZSkillsProgramme:ZZSkillsProgramme_ID:389;ZZUnitStandard:ZZUnitStandard_id:2939
*,7605,Y,Elective,ZZSkillsProgramme:ZZSkillsProgramme_ID:389;ZZUnitStandard:ZZUnitStandard_id:2936
*,7606,Y,Elective,ZZSkillsProgramme:ZZSkillsProgramme_ID:389;ZZUnitStandard:ZZUnitStandard_id:2944
*,7607,Y,Elective,ZZSkillsProgramme:ZZSkillsProgramme_ID:389;ZZUnitStandard:ZZUnitStandard_id:2945
*,7608,Y,Elective,ZZSkillsProgramme:ZZSkillsProgramme_ID:389;ZZUnitStandard:ZZUnitStandard_id:2926
*,7609,Y,Elective,ZZSkillsProgramme:ZZSkillsProgramme_ID:389;ZZUnitStandard:ZZUnitStandard_id:2947
*,7610,Y,Elective,ZZSkillsProgramme:ZZSkillsProgramme_ID:389;ZZUnitStandard:ZZUnitStandard_id:2940
*,7611,Y,Elective,ZZSkillsProgramme:ZZSkillsProgramme_ID:389;ZZUnitStandard:ZZUnitStandard_id:2930
*,7612,Y,Elective,ZZSkillsProgramme:ZZSkillsProgramme_ID:389;ZZUnitStandard:ZZUnitStandard_id:2943
*,7613,Y,Core,ZZSkillsProgramme:ZZSkillsProgramme_ID:389;ZZUnitStandard:ZZUnitStandard_id:2854
*,7614,Y,Elective,ZZSkillsProgramme:ZZSkillsProgramme_ID:389;ZZUnitStandard:ZZUnitStandard_id:3894
*,7615,Y,Core,ZZSkillsProgramme:ZZSkillsProgramme_ID:391;ZZUnitStandard:ZZUnitStandard_id:355
*,7616,Y,Elective,ZZSkillsProgramme:ZZSkillsProgramme_ID:391;ZZUnitStandard:ZZUnitStandard_id:602
*,7617,Y,Elective,ZZSkillsProgramme:ZZSkillsProgramme_ID:391;ZZUnitStandard:ZZUnitStandard_id:588
*,7618,Y,Core,ZZSkillsProgramme:ZZSkillsProgramme_ID:391;ZZUnitStandard:ZZUnitStandard_id:2265
*,7619,Y,Core,ZZSkillsProgramme:ZZSkillsProgramme_ID:391;ZZUnitStandard:ZZUnitStandard_id:2799
*,7620,Y,Core,ZZSkillsProgramme:ZZSkillsProgramme_ID:391;ZZUnitStandard:ZZUnitStandard_id:2856
*,7621,Y,Core,ZZSkillsProgramme:ZZSkillsProgramme_ID:391;ZZUnitStandard:ZZUnitStandard_id:88
*,7622,Y,Core,ZZSkillsProgramme:ZZSkillsProgramme_ID:391;ZZUnitStandard:ZZUnitStandard_id:91
*,7623,Y,Elective,ZZSkillsProgramme:ZZSkillsProgramme_ID:391;ZZUnitStandard:ZZUnitStandard_id:349
*,7624,Y,Core,ZZSkillsProgramme:ZZSkillsProgramme_ID:392;ZZUnitStandard:ZZUnitStandard_id:355
*,7625,Y,Core,ZZSkillsProgramme:ZZSkillsProgramme_ID:392;ZZUnitStandard:ZZUnitStandard_id:600
*,7626,Y,Core,ZZSkillsProgramme:ZZSkillsProgramme_ID:392;ZZUnitStandard:ZZUnitStandard_id:2856
*,7627,Y,Core,ZZSkillsProgramme:ZZSkillsProgramme_ID:392;ZZUnitStandard:ZZUnitStandard_id:3009
*,7628,Y,Core,ZZSkillsProgramme:ZZSkillsProgramme_ID:392;ZZUnitStandard:ZZUnitStandard_id:88
*,7629,Y,Core,ZZSkillsProgramme:ZZSkillsProgramme_ID:392;ZZUnitStandard:ZZUnitStandard_id:91
*,7630,Y,Core,ZZSkillsProgramme:ZZSkillsProgramme_ID:393;ZZUnitStandard:ZZUnitStandard_id:3124
*,7631,Y,Core,ZZSkillsProgramme:ZZSkillsProgramme_ID:393;ZZUnitStandard:ZZUnitStandard_id:2856
*,7632,Y,Core,ZZSkillsProgramme:ZZSkillsProgramme_ID:393;ZZUnitStandard:ZZUnitStandard_id:90
*,7633,Y,Core,ZZSkillsProgramme:ZZSkillsProgramme_ID:393;ZZUnitStandard:ZZUnitStandard_id:84
*,7634,Y,Core,ZZSkillsProgramme:ZZSkillsProgramme_ID:393;ZZUnitStandard:ZZUnitStandard_id:89
*,7635,Y,Core,ZZSkillsProgramme:ZZSkillsProgramme_ID:394;ZZUnitStandard:ZZUnitStandard_id:355
*,7636,Y,Elective,ZZSkillsProgramme:ZZSkillsProgramme_ID:394;ZZUnitStandard:ZZUnitStandard_id:82
*,7637,Y,Elective,ZZSkillsProgramme:ZZSkillsProgramme_ID:394;ZZUnitStandard:ZZUnitStandard_id:542
*,7638,Y,Elective,ZZSkillsProgramme:ZZSkillsProgramme_ID:394;ZZUnitStandard:ZZUnitStandard_id:544
*,7639,Y,Core,ZZSkillsProgramme:ZZSkillsProgramme_ID:394;ZZUnitStandard:ZZUnitStandard_id:829
*,7640,Y,Core,ZZSkillsProgramme:ZZSkillsProgramme_ID:394;ZZUnitStandard:ZZUnitStandard_id:594
*,7641,Y,Elective,ZZSkillsProgramme:ZZSkillsProgramme_ID:394;ZZUnitStandard:ZZUnitStandard_id:704
*,7642,Y,Elective,ZZSkillsProgramme:ZZSkillsProgramme_ID:394;ZZUnitStandard:ZZUnitStandard_id:80
*,7643,Y,Core,ZZSkillsProgramme:ZZSkillsProgramme_ID:394;ZZUnitStandard:ZZUnitStandard_id:88
*,7644,Y,Elective,ZZSkillsProgramme:ZZSkillsProgramme_ID:394;ZZUnitStandard:ZZUnitStandard_id:91
*,7645,Y,Elective,ZZSkillsProgramme:ZZSkillsProgramme_ID:394;ZZUnitStandard:ZZUnitStandard_id:541
*,7646,Y,Elective,ZZSkillsProgramme:ZZSkillsProgramme_ID:394;ZZUnitStandard:ZZUnitStandard_id:566
*,7647,Y,Elective,ZZSkillsProgramme:ZZSkillsProgramme_ID:394;ZZUnitStandard:ZZUnitStandard_id:557
*,7648,Y,Core,ZZSkillsProgramme:ZZSkillsProgramme_ID:395;ZZUnitStandard:ZZUnitStandard_id:355
*,7649,Y,Elective,ZZSkillsProgramme:ZZSkillsProgramme_ID:395;ZZUnitStandard:ZZUnitStandard_id:82
*,7650,Y,Elective,ZZSkillsProgramme:ZZSkillsProgramme_ID:395;ZZUnitStandard:ZZUnitStandard_id:542
*,7651,Y,Elective,ZZSkillsProgramme:ZZSkillsProgramme_ID:395;ZZUnitStandard:ZZUnitStandard_id:544
*,7652,Y,Core,ZZSkillsProgramme:ZZSkillsProgramme_ID:395;ZZUnitStandard:ZZUnitStandard_id:829
*,7653,Y,Elective,ZZSkillsProgramme:ZZSkillsProgramme_ID:395;ZZUnitStandard:ZZUnitStandard_id:704
*,7654,Y,Elective,ZZSkillsProgramme:ZZSkillsProgramme_ID:395;ZZUnitStandard:ZZUnitStandard_id:80
*,7655,Y,Core,ZZSkillsProgramme:ZZSkillsProgramme_ID:395;ZZUnitStandard:ZZUnitStandard_id:87
*,7656,Y,Core,ZZSkillsProgramme:ZZSkillsProgramme_ID:395;ZZUnitStandard:ZZUnitStandard_id:88
*,7657,Y,Elective,ZZSkillsProgramme:ZZSkillsProgramme_ID:395;ZZUnitStandard:ZZUnitStandard_id:91
*,7658,Y,Elective,ZZSkillsProgramme:ZZSkillsProgramme_ID:395;ZZUnitStandard:ZZUnitStandard_id:541
*,7659,Y,Elective,ZZSkillsProgramme:ZZSkillsProgramme_ID:395;ZZUnitStandard:ZZUnitStandard_id:566
*,7660,Y,Elective,ZZSkillsProgramme:ZZSkillsProgramme_ID:395;ZZUnitStandard:ZZUnitStandard_id:557
*,7661,Y,Core,ZZSkillsProgramme:ZZSkillsProgramme_ID:396;ZZUnitStandard:ZZUnitStandard_id:355
*,7662,Y,Elective,ZZSkillsProgramme:ZZSkillsProgramme_ID:396;ZZUnitStandard:ZZUnitStandard_id:82
*,7663,Y,Elective,ZZSkillsProgramme:ZZSkillsProgramme_ID:396;ZZUnitStandard:ZZUnitStandard_id:542
*,7664,Y,Elective,ZZSkillsProgramme:ZZSkillsProgramme_ID:396;ZZUnitStandard:ZZUnitStandard_id:544
*,7665,Y,Core,ZZSkillsProgramme:ZZSkillsProgramme_ID:396;ZZUnitStandard:ZZUnitStandard_id:2043
*,7666,Y,Core,ZZSkillsProgramme:ZZSkillsProgramme_ID:396;ZZUnitStandard:ZZUnitStandard_id:829
*,7667,Y,Elective,ZZSkillsProgramme:ZZSkillsProgramme_ID:396;ZZUnitStandard:ZZUnitStandard_id:704
*,7668,Y,Elective,ZZSkillsProgramme:ZZSkillsProgramme_ID:396;ZZUnitStandard:ZZUnitStandard_id:80
*,7669,Y,Core,ZZSkillsProgramme:ZZSkillsProgramme_ID:396;ZZUnitStandard:ZZUnitStandard_id:88
*,7670,Y,Elective,ZZSkillsProgramme:ZZSkillsProgramme_ID:396;ZZUnitStandard:ZZUnitStandard_id:91
*,7671,Y,Elective,ZZSkillsProgramme:ZZSkillsProgramme_ID:396;ZZUnitStandard:ZZUnitStandard_id:541
*,7672,Y,Elective,ZZSkillsProgramme:ZZSkillsProgramme_ID:396;ZZUnitStandard:ZZUnitStandard_id:566
*,7673,Y,Elective,ZZSkillsProgramme:ZZSkillsProgramme_ID:396;ZZUnitStandard:ZZUnitStandard_id:557
*,7674,Y,Elective,ZZSkillsProgramme:ZZSkillsProgramme_ID:397;ZZUnitStandard:ZZUnitStandard_id:2147
*,7675,Y,Elective,ZZSkillsProgramme:ZZSkillsProgramme_ID:397;ZZUnitStandard:ZZUnitStandard_id:3011
*,7676,Y,Elective,ZZSkillsProgramme:ZZSkillsProgramme_ID:397;ZZUnitStandard:ZZUnitStandard_id:1007
*,7677,Y,Elective,ZZSkillsProgramme:ZZSkillsProgramme_ID:397;ZZUnitStandard:ZZUnitStandard_id:2283
*,7678,Y,Core,ZZSkillsProgramme:ZZSkillsProgramme_ID:397;ZZUnitStandard:ZZUnitStandard_id:996
*,7679,Y,Elective,ZZSkillsProgramme:ZZSkillsProgramme_ID:397;ZZUnitStandard:ZZUnitStandard_id:3231
*,7680,Y,Elective,ZZSkillsProgramme:ZZSkillsProgramme_ID:397;ZZUnitStandard:ZZUnitStandard_id:2937
*,7681,Y,Elective,ZZSkillsProgramme:ZZSkillsProgramme_ID:397;ZZUnitStandard:ZZUnitStandard_id:2925
*,7682,Y,Elective,ZZSkillsProgramme:ZZSkillsProgramme_ID:397;ZZUnitStandard:ZZUnitStandard_id:2927
*,7683,Y,Elective,ZZSkillsProgramme:ZZSkillsProgramme_ID:397;ZZUnitStandard:ZZUnitStandard_id:2941
*,7684,Y,Elective,ZZSkillsProgramme:ZZSkillsProgramme_ID:397;ZZUnitStandard:ZZUnitStandard_id:2942
*,7685,Y,Elective,ZZSkillsProgramme:ZZSkillsProgramme_ID:397;ZZUnitStandard:ZZUnitStandard_id:2939
*,7686,Y,Elective,ZZSkillsProgramme:ZZSkillsProgramme_ID:397;ZZUnitStandard:ZZUnitStandard_id:2936
*,7687,Y,Elective,ZZSkillsProgramme:ZZSkillsProgramme_ID:397;ZZUnitStandard:ZZUnitStandard_id:2944
*,7688,Y,Elective,ZZSkillsProgramme:ZZSkillsProgramme_ID:397;ZZUnitStandard:ZZUnitStandard_id:2945
*,7689,Y,Elective,ZZSkillsProgramme:ZZSkillsProgramme_ID:397;ZZUnitStandard:ZZUnitStandard_id:2933
*,7690,Y,Elective,ZZSkillsProgramme:ZZSkillsProgramme_ID:397;ZZUnitStandard:ZZUnitStandard_id:2926
*,7691,Y,Elective,ZZSkillsProgramme:ZZSkillsProgramme_ID:397;ZZUnitStandard:ZZUnitStandard_id:2947
*,7692,Y,Elective,ZZSkillsProgramme:ZZSkillsProgramme_ID:397;ZZUnitStandard:ZZUnitStandard_id:2940
*,7693,Y,Elective,ZZSkillsProgramme:ZZSkillsProgramme_ID:397;ZZUnitStandard:ZZUnitStandard_id:2930
*,7694,Y,Elective,ZZSkillsProgramme:ZZSkillsProgramme_ID:397;ZZUnitStandard:ZZUnitStandard_id:2943
*,7695,Y,Core,ZZSkillsProgramme:ZZSkillsProgramme_ID:397;ZZUnitStandard:ZZUnitStandard_id:2854
*,7696,Y,Elective,ZZSkillsProgramme:ZZSkillsProgramme_ID:397;ZZUnitStandard:ZZUnitStandard_id:3894
*,7697,Y,Core,ZZSkillsProgramme:ZZSkillsProgramme_ID:398;ZZUnitStandard:ZZUnitStandard_id:219
*,7698,Y,Core,ZZSkillsProgramme:ZZSkillsProgramme_ID:398;ZZUnitStandard:ZZUnitStandard_id:220
*,7699,Y,Elective,ZZSkillsProgramme:ZZSkillsProgramme_ID:398;ZZUnitStandard:ZZUnitStandard_id:221
*,7700,Y,Elective,ZZSkillsProgramme:ZZSkillsProgramme_ID:398;ZZUnitStandard:ZZUnitStandard_id:223
*,7701,Y,Elective,ZZSkillsProgramme:ZZSkillsProgramme_ID:398;ZZUnitStandard:ZZUnitStandard_id:224
*,7702,Y,Elective,ZZSkillsProgramme:ZZSkillsProgramme_ID:398;ZZUnitStandard:ZZUnitStandard_id:227
*,7703,Y,Elective,ZZSkillsProgramme:ZZSkillsProgramme_ID:398;ZZUnitStandard:ZZUnitStandard_id:246
*,7704,Y,Elective,ZZSkillsProgramme:ZZSkillsProgramme_ID:398;ZZUnitStandard:ZZUnitStandard_id:716
*,7705,Y,Elective,ZZSkillsProgramme:ZZSkillsProgramme_ID:398;ZZUnitStandard:ZZUnitStandard_id:2220
*,7706,Y,Elective,ZZSkillsProgramme:ZZSkillsProgramme_ID:398;ZZUnitStandard:ZZUnitStandard_id:2346
*,7707,Y,Elective,ZZSkillsProgramme:ZZSkillsProgramme_ID:398;ZZUnitStandard:ZZUnitStandard_id:1466
*,7708,Y,Elective,ZZSkillsProgramme:ZZSkillsProgramme_ID:398;ZZUnitStandard:ZZUnitStandard_id:2347
*,7709,Y,Elective,ZZSkillsProgramme:ZZSkillsProgramme_ID:398;ZZUnitStandard:ZZUnitStandard_id:2310
*,7710,Y,Elective,ZZSkillsProgramme:ZZSkillsProgramme_ID:398;ZZUnitStandard:ZZUnitStandard_id:1140
*,7711,Y,Elective,ZZSkillsProgramme:ZZSkillsProgramme_ID:398;ZZUnitStandard:ZZUnitStandard_id:2537
*,7712,Y,Elective,ZZSkillsProgramme:ZZSkillsProgramme_ID:398;ZZUnitStandard:ZZUnitStandard_id:2542
*,7713,Y,Elective,ZZSkillsProgramme:ZZSkillsProgramme_ID:398;ZZUnitStandard:ZZUnitStandard_id:2543
*,7714,Y,Elective,ZZSkillsProgramme:ZZSkillsProgramme_ID:398;ZZUnitStandard:ZZUnitStandard_id:2533
*,7715,Y,Core,ZZSkillsProgramme:ZZSkillsProgramme_ID:398;ZZUnitStandard:ZZUnitStandard_id:2536
*,7716,Y,Elective,ZZSkillsProgramme:ZZSkillsProgramme_ID:398;ZZUnitStandard:ZZUnitStandard_id:2633
*,7717,Y,Elective,ZZSkillsProgramme:ZZSkillsProgramme_ID:398;ZZUnitStandard:ZZUnitStandard_id:2552
*,7718,Y,Elective,ZZSkillsProgramme:ZZSkillsProgramme_ID:398;ZZUnitStandard:ZZUnitStandard_id:2551
*,7719,Y,Elective,ZZSkillsProgramme:ZZSkillsProgramme_ID:398;ZZUnitStandard:ZZUnitStandard_id:2544
*,7720,Y,Elective,ZZSkillsProgramme:ZZSkillsProgramme_ID:398;ZZUnitStandard:ZZUnitStandard_id:3407
*,7721,Y,Elective,ZZSkillsProgramme:ZZSkillsProgramme_ID:398;ZZUnitStandard:ZZUnitStandard_id:1029
*,7722,Y,Elective,ZZSkillsProgramme:ZZSkillsProgramme_ID:398;ZZUnitStandard:ZZUnitStandard_id:2934
*,7723,Y,Elective,ZZSkillsProgramme:ZZSkillsProgramme_ID:398;ZZUnitStandard:ZZUnitStandard_id:2933
*,7724,Y,Elective,ZZSkillsProgramme:ZZSkillsProgramme_ID:398;ZZUnitStandard:ZZUnitStandard_id:40
*,7725,Y,Core,ZZSkillsProgramme:ZZSkillsProgramme_ID:399;ZZUnitStandard:ZZUnitStandard_id:1034
*,7726,Y,Elective,ZZSkillsProgramme:ZZSkillsProgramme_ID:399;ZZUnitStandard:ZZUnitStandard_id:529
*,7727,Y,Elective,ZZSkillsProgramme:ZZSkillsProgramme_ID:399;ZZUnitStandard:ZZUnitStandard_id:2553
*,7728,Y,Elective,ZZSkillsProgramme:ZZSkillsProgramme_ID:399;ZZUnitStandard:ZZUnitStandard_id:2543
*,7729,Y,Elective,ZZSkillsProgramme:ZZSkillsProgramme_ID:399;ZZUnitStandard:ZZUnitStandard_id:2534
*,7730,Y,Elective,ZZSkillsProgramme:ZZSkillsProgramme_ID:399;ZZUnitStandard:ZZUnitStandard_id:2533
*,7731,Y,Core,ZZSkillsProgramme:ZZSkillsProgramme_ID:399;ZZUnitStandard:ZZUnitStandard_id:2536
*,7732,Y,Elective,ZZSkillsProgramme:ZZSkillsProgramme_ID:399;ZZUnitStandard:ZZUnitStandard_id:2633
*,7733,Y,Elective,ZZSkillsProgramme:ZZSkillsProgramme_ID:399;ZZUnitStandard:ZZUnitStandard_id:2551
*,7734,Y,Elective,ZZSkillsProgramme:ZZSkillsProgramme_ID:399;ZZUnitStandard:ZZUnitStandard_id:3357
*,7735,Y,Elective,ZZSkillsProgramme:ZZSkillsProgramme_ID:399;ZZUnitStandard:ZZUnitStandard_id:2574
*,7736,Y,Elective,ZZSkillsProgramme:ZZSkillsProgramme_ID:399;ZZUnitStandard:ZZUnitStandard_id:2570
*,7737,Y,Elective,ZZSkillsProgramme:ZZSkillsProgramme_ID:399;ZZUnitStandard:ZZUnitStandard_id:3358
*,7738,Y,Core,ZZSkillsProgramme:ZZSkillsProgramme_ID:400;ZZUnitStandard:ZZUnitStandard_id:426
*,7739,Y,Core,ZZSkillsProgramme:ZZSkillsProgramme_ID:400;ZZUnitStandard:ZZUnitStandard_id:1466
*,7740,Y,Core,ZZSkillsProgramme:ZZSkillsProgramme_ID:400;ZZUnitStandard:ZZUnitStandard_id:3920
*,7741,Y,Elective,ZZSkillsProgramme:ZZSkillsProgramme_ID:400;ZZUnitStandard:ZZUnitStandard_id:3924
*,7742,Y,Elective,ZZSkillsProgramme:ZZSkillsProgramme_ID:400;ZZUnitStandard:ZZUnitStandard_id:2283
*,7743,Y,Core,ZZSkillsProgramme:ZZSkillsProgramme_ID:400;ZZUnitStandard:ZZUnitStandard_id:3919
*,7744,Y,Elective,ZZSkillsProgramme:ZZSkillsProgramme_ID:400;ZZUnitStandard:ZZUnitStandard_id:3922
*,7745,Y,Core,ZZSkillsProgramme:ZZSkillsProgramme_ID:400;ZZUnitStandard:ZZUnitStandard_id:3925
*,7746,Y,Core,ZZSkillsProgramme:ZZSkillsProgramme_ID:400;ZZUnitStandard:ZZUnitStandard_id:2857
*,7747,Y,Elective,ZZSkillsProgramme:ZZSkillsProgramme_ID:400;ZZUnitStandard:ZZUnitStandard_id:3034
*,7748,Y,Elective,ZZSkillsProgramme:ZZSkillsProgramme_ID:400;ZZUnitStandard:ZZUnitStandard_id:3928
*,7749,Y,Elective,ZZSkillsProgramme:ZZSkillsProgramme_ID:400;ZZUnitStandard:ZZUnitStandard_id:3927
*,7750,Y,Core,ZZSkillsProgramme:ZZSkillsProgramme_ID:405;ZZUnitStandard:ZZUnitStandard_id:2290
*,7751,Y,Core,ZZSkillsProgramme:ZZSkillsProgramme_ID:405;ZZUnitStandard:ZZUnitStandard_id:2283
*,7752,Y,Core,ZZSkillsProgramme:ZZSkillsProgramme_ID:405;ZZUnitStandard:ZZUnitStandard_id:2238
*,7753,Y,Elective,ZZSkillsProgramme:ZZSkillsProgramme_ID:405;ZZUnitStandard:ZZUnitStandard_id:2284
*,7754,Y,Core,ZZSkillsProgramme:ZZSkillsProgramme_ID:405;ZZUnitStandard:ZZUnitStandard_id:2263
*,7755,Y,Core,ZZSkillsProgramme:ZZSkillsProgramme_ID:405;ZZUnitStandard:ZZUnitStandard_id:2266
*,7756,Y,Core,ZZSkillsProgramme:ZZSkillsProgramme_ID:405;ZZUnitStandard:ZZUnitStandard_id:2264
*,7757,Y,Elective,ZZSkillsProgramme:ZZSkillsProgramme_ID:405;ZZUnitStandard:ZZUnitStandard_id:2243
*,7758,Y,Core,ZZSkillsProgramme:ZZSkillsProgramme_ID:405;ZZUnitStandard:ZZUnitStandard_id:2298
*,7759,Y,Core,ZZSkillsProgramme:ZZSkillsProgramme_ID:405;ZZUnitStandard:ZZUnitStandard_id:2222
*,7760,Y,Core,ZZSkillsProgramme:ZZSkillsProgramme_ID:405;ZZUnitStandard:ZZUnitStandard_id:2297
*,7761,Y,Elective,ZZSkillsProgramme:ZZSkillsProgramme_ID:405;ZZUnitStandard:ZZUnitStandard_id:2228
*,7762,Y,Core,ZZSkillsProgramme:ZZSkillsProgramme_ID:405;ZZUnitStandard:ZZUnitStandard_id:2227
*,7763,Y,Core,ZZSkillsProgramme:ZZSkillsProgramme_ID:406;ZZUnitStandard:ZZUnitStandard_id:2296
*,7764,Y,Elective,ZZSkillsProgramme:ZZSkillsProgramme_ID:406;ZZUnitStandard:ZZUnitStandard_id:2273
*,7765,Y,Elective,ZZSkillsProgramme:ZZSkillsProgramme_ID:406;ZZUnitStandard:ZZUnitStandard_id:2290
*,7766,Y,Elective,ZZSkillsProgramme:ZZSkillsProgramme_ID:406;ZZUnitStandard:ZZUnitStandard_id:2237
*,7767,Y,Core,ZZSkillsProgramme:ZZSkillsProgramme_ID:406;ZZUnitStandard:ZZUnitStandard_id:2283
*,7768,Y,Core,ZZSkillsProgramme:ZZSkillsProgramme_ID:406;ZZUnitStandard:ZZUnitStandard_id:2238
*,7769,Y,Core,ZZSkillsProgramme:ZZSkillsProgramme_ID:406;ZZUnitStandard:ZZUnitStandard_id:2294
*,7770,Y,Core,ZZSkillsProgramme:ZZSkillsProgramme_ID:406;ZZUnitStandard:ZZUnitStandard_id:2261
*,7771,Y,Core,ZZSkillsProgramme:ZZSkillsProgramme_ID:406;ZZUnitStandard:ZZUnitStandard_id:2263
*,7772,Y,Elective,ZZSkillsProgramme:ZZSkillsProgramme_ID:406;ZZUnitStandard:ZZUnitStandard_id:2266
*,7773,Y,Core,ZZSkillsProgramme:ZZSkillsProgramme_ID:406;ZZUnitStandard:ZZUnitStandard_id:2264
*,7774,Y,Elective,ZZSkillsProgramme:ZZSkillsProgramme_ID:406;ZZUnitStandard:ZZUnitStandard_id:2265
*,7775,Y,Elective,ZZSkillsProgramme:ZZSkillsProgramme_ID:406;ZZUnitStandard:ZZUnitStandard_id:2304
*,7776,Y,Core,ZZSkillsProgramme:ZZSkillsProgramme_ID:406;ZZUnitStandard:ZZUnitStandard_id:2222
*,7777,Y,Elective,ZZSkillsProgramme:ZZSkillsProgramme_ID:406;ZZUnitStandard:ZZUnitStandard_id:2297
*,7778,Y,Core,ZZSkillsProgramme:ZZSkillsProgramme_ID:406;ZZUnitStandard:ZZUnitStandard_id:2228
*,7779,Y,Elective,ZZSkillsProgramme:ZZSkillsProgramme_ID:406;ZZUnitStandard:ZZUnitStandard_id:2227
*,7780,Y,Elective,ZZSkillsProgramme:ZZSkillsProgramme_ID:407;ZZUnitStandard:ZZUnitStandard_id:260
*,7781,Y,Elective,ZZSkillsProgramme:ZZSkillsProgramme_ID:407;ZZUnitStandard:ZZUnitStandard_id:2257
*,7782,Y,Elective,ZZSkillsProgramme:ZZSkillsProgramme_ID:407;ZZUnitStandard:ZZUnitStandard_id:2286
*,7783,Y,Elective,ZZSkillsProgramme:ZZSkillsProgramme_ID:407;ZZUnitStandard:ZZUnitStandard_id:2363
*,7784,Y,Elective,ZZSkillsProgramme:ZZSkillsProgramme_ID:407;ZZUnitStandard:ZZUnitStandard_id:2230
*,7785,Y,Elective,ZZSkillsProgramme:ZZSkillsProgramme_ID:407;ZZUnitStandard:ZZUnitStandard_id:2240
*,7786,Y,Core,ZZSkillsProgramme:ZZSkillsProgramme_ID:407;ZZUnitStandard:ZZUnitStandard_id:2290
*,7787,Y,Core,ZZSkillsProgramme:ZZSkillsProgramme_ID:407;ZZUnitStandard:ZZUnitStandard_id:2283
*,7788,Y,Elective,ZZSkillsProgramme:ZZSkillsProgramme_ID:407;ZZUnitStandard:ZZUnitStandard_id:2292
*,7789,Y,Elective,ZZSkillsProgramme:ZZSkillsProgramme_ID:407;ZZUnitStandard:ZZUnitStandard_id:2320
*,7790,Y,Elective,ZZSkillsProgramme:ZZSkillsProgramme_ID:407;ZZUnitStandard:ZZUnitStandard_id:2239
*,7791,Y,Elective,ZZSkillsProgramme:ZZSkillsProgramme_ID:407;ZZUnitStandard:ZZUnitStandard_id:2241
*,7792,Y,Core,ZZSkillsProgramme:ZZSkillsProgramme_ID:407;ZZUnitStandard:ZZUnitStandard_id:2365
*,7793,Y,Core,ZZSkillsProgramme:ZZSkillsProgramme_ID:407;ZZUnitStandard:ZZUnitStandard_id:2284
*,7794,Y,Core,ZZSkillsProgramme:ZZSkillsProgramme_ID:407;ZZUnitStandard:ZZUnitStandard_id:2248
*,7795,Y,Elective,ZZSkillsProgramme:ZZSkillsProgramme_ID:407;ZZUnitStandard:ZZUnitStandard_id:2245
*,7796,Y,Elective,ZZSkillsProgramme:ZZSkillsProgramme_ID:407;ZZUnitStandard:ZZUnitStandard_id:2246
*,7797,Y,Core,ZZSkillsProgramme:ZZSkillsProgramme_ID:407;ZZUnitStandard:ZZUnitStandard_id:2263
*,7798,Y,Elective,ZZSkillsProgramme:ZZSkillsProgramme_ID:407;ZZUnitStandard:ZZUnitStandard_id:2362
*,7799,Y,Elective,ZZSkillsProgramme:ZZSkillsProgramme_ID:407;ZZUnitStandard:ZZUnitStandard_id:2289
*,7800,Y,Core,ZZSkillsProgramme:ZZSkillsProgramme_ID:407;ZZUnitStandard:ZZUnitStandard_id:2254
*,7801,Y,Elective,ZZSkillsProgramme:ZZSkillsProgramme_ID:407;ZZUnitStandard:ZZUnitStandard_id:2244
*,7802,Y,Elective,ZZSkillsProgramme:ZZSkillsProgramme_ID:407;ZZUnitStandard:ZZUnitStandard_id:2366
*,7803,Y,Core,ZZSkillsProgramme:ZZSkillsProgramme_ID:407;ZZUnitStandard:ZZUnitStandard_id:2264
*,7804,Y,Elective,ZZSkillsProgramme:ZZSkillsProgramme_ID:407;ZZUnitStandard:ZZUnitStandard_id:2247
*,7805,Y,Core,ZZSkillsProgramme:ZZSkillsProgramme_ID:407;ZZUnitStandard:ZZUnitStandard_id:2243
*,7806,Y,Core,ZZSkillsProgramme:ZZSkillsProgramme_ID:407;ZZUnitStandard:ZZUnitStandard_id:2222
*,7807,Y,Elective,ZZSkillsProgramme:ZZSkillsProgramme_ID:407;ZZUnitStandard:ZZUnitStandard_id:2295
*,7808,Y,Elective,ZZSkillsProgramme:ZZSkillsProgramme_ID:407;ZZUnitStandard:ZZUnitStandard_id:2297
*,7809,Y,Elective,ZZSkillsProgramme:ZZSkillsProgramme_ID:407;ZZUnitStandard:ZZUnitStandard_id:2228
*,7810,Y,Elective,ZZSkillsProgramme:ZZSkillsProgramme_ID:407;ZZUnitStandard:ZZUnitStandard_id:2293
*,7811,Y,Core,ZZSkillsProgramme:ZZSkillsProgramme_ID:407;ZZUnitStandard:ZZUnitStandard_id:2227
*,7812,Y,Core,ZZSkillsProgramme:ZZSkillsProgramme_ID:408;ZZUnitStandard:ZZUnitStandard_id:2233
*,7813,Y,Elective,ZZSkillsProgramme:ZZSkillsProgramme_ID:408;ZZUnitStandard:ZZUnitStandard_id:2286
*,7814,Y,Core,ZZSkillsProgramme:ZZSkillsProgramme_ID:408;ZZUnitStandard:ZZUnitStandard_id:2290
*,7815,Y,Core,ZZSkillsProgramme:ZZSkillsProgramme_ID:408;ZZUnitStandard:ZZUnitStandard_id:2283
*,7816,Y,Elective,ZZSkillsProgramme:ZZSkillsProgramme_ID:408;ZZUnitStandard:ZZUnitStandard_id:2292
*,7817,Y,Elective,ZZSkillsProgramme:ZZSkillsProgramme_ID:408;ZZUnitStandard:ZZUnitStandard_id:2246
*,7818,Y,Core,ZZSkillsProgramme:ZZSkillsProgramme_ID:408;ZZUnitStandard:ZZUnitStandard_id:2263
*,7819,Y,Core,ZZSkillsProgramme:ZZSkillsProgramme_ID:408;ZZUnitStandard:ZZUnitStandard_id:2288
*,7820,Y,Elective,ZZSkillsProgramme:ZZSkillsProgramme_ID:408;ZZUnitStandard:ZZUnitStandard_id:2289
*,7821,Y,Elective,ZZSkillsProgramme:ZZSkillsProgramme_ID:408;ZZUnitStandard:ZZUnitStandard_id:2266
*,7822,Y,Elective,ZZSkillsProgramme:ZZSkillsProgramme_ID:408;ZZUnitStandard:ZZUnitStandard_id:2254
*,7823,Y,Core,ZZSkillsProgramme:ZZSkillsProgramme_ID:408;ZZUnitStandard:ZZUnitStandard_id:2264
*,7824,Y,Core,ZZSkillsProgramme:ZZSkillsProgramme_ID:408;ZZUnitStandard:ZZUnitStandard_id:2222
*,7825,Y,Elective,ZZSkillsProgramme:ZZSkillsProgramme_ID:408;ZZUnitStandard:ZZUnitStandard_id:2295
*,7826,Y,Elective,ZZSkillsProgramme:ZZSkillsProgramme_ID:408;ZZUnitStandard:ZZUnitStandard_id:2228
*,7827,Y,Elective,ZZSkillsProgramme:ZZSkillsProgramme_ID:408;ZZUnitStandard:ZZUnitStandard_id:2293
*,7828,Y,Core,ZZSkillsProgramme:ZZSkillsProgramme_ID:408;ZZUnitStandard:ZZUnitStandard_id:2227
*,7829,Y,Elective,ZZSkillsProgramme:ZZSkillsProgramme_ID:409;ZZUnitStandard:ZZUnitStandard_id:995
*,7830,Y,Core,ZZSkillsProgramme:ZZSkillsProgramme_ID:409;ZZUnitStandard:ZZUnitStandard_id:2319
*,7831,Y,Elective,ZZSkillsProgramme:ZZSkillsProgramme_ID:409;ZZUnitStandard:ZZUnitStandard_id:2283
*,7832,Y,Elective,ZZSkillsProgramme:ZZSkillsProgramme_ID:409;ZZUnitStandard:ZZUnitStandard_id:2282
*,7833,Y,Elective,ZZSkillsProgramme:ZZSkillsProgramme_ID:409;ZZUnitStandard:ZZUnitStandard_id:2365
*,7834,Y,Elective,ZZSkillsProgramme:ZZSkillsProgramme_ID:409;ZZUnitStandard:ZZUnitStandard_id:2263
*,7835,Y,Core,ZZSkillsProgramme:ZZSkillsProgramme_ID:409;ZZUnitStandard:ZZUnitStandard_id:2266
*,7836,Y,Elective,ZZSkillsProgramme:ZZSkillsProgramme_ID:409;ZZUnitStandard:ZZUnitStandard_id:2264
*,7837,Y,Core,ZZSkillsProgramme:ZZSkillsProgramme_ID:409;ZZUnitStandard:ZZUnitStandard_id:2222
*,7838,Y,Core,ZZSkillsProgramme:ZZSkillsProgramme_ID:409;ZZUnitStandard:ZZUnitStandard_id:2228
*,7839,Y,Core,ZZSkillsProgramme:ZZSkillsProgramme_ID:409;ZZUnitStandard:ZZUnitStandard_id:2227
*,7840,Y,Core,ZZSkillsProgramme:ZZSkillsProgramme_ID:409;ZZUnitStandard:ZZUnitStandard_id:2613
*,7841,Y,Elective,ZZSkillsProgramme:ZZSkillsProgramme_ID:410;ZZUnitStandard:ZZUnitStandard_id:995
*,7842,Y,Core,ZZSkillsProgramme:ZZSkillsProgramme_ID:410;ZZUnitStandard:ZZUnitStandard_id:2318
*,7843,Y,Elective,ZZSkillsProgramme:ZZSkillsProgramme_ID:410;ZZUnitStandard:ZZUnitStandard_id:2283
*,7844,Y,Elective,ZZSkillsProgramme:ZZSkillsProgramme_ID:410;ZZUnitStandard:ZZUnitStandard_id:2282
*,7845,Y,Elective,ZZSkillsProgramme:ZZSkillsProgramme_ID:410;ZZUnitStandard:ZZUnitStandard_id:2365
*,7846,Y,Elective,ZZSkillsProgramme:ZZSkillsProgramme_ID:410;ZZUnitStandard:ZZUnitStandard_id:2263
*,7847,Y,Core,ZZSkillsProgramme:ZZSkillsProgramme_ID:410;ZZUnitStandard:ZZUnitStandard_id:2266
*,7848,Y,Elective,ZZSkillsProgramme:ZZSkillsProgramme_ID:410;ZZUnitStandard:ZZUnitStandard_id:2264
*,7849,Y,Core,ZZSkillsProgramme:ZZSkillsProgramme_ID:410;ZZUnitStandard:ZZUnitStandard_id:2222
*,7850,Y,Core,ZZSkillsProgramme:ZZSkillsProgramme_ID:410;ZZUnitStandard:ZZUnitStandard_id:2228
*,7851,Y,Core,ZZSkillsProgramme:ZZSkillsProgramme_ID:410;ZZUnitStandard:ZZUnitStandard_id:2227
*,7852,Y,Core,ZZSkillsProgramme:ZZSkillsProgramme_ID:410;ZZUnitStandard:ZZUnitStandard_id:2613
*,7853,Y,Elective,ZZSkillsProgramme:ZZSkillsProgramme_ID:411;ZZUnitStandard:ZZUnitStandard_id:995
*,7854,Y,Elective,ZZSkillsProgramme:ZZSkillsProgramme_ID:411;ZZUnitStandard:ZZUnitStandard_id:2443
*,7855,Y,Elective,ZZSkillsProgramme:ZZSkillsProgramme_ID:411;ZZUnitStandard:ZZUnitStandard_id:2283
*,7856,Y,Elective,ZZSkillsProgramme:ZZSkillsProgramme_ID:411;ZZUnitStandard:ZZUnitStandard_id:2282
*,7857,Y,Elective,ZZSkillsProgramme:ZZSkillsProgramme_ID:411;ZZUnitStandard:ZZUnitStandard_id:2365
*,7858,Y,Elective,ZZSkillsProgramme:ZZSkillsProgramme_ID:411;ZZUnitStandard:ZZUnitStandard_id:2322
*,7859,Y,Elective,ZZSkillsProgramme:ZZSkillsProgramme_ID:411;ZZUnitStandard:ZZUnitStandard_id:2263
*,7860,Y,Core,ZZSkillsProgramme:ZZSkillsProgramme_ID:411;ZZUnitStandard:ZZUnitStandard_id:2266
*,7861,Y,Elective,ZZSkillsProgramme:ZZSkillsProgramme_ID:411;ZZUnitStandard:ZZUnitStandard_id:2264
*,7862,Y,Core,ZZSkillsProgramme:ZZSkillsProgramme_ID:411;ZZUnitStandard:ZZUnitStandard_id:2222
*,7863,Y,Core,ZZSkillsProgramme:ZZSkillsProgramme_ID:411;ZZUnitStandard:ZZUnitStandard_id:2228
*,7864,Y,Core,ZZSkillsProgramme:ZZSkillsProgramme_ID:411;ZZUnitStandard:ZZUnitStandard_id:2227
*,7865,Y,Core,ZZSkillsProgramme:ZZSkillsProgramme_ID:411;ZZUnitStandard:ZZUnitStandard_id:2613
*,7866,Y,Elective,ZZSkillsProgramme:ZZSkillsProgramme_ID:412;ZZUnitStandard:ZZUnitStandard_id:995
*,7867,Y,Elective,ZZSkillsProgramme:ZZSkillsProgramme_ID:412;ZZUnitStandard:ZZUnitStandard_id:2283
*,7868,Y,Elective,ZZSkillsProgramme:ZZSkillsProgramme_ID:412;ZZUnitStandard:ZZUnitStandard_id:2282
*,7869,Y,Elective,ZZSkillsProgramme:ZZSkillsProgramme_ID:412;ZZUnitStandard:ZZUnitStandard_id:2365
*,7870,Y,Elective,ZZSkillsProgramme:ZZSkillsProgramme_ID:412;ZZUnitStandard:ZZUnitStandard_id:2263
*,7871,Y,Core,ZZSkillsProgramme:ZZSkillsProgramme_ID:412;ZZUnitStandard:ZZUnitStandard_id:2266
*,7872,Y,Elective,ZZSkillsProgramme:ZZSkillsProgramme_ID:412;ZZUnitStandard:ZZUnitStandard_id:2264
*,7873,Y,Core,ZZSkillsProgramme:ZZSkillsProgramme_ID:412;ZZUnitStandard:ZZUnitStandard_id:2222
*,7874,Y,Core,ZZSkillsProgramme:ZZSkillsProgramme_ID:412;ZZUnitStandard:ZZUnitStandard_id:2228
*,7875,Y,Core,ZZSkillsProgramme:ZZSkillsProgramme_ID:412;ZZUnitStandard:ZZUnitStandard_id:2227
*,7876,Y,Elective,ZZSkillsProgramme:ZZSkillsProgramme_ID:412;ZZUnitStandard:ZZUnitStandard_id:2281
*,7877,Y,Elective,ZZSkillsProgramme:ZZSkillsProgramme_ID:412;ZZUnitStandard:ZZUnitStandard_id:2229
*,7878,Y,Core,ZZSkillsProgramme:ZZSkillsProgramme_ID:412;ZZUnitStandard:ZZUnitStandard_id:2613
*,7879,Y,Elective,ZZSkillsProgramme:ZZSkillsProgramme_ID:413;ZZUnitStandard:ZZUnitStandard_id:995
*,7880,Y,Elective,ZZSkillsProgramme:ZZSkillsProgramme_ID:413;ZZUnitStandard:ZZUnitStandard_id:2283
*,7881,Y,Elective,ZZSkillsProgramme:ZZSkillsProgramme_ID:413;ZZUnitStandard:ZZUnitStandard_id:2282
*,7882,Y,Core,ZZSkillsProgramme:ZZSkillsProgramme_ID:413;ZZUnitStandard:ZZUnitStandard_id:2308
*,7883,Y,Elective,ZZSkillsProgramme:ZZSkillsProgramme_ID:413;ZZUnitStandard:ZZUnitStandard_id:2365
*,7884,Y,Elective,ZZSkillsProgramme:ZZSkillsProgramme_ID:413;ZZUnitStandard:ZZUnitStandard_id:2263
*,7885,Y,Core,ZZSkillsProgramme:ZZSkillsProgramme_ID:413;ZZUnitStandard:ZZUnitStandard_id:2266
*,7886,Y,Elective,ZZSkillsProgramme:ZZSkillsProgramme_ID:413;ZZUnitStandard:ZZUnitStandard_id:2264
*,7887,Y,Core,ZZSkillsProgramme:ZZSkillsProgramme_ID:413;ZZUnitStandard:ZZUnitStandard_id:2222
*,7888,Y,Core,ZZSkillsProgramme:ZZSkillsProgramme_ID:413;ZZUnitStandard:ZZUnitStandard_id:2228
*,7889,Y,Core,ZZSkillsProgramme:ZZSkillsProgramme_ID:413;ZZUnitStandard:ZZUnitStandard_id:2227
*,7890,Y,Core,ZZSkillsProgramme:ZZSkillsProgramme_ID:413;ZZUnitStandard:ZZUnitStandard_id:2613
*,7891,Y,Elective,ZZSkillsProgramme:ZZSkillsProgramme_ID:414;ZZUnitStandard:ZZUnitStandard_id:995
*,7892,Y,Elective,ZZSkillsProgramme:ZZSkillsProgramme_ID:414;ZZUnitStandard:ZZUnitStandard_id:2283
*,7893,Y,Elective,ZZSkillsProgramme:ZZSkillsProgramme_ID:414;ZZUnitStandard:ZZUnitStandard_id:2282
*,7894,Y,Elective,ZZSkillsProgramme:ZZSkillsProgramme_ID:414;ZZUnitStandard:ZZUnitStandard_id:2365
*,7895,Y,Elective,ZZSkillsProgramme:ZZSkillsProgramme_ID:414;ZZUnitStandard:ZZUnitStandard_id:2263
*,7896,Y,Core,ZZSkillsProgramme:ZZSkillsProgramme_ID:414;ZZUnitStandard:ZZUnitStandard_id:2266
*,7897,Y,Elective,ZZSkillsProgramme:ZZSkillsProgramme_ID:414;ZZUnitStandard:ZZUnitStandard_id:2264
*,7898,Y,Elective,ZZSkillsProgramme:ZZSkillsProgramme_ID:414;ZZUnitStandard:ZZUnitStandard_id:2271
*,7899,Y,Core,ZZSkillsProgramme:ZZSkillsProgramme_ID:414;ZZUnitStandard:ZZUnitStandard_id:2222
*,7900,Y,Core,ZZSkillsProgramme:ZZSkillsProgramme_ID:414;ZZUnitStandard:ZZUnitStandard_id:2228
*,7901,Y,Core,ZZSkillsProgramme:ZZSkillsProgramme_ID:414;ZZUnitStandard:ZZUnitStandard_id:2227
*,7902,Y,Core,ZZSkillsProgramme:ZZSkillsProgramme_ID:414;ZZUnitStandard:ZZUnitStandard_id:2613
*,7903,Y,Core,ZZSkillsProgramme:ZZSkillsProgramme_ID:414;ZZUnitStandard:ZZUnitStandard_id:2934
*,7904,Y,Elective,ZZSkillsProgramme:ZZSkillsProgramme_ID:415;ZZUnitStandard:ZZUnitStandard_id:995
*,7905,Y,Core,ZZSkillsProgramme:ZZSkillsProgramme_ID:415;ZZUnitStandard:ZZUnitStandard_id:2310
*,7906,Y,Elective,ZZSkillsProgramme:ZZSkillsProgramme_ID:415;ZZUnitStandard:ZZUnitStandard_id:2283
*,7907,Y,Elective,ZZSkillsProgramme:ZZSkillsProgramme_ID:415;ZZUnitStandard:ZZUnitStandard_id:2282
*,7908,Y,Elective,ZZSkillsProgramme:ZZSkillsProgramme_ID:415;ZZUnitStandard:ZZUnitStandard_id:2365
*,7909,Y,Elective,ZZSkillsProgramme:ZZSkillsProgramme_ID:415;ZZUnitStandard:ZZUnitStandard_id:2263
*,7910,Y,Core,ZZSkillsProgramme:ZZSkillsProgramme_ID:415;ZZUnitStandard:ZZUnitStandard_id:2266
*,7911,Y,Elective,ZZSkillsProgramme:ZZSkillsProgramme_ID:415;ZZUnitStandard:ZZUnitStandard_id:2264
*,7912,Y,Core,ZZSkillsProgramme:ZZSkillsProgramme_ID:415;ZZUnitStandard:ZZUnitStandard_id:2222
*,7913,Y,Core,ZZSkillsProgramme:ZZSkillsProgramme_ID:415;ZZUnitStandard:ZZUnitStandard_id:2228
*,7914,Y,Core,ZZSkillsProgramme:ZZSkillsProgramme_ID:415;ZZUnitStandard:ZZUnitStandard_id:2227
*,7915,Y,Core,ZZSkillsProgramme:ZZSkillsProgramme_ID:415;ZZUnitStandard:ZZUnitStandard_id:2613
*,7916,Y,Elective,ZZSkillsProgramme:ZZSkillsProgramme_ID:416;ZZUnitStandard:ZZUnitStandard_id:995
*,7917,Y,Elective,ZZSkillsProgramme:ZZSkillsProgramme_ID:416;ZZUnitStandard:ZZUnitStandard_id:2283
*,7918,Y,Elective,ZZSkillsProgramme:ZZSkillsProgramme_ID:416;ZZUnitStandard:ZZUnitStandard_id:2282
*,7919,Y,Elective,ZZSkillsProgramme:ZZSkillsProgramme_ID:416;ZZUnitStandard:ZZUnitStandard_id:2365
*,7920,Y,Elective,ZZSkillsProgramme:ZZSkillsProgramme_ID:416;ZZUnitStandard:ZZUnitStandard_id:2263
*,7921,Y,Core,ZZSkillsProgramme:ZZSkillsProgramme_ID:416;ZZUnitStandard:ZZUnitStandard_id:2266
*,7922,Y,Core,ZZSkillsProgramme:ZZSkillsProgramme_ID:416;ZZUnitStandard:ZZUnitStandard_id:2321
*,7923,Y,Elective,ZZSkillsProgramme:ZZSkillsProgramme_ID:416;ZZUnitStandard:ZZUnitStandard_id:2264
*,7924,Y,Core,ZZSkillsProgramme:ZZSkillsProgramme_ID:416;ZZUnitStandard:ZZUnitStandard_id:2222
*,7925,Y,Core,ZZSkillsProgramme:ZZSkillsProgramme_ID:416;ZZUnitStandard:ZZUnitStandard_id:2228
*,7926,Y,Core,ZZSkillsProgramme:ZZSkillsProgramme_ID:416;ZZUnitStandard:ZZUnitStandard_id:2227
*,7927,Y,Core,ZZSkillsProgramme:ZZSkillsProgramme_ID:416;ZZUnitStandard:ZZUnitStandard_id:2613
*,7928,Y,Elective,ZZSkillsProgramme:ZZSkillsProgramme_ID:417;ZZUnitStandard:ZZUnitStandard_id:995
*,7929,Y,Elective,ZZSkillsProgramme:ZZSkillsProgramme_ID:417;ZZUnitStandard:ZZUnitStandard_id:2283
*,7930,Y,Elective,ZZSkillsProgramme:ZZSkillsProgramme_ID:417;ZZUnitStandard:ZZUnitStandard_id:2282
*,7931,Y,Elective,ZZSkillsProgramme:ZZSkillsProgramme_ID:417;ZZUnitStandard:ZZUnitStandard_id:2365
*,7932,Y,Core,ZZSkillsProgramme:ZZSkillsProgramme_ID:417;ZZUnitStandard:ZZUnitStandard_id:2444
*,7933,Y,Elective,ZZSkillsProgramme:ZZSkillsProgramme_ID:417;ZZUnitStandard:ZZUnitStandard_id:2263
*,7934,Y,Core,ZZSkillsProgramme:ZZSkillsProgramme_ID:417;ZZUnitStandard:ZZUnitStandard_id:2266
*,7935,Y,Elective,ZZSkillsProgramme:ZZSkillsProgramme_ID:417;ZZUnitStandard:ZZUnitStandard_id:2264
*,7936,Y,Core,ZZSkillsProgramme:ZZSkillsProgramme_ID:417;ZZUnitStandard:ZZUnitStandard_id:2222
*,7937,Y,Core,ZZSkillsProgramme:ZZSkillsProgramme_ID:417;ZZUnitStandard:ZZUnitStandard_id:2228
*,7938,Y,Core,ZZSkillsProgramme:ZZSkillsProgramme_ID:417;ZZUnitStandard:ZZUnitStandard_id:2227
*,7939,Y,Core,ZZSkillsProgramme:ZZSkillsProgramme_ID:417;ZZUnitStandard:ZZUnitStandard_id:2613
*,7940,Y,Elective,ZZSkillsProgramme:ZZSkillsProgramme_ID:418;ZZUnitStandard:ZZUnitStandard_id:995
*,7941,Y,Elective,ZZSkillsProgramme:ZZSkillsProgramme_ID:418;ZZUnitStandard:ZZUnitStandard_id:2283
*,7942,Y,Elective,ZZSkillsProgramme:ZZSkillsProgramme_ID:418;ZZUnitStandard:ZZUnitStandard_id:2282
*,7943,Y,Elective,ZZSkillsProgramme:ZZSkillsProgramme_ID:418;ZZUnitStandard:ZZUnitStandard_id:2365
*,7944,Y,Elective,ZZSkillsProgramme:ZZSkillsProgramme_ID:418;ZZUnitStandard:ZZUnitStandard_id:2263
*,7945,Y,Core,ZZSkillsProgramme:ZZSkillsProgramme_ID:418;ZZUnitStandard:ZZUnitStandard_id:2266
*,7946,Y,Elective,ZZSkillsProgramme:ZZSkillsProgramme_ID:418;ZZUnitStandard:ZZUnitStandard_id:2264
*,7947,Y,Elective,ZZSkillsProgramme:ZZSkillsProgramme_ID:418;ZZUnitStandard:ZZUnitStandard_id:2271
*,7948,Y,Core,ZZSkillsProgramme:ZZSkillsProgramme_ID:418;ZZUnitStandard:ZZUnitStandard_id:2222
*,7949,Y,Core,ZZSkillsProgramme:ZZSkillsProgramme_ID:418;ZZUnitStandard:ZZUnitStandard_id:2228
*,7950,Y,Core,ZZSkillsProgramme:ZZSkillsProgramme_ID:418;ZZUnitStandard:ZZUnitStandard_id:2227
*,7951,Y,Elective,ZZSkillsProgramme:ZZSkillsProgramme_ID:418;ZZUnitStandard:ZZUnitStandard_id:2259
*,7952,Y,Elective,ZZSkillsProgramme:ZZSkillsProgramme_ID:418;ZZUnitStandard:ZZUnitStandard_id:2262
*,7953,Y,Elective,ZZSkillsProgramme:ZZSkillsProgramme_ID:418;ZZUnitStandard:ZZUnitStandard_id:2258
*,7954,Y,Core,ZZSkillsProgramme:ZZSkillsProgramme_ID:418;ZZUnitStandard:ZZUnitStandard_id:2613
*,7955,Y,Elective,ZZSkillsProgramme:ZZSkillsProgramme_ID:418;ZZUnitStandard:ZZUnitStandard_id:2934
*,7956,Y,Elective,ZZSkillsProgramme:ZZSkillsProgramme_ID:419;ZZUnitStandard:ZZUnitStandard_id:995
*,7957,Y,Elective,ZZSkillsProgramme:ZZSkillsProgramme_ID:419;ZZUnitStandard:ZZUnitStandard_id:2283
*,7958,Y,Elective,ZZSkillsProgramme:ZZSkillsProgramme_ID:419;ZZUnitStandard:ZZUnitStandard_id:2282
*,7959,Y,Elective,ZZSkillsProgramme:ZZSkillsProgramme_ID:419;ZZUnitStandard:ZZUnitStandard_id:2365
*,7960,Y,Core,ZZSkillsProgramme:ZZSkillsProgramme_ID:419;ZZUnitStandard:ZZUnitStandard_id:2316
*,7961,Y,Elective,ZZSkillsProgramme:ZZSkillsProgramme_ID:419;ZZUnitStandard:ZZUnitStandard_id:2263
*,7962,Y,Core,ZZSkillsProgramme:ZZSkillsProgramme_ID:419;ZZUnitStandard:ZZUnitStandard_id:2266
*,7963,Y,Elective,ZZSkillsProgramme:ZZSkillsProgramme_ID:419;ZZUnitStandard:ZZUnitStandard_id:2264
*,7964,Y,Core,ZZSkillsProgramme:ZZSkillsProgramme_ID:419;ZZUnitStandard:ZZUnitStandard_id:2222
*,7965,Y,Core,ZZSkillsProgramme:ZZSkillsProgramme_ID:419;ZZUnitStandard:ZZUnitStandard_id:2228
*,7966,Y,Core,ZZSkillsProgramme:ZZSkillsProgramme_ID:419;ZZUnitStandard:ZZUnitStandard_id:2227
*,7967,Y,Core,ZZSkillsProgramme:ZZSkillsProgramme_ID:419;ZZUnitStandard:ZZUnitStandard_id:2613
*,7968,Y,Elective,ZZSkillsProgramme:ZZSkillsProgramme_ID:420;ZZUnitStandard:ZZUnitStandard_id:995
*,7969,Y,Elective,ZZSkillsProgramme:ZZSkillsProgramme_ID:420;ZZUnitStandard:ZZUnitStandard_id:2283
*,7970,Y,Elective,ZZSkillsProgramme:ZZSkillsProgramme_ID:420;ZZUnitStandard:ZZUnitStandard_id:2282
*,7971,Y,Core,ZZSkillsProgramme:ZZSkillsProgramme_ID:420;ZZUnitStandard:ZZUnitStandard_id:2314
*,7972,Y,Elective,ZZSkillsProgramme:ZZSkillsProgramme_ID:420;ZZUnitStandard:ZZUnitStandard_id:2365
*,7973,Y,Elective,ZZSkillsProgramme:ZZSkillsProgramme_ID:420;ZZUnitStandard:ZZUnitStandard_id:2263
*,7974,Y,Core,ZZSkillsProgramme:ZZSkillsProgramme_ID:420;ZZUnitStandard:ZZUnitStandard_id:2266
*,7975,Y,Elective,ZZSkillsProgramme:ZZSkillsProgramme_ID:420;ZZUnitStandard:ZZUnitStandard_id:2264
*,7976,Y,Core,ZZSkillsProgramme:ZZSkillsProgramme_ID:420;ZZUnitStandard:ZZUnitStandard_id:2222
*,7977,Y,Core,ZZSkillsProgramme:ZZSkillsProgramme_ID:420;ZZUnitStandard:ZZUnitStandard_id:2228
*,7978,Y,Core,ZZSkillsProgramme:ZZSkillsProgramme_ID:420;ZZUnitStandard:ZZUnitStandard_id:2227
*,7979,Y,Core,ZZSkillsProgramme:ZZSkillsProgramme_ID:420;ZZUnitStandard:ZZUnitStandard_id:2613
*,7980,Y,Elective,ZZSkillsProgramme:ZZSkillsProgramme_ID:421;ZZUnitStandard:ZZUnitStandard_id:995
*,7981,Y,Core,ZZSkillsProgramme:ZZSkillsProgramme_ID:421;ZZUnitStandard:ZZUnitStandard_id:3929
*,7982,Y,Elective,ZZSkillsProgramme:ZZSkillsProgramme_ID:421;ZZUnitStandard:ZZUnitStandard_id:2283
*,7983,Y,Elective,ZZSkillsProgramme:ZZSkillsProgramme_ID:421;ZZUnitStandard:ZZUnitStandard_id:2282
*,7984,Y,Elective,ZZSkillsProgramme:ZZSkillsProgramme_ID:421;ZZUnitStandard:ZZUnitStandard_id:2365
*,7985,Y,Elective,ZZSkillsProgramme:ZZSkillsProgramme_ID:421;ZZUnitStandard:ZZUnitStandard_id:2263
*,7986,Y,Core,ZZSkillsProgramme:ZZSkillsProgramme_ID:421;ZZUnitStandard:ZZUnitStandard_id:2266
*,7987,Y,Elective,ZZSkillsProgramme:ZZSkillsProgramme_ID:421;ZZUnitStandard:ZZUnitStandard_id:2264
*,7988,Y,Core,ZZSkillsProgramme:ZZSkillsProgramme_ID:421;ZZUnitStandard:ZZUnitStandard_id:2222
*,7989,Y,Core,ZZSkillsProgramme:ZZSkillsProgramme_ID:421;ZZUnitStandard:ZZUnitStandard_id:2228
*,7990,Y,Core,ZZSkillsProgramme:ZZSkillsProgramme_ID:421;ZZUnitStandard:ZZUnitStandard_id:2227
*,7991,Y,Core,ZZSkillsProgramme:ZZSkillsProgramme_ID:421;ZZUnitStandard:ZZUnitStandard_id:2613
*,7992,Y,Elective,ZZSkillsProgramme:ZZSkillsProgramme_ID:422;ZZUnitStandard:ZZUnitStandard_id:995
*,7993,Y,Core,ZZSkillsProgramme:ZZSkillsProgramme_ID:422;ZZUnitStandard:ZZUnitStandard_id:2323
*,7994,Y,Elective,ZZSkillsProgramme:ZZSkillsProgramme_ID:422;ZZUnitStandard:ZZUnitStandard_id:2283
*,7995,Y,Elective,ZZSkillsProgramme:ZZSkillsProgramme_ID:422;ZZUnitStandard:ZZUnitStandard_id:2282
*,7996,Y,Elective,ZZSkillsProgramme:ZZSkillsProgramme_ID:422;ZZUnitStandard:ZZUnitStandard_id:2365
*,7997,Y,Elective,ZZSkillsProgramme:ZZSkillsProgramme_ID:422;ZZUnitStandard:ZZUnitStandard_id:2263
*,7998,Y,Core,ZZSkillsProgramme:ZZSkillsProgramme_ID:422;ZZUnitStandard:ZZUnitStandard_id:2266
*,7999,Y,Elective,ZZSkillsProgramme:ZZSkillsProgramme_ID:422;ZZUnitStandard:ZZUnitStandard_id:2264
*,8000,Y,Elective,ZZSkillsProgramme:ZZSkillsProgramme_ID:422;ZZUnitStandard:ZZUnitStandard_id:2271
*,8001,Y,Core,ZZSkillsProgramme:ZZSkillsProgramme_ID:422;ZZUnitStandard:ZZUnitStandard_id:2222
*,8002,Y,Core,ZZSkillsProgramme:ZZSkillsProgramme_ID:422;ZZUnitStandard:ZZUnitStandard_id:2228
*,8003,Y,Core,ZZSkillsProgramme:ZZSkillsProgramme_ID:422;ZZUnitStandard:ZZUnitStandard_id:2227
*,8004,Y,Core,ZZSkillsProgramme:ZZSkillsProgramme_ID:422;ZZUnitStandard:ZZUnitStandard_id:2613
*,8005,Y,Elective,ZZSkillsProgramme:ZZSkillsProgramme_ID:423;ZZUnitStandard:ZZUnitStandard_id:995
*,8006,Y,Core,ZZSkillsProgramme:ZZSkillsProgramme_ID:423;ZZUnitStandard:ZZUnitStandard_id:2279
*,8007,Y,Elective,ZZSkillsProgramme:ZZSkillsProgramme_ID:423;ZZUnitStandard:ZZUnitStandard_id:2283
*,8008,Y,Elective,ZZSkillsProgramme:ZZSkillsProgramme_ID:423;ZZUnitStandard:ZZUnitStandard_id:2282
*,8009,Y,Elective,ZZSkillsProgramme:ZZSkillsProgramme_ID:423;ZZUnitStandard:ZZUnitStandard_id:2365
*,8010,Y,Elective,ZZSkillsProgramme:ZZSkillsProgramme_ID:423;ZZUnitStandard:ZZUnitStandard_id:2263
*,8011,Y,Core,ZZSkillsProgramme:ZZSkillsProgramme_ID:423;ZZUnitStandard:ZZUnitStandard_id:2266
*,8012,Y,Elective,ZZSkillsProgramme:ZZSkillsProgramme_ID:423;ZZUnitStandard:ZZUnitStandard_id:2264
*,8013,Y,Core,ZZSkillsProgramme:ZZSkillsProgramme_ID:423;ZZUnitStandard:ZZUnitStandard_id:2222
*,8014,Y,Core,ZZSkillsProgramme:ZZSkillsProgramme_ID:423;ZZUnitStandard:ZZUnitStandard_id:2228
*,8015,Y,Core,ZZSkillsProgramme:ZZSkillsProgramme_ID:423;ZZUnitStandard:ZZUnitStandard_id:2227
*,8016,Y,Core,ZZSkillsProgramme:ZZSkillsProgramme_ID:423;ZZUnitStandard:ZZUnitStandard_id:2613
*,8017,Y,Elective,ZZSkillsProgramme:ZZSkillsProgramme_ID:424;ZZUnitStandard:ZZUnitStandard_id:995
*,8018,Y,Elective,ZZSkillsProgramme:ZZSkillsProgramme_ID:424;ZZUnitStandard:ZZUnitStandard_id:2317
*,8019,Y,Elective,ZZSkillsProgramme:ZZSkillsProgramme_ID:424;ZZUnitStandard:ZZUnitStandard_id:2283
*,8020,Y,Elective,ZZSkillsProgramme:ZZSkillsProgramme_ID:424;ZZUnitStandard:ZZUnitStandard_id:2256
*,8021,Y,Elective,ZZSkillsProgramme:ZZSkillsProgramme_ID:424;ZZUnitStandard:ZZUnitStandard_id:2282
*,8022,Y,Elective,ZZSkillsProgramme:ZZSkillsProgramme_ID:424;ZZUnitStandard:ZZUnitStandard_id:2365
*,8023,Y,Elective,ZZSkillsProgramme:ZZSkillsProgramme_ID:424;ZZUnitStandard:ZZUnitStandard_id:2263
*,8024,Y,Core,ZZSkillsProgramme:ZZSkillsProgramme_ID:424;ZZUnitStandard:ZZUnitStandard_id:2266
*,8025,Y,Elective,ZZSkillsProgramme:ZZSkillsProgramme_ID:424;ZZUnitStandard:ZZUnitStandard_id:2264
*,8026,Y,Core,ZZSkillsProgramme:ZZSkillsProgramme_ID:424;ZZUnitStandard:ZZUnitStandard_id:2222
*,8027,Y,Core,ZZSkillsProgramme:ZZSkillsProgramme_ID:424;ZZUnitStandard:ZZUnitStandard_id:2228
*,8028,Y,Core,ZZSkillsProgramme:ZZSkillsProgramme_ID:424;ZZUnitStandard:ZZUnitStandard_id:2227
*,8029,Y,Core,ZZSkillsProgramme:ZZSkillsProgramme_ID:424;ZZUnitStandard:ZZUnitStandard_id:2613
*,8030,Y,Elective,ZZSkillsProgramme:ZZSkillsProgramme_ID:425;ZZUnitStandard:ZZUnitStandard_id:995
*,8031,Y,Elective,ZZSkillsProgramme:ZZSkillsProgramme_ID:425;ZZUnitStandard:ZZUnitStandard_id:2441
*,8032,Y,Elective,ZZSkillsProgramme:ZZSkillsProgramme_ID:425;ZZUnitStandard:ZZUnitStandard_id:2283
*,8033,Y,Elective,ZZSkillsProgramme:ZZSkillsProgramme_ID:425;ZZUnitStandard:ZZUnitStandard_id:2282
*,8034,Y,Elective,ZZSkillsProgramme:ZZSkillsProgramme_ID:425;ZZUnitStandard:ZZUnitStandard_id:2365
*,8035,Y,Elective,ZZSkillsProgramme:ZZSkillsProgramme_ID:425;ZZUnitStandard:ZZUnitStandard_id:2263
*,8036,Y,Core,ZZSkillsProgramme:ZZSkillsProgramme_ID:425;ZZUnitStandard:ZZUnitStandard_id:2266
*,8037,Y,Elective,ZZSkillsProgramme:ZZSkillsProgramme_ID:425;ZZUnitStandard:ZZUnitStandard_id:2264
*,8038,Y,Core,ZZSkillsProgramme:ZZSkillsProgramme_ID:425;ZZUnitStandard:ZZUnitStandard_id:2222
*,8039,Y,Core,ZZSkillsProgramme:ZZSkillsProgramme_ID:425;ZZUnitStandard:ZZUnitStandard_id:2228
*,8040,Y,Core,ZZSkillsProgramme:ZZSkillsProgramme_ID:425;ZZUnitStandard:ZZUnitStandard_id:2227
*,8041,Y,Elective,ZZSkillsProgramme:ZZSkillsProgramme_ID:425;ZZUnitStandard:ZZUnitStandard_id:2280
*,8042,Y,Core,ZZSkillsProgramme:ZZSkillsProgramme_ID:425;ZZUnitStandard:ZZUnitStandard_id:2613
*,8043,Y,Elective,ZZSkillsProgramme:ZZSkillsProgramme_ID:426;ZZUnitStandard:ZZUnitStandard_id:995
*,8044,Y,Elective,ZZSkillsProgramme:ZZSkillsProgramme_ID:426;ZZUnitStandard:ZZUnitStandard_id:2283
*,8045,Y,Elective,ZZSkillsProgramme:ZZSkillsProgramme_ID:426;ZZUnitStandard:ZZUnitStandard_id:2282
*,8046,Y,Elective,ZZSkillsProgramme:ZZSkillsProgramme_ID:426;ZZUnitStandard:ZZUnitStandard_id:2365
*,8047,Y,Elective,ZZSkillsProgramme:ZZSkillsProgramme_ID:426;ZZUnitStandard:ZZUnitStandard_id:2263
*,8048,Y,Core,ZZSkillsProgramme:ZZSkillsProgramme_ID:426;ZZUnitStandard:ZZUnitStandard_id:2266
*,8049,Y,Elective,ZZSkillsProgramme:ZZSkillsProgramme_ID:426;ZZUnitStandard:ZZUnitStandard_id:2264
*,8050,Y,Core,ZZSkillsProgramme:ZZSkillsProgramme_ID:426;ZZUnitStandard:ZZUnitStandard_id:2222
*,8051,Y,Core,ZZSkillsProgramme:ZZSkillsProgramme_ID:426;ZZUnitStandard:ZZUnitStandard_id:2228
*,8052,Y,Core,ZZSkillsProgramme:ZZSkillsProgramme_ID:426;ZZUnitStandard:ZZUnitStandard_id:2227
*,8053,Y,Core,ZZSkillsProgramme:ZZSkillsProgramme_ID:426;ZZUnitStandard:ZZUnitStandard_id:2613
*,8054,Y,Core,ZZSkillsProgramme:ZZSkillsProgramme_ID:426;ZZUnitStandard:ZZUnitStandard_id:3916
*,8055,Y,Elective,ZZSkillsProgramme:ZZSkillsProgramme_ID:427;ZZUnitStandard:ZZUnitStandard_id:995
*,8056,Y,Elective,ZZSkillsProgramme:ZZSkillsProgramme_ID:427;ZZUnitStandard:ZZUnitStandard_id:2283
*,8057,Y,Elective,ZZSkillsProgramme:ZZSkillsProgramme_ID:427;ZZUnitStandard:ZZUnitStandard_id:2320
*,8058,Y,Elective,ZZSkillsProgramme:ZZSkillsProgramme_ID:427;ZZUnitStandard:ZZUnitStandard_id:2260
*,8059,Y,Elective,ZZSkillsProgramme:ZZSkillsProgramme_ID:427;ZZUnitStandard:ZZUnitStandard_id:2270
*,8060,Y,Elective,ZZSkillsProgramme:ZZSkillsProgramme_ID:427;ZZUnitStandard:ZZUnitStandard_id:2282
*,8061,Y,Elective,ZZSkillsProgramme:ZZSkillsProgramme_ID:427;ZZUnitStandard:ZZUnitStandard_id:2442
*,8062,Y,Elective,ZZSkillsProgramme:ZZSkillsProgramme_ID:427;ZZUnitStandard:ZZUnitStandard_id:2365
*,8063,Y,Elective,ZZSkillsProgramme:ZZSkillsProgramme_ID:427;ZZUnitStandard:ZZUnitStandard_id:2263
*,8064,Y,Elective,ZZSkillsProgramme:ZZSkillsProgramme_ID:427;ZZUnitStandard:ZZUnitStandard_id:2311
*,8065,Y,Core,ZZSkillsProgramme:ZZSkillsProgramme_ID:427;ZZUnitStandard:ZZUnitStandard_id:2266
*,8066,Y,Elective,ZZSkillsProgramme:ZZSkillsProgramme_ID:427;ZZUnitStandard:ZZUnitStandard_id:2264
*,8067,Y,Elective,ZZSkillsProgramme:ZZSkillsProgramme_ID:427;ZZUnitStandard:ZZUnitStandard_id:2271
*,8068,Y,Elective,ZZSkillsProgramme:ZZSkillsProgramme_ID:427;ZZUnitStandard:ZZUnitStandard_id:2303
*,8069,Y,Core,ZZSkillsProgramme:ZZSkillsProgramme_ID:427;ZZUnitStandard:ZZUnitStandard_id:2222
*,8070,Y,Core,ZZSkillsProgramme:ZZSkillsProgramme_ID:427;ZZUnitStandard:ZZUnitStandard_id:2228
*,8071,Y,Elective,ZZSkillsProgramme:ZZSkillsProgramme_ID:427;ZZUnitStandard:ZZUnitStandard_id:2309
*,8072,Y,Core,ZZSkillsProgramme:ZZSkillsProgramme_ID:427;ZZUnitStandard:ZZUnitStandard_id:2227
*,8073,Y,Core,ZZSkillsProgramme:ZZSkillsProgramme_ID:427;ZZUnitStandard:ZZUnitStandard_id:2613
*,8074,Y,Elective,ZZSkillsProgramme:ZZSkillsProgramme_ID:428;ZZUnitStandard:ZZUnitStandard_id:995
*,8075,Y,Core,ZZSkillsProgramme:ZZSkillsProgramme_ID:428;ZZUnitStandard:ZZUnitStandard_id:2312
*,8076,Y,Elective,ZZSkillsProgramme:ZZSkillsProgramme_ID:428;ZZUnitStandard:ZZUnitStandard_id:2283
*,8077,Y,Elective,ZZSkillsProgramme:ZZSkillsProgramme_ID:428;ZZUnitStandard:ZZUnitStandard_id:2282
*,8078,Y,Elective,ZZSkillsProgramme:ZZSkillsProgramme_ID:428;ZZUnitStandard:ZZUnitStandard_id:2365
*,8079,Y,Elective,ZZSkillsProgramme:ZZSkillsProgramme_ID:428;ZZUnitStandard:ZZUnitStandard_id:2263
*,8080,Y,Core,ZZSkillsProgramme:ZZSkillsProgramme_ID:428;ZZUnitStandard:ZZUnitStandard_id:2266
*,8081,Y,Elective,ZZSkillsProgramme:ZZSkillsProgramme_ID:428;ZZUnitStandard:ZZUnitStandard_id:2264
*,8082,Y,Core,ZZSkillsProgramme:ZZSkillsProgramme_ID:428;ZZUnitStandard:ZZUnitStandard_id:2222
*,8083,Y,Core,ZZSkillsProgramme:ZZSkillsProgramme_ID:428;ZZUnitStandard:ZZUnitStandard_id:2228
*,8084,Y,Core,ZZSkillsProgramme:ZZSkillsProgramme_ID:428;ZZUnitStandard:ZZUnitStandard_id:2227
*,8085,Y,Core,ZZSkillsProgramme:ZZSkillsProgramme_ID:428;ZZUnitStandard:ZZUnitStandard_id:2613
*,8086,Y,Core,ZZSkillsProgramme:ZZSkillsProgramme_ID:429;ZZUnitStandard:ZZUnitStandard_id:2147
*,8087,Y,Core,ZZSkillsProgramme:ZZSkillsProgramme_ID:429;ZZUnitStandard:ZZUnitStandard_id:770
*,8088,Y,Elective,ZZSkillsProgramme:ZZSkillsProgramme_ID:429;ZZUnitStandard:ZZUnitStandard_id:3571
*,8089,Y,Core,ZZSkillsProgramme:ZZSkillsProgramme_ID:430;ZZUnitStandard:ZZUnitStandard_id:2147
*,8090,Y,Core,ZZSkillsProgramme:ZZSkillsProgramme_ID:430;ZZUnitStandard:ZZUnitStandard_id:3930
*,8091,Y,Elective,ZZSkillsProgramme:ZZSkillsProgramme_ID:430;ZZUnitStandard:ZZUnitStandard_id:3571
*,8092,Y,Core,ZZSkillsProgramme:ZZSkillsProgramme_ID:430;ZZUnitStandard:ZZUnitStandard_id:3878
*,8093,Y,Core,ZZSkillsProgramme:ZZSkillsProgramme_ID:431;ZZUnitStandard:ZZUnitStandard_id:2445
*,8094,Y,Elective,ZZSkillsProgramme:ZZSkillsProgramme_ID:431;ZZUnitStandard:ZZUnitStandard_id:3571
*,8095,Y,Core,ZZSkillsProgramme:ZZSkillsProgramme_ID:432;ZZUnitStandard:ZZUnitStandard_id:666
*,8096,Y,Core,ZZSkillsProgramme:ZZSkillsProgramme_ID:432;ZZUnitStandard:ZZUnitStandard_id:667
*,8097,Y,Core,ZZSkillsProgramme:ZZSkillsProgramme_ID:432;ZZUnitStandard:ZZUnitStandard_id:765
*,8098,Y,Core,ZZSkillsProgramme:ZZSkillsProgramme_ID:432;ZZUnitStandard:ZZUnitStandard_id:766
*,8099,Y,Core,ZZSkillsProgramme:ZZSkillsProgramme_ID:432;ZZUnitStandard:ZZUnitStandard_id:462
*,8100,Y,Core,ZZSkillsProgramme:ZZSkillsProgramme_ID:432;ZZUnitStandard:ZZUnitStandard_id:3540
*,8101,Y,Core,ZZSkillsProgramme:ZZSkillsProgramme_ID:432;ZZUnitStandard:ZZUnitStandard_id:120
*,8102,N,Core,ZZSkillsProgramme:ZZSkillsProgramme_ID:433;ZZUnitStandard:ZZUnitStandard_id:3939
*,8103,N,Fundamental,ZZSkillsProgramme:ZZSkillsProgramme_ID:433;ZZUnitStandard:ZZUnitStandard_id:1131
*,8104,Y,Core,ZZSkillsProgramme:ZZSkillsProgramme_ID:434;ZZUnitStandard:ZZUnitStandard_id:3939
*,8105,Y,Core,ZZSkillsProgramme:ZZSkillsProgramme_ID:433;ZZUnitStandard:ZZUnitStandard_id:3939
*,8106,Y,Core,ZZSkillsProgramme:ZZSkillsProgramme_ID:435;ZZUnitStandard:ZZUnitStandard_id:2913
*,8107,Y,Core,ZZSkillsProgramme:ZZSkillsProgramme_ID:436;ZZUnitStandard:ZZUnitStandard_id:2273
*,8108,Y,Elective,ZZSkillsProgramme:ZZSkillsProgramme_ID:435;ZZUnitStandard:ZZUnitStandard_id:2863
*,8109,Y,Elective,ZZSkillsProgramme:ZZSkillsProgramme_ID:436;ZZUnitStandard:ZZUnitStandard_id:2863
*,8110,Y,Elective,ZZSkillsProgramme:ZZSkillsProgramme_ID:436;ZZUnitStandard:ZZUnitStandard_id:1466
*,8111,Y,Elective,ZZSkillsProgramme:ZZSkillsProgramme_ID:435;ZZUnitStandard:ZZUnitStandard_id:1466
*,8112,Y,Elective,ZZSkillsProgramme:ZZSkillsProgramme_ID:436;ZZUnitStandard:ZZUnitStandard_id:2857
*,8113,Y,Elective,ZZSkillsProgramme:ZZSkillsProgramme_ID:435;ZZUnitStandard:ZZUnitStandard_id:2857
*,8114,Y,Elective,ZZSkillsProgramme:ZZSkillsProgramme_ID:436;ZZUnitStandard:ZZUnitStandard_id:3009
*,8115,Y,Elective,ZZSkillsProgramme:ZZSkillsProgramme_ID:435;ZZUnitStandard:ZZUnitStandard_id:3009
*,8116,Y,Elective,ZZSkillsProgramme:ZZSkillsProgramme_ID:436;ZZUnitStandard:ZZUnitStandard_id:2856
*,8117,Y,Core,ZZSkillsProgramme:ZZSkillsProgramme_ID:2;ZZUnitStandard:ZZUnitStandard_id:3980
*,8118,Y,Elective,ZZSkillsProgramme:ZZSkillsProgramme_ID:5;ZZUnitStandard:ZZUnitStandard_id:3969
*,8119,Y,Core,ZZSkillsProgramme:ZZSkillsProgramme_ID:6;ZZUnitStandard:ZZUnitStandard_id:3976
*,8120,Y,Elective,ZZSkillsProgramme:ZZSkillsProgramme_ID:6;ZZUnitStandard:ZZUnitStandard_id:3977
*,8121,Y,Core,ZZSkillsProgramme:ZZSkillsProgramme_ID:6;ZZUnitStandard:ZZUnitStandard_id:3978
*,8122,Y,Core,ZZSkillsProgramme:ZZSkillsProgramme_ID:6;ZZUnitStandard:ZZUnitStandard_id:3979
*,8123,Y,Core,ZZSkillsProgramme:ZZSkillsProgramme_ID:10;ZZUnitStandard:ZZUnitStandard_id:3932
*,8124,Y,Core,ZZSkillsProgramme:ZZSkillsProgramme_ID:14;ZZUnitStandard:ZZUnitStandard_id:3964
*,8125,Y,Core,ZZSkillsProgramme:ZZSkillsProgramme_ID:15;ZZUnitStandard:ZZUnitStandard_id:3964
*,8126,Y,Core,ZZSkillsProgramme:ZZSkillsProgramme_ID:16;ZZUnitStandard:ZZUnitStandard_id:3964
*,8127,Y,Elective,ZZSkillsProgramme:ZZSkillsProgramme_ID:20;ZZUnitStandard:ZZUnitStandard_id:3932
*,8128,Y,Core,ZZSkillsProgramme:ZZSkillsProgramme_ID:22;ZZUnitStandard:ZZUnitStandard_id:3932
*,8129,Y,Elective,ZZSkillsProgramme:ZZSkillsProgramme_ID:40;ZZUnitStandard:ZZUnitStandard_id:4062
*,8130,Y,Elective,ZZSkillsProgramme:ZZSkillsProgramme_ID:44;ZZUnitStandard:ZZUnitStandard_id:3967
*,8131,Y,Core,ZZSkillsProgramme:ZZSkillsProgramme_ID:57;ZZUnitStandard:ZZUnitStandard_id:3969
*,8132,Y,Core,ZZSkillsProgramme:ZZSkillsProgramme_ID:58;ZZUnitStandard:ZZUnitStandard_id:3964
*,8133,Y,Core,ZZSkillsProgramme:ZZSkillsProgramme_ID:59;ZZUnitStandard:ZZUnitStandard_id:3964
*,8134,Y,Elective,ZZSkillsProgramme:ZZSkillsProgramme_ID:60;ZZUnitStandard:ZZUnitStandard_id:3967
*,8135,Y,Elective,ZZSkillsProgramme:ZZSkillsProgramme_ID:60;ZZUnitStandard:ZZUnitStandard_id:4064
*,8136,Y,Core,ZZSkillsProgramme:ZZSkillsProgramme_ID:82;ZZUnitStandard:ZZUnitStandard_id:3932
*,8137,Y,Core,ZZSkillsProgramme:ZZSkillsProgramme_ID:84;ZZUnitStandard:ZZUnitStandard_id:4064
*,8138,Y,Core,ZZSkillsProgramme:ZZSkillsProgramme_ID:85;ZZUnitStandard:ZZUnitStandard_id:3957
*,8139,Y,Core,ZZSkillsProgramme:ZZSkillsProgramme_ID:86;ZZUnitStandard:ZZUnitStandard_id:4064
*,8140,Y,Core,ZZSkillsProgramme:ZZSkillsProgramme_ID:89;ZZUnitStandard:ZZUnitStandard_id:3987
*,8141,Y,Core,ZZSkillsProgramme:ZZSkillsProgramme_ID:89;ZZUnitStandard:ZZUnitStandard_id:4100
*,8142,Y,Core,ZZSkillsProgramme:ZZSkillsProgramme_ID:109;ZZUnitStandard:ZZUnitStandard_id:3964
*,8143,Y,Core,ZZSkillsProgramme:ZZSkillsProgramme_ID:112;ZZUnitStandard:ZZUnitStandard_id:3932
*,8144,Y,Core,ZZSkillsProgramme:ZZSkillsProgramme_ID:114;ZZUnitStandard:ZZUnitStandard_id:3964
*,8145,Y,Core,ZZSkillsProgramme:ZZSkillsProgramme_ID:115;ZZUnitStandard:ZZUnitStandard_id:3964
*,8146,Y,Core,ZZSkillsProgramme:ZZSkillsProgramme_ID:119;ZZUnitStandard:ZZUnitStandard_id:3964
*,8147,Y,Core,ZZSkillsProgramme:ZZSkillsProgramme_ID:120;ZZUnitStandard:ZZUnitStandard_id:3964
*,8148,Y,Elective,ZZSkillsProgramme:ZZSkillsProgramme_ID:140;ZZUnitStandard:ZZUnitStandard_id:4121
*,8149,Y,Elective,ZZSkillsProgramme:ZZSkillsProgramme_ID:161;ZZUnitStandard:ZZUnitStandard_id:3967
*,8150,Y,Elective,ZZSkillsProgramme:ZZSkillsProgramme_ID:164;ZZUnitStandard:ZZUnitStandard_id:4120
*,8151,Y,Elective,ZZSkillsProgramme:ZZSkillsProgramme_ID:166;ZZUnitStandard:ZZUnitStandard_id:3967
*,8152,Y,Core,ZZSkillsProgramme:ZZSkillsProgramme_ID:190;ZZUnitStandard:ZZUnitStandard_id:3932
*,8153,Y,Core,ZZSkillsProgramme:ZZSkillsProgramme_ID:190;ZZUnitStandard:ZZUnitStandard_id:3993
*,8154,Y,Core,ZZSkillsProgramme:ZZSkillsProgramme_ID:190;ZZUnitStandard:ZZUnitStandard_id:4032
*,8155,Y,Core,ZZSkillsProgramme:ZZSkillsProgramme_ID:191;ZZUnitStandard:ZZUnitStandard_id:3932
*,8156,Y,Core,ZZSkillsProgramme:ZZSkillsProgramme_ID:192;ZZUnitStandard:ZZUnitStandard_id:3932
*,8157,Y,Core,ZZSkillsProgramme:ZZSkillsProgramme_ID:192;ZZUnitStandard:ZZUnitStandard_id:4031
*,8158,Y,Core,ZZSkillsProgramme:ZZSkillsProgramme_ID:193;ZZUnitStandard:ZZUnitStandard_id:3932
*,8159,Y,Core,ZZSkillsProgramme:ZZSkillsProgramme_ID:193;ZZUnitStandard:ZZUnitStandard_id:3993
*,8160,Y,Core,ZZSkillsProgramme:ZZSkillsProgramme_ID:193;ZZUnitStandard:ZZUnitStandard_id:4044
*,8161,Y,Core,ZZSkillsProgramme:ZZSkillsProgramme_ID:194;ZZUnitStandard:ZZUnitStandard_id:3932
*,8162,Y,Core,ZZSkillsProgramme:ZZSkillsProgramme_ID:195;ZZUnitStandard:ZZUnitStandard_id:3932
*,8163,Y,Core,ZZSkillsProgramme:ZZSkillsProgramme_ID:197;ZZUnitStandard:ZZUnitStandard_id:3939
*,8164,Y,Core,ZZSkillsProgramme:ZZSkillsProgramme_ID:197;ZZUnitStandard:ZZUnitStandard_id:3940
*,8165,Y,Core,ZZSkillsProgramme:ZZSkillsProgramme_ID:197;ZZUnitStandard:ZZUnitStandard_id:3952
*,8166,Y,Core,ZZSkillsProgramme:ZZSkillsProgramme_ID:197;ZZUnitStandard:ZZUnitStandard_id:3970
*,8167,Y,Core,ZZSkillsProgramme:ZZSkillsProgramme_ID:197;ZZUnitStandard:ZZUnitStandard_id:3973
*,8168,Y,Core,ZZSkillsProgramme:ZZSkillsProgramme_ID:197;ZZUnitStandard:ZZUnitStandard_id:3974
*,8169,Y,Core,ZZSkillsProgramme:ZZSkillsProgramme_ID:197;ZZUnitStandard:ZZUnitStandard_id:3983
*,8170,Y,Core,ZZSkillsProgramme:ZZSkillsProgramme_ID:197;ZZUnitStandard:ZZUnitStandard_id:3984
*,8171,Y,Core,ZZSkillsProgramme:ZZSkillsProgramme_ID:199;ZZUnitStandard:ZZUnitStandard_id:3940
*,8172,Y,Core,ZZSkillsProgramme:ZZSkillsProgramme_ID:199;ZZUnitStandard:ZZUnitStandard_id:3970
*,8173,Y,Core,ZZSkillsProgramme:ZZSkillsProgramme_ID:199;ZZUnitStandard:ZZUnitStandard_id:3983
*,8174,Y,Core,ZZSkillsProgramme:ZZSkillsProgramme_ID:199;ZZUnitStandard:ZZUnitStandard_id:3984
*,8175,Y,Core,ZZSkillsProgramme:ZZSkillsProgramme_ID:228;ZZUnitStandard:ZZUnitStandard_id:4119
*,8176,Y,Core,ZZSkillsProgramme:ZZSkillsProgramme_ID:231;ZZUnitStandard:ZZUnitStandard_id:3932
*,8177,Y,Core,ZZSkillsProgramme:ZZSkillsProgramme_ID:231;ZZUnitStandard:ZZUnitStandard_id:4039
*,8178,Y,Core,ZZSkillsProgramme:ZZSkillsProgramme_ID:231;ZZUnitStandard:ZZUnitStandard_id:4044
*,8179,Y,Core,ZZSkillsProgramme:ZZSkillsProgramme_ID:232;ZZUnitStandard:ZZUnitStandard_id:3932
*,8180,Y,Core,ZZSkillsProgramme:ZZSkillsProgramme_ID:325;ZZUnitStandard:ZZUnitStandard_id:4123
*,8181,Y,Core,ZZSkillsProgramme:ZZSkillsProgramme_ID:325;ZZUnitStandard:ZZUnitStandard_id:4126
*,8182,Y,Core,ZZSkillsProgramme:ZZSkillsProgramme_ID:325;ZZUnitStandard:ZZUnitStandard_id:4127
*,8183,Y,Core,ZZSkillsProgramme:ZZSkillsProgramme_ID:325;ZZUnitStandard:ZZUnitStandard_id:4133
*,8184,Y,Core,ZZSkillsProgramme:ZZSkillsProgramme_ID:325;ZZUnitStandard:ZZUnitStandard_id:4135
*,8185,Y,Core,ZZSkillsProgramme:ZZSkillsProgramme_ID:325;ZZUnitStandard:ZZUnitStandard_id:4136
*,8186,Y,Elective,ZZSkillsProgramme:ZZSkillsProgramme_ID:325;ZZUnitStandard:ZZUnitStandard_id:4144
*,8187,Y,Core,ZZSkillsProgramme:ZZSkillsProgramme_ID:325;ZZUnitStandard:ZZUnitStandard_id:4159
*,8188,Y,Core,ZZSkillsProgramme:ZZSkillsProgramme_ID:325;ZZUnitStandard:ZZUnitStandard_id:4160
*,8189,Y,Core,ZZSkillsProgramme:ZZSkillsProgramme_ID:325;ZZUnitStandard:ZZUnitStandard_id:4161
*,8190,Y,Core,ZZSkillsProgramme:ZZSkillsProgramme_ID:325;ZZUnitStandard:ZZUnitStandard_id:4168
*,8191,Y,Core,ZZSkillsProgramme:ZZSkillsProgramme_ID:325;ZZUnitStandard:ZZUnitStandard_id:4179
*,8192,Y,Core,ZZSkillsProgramme:ZZSkillsProgramme_ID:325;ZZUnitStandard:ZZUnitStandard_id:4183
*,8193,Y,Elective,ZZSkillsProgramme:ZZSkillsProgramme_ID:325;ZZUnitStandard:ZZUnitStandard_id:4186
*,8194,Y,Core,ZZSkillsProgramme:ZZSkillsProgramme_ID:325;ZZUnitStandard:ZZUnitStandard_id:4195
*,8195,Y,Core,ZZSkillsProgramme:ZZSkillsProgramme_ID:325;ZZUnitStandard:ZZUnitStandard_id:4202
*,8196,Y,Core,ZZSkillsProgramme:ZZSkillsProgramme_ID:325;ZZUnitStandard:ZZUnitStandard_id:4203
*,8197,Y,Core,ZZSkillsProgramme:ZZSkillsProgramme_ID:325;ZZUnitStandard:ZZUnitStandard_id:4208
*,8198,Y,Core,ZZSkillsProgramme:ZZSkillsProgramme_ID:325;ZZUnitStandard:ZZUnitStandard_id:4209
*,8199,Y,Core,ZZSkillsProgramme:ZZSkillsProgramme_ID:325;ZZUnitStandard:ZZUnitStandard_id:4221
*,8200,Y,Core,ZZSkillsProgramme:ZZSkillsProgramme_ID:325;ZZUnitStandard:ZZUnitStandard_id:4222
*,8201,Y,Core,ZZSkillsProgramme:ZZSkillsProgramme_ID:325;ZZUnitStandard:ZZUnitStandard_id:4229
*,8202,Y,Core,ZZSkillsProgramme:ZZSkillsProgramme_ID:325;ZZUnitStandard:ZZUnitStandard_id:4236
*,8203,Y,Core,ZZSkillsProgramme:ZZSkillsProgramme_ID:325;ZZUnitStandard:ZZUnitStandard_id:4244
*,8204,Y,Core,ZZSkillsProgramme:ZZSkillsProgramme_ID:325;ZZUnitStandard:ZZUnitStandard_id:4249
*,8205,Y,Core,ZZSkillsProgramme:ZZSkillsProgramme_ID:325;ZZUnitStandard:ZZUnitStandard_id:4262
*,8206,Y,Core,ZZSkillsProgramme:ZZSkillsProgramme_ID:325;ZZUnitStandard:ZZUnitStandard_id:4265
*,8207,Y,Elective,ZZSkillsProgramme:ZZSkillsProgramme_ID:325;ZZUnitStandard:ZZUnitStandard_id:4268
*,8208,Y,Core,ZZSkillsProgramme:ZZSkillsProgramme_ID:325;ZZUnitStandard:ZZUnitStandard_id:4270
*,8209,Y,Core,ZZSkillsProgramme:ZZSkillsProgramme_ID:325;ZZUnitStandard:ZZUnitStandard_id:4286
*,8210,Y,Core,ZZSkillsProgramme:ZZSkillsProgramme_ID:325;ZZUnitStandard:ZZUnitStandard_id:4294
*,8211,Y,Core,ZZSkillsProgramme:ZZSkillsProgramme_ID:325;ZZUnitStandard:ZZUnitStandard_id:4295
*,8212,Y,Core,ZZSkillsProgramme:ZZSkillsProgramme_ID:325;ZZUnitStandard:ZZUnitStandard_id:4296
*,8213,Y,Core,ZZSkillsProgramme:ZZSkillsProgramme_ID:325;ZZUnitStandard:ZZUnitStandard_id:4297
*,8214,Y,Core,ZZSkillsProgramme:ZZSkillsProgramme_ID:325;ZZUnitStandard:ZZUnitStandard_id:4300
*,8215,Y,Core,ZZSkillsProgramme:ZZSkillsProgramme_ID:325;ZZUnitStandard:ZZUnitStandard_id:4354
*,8216,N,Core,ZZSkillsProgramme:ZZSkillsProgramme_ID:326;ZZUnitStandard:ZZUnitStandard_id:4126
*,8217,N,Core,ZZSkillsProgramme:ZZSkillsProgramme_ID:326;ZZUnitStandard:ZZUnitStandard_id:4127
*,8218,N,Core,ZZSkillsProgramme:ZZSkillsProgramme_ID:326;ZZUnitStandard:ZZUnitStandard_id:4133
*,8219,N,Core,ZZSkillsProgramme:ZZSkillsProgramme_ID:326;ZZUnitStandard:ZZUnitStandard_id:4135
*,8220,N,Core,ZZSkillsProgramme:ZZSkillsProgramme_ID:326;ZZUnitStandard:ZZUnitStandard_id:4136
*,8221,N,Core,ZZSkillsProgramme:ZZSkillsProgramme_ID:326;ZZUnitStandard:ZZUnitStandard_id:4158
*,8222,N,Core,ZZSkillsProgramme:ZZSkillsProgramme_ID:326;ZZUnitStandard:ZZUnitStandard_id:4159
*,8223,N,Core,ZZSkillsProgramme:ZZSkillsProgramme_ID:326;ZZUnitStandard:ZZUnitStandard_id:4160
*,8224,N,Core,ZZSkillsProgramme:ZZSkillsProgramme_ID:326;ZZUnitStandard:ZZUnitStandard_id:4161
*,8225,N,Core,ZZSkillsProgramme:ZZSkillsProgramme_ID:326;ZZUnitStandard:ZZUnitStandard_id:4179
*,8226,N,Core,ZZSkillsProgramme:ZZSkillsProgramme_ID:326;ZZUnitStandard:ZZUnitStandard_id:4183
*,8227,N,Core,ZZSkillsProgramme:ZZSkillsProgramme_ID:326;ZZUnitStandard:ZZUnitStandard_id:4202
*,8228,N,Core,ZZSkillsProgramme:ZZSkillsProgramme_ID:326;ZZUnitStandard:ZZUnitStandard_id:4203
*,8229,N,Core,ZZSkillsProgramme:ZZSkillsProgramme_ID:326;ZZUnitStandard:ZZUnitStandard_id:4208
*,8230,N,Core,ZZSkillsProgramme:ZZSkillsProgramme_ID:326;ZZUnitStandard:ZZUnitStandard_id:4209
*,8231,N,Core,ZZSkillsProgramme:ZZSkillsProgramme_ID:326;ZZUnitStandard:ZZUnitStandard_id:4212
*,8232,N,Core,ZZSkillsProgramme:ZZSkillsProgramme_ID:326;ZZUnitStandard:ZZUnitStandard_id:4221
*,8233,N,Elective,ZZSkillsProgramme:ZZSkillsProgramme_ID:326;ZZUnitStandard:ZZUnitStandard_id:4223
*,8234,N,Core,ZZSkillsProgramme:ZZSkillsProgramme_ID:326;ZZUnitStandard:ZZUnitStandard_id:4229
*,8235,N,Core,ZZSkillsProgramme:ZZSkillsProgramme_ID:326;ZZUnitStandard:ZZUnitStandard_id:4236
*,8236,N,Core,ZZSkillsProgramme:ZZSkillsProgramme_ID:326;ZZUnitStandard:ZZUnitStandard_id:4244
*,8237,N,Core,ZZSkillsProgramme:ZZSkillsProgramme_ID:326;ZZUnitStandard:ZZUnitStandard_id:4249
*,8238,N,Core,ZZSkillsProgramme:ZZSkillsProgramme_ID:326;ZZUnitStandard:ZZUnitStandard_id:4262
*,8239,N,Core,ZZSkillsProgramme:ZZSkillsProgramme_ID:326;ZZUnitStandard:ZZUnitStandard_id:4265
*,8240,N,Elective,ZZSkillsProgramme:ZZSkillsProgramme_ID:326;ZZUnitStandard:ZZUnitStandard_id:4269
*,8241,N,Core,ZZSkillsProgramme:ZZSkillsProgramme_ID:326;ZZUnitStandard:ZZUnitStandard_id:4286
*,8242,N,Core,ZZSkillsProgramme:ZZSkillsProgramme_ID:326;ZZUnitStandard:ZZUnitStandard_id:4294
*,8243,N,Core,ZZSkillsProgramme:ZZSkillsProgramme_ID:326;ZZUnitStandard:ZZUnitStandard_id:4295
*,8244,N,Core,ZZSkillsProgramme:ZZSkillsProgramme_ID:326;ZZUnitStandard:ZZUnitStandard_id:4296
*,8245,N,Core,ZZSkillsProgramme:ZZSkillsProgramme_ID:326;ZZUnitStandard:ZZUnitStandard_id:4297
*,8246,N,Core,ZZSkillsProgramme:ZZSkillsProgramme_ID:326;ZZUnitStandard:ZZUnitStandard_id:4300
*,8247,N,Core,ZZSkillsProgramme:ZZSkillsProgramme_ID:326;ZZUnitStandard:ZZUnitStandard_id:4354
*,8248,Y,Elective,ZZSkillsProgramme:ZZSkillsProgramme_ID:327;ZZUnitStandard:ZZUnitStandard_id:4143
*,8249,Y,Core,ZZSkillsProgramme:ZZSkillsProgramme_ID:327;ZZUnitStandard:ZZUnitStandard_id:4163
*,8250,Y,Core,ZZSkillsProgramme:ZZSkillsProgramme_ID:327;ZZUnitStandard:ZZUnitStandard_id:4170
*,8251,Y,Core,ZZSkillsProgramme:ZZSkillsProgramme_ID:327;ZZUnitStandard:ZZUnitStandard_id:4171
*,8252,Y,Core,ZZSkillsProgramme:ZZSkillsProgramme_ID:327;ZZUnitStandard:ZZUnitStandard_id:4172
*,8253,Y,Core,ZZSkillsProgramme:ZZSkillsProgramme_ID:327;ZZUnitStandard:ZZUnitStandard_id:4173
*,8254,Y,Core,ZZSkillsProgramme:ZZSkillsProgramme_ID:327;ZZUnitStandard:ZZUnitStandard_id:4177
*,8255,Y,Core,ZZSkillsProgramme:ZZSkillsProgramme_ID:327;ZZUnitStandard:ZZUnitStandard_id:4178
*,8256,Y,Core,ZZSkillsProgramme:ZZSkillsProgramme_ID:327;ZZUnitStandard:ZZUnitStandard_id:4180
*,8257,Y,Core,ZZSkillsProgramme:ZZSkillsProgramme_ID:327;ZZUnitStandard:ZZUnitStandard_id:4181
*,8258,Y,Elective,ZZSkillsProgramme:ZZSkillsProgramme_ID:327;ZZUnitStandard:ZZUnitStandard_id:4187
*,8259,Y,Elective,ZZSkillsProgramme:ZZSkillsProgramme_ID:327;ZZUnitStandard:ZZUnitStandard_id:4192
*,8260,Y,Elective,ZZSkillsProgramme:ZZSkillsProgramme_ID:327;ZZUnitStandard:ZZUnitStandard_id:4193
*,8261,Y,Core,ZZSkillsProgramme:ZZSkillsProgramme_ID:327;ZZUnitStandard:ZZUnitStandard_id:4197
*,8262,Y,Core,ZZSkillsProgramme:ZZSkillsProgramme_ID:327;ZZUnitStandard:ZZUnitStandard_id:4198
*,8263,Y,Core,ZZSkillsProgramme:ZZSkillsProgramme_ID:327;ZZUnitStandard:ZZUnitStandard_id:4199
*,8264,Y,Core,ZZSkillsProgramme:ZZSkillsProgramme_ID:327;ZZUnitStandard:ZZUnitStandard_id:4205
*,8265,Y,Elective,ZZSkillsProgramme:ZZSkillsProgramme_ID:327;ZZUnitStandard:ZZUnitStandard_id:4206
*,8266,Y,Elective,ZZSkillsProgramme:ZZSkillsProgramme_ID:327;ZZUnitStandard:ZZUnitStandard_id:4214
*,8267,Y,Elective,ZZSkillsProgramme:ZZSkillsProgramme_ID:327;ZZUnitStandard:ZZUnitStandard_id:4233
*,8268,Y,Elective,ZZSkillsProgramme:ZZSkillsProgramme_ID:327;ZZUnitStandard:ZZUnitStandard_id:4234
*,8269,Y,Core,ZZSkillsProgramme:ZZSkillsProgramme_ID:327;ZZUnitStandard:ZZUnitStandard_id:4237
*,8270,Y,Core,ZZSkillsProgramme:ZZSkillsProgramme_ID:327;ZZUnitStandard:ZZUnitStandard_id:4238
*,8271,Y,Core,ZZSkillsProgramme:ZZSkillsProgramme_ID:327;ZZUnitStandard:ZZUnitStandard_id:4239
*,8272,Y,Elective,ZZSkillsProgramme:ZZSkillsProgramme_ID:327;ZZUnitStandard:ZZUnitStandard_id:4245
*,8273,Y,Elective,ZZSkillsProgramme:ZZSkillsProgramme_ID:327;ZZUnitStandard:ZZUnitStandard_id:4247
*,8274,Y,Elective,ZZSkillsProgramme:ZZSkillsProgramme_ID:327;ZZUnitStandard:ZZUnitStandard_id:4251
*,8275,Y,Elective,ZZSkillsProgramme:ZZSkillsProgramme_ID:327;ZZUnitStandard:ZZUnitStandard_id:4253
*,8276,Y,Elective,ZZSkillsProgramme:ZZSkillsProgramme_ID:327;ZZUnitStandard:ZZUnitStandard_id:4254
*,8277,Y,Core,ZZSkillsProgramme:ZZSkillsProgramme_ID:327;ZZUnitStandard:ZZUnitStandard_id:4264
*,8278,Y,Core,ZZSkillsProgramme:ZZSkillsProgramme_ID:327;ZZUnitStandard:ZZUnitStandard_id:4286
*,8279,Y,Elective,ZZSkillsProgramme:ZZSkillsProgramme_ID:327;ZZUnitStandard:ZZUnitStandard_id:4289
*,8280,Y,Core,ZZSkillsProgramme:ZZSkillsProgramme_ID:327;ZZUnitStandard:ZZUnitStandard_id:4298
*,8281,Y,Core,ZZSkillsProgramme:ZZSkillsProgramme_ID:327;ZZUnitStandard:ZZUnitStandard_id:4308
*,8282,Y,Core,ZZSkillsProgramme:ZZSkillsProgramme_ID:327;ZZUnitStandard:ZZUnitStandard_id:4309
*,8283,Y,Core,ZZSkillsProgramme:ZZSkillsProgramme_ID:327;ZZUnitStandard:ZZUnitStandard_id:4312
*,8284,Y,Core,ZZSkillsProgramme:ZZSkillsProgramme_ID:327;ZZUnitStandard:ZZUnitStandard_id:4343
*,8285,Y,Core,ZZSkillsProgramme:ZZSkillsProgramme_ID:327;ZZUnitStandard:ZZUnitStandard_id:4354
*,8286,Y,Core,ZZSkillsProgramme:ZZSkillsProgramme_ID:328;ZZUnitStandard:ZZUnitStandard_id:4286
*,8287,Y,Core,ZZSkillsProgramme:ZZSkillsProgramme_ID:328;ZZUnitStandard:ZZUnitStandard_id:4345
*,8288,Y,Core,ZZSkillsProgramme:ZZSkillsProgramme_ID:328;ZZUnitStandard:ZZUnitStandard_id:4346
*,8289,Y,Core,ZZSkillsProgramme:ZZSkillsProgramme_ID:328;ZZUnitStandard:ZZUnitStandard_id:4347
*,8290,Y,Core,ZZSkillsProgramme:ZZSkillsProgramme_ID:328;ZZUnitStandard:ZZUnitStandard_id:4348
*,8291,Y,Core,ZZSkillsProgramme:ZZSkillsProgramme_ID:329;ZZUnitStandard:ZZUnitStandard_id:4124
*,8292,Y,Core,ZZSkillsProgramme:ZZSkillsProgramme_ID:329;ZZUnitStandard:ZZUnitStandard_id:4131
*,8293,Y,Elective,ZZSkillsProgramme:ZZSkillsProgramme_ID:329;ZZUnitStandard:ZZUnitStandard_id:4137
*,8294,Y,Elective,ZZSkillsProgramme:ZZSkillsProgramme_ID:329;ZZUnitStandard:ZZUnitStandard_id:4140
*,8295,Y,Elective,ZZSkillsProgramme:ZZSkillsProgramme_ID:329;ZZUnitStandard:ZZUnitStandard_id:4142
*,8296,Y,Core,ZZSkillsProgramme:ZZSkillsProgramme_ID:329;ZZUnitStandard:ZZUnitStandard_id:4147
*,8297,Y,Core,ZZSkillsProgramme:ZZSkillsProgramme_ID:329;ZZUnitStandard:ZZUnitStandard_id:4148
*,8298,Y,Core,ZZSkillsProgramme:ZZSkillsProgramme_ID:329;ZZUnitStandard:ZZUnitStandard_id:4153
*,8299,Y,Elective,ZZSkillsProgramme:ZZSkillsProgramme_ID:329;ZZUnitStandard:ZZUnitStandard_id:4154
*,8300,Y,Elective,ZZSkillsProgramme:ZZSkillsProgramme_ID:329;ZZUnitStandard:ZZUnitStandard_id:4155
*,8301,Y,Core,ZZSkillsProgramme:ZZSkillsProgramme_ID:329;ZZUnitStandard:ZZUnitStandard_id:4166
*,8302,Y,Elective,ZZSkillsProgramme:ZZSkillsProgramme_ID:329;ZZUnitStandard:ZZUnitStandard_id:4167
*,8303,Y,Core,ZZSkillsProgramme:ZZSkillsProgramme_ID:329;ZZUnitStandard:ZZUnitStandard_id:4176
*,8304,Y,Elective,ZZSkillsProgramme:ZZSkillsProgramme_ID:329;ZZUnitStandard:ZZUnitStandard_id:4189
*,8305,Y,Elective,ZZSkillsProgramme:ZZSkillsProgramme_ID:329;ZZUnitStandard:ZZUnitStandard_id:4190
*,8306,Y,Core,ZZSkillsProgramme:ZZSkillsProgramme_ID:329;ZZUnitStandard:ZZUnitStandard_id:4194
*,8307,Y,Elective,ZZSkillsProgramme:ZZSkillsProgramme_ID:329;ZZUnitStandard:ZZUnitStandard_id:4196
*,8308,Y,Core,ZZSkillsProgramme:ZZSkillsProgramme_ID:329;ZZUnitStandard:ZZUnitStandard_id:4201
*,8309,Y,Core,ZZSkillsProgramme:ZZSkillsProgramme_ID:329;ZZUnitStandard:ZZUnitStandard_id:4207
*,8310,Y,Core,ZZSkillsProgramme:ZZSkillsProgramme_ID:329;ZZUnitStandard:ZZUnitStandard_id:4212
*,8311,Y,Core,ZZSkillsProgramme:ZZSkillsProgramme_ID:329;ZZUnitStandard:ZZUnitStandard_id:4213
*,8312,Y,Elective,ZZSkillsProgramme:ZZSkillsProgramme_ID:329;ZZUnitStandard:ZZUnitStandard_id:4220
*,8313,Y,Core,ZZSkillsProgramme:ZZSkillsProgramme_ID:329;ZZUnitStandard:ZZUnitStandard_id:4225
*,8314,Y,Elective,ZZSkillsProgramme:ZZSkillsProgramme_ID:329;ZZUnitStandard:ZZUnitStandard_id:4230
*,8315,Y,Core,ZZSkillsProgramme:ZZSkillsProgramme_ID:329;ZZUnitStandard:ZZUnitStandard_id:4242
*,8316,Y,Core,ZZSkillsProgramme:ZZSkillsProgramme_ID:329;ZZUnitStandard:ZZUnitStandard_id:4243
*,8317,Y,Core,ZZSkillsProgramme:ZZSkillsProgramme_ID:329;ZZUnitStandard:ZZUnitStandard_id:4255
*,8318,Y,Elective,ZZSkillsProgramme:ZZSkillsProgramme_ID:329;ZZUnitStandard:ZZUnitStandard_id:4258
*,8319,Y,Elective,ZZSkillsProgramme:ZZSkillsProgramme_ID:329;ZZUnitStandard:ZZUnitStandard_id:4259
*,8320,Y,Core,ZZSkillsProgramme:ZZSkillsProgramme_ID:329;ZZUnitStandard:ZZUnitStandard_id:4261
*,8321,Y,Elective,ZZSkillsProgramme:ZZSkillsProgramme_ID:329;ZZUnitStandard:ZZUnitStandard_id:4264
*,8322,Y,Elective,ZZSkillsProgramme:ZZSkillsProgramme_ID:329;ZZUnitStandard:ZZUnitStandard_id:4266
*,8323,Y,Core,ZZSkillsProgramme:ZZSkillsProgramme_ID:329;ZZUnitStandard:ZZUnitStandard_id:4272
*,8324,Y,Elective,ZZSkillsProgramme:ZZSkillsProgramme_ID:329;ZZUnitStandard:ZZUnitStandard_id:4274
*,8325,Y,Core,ZZSkillsProgramme:ZZSkillsProgramme_ID:329;ZZUnitStandard:ZZUnitStandard_id:4276
*,8326,Y,Elective,ZZSkillsProgramme:ZZSkillsProgramme_ID:329;ZZUnitStandard:ZZUnitStandard_id:4277
*,8327,Y,Elective,ZZSkillsProgramme:ZZSkillsProgramme_ID:329;ZZUnitStandard:ZZUnitStandard_id:4284
*,8328,Y,Core,ZZSkillsProgramme:ZZSkillsProgramme_ID:329;ZZUnitStandard:ZZUnitStandard_id:4286
*,8329,Y,Core,ZZSkillsProgramme:ZZSkillsProgramme_ID:329;ZZUnitStandard:ZZUnitStandard_id:4290
*,8330,Y,Core,ZZSkillsProgramme:ZZSkillsProgramme_ID:329;ZZUnitStandard:ZZUnitStandard_id:4291
*,8331,Y,Core,ZZSkillsProgramme:ZZSkillsProgramme_ID:329;ZZUnitStandard:ZZUnitStandard_id:4292
*,8332,Y,Core,ZZSkillsProgramme:ZZSkillsProgramme_ID:329;ZZUnitStandard:ZZUnitStandard_id:4293
*,8333,Y,Elective,ZZSkillsProgramme:ZZSkillsProgramme_ID:329;ZZUnitStandard:ZZUnitStandard_id:4340
*,8334,Y,Core,ZZSkillsProgramme:ZZSkillsProgramme_ID:329;ZZUnitStandard:ZZUnitStandard_id:4341
*,8335,Y,Elective,ZZSkillsProgramme:ZZSkillsProgramme_ID:329;ZZUnitStandard:ZZUnitStandard_id:4353
*,8336,Y,Core,ZZSkillsProgramme:ZZSkillsProgramme_ID:329;ZZUnitStandard:ZZUnitStandard_id:4354
*,8337,Y,Elective,ZZSkillsProgramme:ZZSkillsProgramme_ID:329;ZZUnitStandard:ZZUnitStandard_id:4371
*,8338,Y,Elective,ZZSkillsProgramme:ZZSkillsProgramme_ID:329;ZZUnitStandard:ZZUnitStandard_id:4372
*,8339,Y,Elective,ZZSkillsProgramme:ZZSkillsProgramme_ID:329;ZZUnitStandard:ZZUnitStandard_id:4373
*,8340,Y,Elective,ZZSkillsProgramme:ZZSkillsProgramme_ID:329;ZZUnitStandard:ZZUnitStandard_id:4374
*,8341,Y,Elective,ZZSkillsProgramme:ZZSkillsProgramme_ID:329;ZZUnitStandard:ZZUnitStandard_id:4375
*,8342,Y,Elective,ZZSkillsProgramme:ZZSkillsProgramme_ID:329;ZZUnitStandard:ZZUnitStandard_id:4376
*,8343,Y,Elective,ZZSkillsProgramme:ZZSkillsProgramme_ID:329;ZZUnitStandard:ZZUnitStandard_id:4377
*,8344,Y,Elective,ZZSkillsProgramme:ZZSkillsProgramme_ID:329;ZZUnitStandard:ZZUnitStandard_id:4378
*,8345,Y,Elective,ZZSkillsProgramme:ZZSkillsProgramme_ID:329;ZZUnitStandard:ZZUnitStandard_id:4379
*,8346,Y,Elective,ZZSkillsProgramme:ZZSkillsProgramme_ID:329;ZZUnitStandard:ZZUnitStandard_id:4380
*,8347,Y,Elective,ZZSkillsProgramme:ZZSkillsProgramme_ID:329;ZZUnitStandard:ZZUnitStandard_id:4381
*,8348,Y,Elective,ZZSkillsProgramme:ZZSkillsProgramme_ID:329;ZZUnitStandard:ZZUnitStandard_id:4382
*,8349,Y,Elective,ZZSkillsProgramme:ZZSkillsProgramme_ID:329;ZZUnitStandard:ZZUnitStandard_id:4383
*,8350,Y,Elective,ZZSkillsProgramme:ZZSkillsProgramme_ID:329;ZZUnitStandard:ZZUnitStandard_id:4384
*,8351,Y,Elective,ZZSkillsProgramme:ZZSkillsProgramme_ID:329;ZZUnitStandard:ZZUnitStandard_id:4385
*,8352,Y,Elective,ZZSkillsProgramme:ZZSkillsProgramme_ID:329;ZZUnitStandard:ZZUnitStandard_id:4386
*,8353,Y,Elective,ZZSkillsProgramme:ZZSkillsProgramme_ID:329;ZZUnitStandard:ZZUnitStandard_id:4387
*,8354,Y,Elective,ZZSkillsProgramme:ZZSkillsProgramme_ID:329;ZZUnitStandard:ZZUnitStandard_id:4388
*,8355,Y,Elective,ZZSkillsProgramme:ZZSkillsProgramme_ID:329;ZZUnitStandard:ZZUnitStandard_id:4389
*,8356,Y,Elective,ZZSkillsProgramme:ZZSkillsProgramme_ID:329;ZZUnitStandard:ZZUnitStandard_id:4390
*,8357,Y,Elective,ZZSkillsProgramme:ZZSkillsProgramme_ID:329;ZZUnitStandard:ZZUnitStandard_id:4391
*,8358,Y,Elective,ZZSkillsProgramme:ZZSkillsProgramme_ID:329;ZZUnitStandard:ZZUnitStandard_id:4392
*,8359,Y,Elective,ZZSkillsProgramme:ZZSkillsProgramme_ID:329;ZZUnitStandard:ZZUnitStandard_id:4393
*,8360,Y,Elective,ZZSkillsProgramme:ZZSkillsProgramme_ID:329;ZZUnitStandard:ZZUnitStandard_id:4394
*,8361,Y,Elective,ZZSkillsProgramme:ZZSkillsProgramme_ID:329;ZZUnitStandard:ZZUnitStandard_id:4395
*,8362,Y,Core,ZZSkillsProgramme:ZZSkillsProgramme_ID:330;ZZUnitStandard:ZZUnitStandard_id:4125
*,8363,Y,Core,ZZSkillsProgramme:ZZSkillsProgramme_ID:330;ZZUnitStandard:ZZUnitStandard_id:4183
*,8364,Y,Core,ZZSkillsProgramme:ZZSkillsProgramme_ID:330;ZZUnitStandard:ZZUnitStandard_id:4203
*,8365,Y,Core,ZZSkillsProgramme:ZZSkillsProgramme_ID:330;ZZUnitStandard:ZZUnitStandard_id:4226
*,8366,Y,Core,ZZSkillsProgramme:ZZSkillsProgramme_ID:330;ZZUnitStandard:ZZUnitStandard_id:4228
*,8367,Y,Core,ZZSkillsProgramme:ZZSkillsProgramme_ID:330;ZZUnitStandard:ZZUnitStandard_id:4240
*,8368,Y,Core,ZZSkillsProgramme:ZZSkillsProgramme_ID:330;ZZUnitStandard:ZZUnitStandard_id:4256
*,8369,Y,Core,ZZSkillsProgramme:ZZSkillsProgramme_ID:330;ZZUnitStandard:ZZUnitStandard_id:4286
*,8370,Y,Core,ZZSkillsProgramme:ZZSkillsProgramme_ID:330;ZZUnitStandard:ZZUnitStandard_id:4351
*,8371,Y,Core,ZZSkillsProgramme:ZZSkillsProgramme_ID:330;ZZUnitStandard:ZZUnitStandard_id:4352
*,8372,Y,Core,ZZSkillsProgramme:ZZSkillsProgramme_ID:330;ZZUnitStandard:ZZUnitStandard_id:4354
*,8373,Y,Core,ZZSkillsProgramme:ZZSkillsProgramme_ID:364;ZZUnitStandard:ZZUnitStandard_id:4126
*,8374,Y,Core,ZZSkillsProgramme:ZZSkillsProgramme_ID:364;ZZUnitStandard:ZZUnitStandard_id:4127
*,8375,Y,Core,ZZSkillsProgramme:ZZSkillsProgramme_ID:364;ZZUnitStandard:ZZUnitStandard_id:4133
*,8376,Y,Core,ZZSkillsProgramme:ZZSkillsProgramme_ID:364;ZZUnitStandard:ZZUnitStandard_id:4135
*,8377,Y,Core,ZZSkillsProgramme:ZZSkillsProgramme_ID:364;ZZUnitStandard:ZZUnitStandard_id:4136
*,8378,Y,Elective,ZZSkillsProgramme:ZZSkillsProgramme_ID:364;ZZUnitStandard:ZZUnitStandard_id:4144
*,8379,Y,Core,ZZSkillsProgramme:ZZSkillsProgramme_ID:364;ZZUnitStandard:ZZUnitStandard_id:4159
*,8380,Y,Core,ZZSkillsProgramme:ZZSkillsProgramme_ID:364;ZZUnitStandard:ZZUnitStandard_id:4160
*,8381,Y,Core,ZZSkillsProgramme:ZZSkillsProgramme_ID:364;ZZUnitStandard:ZZUnitStandard_id:4161
*,8382,Y,Core,ZZSkillsProgramme:ZZSkillsProgramme_ID:364;ZZUnitStandard:ZZUnitStandard_id:4168
*,8383,Y,Core,ZZSkillsProgramme:ZZSkillsProgramme_ID:364;ZZUnitStandard:ZZUnitStandard_id:4179
*,8384,Y,Core,ZZSkillsProgramme:ZZSkillsProgramme_ID:364;ZZUnitStandard:ZZUnitStandard_id:4183
*,8385,Y,Elective,ZZSkillsProgramme:ZZSkillsProgramme_ID:364;ZZUnitStandard:ZZUnitStandard_id:4186
*,8386,Y,Core,ZZSkillsProgramme:ZZSkillsProgramme_ID:364;ZZUnitStandard:ZZUnitStandard_id:4195
*,8387,Y,Core,ZZSkillsProgramme:ZZSkillsProgramme_ID:364;ZZUnitStandard:ZZUnitStandard_id:4202
*,8388,Y,Core,ZZSkillsProgramme:ZZSkillsProgramme_ID:364;ZZUnitStandard:ZZUnitStandard_id:4203
*,8389,Y,Core,ZZSkillsProgramme:ZZSkillsProgramme_ID:364;ZZUnitStandard:ZZUnitStandard_id:4208
*,8390,Y,Core,ZZSkillsProgramme:ZZSkillsProgramme_ID:364;ZZUnitStandard:ZZUnitStandard_id:4209
*,8391,Y,Core,ZZSkillsProgramme:ZZSkillsProgramme_ID:364;ZZUnitStandard:ZZUnitStandard_id:4221
*,8392,Y,Core,ZZSkillsProgramme:ZZSkillsProgramme_ID:364;ZZUnitStandard:ZZUnitStandard_id:4222
*,8393,Y,Core,ZZSkillsProgramme:ZZSkillsProgramme_ID:364;ZZUnitStandard:ZZUnitStandard_id:4229
*,8394,Y,Core,ZZSkillsProgramme:ZZSkillsProgramme_ID:364;ZZUnitStandard:ZZUnitStandard_id:4236
*,8395,Y,Core,ZZSkillsProgramme:ZZSkillsProgramme_ID:364;ZZUnitStandard:ZZUnitStandard_id:4244
*,8396,Y,Core,ZZSkillsProgramme:ZZSkillsProgramme_ID:364;ZZUnitStandard:ZZUnitStandard_id:4249
*,8397,Y,Core,ZZSkillsProgramme:ZZSkillsProgramme_ID:364;ZZUnitStandard:ZZUnitStandard_id:4262
*,8398,Y,Core,ZZSkillsProgramme:ZZSkillsProgramme_ID:364;ZZUnitStandard:ZZUnitStandard_id:4265
*,8399,Y,Elective,ZZSkillsProgramme:ZZSkillsProgramme_ID:364;ZZUnitStandard:ZZUnitStandard_id:4268
*,8400,Y,Core,ZZSkillsProgramme:ZZSkillsProgramme_ID:364;ZZUnitStandard:ZZUnitStandard_id:4270
*,8401,Y,Core,ZZSkillsProgramme:ZZSkillsProgramme_ID:364;ZZUnitStandard:ZZUnitStandard_id:4286
*,8402,Y,Core,ZZSkillsProgramme:ZZSkillsProgramme_ID:364;ZZUnitStandard:ZZUnitStandard_id:4294
*,8403,Y,Core,ZZSkillsProgramme:ZZSkillsProgramme_ID:364;ZZUnitStandard:ZZUnitStandard_id:4295
*,8404,Y,Core,ZZSkillsProgramme:ZZSkillsProgramme_ID:364;ZZUnitStandard:ZZUnitStandard_id:4296
*,8405,Y,Core,ZZSkillsProgramme:ZZSkillsProgramme_ID:364;ZZUnitStandard:ZZUnitStandard_id:4297
*,8406,Y,Core,ZZSkillsProgramme:ZZSkillsProgramme_ID:364;ZZUnitStandard:ZZUnitStandard_id:4300
*,8407,Y,Core,ZZSkillsProgramme:ZZSkillsProgramme_ID:364;ZZUnitStandard:ZZUnitStandard_id:4354
*,8408,Y,Core,ZZSkillsProgramme:ZZSkillsProgramme_ID:364;ZZUnitStandard:ZZUnitStandard_id:4359
*,8409,Y,Core,ZZSkillsProgramme:ZZSkillsProgramme_ID:376;ZZUnitStandard:ZZUnitStandard_id:4125
*,8410,Y,Core,ZZSkillsProgramme:ZZSkillsProgramme_ID:376;ZZUnitStandard:ZZUnitStandard_id:4134
*,8411,Y,Core,ZZSkillsProgramme:ZZSkillsProgramme_ID:376;ZZUnitStandard:ZZUnitStandard_id:4179
*,8412,Y,Core,ZZSkillsProgramme:ZZSkillsProgramme_ID:376;ZZUnitStandard:ZZUnitStandard_id:4183
*,8413,Y,Core,ZZSkillsProgramme:ZZSkillsProgramme_ID:376;ZZUnitStandard:ZZUnitStandard_id:4203
*,8414,Y,Core,ZZSkillsProgramme:ZZSkillsProgramme_ID:376;ZZUnitStandard:ZZUnitStandard_id:4208
*,8415,Y,Core,ZZSkillsProgramme:ZZSkillsProgramme_ID:376;ZZUnitStandard:ZZUnitStandard_id:4225
*,8416,Y,Core,ZZSkillsProgramme:ZZSkillsProgramme_ID:376;ZZUnitStandard:ZZUnitStandard_id:4226
*,8417,Y,Core,ZZSkillsProgramme:ZZSkillsProgramme_ID:376;ZZUnitStandard:ZZUnitStandard_id:4229
*,8418,Y,Core,ZZSkillsProgramme:ZZSkillsProgramme_ID:376;ZZUnitStandard:ZZUnitStandard_id:4240
*,8419,Y,Core,ZZSkillsProgramme:ZZSkillsProgramme_ID:376;ZZUnitStandard:ZZUnitStandard_id:4256
*,8420,Y,Core,ZZSkillsProgramme:ZZSkillsProgramme_ID:376;ZZUnitStandard:ZZUnitStandard_id:4286
*,8421,Y,Core,ZZSkillsProgramme:ZZSkillsProgramme_ID:376;ZZUnitStandard:ZZUnitStandard_id:4350
*,8422,Y,Core,ZZSkillsProgramme:ZZSkillsProgramme_ID:376;ZZUnitStandard:ZZUnitStandard_id:4351
*,8423,Y,Core,ZZSkillsProgramme:ZZSkillsProgramme_ID:376;ZZUnitStandard:ZZUnitStandard_id:4352
*,8424,Y,Elective,ZZSkillsProgramme:ZZSkillsProgramme_ID:390;ZZUnitStandard:ZZUnitStandard_id:4143
*,8425,Y,Core,ZZSkillsProgramme:ZZSkillsProgramme_ID:390;ZZUnitStandard:ZZUnitStandard_id:4163
*,8426,Y,Core,ZZSkillsProgramme:ZZSkillsProgramme_ID:390;ZZUnitStandard:ZZUnitStandard_id:4170
*,8427,Y,Core,ZZSkillsProgramme:ZZSkillsProgramme_ID:390;ZZUnitStandard:ZZUnitStandard_id:4171
*,8428,Y,Core,ZZSkillsProgramme:ZZSkillsProgramme_ID:390;ZZUnitStandard:ZZUnitStandard_id:4172
*,8429,Y,Core,ZZSkillsProgramme:ZZSkillsProgramme_ID:390;ZZUnitStandard:ZZUnitStandard_id:4173
*,8430,Y,Core,ZZSkillsProgramme:ZZSkillsProgramme_ID:390;ZZUnitStandard:ZZUnitStandard_id:4177
*,8431,Y,Core,ZZSkillsProgramme:ZZSkillsProgramme_ID:390;ZZUnitStandard:ZZUnitStandard_id:4178
*,8432,Y,Core,ZZSkillsProgramme:ZZSkillsProgramme_ID:390;ZZUnitStandard:ZZUnitStandard_id:4180
*,8433,Y,Core,ZZSkillsProgramme:ZZSkillsProgramme_ID:390;ZZUnitStandard:ZZUnitStandard_id:4181
*,8434,Y,Core,ZZSkillsProgramme:ZZSkillsProgramme_ID:390;ZZUnitStandard:ZZUnitStandard_id:4182
*,8435,Y,Elective,ZZSkillsProgramme:ZZSkillsProgramme_ID:390;ZZUnitStandard:ZZUnitStandard_id:4187
*,8436,Y,Elective,ZZSkillsProgramme:ZZSkillsProgramme_ID:390;ZZUnitStandard:ZZUnitStandard_id:4192
*,8437,Y,Elective,ZZSkillsProgramme:ZZSkillsProgramme_ID:390;ZZUnitStandard:ZZUnitStandard_id:4193
*,8438,Y,Core,ZZSkillsProgramme:ZZSkillsProgramme_ID:390;ZZUnitStandard:ZZUnitStandard_id:4197
*,8439,Y,Core,ZZSkillsProgramme:ZZSkillsProgramme_ID:390;ZZUnitStandard:ZZUnitStandard_id:4198
*,8440,Y,Core,ZZSkillsProgramme:ZZSkillsProgramme_ID:390;ZZUnitStandard:ZZUnitStandard_id:4199
*,8441,Y,Core,ZZSkillsProgramme:ZZSkillsProgramme_ID:390;ZZUnitStandard:ZZUnitStandard_id:4205
*,8442,Y,Elective,ZZSkillsProgramme:ZZSkillsProgramme_ID:390;ZZUnitStandard:ZZUnitStandard_id:4206
*,8443,Y,Elective,ZZSkillsProgramme:ZZSkillsProgramme_ID:390;ZZUnitStandard:ZZUnitStandard_id:4214
*,8444,Y,Elective,ZZSkillsProgramme:ZZSkillsProgramme_ID:390;ZZUnitStandard:ZZUnitStandard_id:4233
*,8445,Y,Elective,ZZSkillsProgramme:ZZSkillsProgramme_ID:390;ZZUnitStandard:ZZUnitStandard_id:4234
*,8446,Y,Core,ZZSkillsProgramme:ZZSkillsProgramme_ID:390;ZZUnitStandard:ZZUnitStandard_id:4237
*,8447,Y,Core,ZZSkillsProgramme:ZZSkillsProgramme_ID:390;ZZUnitStandard:ZZUnitStandard_id:4238
*,8448,Y,Core,ZZSkillsProgramme:ZZSkillsProgramme_ID:390;ZZUnitStandard:ZZUnitStandard_id:4239
*,8449,Y,Elective,ZZSkillsProgramme:ZZSkillsProgramme_ID:390;ZZUnitStandard:ZZUnitStandard_id:4245
*,8450,Y,Elective,ZZSkillsProgramme:ZZSkillsProgramme_ID:390;ZZUnitStandard:ZZUnitStandard_id:4247
*,8451,Y,Elective,ZZSkillsProgramme:ZZSkillsProgramme_ID:390;ZZUnitStandard:ZZUnitStandard_id:4251
*,8452,Y,Elective,ZZSkillsProgramme:ZZSkillsProgramme_ID:390;ZZUnitStandard:ZZUnitStandard_id:4253
*,8453,Y,Elective,ZZSkillsProgramme:ZZSkillsProgramme_ID:390;ZZUnitStandard:ZZUnitStandard_id:4254
*,8454,Y,Core,ZZSkillsProgramme:ZZSkillsProgramme_ID:390;ZZUnitStandard:ZZUnitStandard_id:4264
*,8455,Y,Core,ZZSkillsProgramme:ZZSkillsProgramme_ID:390;ZZUnitStandard:ZZUnitStandard_id:4286
*,8456,Y,Elective,ZZSkillsProgramme:ZZSkillsProgramme_ID:390;ZZUnitStandard:ZZUnitStandard_id:4289
*,8457,Y,Core,ZZSkillsProgramme:ZZSkillsProgramme_ID:390;ZZUnitStandard:ZZUnitStandard_id:4298
*,8458,Y,Core,ZZSkillsProgramme:ZZSkillsProgramme_ID:390;ZZUnitStandard:ZZUnitStandard_id:4308
*,8459,Y,Core,ZZSkillsProgramme:ZZSkillsProgramme_ID:390;ZZUnitStandard:ZZUnitStandard_id:4309
*,8460,Y,Core,ZZSkillsProgramme:ZZSkillsProgramme_ID:390;ZZUnitStandard:ZZUnitStandard_id:4312
*,8461,Y,Core,ZZSkillsProgramme:ZZSkillsProgramme_ID:390;ZZUnitStandard:ZZUnitStandard_id:4343
*,8462,Y,Core,ZZSkillsProgramme:ZZSkillsProgramme_ID:390;ZZUnitStandard:ZZUnitStandard_id:4354
*,8463,Y,Elective,ZZSkillsProgramme:ZZSkillsProgramme_ID:390;ZZUnitStandard:ZZUnitStandard_id:4396
*,8464,Y,Elective,ZZSkillsProgramme:ZZSkillsProgramme_ID:390;ZZUnitStandard:ZZUnitStandard_id:4397
*,8465,Y,Elective,ZZSkillsProgramme:ZZSkillsProgramme_ID:364;ZZUnitStandard:ZZUnitStandard_id:4409
*,8466,Y,Elective,ZZSkillsProgramme:ZZSkillsProgramme_ID:364;ZZUnitStandard:ZZUnitStandard_id:4408
*,8467,Y,Elective,ZZSkillsProgramme:ZZSkillsProgramme_ID:364;ZZUnitStandard:ZZUnitStandard_id:4407
*,8468,Y,Elective,ZZSkillsProgramme:ZZSkillsProgramme_ID:364;ZZUnitStandard:ZZUnitStandard_id:4406
*,8469,Y,Elective,ZZSkillsProgramme:ZZSkillsProgramme_ID:364;ZZUnitStandard:ZZUnitStandard_id:4405
*,8470,Y,Elective,ZZSkillsProgramme:ZZSkillsProgramme_ID:364;ZZUnitStandard:ZZUnitStandard_id:4404
*,8471,Y,Elective,ZZSkillsProgramme:ZZSkillsProgramme_ID:364;ZZUnitStandard:ZZUnitStandard_id:4403
*,8472,Y,Elective,ZZSkillsProgramme:ZZSkillsProgramme_ID:364;ZZUnitStandard:ZZUnitStandard_id:4402
*,8473,Y,Core,ZZSkillsProgramme:ZZSkillsProgramme_ID:364;ZZUnitStandard:ZZUnitStandard_id:4401
*,8474,Y,Elective,ZZSkillsProgramme:ZZSkillsProgramme_ID:364;ZZUnitStandard:ZZUnitStandard_id:4400
*,8475,Y,Elective,ZZSkillsProgramme:ZZSkillsProgramme_ID:364;ZZUnitStandard:ZZUnitStandard_id:4399
*,8476,Y,Elective,ZZSkillsProgramme:ZZSkillsProgramme_ID:364;ZZUnitStandard:ZZUnitStandard_id:4398
*,8477,Y,Elective,ZZSkillsProgramme:ZZSkillsProgramme_ID:325;ZZUnitStandard:ZZUnitStandard_id:4409
*,8478,Y,Elective,ZZSkillsProgramme:ZZSkillsProgramme_ID:325;ZZUnitStandard:ZZUnitStandard_id:4408
*,8479,Y,Elective,ZZSkillsProgramme:ZZSkillsProgramme_ID:325;ZZUnitStandard:ZZUnitStandard_id:4407
*,8480,Y,Elective,ZZSkillsProgramme:ZZSkillsProgramme_ID:325;ZZUnitStandard:ZZUnitStandard_id:4406
*,8481,Y,Elective,ZZSkillsProgramme:ZZSkillsProgramme_ID:325;ZZUnitStandard:ZZUnitStandard_id:4405
*,8482,Y,Elective,ZZSkillsProgramme:ZZSkillsProgramme_ID:325;ZZUnitStandard:ZZUnitStandard_id:4404
*,8483,Y,Elective,ZZSkillsProgramme:ZZSkillsProgramme_ID:325;ZZUnitStandard:ZZUnitStandard_id:4403
*,8484,Y,Elective,ZZSkillsProgramme:ZZSkillsProgramme_ID:325;ZZUnitStandard:ZZUnitStandard_id:4402
*,8485,Y,Core,ZZSkillsProgramme:ZZSkillsProgramme_ID:325;ZZUnitStandard:ZZUnitStandard_id:4401
*,8486,Y,Elective,ZZSkillsProgramme:ZZSkillsProgramme_ID:325;ZZUnitStandard:ZZUnitStandard_id:4400
*,8487,Y,Elective,ZZSkillsProgramme:ZZSkillsProgramme_ID:325;ZZUnitStandard:ZZUnitStandard_id:4399
*,8488,Y,Elective,ZZSkillsProgramme:ZZSkillsProgramme_ID:325;ZZUnitStandard:ZZUnitStandard_id:4398
*,8489,N,Core,ZZSkillsProgramme:ZZSkillsProgramme_ID:437;ZZUnitStandard:ZZUnitStandard_id:822
*,8490,N,Core,ZZSkillsProgramme:ZZSkillsProgramme_ID:437;ZZUnitStandard:ZZUnitStandard_id:355
*,8491,N,Core,ZZSkillsProgramme:ZZSkillsProgramme_ID:437;ZZUnitStandard:ZZUnitStandard_id:985
*,8492,N,Core,ZZSkillsProgramme:ZZSkillsProgramme_ID:437;ZZUnitStandard:ZZUnitStandard_id:1728
*,8493,N,Core,ZZSkillsProgramme:ZZSkillsProgramme_ID:437;ZZUnitStandard:ZZUnitStandard_id:1326
*,8494,N,Core,ZZSkillsProgramme:ZZSkillsProgramme_ID:437;ZZUnitStandard:ZZUnitStandard_id:829
*,8495,N,Fundamental,ZZSkillsProgramme:ZZSkillsProgramme_ID:437;ZZUnitStandard:ZZUnitStandard_id:1196
*,8496,N,Fundamental,ZZSkillsProgramme:ZZSkillsProgramme_ID:437;ZZUnitStandard:ZZUnitStandard_id:1165
*,8497,N,Fundamental,ZZSkillsProgramme:ZZSkillsProgramme_ID:437;ZZUnitStandard:ZZUnitStandard_id:1166
*,8498,N,Fundamental,ZZSkillsProgramme:ZZSkillsProgramme_ID:437;ZZUnitStandard:ZZUnitStandard_id:1173
*,8499,N,Fundamental,ZZSkillsProgramme:ZZSkillsProgramme_ID:437;ZZUnitStandard:ZZUnitStandard_id:1176
*,8500,N,Fundamental,ZZSkillsProgramme:ZZSkillsProgramme_ID:437;ZZUnitStandard:ZZUnitStandard_id:1188
*,8501,N,Fundamental,ZZSkillsProgramme:ZZSkillsProgramme_ID:437;ZZUnitStandard:ZZUnitStandard_id:1190
*,8502,N,Fundamental,ZZSkillsProgramme:ZZSkillsProgramme_ID:437;ZZUnitStandard:ZZUnitStandard_id:1518
*,8503,N,Core,ZZSkillsProgramme:ZZSkillsProgramme_ID:437;ZZUnitStandard:ZZUnitStandard_id:88
*,8504,Y,Core,ZZSkillsProgramme:ZZSkillsProgramme_ID:437;ZZUnitStandard:ZZUnitStandard_id:90
*,8505,N,Core,ZZSkillsProgramme:ZZSkillsProgramme_ID:437;ZZUnitStandard:ZZUnitStandard_id:91
*,8506,N,Core,ZZSkillsProgramme:ZZSkillsProgramme_ID:437;ZZUnitStandard:ZZUnitStandard_id:349
*,8507,N,Core,ZZSkillsProgramme:ZZSkillsProgramme_ID:437;ZZUnitStandard:ZZUnitStandard_id:84
*,8508,N,Core,ZZSkillsProgramme:ZZSkillsProgramme_ID:437;ZZUnitStandard:ZZUnitStandard_id:354
*,8509,N,Core,ZZSkillsProgramme:ZZSkillsProgramme_ID:437;ZZUnitStandard:ZZUnitStandard_id:89
*,8510,Y,Core,ZZSkillsProgramme:ZZSkillsProgramme_ID:437;ZZUnitStandard:ZZUnitStandard_id:2856
*,8511,Y,Core,ZZSkillsProgramme:ZZSkillsProgramme_ID:437;ZZUnitStandard:ZZUnitStandard_id:84
*,8512,Y,Core,ZZSkillsProgramme:ZZSkillsProgramme_ID:437;ZZUnitStandard:ZZUnitStandard_id:89
*,8513,N,Core,ZZSkillsProgramme:ZZSkillsProgramme_ID:326;ZZUnitStandard:ZZUnitStandard_id:4410
*,8514,N,Core,ZZSkillsProgramme:ZZSkillsProgramme_ID:326;ZZUnitStandard:ZZUnitStandard_id:4411
*,8515,N,Core,ZZSkillsProgramme:ZZSkillsProgramme_ID:326;ZZUnitStandard:ZZUnitStandard_id:4412
*,8516,N,Core,ZZSkillsProgramme:ZZSkillsProgramme_ID:326;ZZUnitStandard:ZZUnitStandard_id:4413
*,8517,Y,Elective,ZZSkillsProgramme:ZZSkillsProgramme_ID:438;ZZUnitStandard:ZZUnitStandard_id:3866
*,8518,Y,Elective,ZZSkillsProgramme:ZZSkillsProgramme_ID:438;ZZUnitStandard:ZZUnitStandard_id:2004
*,8519,Y,Elective,ZZSkillsProgramme:ZZSkillsProgramme_ID:439;ZZUnitStandard:ZZUnitStandard_id:3866
*,8520,N,Elective,ZZSkillsProgramme:ZZSkillsProgramme_ID:439;ZZUnitStandard:ZZUnitStandard_id:3939
*,8521,N,Elective,ZZSkillsProgramme:ZZSkillsProgramme_ID:439;ZZUnitStandard:ZZUnitStandard_id:3987
*,8522,Y,Elective,ZZSkillsProgramme:ZZSkillsProgramme_ID:439;ZZUnitStandard:ZZUnitStandard_id:2004
*,8523,Y,Elective,ZZSkillsProgramme:ZZSkillsProgramme_ID:441;ZZUnitStandard:ZZUnitStandard_id:3866
*,8524,Y,Elective,ZZSkillsProgramme:ZZSkillsProgramme_ID:441;ZZUnitStandard:ZZUnitStandard_id:2004
*,8525,Y,Elective,ZZSkillsProgramme:ZZSkillsProgramme_ID:442;ZZUnitStandard:ZZUnitStandard_id:3939
*,8526,Y,Elective,ZZSkillsProgramme:ZZSkillsProgramme_ID:442;ZZUnitStandard:ZZUnitStandard_id:3987
*,8527,Y,Elective,ZZSkillsProgramme:ZZSkillsProgramme_ID:442;ZZUnitStandard:ZZUnitStandard_id:3970
*,8528,N,Elective,ZZSkillsProgramme:ZZSkillsProgramme_ID:442;ZZUnitStandard:ZZUnitStandard_id:1131
*,8529,Y,Elective,ZZSkillsProgramme:ZZSkillsProgramme_ID:442;ZZUnitStandard:ZZUnitStandard_id:1133
*,8530,Y,Elective,ZZSkillsProgramme:ZZSkillsProgramme_ID:442;ZZUnitStandard:ZZUnitStandard_id:1305
*,8531,N,Elective,ZZSkillsProgramme:ZZSkillsProgramme_ID:442;ZZUnitStandard:ZZUnitStandard_id:3217
*,8532,Y,Elective,ZZSkillsProgramme:ZZSkillsProgramme_ID:442;ZZUnitStandard:ZZUnitStandard_id:1117
*,8533,Y,Elective,ZZSkillsProgramme:ZZSkillsProgramme_ID:442;ZZUnitStandard:ZZUnitStandard_id:1795
*,8534,Y,Elective,ZZSkillsProgramme:ZZSkillsProgramme_ID:442;ZZUnitStandard:ZZUnitStandard_id:2381
*,8535,Y,Core,ZZSkillsProgramme:ZZSkillsProgramme_ID:443;ZZUnitStandard:ZZUnitStandard_id:3939
*,8536,Y,Core,ZZSkillsProgramme:ZZSkillsProgramme_ID:443;ZZUnitStandard:ZZUnitStandard_id:3987
*,8537,Y,Core,ZZSkillsProgramme:ZZSkillsProgramme_ID:443;ZZUnitStandard:ZZUnitStandard_id:4061
*,8538,Y,Elective,ZZSkillsProgramme:ZZSkillsProgramme_ID:443;ZZUnitStandard:ZZUnitStandard_id:1131
*,8539,Y,Elective,ZZSkillsProgramme:ZZSkillsProgramme_ID:443;ZZUnitStandard:ZZUnitStandard_id:1133
*,8540,Y,Core,ZZSkillsProgramme:ZZSkillsProgramme_ID:444;ZZUnitStandard:ZZUnitStandard_id:3939
*,8541,Y,Core,ZZSkillsProgramme:ZZSkillsProgramme_ID:444;ZZUnitStandard:ZZUnitStandard_id:3987
*,8542,Y,Core,ZZSkillsProgramme:ZZSkillsProgramme_ID:444;ZZUnitStandard:ZZUnitStandard_id:4061
*,8543,Y,Elective,ZZSkillsProgramme:ZZSkillsProgramme_ID:444;ZZUnitStandard:ZZUnitStandard_id:1117
*,8544,Y,Elective,ZZSkillsProgramme:ZZSkillsProgramme_ID:444;ZZUnitStandard:ZZUnitStandard_id:1795
*,8545,Y,Elective,ZZSkillsProgramme:ZZSkillsProgramme_ID:444;ZZUnitStandard:ZZUnitStandard_id:1324
*,8546,Y,Elective,ZZSkillsProgramme:ZZSkillsProgramme_ID:444;ZZUnitStandard:ZZUnitStandard_id:1794
*,8547,Y,Elective,ZZSkillsProgramme:ZZSkillsProgramme_ID:328;ZZUnitStandard:ZZUnitStandard_id:4414
*,8548,Y,Core,ZZSkillsProgramme:ZZSkillsProgramme_ID:328;ZZUnitStandard:ZZUnitStandard_id:4415
*,8549,Y,Core,ZZSkillsProgramme:ZZSkillsProgramme_ID:328;ZZUnitStandard:ZZUnitStandard_id:4416
*,8550,Y,Core,ZZSkillsProgramme:ZZSkillsProgramme_ID:328;ZZUnitStandard:ZZUnitStandard_id:4417
*,8551,Y,Core,ZZSkillsProgramme:ZZSkillsProgramme_ID:328;ZZUnitStandard:ZZUnitStandard_id:4418
*,8552,Y,Core,ZZSkillsProgramme:ZZSkillsProgramme_ID:328;ZZUnitStandard:ZZUnitStandard_id:4419
*,8553,Y,Core,ZZSkillsProgramme:ZZSkillsProgramme_ID:328;ZZUnitStandard:ZZUnitStandard_id:4420
*,8554,Y,Elective,ZZSkillsProgramme:ZZSkillsProgramme_ID:328;ZZUnitStandard:ZZUnitStandard_id:4421
*,8555,Y,Core,ZZSkillsProgramme:ZZSkillsProgramme_ID:328;ZZUnitStandard:ZZUnitStandard_id:4422
*,8556,Y,Core,ZZSkillsProgramme:ZZSkillsProgramme_ID:328;ZZUnitStandard:ZZUnitStandard_id:4423
*,8557,Y,Core,ZZSkillsProgramme:ZZSkillsProgramme_ID:328;ZZUnitStandard:ZZUnitStandard_id:4424
*,8558,Y,Core,ZZSkillsProgramme:ZZSkillsProgramme_ID:328;ZZUnitStandard:ZZUnitStandard_id:4425
*,8559,Y,Core,ZZSkillsProgramme:ZZSkillsProgramme_ID:328;ZZUnitStandard:ZZUnitStandard_id:4426
*,8560,Y,Core,ZZSkillsProgramme:ZZSkillsProgramme_ID:328;ZZUnitStandard:ZZUnitStandard_id:4427
*,8561,Y,Elective,ZZSkillsProgramme:ZZSkillsProgramme_ID:328;ZZUnitStandard:ZZUnitStandard_id:4428
*,8562,Y,Elective,ZZSkillsProgramme:ZZSkillsProgramme_ID:328;ZZUnitStandard:ZZUnitStandard_id:4429
*,8563,Y,Core,ZZSkillsProgramme:ZZSkillsProgramme_ID:328;ZZUnitStandard:ZZUnitStandard_id:4430
*,8564,Y,Elective,ZZSkillsProgramme:ZZSkillsProgramme_ID:328;ZZUnitStandard:ZZUnitStandard_id:4431
*,8565,Y,Elective,ZZSkillsProgramme:ZZSkillsProgramme_ID:328;ZZUnitStandard:ZZUnitStandard_id:4432
*,8566,Y,Elective,ZZSkillsProgramme:ZZSkillsProgramme_ID:328;ZZUnitStandard:ZZUnitStandard_id:4433
*,8567,Y,Elective,ZZSkillsProgramme:ZZSkillsProgramme_ID:328;ZZUnitStandard:ZZUnitStandard_id:4434
*,8568,Y,Elective,ZZSkillsProgramme:ZZSkillsProgramme_ID:328;ZZUnitStandard:ZZUnitStandard_id:4435
*,8569,Y,Elective,ZZSkillsProgramme:ZZSkillsProgramme_ID:328;ZZUnitStandard:ZZUnitStandard_id:4436
*,8570,Y,Elective,ZZSkillsProgramme:ZZSkillsProgramme_ID:328;ZZUnitStandard:ZZUnitStandard_id:4437
*,8571,Y,Elective,ZZSkillsProgramme:ZZSkillsProgramme_ID:328;ZZUnitStandard:ZZUnitStandard_id:4438
*,8572,Y,Elective,ZZSkillsProgramme:ZZSkillsProgramme_ID:328;ZZUnitStandard:ZZUnitStandard_id:4439
*,8573,Y,Core,ZZSkillsProgramme:ZZSkillsProgramme_ID:376;ZZUnitStandard:ZZUnitStandard_id:4440
*,8574,Y,Core,ZZSkillsProgramme:ZZSkillsProgramme_ID:376;ZZUnitStandard:ZZUnitStandard_id:4441
*,8575,Y,Core,ZZSkillsProgramme:ZZSkillsProgramme_ID:376;ZZUnitStandard:ZZUnitStandard_id:4442
*,8576,Y,Elective,ZZSkillsProgramme:ZZSkillsProgramme_ID:376;ZZUnitStandard:ZZUnitStandard_id:4443
*,8577,Y,Elective,ZZSkillsProgramme:ZZSkillsProgramme_ID:376;ZZUnitStandard:ZZUnitStandard_id:4444
*,8578,Y,Core,ZZSkillsProgramme:ZZSkillsProgramme_ID:376;ZZUnitStandard:ZZUnitStandard_id:4445
*,8579,Y,Elective,ZZSkillsProgramme:ZZSkillsProgramme_ID:376;ZZUnitStandard:ZZUnitStandard_id:4446
*,8580,Y,Core,ZZSkillsProgramme:ZZSkillsProgramme_ID:376;ZZUnitStandard:ZZUnitStandard_id:4447
*,8581,Y,Elective,ZZSkillsProgramme:ZZSkillsProgramme_ID:376;ZZUnitStandard:ZZUnitStandard_id:4448
*,8582,Y,Elective,ZZSkillsProgramme:ZZSkillsProgramme_ID:376;ZZUnitStandard:ZZUnitStandard_id:4449
*,8583,Y,Core,ZZSkillsProgramme:ZZSkillsProgramme_ID:376;ZZUnitStandard:ZZUnitStandard_id:4450
*,8584,Y,Core,ZZSkillsProgramme:ZZSkillsProgramme_ID:376;ZZUnitStandard:ZZUnitStandard_id:4451
*,8585,Y,Core,ZZSkillsProgramme:ZZSkillsProgramme_ID:376;ZZUnitStandard:ZZUnitStandard_id:4452
*,8586,Y,Elective,ZZSkillsProgramme:ZZSkillsProgramme_ID:376;ZZUnitStandard:ZZUnitStandard_id:4453
*,8587,Y,Elective,ZZSkillsProgramme:ZZSkillsProgramme_ID:376;ZZUnitStandard:ZZUnitStandard_id:4454
*,8588,Y,Elective,ZZSkillsProgramme:ZZSkillsProgramme_ID:376;ZZUnitStandard:ZZUnitStandard_id:4455
*,8589,Y,Elective,ZZSkillsProgramme:ZZSkillsProgramme_ID:376;ZZUnitStandard:ZZUnitStandard_id:4456
*,8590,Y,Elective,ZZSkillsProgramme:ZZSkillsProgramme_ID:376;ZZUnitStandard:ZZUnitStandard_id:4457
*,8591,Y,Elective,ZZSkillsProgramme:ZZSkillsProgramme_ID:376;ZZUnitStandard:ZZUnitStandard_id:4458
*,8592,Y,Elective,ZZSkillsProgramme:ZZSkillsProgramme_ID:376;ZZUnitStandard:ZZUnitStandard_id:4459
*,8593,Y,Core,ZZSkillsProgramme:ZZSkillsProgramme_ID:376;ZZUnitStandard:ZZUnitStandard_id:4460
*,8594,Y,Core,ZZSkillsProgramme:ZZSkillsProgramme_ID:376;ZZUnitStandard:ZZUnitStandard_id:4461
*,8595,Y,Core,ZZSkillsProgramme:ZZSkillsProgramme_ID:376;ZZUnitStandard:ZZUnitStandard_id:4462
*,8596,Y,Core,ZZSkillsProgramme:ZZSkillsProgramme_ID:376;ZZUnitStandard:ZZUnitStandard_id:4463
*,8597,Y,Core,ZZSkillsProgramme:ZZSkillsProgramme_ID:376;ZZUnitStandard:ZZUnitStandard_id:4464
*,8598,Y,Elective,ZZSkillsProgramme:ZZSkillsProgramme_ID:376;ZZUnitStandard:ZZUnitStandard_id:4466
*,8599,Y,Elective,ZZSkillsProgramme:ZZSkillsProgramme_ID:376;ZZUnitStandard:ZZUnitStandard_id:4467
*,8600,Y,Elective,ZZSkillsProgramme:ZZSkillsProgramme_ID:376;ZZUnitStandard:ZZUnitStandard_id:4468
*,8601,Y,Elective,ZZSkillsProgramme:ZZSkillsProgramme_ID:376;ZZUnitStandard:ZZUnitStandard_id:4469
*,8602,Y,Elective,ZZSkillsProgramme:ZZSkillsProgramme_ID:376;ZZUnitStandard:ZZUnitStandard_id:4470
*,8603,Y,Elective,ZZSkillsProgramme:ZZSkillsProgramme_ID:376;ZZUnitStandard:ZZUnitStandard_id:4471
*,8604,Y,Core,ZZSkillsProgramme:ZZSkillsProgramme_ID:326;ZZUnitStandard:ZZUnitStandard_id:4126
*,8605,Y,Core,ZZSkillsProgramme:ZZSkillsProgramme_ID:326;ZZUnitStandard:ZZUnitStandard_id:4127
*,8606,Y,Core,ZZSkillsProgramme:ZZSkillsProgramme_ID:326;ZZUnitStandard:ZZUnitStandard_id:4133
*,8607,Y,Core,ZZSkillsProgramme:ZZSkillsProgramme_ID:326;ZZUnitStandard:ZZUnitStandard_id:4135
*,8608,Y,Core,ZZSkillsProgramme:ZZSkillsProgramme_ID:326;ZZUnitStandard:ZZUnitStandard_id:4136
*,8609,Y,Core,ZZSkillsProgramme:ZZSkillsProgramme_ID:326;ZZUnitStandard:ZZUnitStandard_id:4158
*,8610,Y,Core,ZZSkillsProgramme:ZZSkillsProgramme_ID:326;ZZUnitStandard:ZZUnitStandard_id:4159
*,8611,Y,Core,ZZSkillsProgramme:ZZSkillsProgramme_ID:326;ZZUnitStandard:ZZUnitStandard_id:4160
*,8612,Y,Core,ZZSkillsProgramme:ZZSkillsProgramme_ID:326;ZZUnitStandard:ZZUnitStandard_id:4161
*,8613,Y,Core,ZZSkillsProgramme:ZZSkillsProgramme_ID:326;ZZUnitStandard:ZZUnitStandard_id:4179
*,8614,Y,Core,ZZSkillsProgramme:ZZSkillsProgramme_ID:326;ZZUnitStandard:ZZUnitStandard_id:4183
*,8615,Y,Core,ZZSkillsProgramme:ZZSkillsProgramme_ID:326;ZZUnitStandard:ZZUnitStandard_id:4202
*,8616,Y,Core,ZZSkillsProgramme:ZZSkillsProgramme_ID:326;ZZUnitStandard:ZZUnitStandard_id:4203
*,8617,Y,Core,ZZSkillsProgramme:ZZSkillsProgramme_ID:326;ZZUnitStandard:ZZUnitStandard_id:4208
*,8618,Y,Core,ZZSkillsProgramme:ZZSkillsProgramme_ID:326;ZZUnitStandard:ZZUnitStandard_id:4209
*,8619,Y,Core,ZZSkillsProgramme:ZZSkillsProgramme_ID:326;ZZUnitStandard:ZZUnitStandard_id:4212
*,8620,Y,Core,ZZSkillsProgramme:ZZSkillsProgramme_ID:326;ZZUnitStandard:ZZUnitStandard_id:4221
*,8621,Y,Elective,ZZSkillsProgramme:ZZSkillsProgramme_ID:326;ZZUnitStandard:ZZUnitStandard_id:4223
*,8622,Y,Core,ZZSkillsProgramme:ZZSkillsProgramme_ID:326;ZZUnitStandard:ZZUnitStandard_id:4229
*,8623,Y,Core,ZZSkillsProgramme:ZZSkillsProgramme_ID:326;ZZUnitStandard:ZZUnitStandard_id:4236
*,8624,Y,Core,ZZSkillsProgramme:ZZSkillsProgramme_ID:326;ZZUnitStandard:ZZUnitStandard_id:4244
*,8625,Y,Core,ZZSkillsProgramme:ZZSkillsProgramme_ID:326;ZZUnitStandard:ZZUnitStandard_id:4249
*,8626,Y,Core,ZZSkillsProgramme:ZZSkillsProgramme_ID:326;ZZUnitStandard:ZZUnitStandard_id:4262
*,8627,Y,Core,ZZSkillsProgramme:ZZSkillsProgramme_ID:326;ZZUnitStandard:ZZUnitStandard_id:4265
*,8628,Y,Elective,ZZSkillsProgramme:ZZSkillsProgramme_ID:326;ZZUnitStandard:ZZUnitStandard_id:4269
*,8629,Y,Core,ZZSkillsProgramme:ZZSkillsProgramme_ID:326;ZZUnitStandard:ZZUnitStandard_id:4286
*,8630,Y,Core,ZZSkillsProgramme:ZZSkillsProgramme_ID:326;ZZUnitStandard:ZZUnitStandard_id:4294
*,8631,Y,Core,ZZSkillsProgramme:ZZSkillsProgramme_ID:326;ZZUnitStandard:ZZUnitStandard_id:4295
*,8632,Y,Core,ZZSkillsProgramme:ZZSkillsProgramme_ID:326;ZZUnitStandard:ZZUnitStandard_id:4296
*,8633,Y,Core,ZZSkillsProgramme:ZZSkillsProgramme_ID:326;ZZUnitStandard:ZZUnitStandard_id:4297
*,8634,Y,Core,ZZSkillsProgramme:ZZSkillsProgramme_ID:326;ZZUnitStandard:ZZUnitStandard_id:4300
*,8635,Y,Core,ZZSkillsProgramme:ZZSkillsProgramme_ID:326;ZZUnitStandard:ZZUnitStandard_id:4354
*,8636,Y,Core,ZZSkillsProgramme:ZZSkillsProgramme_ID:326;ZZUnitStandard:ZZUnitStandard_id:4410
*,8637,Y,Core,ZZSkillsProgramme:ZZSkillsProgramme_ID:326;ZZUnitStandard:ZZUnitStandard_id:4411
*,8638,Y,Core,ZZSkillsProgramme:ZZSkillsProgramme_ID:326;ZZUnitStandard:ZZUnitStandard_id:4412
*,8639,Y,Core,ZZSkillsProgramme:ZZSkillsProgramme_ID:326;ZZUnitStandard:ZZUnitStandard_id:4413
*,8640,Y,Elective,ZZSkillsProgramme:ZZSkillsProgramme_ID:326;ZZUnitStandard:ZZUnitStandard_id:4472
*,8641,Y,Elective,ZZSkillsProgramme:ZZSkillsProgramme_ID:326;ZZUnitStandard:ZZUnitStandard_id:4474
*,8642,Y,Elective,ZZSkillsProgramme:ZZSkillsProgramme_ID:326;ZZUnitStandard:ZZUnitStandard_id:4475
*,8643,Y,Elective,ZZSkillsProgramme:ZZSkillsProgramme_ID:326;ZZUnitStandard:ZZUnitStandard_id:4476
*,8644,Y,Elective,ZZSkillsProgramme:ZZSkillsProgramme_ID:326;ZZUnitStandard:ZZUnitStandard_id:4477
*,8645,Y,Elective,ZZSkillsProgramme:ZZSkillsProgramme_ID:326;ZZUnitStandard:ZZUnitStandard_id:4478
*,8646,Y,Elective,ZZSkillsProgramme:ZZSkillsProgramme_ID:326;ZZUnitStandard:ZZUnitStandard_id:4479
*,8647,Y,Elective,ZZSkillsProgramme:ZZSkillsProgramme_ID:326;ZZUnitStandard:ZZUnitStandard_id:4480
*,8648,Y,Elective,ZZSkillsProgramme:ZZSkillsProgramme_ID:326;ZZUnitStandard:ZZUnitStandard_id:4481
*,8649,Y,Elective,ZZSkillsProgramme:ZZSkillsProgramme_ID:326;ZZUnitStandard:ZZUnitStandard_id:4482
*,8650,Y,Elective,ZZSkillsProgramme:ZZSkillsProgramme_ID:326;ZZUnitStandard:ZZUnitStandard_id:4483
*,8651,Y,Elective,ZZSkillsProgramme:ZZSkillsProgramme_ID:326;ZZUnitStandard:ZZUnitStandard_id:4484
*,8652,Y,Elective,ZZSkillsProgramme:ZZSkillsProgramme_ID:326;ZZUnitStandard:ZZUnitStandard_id:4485
*,8653,Y,Core,ZZSkillsProgramme:ZZSkillsProgramme_ID:330;ZZUnitStandard:ZZUnitStandard_id:4125
*,8654,Y,Core,ZZSkillsProgramme:ZZSkillsProgramme_ID:330;ZZUnitStandard:ZZUnitStandard_id:4183
*,8655,Y,Core,ZZSkillsProgramme:ZZSkillsProgramme_ID:330;ZZUnitStandard:ZZUnitStandard_id:4203
*,8656,Y,Core,ZZSkillsProgramme:ZZSkillsProgramme_ID:330;ZZUnitStandard:ZZUnitStandard_id:4226
*,8657,Y,Core,ZZSkillsProgramme:ZZSkillsProgramme_ID:330;ZZUnitStandard:ZZUnitStandard_id:4228
*,8658,Y,Core,ZZSkillsProgramme:ZZSkillsProgramme_ID:330;ZZUnitStandard:ZZUnitStandard_id:4240
*,8659,Y,Core,ZZSkillsProgramme:ZZSkillsProgramme_ID:330;ZZUnitStandard:ZZUnitStandard_id:4256
*,8660,Y,Core,ZZSkillsProgramme:ZZSkillsProgramme_ID:330;ZZUnitStandard:ZZUnitStandard_id:4286
*,8661,Y,Core,ZZSkillsProgramme:ZZSkillsProgramme_ID:330;ZZUnitStandard:ZZUnitStandard_id:4351
*,8662,Y,Core,ZZSkillsProgramme:ZZSkillsProgramme_ID:330;ZZUnitStandard:ZZUnitStandard_id:4352
*,8663,Y,Core,ZZSkillsProgramme:ZZSkillsProgramme_ID:330;ZZUnitStandard:ZZUnitStandard_id:4354
*,8664,Y,Core,ZZSkillsProgramme:ZZSkillsProgramme_ID:330;ZZUnitStandard:ZZUnitStandard_id:4440
*,8665,Y,Core,ZZSkillsProgramme:ZZSkillsProgramme_ID:330;ZZUnitStandard:ZZUnitStandard_id:4441
*,8666,Y,Core,ZZSkillsProgramme:ZZSkillsProgramme_ID:330;ZZUnitStandard:ZZUnitStandard_id:4442
*,8667,Y,Elective,ZZSkillsProgramme:ZZSkillsProgramme_ID:330;ZZUnitStandard:ZZUnitStandard_id:4443
*,8668,Y,Elective,ZZSkillsProgramme:ZZSkillsProgramme_ID:330;ZZUnitStandard:ZZUnitStandard_id:4444
*,8669,Y,Core,ZZSkillsProgramme:ZZSkillsProgramme_ID:330;ZZUnitStandard:ZZUnitStandard_id:4445
*,8670,Y,Elective,ZZSkillsProgramme:ZZSkillsProgramme_ID:330;ZZUnitStandard:ZZUnitStandard_id:4446
*,8671,Y,Core,ZZSkillsProgramme:ZZSkillsProgramme_ID:330;ZZUnitStandard:ZZUnitStandard_id:4447
*,8672,Y,Elective,ZZSkillsProgramme:ZZSkillsProgramme_ID:330;ZZUnitStandard:ZZUnitStandard_id:4448
*,8673,Y,Elective,ZZSkillsProgramme:ZZSkillsProgramme_ID:330;ZZUnitStandard:ZZUnitStandard_id:4449
*,8674,Y,Core,ZZSkillsProgramme:ZZSkillsProgramme_ID:330;ZZUnitStandard:ZZUnitStandard_id:4450
*,8675,Y,Core,ZZSkillsProgramme:ZZSkillsProgramme_ID:330;ZZUnitStandard:ZZUnitStandard_id:4451
*,8676,Y,Core,ZZSkillsProgramme:ZZSkillsProgramme_ID:330;ZZUnitStandard:ZZUnitStandard_id:4452
*,8677,Y,Elective,ZZSkillsProgramme:ZZSkillsProgramme_ID:330;ZZUnitStandard:ZZUnitStandard_id:4453
*,8678,Y,Elective,ZZSkillsProgramme:ZZSkillsProgramme_ID:330;ZZUnitStandard:ZZUnitStandard_id:4454
*,8679,Y,Elective,ZZSkillsProgramme:ZZSkillsProgramme_ID:330;ZZUnitStandard:ZZUnitStandard_id:4455
*,8680,Y,Elective,ZZSkillsProgramme:ZZSkillsProgramme_ID:330;ZZUnitStandard:ZZUnitStandard_id:4456
*,8681,Y,Elective,ZZSkillsProgramme:ZZSkillsProgramme_ID:330;ZZUnitStandard:ZZUnitStandard_id:4458
*,8682,Y,Elective,ZZSkillsProgramme:ZZSkillsProgramme_ID:330;ZZUnitStandard:ZZUnitStandard_id:4459
*,8683,Y,Core,ZZSkillsProgramme:ZZSkillsProgramme_ID:330;ZZUnitStandard:ZZUnitStandard_id:4460
*,8684,Y,Core,ZZSkillsProgramme:ZZSkillsProgramme_ID:330;ZZUnitStandard:ZZUnitStandard_id:4462
*,8685,Y,Core,ZZSkillsProgramme:ZZSkillsProgramme_ID:330;ZZUnitStandard:ZZUnitStandard_id:4464
*,8686,Y,Core,ZZSkillsProgramme:ZZSkillsProgramme_ID:330;ZZUnitStandard:ZZUnitStandard_id:4473
*,8687,Y,Core,ZZSkillsProgramme:ZZSkillsProgramme_ID:330;ZZUnitStandard:ZZUnitStandard_id:4486
*,8688,Y,Core,ZZSkillsProgramme:ZZSkillsProgramme_ID:330;ZZUnitStandard:ZZUnitStandard_id:4487
*,8689,Y,Core,ZZSkillsProgramme:ZZSkillsProgramme_ID:460;ZZUnitStandard:ZZUnitStandard_id:3939
*,8690,Y,Core,ZZSkillsProgramme:ZZSkillsProgramme_ID:460;ZZUnitStandard:ZZUnitStandard_id:4062
*,8691,Y,Elective,ZZSkillsProgramme:ZZSkillsProgramme_ID:460;ZZUnitStandard:ZZUnitStandard_id:4488
*,8692,Y,Elective,ZZSkillsProgramme:ZZSkillsProgramme_ID:460;ZZUnitStandard:ZZUnitStandard_id:3987
*,8693,Y,Core,ZZSkillsProgramme:ZZSkillsProgramme_ID:460;ZZUnitStandard:ZZUnitStandard_id:4489
*,8694,Y,Core,ZZSkillsProgramme:ZZSkillsProgramme_ID:461;ZZUnitStandard:ZZUnitStandard_id:2536
*,8695,Y,Core,ZZSkillsProgramme:ZZSkillsProgramme_ID:461;ZZUnitStandard:ZZUnitStandard_id:2537
*,8696,Y,Core,ZZSkillsProgramme:ZZSkillsProgramme_ID:461;ZZUnitStandard:ZZUnitStandard_id:3354
*,8697,Y,Elective,ZZSkillsProgramme:ZZSkillsProgramme_ID:461;ZZUnitStandard:ZZUnitStandard_id:1234
*,8698,Y,Elective,ZZSkillsProgramme:ZZSkillsProgramme_ID:461;ZZUnitStandard:ZZUnitStandard_id:2534
*,8699,Y,Elective,ZZSkillsProgramme:ZZSkillsProgramme_ID:461;ZZUnitStandard:ZZUnitStandard_id:2544
*,8700,Y,Elective,ZZSkillsProgramme:ZZSkillsProgramme_ID:461;ZZUnitStandard:ZZUnitStandard_id:2551
*,8701,Y,Elective,ZZSkillsProgramme:ZZSkillsProgramme_ID:461;ZZUnitStandard:ZZUnitStandard_id:3368
*,8702,Y,Elective,ZZSkillsProgramme:ZZSkillsProgramme_ID:461;ZZUnitStandard:ZZUnitStandard_id:375
*,8703,Y,Elective,ZZSkillsProgramme:ZZSkillsProgramme_ID:461;ZZUnitStandard:ZZUnitStandard_id:376
*,8704,Y,Elective,ZZSkillsProgramme:ZZSkillsProgramme_ID:461;ZZUnitStandard:ZZUnitStandard_id:3369
*,8705,Y,Elective,ZZSkillsProgramme:ZZSkillsProgramme_ID:461;ZZUnitStandard:ZZUnitStandard_id:2634
*,8706,Y,Elective,ZZSkillsProgramme:ZZSkillsProgramme_ID:461;ZZUnitStandard:ZZUnitStandard_id:394
*,8707,Y,Elective,ZZSkillsProgramme:ZZSkillsProgramme_ID:461;ZZUnitStandard:ZZUnitStandard_id:1049
*,8708,Y,Elective,ZZSkillsProgramme:ZZSkillsProgramme_ID:461;ZZUnitStandard:ZZUnitStandard_id:2360
*,8709,Y,Elective,ZZSkillsProgramme:ZZSkillsProgramme_ID:461;ZZUnitStandard:ZZUnitStandard_id:2542
*,8710,Y,Elective,ZZSkillsProgramme:ZZSkillsProgramme_ID:461;ZZUnitStandard:ZZUnitStandard_id:3382
*,8711,Y,Elective,ZZSkillsProgramme:ZZSkillsProgramme_ID:461;ZZUnitStandard:ZZUnitStandard_id:527
*,8712,Y,Elective,ZZSkillsProgramme:ZZSkillsProgramme_ID:461;ZZUnitStandard:ZZUnitStandard_id:1034
*,8713,Y,Elective,ZZSkillsProgramme:ZZSkillsProgramme_ID:461;ZZUnitStandard:ZZUnitStandard_id:530
*,8714,Y,Elective,ZZSkillsProgramme:ZZSkillsProgramme_ID:461;ZZUnitStandard:ZZUnitStandard_id:2552
*,8715,Y,Elective,ZZSkillsProgramme:ZZSkillsProgramme_ID:461;ZZUnitStandard:ZZUnitStandard_id:2633
*,8716,Y,Elective,ZZSkillsProgramme:ZZSkillsProgramme_ID:461;ZZUnitStandard:ZZUnitStandard_id:2546
*,8717,Y,Elective,ZZSkillsProgramme:ZZSkillsProgramme_ID:461;ZZUnitStandard:ZZUnitStandard_id:2365
